
============================================================
     LF WORKER - PORT 9227
============================================================
Worker: Worker_9227
Status: READY
Waiting for tasks...
============================================================


============================================================
[Worker_9227] Processing: MED-HBE
  Tier 0: Range 4, Chunk 1/3
  Dates: 9 days
  Date Range: 2026-04-27 to 2026-04-19
============================================================

2026-01-17 23:33:13 | INFO     | ======================================================================
2026-01-17 23:33:13 | INFO     | Load Factor Scraper Started - Route: MED-HBE
2026-01-17 23:33:13 | INFO     | Log file: D:\CODERED\LAB\Artifacts\outputs\run_generated_170126_at_23.33_RETRY\logs\LF_MED-HBE_20260117_233313.log
2026-01-17 23:33:13 | INFO     | Enhanced logging: Capturing both logging.info() and print()
2026-01-17 23:33:13 | INFO     | ======================================================================
[LF] Processing dates (override): ['27APR', '26APR', '25APR', '24APR', '23APR', '22APR', '21APR', '20APR', '19APR']
[LF] Attaching to Chrome for Altea access
[LF][[OK] SUCCESS] Connected to Chrome on 127.0.0.1:9227 (after 1 attempts)
[LF][[OK] SUCCESS] Found Amadeus Altea window: Altéa Reservation Desktop
[LF][[INFO] INFO] URL: https://tc212.resdesktop.altea.amadeus.com/app_ard/apf/init/login?SITE=ESMPESMP&LANGUAGE=GB&MARKETS=ARDW_PROD_WBP&ACTION=clpLogin
[LF] Processing MED-HBE for 27APR
[LF][ERROR] Amadeus command error detected: UNKNOWN TRANSACTION
[LF][ERROR] Command: SN27APRMEDHBE/ASM
[LF][RESYNC] Triggering immediate resync to last successful SN command
============================================================
[LF][RESYNC] Command 'SN27APRMEDHBE/ASM' failed: TECH_ERROR:UNKNOWN TRANSACTION
[LF][RESYNC] Re-running entire day from SN command for MED-HBE 27APR
[LF][RESYNC] Attempt 1/50 (waiting 1.0s before retry...)
============================================================
[LF][RESYNC] Sending IG to clear session state...
[LF][RESYNC] Session cleared with IG
[LF] Processing MED-HBE for 27APR
[LF] No direct flights on 27APR for MED-HBE
[LF] Processing MED-HBE for 26APR
[LF] 26APR: found 1 direct flights
[LF] SM486 26APR: BKG=0, GRP=0, CAP=175, LF%=0.0%, Brd-Off=MED-HBE
[LF] Processing MED-HBE for 25APR
[LF] No direct flights on 25APR for MED-HBE
[LF] Processing MED-HBE for 24APR
[LF] No direct flights on 24APR for MED-HBE
[LF] Processing MED-HBE for 23APR
[LF] 23APR: found 1 direct flights
[LF] SM486 23APR: BKG=8, GRP=0, CAP=175, LF%=4.6%, Brd-Off=MED-HBE, Classes: I:8
[LF] Getting WEEKLY/LASTSOLD data for 1 flights
[LF] SM486 23APR: LASTSOLD=2026-01-07 00:00:00, WEEKLY=0, TODAY=0, YDAY=0
[LF] Processing MED-HBE for 22APR
[LF] No direct flights on 22APR for MED-HBE
[LF] Processing MED-HBE for 21APR
[LF] No direct flights on 21APR for MED-HBE
[LF] Processing MED-HBE for 20APR
[LF] No direct flights on 20APR for MED-HBE
[LF] Processing MED-HBE for 19APR
[LF] 19APR: found 1 direct flights
[LF] SM486 19APR: BKG=0, GRP=0, CAP=175, LF%=0.0%, Brd-Off=MED-HBE
[LF] Results summary:
  2026-04-27: 0 flights
  2026-04-26: 1 flights
  2026-04-25: 0 flights
  2026-04-24: 0 flights
  2026-04-23: 1 flights
  2026-04-22: 0 flights
  2026-04-21: 0 flights
  2026-04-20: 0 flights
  2026-04-19: 1 flights

============================================================
[Worker_9227] ✓ COMPLETED: MED-HBE
  Results: 9 dates
  Errors: 0 dates
  Total Processed: 1 groups
============================================================


============================================================
[Worker_9227] Processing: TUU-CAI
  Tier 0: Range 4, Chunk 1/3
  Dates: 9 days
  Date Range: 2026-04-27 to 2026-04-19
============================================================

2026-01-17 23:33:42 | INFO     | ======================================================================
2026-01-17 23:33:42 | INFO     | Load Factor Scraper Started - Route: TUU-CAI
2026-01-17 23:33:42 | INFO     | Log file: D:\CODERED\LAB\Artifacts\outputs\run_generated_170126_at_23.33_RETRY\logs\LF_TUU-CAI_20260117_233342.log
2026-01-17 23:33:42 | INFO     | Enhanced logging: Capturing both logging.info() and print()
2026-01-17 23:33:42 | INFO     | ======================================================================
[LF] Processing dates (override): ['27APR', '26APR', '25APR', '24APR', '23APR', '22APR', '21APR', '20APR', '19APR']
[LF] Attaching to Chrome for Altea access
2026-01-17 23:33:42 | INFO     | Starting LF search for route: TUU-CAI
2026-01-17 23:33:42 | INFO     | [START] LF Search
[LF][[OK] SUCCESS] Connected to Chrome on 127.0.0.1:9227 (after 1 attempts)
2026-01-17 23:33:43 | INFO     | [HEALTH CHECK] [OK] Chrome connection is healthy
[LF][[OK] SUCCESS] Found Amadeus Altea window: Altéa Reservation Desktop
[LF][[INFO] INFO] URL: https://tc212.resdesktop.altea.amadeus.com/app_ard/apf/init/login?SITE=ESMPESMP&LANGUAGE=GB&MARKETS=ARDW_PROD_WBP&ACTION=clpLogin
2026-01-17 23:33:43 | INFO     | [DAY_START] Processing 27APR
[LF] Processing TUU-CAI for 27APR
2026-01-17 23:33:43 | INFO     | [lf.day.start] Processing TUU-CAI for 27APR
[LF] No direct flights on 27APR for TUU-CAI
2026-01-17 23:33:44 | WARNING  | [lf.day.no_flights] No direct flights on 27APR
2026-01-17 23:33:44 | INFO     | [SUCCESS] Day 27APR
2026-01-17 23:33:44 | INFO     | [DAY_START] Processing 26APR
[LF] Processing TUU-CAI for 26APR
2026-01-17 23:33:44 | INFO     | [lf.day.start] Processing TUU-CAI for 26APR
[LF] No direct flights on 26APR for TUU-CAI
2026-01-17 23:33:45 | WARNING  | [lf.day.no_flights] No direct flights on 26APR
2026-01-17 23:33:45 | INFO     | [SUCCESS] Day 26APR
2026-01-17 23:33:45 | INFO     | [DAY_START] Processing 25APR
[LF] Processing TUU-CAI for 25APR
2026-01-17 23:33:45 | INFO     | [lf.day.start] Processing TUU-CAI for 25APR
[LF] 25APR: found 1 direct flights
2026-01-17 23:33:46 | INFO     | [lf.day.flights_found] Found 1 flights on 25APR
2026-01-17 23:33:48 | INFO     | [lf.flight.extracted] SM326 on 25APR: BKG=0, LF=0.0%
[LF] SM326 25APR: BKG=0, GRP=0, CAP=175, LF%=0.0%, Brd-Off=TUU-CAI
2026-01-17 23:33:49 | INFO     | [SUCCESS] Day 25APR
2026-01-17 23:33:49 | INFO     | [DAY_START] Processing 24APR
[LF] Processing TUU-CAI for 24APR
2026-01-17 23:33:49 | INFO     | [lf.day.start] Processing TUU-CAI for 24APR
[LF] 24APR: found 1 direct flights
2026-01-17 23:33:50 | INFO     | [lf.day.flights_found] Found 1 flights on 24APR
2026-01-17 23:33:52 | INFO     | [lf.flight.extracted] SM326 on 24APR: BKG=0, LF=0.0%
[LF] SM326 24APR: BKG=0, GRP=0, CAP=175, LF%=0.0%, Brd-Off=TUU-CAI
2026-01-17 23:33:53 | INFO     | [SUCCESS] Day 24APR
2026-01-17 23:33:53 | INFO     | [DAY_START] Processing 23APR
[LF] Processing TUU-CAI for 23APR
2026-01-17 23:33:53 | INFO     | [lf.day.start] Processing TUU-CAI for 23APR
[LF] 23APR: found 1 direct flights
2026-01-17 23:33:54 | INFO     | [lf.day.flights_found] Found 1 flights on 23APR
2026-01-17 23:33:56 | INFO     | [lf.flight.extracted] SM326 on 23APR: BKG=1, LF=0.6%
[LF] SM326 23APR: BKG=1, GRP=0, CAP=175, LF%=0.6%, Brd-Off=TUU-CAI, Classes: I:1
[LF] Getting WEEKLY/LASTSOLD data for 1 flights
[LF] SM326 23APR: LASTSOLD=2026-01-13 00:00:00, WEEKLY=1, TODAY=0, YDAY=0
2026-01-17 23:33:59 | INFO     | [SUCCESS] Day 23APR
2026-01-17 23:33:59 | INFO     | [DAY_START] Processing 22APR
[LF] Processing TUU-CAI for 22APR
2026-01-17 23:33:59 | INFO     | [lf.day.start] Processing TUU-CAI for 22APR
[LF] No direct flights on 22APR for TUU-CAI
2026-01-17 23:34:00 | WARNING  | [lf.day.no_flights] No direct flights on 22APR
2026-01-17 23:34:00 | INFO     | [SUCCESS] Day 22APR
2026-01-17 23:34:00 | INFO     | [DAY_START] Processing 21APR
[LF] Processing TUU-CAI for 21APR
2026-01-17 23:34:00 | INFO     | [lf.day.start] Processing TUU-CAI for 21APR
[LF] 21APR: found 1 direct flights
2026-01-17 23:34:01 | INFO     | [lf.day.flights_found] Found 1 flights on 21APR
2026-01-17 23:34:03 | INFO     | [lf.flight.extracted] SM326 on 21APR: BKG=0, LF=0.0%
[LF] SM326 21APR: BKG=0, GRP=0, CAP=175, LF%=0.0%, Brd-Off=TUU-CAI
2026-01-17 23:34:05 | INFO     | [SUCCESS] Day 21APR
2026-01-17 23:34:05 | INFO     | [DAY_START] Processing 20APR
[LF] Processing TUU-CAI for 20APR
2026-01-17 23:34:05 | INFO     | [lf.day.start] Processing TUU-CAI for 20APR
[LF] No direct flights on 20APR for TUU-CAI
2026-01-17 23:34:06 | WARNING  | [lf.day.no_flights] No direct flights on 20APR
2026-01-17 23:34:06 | INFO     | [SUCCESS] Day 20APR
2026-01-17 23:34:06 | INFO     | [DAY_START] Processing 19APR
[LF] Processing TUU-CAI for 19APR
2026-01-17 23:34:06 | INFO     | [lf.day.start] Processing TUU-CAI for 19APR
[LF] No direct flights on 19APR for TUU-CAI
2026-01-17 23:34:07 | WARNING  | [lf.day.no_flights] No direct flights on 19APR
2026-01-17 23:34:07 | INFO     | [SUCCESS] Day 19APR
[LF] Results summary:
  2026-04-27: 0 flights
  2026-04-26: 0 flights
  2026-04-25: 1 flights
  2026-04-24: 1 flights
  2026-04-23: 1 flights
  2026-04-22: 0 flights
  2026-04-21: 1 flights
  2026-04-20: 0 flights
  2026-04-19: 0 flights
2026-01-17 23:34:07 | INFO     | [SUCCESS] LF Search Complete

============================================================
[Worker_9227] ✓ COMPLETED: TUU-CAI
  Results: 9 dates
  Errors: 0 dates
  Total Processed: 2 groups
============================================================

2026-01-17 23:34:07 | INFO     | [Worker_9227] Completed: TUU-CAI - 9 results, 0 errors

============================================================
[Worker_9227] Processing: GIZ-CAI
  Tier 0: Range 4, Chunk 1/3
  Dates: 9 days
  Date Range: 2026-04-27 to 2026-04-19
============================================================

2026-01-17 23:34:07 | INFO     | [Worker_9227] Processing: GIZ-CAI
2026-01-17 23:34:07 | INFO     |   Tier 0: Range 4, Chunk 1/3 (9 days)
2026-01-17 23:34:07 | INFO     | ======================================================================
2026-01-17 23:34:07 | INFO     | Load Factor Scraper Started - Route: GIZ-CAI
2026-01-17 23:34:07 | INFO     | Log file: D:\CODERED\LAB\Artifacts\outputs\run_generated_170126_at_23.33_RETRY\logs\LF_GIZ-CAI_20260117_233407.log
2026-01-17 23:34:07 | INFO     | Enhanced logging: Capturing both logging.info() and print()
2026-01-17 23:34:07 | INFO     | ======================================================================
[LF] Processing dates (override): ['27APR', '26APR', '25APR', '24APR', '23APR', '22APR', '21APR', '20APR', '19APR']
[LF] Attaching to Chrome for Altea access
2026-01-17 23:34:07 | INFO     | Starting LF search for route: GIZ-CAI
2026-01-17 23:34:07 | INFO     | [START] LF Search
[LF][[OK] SUCCESS] Connected to Chrome on 127.0.0.1:9227 (after 1 attempts)
2026-01-17 23:34:08 | INFO     | [HEALTH CHECK] [OK] Chrome connection is healthy
[LF][[OK] SUCCESS] Found Amadeus Altea window: Altéa Reservation Desktop
[LF][[INFO] INFO] URL: https://tc212.resdesktop.altea.amadeus.com/app_ard/apf/init/login?SITE=ESMPESMP&LANGUAGE=GB&MARKETS=ARDW_PROD_WBP&ACTION=clpLogin
2026-01-17 23:34:08 | INFO     | [DAY_START] Processing 27APR
[LF] Processing GIZ-CAI for 27APR
2026-01-17 23:34:08 | INFO     | [lf.day.start] Processing GIZ-CAI for 27APR
[LF] No direct flights on 27APR for GIZ-CAI
2026-01-17 23:34:09 | WARNING  | [lf.day.no_flights] No direct flights on 27APR
2026-01-17 23:34:09 | INFO     | [SUCCESS] Day 27APR
2026-01-17 23:34:09 | INFO     | [DAY_START] Processing 26APR
[LF] Processing GIZ-CAI for 26APR
2026-01-17 23:34:09 | INFO     | [lf.day.start] Processing GIZ-CAI for 26APR
[LF] 26APR: found 1 direct flights
2026-01-17 23:34:10 | INFO     | [lf.day.flights_found] Found 1 flights on 26APR
2026-01-17 23:34:12 | INFO     | [lf.flight.extracted] SM330 on 26APR: BKG=0, LF=0.0%
[LF] SM330 26APR: BKG=0, GRP=0, CAP=175, LF%=0.0%, Brd-Off=GIZ-CAI
2026-01-17 23:34:13 | INFO     | [SUCCESS] Day 26APR
2026-01-17 23:34:13 | INFO     | [DAY_START] Processing 25APR
[LF] Processing GIZ-CAI for 25APR
2026-01-17 23:34:13 | INFO     | [lf.day.start] Processing GIZ-CAI for 25APR
[LF] No direct flights on 25APR for GIZ-CAI
2026-01-17 23:34:14 | WARNING  | [lf.day.no_flights] No direct flights on 25APR
2026-01-17 23:34:15 | INFO     | [SUCCESS] Day 25APR
2026-01-17 23:34:15 | INFO     | [DAY_START] Processing 24APR
[LF] Processing GIZ-CAI for 24APR
2026-01-17 23:34:15 | INFO     | [lf.day.start] Processing GIZ-CAI for 24APR
[LF] 24APR: found 1 direct flights
2026-01-17 23:34:16 | INFO     | [lf.day.flights_found] Found 1 flights on 24APR
2026-01-17 23:34:18 | INFO     | [lf.flight.extracted] SM330 on 24APR: BKG=3, LF=1.7%
[LF] SM330 24APR: BKG=3, GRP=0, CAP=175, LF%=1.7%, Brd-Off=GIZ-CAI, Classes: I:3
[LF] Getting WEEKLY/LASTSOLD data for 1 flights
[LF] SM330 24APR: LASTSOLD=2025-12-29 00:00:00, WEEKLY=0, TODAY=0, YDAY=0
2026-01-17 23:34:20 | INFO     | [SUCCESS] Day 24APR
2026-01-17 23:34:20 | INFO     | [DAY_START] Processing 23APR
[LF] Processing GIZ-CAI for 23APR
2026-01-17 23:34:20 | INFO     | [lf.day.start] Processing GIZ-CAI for 23APR
[LF] 23APR: found 1 direct flights
2026-01-17 23:34:22 | INFO     | [lf.day.flights_found] Found 1 flights on 23APR
2026-01-17 23:34:24 | INFO     | [lf.flight.extracted] SM330 on 23APR: BKG=0, LF=0.0%
[LF] SM330 23APR: BKG=0, GRP=0, CAP=175, LF%=0.0%, Brd-Off=GIZ-CAI
2026-01-17 23:34:25 | INFO     | [SUCCESS] Day 23APR
2026-01-17 23:34:25 | INFO     | [DAY_START] Processing 22APR
[LF] Processing GIZ-CAI for 22APR
2026-01-17 23:34:25 | INFO     | [lf.day.start] Processing GIZ-CAI for 22APR
[LF] No direct flights on 22APR for GIZ-CAI
2026-01-17 23:34:26 | WARNING  | [lf.day.no_flights] No direct flights on 22APR
2026-01-17 23:34:26 | INFO     | [SUCCESS] Day 22APR
2026-01-17 23:34:26 | INFO     | [DAY_START] Processing 21APR
[LF] Processing GIZ-CAI for 21APR
2026-01-17 23:34:26 | INFO     | [lf.day.start] Processing GIZ-CAI for 21APR
[LF] No direct flights on 21APR for GIZ-CAI
2026-01-17 23:34:27 | WARNING  | [lf.day.no_flights] No direct flights on 21APR
2026-01-17 23:34:27 | INFO     | [SUCCESS] Day 21APR
2026-01-17 23:34:27 | INFO     | [DAY_START] Processing 20APR
[LF] Processing GIZ-CAI for 20APR
2026-01-17 23:34:27 | INFO     | [lf.day.start] Processing GIZ-CAI for 20APR
[LF] No direct flights on 20APR for GIZ-CAI
2026-01-17 23:34:28 | WARNING  | [lf.day.no_flights] No direct flights on 20APR
2026-01-17 23:34:28 | INFO     | [SUCCESS] Day 20APR
2026-01-17 23:34:28 | INFO     | [DAY_START] Processing 19APR
[LF] Processing GIZ-CAI for 19APR
2026-01-17 23:34:28 | INFO     | [lf.day.start] Processing GIZ-CAI for 19APR
[LF] 19APR: found 1 direct flights
2026-01-17 23:34:29 | INFO     | [lf.day.flights_found] Found 1 flights on 19APR
2026-01-17 23:34:31 | INFO     | [lf.flight.extracted] SM330 on 19APR: BKG=4, LF=2.3%
[LF] SM330 19APR: BKG=4, GRP=0, CAP=175, LF%=2.3%, Brd-Off=GIZ-CAI, Classes: I:4
[LF] Getting WEEKLY/LASTSOLD data for 1 flights
[LF] SM330 19APR: LASTSOLD=2026-01-11 00:00:00, WEEKLY=4, TODAY=0, YDAY=0
2026-01-17 23:34:34 | ERROR    | Atomic write failed for D:\CODERED\LAB\Artifacts\outputs\run_generated_170126_at_23.33_RETRY\checkpoints\flight_booking_data.json: [WinError 5] Access is denied: 'D:\\CODERED\\LAB\\Artifacts\\outputs\\run_generated_170126_at_23.33_RETRY\\checkpoints\\flight_booking_data.tmp_2a191278' -> 'D:\\CODERED\\LAB\\Artifacts\\outputs\\run_generated_170126_at_23.33_RETRY\\checkpoints\\flight_booking_data.json'
2026-01-17 23:34:34 | INFO     | [SUCCESS] Day 19APR
[LF] Results summary:
  2026-04-27: 0 flights
  2026-04-26: 1 flights
  2026-04-25: 0 flights
  2026-04-24: 1 flights
  2026-04-23: 1 flights
  2026-04-22: 0 flights
  2026-04-21: 0 flights
  2026-04-20: 0 flights
  2026-04-19: 1 flights
2026-01-17 23:34:34 | INFO     | [SUCCESS] LF Search Complete

============================================================
[Worker_9227] ✓ COMPLETED: GIZ-CAI
  Results: 9 dates
  Errors: 0 dates
  Total Processed: 3 groups
============================================================

2026-01-17 23:34:34 | INFO     | [Worker_9227] Completed: GIZ-CAI - 9 results, 0 errors

============================================================
[Worker_9227] Processing: ASW-JED
  Tier 0: Range 4, Chunk 1/3
  Dates: 9 days
  Date Range: 2026-04-27 to 2026-04-19
============================================================

2026-01-17 23:34:34 | INFO     | [Worker_9227] Processing: ASW-JED
2026-01-17 23:34:34 | INFO     |   Tier 0: Range 4, Chunk 1/3 (9 days)
2026-01-17 23:34:34 | INFO     | ======================================================================
2026-01-17 23:34:34 | INFO     | Load Factor Scraper Started - Route: ASW-JED
2026-01-17 23:34:34 | INFO     | Log file: D:\CODERED\LAB\Artifacts\outputs\run_generated_170126_at_23.33_RETRY\logs\LF_ASW-JED_20260117_233434.log
2026-01-17 23:34:34 | INFO     | Enhanced logging: Capturing both logging.info() and print()
2026-01-17 23:34:34 | INFO     | ======================================================================
[LF] Processing dates (override): ['27APR', '26APR', '25APR', '24APR', '23APR', '22APR', '21APR', '20APR', '19APR']
[LF] Attaching to Chrome for Altea access
2026-01-17 23:34:34 | INFO     | Starting LF search for route: ASW-JED
2026-01-17 23:34:34 | INFO     | [START] LF Search
[LF][[OK] SUCCESS] Connected to Chrome on 127.0.0.1:9227 (after 1 attempts)
2026-01-17 23:34:34 | INFO     | [HEALTH CHECK] [OK] Chrome connection is healthy
[LF][[OK] SUCCESS] Found Amadeus Altea window: Altéa Reservation Desktop
[LF][[INFO] INFO] URL: https://tc212.resdesktop.altea.amadeus.com/app_ard/apf/init/login?SITE=ESMPESMP&LANGUAGE=GB&MARKETS=ARDW_PROD_WBP&ACTION=clpLogin
2026-01-17 23:34:34 | INFO     | [DAY_START] Processing 27APR
[LF] Processing ASW-JED for 27APR
2026-01-17 23:34:34 | INFO     | [lf.day.start] Processing ASW-JED for 27APR
[LF] No direct flights on 27APR for ASW-JED
2026-01-17 23:34:35 | WARNING  | [lf.day.no_flights] No direct flights on 27APR
2026-01-17 23:34:36 | INFO     | [SUCCESS] Day 27APR
2026-01-17 23:34:36 | INFO     | [DAY_START] Processing 26APR
[LF] Processing ASW-JED for 26APR
2026-01-17 23:34:36 | INFO     | [lf.day.start] Processing ASW-JED for 26APR
[LF] No direct flights on 26APR for ASW-JED
2026-01-17 23:34:36 | WARNING  | [lf.day.no_flights] No direct flights on 26APR
2026-01-17 23:34:37 | INFO     | [SUCCESS] Day 26APR
2026-01-17 23:34:37 | INFO     | [DAY_START] Processing 25APR
[LF] Processing ASW-JED for 25APR
2026-01-17 23:34:37 | INFO     | [lf.day.start] Processing ASW-JED for 25APR
[LF] No direct flights on 25APR for ASW-JED
2026-01-17 23:34:38 | WARNING  | [lf.day.no_flights] No direct flights on 25APR
2026-01-17 23:34:38 | INFO     | [SUCCESS] Day 25APR
2026-01-17 23:34:38 | INFO     | [DAY_START] Processing 24APR
[LF] Processing ASW-JED for 24APR
2026-01-17 23:34:38 | INFO     | [lf.day.start] Processing ASW-JED for 24APR
[LF] No direct flights on 24APR for ASW-JED
2026-01-17 23:34:39 | WARNING  | [lf.day.no_flights] No direct flights on 24APR
2026-01-17 23:34:39 | INFO     | [SUCCESS] Day 24APR
2026-01-17 23:34:39 | INFO     | [DAY_START] Processing 23APR
[LF] Processing ASW-JED for 23APR
2026-01-17 23:34:39 | INFO     | [lf.day.start] Processing ASW-JED for 23APR
[LF] No direct flights on 23APR for ASW-JED
2026-01-17 23:34:41 | WARNING  | [lf.day.no_flights] No direct flights on 23APR
2026-01-17 23:34:41 | INFO     | [SUCCESS] Day 23APR
2026-01-17 23:34:41 | INFO     | [DAY_START] Processing 22APR
[LF] Processing ASW-JED for 22APR
2026-01-17 23:34:41 | INFO     | [lf.day.start] Processing ASW-JED for 22APR
[LF] No direct flights on 22APR for ASW-JED
2026-01-17 23:34:42 | WARNING  | [lf.day.no_flights] No direct flights on 22APR
2026-01-17 23:34:42 | INFO     | [SUCCESS] Day 22APR
2026-01-17 23:34:42 | INFO     | [DAY_START] Processing 21APR
[LF] Processing ASW-JED for 21APR
2026-01-17 23:34:42 | INFO     | [lf.day.start] Processing ASW-JED for 21APR
[LF] No direct flights on 21APR for ASW-JED
2026-01-17 23:34:43 | WARNING  | [lf.day.no_flights] No direct flights on 21APR
2026-01-17 23:34:44 | INFO     | [SUCCESS] Day 21APR
2026-01-17 23:34:44 | INFO     | [DAY_START] Processing 20APR
[LF] Processing ASW-JED for 20APR
2026-01-17 23:34:44 | INFO     | [lf.day.start] Processing ASW-JED for 20APR
[LF] No direct flights on 20APR for ASW-JED
2026-01-17 23:34:44 | WARNING  | [lf.day.no_flights] No direct flights on 20APR
2026-01-17 23:34:45 | INFO     | [SUCCESS] Day 20APR
2026-01-17 23:34:45 | INFO     | [DAY_START] Processing 19APR
[LF] Processing ASW-JED for 19APR
2026-01-17 23:34:45 | INFO     | [lf.day.start] Processing ASW-JED for 19APR
[LF] No direct flights on 19APR for ASW-JED
2026-01-17 23:34:46 | WARNING  | [lf.day.no_flights] No direct flights on 19APR
2026-01-17 23:34:46 | INFO     | [SUCCESS] Day 19APR
[LF] Results summary:
  2026-04-27: 0 flights
  2026-04-26: 0 flights
  2026-04-25: 0 flights
  2026-04-24: 0 flights
  2026-04-23: 0 flights
  2026-04-22: 0 flights
  2026-04-21: 0 flights
  2026-04-20: 0 flights
  2026-04-19: 0 flights
2026-01-17 23:34:46 | INFO     | [SUCCESS] LF Search Complete

============================================================
[Worker_9227] ✓ COMPLETED: ASW-JED
  Results: 9 dates
  Errors: 0 dates
  Total Processed: 4 groups
============================================================

2026-01-17 23:34:46 | INFO     | [Worker_9227] Completed: ASW-JED - 9 results, 0 errors

============================================================
[Worker_9227] Processing: ATZ-DMM
  Tier 0: Range 4, Chunk 1/3
  Dates: 9 days
  Date Range: 2026-04-27 to 2026-04-19
============================================================

2026-01-17 23:34:46 | INFO     | [Worker_9227] Processing: ATZ-DMM
2026-01-17 23:34:46 | INFO     |   Tier 0: Range 4, Chunk 1/3 (9 days)
2026-01-17 23:34:46 | INFO     | ======================================================================
2026-01-17 23:34:46 | INFO     | Load Factor Scraper Started - Route: ATZ-DMM
2026-01-17 23:34:46 | INFO     | Log file: D:\CODERED\LAB\Artifacts\outputs\run_generated_170126_at_23.33_RETRY\logs\LF_ATZ-DMM_20260117_233446.log
2026-01-17 23:34:46 | INFO     | Enhanced logging: Capturing both logging.info() and print()
2026-01-17 23:34:46 | INFO     | ======================================================================
[LF] Processing dates (override): ['27APR', '26APR', '25APR', '24APR', '23APR', '22APR', '21APR', '20APR', '19APR']
[LF] Attaching to Chrome for Altea access
2026-01-17 23:34:46 | INFO     | Starting LF search for route: ATZ-DMM
2026-01-17 23:34:46 | INFO     | [START] LF Search
[LF][[OK] SUCCESS] Connected to Chrome on 127.0.0.1:9227 (after 1 attempts)
2026-01-17 23:34:47 | INFO     | [HEALTH CHECK] [OK] Chrome connection is healthy
[LF][[OK] SUCCESS] Found Amadeus Altea window: Altéa Reservation Desktop
[LF][[INFO] INFO] URL: https://tc212.resdesktop.altea.amadeus.com/app_ard/apf/init/login?SITE=ESMPESMP&LANGUAGE=GB&MARKETS=ARDW_PROD_WBP&ACTION=clpLogin
2026-01-17 23:34:47 | INFO     | [DAY_START] Processing 27APR
[LF] Processing ATZ-DMM for 27APR
2026-01-17 23:34:47 | INFO     | [lf.day.start] Processing ATZ-DMM for 27APR
[LF] No direct flights on 27APR for ATZ-DMM
2026-01-17 23:34:48 | WARNING  | [lf.day.no_flights] No direct flights on 27APR
2026-01-17 23:34:48 | INFO     | [SUCCESS] Day 27APR
2026-01-17 23:34:48 | INFO     | [DAY_START] Processing 26APR
[LF] Processing ATZ-DMM for 26APR
2026-01-17 23:34:48 | INFO     | [lf.day.start] Processing ATZ-DMM for 26APR
[LF] No direct flights on 26APR for ATZ-DMM
2026-01-17 23:34:49 | WARNING  | [lf.day.no_flights] No direct flights on 26APR
2026-01-17 23:34:50 | INFO     | [SUCCESS] Day 26APR
2026-01-17 23:34:50 | INFO     | [DAY_START] Processing 25APR
[LF] Processing ATZ-DMM for 25APR
2026-01-17 23:34:50 | INFO     | [lf.day.start] Processing ATZ-DMM for 25APR
[LF] No direct flights on 25APR for ATZ-DMM
2026-01-17 23:34:51 | WARNING  | [lf.day.no_flights] No direct flights on 25APR
2026-01-17 23:34:51 | INFO     | [SUCCESS] Day 25APR
2026-01-17 23:34:51 | INFO     | [DAY_START] Processing 24APR
[LF] Processing ATZ-DMM for 24APR
2026-01-17 23:34:51 | INFO     | [lf.day.start] Processing ATZ-DMM for 24APR
[LF] No direct flights on 24APR for ATZ-DMM
2026-01-17 23:34:52 | WARNING  | [lf.day.no_flights] No direct flights on 24APR
2026-01-17 23:34:52 | INFO     | [SUCCESS] Day 24APR
2026-01-17 23:34:52 | INFO     | [DAY_START] Processing 23APR
[LF] Processing ATZ-DMM for 23APR
2026-01-17 23:34:52 | INFO     | [lf.day.start] Processing ATZ-DMM for 23APR
[LF] No direct flights on 23APR for ATZ-DMM
2026-01-17 23:34:53 | WARNING  | [lf.day.no_flights] No direct flights on 23APR
2026-01-17 23:34:53 | INFO     | [SUCCESS] Day 23APR
2026-01-17 23:34:53 | INFO     | [DAY_START] Processing 22APR
[LF] Processing ATZ-DMM for 22APR
2026-01-17 23:34:53 | INFO     | [lf.day.start] Processing ATZ-DMM for 22APR
[LF] No direct flights on 22APR for ATZ-DMM
2026-01-17 23:34:54 | WARNING  | [lf.day.no_flights] No direct flights on 22APR
2026-01-17 23:34:54 | INFO     | [SUCCESS] Day 22APR
2026-01-17 23:34:54 | INFO     | [DAY_START] Processing 21APR
[LF] Processing ATZ-DMM for 21APR
2026-01-17 23:34:54 | INFO     | [lf.day.start] Processing ATZ-DMM for 21APR
[LF] No direct flights on 21APR for ATZ-DMM
2026-01-17 23:34:56 | WARNING  | [lf.day.no_flights] No direct flights on 21APR
2026-01-17 23:34:56 | INFO     | [SUCCESS] Day 21APR
2026-01-17 23:34:56 | INFO     | [DAY_START] Processing 20APR
[LF] Processing ATZ-DMM for 20APR
2026-01-17 23:34:56 | INFO     | [lf.day.start] Processing ATZ-DMM for 20APR
[LF] No direct flights on 20APR for ATZ-DMM
2026-01-17 23:34:57 | WARNING  | [lf.day.no_flights] No direct flights on 20APR
2026-01-17 23:34:57 | INFO     | [SUCCESS] Day 20APR
2026-01-17 23:34:57 | INFO     | [DAY_START] Processing 19APR
[LF] Processing ATZ-DMM for 19APR
2026-01-17 23:34:57 | INFO     | [lf.day.start] Processing ATZ-DMM for 19APR
[LF] No direct flights on 19APR for ATZ-DMM
2026-01-17 23:34:58 | WARNING  | [lf.day.no_flights] No direct flights on 19APR
2026-01-17 23:34:58 | INFO     | [SUCCESS] Day 19APR
[LF] Results summary:
  2026-04-27: 0 flights
  2026-04-26: 0 flights
  2026-04-25: 0 flights
  2026-04-24: 0 flights
  2026-04-23: 0 flights
  2026-04-22: 0 flights
  2026-04-21: 0 flights
  2026-04-20: 0 flights
  2026-04-19: 0 flights
2026-01-17 23:34:58 | INFO     | [SUCCESS] LF Search Complete

============================================================
[Worker_9227] ✓ COMPLETED: ATZ-DMM
  Results: 9 dates
  Errors: 0 dates
  Total Processed: 5 groups
============================================================

2026-01-17 23:35:06 | INFO     | [Worker_9227] Completed: ATZ-DMM - 9 results, 0 errors

============================================================
[Worker_9227] Processing: CAI-YNB
  Tier 0: Range 4, Chunk 1/3
  Dates: 9 days
  Date Range: 2026-04-27 to 2026-04-19
============================================================

2026-01-17 23:35:06 | INFO     | [Worker_9227] Processing: CAI-YNB
2026-01-17 23:35:06 | INFO     |   Tier 0: Range 4, Chunk 1/3 (9 days)
2026-01-17 23:35:06 | INFO     | ======================================================================
2026-01-17 23:35:06 | INFO     | Load Factor Scraper Started - Route: CAI-YNB
2026-01-17 23:35:06 | INFO     | Log file: D:\CODERED\LAB\Artifacts\outputs\run_generated_170126_at_23.33_RETRY\logs\LF_CAI-YNB_20260117_233506.log
2026-01-17 23:35:06 | INFO     | Enhanced logging: Capturing both logging.info() and print()
2026-01-17 23:35:06 | INFO     | ======================================================================
[LF] Processing dates (override): ['27APR', '26APR', '25APR', '24APR', '23APR', '22APR', '21APR', '20APR', '19APR']
[LF] Attaching to Chrome for Altea access
2026-01-17 23:35:06 | INFO     | Starting LF search for route: CAI-YNB
2026-01-17 23:35:06 | INFO     | [START] LF Search
[LF][[OK] SUCCESS] Connected to Chrome on 127.0.0.1:9227 (after 1 attempts)
2026-01-17 23:35:07 | INFO     | [HEALTH CHECK] [OK] Chrome connection is healthy
[LF][[OK] SUCCESS] Found Amadeus Altea window: Altéa Reservation Desktop
[LF][[INFO] INFO] URL: https://tc212.resdesktop.altea.amadeus.com/app_ard/apf/init/login?SITE=ESMPESMP&LANGUAGE=GB&MARKETS=ARDW_PROD_WBP&ACTION=clpLogin
2026-01-17 23:35:07 | INFO     | [DAY_START] Processing 27APR
[LF] Processing CAI-YNB for 27APR
2026-01-17 23:35:07 | INFO     | [lf.day.start] Processing CAI-YNB for 27APR
[LF] 27APR: found 1 direct flights
2026-01-17 23:35:08 | INFO     | [lf.day.flights_found] Found 1 flights on 27APR
2026-01-17 23:35:10 | INFO     | [lf.flight.extracted] SM441 on 27APR: BKG=1, LF=0.6%
[LF] SM441 27APR: BKG=1, GRP=0, CAP=179, LF%=0.6%, Brd-Off=CAI-YNB, Classes: I:1
[LF] Getting WEEKLY/LASTSOLD data for 1 flights
[LF] SM441 27APR: LASTSOLD=2026-01-06 00:00:00, WEEKLY=0, TODAY=0, YDAY=0
2026-01-17 23:35:12 | INFO     | [SUCCESS] Day 27APR
2026-01-17 23:35:12 | INFO     | [DAY_START] Processing 26APR
[LF] Processing CAI-YNB for 26APR
2026-01-17 23:35:12 | INFO     | [lf.day.start] Processing CAI-YNB for 26APR
[LF] 26APR: found 1 direct flights
2026-01-17 23:35:13 | INFO     | [lf.day.flights_found] Found 1 flights on 26APR
2026-01-17 23:35:15 | INFO     | [lf.flight.extracted] SM441 on 26APR: BKG=0, LF=0.0%
[LF] SM441 26APR: BKG=0, GRP=0, CAP=179, LF%=0.0%, Brd-Off=CAI-YNB
2026-01-17 23:35:16 | INFO     | [SUCCESS] Day 26APR
2026-01-17 23:35:16 | INFO     | [DAY_START] Processing 25APR
[LF] Processing CAI-YNB for 25APR
2026-01-17 23:35:16 | INFO     | [lf.day.start] Processing CAI-YNB for 25APR
[LF] 25APR: found 1 direct flights
2026-01-17 23:35:17 | INFO     | [lf.day.flights_found] Found 1 flights on 25APR
2026-01-17 23:35:19 | INFO     | [lf.flight.extracted] SM447 on 25APR: BKG=1, LF=0.6%
[LF] SM447 25APR: BKG=1, GRP=0, CAP=179, LF%=0.6%, Brd-Off=CAI-YNB, Classes: I:1
[LF] Getting WEEKLY/LASTSOLD data for 1 flights
[LF] SM447 25APR: LASTSOLD=2025-12-22 00:00:00, WEEKLY=0, TODAY=0, YDAY=0
2026-01-17 23:35:21 | INFO     | [SUCCESS] Day 25APR
2026-01-17 23:35:21 | INFO     | [DAY_START] Processing 24APR
[LF] Processing CAI-YNB for 24APR
2026-01-17 23:35:21 | INFO     | [lf.day.start] Processing CAI-YNB for 24APR
[LF] 24APR: found 1 direct flights
2026-01-17 23:35:22 | INFO     | [lf.day.flights_found] Found 1 flights on 24APR
2026-01-17 23:35:24 | INFO     | [lf.flight.extracted] SM441 on 24APR: BKG=3, LF=1.7%
[LF] SM441 24APR: BKG=3, GRP=0, CAP=179, LF%=1.7%, Brd-Off=CAI-YNB, Classes: I:3
[LF] Getting WEEKLY/LASTSOLD data for 1 flights
[LF] SM441 24APR: LASTSOLD=2026-01-17 00:00:00, WEEKLY=1, TODAY=1, YDAY=0
2026-01-17 23:35:27 | INFO     | [SUCCESS] Day 24APR
2026-01-17 23:35:27 | INFO     | [DAY_START] Processing 23APR
[LF] Processing CAI-YNB for 23APR
2026-01-17 23:35:27 | INFO     | [lf.day.start] Processing CAI-YNB for 23APR
[LF] 23APR: found 1 direct flights
2026-01-17 23:35:28 | INFO     | [lf.day.flights_found] Found 1 flights on 23APR
2026-01-17 23:35:30 | INFO     | [lf.flight.extracted] SM441 on 23APR: BKG=4, LF=2.2%
[LF] SM441 23APR: BKG=4, GRP=0, CAP=179, LF%=2.2%, Brd-Off=CAI-YNB, Classes: I:4
[LF] Getting WEEKLY/LASTSOLD data for 1 flights
[LF] SM441 23APR: LASTSOLD=2026-01-15 00:00:00, WEEKLY=1, TODAY=0, YDAY=0
2026-01-17 23:35:32 | INFO     | [SUCCESS] Day 23APR
2026-01-17 23:35:32 | INFO     | [DAY_START] Processing 22APR
[LF] Processing CAI-YNB for 22APR
2026-01-17 23:35:32 | INFO     | [lf.day.start] Processing CAI-YNB for 22APR
[LF] 22APR: found 1 direct flights
2026-01-17 23:35:33 | INFO     | [lf.day.flights_found] Found 1 flights on 22APR
2026-01-17 23:35:35 | INFO     | [lf.flight.extracted] SM441 on 22APR: BKG=6, LF=3.4%
[LF] SM441 22APR: BKG=6, GRP=0, CAP=179, LF%=3.4%, Brd-Off=CAI-YNB, Classes: I:6
[LF] Getting WEEKLY/LASTSOLD data for 1 flights
[LF] SM441 22APR: LASTSOLD=2026-01-16 00:00:00, WEEKLY=2, TODAY=0, YDAY=1
2026-01-17 23:35:37 | INFO     | [SUCCESS] Day 22APR
2026-01-17 23:35:37 | INFO     | [DAY_START] Processing 21APR
[LF] Processing CAI-YNB for 21APR
2026-01-17 23:35:37 | INFO     | [lf.day.start] Processing CAI-YNB for 21APR
[LF] 21APR: found 1 direct flights
2026-01-17 23:35:38 | INFO     | [lf.day.flights_found] Found 1 flights on 21APR
2026-01-17 23:35:40 | INFO     | [lf.flight.extracted] SM441 on 21APR: BKG=10, LF=5.6%
[LF] SM441 21APR: BKG=10, GRP=0, CAP=179, LF%=5.6%, Brd-Off=CAI-YNB, Classes: I:9, O:1
[LF] Getting WEEKLY/LASTSOLD data for 1 flights
[LF] SM441 21APR: LASTSOLD=2026-01-12 00:00:00, WEEKLY=1, TODAY=0, YDAY=0
2026-01-17 23:35:43 | INFO     | [SUCCESS] Day 21APR
2026-01-17 23:35:43 | INFO     | [DAY_START] Processing 20APR
[LF] Processing CAI-YNB for 20APR
2026-01-17 23:35:43 | INFO     | [lf.day.start] Processing CAI-YNB for 20APR
[LF] 20APR: found 1 direct flights
2026-01-17 23:35:44 | INFO     | [lf.day.flights_found] Found 1 flights on 20APR
2026-01-17 23:35:45 | INFO     | [lf.flight.extracted] SM441 on 20APR: BKG=2, LF=1.1%
[LF] SM441 20APR: BKG=2, GRP=0, CAP=179, LF%=1.1%, Brd-Off=CAI-YNB, Classes: I:2
[LF] Getting WEEKLY/LASTSOLD data for 1 flights
[LF] SM441 20APR: LASTSOLD=2026-01-15 00:00:00, WEEKLY=1, TODAY=0, YDAY=0
2026-01-17 23:35:48 | INFO     | [SUCCESS] Day 20APR
2026-01-17 23:35:48 | INFO     | [DAY_START] Processing 19APR
[LF] Processing CAI-YNB for 19APR
2026-01-17 23:35:48 | INFO     | [lf.day.start] Processing CAI-YNB for 19APR
[LF] 19APR: found 1 direct flights
2026-01-17 23:35:49 | INFO     | [lf.day.flights_found] Found 1 flights on 19APR
2026-01-17 23:35:51 | INFO     | [lf.flight.extracted] SM441 on 19APR: BKG=2, LF=1.1%
[LF] SM441 19APR: BKG=2, GRP=0, CAP=179, LF%=1.1%, Brd-Off=CAI-YNB, Classes: I:2
[LF] Getting WEEKLY/LASTSOLD data for 1 flights
[LF] SM441 19APR: LASTSOLD=2026-01-09 00:00:00, WEEKLY=0, TODAY=0, YDAY=0
2026-01-17 23:35:53 | INFO     | [SUCCESS] Day 19APR
[LF] Results summary:
  2026-04-27: 1 flights
  2026-04-26: 1 flights
  2026-04-25: 1 flights
  2026-04-24: 1 flights
  2026-04-23: 1 flights
  2026-04-22: 1 flights
  2026-04-21: 1 flights
  2026-04-20: 1 flights
  2026-04-19: 1 flights
2026-01-17 23:35:53 | INFO     | [SUCCESS] LF Search Complete

============================================================
[Worker_9227] ✓ COMPLETED: CAI-YNB
  Results: 9 dates
  Errors: 0 dates
  Total Processed: 6 groups
============================================================

2026-01-17 23:35:53 | INFO     | [Worker_9227] Completed: CAI-YNB - 9 results, 0 errors

============================================================
[Worker_9227] Processing: RUH-ATZ
  Tier 0: Range 4, Chunk 2/3
  Dates: 9 days
  Date Range: 2026-04-18 to 2026-04-10
============================================================

2026-01-17 23:35:53 | INFO     | [Worker_9227] Processing: RUH-ATZ
2026-01-17 23:35:53 | INFO     |   Tier 0: Range 4, Chunk 2/3 (9 days)
2026-01-17 23:35:53 | INFO     | ======================================================================
2026-01-17 23:35:53 | INFO     | Load Factor Scraper Started - Route: RUH-ATZ
2026-01-17 23:35:53 | INFO     | Log file: D:\CODERED\LAB\Artifacts\outputs\run_generated_170126_at_23.33_RETRY\logs\LF_RUH-ATZ_20260117_233553.log
2026-01-17 23:35:53 | INFO     | Enhanced logging: Capturing both logging.info() and print()
2026-01-17 23:35:53 | INFO     | ======================================================================
[LF] Processing dates (override): ['18APR', '17APR', '16APR', '15APR', '14APR', '13APR', '12APR', '11APR', '10APR']
[LF] Attaching to Chrome for Altea access
2026-01-17 23:35:53 | INFO     | Starting LF search for route: RUH-ATZ
2026-01-17 23:35:53 | INFO     | [START] LF Search
[LF][[OK] SUCCESS] Connected to Chrome on 127.0.0.1:9227 (after 1 attempts)
2026-01-17 23:35:54 | INFO     | [HEALTH CHECK] [OK] Chrome connection is healthy
[LF][[OK] SUCCESS] Found Amadeus Altea window: Altéa Reservation Desktop
[LF][[INFO] INFO] URL: https://tc212.resdesktop.altea.amadeus.com/app_ard/apf/init/login?SITE=ESMPESMP&LANGUAGE=GB&MARKETS=ARDW_PROD_WBP&ACTION=clpLogin
2026-01-17 23:35:54 | INFO     | [DAY_START] Processing 18APR
[LF] Processing RUH-ATZ for 18APR
2026-01-17 23:35:54 | INFO     | [lf.day.start] Processing RUH-ATZ for 18APR
[LF] No direct flights on 18APR for RUH-ATZ
2026-01-17 23:35:55 | WARNING  | [lf.day.no_flights] No direct flights on 18APR
2026-01-17 23:35:55 | INFO     | [SUCCESS] Day 18APR
2026-01-17 23:35:55 | INFO     | [DAY_START] Processing 17APR
[LF] Processing RUH-ATZ for 17APR
2026-01-17 23:35:55 | INFO     | [lf.day.start] Processing RUH-ATZ for 17APR
[LF] No direct flights on 17APR for RUH-ATZ
2026-01-17 23:35:56 | WARNING  | [lf.day.no_flights] No direct flights on 17APR
2026-01-17 23:35:56 | INFO     | [SUCCESS] Day 17APR
2026-01-17 23:35:56 | INFO     | [DAY_START] Processing 16APR
[LF] Processing RUH-ATZ for 16APR
2026-01-17 23:35:56 | INFO     | [lf.day.start] Processing RUH-ATZ for 16APR
[LF] No direct flights on 16APR for RUH-ATZ
2026-01-17 23:35:57 | WARNING  | [lf.day.no_flights] No direct flights on 16APR
2026-01-17 23:35:57 | INFO     | [SUCCESS] Day 16APR
2026-01-17 23:35:57 | INFO     | [DAY_START] Processing 15APR
[LF] Processing RUH-ATZ for 15APR
2026-01-17 23:35:57 | INFO     | [lf.day.start] Processing RUH-ATZ for 15APR
[LF] 15APR: found 1 direct flights
2026-01-17 23:35:58 | INFO     | [lf.day.flights_found] Found 1 flights on 15APR
2026-01-17 23:36:00 | INFO     | [lf.flight.extracted] SM466 on 15APR: BKG=8, LF=4.6%
[LF] SM466 15APR: BKG=8, GRP=0, CAP=175, LF%=4.6%, Brd-Off=RUH-ATZ, Classes: I:6, O:1, V:1
[LF] Getting WEEKLY/LASTSOLD data for 1 flights
[LF] SM466 15APR: LASTSOLD=2026-01-14 00:00:00, WEEKLY=3, TODAY=0, YDAY=0
2026-01-17 23:36:03 | INFO     | [SUCCESS] Day 15APR
2026-01-17 23:36:03 | INFO     | [DAY_START] Processing 14APR
[LF] Processing RUH-ATZ for 14APR
2026-01-17 23:36:03 | INFO     | [lf.day.start] Processing RUH-ATZ for 14APR
[LF] No direct flights on 14APR for RUH-ATZ
2026-01-17 23:36:04 | WARNING  | [lf.day.no_flights] No direct flights on 14APR
2026-01-17 23:36:04 | INFO     | [SUCCESS] Day 14APR
2026-01-17 23:36:04 | INFO     | [DAY_START] Processing 13APR
[LF] Processing RUH-ATZ for 13APR
2026-01-17 23:36:04 | INFO     | [lf.day.start] Processing RUH-ATZ for 13APR
[LF] No direct flights on 13APR for RUH-ATZ
2026-01-17 23:36:05 | WARNING  | [lf.day.no_flights] No direct flights on 13APR
2026-01-17 23:36:05 | INFO     | [SUCCESS] Day 13APR
2026-01-17 23:36:05 | INFO     | [DAY_START] Processing 12APR
[LF] Processing RUH-ATZ for 12APR
2026-01-17 23:36:05 | INFO     | [lf.day.start] Processing RUH-ATZ for 12APR
[LF] No direct flights on 12APR for RUH-ATZ
2026-01-17 23:36:06 | WARNING  | [lf.day.no_flights] No direct flights on 12APR
2026-01-17 23:36:06 | INFO     | [SUCCESS] Day 12APR
2026-01-17 23:36:06 | INFO     | [DAY_START] Processing 11APR
[LF] Processing RUH-ATZ for 11APR
2026-01-17 23:36:06 | INFO     | [lf.day.start] Processing RUH-ATZ for 11APR
[LF] No direct flights on 11APR for RUH-ATZ
2026-01-17 23:36:07 | WARNING  | [lf.day.no_flights] No direct flights on 11APR
2026-01-17 23:36:08 | INFO     | [SUCCESS] Day 11APR
2026-01-17 23:36:08 | INFO     | [DAY_START] Processing 10APR
[LF] Processing RUH-ATZ for 10APR
2026-01-17 23:36:08 | INFO     | [lf.day.start] Processing RUH-ATZ for 10APR
[LF] No direct flights on 10APR for RUH-ATZ
2026-01-17 23:36:11 | WARNING  | [lf.day.no_flights] No direct flights on 10APR
2026-01-17 23:36:11 | INFO     | [SUCCESS] Day 10APR
[LF] Results summary:
  2026-04-18: 0 flights
  2026-04-17: 0 flights
  2026-04-16: 0 flights
  2026-04-15: 1 flights
  2026-04-14: 0 flights
  2026-04-13: 0 flights
  2026-04-12: 0 flights
  2026-04-11: 0 flights
  2026-04-10: 0 flights
2026-01-17 23:36:11 | INFO     | [SUCCESS] LF Search Complete

============================================================
[Worker_9227] ✓ COMPLETED: RUH-ATZ
  Results: 9 dates
  Errors: 0 dates
  Total Processed: 7 groups
============================================================

2026-01-17 23:36:11 | INFO     | [Worker_9227] Completed: RUH-ATZ - 9 results, 0 errors

============================================================
[Worker_9227] Processing: TUU-ATZ
  Tier 0: Range 4, Chunk 2/3
  Dates: 9 days
  Date Range: 2026-04-18 to 2026-04-10
============================================================

2026-01-17 23:36:11 | INFO     | [Worker_9227] Processing: TUU-ATZ
2026-01-17 23:36:11 | INFO     |   Tier 0: Range 4, Chunk 2/3 (9 days)
2026-01-17 23:36:11 | INFO     | ======================================================================
2026-01-17 23:36:11 | INFO     | Load Factor Scraper Started - Route: TUU-ATZ
2026-01-17 23:36:11 | INFO     | Log file: D:\CODERED\LAB\Artifacts\outputs\run_generated_170126_at_23.33_RETRY\logs\LF_TUU-ATZ_20260117_233611.log
2026-01-17 23:36:11 | INFO     | Enhanced logging: Capturing both logging.info() and print()
2026-01-17 23:36:11 | INFO     | ======================================================================
[LF] Processing dates (override): ['18APR', '17APR', '16APR', '15APR', '14APR', '13APR', '12APR', '11APR', '10APR']
[LF] Attaching to Chrome for Altea access
2026-01-17 23:36:11 | INFO     | Starting LF search for route: TUU-ATZ
2026-01-17 23:36:11 | INFO     | [START] LF Search
[LF][[OK] SUCCESS] Connected to Chrome on 127.0.0.1:9227 (after 1 attempts)
2026-01-17 23:36:12 | INFO     | [HEALTH CHECK] [OK] Chrome connection is healthy
[LF][[OK] SUCCESS] Found Amadeus Altea window: Altéa Reservation Desktop
[LF][[INFO] INFO] URL: https://tc212.resdesktop.altea.amadeus.com/app_ard/apf/init/login?SITE=ESMPESMP&LANGUAGE=GB&MARKETS=ARDW_PROD_WBP&ACTION=clpLogin
2026-01-17 23:36:12 | INFO     | [DAY_START] Processing 18APR
[LF] Processing TUU-ATZ for 18APR
2026-01-17 23:36:12 | INFO     | [lf.day.start] Processing TUU-ATZ for 18APR
[LF] No direct flights on 18APR for TUU-ATZ
2026-01-17 23:36:14 | WARNING  | [lf.day.no_flights] No direct flights on 18APR
2026-01-17 23:36:14 | INFO     | [SUCCESS] Day 18APR
2026-01-17 23:36:14 | INFO     | [DAY_START] Processing 17APR
[LF] Processing TUU-ATZ for 17APR
2026-01-17 23:36:14 | INFO     | [lf.day.start] Processing TUU-ATZ for 17APR
[LF] No direct flights on 17APR for TUU-ATZ
2026-01-17 23:36:17 | WARNING  | [lf.day.no_flights] No direct flights on 17APR
2026-01-17 23:36:17 | INFO     | [SUCCESS] Day 17APR
2026-01-17 23:36:17 | INFO     | [DAY_START] Processing 16APR
[LF] Processing TUU-ATZ for 16APR
2026-01-17 23:36:17 | INFO     | [lf.day.start] Processing TUU-ATZ for 16APR
[LF] No direct flights on 16APR for TUU-ATZ
2026-01-17 23:36:19 | WARNING  | [lf.day.no_flights] No direct flights on 16APR
2026-01-17 23:36:19 | INFO     | [SUCCESS] Day 16APR
2026-01-17 23:36:19 | INFO     | [DAY_START] Processing 15APR
[LF] Processing TUU-ATZ for 15APR
2026-01-17 23:36:19 | INFO     | [lf.day.start] Processing TUU-ATZ for 15APR
[LF] No direct flights on 15APR for TUU-ATZ
2026-01-17 23:36:20 | WARNING  | [lf.day.no_flights] No direct flights on 15APR
2026-01-17 23:36:20 | INFO     | [SUCCESS] Day 15APR
2026-01-17 23:36:20 | INFO     | [DAY_START] Processing 14APR
[LF] Processing TUU-ATZ for 14APR
2026-01-17 23:36:20 | INFO     | [lf.day.start] Processing TUU-ATZ for 14APR
[LF] No direct flights on 14APR for TUU-ATZ
2026-01-17 23:36:21 | WARNING  | [lf.day.no_flights] No direct flights on 14APR
2026-01-17 23:36:21 | INFO     | [SUCCESS] Day 14APR
2026-01-17 23:36:21 | INFO     | [DAY_START] Processing 13APR
[LF] Processing TUU-ATZ for 13APR
2026-01-17 23:36:21 | INFO     | [lf.day.start] Processing TUU-ATZ for 13APR
[LF] No direct flights on 13APR for TUU-ATZ
2026-01-17 23:36:22 | WARNING  | [lf.day.no_flights] No direct flights on 13APR
2026-01-17 23:36:22 | INFO     | [SUCCESS] Day 13APR
2026-01-17 23:36:22 | INFO     | [DAY_START] Processing 12APR
[LF] Processing TUU-ATZ for 12APR
2026-01-17 23:36:22 | INFO     | [lf.day.start] Processing TUU-ATZ for 12APR
[LF] No direct flights on 12APR for TUU-ATZ
2026-01-17 23:36:23 | WARNING  | [lf.day.no_flights] No direct flights on 12APR
2026-01-17 23:36:23 | INFO     | [SUCCESS] Day 12APR
2026-01-17 23:36:23 | INFO     | [DAY_START] Processing 11APR
[LF] Processing TUU-ATZ for 11APR
2026-01-17 23:36:23 | INFO     | [lf.day.start] Processing TUU-ATZ for 11APR
[LF] No direct flights on 11APR for TUU-ATZ
2026-01-17 23:36:24 | WARNING  | [lf.day.no_flights] No direct flights on 11APR
2026-01-17 23:36:24 | INFO     | [SUCCESS] Day 11APR
2026-01-17 23:36:24 | INFO     | [DAY_START] Processing 10APR
[LF] Processing TUU-ATZ for 10APR
2026-01-17 23:36:24 | INFO     | [lf.day.start] Processing TUU-ATZ for 10APR
[LF] No direct flights on 10APR for TUU-ATZ
2026-01-17 23:36:25 | WARNING  | [lf.day.no_flights] No direct flights on 10APR
2026-01-17 23:36:25 | INFO     | [SUCCESS] Day 10APR
[LF] Results summary:
  2026-04-18: 0 flights
  2026-04-17: 0 flights
  2026-04-16: 0 flights
  2026-04-15: 0 flights
  2026-04-14: 0 flights
  2026-04-13: 0 flights
  2026-04-12: 0 flights
  2026-04-11: 0 flights
  2026-04-10: 0 flights
2026-01-17 23:36:25 | INFO     | [SUCCESS] LF Search Complete

============================================================
[Worker_9227] ✓ COMPLETED: TUU-ATZ
  Results: 9 dates
  Errors: 0 dates
  Total Processed: 8 groups
============================================================

2026-01-17 23:36:25 | INFO     | [Worker_9227] Completed: TUU-ATZ - 9 results, 0 errors

============================================================
[Worker_9227] Processing: AJF-ATZ
  Tier 0: Range 4, Chunk 2/3
  Dates: 9 days
  Date Range: 2026-04-18 to 2026-04-10
============================================================

2026-01-17 23:36:25 | INFO     | [Worker_9227] Processing: AJF-ATZ
2026-01-17 23:36:25 | INFO     |   Tier 0: Range 4, Chunk 2/3 (9 days)
2026-01-17 23:36:25 | INFO     | ======================================================================
2026-01-17 23:36:25 | INFO     | Load Factor Scraper Started - Route: AJF-ATZ
2026-01-17 23:36:25 | INFO     | Log file: D:\CODERED\LAB\Artifacts\outputs\run_generated_170126_at_23.33_RETRY\logs\LF_AJF-ATZ_20260117_233625.log
2026-01-17 23:36:25 | INFO     | Enhanced logging: Capturing both logging.info() and print()
2026-01-17 23:36:25 | INFO     | ======================================================================
[LF] Processing dates (override): ['18APR', '17APR', '16APR', '15APR', '14APR', '13APR', '12APR', '11APR', '10APR']
[LF] Attaching to Chrome for Altea access
2026-01-17 23:36:25 | INFO     | Starting LF search for route: AJF-ATZ
2026-01-17 23:36:25 | INFO     | [START] LF Search
[LF][[OK] SUCCESS] Connected to Chrome on 127.0.0.1:9227 (after 1 attempts)
2026-01-17 23:36:26 | INFO     | [HEALTH CHECK] [OK] Chrome connection is healthy
[LF][[OK] SUCCESS] Found Amadeus Altea window: Altéa Reservation Desktop
[LF][[INFO] INFO] URL: https://tc212.resdesktop.altea.amadeus.com/app_ard/apf/init/login?SITE=ESMPESMP&LANGUAGE=GB&MARKETS=ARDW_PROD_WBP&ACTION=clpLogin
2026-01-17 23:36:26 | INFO     | [DAY_START] Processing 18APR
[LF] Processing AJF-ATZ for 18APR
2026-01-17 23:36:26 | INFO     | [lf.day.start] Processing AJF-ATZ for 18APR
[LF] No direct flights on 18APR for AJF-ATZ
2026-01-17 23:36:28 | WARNING  | [lf.day.no_flights] No direct flights on 18APR
2026-01-17 23:36:28 | INFO     | [SUCCESS] Day 18APR
2026-01-17 23:36:28 | INFO     | [DAY_START] Processing 17APR
[LF] Processing AJF-ATZ for 17APR
2026-01-17 23:36:28 | INFO     | [lf.day.start] Processing AJF-ATZ for 17APR
[LF] No direct flights on 17APR for AJF-ATZ
2026-01-17 23:36:29 | WARNING  | [lf.day.no_flights] No direct flights on 17APR
2026-01-17 23:36:29 | INFO     | [SUCCESS] Day 17APR
2026-01-17 23:36:29 | INFO     | [DAY_START] Processing 16APR
[LF] Processing AJF-ATZ for 16APR
2026-01-17 23:36:29 | INFO     | [lf.day.start] Processing AJF-ATZ for 16APR
[LF] No direct flights on 16APR for AJF-ATZ
2026-01-17 23:36:30 | WARNING  | [lf.day.no_flights] No direct flights on 16APR
2026-01-17 23:36:31 | INFO     | [SUCCESS] Day 16APR
2026-01-17 23:36:31 | INFO     | [DAY_START] Processing 15APR
[LF] Processing AJF-ATZ for 15APR
2026-01-17 23:36:31 | INFO     | [lf.day.start] Processing AJF-ATZ for 15APR
[LF] No direct flights on 15APR for AJF-ATZ
2026-01-17 23:36:32 | WARNING  | [lf.day.no_flights] No direct flights on 15APR
2026-01-17 23:36:32 | INFO     | [SUCCESS] Day 15APR
2026-01-17 23:36:32 | INFO     | [DAY_START] Processing 14APR
[LF] Processing AJF-ATZ for 14APR
2026-01-17 23:36:32 | INFO     | [lf.day.start] Processing AJF-ATZ for 14APR
[LF] No direct flights on 14APR for AJF-ATZ
2026-01-17 23:36:33 | WARNING  | [lf.day.no_flights] No direct flights on 14APR
2026-01-17 23:36:33 | INFO     | [SUCCESS] Day 14APR
2026-01-17 23:36:33 | INFO     | [DAY_START] Processing 13APR
[LF] Processing AJF-ATZ for 13APR
2026-01-17 23:36:33 | INFO     | [lf.day.start] Processing AJF-ATZ for 13APR
[LF] No direct flights on 13APR for AJF-ATZ
2026-01-17 23:36:34 | WARNING  | [lf.day.no_flights] No direct flights on 13APR
2026-01-17 23:36:34 | INFO     | [SUCCESS] Day 13APR
2026-01-17 23:36:34 | INFO     | [DAY_START] Processing 12APR
[LF] Processing AJF-ATZ for 12APR
2026-01-17 23:36:34 | INFO     | [lf.day.start] Processing AJF-ATZ for 12APR
[LF] No direct flights on 12APR for AJF-ATZ
2026-01-17 23:36:35 | WARNING  | [lf.day.no_flights] No direct flights on 12APR
2026-01-17 23:36:35 | INFO     | [SUCCESS] Day 12APR
2026-01-17 23:36:35 | INFO     | [DAY_START] Processing 11APR
[LF] Processing AJF-ATZ for 11APR
2026-01-17 23:36:35 | INFO     | [lf.day.start] Processing AJF-ATZ for 11APR
[LF] No direct flights on 11APR for AJF-ATZ
2026-01-17 23:36:36 | WARNING  | [lf.day.no_flights] No direct flights on 11APR
2026-01-17 23:36:36 | INFO     | [SUCCESS] Day 11APR
2026-01-17 23:36:36 | INFO     | [DAY_START] Processing 10APR
[LF] Processing AJF-ATZ for 10APR
2026-01-17 23:36:36 | INFO     | [lf.day.start] Processing AJF-ATZ for 10APR
[LF] No direct flights on 10APR for AJF-ATZ
2026-01-17 23:36:37 | WARNING  | [lf.day.no_flights] No direct flights on 10APR
2026-01-17 23:36:38 | INFO     | [SUCCESS] Day 10APR
[LF] Results summary:
  2026-04-18: 0 flights
  2026-04-17: 0 flights
  2026-04-16: 0 flights
  2026-04-15: 0 flights
  2026-04-14: 0 flights
  2026-04-13: 0 flights
  2026-04-12: 0 flights
  2026-04-11: 0 flights
  2026-04-10: 0 flights
2026-01-17 23:36:38 | INFO     | [SUCCESS] LF Search Complete

============================================================
[Worker_9227] ✓ COMPLETED: AJF-ATZ
  Results: 9 dates
  Errors: 0 dates
  Total Processed: 9 groups
============================================================

2026-01-17 23:36:38 | INFO     | [Worker_9227] Completed: AJF-ATZ - 9 results, 0 errors

============================================================
[Worker_9227] Processing: ELQ-ATZ
  Tier 0: Range 4, Chunk 2/3
  Dates: 9 days
  Date Range: 2026-04-18 to 2026-04-10
============================================================

2026-01-17 23:36:38 | INFO     | [Worker_9227] Processing: ELQ-ATZ
2026-01-17 23:36:38 | INFO     |   Tier 0: Range 4, Chunk 2/3 (9 days)
2026-01-17 23:36:38 | INFO     | ======================================================================
2026-01-17 23:36:38 | INFO     | Load Factor Scraper Started - Route: ELQ-ATZ
2026-01-17 23:36:38 | INFO     | Log file: D:\CODERED\LAB\Artifacts\outputs\run_generated_170126_at_23.33_RETRY\logs\LF_ELQ-ATZ_20260117_233638.log
2026-01-17 23:36:38 | INFO     | Enhanced logging: Capturing both logging.info() and print()
2026-01-17 23:36:38 | INFO     | ======================================================================
[LF] Processing dates (override): ['18APR', '17APR', '16APR', '15APR', '14APR', '13APR', '12APR', '11APR', '10APR']
[LF] Attaching to Chrome for Altea access
2026-01-17 23:36:38 | INFO     | Starting LF search for route: ELQ-ATZ
2026-01-17 23:36:38 | INFO     | [START] LF Search
[LF][[OK] SUCCESS] Connected to Chrome on 127.0.0.1:9227 (after 1 attempts)
2026-01-17 23:36:38 | INFO     | [HEALTH CHECK] [OK] Chrome connection is healthy
[LF][[OK] SUCCESS] Found Amadeus Altea window: Altéa Reservation Desktop
[LF][[INFO] INFO] URL: https://tc212.resdesktop.altea.amadeus.com/app_ard/apf/init/login?SITE=ESMPESMP&LANGUAGE=GB&MARKETS=ARDW_PROD_WBP&ACTION=clpLogin
2026-01-17 23:36:38 | INFO     | [DAY_START] Processing 18APR
[LF] Processing ELQ-ATZ for 18APR
2026-01-17 23:36:38 | INFO     | [lf.day.start] Processing ELQ-ATZ for 18APR
[LF] No direct flights on 18APR for ELQ-ATZ
2026-01-17 23:36:40 | WARNING  | [lf.day.no_flights] No direct flights on 18APR
2026-01-17 23:36:40 | INFO     | [SUCCESS] Day 18APR
2026-01-17 23:36:40 | INFO     | [DAY_START] Processing 17APR
[LF] Processing ELQ-ATZ for 17APR
2026-01-17 23:36:40 | INFO     | [lf.day.start] Processing ELQ-ATZ for 17APR
[LF] No direct flights on 17APR for ELQ-ATZ
2026-01-17 23:36:41 | WARNING  | [lf.day.no_flights] No direct flights on 17APR
2026-01-17 23:36:41 | INFO     | [SUCCESS] Day 17APR
2026-01-17 23:36:41 | INFO     | [DAY_START] Processing 16APR
[LF] Processing ELQ-ATZ for 16APR
2026-01-17 23:36:41 | INFO     | [lf.day.start] Processing ELQ-ATZ for 16APR
[LF] No direct flights on 16APR for ELQ-ATZ
2026-01-17 23:36:42 | WARNING  | [lf.day.no_flights] No direct flights on 16APR
2026-01-17 23:36:42 | INFO     | [SUCCESS] Day 16APR
2026-01-17 23:36:42 | INFO     | [DAY_START] Processing 15APR
[LF] Processing ELQ-ATZ for 15APR
2026-01-17 23:36:42 | INFO     | [lf.day.start] Processing ELQ-ATZ for 15APR
[LF] No direct flights on 15APR for ELQ-ATZ
2026-01-17 23:36:43 | WARNING  | [lf.day.no_flights] No direct flights on 15APR
2026-01-17 23:36:43 | INFO     | [SUCCESS] Day 15APR
2026-01-17 23:36:43 | INFO     | [DAY_START] Processing 14APR
[LF] Processing ELQ-ATZ for 14APR
2026-01-17 23:36:43 | INFO     | [lf.day.start] Processing ELQ-ATZ for 14APR
[LF] No direct flights on 14APR for ELQ-ATZ
2026-01-17 23:36:44 | WARNING  | [lf.day.no_flights] No direct flights on 14APR
2026-01-17 23:36:44 | INFO     | [SUCCESS] Day 14APR
2026-01-17 23:36:44 | INFO     | [DAY_START] Processing 13APR
[LF] Processing ELQ-ATZ for 13APR
2026-01-17 23:36:44 | INFO     | [lf.day.start] Processing ELQ-ATZ for 13APR
[LF] No direct flights on 13APR for ELQ-ATZ
2026-01-17 23:36:45 | WARNING  | [lf.day.no_flights] No direct flights on 13APR
2026-01-17 23:36:45 | INFO     | [SUCCESS] Day 13APR
2026-01-17 23:36:45 | INFO     | [DAY_START] Processing 12APR
[LF] Processing ELQ-ATZ for 12APR
2026-01-17 23:36:45 | INFO     | [lf.day.start] Processing ELQ-ATZ for 12APR
[LF] No direct flights on 12APR for ELQ-ATZ
2026-01-17 23:36:46 | WARNING  | [lf.day.no_flights] No direct flights on 12APR
2026-01-17 23:36:47 | INFO     | [SUCCESS] Day 12APR
2026-01-17 23:36:47 | INFO     | [DAY_START] Processing 11APR
[LF] Processing ELQ-ATZ for 11APR
2026-01-17 23:36:47 | INFO     | [lf.day.start] Processing ELQ-ATZ for 11APR
[LF] No direct flights on 11APR for ELQ-ATZ
2026-01-17 23:36:48 | WARNING  | [lf.day.no_flights] No direct flights on 11APR
2026-01-17 23:36:48 | INFO     | [SUCCESS] Day 11APR
2026-01-17 23:36:48 | INFO     | [DAY_START] Processing 10APR
[LF] Processing ELQ-ATZ for 10APR
2026-01-17 23:36:48 | INFO     | [lf.day.start] Processing ELQ-ATZ for 10APR
[LF] No direct flights on 10APR for ELQ-ATZ
2026-01-17 23:36:49 | WARNING  | [lf.day.no_flights] No direct flights on 10APR
2026-01-17 23:36:49 | INFO     | [SUCCESS] Day 10APR
[LF] Results summary:
  2026-04-18: 0 flights
  2026-04-17: 0 flights
  2026-04-16: 0 flights
  2026-04-15: 0 flights
  2026-04-14: 0 flights
  2026-04-13: 0 flights
  2026-04-12: 0 flights
  2026-04-11: 0 flights
  2026-04-10: 0 flights
2026-01-17 23:36:49 | INFO     | [SUCCESS] LF Search Complete

============================================================
[Worker_9227] ✓ COMPLETED: ELQ-ATZ
  Results: 9 dates
  Errors: 0 dates
  Total Processed: 10 groups
============================================================

2026-01-17 23:36:49 | INFO     | [Worker_9227] Completed: ELQ-ATZ - 9 results, 0 errors

============================================================
[Worker_9227] Processing: CAI-JED
  Tier 0: Range 4, Chunk 2/3
  Dates: 9 days
  Date Range: 2026-04-18 to 2026-04-10
============================================================

2026-01-17 23:36:49 | INFO     | [Worker_9227] Processing: CAI-JED
2026-01-17 23:36:49 | INFO     |   Tier 0: Range 4, Chunk 2/3 (9 days)
2026-01-17 23:36:49 | INFO     | ======================================================================
2026-01-17 23:36:49 | INFO     | Load Factor Scraper Started - Route: CAI-JED
2026-01-17 23:36:49 | INFO     | Log file: D:\CODERED\LAB\Artifacts\outputs\run_generated_170126_at_23.33_RETRY\logs\LF_CAI-JED_20260117_233649.log
2026-01-17 23:36:49 | INFO     | Enhanced logging: Capturing both logging.info() and print()
2026-01-17 23:36:49 | INFO     | ======================================================================
[LF] Processing dates (override): ['18APR', '17APR', '16APR', '15APR', '14APR', '13APR', '12APR', '11APR', '10APR']
[LF] Attaching to Chrome for Altea access
2026-01-17 23:36:49 | INFO     | Starting LF search for route: CAI-JED
2026-01-17 23:36:49 | INFO     | [START] LF Search
[LF][[OK] SUCCESS] Connected to Chrome on 127.0.0.1:9227 (after 1 attempts)
2026-01-17 23:36:50 | INFO     | [HEALTH CHECK] [OK] Chrome connection is healthy
[LF][[OK] SUCCESS] Found Amadeus Altea window: Altéa Reservation Desktop
[LF][[INFO] INFO] URL: https://tc212.resdesktop.altea.amadeus.com/app_ard/apf/init/login?SITE=ESMPESMP&LANGUAGE=GB&MARKETS=ARDW_PROD_WBP&ACTION=clpLogin
2026-01-17 23:36:50 | INFO     | [DAY_START] Processing 18APR
[LF] Processing CAI-JED for 18APR
2026-01-17 23:36:50 | INFO     | [lf.day.start] Processing CAI-JED for 18APR
[LF] 18APR: found 2 direct flights
2026-01-17 23:36:51 | INFO     | [lf.day.flights_found] Found 2 flights on 18APR
2026-01-17 23:36:53 | INFO     | [lf.flight.extracted] SM477 on 18APR: BKG=9, LF=5.0%
[LF] SM477 18APR: BKG=9, GRP=0, CAP=179, LF%=5.0%, Brd-Off=CAI-JED, Classes: I:9
2026-01-17 23:36:56 | INFO     | [lf.flight.extracted] SM475 on 18APR: BKG=13, LF=7.3%
[LF] SM475 18APR: BKG=13, GRP=0, CAP=179, LF%=7.3%, Brd-Off=CAI-JED, Classes: I:9, O:4
[LF] Getting WEEKLY/LASTSOLD data for 2 flights
[LF] SM477 18APR: LASTSOLD=2026-01-14 00:00:00, WEEKLY=2, TODAY=0, YDAY=0
[LF] SM475 18APR: LASTSOLD=2026-01-17 00:00:00, WEEKLY=7, TODAY=3, YDAY=0
2026-01-17 23:37:00 | INFO     | [SUCCESS] Day 18APR
2026-01-17 23:37:00 | INFO     | [DAY_START] Processing 17APR
[LF] Processing CAI-JED for 17APR
2026-01-17 23:37:00 | INFO     | [lf.day.start] Processing CAI-JED for 17APR
[LF] 17APR: found 3 direct flights
2026-01-17 23:37:01 | INFO     | [lf.day.flights_found] Found 3 flights on 17APR
2026-01-17 23:37:03 | INFO     | [lf.flight.extracted] SM477 on 17APR: BKG=2, LF=1.1%
[LF] SM477 17APR: BKG=2, GRP=0, CAP=179, LF%=1.1%, Brd-Off=CAI-JED, Classes: I:2
2026-01-17 23:37:06 | INFO     | [lf.flight.extracted] SM475 on 17APR: BKG=2, LF=1.1%
[LF] SM475 17APR: BKG=2, GRP=0, CAP=179, LF%=1.1%, Brd-Off=CAI-JED, Classes: I:2
2026-01-17 23:37:09 | INFO     | [lf.flight.extracted] SM479 on 17APR: BKG=16, LF=8.9%
[LF] SM479 17APR: BKG=16, GRP=0, CAP=179, LF%=8.9%, Brd-Off=CAI-JED, Classes: I:9, O:7
[LF] Getting WEEKLY/LASTSOLD data for 3 flights
[LF] SM477 17APR: LASTSOLD=2026-01-14 00:00:00, WEEKLY=1, TODAY=0, YDAY=0
[LF] SM475 17APR: LASTSOLD=2026-01-17 00:00:00, WEEKLY=1, TODAY=1, YDAY=0
[LF] SM479 17APR: LASTSOLD=2026-01-16 00:00:00, WEEKLY=5, TODAY=0, YDAY=1
2026-01-17 23:37:14 | INFO     | [SUCCESS] Day 17APR
2026-01-17 23:37:14 | INFO     | [DAY_START] Processing 16APR
[LF] Processing CAI-JED for 16APR
2026-01-17 23:37:14 | INFO     | [lf.day.start] Processing CAI-JED for 16APR
[LF] 16APR: found 3 direct flights
2026-01-17 23:37:15 | INFO     | [lf.day.flights_found] Found 3 flights on 16APR
2026-01-17 23:37:17 | INFO     | [lf.flight.extracted] SM477 on 16APR: BKG=3, LF=1.7%
[LF] SM477 16APR: BKG=3, GRP=0, CAP=179, LF%=1.7%, Brd-Off=CAI-JED, Classes: I:2, S:1
2026-01-17 23:37:20 | INFO     | [lf.flight.extracted] SM475 on 16APR: BKG=4, LF=2.2%
[LF] SM475 16APR: BKG=4, GRP=0, CAP=179, LF%=2.2%, Brd-Off=CAI-JED, Classes: I:4
2026-01-17 23:37:24 | INFO     | [lf.flight.extracted] SM459 on 16APR: BKG=5, LF=2.8%
[LF] SM459 16APR: BKG=5, GRP=0, CAP=179, LF%=2.8%, Brd-Off=CAI-JED, Classes: I:5
[LF] Getting WEEKLY/LASTSOLD data for 3 flights
[LF] SM477 16APR: LASTSOLD=2026-01-10 00:00:00, WEEKLY=2, TODAY=0, YDAY=0
[LF] SM475 16APR: LASTSOLD=2025-12-24 00:00:00, WEEKLY=0, TODAY=0, YDAY=0
[LF] SM459 16APR: LASTSOLD=2026-01-16 00:00:00, WEEKLY=4, TODAY=0, YDAY=3
2026-01-17 23:37:29 | INFO     | [SUCCESS] Day 16APR
2026-01-17 23:37:29 | INFO     | [DAY_START] Processing 15APR
[LF] Processing CAI-JED for 15APR
2026-01-17 23:37:29 | INFO     | [lf.day.start] Processing CAI-JED for 15APR
[LF] 15APR: found 2 direct flights
2026-01-17 23:37:30 | INFO     | [lf.day.flights_found] Found 2 flights on 15APR
2026-01-17 23:37:32 | INFO     | [lf.flight.extracted] SM477 on 15APR: BKG=5, LF=2.8%
[LF] SM477 15APR: BKG=5, GRP=0, CAP=179, LF%=2.8%, Brd-Off=CAI-JED, Classes: I:5
2026-01-17 23:37:36 | INFO     | [lf.flight.extracted] SM475 on 15APR: BKG=6, LF=3.4%
[LF] SM475 15APR: BKG=6, GRP=0, CAP=179, LF%=3.4%, Brd-Off=CAI-JED, Classes: I:6
[LF] Getting WEEKLY/LASTSOLD data for 2 flights
[LF] SM477 15APR: LASTSOLD=2026-01-06 00:00:00, WEEKLY=0, TODAY=0, YDAY=0
[LF] SM475 15APR: LASTSOLD=2026-01-11 00:00:00, WEEKLY=1, TODAY=0, YDAY=0
2026-01-17 23:37:39 | INFO     | [SUCCESS] Day 15APR
2026-01-17 23:37:39 | INFO     | [DAY_START] Processing 14APR
[LF] Processing CAI-JED for 14APR
2026-01-17 23:37:39 | INFO     | [lf.day.start] Processing CAI-JED for 14APR
[LF] 14APR: found 3 direct flights
2026-01-17 23:37:40 | INFO     | [lf.day.flights_found] Found 3 flights on 14APR
2026-01-17 23:37:43 | INFO     | [lf.flight.extracted] SM477 on 14APR: BKG=4, LF=2.2%
[LF] SM477 14APR: BKG=4, GRP=0, CAP=179, LF%=2.2%, Brd-Off=CAI-JED, Classes: I:4
2026-01-17 23:37:46 | INFO     | [lf.flight.extracted] SM475 on 14APR: BKG=2, LF=1.1%
[LF] SM475 14APR: BKG=2, GRP=0, CAP=179, LF%=1.1%, Brd-Off=CAI-JED, Classes: I:2
2026-01-17 23:37:49 | INFO     | [lf.flight.extracted] SM479 on 14APR: BKG=13, LF=7.3%
[LF] SM479 14APR: BKG=13, GRP=0, CAP=179, LF%=7.3%, Brd-Off=CAI-JED, Classes: I:9, O:4
[LF] Getting WEEKLY/LASTSOLD data for 3 flights
[LF] SM477 14APR: LASTSOLD=2026-01-17 00:00:00, WEEKLY=2, TODAY=1, YDAY=0
[LF] SM475 14APR: LASTSOLD=2026-01-06 00:00:00, WEEKLY=0, TODAY=0, YDAY=0
[LF] SM479 14APR: LASTSOLD=2026-01-13 00:00:00, WEEKLY=3, TODAY=0, YDAY=0
2026-01-17 23:37:54 | INFO     | [SUCCESS] Day 14APR
2026-01-17 23:37:54 | INFO     | [DAY_START] Processing 13APR
[LF] Processing CAI-JED for 13APR
2026-01-17 23:37:54 | INFO     | [lf.day.start] Processing CAI-JED for 13APR
[LF] 13APR: found 3 direct flights
2026-01-17 23:37:55 | INFO     | [lf.day.flights_found] Found 3 flights on 13APR
2026-01-17 23:37:57 | INFO     | [lf.flight.extracted] SM477 on 13APR: BKG=2, LF=1.1%
[LF] SM477 13APR: BKG=2, GRP=0, CAP=179, LF%=1.1%, Brd-Off=CAI-JED, Classes: I:2
2026-01-17 23:38:41 | INFO     | [lf.flight.extracted] SM475 on 13APR: BKG=2, LF=1.1%
[LF] SM475 13APR: BKG=2, GRP=0, CAP=179, LF%=1.1%, Brd-Off=CAI-JED, Classes: I:2
2026-01-17 23:38:50 | INFO     | [lf.flight.extracted] SM479 on 13APR: BKG=6, LF=3.4%
[LF] SM479 13APR: BKG=6, GRP=0, CAP=179, LF%=3.4%, Brd-Off=CAI-JED, Classes: I:6
[LF] Getting WEEKLY/LASTSOLD data for 3 flights
[LF] SM477 13APR: LASTSOLD=2025-12-19 00:00:00, WEEKLY=0, TODAY=0, YDAY=0
[LF] SM475 13APR: LASTSOLD=2026-01-12 00:00:00, WEEKLY=1, TODAY=0, YDAY=0
[LF] SM479 13APR: LASTSOLD=2026-01-04 00:00:00, WEEKLY=0, TODAY=0, YDAY=0
2026-01-17 23:38:55 | INFO     | [SUCCESS] Day 13APR
2026-01-17 23:38:55 | INFO     | [DAY_START] Processing 12APR
[LF] Processing CAI-JED for 12APR
2026-01-17 23:38:55 | INFO     | [lf.day.start] Processing CAI-JED for 12APR
[LF] 12APR: found 3 direct flights
2026-01-17 23:38:56 | INFO     | [lf.day.flights_found] Found 3 flights on 12APR
2026-01-17 23:38:59 | INFO     | [lf.flight.extracted] SM477 on 12APR: BKG=5, LF=2.8%
[LF] SM477 12APR: BKG=5, GRP=0, CAP=179, LF%=2.8%, Brd-Off=CAI-JED, Classes: I:5
2026-01-17 23:39:02 | INFO     | [lf.flight.extracted] SM475 on 12APR: BKG=8, LF=4.5%
[LF] SM475 12APR: BKG=8, GRP=0, CAP=179, LF%=4.5%, Brd-Off=CAI-JED, Classes: I:8
2026-01-17 23:39:05 | INFO     | [lf.flight.extracted] SM459 on 12APR: BKG=7, LF=3.9%
[LF] SM459 12APR: BKG=7, GRP=0, CAP=179, LF%=3.9%, Brd-Off=CAI-JED, Classes: I:7
[LF] Getting WEEKLY/LASTSOLD data for 3 flights
[LF] SM477 12APR: LASTSOLD=2026-01-17 00:00:00, WEEKLY=1, TODAY=1, YDAY=0
[LF] SM475 12APR: LASTSOLD=2026-01-02 00:00:00, WEEKLY=0, TODAY=0, YDAY=0
[LF] SM459 12APR: LASTSOLD=2026-01-16 00:00:00, WEEKLY=2, TODAY=0, YDAY=1
2026-01-17 23:39:11 | INFO     | [SUCCESS] Day 12APR
2026-01-17 23:39:11 | INFO     | [DAY_START] Processing 11APR
[LF] Processing CAI-JED for 11APR
2026-01-17 23:39:11 | INFO     | [lf.day.start] Processing CAI-JED for 11APR
[LF] 11APR: found 2 direct flights
2026-01-17 23:39:12 | INFO     | [lf.day.flights_found] Found 2 flights on 11APR
2026-01-17 23:39:14 | INFO     | [lf.flight.extracted] SM477 on 11APR: BKG=7, LF=3.9%
[LF] SM477 11APR: BKG=7, GRP=0, CAP=179, LF%=3.9%, Brd-Off=CAI-JED, Classes: I:7
2026-01-17 23:39:18 | INFO     | [lf.flight.extracted] SM475 on 11APR: BKG=15, LF=8.4%
[LF] SM475 11APR: BKG=15, GRP=0, CAP=179, LF%=8.4%, Brd-Off=CAI-JED, Classes: I:9, O:6
[LF] Getting WEEKLY/LASTSOLD data for 2 flights
[LF] SM477 11APR: LASTSOLD=2026-01-14 00:00:00, WEEKLY=5, TODAY=0, YDAY=0
[LF] SM475 11APR: LASTSOLD=2026-01-15 00:00:00, WEEKLY=4, TODAY=0, YDAY=0
2026-01-17 23:39:22 | INFO     | [SUCCESS] Day 11APR
2026-01-17 23:39:22 | INFO     | [DAY_START] Processing 10APR
[LF] Processing CAI-JED for 10APR
2026-01-17 23:39:22 | INFO     | [lf.day.start] Processing CAI-JED for 10APR
[LF] 10APR: found 3 direct flights
2026-01-17 23:39:23 | INFO     | [lf.day.flights_found] Found 3 flights on 10APR
2026-01-17 23:39:25 | INFO     | [lf.flight.extracted] SM477 on 10APR: BKG=4, LF=2.2%
[LF] SM477 10APR: BKG=4, GRP=0, CAP=179, LF%=2.2%, Brd-Off=CAI-JED, Classes: I:4
2026-01-17 23:39:28 | INFO     | [lf.flight.extracted] SM475 on 10APR: BKG=10, LF=5.6%
[LF] SM475 10APR: BKG=10, GRP=0, CAP=179, LF%=5.6%, Brd-Off=CAI-JED, Classes: I:9, O:1
2026-01-17 23:39:31 | INFO     | [lf.flight.extracted] SM479 on 10APR: BKG=15, LF=8.4%
[LF] SM479 10APR: BKG=15, GRP=0, CAP=179, LF%=8.4%, Brd-Off=CAI-JED, Classes: I:9, O:6
[LF] Getting WEEKLY/LASTSOLD data for 3 flights
[LF] SM477 10APR: LASTSOLD=2026-01-14 00:00:00, WEEKLY=1, TODAY=0, YDAY=0
[LF] SM475 10APR: LASTSOLD=2026-01-15 00:00:00, WEEKLY=2, TODAY=0, YDAY=0
[LF] SM479 10APR: LASTSOLD=2026-01-15 00:00:00, WEEKLY=2, TODAY=0, YDAY=0
2026-01-17 23:39:37 | INFO     | [SUCCESS] Day 10APR
[LF] Results summary:
  2026-04-18: 2 flights
  2026-04-17: 3 flights
  2026-04-16: 3 flights
  2026-04-15: 2 flights
  2026-04-14: 3 flights
  2026-04-13: 3 flights
  2026-04-12: 3 flights
  2026-04-11: 2 flights
  2026-04-10: 3 flights
2026-01-17 23:39:37 | INFO     | [SUCCESS] LF Search Complete

============================================================
[Worker_9227] ✓ COMPLETED: CAI-JED
  Results: 9 dates
  Errors: 0 dates
  Total Processed: 11 groups
============================================================

2026-01-17 23:39:37 | INFO     | [Worker_9227] Completed: CAI-JED - 9 results, 0 errors

============================================================
[Worker_9227] Processing: AJF-CAI
  Tier 0: Range 4, Chunk 3/3
  Dates: 8 days
  Date Range: 2026-04-09 to 2026-04-02
============================================================

2026-01-17 23:39:37 | INFO     | [Worker_9227] Processing: AJF-CAI
2026-01-17 23:39:37 | INFO     |   Tier 0: Range 4, Chunk 3/3 (8 days)
2026-01-17 23:39:37 | INFO     | ======================================================================
2026-01-17 23:39:37 | INFO     | Load Factor Scraper Started - Route: AJF-CAI
2026-01-17 23:39:37 | INFO     | Log file: D:\CODERED\LAB\Artifacts\outputs\run_generated_170126_at_23.33_RETRY\logs\LF_AJF-CAI_20260117_233937.log
2026-01-17 23:39:37 | INFO     | Enhanced logging: Capturing both logging.info() and print()
2026-01-17 23:39:37 | INFO     | ======================================================================
[LF] Processing dates (override): ['09APR', '08APR', '07APR', '06APR', '05APR', '04APR', '03APR', '02APR']
[LF] Attaching to Chrome for Altea access
2026-01-17 23:39:37 | INFO     | Starting LF search for route: AJF-CAI
2026-01-17 23:39:37 | INFO     | [START] LF Search
[LF][[OK] SUCCESS] Connected to Chrome on 127.0.0.1:9227 (after 1 attempts)
2026-01-17 23:39:37 | INFO     | [HEALTH CHECK] [OK] Chrome connection is healthy
[LF][[OK] SUCCESS] Found Amadeus Altea window: Altéa Reservation Desktop
[LF][[INFO] INFO] URL: https://tc212.resdesktop.altea.amadeus.com/app_ard/apf/init/login?SITE=ESMPESMP&LANGUAGE=GB&MARKETS=ARDW_PROD_WBP&ACTION=clpLogin
2026-01-17 23:39:38 | INFO     | [DAY_START] Processing 09APR
[LF] Processing AJF-CAI for 09APR
2026-01-17 23:39:38 | INFO     | [lf.day.start] Processing AJF-CAI for 09APR
[LF] 09APR: found 1 direct flights
2026-01-17 23:39:38 | INFO     | [lf.day.flights_found] Found 1 flights on 09APR
2026-01-17 23:39:40 | INFO     | [lf.flight.extracted] SM322 on 09APR: BKG=1, LF=0.6%
[LF] SM322 09APR: BKG=1, GRP=0, CAP=175, LF%=0.6%, Brd-Off=AJF-CAI, Classes: I:1
[LF] Getting WEEKLY/LASTSOLD data for 1 flights
[LF] SM322 09APR: LASTSOLD=2026-01-11 00:00:00, WEEKLY=1, TODAY=0, YDAY=0
2026-01-17 23:39:43 | INFO     | [SUCCESS] Day 09APR
2026-01-17 23:39:43 | INFO     | [DAY_START] Processing 08APR
[LF] Processing AJF-CAI for 08APR
2026-01-17 23:39:43 | INFO     | [lf.day.start] Processing AJF-CAI for 08APR
[LF] No direct flights on 08APR for AJF-CAI
2026-01-17 23:39:57 | WARNING  | [lf.day.no_flights] No direct flights on 08APR
2026-01-17 23:39:57 | INFO     | [SUCCESS] Day 08APR
2026-01-17 23:39:57 | INFO     | [DAY_START] Processing 07APR
[LF] Processing AJF-CAI for 07APR
2026-01-17 23:39:57 | INFO     | [lf.day.start] Processing AJF-CAI for 07APR
[LF] No direct flights on 07APR for AJF-CAI
2026-01-17 23:39:58 | WARNING  | [lf.day.no_flights] No direct flights on 07APR
2026-01-17 23:39:58 | INFO     | [SUCCESS] Day 07APR
2026-01-17 23:39:58 | INFO     | [DAY_START] Processing 06APR
[LF] Processing AJF-CAI for 06APR
2026-01-17 23:39:58 | INFO     | [lf.day.start] Processing AJF-CAI for 06APR
[LF] No direct flights on 06APR for AJF-CAI
2026-01-17 23:39:59 | WARNING  | [lf.day.no_flights] No direct flights on 06APR
2026-01-17 23:39:59 | INFO     | [SUCCESS] Day 06APR
2026-01-17 23:39:59 | INFO     | [DAY_START] Processing 05APR
[LF] Processing AJF-CAI for 05APR
2026-01-17 23:39:59 | INFO     | [lf.day.start] Processing AJF-CAI for 05APR
[LF] 05APR: found 1 direct flights
2026-01-17 23:40:00 | INFO     | [lf.day.flights_found] Found 1 flights on 05APR
2026-01-17 23:40:02 | INFO     | [lf.flight.extracted] SM322 on 05APR: BKG=5, LF=2.9%
[LF] SM322 05APR: BKG=5, GRP=0, CAP=175, LF%=2.9%, Brd-Off=AJF-CAI, Classes: I:5
[LF] Getting WEEKLY/LASTSOLD data for 1 flights
[LF] SM322 05APR: LASTSOLD=2026-01-07 00:00:00, WEEKLY=0, TODAY=0, YDAY=0
2026-01-17 23:40:05 | INFO     | [SUCCESS] Day 05APR
2026-01-17 23:40:05 | INFO     | [DAY_START] Processing 04APR
[LF] Processing AJF-CAI for 04APR
2026-01-17 23:40:05 | INFO     | [lf.day.start] Processing AJF-CAI for 04APR
[LF] No direct flights on 04APR for AJF-CAI
2026-01-17 23:40:06 | WARNING  | [lf.day.no_flights] No direct flights on 04APR
2026-01-17 23:40:06 | INFO     | [SUCCESS] Day 04APR
2026-01-17 23:40:06 | INFO     | [DAY_START] Processing 03APR
[LF] Processing AJF-CAI for 03APR
2026-01-17 23:40:06 | INFO     | [lf.day.start] Processing AJF-CAI for 03APR
[LF] 03APR: found 1 direct flights
2026-01-17 23:40:07 | INFO     | [lf.day.flights_found] Found 1 flights on 03APR
2026-01-17 23:40:10 | INFO     | [lf.flight.extracted] SM322 on 03APR: BKG=5, LF=2.9%
[LF] SM322 03APR: BKG=5, GRP=0, CAP=175, LF%=2.9%, Brd-Off=AJF-CAI, Classes: I:5
[LF] Getting WEEKLY/LASTSOLD data for 1 flights
[LF] SM322 03APR: LASTSOLD=2026-01-15 00:00:00, WEEKLY=1, TODAY=0, YDAY=0
2026-01-17 23:40:12 | INFO     | [SUCCESS] Day 03APR
2026-01-17 23:40:12 | INFO     | [DAY_START] Processing 02APR
[LF] Processing AJF-CAI for 02APR
2026-01-17 23:40:12 | INFO     | [lf.day.start] Processing AJF-CAI for 02APR
[LF] 02APR: found 1 direct flights
2026-01-17 23:40:13 | INFO     | [lf.day.flights_found] Found 1 flights on 02APR
2026-01-17 23:40:15 | INFO     | [lf.flight.extracted] SM322 on 02APR: BKG=13, LF=7.4%
[LF] SM322 02APR: BKG=13, GRP=0, CAP=175, LF%=7.4%, Brd-Off=AJF-CAI, Classes: I:10, O:3
[LF] Getting WEEKLY/LASTSOLD data for 1 flights
[LF] SM322 02APR: LASTSOLD=2026-01-07 00:00:00, WEEKLY=0, TODAY=0, YDAY=0
2026-01-17 23:40:18 | INFO     | [SUCCESS] Day 02APR
[LF] Results summary:
  2026-04-09: 1 flights
  2026-04-08: 0 flights
  2026-04-07: 0 flights
  2026-04-06: 0 flights
  2026-04-05: 1 flights
  2026-04-04: 0 flights
  2026-04-03: 1 flights
  2026-04-02: 1 flights
2026-01-17 23:40:18 | INFO     | [SUCCESS] LF Search Complete

============================================================
[Worker_9227] ✓ COMPLETED: AJF-CAI
  Results: 8 dates
  Errors: 0 dates
  Total Processed: 12 groups
============================================================

2026-01-17 23:40:18 | INFO     | [Worker_9227] Completed: AJF-CAI - 8 results, 0 errors

============================================================
[Worker_9227] Processing: CAI-JED
  Tier 0: Range 4, Chunk 3/3
  Dates: 8 days
  Date Range: 2026-04-09 to 2026-04-02
============================================================

2026-01-17 23:40:18 | INFO     | [Worker_9227] Processing: CAI-JED
2026-01-17 23:40:18 | INFO     |   Tier 0: Range 4, Chunk 3/3 (8 days)
2026-01-17 23:40:18 | INFO     | ======================================================================
2026-01-17 23:40:18 | INFO     | Load Factor Scraper Started - Route: CAI-JED
2026-01-17 23:40:18 | INFO     | Log file: D:\CODERED\LAB\Artifacts\outputs\run_generated_170126_at_23.33_RETRY\logs\LF_CAI-JED_20260117_234018.log
2026-01-17 23:40:18 | INFO     | Enhanced logging: Capturing both logging.info() and print()
2026-01-17 23:40:18 | INFO     | ======================================================================
[LF] Processing dates (override): ['09APR', '08APR', '07APR', '06APR', '05APR', '04APR', '03APR', '02APR']
[LF] Attaching to Chrome for Altea access
2026-01-17 23:40:18 | INFO     | Starting LF search for route: CAI-JED
2026-01-17 23:40:18 | INFO     | [START] LF Search
[LF][[OK] SUCCESS] Connected to Chrome on 127.0.0.1:9227 (after 1 attempts)
2026-01-17 23:40:19 | INFO     | [HEALTH CHECK] [OK] Chrome connection is healthy
[LF][[OK] SUCCESS] Found Amadeus Altea window: Altéa Reservation Desktop
[LF][[INFO] INFO] URL: https://tc212.resdesktop.altea.amadeus.com/app_ard/apf/init/login?SITE=ESMPESMP&LANGUAGE=GB&MARKETS=ARDW_PROD_WBP&ACTION=clpLogin
2026-01-17 23:40:19 | INFO     | [DAY_START] Processing 09APR
[LF] Processing CAI-JED for 09APR
2026-01-17 23:40:19 | INFO     | [lf.day.start] Processing CAI-JED for 09APR
[LF] 09APR: found 3 direct flights
2026-01-17 23:40:20 | INFO     | [lf.day.flights_found] Found 3 flights on 09APR
2026-01-17 23:40:22 | INFO     | [lf.flight.extracted] SM477 on 09APR: BKG=1, LF=0.6%
[LF] SM477 09APR: BKG=1, GRP=0, CAP=179, LF%=0.6%, Brd-Off=CAI-JED, Classes: I:1
2026-01-17 23:40:25 | INFO     | [lf.flight.extracted] SM475 on 09APR: BKG=7, LF=3.9%
[LF] SM475 09APR: BKG=7, GRP=0, CAP=179, LF%=3.9%, Brd-Off=CAI-JED, Classes: I:6, U:1
2026-01-17 23:40:28 | INFO     | [lf.flight.extracted] SM459 on 09APR: BKG=9, LF=5.0%
[LF] SM459 09APR: BKG=9, GRP=0, CAP=179, LF%=5.0%, Brd-Off=CAI-JED, Classes: I:9
[LF] Getting WEEKLY/LASTSOLD data for 3 flights
[LF] SM477 09APR: LASTSOLD=2026-01-04 00:00:00, WEEKLY=0, TODAY=0, YDAY=0
[LF] SM475 09APR: LASTSOLD=2026-01-13 00:00:00, WEEKLY=5, TODAY=0, YDAY=0
[LF] SM459 09APR: LASTSOLD=2026-01-06 00:00:00, WEEKLY=0, TODAY=0, YDAY=0
2026-01-17 23:40:33 | INFO     | [SUCCESS] Day 09APR
2026-01-17 23:40:33 | INFO     | [DAY_START] Processing 08APR
[LF] Processing CAI-JED for 08APR
2026-01-17 23:40:33 | INFO     | [lf.day.start] Processing CAI-JED for 08APR
[LF] 08APR: found 2 direct flights
2026-01-17 23:40:34 | INFO     | [lf.day.flights_found] Found 2 flights on 08APR
2026-01-17 23:40:36 | INFO     | [lf.flight.extracted] SM477 on 08APR: BKG=7, LF=3.9%
[LF] SM477 08APR: BKG=7, GRP=0, CAP=179, LF%=3.9%, Brd-Off=CAI-JED, Classes: I:7
2026-01-17 23:40:40 | INFO     | [lf.flight.extracted] SM475 on 08APR: BKG=10, LF=5.6%
[LF] SM475 08APR: BKG=10, GRP=0, CAP=179, LF%=5.6%, Brd-Off=CAI-JED, Classes: I:9, O:1
[LF] Getting WEEKLY/LASTSOLD data for 2 flights
[LF] SM477 08APR: LASTSOLD=2026-01-15 00:00:00, WEEKLY=5, TODAY=0, YDAY=0
[LF] SM475 08APR: LASTSOLD=2026-01-17 00:00:00, WEEKLY=3, TODAY=1, YDAY=0
2026-01-17 23:40:43 | INFO     | [SUCCESS] Day 08APR
2026-01-17 23:40:43 | INFO     | [DAY_START] Processing 07APR
[LF] Processing CAI-JED for 07APR
2026-01-17 23:40:43 | INFO     | [lf.day.start] Processing CAI-JED for 07APR
[LF] 07APR: found 3 direct flights
2026-01-17 23:40:44 | INFO     | [lf.day.flights_found] Found 3 flights on 07APR
2026-01-17 23:40:46 | INFO     | [lf.flight.extracted] SM477 on 07APR: BKG=2, LF=1.1%
[LF] SM477 07APR: BKG=2, GRP=0, CAP=179, LF%=1.1%, Brd-Off=CAI-JED, Classes: I:2
2026-01-17 23:40:49 | INFO     | [lf.flight.extracted] SM475 on 07APR: BKG=2, LF=1.1%
[LF] SM475 07APR: BKG=2, GRP=0, CAP=179, LF%=1.1%, Brd-Off=CAI-JED, Classes: I:2
2026-01-17 23:40:52 | INFO     | [lf.flight.extracted] SM479 on 07APR: BKG=8, LF=4.5%
[LF] SM479 07APR: BKG=8, GRP=0, CAP=179, LF%=4.5%, Brd-Off=CAI-JED, Classes: I:8
[LF] Getting WEEKLY/LASTSOLD data for 3 flights
[LF] SM477 07APR: LASTSOLD=2025-12-21 00:00:00, WEEKLY=0, TODAY=0, YDAY=0
[LF] SM475 07APR: LASTSOLD=2026-01-12 00:00:00, WEEKLY=1, TODAY=0, YDAY=0
[LF] SM479 07APR: LASTSOLD=2026-01-08 00:00:00, WEEKLY=0, TODAY=0, YDAY=0
2026-01-17 23:41:42 | INFO     | [SUCCESS] Day 07APR
2026-01-17 23:41:42 | INFO     | [DAY_START] Processing 06APR
[LF] Processing CAI-JED for 06APR
2026-01-17 23:41:42 | INFO     | [lf.day.start] Processing CAI-JED for 06APR
[LF] 06APR: found 3 direct flights
2026-01-17 23:41:44 | INFO     | [lf.day.flights_found] Found 3 flights on 06APR
2026-01-17 23:41:46 | INFO     | [lf.flight.extracted] SM477 on 06APR: BKG=4, LF=2.2%
[LF] SM477 06APR: BKG=4, GRP=0, CAP=179, LF%=2.2%, Brd-Off=CAI-JED, Classes: I:3, S:1
2026-01-17 23:41:49 | INFO     | [lf.flight.extracted] SM475 on 06APR: BKG=5, LF=2.8%
[LF] SM475 06APR: BKG=5, GRP=0, CAP=179, LF%=2.8%, Brd-Off=CAI-JED, Classes: I:5
2026-01-17 23:41:52 | INFO     | [lf.flight.extracted] SM479 on 06APR: BKG=16, LF=8.9%
[LF] SM479 06APR: BKG=16, GRP=0, CAP=179, LF%=8.9%, Brd-Off=CAI-JED, Classes: I:8, O:8
[LF] Getting WEEKLY/LASTSOLD data for 3 flights
[LF] SM477 06APR: LASTSOLD=2026-01-14 00:00:00, WEEKLY=1, TODAY=0, YDAY=0
[LF] SM475 06APR: LASTSOLD=2026-01-15 00:00:00, WEEKLY=1, TODAY=0, YDAY=0
[LF] SM479 06APR: LASTSOLD=2026-01-11 00:00:00, WEEKLY=1, TODAY=0, YDAY=0
2026-01-17 23:41:57 | INFO     | [SUCCESS] Day 06APR
2026-01-17 23:41:57 | INFO     | [DAY_START] Processing 05APR
[LF] Processing CAI-JED for 05APR
2026-01-17 23:41:57 | INFO     | [lf.day.start] Processing CAI-JED for 05APR
[LF] 05APR: found 3 direct flights
2026-01-17 23:41:58 | INFO     | [lf.day.flights_found] Found 3 flights on 05APR
2026-01-17 23:42:00 | INFO     | [lf.flight.extracted] SM477 on 05APR: BKG=23, LF=12.8%
[LF] SM477 05APR: BKG=23, GRP=0, CAP=179, LF%=12.8%, Brd-Off=CAI-JED, Classes: I:9, O:9, U:5
2026-01-17 23:42:45 | INFO     | [lf.flight.extracted] SM475 on 05APR: BKG=17, LF=9.5%
[LF] SM475 05APR: BKG=17, GRP=0, CAP=179, LF%=9.5%, Brd-Off=CAI-JED, Classes: I:9, O:7, U:1
2026-01-17 23:42:49 | INFO     | [lf.flight.extracted] SM459 on 05APR: BKG=13, LF=7.3%
[LF] SM459 05APR: BKG=13, GRP=0, CAP=179, LF%=7.3%, Brd-Off=CAI-JED, Classes: I:9, O:4
[LF] Getting WEEKLY/LASTSOLD data for 3 flights
[LF] SM477 05APR: LASTSOLD=2026-01-13 00:00:00, WEEKLY=2, TODAY=0, YDAY=0
[LF] SM475 05APR: LASTSOLD=2026-01-13 00:00:00, WEEKLY=2, TODAY=0, YDAY=0
[LF] SM459 05APR: LASTSOLD=2026-01-12 00:00:00, WEEKLY=1, TODAY=0, YDAY=0
2026-01-17 23:42:56 | INFO     | [SUCCESS] Day 05APR
2026-01-17 23:42:56 | INFO     | [DAY_START] Processing 04APR
[LF] Processing CAI-JED for 04APR
2026-01-17 23:42:56 | INFO     | [lf.day.start] Processing CAI-JED for 04APR
[LF] 04APR: found 2 direct flights
2026-01-17 23:42:57 | INFO     | [lf.day.flights_found] Found 2 flights on 04APR
2026-01-17 23:42:58 | INFO     | [lf.flight.extracted] SM477 on 04APR: BKG=27, LF=15.1%
[LF] SM477 04APR: BKG=27, GRP=0, CAP=179, LF%=15.1%, Brd-Off=CAI-JED, Classes: I:9, O:9, U:9
2026-01-17 23:43:02 | INFO     | [lf.flight.extracted] SM475 on 04APR: BKG=30, LF=16.8%
[LF] SM475 04APR: BKG=30, GRP=0, CAP=179, LF%=16.8%, Brd-Off=CAI-JED, Classes: I:9, O:9, U:9, X:3
[LF] Getting WEEKLY/LASTSOLD data for 2 flights
[LF] SM477 04APR: LASTSOLD=2026-01-15 00:00:00, WEEKLY=5, TODAY=0, YDAY=0
[LF] SM475 04APR: LASTSOLD=2026-01-15 00:00:00, WEEKLY=6, TODAY=0, YDAY=0
2026-01-17 23:43:08 | INFO     | [SUCCESS] Day 04APR
2026-01-17 23:43:08 | INFO     | [DAY_START] Processing 03APR
[LF] Processing CAI-JED for 03APR
2026-01-17 23:43:08 | INFO     | [lf.day.start] Processing CAI-JED for 03APR
[LF] 03APR: found 3 direct flights
2026-01-17 23:43:09 | INFO     | [lf.day.flights_found] Found 3 flights on 03APR
2026-01-17 23:43:11 | INFO     | [lf.flight.extracted] SM477 on 03APR: BKG=14, LF=7.8%
[LF] SM477 03APR: BKG=14, GRP=0, CAP=179, LF%=7.8%, Brd-Off=CAI-JED, Classes: I:9, O:5
2026-01-17 23:43:14 | INFO     | [lf.flight.extracted] SM475 on 03APR: BKG=18, LF=10.1%
[LF] SM475 03APR: BKG=18, GRP=0, CAP=179, LF%=10.1%, Brd-Off=CAI-JED, Classes: I:9, O:9
2026-01-17 23:43:17 | INFO     | [lf.flight.extracted] SM479 on 03APR: BKG=32, LF=17.9%
[LF] SM479 03APR: BKG=32, GRP=0, CAP=179, LF%=17.9%, Brd-Off=CAI-JED, Classes: I:9, O:9, U:9, X:5
[LF] Getting WEEKLY/LASTSOLD data for 3 flights
[LF] SM477 03APR: LASTSOLD=2026-01-13 00:00:00, WEEKLY=4, TODAY=0, YDAY=0
[LF] SM475 03APR: LASTSOLD=2026-01-09 00:00:00, WEEKLY=0, TODAY=0, YDAY=0
[LF] SM479 03APR: LASTSOLD=2026-01-16 00:00:00, WEEKLY=7, TODAY=0, YDAY=1
2026-01-17 23:43:23 | INFO     | [SUCCESS] Day 03APR
2026-01-17 23:43:23 | INFO     | [DAY_START] Processing 02APR
[LF] Processing CAI-JED for 02APR
2026-01-17 23:43:23 | INFO     | [lf.day.start] Processing CAI-JED for 02APR
[LF] 02APR: found 3 direct flights
2026-01-17 23:43:24 | INFO     | [lf.day.flights_found] Found 3 flights on 02APR
2026-01-17 23:43:26 | INFO     | [lf.flight.extracted] SM477 on 02APR: BKG=11, LF=6.2%
[LF] SM477 02APR: BKG=11, GRP=0, CAP=179, LF%=6.2%, Brd-Off=CAI-JED, Classes: I:9, O:2
2026-01-17 23:43:29 | INFO     | [lf.flight.extracted] SM475 on 02APR: BKG=16, LF=8.9%
[LF] SM475 02APR: BKG=16, GRP=0, CAP=179, LF%=8.9%, Brd-Off=CAI-JED, Classes: I:9, O:7
2026-01-17 23:43:33 | INFO     | [lf.flight.extracted] SM459 on 02APR: BKG=16, LF=8.9%
[LF] SM459 02APR: BKG=16, GRP=0, CAP=179, LF%=8.9%, Brd-Off=CAI-JED, Classes: I:9, O:6, G:1
[LF] Getting WEEKLY/LASTSOLD data for 3 flights
[LF] SM477 02APR: LASTSOLD=2026-01-12 00:00:00, WEEKLY=1, TODAY=0, YDAY=0
[LF] SM475 02APR: LASTSOLD=2026-01-15 00:00:00, WEEKLY=2, TODAY=0, YDAY=0
[LF] SM459 02APR: LASTSOLD=2026-01-14 00:00:00, WEEKLY=4, TODAY=0, YDAY=0
2026-01-17 23:43:38 | INFO     | [SUCCESS] Day 02APR
[LF] Results summary:
  2026-04-09: 3 flights
  2026-04-08: 2 flights
  2026-04-07: 3 flights
  2026-04-06: 3 flights
  2026-04-05: 3 flights
  2026-04-04: 2 flights
  2026-04-03: 3 flights
  2026-04-02: 3 flights
2026-01-17 23:43:38 | INFO     | [SUCCESS] LF Search Complete

============================================================
[Worker_9227] ✓ COMPLETED: CAI-JED
  Results: 8 dates
  Errors: 0 dates
  Total Processed: 13 groups
============================================================

2026-01-17 23:43:38 | INFO     | [Worker_9227] Completed: CAI-JED - 8 results, 0 errors

============================================================
[Worker_9227] Processing: DMM-ATZ
  Tier 0: Range 3, Chunk 1/3
  Dates: 9 days
  Date Range: 2026-04-01 to 2026-03-24
============================================================

2026-01-17 23:43:38 | INFO     | [Worker_9227] Processing: DMM-ATZ
2026-01-17 23:43:38 | INFO     |   Tier 0: Range 3, Chunk 1/3 (9 days)
2026-01-17 23:43:38 | INFO     | ======================================================================
2026-01-17 23:43:38 | INFO     | Load Factor Scraper Started - Route: DMM-ATZ
2026-01-17 23:43:38 | INFO     | Log file: D:\CODERED\LAB\Artifacts\outputs\run_generated_170126_at_23.33_RETRY\logs\LF_DMM-ATZ_20260117_234338.log
2026-01-17 23:43:38 | INFO     | Enhanced logging: Capturing both logging.info() and print()
2026-01-17 23:43:38 | INFO     | ======================================================================
[LF] Processing dates (override): ['01APR', '31MAR', '30MAR', '29MAR', '28MAR', '27MAR', '26MAR', '25MAR', '24MAR']
[LF] Attaching to Chrome for Altea access
2026-01-17 23:43:38 | INFO     | Starting LF search for route: DMM-ATZ
2026-01-17 23:43:38 | INFO     | [START] LF Search
[LF][[OK] SUCCESS] Connected to Chrome on 127.0.0.1:9227 (after 1 attempts)
2026-01-17 23:43:39 | INFO     | [HEALTH CHECK] [OK] Chrome connection is healthy
[LF][[OK] SUCCESS] Found Amadeus Altea window: Altéa Reservation Desktop
[LF][[INFO] INFO] URL: https://tc212.resdesktop.altea.amadeus.com/app_ard/apf/init/login?SITE=ESMPESMP&LANGUAGE=GB&MARKETS=ARDW_PROD_WBP&ACTION=clpLogin
2026-01-17 23:43:39 | INFO     | [DAY_START] Processing 01APR
[LF] Processing DMM-ATZ for 01APR
2026-01-17 23:43:39 | INFO     | [lf.day.start] Processing DMM-ATZ for 01APR
[LF] No direct flights on 01APR for DMM-ATZ
2026-01-17 23:43:40 | WARNING  | [lf.day.no_flights] No direct flights on 01APR
2026-01-17 23:43:40 | INFO     | [SUCCESS] Day 01APR
2026-01-17 23:43:40 | INFO     | [DAY_START] Processing 31MAR
[LF] Processing DMM-ATZ for 31MAR
2026-01-17 23:43:40 | INFO     | [lf.day.start] Processing DMM-ATZ for 31MAR
[LF] No direct flights on 31MAR for DMM-ATZ
2026-01-17 23:43:41 | WARNING  | [lf.day.no_flights] No direct flights on 31MAR
2026-01-17 23:43:41 | INFO     | [SUCCESS] Day 31MAR
2026-01-17 23:43:41 | INFO     | [DAY_START] Processing 30MAR
[LF] Processing DMM-ATZ for 30MAR
2026-01-17 23:43:41 | INFO     | [lf.day.start] Processing DMM-ATZ for 30MAR
[LF] No direct flights on 30MAR for DMM-ATZ
2026-01-17 23:43:42 | WARNING  | [lf.day.no_flights] No direct flights on 30MAR
2026-01-17 23:43:42 | INFO     | [SUCCESS] Day 30MAR
2026-01-17 23:43:42 | INFO     | [DAY_START] Processing 29MAR
[LF] Processing DMM-ATZ for 29MAR
2026-01-17 23:43:42 | INFO     | [lf.day.start] Processing DMM-ATZ for 29MAR
[LF] No direct flights on 29MAR for DMM-ATZ
2026-01-17 23:43:43 | WARNING  | [lf.day.no_flights] No direct flights on 29MAR
2026-01-17 23:43:43 | INFO     | [SUCCESS] Day 29MAR
2026-01-17 23:43:43 | INFO     | [DAY_START] Processing 28MAR
[LF] Processing DMM-ATZ for 28MAR
2026-01-17 23:43:43 | INFO     | [lf.day.start] Processing DMM-ATZ for 28MAR
[LF] No direct flights on 28MAR for DMM-ATZ
2026-01-17 23:43:44 | WARNING  | [lf.day.no_flights] No direct flights on 28MAR
2026-01-17 23:43:44 | INFO     | [SUCCESS] Day 28MAR
2026-01-17 23:43:44 | INFO     | [DAY_START] Processing 27MAR
[LF] Processing DMM-ATZ for 27MAR
2026-01-17 23:43:44 | INFO     | [lf.day.start] Processing DMM-ATZ for 27MAR
[LF] 27MAR: found 1 direct flights
2026-01-17 23:43:45 | INFO     | [lf.day.flights_found] Found 1 flights on 27MAR
2026-01-17 23:43:47 | INFO     | [lf.flight.extracted] SM438 on 27MAR: BKG=10, LF=5.8%
[LF] SM438 27MAR: BKG=10, GRP=0, CAP=172, LF%=5.8%, Brd-Off=DMM-ATZ, Classes: I:5, O:1, X:1, W:3
[LF] Getting WEEKLY/LASTSOLD data for 1 flights
[LF] SM438 27MAR: LASTSOLD=2026-01-16 00:00:00, WEEKLY=6, TODAY=0, YDAY=1
2026-01-17 23:43:50 | INFO     | [SUCCESS] Day 27MAR
2026-01-17 23:43:50 | INFO     | [DAY_START] Processing 26MAR
[LF] Processing DMM-ATZ for 26MAR
2026-01-17 23:43:50 | INFO     | [lf.day.start] Processing DMM-ATZ for 26MAR
[LF] No direct flights on 26MAR for DMM-ATZ
2026-01-17 23:43:51 | WARNING  | [lf.day.no_flights] No direct flights on 26MAR
2026-01-17 23:43:51 | INFO     | [SUCCESS] Day 26MAR
2026-01-17 23:43:51 | INFO     | [DAY_START] Processing 25MAR
[LF] Processing DMM-ATZ for 25MAR
2026-01-17 23:43:51 | INFO     | [lf.day.start] Processing DMM-ATZ for 25MAR
[LF] No direct flights on 25MAR for DMM-ATZ
2026-01-17 23:43:52 | WARNING  | [lf.day.no_flights] No direct flights on 25MAR
2026-01-17 23:43:52 | INFO     | [SUCCESS] Day 25MAR
2026-01-17 23:43:52 | INFO     | [DAY_START] Processing 24MAR
[LF] Processing DMM-ATZ for 24MAR
2026-01-17 23:43:52 | INFO     | [lf.day.start] Processing DMM-ATZ for 24MAR
[LF] No direct flights on 24MAR for DMM-ATZ
2026-01-17 23:43:53 | WARNING  | [lf.day.no_flights] No direct flights on 24MAR
2026-01-17 23:43:53 | INFO     | [SUCCESS] Day 24MAR
[LF] Results summary:
  2026-04-01: 0 flights
  2026-03-31: 0 flights
  2026-03-30: 0 flights
  2026-03-29: 0 flights
  2026-03-28: 0 flights
  2026-03-27: 1 flights
  2026-03-26: 0 flights
  2026-03-25: 0 flights
  2026-03-24: 0 flights
2026-01-17 23:43:53 | INFO     | [SUCCESS] LF Search Complete

============================================================
[Worker_9227] ✓ COMPLETED: DMM-ATZ
  Results: 9 dates
  Errors: 0 dates
  Total Processed: 14 groups
============================================================

2026-01-17 23:43:53 | INFO     | [Worker_9227] Completed: DMM-ATZ - 9 results, 0 errors

============================================================
[Worker_9227] Processing: AJF-ATZ
  Tier 0: Range 3, Chunk 1/3
  Dates: 9 days
  Date Range: 2026-04-01 to 2026-03-24
============================================================

2026-01-17 23:43:53 | INFO     | [Worker_9227] Processing: AJF-ATZ
2026-01-17 23:43:53 | INFO     |   Tier 0: Range 3, Chunk 1/3 (9 days)
2026-01-17 23:43:53 | INFO     | ======================================================================
2026-01-17 23:43:53 | INFO     | Load Factor Scraper Started - Route: AJF-ATZ
2026-01-17 23:43:53 | INFO     | Log file: D:\CODERED\LAB\Artifacts\outputs\run_generated_170126_at_23.33_RETRY\logs\LF_AJF-ATZ_20260117_234353.log
2026-01-17 23:43:53 | INFO     | Enhanced logging: Capturing both logging.info() and print()
2026-01-17 23:43:53 | INFO     | ======================================================================
[LF] Processing dates (override): ['01APR', '31MAR', '30MAR', '29MAR', '28MAR', '27MAR', '26MAR', '25MAR', '24MAR']
[LF] Attaching to Chrome for Altea access
2026-01-17 23:43:53 | INFO     | Starting LF search for route: AJF-ATZ
2026-01-17 23:43:53 | INFO     | [START] LF Search
[LF][[OK] SUCCESS] Connected to Chrome on 127.0.0.1:9227 (after 1 attempts)
2026-01-17 23:43:54 | INFO     | [HEALTH CHECK] [OK] Chrome connection is healthy
[LF][[OK] SUCCESS] Found Amadeus Altea window: Altéa Reservation Desktop
[LF][[INFO] INFO] URL: https://tc212.resdesktop.altea.amadeus.com/app_ard/apf/init/login?SITE=ESMPESMP&LANGUAGE=GB&MARKETS=ARDW_PROD_WBP&ACTION=clpLogin
2026-01-17 23:43:54 | INFO     | [DAY_START] Processing 01APR
[LF] Processing AJF-ATZ for 01APR
2026-01-17 23:43:54 | INFO     | [lf.day.start] Processing AJF-ATZ for 01APR
[LF] No direct flights on 01APR for AJF-ATZ
2026-01-17 23:43:55 | WARNING  | [lf.day.no_flights] No direct flights on 01APR
2026-01-17 23:43:55 | INFO     | [SUCCESS] Day 01APR
2026-01-17 23:43:55 | INFO     | [DAY_START] Processing 31MAR
[LF] Processing AJF-ATZ for 31MAR
2026-01-17 23:43:55 | INFO     | [lf.day.start] Processing AJF-ATZ for 31MAR
[LF] No direct flights on 31MAR for AJF-ATZ
2026-01-17 23:43:56 | WARNING  | [lf.day.no_flights] No direct flights on 31MAR
2026-01-17 23:43:56 | INFO     | [SUCCESS] Day 31MAR
2026-01-17 23:43:56 | INFO     | [DAY_START] Processing 30MAR
[LF] Processing AJF-ATZ for 30MAR
2026-01-17 23:43:56 | INFO     | [lf.day.start] Processing AJF-ATZ for 30MAR
[LF] No direct flights on 30MAR for AJF-ATZ
2026-01-17 23:43:57 | WARNING  | [lf.day.no_flights] No direct flights on 30MAR
2026-01-17 23:43:57 | INFO     | [SUCCESS] Day 30MAR
2026-01-17 23:43:57 | INFO     | [DAY_START] Processing 29MAR
[LF] Processing AJF-ATZ for 29MAR
2026-01-17 23:43:57 | INFO     | [lf.day.start] Processing AJF-ATZ for 29MAR
[LF] No direct flights on 29MAR for AJF-ATZ
2026-01-17 23:43:58 | WARNING  | [lf.day.no_flights] No direct flights on 29MAR
2026-01-17 23:43:58 | INFO     | [SUCCESS] Day 29MAR
2026-01-17 23:43:58 | INFO     | [DAY_START] Processing 28MAR
[LF] Processing AJF-ATZ for 28MAR
2026-01-17 23:43:58 | INFO     | [lf.day.start] Processing AJF-ATZ for 28MAR
[LF] No direct flights on 28MAR for AJF-ATZ
2026-01-17 23:43:59 | WARNING  | [lf.day.no_flights] No direct flights on 28MAR
2026-01-17 23:43:59 | INFO     | [SUCCESS] Day 28MAR
2026-01-17 23:43:59 | INFO     | [DAY_START] Processing 27MAR
[LF] Processing AJF-ATZ for 27MAR
2026-01-17 23:43:59 | INFO     | [lf.day.start] Processing AJF-ATZ for 27MAR
[LF] 27MAR: found 1 direct flights
2026-01-17 23:44:00 | INFO     | [lf.day.flights_found] Found 1 flights on 27MAR
2026-01-17 23:44:02 | INFO     | [lf.flight.extracted] SM324 on 27MAR: BKG=0, LF=0.0%
[LF] SM324 27MAR: BKG=0, GRP=0, CAP=175, LF%=0.0%, Brd-Off=AJF-ATZ
2026-01-17 23:44:03 | INFO     | [SUCCESS] Day 27MAR
2026-01-17 23:44:03 | INFO     | [DAY_START] Processing 26MAR
[LF] Processing AJF-ATZ for 26MAR
2026-01-17 23:44:03 | INFO     | [lf.day.start] Processing AJF-ATZ for 26MAR
[LF] No direct flights on 26MAR for AJF-ATZ
2026-01-17 23:44:04 | WARNING  | [lf.day.no_flights] No direct flights on 26MAR
2026-01-17 23:44:04 | INFO     | [SUCCESS] Day 26MAR
2026-01-17 23:44:04 | INFO     | [DAY_START] Processing 25MAR
[LF] Processing AJF-ATZ for 25MAR
2026-01-17 23:44:04 | INFO     | [lf.day.start] Processing AJF-ATZ for 25MAR
[LF] No direct flights on 25MAR for AJF-ATZ
2026-01-17 23:44:05 | WARNING  | [lf.day.no_flights] No direct flights on 25MAR
2026-01-17 23:44:05 | INFO     | [SUCCESS] Day 25MAR
2026-01-17 23:44:05 | INFO     | [DAY_START] Processing 24MAR
[LF] Processing AJF-ATZ for 24MAR
2026-01-17 23:44:05 | INFO     | [lf.day.start] Processing AJF-ATZ for 24MAR
[LF] No direct flights on 24MAR for AJF-ATZ
2026-01-17 23:44:06 | WARNING  | [lf.day.no_flights] No direct flights on 24MAR
2026-01-17 23:44:06 | INFO     | [SUCCESS] Day 24MAR
[LF] Results summary:
  2026-04-01: 0 flights
  2026-03-31: 0 flights
  2026-03-30: 0 flights
  2026-03-29: 0 flights
  2026-03-28: 0 flights
  2026-03-27: 1 flights
  2026-03-26: 0 flights
  2026-03-25: 0 flights
  2026-03-24: 0 flights
2026-01-17 23:44:06 | INFO     | [SUCCESS] LF Search Complete

============================================================
[Worker_9227] ✓ COMPLETED: AJF-ATZ
  Results: 9 dates
  Errors: 0 dates
  Total Processed: 15 groups
============================================================

2026-01-17 23:44:06 | INFO     | [Worker_9227] Completed: AJF-ATZ - 9 results, 0 errors

============================================================
[Worker_9227] Processing: AHB-CAI
  Tier 0: Range 3, Chunk 1/3
  Dates: 9 days
  Date Range: 2026-04-01 to 2026-03-24
============================================================

2026-01-17 23:44:06 | INFO     | [Worker_9227] Processing: AHB-CAI
2026-01-17 23:44:06 | INFO     |   Tier 0: Range 3, Chunk 1/3 (9 days)
2026-01-17 23:44:06 | INFO     | ======================================================================
2026-01-17 23:44:06 | INFO     | Load Factor Scraper Started - Route: AHB-CAI
2026-01-17 23:44:06 | INFO     | Log file: D:\CODERED\LAB\Artifacts\outputs\run_generated_170126_at_23.33_RETRY\logs\LF_AHB-CAI_20260117_234406.log
2026-01-17 23:44:06 | INFO     | Enhanced logging: Capturing both logging.info() and print()
2026-01-17 23:44:06 | INFO     | ======================================================================
[LF] Processing dates (override): ['01APR', '31MAR', '30MAR', '29MAR', '28MAR', '27MAR', '26MAR', '25MAR', '24MAR']
[LF] Attaching to Chrome for Altea access
2026-01-17 23:44:06 | INFO     | Starting LF search for route: AHB-CAI
2026-01-17 23:44:06 | INFO     | [START] LF Search
[LF][[OK] SUCCESS] Connected to Chrome on 127.0.0.1:9227 (after 1 attempts)
2026-01-17 23:44:07 | INFO     | [HEALTH CHECK] [OK] Chrome connection is healthy
[LF][[OK] SUCCESS] Found Amadeus Altea window: Altéa Reservation Desktop
[LF][[INFO] INFO] URL: https://tc212.resdesktop.altea.amadeus.com/app_ard/apf/init/login?SITE=ESMPESMP&LANGUAGE=GB&MARKETS=ARDW_PROD_WBP&ACTION=clpLogin
2026-01-17 23:44:07 | INFO     | [DAY_START] Processing 01APR
[LF] Processing AHB-CAI for 01APR
2026-01-17 23:44:07 | INFO     | [lf.day.start] Processing AHB-CAI for 01APR
[LF] 01APR: found 1 direct flights
2026-01-17 23:44:08 | INFO     | [lf.day.flights_found] Found 1 flights on 01APR
2026-01-17 23:44:10 | INFO     | [lf.flight.extracted] SM444 on 01APR: BKG=32, LF=18.3%
[LF] SM444 01APR: BKG=32, GRP=0, CAP=175, LF%=18.3%, Brd-Off=AHB-CAI, Classes: I:6, O:5, U:10, X:5, G:6
[LPC] SM444 01APR: Found 1 outbound flights with connecting passengers
[LF] Getting WEEKLY/LASTSOLD data for 1 flights
[LF] SM444 01APR: LASTSOLD=2026-01-14 00:00:00, WEEKLY=17, TODAY=0, YDAY=0
2026-01-17 23:44:15 | INFO     | [SUCCESS] Day 01APR
2026-01-17 23:44:15 | INFO     | [DAY_START] Processing 31MAR
[LF] Processing AHB-CAI for 31MAR
2026-01-17 23:44:15 | INFO     | [lf.day.start] Processing AHB-CAI for 31MAR
[LF] No direct flights on 31MAR for AHB-CAI
2026-01-17 23:44:16 | WARNING  | [lf.day.no_flights] No direct flights on 31MAR
2026-01-17 23:44:16 | INFO     | [SUCCESS] Day 31MAR
2026-01-17 23:44:16 | INFO     | [DAY_START] Processing 30MAR
[LF] Processing AHB-CAI for 30MAR
2026-01-17 23:44:16 | INFO     | [lf.day.start] Processing AHB-CAI for 30MAR
[LF] 30MAR: found 1 direct flights
2026-01-17 23:44:17 | INFO     | [lf.day.flights_found] Found 1 flights on 30MAR
2026-01-17 23:44:19 | INFO     | [lf.flight.extracted] SM444 on 30MAR: BKG=4, LF=2.3%
[LF] SM444 30MAR: BKG=4, GRP=0, CAP=175, LF%=2.3%, Brd-Off=AHB-CAI, Classes: W:4
[LF] Getting WEEKLY/LASTSOLD data for 1 flights
[LF] SM444 30MAR: LASTSOLD=2026-01-13 00:00:00, WEEKLY=2, TODAY=0, YDAY=0
2026-01-17 23:44:21 | INFO     | [SUCCESS] Day 30MAR
2026-01-17 23:44:21 | INFO     | [DAY_START] Processing 29MAR
[LF] Processing AHB-CAI for 29MAR
2026-01-17 23:44:21 | INFO     | [lf.day.start] Processing AHB-CAI for 29MAR
[LF] 29MAR: found 1 direct flights
2026-01-17 23:44:22 | INFO     | [lf.day.flights_found] Found 1 flights on 29MAR
2026-01-17 23:44:24 | INFO     | [lf.flight.extracted] SM444 on 29MAR: BKG=12, LF=6.9%
[LF] SM444 29MAR: BKG=12, GRP=0, CAP=175, LF%=6.9%, Brd-Off=AHB-CAI, Classes: W:10, G:2
[LF] Getting WEEKLY/LASTSOLD data for 1 flights
[LF] SM444 29MAR: LASTSOLD=2026-01-17 00:00:00, WEEKLY=1, TODAY=1, YDAY=0
2026-01-17 23:44:27 | INFO     | [SUCCESS] Day 29MAR
2026-01-17 23:44:27 | INFO     | [DAY_START] Processing 28MAR
[LF] Processing AHB-CAI for 28MAR
2026-01-17 23:44:27 | INFO     | [lf.day.start] Processing AHB-CAI for 28MAR
[LF] No direct flights on 28MAR for AHB-CAI
2026-01-17 23:44:28 | WARNING  | [lf.day.no_flights] No direct flights on 28MAR
2026-01-17 23:44:28 | INFO     | [SUCCESS] Day 28MAR
2026-01-17 23:44:28 | INFO     | [DAY_START] Processing 27MAR
[LF] Processing AHB-CAI for 27MAR
2026-01-17 23:44:28 | INFO     | [lf.day.start] Processing AHB-CAI for 27MAR
[LF] 27MAR: found 1 direct flights
2026-01-17 23:44:29 | INFO     | [lf.day.flights_found] Found 1 flights on 27MAR
2026-01-17 23:44:30 | INFO     | [lf.flight.extracted] SM444 on 27MAR: BKG=9, LF=5.1%
[LF] SM444 27MAR: BKG=9, GRP=0, CAP=175, LF%=5.1%, Brd-Off=AHB-CAI, Classes: W:5, S:4
[LF] Getting WEEKLY/LASTSOLD data for 1 flights
[LF] SM444 27MAR: LASTSOLD=2026-01-14 00:00:00, WEEKLY=5, TODAY=0, YDAY=0
2026-01-17 23:44:33 | INFO     | [SUCCESS] Day 27MAR
2026-01-17 23:44:33 | INFO     | [DAY_START] Processing 26MAR
[LF] Processing AHB-CAI for 26MAR
2026-01-17 23:44:33 | INFO     | [lf.day.start] Processing AHB-CAI for 26MAR
[LF] 26MAR: found 1 direct flights
2026-01-17 23:44:34 | INFO     | [lf.day.flights_found] Found 1 flights on 26MAR
2026-01-17 23:44:36 | INFO     | [lf.flight.extracted] SM448 on 26MAR: BKG=7, LF=4.0%
[LF] SM448 26MAR: BKG=7, GRP=0, CAP=175, LF%=4.0%, Brd-Off=AHB-CAI, Classes: W:4, S:2, Y:1
[LF] Getting WEEKLY/LASTSOLD data for 1 flights
[LF] SM448 26MAR: LASTSOLD=2026-01-02 00:00:00, WEEKLY=0, TODAY=0, YDAY=0
2026-01-17 23:44:38 | INFO     | [SUCCESS] Day 26MAR
2026-01-17 23:44:38 | INFO     | [DAY_START] Processing 25MAR
[LF] Processing AHB-CAI for 25MAR
2026-01-17 23:44:38 | INFO     | [lf.day.start] Processing AHB-CAI for 25MAR
[LF] No direct flights on 25MAR for AHB-CAI
2026-01-17 23:44:39 | WARNING  | [lf.day.no_flights] No direct flights on 25MAR
2026-01-17 23:44:39 | INFO     | [SUCCESS] Day 25MAR
2026-01-17 23:44:39 | INFO     | [DAY_START] Processing 24MAR
[LF] Processing AHB-CAI for 24MAR
2026-01-17 23:44:39 | INFO     | [lf.day.start] Processing AHB-CAI for 24MAR
[LF] No direct flights on 24MAR for AHB-CAI
2026-01-17 23:44:40 | WARNING  | [lf.day.no_flights] No direct flights on 24MAR
2026-01-17 23:44:40 | INFO     | [SUCCESS] Day 24MAR
[LF] Results summary:
  2026-04-01: 1 flights
  2026-03-31: 0 flights
  2026-03-30: 1 flights
  2026-03-29: 1 flights
  2026-03-28: 0 flights
  2026-03-27: 1 flights
  2026-03-26: 1 flights
  2026-03-25: 0 flights
  2026-03-24: 0 flights
2026-01-17 23:44:40 | INFO     | [SUCCESS] LF Search Complete

============================================================
[Worker_9227] ✓ COMPLETED: AHB-CAI
  Results: 9 dates
  Errors: 0 dates
  Total Processed: 16 groups
============================================================

2026-01-17 23:44:40 | INFO     | [Worker_9227] Completed: AHB-CAI - 9 results, 0 errors

============================================================
[Worker_9227] Processing: HBE-JED
  Tier 0: Range 3, Chunk 1/3
  Dates: 9 days
  Date Range: 2026-04-01 to 2026-03-24
============================================================

2026-01-17 23:44:40 | INFO     | [Worker_9227] Processing: HBE-JED
2026-01-17 23:44:40 | INFO     |   Tier 0: Range 3, Chunk 1/3 (9 days)
2026-01-17 23:44:40 | INFO     | ======================================================================
2026-01-17 23:44:40 | INFO     | Load Factor Scraper Started - Route: HBE-JED
2026-01-17 23:44:40 | INFO     | Log file: D:\CODERED\LAB\Artifacts\outputs\run_generated_170126_at_23.33_RETRY\logs\LF_HBE-JED_20260117_234440.log
2026-01-17 23:44:40 | INFO     | Enhanced logging: Capturing both logging.info() and print()
2026-01-17 23:44:40 | INFO     | ======================================================================
[LF] Processing dates (override): ['01APR', '31MAR', '30MAR', '29MAR', '28MAR', '27MAR', '26MAR', '25MAR', '24MAR']
[LF] Attaching to Chrome for Altea access
2026-01-17 23:44:40 | INFO     | Starting LF search for route: HBE-JED
2026-01-17 23:44:40 | INFO     | [START] LF Search
[LF][[OK] SUCCESS] Connected to Chrome on 127.0.0.1:9227 (after 1 attempts)
2026-01-17 23:44:41 | INFO     | [HEALTH CHECK] [OK] Chrome connection is healthy
[LF][[OK] SUCCESS] Found Amadeus Altea window: Altéa Reservation Desktop
[LF][[INFO] INFO] URL: https://tc212.resdesktop.altea.amadeus.com/app_ard/apf/init/login?SITE=ESMPESMP&LANGUAGE=GB&MARKETS=ARDW_PROD_WBP&ACTION=clpLogin
2026-01-17 23:44:41 | INFO     | [DAY_START] Processing 01APR
[LF] Processing HBE-JED for 01APR
2026-01-17 23:44:41 | INFO     | [lf.day.start] Processing HBE-JED for 01APR
[LF] 01APR: found 1 direct flights
2026-01-17 23:44:42 | INFO     | [lf.day.flights_found] Found 1 flights on 01APR
2026-01-17 23:44:44 | INFO     | [lf.flight.extracted] SM451 on 01APR: BKG=20, LF=11.2%
[LF] SM451 01APR: BKG=20, GRP=0, CAP=179, LF%=11.2%, Brd-Off=HBE-JED, Classes: I:9, O:9, U:2
[LF] Getting WEEKLY/LASTSOLD data for 1 flights
[LF] SM451 01APR: LASTSOLD=2026-01-15 00:00:00, WEEKLY=1, TODAY=0, YDAY=0
2026-01-17 23:44:48 | INFO     | [SUCCESS] Day 01APR
2026-01-17 23:44:48 | INFO     | [DAY_START] Processing 31MAR
[LF] Processing HBE-JED for 31MAR
2026-01-17 23:44:48 | INFO     | [lf.day.start] Processing HBE-JED for 31MAR
[LF] No direct flights on 31MAR for HBE-JED
2026-01-17 23:44:49 | WARNING  | [lf.day.no_flights] No direct flights on 31MAR
2026-01-17 23:44:49 | INFO     | [SUCCESS] Day 31MAR
2026-01-17 23:44:49 | INFO     | [DAY_START] Processing 30MAR
[LF] Processing HBE-JED for 30MAR
2026-01-17 23:44:49 | INFO     | [lf.day.start] Processing HBE-JED for 30MAR
[LF] 30MAR: found 1 direct flights
2026-01-17 23:44:50 | INFO     | [lf.day.flights_found] Found 1 flights on 30MAR
2026-01-17 23:44:52 | INFO     | [lf.flight.extracted] SM451 on 30MAR: BKG=18, LF=10.1%
[LF] SM451 30MAR: BKG=18, GRP=0, CAP=179, LF%=10.1%, Brd-Off=HBE-JED, Classes: W:13, S:5
[LF] Getting WEEKLY/LASTSOLD data for 1 flights
[LF] SM451 30MAR: LASTSOLD=2026-01-16 00:00:00, WEEKLY=10, TODAY=0, YDAY=1
2026-01-17 23:44:55 | INFO     | [SUCCESS] Day 30MAR
2026-01-17 23:44:55 | INFO     | [DAY_START] Processing 29MAR
[LF] Processing HBE-JED for 29MAR
2026-01-17 23:44:55 | INFO     | [lf.day.start] Processing HBE-JED for 29MAR
[LF] 29MAR: found 1 direct flights
2026-01-17 23:44:56 | INFO     | [lf.day.flights_found] Found 1 flights on 29MAR
2026-01-17 23:44:58 | INFO     | [lf.flight.extracted] SM451 on 29MAR: BKG=56, LF=31.3%
[LF] SM451 29MAR: BKG=56, GRP=0, CAP=179, LF%=31.3%, Brd-Off=HBE-JED, Classes: W:13, S:14, G:15, L:12, V:2
[LF] Getting WEEKLY/LASTSOLD data for 1 flights
[LF] SM451 29MAR: LASTSOLD=2026-01-15 00:00:00, WEEKLY=11, TODAY=0, YDAY=0
2026-01-17 23:45:02 | INFO     | [SUCCESS] Day 29MAR
2026-01-17 23:45:02 | INFO     | [DAY_START] Processing 28MAR
[LF] Processing HBE-JED for 28MAR
2026-01-17 23:45:02 | INFO     | [lf.day.start] Processing HBE-JED for 28MAR
[LF] 28MAR: found 2 direct flights
2026-01-17 23:45:03 | INFO     | [lf.day.flights_found] Found 2 flights on 28MAR
2026-01-17 23:45:05 | INFO     | [lf.flight.extracted] SM457 on 28MAR: BKG=77, LF=43.0%
[LF] SM457 28MAR: BKG=77, GRP=0, CAP=179, LF%=43.0%, Brd-Off=HBE-JED, Classes: L:54, V:18, K:5
2026-01-17 23:45:09 | INFO     | [lf.flight.extracted] SM451 on 28MAR: BKG=99, LF=55.3%
[LF] SM451 28MAR: BKG=99, GRP=0, CAP=179, LF%=55.3%, Brd-Off=HBE-JED, Classes: L:57, V:15, K:18, Q:9
[LF] Getting WEEKLY/LASTSOLD data for 2 flights
[LF] SM457 28MAR: LASTSOLD=2026-01-17 00:00:00, WEEKLY=8, TODAY=1, YDAY=1
[LF] SM451 28MAR: LASTSOLD=2026-01-17 00:00:00, WEEKLY=8, TODAY=6, YDAY=0
2026-01-17 23:45:20 | INFO     | [SUCCESS] Day 28MAR
2026-01-17 23:45:20 | INFO     | [DAY_START] Processing 27MAR
[LF] Processing HBE-JED for 27MAR
2026-01-17 23:45:20 | INFO     | [lf.day.start] Processing HBE-JED for 27MAR
[LF] 27MAR: found 1 direct flights
2026-01-17 23:45:21 | INFO     | [lf.day.flights_found] Found 1 flights on 27MAR
2026-01-17 23:45:23 | INFO     | [lf.flight.extracted] SM451 on 27MAR: BKG=58, LF=32.4%
[LF] SM451 27MAR: BKG=58, GRP=0, CAP=179, LF%=32.4%, Brd-Off=HBE-JED, Classes: L:54, V:4
[LF] Getting WEEKLY/LASTSOLD data for 1 flights
[LF] SM451 27MAR: LASTSOLD=2026-01-15 00:00:00, WEEKLY=9, TODAY=0, YDAY=0
2026-01-17 23:45:27 | INFO     | [SUCCESS] Day 27MAR
2026-01-17 23:45:27 | INFO     | [DAY_START] Processing 26MAR
[LF] Processing HBE-JED for 26MAR
2026-01-17 23:45:27 | INFO     | [lf.day.start] Processing HBE-JED for 26MAR
[LF] 26MAR: found 1 direct flights
2026-01-17 23:45:28 | INFO     | [lf.day.flights_found] Found 1 flights on 26MAR
2026-01-17 23:45:31 | INFO     | [lf.flight.extracted] SM451 on 26MAR: BKG=4, LF=2.2%
[LF] SM451 26MAR: BKG=4, GRP=0, CAP=179, LF%=2.2%, Brd-Off=HBE-JED, Classes: L:4
[LF] Getting WEEKLY/LASTSOLD data for 1 flights
[LF] SM451 26MAR: LASTSOLD=2026-01-03 00:00:00, WEEKLY=0, TODAY=0, YDAY=0
2026-01-17 23:45:33 | ERROR    | Atomic write failed for D:\CODERED\LAB\Artifacts\outputs\run_generated_170126_at_23.33_RETRY\checkpoints\flight_booking_data.json: [WinError 5] Access is denied: 'D:\\CODERED\\LAB\\Artifacts\\outputs\\run_generated_170126_at_23.33_RETRY\\checkpoints\\flight_booking_data.tmp_0fca870a' -> 'D:\\CODERED\\LAB\\Artifacts\\outputs\\run_generated_170126_at_23.33_RETRY\\checkpoints\\flight_booking_data.json'
2026-01-17 23:45:34 | INFO     | [SUCCESS] Day 26MAR
2026-01-17 23:45:34 | INFO     | [DAY_START] Processing 25MAR
[LF] Processing HBE-JED for 25MAR
2026-01-17 23:45:34 | INFO     | [lf.day.start] Processing HBE-JED for 25MAR
[LF] 25MAR: found 3 direct flights
2026-01-17 23:45:35 | INFO     | [lf.day.flights_found] Found 3 flights on 25MAR
2026-01-17 23:45:37 | INFO     | [lf.flight.extracted] SM451 on 25MAR: BKG=0, LF=0.0%
[LF] SM451 25MAR: BKG=0, GRP=0, CAP=179, LF%=0.0%, Brd-Off=HBE-JED
2026-01-17 23:45:40 | INFO     | [lf.flight.extracted] SM457 on 25MAR: BKG=4, LF=2.2%
[LF] SM457 25MAR: BKG=4, GRP=0, CAP=179, LF%=2.2%, Brd-Off=HBE-JED, Classes: L:4
2026-01-17 23:45:43 | INFO     | [lf.flight.extracted] SM473 on 25MAR: BKG=0, LF=0.0%
[LF] SM473 25MAR: BKG=0, GRP=0, CAP=179, LF%=0.0%, Brd-Off=HBE-JED
[LF] Getting WEEKLY/LASTSOLD data for 1 flights
[LF] SM457 25MAR: LASTSOLD=2026-01-14 00:00:00, WEEKLY=1, TODAY=0, YDAY=0
2026-01-17 23:45:46 | INFO     | [SUCCESS] Day 25MAR
2026-01-17 23:45:46 | INFO     | [DAY_START] Processing 24MAR
[LF] Processing HBE-JED for 24MAR
2026-01-17 23:45:46 | INFO     | [lf.day.start] Processing HBE-JED for 24MAR
[LF] 24MAR: found 3 direct flights
2026-01-17 23:45:47 | INFO     | [lf.day.flights_found] Found 3 flights on 24MAR
2026-01-17 23:45:49 | INFO     | [lf.flight.extracted] SM961 on 24MAR: BKG=12, LF=6.7%
[LF] SM961 24MAR: BKG=12, GRP=0, CAP=179, LF%=6.7%, Brd-Off=HBE-JED, Classes: X:12
2026-01-17 23:45:52 | INFO     | [lf.flight.extracted] SM451 on 24MAR: BKG=0, LF=0.0%
[LF] SM451 24MAR: BKG=0, GRP=0, CAP=179, LF%=0.0%, Brd-Off=HBE-JED
2026-01-17 23:45:55 | INFO     | [lf.flight.extracted] SM957 on 24MAR: BKG=0, LF=0.0%
[LF] SM957 24MAR: BKG=0, GRP=0, CAP=179, LF%=0.0%, Brd-Off=HBE-JED
[LF] Getting WEEKLY/LASTSOLD data for 1 flights
[LF] SM961 24MAR: LASTSOLD=2026-01-16 00:00:00, WEEKLY=9, TODAY=0, YDAY=1
2026-01-17 23:45:58 | INFO     | [SUCCESS] Day 24MAR
[LF] Results summary:
  2026-04-01: 1 flights
  2026-03-31: 0 flights
  2026-03-30: 1 flights
  2026-03-29: 1 flights
  2026-03-28: 2 flights
  2026-03-27: 1 flights
  2026-03-26: 1 flights
  2026-03-25: 3 flights
  2026-03-24: 3 flights
2026-01-17 23:45:58 | INFO     | [SUCCESS] LF Search Complete

============================================================
[Worker_9227] ✓ COMPLETED: HBE-JED
  Results: 9 dates
  Errors: 0 dates
  Total Processed: 17 groups
============================================================

2026-01-17 23:45:58 | INFO     | [Worker_9227] Completed: HBE-JED - 9 results, 0 errors

============================================================
[Worker_9227] Processing: CAI-AHB
  Tier 0: Range 3, Chunk 1/3
  Dates: 9 days
  Date Range: 2026-04-01 to 2026-03-24
============================================================

2026-01-17 23:45:58 | INFO     | [Worker_9227] Processing: CAI-AHB
2026-01-17 23:45:58 | INFO     |   Tier 0: Range 3, Chunk 1/3 (9 days)
2026-01-17 23:45:58 | INFO     | ======================================================================
2026-01-17 23:45:58 | INFO     | Load Factor Scraper Started - Route: CAI-AHB
2026-01-17 23:45:58 | INFO     | Log file: D:\CODERED\LAB\Artifacts\outputs\run_generated_170126_at_23.33_RETRY\logs\LF_CAI-AHB_20260117_234558.log
2026-01-17 23:45:58 | INFO     | Enhanced logging: Capturing both logging.info() and print()
2026-01-17 23:45:58 | INFO     | ======================================================================
[LF] Processing dates (override): ['01APR', '31MAR', '30MAR', '29MAR', '28MAR', '27MAR', '26MAR', '25MAR', '24MAR']
[LF] Attaching to Chrome for Altea access
2026-01-17 23:45:58 | INFO     | Starting LF search for route: CAI-AHB
2026-01-17 23:45:58 | INFO     | [START] LF Search
[LF][[OK] SUCCESS] Connected to Chrome on 127.0.0.1:9227 (after 1 attempts)
2026-01-17 23:45:59 | INFO     | [HEALTH CHECK] [OK] Chrome connection is healthy
[LF][[OK] SUCCESS] Found Amadeus Altea window: Altéa Reservation Desktop
[LF][[INFO] INFO] URL: https://tc212.resdesktop.altea.amadeus.com/app_ard/apf/init/login?SITE=ESMPESMP&LANGUAGE=GB&MARKETS=ARDW_PROD_WBP&ACTION=clpLogin
2026-01-17 23:45:59 | INFO     | [DAY_START] Processing 01APR
[LF] Processing CAI-AHB for 01APR
2026-01-17 23:45:59 | INFO     | [lf.day.start] Processing CAI-AHB for 01APR
[LF] 01APR: found 1 direct flights
2026-01-17 23:46:00 | INFO     | [lf.day.flights_found] Found 1 flights on 01APR
2026-01-17 23:46:02 | INFO     | [lf.flight.extracted] SM443 on 01APR: BKG=63, LF=35.2%
[LF] SM443 01APR: BKG=63, GRP=0, CAP=179, LF%=35.2%, Brd-Off=CAI-AHB, Classes: I:4, O:6, U:8, X:1, T:13, W:11, S:7, G:8, L:5
[LF] Getting WEEKLY/LASTSOLD data for 1 flights
[LF] SM443 01APR: LASTSOLD=2026-01-17 00:00:00, WEEKLY=10, TODAY=1, YDAY=0
2026-01-17 23:46:06 | INFO     | [SUCCESS] Day 01APR
2026-01-17 23:46:06 | INFO     | [DAY_START] Processing 31MAR
[LF] Processing CAI-AHB for 31MAR
2026-01-17 23:46:06 | INFO     | [lf.day.start] Processing CAI-AHB for 31MAR
[LF] No direct flights on 31MAR for CAI-AHB
2026-01-17 23:46:07 | WARNING  | [lf.day.no_flights] No direct flights on 31MAR
2026-01-17 23:46:07 | INFO     | [SUCCESS] Day 31MAR
2026-01-17 23:46:07 | INFO     | [DAY_START] Processing 30MAR
[LF] Processing CAI-AHB for 30MAR
2026-01-17 23:46:07 | INFO     | [lf.day.start] Processing CAI-AHB for 30MAR
[LF] 30MAR: found 1 direct flights
2026-01-17 23:46:08 | INFO     | [lf.day.flights_found] Found 1 flights on 30MAR
2026-01-17 23:46:10 | INFO     | [lf.flight.extracted] SM443 on 30MAR: BKG=1, LF=0.6%
[LF] SM443 30MAR: BKG=1, GRP=0, CAP=179, LF%=0.6%, Brd-Off=CAI-AHB, Classes: V:1
[LF] Getting WEEKLY/LASTSOLD data for 1 flights
[LF] SM443 30MAR: LASTSOLD=2025-12-02 00:00:00, WEEKLY=0, TODAY=0, YDAY=0
2026-01-17 23:46:13 | INFO     | [SUCCESS] Day 30MAR
2026-01-17 23:46:13 | INFO     | [DAY_START] Processing 29MAR
[LF] Processing CAI-AHB for 29MAR
2026-01-17 23:46:13 | INFO     | [lf.day.start] Processing CAI-AHB for 29MAR
[LF] No direct flights on 29MAR for CAI-AHB
2026-01-17 23:46:24 | WARNING  | [lf.day.no_flights] No direct flights on 29MAR
2026-01-17 23:46:24 | INFO     | [SUCCESS] Day 29MAR
2026-01-17 23:46:24 | INFO     | [DAY_START] Processing 28MAR
[LF] Processing CAI-AHB for 28MAR
2026-01-17 23:46:24 | INFO     | [lf.day.start] Processing CAI-AHB for 28MAR
[LF] 28MAR: found 1 direct flights
2026-01-17 23:46:25 | INFO     | [lf.day.flights_found] Found 1 flights on 28MAR
2026-01-17 23:46:27 | INFO     | [lf.flight.extracted] SM443 on 28MAR: BKG=52, LF=29.0%
[LF] SM443 28MAR: BKG=52, GRP=0, CAP=179, LF%=29.0%, Brd-Off=CAI-AHB, Classes: S:1, G:7, L:8, V:7, K:3, H:7, B:7, Y:12
[LF] Getting WEEKLY/LASTSOLD data for 1 flights
[LF] SM443 28MAR: LASTSOLD=2026-01-11 00:00:00, WEEKLY=2, TODAY=0, YDAY=0
2026-01-17 23:46:32 | INFO     | [SUCCESS] Day 28MAR
2026-01-17 23:46:32 | INFO     | [DAY_START] Processing 27MAR
[LF] Processing CAI-AHB for 27MAR
2026-01-17 23:46:32 | INFO     | [lf.day.start] Processing CAI-AHB for 27MAR
[LF] No direct flights on 27MAR for CAI-AHB
2026-01-17 23:46:33 | WARNING  | [lf.day.no_flights] No direct flights on 27MAR
2026-01-17 23:46:33 | INFO     | [SUCCESS] Day 27MAR
2026-01-17 23:46:33 | INFO     | [DAY_START] Processing 26MAR
[LF] Processing CAI-AHB for 26MAR
2026-01-17 23:46:33 | INFO     | [lf.day.start] Processing CAI-AHB for 26MAR
[LF] 26MAR: found 1 direct flights
2026-01-17 23:46:34 | INFO     | [lf.day.flights_found] Found 1 flights on 26MAR
2026-01-17 23:46:36 | INFO     | [lf.flight.extracted] SM443 on 26MAR: BKG=20, LF=11.2%
[LF] SM443 26MAR: BKG=20, GRP=0, CAP=179, LF%=11.2%, Brd-Off=CAI-AHB, Classes: W:1, S:2, G:6, L:6, M:5
[LF] Getting WEEKLY/LASTSOLD data for 1 flights
[LF] SM443 26MAR: LASTSOLD=2026-01-08 00:00:00, WEEKLY=0, TODAY=0, YDAY=0
2026-01-17 23:46:39 | INFO     | [SUCCESS] Day 26MAR
2026-01-17 23:46:39 | INFO     | [DAY_START] Processing 25MAR
[LF] Processing CAI-AHB for 25MAR
2026-01-17 23:46:39 | INFO     | [lf.day.start] Processing CAI-AHB for 25MAR
[LF] 25MAR: found 1 direct flights
2026-01-17 23:46:40 | INFO     | [lf.day.flights_found] Found 1 flights on 25MAR
2026-01-17 23:46:43 | INFO     | [lf.flight.extracted] SM447 on 25MAR: BKG=10, LF=5.6%
[LF] SM447 25MAR: BKG=10, GRP=0, CAP=179, LF%=5.6%, Brd-Off=CAI-AHB, Classes: W:1, S:1, G:2, Q:4, H:1, M:1
[LF] Getting WEEKLY/LASTSOLD data for 1 flights
[LF] SM447 25MAR: LASTSOLD=2026-01-15 00:00:00, WEEKLY=4, TODAY=0, YDAY=0
2026-01-17 23:46:45 | INFO     | [SUCCESS] Day 25MAR
2026-01-17 23:46:45 | INFO     | [DAY_START] Processing 24MAR
[LF] Processing CAI-AHB for 24MAR
2026-01-17 23:46:45 | INFO     | [lf.day.start] Processing CAI-AHB for 24MAR
[LF] No direct flights on 24MAR for CAI-AHB
2026-01-17 23:46:47 | WARNING  | [lf.day.no_flights] No direct flights on 24MAR
2026-01-17 23:46:47 | INFO     | [SUCCESS] Day 24MAR
[LF] Results summary:
  2026-04-01: 1 flights
  2026-03-31: 0 flights
  2026-03-30: 1 flights
  2026-03-29: 0 flights
  2026-03-28: 1 flights
  2026-03-27: 0 flights
  2026-03-26: 1 flights
  2026-03-25: 1 flights
  2026-03-24: 0 flights
2026-01-17 23:46:47 | INFO     | [SUCCESS] LF Search Complete

============================================================
[Worker_9227] ✓ COMPLETED: CAI-AHB
  Results: 9 dates
  Errors: 0 dates
  Total Processed: 18 groups
============================================================

2026-01-17 23:46:47 | INFO     | [Worker_9227] Completed: CAI-AHB - 9 results, 0 errors

============================================================
[Worker_9227] Processing: MED-ATZ
  Tier 0: Range 3, Chunk 2/3
  Dates: 8 days
  Date Range: 2026-03-23 to 2026-03-16
============================================================

2026-01-17 23:46:47 | INFO     | [Worker_9227] Processing: MED-ATZ
2026-01-17 23:46:47 | INFO     |   Tier 0: Range 3, Chunk 2/3 (8 days)
2026-01-17 23:46:47 | INFO     | ======================================================================
2026-01-17 23:46:47 | INFO     | Load Factor Scraper Started - Route: MED-ATZ
2026-01-17 23:46:47 | INFO     | Log file: D:\CODERED\LAB\Artifacts\outputs\run_generated_170126_at_23.33_RETRY\logs\LF_MED-ATZ_20260117_234647.log
2026-01-17 23:46:47 | INFO     | Enhanced logging: Capturing both logging.info() and print()
2026-01-17 23:46:47 | INFO     | ======================================================================
[LF] Processing dates (override): ['23MAR', '22MAR', '21MAR', '20MAR', '19MAR', '18MAR', '17MAR', '16MAR']
[LF] Attaching to Chrome for Altea access
2026-01-17 23:46:47 | INFO     | Starting LF search for route: MED-ATZ
2026-01-17 23:46:47 | INFO     | [START] LF Search
[LF][[OK] SUCCESS] Connected to Chrome on 127.0.0.1:9227 (after 1 attempts)
2026-01-17 23:46:48 | INFO     | [HEALTH CHECK] [OK] Chrome connection is healthy
[LF][[OK] SUCCESS] Found Amadeus Altea window: Altéa Reservation Desktop
[LF][[INFO] INFO] URL: https://tc212.resdesktop.altea.amadeus.com/app_ard/apf/init/login?SITE=ESMPESMP&LANGUAGE=GB&MARKETS=ARDW_PROD_WBP&ACTION=clpLogin
2026-01-17 23:46:48 | INFO     | [DAY_START] Processing 23MAR
[LF] Processing MED-ATZ for 23MAR
2026-01-17 23:46:48 | INFO     | [lf.day.start] Processing MED-ATZ for 23MAR
[LF] 23MAR: found 2 direct flights
2026-01-17 23:46:49 | INFO     | [lf.day.flights_found] Found 2 flights on 23MAR
2026-01-17 23:46:51 | INFO     | [lf.flight.extracted] SM964 on 23MAR: BKG=180, LF=107.8%
[LF] SM964 23MAR: BKG=180, GRP=180, CAP=167, LF%=107.8%, Brd-Off=MED-ATZ, Classes: P:180
2026-01-17 23:46:55 | INFO     | [lf.flight.extracted] SM488 on 23MAR: BKG=140, LF=80.0%
[LF] SM488 23MAR: BKG=140, GRP=135, CAP=175, LF%=80.0%, Brd-Off=MED-ATZ, Classes: P:135, L:5
[LF] Getting WEEKLY/LASTSOLD data for 2 flights
[LF] SM964 23MAR: LASTSOLD=2025-12-28 00:00:00, WEEKLY=0, TODAY=0, YDAY=0
[LF] SM488 23MAR: LASTSOLD=2026-01-08 00:00:00, WEEKLY=0, TODAY=0, YDAY=0
2026-01-17 23:46:59 | INFO     | [SUCCESS] Day 23MAR
2026-01-17 23:46:59 | INFO     | [DAY_START] Processing 22MAR
[LF] Processing MED-ATZ for 22MAR
2026-01-17 23:46:59 | INFO     | [lf.day.start] Processing MED-ATZ for 22MAR
[LF] No direct flights on 22MAR for MED-ATZ
2026-01-17 23:47:00 | WARNING  | [lf.day.no_flights] No direct flights on 22MAR
2026-01-17 23:47:00 | INFO     | [SUCCESS] Day 22MAR
2026-01-17 23:47:00 | INFO     | [DAY_START] Processing 21MAR
[LF] Processing MED-ATZ for 21MAR
2026-01-17 23:47:00 | INFO     | [lf.day.start] Processing MED-ATZ for 21MAR
[LF] 21MAR: found 1 direct flights
2026-01-17 23:47:02 | INFO     | [lf.day.flights_found] Found 1 flights on 21MAR
2026-01-17 23:47:04 | INFO     | [lf.flight.extracted] SM488 on 21MAR: BKG=145, LF=84.3%
[LF] SM488 21MAR: BKG=145, GRP=135, CAP=172, LF%=84.3%, Brd-Off=MED-ATZ, Classes: P:135, K:3, H:3, M:4
[LF] Getting WEEKLY/LASTSOLD data for 1 flights
[LF] SM488 21MAR: LASTSOLD=2026-01-05 00:00:00, WEEKLY=0, TODAY=0, YDAY=0
2026-01-17 23:47:07 | INFO     | [SUCCESS] Day 21MAR
2026-01-17 23:47:07 | INFO     | [DAY_START] Processing 20MAR
[LF] Processing MED-ATZ for 20MAR
2026-01-17 23:47:07 | INFO     | [lf.day.start] Processing MED-ATZ for 20MAR
[LF] 20MAR: found 1 direct flights
2026-01-17 23:47:08 | INFO     | [lf.day.flights_found] Found 1 flights on 20MAR
2026-01-17 23:47:11 | INFO     | [lf.flight.extracted] SM964 on 20MAR: BKG=135, LF=80.8%
[LF] SM964 20MAR: BKG=135, GRP=135, CAP=167, LF%=80.8%, Brd-Off=MED-ATZ, Classes: P:135
[LF] Getting WEEKLY/LASTSOLD data for 1 flights
[LF] SM964 20MAR: LASTSOLD=2026-01-04 00:00:00, WEEKLY=0, TODAY=0, YDAY=0
2026-01-17 23:47:14 | INFO     | [SUCCESS] Day 20MAR
2026-01-17 23:47:14 | INFO     | [DAY_START] Processing 19MAR
[LF] Processing MED-ATZ for 19MAR
2026-01-17 23:47:14 | INFO     | [lf.day.start] Processing MED-ATZ for 19MAR
[LF] No direct flights on 19MAR for MED-ATZ
2026-01-17 23:47:15 | WARNING  | [lf.day.no_flights] No direct flights on 19MAR
2026-01-17 23:47:15 | INFO     | [SUCCESS] Day 19MAR
2026-01-17 23:47:15 | INFO     | [DAY_START] Processing 18MAR
[LF] Processing MED-ATZ for 18MAR
2026-01-17 23:47:15 | INFO     | [lf.day.start] Processing MED-ATZ for 18MAR
[LF] 18MAR: 1 cancelled flight(s) detected from SN
[LF] No direct flights on 18MAR for MED-ATZ
2026-01-17 23:47:16 | WARNING  | [lf.day.no_flights] No direct flights on 18MAR
2026-01-17 23:47:16 | INFO     | [SUCCESS] Day 18MAR
2026-01-17 23:47:16 | INFO     | [DAY_START] Processing 17MAR
[LF] Processing MED-ATZ for 17MAR
2026-01-17 23:47:16 | INFO     | [lf.day.start] Processing MED-ATZ for 17MAR
[LF] 17MAR: found 1 direct flights
2026-01-17 23:47:18 | INFO     | [lf.day.flights_found] Found 1 flights on 17MAR
2026-01-17 23:47:20 | INFO     | [lf.flight.extracted] SM488 on 17MAR: BKG=13, LF=7.4%
[LF] SM488 17MAR: BKG=13, GRP=0, CAP=175, LF%=7.4%, Brd-Off=MED-ATZ, Classes: K:5, Q:5, H:2, M:1
[LF] Getting WEEKLY/LASTSOLD data for 1 flights
[LF] SM488 17MAR: LASTSOLD=2026-01-17 00:00:00, WEEKLY=4, TODAY=1, YDAY=0
2026-01-17 23:47:23 | INFO     | [SUCCESS] Day 17MAR
2026-01-17 23:47:23 | INFO     | [DAY_START] Processing 16MAR
[LF] Processing MED-ATZ for 16MAR
2026-01-17 23:47:23 | INFO     | [lf.day.start] Processing MED-ATZ for 16MAR
[LF] 16MAR: found 1 direct flights
2026-01-17 23:47:24 | INFO     | [lf.day.flights_found] Found 1 flights on 16MAR
2026-01-17 23:47:26 | INFO     | [lf.flight.extracted] SM488 on 16MAR: BKG=15, LF=8.7%
[LF] SM488 16MAR: BKG=15, GRP=0, CAP=172, LF%=8.7%, Brd-Off=MED-ATZ, Classes: S:7, K:2, Q:6
[LF] Getting WEEKLY/LASTSOLD data for 1 flights
[LF] SM488 16MAR: LASTSOLD=2026-01-11 00:00:00, WEEKLY=1, TODAY=0, YDAY=0
2026-01-17 23:47:30 | INFO     | [SUCCESS] Day 16MAR
[LF] Results summary:
  2026-03-23: 2 flights
  2026-03-22: 0 flights
  2026-03-21: 1 flights
  2026-03-20: 1 flights
  2026-03-19: 0 flights
  2026-03-18: 0 flights
  2026-03-17: 1 flights
  2026-03-16: 1 flights
[LF] Cancelled flights found: 1
  - SM490 18MAR (SN)
2026-01-17 23:47:30 | INFO     | [SUCCESS] LF Search Complete
[Worker_9227] Cancelled flights collected: 1

============================================================
[Worker_9227] ✓ COMPLETED: MED-ATZ
  Results: 8 dates
  Errors: 0 dates
  Total Processed: 19 groups
============================================================

2026-01-17 23:47:30 | INFO     | [Worker_9227] Completed: MED-ATZ - 8 results, 0 errors

============================================================
[Worker_9227] Processing: RUH-ATZ
  Tier 0: Range 3, Chunk 2/3
  Dates: 8 days
  Date Range: 2026-03-23 to 2026-03-16
============================================================

2026-01-17 23:47:30 | INFO     | [Worker_9227] Processing: RUH-ATZ
2026-01-17 23:47:30 | INFO     |   Tier 0: Range 3, Chunk 2/3 (8 days)
2026-01-17 23:47:30 | INFO     | ======================================================================
2026-01-17 23:47:30 | INFO     | Load Factor Scraper Started - Route: RUH-ATZ
2026-01-17 23:47:30 | INFO     | Log file: D:\CODERED\LAB\Artifacts\outputs\run_generated_170126_at_23.33_RETRY\logs\LF_RUH-ATZ_20260117_234730.log
2026-01-17 23:47:30 | INFO     | Enhanced logging: Capturing both logging.info() and print()
2026-01-17 23:47:30 | INFO     | ======================================================================
[LF] Processing dates (override): ['23MAR', '22MAR', '21MAR', '20MAR', '19MAR', '18MAR', '17MAR', '16MAR']
[LF] Attaching to Chrome for Altea access
2026-01-17 23:47:30 | INFO     | Starting LF search for route: RUH-ATZ
2026-01-17 23:47:30 | INFO     | [START] LF Search
[LF][[OK] SUCCESS] Connected to Chrome on 127.0.0.1:9227 (after 1 attempts)
2026-01-17 23:47:31 | INFO     | [HEALTH CHECK] [OK] Chrome connection is healthy
[LF][[OK] SUCCESS] Found Amadeus Altea window: Altéa Reservation Desktop
[LF][[INFO] INFO] URL: https://tc212.resdesktop.altea.amadeus.com/app_ard/apf/init/login?SITE=ESMPESMP&LANGUAGE=GB&MARKETS=ARDW_PROD_WBP&ACTION=clpLogin
2026-01-17 23:47:31 | INFO     | [DAY_START] Processing 23MAR
[LF] Processing RUH-ATZ for 23MAR
2026-01-17 23:47:31 | INFO     | [lf.day.start] Processing RUH-ATZ for 23MAR
[LF] No direct flights on 23MAR for RUH-ATZ
2026-01-17 23:47:32 | WARNING  | [lf.day.no_flights] No direct flights on 23MAR
2026-01-17 23:47:33 | INFO     | [SUCCESS] Day 23MAR
2026-01-17 23:47:33 | INFO     | [DAY_START] Processing 22MAR
[LF] Processing RUH-ATZ for 22MAR
2026-01-17 23:47:33 | INFO     | [lf.day.start] Processing RUH-ATZ for 22MAR
[LF] 22MAR: found 1 direct flights
2026-01-17 23:47:34 | INFO     | [lf.day.flights_found] Found 1 flights on 22MAR
2026-01-17 23:47:36 | INFO     | [lf.flight.extracted] SM464 on 22MAR: BKG=12, LF=6.9%
[LF] SM464 22MAR: BKG=12, GRP=0, CAP=175, LF%=6.9%, Brd-Off=RUH-ATZ, Classes: W:2, S:4, G:4, K:1, B:1
[LF] Getting WEEKLY/LASTSOLD data for 1 flights
[LF] SM464 22MAR: LASTSOLD=2026-01-14 00:00:00, WEEKLY=4, TODAY=0, YDAY=0
2026-01-17 23:47:39 | INFO     | [SUCCESS] Day 22MAR
2026-01-17 23:47:39 | INFO     | [DAY_START] Processing 21MAR
[LF] Processing RUH-ATZ for 21MAR
2026-01-17 23:47:39 | INFO     | [lf.day.start] Processing RUH-ATZ for 21MAR
[LF] No direct flights on 21MAR for RUH-ATZ
2026-01-17 23:47:40 | WARNING  | [lf.day.no_flights] No direct flights on 21MAR
2026-01-17 23:47:40 | INFO     | [SUCCESS] Day 21MAR
2026-01-17 23:47:40 | INFO     | [DAY_START] Processing 20MAR
[LF] Processing RUH-ATZ for 20MAR
2026-01-17 23:47:40 | INFO     | [lf.day.start] Processing RUH-ATZ for 20MAR
[LF] No direct flights on 20MAR for RUH-ATZ
2026-01-17 23:47:41 | WARNING  | [lf.day.no_flights] No direct flights on 20MAR
2026-01-17 23:47:41 | INFO     | [SUCCESS] Day 20MAR
2026-01-17 23:47:41 | INFO     | [DAY_START] Processing 19MAR
[LF] Processing RUH-ATZ for 19MAR
2026-01-17 23:47:41 | INFO     | [lf.day.start] Processing RUH-ATZ for 19MAR
[LF] No direct flights on 19MAR for RUH-ATZ
2026-01-17 23:47:42 | WARNING  | [lf.day.no_flights] No direct flights on 19MAR
2026-01-17 23:47:42 | INFO     | [SUCCESS] Day 19MAR
2026-01-17 23:47:42 | INFO     | [DAY_START] Processing 18MAR
[LF] Processing RUH-ATZ for 18MAR
2026-01-17 23:47:42 | INFO     | [lf.day.start] Processing RUH-ATZ for 18MAR
[LF] 18MAR: found 1 direct flights
2026-01-17 23:47:43 | INFO     | [lf.day.flights_found] Found 1 flights on 18MAR
2026-01-17 23:47:45 | INFO     | [lf.flight.extracted] SM466 on 18MAR: BKG=25, LF=14.3%
[LF] SM466 18MAR: BKG=25, GRP=0, CAP=175, LF%=14.3%, Brd-Off=RUH-ATZ, Classes: X:2, S:2, G:8, L:1, M:8, B:4
[LF] Getting WEEKLY/LASTSOLD data for 1 flights
[LF] SM466 18MAR: LASTSOLD=2026-01-14 00:00:00, WEEKLY=4, TODAY=0, YDAY=0
2026-01-17 23:47:48 | INFO     | [SUCCESS] Day 18MAR
2026-01-17 23:47:48 | INFO     | [DAY_START] Processing 17MAR
[LF] Processing RUH-ATZ for 17MAR
2026-01-17 23:47:48 | INFO     | [lf.day.start] Processing RUH-ATZ for 17MAR
[LF] 17MAR: found 1 direct flights
2026-01-17 23:47:49 | INFO     | [lf.day.flights_found] Found 1 flights on 17MAR
2026-01-17 23:47:51 | INFO     | [lf.flight.extracted] SM464 on 17MAR: BKG=9, LF=5.1%
[LF] SM464 17MAR: BKG=9, GRP=0, CAP=175, LF%=5.1%, Brd-Off=RUH-ATZ, Classes: W:1, S:2, G:1, M:5
[LF] Getting WEEKLY/LASTSOLD data for 1 flights
[LF] SM464 17MAR: LASTSOLD=2026-01-10 00:00:00, WEEKLY=1, TODAY=0, YDAY=0
2026-01-17 23:47:53 | INFO     | [SUCCESS] Day 17MAR
2026-01-17 23:47:53 | INFO     | [DAY_START] Processing 16MAR
[LF] Processing RUH-ATZ for 16MAR
2026-01-17 23:47:53 | INFO     | [lf.day.start] Processing RUH-ATZ for 16MAR
[LF] No direct flights on 16MAR for RUH-ATZ
2026-01-17 23:47:54 | WARNING  | [lf.day.no_flights] No direct flights on 16MAR
2026-01-17 23:47:54 | INFO     | [SUCCESS] Day 16MAR
[LF] Results summary:
  2026-03-23: 0 flights
  2026-03-22: 1 flights
  2026-03-21: 0 flights
  2026-03-20: 0 flights
  2026-03-19: 0 flights
  2026-03-18: 1 flights
  2026-03-17: 1 flights
  2026-03-16: 0 flights
2026-01-17 23:47:54 | INFO     | [SUCCESS] LF Search Complete

============================================================
[Worker_9227] ✓ COMPLETED: RUH-ATZ
  Results: 8 dates
  Errors: 0 dates
  Total Processed: 20 groups
============================================================

2026-01-17 23:47:54 | INFO     | [Worker_9227] Completed: RUH-ATZ - 8 results, 0 errors

============================================================
[Worker_9227] Processing: TUU-ATZ
  Tier 0: Range 3, Chunk 2/3
  Dates: 8 days
  Date Range: 2026-03-23 to 2026-03-16
============================================================

2026-01-17 23:47:54 | INFO     | [Worker_9227] Processing: TUU-ATZ
2026-01-17 23:47:54 | INFO     |   Tier 0: Range 3, Chunk 2/3 (8 days)
2026-01-17 23:47:54 | INFO     | ======================================================================
2026-01-17 23:47:54 | INFO     | Load Factor Scraper Started - Route: TUU-ATZ
2026-01-17 23:47:54 | INFO     | Log file: D:\CODERED\LAB\Artifacts\outputs\run_generated_170126_at_23.33_RETRY\logs\LF_TUU-ATZ_20260117_234754.log
2026-01-17 23:47:54 | INFO     | Enhanced logging: Capturing both logging.info() and print()
2026-01-17 23:47:54 | INFO     | ======================================================================
[LF] Processing dates (override): ['23MAR', '22MAR', '21MAR', '20MAR', '19MAR', '18MAR', '17MAR', '16MAR']
[LF] Attaching to Chrome for Altea access
2026-01-17 23:47:54 | INFO     | Starting LF search for route: TUU-ATZ
2026-01-17 23:47:54 | INFO     | [START] LF Search
[LF][[OK] SUCCESS] Connected to Chrome on 127.0.0.1:9227 (after 1 attempts)
2026-01-17 23:47:55 | INFO     | [HEALTH CHECK] [OK] Chrome connection is healthy
[LF][[OK] SUCCESS] Found Amadeus Altea window: Altéa Reservation Desktop
[LF][[INFO] INFO] URL: https://tc212.resdesktop.altea.amadeus.com/app_ard/apf/init/login?SITE=ESMPESMP&LANGUAGE=GB&MARKETS=ARDW_PROD_WBP&ACTION=clpLogin
2026-01-17 23:47:55 | INFO     | [DAY_START] Processing 23MAR
[LF] Processing TUU-ATZ for 23MAR
2026-01-17 23:47:55 | INFO     | [lf.day.start] Processing TUU-ATZ for 23MAR
[LF] No direct flights on 23MAR for TUU-ATZ
2026-01-17 23:47:56 | WARNING  | [lf.day.no_flights] No direct flights on 23MAR
2026-01-17 23:47:57 | INFO     | [SUCCESS] Day 23MAR
2026-01-17 23:47:57 | INFO     | [DAY_START] Processing 22MAR
[LF] Processing TUU-ATZ for 22MAR
2026-01-17 23:47:57 | INFO     | [lf.day.start] Processing TUU-ATZ for 22MAR
[LF] No direct flights on 22MAR for TUU-ATZ
2026-01-17 23:47:58 | WARNING  | [lf.day.no_flights] No direct flights on 22MAR
2026-01-17 23:47:58 | INFO     | [SUCCESS] Day 22MAR
2026-01-17 23:47:58 | INFO     | [DAY_START] Processing 21MAR
[LF] Processing TUU-ATZ for 21MAR
2026-01-17 23:47:58 | INFO     | [lf.day.start] Processing TUU-ATZ for 21MAR
[LF] No direct flights on 21MAR for TUU-ATZ
2026-01-17 23:47:59 | WARNING  | [lf.day.no_flights] No direct flights on 21MAR
2026-01-17 23:47:59 | INFO     | [SUCCESS] Day 21MAR
2026-01-17 23:47:59 | INFO     | [DAY_START] Processing 20MAR
[LF] Processing TUU-ATZ for 20MAR
2026-01-17 23:47:59 | INFO     | [lf.day.start] Processing TUU-ATZ for 20MAR
[LF] 20MAR: found 1 direct flights
2026-01-17 23:48:00 | INFO     | [lf.day.flights_found] Found 1 flights on 20MAR
2026-01-17 23:48:02 | INFO     | [lf.flight.extracted] SM328 on 20MAR: BKG=1, LF=0.6%
[LF] SM328 20MAR: BKG=1, GRP=0, CAP=175, LF%=0.6%, Brd-Off=TUU-ATZ, Classes: M:1
[LF] Getting WEEKLY/LASTSOLD data for 1 flights
[LF] SM328 20MAR: LASTSOLD=2025-12-03 00:00:00, WEEKLY=0, TODAY=0, YDAY=0
2026-01-17 23:48:04 | INFO     | [SUCCESS] Day 20MAR
2026-01-17 23:48:04 | INFO     | [DAY_START] Processing 19MAR
[LF] Processing TUU-ATZ for 19MAR
2026-01-17 23:48:04 | INFO     | [lf.day.start] Processing TUU-ATZ for 19MAR
[LF] No direct flights on 19MAR for TUU-ATZ
2026-01-17 23:48:05 | WARNING  | [lf.day.no_flights] No direct flights on 19MAR
2026-01-17 23:48:06 | INFO     | [SUCCESS] Day 19MAR
2026-01-17 23:48:06 | INFO     | [DAY_START] Processing 18MAR
[LF] Processing TUU-ATZ for 18MAR
2026-01-17 23:48:06 | INFO     | [lf.day.start] Processing TUU-ATZ for 18MAR
[LF] No direct flights on 18MAR for TUU-ATZ
2026-01-17 23:48:07 | WARNING  | [lf.day.no_flights] No direct flights on 18MAR
2026-01-17 23:48:07 | INFO     | [SUCCESS] Day 18MAR
2026-01-17 23:48:07 | INFO     | [DAY_START] Processing 17MAR
[LF] Processing TUU-ATZ for 17MAR
2026-01-17 23:48:07 | INFO     | [lf.day.start] Processing TUU-ATZ for 17MAR
[LF] No direct flights on 17MAR for TUU-ATZ
2026-01-17 23:48:08 | WARNING  | [lf.day.no_flights] No direct flights on 17MAR
2026-01-17 23:48:08 | INFO     | [SUCCESS] Day 17MAR
2026-01-17 23:48:08 | INFO     | [DAY_START] Processing 16MAR
[LF] Processing TUU-ATZ for 16MAR
2026-01-17 23:48:08 | INFO     | [lf.day.start] Processing TUU-ATZ for 16MAR
[LF] No direct flights on 16MAR for TUU-ATZ
2026-01-17 23:48:09 | WARNING  | [lf.day.no_flights] No direct flights on 16MAR
2026-01-17 23:48:09 | INFO     | [SUCCESS] Day 16MAR
[LF] Results summary:
  2026-03-23: 0 flights
  2026-03-22: 0 flights
  2026-03-21: 0 flights
  2026-03-20: 1 flights
  2026-03-19: 0 flights
  2026-03-18: 0 flights
  2026-03-17: 0 flights
  2026-03-16: 0 flights
2026-01-17 23:48:09 | INFO     | [SUCCESS] LF Search Complete

============================================================
[Worker_9227] ✓ COMPLETED: TUU-ATZ
  Results: 8 dates
  Errors: 0 dates
  Total Processed: 21 groups
============================================================

2026-01-17 23:48:09 | INFO     | [Worker_9227] Completed: TUU-ATZ - 8 results, 0 errors

============================================================
[Worker_9227] Processing: AJF-ATZ
  Tier 0: Range 3, Chunk 2/3
  Dates: 8 days
  Date Range: 2026-03-23 to 2026-03-16
============================================================

2026-01-17 23:48:09 | INFO     | [Worker_9227] Processing: AJF-ATZ
2026-01-17 23:48:09 | INFO     |   Tier 0: Range 3, Chunk 2/3 (8 days)
2026-01-17 23:48:09 | INFO     | ======================================================================
2026-01-17 23:48:09 | INFO     | Load Factor Scraper Started - Route: AJF-ATZ
2026-01-17 23:48:09 | INFO     | Log file: D:\CODERED\LAB\Artifacts\outputs\run_generated_170126_at_23.33_RETRY\logs\LF_AJF-ATZ_20260117_234809.log
2026-01-17 23:48:09 | INFO     | Enhanced logging: Capturing both logging.info() and print()
2026-01-17 23:48:09 | INFO     | ======================================================================
[LF] Processing dates (override): ['23MAR', '22MAR', '21MAR', '20MAR', '19MAR', '18MAR', '17MAR', '16MAR']
[LF] Attaching to Chrome for Altea access
2026-01-17 23:48:09 | INFO     | Starting LF search for route: AJF-ATZ
2026-01-17 23:48:09 | INFO     | [START] LF Search
[LF][[OK] SUCCESS] Connected to Chrome on 127.0.0.1:9227 (after 1 attempts)
2026-01-17 23:48:10 | INFO     | [HEALTH CHECK] [OK] Chrome connection is healthy
[LF][[OK] SUCCESS] Found Amadeus Altea window: Altéa Reservation Desktop
[LF][[INFO] INFO] URL: https://tc212.resdesktop.altea.amadeus.com/app_ard/apf/init/login?SITE=ESMPESMP&LANGUAGE=GB&MARKETS=ARDW_PROD_WBP&ACTION=clpLogin
2026-01-17 23:48:11 | INFO     | [DAY_START] Processing 23MAR
[LF] Processing AJF-ATZ for 23MAR
2026-01-17 23:48:11 | INFO     | [lf.day.start] Processing AJF-ATZ for 23MAR
[LF] No direct flights on 23MAR for AJF-ATZ
2026-01-17 23:48:12 | WARNING  | [lf.day.no_flights] No direct flights on 23MAR
2026-01-17 23:48:12 | INFO     | [SUCCESS] Day 23MAR
2026-01-17 23:48:12 | INFO     | [DAY_START] Processing 22MAR
[LF] Processing AJF-ATZ for 22MAR
2026-01-17 23:48:12 | INFO     | [lf.day.start] Processing AJF-ATZ for 22MAR
[LF] No direct flights on 22MAR for AJF-ATZ
2026-01-17 23:48:13 | WARNING  | [lf.day.no_flights] No direct flights on 22MAR
2026-01-17 23:48:13 | INFO     | [SUCCESS] Day 22MAR
2026-01-17 23:48:13 | INFO     | [DAY_START] Processing 21MAR
[LF] Processing AJF-ATZ for 21MAR
2026-01-17 23:48:13 | INFO     | [lf.day.start] Processing AJF-ATZ for 21MAR
[LF] No direct flights on 21MAR for AJF-ATZ
2026-01-17 23:48:14 | WARNING  | [lf.day.no_flights] No direct flights on 21MAR
2026-01-17 23:48:14 | INFO     | [SUCCESS] Day 21MAR
2026-01-17 23:48:14 | INFO     | [DAY_START] Processing 20MAR
[LF] Processing AJF-ATZ for 20MAR
2026-01-17 23:48:14 | INFO     | [lf.day.start] Processing AJF-ATZ for 20MAR
[LF] 20MAR: found 1 direct flights
2026-01-17 23:48:16 | INFO     | [lf.day.flights_found] Found 1 flights on 20MAR
2026-01-17 23:48:18 | INFO     | [lf.flight.extracted] SM324 on 20MAR: BKG=6, LF=3.4%
[LF] SM324 20MAR: BKG=6, GRP=0, CAP=175, LF%=3.4%, Brd-Off=AJF-ATZ, Classes: X:3, G:3
[LF] Getting WEEKLY/LASTSOLD data for 1 flights
[LF] SM324 20MAR: LASTSOLD=2026-01-16 00:00:00, WEEKLY=3, TODAY=0, YDAY=1
2026-01-17 23:48:20 | INFO     | [SUCCESS] Day 20MAR
2026-01-17 23:48:20 | INFO     | [DAY_START] Processing 19MAR
[LF] Processing AJF-ATZ for 19MAR
2026-01-17 23:48:20 | INFO     | [lf.day.start] Processing AJF-ATZ for 19MAR
[LF] No direct flights on 19MAR for AJF-ATZ
2026-01-17 23:48:21 | WARNING  | [lf.day.no_flights] No direct flights on 19MAR
2026-01-17 23:48:21 | INFO     | [SUCCESS] Day 19MAR
2026-01-17 23:48:21 | INFO     | [DAY_START] Processing 18MAR
[LF] Processing AJF-ATZ for 18MAR
2026-01-17 23:48:21 | INFO     | [lf.day.start] Processing AJF-ATZ for 18MAR
[LF] No direct flights on 18MAR for AJF-ATZ
2026-01-17 23:48:23 | WARNING  | [lf.day.no_flights] No direct flights on 18MAR
2026-01-17 23:48:23 | INFO     | [SUCCESS] Day 18MAR
2026-01-17 23:48:23 | INFO     | [DAY_START] Processing 17MAR
[LF] Processing AJF-ATZ for 17MAR
2026-01-17 23:48:23 | INFO     | [lf.day.start] Processing AJF-ATZ for 17MAR
[LF] No direct flights on 17MAR for AJF-ATZ
2026-01-17 23:48:24 | WARNING  | [lf.day.no_flights] No direct flights on 17MAR
2026-01-17 23:48:24 | INFO     | [SUCCESS] Day 17MAR
2026-01-17 23:48:24 | INFO     | [DAY_START] Processing 16MAR
[LF] Processing AJF-ATZ for 16MAR
2026-01-17 23:48:24 | INFO     | [lf.day.start] Processing AJF-ATZ for 16MAR
[LF] No direct flights on 16MAR for AJF-ATZ
2026-01-17 23:48:25 | WARNING  | [lf.day.no_flights] No direct flights on 16MAR
2026-01-17 23:48:25 | INFO     | [SUCCESS] Day 16MAR
[LF] Results summary:
  2026-03-23: 0 flights
  2026-03-22: 0 flights
  2026-03-21: 0 flights
  2026-03-20: 1 flights
  2026-03-19: 0 flights
  2026-03-18: 0 flights
  2026-03-17: 0 flights
  2026-03-16: 0 flights
2026-01-17 23:48:25 | INFO     | [SUCCESS] LF Search Complete

============================================================
[Worker_9227] ✓ COMPLETED: AJF-ATZ
  Results: 8 dates
  Errors: 0 dates
  Total Processed: 22 groups
============================================================

2026-01-17 23:48:26 | INFO     | [Worker_9227] Completed: AJF-ATZ - 8 results, 0 errors

============================================================
[Worker_9227] Processing: AHB-ATZ
  Tier 0: Range 3, Chunk 2/3
  Dates: 8 days
  Date Range: 2026-03-23 to 2026-03-16
============================================================

2026-01-17 23:48:26 | INFO     | [Worker_9227] Processing: AHB-ATZ
2026-01-17 23:48:26 | INFO     |   Tier 0: Range 3, Chunk 2/3 (8 days)
2026-01-17 23:48:26 | INFO     | ======================================================================
2026-01-17 23:48:26 | INFO     | Load Factor Scraper Started - Route: AHB-ATZ
2026-01-17 23:48:26 | INFO     | Log file: D:\CODERED\LAB\Artifacts\outputs\run_generated_170126_at_23.33_RETRY\logs\LF_AHB-ATZ_20260117_234826.log
2026-01-17 23:48:26 | INFO     | Enhanced logging: Capturing both logging.info() and print()
2026-01-17 23:48:26 | INFO     | ======================================================================
[LF] Processing dates (override): ['23MAR', '22MAR', '21MAR', '20MAR', '19MAR', '18MAR', '17MAR', '16MAR']
[LF] Attaching to Chrome for Altea access
2026-01-17 23:48:26 | INFO     | Starting LF search for route: AHB-ATZ
2026-01-17 23:48:26 | INFO     | [START] LF Search
[LF][[OK] SUCCESS] Connected to Chrome on 127.0.0.1:9227 (after 1 attempts)
2026-01-17 23:48:27 | INFO     | [HEALTH CHECK] [OK] Chrome connection is healthy
[LF][[OK] SUCCESS] Found Amadeus Altea window: Altéa Reservation Desktop
[LF][[INFO] INFO] URL: https://tc212.resdesktop.altea.amadeus.com/app_ard/apf/init/login?SITE=ESMPESMP&LANGUAGE=GB&MARKETS=ARDW_PROD_WBP&ACTION=clpLogin
2026-01-17 23:48:27 | INFO     | [DAY_START] Processing 23MAR
[LF] Processing AHB-ATZ for 23MAR
2026-01-17 23:48:27 | INFO     | [lf.day.start] Processing AHB-ATZ for 23MAR
[LF] No direct flights on 23MAR for AHB-ATZ
2026-01-17 23:48:28 | WARNING  | [lf.day.no_flights] No direct flights on 23MAR
2026-01-17 23:48:28 | INFO     | [SUCCESS] Day 23MAR
2026-01-17 23:48:28 | INFO     | [DAY_START] Processing 22MAR
[LF] Processing AHB-ATZ for 22MAR
2026-01-17 23:48:28 | INFO     | [lf.day.start] Processing AHB-ATZ for 22MAR
[LF] No direct flights on 22MAR for AHB-ATZ
2026-01-17 23:48:29 | WARNING  | [lf.day.no_flights] No direct flights on 22MAR
2026-01-17 23:48:29 | INFO     | [SUCCESS] Day 22MAR
2026-01-17 23:48:29 | INFO     | [DAY_START] Processing 21MAR
[LF] Processing AHB-ATZ for 21MAR
2026-01-17 23:48:29 | INFO     | [lf.day.start] Processing AHB-ATZ for 21MAR
[LF] No direct flights on 21MAR for AHB-ATZ
2026-01-17 23:48:30 | WARNING  | [lf.day.no_flights] No direct flights on 21MAR
2026-01-17 23:48:30 | INFO     | [SUCCESS] Day 21MAR
2026-01-17 23:48:30 | INFO     | [DAY_START] Processing 20MAR
[LF] Processing AHB-ATZ for 20MAR
2026-01-17 23:48:30 | INFO     | [lf.day.start] Processing AHB-ATZ for 20MAR
[LF] 20MAR: found 1 direct flights
2026-01-17 23:48:31 | INFO     | [lf.day.flights_found] Found 1 flights on 20MAR
2026-01-17 23:48:33 | INFO     | [lf.flight.extracted] SM446 on 20MAR: BKG=1, LF=0.6%
[LF] SM446 20MAR: BKG=1, GRP=0, CAP=175, LF%=0.6%, Brd-Off=AHB-ATZ, Classes: M:1
[LF] Getting WEEKLY/LASTSOLD data for 1 flights
[LF] SM446 20MAR: LASTSOLD=2025-12-24 00:00:00, WEEKLY=0, TODAY=0, YDAY=0
2026-01-17 23:48:36 | INFO     | [SUCCESS] Day 20MAR
2026-01-17 23:48:36 | INFO     | [DAY_START] Processing 19MAR
[LF] Processing AHB-ATZ for 19MAR
2026-01-17 23:48:36 | INFO     | [lf.day.start] Processing AHB-ATZ for 19MAR
[LF] No direct flights on 19MAR for AHB-ATZ
2026-01-17 23:48:38 | WARNING  | [lf.day.no_flights] No direct flights on 19MAR
2026-01-17 23:48:38 | INFO     | [SUCCESS] Day 19MAR
2026-01-17 23:48:38 | INFO     | [DAY_START] Processing 18MAR
[LF] Processing AHB-ATZ for 18MAR
2026-01-17 23:48:38 | INFO     | [lf.day.start] Processing AHB-ATZ for 18MAR
[LF] No direct flights on 18MAR for AHB-ATZ
2026-01-17 23:48:39 | WARNING  | [lf.day.no_flights] No direct flights on 18MAR
2026-01-17 23:48:39 | INFO     | [SUCCESS] Day 18MAR
2026-01-17 23:48:39 | INFO     | [DAY_START] Processing 17MAR
[LF] Processing AHB-ATZ for 17MAR
2026-01-17 23:48:39 | INFO     | [lf.day.start] Processing AHB-ATZ for 17MAR
[LF] No direct flights on 17MAR for AHB-ATZ
2026-01-17 23:48:41 | WARNING  | [lf.day.no_flights] No direct flights on 17MAR
2026-01-17 23:48:41 | INFO     | [SUCCESS] Day 17MAR
2026-01-17 23:48:41 | INFO     | [DAY_START] Processing 16MAR
[LF] Processing AHB-ATZ for 16MAR
2026-01-17 23:48:41 | INFO     | [lf.day.start] Processing AHB-ATZ for 16MAR
[LF] No direct flights on 16MAR for AHB-ATZ
2026-01-17 23:48:42 | WARNING  | [lf.day.no_flights] No direct flights on 16MAR
2026-01-17 23:48:42 | INFO     | [SUCCESS] Day 16MAR
[LF] Results summary:
  2026-03-23: 0 flights
  2026-03-22: 0 flights
  2026-03-21: 0 flights
  2026-03-20: 1 flights
  2026-03-19: 0 flights
  2026-03-18: 0 flights
  2026-03-17: 0 flights
  2026-03-16: 0 flights
2026-01-17 23:48:42 | INFO     | [SUCCESS] LF Search Complete

============================================================
[Worker_9227] ✓ COMPLETED: AHB-ATZ
  Results: 8 dates
  Errors: 0 dates
  Total Processed: 23 groups
============================================================

2026-01-17 23:48:42 | INFO     | [Worker_9227] Completed: AHB-ATZ - 8 results, 0 errors

============================================================
[Worker_9227] Processing: HBE-MED
  Tier 0: Range 3, Chunk 2/3
  Dates: 8 days
  Date Range: 2026-03-23 to 2026-03-16
============================================================

2026-01-17 23:48:42 | INFO     | [Worker_9227] Processing: HBE-MED
2026-01-17 23:48:42 | INFO     |   Tier 0: Range 3, Chunk 2/3 (8 days)
2026-01-17 23:48:42 | INFO     | ======================================================================
2026-01-17 23:48:42 | INFO     | Load Factor Scraper Started - Route: HBE-MED
2026-01-17 23:48:42 | INFO     | Log file: D:\CODERED\LAB\Artifacts\outputs\run_generated_170126_at_23.33_RETRY\logs\LF_HBE-MED_20260117_234842.log
2026-01-17 23:48:42 | INFO     | Enhanced logging: Capturing both logging.info() and print()
2026-01-17 23:48:42 | INFO     | ======================================================================
[LF] Processing dates (override): ['23MAR', '22MAR', '21MAR', '20MAR', '19MAR', '18MAR', '17MAR', '16MAR']
[LF] Attaching to Chrome for Altea access
2026-01-17 23:48:42 | INFO     | Starting LF search for route: HBE-MED
2026-01-17 23:48:42 | INFO     | [START] LF Search
[LF][[OK] SUCCESS] Connected to Chrome on 127.0.0.1:9227 (after 1 attempts)
2026-01-17 23:48:43 | INFO     | [HEALTH CHECK] [OK] Chrome connection is healthy
[LF][[OK] SUCCESS] Found Amadeus Altea window: Altéa Reservation Desktop
[LF][[INFO] INFO] URL: https://tc212.resdesktop.altea.amadeus.com/app_ard/apf/init/login?SITE=ESMPESMP&LANGUAGE=GB&MARKETS=ARDW_PROD_WBP&ACTION=clpLogin
2026-01-17 23:48:43 | INFO     | [DAY_START] Processing 23MAR
[LF] Processing HBE-MED for 23MAR
2026-01-17 23:48:43 | INFO     | [lf.day.start] Processing HBE-MED for 23MAR
[LF] No direct flights on 23MAR for HBE-MED
2026-01-17 23:48:44 | WARNING  | [lf.day.no_flights] No direct flights on 23MAR
2026-01-17 23:48:44 | INFO     | [SUCCESS] Day 23MAR
2026-01-17 23:48:44 | INFO     | [DAY_START] Processing 22MAR
[LF] Processing HBE-MED for 22MAR
2026-01-17 23:48:44 | INFO     | [lf.day.start] Processing HBE-MED for 22MAR
[LF] 22MAR: found 3 direct flights
2026-01-17 23:48:46 | INFO     | [lf.day.flights_found] Found 3 flights on 22MAR
2026-01-17 23:48:48 | INFO     | [lf.flight.extracted] SM485 on 22MAR: BKG=1, LF=0.6%
[LF] SM485 22MAR: BKG=1, GRP=0, CAP=179, LF%=0.6%, Brd-Off=HBE-MED, Classes: V:1
2026-01-17 23:48:53 | INFO     | [lf.flight.extracted] SM973 on 22MAR: BKG=0, LF=0.0%
[LF] SM973 22MAR: BKG=0, GRP=0, CAP=179, LF%=0.0%, Brd-Off=HBE-MED
2026-01-17 23:48:56 | INFO     | [lf.flight.extracted] SM983 on 22MAR: BKG=0, LF=0.0%
[LF] SM983 22MAR: BKG=0, GRP=0, CAP=179, LF%=0.0%, Brd-Off=HBE-MED
[LF] Getting WEEKLY/LASTSOLD data for 1 flights
[LF] SM485 22MAR: LASTSOLD=2026-01-15 00:00:00, WEEKLY=1, TODAY=0, YDAY=0
2026-01-17 23:49:00 | INFO     | [SUCCESS] Day 22MAR
2026-01-17 23:49:00 | INFO     | [DAY_START] Processing 21MAR
[LF] Processing HBE-MED for 21MAR
2026-01-17 23:49:00 | INFO     | [lf.day.start] Processing HBE-MED for 21MAR
[LF] No direct flights on 21MAR for HBE-MED
2026-01-17 23:49:01 | WARNING  | [lf.day.no_flights] No direct flights on 21MAR
2026-01-17 23:49:01 | INFO     | [SUCCESS] Day 21MAR
2026-01-17 23:49:01 | INFO     | [DAY_START] Processing 20MAR
[LF] Processing HBE-MED for 20MAR
2026-01-17 23:49:01 | INFO     | [lf.day.start] Processing HBE-MED for 20MAR
[LF] No direct flights on 20MAR for HBE-MED
2026-01-17 23:49:03 | WARNING  | [lf.day.no_flights] No direct flights on 20MAR
2026-01-17 23:49:03 | INFO     | [SUCCESS] Day 20MAR
2026-01-17 23:49:03 | INFO     | [DAY_START] Processing 19MAR
[LF] Processing HBE-MED for 19MAR
2026-01-17 23:49:03 | INFO     | [lf.day.start] Processing HBE-MED for 19MAR
[LF] 19MAR: found 1 direct flights
2026-01-17 23:49:04 | INFO     | [lf.day.flights_found] Found 1 flights on 19MAR
2026-01-17 23:49:07 | INFO     | [lf.flight.extracted] SM485 on 19MAR: BKG=0, LF=0.0%
[LF] SM485 19MAR: BKG=0, GRP=0, CAP=179, LF%=0.0%, Brd-Off=HBE-MED
2026-01-17 23:49:08 | INFO     | [SUCCESS] Day 19MAR
2026-01-17 23:49:08 | INFO     | [DAY_START] Processing 18MAR
[LF] Processing HBE-MED for 18MAR
2026-01-17 23:49:08 | INFO     | [lf.day.start] Processing HBE-MED for 18MAR
[LF] 18MAR: found 1 direct flights
2026-01-17 23:49:09 | INFO     | [lf.day.flights_found] Found 1 flights on 18MAR
2026-01-17 23:49:11 | INFO     | [lf.flight.extracted] SM485 on 18MAR: BKG=0, LF=0.0%
[LF] SM485 18MAR: BKG=0, GRP=0, CAP=179, LF%=0.0%, Brd-Off=HBE-MED
2026-01-17 23:49:12 | INFO     | [SUCCESS] Day 18MAR
2026-01-17 23:49:12 | INFO     | [DAY_START] Processing 17MAR
[LF] Processing HBE-MED for 17MAR
2026-01-17 23:49:12 | INFO     | [lf.day.start] Processing HBE-MED for 17MAR
[LF] 17MAR: found 1 direct flights
2026-01-17 23:49:13 | INFO     | [lf.day.flights_found] Found 1 flights on 17MAR
2026-01-17 23:49:15 | INFO     | [lf.flight.extracted] SM485 on 17MAR: BKG=0, LF=0.0%
[LF] SM485 17MAR: BKG=0, GRP=0, CAP=179, LF%=0.0%, Brd-Off=HBE-MED
2026-01-17 23:49:16 | INFO     | [SUCCESS] Day 17MAR
2026-01-17 23:49:16 | INFO     | [DAY_START] Processing 16MAR
[LF] Processing HBE-MED for 16MAR
2026-01-17 23:49:16 | INFO     | [lf.day.start] Processing HBE-MED for 16MAR
[LF] No direct flights on 16MAR for HBE-MED
2026-01-17 23:49:17 | WARNING  | [lf.day.no_flights] No direct flights on 16MAR
2026-01-17 23:49:17 | INFO     | [SUCCESS] Day 16MAR
[LF] Results summary:
  2026-03-23: 0 flights
  2026-03-22: 3 flights
  2026-03-21: 0 flights
  2026-03-20: 0 flights
  2026-03-19: 1 flights
  2026-03-18: 1 flights
  2026-03-17: 1 flights
  2026-03-16: 0 flights
2026-01-17 23:49:17 | INFO     | [SUCCESS] LF Search Complete

============================================================
[Worker_9227] ✓ COMPLETED: HBE-MED
  Results: 8 dates
  Errors: 0 dates
  Total Processed: 24 groups
============================================================

2026-01-17 23:49:17 | INFO     | [Worker_9227] Completed: HBE-MED - 8 results, 0 errors

============================================================
[Worker_9227] Processing: ASW-JED
  Tier 0: Range 3, Chunk 2/3
  Dates: 8 days
  Date Range: 2026-03-23 to 2026-03-16
============================================================

2026-01-17 23:49:17 | INFO     | [Worker_9227] Processing: ASW-JED
2026-01-17 23:49:17 | INFO     |   Tier 0: Range 3, Chunk 2/3 (8 days)
2026-01-17 23:49:17 | INFO     | ======================================================================
2026-01-17 23:49:17 | INFO     | Load Factor Scraper Started - Route: ASW-JED
2026-01-17 23:49:17 | INFO     | Log file: D:\CODERED\LAB\Artifacts\outputs\run_generated_170126_at_23.33_RETRY\logs\LF_ASW-JED_20260117_234917.log
2026-01-17 23:49:17 | INFO     | Enhanced logging: Capturing both logging.info() and print()
2026-01-17 23:49:17 | INFO     | ======================================================================
[LF] Processing dates (override): ['23MAR', '22MAR', '21MAR', '20MAR', '19MAR', '18MAR', '17MAR', '16MAR']
[LF] Attaching to Chrome for Altea access
2026-01-17 23:49:17 | INFO     | Starting LF search for route: ASW-JED
2026-01-17 23:49:17 | INFO     | [START] LF Search
[LF][[OK] SUCCESS] Connected to Chrome on 127.0.0.1:9227 (after 1 attempts)
2026-01-17 23:49:18 | INFO     | [HEALTH CHECK] [OK] Chrome connection is healthy
[LF][[OK] SUCCESS] Found Amadeus Altea window: Altéa Reservation Desktop
[LF][[INFO] INFO] URL: https://tc212.resdesktop.altea.amadeus.com/app_ard/apf/init/login?SITE=ESMPESMP&LANGUAGE=GB&MARKETS=ARDW_PROD_WBP&ACTION=clpLogin
2026-01-17 23:49:18 | INFO     | [DAY_START] Processing 23MAR
[LF] Processing ASW-JED for 23MAR
2026-01-17 23:49:18 | INFO     | [lf.day.start] Processing ASW-JED for 23MAR
[LF] No direct flights on 23MAR for ASW-JED
2026-01-17 23:49:19 | WARNING  | [lf.day.no_flights] No direct flights on 23MAR
2026-01-17 23:49:20 | INFO     | [SUCCESS] Day 23MAR
2026-01-17 23:49:20 | INFO     | [DAY_START] Processing 22MAR
[LF] Processing ASW-JED for 22MAR
2026-01-17 23:49:20 | INFO     | [lf.day.start] Processing ASW-JED for 22MAR
[LF] No direct flights on 22MAR for ASW-JED
2026-01-17 23:49:21 | WARNING  | [lf.day.no_flights] No direct flights on 22MAR
2026-01-17 23:49:21 | INFO     | [SUCCESS] Day 22MAR
2026-01-17 23:49:21 | INFO     | [DAY_START] Processing 21MAR
[LF] Processing ASW-JED for 21MAR
2026-01-17 23:49:21 | INFO     | [lf.day.start] Processing ASW-JED for 21MAR
[LF] No direct flights on 21MAR for ASW-JED
2026-01-17 23:49:22 | WARNING  | [lf.day.no_flights] No direct flights on 21MAR
2026-01-17 23:49:22 | INFO     | [SUCCESS] Day 21MAR
2026-01-17 23:49:22 | INFO     | [DAY_START] Processing 20MAR
[LF] Processing ASW-JED for 20MAR
2026-01-17 23:49:22 | INFO     | [lf.day.start] Processing ASW-JED for 20MAR
[LF] No direct flights on 20MAR for ASW-JED
2026-01-17 23:49:24 | WARNING  | [lf.day.no_flights] No direct flights on 20MAR
2026-01-17 23:49:24 | INFO     | [SUCCESS] Day 20MAR
2026-01-17 23:49:24 | INFO     | [DAY_START] Processing 19MAR
[LF] Processing ASW-JED for 19MAR
2026-01-17 23:49:24 | INFO     | [lf.day.start] Processing ASW-JED for 19MAR
[LF] No direct flights on 19MAR for ASW-JED
2026-01-17 23:49:25 | WARNING  | [lf.day.no_flights] No direct flights on 19MAR
2026-01-17 23:49:25 | INFO     | [SUCCESS] Day 19MAR
2026-01-17 23:49:25 | INFO     | [DAY_START] Processing 18MAR
[LF] Processing ASW-JED for 18MAR
2026-01-17 23:49:25 | INFO     | [lf.day.start] Processing ASW-JED for 18MAR
[LF] No direct flights on 18MAR for ASW-JED
2026-01-17 23:49:26 | WARNING  | [lf.day.no_flights] No direct flights on 18MAR
2026-01-17 23:49:27 | INFO     | [SUCCESS] Day 18MAR
2026-01-17 23:49:27 | INFO     | [DAY_START] Processing 17MAR
[LF] Processing ASW-JED for 17MAR
2026-01-17 23:49:27 | INFO     | [lf.day.start] Processing ASW-JED for 17MAR
[LF] No direct flights on 17MAR for ASW-JED
2026-01-17 23:49:28 | WARNING  | [lf.day.no_flights] No direct flights on 17MAR
2026-01-17 23:49:28 | INFO     | [SUCCESS] Day 17MAR
2026-01-17 23:49:28 | INFO     | [DAY_START] Processing 16MAR
[LF] Processing ASW-JED for 16MAR
2026-01-17 23:49:28 | INFO     | [lf.day.start] Processing ASW-JED for 16MAR
[LF] No direct flights on 16MAR for ASW-JED
2026-01-17 23:49:29 | WARNING  | [lf.day.no_flights] No direct flights on 16MAR
2026-01-17 23:49:29 | INFO     | [SUCCESS] Day 16MAR
[LF] Results summary:
  2026-03-23: 0 flights
  2026-03-22: 0 flights
  2026-03-21: 0 flights
  2026-03-20: 0 flights
  2026-03-19: 0 flights
  2026-03-18: 0 flights
  2026-03-17: 0 flights
  2026-03-16: 0 flights
2026-01-17 23:49:29 | INFO     | [SUCCESS] LF Search Complete

============================================================
[Worker_9227] ✓ COMPLETED: ASW-JED
  Results: 8 dates
  Errors: 0 dates
  Total Processed: 25 groups
============================================================

2026-01-17 23:49:29 | INFO     | [Worker_9227] Completed: ASW-JED - 8 results, 0 errors

============================================================
[Worker_9227] Processing: ATZ-RUH
  Tier 0: Range 3, Chunk 2/3
  Dates: 8 days
  Date Range: 2026-03-23 to 2026-03-16
============================================================

2026-01-17 23:49:29 | INFO     | [Worker_9227] Processing: ATZ-RUH
2026-01-17 23:49:29 | INFO     |   Tier 0: Range 3, Chunk 2/3 (8 days)
2026-01-17 23:49:29 | INFO     | ======================================================================
2026-01-17 23:49:29 | INFO     | Load Factor Scraper Started - Route: ATZ-RUH
2026-01-17 23:49:29 | INFO     | Log file: D:\CODERED\LAB\Artifacts\outputs\run_generated_170126_at_23.33_RETRY\logs\LF_ATZ-RUH_20260117_234929.log
2026-01-17 23:49:29 | INFO     | Enhanced logging: Capturing both logging.info() and print()
2026-01-17 23:49:29 | INFO     | ======================================================================
[LF] Processing dates (override): ['23MAR', '22MAR', '21MAR', '20MAR', '19MAR', '18MAR', '17MAR', '16MAR']
[LF] Attaching to Chrome for Altea access
2026-01-17 23:49:29 | INFO     | Starting LF search for route: ATZ-RUH
2026-01-17 23:49:29 | INFO     | [START] LF Search
[LF][[OK] SUCCESS] Connected to Chrome on 127.0.0.1:9227 (after 1 attempts)
2026-01-17 23:49:30 | INFO     | [HEALTH CHECK] [OK] Chrome connection is healthy
[LF][[OK] SUCCESS] Found Amadeus Altea window: Altéa Reservation Desktop
[LF][[INFO] INFO] URL: https://tc212.resdesktop.altea.amadeus.com/app_ard/apf/init/login?SITE=ESMPESMP&LANGUAGE=GB&MARKETS=ARDW_PROD_WBP&ACTION=clpLogin
2026-01-17 23:49:30 | INFO     | [DAY_START] Processing 23MAR
[LF] Processing ATZ-RUH for 23MAR
2026-01-17 23:49:30 | INFO     | [lf.day.start] Processing ATZ-RUH for 23MAR
[LF] No direct flights on 23MAR for ATZ-RUH
2026-01-17 23:49:31 | WARNING  | [lf.day.no_flights] No direct flights on 23MAR
2026-01-17 23:49:32 | INFO     | [SUCCESS] Day 23MAR
2026-01-17 23:49:32 | INFO     | [DAY_START] Processing 22MAR
[LF] Processing ATZ-RUH for 22MAR
2026-01-17 23:49:32 | INFO     | [lf.day.start] Processing ATZ-RUH for 22MAR
[LF] 22MAR: found 1 direct flights
2026-01-17 23:49:33 | INFO     | [lf.day.flights_found] Found 1 flights on 22MAR
2026-01-17 23:49:35 | INFO     | [lf.flight.extracted] SM463 on 22MAR: BKG=8, LF=4.5%
[LF] SM463 22MAR: BKG=8, GRP=0, CAP=179, LF%=4.5%, Brd-Off=ATZ-RUH, Classes: X:4, M:4
[LF] Getting WEEKLY/LASTSOLD data for 1 flights
[LF] SM463 22MAR: LASTSOLD=2025-12-28 00:00:00, WEEKLY=0, TODAY=0, YDAY=0
2026-01-17 23:49:38 | INFO     | [SUCCESS] Day 22MAR
2026-01-17 23:49:38 | INFO     | [DAY_START] Processing 21MAR
[LF] Processing ATZ-RUH for 21MAR
2026-01-17 23:49:38 | INFO     | [lf.day.start] Processing ATZ-RUH for 21MAR
[LF] No direct flights on 21MAR for ATZ-RUH
2026-01-17 23:49:39 | WARNING  | [lf.day.no_flights] No direct flights on 21MAR
2026-01-17 23:49:39 | INFO     | [SUCCESS] Day 21MAR
2026-01-17 23:49:39 | INFO     | [DAY_START] Processing 20MAR
[LF] Processing ATZ-RUH for 20MAR
2026-01-17 23:49:39 | INFO     | [lf.day.start] Processing ATZ-RUH for 20MAR
[LF] No direct flights on 20MAR for ATZ-RUH
2026-01-17 23:49:40 | WARNING  | [lf.day.no_flights] No direct flights on 20MAR
2026-01-17 23:49:40 | INFO     | [SUCCESS] Day 20MAR
2026-01-17 23:49:40 | INFO     | [DAY_START] Processing 19MAR
[LF] Processing ATZ-RUH for 19MAR
2026-01-17 23:49:40 | INFO     | [lf.day.start] Processing ATZ-RUH for 19MAR
[LF] No direct flights on 19MAR for ATZ-RUH
2026-01-17 23:49:41 | WARNING  | [lf.day.no_flights] No direct flights on 19MAR
2026-01-17 23:49:41 | INFO     | [SUCCESS] Day 19MAR
2026-01-17 23:49:41 | INFO     | [DAY_START] Processing 18MAR
[LF] Processing ATZ-RUH for 18MAR
2026-01-17 23:49:41 | INFO     | [lf.day.start] Processing ATZ-RUH for 18MAR
[LF] 18MAR: found 1 direct flights
2026-01-17 23:49:42 | INFO     | [lf.day.flights_found] Found 1 flights on 18MAR
2026-01-17 23:49:44 | INFO     | [lf.flight.extracted] SM465 on 18MAR: BKG=1, LF=0.6%
[LF] SM465 18MAR: BKG=1, GRP=0, CAP=179, LF%=0.6%, Brd-Off=ATZ-RUH, Classes: I:1
[LF] Getting WEEKLY/LASTSOLD data for 1 flights
[LF] SM465 18MAR: LASTSOLD=2025-12-16 00:00:00, WEEKLY=0, TODAY=0, YDAY=0
2026-01-17 23:49:47 | INFO     | [SUCCESS] Day 18MAR
2026-01-17 23:49:47 | INFO     | [DAY_START] Processing 17MAR
[LF] Processing ATZ-RUH for 17MAR
2026-01-17 23:49:47 | INFO     | [lf.day.start] Processing ATZ-RUH for 17MAR
[LF] 17MAR: found 1 direct flights
2026-01-17 23:49:48 | INFO     | [lf.day.flights_found] Found 1 flights on 17MAR
2026-01-17 23:49:50 | INFO     | [lf.flight.extracted] SM463 on 17MAR: BKG=5, LF=2.8%
[LF] SM463 17MAR: BKG=5, GRP=0, CAP=179, LF%=2.8%, Brd-Off=ATZ-RUH, Classes: I:5
[LF] Getting WEEKLY/LASTSOLD data for 1 flights
[LF] SM463 17MAR: LASTSOLD=2026-01-09 00:00:00, WEEKLY=0, TODAY=0, YDAY=0
2026-01-17 23:49:52 | INFO     | [SUCCESS] Day 17MAR
2026-01-17 23:49:52 | INFO     | [DAY_START] Processing 16MAR
[LF] Processing ATZ-RUH for 16MAR
2026-01-17 23:49:52 | INFO     | [lf.day.start] Processing ATZ-RUH for 16MAR
[LF] No direct flights on 16MAR for ATZ-RUH
2026-01-17 23:49:53 | WARNING  | [lf.day.no_flights] No direct flights on 16MAR
2026-01-17 23:49:53 | INFO     | [SUCCESS] Day 16MAR
[LF] Results summary:
  2026-03-23: 0 flights
  2026-03-22: 1 flights
  2026-03-21: 0 flights
  2026-03-20: 0 flights
  2026-03-19: 0 flights
  2026-03-18: 1 flights
  2026-03-17: 1 flights
  2026-03-16: 0 flights
2026-01-17 23:49:53 | INFO     | [SUCCESS] LF Search Complete

============================================================
[Worker_9227] ✓ COMPLETED: ATZ-RUH
  Results: 8 dates
  Errors: 0 dates
  Total Processed: 26 groups
============================================================

2026-01-17 23:49:53 | INFO     | [Worker_9227] Completed: ATZ-RUH - 8 results, 0 errors

============================================================
[Worker_9227] Processing: ATZ-TUU
  Tier 0: Range 3, Chunk 2/3
  Dates: 8 days
  Date Range: 2026-03-23 to 2026-03-16
============================================================

2026-01-17 23:49:53 | INFO     | [Worker_9227] Processing: ATZ-TUU
2026-01-17 23:49:53 | INFO     |   Tier 0: Range 3, Chunk 2/3 (8 days)
2026-01-17 23:49:53 | INFO     | ======================================================================
2026-01-17 23:49:53 | INFO     | Load Factor Scraper Started - Route: ATZ-TUU
2026-01-17 23:49:53 | INFO     | Log file: D:\CODERED\LAB\Artifacts\outputs\run_generated_170126_at_23.33_RETRY\logs\LF_ATZ-TUU_20260117_234953.log
2026-01-17 23:49:53 | INFO     | Enhanced logging: Capturing both logging.info() and print()
2026-01-17 23:49:53 | INFO     | ======================================================================
[LF] Processing dates (override): ['23MAR', '22MAR', '21MAR', '20MAR', '19MAR', '18MAR', '17MAR', '16MAR']
[LF] Attaching to Chrome for Altea access
2026-01-17 23:49:53 | INFO     | Starting LF search for route: ATZ-TUU
2026-01-17 23:49:53 | INFO     | [START] LF Search
[LF][[OK] SUCCESS] Connected to Chrome on 127.0.0.1:9227 (after 1 attempts)
2026-01-17 23:49:54 | INFO     | [HEALTH CHECK] [OK] Chrome connection is healthy
[LF][[OK] SUCCESS] Found Amadeus Altea window: Altéa Reservation Desktop
[LF][[INFO] INFO] URL: https://tc212.resdesktop.altea.amadeus.com/app_ard/apf/init/login?SITE=ESMPESMP&LANGUAGE=GB&MARKETS=ARDW_PROD_WBP&ACTION=clpLogin
2026-01-17 23:49:54 | INFO     | [DAY_START] Processing 23MAR
[LF] Processing ATZ-TUU for 23MAR
2026-01-17 23:49:54 | INFO     | [lf.day.start] Processing ATZ-TUU for 23MAR
[LF] No direct flights on 23MAR for ATZ-TUU
2026-01-17 23:49:56 | WARNING  | [lf.day.no_flights] No direct flights on 23MAR
2026-01-17 23:49:56 | INFO     | [SUCCESS] Day 23MAR
2026-01-17 23:49:56 | INFO     | [DAY_START] Processing 22MAR
[LF] Processing ATZ-TUU for 22MAR
2026-01-17 23:49:56 | INFO     | [lf.day.start] Processing ATZ-TUU for 22MAR
[LF] No direct flights on 22MAR for ATZ-TUU
2026-01-17 23:49:57 | WARNING  | [lf.day.no_flights] No direct flights on 22MAR
2026-01-17 23:49:57 | INFO     | [SUCCESS] Day 22MAR
2026-01-17 23:49:57 | INFO     | [DAY_START] Processing 21MAR
[LF] Processing ATZ-TUU for 21MAR
2026-01-17 23:49:57 | INFO     | [lf.day.start] Processing ATZ-TUU for 21MAR
[LF] No direct flights on 21MAR for ATZ-TUU
2026-01-17 23:49:58 | WARNING  | [lf.day.no_flights] No direct flights on 21MAR
2026-01-17 23:49:58 | INFO     | [SUCCESS] Day 21MAR
2026-01-17 23:49:58 | INFO     | [DAY_START] Processing 20MAR
[LF] Processing ATZ-TUU for 20MAR
2026-01-17 23:49:58 | INFO     | [lf.day.start] Processing ATZ-TUU for 20MAR
[LF] 20MAR: found 1 direct flights
2026-01-17 23:49:59 | INFO     | [lf.day.flights_found] Found 1 flights on 20MAR
2026-01-17 23:50:01 | INFO     | [lf.flight.extracted] SM327 on 20MAR: BKG=0, LF=0.0%
[LF] SM327 20MAR: BKG=0, GRP=0, CAP=179, LF%=0.0%, Brd-Off=ATZ-TUU
2026-01-17 23:50:02 | INFO     | [SUCCESS] Day 20MAR
2026-01-17 23:50:02 | INFO     | [DAY_START] Processing 19MAR
[LF] Processing ATZ-TUU for 19MAR
2026-01-17 23:50:02 | INFO     | [lf.day.start] Processing ATZ-TUU for 19MAR
[LF] No direct flights on 19MAR for ATZ-TUU
2026-01-17 23:50:03 | WARNING  | [lf.day.no_flights] No direct flights on 19MAR
2026-01-17 23:50:03 | INFO     | [SUCCESS] Day 19MAR
2026-01-17 23:50:03 | INFO     | [DAY_START] Processing 18MAR
[LF] Processing ATZ-TUU for 18MAR
2026-01-17 23:50:03 | INFO     | [lf.day.start] Processing ATZ-TUU for 18MAR
[LF] No direct flights on 18MAR for ATZ-TUU
2026-01-17 23:50:04 | WARNING  | [lf.day.no_flights] No direct flights on 18MAR
2026-01-17 23:50:05 | INFO     | [SUCCESS] Day 18MAR
2026-01-17 23:50:05 | INFO     | [DAY_START] Processing 17MAR
[LF] Processing ATZ-TUU for 17MAR
2026-01-17 23:50:05 | INFO     | [lf.day.start] Processing ATZ-TUU for 17MAR
[LF] No direct flights on 17MAR for ATZ-TUU
2026-01-17 23:50:06 | WARNING  | [lf.day.no_flights] No direct flights on 17MAR
2026-01-17 23:50:06 | INFO     | [SUCCESS] Day 17MAR
2026-01-17 23:50:06 | INFO     | [DAY_START] Processing 16MAR
[LF] Processing ATZ-TUU for 16MAR
2026-01-17 23:50:06 | INFO     | [lf.day.start] Processing ATZ-TUU for 16MAR
[LF] No direct flights on 16MAR for ATZ-TUU
2026-01-17 23:50:07 | WARNING  | [lf.day.no_flights] No direct flights on 16MAR
2026-01-17 23:50:07 | INFO     | [SUCCESS] Day 16MAR
[LF] Results summary:
  2026-03-23: 0 flights
  2026-03-22: 0 flights
  2026-03-21: 0 flights
  2026-03-20: 1 flights
  2026-03-19: 0 flights
  2026-03-18: 0 flights
  2026-03-17: 0 flights
  2026-03-16: 0 flights
2026-01-17 23:50:07 | INFO     | [SUCCESS] LF Search Complete

============================================================
[Worker_9227] ✓ COMPLETED: ATZ-TUU
  Results: 8 dates
  Errors: 0 dates
  Total Processed: 27 groups
============================================================

2026-01-17 23:50:07 | INFO     | [Worker_9227] Completed: ATZ-TUU - 8 results, 0 errors

============================================================
[Worker_9227] Processing: ATZ-AHB
  Tier 0: Range 3, Chunk 2/3
  Dates: 8 days
  Date Range: 2026-03-23 to 2026-03-16
============================================================

2026-01-17 23:50:07 | INFO     | [Worker_9227] Processing: ATZ-AHB
2026-01-17 23:50:07 | INFO     |   Tier 0: Range 3, Chunk 2/3 (8 days)
2026-01-17 23:50:07 | INFO     | ======================================================================
2026-01-17 23:50:07 | INFO     | Load Factor Scraper Started - Route: ATZ-AHB
2026-01-17 23:50:07 | INFO     | Log file: D:\CODERED\LAB\Artifacts\outputs\run_generated_170126_at_23.33_RETRY\logs\LF_ATZ-AHB_20260117_235007.log
2026-01-17 23:50:07 | INFO     | Enhanced logging: Capturing both logging.info() and print()
2026-01-17 23:50:07 | INFO     | ======================================================================
[LF] Processing dates (override): ['23MAR', '22MAR', '21MAR', '20MAR', '19MAR', '18MAR', '17MAR', '16MAR']
[LF] Attaching to Chrome for Altea access
2026-01-17 23:50:07 | INFO     | Starting LF search for route: ATZ-AHB
2026-01-17 23:50:07 | INFO     | [START] LF Search
[LF][[OK] SUCCESS] Connected to Chrome on 127.0.0.1:9227 (after 1 attempts)
2026-01-17 23:50:08 | INFO     | [HEALTH CHECK] [OK] Chrome connection is healthy
[LF][[OK] SUCCESS] Found Amadeus Altea window: Altéa Reservation Desktop
[LF][[INFO] INFO] URL: https://tc212.resdesktop.altea.amadeus.com/app_ard/apf/init/login?SITE=ESMPESMP&LANGUAGE=GB&MARKETS=ARDW_PROD_WBP&ACTION=clpLogin
2026-01-17 23:50:08 | INFO     | [DAY_START] Processing 23MAR
[LF] Processing ATZ-AHB for 23MAR
2026-01-17 23:50:08 | INFO     | [lf.day.start] Processing ATZ-AHB for 23MAR
[LF] No direct flights on 23MAR for ATZ-AHB
2026-01-17 23:50:09 | WARNING  | [lf.day.no_flights] No direct flights on 23MAR
2026-01-17 23:50:09 | INFO     | [SUCCESS] Day 23MAR
2026-01-17 23:50:09 | INFO     | [DAY_START] Processing 22MAR
[LF] Processing ATZ-AHB for 22MAR
2026-01-17 23:50:09 | INFO     | [lf.day.start] Processing ATZ-AHB for 22MAR
[LF] No direct flights on 22MAR for ATZ-AHB
2026-01-17 23:50:10 | WARNING  | [lf.day.no_flights] No direct flights on 22MAR
2026-01-17 23:50:10 | INFO     | [SUCCESS] Day 22MAR
2026-01-17 23:50:10 | INFO     | [DAY_START] Processing 21MAR
[LF] Processing ATZ-AHB for 21MAR
2026-01-17 23:50:10 | INFO     | [lf.day.start] Processing ATZ-AHB for 21MAR
[LF] No direct flights on 21MAR for ATZ-AHB
2026-01-17 23:50:11 | WARNING  | [lf.day.no_flights] No direct flights on 21MAR
2026-01-17 23:50:12 | INFO     | [SUCCESS] Day 21MAR
2026-01-17 23:50:12 | INFO     | [DAY_START] Processing 20MAR
[LF] Processing ATZ-AHB for 20MAR
2026-01-17 23:50:12 | INFO     | [lf.day.start] Processing ATZ-AHB for 20MAR
[LF] 20MAR: found 1 direct flights
2026-01-17 23:50:13 | INFO     | [lf.day.flights_found] Found 1 flights on 20MAR
2026-01-17 23:50:14 | INFO     | [lf.flight.extracted] SM445 on 20MAR: BKG=6, LF=3.4%
[LF] SM445 20MAR: BKG=6, GRP=0, CAP=179, LF%=3.4%, Brd-Off=ATZ-AHB, Classes: I:4, O:1, X:1
[LF] Getting WEEKLY/LASTSOLD data for 1 flights
[LF] SM445 20MAR: LASTSOLD=2026-01-15 00:00:00, WEEKLY=2, TODAY=0, YDAY=0
2026-01-17 23:50:17 | INFO     | [SUCCESS] Day 20MAR
2026-01-17 23:50:17 | INFO     | [DAY_START] Processing 19MAR
[LF] Processing ATZ-AHB for 19MAR
2026-01-17 23:50:17 | INFO     | [lf.day.start] Processing ATZ-AHB for 19MAR
[LF] No direct flights on 19MAR for ATZ-AHB
2026-01-17 23:50:18 | WARNING  | [lf.day.no_flights] No direct flights on 19MAR
2026-01-17 23:50:18 | INFO     | [SUCCESS] Day 19MAR
2026-01-17 23:50:18 | INFO     | [DAY_START] Processing 18MAR
[LF] Processing ATZ-AHB for 18MAR
2026-01-17 23:50:18 | INFO     | [lf.day.start] Processing ATZ-AHB for 18MAR
[LF] No direct flights on 18MAR for ATZ-AHB
2026-01-17 23:50:19 | WARNING  | [lf.day.no_flights] No direct flights on 18MAR
2026-01-17 23:50:19 | INFO     | [SUCCESS] Day 18MAR
2026-01-17 23:50:19 | INFO     | [DAY_START] Processing 17MAR
[LF] Processing ATZ-AHB for 17MAR
2026-01-17 23:50:19 | INFO     | [lf.day.start] Processing ATZ-AHB for 17MAR
[LF] No direct flights on 17MAR for ATZ-AHB
2026-01-17 23:50:20 | WARNING  | [lf.day.no_flights] No direct flights on 17MAR
2026-01-17 23:50:20 | INFO     | [SUCCESS] Day 17MAR
2026-01-17 23:50:20 | INFO     | [DAY_START] Processing 16MAR
[LF] Processing ATZ-AHB for 16MAR
2026-01-17 23:50:20 | INFO     | [lf.day.start] Processing ATZ-AHB for 16MAR
[LF] No direct flights on 16MAR for ATZ-AHB
2026-01-17 23:50:21 | WARNING  | [lf.day.no_flights] No direct flights on 16MAR
2026-01-17 23:50:22 | INFO     | [SUCCESS] Day 16MAR
[LF] Results summary:
  2026-03-23: 0 flights
  2026-03-22: 0 flights
  2026-03-21: 0 flights
  2026-03-20: 1 flights
  2026-03-19: 0 flights
  2026-03-18: 0 flights
  2026-03-17: 0 flights
  2026-03-16: 0 flights
2026-01-17 23:50:22 | INFO     | [SUCCESS] LF Search Complete

============================================================
[Worker_9227] ✓ COMPLETED: ATZ-AHB
  Results: 8 dates
  Errors: 0 dates
  Total Processed: 28 groups
============================================================

2026-01-17 23:50:22 | INFO     | [Worker_9227] Completed: ATZ-AHB - 8 results, 0 errors

============================================================
[Worker_9227] Processing: MED-CAI
  Tier 0: Range 3, Chunk 3/3
  Dates: 8 days
  Date Range: 2026-03-15 to 2026-03-08
============================================================

2026-01-17 23:50:22 | INFO     | [Worker_9227] Processing: MED-CAI
2026-01-17 23:50:22 | INFO     |   Tier 0: Range 3, Chunk 3/3 (8 days)
2026-01-17 23:50:22 | INFO     | ======================================================================
2026-01-17 23:50:22 | INFO     | Load Factor Scraper Started - Route: MED-CAI
2026-01-17 23:50:22 | INFO     | Log file: D:\CODERED\LAB\Artifacts\outputs\run_generated_170126_at_23.33_RETRY\logs\LF_MED-CAI_20260117_235022.log
2026-01-17 23:50:22 | INFO     | Enhanced logging: Capturing both logging.info() and print()
2026-01-17 23:50:22 | INFO     | ======================================================================
[LF] Processing dates (override): ['15MAR', '14MAR', '13MAR', '12MAR', '11MAR', '10MAR', '09MAR', '08MAR']
[LF] Attaching to Chrome for Altea access
2026-01-17 23:50:22 | INFO     | Starting LF search for route: MED-CAI
2026-01-17 23:50:22 | INFO     | [START] LF Search
[LF][[OK] SUCCESS] Connected to Chrome on 127.0.0.1:9227 (after 1 attempts)
2026-01-17 23:50:22 | INFO     | [HEALTH CHECK] [OK] Chrome connection is healthy
[LF][[OK] SUCCESS] Found Amadeus Altea window: Altéa Reservation Desktop
[LF][[INFO] INFO] URL: https://tc212.resdesktop.altea.amadeus.com/app_ard/apf/init/login?SITE=ESMPESMP&LANGUAGE=GB&MARKETS=ARDW_PROD_WBP&ACTION=clpLogin
2026-01-17 23:50:22 | INFO     | [DAY_START] Processing 15MAR
[LF] Processing MED-CAI for 15MAR
2026-01-17 23:50:22 | INFO     | [lf.day.start] Processing MED-CAI for 15MAR
[LF] 15MAR: found 1 direct flights
2026-01-17 23:50:23 | INFO     | [lf.day.flights_found] Found 1 flights on 15MAR
2026-01-17 23:50:25 | INFO     | [lf.flight.extracted] SM494 on 15MAR: BKG=7, LF=4.0%
[LF] SM494 15MAR: BKG=7, GRP=0, CAP=175, LF%=4.0%, Brd-Off=MED-CAI, Classes: S:4, K:3
[LF] Getting WEEKLY/LASTSOLD data for 1 flights
[LF] SM494 15MAR: LASTSOLD=2026-01-08 00:00:00, WEEKLY=0, TODAY=0, YDAY=0
2026-01-17 23:50:28 | INFO     | [SUCCESS] Day 15MAR
2026-01-17 23:50:28 | INFO     | [DAY_START] Processing 14MAR
[LF] Processing MED-CAI for 14MAR
2026-01-17 23:50:28 | INFO     | [lf.day.start] Processing MED-CAI for 14MAR
[LF] 14MAR: found 1 direct flights
2026-01-17 23:50:29 | INFO     | [lf.day.flights_found] Found 1 flights on 14MAR
2026-01-17 23:50:51 | INFO     | [lf.flight.extracted] SM494 on 14MAR: BKG=18, LF=10.3%
[LF] SM494 14MAR: BKG=18, GRP=0, CAP=175, LF%=10.3%, Brd-Off=MED-CAI, Classes: S:15, K:1, H:2
[LF] Getting WEEKLY/LASTSOLD data for 1 flights
[LF] SM494 14MAR: LASTSOLD=2025-12-30 00:00:00, WEEKLY=0, TODAY=0, YDAY=0
2026-01-17 23:50:53 | INFO     | [SUCCESS] Day 14MAR
2026-01-17 23:50:53 | INFO     | [DAY_START] Processing 13MAR
[LF] Processing MED-CAI for 13MAR
2026-01-17 23:50:53 | INFO     | [lf.day.start] Processing MED-CAI for 13MAR
[LF] No direct flights on 13MAR for MED-CAI
2026-01-17 23:50:54 | WARNING  | [lf.day.no_flights] No direct flights on 13MAR
2026-01-17 23:50:55 | INFO     | [SUCCESS] Day 13MAR
2026-01-17 23:50:55 | INFO     | [DAY_START] Processing 12MAR
[LF] Processing MED-CAI for 12MAR
2026-01-17 23:50:55 | INFO     | [lf.day.start] Processing MED-CAI for 12MAR
[LF] 12MAR: found 1 direct flights
2026-01-17 23:50:56 | INFO     | [lf.day.flights_found] Found 1 flights on 12MAR
2026-01-17 23:50:58 | INFO     | [lf.flight.extracted] SM494 on 12MAR: BKG=38, LF=21.7%
[LF] SM494 12MAR: BKG=38, GRP=0, CAP=175, LF%=21.7%, Brd-Off=MED-CAI, Classes: T:9, W:8, S:17, G:1, K:2, H:1
[LF] Getting WEEKLY/LASTSOLD data for 1 flights
[LF] SM494 12MAR: LASTSOLD=2026-01-16 00:00:00, WEEKLY=3, TODAY=0, YDAY=1
2026-01-17 23:51:01 | INFO     | [SUCCESS] Day 12MAR
2026-01-17 23:51:01 | INFO     | [DAY_START] Processing 11MAR
[LF] Processing MED-CAI for 11MAR
2026-01-17 23:51:01 | INFO     | [lf.day.start] Processing MED-CAI for 11MAR
[LF] No direct flights on 11MAR for MED-CAI
2026-01-17 23:51:02 | WARNING  | [lf.day.no_flights] No direct flights on 11MAR
2026-01-17 23:51:02 | INFO     | [SUCCESS] Day 11MAR
2026-01-17 23:51:02 | INFO     | [DAY_START] Processing 10MAR
[LF] Processing MED-CAI for 10MAR
2026-01-17 23:51:02 | INFO     | [lf.day.start] Processing MED-CAI for 10MAR
[LF] 10MAR: found 2 direct flights
2026-01-17 23:51:03 | INFO     | [lf.day.flights_found] Found 2 flights on 10MAR
2026-01-17 23:51:05 | INFO     | [lf.flight.extracted] SM496 on 10MAR: BKG=39, LF=22.3%
[LF] SM496 10MAR: BKG=39, GRP=25, CAP=175, LF%=22.3%, Brd-Off=MED-CAI, Classes: E:25, T:9, W:5
[LPC] SM496 10MAR: Found 1 outbound flights with connecting passengers
2026-01-17 23:51:10 | INFO     | [lf.flight.extracted] SM494 on 10MAR: BKG=16, LF=9.1%
[LF] SM494 10MAR: BKG=16, GRP=0, CAP=175, LF%=9.1%, Brd-Off=MED-CAI, Classes: T:9, W:4, S:3
[LPC] SM494 10MAR: Found 0 outbound flights with connecting passengers
[LF] Getting WEEKLY/LASTSOLD data for 2 flights
[LF] SM496 10MAR: LASTSOLD=2026-01-17 00:00:00, WEEKLY=5, TODAY=1, YDAY=0
[LF] SM494 10MAR: LASTSOLD=2026-01-11 00:00:00, WEEKLY=5, TODAY=0, YDAY=0
2026-01-17 23:51:15 | INFO     | [SUCCESS] Day 10MAR
2026-01-17 23:51:15 | INFO     | [DAY_START] Processing 09MAR
[LF] Processing MED-CAI for 09MAR
2026-01-17 23:51:15 | INFO     | [lf.day.start] Processing MED-CAI for 09MAR
[LF] No direct flights on 09MAR for MED-CAI
2026-01-17 23:51:17 | WARNING  | [lf.day.no_flights] No direct flights on 09MAR
2026-01-17 23:51:17 | INFO     | [SUCCESS] Day 09MAR
2026-01-17 23:51:17 | INFO     | [DAY_START] Processing 08MAR
[LF] Processing MED-CAI for 08MAR
2026-01-17 23:51:17 | INFO     | [lf.day.start] Processing MED-CAI for 08MAR
[LF] 08MAR: found 1 direct flights
2026-01-17 23:51:18 | INFO     | [lf.day.flights_found] Found 1 flights on 08MAR
2026-01-17 23:51:20 | INFO     | [lf.flight.extracted] SM494 on 08MAR: BKG=8, LF=4.6%
[LF] SM494 08MAR: BKG=8, GRP=0, CAP=175, LF%=4.6%, Brd-Off=MED-CAI, Classes: T:5, W:3
[LF] Getting WEEKLY/LASTSOLD data for 1 flights
[LF] SM494 08MAR: LASTSOLD=2025-12-24 00:00:00, WEEKLY=0, TODAY=0, YDAY=0
2026-01-17 23:51:23 | INFO     | [SUCCESS] Day 08MAR
[LF] Results summary:
  2026-03-15: 1 flights
  2026-03-14: 1 flights
  2026-03-13: 0 flights
  2026-03-12: 1 flights
  2026-03-11: 0 flights
  2026-03-10: 2 flights
  2026-03-09: 0 flights
  2026-03-08: 1 flights
2026-01-17 23:51:23 | INFO     | [SUCCESS] LF Search Complete

============================================================
[Worker_9227] ✓ COMPLETED: MED-CAI
  Results: 8 dates
  Errors: 0 dates
  Total Processed: 29 groups
============================================================

2026-01-17 23:51:23 | INFO     | [Worker_9227] Completed: MED-CAI - 8 results, 0 errors

============================================================
[Worker_9227] Processing: DMM-CAI
  Tier 0: Range 3, Chunk 3/3
  Dates: 8 days
  Date Range: 2026-03-15 to 2026-03-08
============================================================

2026-01-17 23:51:23 | INFO     | [Worker_9227] Processing: DMM-CAI
2026-01-17 23:51:23 | INFO     |   Tier 0: Range 3, Chunk 3/3 (8 days)
2026-01-17 23:51:23 | INFO     | ======================================================================
2026-01-17 23:51:23 | INFO     | Load Factor Scraper Started - Route: DMM-CAI
2026-01-17 23:51:23 | INFO     | Log file: D:\CODERED\LAB\Artifacts\outputs\run_generated_170126_at_23.33_RETRY\logs\LF_DMM-CAI_20260117_235123.log
2026-01-17 23:51:23 | INFO     | Enhanced logging: Capturing both logging.info() and print()
2026-01-17 23:51:23 | INFO     | ======================================================================
[LF] Processing dates (override): ['15MAR', '14MAR', '13MAR', '12MAR', '11MAR', '10MAR', '09MAR', '08MAR']
[LF] Attaching to Chrome for Altea access
2026-01-17 23:51:23 | INFO     | Starting LF search for route: DMM-CAI
2026-01-17 23:51:23 | INFO     | [START] LF Search
[LF][[OK] SUCCESS] Connected to Chrome on 127.0.0.1:9227 (after 1 attempts)
2026-01-17 23:51:24 | INFO     | [HEALTH CHECK] [OK] Chrome connection is healthy
[LF][[OK] SUCCESS] Found Amadeus Altea window: Altéa Reservation Desktop
[LF][[INFO] INFO] URL: https://tc212.resdesktop.altea.amadeus.com/app_ard/apf/init/login?SITE=ESMPESMP&LANGUAGE=GB&MARKETS=ARDW_PROD_WBP&ACTION=clpLogin
2026-01-17 23:51:24 | INFO     | [DAY_START] Processing 15MAR
[LF] Processing DMM-CAI for 15MAR
2026-01-17 23:51:24 | INFO     | [lf.day.start] Processing DMM-CAI for 15MAR
[LF] No direct flights on 15MAR for DMM-CAI
2026-01-17 23:51:26 | WARNING  | [lf.day.no_flights] No direct flights on 15MAR
2026-01-17 23:51:27 | INFO     | [SUCCESS] Day 15MAR
2026-01-17 23:51:27 | INFO     | [DAY_START] Processing 14MAR
[LF] Processing DMM-CAI for 14MAR
2026-01-17 23:51:27 | INFO     | [lf.day.start] Processing DMM-CAI for 14MAR
[LF] 14MAR: found 1 direct flights
2026-01-17 23:51:28 | INFO     | [lf.day.flights_found] Found 1 flights on 14MAR
2026-01-17 23:51:32 | INFO     | [lf.flight.extracted] SM434 on 14MAR: BKG=3, LF=1.7%
[LF] SM434 14MAR: BKG=3, GRP=0, CAP=175, LF%=1.7%, Brd-Off=DMM-CAI, Classes: X:2, S:1
[LF] Getting WEEKLY/LASTSOLD data for 1 flights
[LF] SM434 14MAR: LASTSOLD=2025-08-10 00:00:00, WEEKLY=0, TODAY=0, YDAY=0
2026-01-17 23:51:36 | INFO     | [SUCCESS] Day 14MAR
2026-01-17 23:51:36 | INFO     | [DAY_START] Processing 13MAR
[LF] Processing DMM-CAI for 13MAR
2026-01-17 23:51:36 | INFO     | [lf.day.start] Processing DMM-CAI for 13MAR
[LF] 13MAR: found 1 direct flights
2026-01-17 23:51:37 | INFO     | [lf.day.flights_found] Found 1 flights on 13MAR
2026-01-17 23:51:39 | INFO     | [lf.flight.extracted] SM434 on 13MAR: BKG=11, LF=6.3%
[LF] SM434 13MAR: BKG=11, GRP=0, CAP=175, LF%=6.3%, Brd-Off=DMM-CAI, Classes: X:6, Q:2, M:3
[LF] Getting WEEKLY/LASTSOLD data for 1 flights
[LF] SM434 13MAR: LASTSOLD=2026-01-17 00:00:00, WEEKLY=1, TODAY=1, YDAY=0
2026-01-17 23:51:45 | INFO     | [SUCCESS] Day 13MAR
2026-01-17 23:51:45 | INFO     | [DAY_START] Processing 12MAR
[LF] Processing DMM-CAI for 12MAR
2026-01-17 23:51:45 | INFO     | [lf.day.start] Processing DMM-CAI for 12MAR
[LF] 12MAR: found 1 direct flights
2026-01-17 23:51:47 | INFO     | [lf.day.flights_found] Found 1 flights on 12MAR
2026-01-17 23:51:49 | INFO     | [lf.flight.extracted] SM434 on 12MAR: BKG=18, LF=10.3%
[LF] SM434 12MAR: BKG=18, GRP=0, CAP=175, LF%=10.3%, Brd-Off=DMM-CAI, Classes: X:3, S:1, G:2, K:10, Q:2
[LF] Getting WEEKLY/LASTSOLD data for 1 flights
[LF] SM434 12MAR: LASTSOLD=2026-01-15 00:00:00, WEEKLY=12, TODAY=0, YDAY=0
2026-01-17 23:51:52 | INFO     | [SUCCESS] Day 12MAR
2026-01-17 23:51:52 | INFO     | [DAY_START] Processing 11MAR
[LF] Processing DMM-CAI for 11MAR
2026-01-17 23:51:52 | INFO     | [lf.day.start] Processing DMM-CAI for 11MAR
[LF] No direct flights on 11MAR for DMM-CAI
2026-01-17 23:51:53 | WARNING  | [lf.day.no_flights] No direct flights on 11MAR
2026-01-17 23:51:54 | INFO     | [SUCCESS] Day 11MAR
2026-01-17 23:51:54 | INFO     | [DAY_START] Processing 10MAR
[LF] Processing DMM-CAI for 10MAR
2026-01-17 23:51:54 | INFO     | [lf.day.start] Processing DMM-CAI for 10MAR
[LF] 10MAR: found 1 direct flights
2026-01-17 23:51:55 | INFO     | [lf.day.flights_found] Found 1 flights on 10MAR
2026-01-17 23:51:57 | INFO     | [lf.flight.extracted] SM434 on 10MAR: BKG=37, LF=35.2%
[LF] SM434 10MAR: BKG=37, GRP=0, CAP=105, LF%=35.2%, Brd-Off=DMM-CAI, Classes: W:10, S:5, G:8, L:11, V:2, K:1
[LPC] SM434 10MAR: Found 1 outbound flights with connecting passengers
[LF] Getting WEEKLY/LASTSOLD data for 1 flights
[LF] SM434 10MAR: LASTSOLD=2026-01-17 00:00:00, WEEKLY=9, TODAY=1, YDAY=0
2026-01-17 23:52:03 | INFO     | [SUCCESS] Day 10MAR
2026-01-17 23:52:03 | INFO     | [DAY_START] Processing 09MAR
[LF] Processing DMM-CAI for 09MAR
2026-01-17 23:52:03 | INFO     | [lf.day.start] Processing DMM-CAI for 09MAR
[LF] No direct flights on 09MAR for DMM-CAI
2026-01-17 23:52:04 | WARNING  | [lf.day.no_flights] No direct flights on 09MAR
2026-01-17 23:52:04 | INFO     | [SUCCESS] Day 09MAR
2026-01-17 23:52:04 | INFO     | [DAY_START] Processing 08MAR
[LF] Processing DMM-CAI for 08MAR
2026-01-17 23:52:04 | INFO     | [lf.day.start] Processing DMM-CAI for 08MAR
[LF] No direct flights on 08MAR for DMM-CAI
2026-01-17 23:52:05 | WARNING  | [lf.day.no_flights] No direct flights on 08MAR
2026-01-17 23:52:06 | INFO     | [SUCCESS] Day 08MAR
[LF] Results summary:
  2026-03-15: 0 flights
  2026-03-14: 1 flights
  2026-03-13: 1 flights
  2026-03-12: 1 flights
  2026-03-11: 0 flights
  2026-03-10: 1 flights
  2026-03-09: 0 flights
  2026-03-08: 0 flights
2026-01-17 23:52:06 | INFO     | [SUCCESS] LF Search Complete

============================================================
[Worker_9227] ✓ COMPLETED: DMM-CAI
  Results: 8 dates
  Errors: 0 dates
  Total Processed: 30 groups
============================================================

2026-01-17 23:52:06 | INFO     | [Worker_9227] Completed: DMM-CAI - 8 results, 0 errors

============================================================
[Worker_9227] Processing: AJF-ATZ
  Tier 0: Range 3, Chunk 3/3
  Dates: 8 days
  Date Range: 2026-03-15 to 2026-03-08
============================================================

2026-01-17 23:52:06 | INFO     | [Worker_9227] Processing: AJF-ATZ
2026-01-17 23:52:06 | INFO     |   Tier 0: Range 3, Chunk 3/3 (8 days)
2026-01-17 23:52:06 | INFO     | ======================================================================
2026-01-17 23:52:06 | INFO     | Load Factor Scraper Started - Route: AJF-ATZ
2026-01-17 23:52:06 | INFO     | Log file: D:\CODERED\LAB\Artifacts\outputs\run_generated_170126_at_23.33_RETRY\logs\LF_AJF-ATZ_20260117_235206.log
2026-01-17 23:52:06 | INFO     | Enhanced logging: Capturing both logging.info() and print()
2026-01-17 23:52:06 | INFO     | ======================================================================
[LF] Processing dates (override): ['15MAR', '14MAR', '13MAR', '12MAR', '11MAR', '10MAR', '09MAR', '08MAR']
[LF] Attaching to Chrome for Altea access
2026-01-17 23:52:06 | INFO     | Starting LF search for route: AJF-ATZ
2026-01-17 23:52:06 | INFO     | [START] LF Search
[LF][[OK] SUCCESS] Connected to Chrome on 127.0.0.1:9227 (after 1 attempts)
2026-01-17 23:52:07 | INFO     | [HEALTH CHECK] [OK] Chrome connection is healthy
[LF][[OK] SUCCESS] Found Amadeus Altea window: Altéa Reservation Desktop
[LF][[INFO] INFO] URL: https://tc212.resdesktop.altea.amadeus.com/app_ard/apf/init/login?SITE=ESMPESMP&LANGUAGE=GB&MARKETS=ARDW_PROD_WBP&ACTION=clpLogin
2026-01-17 23:52:08 | INFO     | [DAY_START] Processing 15MAR
[LF] Processing AJF-ATZ for 15MAR
2026-01-17 23:52:08 | INFO     | [lf.day.start] Processing AJF-ATZ for 15MAR
[LF] No direct flights on 15MAR for AJF-ATZ
2026-01-17 23:52:09 | WARNING  | [lf.day.no_flights] No direct flights on 15MAR
2026-01-17 23:52:09 | INFO     | [SUCCESS] Day 15MAR
2026-01-17 23:52:09 | INFO     | [DAY_START] Processing 14MAR
[LF] Processing AJF-ATZ for 14MAR
2026-01-17 23:52:09 | INFO     | [lf.day.start] Processing AJF-ATZ for 14MAR
[LF] No direct flights on 14MAR for AJF-ATZ
2026-01-17 23:52:10 | WARNING  | [lf.day.no_flights] No direct flights on 14MAR
2026-01-17 23:52:10 | INFO     | [SUCCESS] Day 14MAR
2026-01-17 23:52:10 | INFO     | [DAY_START] Processing 13MAR
[LF] Processing AJF-ATZ for 13MAR
2026-01-17 23:52:10 | INFO     | [lf.day.start] Processing AJF-ATZ for 13MAR
[LF] 13MAR: found 1 direct flights
2026-01-17 23:52:12 | INFO     | [lf.day.flights_found] Found 1 flights on 13MAR
2026-01-17 23:52:14 | INFO     | [lf.flight.extracted] SM324 on 13MAR: BKG=33, LF=19.8%
[LF] SM324 13MAR: BKG=33, GRP=0, CAP=167, LF%=19.8%, Brd-Off=AJF-ATZ, Classes: I:5, O:5, U:5, X:9, T:4, G:4, L:1
[LF] Getting WEEKLY/LASTSOLD data for 1 flights
[LF] SM324 13MAR: LASTSOLD=2026-01-17 00:00:00, WEEKLY=24, TODAY=5, YDAY=4
2026-01-17 23:52:17 | INFO     | [SUCCESS] Day 13MAR
2026-01-17 23:52:17 | INFO     | [DAY_START] Processing 12MAR
[LF] Processing AJF-ATZ for 12MAR
2026-01-17 23:52:17 | INFO     | [lf.day.start] Processing AJF-ATZ for 12MAR
[LF] No direct flights on 12MAR for AJF-ATZ
2026-01-17 23:52:18 | WARNING  | [lf.day.no_flights] No direct flights on 12MAR
2026-01-17 23:52:18 | INFO     | [SUCCESS] Day 12MAR
2026-01-17 23:52:18 | INFO     | [DAY_START] Processing 11MAR
[LF] Processing AJF-ATZ for 11MAR
2026-01-17 23:52:18 | INFO     | [lf.day.start] Processing AJF-ATZ for 11MAR
[LF] No direct flights on 11MAR for AJF-ATZ
2026-01-17 23:52:20 | WARNING  | [lf.day.no_flights] No direct flights on 11MAR
2026-01-17 23:52:20 | INFO     | [SUCCESS] Day 11MAR
2026-01-17 23:52:20 | INFO     | [DAY_START] Processing 10MAR
[LF] Processing AJF-ATZ for 10MAR
2026-01-17 23:52:20 | INFO     | [lf.day.start] Processing AJF-ATZ for 10MAR
[LF] No direct flights on 10MAR for AJF-ATZ
2026-01-17 23:52:21 | WARNING  | [lf.day.no_flights] No direct flights on 10MAR
2026-01-17 23:52:21 | INFO     | [SUCCESS] Day 10MAR
2026-01-17 23:52:21 | INFO     | [DAY_START] Processing 09MAR
[LF] Processing AJF-ATZ for 09MAR
2026-01-17 23:52:21 | INFO     | [lf.day.start] Processing AJF-ATZ for 09MAR
[LF] No direct flights on 09MAR for AJF-ATZ
2026-01-17 23:52:22 | WARNING  | [lf.day.no_flights] No direct flights on 09MAR
2026-01-17 23:52:22 | INFO     | [SUCCESS] Day 09MAR
2026-01-17 23:52:22 | INFO     | [DAY_START] Processing 08MAR
[LF] Processing AJF-ATZ for 08MAR
2026-01-17 23:52:22 | INFO     | [lf.day.start] Processing AJF-ATZ for 08MAR
[LF] No direct flights on 08MAR for AJF-ATZ
2026-01-17 23:52:23 | WARNING  | [lf.day.no_flights] No direct flights on 08MAR
2026-01-17 23:52:23 | INFO     | [SUCCESS] Day 08MAR
[LF] Results summary:
  2026-03-15: 0 flights
  2026-03-14: 0 flights
  2026-03-13: 1 flights
  2026-03-12: 0 flights
  2026-03-11: 0 flights
  2026-03-10: 0 flights
  2026-03-09: 0 flights
  2026-03-08: 0 flights
2026-01-17 23:52:23 | INFO     | [SUCCESS] LF Search Complete

============================================================
[Worker_9227] ✓ COMPLETED: AJF-ATZ
  Results: 8 dates
  Errors: 0 dates
  Total Processed: 31 groups
============================================================

2026-01-17 23:52:23 | INFO     | [Worker_9227] Completed: AJF-ATZ - 8 results, 0 errors

============================================================
[Worker_9227] Processing: AHB-ATZ
  Tier 0: Range 3, Chunk 3/3
  Dates: 8 days
  Date Range: 2026-03-15 to 2026-03-08
============================================================

2026-01-17 23:52:23 | INFO     | [Worker_9227] Processing: AHB-ATZ
2026-01-17 23:52:23 | INFO     |   Tier 0: Range 3, Chunk 3/3 (8 days)
2026-01-17 23:52:23 | INFO     | ======================================================================
2026-01-17 23:52:23 | INFO     | Load Factor Scraper Started - Route: AHB-ATZ
2026-01-17 23:52:23 | INFO     | Log file: D:\CODERED\LAB\Artifacts\outputs\run_generated_170126_at_23.33_RETRY\logs\LF_AHB-ATZ_20260117_235223.log
2026-01-17 23:52:23 | INFO     | Enhanced logging: Capturing both logging.info() and print()
2026-01-17 23:52:23 | INFO     | ======================================================================
[LF] Processing dates (override): ['15MAR', '14MAR', '13MAR', '12MAR', '11MAR', '10MAR', '09MAR', '08MAR']
[LF] Attaching to Chrome for Altea access
2026-01-17 23:52:23 | INFO     | Starting LF search for route: AHB-ATZ
2026-01-17 23:52:23 | INFO     | [START] LF Search
[LF][[OK] SUCCESS] Connected to Chrome on 127.0.0.1:9227 (after 1 attempts)
2026-01-17 23:52:24 | INFO     | [HEALTH CHECK] [OK] Chrome connection is healthy
[LF][[OK] SUCCESS] Found Amadeus Altea window: Altéa Reservation Desktop
[LF][[INFO] INFO] URL: https://tc212.resdesktop.altea.amadeus.com/app_ard/apf/init/login?SITE=ESMPESMP&LANGUAGE=GB&MARKETS=ARDW_PROD_WBP&ACTION=clpLogin
2026-01-17 23:52:24 | INFO     | [DAY_START] Processing 15MAR
[LF] Processing AHB-ATZ for 15MAR
2026-01-17 23:52:24 | INFO     | [lf.day.start] Processing AHB-ATZ for 15MAR
[LF] No direct flights on 15MAR for AHB-ATZ
2026-01-17 23:52:25 | WARNING  | [lf.day.no_flights] No direct flights on 15MAR
2026-01-17 23:52:26 | INFO     | [SUCCESS] Day 15MAR
2026-01-17 23:52:26 | INFO     | [DAY_START] Processing 14MAR
[LF] Processing AHB-ATZ for 14MAR
2026-01-17 23:52:26 | INFO     | [lf.day.start] Processing AHB-ATZ for 14MAR
[LF] No direct flights on 14MAR for AHB-ATZ
2026-01-17 23:52:27 | WARNING  | [lf.day.no_flights] No direct flights on 14MAR
2026-01-17 23:52:27 | INFO     | [SUCCESS] Day 14MAR
2026-01-17 23:52:27 | INFO     | [DAY_START] Processing 13MAR
[LF] Processing AHB-ATZ for 13MAR
2026-01-17 23:52:27 | INFO     | [lf.day.start] Processing AHB-ATZ for 13MAR
[LF] 13MAR: found 1 direct flights
2026-01-17 23:52:28 | INFO     | [lf.day.flights_found] Found 1 flights on 13MAR
2026-01-17 23:52:31 | INFO     | [lf.flight.extracted] SM446 on 13MAR: BKG=4, LF=2.3%
[LF] SM446 13MAR: BKG=4, GRP=0, CAP=175, LF%=2.3%, Brd-Off=AHB-ATZ, Classes: Q:3, M:1
[LF] Getting WEEKLY/LASTSOLD data for 1 flights
[LF] SM446 13MAR: LASTSOLD=2026-01-15 00:00:00, WEEKLY=2, TODAY=0, YDAY=0
2026-01-17 23:52:35 | INFO     | [SUCCESS] Day 13MAR
2026-01-17 23:52:35 | INFO     | [DAY_START] Processing 12MAR
[LF] Processing AHB-ATZ for 12MAR
2026-01-17 23:52:35 | INFO     | [lf.day.start] Processing AHB-ATZ for 12MAR
[LF] No direct flights on 12MAR for AHB-ATZ
2026-01-17 23:52:36 | WARNING  | [lf.day.no_flights] No direct flights on 12MAR
2026-01-17 23:52:36 | INFO     | [SUCCESS] Day 12MAR
2026-01-17 23:52:36 | INFO     | [DAY_START] Processing 11MAR
[LF] Processing AHB-ATZ for 11MAR
2026-01-17 23:52:36 | INFO     | [lf.day.start] Processing AHB-ATZ for 11MAR
[LF] No direct flights on 11MAR for AHB-ATZ
2026-01-17 23:52:37 | WARNING  | [lf.day.no_flights] No direct flights on 11MAR
2026-01-17 23:52:37 | INFO     | [SUCCESS] Day 11MAR
2026-01-17 23:52:37 | INFO     | [DAY_START] Processing 10MAR
[LF] Processing AHB-ATZ for 10MAR
2026-01-17 23:52:37 | INFO     | [lf.day.start] Processing AHB-ATZ for 10MAR
[LF] No direct flights on 10MAR for AHB-ATZ
2026-01-17 23:52:39 | WARNING  | [lf.day.no_flights] No direct flights on 10MAR
2026-01-17 23:52:39 | INFO     | [SUCCESS] Day 10MAR
2026-01-17 23:52:39 | INFO     | [DAY_START] Processing 09MAR
[LF] Processing AHB-ATZ for 09MAR
2026-01-17 23:52:39 | INFO     | [lf.day.start] Processing AHB-ATZ for 09MAR
[LF] No direct flights on 09MAR for AHB-ATZ
2026-01-17 23:52:40 | WARNING  | [lf.day.no_flights] No direct flights on 09MAR
2026-01-17 23:52:40 | INFO     | [SUCCESS] Day 09MAR
2026-01-17 23:52:40 | INFO     | [DAY_START] Processing 08MAR
[LF] Processing AHB-ATZ for 08MAR
2026-01-17 23:52:40 | INFO     | [lf.day.start] Processing AHB-ATZ for 08MAR
[LF] No direct flights on 08MAR for AHB-ATZ
2026-01-17 23:52:41 | WARNING  | [lf.day.no_flights] No direct flights on 08MAR
2026-01-17 23:52:41 | INFO     | [SUCCESS] Day 08MAR
[LF] Results summary:
  2026-03-15: 0 flights
  2026-03-14: 0 flights
  2026-03-13: 1 flights
  2026-03-12: 0 flights
  2026-03-11: 0 flights
  2026-03-10: 0 flights
  2026-03-09: 0 flights
  2026-03-08: 0 flights
2026-01-17 23:52:41 | INFO     | [SUCCESS] LF Search Complete

============================================================
[Worker_9227] ✓ COMPLETED: AHB-ATZ
  Results: 8 dates
  Errors: 0 dates
  Total Processed: 32 groups
============================================================

2026-01-17 23:52:41 | INFO     | [Worker_9227] Completed: AHB-ATZ - 8 results, 0 errors

============================================================
[Worker_9227] Processing: HBE-MED
  Tier 0: Range 3, Chunk 3/3
  Dates: 8 days
  Date Range: 2026-03-15 to 2026-03-08
============================================================

2026-01-17 23:52:41 | INFO     | [Worker_9227] Processing: HBE-MED
2026-01-17 23:52:41 | INFO     |   Tier 0: Range 3, Chunk 3/3 (8 days)
2026-01-17 23:52:41 | INFO     | ======================================================================
2026-01-17 23:52:41 | INFO     | Load Factor Scraper Started - Route: HBE-MED
2026-01-17 23:52:41 | INFO     | Log file: D:\CODERED\LAB\Artifacts\outputs\run_generated_170126_at_23.33_RETRY\logs\LF_HBE-MED_20260117_235241.log
2026-01-17 23:52:41 | INFO     | Enhanced logging: Capturing both logging.info() and print()
2026-01-17 23:52:41 | INFO     | ======================================================================
[LF] Processing dates (override): ['15MAR', '14MAR', '13MAR', '12MAR', '11MAR', '10MAR', '09MAR', '08MAR']
[LF] Attaching to Chrome for Altea access
2026-01-17 23:52:41 | INFO     | Starting LF search for route: HBE-MED
2026-01-17 23:52:41 | INFO     | [START] LF Search
[LF][[OK] SUCCESS] Connected to Chrome on 127.0.0.1:9227 (after 1 attempts)
2026-01-17 23:52:43 | INFO     | [HEALTH CHECK] [OK] Chrome connection is healthy
[LF][[OK] SUCCESS] Found Amadeus Altea window: Altéa Reservation Desktop
[LF][[INFO] INFO] URL: https://tc212.resdesktop.altea.amadeus.com/app_ard/apf/init/login?SITE=ESMPESMP&LANGUAGE=GB&MARKETS=ARDW_PROD_WBP&ACTION=clpLogin
2026-01-17 23:52:43 | INFO     | [DAY_START] Processing 15MAR
[LF] Processing HBE-MED for 15MAR
2026-01-17 23:52:43 | INFO     | [lf.day.start] Processing HBE-MED for 15MAR
[LF] 15MAR: found 1 direct flights
2026-01-17 23:52:44 | INFO     | [lf.day.flights_found] Found 1 flights on 15MAR
2026-01-17 23:52:46 | INFO     | [lf.flight.extracted] SM485 on 15MAR: BKG=0, LF=0.0%
[LF] SM485 15MAR: BKG=0, GRP=0, CAP=179, LF%=0.0%, Brd-Off=HBE-MED
2026-01-17 23:52:47 | INFO     | [SUCCESS] Day 15MAR
2026-01-17 23:52:47 | INFO     | [DAY_START] Processing 14MAR
[LF] Processing HBE-MED for 14MAR
2026-01-17 23:52:47 | INFO     | [lf.day.start] Processing HBE-MED for 14MAR
[LF] No direct flights on 14MAR for HBE-MED
2026-01-17 23:52:48 | WARNING  | [lf.day.no_flights] No direct flights on 14MAR
2026-01-17 23:52:48 | INFO     | [SUCCESS] Day 14MAR
2026-01-17 23:52:48 | INFO     | [DAY_START] Processing 13MAR
[LF] Processing HBE-MED for 13MAR
2026-01-17 23:52:48 | INFO     | [lf.day.start] Processing HBE-MED for 13MAR
[LF] No direct flights on 13MAR for HBE-MED
2026-01-17 23:52:49 | WARNING  | [lf.day.no_flights] No direct flights on 13MAR
2026-01-17 23:52:49 | INFO     | [SUCCESS] Day 13MAR
2026-01-17 23:52:49 | INFO     | [DAY_START] Processing 12MAR
[LF] Processing HBE-MED for 12MAR
2026-01-17 23:52:49 | INFO     | [lf.day.start] Processing HBE-MED for 12MAR
[LF] 12MAR: found 1 direct flights
2026-01-17 23:52:51 | INFO     | [lf.day.flights_found] Found 1 flights on 12MAR
2026-01-17 23:52:53 | INFO     | [lf.flight.extracted] SM485 on 12MAR: BKG=1, LF=0.6%
[LF] SM485 12MAR: BKG=1, GRP=0, CAP=179, LF%=0.6%, Brd-Off=HBE-MED, Classes: V:1
[LF] Getting WEEKLY/LASTSOLD data for 1 flights
[LF] SM485 12MAR: LASTSOLD=2026-01-13 00:00:00, WEEKLY=1, TODAY=0, YDAY=0
2026-01-17 23:52:56 | INFO     | [SUCCESS] Day 12MAR
2026-01-17 23:52:56 | INFO     | [DAY_START] Processing 11MAR
[LF] Processing HBE-MED for 11MAR
2026-01-17 23:52:56 | INFO     | [lf.day.start] Processing HBE-MED for 11MAR
[LF] 11MAR: found 1 direct flights
2026-01-17 23:52:57 | INFO     | [lf.day.flights_found] Found 1 flights on 11MAR
2026-01-17 23:52:59 | INFO     | [lf.flight.extracted] SM485 on 11MAR: BKG=5, LF=2.8%
[LF] SM485 11MAR: BKG=5, GRP=0, CAP=179, LF%=2.8%, Brd-Off=HBE-MED, Classes: V:5
[LF] Getting WEEKLY/LASTSOLD data for 1 flights
[LF] SM485 11MAR: LASTSOLD=2026-01-11 00:00:00, WEEKLY=1, TODAY=0, YDAY=0
2026-01-17 23:53:03 | INFO     | [SUCCESS] Day 11MAR
2026-01-17 23:53:03 | INFO     | [DAY_START] Processing 10MAR
[LF] Processing HBE-MED for 10MAR
2026-01-17 23:53:03 | INFO     | [lf.day.start] Processing HBE-MED for 10MAR
[LF] 10MAR: found 1 direct flights
2026-01-17 23:53:04 | INFO     | [lf.day.flights_found] Found 1 flights on 10MAR
2026-01-17 23:53:06 | INFO     | [lf.flight.extracted] SM485 on 10MAR: BKG=0, LF=0.0%
[LF] SM485 10MAR: BKG=0, GRP=0, CAP=179, LF%=0.0%, Brd-Off=HBE-MED
2026-01-17 23:53:08 | INFO     | [SUCCESS] Day 10MAR
2026-01-17 23:53:08 | INFO     | [DAY_START] Processing 09MAR
[LF] Processing HBE-MED for 09MAR
2026-01-17 23:53:08 | INFO     | [lf.day.start] Processing HBE-MED for 09MAR
[LF] No direct flights on 09MAR for HBE-MED
2026-01-17 23:53:09 | WARNING  | [lf.day.no_flights] No direct flights on 09MAR
2026-01-17 23:53:09 | INFO     | [SUCCESS] Day 09MAR
2026-01-17 23:53:09 | INFO     | [DAY_START] Processing 08MAR
[LF] Processing HBE-MED for 08MAR
2026-01-17 23:53:09 | INFO     | [lf.day.start] Processing HBE-MED for 08MAR
[LF] 08MAR: found 1 direct flights
2026-01-17 23:53:10 | INFO     | [lf.day.flights_found] Found 1 flights on 08MAR
2026-01-17 23:53:12 | INFO     | [lf.flight.extracted] SM485 on 08MAR: BKG=15, LF=8.4%
[LF] SM485 08MAR: BKG=15, GRP=0, CAP=179, LF%=8.4%, Brd-Off=HBE-MED, Classes: V:10, K:5
[LF] Getting WEEKLY/LASTSOLD data for 1 flights
[LF] SM485 08MAR: LASTSOLD=2026-01-13 00:00:00, WEEKLY=3, TODAY=0, YDAY=0
2026-01-17 23:53:16 | INFO     | [SUCCESS] Day 08MAR
[LF] Results summary:
  2026-03-15: 1 flights
  2026-03-14: 0 flights
  2026-03-13: 0 flights
  2026-03-12: 1 flights
  2026-03-11: 1 flights
  2026-03-10: 1 flights
  2026-03-09: 0 flights
  2026-03-08: 1 flights
2026-01-17 23:53:16 | INFO     | [SUCCESS] LF Search Complete

============================================================
[Worker_9227] ✓ COMPLETED: HBE-MED
  Results: 8 dates
  Errors: 0 dates
  Total Processed: 33 groups
============================================================

2026-01-17 23:53:16 | INFO     | [Worker_9227] Completed: HBE-MED - 8 results, 0 errors

============================================================
[Worker_9227] Processing: ATZ-RUH
  Tier 0: Range 3, Chunk 3/3
  Dates: 8 days
  Date Range: 2026-03-15 to 2026-03-08
============================================================

2026-01-17 23:53:16 | INFO     | [Worker_9227] Processing: ATZ-RUH
2026-01-17 23:53:16 | INFO     |   Tier 0: Range 3, Chunk 3/3 (8 days)
2026-01-17 23:53:16 | INFO     | ======================================================================
2026-01-17 23:53:16 | INFO     | Load Factor Scraper Started - Route: ATZ-RUH
2026-01-17 23:53:16 | INFO     | Log file: D:\CODERED\LAB\Artifacts\outputs\run_generated_170126_at_23.33_RETRY\logs\LF_ATZ-RUH_20260117_235316.log
2026-01-17 23:53:16 | INFO     | Enhanced logging: Capturing both logging.info() and print()
2026-01-17 23:53:16 | INFO     | ======================================================================
[LF] Processing dates (override): ['15MAR', '14MAR', '13MAR', '12MAR', '11MAR', '10MAR', '09MAR', '08MAR']
[LF] Attaching to Chrome for Altea access
2026-01-17 23:53:16 | INFO     | Starting LF search for route: ATZ-RUH
2026-01-17 23:53:16 | INFO     | [START] LF Search
[LF][[OK] SUCCESS] Connected to Chrome on 127.0.0.1:9227 (after 1 attempts)
2026-01-17 23:53:16 | INFO     | [HEALTH CHECK] [OK] Chrome connection is healthy
[LF][[OK] SUCCESS] Found Amadeus Altea window: Altéa Reservation Desktop
[LF][[INFO] INFO] URL: https://tc212.resdesktop.altea.amadeus.com/app_ard/apf/init/login?SITE=ESMPESMP&LANGUAGE=GB&MARKETS=ARDW_PROD_WBP&ACTION=clpLogin
2026-01-17 23:53:17 | INFO     | [DAY_START] Processing 15MAR
[LF] Processing ATZ-RUH for 15MAR
2026-01-17 23:53:17 | INFO     | [lf.day.start] Processing ATZ-RUH for 15MAR
[LF] 15MAR: found 1 direct flights
2026-01-17 23:53:18 | INFO     | [lf.day.flights_found] Found 1 flights on 15MAR
2026-01-17 23:53:20 | INFO     | [lf.flight.extracted] SM463 on 15MAR: BKG=3, LF=1.7%
[LF] SM463 15MAR: BKG=3, GRP=0, CAP=176, LF%=1.7%, Brd-Off=ATZ-RUH, Classes: I:3
[LF] Getting WEEKLY/LASTSOLD data for 1 flights
[LF] SM463 15MAR: LASTSOLD=2026-01-11 00:00:00, WEEKLY=2, TODAY=0, YDAY=0
2026-01-17 23:53:23 | INFO     | [SUCCESS] Day 15MAR
2026-01-17 23:53:23 | INFO     | [DAY_START] Processing 14MAR
[LF] Processing ATZ-RUH for 14MAR
2026-01-17 23:53:23 | INFO     | [lf.day.start] Processing ATZ-RUH for 14MAR
[LF] No direct flights on 14MAR for ATZ-RUH
2026-01-17 23:53:24 | WARNING  | [lf.day.no_flights] No direct flights on 14MAR
2026-01-17 23:53:24 | INFO     | [SUCCESS] Day 14MAR
2026-01-17 23:53:24 | INFO     | [DAY_START] Processing 13MAR
[LF] Processing ATZ-RUH for 13MAR
2026-01-17 23:53:24 | INFO     | [lf.day.start] Processing ATZ-RUH for 13MAR
[LF] No direct flights on 13MAR for ATZ-RUH
2026-01-17 23:53:25 | WARNING  | [lf.day.no_flights] No direct flights on 13MAR
2026-01-17 23:53:25 | INFO     | [SUCCESS] Day 13MAR
2026-01-17 23:53:25 | INFO     | [DAY_START] Processing 12MAR
[LF] Processing ATZ-RUH for 12MAR
2026-01-17 23:53:25 | INFO     | [lf.day.start] Processing ATZ-RUH for 12MAR
[LF] No direct flights on 12MAR for ATZ-RUH
2026-01-17 23:53:27 | WARNING  | [lf.day.no_flights] No direct flights on 12MAR
2026-01-17 23:53:27 | INFO     | [SUCCESS] Day 12MAR
2026-01-17 23:53:27 | INFO     | [DAY_START] Processing 11MAR
[LF] Processing ATZ-RUH for 11MAR
2026-01-17 23:53:27 | INFO     | [lf.day.start] Processing ATZ-RUH for 11MAR
[LF] 11MAR: found 1 direct flights
2026-01-17 23:53:28 | INFO     | [lf.day.flights_found] Found 1 flights on 11MAR
2026-01-17 23:53:30 | INFO     | [lf.flight.extracted] SM465 on 11MAR: BKG=1, LF=0.6%
[LF] SM465 11MAR: BKG=1, GRP=0, CAP=179, LF%=0.6%, Brd-Off=ATZ-RUH, Classes: I:1
[LF] Getting WEEKLY/LASTSOLD data for 1 flights
[LF] SM465 11MAR: LASTSOLD=2026-01-12 00:00:00, WEEKLY=1, TODAY=0, YDAY=0
2026-01-17 23:53:32 | INFO     | [SUCCESS] Day 11MAR
2026-01-17 23:53:32 | INFO     | [DAY_START] Processing 10MAR
[LF] Processing ATZ-RUH for 10MAR
2026-01-17 23:53:32 | INFO     | [lf.day.start] Processing ATZ-RUH for 10MAR
[LF] 10MAR: found 1 direct flights
2026-01-17 23:53:33 | INFO     | [lf.day.flights_found] Found 1 flights on 10MAR
2026-01-17 23:53:36 | INFO     | [lf.flight.extracted] SM463 on 10MAR: BKG=2, LF=1.1%
[LF] SM463 10MAR: BKG=2, GRP=0, CAP=179, LF%=1.1%, Brd-Off=ATZ-RUH, Classes: I:2
[LF] Getting WEEKLY/LASTSOLD data for 1 flights
[LF] SM463 10MAR: LASTSOLD=2026-01-17 00:00:00, WEEKLY=1, TODAY=1, YDAY=0
2026-01-17 23:53:39 | INFO     | [SUCCESS] Day 10MAR
2026-01-17 23:53:39 | INFO     | [DAY_START] Processing 09MAR
[LF] Processing ATZ-RUH for 09MAR
2026-01-17 23:53:39 | INFO     | [lf.day.start] Processing ATZ-RUH for 09MAR
[LF] No direct flights on 09MAR for ATZ-RUH
2026-01-17 23:53:40 | WARNING  | [lf.day.no_flights] No direct flights on 09MAR
2026-01-17 23:53:40 | INFO     | [SUCCESS] Day 09MAR
2026-01-17 23:53:40 | INFO     | [DAY_START] Processing 08MAR
[LF] Processing ATZ-RUH for 08MAR
2026-01-17 23:53:40 | INFO     | [lf.day.start] Processing ATZ-RUH for 08MAR
[LF] 08MAR: found 1 direct flights
2026-01-17 23:53:41 | INFO     | [lf.day.flights_found] Found 1 flights on 08MAR
2026-01-17 23:53:43 | INFO     | [lf.flight.extracted] SM463 on 08MAR: BKG=5, LF=2.8%
[LF] SM463 08MAR: BKG=5, GRP=0, CAP=179, LF%=2.8%, Brd-Off=ATZ-RUH, Classes: I:4, X:1
[LF] Getting WEEKLY/LASTSOLD data for 1 flights
[LF] SM463 08MAR: LASTSOLD=2026-01-15 00:00:00, WEEKLY=2, TODAY=0, YDAY=0
2026-01-17 23:53:46 | INFO     | [SUCCESS] Day 08MAR
[LF] Results summary:
  2026-03-15: 1 flights
  2026-03-14: 0 flights
  2026-03-13: 0 flights
  2026-03-12: 0 flights
  2026-03-11: 1 flights
  2026-03-10: 1 flights
  2026-03-09: 0 flights
  2026-03-08: 1 flights
2026-01-17 23:53:46 | INFO     | [SUCCESS] LF Search Complete

============================================================
[Worker_9227] ✓ COMPLETED: ATZ-RUH
  Results: 8 dates
  Errors: 0 dates
  Total Processed: 34 groups
============================================================

2026-01-17 23:53:46 | INFO     | [Worker_9227] Completed: ATZ-RUH - 8 results, 0 errors

============================================================
[Worker_9227] Processing: ATZ-TUU
  Tier 0: Range 3, Chunk 3/3
  Dates: 8 days
  Date Range: 2026-03-15 to 2026-03-08
============================================================

2026-01-17 23:53:46 | INFO     | [Worker_9227] Processing: ATZ-TUU
2026-01-17 23:53:46 | INFO     |   Tier 0: Range 3, Chunk 3/3 (8 days)
2026-01-17 23:53:46 | INFO     | ======================================================================
2026-01-17 23:53:46 | INFO     | Load Factor Scraper Started - Route: ATZ-TUU
2026-01-17 23:53:46 | INFO     | Log file: D:\CODERED\LAB\Artifacts\outputs\run_generated_170126_at_23.33_RETRY\logs\LF_ATZ-TUU_20260117_235346.log
2026-01-17 23:53:46 | INFO     | Enhanced logging: Capturing both logging.info() and print()
2026-01-17 23:53:46 | INFO     | ======================================================================
[LF] Processing dates (override): ['15MAR', '14MAR', '13MAR', '12MAR', '11MAR', '10MAR', '09MAR', '08MAR']
[LF] Attaching to Chrome for Altea access
2026-01-17 23:53:46 | INFO     | Starting LF search for route: ATZ-TUU
2026-01-17 23:53:46 | INFO     | [START] LF Search
[LF][[OK] SUCCESS] Connected to Chrome on 127.0.0.1:9227 (after 1 attempts)
2026-01-17 23:53:47 | INFO     | [HEALTH CHECK] [OK] Chrome connection is healthy
[LF][[OK] SUCCESS] Found Amadeus Altea window: Altéa Reservation Desktop
[LF][[INFO] INFO] URL: https://tc212.resdesktop.altea.amadeus.com/app_ard/apf/init/login?SITE=ESMPESMP&LANGUAGE=GB&MARKETS=ARDW_PROD_WBP&ACTION=clpLogin
2026-01-17 23:53:47 | INFO     | [DAY_START] Processing 15MAR
[LF] Processing ATZ-TUU for 15MAR
2026-01-17 23:53:47 | INFO     | [lf.day.start] Processing ATZ-TUU for 15MAR
[LF] No direct flights on 15MAR for ATZ-TUU
2026-01-17 23:53:49 | WARNING  | [lf.day.no_flights] No direct flights on 15MAR
2026-01-17 23:53:49 | INFO     | [SUCCESS] Day 15MAR
2026-01-17 23:53:49 | INFO     | [DAY_START] Processing 14MAR
[LF] Processing ATZ-TUU for 14MAR
2026-01-17 23:53:49 | INFO     | [lf.day.start] Processing ATZ-TUU for 14MAR
[LF] No direct flights on 14MAR for ATZ-TUU
2026-01-17 23:53:50 | WARNING  | [lf.day.no_flights] No direct flights on 14MAR
2026-01-17 23:53:50 | INFO     | [SUCCESS] Day 14MAR
2026-01-17 23:53:50 | INFO     | [DAY_START] Processing 13MAR
[LF] Processing ATZ-TUU for 13MAR
2026-01-17 23:53:50 | INFO     | [lf.day.start] Processing ATZ-TUU for 13MAR
[LF] 13MAR: found 1 direct flights
2026-01-17 23:53:51 | INFO     | [lf.day.flights_found] Found 1 flights on 13MAR
2026-01-17 23:53:53 | INFO     | [lf.flight.extracted] SM327 on 13MAR: BKG=1, LF=0.6%
[LF] SM327 13MAR: BKG=1, GRP=0, CAP=179, LF%=0.6%, Brd-Off=ATZ-TUU, Classes: I:1
[LF] Getting WEEKLY/LASTSOLD data for 1 flights
[LF] SM327 13MAR: LASTSOLD=2025-12-03 00:00:00, WEEKLY=0, TODAY=0, YDAY=0
2026-01-17 23:53:57 | INFO     | [SUCCESS] Day 13MAR
2026-01-17 23:53:57 | INFO     | [DAY_START] Processing 12MAR
[LF] Processing ATZ-TUU for 12MAR
2026-01-17 23:53:57 | INFO     | [lf.day.start] Processing ATZ-TUU for 12MAR
[LF] No direct flights on 12MAR for ATZ-TUU
2026-01-17 23:53:58 | WARNING  | [lf.day.no_flights] No direct flights on 12MAR
2026-01-17 23:53:58 | INFO     | [SUCCESS] Day 12MAR
2026-01-17 23:53:58 | INFO     | [DAY_START] Processing 11MAR
[LF] Processing ATZ-TUU for 11MAR
2026-01-17 23:53:58 | INFO     | [lf.day.start] Processing ATZ-TUU for 11MAR
[LF] No direct flights on 11MAR for ATZ-TUU
2026-01-17 23:53:59 | WARNING  | [lf.day.no_flights] No direct flights on 11MAR
2026-01-17 23:53:59 | INFO     | [SUCCESS] Day 11MAR
2026-01-17 23:53:59 | INFO     | [DAY_START] Processing 10MAR
[LF] Processing ATZ-TUU for 10MAR
2026-01-17 23:53:59 | INFO     | [lf.day.start] Processing ATZ-TUU for 10MAR
[LF] No direct flights on 10MAR for ATZ-TUU
2026-01-17 23:54:00 | WARNING  | [lf.day.no_flights] No direct flights on 10MAR
2026-01-17 23:54:00 | INFO     | [SUCCESS] Day 10MAR
2026-01-17 23:54:00 | INFO     | [DAY_START] Processing 09MAR
[LF] Processing ATZ-TUU for 09MAR
2026-01-17 23:54:00 | INFO     | [lf.day.start] Processing ATZ-TUU for 09MAR
[LF] No direct flights on 09MAR for ATZ-TUU
2026-01-17 23:54:02 | WARNING  | [lf.day.no_flights] No direct flights on 09MAR
2026-01-17 23:54:02 | INFO     | [SUCCESS] Day 09MAR
2026-01-17 23:54:02 | INFO     | [DAY_START] Processing 08MAR
[LF] Processing ATZ-TUU for 08MAR
2026-01-17 23:54:02 | INFO     | [lf.day.start] Processing ATZ-TUU for 08MAR
[LF] No direct flights on 08MAR for ATZ-TUU
2026-01-17 23:54:03 | WARNING  | [lf.day.no_flights] No direct flights on 08MAR
2026-01-17 23:54:04 | INFO     | [SUCCESS] Day 08MAR
[LF] Results summary:
  2026-03-15: 0 flights
  2026-03-14: 0 flights
  2026-03-13: 1 flights
  2026-03-12: 0 flights
  2026-03-11: 0 flights
  2026-03-10: 0 flights
  2026-03-09: 0 flights
  2026-03-08: 0 flights
2026-01-17 23:54:04 | INFO     | [SUCCESS] LF Search Complete

============================================================
[Worker_9227] ✓ COMPLETED: ATZ-TUU
  Results: 8 dates
  Errors: 0 dates
  Total Processed: 35 groups
============================================================

2026-01-17 23:54:04 | INFO     | [Worker_9227] Completed: ATZ-TUU - 8 results, 0 errors

============================================================
[Worker_9227] Processing: CAI-AHB
  Tier 0: Range 3, Chunk 3/3
  Dates: 8 days
  Date Range: 2026-03-15 to 2026-03-08
============================================================

2026-01-17 23:54:04 | INFO     | [Worker_9227] Processing: CAI-AHB
2026-01-17 23:54:04 | INFO     |   Tier 0: Range 3, Chunk 3/3 (8 days)
2026-01-17 23:54:04 | INFO     | ======================================================================
2026-01-17 23:54:04 | INFO     | Load Factor Scraper Started - Route: CAI-AHB
2026-01-17 23:54:04 | INFO     | Log file: D:\CODERED\LAB\Artifacts\outputs\run_generated_170126_at_23.33_RETRY\logs\LF_CAI-AHB_20260117_235404.log
2026-01-17 23:54:04 | INFO     | Enhanced logging: Capturing both logging.info() and print()
2026-01-17 23:54:04 | INFO     | ======================================================================
[LF] Processing dates (override): ['15MAR', '14MAR', '13MAR', '12MAR', '11MAR', '10MAR', '09MAR', '08MAR']
[LF] Attaching to Chrome for Altea access
2026-01-17 23:54:04 | INFO     | Starting LF search for route: CAI-AHB
2026-01-17 23:54:04 | INFO     | [START] LF Search
[LF][[OK] SUCCESS] Connected to Chrome on 127.0.0.1:9227 (after 1 attempts)
2026-01-17 23:54:05 | INFO     | [HEALTH CHECK] [OK] Chrome connection is healthy
[LF][[OK] SUCCESS] Found Amadeus Altea window: Altéa Reservation Desktop
[LF][[INFO] INFO] URL: https://tc212.resdesktop.altea.amadeus.com/app_ard/apf/init/login?SITE=ESMPESMP&LANGUAGE=GB&MARKETS=ARDW_PROD_WBP&ACTION=clpLogin
2026-01-17 23:54:05 | INFO     | [DAY_START] Processing 15MAR
[LF] Processing CAI-AHB for 15MAR
2026-01-17 23:54:05 | INFO     | [lf.day.start] Processing CAI-AHB for 15MAR
[LF] No direct flights on 15MAR for CAI-AHB
2026-01-17 23:54:06 | WARNING  | [lf.day.no_flights] No direct flights on 15MAR
2026-01-17 23:54:06 | INFO     | [SUCCESS] Day 15MAR
2026-01-17 23:54:06 | INFO     | [DAY_START] Processing 14MAR
[LF] Processing CAI-AHB for 14MAR
2026-01-17 23:54:06 | INFO     | [lf.day.start] Processing CAI-AHB for 14MAR
[LF] 14MAR: found 1 direct flights
2026-01-17 23:54:08 | INFO     | [lf.day.flights_found] Found 1 flights on 14MAR
2026-01-17 23:54:10 | INFO     | [lf.flight.extracted] SM443 on 14MAR: BKG=7, LF=3.9%
[LF] SM443 14MAR: BKG=7, GRP=0, CAP=179, LF%=3.9%, Brd-Off=CAI-AHB, Classes: I:5, O:1, W:1
[LF] Getting WEEKLY/LASTSOLD data for 1 flights
[LF] SM443 14MAR: LASTSOLD=2026-01-14 00:00:00, WEEKLY=2, TODAY=0, YDAY=0
2026-01-17 23:54:14 | INFO     | [SUCCESS] Day 14MAR
2026-01-17 23:54:14 | INFO     | [DAY_START] Processing 13MAR
[LF] Processing CAI-AHB for 13MAR
2026-01-17 23:54:14 | INFO     | [lf.day.start] Processing CAI-AHB for 13MAR
[LF] No direct flights on 13MAR for CAI-AHB
2026-01-17 23:54:16 | WARNING  | [lf.day.no_flights] No direct flights on 13MAR
2026-01-17 23:54:16 | INFO     | [SUCCESS] Day 13MAR
2026-01-17 23:54:16 | INFO     | [DAY_START] Processing 12MAR
[LF] Processing CAI-AHB for 12MAR
2026-01-17 23:54:16 | INFO     | [lf.day.start] Processing CAI-AHB for 12MAR
[LF] 12MAR: found 1 direct flights
2026-01-17 23:54:17 | INFO     | [lf.day.flights_found] Found 1 flights on 12MAR
2026-01-17 23:54:20 | INFO     | [lf.flight.extracted] SM443 on 12MAR: BKG=6, LF=3.4%
[LF] SM443 12MAR: BKG=6, GRP=0, CAP=179, LF%=3.4%, Brd-Off=CAI-AHB, Classes: I:6
[LF] Getting WEEKLY/LASTSOLD data for 1 flights
[LF] SM443 12MAR: LASTSOLD=2025-12-27 00:00:00, WEEKLY=0, TODAY=0, YDAY=0
2026-01-17 23:54:23 | INFO     | [SUCCESS] Day 12MAR
2026-01-17 23:54:23 | INFO     | [DAY_START] Processing 11MAR
[LF] Processing CAI-AHB for 11MAR
2026-01-17 23:54:23 | INFO     | [lf.day.start] Processing CAI-AHB for 11MAR
[LF] 11MAR: found 1 direct flights
2026-01-17 23:54:24 | INFO     | [lf.day.flights_found] Found 1 flights on 11MAR
2026-01-17 23:54:27 | INFO     | [lf.flight.extracted] SM447 on 11MAR: BKG=6, LF=3.4%
[LF] SM447 11MAR: BKG=6, GRP=0, CAP=179, LF%=3.4%, Brd-Off=CAI-AHB, Classes: I:5, X:1
[LF] Getting WEEKLY/LASTSOLD data for 1 flights
[LF] SM447 11MAR: LASTSOLD=2026-01-11 00:00:00, WEEKLY=1, TODAY=0, YDAY=0
2026-01-17 23:54:31 | INFO     | [SUCCESS] Day 11MAR
2026-01-17 23:54:31 | INFO     | [DAY_START] Processing 10MAR
[LF] Processing CAI-AHB for 10MAR
2026-01-17 23:54:31 | INFO     | [lf.day.start] Processing CAI-AHB for 10MAR
[LF] No direct flights on 10MAR for CAI-AHB
2026-01-17 23:54:32 | WARNING  | [lf.day.no_flights] No direct flights on 10MAR
2026-01-17 23:54:32 | INFO     | [SUCCESS] Day 10MAR
2026-01-17 23:54:32 | INFO     | [DAY_START] Processing 09MAR
[LF] Processing CAI-AHB for 09MAR
2026-01-17 23:54:32 | INFO     | [lf.day.start] Processing CAI-AHB for 09MAR
[LF] No direct flights on 09MAR for CAI-AHB
2026-01-17 23:54:34 | WARNING  | [lf.day.no_flights] No direct flights on 09MAR
2026-01-17 23:54:34 | INFO     | [SUCCESS] Day 09MAR
2026-01-17 23:54:34 | INFO     | [DAY_START] Processing 08MAR
[LF] Processing CAI-AHB for 08MAR
2026-01-17 23:54:34 | INFO     | [lf.day.start] Processing CAI-AHB for 08MAR
[LF] No direct flights on 08MAR for CAI-AHB
2026-01-17 23:54:35 | WARNING  | [lf.day.no_flights] No direct flights on 08MAR
2026-01-17 23:54:36 | INFO     | [SUCCESS] Day 08MAR
[LF] Results summary:
  2026-03-15: 0 flights
  2026-03-14: 1 flights
  2026-03-13: 0 flights
  2026-03-12: 1 flights
  2026-03-11: 1 flights
  2026-03-10: 0 flights
  2026-03-09: 0 flights
  2026-03-08: 0 flights
2026-01-17 23:54:36 | INFO     | [SUCCESS] LF Search Complete

============================================================
[Worker_9227] ✓ COMPLETED: CAI-AHB
  Results: 8 dates
  Errors: 0 dates
  Total Processed: 36 groups
============================================================

2026-01-17 23:54:36 | INFO     | [Worker_9227] Completed: CAI-AHB - 8 results, 0 errors

============================================================
[Worker_9227] Processing: MED-CAI
  Tier 0: Range 2, Chunk 1/3
  Dates: 9 days
  Date Range: 2026-03-07 to 2026-02-27
============================================================

2026-01-17 23:54:36 | INFO     | [Worker_9227] Processing: MED-CAI
2026-01-17 23:54:36 | INFO     |   Tier 0: Range 2, Chunk 1/3 (9 days)
2026-01-17 23:54:36 | INFO     | ======================================================================
2026-01-17 23:54:36 | INFO     | Load Factor Scraper Started - Route: MED-CAI
2026-01-17 23:54:36 | INFO     | Log file: D:\CODERED\LAB\Artifacts\outputs\run_generated_170126_at_23.33_RETRY\logs\LF_MED-CAI_20260117_235436.log
2026-01-17 23:54:36 | INFO     | Enhanced logging: Capturing both logging.info() and print()
2026-01-17 23:54:36 | INFO     | ======================================================================
[LF] Processing dates (override): ['07MAR', '06MAR', '05MAR', '04MAR', '03MAR', '02MAR', '01MAR', '28FEB', '27FEB']
[LF] Attaching to Chrome for Altea access
2026-01-17 23:54:36 | INFO     | Starting LF search for route: MED-CAI
2026-01-17 23:54:36 | INFO     | [START] LF Search
[LF][[OK] SUCCESS] Connected to Chrome on 127.0.0.1:9227 (after 1 attempts)
2026-01-17 23:54:37 | INFO     | [HEALTH CHECK] [OK] Chrome connection is healthy
[LF][[OK] SUCCESS] Found Amadeus Altea window: Altéa Reservation Desktop
[LF][[INFO] INFO] URL: https://tc212.resdesktop.altea.amadeus.com/app_ard/apf/init/login?SITE=ESMPESMP&LANGUAGE=GB&MARKETS=ARDW_PROD_WBP&ACTION=clpLogin
2026-01-17 23:54:37 | INFO     | [DAY_START] Processing 07MAR
[LF] Processing MED-CAI for 07MAR
2026-01-17 23:54:37 | INFO     | [lf.day.start] Processing MED-CAI for 07MAR
[LF] 07MAR: found 1 direct flights
2026-01-17 23:54:38 | INFO     | [lf.day.flights_found] Found 1 flights on 07MAR
2026-01-17 23:54:40 | INFO     | [lf.flight.extracted] SM494 on 07MAR: BKG=19, LF=10.9%
[LF] SM494 07MAR: BKG=19, GRP=0, CAP=175, LF%=10.9%, Brd-Off=MED-CAI, Classes: X:2, T:7, S:5, K:5
[LF] Getting WEEKLY/LASTSOLD data for 1 flights
[LF] SM494 07MAR: LASTSOLD=2026-01-06 00:00:00, WEEKLY=0, TODAY=0, YDAY=0
2026-01-17 23:54:43 | INFO     | [SUCCESS] Day 07MAR
2026-01-17 23:54:43 | INFO     | [DAY_START] Processing 06MAR
[LF] Processing MED-CAI for 06MAR
2026-01-17 23:54:43 | INFO     | [lf.day.start] Processing MED-CAI for 06MAR
[LF] No direct flights on 06MAR for MED-CAI
2026-01-17 23:54:44 | WARNING  | [lf.day.no_flights] No direct flights on 06MAR
2026-01-17 23:54:44 | INFO     | [SUCCESS] Day 06MAR
2026-01-17 23:54:44 | INFO     | [DAY_START] Processing 05MAR
[LF] Processing MED-CAI for 05MAR
2026-01-17 23:54:44 | INFO     | [lf.day.start] Processing MED-CAI for 05MAR
[LF] 05MAR: found 1 direct flights
2026-01-17 23:54:45 | INFO     | [lf.day.flights_found] Found 1 flights on 05MAR
2026-01-17 23:54:48 | INFO     | [lf.flight.extracted] SM494 on 05MAR: BKG=62, LF=36.0%
[LF] SM494 05MAR: BKG=62, GRP=0, CAP=172, LF%=36.0%, Brd-Off=MED-CAI, Classes: I:9, O:8, U:8, X:8, T:17, W:4, S:8
[LF] Getting WEEKLY/LASTSOLD data for 1 flights
[LF] SM494 05MAR: LASTSOLD=2026-01-08 00:00:00, WEEKLY=0, TODAY=0, YDAY=0
2026-01-17 23:54:52 | INFO     | [SUCCESS] Day 05MAR
2026-01-17 23:54:52 | INFO     | [DAY_START] Processing 04MAR
[LF] Processing MED-CAI for 04MAR
2026-01-17 23:54:52 | INFO     | [lf.day.start] Processing MED-CAI for 04MAR
[LF] No direct flights on 04MAR for MED-CAI
2026-01-17 23:54:53 | WARNING  | [lf.day.no_flights] No direct flights on 04MAR
2026-01-17 23:54:53 | INFO     | [SUCCESS] Day 04MAR
2026-01-17 23:54:53 | INFO     | [DAY_START] Processing 03MAR
[LF] Processing MED-CAI for 03MAR
2026-01-17 23:54:53 | INFO     | [lf.day.start] Processing MED-CAI for 03MAR
[LF] 03MAR: found 2 direct flights
2026-01-17 23:54:54 | INFO     | [lf.day.flights_found] Found 2 flights on 03MAR
2026-01-17 23:54:56 | INFO     | [lf.flight.extracted] SM496 on 03MAR: BKG=79, LF=45.1%
[LF] SM496 03MAR: BKG=79, GRP=40, CAP=175, LF%=45.1%, Brd-Off=MED-CAI, Classes: E:40, I:9, O:8, U:9, X:8, T:4, S:1
[LPC] SM496 03MAR: Found 1 outbound flights with connecting passengers
2026-01-17 23:55:01 | INFO     | [lf.flight.extracted] SM494 on 03MAR: BKG=45, LF=25.7%
[LF] SM494 03MAR: BKG=45, GRP=0, CAP=175, LF%=25.7%, Brd-Off=MED-CAI, Classes: I:8, O:9, U:8, X:9, T:9, W:1, S:1
[LF] Getting WEEKLY/LASTSOLD data for 2 flights
[LF] SM496 03MAR: LASTSOLD=2026-01-17 00:00:00, WEEKLY=10, TODAY=2, YDAY=0
[LF] SM494 03MAR: LASTSOLD=2026-01-17 00:00:00, WEEKLY=3, TODAY=2, YDAY=0
2026-01-17 23:55:08 | INFO     | [SUCCESS] Day 03MAR
2026-01-17 23:55:08 | INFO     | [DAY_START] Processing 02MAR
[LF] Processing MED-CAI for 02MAR
2026-01-17 23:55:08 | INFO     | [lf.day.start] Processing MED-CAI for 02MAR
[LF] No direct flights on 02MAR for MED-CAI
2026-01-17 23:55:09 | WARNING  | [lf.day.no_flights] No direct flights on 02MAR
2026-01-17 23:55:09 | INFO     | [SUCCESS] Day 02MAR
2026-01-17 23:55:09 | INFO     | [DAY_START] Processing 01MAR
[LF] Processing MED-CAI for 01MAR
2026-01-17 23:55:09 | INFO     | [lf.day.start] Processing MED-CAI for 01MAR
[LF] 01MAR: found 1 direct flights
2026-01-17 23:55:10 | INFO     | [lf.day.flights_found] Found 1 flights on 01MAR
2026-01-17 23:55:12 | INFO     | [lf.flight.extracted] SM494 on 01MAR: BKG=66, LF=37.7%
[LF] SM494 01MAR: BKG=66, GRP=0, CAP=175, LF%=37.7%, Brd-Off=MED-CAI, Classes: I:17, O:7, U:8, X:17, T:8, W:7, K:2
[LF] Getting WEEKLY/LASTSOLD data for 1 flights
[LF] SM494 01MAR: LASTSOLD=2026-01-06 00:00:00, WEEKLY=0, TODAY=0, YDAY=0
2026-01-17 23:55:17 | INFO     | [SUCCESS] Day 01MAR
2026-01-17 23:55:17 | INFO     | [DAY_START] Processing 28FEB
[LF] Processing MED-CAI for 28FEB
2026-01-17 23:55:17 | INFO     | [lf.day.start] Processing MED-CAI for 28FEB
[LF] 28FEB: found 1 direct flights
2026-01-17 23:55:18 | INFO     | [lf.day.flights_found] Found 1 flights on 28FEB
2026-01-17 23:55:20 | INFO     | [lf.flight.extracted] SM494 on 28FEB: BKG=83, LF=47.4%
[LF] SM494 28FEB: BKG=83, GRP=0, CAP=175, LF%=47.4%, Brd-Off=MED-CAI, Classes: I:13, O:8, U:9, X:17, T:9, W:12, S:14, G:1
[LF] Getting WEEKLY/LASTSOLD data for 1 flights
[LF] SM494 28FEB: LASTSOLD=2026-01-15 00:00:00, WEEKLY=13, TODAY=0, YDAY=0
2026-01-17 23:55:25 | INFO     | [SUCCESS] Day 28FEB
2026-01-17 23:55:25 | INFO     | [DAY_START] Processing 27FEB
[LF] Processing MED-CAI for 27FEB
2026-01-17 23:55:25 | INFO     | [lf.day.start] Processing MED-CAI for 27FEB
[LF] No direct flights on 27FEB for MED-CAI
2026-01-17 23:55:26 | WARNING  | [lf.day.no_flights] No direct flights on 27FEB
2026-01-17 23:55:26 | INFO     | [SUCCESS] Day 27FEB
[LF] Results summary:
  2026-03-07: 1 flights
  2026-03-06: 0 flights
  2026-03-05: 1 flights
  2026-03-04: 0 flights
  2026-03-03: 2 flights
  2026-03-02: 0 flights
  2026-03-01: 1 flights
  2026-02-28: 1 flights
  2026-02-27: 0 flights
2026-01-17 23:55:26 | INFO     | [SUCCESS] LF Search Complete

============================================================
[Worker_9227] ✓ COMPLETED: MED-CAI
  Results: 9 dates
  Errors: 0 dates
  Total Processed: 37 groups
============================================================

2026-01-17 23:55:40 | INFO     | [Worker_9227] Completed: MED-CAI - 9 results, 0 errors

============================================================
[Worker_9227] Processing: TUU-CAI
  Tier 0: Range 2, Chunk 1/3
  Dates: 9 days
  Date Range: 2026-03-07 to 2026-02-27
============================================================

2026-01-17 23:55:40 | INFO     | [Worker_9227] Processing: TUU-CAI
2026-01-17 23:55:40 | INFO     |   Tier 0: Range 2, Chunk 1/3 (9 days)
2026-01-17 23:55:40 | INFO     | ======================================================================
2026-01-17 23:55:40 | INFO     | Load Factor Scraper Started - Route: TUU-CAI
2026-01-17 23:55:40 | INFO     | Log file: D:\CODERED\LAB\Artifacts\outputs\run_generated_170126_at_23.33_RETRY\logs\LF_TUU-CAI_20260117_235540.log
2026-01-17 23:55:40 | INFO     | Enhanced logging: Capturing both logging.info() and print()
2026-01-17 23:55:40 | INFO     | ======================================================================
[LF] Processing dates (override): ['07MAR', '06MAR', '05MAR', '04MAR', '03MAR', '02MAR', '01MAR', '28FEB', '27FEB']
[LF] Attaching to Chrome for Altea access
2026-01-17 23:55:40 | INFO     | Starting LF search for route: TUU-CAI
2026-01-17 23:55:40 | INFO     | [START] LF Search
[LF][[OK] SUCCESS] Connected to Chrome on 127.0.0.1:9227 (after 1 attempts)
2026-01-17 23:55:42 | INFO     | [HEALTH CHECK] [OK] Chrome connection is healthy
[LF][[OK] SUCCESS] Found Amadeus Altea window: Altéa Reservation Desktop
[LF][[INFO] INFO] URL: https://tc212.resdesktop.altea.amadeus.com/app_ard/apf/init/login?SITE=ESMPESMP&LANGUAGE=GB&MARKETS=ARDW_PROD_WBP&ACTION=clpLogin
2026-01-17 23:55:42 | INFO     | [DAY_START] Processing 07MAR
[LF] Processing TUU-CAI for 07MAR
2026-01-17 23:55:42 | INFO     | [lf.day.start] Processing TUU-CAI for 07MAR
[LF] 07MAR: found 1 direct flights
2026-01-17 23:55:43 | INFO     | [lf.day.flights_found] Found 1 flights on 07MAR
2026-01-17 23:55:45 | INFO     | [lf.flight.extracted] SM326 on 07MAR: BKG=11, LF=10.5%
[LF] SM326 07MAR: BKG=11, GRP=0, CAP=105, LF%=10.5%, Brd-Off=TUU-CAI, Classes: W:1, S:2, G:8
[LF] Getting WEEKLY/LASTSOLD data for 1 flights
[LF] SM326 07MAR: LASTSOLD=2026-01-15 00:00:00, WEEKLY=1, TODAY=0, YDAY=0
2026-01-17 23:55:47 | INFO     | [SUCCESS] Day 07MAR
2026-01-17 23:55:47 | INFO     | [DAY_START] Processing 06MAR
[LF] Processing TUU-CAI for 06MAR
2026-01-17 23:55:47 | INFO     | [lf.day.start] Processing TUU-CAI for 06MAR
[LF] No direct flights on 06MAR for TUU-CAI
2026-01-17 23:55:48 | WARNING  | [lf.day.no_flights] No direct flights on 06MAR
2026-01-17 23:55:48 | INFO     | [SUCCESS] Day 06MAR
2026-01-17 23:55:48 | INFO     | [DAY_START] Processing 05MAR
[LF] Processing TUU-CAI for 05MAR
2026-01-17 23:55:48 | INFO     | [lf.day.start] Processing TUU-CAI for 05MAR
[LF] 05MAR: found 1 direct flights
2026-01-17 23:55:49 | INFO     | [lf.day.flights_found] Found 1 flights on 05MAR
2026-01-17 23:55:51 | INFO     | [lf.flight.extracted] SM326 on 05MAR: BKG=27, LF=15.4%
[LF] SM326 05MAR: BKG=27, GRP=0, CAP=175, LF%=15.4%, Brd-Off=TUU-CAI, Classes: G:5, L:10, V:11, K:1
[LF] Getting WEEKLY/LASTSOLD data for 1 flights
[LF] SM326 05MAR: LASTSOLD=2026-01-16 00:00:00, WEEKLY=2, TODAY=0, YDAY=2
2026-01-17 23:55:54 | INFO     | [SUCCESS] Day 05MAR
2026-01-17 23:55:54 | INFO     | [DAY_START] Processing 04MAR
[LF] Processing TUU-CAI for 04MAR
2026-01-17 23:55:54 | INFO     | [lf.day.start] Processing TUU-CAI for 04MAR
[LF] 04MAR: found 1 direct flights
2026-01-17 23:55:56 | INFO     | [lf.day.flights_found] Found 1 flights on 04MAR
2026-01-17 23:55:58 | INFO     | [lf.flight.extracted] SM326 on 04MAR: BKG=21, LF=12.2%
[LF] SM326 04MAR: BKG=21, GRP=0, CAP=172, LF%=12.2%, Brd-Off=TUU-CAI, Classes: G:5, L:12, V:4
[LF] Getting WEEKLY/LASTSOLD data for 1 flights
[LF] SM326 04MAR: LASTSOLD=2025-11-28 00:00:00, WEEKLY=0, TODAY=0, YDAY=0
2026-01-17 23:56:01 | INFO     | [SUCCESS] Day 04MAR
2026-01-17 23:56:01 | INFO     | [DAY_START] Processing 03MAR
[LF] Processing TUU-CAI for 03MAR
2026-01-17 23:56:01 | INFO     | [lf.day.start] Processing TUU-CAI for 03MAR
[LF] No direct flights on 03MAR for TUU-CAI
2026-01-17 23:56:02 | WARNING  | [lf.day.no_flights] No direct flights on 03MAR
2026-01-17 23:56:02 | INFO     | [SUCCESS] Day 03MAR
2026-01-17 23:56:02 | INFO     | [DAY_START] Processing 02MAR
[LF] Processing TUU-CAI for 02MAR
2026-01-17 23:56:02 | INFO     | [lf.day.start] Processing TUU-CAI for 02MAR
[LF] No direct flights on 02MAR for TUU-CAI
2026-01-17 23:56:03 | WARNING  | [lf.day.no_flights] No direct flights on 02MAR
2026-01-17 23:56:03 | INFO     | [SUCCESS] Day 02MAR
2026-01-17 23:56:03 | INFO     | [DAY_START] Processing 01MAR
[LF] Processing TUU-CAI for 01MAR
2026-01-17 23:56:03 | INFO     | [lf.day.start] Processing TUU-CAI for 01MAR
[LF] No direct flights on 01MAR for TUU-CAI
2026-01-17 23:56:04 | WARNING  | [lf.day.no_flights] No direct flights on 01MAR
2026-01-17 23:56:04 | INFO     | [SUCCESS] Day 01MAR
2026-01-17 23:56:04 | INFO     | [DAY_START] Processing 28FEB
[LF] Processing TUU-CAI for 28FEB
2026-01-17 23:56:04 | INFO     | [lf.day.start] Processing TUU-CAI for 28FEB
[LF] 28FEB: found 1 direct flights
2026-01-17 23:56:05 | INFO     | [lf.day.flights_found] Found 1 flights on 28FEB
2026-01-17 23:56:07 | INFO     | [lf.flight.extracted] SM326 on 28FEB: BKG=8, LF=7.6%
[LF] SM326 28FEB: BKG=8, GRP=0, CAP=105, LF%=7.6%, Brd-Off=TUU-CAI, Classes: W:2, S:2, G:4
[LF] Getting WEEKLY/LASTSOLD data for 1 flights
[LF] SM326 28FEB: LASTSOLD=2026-01-04 00:00:00, WEEKLY=0, TODAY=0, YDAY=0
2026-01-17 23:56:10 | INFO     | [SUCCESS] Day 28FEB
2026-01-17 23:56:10 | INFO     | [DAY_START] Processing 27FEB
[LF] Processing TUU-CAI for 27FEB
2026-01-17 23:56:10 | INFO     | [lf.day.start] Processing TUU-CAI for 27FEB
[LF] No direct flights on 27FEB for TUU-CAI
2026-01-17 23:56:11 | WARNING  | [lf.day.no_flights] No direct flights on 27FEB
2026-01-17 23:56:11 | INFO     | [SUCCESS] Day 27FEB
[LF] Results summary:
  2026-03-07: 1 flights
  2026-03-06: 0 flights
  2026-03-05: 1 flights
  2026-03-04: 1 flights
  2026-03-03: 0 flights
  2026-03-02: 0 flights
  2026-03-01: 0 flights
  2026-02-28: 1 flights
  2026-02-27: 0 flights
2026-01-17 23:56:11 | INFO     | [SUCCESS] LF Search Complete

============================================================
[Worker_9227] ✓ COMPLETED: TUU-CAI
  Results: 9 dates
  Errors: 0 dates
  Total Processed: 38 groups
============================================================

2026-01-17 23:56:11 | INFO     | [Worker_9227] Completed: TUU-CAI - 9 results, 0 errors

============================================================
[Worker_9227] Processing: AHB-ATZ
  Tier 0: Range 2, Chunk 1/3
  Dates: 9 days
  Date Range: 2026-03-07 to 2026-02-27
============================================================

2026-01-17 23:56:11 | INFO     | [Worker_9227] Processing: AHB-ATZ
2026-01-17 23:56:11 | INFO     |   Tier 0: Range 2, Chunk 1/3 (9 days)
2026-01-17 23:56:11 | INFO     | ======================================================================
2026-01-17 23:56:11 | INFO     | Load Factor Scraper Started - Route: AHB-ATZ
2026-01-17 23:56:11 | INFO     | Log file: D:\CODERED\LAB\Artifacts\outputs\run_generated_170126_at_23.33_RETRY\logs\LF_AHB-ATZ_20260117_235611.log
2026-01-17 23:56:11 | INFO     | Enhanced logging: Capturing both logging.info() and print()
2026-01-17 23:56:11 | INFO     | ======================================================================
[LF] Processing dates (override): ['07MAR', '06MAR', '05MAR', '04MAR', '03MAR', '02MAR', '01MAR', '28FEB', '27FEB']
[LF] Attaching to Chrome for Altea access
2026-01-17 23:56:11 | INFO     | Starting LF search for route: AHB-ATZ
2026-01-17 23:56:11 | INFO     | [START] LF Search
[LF][[OK] SUCCESS] Connected to Chrome on 127.0.0.1:9227 (after 1 attempts)
2026-01-17 23:56:12 | INFO     | [HEALTH CHECK] [OK] Chrome connection is healthy
[LF][[OK] SUCCESS] Found Amadeus Altea window: Altéa Reservation Desktop
[LF][[INFO] INFO] URL: https://tc212.resdesktop.altea.amadeus.com/app_ard/apf/init/login?SITE=ESMPESMP&LANGUAGE=GB&MARKETS=ARDW_PROD_WBP&ACTION=clpLogin
2026-01-17 23:56:12 | INFO     | [DAY_START] Processing 07MAR
[LF] Processing AHB-ATZ for 07MAR
2026-01-17 23:56:12 | INFO     | [lf.day.start] Processing AHB-ATZ for 07MAR
[LF] No direct flights on 07MAR for AHB-ATZ
2026-01-17 23:56:13 | WARNING  | [lf.day.no_flights] No direct flights on 07MAR
2026-01-17 23:56:13 | INFO     | [SUCCESS] Day 07MAR
2026-01-17 23:56:13 | INFO     | [DAY_START] Processing 06MAR
[LF] Processing AHB-ATZ for 06MAR
2026-01-17 23:56:13 | INFO     | [lf.day.start] Processing AHB-ATZ for 06MAR
[LF] 06MAR: found 1 direct flights
2026-01-17 23:56:14 | INFO     | [lf.day.flights_found] Found 1 flights on 06MAR
2026-01-17 23:56:16 | INFO     | [lf.flight.extracted] SM446 on 06MAR: BKG=28, LF=16.8%
[LF] SM446 06MAR: BKG=28, GRP=0, CAP=167, LF%=16.8%, Brd-Off=AHB-ATZ, Classes: W:1, S:4, G:5, L:18
[LF] Getting WEEKLY/LASTSOLD data for 1 flights
[LF] SM446 06MAR: LASTSOLD=2026-01-15 00:00:00, WEEKLY=7, TODAY=0, YDAY=0
2026-01-17 23:56:19 | INFO     | [SUCCESS] Day 06MAR
2026-01-17 23:56:19 | INFO     | [DAY_START] Processing 05MAR
[LF] Processing AHB-ATZ for 05MAR
2026-01-17 23:56:19 | INFO     | [lf.day.start] Processing AHB-ATZ for 05MAR
[LF] No direct flights on 05MAR for AHB-ATZ
2026-01-17 23:56:20 | WARNING  | [lf.day.no_flights] No direct flights on 05MAR
2026-01-17 23:56:20 | INFO     | [SUCCESS] Day 05MAR
2026-01-17 23:56:20 | INFO     | [DAY_START] Processing 04MAR
[LF] Processing AHB-ATZ for 04MAR
2026-01-17 23:56:20 | INFO     | [lf.day.start] Processing AHB-ATZ for 04MAR
[LF] No direct flights on 04MAR for AHB-ATZ
2026-01-17 23:56:21 | WARNING  | [lf.day.no_flights] No direct flights on 04MAR
2026-01-17 23:56:21 | INFO     | [SUCCESS] Day 04MAR
2026-01-17 23:56:21 | INFO     | [DAY_START] Processing 03MAR
[LF] Processing AHB-ATZ for 03MAR
2026-01-17 23:56:21 | INFO     | [lf.day.start] Processing AHB-ATZ for 03MAR
[LF] No direct flights on 03MAR for AHB-ATZ
2026-01-17 23:56:22 | WARNING  | [lf.day.no_flights] No direct flights on 03MAR
2026-01-17 23:56:23 | INFO     | [SUCCESS] Day 03MAR
2026-01-17 23:56:23 | INFO     | [DAY_START] Processing 02MAR
[LF] Processing AHB-ATZ for 02MAR
2026-01-17 23:56:23 | INFO     | [lf.day.start] Processing AHB-ATZ for 02MAR
[LF] No direct flights on 02MAR for AHB-ATZ
2026-01-17 23:56:23 | WARNING  | [lf.day.no_flights] No direct flights on 02MAR
2026-01-17 23:56:24 | INFO     | [SUCCESS] Day 02MAR
2026-01-17 23:56:24 | INFO     | [DAY_START] Processing 01MAR
[LF] Processing AHB-ATZ for 01MAR
2026-01-17 23:56:24 | INFO     | [lf.day.start] Processing AHB-ATZ for 01MAR
[LF] No direct flights on 01MAR for AHB-ATZ
2026-01-17 23:56:25 | WARNING  | [lf.day.no_flights] No direct flights on 01MAR
2026-01-17 23:56:25 | INFO     | [SUCCESS] Day 01MAR
2026-01-17 23:56:25 | INFO     | [DAY_START] Processing 28FEB
[LF] Processing AHB-ATZ for 28FEB
2026-01-17 23:56:25 | INFO     | [lf.day.start] Processing AHB-ATZ for 28FEB
[LF] No direct flights on 28FEB for AHB-ATZ
2026-01-17 23:56:26 | WARNING  | [lf.day.no_flights] No direct flights on 28FEB
2026-01-17 23:56:26 | INFO     | [SUCCESS] Day 28FEB
2026-01-17 23:56:26 | INFO     | [DAY_START] Processing 27FEB
[LF] Processing AHB-ATZ for 27FEB
2026-01-17 23:56:26 | INFO     | [lf.day.start] Processing AHB-ATZ for 27FEB
[LF] 27FEB: found 1 direct flights
2026-01-17 23:56:27 | INFO     | [lf.day.flights_found] Found 1 flights on 27FEB
2026-01-17 23:56:30 | INFO     | [lf.flight.extracted] SM446 on 27FEB: BKG=20, LF=11.4%
[LF] SM446 27FEB: BKG=20, GRP=0, CAP=175, LF%=11.4%, Brd-Off=AHB-ATZ, Classes: X:1, S:3, G:11, L:5
[LF] Getting WEEKLY/LASTSOLD data for 1 flights
[LF] SM446 27FEB: LASTSOLD=2026-01-17 00:00:00, WEEKLY=7, TODAY=1, YDAY=0
2026-01-17 23:56:33 | INFO     | [SUCCESS] Day 27FEB
[LF] Results summary:
  2026-03-07: 0 flights
  2026-03-06: 1 flights
  2026-03-05: 0 flights
  2026-03-04: 0 flights
  2026-03-03: 0 flights
  2026-03-02: 0 flights
  2026-03-01: 0 flights
  2026-02-28: 0 flights
  2026-02-27: 1 flights
2026-01-17 23:56:33 | INFO     | [SUCCESS] LF Search Complete

============================================================
[Worker_9227] ✓ COMPLETED: AHB-ATZ
  Results: 9 dates
  Errors: 0 dates
  Total Processed: 39 groups
============================================================

2026-01-17 23:56:33 | INFO     | [Worker_9227] Completed: AHB-ATZ - 9 results, 0 errors

============================================================
[Worker_9227] Processing: HBE-MED
  Tier 0: Range 2, Chunk 1/3
  Dates: 9 days
  Date Range: 2026-03-07 to 2026-02-27
============================================================

2026-01-17 23:56:33 | INFO     | [Worker_9227] Processing: HBE-MED
2026-01-17 23:56:33 | INFO     |   Tier 0: Range 2, Chunk 1/3 (9 days)
2026-01-17 23:56:33 | INFO     | ======================================================================
2026-01-17 23:56:33 | INFO     | Load Factor Scraper Started - Route: HBE-MED
2026-01-17 23:56:33 | INFO     | Log file: D:\CODERED\LAB\Artifacts\outputs\run_generated_170126_at_23.33_RETRY\logs\LF_HBE-MED_20260117_235633.log
2026-01-17 23:56:33 | INFO     | Enhanced logging: Capturing both logging.info() and print()
2026-01-17 23:56:33 | INFO     | ======================================================================
[LF] Processing dates (override): ['07MAR', '06MAR', '05MAR', '04MAR', '03MAR', '02MAR', '01MAR', '28FEB', '27FEB']
[LF] Attaching to Chrome for Altea access
2026-01-17 23:56:33 | INFO     | Starting LF search for route: HBE-MED
2026-01-17 23:56:33 | INFO     | [START] LF Search
[LF][[OK] SUCCESS] Connected to Chrome on 127.0.0.1:9227 (after 1 attempts)
2026-01-17 23:56:34 | INFO     | [HEALTH CHECK] [OK] Chrome connection is healthy
[LF][[OK] SUCCESS] Found Amadeus Altea window: Altéa Reservation Desktop
[LF][[INFO] INFO] URL: https://tc212.resdesktop.altea.amadeus.com/app_ard/apf/init/login?SITE=ESMPESMP&LANGUAGE=GB&MARKETS=ARDW_PROD_WBP&ACTION=clpLogin
2026-01-17 23:56:34 | INFO     | [DAY_START] Processing 07MAR
[LF] Processing HBE-MED for 07MAR
2026-01-17 23:56:34 | INFO     | [lf.day.start] Processing HBE-MED for 07MAR
[LF] No direct flights on 07MAR for HBE-MED
2026-01-17 23:56:35 | WARNING  | [lf.day.no_flights] No direct flights on 07MAR
2026-01-17 23:56:35 | INFO     | [SUCCESS] Day 07MAR
2026-01-17 23:56:35 | INFO     | [DAY_START] Processing 06MAR
[LF] Processing HBE-MED for 06MAR
2026-01-17 23:56:35 | INFO     | [lf.day.start] Processing HBE-MED for 06MAR
[LF] No direct flights on 06MAR for HBE-MED
2026-01-17 23:56:36 | WARNING  | [lf.day.no_flights] No direct flights on 06MAR
2026-01-17 23:56:36 | INFO     | [SUCCESS] Day 06MAR
2026-01-17 23:56:36 | INFO     | [DAY_START] Processing 05MAR
[LF] Processing HBE-MED for 05MAR
2026-01-17 23:56:36 | INFO     | [lf.day.start] Processing HBE-MED for 05MAR
[LF] 05MAR: found 1 direct flights
2026-01-17 23:56:37 | INFO     | [lf.day.flights_found] Found 1 flights on 05MAR
2026-01-17 23:56:39 | INFO     | [lf.flight.extracted] SM485 on 05MAR: BKG=181, LF=101.1%
[LF] SM485 05MAR: BKG=181, GRP=135, CAP=179, LF%=101.1%, Brd-Off=HBE-MED, Classes: P:135, V:10, K:28, Q:8
[LF] Getting WEEKLY/LASTSOLD data for 1 flights
[LF] SM485 05MAR: LASTSOLD=2025-12-29 00:00:00, WEEKLY=0, TODAY=0, YDAY=0
2026-01-17 23:56:43 | INFO     | [SUCCESS] Day 05MAR
2026-01-17 23:56:43 | INFO     | [DAY_START] Processing 04MAR
[LF] Processing HBE-MED for 04MAR
2026-01-17 23:56:43 | INFO     | [lf.day.start] Processing HBE-MED for 04MAR
[LF] 04MAR: found 1 direct flights
2026-01-17 23:56:44 | INFO     | [lf.day.flights_found] Found 1 flights on 04MAR
2026-01-17 23:56:46 | INFO     | [lf.flight.extracted] SM485 on 04MAR: BKG=175, LF=97.8%
[LF] SM485 04MAR: BKG=175, GRP=165, CAP=179, LF%=97.8%, Brd-Off=HBE-MED, Classes: P:165, V:6, K:4
[LF] Getting WEEKLY/LASTSOLD data for 1 flights
[LF] SM485 04MAR: LASTSOLD=2026-01-16 00:00:00, WEEKLY=4, TODAY=0, YDAY=1
2026-01-17 23:56:48 | INFO     | [SUCCESS] Day 04MAR
2026-01-17 23:56:48 | INFO     | [DAY_START] Processing 03MAR
[LF] Processing HBE-MED for 03MAR
2026-01-17 23:56:48 | INFO     | [lf.day.start] Processing HBE-MED for 03MAR
[LF] 03MAR: found 1 direct flights
2026-01-17 23:56:49 | INFO     | [lf.day.flights_found] Found 1 flights on 03MAR
2026-01-17 23:56:51 | INFO     | [lf.flight.extracted] SM485 on 03MAR: BKG=107, LF=59.8%
[LF] SM485 03MAR: BKG=107, GRP=90, CAP=179, LF%=59.8%, Brd-Off=HBE-MED, Classes: P:90, V:4, K:13
[LF] Getting WEEKLY/LASTSOLD data for 1 flights
[LF] SM485 03MAR: LASTSOLD=2026-01-15 00:00:00, WEEKLY=5, TODAY=0, YDAY=0
2026-01-17 23:56:54 | INFO     | [SUCCESS] Day 03MAR
2026-01-17 23:56:54 | INFO     | [DAY_START] Processing 02MAR
[LF] Processing HBE-MED for 02MAR
2026-01-17 23:56:54 | INFO     | [lf.day.start] Processing HBE-MED for 02MAR
[LF] No direct flights on 02MAR for HBE-MED
2026-01-17 23:56:55 | WARNING  | [lf.day.no_flights] No direct flights on 02MAR
2026-01-17 23:56:55 | INFO     | [SUCCESS] Day 02MAR
2026-01-17 23:56:55 | INFO     | [DAY_START] Processing 01MAR
[LF] Processing HBE-MED for 01MAR
2026-01-17 23:56:55 | INFO     | [lf.day.start] Processing HBE-MED for 01MAR
[LF] 01MAR: found 1 direct flights
2026-01-17 23:56:56 | INFO     | [lf.day.flights_found] Found 1 flights on 01MAR
2026-01-17 23:56:58 | INFO     | [lf.flight.extracted] SM485 on 01MAR: BKG=9, LF=5.0%
[LF] SM485 01MAR: BKG=9, GRP=0, CAP=179, LF%=5.0%, Brd-Off=HBE-MED, Classes: V:9
[LF] Getting WEEKLY/LASTSOLD data for 1 flights
[LF] SM485 01MAR: LASTSOLD=2026-01-08 00:00:00, WEEKLY=0, TODAY=0, YDAY=0
2026-01-17 23:57:01 | INFO     | [SUCCESS] Day 01MAR
2026-01-17 23:57:01 | INFO     | [DAY_START] Processing 28FEB
[LF] Processing HBE-MED for 28FEB
2026-01-17 23:57:01 | INFO     | [lf.day.start] Processing HBE-MED for 28FEB
[LF] No direct flights on 28FEB for HBE-MED
2026-01-17 23:57:02 | WARNING  | [lf.day.no_flights] No direct flights on 28FEB
2026-01-17 23:57:02 | INFO     | [SUCCESS] Day 28FEB
2026-01-17 23:57:02 | INFO     | [DAY_START] Processing 27FEB
[LF] Processing HBE-MED for 27FEB
2026-01-17 23:57:02 | INFO     | [lf.day.start] Processing HBE-MED for 27FEB
[LF] No direct flights on 27FEB for HBE-MED
2026-01-17 23:57:03 | WARNING  | [lf.day.no_flights] No direct flights on 27FEB
2026-01-17 23:57:03 | INFO     | [SUCCESS] Day 27FEB
[LF] Results summary:
  2026-03-07: 0 flights
  2026-03-06: 0 flights
  2026-03-05: 1 flights
  2026-03-04: 1 flights
  2026-03-03: 1 flights
  2026-03-02: 0 flights
  2026-03-01: 1 flights
  2026-02-28: 0 flights
  2026-02-27: 0 flights
2026-01-17 23:57:03 | INFO     | [SUCCESS] LF Search Complete

============================================================
[Worker_9227] ✓ COMPLETED: HBE-MED
  Results: 9 dates
  Errors: 0 dates
  Total Processed: 40 groups
============================================================

2026-01-17 23:57:03 | INFO     | [Worker_9227] Completed: HBE-MED - 9 results, 0 errors

============================================================
[Worker_9227] Processing: LXR-JED
  Tier 0: Range 2, Chunk 1/3
  Dates: 9 days
  Date Range: 2026-03-07 to 2026-02-27
============================================================

2026-01-17 23:57:03 | INFO     | [Worker_9227] Processing: LXR-JED
2026-01-17 23:57:03 | INFO     |   Tier 0: Range 2, Chunk 1/3 (9 days)
2026-01-17 23:57:03 | INFO     | ======================================================================
2026-01-17 23:57:03 | INFO     | Load Factor Scraper Started - Route: LXR-JED
2026-01-17 23:57:03 | INFO     | Log file: D:\CODERED\LAB\Artifacts\outputs\run_generated_170126_at_23.33_RETRY\logs\LF_LXR-JED_20260117_235703.log
2026-01-17 23:57:03 | INFO     | Enhanced logging: Capturing both logging.info() and print()
2026-01-17 23:57:03 | INFO     | ======================================================================
[LF] Processing dates (override): ['07MAR', '06MAR', '05MAR', '04MAR', '03MAR', '02MAR', '01MAR', '28FEB', '27FEB']
[LF] Attaching to Chrome for Altea access
2026-01-17 23:57:03 | INFO     | Starting LF search for route: LXR-JED
2026-01-17 23:57:03 | INFO     | [START] LF Search
[LF][[OK] SUCCESS] Connected to Chrome on 127.0.0.1:9227 (after 1 attempts)
2026-01-17 23:57:04 | INFO     | [HEALTH CHECK] [OK] Chrome connection is healthy
[LF][[OK] SUCCESS] Found Amadeus Altea window: Altéa Reservation Desktop
[LF][[INFO] INFO] URL: https://tc212.resdesktop.altea.amadeus.com/app_ard/apf/init/login?SITE=ESMPESMP&LANGUAGE=GB&MARKETS=ARDW_PROD_WBP&ACTION=clpLogin
2026-01-17 23:57:04 | INFO     | [DAY_START] Processing 07MAR
[LF] Processing LXR-JED for 07MAR
2026-01-17 23:57:04 | INFO     | [lf.day.start] Processing LXR-JED for 07MAR
[LF] No direct flights on 07MAR for LXR-JED
2026-01-17 23:57:05 | WARNING  | [lf.day.no_flights] No direct flights on 07MAR
2026-01-17 23:57:05 | INFO     | [SUCCESS] Day 07MAR
2026-01-17 23:57:05 | INFO     | [DAY_START] Processing 06MAR
[LF] Processing LXR-JED for 06MAR
2026-01-17 23:57:05 | INFO     | [lf.day.start] Processing LXR-JED for 06MAR
[LF] No direct flights on 06MAR for LXR-JED
2026-01-17 23:57:06 | WARNING  | [lf.day.no_flights] No direct flights on 06MAR
2026-01-17 23:57:06 | INFO     | [SUCCESS] Day 06MAR
2026-01-17 23:57:06 | INFO     | [DAY_START] Processing 05MAR
[LF] Processing LXR-JED for 05MAR
2026-01-17 23:57:06 | INFO     | [lf.day.start] Processing LXR-JED for 05MAR
[LF] No direct flights on 05MAR for LXR-JED
2026-01-17 23:57:07 | WARNING  | [lf.day.no_flights] No direct flights on 05MAR
2026-01-17 23:57:07 | INFO     | [SUCCESS] Day 05MAR
2026-01-17 23:57:07 | INFO     | [DAY_START] Processing 04MAR
[LF] Processing LXR-JED for 04MAR
2026-01-17 23:57:07 | INFO     | [lf.day.start] Processing LXR-JED for 04MAR
[LF] No direct flights on 04MAR for LXR-JED
2026-01-17 23:57:08 | WARNING  | [lf.day.no_flights] No direct flights on 04MAR
2026-01-17 23:57:08 | INFO     | [SUCCESS] Day 04MAR
2026-01-17 23:57:08 | INFO     | [DAY_START] Processing 03MAR
[LF] Processing LXR-JED for 03MAR
2026-01-17 23:57:08 | INFO     | [lf.day.start] Processing LXR-JED for 03MAR
[LF] 03MAR: found 3 direct flights
2026-01-17 23:57:09 | INFO     | [lf.day.flights_found] Found 3 flights on 03MAR
2026-01-17 23:57:11 | INFO     | [lf.flight.extracted] SM429 on 03MAR: BKG=0, LF=0.0%
[LF] SM429 03MAR: BKG=0, GRP=0, CAP=179, LF%=0.0%, Brd-Off=LXR-JED
2026-01-17 23:57:14 | INFO     | [lf.flight.extracted] SM483 on 03MAR: BKG=0, LF=0.0%
[LF] SM483 03MAR: BKG=0, GRP=0, CAP=179, LF%=0.0%, Brd-Off=LXR-JED
2026-01-17 23:57:18 | INFO     | [lf.flight.extracted] SM981 on 03MAR: BKG=0, LF=0.0%
[LF] SM981 03MAR: BKG=0, GRP=0, CAP=179, LF%=0.0%, Brd-Off=LXR-JED
2026-01-17 23:57:19 | INFO     | [SUCCESS] Day 03MAR
2026-01-17 23:57:19 | INFO     | [DAY_START] Processing 02MAR
[LF] Processing LXR-JED for 02MAR
2026-01-17 23:57:19 | INFO     | [lf.day.start] Processing LXR-JED for 02MAR
[LF] 02MAR: found 1 direct flights
2026-01-17 23:57:20 | INFO     | [lf.day.flights_found] Found 1 flights on 02MAR
2026-01-17 23:57:22 | INFO     | [lf.flight.extracted] SM481 on 02MAR: BKG=0, LF=0.0%
[LF] SM481 02MAR: BKG=0, GRP=0, CAP=179, LF%=0.0%, Brd-Off=LXR-JED
2026-01-17 23:57:23 | INFO     | [SUCCESS] Day 02MAR
2026-01-17 23:57:23 | INFO     | [DAY_START] Processing 01MAR
[LF] Processing LXR-JED for 01MAR
2026-01-17 23:57:23 | INFO     | [lf.day.start] Processing LXR-JED for 01MAR
[LF] No direct flights on 01MAR for LXR-JED
2026-01-17 23:57:24 | WARNING  | [lf.day.no_flights] No direct flights on 01MAR
2026-01-17 23:57:24 | INFO     | [SUCCESS] Day 01MAR
2026-01-17 23:57:24 | INFO     | [DAY_START] Processing 28FEB
[LF] Processing LXR-JED for 28FEB
2026-01-17 23:57:24 | INFO     | [lf.day.start] Processing LXR-JED for 28FEB
[LF] No direct flights on 28FEB for LXR-JED
2026-01-17 23:57:25 | WARNING  | [lf.day.no_flights] No direct flights on 28FEB
2026-01-17 23:57:25 | INFO     | [SUCCESS] Day 28FEB
2026-01-17 23:57:25 | INFO     | [DAY_START] Processing 27FEB
[LF] Processing LXR-JED for 27FEB
2026-01-17 23:57:25 | INFO     | [lf.day.start] Processing LXR-JED for 27FEB
[LF] No direct flights on 27FEB for LXR-JED
2026-01-17 23:57:26 | WARNING  | [lf.day.no_flights] No direct flights on 27FEB
2026-01-17 23:57:26 | INFO     | [SUCCESS] Day 27FEB
[LF] Results summary:
  2026-03-07: 0 flights
  2026-03-06: 0 flights
  2026-03-05: 0 flights
  2026-03-04: 0 flights
  2026-03-03: 3 flights
  2026-03-02: 1 flights
  2026-03-01: 0 flights
  2026-02-28: 0 flights
  2026-02-27: 0 flights
2026-01-17 23:57:26 | INFO     | [SUCCESS] LF Search Complete

============================================================
[Worker_9227] ✓ COMPLETED: LXR-JED
  Results: 9 dates
  Errors: 0 dates
  Total Processed: 41 groups
============================================================

2026-01-17 23:57:26 | INFO     | [Worker_9227] Completed: LXR-JED - 9 results, 0 errors

============================================================
[Worker_9227] Processing: CAI-TUU
  Tier 0: Range 2, Chunk 1/3
  Dates: 9 days
  Date Range: 2026-03-07 to 2026-02-27
============================================================

2026-01-17 23:57:26 | INFO     | [Worker_9227] Processing: CAI-TUU
2026-01-17 23:57:26 | INFO     |   Tier 0: Range 2, Chunk 1/3 (9 days)
2026-01-17 23:57:26 | INFO     | ======================================================================
2026-01-17 23:57:26 | INFO     | Load Factor Scraper Started - Route: CAI-TUU
2026-01-17 23:57:26 | INFO     | Log file: D:\CODERED\LAB\Artifacts\outputs\run_generated_170126_at_23.33_RETRY\logs\LF_CAI-TUU_20260117_235726.log
2026-01-17 23:57:26 | INFO     | Enhanced logging: Capturing both logging.info() and print()
2026-01-17 23:57:26 | INFO     | ======================================================================
[LF] Processing dates (override): ['07MAR', '06MAR', '05MAR', '04MAR', '03MAR', '02MAR', '01MAR', '28FEB', '27FEB']
[LF] Attaching to Chrome for Altea access
2026-01-17 23:57:26 | INFO     | Starting LF search for route: CAI-TUU
2026-01-17 23:57:26 | INFO     | [START] LF Search
[LF][[OK] SUCCESS] Connected to Chrome on 127.0.0.1:9227 (after 1 attempts)
2026-01-17 23:57:27 | INFO     | [HEALTH CHECK] [OK] Chrome connection is healthy
[LF][[OK] SUCCESS] Found Amadeus Altea window: Altéa Reservation Desktop
[LF][[INFO] INFO] URL: https://tc212.resdesktop.altea.amadeus.com/app_ard/apf/init/login?SITE=ESMPESMP&LANGUAGE=GB&MARKETS=ARDW_PROD_WBP&ACTION=clpLogin
2026-01-17 23:57:27 | INFO     | [DAY_START] Processing 07MAR
[LF] Processing CAI-TUU for 07MAR
2026-01-17 23:57:27 | INFO     | [lf.day.start] Processing CAI-TUU for 07MAR
[LF] 07MAR: found 1 direct flights
2026-01-17 23:57:28 | INFO     | [lf.day.flights_found] Found 1 flights on 07MAR
2026-01-17 23:57:30 | INFO     | [lf.flight.extracted] SM325 on 07MAR: BKG=3, LF=2.8%
[LF] SM325 07MAR: BKG=3, GRP=0, CAP=109, LF%=2.8%, Brd-Off=CAI-TUU, Classes: I:3
[LF] Getting WEEKLY/LASTSOLD data for 1 flights
[LF] SM325 07MAR: LASTSOLD=2026-01-17 00:00:00, WEEKLY=1, TODAY=1, YDAY=0
2026-01-17 23:57:32 | INFO     | [SUCCESS] Day 07MAR
2026-01-17 23:57:32 | INFO     | [DAY_START] Processing 06MAR
[LF] Processing CAI-TUU for 06MAR
2026-01-17 23:57:32 | INFO     | [lf.day.start] Processing CAI-TUU for 06MAR
[LF] No direct flights on 06MAR for CAI-TUU
2026-01-17 23:57:33 | WARNING  | [lf.day.no_flights] No direct flights on 06MAR
2026-01-17 23:57:34 | INFO     | [SUCCESS] Day 06MAR
2026-01-17 23:57:34 | INFO     | [DAY_START] Processing 05MAR
[LF] Processing CAI-TUU for 05MAR
2026-01-17 23:57:34 | INFO     | [lf.day.start] Processing CAI-TUU for 05MAR
[LF] 05MAR: found 1 direct flights
2026-01-17 23:57:34 | INFO     | [lf.day.flights_found] Found 1 flights on 05MAR
2026-01-17 23:57:36 | INFO     | [lf.flight.extracted] SM325 on 05MAR: BKG=1, LF=0.6%
[LF] SM325 05MAR: BKG=1, GRP=0, CAP=179, LF%=0.6%, Brd-Off=CAI-TUU, Classes: I:1
[LF] Getting WEEKLY/LASTSOLD data for 1 flights
[LF] SM325 05MAR: LASTSOLD=2025-12-14 00:00:00, WEEKLY=0, TODAY=0, YDAY=0
2026-01-17 23:57:39 | INFO     | [SUCCESS] Day 05MAR
2026-01-17 23:57:39 | INFO     | [DAY_START] Processing 04MAR
[LF] Processing CAI-TUU for 04MAR
2026-01-17 23:57:39 | INFO     | [lf.day.start] Processing CAI-TUU for 04MAR
[LF] 04MAR: found 1 direct flights
2026-01-17 23:57:40 | INFO     | [lf.day.flights_found] Found 1 flights on 04MAR
2026-01-17 23:57:42 | INFO     | [lf.flight.extracted] SM325 on 04MAR: BKG=1, LF=0.6%
[LF] SM325 04MAR: BKG=1, GRP=0, CAP=176, LF%=0.6%, Brd-Off=CAI-TUU, Classes: I:1
[LF] Getting WEEKLY/LASTSOLD data for 1 flights
[LF] SM325 04MAR: LASTSOLD=2025-12-18 00:00:00, WEEKLY=0, TODAY=0, YDAY=0
2026-01-17 23:57:44 | INFO     | [SUCCESS] Day 04MAR
2026-01-17 23:57:44 | INFO     | [DAY_START] Processing 03MAR
[LF] Processing CAI-TUU for 03MAR
2026-01-17 23:57:44 | INFO     | [lf.day.start] Processing CAI-TUU for 03MAR
[LF] No direct flights on 03MAR for CAI-TUU
2026-01-17 23:57:45 | WARNING  | [lf.day.no_flights] No direct flights on 03MAR
2026-01-17 23:57:45 | INFO     | [SUCCESS] Day 03MAR
2026-01-17 23:57:45 | INFO     | [DAY_START] Processing 02MAR
[LF] Processing CAI-TUU for 02MAR
2026-01-17 23:57:45 | INFO     | [lf.day.start] Processing CAI-TUU for 02MAR
[LF] No direct flights on 02MAR for CAI-TUU
2026-01-17 23:57:46 | WARNING  | [lf.day.no_flights] No direct flights on 02MAR
2026-01-17 23:57:46 | INFO     | [SUCCESS] Day 02MAR
2026-01-17 23:57:46 | INFO     | [DAY_START] Processing 01MAR
[LF] Processing CAI-TUU for 01MAR
2026-01-17 23:57:46 | INFO     | [lf.day.start] Processing CAI-TUU for 01MAR
[LF] No direct flights on 01MAR for CAI-TUU
2026-01-17 23:57:47 | WARNING  | [lf.day.no_flights] No direct flights on 01MAR
2026-01-17 23:57:47 | INFO     | [SUCCESS] Day 01MAR
2026-01-17 23:57:47 | INFO     | [DAY_START] Processing 28FEB
[LF] Processing CAI-TUU for 28FEB
2026-01-17 23:57:47 | INFO     | [lf.day.start] Processing CAI-TUU for 28FEB
[LF] 28FEB: found 1 direct flights
2026-01-17 23:57:48 | INFO     | [lf.day.flights_found] Found 1 flights on 28FEB
2026-01-17 23:57:50 | INFO     | [lf.flight.extracted] SM325 on 28FEB: BKG=5, LF=4.6%
[LF] SM325 28FEB: BKG=5, GRP=0, CAP=109, LF%=4.6%, Brd-Off=CAI-TUU, Classes: I:5
[LF] Getting WEEKLY/LASTSOLD data for 1 flights
[LF] SM325 28FEB: LASTSOLD=2026-01-17 00:00:00, WEEKLY=2, TODAY=1, YDAY=1
2026-01-17 23:57:53 | INFO     | [SUCCESS] Day 28FEB
2026-01-17 23:57:53 | INFO     | [DAY_START] Processing 27FEB
[LF] Processing CAI-TUU for 27FEB
2026-01-17 23:57:53 | INFO     | [lf.day.start] Processing CAI-TUU for 27FEB
[LF] No direct flights on 27FEB for CAI-TUU
2026-01-17 23:57:54 | WARNING  | [lf.day.no_flights] No direct flights on 27FEB
2026-01-17 23:57:54 | INFO     | [SUCCESS] Day 27FEB
[LF] Results summary:
  2026-03-07: 1 flights
  2026-03-06: 0 flights
  2026-03-05: 1 flights
  2026-03-04: 1 flights
  2026-03-03: 0 flights
  2026-03-02: 0 flights
  2026-03-01: 0 flights
  2026-02-28: 1 flights
  2026-02-27: 0 flights
2026-01-17 23:57:54 | INFO     | [SUCCESS] LF Search Complete

============================================================
[Worker_9227] ✓ COMPLETED: CAI-TUU
  Results: 9 dates
  Errors: 0 dates
  Total Processed: 42 groups
============================================================

2026-01-17 23:57:54 | INFO     | [Worker_9227] Completed: CAI-TUU - 9 results, 0 errors

============================================================
[Worker_9227] Processing: ATZ-AJF
  Tier 0: Range 2, Chunk 1/3
  Dates: 9 days
  Date Range: 2026-03-07 to 2026-02-27
============================================================

2026-01-17 23:57:54 | INFO     | [Worker_9227] Processing: ATZ-AJF
2026-01-17 23:57:54 | INFO     |   Tier 0: Range 2, Chunk 1/3 (9 days)
2026-01-17 23:57:54 | INFO     | ======================================================================
2026-01-17 23:57:54 | INFO     | Load Factor Scraper Started - Route: ATZ-AJF
2026-01-17 23:57:54 | INFO     | Log file: D:\CODERED\LAB\Artifacts\outputs\run_generated_170126_at_23.33_RETRY\logs\LF_ATZ-AJF_20260117_235754.log
2026-01-17 23:57:54 | INFO     | Enhanced logging: Capturing both logging.info() and print()
2026-01-17 23:57:54 | INFO     | ======================================================================
[LF] Processing dates (override): ['07MAR', '06MAR', '05MAR', '04MAR', '03MAR', '02MAR', '01MAR', '28FEB', '27FEB']
[LF] Attaching to Chrome for Altea access
2026-01-17 23:57:54 | INFO     | Starting LF search for route: ATZ-AJF
2026-01-17 23:57:54 | INFO     | [START] LF Search
[LF][[OK] SUCCESS] Connected to Chrome on 127.0.0.1:9227 (after 1 attempts)
2026-01-17 23:57:55 | INFO     | [HEALTH CHECK] [OK] Chrome connection is healthy
[LF][[OK] SUCCESS] Found Amadeus Altea window: Altéa Reservation Desktop
[LF][[INFO] INFO] URL: https://tc212.resdesktop.altea.amadeus.com/app_ard/apf/init/login?SITE=ESMPESMP&LANGUAGE=GB&MARKETS=ARDW_PROD_WBP&ACTION=clpLogin
2026-01-17 23:57:55 | INFO     | [DAY_START] Processing 07MAR
[LF] Processing ATZ-AJF for 07MAR
2026-01-17 23:57:55 | INFO     | [lf.day.start] Processing ATZ-AJF for 07MAR
[LF] No direct flights on 07MAR for ATZ-AJF
2026-01-17 23:57:56 | WARNING  | [lf.day.no_flights] No direct flights on 07MAR
2026-01-17 23:57:57 | INFO     | [SUCCESS] Day 07MAR
2026-01-17 23:57:57 | INFO     | [DAY_START] Processing 06MAR
[LF] Processing ATZ-AJF for 06MAR
2026-01-17 23:57:57 | INFO     | [lf.day.start] Processing ATZ-AJF for 06MAR
[LF] 06MAR: found 1 direct flights
2026-01-17 23:57:58 | INFO     | [lf.day.flights_found] Found 1 flights on 06MAR
2026-01-17 23:58:00 | INFO     | [lf.flight.extracted] SM323 on 06MAR: BKG=0, LF=0.0%
[LF] SM323 06MAR: BKG=0, GRP=0, CAP=179, LF%=0.0%, Brd-Off=ATZ-AJF
2026-01-17 23:58:02 | INFO     | [SUCCESS] Day 06MAR
2026-01-17 23:58:02 | INFO     | [DAY_START] Processing 05MAR
[LF] Processing ATZ-AJF for 05MAR
2026-01-17 23:58:02 | INFO     | [lf.day.start] Processing ATZ-AJF for 05MAR
[LF] No direct flights on 05MAR for ATZ-AJF
2026-01-17 23:58:03 | WARNING  | [lf.day.no_flights] No direct flights on 05MAR
2026-01-17 23:58:03 | INFO     | [SUCCESS] Day 05MAR
2026-01-17 23:58:03 | INFO     | [DAY_START] Processing 04MAR
[LF] Processing ATZ-AJF for 04MAR
2026-01-17 23:58:03 | INFO     | [lf.day.start] Processing ATZ-AJF for 04MAR
[LF] No direct flights on 04MAR for ATZ-AJF
2026-01-17 23:58:04 | WARNING  | [lf.day.no_flights] No direct flights on 04MAR
2026-01-17 23:58:04 | INFO     | [SUCCESS] Day 04MAR
2026-01-17 23:58:04 | INFO     | [DAY_START] Processing 03MAR
[LF] Processing ATZ-AJF for 03MAR
2026-01-17 23:58:04 | INFO     | [lf.day.start] Processing ATZ-AJF for 03MAR
[LF] No direct flights on 03MAR for ATZ-AJF
2026-01-17 23:58:05 | WARNING  | [lf.day.no_flights] No direct flights on 03MAR
2026-01-17 23:58:06 | INFO     | [SUCCESS] Day 03MAR
2026-01-17 23:58:06 | INFO     | [DAY_START] Processing 02MAR
[LF] Processing ATZ-AJF for 02MAR
2026-01-17 23:58:06 | INFO     | [lf.day.start] Processing ATZ-AJF for 02MAR
[LF] No direct flights on 02MAR for ATZ-AJF
2026-01-17 23:58:07 | WARNING  | [lf.day.no_flights] No direct flights on 02MAR
2026-01-17 23:58:07 | INFO     | [SUCCESS] Day 02MAR
2026-01-17 23:58:07 | INFO     | [DAY_START] Processing 01MAR
[LF] Processing ATZ-AJF for 01MAR
2026-01-17 23:58:07 | INFO     | [lf.day.start] Processing ATZ-AJF for 01MAR
[LF] No direct flights on 01MAR for ATZ-AJF
2026-01-17 23:58:08 | WARNING  | [lf.day.no_flights] No direct flights on 01MAR
2026-01-17 23:58:08 | INFO     | [SUCCESS] Day 01MAR
2026-01-17 23:58:08 | INFO     | [DAY_START] Processing 28FEB
[LF] Processing ATZ-AJF for 28FEB
2026-01-17 23:58:08 | INFO     | [lf.day.start] Processing ATZ-AJF for 28FEB
[LF] No direct flights on 28FEB for ATZ-AJF
2026-01-17 23:58:09 | WARNING  | [lf.day.no_flights] No direct flights on 28FEB
2026-01-17 23:58:10 | INFO     | [SUCCESS] Day 28FEB
2026-01-17 23:58:10 | INFO     | [DAY_START] Processing 27FEB
[LF] Processing ATZ-AJF for 27FEB
2026-01-17 23:58:10 | INFO     | [lf.day.start] Processing ATZ-AJF for 27FEB
[LF] 27FEB: found 1 direct flights
2026-01-17 23:58:11 | INFO     | [lf.day.flights_found] Found 1 flights on 27FEB
2026-01-17 23:58:13 | INFO     | [lf.flight.extracted] SM323 on 27FEB: BKG=2, LF=1.1%
[LF] SM323 27FEB: BKG=2, GRP=0, CAP=179, LF%=1.1%, Brd-Off=ATZ-AJF, Classes: G:2
[LF] Getting WEEKLY/LASTSOLD data for 1 flights
[LF] SM323 27FEB: LASTSOLD=2025-11-26 00:00:00, WEEKLY=0, TODAY=0, YDAY=0
2026-01-17 23:58:16 | INFO     | [SUCCESS] Day 27FEB
[LF] Results summary:
  2026-03-07: 0 flights
  2026-03-06: 1 flights
  2026-03-05: 0 flights
  2026-03-04: 0 flights
  2026-03-03: 0 flights
  2026-03-02: 0 flights
  2026-03-01: 0 flights
  2026-02-28: 0 flights
  2026-02-27: 1 flights
2026-01-17 23:58:16 | INFO     | [SUCCESS] LF Search Complete

============================================================
[Worker_9227] ✓ COMPLETED: ATZ-AJF
  Results: 9 dates
  Errors: 0 dates
  Total Processed: 43 groups
============================================================

2026-01-17 23:58:16 | INFO     | [Worker_9227] Completed: ATZ-AJF - 9 results, 0 errors

============================================================
[Worker_9227] Processing: CAI-ELQ
  Tier 0: Range 2, Chunk 1/3
  Dates: 9 days
  Date Range: 2026-03-07 to 2026-02-27
============================================================

2026-01-17 23:58:16 | INFO     | [Worker_9227] Processing: CAI-ELQ
2026-01-17 23:58:16 | INFO     |   Tier 0: Range 2, Chunk 1/3 (9 days)
2026-01-17 23:58:16 | INFO     | ======================================================================
2026-01-17 23:58:16 | INFO     | Load Factor Scraper Started - Route: CAI-ELQ
2026-01-17 23:58:16 | INFO     | Log file: D:\CODERED\LAB\Artifacts\outputs\run_generated_170126_at_23.33_RETRY\logs\LF_CAI-ELQ_20260117_235816.log
2026-01-17 23:58:16 | INFO     | Enhanced logging: Capturing both logging.info() and print()
2026-01-17 23:58:16 | INFO     | ======================================================================
[LF] Processing dates (override): ['07MAR', '06MAR', '05MAR', '04MAR', '03MAR', '02MAR', '01MAR', '28FEB', '27FEB']
[LF] Attaching to Chrome for Altea access
2026-01-17 23:58:16 | INFO     | Starting LF search for route: CAI-ELQ
2026-01-17 23:58:16 | INFO     | [START] LF Search
[LF][[OK] SUCCESS] Connected to Chrome on 127.0.0.1:9227 (after 1 attempts)
2026-01-17 23:58:17 | INFO     | [HEALTH CHECK] [OK] Chrome connection is healthy
[LF][[OK] SUCCESS] Found Amadeus Altea window: Altéa Reservation Desktop
[LF][[INFO] INFO] URL: https://tc212.resdesktop.altea.amadeus.com/app_ard/apf/init/login?SITE=ESMPESMP&LANGUAGE=GB&MARKETS=ARDW_PROD_WBP&ACTION=clpLogin
2026-01-17 23:58:17 | INFO     | [DAY_START] Processing 07MAR
[LF] Processing CAI-ELQ for 07MAR
2026-01-17 23:58:17 | INFO     | [lf.day.start] Processing CAI-ELQ for 07MAR
[LF] No direct flights on 07MAR for CAI-ELQ
2026-01-17 23:58:18 | WARNING  | [lf.day.no_flights] No direct flights on 07MAR
2026-01-17 23:58:19 | INFO     | [SUCCESS] Day 07MAR
2026-01-17 23:58:19 | INFO     | [DAY_START] Processing 06MAR
[LF] Processing CAI-ELQ for 06MAR
2026-01-17 23:58:19 | INFO     | [lf.day.start] Processing CAI-ELQ for 06MAR
[LF] 06MAR: found 1 direct flights
2026-01-17 23:58:20 | INFO     | [lf.day.flights_found] Found 1 flights on 06MAR
2026-01-17 23:58:22 | INFO     | [lf.flight.extracted] SM427 on 06MAR: BKG=1, LF=0.6%
[LF] SM427 06MAR: BKG=1, GRP=0, CAP=179, LF%=0.6%, Brd-Off=CAI-ELQ, Classes: W:1
[LF] Getting WEEKLY/LASTSOLD data for 1 flights
[LF] SM427 06MAR: LASTSOLD=2025-08-25 00:00:00, WEEKLY=0, TODAY=0, YDAY=0
2026-01-17 23:58:25 | INFO     | [SUCCESS] Day 06MAR
2026-01-17 23:58:25 | INFO     | [DAY_START] Processing 05MAR
[LF] Processing CAI-ELQ for 05MAR
2026-01-17 23:58:25 | INFO     | [lf.day.start] Processing CAI-ELQ for 05MAR
[LF] 05MAR: found 1 direct flights
2026-01-17 23:58:26 | INFO     | [lf.day.flights_found] Found 1 flights on 05MAR
2026-01-17 23:58:28 | INFO     | [lf.flight.extracted] SM427 on 05MAR: BKG=4, LF=2.3%
[LF] SM427 05MAR: BKG=4, GRP=0, CAP=176, LF%=2.3%, Brd-Off=CAI-ELQ, Classes: I:2, W:2
[LF] Getting WEEKLY/LASTSOLD data for 1 flights
[LF] SM427 05MAR: LASTSOLD=2026-01-01 00:00:00, WEEKLY=0, TODAY=0, YDAY=0
2026-01-17 23:58:31 | INFO     | [SUCCESS] Day 05MAR
2026-01-17 23:58:31 | INFO     | [DAY_START] Processing 04MAR
[LF] Processing CAI-ELQ for 04MAR
2026-01-17 23:58:31 | INFO     | [lf.day.start] Processing CAI-ELQ for 04MAR
[LF] No direct flights on 04MAR for CAI-ELQ
2026-01-17 23:58:32 | WARNING  | [lf.day.no_flights] No direct flights on 04MAR
2026-01-17 23:58:32 | INFO     | [SUCCESS] Day 04MAR
2026-01-17 23:58:32 | INFO     | [DAY_START] Processing 03MAR
[LF] Processing CAI-ELQ for 03MAR
2026-01-17 23:58:32 | INFO     | [lf.day.start] Processing CAI-ELQ for 03MAR
[LF] No direct flights on 03MAR for CAI-ELQ
2026-01-17 23:58:33 | WARNING  | [lf.day.no_flights] No direct flights on 03MAR
2026-01-17 23:58:34 | INFO     | [SUCCESS] Day 03MAR
2026-01-17 23:58:34 | INFO     | [DAY_START] Processing 02MAR
[LF] Processing CAI-ELQ for 02MAR
2026-01-17 23:58:34 | INFO     | [lf.day.start] Processing CAI-ELQ for 02MAR
[LF] No direct flights on 02MAR for CAI-ELQ
2026-01-17 23:58:35 | WARNING  | [lf.day.no_flights] No direct flights on 02MAR
2026-01-17 23:58:35 | INFO     | [SUCCESS] Day 02MAR
2026-01-17 23:58:35 | INFO     | [DAY_START] Processing 01MAR
[LF] Processing CAI-ELQ for 01MAR
2026-01-17 23:58:35 | INFO     | [lf.day.start] Processing CAI-ELQ for 01MAR
[LF] 01MAR: found 1 direct flights
2026-01-17 23:58:36 | INFO     | [lf.day.flights_found] Found 1 flights on 01MAR
2026-01-17 23:58:38 | INFO     | [lf.flight.extracted] SM427 on 01MAR: BKG=1, LF=0.6%
[LF] SM427 01MAR: BKG=1, GRP=0, CAP=179, LF%=0.6%, Brd-Off=CAI-ELQ, Classes: I:1
[LF] Getting WEEKLY/LASTSOLD data for 1 flights
[LF] SM427 01MAR: LASTSOLD=2025-12-07 00:00:00, WEEKLY=0, TODAY=0, YDAY=0
2026-01-17 23:58:42 | INFO     | [SUCCESS] Day 01MAR
2026-01-17 23:58:42 | INFO     | [DAY_START] Processing 28FEB
[LF] Processing CAI-ELQ for 28FEB
2026-01-17 23:58:42 | INFO     | [lf.day.start] Processing CAI-ELQ for 28FEB
[LF] No direct flights on 28FEB for CAI-ELQ
2026-01-17 23:58:43 | WARNING  | [lf.day.no_flights] No direct flights on 28FEB
2026-01-17 23:58:43 | INFO     | [SUCCESS] Day 28FEB
2026-01-17 23:58:43 | INFO     | [DAY_START] Processing 27FEB
[LF] Processing CAI-ELQ for 27FEB
2026-01-17 23:58:43 | INFO     | [lf.day.start] Processing CAI-ELQ for 27FEB
[LF] 27FEB: found 1 direct flights
2026-01-17 23:58:44 | INFO     | [lf.day.flights_found] Found 1 flights on 27FEB
2026-01-17 23:58:46 | INFO     | [lf.flight.extracted] SM427 on 27FEB: BKG=2, LF=1.8%
[LF] SM427 27FEB: BKG=2, GRP=0, CAP=109, LF%=1.8%, Brd-Off=CAI-ELQ, Classes: X:1, G:1
[LF] Getting WEEKLY/LASTSOLD data for 1 flights
[LF] SM427 27FEB: LASTSOLD=2025-12-01 00:00:00, WEEKLY=0, TODAY=0, YDAY=0
2026-01-17 23:58:49 | INFO     | [SUCCESS] Day 27FEB
[LF] Results summary:
  2026-03-07: 0 flights
  2026-03-06: 1 flights
  2026-03-05: 1 flights
  2026-03-04: 0 flights
  2026-03-03: 0 flights
  2026-03-02: 0 flights
  2026-03-01: 1 flights
  2026-02-28: 0 flights
  2026-02-27: 1 flights
2026-01-17 23:58:49 | INFO     | [SUCCESS] LF Search Complete

============================================================
[Worker_9227] ✓ COMPLETED: CAI-ELQ
  Results: 9 dates
  Errors: 0 dates
  Total Processed: 44 groups
============================================================

2026-01-17 23:58:49 | INFO     | [Worker_9227] Completed: CAI-ELQ - 9 results, 0 errors

============================================================
[Worker_9227] Processing: JED-CAI
  Tier 0: Range 2, Chunk 2/3
  Dates: 8 days
  Date Range: 2026-02-26 to 2026-02-19
============================================================

2026-01-17 23:58:49 | INFO     | [Worker_9227] Processing: JED-CAI
2026-01-17 23:58:49 | INFO     |   Tier 0: Range 2, Chunk 2/3 (8 days)
2026-01-17 23:58:49 | INFO     | ======================================================================
2026-01-17 23:58:49 | INFO     | Load Factor Scraper Started - Route: JED-CAI
2026-01-17 23:58:49 | INFO     | Log file: D:\CODERED\LAB\Artifacts\outputs\run_generated_170126_at_23.33_RETRY\logs\LF_JED-CAI_20260117_235849.log
2026-01-17 23:58:49 | INFO     | Enhanced logging: Capturing both logging.info() and print()
2026-01-17 23:58:49 | INFO     | ======================================================================
[LF] Processing dates (override): ['26FEB', '25FEB', '24FEB', '23FEB', '22FEB', '21FEB', '20FEB', '19FEB']
[LF] Attaching to Chrome for Altea access
2026-01-17 23:58:49 | INFO     | Starting LF search for route: JED-CAI
2026-01-17 23:58:49 | INFO     | [START] LF Search
[LF][[OK] SUCCESS] Connected to Chrome on 127.0.0.1:9227 (after 1 attempts)
2026-01-17 23:58:50 | INFO     | [HEALTH CHECK] [OK] Chrome connection is healthy
[LF][[OK] SUCCESS] Found Amadeus Altea window: Altéa Reservation Desktop
[LF][[INFO] INFO] URL: https://tc212.resdesktop.altea.amadeus.com/app_ard/apf/init/login?SITE=ESMPESMP&LANGUAGE=GB&MARKETS=ARDW_PROD_WBP&ACTION=clpLogin
2026-01-17 23:58:50 | INFO     | [DAY_START] Processing 26FEB
[LF] Processing JED-CAI for 26FEB
2026-01-17 23:58:50 | INFO     | [lf.day.start] Processing JED-CAI for 26FEB
[LF] 26FEB: found 9 direct flights
2026-01-17 23:58:51 | INFO     | [lf.day.flights_found] Found 9 flights on 26FEB
2026-01-17 23:58:54 | INFO     | [lf.flight.extracted] SM424 on 26FEB: BKG=180, LF=102.9%
[LF] SM424 26FEB: BKG=180, GRP=165, CAP=175, LF%=102.9%, Brd-Off=JED-CAI, Classes: P:165, I:9, O:1, U:4, S:1
[LPC] SM424 26FEB: Found 1 outbound flights with connecting passengers
2026-01-17 23:58:59 | INFO     | [lf.flight.extracted] SM472 on 26FEB: BKG=168, LF=96.0%
[LF] SM472 26FEB: BKG=168, GRP=135, CAP=175, LF%=96.0%, Brd-Off=JED-CAI, Classes: P:135, I:9, O:8, U:9, X:4, S:2, K:1
[LPC] SM472 26FEB: Found 2 outbound flights with connecting passengers
2026-01-17 23:59:04 | INFO     | [lf.flight.extracted] SM450 on 26FEB: BKG=165, LF=94.3%
[LF] SM450 26FEB: BKG=165, GRP=145, CAP=175, LF%=94.3%, Brd-Off=JED-CAI, Classes: P:45, E:100, I:9, O:2, U:7, B:2
[LPC] SM450 26FEB: Found 1 outbound flights with connecting passengers
2026-01-17 23:59:09 | INFO     | [lf.flight.extracted] SM2484 on 26FEB: BKG=130, LF=75.6%
[LF] SM2484 26FEB: BKG=130, GRP=130, CAP=172, LF%=75.6%, Brd-Off=JED-CAI, Classes: P:130
2026-01-17 23:59:12 | INFO     | [lf.flight.extracted] SM476 on 26FEB: BKG=162, LF=92.6%
[LF] SM476 26FEB: BKG=162, GRP=135, CAP=175, LF%=92.6%, Brd-Off=JED-CAI, Classes: P:135, I:9, O:8, U:8, X:2
2026-01-17 23:59:16 | INFO     | [lf.flight.extracted] SM432 on 26FEB: BKG=166, LF=94.9%
[LF] SM432 26FEB: BKG=166, GRP=135, CAP=175, LF%=94.9%, Brd-Off=JED-CAI, Classes: P:135, I:9, O:8, U:9, X:5
2026-01-17 23:59:19 | INFO     | [lf.flight.extracted] SM478 on 26FEB: BKG=168, LF=100.0%
[LF] SM478 26FEB: BKG=168, GRP=135, CAP=168, LF%=100.0%, Brd-Off=JED-CAI, Classes: P:135, I:9, O:8, U:9, X:4, K:3
2026-01-17 23:59:23 | INFO     | [lf.flight.extracted] SM2462 on 26FEB: BKG=0, LF=0.0%
[LF] SM2462 26FEB: BKG=0, GRP=0, CAP=175, LF%=0.0%, Brd-Off=JED-CAI
2026-01-17 23:59:26 | INFO     | [lf.flight.extracted] SM480 on 26FEB: BKG=167, LF=99.4%
[LF] SM480 26FEB: BKG=167, GRP=135, CAP=168, LF%=99.4%, Brd-Off=JED-CAI, Classes: P:135, I:9, O:8, U:10, X:5
[LF] Getting WEEKLY/LASTSOLD data for 8 flights
[LF] SM424 26FEB: LASTSOLD=2026-01-09 00:00:00, WEEKLY=0, TODAY=0, YDAY=0
[LF] SM472 26FEB: LASTSOLD=2026-01-16 00:00:00, WEEKLY=9, TODAY=0, YDAY=4
[LF] SM450 26FEB: LASTSOLD=2026-01-10 00:00:00, WEEKLY=1, TODAY=0, YDAY=0
[LF] SM2484 26FEB: LASTSOLD=2026-01-02 00:00:00, WEEKLY=0, TODAY=0, YDAY=0
[LF] SM476 26FEB: LASTSOLD=2026-01-13 00:00:00, WEEKLY=7, TODAY=0, YDAY=0
[LF] SM432 26FEB: LASTSOLD=2026-01-16 00:00:00, WEEKLY=11, TODAY=0, YDAY=1
[LF] SM478 26FEB: LASTSOLD=2026-01-15 00:00:00, WEEKLY=4, TODAY=0, YDAY=0
[LF] SM480 26FEB: LASTSOLD=2026-01-07 00:00:00, WEEKLY=0, TODAY=0, YDAY=0
2026-01-17 23:59:48 | INFO     | [SUCCESS] Day 26FEB
2026-01-17 23:59:48 | INFO     | [DAY_START] Processing 25FEB
[LF] Processing JED-CAI for 25FEB
2026-01-17 23:59:48 | INFO     | [lf.day.start] Processing JED-CAI for 25FEB
[LF] 25FEB: found 5 direct flights
2026-01-17 23:59:49 | INFO     | [lf.day.flights_found] Found 5 flights on 25FEB
2026-01-17 23:59:51 | INFO     | [lf.flight.extracted] SM476 on 25FEB: BKG=168, LF=96.0%
[LF] SM476 25FEB: BKG=168, GRP=135, CAP=175, LF%=96.0%, Brd-Off=JED-CAI, Classes: P:135, I:9, O:8, U:10, X:5, K:1
2026-01-17 23:59:55 | INFO     | [lf.flight.extracted] SM460 on 25FEB: BKG=168, LF=96.0%
[LF] SM460 25FEB: BKG=168, GRP=135, CAP=175, LF%=96.0%, Brd-Off=JED-CAI, Classes: P:135, I:9, O:6, U:10, X:7, S:1
[LPC] SM460 25FEB: Found 2 outbound flights with connecting passengers
2026-01-18 00:00:00 | INFO     | [lf.flight.extracted] SM478 on 25FEB: BKG=168, LF=96.0%
[LF] SM478 25FEB: BKG=168, GRP=135, CAP=175, LF%=96.0%, Brd-Off=JED-CAI, Classes: P:135, I:9, O:7, U:10, X:6, S:1
[LPC] SM478 25FEB: Found 1 outbound flights with connecting passengers
2026-01-18 00:00:06 | INFO     | [lf.flight.extracted] SM952 on 25FEB: BKG=170, LF=97.1%
[LF] SM952 25FEB: BKG=170, GRP=170, CAP=175, LF%=97.1%, Brd-Off=JED-CAI, Classes: P:170
2026-01-18 00:00:10 | INFO     | [lf.flight.extracted] SM2460 on 25FEB: BKG=0, LF=0.0%
[LF] SM2460 25FEB: BKG=0, GRP=0, CAP=175, LF%=0.0%, Brd-Off=JED-CAI
[LF] Getting WEEKLY/LASTSOLD data for 4 flights
[LF] SM476 25FEB: LASTSOLD=2026-01-15 00:00:00, WEEKLY=2, TODAY=0, YDAY=0
[LF] SM460 25FEB: LASTSOLD=2026-01-09 00:00:00, WEEKLY=0, TODAY=0, YDAY=0
[LF] SM478 25FEB: LASTSOLD=2026-01-10 00:00:00, WEEKLY=0, TODAY=0, YDAY=0
[LF] SM952 25FEB: LASTSOLD=2026-01-12 00:00:00, WEEKLY=3, TODAY=0, YDAY=0
2026-01-18 00:00:21 | INFO     | [SUCCESS] Day 25FEB
2026-01-18 00:00:21 | INFO     | [DAY_START] Processing 24FEB
[LF] Processing JED-CAI for 24FEB
2026-01-18 00:00:21 | INFO     | [lf.day.start] Processing JED-CAI for 24FEB
[LF] 24FEB: 1 cancelled flight(s) detected from SN
[LF] 24FEB: found 8 direct flights
2026-01-18 00:00:22 | INFO     | [lf.day.flights_found] Found 8 flights on 24FEB
2026-01-18 00:00:25 | INFO     | [lf.flight.extracted] SM472 on 24FEB: BKG=165, LF=95.9%
[LF] SM472 24FEB: BKG=165, GRP=130, CAP=172, LF%=95.9%, Brd-Off=JED-CAI, Classes: P:130, I:12, O:5, U:8, X:7, S:3
[LPC] SM472 24FEB: Found 1 outbound flights with connecting passengers
2026-01-18 00:00:30 | INFO     | [lf.flight.extracted] SM2448 on 24FEB: BKG=0, LF=0.0%
[LF] SM2448 24FEB: BKG=0, GRP=0, CAP=175, LF%=0.0%, Brd-Off=JED-CAI
2026-01-18 00:00:34 | INFO     | [lf.flight.extracted] SM976 on 24FEB: BKG=170, LF=101.8%
[LF] SM976 24FEB: BKG=170, GRP=170, CAP=167, LF%=101.8%, Brd-Off=JED-CAI, Classes: P:170
2026-01-18 00:00:37 | INFO     | [lf.flight.extracted] SM480 on 24FEB: BKG=165, LF=94.3%
[LF] SM480 24FEB: BKG=165, GRP=135, CAP=175, LF%=94.3%, Brd-Off=JED-CAI, Classes: P:135, I:9, O:8, U:8, X:5
2026-01-18 00:00:41 | INFO     | [lf.flight.extracted] SM478 on 24FEB: BKG=168, LF=96.0%
[LF] SM478 24FEB: BKG=168, GRP=135, CAP=175, LF%=96.0%, Brd-Off=JED-CAI, Classes: P:135, I:15, O:2, U:9, X:6, S:1
2026-01-18 00:00:45 | INFO     | [lf.flight.extracted] SM460 on 24FEB: BKG=167, LF=100.0%
[LF] SM460 24FEB: BKG=167, GRP=135, CAP=167, LF%=100.0%, Brd-Off=JED-CAI, Classes: P:135, I:12, O:5, U:9, X:2, K:4
2026-01-18 00:00:49 | INFO     | [lf.flight.extracted] SM424 on 24FEB: BKG=167, LF=95.4%
[LF] SM424 24FEB: BKG=167, GRP=135, CAP=175, LF%=95.4%, Brd-Off=JED-CAI, Classes: P:135, I:9, O:8, U:8, X:7
2026-01-18 00:01:08 | INFO     | [lf.flight.extracted] SM476 on 24FEB: BKG=160, LF=91.4%
[LF] SM476 24FEB: BKG=160, GRP=135, CAP=175, LF%=91.4%, Brd-Off=JED-CAI, Classes: P:135, I:9, O:8, U:8
[LF] Getting WEEKLY/LASTSOLD data for 7 flights
[LF] SM472 24FEB: LASTSOLD=2026-01-17 00:00:00, WEEKLY=16, TODAY=0, YDAY=5
[LF] SM976 24FEB: LASTSOLD=2025-12-10 00:00:00, WEEKLY=0, TODAY=0, YDAY=0
[LF] SM480 24FEB: LASTSOLD=2026-01-17 00:00:00, WEEKLY=8, TODAY=0, YDAY=1
[LF] SM478 24FEB: LASTSOLD=2026-01-16 00:00:00, WEEKLY=12, TODAY=0, YDAY=0
[LF] SM460 24FEB: LASTSOLD=2026-01-15 00:00:00, WEEKLY=8, TODAY=0, YDAY=0
[LF] SM424 24FEB: LASTSOLD=2026-01-17 00:00:00, WEEKLY=8, TODAY=0, YDAY=5
[LF] SM476 24FEB: LASTSOLD=2026-01-14 00:00:00, WEEKLY=2, TODAY=0, YDAY=0
2026-01-18 00:01:28 | INFO     | [SUCCESS] Day 24FEB
2026-01-18 00:01:28 | INFO     | [DAY_START] Processing 23FEB
[LF] Processing JED-CAI for 23FEB
2026-01-18 00:01:28 | INFO     | [lf.day.start] Processing JED-CAI for 23FEB
[LF] 23FEB: found 9 direct flights
2026-01-18 00:01:30 | INFO     | [lf.day.flights_found] Found 9 flights on 23FEB
2026-01-18 00:01:32 | INFO     | [lf.flight.extracted] SM480 on 23FEB: BKG=168, LF=97.7%
[LF] SM480 23FEB: BKG=168, GRP=135, CAP=172, LF%=97.7%, Brd-Off=JED-CAI, Classes: P:135, I:13, O:4, U:9, X:7
2026-01-18 00:01:35 | INFO     | [lf.flight.extracted] SM2446 on 23FEB: BKG=0, LF=0.0%
[LF] SM2446 23FEB: BKG=0, GRP=0, CAP=175, LF%=0.0%, Brd-Off=JED-CAI
2026-01-18 00:01:39 | INFO     | [lf.flight.extracted] SM978 on 23FEB: BKG=175, LF=104.8%
[LF] SM978 23FEB: BKG=175, GRP=175, CAP=167, LF%=104.8%, Brd-Off=JED-CAI, Classes: P:175
2026-01-18 00:01:43 | INFO     | [lf.flight.extracted] SM2470 on 23FEB: BKG=180, LF=102.9%
[LF] SM2470 23FEB: BKG=180, GRP=180, CAP=175, LF%=102.9%, Brd-Off=JED-CAI, Classes: P:180
2026-01-18 00:01:47 | INFO     | [lf.flight.extracted] SM476 on 23FEB: BKG=168, LF=96.0%
[LF] SM476 23FEB: BKG=168, GRP=135, CAP=175, LF%=96.0%, Brd-Off=JED-CAI, Classes: P:135, I:9, O:8, U:9, X:6, S:1
[LPC] SM476 23FEB: Found 1 outbound flights with connecting passengers
2026-01-18 00:01:52 | INFO     | [lf.flight.extracted] SM478 on 23FEB: BKG=168, LF=96.0%
[LF] SM478 23FEB: BKG=168, GRP=130, CAP=175, LF%=96.0%, Brd-Off=JED-CAI, Classes: P:130, I:14, O:3, U:9, X:8, T:4
2026-01-18 00:01:56 | INFO     | [lf.flight.extracted] SM980 on 23FEB: BKG=170, LF=97.1%
[LF] SM980 23FEB: BKG=170, GRP=170, CAP=175, LF%=97.1%, Brd-Off=JED-CAI, Classes: P:170
2026-01-18 00:01:59 | INFO     | [lf.flight.extracted] SM2478 on 23FEB: BKG=175, LF=101.7%
[LF] SM2478 23FEB: BKG=175, GRP=175, CAP=172, LF%=101.7%, Brd-Off=JED-CAI, Classes: P:175
2026-01-18 00:02:03 | INFO     | [lf.flight.extracted] SM460 on 23FEB: BKG=168, LF=96.0%
[LF] SM460 23FEB: BKG=168, GRP=135, CAP=175, LF%=96.0%, Brd-Off=JED-CAI, Classes: P:135, I:9, O:8, U:9, X:7
[LPC] SM460 23FEB: Found 0 outbound flights with connecting passengers
[LF] Getting WEEKLY/LASTSOLD data for 8 flights
[LF] SM480 23FEB: LASTSOLD=2026-01-15 00:00:00, WEEKLY=7, TODAY=0, YDAY=0
[LF] SM978 23FEB: LASTSOLD=2026-01-03 00:00:00, WEEKLY=0, TODAY=0, YDAY=0
[LF] SM2470 23FEB: LASTSOLD=2026-01-04 00:00:00, WEEKLY=0, TODAY=0, YDAY=0
[LF] SM476 23FEB: LASTSOLD=2026-01-17 00:00:00, WEEKLY=5, TODAY=0, YDAY=1
[LF] SM478 23FEB: LASTSOLD=2026-01-17 00:00:00, WEEKLY=4, TODAY=0, YDAY=3
[LF] SM980 23FEB: LASTSOLD=2026-01-12 00:00:00, WEEKLY=2, TODAY=0, YDAY=0
[LF] SM2478 23FEB: LASTSOLD=2026-01-02 00:00:00, WEEKLY=0, TODAY=0, YDAY=0
[LF] SM460 23FEB: LASTSOLD=2026-01-14 00:00:00, WEEKLY=3, TODAY=0, YDAY=0
2026-01-18 00:02:24 | INFO     | [SUCCESS] Day 23FEB
2026-01-18 00:02:24 | INFO     | [DAY_START] Processing 22FEB
[LF] Processing JED-CAI for 22FEB
2026-01-18 00:02:24 | INFO     | [lf.day.start] Processing JED-CAI for 22FEB
[LF] 22FEB: found 8 direct flights
2026-01-18 00:02:25 | INFO     | [lf.day.flights_found] Found 8 flights on 22FEB
2026-01-18 00:02:28 | INFO     | [lf.flight.extracted] SM424 on 22FEB: BKG=187, LF=106.9%
[LF] SM424 22FEB: BKG=187, GRP=175, CAP=175, LF%=106.9%, Brd-Off=JED-CAI, Classes: P:135, E:40, I:6, U:2, S:3, L:1
[LPC] SM424 22FEB: Found 1 outbound flights with connecting passengers
2026-01-18 00:02:33 | INFO     | [lf.flight.extracted] SM476 on 22FEB: BKG=180, LF=104.7%
[LF] SM476 22FEB: BKG=180, GRP=175, CAP=172, LF%=104.7%, Brd-Off=JED-CAI, Classes: P:175, I:4, K:1
2026-01-18 00:02:36 | INFO     | [lf.flight.extracted] SM432 on 22FEB: BKG=178, LF=101.7%
[LF] SM432 22FEB: BKG=178, GRP=175, CAP=175, LF%=101.7%, Brd-Off=JED-CAI, Classes: P:175, I:3
2026-01-18 00:02:40 | INFO     | [lf.flight.extracted] SM460 on 22FEB: BKG=144, LF=82.3%
[LF] SM460 22FEB: BKG=144, GRP=135, CAP=175, LF%=82.3%, Brd-Off=JED-CAI, Classes: P:135, I:6, U:3
2026-01-18 00:02:44 | INFO     | [lf.flight.extracted] SM2442 on 22FEB: BKG=180, LF=102.9%
[LF] SM2442 22FEB: BKG=180, GRP=180, CAP=175, LF%=102.9%, Brd-Off=JED-CAI, Classes: P:180
2026-01-18 00:02:48 | INFO     | [lf.flight.extracted] SM478 on 22FEB: BKG=163, LF=93.1%
[LF] SM478 22FEB: BKG=163, GRP=135, CAP=175, LF%=93.1%, Brd-Off=JED-CAI, Classes: P:135, I:15, U:8, V:5
2026-01-18 00:02:51 | INFO     | [lf.flight.extracted] SM976 on 22FEB: BKG=175, LF=100.0%
[LF] SM976 22FEB: BKG=175, GRP=175, CAP=175, LF%=100.0%, Brd-Off=JED-CAI, Classes: P:175
2026-01-18 00:02:55 | INFO     | [lf.flight.extracted] SM2444 on 22FEB: BKG=0, LF=0.0%
[LF] SM2444 22FEB: BKG=0, GRP=0, CAP=175, LF%=0.0%, Brd-Off=JED-CAI
[LF] Getting WEEKLY/LASTSOLD data for 7 flights
[LF] SM424 22FEB: LASTSOLD=2026-01-05 00:00:00, WEEKLY=0, TODAY=0, YDAY=0
[LF] SM476 22FEB: LASTSOLD=2026-01-05 00:00:00, WEEKLY=0, TODAY=0, YDAY=0
[LF] SM432 22FEB: LASTSOLD=2026-01-04 00:00:00, WEEKLY=0, TODAY=0, YDAY=0
[LF] SM460 22FEB: LASTSOLD=2025-12-22 00:00:00, WEEKLY=0, TODAY=0, YDAY=0
[LF] SM2442 22FEB: LASTSOLD=2026-01-14 00:00:00, WEEKLY=3, TODAY=0, YDAY=0
[LF] SM478 22FEB: LASTSOLD=2026-01-04 00:00:00, WEEKLY=0, TODAY=0, YDAY=0
[LF] SM976 22FEB: LASTSOLD=2026-01-13 00:00:00, WEEKLY=3, TODAY=0, YDAY=0
2026-01-18 00:03:07 | INFO     | [SUCCESS] Day 22FEB
2026-01-18 00:03:07 | INFO     | [DAY_START] Processing 21FEB
[LF] Processing JED-CAI for 21FEB
2026-01-18 00:03:07 | INFO     | [lf.day.start] Processing JED-CAI for 21FEB
[LF] 21FEB: found 3 direct flights
2026-01-18 00:03:09 | INFO     | [lf.day.flights_found] Found 3 flights on 21FEB
2026-01-18 00:03:11 | INFO     | [lf.flight.extracted] SM450 on 21FEB: BKG=152, LF=86.9%
[LF] SM450 21FEB: BKG=152, GRP=135, CAP=175, LF%=86.9%, Brd-Off=JED-CAI, Classes: P:135, I:14, U:1, L:1, K:1
2026-01-18 00:03:15 | INFO     | [lf.flight.extracted] SM476 on 21FEB: BKG=148, LF=86.1%
[LF] SM476 21FEB: BKG=148, GRP=135, CAP=172, LF%=86.1%, Brd-Off=JED-CAI, Classes: P:135, I:9, U:2, L:2
2026-01-18 00:03:18 | INFO     | [lf.flight.extracted] SM478 on 21FEB: BKG=164, LF=95.3%
[LF] SM478 21FEB: BKG=164, GRP=135, CAP=172, LF%=95.3%, Brd-Off=JED-CAI, Classes: P:135, I:15, U:5, X:3, W:2, V:4
[LF] Getting WEEKLY/LASTSOLD data for 3 flights
[LF] SM450 21FEB: LASTSOLD=2025-12-26 00:00:00, WEEKLY=0, TODAY=0, YDAY=0
[LF] SM476 21FEB: LASTSOLD=2026-01-05 00:00:00, WEEKLY=0, TODAY=0, YDAY=0
[LF] SM478 21FEB: LASTSOLD=2026-01-15 00:00:00, WEEKLY=4, TODAY=0, YDAY=0
2026-01-18 00:03:27 | INFO     | [SUCCESS] Day 21FEB
2026-01-18 00:03:27 | INFO     | [DAY_START] Processing 20FEB
[LF] Processing JED-CAI for 20FEB
2026-01-18 00:03:27 | INFO     | [lf.day.start] Processing JED-CAI for 20FEB
[LF] 20FEB: 1 cancelled flight(s) detected from SN
[LF] 20FEB: found 7 direct flights
2026-01-18 00:03:28 | INFO     | [lf.day.flights_found] Found 7 flights on 20FEB
2026-01-18 00:03:30 | INFO     | [lf.flight.extracted] SM424 on 20FEB: BKG=9, LF=5.1%
[LF] SM424 20FEB: BKG=9, GRP=0, CAP=175, LF%=5.1%, Brd-Off=JED-CAI, Classes: I:4, U:5
2026-01-18 00:03:34 | INFO     | [lf.flight.extracted] SM476 on 20FEB: BKG=6, LF=3.4%
[LF] SM476 20FEB: BKG=6, GRP=0, CAP=175, LF%=3.4%, Brd-Off=JED-CAI, Classes: I:6
2026-01-18 00:03:38 | INFO     | [lf.flight.extracted] SM976 on 20FEB: BKG=80, LF=47.9%
[LF] SM976 20FEB: BKG=80, GRP=80, CAP=167, LF%=47.9%, Brd-Off=JED-CAI, Classes: P:80
2026-01-18 00:03:41 | INFO     | [lf.flight.extracted] SM478 on 20FEB: BKG=20, LF=11.4%
[LF] SM478 20FEB: BKG=20, GRP=0, CAP=175, LF%=11.4%, Brd-Off=JED-CAI, Classes: I:20
2026-01-18 00:03:45 | INFO     | [lf.flight.extracted] SM480 on 20FEB: BKG=28, LF=16.7%
[LF] SM480 20FEB: BKG=28, GRP=0, CAP=168, LF%=16.7%, Brd-Off=JED-CAI, Classes: I:27, U:1
2026-01-18 00:03:49 | INFO     | [lf.flight.extracted] SM472 on 20FEB: BKG=71, LF=40.6%
[LF] SM472 20FEB: BKG=71, GRP=45, CAP=175, LF%=40.6%, Brd-Off=JED-CAI, Classes: P:45, I:19, U:7
2026-01-18 00:03:53 | INFO     | [lf.flight.extracted] SM460 on 20FEB: BKG=91, LF=52.0%
[LF] SM460 20FEB: BKG=91, GRP=45, CAP=175, LF%=52.0%, Brd-Off=JED-CAI, Classes: P:45, I:33, U:10, X:2, S:1
[LF] Getting WEEKLY/LASTSOLD data for 7 flights
[LF] SM424 20FEB: LASTSOLD=2026-01-17 00:00:00, WEEKLY=2, TODAY=0, YDAY=1
[LF] SM476 20FEB: LASTSOLD=2026-01-17 00:00:00, WEEKLY=4, TODAY=0, YDAY=1
[LF] SM976 20FEB: LASTSOLD=2025-12-10 00:00:00, WEEKLY=0, TODAY=0, YDAY=0
[LF] SM478 20FEB: LASTSOLD=2026-01-15 00:00:00, WEEKLY=7, TODAY=0, YDAY=0
[LF] SM480 20FEB: LASTSOLD=2026-01-17 00:00:00, WEEKLY=12, TODAY=0, YDAY=5
[LF] SM472 20FEB: LASTSOLD=2026-01-15 00:00:00, WEEKLY=4, TODAY=0, YDAY=0
[LF] SM460 20FEB: LASTSOLD=2026-01-17 00:00:00, WEEKLY=18, TODAY=0, YDAY=8
2026-01-18 00:04:12 | INFO     | [SUCCESS] Day 20FEB
2026-01-18 00:04:12 | INFO     | [DAY_START] Processing 19FEB
[LF] Processing JED-CAI for 19FEB
2026-01-18 00:04:12 | INFO     | [lf.day.start] Processing JED-CAI for 19FEB
[LF] 19FEB: found 7 direct flights
2026-01-18 00:04:13 | INFO     | [lf.day.flights_found] Found 7 flights on 19FEB
2026-01-18 00:04:15 | INFO     | [lf.flight.extracted] SM424 on 19FEB: BKG=11, LF=6.4%
[LF] SM424 19FEB: BKG=11, GRP=0, CAP=172, LF%=6.4%, Brd-Off=JED-CAI, Classes: I:9, U:1, L:1
2026-01-18 00:04:19 | INFO     | [lf.flight.extracted] SM472 on 19FEB: BKG=2, LF=1.1%
[LF] SM472 19FEB: BKG=2, GRP=0, CAP=175, LF%=1.1%, Brd-Off=JED-CAI, Classes: I:1, U:1
2026-01-18 00:04:23 | INFO     | [lf.flight.extracted] SM450 on 19FEB: BKG=3, LF=1.7%
[LF] SM450 19FEB: BKG=3, GRP=0, CAP=175, LF%=1.7%, Brd-Off=JED-CAI, Classes: I:1, U:2
2026-01-18 00:04:27 | INFO     | [lf.flight.extracted] SM476 on 19FEB: BKG=41, LF=23.8%
[LF] SM476 19FEB: BKG=41, GRP=40, CAP=172, LF%=23.8%, Brd-Off=JED-CAI, Classes: E:40, U:1
[LPC] SM476 19FEB: Found 1 outbound flights with connecting passengers
2026-01-18 00:04:33 | INFO     | [lf.flight.extracted] SM432 on 19FEB: BKG=0, LF=0.0%
[LF] SM432 19FEB: BKG=0, GRP=0, CAP=175, LF%=0.0%, Brd-Off=JED-CAI
2026-01-18 00:04:37 | INFO     | [lf.flight.extracted] SM478 on 19FEB: BKG=31, LF=17.7%
[LF] SM478 19FEB: BKG=31, GRP=0, CAP=175, LF%=17.7%, Brd-Off=JED-CAI, Classes: I:16, U:9, S:6
2026-01-18 00:04:41 | INFO     | [lf.flight.extracted] SM480 on 19FEB: BKG=10, LF=5.7%
[LF] SM480 19FEB: BKG=10, GRP=0, CAP=175, LF%=5.7%, Brd-Off=JED-CAI, Classes: I:9, L:1
[LF] Getting WEEKLY/LASTSOLD data for 6 flights
[LF] SM424 19FEB: LASTSOLD=2026-01-17 00:00:00, WEEKLY=10, TODAY=0, YDAY=4
[LF] SM472 19FEB: LASTSOLD=2025-12-04 00:00:00, WEEKLY=0, TODAY=0, YDAY=0
[LF] SM450 19FEB: LASTSOLD=2025-11-21 00:00:00, WEEKLY=0, TODAY=0, YDAY=0
[LF] SM476 19FEB: LASTSOLD=2025-09-21 00:00:00, WEEKLY=0, TODAY=0, YDAY=0
[LF] SM478 19FEB: LASTSOLD=2026-01-17 00:00:00, WEEKLY=11, TODAY=0, YDAY=3
[LF] SM480 19FEB: LASTSOLD=2026-01-14 00:00:00, WEEKLY=2, TODAY=0, YDAY=0
2026-01-18 00:04:53 | INFO     | [SUCCESS] Day 19FEB
[LF] Results summary:
  2026-02-26: 9 flights
  2026-02-25: 5 flights
  2026-02-24: 8 flights
  2026-02-23: 9 flights
  2026-02-22: 8 flights
  2026-02-21: 3 flights
  2026-02-20: 7 flights
  2026-02-19: 7 flights
[LF] Cancelled flights found: 2
  - SM958 24FEB (SN)
  - SM982 20FEB (SN)
2026-01-18 00:04:53 | INFO     | [SUCCESS] LF Search Complete
[Worker_9227] Cancelled flights collected: 2

============================================================
[Worker_9227] ✓ COMPLETED: JED-CAI
  Results: 8 dates
  Errors: 0 dates
  Total Processed: 45 groups
============================================================

2026-01-18 00:04:53 | INFO     | [Worker_9227] Completed: JED-CAI - 8 results, 0 errors

============================================================
[Worker_9227] Processing: TUU-ATZ
  Tier 0: Range 2, Chunk 3/3
  Dates: 8 days
  Date Range: 2026-02-18 to 2026-02-11
============================================================

2026-01-18 00:04:53 | INFO     | [Worker_9227] Processing: TUU-ATZ
2026-01-18 00:04:53 | INFO     |   Tier 0: Range 2, Chunk 3/3 (8 days)
2026-01-18 00:04:53 | INFO     | ======================================================================
2026-01-18 00:04:53 | INFO     | Load Factor Scraper Started - Route: TUU-ATZ
2026-01-18 00:04:53 | INFO     | Log file: D:\CODERED\LAB\Artifacts\outputs\run_generated_170126_at_23.33_RETRY\logs\LF_TUU-ATZ_20260118_000453.log
2026-01-18 00:04:53 | INFO     | Enhanced logging: Capturing both logging.info() and print()
2026-01-18 00:04:53 | INFO     | ======================================================================
[LF] Processing dates (override): ['18FEB', '17FEB', '16FEB', '15FEB', '14FEB', '13FEB', '12FEB', '11FEB']
[LF] Attaching to Chrome for Altea access
2026-01-18 00:04:53 | INFO     | Starting LF search for route: TUU-ATZ
2026-01-18 00:04:53 | INFO     | [START] LF Search
[LF][[OK] SUCCESS] Connected to Chrome on 127.0.0.1:9227 (after 1 attempts)
2026-01-18 00:04:54 | INFO     | [HEALTH CHECK] [OK] Chrome connection is healthy
[LF][[OK] SUCCESS] Found Amadeus Altea window: Altéa Reservation Desktop
[LF][[INFO] INFO] URL: https://tc212.resdesktop.altea.amadeus.com/app_ard/apf/init/login?SITE=ESMPESMP&LANGUAGE=GB&MARKETS=ARDW_PROD_WBP&ACTION=clpLogin
2026-01-18 00:04:54 | INFO     | [DAY_START] Processing 18FEB
[LF] Processing TUU-ATZ for 18FEB
2026-01-18 00:04:54 | INFO     | [lf.day.start] Processing TUU-ATZ for 18FEB
[LF] No direct flights on 18FEB for TUU-ATZ
2026-01-18 00:04:56 | WARNING  | [lf.day.no_flights] No direct flights on 18FEB
2026-01-18 00:04:56 | INFO     | [SUCCESS] Day 18FEB
2026-01-18 00:04:56 | INFO     | [DAY_START] Processing 17FEB
[LF] Processing TUU-ATZ for 17FEB
2026-01-18 00:04:56 | INFO     | [lf.day.start] Processing TUU-ATZ for 17FEB
[LF] No direct flights on 17FEB for TUU-ATZ
2026-01-18 00:04:57 | WARNING  | [lf.day.no_flights] No direct flights on 17FEB
2026-01-18 00:04:57 | INFO     | [SUCCESS] Day 17FEB
2026-01-18 00:04:57 | INFO     | [DAY_START] Processing 16FEB
[LF] Processing TUU-ATZ for 16FEB
2026-01-18 00:04:57 | INFO     | [lf.day.start] Processing TUU-ATZ for 16FEB
[LF] No direct flights on 16FEB for TUU-ATZ
2026-01-18 00:04:58 | WARNING  | [lf.day.no_flights] No direct flights on 16FEB
2026-01-18 00:04:58 | INFO     | [SUCCESS] Day 16FEB
2026-01-18 00:04:58 | INFO     | [DAY_START] Processing 15FEB
[LF] Processing TUU-ATZ for 15FEB
2026-01-18 00:04:58 | INFO     | [lf.day.start] Processing TUU-ATZ for 15FEB
[LF] No direct flights on 15FEB for TUU-ATZ
2026-01-18 00:05:00 | WARNING  | [lf.day.no_flights] No direct flights on 15FEB
2026-01-18 00:05:00 | INFO     | [SUCCESS] Day 15FEB
2026-01-18 00:05:00 | INFO     | [DAY_START] Processing 14FEB
[LF] Processing TUU-ATZ for 14FEB
2026-01-18 00:05:00 | INFO     | [lf.day.start] Processing TUU-ATZ for 14FEB
[LF] No direct flights on 14FEB for TUU-ATZ
2026-01-18 00:05:01 | WARNING  | [lf.day.no_flights] No direct flights on 14FEB
2026-01-18 00:05:01 | INFO     | [SUCCESS] Day 14FEB
2026-01-18 00:05:01 | INFO     | [DAY_START] Processing 13FEB
[LF] Processing TUU-ATZ for 13FEB
2026-01-18 00:05:01 | INFO     | [lf.day.start] Processing TUU-ATZ for 13FEB
[LF] 13FEB: found 1 direct flights
2026-01-18 00:05:02 | INFO     | [lf.day.flights_found] Found 1 flights on 13FEB
2026-01-18 00:05:05 | INFO     | [lf.flight.extracted] SM328 on 13FEB: BKG=33, LF=18.9%
[LF] SM328 13FEB: BKG=33, GRP=0, CAP=175, LF%=18.9%, Brd-Off=TUU-ATZ, Classes: I:5, O:5, U:5, X:5, T:6, W:1, G:6
[LF] Getting WEEKLY/LASTSOLD data for 1 flights
[LF] SM328 13FEB: LASTSOLD=2026-01-17 00:00:00, WEEKLY=30, TODAY=0, YDAY=8
2026-01-18 00:05:09 | INFO     | [SUCCESS] Day 13FEB
2026-01-18 00:05:09 | INFO     | [DAY_START] Processing 12FEB
[LF] Processing TUU-ATZ for 12FEB
2026-01-18 00:05:09 | INFO     | [lf.day.start] Processing TUU-ATZ for 12FEB
[LF] No direct flights on 12FEB for TUU-ATZ
2026-01-18 00:05:10 | WARNING  | [lf.day.no_flights] No direct flights on 12FEB
2026-01-18 00:05:10 | INFO     | [SUCCESS] Day 12FEB
2026-01-18 00:05:10 | INFO     | [DAY_START] Processing 11FEB
[LF] Processing TUU-ATZ for 11FEB
2026-01-18 00:05:10 | INFO     | [lf.day.start] Processing TUU-ATZ for 11FEB
[LF] No direct flights on 11FEB for TUU-ATZ
2026-01-18 00:05:11 | WARNING  | [lf.day.no_flights] No direct flights on 11FEB
2026-01-18 00:05:11 | INFO     | [SUCCESS] Day 11FEB
[LF] Results summary:
  2026-02-18: 0 flights
  2026-02-17: 0 flights
  2026-02-16: 0 flights
  2026-02-15: 0 flights
  2026-02-14: 0 flights
  2026-02-13: 1 flights
  2026-02-12: 0 flights
  2026-02-11: 0 flights
2026-01-18 00:05:11 | INFO     | [SUCCESS] LF Search Complete

============================================================
[Worker_9227] ✓ COMPLETED: TUU-ATZ
  Results: 8 dates
  Errors: 0 dates
  Total Processed: 46 groups
============================================================

2026-01-18 00:05:11 | INFO     | [Worker_9227] Completed: TUU-ATZ - 8 results, 0 errors

============================================================
[Worker_9227] Processing: YNB-CAI
  Tier 0: Range 2, Chunk 3/3
  Dates: 8 days
  Date Range: 2026-02-18 to 2026-02-11
============================================================

2026-01-18 00:05:11 | INFO     | [Worker_9227] Processing: YNB-CAI
2026-01-18 00:05:11 | INFO     |   Tier 0: Range 2, Chunk 3/3 (8 days)
2026-01-18 00:05:11 | INFO     | ======================================================================
2026-01-18 00:05:11 | INFO     | Load Factor Scraper Started - Route: YNB-CAI
2026-01-18 00:05:11 | INFO     | Log file: D:\CODERED\LAB\Artifacts\outputs\run_generated_170126_at_23.33_RETRY\logs\LF_YNB-CAI_20260118_000511.log
2026-01-18 00:05:11 | INFO     | Enhanced logging: Capturing both logging.info() and print()
2026-01-18 00:05:11 | INFO     | ======================================================================
[LF] Processing dates (override): ['18FEB', '17FEB', '16FEB', '15FEB', '14FEB', '13FEB', '12FEB', '11FEB']
[LF] Attaching to Chrome for Altea access
2026-01-18 00:05:11 | INFO     | Starting LF search for route: YNB-CAI
2026-01-18 00:05:11 | INFO     | [START] LF Search
[LF][[OK] SUCCESS] Connected to Chrome on 127.0.0.1:9227 (after 1 attempts)
2026-01-18 00:05:13 | INFO     | [HEALTH CHECK] [OK] Chrome connection is healthy
[LF][[OK] SUCCESS] Found Amadeus Altea window: Altéa Reservation Desktop
[LF][[INFO] INFO] URL: https://tc212.resdesktop.altea.amadeus.com/app_ard/apf/init/login?SITE=ESMPESMP&LANGUAGE=GB&MARKETS=ARDW_PROD_WBP&ACTION=clpLogin
2026-01-18 00:05:13 | INFO     | [DAY_START] Processing 18FEB
[LF] Processing YNB-CAI for 18FEB
2026-01-18 00:05:13 | INFO     | [lf.day.start] Processing YNB-CAI for 18FEB
[LF] 18FEB: found 2 direct flights
2026-01-18 00:05:14 | INFO     | [lf.day.flights_found] Found 2 flights on 18FEB
2026-01-18 00:05:16 | INFO     | [lf.flight.extracted] SM942 on 18FEB: BKG=0, LF=0.0%
[LF] SM942 18FEB: BKG=0, GRP=0, CAP=167, LF%=0.0%, Brd-Off=YNB-CAI
2026-01-18 00:05:20 | INFO     | [lf.flight.extracted] SM442 on 18FEB: BKG=7, LF=4.0%
[LF] SM442 18FEB: BKG=7, GRP=0, CAP=175, LF%=4.0%, Brd-Off=YNB-CAI, Classes: I:7
[LF] Getting WEEKLY/LASTSOLD data for 1 flights
[LF] SM442 18FEB: LASTSOLD=2026-01-17 00:00:00, WEEKLY=2, TODAY=0, YDAY=2
2026-01-18 00:05:24 | INFO     | [SUCCESS] Day 18FEB
2026-01-18 00:05:24 | INFO     | [DAY_START] Processing 17FEB
[LF] Processing YNB-CAI for 17FEB
2026-01-18 00:05:24 | INFO     | [lf.day.start] Processing YNB-CAI for 17FEB
[LF] 17FEB: 1 cancelled flight(s) detected from SN
[LF] 17FEB: found 1 direct flights
2026-01-18 00:05:25 | INFO     | [lf.day.flights_found] Found 1 flights on 17FEB
2026-01-18 00:05:27 | INFO     | [lf.flight.extracted] SM442 on 17FEB: BKG=12, LF=7.0%
[LF] SM442 17FEB: BKG=12, GRP=0, CAP=172, LF%=7.0%, Brd-Off=YNB-CAI, Classes: I:11, W:1
[LF] Getting WEEKLY/LASTSOLD data for 1 flights
[LF] SM442 17FEB: LASTSOLD=2026-01-17 00:00:00, WEEKLY=4, TODAY=0, YDAY=3
2026-01-18 00:05:30 | INFO     | [SUCCESS] Day 17FEB
2026-01-18 00:05:30 | INFO     | [DAY_START] Processing 16FEB
[LF] Processing YNB-CAI for 16FEB
2026-01-18 00:05:30 | INFO     | [lf.day.start] Processing YNB-CAI for 16FEB
[LF] 16FEB: found 1 direct flights
2026-01-18 00:05:31 | INFO     | [lf.day.flights_found] Found 1 flights on 16FEB
2026-01-18 00:05:34 | INFO     | [lf.flight.extracted] SM442 on 16FEB: BKG=10, LF=5.7%
[LF] SM442 16FEB: BKG=10, GRP=0, CAP=175, LF%=5.7%, Brd-Off=YNB-CAI, Classes: I:9, X:1
[LF] Getting WEEKLY/LASTSOLD data for 1 flights
[LF] SM442 16FEB: LASTSOLD=2026-01-10 00:00:00, WEEKLY=0, TODAY=0, YDAY=0
2026-01-18 00:05:37 | INFO     | [SUCCESS] Day 16FEB
2026-01-18 00:05:37 | INFO     | [DAY_START] Processing 15FEB
[LF] Processing YNB-CAI for 15FEB
2026-01-18 00:05:37 | INFO     | [lf.day.start] Processing YNB-CAI for 15FEB
[LF] 15FEB: found 1 direct flights
2026-01-18 00:05:38 | INFO     | [lf.day.flights_found] Found 1 flights on 15FEB
2026-01-18 00:05:40 | INFO     | [lf.flight.extracted] SM442 on 15FEB: BKG=16, LF=9.1%
[LF] SM442 15FEB: BKG=16, GRP=0, CAP=175, LF%=9.1%, Brd-Off=YNB-CAI, Classes: I:16
[LF] Getting WEEKLY/LASTSOLD data for 1 flights
[LF] SM442 15FEB: LASTSOLD=2026-01-17 00:00:00, WEEKLY=2, TODAY=0, YDAY=1
2026-01-18 00:05:43 | INFO     | [SUCCESS] Day 15FEB
2026-01-18 00:05:43 | INFO     | [DAY_START] Processing 14FEB
[LF] Processing YNB-CAI for 14FEB
2026-01-18 00:05:43 | INFO     | [lf.day.start] Processing YNB-CAI for 14FEB
[LF] 14FEB: found 1 direct flights
2026-01-18 00:05:44 | INFO     | [lf.day.flights_found] Found 1 flights on 14FEB
2026-01-18 00:05:47 | INFO     | [lf.flight.extracted] SM442 on 14FEB: BKG=16, LF=9.1%
[LF] SM442 14FEB: BKG=16, GRP=0, CAP=175, LF%=9.1%, Brd-Off=YNB-CAI, Classes: I:16
[LF] Getting WEEKLY/LASTSOLD data for 1 flights
[LF] SM442 14FEB: LASTSOLD=2026-01-12 00:00:00, WEEKLY=1, TODAY=0, YDAY=0
2026-01-18 00:05:50 | INFO     | [SUCCESS] Day 14FEB
2026-01-18 00:05:50 | INFO     | [DAY_START] Processing 13FEB
[LF] Processing YNB-CAI for 13FEB
2026-01-18 00:05:50 | INFO     | [lf.day.start] Processing YNB-CAI for 13FEB
[LF] 13FEB: found 1 direct flights
2026-01-18 00:05:51 | INFO     | [lf.day.flights_found] Found 1 flights on 13FEB
2026-01-18 00:05:54 | INFO     | [lf.flight.extracted] SM442 on 13FEB: BKG=17, LF=9.7%
[LF] SM442 13FEB: BKG=17, GRP=0, CAP=175, LF%=9.7%, Brd-Off=YNB-CAI, Classes: I:15, W:1, S:1
[LF] Getting WEEKLY/LASTSOLD data for 1 flights
[LF] SM442 13FEB: LASTSOLD=2026-01-16 00:00:00, WEEKLY=2, TODAY=0, YDAY=0
2026-01-18 00:05:57 | INFO     | [SUCCESS] Day 13FEB
2026-01-18 00:05:57 | INFO     | [DAY_START] Processing 12FEB
[LF] Processing YNB-CAI for 12FEB
2026-01-18 00:05:57 | INFO     | [lf.day.start] Processing YNB-CAI for 12FEB
[LF] 12FEB: found 1 direct flights
2026-01-18 00:05:58 | INFO     | [lf.day.flights_found] Found 1 flights on 12FEB
2026-01-18 00:06:01 | INFO     | [lf.flight.extracted] SM442 on 12FEB: BKG=126, LF=72.0%
[LF] SM442 12FEB: BKG=126, GRP=90, CAP=175, LF%=72.0%, Brd-Off=YNB-CAI, Classes: P:90, I:17, O:12, X:1, S:6
[LF] Getting WEEKLY/LASTSOLD data for 1 flights
[LF] SM442 12FEB: LASTSOLD=2026-01-16 00:00:00, WEEKLY=6, TODAY=0, YDAY=0
2026-01-18 00:06:05 | INFO     | [SUCCESS] Day 12FEB
2026-01-18 00:06:05 | INFO     | [DAY_START] Processing 11FEB
[LF] Processing YNB-CAI for 11FEB
2026-01-18 00:06:05 | INFO     | [lf.day.start] Processing YNB-CAI for 11FEB
[LF] 11FEB: found 1 direct flights
2026-01-18 00:06:06 | INFO     | [lf.day.flights_found] Found 1 flights on 11FEB
2026-01-18 00:06:08 | INFO     | [lf.flight.extracted] SM442 on 11FEB: BKG=150, LF=85.7%
[LF] SM442 11FEB: BKG=150, GRP=135, CAP=175, LF%=85.7%, Brd-Off=YNB-CAI, Classes: P:135, I:8, W:7
[LF] Getting WEEKLY/LASTSOLD data for 1 flights
[LF] SM442 11FEB: LASTSOLD=2026-01-17 00:00:00, WEEKLY=2, TODAY=0, YDAY=1
2026-01-18 00:06:12 | INFO     | [SUCCESS] Day 11FEB
[LF] Results summary:
  2026-02-18: 2 flights
  2026-02-17: 1 flights
  2026-02-16: 1 flights
  2026-02-15: 1 flights
  2026-02-14: 1 flights
  2026-02-13: 1 flights
  2026-02-12: 1 flights
  2026-02-11: 1 flights
[LF] Cancelled flights found: 1
  - SM942 17FEB (SN)
2026-01-18 00:06:12 | INFO     | [SUCCESS] LF Search Complete
[Worker_9227] Cancelled flights collected: 1

============================================================
[Worker_9227] ✓ COMPLETED: YNB-CAI
  Results: 8 dates
  Errors: 0 dates
  Total Processed: 47 groups
============================================================

2026-01-18 00:06:12 | INFO     | [Worker_9227] Completed: YNB-CAI - 8 results, 0 errors

============================================================
[Worker_9227] Processing: ATZ-MED
  Tier 0: Range 2, Chunk 3/3
  Dates: 8 days
  Date Range: 2026-02-18 to 2026-02-11
============================================================

2026-01-18 00:06:12 | INFO     | [Worker_9227] Processing: ATZ-MED
2026-01-18 00:06:12 | INFO     |   Tier 0: Range 2, Chunk 3/3 (8 days)
2026-01-18 00:06:12 | INFO     | ======================================================================
2026-01-18 00:06:12 | INFO     | Load Factor Scraper Started - Route: ATZ-MED
2026-01-18 00:06:12 | INFO     | Log file: D:\CODERED\LAB\Artifacts\outputs\run_generated_170126_at_23.33_RETRY\logs\LF_ATZ-MED_20260118_000612.log
2026-01-18 00:06:12 | INFO     | Enhanced logging: Capturing both logging.info() and print()
2026-01-18 00:06:12 | INFO     | ======================================================================
[LF] Processing dates (override): ['18FEB', '17FEB', '16FEB', '15FEB', '14FEB', '13FEB', '12FEB', '11FEB']
[LF] Attaching to Chrome for Altea access
2026-01-18 00:06:12 | INFO     | Starting LF search for route: ATZ-MED
2026-01-18 00:06:12 | INFO     | [START] LF Search
[LF][[OK] SUCCESS] Connected to Chrome on 127.0.0.1:9227 (after 1 attempts)
2026-01-18 00:06:13 | INFO     | [HEALTH CHECK] [OK] Chrome connection is healthy
[LF][[OK] SUCCESS] Found Amadeus Altea window: Altéa Reservation Desktop
[LF][[INFO] INFO] URL: https://tc212.resdesktop.altea.amadeus.com/app_ard/apf/init/login?SITE=ESMPESMP&LANGUAGE=GB&MARKETS=ARDW_PROD_WBP&ACTION=clpLogin
2026-01-18 00:06:13 | INFO     | [DAY_START] Processing 18FEB
[LF] Processing ATZ-MED for 18FEB
2026-01-18 00:06:13 | INFO     | [lf.day.start] Processing ATZ-MED for 18FEB
[LF] 18FEB: found 1 direct flights
2026-01-18 00:06:15 | INFO     | [lf.day.flights_found] Found 1 flights on 18FEB
2026-01-18 00:06:17 | INFO     | [lf.flight.extracted] SM489 on 18FEB: BKG=225, LF=125.7%
[LF] SM489 18FEB: BKG=225, GRP=225, CAP=179, LF%=125.7%, Brd-Off=ATZ-MED, Classes: P:225
[LF] Getting WEEKLY/LASTSOLD data for 1 flights
[LF] SM489 18FEB: LASTSOLD=2026-01-09 00:00:00, WEEKLY=0, TODAY=0, YDAY=0
2026-01-18 00:06:21 | INFO     | [SUCCESS] Day 18FEB
2026-01-18 00:06:21 | INFO     | [DAY_START] Processing 17FEB
[LF] Processing ATZ-MED for 17FEB
2026-01-18 00:06:21 | INFO     | [lf.day.start] Processing ATZ-MED for 17FEB
[LF] 17FEB: found 1 direct flights
2026-01-18 00:06:22 | INFO     | [lf.day.flights_found] Found 1 flights on 17FEB
2026-01-18 00:06:24 | INFO     | [lf.flight.extracted] SM487 on 17FEB: BKG=91, LF=50.8%
[LF] SM487 17FEB: BKG=91, GRP=90, CAP=179, LF%=50.8%, Brd-Off=ATZ-MED, Classes: P:90, X:1
[LF] Getting WEEKLY/LASTSOLD data for 1 flights
[LF] SM487 17FEB: LASTSOLD=2026-01-13 00:00:00, WEEKLY=1, TODAY=0, YDAY=0
2026-01-18 00:06:28 | INFO     | [SUCCESS] Day 17FEB
2026-01-18 00:06:28 | INFO     | [DAY_START] Processing 16FEB
[LF] Processing ATZ-MED for 16FEB
2026-01-18 00:06:28 | INFO     | [lf.day.start] Processing ATZ-MED for 16FEB
[LF] 16FEB: found 1 direct flights
2026-01-18 00:06:29 | INFO     | [lf.day.flights_found] Found 1 flights on 16FEB
2026-01-18 00:06:31 | INFO     | [lf.flight.extracted] SM487 on 16FEB: BKG=177, LF=98.9%
[LF] SM487 16FEB: BKG=177, GRP=175, CAP=179, LF%=98.9%, Brd-Off=ATZ-MED, Classes: P:175, V:2
[LF] Getting WEEKLY/LASTSOLD data for 1 flights
[LF] SM487 16FEB: LASTSOLD=2026-01-14 00:00:00, WEEKLY=2, TODAY=0, YDAY=0
2026-01-18 00:06:34 | INFO     | [SUCCESS] Day 16FEB
2026-01-18 00:06:34 | INFO     | [DAY_START] Processing 15FEB
[LF] Processing ATZ-MED for 15FEB
2026-01-18 00:06:34 | INFO     | [lf.day.start] Processing ATZ-MED for 15FEB
[LF] 15FEB: found 1 direct flights
2026-01-18 00:06:35 | INFO     | [lf.day.flights_found] Found 1 flights on 15FEB
2026-01-18 00:06:38 | INFO     | [lf.flight.extracted] SM963 on 15FEB: BKG=180, LF=100.6%
[LF] SM963 15FEB: BKG=180, GRP=180, CAP=179, LF%=100.6%, Brd-Off=ATZ-MED, Classes: P:180
[LF] Getting WEEKLY/LASTSOLD data for 1 flights
[LF] SM963 15FEB: LASTSOLD=2026-01-11 00:00:00, WEEKLY=2, TODAY=0, YDAY=0
2026-01-18 00:06:41 | INFO     | [SUCCESS] Day 15FEB
2026-01-18 00:06:41 | INFO     | [DAY_START] Processing 14FEB
[LF] Processing ATZ-MED for 14FEB
2026-01-18 00:06:41 | INFO     | [lf.day.start] Processing ATZ-MED for 14FEB
[LF] 14FEB: found 1 direct flights
2026-01-18 00:06:42 | INFO     | [lf.day.flights_found] Found 1 flights on 14FEB
2026-01-18 00:06:45 | INFO     | [lf.flight.extracted] SM487 on 14FEB: BKG=145, LF=81.0%
[LF] SM487 14FEB: BKG=145, GRP=135, CAP=179, LF%=81.0%, Brd-Off=ATZ-MED, Classes: P:135, V:4, K:6
[LPC] SM487 14FEB: Found 0 outbound flights with connecting passengers
[LF] Getting WEEKLY/LASTSOLD data for 1 flights
[LF] SM487 14FEB: LASTSOLD=2026-01-06 00:00:00, WEEKLY=0, TODAY=0, YDAY=0
2026-01-18 00:06:49 | INFO     | [SUCCESS] Day 14FEB
2026-01-18 00:06:49 | INFO     | [DAY_START] Processing 13FEB
[LF] Processing ATZ-MED for 13FEB
2026-01-18 00:06:49 | INFO     | [lf.day.start] Processing ATZ-MED for 13FEB
[LF] 13FEB: found 1 direct flights
2026-01-18 00:06:51 | INFO     | [lf.day.flights_found] Found 1 flights on 13FEB
2026-01-18 00:06:53 | INFO     | [lf.flight.extracted] SM963 on 13FEB: BKG=180, LF=100.6%
[LF] SM963 13FEB: BKG=180, GRP=180, CAP=179, LF%=100.6%, Brd-Off=ATZ-MED, Classes: P:180
[LF] Getting WEEKLY/LASTSOLD data for 1 flights
[LF] SM963 13FEB: LASTSOLD=2026-01-03 00:00:00, WEEKLY=0, TODAY=0, YDAY=0
2026-01-18 00:06:57 | INFO     | [SUCCESS] Day 13FEB
2026-01-18 00:06:57 | INFO     | [DAY_START] Processing 12FEB
[LF] Processing ATZ-MED for 12FEB
2026-01-18 00:06:57 | INFO     | [lf.day.start] Processing ATZ-MED for 12FEB
[LF] No direct flights on 12FEB for ATZ-MED
2026-01-18 00:06:58 | WARNING  | [lf.day.no_flights] No direct flights on 12FEB
2026-01-18 00:06:59 | INFO     | [SUCCESS] Day 12FEB
2026-01-18 00:06:59 | INFO     | [DAY_START] Processing 11FEB
[LF] Processing ATZ-MED for 11FEB
2026-01-18 00:06:59 | INFO     | [lf.day.start] Processing ATZ-MED for 11FEB
[LF] 11FEB: found 1 direct flights
2026-01-18 00:07:00 | INFO     | [lf.day.flights_found] Found 1 flights on 11FEB
2026-01-18 00:07:02 | INFO     | [lf.flight.extracted] SM489 on 11FEB: BKG=180, LF=100.6%
[LF] SM489 11FEB: BKG=180, GRP=180, CAP=179, LF%=100.6%, Brd-Off=ATZ-MED, Classes: P:180
[LF] Getting WEEKLY/LASTSOLD data for 1 flights
[LF] SM489 11FEB: LASTSOLD=2026-01-09 00:00:00, WEEKLY=0, TODAY=0, YDAY=0
2026-01-18 00:07:06 | INFO     | [SUCCESS] Day 11FEB
[LF] Results summary:
  2026-02-18: 1 flights
  2026-02-17: 1 flights
  2026-02-16: 1 flights
  2026-02-15: 1 flights
  2026-02-14: 1 flights
  2026-02-13: 1 flights
  2026-02-12: 0 flights
  2026-02-11: 1 flights
2026-01-18 00:07:06 | INFO     | [SUCCESS] LF Search Complete

============================================================
[Worker_9227] ✓ COMPLETED: ATZ-MED
  Results: 8 dates
  Errors: 0 dates
  Total Processed: 48 groups
============================================================

2026-01-18 00:07:10 | INFO     | [Worker_9227] Completed: ATZ-MED - 8 results, 0 errors

============================================================
[Worker_9227] Processing: CAI-DMM
  Tier 0: Range 2, Chunk 3/3
  Dates: 8 days
  Date Range: 2026-02-18 to 2026-02-11
============================================================

2026-01-18 00:07:10 | INFO     | [Worker_9227] Processing: CAI-DMM
2026-01-18 00:07:10 | INFO     |   Tier 0: Range 2, Chunk 3/3 (8 days)
2026-01-18 00:07:10 | INFO     | ======================================================================
2026-01-18 00:07:10 | INFO     | Load Factor Scraper Started - Route: CAI-DMM
2026-01-18 00:07:10 | INFO     | Log file: D:\CODERED\LAB\Artifacts\outputs\run_generated_170126_at_23.33_RETRY\logs\LF_CAI-DMM_20260118_000710.log
2026-01-18 00:07:10 | INFO     | Enhanced logging: Capturing both logging.info() and print()
2026-01-18 00:07:10 | INFO     | ======================================================================
[LF] Processing dates (override): ['18FEB', '17FEB', '16FEB', '15FEB', '14FEB', '13FEB', '12FEB', '11FEB']
[LF] Attaching to Chrome for Altea access
2026-01-18 00:07:10 | INFO     | Starting LF search for route: CAI-DMM
2026-01-18 00:07:10 | INFO     | [START] LF Search
[LF][[OK] SUCCESS] Connected to Chrome on 127.0.0.1:9227 (after 1 attempts)
2026-01-18 00:07:12 | INFO     | [HEALTH CHECK] [OK] Chrome connection is healthy
[LF][[OK] SUCCESS] Found Amadeus Altea window: Altéa Reservation Desktop
[LF][[INFO] INFO] URL: https://tc212.resdesktop.altea.amadeus.com/app_ard/apf/init/login?SITE=ESMPESMP&LANGUAGE=GB&MARKETS=ARDW_PROD_WBP&ACTION=clpLogin
2026-01-18 00:07:12 | INFO     | [DAY_START] Processing 18FEB
[LF] Processing CAI-DMM for 18FEB
2026-01-18 00:07:12 | INFO     | [lf.day.start] Processing CAI-DMM for 18FEB
[LF] No direct flights on 18FEB for CAI-DMM
2026-01-18 00:07:13 | WARNING  | [lf.day.no_flights] No direct flights on 18FEB
2026-01-18 00:07:13 | INFO     | [SUCCESS] Day 18FEB
2026-01-18 00:07:13 | INFO     | [DAY_START] Processing 17FEB
[LF] Processing CAI-DMM for 17FEB
2026-01-18 00:07:13 | INFO     | [lf.day.start] Processing CAI-DMM for 17FEB
[LF] 17FEB: found 1 direct flights
2026-01-18 00:07:14 | INFO     | [lf.day.flights_found] Found 1 flights on 17FEB
2026-01-18 00:07:17 | INFO     | [lf.flight.extracted] SM433 on 17FEB: BKG=4, LF=2.2%
[LF] SM433 17FEB: BKG=4, GRP=0, CAP=179, LF%=2.2%, Brd-Off=CAI-DMM, Classes: I:3, G:1
[LF] Getting WEEKLY/LASTSOLD data for 1 flights
[LF] SM433 17FEB: LASTSOLD=2026-01-16 00:00:00, WEEKLY=2, TODAY=0, YDAY=0
2026-01-18 00:07:20 | INFO     | [SUCCESS] Day 17FEB
2026-01-18 00:07:20 | INFO     | [DAY_START] Processing 16FEB
[LF] Processing CAI-DMM for 16FEB
2026-01-18 00:07:20 | INFO     | [lf.day.start] Processing CAI-DMM for 16FEB
[LF] No direct flights on 16FEB for CAI-DMM
2026-01-18 00:07:21 | WARNING  | [lf.day.no_flights] No direct flights on 16FEB
2026-01-18 00:07:21 | INFO     | [SUCCESS] Day 16FEB
2026-01-18 00:07:21 | INFO     | [DAY_START] Processing 15FEB
[LF] Processing CAI-DMM for 15FEB
2026-01-18 00:07:21 | INFO     | [lf.day.start] Processing CAI-DMM for 15FEB
[LF] No direct flights on 15FEB for CAI-DMM
2026-01-18 00:07:23 | WARNING  | [lf.day.no_flights] No direct flights on 15FEB
2026-01-18 00:07:23 | INFO     | [SUCCESS] Day 15FEB
2026-01-18 00:07:23 | INFO     | [DAY_START] Processing 14FEB
[LF] Processing CAI-DMM for 14FEB
2026-01-18 00:07:23 | INFO     | [lf.day.start] Processing CAI-DMM for 14FEB
[LF] 14FEB: found 1 direct flights
2026-01-18 00:07:24 | INFO     | [lf.day.flights_found] Found 1 flights on 14FEB
2026-01-18 00:07:27 | INFO     | [lf.flight.extracted] SM433 on 14FEB: BKG=23, LF=12.8%
[LF] SM433 14FEB: BKG=23, GRP=0, CAP=179, LF%=12.8%, Brd-Off=CAI-DMM, Classes: I:10, O:9, U:3, W:1
[LF] Getting WEEKLY/LASTSOLD data for 1 flights
[LF] SM433 14FEB: LASTSOLD=2026-01-14 00:00:00, WEEKLY=6, TODAY=0, YDAY=0
2026-01-18 00:07:31 | INFO     | [SUCCESS] Day 14FEB
2026-01-18 00:07:31 | INFO     | [DAY_START] Processing 13FEB
[LF] Processing CAI-DMM for 13FEB
2026-01-18 00:07:31 | INFO     | [lf.day.start] Processing CAI-DMM for 13FEB
[LF] 13FEB: found 1 direct flights
2026-01-18 00:07:32 | INFO     | [lf.day.flights_found] Found 1 flights on 13FEB
2026-01-18 00:07:35 | INFO     | [lf.flight.extracted] SM433 on 13FEB: BKG=13, LF=7.3%
[LF] SM433 13FEB: BKG=13, GRP=0, CAP=179, LF%=7.3%, Brd-Off=CAI-DMM, Classes: I:8, O:2, W:1, G:2
[LF] Getting WEEKLY/LASTSOLD data for 1 flights
[LF] SM433 13FEB: LASTSOLD=2026-01-15 00:00:00, WEEKLY=2, TODAY=0, YDAY=0
2026-01-18 00:07:38 | INFO     | [SUCCESS] Day 13FEB
2026-01-18 00:07:38 | INFO     | [DAY_START] Processing 12FEB
[LF] Processing CAI-DMM for 12FEB
2026-01-18 00:07:38 | INFO     | [lf.day.start] Processing CAI-DMM for 12FEB
[LF] 12FEB: found 1 direct flights
2026-01-18 00:07:39 | INFO     | [lf.day.flights_found] Found 1 flights on 12FEB
2026-01-18 00:07:42 | INFO     | [lf.flight.extracted] SM433 on 12FEB: BKG=14, LF=7.8%
[LF] SM433 12FEB: BKG=14, GRP=0, CAP=179, LF%=7.8%, Brd-Off=CAI-DMM, Classes: I:9, O:3, U:1, S:1
[LF] Getting WEEKLY/LASTSOLD data for 1 flights
[LF] SM433 12FEB: LASTSOLD=2026-01-15 00:00:00, WEEKLY=9, TODAY=0, YDAY=0
2026-01-18 00:07:45 | INFO     | [SUCCESS] Day 12FEB
2026-01-18 00:07:45 | INFO     | [DAY_START] Processing 11FEB
[LF] Processing CAI-DMM for 11FEB
2026-01-18 00:07:45 | INFO     | [lf.day.start] Processing CAI-DMM for 11FEB
[LF] No direct flights on 11FEB for CAI-DMM
2026-01-18 00:07:46 | WARNING  | [lf.day.no_flights] No direct flights on 11FEB
2026-01-18 00:07:46 | INFO     | [SUCCESS] Day 11FEB
[LF] Results summary:
  2026-02-18: 0 flights
  2026-02-17: 1 flights
  2026-02-16: 0 flights
  2026-02-15: 0 flights
  2026-02-14: 1 flights
  2026-02-13: 1 flights
  2026-02-12: 1 flights
  2026-02-11: 0 flights
2026-01-18 00:07:46 | INFO     | [SUCCESS] LF Search Complete

============================================================
[Worker_9227] ✓ COMPLETED: CAI-DMM
  Results: 8 dates
  Errors: 0 dates
  Total Processed: 49 groups
============================================================

2026-01-18 00:07:46 | INFO     | [Worker_9227] Completed: CAI-DMM - 8 results, 0 errors

============================================================
[Worker_9227] Processing: CAI-AJF
  Tier 0: Range 2, Chunk 3/3
  Dates: 8 days
  Date Range: 2026-02-18 to 2026-02-11
============================================================

2026-01-18 00:07:46 | INFO     | [Worker_9227] Processing: CAI-AJF
2026-01-18 00:07:46 | INFO     |   Tier 0: Range 2, Chunk 3/3 (8 days)
2026-01-18 00:07:46 | INFO     | ======================================================================
2026-01-18 00:07:46 | INFO     | Load Factor Scraper Started - Route: CAI-AJF
2026-01-18 00:07:46 | INFO     | Log file: D:\CODERED\LAB\Artifacts\outputs\run_generated_170126_at_23.33_RETRY\logs\LF_CAI-AJF_20260118_000746.log
2026-01-18 00:07:46 | INFO     | Enhanced logging: Capturing both logging.info() and print()
2026-01-18 00:07:46 | INFO     | ======================================================================
[LF] Processing dates (override): ['18FEB', '17FEB', '16FEB', '15FEB', '14FEB', '13FEB', '12FEB', '11FEB']
[LF] Attaching to Chrome for Altea access
2026-01-18 00:07:46 | INFO     | Starting LF search for route: CAI-AJF
2026-01-18 00:07:46 | INFO     | [START] LF Search
[LF][[OK] SUCCESS] Connected to Chrome on 127.0.0.1:9227 (after 1 attempts)
2026-01-18 00:07:47 | INFO     | [HEALTH CHECK] [OK] Chrome connection is healthy
[LF][[OK] SUCCESS] Found Amadeus Altea window: Altéa Reservation Desktop
[LF][[INFO] INFO] URL: https://tc212.resdesktop.altea.amadeus.com/app_ard/apf/init/login?SITE=ESMPESMP&LANGUAGE=GB&MARKETS=ARDW_PROD_WBP&ACTION=clpLogin
2026-01-18 00:07:47 | INFO     | [DAY_START] Processing 18FEB
[LF] Processing CAI-AJF for 18FEB
2026-01-18 00:07:47 | INFO     | [lf.day.start] Processing CAI-AJF for 18FEB
[LF] No direct flights on 18FEB for CAI-AJF
2026-01-18 00:07:49 | WARNING  | [lf.day.no_flights] No direct flights on 18FEB
2026-01-18 00:07:49 | INFO     | [SUCCESS] Day 18FEB
2026-01-18 00:07:49 | INFO     | [DAY_START] Processing 17FEB
[LF] Processing CAI-AJF for 17FEB
2026-01-18 00:07:49 | INFO     | [lf.day.start] Processing CAI-AJF for 17FEB
[LF] 17FEB: found 1 direct flights
2026-01-18 00:07:51 | INFO     | [lf.day.flights_found] Found 1 flights on 17FEB
2026-01-18 00:07:53 | INFO     | [lf.flight.extracted] SM321 on 17FEB: BKG=4, LF=2.2%
[LF] SM321 17FEB: BKG=4, GRP=0, CAP=179, LF%=2.2%, Brd-Off=CAI-AJF, Classes: U:2, G:2
[LF] Getting WEEKLY/LASTSOLD data for 1 flights
[LF] SM321 17FEB: LASTSOLD=2026-01-13 00:00:00, WEEKLY=2, TODAY=0, YDAY=0
2026-01-18 00:07:57 | INFO     | [SUCCESS] Day 17FEB
2026-01-18 00:07:57 | INFO     | [DAY_START] Processing 16FEB
[LF] Processing CAI-AJF for 16FEB
2026-01-18 00:07:57 | INFO     | [lf.day.start] Processing CAI-AJF for 16FEB
[LF] No direct flights on 16FEB for CAI-AJF
2026-01-18 00:07:58 | WARNING  | [lf.day.no_flights] No direct flights on 16FEB
2026-01-18 00:07:58 | INFO     | [SUCCESS] Day 16FEB
2026-01-18 00:07:58 | INFO     | [DAY_START] Processing 15FEB
[LF] Processing CAI-AJF for 15FEB
2026-01-18 00:07:58 | INFO     | [lf.day.start] Processing CAI-AJF for 15FEB
[LF] No direct flights on 15FEB for CAI-AJF
2026-01-18 00:08:00 | WARNING  | [lf.day.no_flights] No direct flights on 15FEB
2026-01-18 00:08:00 | INFO     | [SUCCESS] Day 15FEB
2026-01-18 00:08:00 | INFO     | [DAY_START] Processing 14FEB
[LF] Processing CAI-AJF for 14FEB
2026-01-18 00:08:00 | INFO     | [lf.day.start] Processing CAI-AJF for 14FEB
[LF] 14FEB: found 1 direct flights
2026-01-18 00:08:01 | INFO     | [lf.day.flights_found] Found 1 flights on 14FEB
2026-01-18 00:08:04 | INFO     | [lf.flight.extracted] SM321 on 14FEB: BKG=5, LF=2.8%
[LF] SM321 14FEB: BKG=5, GRP=0, CAP=176, LF%=2.8%, Brd-Off=CAI-AJF, Classes: U:4, G:1
[LF] Getting WEEKLY/LASTSOLD data for 1 flights
[LF] SM321 14FEB: LASTSOLD=2026-01-17 00:00:00, WEEKLY=3, TODAY=0, YDAY=2
2026-01-18 00:08:07 | INFO     | [SUCCESS] Day 14FEB
2026-01-18 00:08:07 | INFO     | [DAY_START] Processing 13FEB
[LF] Processing CAI-AJF for 13FEB
2026-01-18 00:08:07 | INFO     | [lf.day.start] Processing CAI-AJF for 13FEB
[LF] No direct flights on 13FEB for CAI-AJF
2026-01-18 00:08:08 | WARNING  | [lf.day.no_flights] No direct flights on 13FEB
2026-01-18 00:08:08 | INFO     | [SUCCESS] Day 13FEB
2026-01-18 00:08:08 | INFO     | [DAY_START] Processing 12FEB
[LF] Processing CAI-AJF for 12FEB
2026-01-18 00:08:08 | INFO     | [lf.day.start] Processing CAI-AJF for 12FEB
[LF] 12FEB: found 1 direct flights
2026-01-18 00:08:10 | INFO     | [lf.day.flights_found] Found 1 flights on 12FEB
2026-01-18 00:08:12 | INFO     | [lf.flight.extracted] SM321 on 12FEB: BKG=9, LF=5.0%
[LF] SM321 12FEB: BKG=9, GRP=0, CAP=179, LF%=5.0%, Brd-Off=CAI-AJF, Classes: U:6, G:3
[LF] Getting WEEKLY/LASTSOLD data for 1 flights
[LF] SM321 12FEB: LASTSOLD=2026-01-17 00:00:00, WEEKLY=2, TODAY=0, YDAY=1
2026-01-18 00:08:16 | INFO     | [SUCCESS] Day 12FEB
2026-01-18 00:08:16 | INFO     | [DAY_START] Processing 11FEB
[LF] Processing CAI-AJF for 11FEB
2026-01-18 00:08:16 | INFO     | [lf.day.start] Processing CAI-AJF for 11FEB
[LF] No direct flights on 11FEB for CAI-AJF
2026-01-18 00:08:17 | WARNING  | [lf.day.no_flights] No direct flights on 11FEB
2026-01-18 00:08:17 | INFO     | [SUCCESS] Day 11FEB
[LF] Results summary:
  2026-02-18: 0 flights
  2026-02-17: 1 flights
  2026-02-16: 0 flights
  2026-02-15: 0 flights
  2026-02-14: 1 flights
  2026-02-13: 0 flights
  2026-02-12: 1 flights
  2026-02-11: 0 flights
2026-01-18 00:08:17 | INFO     | [SUCCESS] LF Search Complete

============================================================
[Worker_9227] ✓ COMPLETED: CAI-AJF
  Results: 8 dates
  Errors: 0 dates
  Total Processed: 50 groups
============================================================

2026-01-18 00:08:17 | INFO     | [Worker_9227] Completed: CAI-AJF - 8 results, 0 errors

============================================================
[Worker_9227] Processing: ATZ-ELQ
  Tier 0: Range 2, Chunk 3/3
  Dates: 8 days
  Date Range: 2026-02-18 to 2026-02-11
============================================================

2026-01-18 00:08:17 | INFO     | [Worker_9227] Processing: ATZ-ELQ
2026-01-18 00:08:17 | INFO     |   Tier 0: Range 2, Chunk 3/3 (8 days)
2026-01-18 00:08:17 | INFO     | ======================================================================
2026-01-18 00:08:17 | INFO     | Load Factor Scraper Started - Route: ATZ-ELQ
2026-01-18 00:08:17 | INFO     | Log file: D:\CODERED\LAB\Artifacts\outputs\run_generated_170126_at_23.33_RETRY\logs\LF_ATZ-ELQ_20260118_000817.log
2026-01-18 00:08:17 | INFO     | Enhanced logging: Capturing both logging.info() and print()
2026-01-18 00:08:17 | INFO     | ======================================================================
[LF] Processing dates (override): ['18FEB', '17FEB', '16FEB', '15FEB', '14FEB', '13FEB', '12FEB', '11FEB']
[LF] Attaching to Chrome for Altea access
2026-01-18 00:08:17 | INFO     | Starting LF search for route: ATZ-ELQ
2026-01-18 00:08:17 | INFO     | [START] LF Search
[LF][[OK] SUCCESS] Connected to Chrome on 127.0.0.1:9227 (after 1 attempts)
2026-01-18 00:08:19 | INFO     | [HEALTH CHECK] [OK] Chrome connection is healthy
[LF][[OK] SUCCESS] Found Amadeus Altea window: Altéa Reservation Desktop
[LF][[INFO] INFO] URL: https://tc212.resdesktop.altea.amadeus.com/app_ard/apf/init/login?SITE=ESMPESMP&LANGUAGE=GB&MARKETS=ARDW_PROD_WBP&ACTION=clpLogin
2026-01-18 00:08:19 | INFO     | [DAY_START] Processing 18FEB
[LF] Processing ATZ-ELQ for 18FEB
2026-01-18 00:08:19 | INFO     | [lf.day.start] Processing ATZ-ELQ for 18FEB
[LF] No direct flights on 18FEB for ATZ-ELQ
2026-01-18 00:08:21 | WARNING  | [lf.day.no_flights] No direct flights on 18FEB
2026-01-18 00:08:21 | INFO     | [SUCCESS] Day 18FEB
2026-01-18 00:08:21 | INFO     | [DAY_START] Processing 17FEB
[LF] Processing ATZ-ELQ for 17FEB
2026-01-18 00:08:21 | INFO     | [lf.day.start] Processing ATZ-ELQ for 17FEB
[LF] 17FEB: found 1 direct flights
2026-01-18 00:08:23 | INFO     | [lf.day.flights_found] Found 1 flights on 17FEB
2026-01-18 00:08:25 | INFO     | [lf.flight.extracted] SM435 on 17FEB: BKG=93, LF=52.0%
[LF] SM435 17FEB: BKG=93, GRP=90, CAP=179, LF%=52.0%, Brd-Off=ATZ-ELQ, Classes: P:90, I:2, X:1
[LF] Getting WEEKLY/LASTSOLD data for 1 flights
[LF] SM435 17FEB: LASTSOLD=2026-01-14 00:00:00, WEEKLY=3, TODAY=0, YDAY=0
2026-01-18 00:08:29 | INFO     | [SUCCESS] Day 17FEB
2026-01-18 00:08:29 | INFO     | [DAY_START] Processing 16FEB
[LF] Processing ATZ-ELQ for 16FEB
2026-01-18 00:08:29 | INFO     | [lf.day.start] Processing ATZ-ELQ for 16FEB
[LF] No direct flights on 16FEB for ATZ-ELQ
2026-01-18 00:08:30 | WARNING  | [lf.day.no_flights] No direct flights on 16FEB
2026-01-18 00:08:31 | INFO     | [SUCCESS] Day 16FEB
2026-01-18 00:08:31 | INFO     | [DAY_START] Processing 15FEB
[LF] Processing ATZ-ELQ for 15FEB
2026-01-18 00:08:31 | INFO     | [lf.day.start] Processing ATZ-ELQ for 15FEB
[LF] No direct flights on 15FEB for ATZ-ELQ
2026-01-18 00:08:32 | WARNING  | [lf.day.no_flights] No direct flights on 15FEB
2026-01-18 00:08:32 | INFO     | [SUCCESS] Day 15FEB
2026-01-18 00:08:32 | INFO     | [DAY_START] Processing 14FEB
[LF] Processing ATZ-ELQ for 14FEB
2026-01-18 00:08:32 | INFO     | [lf.day.start] Processing ATZ-ELQ for 14FEB
[LF] 14FEB: found 1 direct flights
2026-01-18 00:08:34 | INFO     | [lf.day.flights_found] Found 1 flights on 14FEB
2026-01-18 00:08:36 | INFO     | [lf.flight.extracted] SM435 on 14FEB: BKG=4, LF=2.2%
[LF] SM435 14FEB: BKG=4, GRP=0, CAP=179, LF%=2.2%, Brd-Off=ATZ-ELQ, Classes: I:1, X:1, G:2
[LF] Getting WEEKLY/LASTSOLD data for 1 flights
[LF] SM435 14FEB: LASTSOLD=2026-01-17 00:00:00, WEEKLY=1, TODAY=0, YDAY=1
2026-01-18 00:08:40 | INFO     | [SUCCESS] Day 14FEB
2026-01-18 00:08:40 | INFO     | [DAY_START] Processing 13FEB
[LF] Processing ATZ-ELQ for 13FEB
2026-01-18 00:08:40 | INFO     | [lf.day.start] Processing ATZ-ELQ for 13FEB
[LF] No direct flights on 13FEB for ATZ-ELQ
2026-01-18 00:08:41 | WARNING  | [lf.day.no_flights] No direct flights on 13FEB
2026-01-18 00:08:41 | INFO     | [SUCCESS] Day 13FEB
2026-01-18 00:08:41 | INFO     | [DAY_START] Processing 12FEB
[LF] Processing ATZ-ELQ for 12FEB
2026-01-18 00:08:41 | INFO     | [lf.day.start] Processing ATZ-ELQ for 12FEB
[LF] No direct flights on 12FEB for ATZ-ELQ
2026-01-18 00:08:42 | WARNING  | [lf.day.no_flights] No direct flights on 12FEB
2026-01-18 00:08:43 | INFO     | [SUCCESS] Day 12FEB
2026-01-18 00:08:43 | INFO     | [DAY_START] Processing 11FEB
[LF] Processing ATZ-ELQ for 11FEB
2026-01-18 00:08:43 | INFO     | [lf.day.start] Processing ATZ-ELQ for 11FEB
[LF] No direct flights on 11FEB for ATZ-ELQ
2026-01-18 00:08:44 | WARNING  | [lf.day.no_flights] No direct flights on 11FEB
2026-01-18 00:08:44 | INFO     | [SUCCESS] Day 11FEB
[LF] Results summary:
  2026-02-18: 0 flights
  2026-02-17: 1 flights
  2026-02-16: 0 flights
  2026-02-15: 0 flights
  2026-02-14: 1 flights
  2026-02-13: 0 flights
  2026-02-12: 0 flights
  2026-02-11: 0 flights
2026-01-18 00:08:44 | INFO     | [SUCCESS] LF Search Complete

============================================================
[Worker_9227] ✓ COMPLETED: ATZ-ELQ
  Results: 8 dates
  Errors: 0 dates
  Total Processed: 51 groups
============================================================

2026-01-18 00:08:44 | INFO     | [Worker_9227] Completed: ATZ-ELQ - 8 results, 0 errors

============================================================
[Worker_9227] Processing: MED-ATZ
  Tier 0: Range 1, Chunk 1/3
  Dates: 9 days
  Date Range: 2026-02-10 to 2026-02-02
============================================================

2026-01-18 00:08:44 | INFO     | [Worker_9227] Processing: MED-ATZ
2026-01-18 00:08:44 | INFO     |   Tier 0: Range 1, Chunk 1/3 (9 days)
2026-01-18 00:08:44 | INFO     | ======================================================================
2026-01-18 00:08:44 | INFO     | Load Factor Scraper Started - Route: MED-ATZ
2026-01-18 00:08:44 | INFO     | Log file: D:\CODERED\LAB\Artifacts\outputs\run_generated_170126_at_23.33_RETRY\logs\LF_MED-ATZ_20260118_000844.log
2026-01-18 00:08:44 | INFO     | Enhanced logging: Capturing both logging.info() and print()
2026-01-18 00:08:44 | INFO     | ======================================================================
[LF] Processing dates (override): ['10FEB', '09FEB', '08FEB', '07FEB', '06FEB', '05FEB', '04FEB', '03FEB', '02FEB']
[LF] Attaching to Chrome for Altea access
2026-01-18 00:08:44 | INFO     | Starting LF search for route: MED-ATZ
2026-01-18 00:08:44 | INFO     | [START] LF Search
[LF][[OK] SUCCESS] Connected to Chrome on 127.0.0.1:9227 (after 1 attempts)
2026-01-18 00:08:45 | INFO     | [HEALTH CHECK] [OK] Chrome connection is healthy
[LF][[OK] SUCCESS] Found Amadeus Altea window: Altéa Reservation Desktop
[LF][[INFO] INFO] URL: https://tc212.resdesktop.altea.amadeus.com/app_ard/apf/init/login?SITE=ESMPESMP&LANGUAGE=GB&MARKETS=ARDW_PROD_WBP&ACTION=clpLogin
2026-01-18 00:08:45 | INFO     | [DAY_START] Processing 10FEB
[LF] Processing MED-ATZ for 10FEB
2026-01-18 00:08:45 | INFO     | [lf.day.start] Processing MED-ATZ for 10FEB
[LF] 10FEB: found 1 direct flights
2026-01-18 00:08:46 | INFO     | [lf.day.flights_found] Found 1 flights on 10FEB
2026-01-18 00:08:48 | INFO     | [lf.flight.extracted] SM488 on 10FEB: BKG=127, LF=71.4%
[LF] SM488 10FEB: BKG=127, GRP=45, CAP=178, LF%=71.4%, Brd-Off=MED-ATZ, Classes: P:45, I:25, O:24, U:16, X:10, T:7
[LF] Getting WEEKLY/LASTSOLD data for 1 flights
[LF] SM488 10FEB: LASTSOLD=2026-01-17 00:00:00, WEEKLY=34, TODAY=0, YDAY=3
2026-01-18 00:08:55 | INFO     | [SUCCESS] Day 10FEB
2026-01-18 00:08:55 | INFO     | [DAY_START] Processing 09FEB
[LF] Processing MED-ATZ for 09FEB
2026-01-18 00:08:55 | INFO     | [lf.day.start] Processing MED-ATZ for 09FEB
[LF] 09FEB: found 1 direct flights
2026-01-18 00:08:57 | INFO     | [lf.day.flights_found] Found 1 flights on 09FEB
2026-01-18 00:08:59 | INFO     | [lf.flight.extracted] SM488 on 09FEB: BKG=178, LF=101.7%
[LF] SM488 09FEB: BKG=178, GRP=175, CAP=175, LF%=101.7%, Brd-Off=MED-ATZ, Classes: P:175, O:3
[LF] Getting WEEKLY/LASTSOLD data for 1 flights
[LF] SM488 09FEB: LASTSOLD=2025-12-01 00:00:00, WEEKLY=0, TODAY=0, YDAY=0
2026-01-18 00:09:03 | INFO     | [SUCCESS] Day 09FEB
2026-01-18 00:09:03 | INFO     | [DAY_START] Processing 08FEB
[LF] Processing MED-ATZ for 08FEB
2026-01-18 00:09:03 | INFO     | [lf.day.start] Processing MED-ATZ for 08FEB
[LF] No direct flights on 08FEB for MED-ATZ
2026-01-18 00:09:04 | WARNING  | [lf.day.no_flights] No direct flights on 08FEB
2026-01-18 00:09:04 | INFO     | [SUCCESS] Day 08FEB
2026-01-18 00:09:04 | INFO     | [DAY_START] Processing 07FEB
[LF] Processing MED-ATZ for 07FEB
2026-01-18 00:09:04 | INFO     | [lf.day.start] Processing MED-ATZ for 07FEB
[LF] 07FEB: found 1 direct flights
2026-01-18 00:09:05 | INFO     | [lf.day.flights_found] Found 1 flights on 07FEB
2026-01-18 00:09:07 | INFO     | [lf.flight.extracted] SM488 on 07FEB: BKG=170, LF=97.1%
[LF] SM488 07FEB: BKG=170, GRP=140, CAP=175, LF%=97.1%, Brd-Off=MED-ATZ, Classes: P:140, I:6, O:17, U:5, S:1, K:1
[LF] Getting WEEKLY/LASTSOLD data for 1 flights
[LF] SM488 07FEB: LASTSOLD=2026-01-04 00:00:00, WEEKLY=0, TODAY=0, YDAY=0
2026-01-18 00:09:11 | INFO     | [SUCCESS] Day 07FEB
2026-01-18 00:09:11 | INFO     | [DAY_START] Processing 06FEB
[LF] Processing MED-ATZ for 06FEB
2026-01-18 00:09:11 | INFO     | [lf.day.start] Processing MED-ATZ for 06FEB
[LF] No direct flights on 06FEB for MED-ATZ
2026-01-18 00:09:13 | WARNING  | [lf.day.no_flights] No direct flights on 06FEB
2026-01-18 00:09:13 | INFO     | [SUCCESS] Day 06FEB
2026-01-18 00:09:13 | INFO     | [DAY_START] Processing 05FEB
[LF] Processing MED-ATZ for 05FEB
2026-01-18 00:09:13 | INFO     | [lf.day.start] Processing MED-ATZ for 05FEB
[LF] No direct flights on 05FEB for MED-ATZ
2026-01-18 00:09:14 | WARNING  | [lf.day.no_flights] No direct flights on 05FEB
2026-01-18 00:09:14 | INFO     | [SUCCESS] Day 05FEB
2026-01-18 00:09:14 | INFO     | [DAY_START] Processing 04FEB
[LF] Processing MED-ATZ for 04FEB
2026-01-18 00:09:14 | INFO     | [lf.day.start] Processing MED-ATZ for 04FEB
[LF] 04FEB: found 1 direct flights
2026-01-18 00:09:16 | INFO     | [lf.day.flights_found] Found 1 flights on 04FEB
2026-01-18 00:09:18 | INFO     | [lf.flight.extracted] SM490 on 04FEB: BKG=168, LF=96.0%
[LF] SM490 04FEB: BKG=168, GRP=135, CAP=175, LF%=96.0%, Brd-Off=MED-ATZ, Classes: P:135, I:17, O:16
[LF] Getting WEEKLY/LASTSOLD data for 1 flights
[LF] SM490 04FEB: LASTSOLD=2026-01-02 00:00:00, WEEKLY=0, TODAY=0, YDAY=0
2026-01-18 00:09:23 | INFO     | [SUCCESS] Day 04FEB
2026-01-18 00:09:23 | INFO     | [DAY_START] Processing 03FEB
[LF] Processing MED-ATZ for 03FEB
2026-01-18 00:09:23 | INFO     | [lf.day.start] Processing MED-ATZ for 03FEB
[LF] 03FEB: found 1 direct flights
2026-01-18 00:09:24 | INFO     | [lf.day.flights_found] Found 1 flights on 03FEB
2026-01-18 00:09:27 | INFO     | [lf.flight.extracted] SM488 on 03FEB: BKG=179, LF=100.0%
[LF] SM488 03FEB: BKG=179, GRP=95, CAP=179, LF%=100.0%, Brd-Off=MED-ATZ, Classes: P:95, I:25, O:25, U:15, X:15, T:2, S:1, K:1
[LF] Getting WEEKLY/LASTSOLD data for 1 flights
[LF] SM488 03FEB: LASTSOLD=2026-01-16 00:00:00, WEEKLY=44, TODAY=0, YDAY=0
2026-01-18 00:09:33 | INFO     | [SUCCESS] Day 03FEB
2026-01-18 00:09:33 | INFO     | [DAY_START] Processing 02FEB
[LF] Processing MED-ATZ for 02FEB
2026-01-18 00:09:33 | INFO     | [lf.day.start] Processing MED-ATZ for 02FEB
[LF] 02FEB: found 1 direct flights
2026-01-18 00:09:35 | INFO     | [lf.day.flights_found] Found 1 flights on 02FEB
2026-01-18 00:09:39 | INFO     | [lf.flight.extracted] SM488 on 02FEB: BKG=179, LF=102.3%
[LF] SM488 02FEB: BKG=179, GRP=175, CAP=175, LF%=102.3%, Brd-Off=MED-ATZ, Classes: P:175, O:4
[LF] Getting WEEKLY/LASTSOLD data for 1 flights
[LF] SM488 02FEB: LASTSOLD=2025-12-04 00:00:00, WEEKLY=0, TODAY=0, YDAY=0
2026-01-18 00:09:48 | ERROR    | Atomic write failed for D:\CODERED\LAB\Artifacts\outputs\run_generated_170126_at_23.33_RETRY\checkpoints\flight_booking_data.json: [WinError 5] Access is denied: 'D:\\CODERED\\LAB\\Artifacts\\outputs\\run_generated_170126_at_23.33_RETRY\\checkpoints\\flight_booking_data.tmp_3806a24b' -> 'D:\\CODERED\\LAB\\Artifacts\\outputs\\run_generated_170126_at_23.33_RETRY\\checkpoints\\flight_booking_data.json'
2026-01-18 00:09:49 | INFO     | [SUCCESS] Day 02FEB
[LF] Results summary:
  2026-02-10: 1 flights
  2026-02-09: 1 flights
  2026-02-08: 0 flights
  2026-02-07: 1 flights
  2026-02-06: 0 flights
  2026-02-05: 0 flights
  2026-02-04: 1 flights
  2026-02-03: 1 flights
  2026-02-02: 1 flights
2026-01-18 00:09:49 | INFO     | [SUCCESS] LF Search Complete

============================================================
[Worker_9227] ✓ COMPLETED: MED-ATZ
  Results: 9 dates
  Errors: 0 dates
  Total Processed: 52 groups
============================================================

2026-01-18 00:09:49 | INFO     | [Worker_9227] Completed: MED-ATZ - 9 results, 0 errors

============================================================
[Worker_9227] Processing: DMM-CAI
  Tier 0: Range 1, Chunk 1/3
  Dates: 9 days
  Date Range: 2026-02-10 to 2026-02-02
============================================================

2026-01-18 00:09:49 | INFO     | [Worker_9227] Processing: DMM-CAI
2026-01-18 00:09:49 | INFO     |   Tier 0: Range 1, Chunk 1/3 (9 days)
2026-01-18 00:09:49 | INFO     | ======================================================================
2026-01-18 00:09:49 | INFO     | Load Factor Scraper Started - Route: DMM-CAI
2026-01-18 00:09:49 | INFO     | Log file: D:\CODERED\LAB\Artifacts\outputs\run_generated_170126_at_23.33_RETRY\logs\LF_DMM-CAI_20260118_000949.log
2026-01-18 00:09:49 | INFO     | Enhanced logging: Capturing both logging.info() and print()
2026-01-18 00:09:49 | INFO     | ======================================================================
[LF] Processing dates (override): ['10FEB', '09FEB', '08FEB', '07FEB', '06FEB', '05FEB', '04FEB', '03FEB', '02FEB']
[LF] Attaching to Chrome for Altea access
2026-01-18 00:09:49 | INFO     | Starting LF search for route: DMM-CAI
2026-01-18 00:09:49 | INFO     | [START] LF Search
[LF][[OK] SUCCESS] Connected to Chrome on 127.0.0.1:9227 (after 1 attempts)
2026-01-18 00:09:50 | INFO     | [HEALTH CHECK] [OK] Chrome connection is healthy
[LF][[OK] SUCCESS] Found Amadeus Altea window: Altéa Reservation Desktop
[LF][[INFO] INFO] URL: https://tc212.resdesktop.altea.amadeus.com/app_ard/apf/init/login?SITE=ESMPESMP&LANGUAGE=GB&MARKETS=ARDW_PROD_WBP&ACTION=clpLogin
2026-01-18 00:09:50 | INFO     | [DAY_START] Processing 10FEB
[LF] Processing DMM-CAI for 10FEB
2026-01-18 00:09:50 | INFO     | [lf.day.start] Processing DMM-CAI for 10FEB
[LF] 10FEB: found 1 direct flights
2026-01-18 00:09:52 | INFO     | [lf.day.flights_found] Found 1 flights on 10FEB
2026-01-18 00:09:55 | INFO     | [lf.flight.extracted] SM434 on 10FEB: BKG=18, LF=10.3%
[LF] SM434 10FEB: BKG=18, GRP=0, CAP=175, LF%=10.3%, Brd-Off=DMM-CAI, Classes: T:1, S:5, G:12
[LPC] SM434 10FEB: Found 1 outbound flights with connecting passengers
[LF] Getting WEEKLY/LASTSOLD data for 1 flights
[LF] SM434 10FEB: LASTSOLD=2026-01-15 00:00:00, WEEKLY=4, TODAY=0, YDAY=0
2026-01-18 00:10:02 | INFO     | [SUCCESS] Day 10FEB
2026-01-18 00:10:02 | INFO     | [DAY_START] Processing 09FEB
[LF] Processing DMM-CAI for 09FEB
2026-01-18 00:10:02 | INFO     | [lf.day.start] Processing DMM-CAI for 09FEB
[LF] No direct flights on 09FEB for DMM-CAI
2026-01-18 00:10:03 | WARNING  | [lf.day.no_flights] No direct flights on 09FEB
2026-01-18 00:10:04 | INFO     | [SUCCESS] Day 09FEB
2026-01-18 00:10:04 | INFO     | [DAY_START] Processing 08FEB
[LF] Processing DMM-CAI for 08FEB
2026-01-18 00:10:04 | INFO     | [lf.day.start] Processing DMM-CAI for 08FEB
[LF] No direct flights on 08FEB for DMM-CAI
2026-01-18 00:10:06 | WARNING  | [lf.day.no_flights] No direct flights on 08FEB
2026-01-18 00:10:06 | INFO     | [SUCCESS] Day 08FEB
2026-01-18 00:10:06 | INFO     | [DAY_START] Processing 07FEB
[LF] Processing DMM-CAI for 07FEB
2026-01-18 00:10:06 | INFO     | [lf.day.start] Processing DMM-CAI for 07FEB
[LF] 07FEB: found 1 direct flights
2026-01-18 00:10:08 | INFO     | [lf.day.flights_found] Found 1 flights on 07FEB
2026-01-18 00:10:11 | INFO     | [lf.flight.extracted] SM434 on 07FEB: BKG=19, LF=11.3%
[LF] SM434 07FEB: BKG=19, GRP=0, CAP=168, LF%=11.3%, Brd-Off=DMM-CAI, Classes: W:4, S:5, G:9, K:1
[LF] Getting WEEKLY/LASTSOLD data for 1 flights
[LF] SM434 07FEB: LASTSOLD=2026-01-12 00:00:00, WEEKLY=1, TODAY=0, YDAY=0
2026-01-18 00:10:15 | INFO     | [SUCCESS] Day 07FEB
2026-01-18 00:10:15 | INFO     | [DAY_START] Processing 06FEB
[LF] Processing DMM-CAI for 06FEB
2026-01-18 00:10:15 | INFO     | [lf.day.start] Processing DMM-CAI for 06FEB
[LF] 06FEB: found 1 direct flights
2026-01-18 00:10:17 | INFO     | [lf.day.flights_found] Found 1 flights on 06FEB
2026-01-18 00:10:20 | INFO     | [lf.flight.extracted] SM434 on 06FEB: BKG=42, LF=24.0%
[LF] SM434 06FEB: BKG=42, GRP=0, CAP=175, LF%=24.0%, Brd-Off=DMM-CAI, Classes: U:7, X:3, T:1, W:10, S:5, G:11, L:5
[LPC] SM434 06FEB: Found 2 outbound flights with connecting passengers
[LF] Getting WEEKLY/LASTSOLD data for 1 flights
[LF] SM434 06FEB: LASTSOLD=2026-01-17 00:00:00, WEEKLY=9, TODAY=0, YDAY=1
2026-01-18 00:10:27 | INFO     | [SUCCESS] Day 06FEB
2026-01-18 00:10:27 | INFO     | [DAY_START] Processing 05FEB
[LF] Processing DMM-CAI for 05FEB
2026-01-18 00:10:27 | INFO     | [lf.day.start] Processing DMM-CAI for 05FEB
[LF] 05FEB: found 1 direct flights
2026-01-18 00:10:28 | INFO     | [lf.day.flights_found] Found 1 flights on 05FEB
2026-01-18 00:10:31 | INFO     | [lf.flight.extracted] SM434 on 05FEB: BKG=20, LF=11.4%
[LF] SM434 05FEB: BKG=20, GRP=0, CAP=175, LF%=11.4%, Brd-Off=DMM-CAI, Classes: O:10, U:3, X:3, W:1, G:3
[LF] Getting WEEKLY/LASTSOLD data for 1 flights
[LF] SM434 05FEB: LASTSOLD=2026-01-17 00:00:00, WEEKLY=10, TODAY=0, YDAY=1
2026-01-18 00:10:37 | INFO     | [SUCCESS] Day 05FEB
2026-01-18 00:10:37 | INFO     | [DAY_START] Processing 04FEB
[LF] Processing DMM-CAI for 04FEB
2026-01-18 00:10:37 | INFO     | [lf.day.start] Processing DMM-CAI for 04FEB
[LF] No direct flights on 04FEB for DMM-CAI
2026-01-18 00:10:38 | WARNING  | [lf.day.no_flights] No direct flights on 04FEB
2026-01-18 00:10:38 | INFO     | [SUCCESS] Day 04FEB
2026-01-18 00:10:38 | INFO     | [DAY_START] Processing 03FEB
[LF] Processing DMM-CAI for 03FEB
2026-01-18 00:10:38 | INFO     | [lf.day.start] Processing DMM-CAI for 03FEB
[LF] 03FEB: found 1 direct flights
2026-01-18 00:10:40 | INFO     | [lf.day.flights_found] Found 1 flights on 03FEB
2026-01-18 00:10:42 | INFO     | [lf.flight.extracted] SM434 on 03FEB: BKG=13, LF=7.4%
[LF] SM434 03FEB: BKG=13, GRP=0, CAP=175, LF%=7.4%, Brd-Off=DMM-CAI, Classes: X:1, W:2, G:10
[LF] Getting WEEKLY/LASTSOLD data for 1 flights
[LF] SM434 03FEB: LASTSOLD=2026-01-17 00:00:00, WEEKLY=1, TODAY=0, YDAY=1
2026-01-18 00:10:46 | INFO     | [SUCCESS] Day 03FEB
2026-01-18 00:10:46 | INFO     | [DAY_START] Processing 02FEB
[LF] Processing DMM-CAI for 02FEB
2026-01-18 00:10:46 | INFO     | [lf.day.start] Processing DMM-CAI for 02FEB
[LF] No direct flights on 02FEB for DMM-CAI
2026-01-18 00:10:47 | WARNING  | [lf.day.no_flights] No direct flights on 02FEB
2026-01-18 00:10:47 | INFO     | [SUCCESS] Day 02FEB
[LF] Results summary:
  2026-02-10: 1 flights
  2026-02-09: 0 flights
  2026-02-08: 0 flights
  2026-02-07: 1 flights
  2026-02-06: 1 flights
  2026-02-05: 1 flights
  2026-02-04: 0 flights
  2026-02-03: 1 flights
  2026-02-02: 0 flights
2026-01-18 00:10:47 | INFO     | [SUCCESS] LF Search Complete

============================================================
[Worker_9227] ✓ COMPLETED: DMM-CAI
  Results: 9 dates
  Errors: 0 dates
  Total Processed: 53 groups
============================================================

2026-01-18 00:10:47 | INFO     | [Worker_9227] Completed: DMM-CAI - 9 results, 0 errors

============================================================
[Worker_9227] Processing: AJF-ATZ
  Tier 0: Range 1, Chunk 1/3
  Dates: 9 days
  Date Range: 2026-02-10 to 2026-02-02
============================================================

2026-01-18 00:10:47 | INFO     | [Worker_9227] Processing: AJF-ATZ
2026-01-18 00:10:47 | INFO     |   Tier 0: Range 1, Chunk 1/3 (9 days)
2026-01-18 00:10:47 | INFO     | ======================================================================
2026-01-18 00:10:47 | INFO     | Load Factor Scraper Started - Route: AJF-ATZ
2026-01-18 00:10:47 | INFO     | Log file: D:\CODERED\LAB\Artifacts\outputs\run_generated_170126_at_23.33_RETRY\logs\LF_AJF-ATZ_20260118_001047.log
2026-01-18 00:10:47 | INFO     | Enhanced logging: Capturing both logging.info() and print()
2026-01-18 00:10:47 | INFO     | ======================================================================
[LF] Processing dates (override): ['10FEB', '09FEB', '08FEB', '07FEB', '06FEB', '05FEB', '04FEB', '03FEB', '02FEB']
[LF] Attaching to Chrome for Altea access
2026-01-18 00:10:47 | INFO     | Starting LF search for route: AJF-ATZ
2026-01-18 00:10:47 | INFO     | [START] LF Search
[LF][[OK] SUCCESS] Connected to Chrome on 127.0.0.1:9227 (after 1 attempts)
2026-01-18 00:10:48 | INFO     | [HEALTH CHECK] [OK] Chrome connection is healthy
[LF][[OK] SUCCESS] Found Amadeus Altea window: Altéa Reservation Desktop
[LF][[INFO] INFO] URL: https://tc212.resdesktop.altea.amadeus.com/app_ard/apf/init/login?SITE=ESMPESMP&LANGUAGE=GB&MARKETS=ARDW_PROD_WBP&ACTION=clpLogin
2026-01-18 00:10:49 | INFO     | [DAY_START] Processing 10FEB
[LF] Processing AJF-ATZ for 10FEB
2026-01-18 00:10:49 | INFO     | [lf.day.start] Processing AJF-ATZ for 10FEB
[LF] No direct flights on 10FEB for AJF-ATZ
2026-01-18 00:10:50 | WARNING  | [lf.day.no_flights] No direct flights on 10FEB
2026-01-18 00:10:50 | INFO     | [SUCCESS] Day 10FEB
2026-01-18 00:10:50 | INFO     | [DAY_START] Processing 09FEB
[LF] Processing AJF-ATZ for 09FEB
2026-01-18 00:10:50 | INFO     | [lf.day.start] Processing AJF-ATZ for 09FEB
[LF] No direct flights on 09FEB for AJF-ATZ
2026-01-18 00:10:52 | WARNING  | [lf.day.no_flights] No direct flights on 09FEB
2026-01-18 00:10:52 | INFO     | [SUCCESS] Day 09FEB
2026-01-18 00:10:52 | INFO     | [DAY_START] Processing 08FEB
[LF] Processing AJF-ATZ for 08FEB
2026-01-18 00:10:52 | INFO     | [lf.day.start] Processing AJF-ATZ for 08FEB
[LF] No direct flights on 08FEB for AJF-ATZ
2026-01-18 00:10:53 | WARNING  | [lf.day.no_flights] No direct flights on 08FEB
2026-01-18 00:10:53 | INFO     | [SUCCESS] Day 08FEB
2026-01-18 00:10:53 | INFO     | [DAY_START] Processing 07FEB
[LF] Processing AJF-ATZ for 07FEB
2026-01-18 00:10:53 | INFO     | [lf.day.start] Processing AJF-ATZ for 07FEB
[LF] No direct flights on 07FEB for AJF-ATZ
2026-01-18 00:10:55 | WARNING  | [lf.day.no_flights] No direct flights on 07FEB
2026-01-18 00:10:55 | INFO     | [SUCCESS] Day 07FEB
2026-01-18 00:10:55 | INFO     | [DAY_START] Processing 06FEB
[LF] Processing AJF-ATZ for 06FEB
2026-01-18 00:10:55 | INFO     | [lf.day.start] Processing AJF-ATZ for 06FEB
[LF] 06FEB: found 1 direct flights
2026-01-18 00:10:56 | INFO     | [lf.day.flights_found] Found 1 flights on 06FEB
2026-01-18 00:10:59 | INFO     | [lf.flight.extracted] SM324 on 06FEB: BKG=120, LF=68.6%
[LF] SM324 06FEB: BKG=120, GRP=0, CAP=175, LF%=68.6%, Brd-Off=AJF-ATZ, Classes: I:36, O:18, U:18, X:18, T:18, W:9, G:2, K:1
[LF] Getting WEEKLY/LASTSOLD data for 1 flights
[LF] SM324 06FEB: LASTSOLD=2026-01-17 00:00:00, WEEKLY=53, TODAY=0, YDAY=13
2026-01-18 00:11:07 | INFO     | [SUCCESS] Day 06FEB
2026-01-18 00:11:07 | INFO     | [DAY_START] Processing 05FEB
[LF] Processing AJF-ATZ for 05FEB
2026-01-18 00:11:07 | INFO     | [lf.day.start] Processing AJF-ATZ for 05FEB
[LF] No direct flights on 05FEB for AJF-ATZ
2026-01-18 00:11:08 | WARNING  | [lf.day.no_flights] No direct flights on 05FEB
2026-01-18 00:11:08 | INFO     | [SUCCESS] Day 05FEB
2026-01-18 00:11:08 | INFO     | [DAY_START] Processing 04FEB
[LF] Processing AJF-ATZ for 04FEB
2026-01-18 00:11:08 | INFO     | [lf.day.start] Processing AJF-ATZ for 04FEB
[LF] No direct flights on 04FEB for AJF-ATZ
2026-01-18 00:11:09 | WARNING  | [lf.day.no_flights] No direct flights on 04FEB
2026-01-18 00:11:10 | INFO     | [SUCCESS] Day 04FEB
2026-01-18 00:11:10 | INFO     | [DAY_START] Processing 03FEB
[LF] Processing AJF-ATZ for 03FEB
2026-01-18 00:11:10 | INFO     | [lf.day.start] Processing AJF-ATZ for 03FEB
[LF] No direct flights on 03FEB for AJF-ATZ
2026-01-18 00:11:11 | WARNING  | [lf.day.no_flights] No direct flights on 03FEB
2026-01-18 00:11:11 | INFO     | [SUCCESS] Day 03FEB
2026-01-18 00:11:11 | INFO     | [DAY_START] Processing 02FEB
[LF] Processing AJF-ATZ for 02FEB
2026-01-18 00:11:11 | INFO     | [lf.day.start] Processing AJF-ATZ for 02FEB
[LF] No direct flights on 02FEB for AJF-ATZ
2026-01-18 00:11:13 | WARNING  | [lf.day.no_flights] No direct flights on 02FEB
2026-01-18 00:11:13 | INFO     | [SUCCESS] Day 02FEB
[LF] Results summary:
  2026-02-10: 0 flights
  2026-02-09: 0 flights
  2026-02-08: 0 flights
  2026-02-07: 0 flights
  2026-02-06: 1 flights
  2026-02-05: 0 flights
  2026-02-04: 0 flights
  2026-02-03: 0 flights
  2026-02-02: 0 flights
2026-01-18 00:11:13 | INFO     | [SUCCESS] LF Search Complete

============================================================
[Worker_9227] ✓ COMPLETED: AJF-ATZ
  Results: 9 dates
  Errors: 0 dates
  Total Processed: 54 groups
============================================================

2026-01-18 00:11:13 | INFO     | [Worker_9227] Completed: AJF-ATZ - 9 results, 0 errors

============================================================
[Worker_9227] Processing: AHB-ATZ
  Tier 0: Range 1, Chunk 1/3
  Dates: 9 days
  Date Range: 2026-02-10 to 2026-02-02
============================================================

2026-01-18 00:11:13 | INFO     | [Worker_9227] Processing: AHB-ATZ
2026-01-18 00:11:13 | INFO     |   Tier 0: Range 1, Chunk 1/3 (9 days)
2026-01-18 00:11:13 | INFO     | ======================================================================
2026-01-18 00:11:13 | INFO     | Load Factor Scraper Started - Route: AHB-ATZ
2026-01-18 00:11:13 | INFO     | Log file: D:\CODERED\LAB\Artifacts\outputs\run_generated_170126_at_23.33_RETRY\logs\LF_AHB-ATZ_20260118_001113.log
2026-01-18 00:11:13 | INFO     | Enhanced logging: Capturing both logging.info() and print()
2026-01-18 00:11:13 | INFO     | ======================================================================
[LF] Processing dates (override): ['10FEB', '09FEB', '08FEB', '07FEB', '06FEB', '05FEB', '04FEB', '03FEB', '02FEB']
[LF] Attaching to Chrome for Altea access
2026-01-18 00:11:13 | INFO     | Starting LF search for route: AHB-ATZ
2026-01-18 00:11:13 | INFO     | [START] LF Search
[LF][[OK] SUCCESS] Connected to Chrome on 127.0.0.1:9227 (after 1 attempts)
2026-01-18 00:11:15 | INFO     | [HEALTH CHECK] [OK] Chrome connection is healthy
[LF][[OK] SUCCESS] Found Amadeus Altea window: Altéa Reservation Desktop
[LF][[INFO] INFO] URL: https://tc212.resdesktop.altea.amadeus.com/app_ard/apf/init/login?SITE=ESMPESMP&LANGUAGE=GB&MARKETS=ARDW_PROD_WBP&ACTION=clpLogin
2026-01-18 00:11:15 | INFO     | [DAY_START] Processing 10FEB
[LF] Processing AHB-ATZ for 10FEB
2026-01-18 00:11:15 | INFO     | [lf.day.start] Processing AHB-ATZ for 10FEB
[LF] No direct flights on 10FEB for AHB-ATZ
2026-01-18 00:11:16 | WARNING  | [lf.day.no_flights] No direct flights on 10FEB
2026-01-18 00:11:17 | INFO     | [SUCCESS] Day 10FEB
2026-01-18 00:11:17 | INFO     | [DAY_START] Processing 09FEB
[LF] Processing AHB-ATZ for 09FEB
2026-01-18 00:11:17 | INFO     | [lf.day.start] Processing AHB-ATZ for 09FEB
[LF] No direct flights on 09FEB for AHB-ATZ
2026-01-18 00:11:18 | WARNING  | [lf.day.no_flights] No direct flights on 09FEB
2026-01-18 00:11:18 | INFO     | [SUCCESS] Day 09FEB
2026-01-18 00:11:18 | INFO     | [DAY_START] Processing 08FEB
[LF] Processing AHB-ATZ for 08FEB
2026-01-18 00:11:18 | INFO     | [lf.day.start] Processing AHB-ATZ for 08FEB
[LF] No direct flights on 08FEB for AHB-ATZ
2026-01-18 00:11:19 | WARNING  | [lf.day.no_flights] No direct flights on 08FEB
2026-01-18 00:11:19 | INFO     | [SUCCESS] Day 08FEB
2026-01-18 00:11:19 | INFO     | [DAY_START] Processing 07FEB
[LF] Processing AHB-ATZ for 07FEB
2026-01-18 00:11:19 | INFO     | [lf.day.start] Processing AHB-ATZ for 07FEB
[LF] No direct flights on 07FEB for AHB-ATZ
2026-01-18 00:11:21 | WARNING  | [lf.day.no_flights] No direct flights on 07FEB
2026-01-18 00:11:21 | INFO     | [SUCCESS] Day 07FEB
2026-01-18 00:11:21 | INFO     | [DAY_START] Processing 06FEB
[LF] Processing AHB-ATZ for 06FEB
2026-01-18 00:11:21 | INFO     | [lf.day.start] Processing AHB-ATZ for 06FEB
[LF] 06FEB: found 1 direct flights
2026-01-18 00:11:22 | INFO     | [lf.day.flights_found] Found 1 flights on 06FEB
2026-01-18 00:11:24 | INFO     | [lf.flight.extracted] SM446 on 06FEB: BKG=51, LF=29.1%
[LF] SM446 06FEB: BKG=51, GRP=0, CAP=175, LF%=29.1%, Brd-Off=AHB-ATZ, Classes: W:5, S:5, G:30, L:10, K:1
[LF] Getting WEEKLY/LASTSOLD data for 1 flights
[LF] SM446 06FEB: LASTSOLD=2026-01-16 00:00:00, WEEKLY=8, TODAY=0, YDAY=0
2026-01-18 00:11:29 | INFO     | [SUCCESS] Day 06FEB
2026-01-18 00:11:29 | INFO     | [DAY_START] Processing 05FEB
[LF] Processing AHB-ATZ for 05FEB
2026-01-18 00:11:29 | INFO     | [lf.day.start] Processing AHB-ATZ for 05FEB
[LF] No direct flights on 05FEB for AHB-ATZ
2026-01-18 00:11:30 | WARNING  | [lf.day.no_flights] No direct flights on 05FEB
2026-01-18 00:11:30 | INFO     | [SUCCESS] Day 05FEB
2026-01-18 00:11:30 | INFO     | [DAY_START] Processing 04FEB
[LF] Processing AHB-ATZ for 04FEB
2026-01-18 00:11:30 | INFO     | [lf.day.start] Processing AHB-ATZ for 04FEB
[LF] No direct flights on 04FEB for AHB-ATZ
2026-01-18 00:11:31 | WARNING  | [lf.day.no_flights] No direct flights on 04FEB
2026-01-18 00:11:31 | INFO     | [SUCCESS] Day 04FEB
2026-01-18 00:11:31 | INFO     | [DAY_START] Processing 03FEB
[LF] Processing AHB-ATZ for 03FEB
2026-01-18 00:11:31 | INFO     | [lf.day.start] Processing AHB-ATZ for 03FEB
[LF] No direct flights on 03FEB for AHB-ATZ
2026-01-18 00:11:32 | WARNING  | [lf.day.no_flights] No direct flights on 03FEB
2026-01-18 00:11:32 | INFO     | [SUCCESS] Day 03FEB
2026-01-18 00:11:32 | INFO     | [DAY_START] Processing 02FEB
[LF] Processing AHB-ATZ for 02FEB
2026-01-18 00:11:32 | INFO     | [lf.day.start] Processing AHB-ATZ for 02FEB
[LF] No direct flights on 02FEB for AHB-ATZ
2026-01-18 00:11:33 | WARNING  | [lf.day.no_flights] No direct flights on 02FEB
2026-01-18 00:11:33 | INFO     | [SUCCESS] Day 02FEB
[LF] Results summary:
  2026-02-10: 0 flights
  2026-02-09: 0 flights
  2026-02-08: 0 flights
  2026-02-07: 0 flights
  2026-02-06: 1 flights
  2026-02-05: 0 flights
  2026-02-04: 0 flights
  2026-02-03: 0 flights
  2026-02-02: 0 flights
2026-01-18 00:11:33 | INFO     | [SUCCESS] LF Search Complete

============================================================
[Worker_9227] ✓ COMPLETED: AHB-ATZ
  Results: 9 dates
  Errors: 0 dates
  Total Processed: 55 groups
============================================================

2026-01-18 00:11:33 | INFO     | [Worker_9227] Completed: AHB-ATZ - 9 results, 0 errors

============================================================
[Worker_9227] Processing: ELQ-ATZ
  Tier 0: Range 1, Chunk 1/3
  Dates: 9 days
  Date Range: 2026-02-10 to 2026-02-02
============================================================

2026-01-18 00:11:33 | INFO     | [Worker_9227] Processing: ELQ-ATZ
2026-01-18 00:11:33 | INFO     |   Tier 0: Range 1, Chunk 1/3 (9 days)
2026-01-18 00:11:33 | INFO     | ======================================================================
2026-01-18 00:11:33 | INFO     | Load Factor Scraper Started - Route: ELQ-ATZ
2026-01-18 00:11:33 | INFO     | Log file: D:\CODERED\LAB\Artifacts\outputs\run_generated_170126_at_23.33_RETRY\logs\LF_ELQ-ATZ_20260118_001133.log
2026-01-18 00:11:33 | INFO     | Enhanced logging: Capturing both logging.info() and print()
2026-01-18 00:11:33 | INFO     | ======================================================================
[LF] Processing dates (override): ['10FEB', '09FEB', '08FEB', '07FEB', '06FEB', '05FEB', '04FEB', '03FEB', '02FEB']
[LF] Attaching to Chrome for Altea access
2026-01-18 00:11:33 | INFO     | Starting LF search for route: ELQ-ATZ
2026-01-18 00:11:33 | INFO     | [START] LF Search
[LF][[OK] SUCCESS] Connected to Chrome on 127.0.0.1:9227 (after 1 attempts)
2026-01-18 00:11:34 | INFO     | [HEALTH CHECK] [OK] Chrome connection is healthy
[LF][[OK] SUCCESS] Found Amadeus Altea window: Altéa Reservation Desktop
[LF][[INFO] INFO] URL: https://tc212.resdesktop.altea.amadeus.com/app_ard/apf/init/login?SITE=ESMPESMP&LANGUAGE=GB&MARKETS=ARDW_PROD_WBP&ACTION=clpLogin
2026-01-18 00:11:34 | INFO     | [DAY_START] Processing 10FEB
[LF] Processing ELQ-ATZ for 10FEB
2026-01-18 00:11:34 | INFO     | [lf.day.start] Processing ELQ-ATZ for 10FEB
[LF] No direct flights on 10FEB for ELQ-ATZ
2026-01-18 00:11:35 | WARNING  | [lf.day.no_flights] No direct flights on 10FEB
2026-01-18 00:11:35 | INFO     | [SUCCESS] Day 10FEB
2026-01-18 00:11:35 | INFO     | [DAY_START] Processing 09FEB
[LF] Processing ELQ-ATZ for 09FEB
2026-01-18 00:11:35 | INFO     | [lf.day.start] Processing ELQ-ATZ for 09FEB
[LF] No direct flights on 09FEB for ELQ-ATZ
2026-01-18 00:11:38 | WARNING  | [lf.day.no_flights] No direct flights on 09FEB
2026-01-18 00:11:38 | INFO     | [SUCCESS] Day 09FEB
2026-01-18 00:11:38 | INFO     | [DAY_START] Processing 08FEB
[LF] Processing ELQ-ATZ for 08FEB
2026-01-18 00:11:38 | INFO     | [lf.day.start] Processing ELQ-ATZ for 08FEB
[LF] No direct flights on 08FEB for ELQ-ATZ
2026-01-18 00:11:39 | WARNING  | [lf.day.no_flights] No direct flights on 08FEB
2026-01-18 00:11:39 | INFO     | [SUCCESS] Day 08FEB
2026-01-18 00:11:39 | INFO     | [DAY_START] Processing 07FEB
[LF] Processing ELQ-ATZ for 07FEB
2026-01-18 00:11:39 | INFO     | [lf.day.start] Processing ELQ-ATZ for 07FEB
[LF] 07FEB: found 1 direct flights
2026-01-18 00:11:40 | INFO     | [lf.day.flights_found] Found 1 flights on 07FEB
2026-01-18 00:11:42 | INFO     | [lf.flight.extracted] SM436 on 07FEB: BKG=85, LF=48.6%
[LF] SM436 07FEB: BKG=85, GRP=0, CAP=175, LF%=48.6%, Brd-Off=ELQ-ATZ, Classes: I:18, O:18, U:18, X:12, S:4, G:12, L:3
[LF] Getting WEEKLY/LASTSOLD data for 1 flights
[LF] SM436 07FEB: LASTSOLD=2026-01-17 00:00:00, WEEKLY=28, TODAY=0, YDAY=7
2026-01-18 00:11:47 | INFO     | [SUCCESS] Day 07FEB
2026-01-18 00:11:47 | INFO     | [DAY_START] Processing 06FEB
[LF] Processing ELQ-ATZ for 06FEB
2026-01-18 00:11:47 | INFO     | [lf.day.start] Processing ELQ-ATZ for 06FEB
[LF] No direct flights on 06FEB for ELQ-ATZ
2026-01-18 00:11:48 | WARNING  | [lf.day.no_flights] No direct flights on 06FEB
2026-01-18 00:11:49 | INFO     | [SUCCESS] Day 06FEB
2026-01-18 00:11:49 | INFO     | [DAY_START] Processing 05FEB
[LF] Processing ELQ-ATZ for 05FEB
2026-01-18 00:11:49 | INFO     | [lf.day.start] Processing ELQ-ATZ for 05FEB
[LF] No direct flights on 05FEB for ELQ-ATZ
2026-01-18 00:11:50 | WARNING  | [lf.day.no_flights] No direct flights on 05FEB
2026-01-18 00:11:50 | INFO     | [SUCCESS] Day 05FEB
2026-01-18 00:11:50 | INFO     | [DAY_START] Processing 04FEB
[LF] Processing ELQ-ATZ for 04FEB
2026-01-18 00:11:50 | INFO     | [lf.day.start] Processing ELQ-ATZ for 04FEB
[LF] 04FEB: found 1 direct flights
2026-01-18 00:11:51 | INFO     | [lf.day.flights_found] Found 1 flights on 04FEB
2026-01-18 00:11:53 | INFO     | [lf.flight.extracted] SM436 on 04FEB: BKG=59, LF=33.7%
[LF] SM436 04FEB: BKG=59, GRP=0, CAP=175, LF%=33.7%, Brd-Off=ELQ-ATZ, Classes: O:20, U:20, X:10, W:3, S:2, G:4
[LF] Getting WEEKLY/LASTSOLD data for 1 flights
[LF] SM436 04FEB: LASTSOLD=2026-01-17 00:00:00, WEEKLY=13, TODAY=0, YDAY=5
2026-01-18 00:11:57 | INFO     | [SUCCESS] Day 04FEB
2026-01-18 00:11:57 | INFO     | [DAY_START] Processing 03FEB
[LF] Processing ELQ-ATZ for 03FEB
2026-01-18 00:11:57 | INFO     | [lf.day.start] Processing ELQ-ATZ for 03FEB
[LF] No direct flights on 03FEB for ELQ-ATZ
2026-01-18 00:11:58 | WARNING  | [lf.day.no_flights] No direct flights on 03FEB
2026-01-18 00:11:58 | INFO     | [SUCCESS] Day 03FEB
2026-01-18 00:11:58 | INFO     | [DAY_START] Processing 02FEB
[LF] Processing ELQ-ATZ for 02FEB
2026-01-18 00:11:58 | INFO     | [lf.day.start] Processing ELQ-ATZ for 02FEB
[LF] No direct flights on 02FEB for ELQ-ATZ
2026-01-18 00:11:59 | WARNING  | [lf.day.no_flights] No direct flights on 02FEB
2026-01-18 00:11:59 | INFO     | [SUCCESS] Day 02FEB
[LF] Results summary:
  2026-02-10: 0 flights
  2026-02-09: 0 flights
  2026-02-08: 0 flights
  2026-02-07: 1 flights
  2026-02-06: 0 flights
  2026-02-05: 0 flights
  2026-02-04: 1 flights
  2026-02-03: 0 flights
  2026-02-02: 0 flights
2026-01-18 00:11:59 | INFO     | [SUCCESS] LF Search Complete

============================================================
[Worker_9227] ✓ COMPLETED: ELQ-ATZ
  Results: 9 dates
  Errors: 0 dates
  Total Processed: 56 groups
============================================================

2026-01-18 00:11:59 | INFO     | [Worker_9227] Completed: ELQ-ATZ - 9 results, 0 errors

============================================================
[Worker_9227] Processing: CAI-JED
  Tier 0: Range 1, Chunk 1/3
  Dates: 9 days
  Date Range: 2026-02-10 to 2026-02-02
============================================================

2026-01-18 00:11:59 | INFO     | [Worker_9227] Processing: CAI-JED
2026-01-18 00:11:59 | INFO     |   Tier 0: Range 1, Chunk 1/3 (9 days)
2026-01-18 00:11:59 | INFO     | ======================================================================
2026-01-18 00:11:59 | INFO     | Load Factor Scraper Started - Route: CAI-JED
2026-01-18 00:11:59 | INFO     | Log file: D:\CODERED\LAB\Artifacts\outputs\run_generated_170126_at_23.33_RETRY\logs\LF_CAI-JED_20260118_001159.log
2026-01-18 00:11:59 | INFO     | Enhanced logging: Capturing both logging.info() and print()
2026-01-18 00:11:59 | INFO     | ======================================================================
[LF] Processing dates (override): ['10FEB', '09FEB', '08FEB', '07FEB', '06FEB', '05FEB', '04FEB', '03FEB', '02FEB']
[LF] Attaching to Chrome for Altea access
2026-01-18 00:11:59 | INFO     | Starting LF search for route: CAI-JED
2026-01-18 00:11:59 | INFO     | [START] LF Search
[LF][[OK] SUCCESS] Connected to Chrome on 127.0.0.1:9227 (after 1 attempts)
2026-01-18 00:12:00 | INFO     | [HEALTH CHECK] [OK] Chrome connection is healthy
[LF][[OK] SUCCESS] Found Amadeus Altea window: Altéa Reservation Desktop
[LF][[INFO] INFO] URL: https://tc212.resdesktop.altea.amadeus.com/app_ard/apf/init/login?SITE=ESMPESMP&LANGUAGE=GB&MARKETS=ARDW_PROD_WBP&ACTION=clpLogin
2026-01-18 00:12:00 | INFO     | [DAY_START] Processing 10FEB
[LF] Processing CAI-JED for 10FEB
2026-01-18 00:12:00 | INFO     | [lf.day.start] Processing CAI-JED for 10FEB
[LF] 10FEB: found 7 direct flights
2026-01-18 00:12:01 | INFO     | [lf.day.flights_found] Found 7 flights on 10FEB
2026-01-18 00:12:03 | INFO     | [lf.flight.extracted] SM971 on 10FEB: BKG=180, LF=100.6%
[LF] SM971 10FEB: BKG=180, GRP=180, CAP=179, LF%=100.6%, Brd-Off=CAI-JED, Classes: P:180
2026-01-18 00:12:06 | INFO     | [lf.flight.extracted] SM2485 on 10FEB: BKG=175, LF=97.2%
[LF] SM2485 10FEB: BKG=175, GRP=175, CAP=180, LF%=97.2%, Brd-Off=CAI-JED, Classes: P:175
2026-01-18 00:12:10 | INFO     | [lf.flight.extracted] SM477 on 10FEB: BKG=192, LF=107.3%
[LF] SM477 10FEB: BKG=192, GRP=180, CAP=179, LF%=107.3%, Brd-Off=CAI-JED, Classes: P:180, X:9, T:3
2026-01-18 00:12:13 | INFO     | [lf.flight.extracted] SM459 on 10FEB: BKG=191, LF=106.7%
[LF] SM459 10FEB: BKG=191, GRP=180, CAP=179, LF%=106.7%, Brd-Off=CAI-JED, Classes: P:180, X:10, S:1
2026-01-18 00:12:16 | INFO     | [lf.flight.extracted] SM2449 on 10FEB: BKG=0, LF=0.0%
[LF] SM2449 10FEB: BKG=0, GRP=0, CAP=179, LF%=0.0%, Brd-Off=CAI-JED
2026-01-18 00:12:19 | INFO     | [lf.flight.extracted] SM423 on 10FEB: BKG=173, LF=96.7%
[LF] SM423 10FEB: BKG=173, GRP=135, CAP=179, LF%=96.7%, Brd-Off=CAI-JED, Classes: P:135, X:10, T:14, W:14
2026-01-18 00:12:23 | INFO     | [lf.flight.extracted] SM475 on 10FEB: BKG=175, LF=97.8%
[LF] SM475 10FEB: BKG=175, GRP=135, CAP=179, LF%=97.8%, Brd-Off=CAI-JED, Classes: P:135, U:6, X:6, T:15, W:13
[LF] Getting WEEKLY/LASTSOLD data for 6 flights
[LF] SM971 10FEB: LASTSOLD=2026-01-01 00:00:00, WEEKLY=0, TODAY=0, YDAY=0
[LF] SM2485 10FEB: LASTSOLD=2026-01-02 00:00:00, WEEKLY=0, TODAY=0, YDAY=0
[LF] SM477 10FEB: LASTSOLD=2026-01-06 00:00:00, WEEKLY=0, TODAY=0, YDAY=0
[LF] SM459 10FEB: LASTSOLD=2026-01-04 00:00:00, WEEKLY=0, TODAY=0, YDAY=0
[LF] SM423 10FEB: LASTSOLD=2026-01-15 00:00:00, WEEKLY=21, TODAY=0, YDAY=0
[LF] SM475 10FEB: LASTSOLD=2026-01-17 00:00:00, WEEKLY=25, TODAY=0, YDAY=4
2026-01-18 00:12:36 | INFO     | [SUCCESS] Day 10FEB
2026-01-18 00:12:36 | INFO     | [DAY_START] Processing 09FEB
[LF] Processing CAI-JED for 09FEB
2026-01-18 00:12:36 | INFO     | [lf.day.start] Processing CAI-JED for 09FEB
[LF] 09FEB: found 4 direct flights
2026-01-18 00:12:53 | INFO     | [lf.day.flights_found] Found 4 flights on 09FEB
2026-01-18 00:12:55 | INFO     | [lf.flight.extracted] SM475 on 09FEB: BKG=193, LF=109.7%
[LF] SM475 09FEB: BKG=193, GRP=180, CAP=176, LF%=109.7%, Brd-Off=CAI-JED, Classes: P:180, U:6, X:7
2026-01-18 00:12:58 | INFO     | [lf.flight.extracted] SM983 on 09FEB: BKG=170, LF=95.0%
[LF] SM983 09FEB: BKG=170, GRP=170, CAP=179, LF%=95.0%, Brd-Off=CAI-JED, Classes: P:170
2026-01-18 00:13:01 | INFO     | [lf.flight.extracted] SM971 on 09FEB: BKG=170, LF=95.0%
[LF] SM971 09FEB: BKG=170, GRP=170, CAP=179, LF%=95.0%, Brd-Off=CAI-JED, Classes: P:170
2026-01-18 00:13:04 | INFO     | [lf.flight.extracted] SM459 on 09FEB: BKG=164, LF=91.6%
[LF] SM459 09FEB: BKG=164, GRP=135, CAP=179, LF%=91.6%, Brd-Off=CAI-JED, Classes: P:135, X:12, T:12, W:5
[LF] Getting WEEKLY/LASTSOLD data for 4 flights
[LF] SM475 09FEB: LASTSOLD=2026-01-04 00:00:00, WEEKLY=0, TODAY=0, YDAY=0
[LF] SM983 09FEB: LASTSOLD=2026-01-06 00:00:00, WEEKLY=0, TODAY=0, YDAY=0
[LF] SM971 09FEB: LASTSOLD=2026-01-12 00:00:00, WEEKLY=2, TODAY=0, YDAY=0
[LF] SM459 09FEB: LASTSOLD=2026-01-12 00:00:00, WEEKLY=10, TODAY=0, YDAY=0
2026-01-18 00:13:13 | INFO     | [SUCCESS] Day 09FEB
2026-01-18 00:13:13 | INFO     | [DAY_START] Processing 08FEB
[LF] Processing CAI-JED for 08FEB
2026-01-18 00:13:13 | INFO     | [lf.day.start] Processing CAI-JED for 08FEB
[LF] 08FEB: found 7 direct flights
2026-01-18 00:13:14 | INFO     | [lf.day.flights_found] Found 7 flights on 08FEB
2026-01-18 00:13:16 | INFO     | [lf.flight.extracted] SM475 on 08FEB: BKG=179, LF=100.0%
[LF] SM475 08FEB: BKG=179, GRP=165, CAP=179, LF%=100.0%, Brd-Off=CAI-JED, Classes: P:165, U:6, X:7, T:1
2026-01-18 00:13:19 | INFO     | [lf.flight.extracted] SM431 on 08FEB: BKG=184, LF=102.8%
[LF] SM431 08FEB: BKG=184, GRP=180, CAP=179, LF%=102.8%, Brd-Off=CAI-JED, Classes: P:180, X:4
2026-01-18 00:13:22 | INFO     | [lf.flight.extracted] SM947 on 08FEB: BKG=170, LF=95.0%
[LF] SM947 08FEB: BKG=170, GRP=170, CAP=179, LF%=95.0%, Brd-Off=CAI-JED, Classes: P:170
2026-01-18 00:13:26 | INFO     | [lf.flight.extracted] SM459 on 08FEB: BKG=182, LF=101.7%
[LF] SM459 08FEB: BKG=182, GRP=175, CAP=179, LF%=101.7%, Brd-Off=CAI-JED, Classes: P:130, E:45, X:7
2026-01-18 00:13:29 | INFO     | [lf.flight.extracted] SM477 on 08FEB: BKG=163, LF=91.1%
[LF] SM477 08FEB: BKG=163, GRP=135, CAP=179, LF%=91.1%, Brd-Off=CAI-JED, Classes: P:135, X:10, T:14, W:4
2026-01-18 00:13:32 | INFO     | [lf.flight.extracted] SM479 on 08FEB: BKG=182, LF=101.7%
[LF] SM479 08FEB: BKG=182, GRP=170, CAP=179, LF%=101.7%, Brd-Off=CAI-JED, Classes: P:170, X:10, T:2
2026-01-18 00:13:35 | INFO     | [lf.flight.extracted] SM951 on 08FEB: BKG=180, LF=100.6%
[LF] SM951 08FEB: BKG=180, GRP=180, CAP=179, LF%=100.6%, Brd-Off=CAI-JED, Classes: P:180
[LF] Getting WEEKLY/LASTSOLD data for 7 flights
[LF] SM475 08FEB: LASTSOLD=2026-01-05 00:00:00, WEEKLY=0, TODAY=0, YDAY=0
[LF] SM431 08FEB: LASTSOLD=2026-01-04 00:00:00, WEEKLY=0, TODAY=0, YDAY=0
[LF] SM947 08FEB: LASTSOLD=2026-01-06 00:00:00, WEEKLY=0, TODAY=0, YDAY=0
[LF] SM459 08FEB: LASTSOLD=2026-01-09 00:00:00, WEEKLY=0, TODAY=0, YDAY=0
[LF] SM477 08FEB: LASTSOLD=2026-01-17 00:00:00, WEEKLY=8, TODAY=0, YDAY=2
[LF] SM479 08FEB: LASTSOLD=2026-01-04 00:00:00, WEEKLY=0, TODAY=0, YDAY=0
[LF] SM951 08FEB: LASTSOLD=2026-01-05 00:00:00, WEEKLY=0, TODAY=0, YDAY=0
2026-01-18 00:13:47 | INFO     | [SUCCESS] Day 08FEB
2026-01-18 00:13:47 | INFO     | [DAY_START] Processing 07FEB
[LF] Processing CAI-JED for 07FEB
2026-01-18 00:13:47 | INFO     | [lf.day.start] Processing CAI-JED for 07FEB
[LF] 07FEB: found 4 direct flights
2026-01-18 00:13:48 | INFO     | [lf.day.flights_found] Found 4 flights on 07FEB
2026-01-18 00:13:50 | INFO     | [lf.flight.extracted] SM449 on 07FEB: BKG=182, LF=103.4%
[LF] SM449 07FEB: BKG=182, GRP=180, CAP=176, LF%=103.4%, Brd-Off=CAI-JED, Classes: P:180, X:2
2026-01-18 00:13:54 | INFO     | [lf.flight.extracted] SM475 on 07FEB: BKG=161, LF=89.9%
[LF] SM475 07FEB: BKG=161, GRP=135, CAP=179, LF%=89.9%, Brd-Off=CAI-JED, Classes: P:135, U:6, X:7, T:10, S:3
2026-01-18 00:13:57 | INFO     | [lf.flight.extracted] SM477 on 07FEB: BKG=156, LF=87.2%
[LF] SM477 07FEB: BKG=156, GRP=135, CAP=179, LF%=87.2%, Brd-Off=CAI-JED, Classes: P:135, X:10, T:10, S:1
2026-01-18 00:14:01 | INFO     | [lf.flight.extracted] SM423 on 07FEB: BKG=153, LF=85.5%
[LF] SM423 07FEB: BKG=153, GRP=135, CAP=179, LF%=85.5%, Brd-Off=CAI-JED, Classes: P:135, X:10, T:8
[LF] Getting WEEKLY/LASTSOLD data for 4 flights
[LF] SM449 07FEB: LASTSOLD=2026-01-04 00:00:00, WEEKLY=0, TODAY=0, YDAY=0
[LF] SM475 07FEB: LASTSOLD=2026-01-16 00:00:00, WEEKLY=9, TODAY=0, YDAY=0
[LF] SM477 07FEB: LASTSOLD=2026-01-16 00:00:00, WEEKLY=4, TODAY=0, YDAY=0
[LF] SM423 07FEB: LASTSOLD=2026-01-15 00:00:00, WEEKLY=4, TODAY=0, YDAY=0
2026-01-18 00:14:12 | INFO     | [SUCCESS] Day 07FEB
2026-01-18 00:14:12 | INFO     | [DAY_START] Processing 06FEB
[LF] Processing CAI-JED for 06FEB
2026-01-18 00:14:12 | INFO     | [lf.day.start] Processing CAI-JED for 06FEB
[LF] 06FEB: found 5 direct flights
2026-01-18 00:14:13 | INFO     | [lf.day.flights_found] Found 5 flights on 06FEB
2026-01-18 00:14:15 | INFO     | [lf.flight.extracted] SM475 on 06FEB: BKG=173, LF=96.7%
[LF] SM475 06FEB: BKG=173, GRP=160, CAP=179, LF%=96.7%, Brd-Off=CAI-JED, Classes: P:160, U:6, X:7
2026-01-18 00:14:19 | INFO     | [lf.flight.extracted] SM477 on 06FEB: BKG=54, LF=30.2%
[LF] SM477 06FEB: BKG=54, GRP=45, CAP=179, LF%=30.2%, Brd-Off=CAI-JED, Classes: P:45, X:9
2026-01-18 00:14:23 | INFO     | [lf.flight.extracted] SM479 on 06FEB: BKG=96, LF=53.6%
[LF] SM479 06FEB: BKG=96, GRP=80, CAP=179, LF%=53.6%, Brd-Off=CAI-JED, Classes: P:80, X:10, T:6
2026-01-18 00:14:26 | INFO     | [lf.flight.extracted] SM471 on 06FEB: BKG=106, LF=59.2%
[LF] SM471 06FEB: BKG=106, GRP=90, CAP=179, LF%=59.2%, Brd-Off=CAI-JED, Classes: P:90, X:10, T:6
2026-01-18 00:14:29 | INFO     | [lf.flight.extracted] SM459 on 06FEB: BKG=105, LF=58.7%
[LF] SM459 06FEB: BKG=105, GRP=90, CAP=179, LF%=58.7%, Brd-Off=CAI-JED, Classes: P:90, X:10, T:4, S:1
[LF] Getting WEEKLY/LASTSOLD data for 5 flights
[LF] SM475 06FEB: LASTSOLD=2026-01-12 00:00:00, WEEKLY=3, TODAY=0, YDAY=0
[LF] SM477 06FEB: LASTSOLD=2026-01-16 00:00:00, WEEKLY=3, TODAY=0, YDAY=0
[LF] SM479 06FEB: LASTSOLD=2026-01-11 00:00:00, WEEKLY=1, TODAY=0, YDAY=0
[LF] SM471 06FEB: LASTSOLD=2026-01-16 00:00:00, WEEKLY=2, TODAY=0, YDAY=0
[LF] SM459 06FEB: LASTSOLD=2026-01-17 00:00:00, WEEKLY=7, TODAY=0, YDAY=1
2026-01-18 00:14:37 | INFO     | [SUCCESS] Day 06FEB
2026-01-18 00:14:37 | INFO     | [DAY_START] Processing 05FEB
[LF] Processing CAI-JED for 05FEB
2026-01-18 00:14:37 | INFO     | [lf.day.start] Processing CAI-JED for 05FEB
[LF] 05FEB: found 7 direct flights
2026-01-18 00:14:38 | INFO     | [lf.day.flights_found] Found 7 flights on 05FEB
2026-01-18 00:14:40 | INFO     | [lf.flight.extracted] SM449 on 05FEB: BKG=110, LF=61.5%
[LF] SM449 05FEB: BKG=110, GRP=90, CAP=179, LF%=61.5%, Brd-Off=CAI-JED, Classes: P:90, U:10, X:10
2026-01-18 00:14:44 | INFO     | [lf.flight.extracted] SM475 on 05FEB: BKG=147, LF=82.1%
[LF] SM475 05FEB: BKG=147, GRP=135, CAP=179, LF%=82.1%, Brd-Off=CAI-JED, Classes: P:135, U:6, X:6
2026-01-18 00:14:47 | INFO     | [lf.flight.extracted] SM431 on 05FEB: BKG=100, LF=55.9%
[LF] SM431 05FEB: BKG=100, GRP=90, CAP=179, LF%=55.9%, Brd-Off=CAI-JED, Classes: P:90, O:5, U:5
2026-01-18 00:14:50 | INFO     | [lf.flight.extracted] SM961 on 05FEB: BKG=125, LF=71.0%
[LF] SM961 05FEB: BKG=125, GRP=125, CAP=176, LF%=71.0%, Brd-Off=CAI-JED, Classes: P:125
2026-01-18 00:14:53 | INFO     | [lf.flight.extracted] SM477 on 05FEB: BKG=115, LF=64.2%
[LF] SM477 05FEB: BKG=115, GRP=90, CAP=179, LF%=64.2%, Brd-Off=CAI-JED, Classes: P:90, U:10, X:15
2026-01-18 00:14:56 | INFO     | [lf.flight.extracted] SM479 on 05FEB: BKG=33, LF=18.4%
[LF] SM479 05FEB: BKG=33, GRP=0, CAP=179, LF%=18.4%, Brd-Off=CAI-JED, Classes: U:10, X:19, S:4
2026-01-18 00:15:05 | INFO     | [lf.flight.extracted] SM423 on 05FEB: BKG=116, LF=65.9%
[LF] SM423 05FEB: BKG=116, GRP=90, CAP=176, LF%=65.9%, Brd-Off=CAI-JED, Classes: P:90, U:10, X:16
[LF] Getting WEEKLY/LASTSOLD data for 7 flights
[LF] SM449 05FEB: LASTSOLD=2026-01-14 00:00:00, WEEKLY=4, TODAY=0, YDAY=0
[LF] SM475 05FEB: LASTSOLD=2026-01-14 00:00:00, WEEKLY=6, TODAY=0, YDAY=0
[LF] SM431 05FEB: LASTSOLD=2026-01-17 00:00:00, WEEKLY=10, TODAY=0, YDAY=1
[LF] SM961 05FEB: LASTSOLD=2025-12-20 00:00:00, WEEKLY=0, TODAY=0, YDAY=0
[LF] SM477 05FEB: LASTSOLD=2026-01-17 00:00:00, WEEKLY=12, TODAY=0, YDAY=3
[LF] SM479 05FEB: LASTSOLD=2026-01-17 00:00:00, WEEKLY=15, TODAY=0, YDAY=1
[LF] SM423 05FEB: LASTSOLD=2026-01-17 00:00:00, WEEKLY=11, TODAY=0, YDAY=5
2026-01-18 00:15:21 | INFO     | [SUCCESS] Day 05FEB
2026-01-18 00:15:21 | INFO     | [DAY_START] Processing 04FEB
[LF] Processing CAI-JED for 04FEB
2026-01-18 00:15:21 | INFO     | [lf.day.start] Processing CAI-JED for 04FEB
[LF] 04FEB: found 5 direct flights
2026-01-18 00:15:22 | INFO     | [lf.day.flights_found] Found 5 flights on 04FEB
2026-01-18 00:15:25 | INFO     | [lf.flight.extracted] SM423 on 04FEB: BKG=109, LF=61.9%
[LF] SM423 04FEB: BKG=109, GRP=90, CAP=176, LF%=61.9%, Brd-Off=CAI-JED, Classes: P:90, U:10, X:9
2026-01-18 00:15:28 | INFO     | [lf.flight.extracted] SM475 on 04FEB: BKG=150, LF=83.8%
[LF] SM475 04FEB: BKG=150, GRP=140, CAP=179, LF%=83.8%, Brd-Off=CAI-JED, Classes: P:140, U:6, X:4
2026-01-18 00:15:31 | INFO     | [lf.flight.extracted] SM459 on 04FEB: BKG=105, LF=58.7%
[LF] SM459 04FEB: BKG=105, GRP=90, CAP=179, LF%=58.7%, Brd-Off=CAI-JED, Classes: P:90, U:10, X:5
2026-01-18 00:15:35 | INFO     | [lf.flight.extracted] SM477 on 04FEB: BKG=162, LF=90.5%
[LF] SM477 04FEB: BKG=162, GRP=140, CAP=179, LF%=90.5%, Brd-Off=CAI-JED, Classes: P:140, U:9, X:13
2026-01-18 00:15:38 | INFO     | [lf.flight.extracted] SM471 on 04FEB: BKG=108, LF=60.3%
[LF] SM471 04FEB: BKG=108, GRP=90, CAP=179, LF%=60.3%, Brd-Off=CAI-JED, Classes: P:90, U:10, X:4, S:4
[LF] Getting WEEKLY/LASTSOLD data for 5 flights
[LF] SM423 04FEB: LASTSOLD=2026-01-15 00:00:00, WEEKLY=6, TODAY=0, YDAY=0
[LF] SM475 04FEB: LASTSOLD=2026-01-13 00:00:00, WEEKLY=5, TODAY=0, YDAY=0
[LF] SM459 04FEB: LASTSOLD=2026-01-13 00:00:00, WEEKLY=1, TODAY=0, YDAY=0
[LF] SM477 04FEB: LASTSOLD=2026-01-16 00:00:00, WEEKLY=11, TODAY=0, YDAY=0
[LF] SM471 04FEB: LASTSOLD=2026-01-16 00:00:00, WEEKLY=4, TODAY=0, YDAY=0
2026-01-18 00:15:48 | INFO     | [SUCCESS] Day 04FEB
2026-01-18 00:15:48 | INFO     | [DAY_START] Processing 03FEB
[LF] Processing CAI-JED for 03FEB
2026-01-18 00:15:48 | INFO     | [lf.day.start] Processing CAI-JED for 03FEB
[LF] 03FEB: found 7 direct flights
2026-01-18 00:15:49 | INFO     | [lf.day.flights_found] Found 7 flights on 03FEB
2026-01-18 00:15:51 | INFO     | [lf.flight.extracted] SM471 on 03FEB: BKG=113, LF=63.1%
[LF] SM471 03FEB: BKG=113, GRP=90, CAP=179, LF%=63.1%, Brd-Off=CAI-JED, Classes: P:90, U:10, X:13
2026-01-18 00:15:54 | INFO     | [lf.flight.extracted] SM953 on 03FEB: BKG=90, LF=50.3%
[LF] SM953 03FEB: BKG=90, GRP=90, CAP=179, LF%=50.3%, Brd-Off=CAI-JED, Classes: P:90
2026-01-18 00:15:57 | INFO     | [lf.flight.extracted] SM479 on 03FEB: BKG=24, LF=13.4%
[LF] SM479 03FEB: BKG=24, GRP=0, CAP=179, LF%=13.4%, Brd-Off=CAI-JED, Classes: N:1, U:10, X:13
2026-01-18 00:16:00 | INFO     | [lf.flight.extracted] SM477 on 03FEB: BKG=24, LF=13.4%
[LF] SM477 03FEB: BKG=24, GRP=0, CAP=179, LF%=13.4%, Brd-Off=CAI-JED, Classes: U:10, X:13, T:1
2026-01-18 00:16:04 | INFO     | [lf.flight.extracted] SM459 on 03FEB: BKG=26, LF=14.8%
[LF] SM459 03FEB: BKG=26, GRP=0, CAP=176, LF%=14.8%, Brd-Off=CAI-JED, Classes: U:10, X:12, T:4
2026-01-18 00:16:07 | INFO     | [lf.flight.extracted] SM423 on 03FEB: BKG=24, LF=13.4%
[LF] SM423 03FEB: BKG=24, GRP=0, CAP=179, LF%=13.4%, Brd-Off=CAI-JED, Classes: U:10, X:13, S:1
2026-01-18 00:16:10 | INFO     | [lf.flight.extracted] SM475 on 03FEB: BKG=102, LF=57.0%
[LF] SM475 03FEB: BKG=102, GRP=90, CAP=179, LF%=57.0%, Brd-Off=CAI-JED, Classes: P:90, U:6, X:4, T:2
[LF] Getting WEEKLY/LASTSOLD data for 7 flights
[LF] SM471 03FEB: LASTSOLD=2026-01-14 00:00:00, WEEKLY=10, TODAY=0, YDAY=0
[LF] SM953 03FEB: LASTSOLD=2026-01-01 00:00:00, WEEKLY=0, TODAY=0, YDAY=0
[LF] SM479 03FEB: LASTSOLD=2026-01-16 00:00:00, WEEKLY=6, TODAY=0, YDAY=0
[LF] SM477 03FEB: LASTSOLD=2026-01-16 00:00:00, WEEKLY=8, TODAY=0, YDAY=0
[LF] SM459 03FEB: LASTSOLD=2026-01-15 00:00:00, WEEKLY=11, TODAY=0, YDAY=0
[LF] SM423 03FEB: LASTSOLD=2026-01-13 00:00:00, WEEKLY=7, TODAY=0, YDAY=0
[LF] SM475 03FEB: LASTSOLD=2026-01-16 00:00:00, WEEKLY=4, TODAY=0, YDAY=0
2026-01-18 00:16:27 | INFO     | [SUCCESS] Day 03FEB
2026-01-18 00:16:27 | INFO     | [DAY_START] Processing 02FEB
[LF] Processing CAI-JED for 02FEB
2026-01-18 00:16:27 | INFO     | [lf.day.start] Processing CAI-JED for 02FEB
[LF] 02FEB: found 3 direct flights
2026-01-18 00:16:28 | INFO     | [lf.day.flights_found] Found 3 flights on 02FEB
2026-01-18 00:16:30 | INFO     | [lf.flight.extracted] SM475 on 02FEB: BKG=15, LF=8.4%
[LF] SM475 02FEB: BKG=15, GRP=0, CAP=179, LF%=8.4%, Brd-Off=CAI-JED, Classes: U:6, X:7, T:2
2026-01-18 00:16:33 | INFO     | [lf.flight.extracted] SM477 on 02FEB: BKG=31, LF=17.3%
[LF] SM477 02FEB: BKG=31, GRP=0, CAP=179, LF%=17.3%, Brd-Off=CAI-JED, Classes: N:2, U:10, X:15, T:4
2026-01-18 00:16:37 | INFO     | [lf.flight.extracted] SM459 on 02FEB: BKG=27, LF=15.1%
[LF] SM459 02FEB: BKG=27, GRP=0, CAP=179, LF%=15.1%, Brd-Off=CAI-JED, Classes: U:10, X:13, T:4
[LF] Getting WEEKLY/LASTSOLD data for 3 flights
[LF] SM475 02FEB: LASTSOLD=2026-01-12 00:00:00, WEEKLY=3, TODAY=0, YDAY=0
[LF] SM477 02FEB: LASTSOLD=2026-01-17 00:00:00, WEEKLY=7, TODAY=0, YDAY=1
[LF] SM459 02FEB: LASTSOLD=2026-01-15 00:00:00, WEEKLY=4, TODAY=0, YDAY=0
2026-01-18 00:16:44 | INFO     | [SUCCESS] Day 02FEB
[LF] Results summary:
  2026-02-10: 7 flights
  2026-02-09: 4 flights
  2026-02-08: 7 flights
  2026-02-07: 4 flights
  2026-02-06: 5 flights
  2026-02-05: 7 flights
  2026-02-04: 5 flights
  2026-02-03: 7 flights
  2026-02-02: 3 flights
2026-01-18 00:16:44 | INFO     | [SUCCESS] LF Search Complete

============================================================
[Worker_9227] ✓ COMPLETED: CAI-JED
  Results: 9 dates
  Errors: 0 dates
  Total Processed: 57 groups
============================================================

2026-01-18 00:16:44 | INFO     | [Worker_9227] Completed: CAI-JED - 9 results, 0 errors

============================================================
[Worker_9227] Processing: AHB-ATZ
  Tier 0: Range 1, Chunk 2/3
  Dates: 8 days
  Date Range: 2026-02-01 to 2026-01-25
============================================================

2026-01-18 00:16:44 | INFO     | [Worker_9227] Processing: AHB-ATZ
2026-01-18 00:16:44 | INFO     |   Tier 0: Range 1, Chunk 2/3 (8 days)
2026-01-18 00:16:44 | INFO     | ======================================================================
2026-01-18 00:16:44 | INFO     | Load Factor Scraper Started - Route: AHB-ATZ
2026-01-18 00:16:44 | INFO     | Log file: D:\CODERED\LAB\Artifacts\outputs\run_generated_170126_at_23.33_RETRY\logs\LF_AHB-ATZ_20260118_001644.log
2026-01-18 00:16:44 | INFO     | Enhanced logging: Capturing both logging.info() and print()
2026-01-18 00:16:44 | INFO     | ======================================================================
[LF] Processing dates (override): ['01FEB', '31JAN', '30JAN', '29JAN', '28JAN', '27JAN', '26JAN', '25JAN']
[LF] Attaching to Chrome for Altea access
2026-01-18 00:16:44 | INFO     | Starting LF search for route: AHB-ATZ
2026-01-18 00:16:44 | INFO     | [START] LF Search
[LF][[OK] SUCCESS] Connected to Chrome on 127.0.0.1:9227 (after 1 attempts)
2026-01-18 00:16:45 | INFO     | [HEALTH CHECK] [OK] Chrome connection is healthy
[LF][[OK] SUCCESS] Found Amadeus Altea window: Altéa Reservation Desktop
[LF][[INFO] INFO] URL: https://tc212.resdesktop.altea.amadeus.com/app_ard/apf/init/login?SITE=ESMPESMP&LANGUAGE=GB&MARKETS=ARDW_PROD_WBP&ACTION=clpLogin
2026-01-18 00:16:45 | INFO     | [DAY_START] Processing 01FEB
[LF] Processing AHB-ATZ for 01FEB
2026-01-18 00:16:45 | INFO     | [lf.day.start] Processing AHB-ATZ for 01FEB
[LF] No direct flights on 01FEB for AHB-ATZ
2026-01-18 00:16:46 | WARNING  | [lf.day.no_flights] No direct flights on 01FEB
2026-01-18 00:16:46 | INFO     | [SUCCESS] Day 01FEB
2026-01-18 00:16:46 | INFO     | [DAY_START] Processing 31JAN
[LF] Processing AHB-ATZ for 31JAN
2026-01-18 00:16:46 | INFO     | [lf.day.start] Processing AHB-ATZ for 31JAN
[LF] No direct flights on 31JAN for AHB-ATZ
2026-01-18 00:16:47 | WARNING  | [lf.day.no_flights] No direct flights on 31JAN
2026-01-18 00:16:48 | INFO     | [SUCCESS] Day 31JAN
2026-01-18 00:16:48 | INFO     | [DAY_START] Processing 30JAN
[LF] Processing AHB-ATZ for 30JAN
2026-01-18 00:16:48 | INFO     | [lf.day.start] Processing AHB-ATZ for 30JAN
[LF] 30JAN: found 1 direct flights
2026-01-18 00:16:49 | INFO     | [lf.day.flights_found] Found 1 flights on 30JAN
2026-01-18 00:16:51 | INFO     | [lf.flight.extracted] SM446 on 30JAN: BKG=64, LF=38.3%
[LF] SM446 30JAN: BKG=64, GRP=0, CAP=167, LF%=38.3%, Brd-Off=AHB-ATZ, Classes: X:7, T:3, W:3, S:10, G:39, L:1, V:1
[LF] Getting WEEKLY/LASTSOLD data for 1 flights
[LF] SM446 30JAN: LASTSOLD=2026-01-17 00:00:00, WEEKLY=20, TODAY=0, YDAY=4
2026-01-18 00:16:55 | INFO     | [SUCCESS] Day 30JAN
2026-01-18 00:16:55 | INFO     | [DAY_START] Processing 29JAN
[LF] Processing AHB-ATZ for 29JAN
2026-01-18 00:16:55 | INFO     | [lf.day.start] Processing AHB-ATZ for 29JAN
[LF] No direct flights on 29JAN for AHB-ATZ
2026-01-18 00:16:56 | WARNING  | [lf.day.no_flights] No direct flights on 29JAN
2026-01-18 00:16:56 | INFO     | [SUCCESS] Day 29JAN
2026-01-18 00:16:56 | INFO     | [DAY_START] Processing 28JAN
[LF] Processing AHB-ATZ for 28JAN
2026-01-18 00:16:56 | INFO     | [lf.day.start] Processing AHB-ATZ for 28JAN
[LF] No direct flights on 28JAN for AHB-ATZ
2026-01-18 00:16:57 | WARNING  | [lf.day.no_flights] No direct flights on 28JAN
2026-01-18 00:16:58 | INFO     | [SUCCESS] Day 28JAN
2026-01-18 00:16:58 | INFO     | [DAY_START] Processing 27JAN
[LF] Processing AHB-ATZ for 27JAN
2026-01-18 00:16:58 | INFO     | [lf.day.start] Processing AHB-ATZ for 27JAN
[LF] No direct flights on 27JAN for AHB-ATZ
2026-01-18 00:16:59 | WARNING  | [lf.day.no_flights] No direct flights on 27JAN
2026-01-18 00:16:59 | INFO     | [SUCCESS] Day 27JAN
2026-01-18 00:16:59 | INFO     | [DAY_START] Processing 26JAN
[LF] Processing AHB-ATZ for 26JAN
2026-01-18 00:16:59 | INFO     | [lf.day.start] Processing AHB-ATZ for 26JAN
[LF] No direct flights on 26JAN for AHB-ATZ
2026-01-18 00:17:00 | WARNING  | [lf.day.no_flights] No direct flights on 26JAN
2026-01-18 00:17:00 | INFO     | [SUCCESS] Day 26JAN
2026-01-18 00:17:00 | INFO     | [DAY_START] Processing 25JAN
[LF] Processing AHB-ATZ for 25JAN
2026-01-18 00:17:00 | INFO     | [lf.day.start] Processing AHB-ATZ for 25JAN
[LF] No direct flights on 25JAN for AHB-ATZ
2026-01-18 00:17:01 | WARNING  | [lf.day.no_flights] No direct flights on 25JAN
2026-01-18 00:17:01 | INFO     | [SUCCESS] Day 25JAN
[LF] Results summary:
  2026-02-01: 0 flights
  2026-01-31: 0 flights
  2026-01-30: 1 flights
  2026-01-29: 0 flights
  2026-01-28: 0 flights
  2026-01-27: 0 flights
  2026-01-26: 0 flights
  2026-01-25: 0 flights
2026-01-18 00:17:01 | INFO     | [SUCCESS] LF Search Complete

============================================================
[Worker_9227] ✓ COMPLETED: AHB-ATZ
  Results: 8 dates
  Errors: 0 dates
  Total Processed: 58 groups
============================================================

2026-01-18 00:17:01 | INFO     | [Worker_9227] Completed: AHB-ATZ - 8 results, 0 errors

============================================================
[Worker_9227] Processing: CAI-MED
  Tier 0: Range 1, Chunk 2/3
  Dates: 8 days
  Date Range: 2026-02-01 to 2026-01-25
============================================================

2026-01-18 00:17:01 | INFO     | [Worker_9227] Processing: CAI-MED
2026-01-18 00:17:01 | INFO     |   Tier 0: Range 1, Chunk 2/3 (8 days)
2026-01-18 00:17:01 | INFO     | ======================================================================
2026-01-18 00:17:01 | INFO     | Load Factor Scraper Started - Route: CAI-MED
2026-01-18 00:17:01 | INFO     | Log file: D:\CODERED\LAB\Artifacts\outputs\run_generated_170126_at_23.33_RETRY\logs\LF_CAI-MED_20260118_001701.log
2026-01-18 00:17:01 | INFO     | Enhanced logging: Capturing both logging.info() and print()
2026-01-18 00:17:01 | INFO     | ======================================================================
[LF] Processing dates (override): ['01FEB', '31JAN', '30JAN', '29JAN', '28JAN', '27JAN', '26JAN', '25JAN']
[LF] Attaching to Chrome for Altea access
2026-01-18 00:17:01 | INFO     | Starting LF search for route: CAI-MED
2026-01-18 00:17:01 | INFO     | [START] LF Search
[LF][[OK] SUCCESS] Connected to Chrome on 127.0.0.1:9227 (after 1 attempts)
2026-01-18 00:17:02 | INFO     | [HEALTH CHECK] [OK] Chrome connection is healthy
[LF][[OK] SUCCESS] Found Amadeus Altea window: Altéa Reservation Desktop
[LF][[INFO] INFO] URL: https://tc212.resdesktop.altea.amadeus.com/app_ard/apf/init/login?SITE=ESMPESMP&LANGUAGE=GB&MARKETS=ARDW_PROD_WBP&ACTION=clpLogin
2026-01-18 00:17:02 | INFO     | [DAY_START] Processing 01FEB
[LF] Processing CAI-MED for 01FEB
2026-01-18 00:17:02 | INFO     | [lf.day.start] Processing CAI-MED for 01FEB
[LF] 01FEB: found 1 direct flights
2026-01-18 00:17:03 | INFO     | [lf.day.flights_found] Found 1 flights on 01FEB
2026-01-18 00:17:05 | INFO     | [lf.flight.extracted] SM493 on 01FEB: BKG=84, LF=47.7%
[LF] SM493 01FEB: BKG=84, GRP=25, CAP=176, LF%=47.7%, Brd-Off=CAI-MED, Classes: E:25, I:16, O:10, U:11, X:11, T:9, W:2
[LF] Getting WEEKLY/LASTSOLD data for 1 flights
[LF] SM493 01FEB: LASTSOLD=2026-01-17 00:00:00, WEEKLY=15, TODAY=0, YDAY=2
2026-01-18 00:17:10 | INFO     | [SUCCESS] Day 01FEB
2026-01-18 00:17:10 | INFO     | [DAY_START] Processing 31JAN
[LF] Processing CAI-MED for 31JAN
2026-01-18 00:17:10 | INFO     | [lf.day.start] Processing CAI-MED for 31JAN
[LF] 31JAN: found 1 direct flights
2026-01-18 00:17:11 | INFO     | [lf.day.flights_found] Found 1 flights on 31JAN
2026-01-18 00:17:13 | INFO     | [lf.flight.extracted] SM493 on 31JAN: BKG=20, LF=11.2%
[LF] SM493 31JAN: BKG=20, GRP=0, CAP=179, LF%=11.2%, Brd-Off=CAI-MED, Classes: T:10, W:9, S:1
[LF] Getting WEEKLY/LASTSOLD data for 1 flights
[LF] SM493 31JAN: LASTSOLD=2026-01-17 00:00:00, WEEKLY=2, TODAY=0, YDAY=1
2026-01-18 00:17:16 | INFO     | [SUCCESS] Day 31JAN
2026-01-18 00:17:16 | INFO     | [DAY_START] Processing 30JAN
[LF] Processing CAI-MED for 30JAN
2026-01-18 00:17:16 | INFO     | [lf.day.start] Processing CAI-MED for 30JAN
[LF] No direct flights on 30JAN for CAI-MED
2026-01-18 00:17:17 | WARNING  | [lf.day.no_flights] No direct flights on 30JAN
2026-01-18 00:17:17 | INFO     | [SUCCESS] Day 30JAN
2026-01-18 00:17:17 | INFO     | [DAY_START] Processing 29JAN
[LF] Processing CAI-MED for 29JAN
2026-01-18 00:17:17 | INFO     | [lf.day.start] Processing CAI-MED for 29JAN
[LF] 29JAN: found 1 direct flights
2026-01-18 00:17:18 | INFO     | [lf.day.flights_found] Found 1 flights on 29JAN
2026-01-18 00:17:20 | INFO     | [lf.flight.extracted] SM493 on 29JAN: BKG=183, LF=104.0%
[LF] SM493 29JAN: BKG=183, GRP=129, CAP=176, LF%=104.0%, Brd-Off=CAI-MED, Classes: P:121, T:10, W:15, S:15, G:18, K:4
[LF] Getting WEEKLY/LASTSOLD data for 1 flights
[LF] SM493 29JAN: LASTSOLD=2026-01-16 00:00:00, WEEKLY=7, TODAY=0, YDAY=0
2026-01-18 00:17:24 | INFO     | [SUCCESS] Day 29JAN
2026-01-18 00:17:24 | INFO     | [DAY_START] Processing 28JAN
[LF] Processing CAI-MED for 28JAN
2026-01-18 00:17:24 | INFO     | [lf.day.start] Processing CAI-MED for 28JAN
[LF] No direct flights on 28JAN for CAI-MED
2026-01-18 00:17:25 | WARNING  | [lf.day.no_flights] No direct flights on 28JAN
2026-01-18 00:17:25 | INFO     | [SUCCESS] Day 28JAN
2026-01-18 00:17:25 | INFO     | [DAY_START] Processing 27JAN
[LF] Processing CAI-MED for 27JAN
2026-01-18 00:17:25 | INFO     | [lf.day.start] Processing CAI-MED for 27JAN
[LF] 27JAN: found 1 direct flights
2026-01-18 00:17:26 | INFO     | [lf.day.flights_found] Found 1 flights on 27JAN
2026-01-18 00:17:28 | INFO     | [lf.flight.extracted] SM493 on 27JAN: BKG=181, LF=101.1%
[LF] SM493 27JAN: BKG=181, GRP=180, CAP=179, LF%=101.1%, Brd-Off=CAI-MED, Classes: P:180, T:1
[LF] Getting WEEKLY/LASTSOLD data for 1 flights
[LF] SM493 27JAN: LASTSOLD=2025-12-09 00:00:00, WEEKLY=0, TODAY=0, YDAY=0
2026-01-18 00:17:30 | INFO     | [SUCCESS] Day 27JAN
2026-01-18 00:17:30 | INFO     | [DAY_START] Processing 26JAN
[LF] Processing CAI-MED for 26JAN
2026-01-18 00:17:30 | INFO     | [lf.day.start] Processing CAI-MED for 26JAN
[LF] 26JAN: found 1 direct flights
2026-01-18 00:17:31 | INFO     | [lf.day.flights_found] Found 1 flights on 26JAN
2026-01-18 00:17:33 | INFO     | [lf.flight.extracted] SM495 on 26JAN: BKG=179, LF=100.0%
[LF] SM495 26JAN: BKG=179, GRP=135, CAP=179, LF%=100.0%, Brd-Off=CAI-MED, Classes: P:135, T:10, W:13, S:15, G:4, K:2
[LF] Getting WEEKLY/LASTSOLD data for 1 flights
[LF] SM495 26JAN: LASTSOLD=2026-01-17 00:00:00, WEEKLY=2, TODAY=0, YDAY=1
2026-01-18 00:17:37 | INFO     | [SUCCESS] Day 26JAN
2026-01-18 00:17:37 | INFO     | [DAY_START] Processing 25JAN
[LF] Processing CAI-MED for 25JAN
2026-01-18 00:17:37 | INFO     | [lf.day.start] Processing CAI-MED for 25JAN
[LF] 25JAN: found 1 direct flights
2026-01-18 00:17:38 | INFO     | [lf.day.flights_found] Found 1 flights on 25JAN
2026-01-18 00:17:40 | INFO     | [lf.flight.extracted] SM493 on 25JAN: BKG=177, LF=100.6%
[LF] SM493 25JAN: BKG=177, GRP=140, CAP=176, LF%=100.6%, Brd-Off=CAI-MED, Classes: P:140, T:10, W:15, S:7, K:5
[LF] Getting WEEKLY/LASTSOLD data for 1 flights
[LF] SM493 25JAN: LASTSOLD=2026-01-01 00:00:00, WEEKLY=0, TODAY=0, YDAY=0
2026-01-18 00:17:43 | INFO     | [SUCCESS] Day 25JAN
[LF] Results summary:
  2026-02-01: 1 flights
  2026-01-31: 1 flights
  2026-01-30: 0 flights
  2026-01-29: 1 flights
  2026-01-28: 0 flights
  2026-01-27: 1 flights
  2026-01-26: 1 flights
  2026-01-25: 1 flights
2026-01-18 00:17:43 | INFO     | [SUCCESS] LF Search Complete

============================================================
[Worker_9227] ✓ COMPLETED: CAI-MED
  Results: 8 dates
  Errors: 0 dates
  Total Processed: 59 groups
============================================================

2026-01-18 00:17:43 | INFO     | [Worker_9227] Completed: CAI-MED - 8 results, 0 errors

============================================================
[Worker_9227] Processing: LXR-JED
  Tier 0: Range 1, Chunk 2/3
  Dates: 8 days
  Date Range: 2026-02-01 to 2026-01-25
============================================================

2026-01-18 00:17:43 | INFO     | [Worker_9227] Processing: LXR-JED
2026-01-18 00:17:43 | INFO     |   Tier 0: Range 1, Chunk 2/3 (8 days)
2026-01-18 00:17:43 | INFO     | ======================================================================
2026-01-18 00:17:43 | INFO     | Load Factor Scraper Started - Route: LXR-JED
2026-01-18 00:17:43 | INFO     | Log file: D:\CODERED\LAB\Artifacts\outputs\run_generated_170126_at_23.33_RETRY\logs\LF_LXR-JED_20260118_001743.log
2026-01-18 00:17:43 | INFO     | Enhanced logging: Capturing both logging.info() and print()
2026-01-18 00:17:43 | INFO     | ======================================================================
[LF] Processing dates (override): ['01FEB', '31JAN', '30JAN', '29JAN', '28JAN', '27JAN', '26JAN', '25JAN']
[LF] Attaching to Chrome for Altea access
2026-01-18 00:17:43 | INFO     | Starting LF search for route: LXR-JED
2026-01-18 00:17:43 | INFO     | [START] LF Search
[LF][[OK] SUCCESS] Connected to Chrome on 127.0.0.1:9227 (after 1 attempts)
2026-01-18 00:17:44 | INFO     | [HEALTH CHECK] [OK] Chrome connection is healthy
[LF][[OK] SUCCESS] Found Amadeus Altea window: Altéa Reservation Desktop
[LF][[INFO] INFO] URL: https://tc212.resdesktop.altea.amadeus.com/app_ard/apf/init/login?SITE=ESMPESMP&LANGUAGE=GB&MARKETS=ARDW_PROD_WBP&ACTION=clpLogin
2026-01-18 00:17:44 | INFO     | [DAY_START] Processing 01FEB
[LF] Processing LXR-JED for 01FEB
2026-01-18 00:17:44 | INFO     | [lf.day.start] Processing LXR-JED for 01FEB
[LF] No direct flights on 01FEB for LXR-JED
2026-01-18 00:17:45 | WARNING  | [lf.day.no_flights] No direct flights on 01FEB
2026-01-18 00:17:45 | INFO     | [SUCCESS] Day 01FEB
2026-01-18 00:17:45 | INFO     | [DAY_START] Processing 31JAN
[LF] Processing LXR-JED for 31JAN
2026-01-18 00:17:45 | INFO     | [lf.day.start] Processing LXR-JED for 31JAN
[LF] No direct flights on 31JAN for LXR-JED
2026-01-18 00:17:46 | WARNING  | [lf.day.no_flights] No direct flights on 31JAN
2026-01-18 00:17:46 | INFO     | [SUCCESS] Day 31JAN
2026-01-18 00:17:46 | INFO     | [DAY_START] Processing 30JAN
[LF] Processing LXR-JED for 30JAN
2026-01-18 00:17:46 | INFO     | [lf.day.start] Processing LXR-JED for 30JAN
[LF] No direct flights on 30JAN for LXR-JED
2026-01-18 00:17:47 | WARNING  | [lf.day.no_flights] No direct flights on 30JAN
2026-01-18 00:17:47 | INFO     | [SUCCESS] Day 30JAN
2026-01-18 00:17:47 | INFO     | [DAY_START] Processing 29JAN
[LF] Processing LXR-JED for 29JAN
2026-01-18 00:17:47 | INFO     | [lf.day.start] Processing LXR-JED for 29JAN
[LF] No direct flights on 29JAN for LXR-JED
2026-01-18 00:17:48 | WARNING  | [lf.day.no_flights] No direct flights on 29JAN
2026-01-18 00:17:49 | INFO     | [SUCCESS] Day 29JAN
2026-01-18 00:17:49 | INFO     | [DAY_START] Processing 28JAN
[LF] Processing LXR-JED for 28JAN
2026-01-18 00:17:49 | INFO     | [lf.day.start] Processing LXR-JED for 28JAN
[LF] No direct flights on 28JAN for LXR-JED
2026-01-18 00:17:50 | WARNING  | [lf.day.no_flights] No direct flights on 28JAN
2026-01-18 00:17:50 | INFO     | [SUCCESS] Day 28JAN
2026-01-18 00:17:50 | INFO     | [DAY_START] Processing 27JAN
[LF] Processing LXR-JED for 27JAN
2026-01-18 00:17:50 | INFO     | [lf.day.start] Processing LXR-JED for 27JAN
[LF] 27JAN: found 5 direct flights
2026-01-18 00:17:51 | INFO     | [lf.day.flights_found] Found 5 flights on 27JAN
2026-01-18 00:17:53 | INFO     | [lf.flight.extracted] SM429 on 27JAN: BKG=0, LF=0.0%
[LF] SM429 27JAN: BKG=0, GRP=0, CAP=179, LF%=0.0%, Brd-Off=LXR-JED
2026-01-18 00:17:56 | INFO     | [lf.flight.extracted] SM483 on 27JAN: BKG=0, LF=0.0%
[LF] SM483 27JAN: BKG=0, GRP=0, CAP=179, LF%=0.0%, Brd-Off=LXR-JED
2026-01-18 00:17:59 | INFO     | [lf.flight.extracted] SM959 on 27JAN: BKG=0, LF=0.0%
[LF] SM959 27JAN: BKG=0, GRP=0, CAP=179, LF%=0.0%, Brd-Off=LXR-JED
2026-01-18 00:18:02 | INFO     | [lf.flight.extracted] SM981 on 27JAN: BKG=0, LF=0.0%
[LF] SM981 27JAN: BKG=0, GRP=0, CAP=179, LF%=0.0%, Brd-Off=LXR-JED
2026-01-18 00:18:05 | INFO     | [lf.flight.extracted] SM961 on 27JAN: BKG=0, LF=0.0%
[LF] SM961 27JAN: BKG=0, GRP=0, CAP=179, LF%=0.0%, Brd-Off=LXR-JED
2026-01-18 00:18:06 | INFO     | [SUCCESS] Day 27JAN
2026-01-18 00:18:06 | INFO     | [DAY_START] Processing 26JAN
[LF] Processing LXR-JED for 26JAN
2026-01-18 00:18:06 | INFO     | [lf.day.start] Processing LXR-JED for 26JAN
[LF] 26JAN: found 1 direct flights
2026-01-18 00:18:08 | INFO     | [lf.day.flights_found] Found 1 flights on 26JAN
2026-01-18 00:18:10 | INFO     | [lf.flight.extracted] SM481 on 26JAN: BKG=0, LF=0.0%
[LF] SM481 26JAN: BKG=0, GRP=0, CAP=179, LF%=0.0%, Brd-Off=LXR-JED
2026-01-18 00:18:12 | INFO     | [SUCCESS] Day 26JAN
2026-01-18 00:18:12 | INFO     | [DAY_START] Processing 25JAN
[LF] Processing LXR-JED for 25JAN
2026-01-18 00:18:12 | INFO     | [lf.day.start] Processing LXR-JED for 25JAN
[LF] No direct flights on 25JAN for LXR-JED
2026-01-18 00:18:13 | WARNING  | [lf.day.no_flights] No direct flights on 25JAN
2026-01-18 00:18:13 | INFO     | [SUCCESS] Day 25JAN
[LF] Results summary:
  2026-02-01: 0 flights
  2026-01-31: 0 flights
  2026-01-30: 0 flights
  2026-01-29: 0 flights
  2026-01-28: 0 flights
  2026-01-27: 5 flights
  2026-01-26: 1 flights
  2026-01-25: 0 flights
2026-01-18 00:18:13 | INFO     | [SUCCESS] LF Search Complete

============================================================
[Worker_9227] ✓ COMPLETED: LXR-JED
  Results: 8 dates
  Errors: 0 dates
  Total Processed: 60 groups
============================================================

2026-01-18 00:18:13 | INFO     | [Worker_9227] Completed: LXR-JED - 8 results, 0 errors

============================================================
[Worker_9227] Processing: CAI-TUU
  Tier 0: Range 1, Chunk 2/3
  Dates: 8 days
  Date Range: 2026-02-01 to 2026-01-25
============================================================

2026-01-18 00:18:13 | INFO     | [Worker_9227] Processing: CAI-TUU
2026-01-18 00:18:13 | INFO     |   Tier 0: Range 1, Chunk 2/3 (8 days)
2026-01-18 00:18:13 | INFO     | ======================================================================
2026-01-18 00:18:13 | INFO     | Load Factor Scraper Started - Route: CAI-TUU
2026-01-18 00:18:13 | INFO     | Log file: D:\CODERED\LAB\Artifacts\outputs\run_generated_170126_at_23.33_RETRY\logs\LF_CAI-TUU_20260118_001813.log
2026-01-18 00:18:13 | INFO     | Enhanced logging: Capturing both logging.info() and print()
2026-01-18 00:18:13 | INFO     | ======================================================================
[LF] Processing dates (override): ['01FEB', '31JAN', '30JAN', '29JAN', '28JAN', '27JAN', '26JAN', '25JAN']
[LF] Attaching to Chrome for Altea access
2026-01-18 00:18:13 | INFO     | Starting LF search for route: CAI-TUU
2026-01-18 00:18:13 | INFO     | [START] LF Search
[LF][[OK] SUCCESS] Connected to Chrome on 127.0.0.1:9227 (after 1 attempts)
2026-01-18 00:18:14 | INFO     | [HEALTH CHECK] [OK] Chrome connection is healthy
[LF][[OK] SUCCESS] Found Amadeus Altea window: Altéa Reservation Desktop
[LF][[INFO] INFO] URL: https://tc212.resdesktop.altea.amadeus.com/app_ard/apf/init/login?SITE=ESMPESMP&LANGUAGE=GB&MARKETS=ARDW_PROD_WBP&ACTION=clpLogin
2026-01-18 00:18:14 | INFO     | [DAY_START] Processing 01FEB
[LF] Processing CAI-TUU for 01FEB
2026-01-18 00:18:14 | INFO     | [lf.day.start] Processing CAI-TUU for 01FEB
[LF] No direct flights on 01FEB for CAI-TUU
2026-01-18 00:18:15 | WARNING  | [lf.day.no_flights] No direct flights on 01FEB
2026-01-18 00:18:15 | INFO     | [SUCCESS] Day 01FEB
2026-01-18 00:18:15 | INFO     | [DAY_START] Processing 31JAN
[LF] Processing CAI-TUU for 31JAN
2026-01-18 00:18:15 | INFO     | [lf.day.start] Processing CAI-TUU for 31JAN
[LF] 31JAN: found 1 direct flights
2026-01-18 00:18:17 | INFO     | [lf.day.flights_found] Found 1 flights on 31JAN
2026-01-18 00:18:19 | INFO     | [lf.flight.extracted] SM325 on 31JAN: BKG=39, LF=21.8%
[LF] SM325 31JAN: BKG=39, GRP=0, CAP=179, LF%=21.8%, Brd-Off=CAI-TUU, Classes: I:32, O:5, U:2
[LF] Getting WEEKLY/LASTSOLD data for 1 flights
[LF] SM325 31JAN: LASTSOLD=2026-01-17 00:00:00, WEEKLY=11, TODAY=0, YDAY=1
2026-01-18 00:18:22 | INFO     | [SUCCESS] Day 31JAN
2026-01-18 00:18:22 | INFO     | [DAY_START] Processing 30JAN
[LF] Processing CAI-TUU for 30JAN
2026-01-18 00:18:22 | INFO     | [lf.day.start] Processing CAI-TUU for 30JAN
[LF] No direct flights on 30JAN for CAI-TUU
2026-01-18 00:18:23 | WARNING  | [lf.day.no_flights] No direct flights on 30JAN
2026-01-18 00:18:23 | INFO     | [SUCCESS] Day 30JAN
2026-01-18 00:18:23 | INFO     | [DAY_START] Processing 29JAN
[LF] Processing CAI-TUU for 29JAN
2026-01-18 00:18:23 | INFO     | [lf.day.start] Processing CAI-TUU for 29JAN
[LF] 29JAN: found 1 direct flights
2026-01-18 00:18:24 | INFO     | [lf.day.flights_found] Found 1 flights on 29JAN
2026-01-18 00:18:26 | INFO     | [lf.flight.extracted] SM325 on 29JAN: BKG=18, LF=10.1%
[LF] SM325 29JAN: BKG=18, GRP=0, CAP=179, LF%=10.1%, Brd-Off=CAI-TUU, Classes: I:15, O:1, U:2
[LF] Getting WEEKLY/LASTSOLD data for 1 flights
[LF] SM325 29JAN: LASTSOLD=2026-01-15 00:00:00, WEEKLY=6, TODAY=0, YDAY=0
2026-01-18 00:18:29 | INFO     | [SUCCESS] Day 29JAN
2026-01-18 00:18:29 | INFO     | [DAY_START] Processing 28JAN
[LF] Processing CAI-TUU for 28JAN
2026-01-18 00:18:29 | INFO     | [lf.day.start] Processing CAI-TUU for 28JAN
[LF] 28JAN: found 1 direct flights
2026-01-18 00:18:30 | INFO     | [lf.day.flights_found] Found 1 flights on 28JAN
2026-01-18 00:18:32 | INFO     | [lf.flight.extracted] SM325 on 28JAN: BKG=17, LF=9.5%
[LF] SM325 28JAN: BKG=17, GRP=0, CAP=179, LF%=9.5%, Brd-Off=CAI-TUU, Classes: I:16, O:1
[LF] Getting WEEKLY/LASTSOLD data for 1 flights
[LF] SM325 28JAN: LASTSOLD=2026-01-16 00:00:00, WEEKLY=4, TODAY=0, YDAY=0
2026-01-18 00:18:34 | INFO     | [SUCCESS] Day 28JAN
2026-01-18 00:18:34 | INFO     | [DAY_START] Processing 27JAN
[LF] Processing CAI-TUU for 27JAN
2026-01-18 00:18:34 | INFO     | [lf.day.start] Processing CAI-TUU for 27JAN
[LF] No direct flights on 27JAN for CAI-TUU
2026-01-18 00:18:41 | WARNING  | [lf.day.no_flights] No direct flights on 27JAN
2026-01-18 00:18:41 | INFO     | [SUCCESS] Day 27JAN
2026-01-18 00:18:41 | INFO     | [DAY_START] Processing 26JAN
[LF] Processing CAI-TUU for 26JAN
2026-01-18 00:18:41 | INFO     | [lf.day.start] Processing CAI-TUU for 26JAN
[LF] No direct flights on 26JAN for CAI-TUU
2026-01-18 00:18:42 | WARNING  | [lf.day.no_flights] No direct flights on 26JAN
2026-01-18 00:18:43 | INFO     | [SUCCESS] Day 26JAN
2026-01-18 00:18:43 | INFO     | [DAY_START] Processing 25JAN
[LF] Processing CAI-TUU for 25JAN
2026-01-18 00:18:43 | INFO     | [lf.day.start] Processing CAI-TUU for 25JAN
[LF] No direct flights on 25JAN for CAI-TUU
2026-01-18 00:18:43 | WARNING  | [lf.day.no_flights] No direct flights on 25JAN
2026-01-18 00:18:44 | INFO     | [SUCCESS] Day 25JAN
[LF] Results summary:
  2026-02-01: 0 flights
  2026-01-31: 1 flights
  2026-01-30: 0 flights
  2026-01-29: 1 flights
  2026-01-28: 1 flights
  2026-01-27: 0 flights
  2026-01-26: 0 flights
  2026-01-25: 0 flights
2026-01-18 00:18:44 | INFO     | [SUCCESS] LF Search Complete

============================================================
[Worker_9227] ✓ COMPLETED: CAI-TUU
  Results: 8 dates
  Errors: 0 dates
  Total Processed: 61 groups
============================================================

2026-01-18 00:18:44 | INFO     | [Worker_9227] Completed: CAI-TUU - 8 results, 0 errors

============================================================
[Worker_9227] Processing: CAI-YNB
  Tier 0: Range 1, Chunk 2/3
  Dates: 8 days
  Date Range: 2026-02-01 to 2026-01-25
============================================================

2026-01-18 00:18:44 | INFO     | [Worker_9227] Processing: CAI-YNB
2026-01-18 00:18:44 | INFO     |   Tier 0: Range 1, Chunk 2/3 (8 days)
2026-01-18 00:18:44 | INFO     | ======================================================================
2026-01-18 00:18:44 | INFO     | Load Factor Scraper Started - Route: CAI-YNB
2026-01-18 00:18:44 | INFO     | Log file: D:\CODERED\LAB\Artifacts\outputs\run_generated_170126_at_23.33_RETRY\logs\LF_CAI-YNB_20260118_001844.log
2026-01-18 00:18:44 | INFO     | Enhanced logging: Capturing both logging.info() and print()
2026-01-18 00:18:44 | INFO     | ======================================================================
[LF] Processing dates (override): ['01FEB', '31JAN', '30JAN', '29JAN', '28JAN', '27JAN', '26JAN', '25JAN']
[LF] Attaching to Chrome for Altea access
2026-01-18 00:18:44 | INFO     | Starting LF search for route: CAI-YNB
2026-01-18 00:18:44 | INFO     | [START] LF Search
[LF][[OK] SUCCESS] Connected to Chrome on 127.0.0.1:9227 (after 1 attempts)
2026-01-18 00:18:45 | INFO     | [HEALTH CHECK] [OK] Chrome connection is healthy
[LF][[OK] SUCCESS] Found Amadeus Altea window: Altéa Reservation Desktop
[LF][[INFO] INFO] URL: https://tc212.resdesktop.altea.amadeus.com/app_ard/apf/init/login?SITE=ESMPESMP&LANGUAGE=GB&MARKETS=ARDW_PROD_WBP&ACTION=clpLogin
2026-01-18 00:18:45 | INFO     | [DAY_START] Processing 01FEB
[LF] Processing CAI-YNB for 01FEB
2026-01-18 00:18:45 | INFO     | [lf.day.start] Processing CAI-YNB for 01FEB
[LF] 01FEB: found 1 direct flights
2026-01-18 00:18:46 | INFO     | [lf.day.flights_found] Found 1 flights on 01FEB
2026-01-18 00:18:48 | INFO     | [lf.flight.extracted] SM441 on 01FEB: BKG=29, LF=16.2%
[LF] SM441 01FEB: BKG=29, GRP=0, CAP=179, LF%=16.2%, Brd-Off=CAI-YNB, Classes: X:1, W:3, S:9, G:16
[LF] Getting WEEKLY/LASTSOLD data for 1 flights
[LF] SM441 01FEB: LASTSOLD=2026-01-17 00:00:00, WEEKLY=15, TODAY=0, YDAY=1
2026-01-18 00:18:51 | INFO     | [SUCCESS] Day 01FEB
2026-01-18 00:18:51 | INFO     | [DAY_START] Processing 31JAN
[LF] Processing CAI-YNB for 31JAN
2026-01-18 00:18:51 | INFO     | [lf.day.start] Processing CAI-YNB for 31JAN
[LF] 31JAN: found 1 direct flights
2026-01-18 00:18:52 | INFO     | [lf.day.flights_found] Found 1 flights on 31JAN
2026-01-18 00:18:54 | INFO     | [lf.flight.extracted] SM441 on 31JAN: BKG=74, LF=41.3%
[LF] SM441 31JAN: BKG=74, GRP=45, CAP=179, LF%=41.3%, Brd-Off=CAI-YNB, Classes: P:45, O:2, X:1, W:3, S:4, G:4, L:4, V:4, K:4, Q:3
[LF] Getting WEEKLY/LASTSOLD data for 1 flights
[LF] SM441 31JAN: LASTSOLD=2026-01-13 00:00:00, WEEKLY=3, TODAY=0, YDAY=0
2026-01-18 00:18:58 | INFO     | [SUCCESS] Day 31JAN
2026-01-18 00:18:58 | INFO     | [DAY_START] Processing 30JAN
[LF] Processing CAI-YNB for 30JAN
2026-01-18 00:18:58 | INFO     | [lf.day.start] Processing CAI-YNB for 30JAN
[LF] 30JAN: found 1 direct flights
2026-01-18 00:18:59 | INFO     | [lf.day.flights_found] Found 1 flights on 30JAN
2026-01-18 00:19:01 | INFO     | [lf.flight.extracted] SM441 on 30JAN: BKG=70, LF=39.1%
[LF] SM441 30JAN: BKG=70, GRP=45, CAP=179, LF%=39.1%, Brd-Off=CAI-YNB, Classes: P:45, O:1, X:1, W:3, S:16, G:4
[LF] Getting WEEKLY/LASTSOLD data for 1 flights
[LF] SM441 30JAN: LASTSOLD=2026-01-17 00:00:00, WEEKLY=11, TODAY=0, YDAY=2
2026-01-18 00:19:04 | INFO     | [SUCCESS] Day 30JAN
2026-01-18 00:19:04 | INFO     | [DAY_START] Processing 29JAN
[LF] Processing CAI-YNB for 29JAN
2026-01-18 00:19:04 | INFO     | [lf.day.start] Processing CAI-YNB for 29JAN
[LF] 29JAN: found 1 direct flights
2026-01-18 00:19:05 | INFO     | [lf.day.flights_found] Found 1 flights on 29JAN
2026-01-18 00:19:07 | INFO     | [lf.flight.extracted] SM441 on 29JAN: BKG=127, LF=71.0%
[LF] SM441 29JAN: BKG=127, GRP=94, CAP=179, LF%=71.0%, Brd-Off=CAI-YNB, Classes: P:94, U:1, X:2, W:11, S:14, G:5
[LF] Getting WEEKLY/LASTSOLD data for 1 flights
[LF] SM441 29JAN: LASTSOLD=2026-01-17 00:00:00, WEEKLY=16, TODAY=0, YDAY=7
2026-01-18 00:19:11 | INFO     | [SUCCESS] Day 29JAN
2026-01-18 00:19:11 | INFO     | [DAY_START] Processing 28JAN
[LF] Processing CAI-YNB for 28JAN
2026-01-18 00:19:11 | INFO     | [lf.day.start] Processing CAI-YNB for 28JAN
[LF] 28JAN: found 1 direct flights
2026-01-18 00:19:12 | INFO     | [lf.day.flights_found] Found 1 flights on 28JAN
2026-01-18 00:19:14 | INFO     | [lf.flight.extracted] SM441 on 28JAN: BKG=123, LF=68.7%
[LF] SM441 28JAN: BKG=123, GRP=90, CAP=179, LF%=68.7%, Brd-Off=CAI-YNB, Classes: P:90, U:1, X:14, T:7, W:1, S:9, K:1
[LF] Getting WEEKLY/LASTSOLD data for 1 flights
[LF] SM441 28JAN: LASTSOLD=2026-01-17 00:00:00, WEEKLY=23, TODAY=0, YDAY=3
2026-01-18 00:19:17 | INFO     | [SUCCESS] Day 28JAN
2026-01-18 00:19:17 | INFO     | [DAY_START] Processing 27JAN
[LF] Processing CAI-YNB for 27JAN
2026-01-18 00:19:17 | INFO     | [lf.day.start] Processing CAI-YNB for 27JAN
[LF] 27JAN: found 1 direct flights
2026-01-18 00:19:18 | INFO     | [lf.day.flights_found] Found 1 flights on 27JAN
2026-01-18 00:19:20 | INFO     | [lf.flight.extracted] SM441 on 27JAN: BKG=138, LF=77.1%
[LF] SM441 27JAN: BKG=138, GRP=45, CAP=179, LF%=77.1%, Brd-Off=CAI-YNB, Classes: P:45, O:1, X:24, T:25, W:25, S:17, G:1
[LF] Getting WEEKLY/LASTSOLD data for 1 flights
[LF] SM441 27JAN: LASTSOLD=2026-01-17 00:00:00, WEEKLY=41, TODAY=0, YDAY=5
2026-01-18 00:19:26 | INFO     | [SUCCESS] Day 27JAN
2026-01-18 00:19:26 | INFO     | [DAY_START] Processing 26JAN
[LF] Processing CAI-YNB for 26JAN
2026-01-18 00:19:26 | INFO     | [lf.day.start] Processing CAI-YNB for 26JAN
[LF] 26JAN: found 1 direct flights
2026-01-18 00:19:27 | INFO     | [lf.day.flights_found] Found 1 flights on 26JAN
2026-01-18 00:19:29 | INFO     | [lf.flight.extracted] SM441 on 26JAN: BKG=179, LF=100.0%
[LF] SM441 26JAN: BKG=179, GRP=165, CAP=179, LF%=100.0%, Brd-Off=CAI-YNB, Classes: P:165, O:4, X:1, W:3, S:6
[LF] Getting WEEKLY/LASTSOLD data for 1 flights
[LF] SM441 26JAN: LASTSOLD=2026-01-07 00:00:00, WEEKLY=0, TODAY=0, YDAY=0
2026-01-18 00:19:32 | INFO     | [SUCCESS] Day 26JAN
2026-01-18 00:19:32 | INFO     | [DAY_START] Processing 25JAN
[LF] Processing CAI-YNB for 25JAN
2026-01-18 00:19:32 | INFO     | [lf.day.start] Processing CAI-YNB for 25JAN
[LF] 25JAN: found 1 direct flights
2026-01-18 00:19:33 | INFO     | [lf.day.flights_found] Found 1 flights on 25JAN
2026-01-18 00:19:36 | INFO     | [lf.flight.extracted] SM441 on 25JAN: BKG=176, LF=100.0%
[LF] SM441 25JAN: BKG=176, GRP=135, CAP=176, LF%=100.0%, Brd-Off=CAI-YNB, Classes: P:135, U:1, X:2, T:1, S:9, G:18, L:10
[LF] Getting WEEKLY/LASTSOLD data for 1 flights
[LF] SM441 25JAN: LASTSOLD=2026-01-12 00:00:00, WEEKLY=1, TODAY=0, YDAY=0
2026-01-18 00:19:40 | INFO     | [SUCCESS] Day 25JAN
[LF] Results summary:
  2026-02-01: 1 flights
  2026-01-31: 1 flights
  2026-01-30: 1 flights
  2026-01-29: 1 flights
  2026-01-28: 1 flights
  2026-01-27: 1 flights
  2026-01-26: 1 flights
  2026-01-25: 1 flights
2026-01-18 00:19:40 | INFO     | [SUCCESS] LF Search Complete

============================================================
[Worker_9227] ✓ COMPLETED: CAI-YNB
  Results: 8 dates
  Errors: 0 dates
  Total Processed: 62 groups
============================================================

2026-01-18 00:19:40 | INFO     | [Worker_9227] Completed: CAI-YNB - 8 results, 0 errors

============================================================
[Worker_9227] Processing: JED-HBE
  Tier 0: Range 1, Chunk 3/3
  Dates: 8 days
  Date Range: 2026-01-24 to 2026-01-17
============================================================

2026-01-18 00:19:40 | INFO     | [Worker_9227] Processing: JED-HBE
2026-01-18 00:19:40 | INFO     |   Tier 0: Range 1, Chunk 3/3 (8 days)
2026-01-18 00:19:40 | INFO     | ======================================================================
2026-01-18 00:19:40 | INFO     | Load Factor Scraper Started - Route: JED-HBE
2026-01-18 00:19:40 | INFO     | Log file: D:\CODERED\LAB\Artifacts\outputs\run_generated_170126_at_23.33_RETRY\logs\LF_JED-HBE_20260118_001940.log
2026-01-18 00:19:40 | INFO     | Enhanced logging: Capturing both logging.info() and print()
2026-01-18 00:19:40 | INFO     | ======================================================================
[LF] Processing dates (override): ['24JAN', '23JAN', '22JAN', '21JAN', '20JAN', '19JAN', '18JAN', '17JAN']
[LF] Attaching to Chrome for Altea access
2026-01-18 00:19:40 | INFO     | Starting LF search for route: JED-HBE
2026-01-18 00:19:40 | INFO     | [START] LF Search
[LF][[OK] SUCCESS] Connected to Chrome on 127.0.0.1:9227 (after 1 attempts)
2026-01-18 00:19:41 | INFO     | [HEALTH CHECK] [OK] Chrome connection is healthy
[LF][[OK] SUCCESS] Found Amadeus Altea window: Altéa Reservation Desktop
[LF][[INFO] INFO] URL: https://tc212.resdesktop.altea.amadeus.com/app_ard/apf/init/login?SITE=ESMPESMP&LANGUAGE=GB&MARKETS=ARDW_PROD_WBP&ACTION=clpLogin
2026-01-18 00:19:41 | INFO     | [DAY_START] Processing 24JAN
[LF] Processing JED-HBE for 24JAN
2026-01-18 00:19:41 | INFO     | [lf.day.start] Processing JED-HBE for 24JAN
[LF] 24JAN: found 2 direct flights
2026-01-18 00:19:42 | INFO     | [lf.day.flights_found] Found 2 flights on 24JAN
2026-01-18 00:19:44 | INFO     | [lf.flight.extracted] SM458 on 24JAN: BKG=172, LF=98.3%
[LF] SM458 24JAN: BKG=172, GRP=171, CAP=175, LF%=98.3%, Brd-Off=JED-HBE, Classes: P:169, E:2, X:1
2026-01-18 00:19:47 | INFO     | [lf.flight.extracted] SM452 on 24JAN: BKG=164, LF=93.7%
[LF] SM452 24JAN: BKG=164, GRP=129, CAP=175, LF%=93.7%, Brd-Off=JED-HBE, Classes: P:129, I:17, O:6, U:2, X:5, S:2, G:1, K:2
[LF] Getting WEEKLY/LASTSOLD data for 2 flights
[LF] SM458 24JAN: LASTSOLD=2026-01-13 00:00:00, WEEKLY=3, TODAY=0, YDAY=0
[LF] SM452 24JAN: LASTSOLD=2026-01-17 00:00:00, WEEKLY=1, TODAY=0, YDAY=1
2026-01-18 00:19:58 | INFO     | [SUCCESS] Day 24JAN
2026-01-18 00:19:58 | INFO     | [DAY_START] Processing 23JAN
[LF] Processing JED-HBE for 23JAN
2026-01-18 00:19:58 | INFO     | [lf.day.start] Processing JED-HBE for 23JAN
[LF] 23JAN: found 1 direct flights
2026-01-18 00:19:59 | INFO     | [lf.day.flights_found] Found 1 flights on 23JAN
2026-01-18 00:20:02 | INFO     | [lf.flight.extracted] SM452 on 23JAN: BKG=78, LF=44.6%
[LF] SM452 23JAN: BKG=78, GRP=3, CAP=175, LF%=44.6%, Brd-Off=JED-HBE, Classes: E:3, I:18, O:25, U:16, X:12, S:1, K:3
[LF] Getting WEEKLY/LASTSOLD data for 1 flights
[LF] SM452 23JAN: LASTSOLD=2026-01-17 00:00:00, WEEKLY=17, TODAY=0, YDAY=2
2026-01-18 00:20:08 | INFO     | [SUCCESS] Day 23JAN
2026-01-18 00:20:08 | INFO     | [DAY_START] Processing 22JAN
[LF] Processing JED-HBE for 22JAN
2026-01-18 00:20:08 | INFO     | [lf.day.start] Processing JED-HBE for 22JAN
[LF] 22JAN: found 2 direct flights
2026-01-18 00:20:09 | INFO     | [lf.day.flights_found] Found 2 flights on 22JAN
2026-01-18 00:20:12 | INFO     | [lf.flight.extracted] SM452 on 22JAN: BKG=168, LF=96.0%
[LF] SM452 22JAN: BKG=168, GRP=134, CAP=175, LF%=96.0%, Brd-Off=JED-HBE, Classes: P:134, I:17, O:9, X:2, L:1, K:5
2026-01-18 00:20:15 | INFO     | [lf.flight.extracted] SM478 on 22JAN: BKG=43, LF=24.6%
[LF] SM478 22JAN: BKG=43, GRP=0, CAP=175, LF%=24.6%, Brd-Off=JED-HBE, Classes: I:42, U:1
[LF] Getting WEEKLY/LASTSOLD data for 2 flights
[LF] SM452 22JAN: LASTSOLD=2026-01-13 00:00:00, WEEKLY=16, TODAY=0, YDAY=0
[LF] SM478 22JAN: LASTSOLD=2026-01-17 00:00:00, WEEKLY=43, TODAY=0, YDAY=6
2026-01-18 00:20:25 | INFO     | [SUCCESS] Day 22JAN
2026-01-18 00:20:25 | INFO     | [DAY_START] Processing 21JAN
[LF] Processing JED-HBE for 21JAN
2026-01-18 00:20:25 | INFO     | [lf.day.start] Processing JED-HBE for 21JAN
[LF] 21JAN: found 3 direct flights
2026-01-18 00:20:26 | INFO     | [lf.day.flights_found] Found 3 flights on 21JAN
2026-01-18 00:20:28 | INFO     | [lf.flight.extracted] SM452 on 21JAN: BKG=166, LF=94.9%
[LF] SM452 21JAN: BKG=166, GRP=118, CAP=175, LF%=94.9%, Brd-Off=JED-HBE, Classes: P:118, I:28, O:20
2026-01-18 00:20:32 | INFO     | [lf.flight.extracted] SM474 on 21JAN: BKG=161, LF=92.0%
[LF] SM474 21JAN: BKG=161, GRP=137, CAP=175, LF%=92.0%, Brd-Off=JED-HBE, Classes: P:137, I:17, O:5, G:1, K:1
2026-01-18 00:20:35 | INFO     | [lf.flight.extracted] SM458 on 21JAN: BKG=173, LF=98.9%
[LF] SM458 21JAN: BKG=173, GRP=170, CAP=175, LF%=98.9%, Brd-Off=JED-HBE, Classes: P:170, W:2, K:1
[LF] Getting WEEKLY/LASTSOLD data for 3 flights
[LF] SM452 21JAN: LASTSOLD=2026-01-17 00:00:00, WEEKLY=31, TODAY=0, YDAY=13
[LF] SM474 21JAN: LASTSOLD=2026-01-12 00:00:00, WEEKLY=4, TODAY=0, YDAY=0
[LF] SM458 21JAN: LASTSOLD=2026-01-15 00:00:00, WEEKLY=3, TODAY=0, YDAY=0
2026-01-18 00:20:52 | INFO     | [SUCCESS] Day 21JAN
2026-01-18 00:20:52 | INFO     | [DAY_START] Processing 20JAN
[LF] Processing JED-HBE for 20JAN
2026-01-18 00:20:52 | INFO     | [lf.day.start] Processing JED-HBE for 20JAN
[LF] 20JAN: found 1 direct flights
2026-01-18 00:20:53 | INFO     | [lf.day.flights_found] Found 1 flights on 20JAN
2026-01-18 00:20:55 | INFO     | [lf.flight.extracted] SM452 on 20JAN: BKG=168, LF=96.0%
[LF] SM452 20JAN: BKG=168, GRP=134, CAP=175, LF%=96.0%, Brd-Off=JED-HBE, Classes: P:134, I:13, X:9, S:10, K:2
[LF] Getting WEEKLY/LASTSOLD data for 1 flights
[LF] SM452 20JAN: LASTSOLD=2026-01-15 00:00:00, WEEKLY=1, TODAY=0, YDAY=0
2026-01-18 00:21:01 | INFO     | [SUCCESS] Day 20JAN
2026-01-18 00:21:01 | INFO     | [DAY_START] Processing 19JAN
[LF] Processing JED-HBE for 19JAN
2026-01-18 00:21:01 | INFO     | [lf.day.start] Processing JED-HBE for 19JAN
[LF] 19JAN: found 2 direct flights
2026-01-18 00:21:02 | INFO     | [lf.day.flights_found] Found 2 flights on 19JAN
2026-01-18 00:21:04 | INFO     | [lf.flight.extracted] SM458 on 19JAN: BKG=175, LF=100.0%
[LF] SM458 19JAN: BKG=175, GRP=133, CAP=175, LF%=100.0%, Brd-Off=JED-HBE, Classes: N:1, P:133, I:15, O:14, U:8, X:4
2026-01-18 00:21:08 | INFO     | [lf.flight.extracted] SM452 on 19JAN: BKG=175, LF=100.0%
[LF] SM452 19JAN: BKG=175, GRP=132, CAP=175, LF%=100.0%, Brd-Off=JED-HBE, Classes: P:132, I:10, U:15, X:9, T:8, W:1
[LF] Getting WEEKLY/LASTSOLD data for 2 flights
[LF] SM458 19JAN: LASTSOLD=2026-01-17 00:00:00, WEEKLY=23, TODAY=0, YDAY=2
[LF] SM452 19JAN: LASTSOLD=2026-01-17 00:00:00, WEEKLY=13, TODAY=0, YDAY=6
2026-01-18 00:21:19 | INFO     | [SUCCESS] Day 19JAN
[LF] Skipping 18JAN (Today) - will be processed by supplement scan
2026-01-18 00:21:19 | INFO     | [DAY_START] Processing 17JAN
[LF] Processing JED-HBE for 17JAN
2026-01-18 00:21:19 | INFO     | [lf.day.start] Processing JED-HBE for 17JAN
[LF] 17JAN: found 2 direct flights
2026-01-18 00:21:20 | INFO     | [lf.day.flights_found] Found 2 flights on 17JAN
2026-01-18 00:21:22 | INFO     | [lf.flight.extracted] SM458 on 17JAN: BKG=151, LF=86.8%
[LF] SM458 17JAN: BKG=151, GRP=45, CAP=174, LF%=86.8%, Brd-Off=JED-HBE, Classes: P:45, O:49, U:29, X:18, T:7, L:1, K:2
2026-01-18 00:21:26 | INFO     | [lf.flight.extracted] SM452 on 17JAN: BKG=177, LF=100.0%
[LF] SM452 17JAN: BKG=177, GRP=106, CAP=177, LF%=100.0%, Brd-Off=JED-HBE, Classes: P:106, I:5, O:4, U:26, X:33, T:1, K:2
[LF] Getting WEEKLY/LASTSOLD data for 2 flights
[LF] SM458 17JAN: LASTSOLD=2026-01-17 00:00:00, WEEKLY=77, TODAY=0, YDAY=2
[LF] SM452 17JAN: LASTSOLD=2026-01-17 00:00:00, WEEKLY=50, TODAY=0, YDAY=1
2026-01-18 00:21:37 | INFO     | [SUCCESS] Day 17JAN
[LF] Results summary:
  2026-01-24: 2 flights
  2026-01-23: 1 flights
  2026-01-22: 2 flights
  2026-01-21: 3 flights
  2026-01-20: 1 flights
  2026-01-19: 2 flights
  2026-01-17: 2 flights
2026-01-18 00:21:37 | INFO     | [SUCCESS] LF Search Complete

============================================================
[Worker_9227] ✓ COMPLETED: JED-HBE
  Results: 7 dates
  Errors: 0 dates
  Total Processed: 63 groups
============================================================

2026-01-18 00:21:37 | INFO     | [Worker_9227] Completed: JED-HBE - 7 results, 0 errors

============================================================
[Worker_9227] Processing: CAI-MED
  Tier 0: Range 1, Chunk 3/3
  Dates: 8 days
  Date Range: 2026-01-24 to 2026-01-17
============================================================

2026-01-18 00:21:37 | INFO     | [Worker_9227] Processing: CAI-MED
2026-01-18 00:21:37 | INFO     |   Tier 0: Range 1, Chunk 3/3 (8 days)
2026-01-18 00:21:37 | INFO     | ======================================================================
2026-01-18 00:21:37 | INFO     | Load Factor Scraper Started - Route: CAI-MED
2026-01-18 00:21:37 | INFO     | Log file: D:\CODERED\LAB\Artifacts\outputs\run_generated_170126_at_23.33_RETRY\logs\LF_CAI-MED_20260118_002137.log
2026-01-18 00:21:37 | INFO     | Enhanced logging: Capturing both logging.info() and print()
2026-01-18 00:21:37 | INFO     | ======================================================================
[LF] Processing dates (override): ['24JAN', '23JAN', '22JAN', '21JAN', '20JAN', '19JAN', '18JAN', '17JAN']
[LF] Attaching to Chrome for Altea access
2026-01-18 00:21:37 | INFO     | Starting LF search for route: CAI-MED
2026-01-18 00:21:37 | INFO     | [START] LF Search
[LF][[OK] SUCCESS] Connected to Chrome on 127.0.0.1:9227 (after 1 attempts)
2026-01-18 00:21:38 | INFO     | [HEALTH CHECK] [OK] Chrome connection is healthy
[LF][[OK] SUCCESS] Found Amadeus Altea window: Altéa Reservation Desktop
[LF][[INFO] INFO] URL: https://tc212.resdesktop.altea.amadeus.com/app_ard/apf/init/login?SITE=ESMPESMP&LANGUAGE=GB&MARKETS=ARDW_PROD_WBP&ACTION=clpLogin
2026-01-18 00:21:38 | INFO     | [DAY_START] Processing 24JAN
[LF] Processing CAI-MED for 24JAN
2026-01-18 00:21:38 | INFO     | [lf.day.start] Processing CAI-MED for 24JAN
[LF] 24JAN: found 1 direct flights
2026-01-18 00:21:39 | INFO     | [lf.day.flights_found] Found 1 flights on 24JAN
2026-01-18 00:21:42 | INFO     | [lf.flight.extracted] SM493 on 24JAN: BKG=179, LF=100.0%
[LF] SM493 24JAN: BKG=179, GRP=140, CAP=179, LF%=100.0%, Brd-Off=CAI-MED, Classes: P:140, T:10, W:15, S:11, V:2, K:1
[LF] Getting WEEKLY/LASTSOLD data for 1 flights
[LF] SM493 24JAN: LASTSOLD=2026-01-11 00:00:00, WEEKLY=3, TODAY=0, YDAY=0
2026-01-18 00:21:46 | INFO     | [SUCCESS] Day 24JAN
2026-01-18 00:21:46 | INFO     | [DAY_START] Processing 23JAN
[LF] Processing CAI-MED for 23JAN
2026-01-18 00:21:46 | INFO     | [lf.day.start] Processing CAI-MED for 23JAN
[LF] No direct flights on 23JAN for CAI-MED
2026-01-18 00:21:47 | WARNING  | [lf.day.no_flights] No direct flights on 23JAN
2026-01-18 00:21:48 | INFO     | [SUCCESS] Day 23JAN
2026-01-18 00:21:48 | INFO     | [DAY_START] Processing 22JAN
[LF] Processing CAI-MED for 22JAN
2026-01-18 00:21:48 | INFO     | [lf.day.start] Processing CAI-MED for 22JAN
[LF] 22JAN: found 1 direct flights
2026-01-18 00:21:49 | INFO     | [lf.day.flights_found] Found 1 flights on 22JAN
2026-01-18 00:21:51 | INFO     | [lf.flight.extracted] SM493 on 22JAN: BKG=176, LF=98.3%
[LF] SM493 22JAN: BKG=176, GRP=90, CAP=179, LF%=98.3%, Brd-Off=CAI-MED, Classes: N:9, P:90, T:12, W:15, S:15, G:14, L:15, V:5, K:1
[LF] Getting WEEKLY/LASTSOLD data for 1 flights
[LF] SM493 22JAN: LASTSOLD=2026-01-15 00:00:00, WEEKLY=5, TODAY=0, YDAY=0
2026-01-18 00:21:56 | INFO     | [SUCCESS] Day 22JAN
2026-01-18 00:21:56 | INFO     | [DAY_START] Processing 21JAN
[LF] Processing CAI-MED for 21JAN
2026-01-18 00:21:56 | INFO     | [lf.day.start] Processing CAI-MED for 21JAN
[LF] No direct flights on 21JAN for CAI-MED
2026-01-18 00:21:57 | WARNING  | [lf.day.no_flights] No direct flights on 21JAN
2026-01-18 00:21:57 | INFO     | [SUCCESS] Day 21JAN
2026-01-18 00:21:57 | INFO     | [DAY_START] Processing 20JAN
[LF] Processing CAI-MED for 20JAN
2026-01-18 00:21:57 | INFO     | [lf.day.start] Processing CAI-MED for 20JAN
[LF] 20JAN: found 1 direct flights
2026-01-18 00:21:58 | INFO     | [lf.day.flights_found] Found 1 flights on 20JAN
2026-01-18 00:22:00 | INFO     | [lf.flight.extracted] SM493 on 20JAN: BKG=161, LF=89.9%
[LF] SM493 20JAN: BKG=161, GRP=143, CAP=179, LF%=89.9%, Brd-Off=CAI-MED, Classes: N:1, P:117, E:25, T:10, W:7, Q:1
[LF] Getting WEEKLY/LASTSOLD data for 1 flights
[LF] SM493 20JAN: LASTSOLD=2026-01-15 00:00:00, WEEKLY=2, TODAY=0, YDAY=0
2026-01-18 00:22:06 | INFO     | [SUCCESS] Day 20JAN
2026-01-18 00:22:06 | INFO     | [DAY_START] Processing 19JAN
[LF] Processing CAI-MED for 19JAN
2026-01-18 00:22:06 | INFO     | [lf.day.start] Processing CAI-MED for 19JAN
[LF] 19JAN: found 1 direct flights
2026-01-18 00:22:07 | INFO     | [lf.day.flights_found] Found 1 flights on 19JAN
2026-01-18 00:22:09 | INFO     | [lf.flight.extracted] SM495 on 19JAN: BKG=181, LF=101.1%
[LF] SM495 19JAN: BKG=181, GRP=175, CAP=179, LF%=101.1%, Brd-Off=CAI-MED, Classes: N:2, P:92, E:81, U:1, T:2, K:3
[LF] Getting WEEKLY/LASTSOLD data for 1 flights
[LF] SM495 19JAN: LASTSOLD=2026-01-17 00:00:00, WEEKLY=6, TODAY=0, YDAY=3
2026-01-18 00:22:14 | INFO     | [SUCCESS] Day 19JAN
[LF] Skipping 18JAN (Today) - will be processed by supplement scan
2026-01-18 00:22:14 | INFO     | [DAY_START] Processing 17JAN
[LF] Processing CAI-MED for 17JAN
2026-01-18 00:22:14 | INFO     | [lf.day.start] Processing CAI-MED for 17JAN
[LF] No direct flights on 17JAN for CAI-MED
2026-01-18 00:22:15 | WARNING  | [lf.day.no_flights] No direct flights on 17JAN
2026-01-18 00:22:15 | INFO     | [SUCCESS] Day 17JAN
[LF] Results summary:
  2026-01-24: 1 flights
  2026-01-23: 0 flights
  2026-01-22: 1 flights
  2026-01-21: 0 flights
  2026-01-20: 1 flights
  2026-01-19: 1 flights
  2026-01-17: 0 flights
2026-01-18 00:22:15 | INFO     | [SUCCESS] LF Search Complete

============================================================
[Worker_9227] ✓ COMPLETED: CAI-MED
  Results: 7 dates
  Errors: 0 dates
  Total Processed: 64 groups
============================================================

2026-01-18 00:22:15 | INFO     | [Worker_9227] Completed: CAI-MED - 7 results, 0 errors

============================================================
[Worker_9227] Processing: ASW-JED
  Tier 0: Range 1, Chunk 3/3
  Dates: 8 days
  Date Range: 2026-01-24 to 2026-01-17
============================================================

2026-01-18 00:22:15 | INFO     | [Worker_9227] Processing: ASW-JED
2026-01-18 00:22:15 | INFO     |   Tier 0: Range 1, Chunk 3/3 (8 days)
2026-01-18 00:22:15 | INFO     | ======================================================================
2026-01-18 00:22:15 | INFO     | Load Factor Scraper Started - Route: ASW-JED
2026-01-18 00:22:15 | INFO     | Log file: D:\CODERED\LAB\Artifacts\outputs\run_generated_170126_at_23.33_RETRY\logs\LF_ASW-JED_20260118_002215.log
2026-01-18 00:22:15 | INFO     | Enhanced logging: Capturing both logging.info() and print()
2026-01-18 00:22:15 | INFO     | ======================================================================
[LF] Processing dates (override): ['24JAN', '23JAN', '22JAN', '21JAN', '20JAN', '19JAN', '18JAN', '17JAN']
[LF] Attaching to Chrome for Altea access
2026-01-18 00:22:15 | INFO     | Starting LF search for route: ASW-JED
2026-01-18 00:22:15 | INFO     | [START] LF Search
[LF][[OK] SUCCESS] Connected to Chrome on 127.0.0.1:9227 (after 1 attempts)
2026-01-18 00:22:16 | INFO     | [HEALTH CHECK] [OK] Chrome connection is healthy
[LF][[OK] SUCCESS] Found Amadeus Altea window: Altéa Reservation Desktop
[LF][[INFO] INFO] URL: https://tc212.resdesktop.altea.amadeus.com/app_ard/apf/init/login?SITE=ESMPESMP&LANGUAGE=GB&MARKETS=ARDW_PROD_WBP&ACTION=clpLogin
2026-01-18 00:22:16 | INFO     | [DAY_START] Processing 24JAN
[LF] Processing ASW-JED for 24JAN
2026-01-18 00:22:16 | INFO     | [lf.day.start] Processing ASW-JED for 24JAN
[LF] No direct flights on 24JAN for ASW-JED
2026-01-18 00:22:17 | WARNING  | [lf.day.no_flights] No direct flights on 24JAN
2026-01-18 00:22:17 | INFO     | [SUCCESS] Day 24JAN
2026-01-18 00:22:17 | INFO     | [DAY_START] Processing 23JAN
[LF] Processing ASW-JED for 23JAN
2026-01-18 00:22:17 | INFO     | [lf.day.start] Processing ASW-JED for 23JAN
[LF] No direct flights on 23JAN for ASW-JED
2026-01-18 00:22:18 | WARNING  | [lf.day.no_flights] No direct flights on 23JAN
2026-01-18 00:22:19 | INFO     | [SUCCESS] Day 23JAN
2026-01-18 00:22:19 | INFO     | [DAY_START] Processing 22JAN
[LF] Processing ASW-JED for 22JAN
2026-01-18 00:22:19 | INFO     | [lf.day.start] Processing ASW-JED for 22JAN
[LF] No direct flights on 22JAN for ASW-JED
2026-01-18 00:22:20 | WARNING  | [lf.day.no_flights] No direct flights on 22JAN
2026-01-18 00:22:20 | INFO     | [SUCCESS] Day 22JAN
2026-01-18 00:22:20 | INFO     | [DAY_START] Processing 21JAN
[LF] Processing ASW-JED for 21JAN
2026-01-18 00:22:20 | INFO     | [lf.day.start] Processing ASW-JED for 21JAN
[LF] No direct flights on 21JAN for ASW-JED
2026-01-18 00:22:21 | WARNING  | [lf.day.no_flights] No direct flights on 21JAN
2026-01-18 00:22:21 | INFO     | [SUCCESS] Day 21JAN
2026-01-18 00:22:21 | INFO     | [DAY_START] Processing 20JAN
[LF] Processing ASW-JED for 20JAN
2026-01-18 00:22:21 | INFO     | [lf.day.start] Processing ASW-JED for 20JAN
[LF] No direct flights on 20JAN for ASW-JED
2026-01-18 00:22:22 | WARNING  | [lf.day.no_flights] No direct flights on 20JAN
2026-01-18 00:22:22 | INFO     | [SUCCESS] Day 20JAN
2026-01-18 00:22:22 | INFO     | [DAY_START] Processing 19JAN
[LF] Processing ASW-JED for 19JAN
2026-01-18 00:22:22 | INFO     | [lf.day.start] Processing ASW-JED for 19JAN
[LF] No direct flights on 19JAN for ASW-JED
2026-01-18 00:22:23 | WARNING  | [lf.day.no_flights] No direct flights on 19JAN
2026-01-18 00:22:23 | INFO     | [SUCCESS] Day 19JAN
[LF] Skipping 18JAN (Today) - will be processed by supplement scan
2026-01-18 00:22:23 | INFO     | [DAY_START] Processing 17JAN
[LF] Processing ASW-JED for 17JAN
2026-01-18 00:22:23 | INFO     | [lf.day.start] Processing ASW-JED for 17JAN
[LF] No direct flights on 17JAN for ASW-JED
2026-01-18 00:22:24 | WARNING  | [lf.day.no_flights] No direct flights on 17JAN
2026-01-18 00:22:24 | INFO     | [SUCCESS] Day 17JAN
[LF] Results summary:
  2026-01-24: 0 flights
  2026-01-23: 0 flights
  2026-01-22: 0 flights
  2026-01-21: 0 flights
  2026-01-20: 0 flights
  2026-01-19: 0 flights
  2026-01-17: 0 flights
2026-01-18 00:22:24 | INFO     | [SUCCESS] LF Search Complete

============================================================
[Worker_9227] ✓ COMPLETED: ASW-JED
  Results: 7 dates
  Errors: 0 dates
  Total Processed: 65 groups
============================================================

2026-01-18 00:22:24 | INFO     | [Worker_9227] Completed: ASW-JED - 7 results, 0 errors

============================================================
[Worker_9227] Processing: ATZ-RUH
  Tier 0: Range 1, Chunk 3/3
  Dates: 8 days
  Date Range: 2026-01-24 to 2026-01-17
============================================================

2026-01-18 00:22:24 | INFO     | [Worker_9227] Processing: ATZ-RUH
2026-01-18 00:22:24 | INFO     |   Tier 0: Range 1, Chunk 3/3 (8 days)
2026-01-18 00:22:24 | INFO     | ======================================================================
2026-01-18 00:22:24 | INFO     | Load Factor Scraper Started - Route: ATZ-RUH
2026-01-18 00:22:24 | INFO     | Log file: D:\CODERED\LAB\Artifacts\outputs\run_generated_170126_at_23.33_RETRY\logs\LF_ATZ-RUH_20260118_002224.log
2026-01-18 00:22:24 | INFO     | Enhanced logging: Capturing both logging.info() and print()
2026-01-18 00:22:24 | INFO     | ======================================================================
[LF] Processing dates (override): ['24JAN', '23JAN', '22JAN', '21JAN', '20JAN', '19JAN', '18JAN', '17JAN']
[LF] Attaching to Chrome for Altea access
2026-01-18 00:22:24 | INFO     | Starting LF search for route: ATZ-RUH
2026-01-18 00:22:24 | INFO     | [START] LF Search
[LF][[OK] SUCCESS] Connected to Chrome on 127.0.0.1:9227 (after 1 attempts)
2026-01-18 00:22:25 | INFO     | [HEALTH CHECK] [OK] Chrome connection is healthy
[LF][[OK] SUCCESS] Found Amadeus Altea window: Altéa Reservation Desktop
[LF][[INFO] INFO] URL: https://tc212.resdesktop.altea.amadeus.com/app_ard/apf/init/login?SITE=ESMPESMP&LANGUAGE=GB&MARKETS=ARDW_PROD_WBP&ACTION=clpLogin
2026-01-18 00:22:25 | INFO     | [DAY_START] Processing 24JAN
[LF] Processing ATZ-RUH for 24JAN
2026-01-18 00:22:25 | INFO     | [lf.day.start] Processing ATZ-RUH for 24JAN
[LF] No direct flights on 24JAN for ATZ-RUH
2026-01-18 00:22:26 | WARNING  | [lf.day.no_flights] No direct flights on 24JAN
2026-01-18 00:22:26 | INFO     | [SUCCESS] Day 24JAN
2026-01-18 00:22:26 | INFO     | [DAY_START] Processing 23JAN
[LF] Processing ATZ-RUH for 23JAN
2026-01-18 00:22:26 | INFO     | [lf.day.start] Processing ATZ-RUH for 23JAN
[LF] No direct flights on 23JAN for ATZ-RUH
2026-01-18 00:22:27 | WARNING  | [lf.day.no_flights] No direct flights on 23JAN
2026-01-18 00:22:27 | INFO     | [SUCCESS] Day 23JAN
2026-01-18 00:22:27 | INFO     | [DAY_START] Processing 22JAN
[LF] Processing ATZ-RUH for 22JAN
2026-01-18 00:22:27 | INFO     | [lf.day.start] Processing ATZ-RUH for 22JAN
[LF] No direct flights on 22JAN for ATZ-RUH
2026-01-18 00:22:29 | WARNING  | [lf.day.no_flights] No direct flights on 22JAN
2026-01-18 00:22:29 | INFO     | [SUCCESS] Day 22JAN
2026-01-18 00:22:29 | INFO     | [DAY_START] Processing 21JAN
[LF] Processing ATZ-RUH for 21JAN
2026-01-18 00:22:29 | INFO     | [lf.day.start] Processing ATZ-RUH for 21JAN
[LF] 21JAN: found 1 direct flights
2026-01-18 00:22:30 | INFO     | [lf.day.flights_found] Found 1 flights on 21JAN
2026-01-18 00:22:32 | INFO     | [lf.flight.extracted] SM465 on 21JAN: BKG=151, LF=84.4%
[LF] SM465 21JAN: BKG=151, GRP=0, CAP=179, LF%=84.4%, Brd-Off=ATZ-RUH, Classes: O:2, U:4, X:24, T:9, W:14, S:18, G:36, L:18, V:9, K:10, Q:6, H:1
[LF] Getting WEEKLY/LASTSOLD data for 1 flights
[LF] SM465 21JAN: LASTSOLD=2026-01-17 00:00:00, WEEKLY=61, TODAY=0, YDAY=4
2026-01-18 00:22:38 | INFO     | [SUCCESS] Day 21JAN
2026-01-18 00:22:38 | INFO     | [DAY_START] Processing 20JAN
[LF] Processing ATZ-RUH for 20JAN
2026-01-18 00:22:38 | INFO     | [lf.day.start] Processing ATZ-RUH for 20JAN
[LF] 20JAN: found 1 direct flights
2026-01-18 00:22:40 | INFO     | [lf.day.flights_found] Found 1 flights on 20JAN
2026-01-18 00:22:42 | INFO     | [lf.flight.extracted] SM463 on 20JAN: BKG=179, LF=100.0%
[LF] SM463 20JAN: BKG=179, GRP=0, CAP=179, LF%=100.0%, Brd-Off=ATZ-RUH, Classes: O:4, U:8, X:3, T:5, W:10, S:45, G:24, L:56, V:10, K:9, Q:5
[LF] Getting WEEKLY/LASTSOLD data for 1 flights
[LF] SM463 20JAN: LASTSOLD=2026-01-17 00:00:00, WEEKLY=51, TODAY=0, YDAY=1
2026-01-18 00:22:49 | INFO     | [SUCCESS] Day 20JAN
2026-01-18 00:22:49 | INFO     | [DAY_START] Processing 19JAN
[LF] Processing ATZ-RUH for 19JAN
2026-01-18 00:22:49 | INFO     | [lf.day.start] Processing ATZ-RUH for 19JAN
[LF] No direct flights on 19JAN for ATZ-RUH
2026-01-18 00:22:50 | WARNING  | [lf.day.no_flights] No direct flights on 19JAN
2026-01-18 00:22:50 | INFO     | [SUCCESS] Day 19JAN
[LF] Skipping 18JAN (Today) - will be processed by supplement scan
2026-01-18 00:22:50 | INFO     | [DAY_START] Processing 17JAN
[LF] Processing ATZ-RUH for 17JAN
2026-01-18 00:22:50 | INFO     | [lf.day.start] Processing ATZ-RUH for 17JAN
[LF] No direct flights on 17JAN for ATZ-RUH
2026-01-18 00:22:51 | WARNING  | [lf.day.no_flights] No direct flights on 17JAN
2026-01-18 00:22:52 | INFO     | [SUCCESS] Day 17JAN
[LF] Results summary:
  2026-01-24: 0 flights
  2026-01-23: 0 flights
  2026-01-22: 0 flights
  2026-01-21: 1 flights
  2026-01-20: 1 flights
  2026-01-19: 0 flights
  2026-01-17: 0 flights
2026-01-18 00:22:52 | INFO     | [SUCCESS] LF Search Complete

============================================================
[Worker_9227] ✓ COMPLETED: ATZ-RUH
  Results: 7 dates
  Errors: 0 dates
  Total Processed: 66 groups
============================================================

2026-01-18 00:22:52 | INFO     | [Worker_9227] Completed: ATZ-RUH - 7 results, 0 errors

============================================================
[Worker_9227] Processing: CAI-TUU
  Tier 0: Range 1, Chunk 3/3
  Dates: 8 days
  Date Range: 2026-01-24 to 2026-01-17
============================================================

2026-01-18 00:22:52 | INFO     | [Worker_9227] Processing: CAI-TUU
2026-01-18 00:22:52 | INFO     |   Tier 0: Range 1, Chunk 3/3 (8 days)
2026-01-18 00:22:52 | INFO     | ======================================================================
2026-01-18 00:22:52 | INFO     | Load Factor Scraper Started - Route: CAI-TUU
2026-01-18 00:22:52 | INFO     | Log file: D:\CODERED\LAB\Artifacts\outputs\run_generated_170126_at_23.33_RETRY\logs\LF_CAI-TUU_20260118_002252.log
2026-01-18 00:22:52 | INFO     | Enhanced logging: Capturing both logging.info() and print()
2026-01-18 00:22:52 | INFO     | ======================================================================
[LF] Processing dates (override): ['24JAN', '23JAN', '22JAN', '21JAN', '20JAN', '19JAN', '18JAN', '17JAN']
[LF] Attaching to Chrome for Altea access
2026-01-18 00:22:52 | INFO     | Starting LF search for route: CAI-TUU
2026-01-18 00:22:52 | INFO     | [START] LF Search
[LF][[OK] SUCCESS] Connected to Chrome on 127.0.0.1:9227 (after 1 attempts)
2026-01-18 00:22:53 | INFO     | [HEALTH CHECK] [OK] Chrome connection is healthy
[LF][[OK] SUCCESS] Found Amadeus Altea window: Altéa Reservation Desktop
[LF][[INFO] INFO] URL: https://tc212.resdesktop.altea.amadeus.com/app_ard/apf/init/login?SITE=ESMPESMP&LANGUAGE=GB&MARKETS=ARDW_PROD_WBP&ACTION=clpLogin
2026-01-18 00:22:53 | INFO     | [DAY_START] Processing 24JAN
[LF] Processing CAI-TUU for 24JAN
2026-01-18 00:22:53 | INFO     | [lf.day.start] Processing CAI-TUU for 24JAN
[LF] 24JAN: found 1 direct flights
2026-01-18 00:22:54 | INFO     | [lf.day.flights_found] Found 1 flights on 24JAN
2026-01-18 00:22:56 | INFO     | [lf.flight.extracted] SM325 on 24JAN: BKG=66, LF=36.9%
[LF] SM325 24JAN: BKG=66, GRP=0, CAP=179, LF%=36.9%, Brd-Off=CAI-TUU, Classes: I:29, O:10, U:9, X:8, T:1, W:7, S:2
[LF] Getting WEEKLY/LASTSOLD data for 1 flights
[LF] SM325 24JAN: LASTSOLD=2026-01-17 00:00:00, WEEKLY=31, TODAY=0, YDAY=2
2026-01-18 00:23:01 | INFO     | [SUCCESS] Day 24JAN
2026-01-18 00:23:01 | INFO     | [DAY_START] Processing 23JAN
[LF] Processing CAI-TUU for 23JAN
2026-01-18 00:23:01 | INFO     | [lf.day.start] Processing CAI-TUU for 23JAN
[LF] No direct flights on 23JAN for CAI-TUU
2026-01-18 00:23:02 | WARNING  | [lf.day.no_flights] No direct flights on 23JAN
2026-01-18 00:23:02 | INFO     | [SUCCESS] Day 23JAN
2026-01-18 00:23:02 | INFO     | [DAY_START] Processing 22JAN
[LF] Processing CAI-TUU for 22JAN
2026-01-18 00:23:02 | INFO     | [lf.day.start] Processing CAI-TUU for 22JAN
[LF] 22JAN: found 1 direct flights
2026-01-18 00:23:03 | INFO     | [lf.day.flights_found] Found 1 flights on 22JAN
2026-01-18 00:23:05 | INFO     | [lf.flight.extracted] SM325 on 22JAN: BKG=72, LF=40.2%
[LF] SM325 22JAN: BKG=72, GRP=0, CAP=179, LF%=40.2%, Brd-Off=CAI-TUU, Classes: I:55, O:10, U:6, S:1
[LF] Getting WEEKLY/LASTSOLD data for 1 flights
[LF] SM325 22JAN: LASTSOLD=2026-01-17 00:00:00, WEEKLY=44, TODAY=0, YDAY=14
2026-01-18 00:23:10 | INFO     | [SUCCESS] Day 22JAN
2026-01-18 00:23:10 | INFO     | [DAY_START] Processing 21JAN
[LF] Processing CAI-TUU for 21JAN
2026-01-18 00:23:10 | INFO     | [lf.day.start] Processing CAI-TUU for 21JAN
[LF] 21JAN: found 1 direct flights
2026-01-18 00:23:11 | INFO     | [lf.day.flights_found] Found 1 flights on 21JAN
2026-01-18 00:23:13 | INFO     | [lf.flight.extracted] SM325 on 21JAN: BKG=107, LF=59.8%
[LF] SM325 21JAN: BKG=107, GRP=0, CAP=179, LF%=59.8%, Brd-Off=CAI-TUU, Classes: I:80, O:20, U:5, X:1, S:1
[LF] Getting WEEKLY/LASTSOLD data for 1 flights
[LF] SM325 21JAN: LASTSOLD=2026-01-17 00:00:00, WEEKLY=71, TODAY=0, YDAY=17
2026-01-18 00:23:19 | INFO     | [SUCCESS] Day 21JAN
2026-01-18 00:23:19 | INFO     | [DAY_START] Processing 20JAN
[LF] Processing CAI-TUU for 20JAN
2026-01-18 00:23:19 | INFO     | [lf.day.start] Processing CAI-TUU for 20JAN
[LF] No direct flights on 20JAN for CAI-TUU
2026-01-18 00:23:20 | WARNING  | [lf.day.no_flights] No direct flights on 20JAN
2026-01-18 00:23:20 | INFO     | [SUCCESS] Day 20JAN
2026-01-18 00:23:20 | INFO     | [DAY_START] Processing 19JAN
[LF] Processing CAI-TUU for 19JAN
2026-01-18 00:23:20 | INFO     | [lf.day.start] Processing CAI-TUU for 19JAN
[LF] No direct flights on 19JAN for CAI-TUU
2026-01-18 00:23:21 | WARNING  | [lf.day.no_flights] No direct flights on 19JAN
2026-01-18 00:23:21 | INFO     | [SUCCESS] Day 19JAN
[LF] Skipping 18JAN (Today) - will be processed by supplement scan
2026-01-18 00:23:21 | INFO     | [DAY_START] Processing 17JAN
[LF] Processing CAI-TUU for 17JAN
2026-01-18 00:23:21 | INFO     | [lf.day.start] Processing CAI-TUU for 17JAN
[LF] No direct flights on 17JAN for CAI-TUU
2026-01-18 00:23:22 | WARNING  | [lf.day.no_flights] No direct flights on 17JAN
2026-01-18 00:23:22 | INFO     | [SUCCESS] Day 17JAN
[LF] Results summary:
  2026-01-24: 1 flights
  2026-01-23: 0 flights
  2026-01-22: 1 flights
  2026-01-21: 1 flights
  2026-01-20: 0 flights
  2026-01-19: 0 flights
  2026-01-17: 0 flights
2026-01-18 00:23:22 | INFO     | [SUCCESS] LF Search Complete

============================================================
[Worker_9227] ✓ COMPLETED: CAI-TUU
  Results: 7 dates
  Errors: 0 dates
  Total Processed: 67 groups
============================================================

2026-01-18 00:23:22 | INFO     | [Worker_9227] Completed: CAI-TUU - 7 results, 0 errors

============================================================
[Worker_9227] Processing: CAI-AHB
  Tier 0: Range 1, Chunk 3/3
  Dates: 8 days
  Date Range: 2026-01-24 to 2026-01-17
============================================================

2026-01-18 00:23:22 | INFO     | [Worker_9227] Processing: CAI-AHB
2026-01-18 00:23:22 | INFO     |   Tier 0: Range 1, Chunk 3/3 (8 days)
2026-01-18 00:23:22 | INFO     | ======================================================================
2026-01-18 00:23:22 | INFO     | Load Factor Scraper Started - Route: CAI-AHB
2026-01-18 00:23:22 | INFO     | Log file: D:\CODERED\LAB\Artifacts\outputs\run_generated_170126_at_23.33_RETRY\logs\LF_CAI-AHB_20260118_002322.log
2026-01-18 00:23:22 | INFO     | Enhanced logging: Capturing both logging.info() and print()
2026-01-18 00:23:22 | INFO     | ======================================================================
[LF] Processing dates (override): ['24JAN', '23JAN', '22JAN', '21JAN', '20JAN', '19JAN', '18JAN', '17JAN']
[LF] Attaching to Chrome for Altea access
2026-01-18 00:23:22 | INFO     | Starting LF search for route: CAI-AHB
2026-01-18 00:23:22 | INFO     | [START] LF Search
[LF][[OK] SUCCESS] Connected to Chrome on 127.0.0.1:9227 (after 1 attempts)
2026-01-18 00:23:24 | INFO     | [HEALTH CHECK] [OK] Chrome connection is healthy
[LF][[OK] SUCCESS] Found Amadeus Altea window: Altéa Reservation Desktop
[LF][[INFO] INFO] URL: https://tc212.resdesktop.altea.amadeus.com/app_ard/apf/init/login?SITE=ESMPESMP&LANGUAGE=GB&MARKETS=ARDW_PROD_WBP&ACTION=clpLogin
2026-01-18 00:23:24 | INFO     | [DAY_START] Processing 24JAN
[LF] Processing CAI-AHB for 24JAN
2026-01-18 00:23:24 | INFO     | [lf.day.start] Processing CAI-AHB for 24JAN
[LF] 24JAN: found 1 direct flights
2026-01-18 00:23:25 | INFO     | [lf.day.flights_found] Found 1 flights on 24JAN
2026-01-18 00:23:26 | INFO     | [lf.flight.extracted] SM443 on 24JAN: BKG=108, LF=60.3%
[LF] SM443 24JAN: BKG=108, GRP=0, CAP=179, LF%=60.3%, Brd-Off=CAI-AHB, Classes: W:4, S:6, G:11, L:10, V:36, K:18, Q:10, H:13
[LF] Getting WEEKLY/LASTSOLD data for 1 flights
[LF] SM443 24JAN: LASTSOLD=2026-01-17 00:00:00, WEEKLY=29, TODAY=0, YDAY=4
2026-01-18 00:23:32 | INFO     | [SUCCESS] Day 24JAN
2026-01-18 00:23:32 | INFO     | [DAY_START] Processing 23JAN
[LF] Processing CAI-AHB for 23JAN
2026-01-18 00:23:32 | INFO     | [lf.day.start] Processing CAI-AHB for 23JAN
[LF] No direct flights on 23JAN for CAI-AHB
2026-01-18 00:23:33 | WARNING  | [lf.day.no_flights] No direct flights on 23JAN
2026-01-18 00:23:33 | INFO     | [SUCCESS] Day 23JAN
2026-01-18 00:23:33 | INFO     | [DAY_START] Processing 22JAN
[LF] Processing CAI-AHB for 22JAN
2026-01-18 00:23:33 | INFO     | [lf.day.start] Processing CAI-AHB for 22JAN
[LF] 22JAN: found 1 direct flights
2026-01-18 00:23:34 | INFO     | [lf.day.flights_found] Found 1 flights on 22JAN
2026-01-18 00:23:37 | INFO     | [lf.flight.extracted] SM443 on 22JAN: BKG=133, LF=74.3%
[LF] SM443 22JAN: BKG=133, GRP=0, CAP=179, LF%=74.3%, Brd-Off=CAI-AHB, Classes: W:3, S:8, G:10, L:11, V:26, K:33, Q:28, H:11, M:3
[LF] Getting WEEKLY/LASTSOLD data for 1 flights
[LF] SM443 22JAN: LASTSOLD=2026-01-17 00:00:00, WEEKLY=49, TODAY=0, YDAY=8
2026-01-18 00:23:43 | INFO     | [SUCCESS] Day 22JAN
2026-01-18 00:23:43 | INFO     | [DAY_START] Processing 21JAN
[LF] Processing CAI-AHB for 21JAN
2026-01-18 00:23:43 | INFO     | [lf.day.start] Processing CAI-AHB for 21JAN
[LF] 21JAN: found 1 direct flights
2026-01-18 00:23:44 | INFO     | [lf.day.flights_found] Found 1 flights on 21JAN
2026-01-18 00:23:46 | INFO     | [lf.flight.extracted] SM447 on 21JAN: BKG=152, LF=84.9%
[LF] SM447 21JAN: BKG=152, GRP=0, CAP=179, LF%=84.9%, Brd-Off=CAI-AHB, Classes: U:4, X:8, T:14, W:12, S:21, G:20, L:25, V:10, K:10, Q:9, H:12, M:7
[LF] Getting WEEKLY/LASTSOLD data for 1 flights
[LF] SM447 21JAN: LASTSOLD=2026-01-17 00:00:00, WEEKLY=43, TODAY=0, YDAY=2
2026-01-18 00:23:52 | INFO     | [SUCCESS] Day 21JAN
2026-01-18 00:23:52 | INFO     | [DAY_START] Processing 20JAN
[LF] Processing CAI-AHB for 20JAN
2026-01-18 00:23:52 | INFO     | [lf.day.start] Processing CAI-AHB for 20JAN
[LF] No direct flights on 20JAN for CAI-AHB
2026-01-18 00:23:53 | WARNING  | [lf.day.no_flights] No direct flights on 20JAN
2026-01-18 00:23:53 | INFO     | [SUCCESS] Day 20JAN
2026-01-18 00:23:53 | INFO     | [DAY_START] Processing 19JAN
[LF] Processing CAI-AHB for 19JAN
2026-01-18 00:23:53 | INFO     | [lf.day.start] Processing CAI-AHB for 19JAN
[LF] No direct flights on 19JAN for CAI-AHB
2026-01-18 00:23:54 | WARNING  | [lf.day.no_flights] No direct flights on 19JAN
2026-01-18 00:23:54 | INFO     | [SUCCESS] Day 19JAN
[LF] Skipping 18JAN (Today) - will be processed by supplement scan
2026-01-18 00:23:54 | INFO     | [DAY_START] Processing 17JAN
[LF] Processing CAI-AHB for 17JAN
2026-01-18 00:23:54 | INFO     | [lf.day.start] Processing CAI-AHB for 17JAN
[LF] No direct flights on 17JAN for CAI-AHB
2026-01-18 00:23:55 | WARNING  | [lf.day.no_flights] No direct flights on 17JAN
2026-01-18 00:23:56 | INFO     | [SUCCESS] Day 17JAN
[LF] Results summary:
  2026-01-24: 1 flights
  2026-01-23: 0 flights
  2026-01-22: 1 flights
  2026-01-21: 1 flights
  2026-01-20: 0 flights
  2026-01-19: 0 flights
  2026-01-17: 0 flights
2026-01-18 00:23:56 | INFO     | [SUCCESS] LF Search Complete

============================================================
[Worker_9227] ✓ COMPLETED: CAI-AHB
  Results: 7 dates
  Errors: 0 dates
  Total Processed: 68 groups
============================================================

2026-01-18 00:24:08 | INFO     | [Worker_9227] Completed: CAI-AHB - 7 results, 0 errors
[Worker_9227] Waiting for tasks...

============================================================
[Worker_9227] Shutdown signal received
Exiting...
============================================================
2026-01-18 00:53:46 | INFO     | [Worker_9227] Shutdown signal received, exiting...

============================================================
[Worker_9227] FINISHED
  Total Groups Processed: 68
============================================================

2026-01-18 00:53:46 | INFO     | [Worker_9227] Finished. Processed 68 groups.
