
============================================================
     LF WORKER - PORT 9222
============================================================
Worker: Worker_9222
Status: READY
Waiting for tasks...
============================================================


============================================================
[Worker_9222] Processing: MED-ATZ
  Tier 0: Range 4, Chunk 1/4
  Dates: 8 days
  Date Range: 2026-05-30 to 2026-05-23
============================================================

2026-01-25 07:10:17 | INFO     | ======================================================================
2026-01-25 07:10:17 | INFO     | Load Factor Scraper Started - Route: MED-ATZ
2026-01-25 07:10:17 | INFO     | Log file: D:\CODERED\LAB\Artifacts\outputs\run_generated_250126_at_07.06\logs\LF_MED-ATZ_20260125_071017.log
2026-01-25 07:10:17 | INFO     | Enhanced logging: Capturing both logging.info() and print()
2026-01-25 07:10:17 | INFO     | ======================================================================
[LF] Processing dates (override): ['30MAY', '29MAY', '28MAY', '27MAY', '26MAY', '25MAY', '24MAY', '23MAY']
[LF] Attaching to Chrome for Altea access
[LF][[OK] SUCCESS] Connected to Chrome on 127.0.0.1:9222 (after 1 attempts)
[LF][[OK] SUCCESS] Found Amadeus Altea window: Altéa Reservation Desktop
[LF][[INFO] INFO] URL: https://tc212.resdesktop.altea.amadeus.com/app_ard/apf/init/login?SITE=ESMPESMP&LANGUAGE=GB&MARKETS=ARDW_PROD_WBP&ACTION=clpLogin#
[LF] Processing MED-ATZ for 30MAY
[LF] Sending SN command: SN30MAYMEDATZ/ASM
============================================================
[LF][RESYNC] Command 'SN30MAYMEDATZ/ASM' failed: SEND_FAILED: Message: no such element: element not found
  (Session info: chrome=144.0.7559.97); For documentation on this error, please visit: https://www.selenium.dev/documentation/webdriver/troubleshooting/errors#nosuchelementexception
Stacktrace:
Symbols not available. Dumping unresolved backtrace:
	0x7ff6c30f5715
	0x7ff6c30f5770
	0x7ff6c2ea108d
	0x7ff6c2eb8432
	0x7ff6c2eb6e90
	0x7ff6c2ea9ca6
	0x7ff6c2ea7a4e
	0x7ff6c2eac124
	0x7ff6c2eac1ef
	0x7ff6c2efd370
	0x7ff6c2efd467
	0x7ff6c2ef28d9
	0x7ff6c2f2598a
	0x7ff6c2eee846
	0x7ff6c2f49e45
	0x7ff6c2eecc28
	0x7ff6c2eedb33
	0x7ff6c33de9f0
	0x7ff6c33d8ded
	0x7ff6c33f969a
	0x7ff6c31111e5
	0x7ff6c31199cc
	0x7ff6c30febf4
	0x7ff6c30feda6
	0x7ff6c30e4e87
	0x7ffcac39e8d7
	0x7ffcade6c53c

[LF][RESYNC] Re-running entire day from SN command for MED-ATZ 30MAY
[LF][RESYNC] Attempt 1/50 (waiting 1.0s before retry...)
============================================================
[LF][RESYNC] Sending IG to clear session state...
[LF][RESYNC] Session cleared with IG
[LF] Processing MED-ATZ for 30MAY
[LF] Sending SN command: SN30MAYMEDATZ/ASM
[LF] No direct flights on 30MAY for MED-ATZ
[LF] Processing MED-ATZ for 29MAY
[LF] Sending SN command: SN29MAYMEDATZ/ASM
[LF] No direct flights on 29MAY for MED-ATZ
[LF] Processing MED-ATZ for 28MAY
[LF] Sending SN command: SN28MAYMEDATZ/ASM
[LF] No direct flights on 28MAY for MED-ATZ
[LF] Processing MED-ATZ for 27MAY
[LF] Sending SN command: SN27MAYMEDATZ/ASM
[LF] No direct flights on 27MAY for MED-ATZ
[LF] Processing MED-ATZ for 26MAY
[LF] Sending SN command: SN26MAYMEDATZ/ASM
[LF] No direct flights on 26MAY for MED-ATZ
[LF] Processing MED-ATZ for 25MAY
[LF] Sending SN command: SN25MAYMEDATZ/ASM
[LF] No direct flights on 25MAY for MED-ATZ
[LF] Processing MED-ATZ for 24MAY
[LF] Sending SN command: SN24MAYMEDATZ/ASM
[LF] 24MAY: found 1 direct flights
[LF] SM488 24MAY: BKG=0, GRP=0, CAP=175, LF%=0.0%, Brd-Off=MED-ATZ
[LF] Processing MED-ATZ for 23MAY
[LF] Sending SN command: SN23MAYMEDATZ/ASM
[LF] No direct flights on 23MAY for MED-ATZ
[LF] Results summary:
  2026-05-30: 0 flights
  2026-05-29: 0 flights
  2026-05-28: 0 flights
  2026-05-27: 0 flights
  2026-05-26: 0 flights
  2026-05-25: 0 flights
  2026-05-24: 1 flights
  2026-05-23: 0 flights

============================================================
[Worker_9222] ✓ COMPLETED: MED-ATZ
  Results: 8 dates
  Errors: 0 dates
  Total Processed: 1 groups
============================================================


============================================================
[Worker_9222] Processing: AJF-CAI
  Tier 0: Range 4, Chunk 1/4
  Dates: 8 days
  Date Range: 2026-05-30 to 2026-05-23
============================================================

2026-01-25 07:10:51 | INFO     | ======================================================================
2026-01-25 07:10:51 | INFO     | Load Factor Scraper Started - Route: AJF-CAI
2026-01-25 07:10:51 | INFO     | Log file: D:\CODERED\LAB\Artifacts\outputs\run_generated_250126_at_07.06\logs\LF_AJF-CAI_20260125_071051.log
2026-01-25 07:10:51 | INFO     | Enhanced logging: Capturing both logging.info() and print()
2026-01-25 07:10:51 | INFO     | ======================================================================
[LF] Processing dates (override): ['30MAY', '29MAY', '28MAY', '27MAY', '26MAY', '25MAY', '24MAY', '23MAY']
[LF] Attaching to Chrome for Altea access
2026-01-25 07:10:51 | INFO     | Starting LF search for route: AJF-CAI
2026-01-25 07:10:51 | INFO     | [START] LF Search
[LF][[OK] SUCCESS] Connected to Chrome on 127.0.0.1:9222 (after 1 attempts)
2026-01-25 07:10:51 | INFO     | [HEALTH CHECK] [OK] Chrome connection is healthy
[LF][[OK] SUCCESS] Found Amadeus Altea window: Altéa Reservation Desktop
[LF][[INFO] INFO] URL: https://tc212.resdesktop.altea.amadeus.com/app_ard/apf/init/login?SITE=ESMPESMP&LANGUAGE=GB&MARKETS=ARDW_PROD_WBP&ACTION=clpLogin#
2026-01-25 07:10:51 | INFO     | [DAY_START] Processing 30MAY
[LF] Processing AJF-CAI for 30MAY
2026-01-25 07:10:51 | INFO     | [lf.day.start] Processing AJF-CAI for 30MAY
[LF] Sending SN command: SN30MAYAJFCAI/ASM
[LF] No direct flights on 30MAY for AJF-CAI
2026-01-25 07:10:52 | WARNING  | [lf.day.no_flights] No direct flights on 30MAY
2026-01-25 07:10:52 | INFO     | [SUCCESS] Day 30MAY
2026-01-25 07:10:52 | INFO     | [DAY_START] Processing 29MAY
[LF] Processing AJF-CAI for 29MAY
2026-01-25 07:10:52 | INFO     | [lf.day.start] Processing AJF-CAI for 29MAY
[LF] Sending SN command: SN29MAYAJFCAI/ASM
[LF] 29MAY: found 1 direct flights
2026-01-25 07:10:54 | INFO     | [lf.day.flights_found] Found 1 flights on 29MAY
2026-01-25 07:10:56 | INFO     | [lf.flight.extracted] SM322 on 29MAY: BKG=4, LF=2.3%
[LF] SM322 29MAY: BKG=4, GRP=0, CAP=175, LF%=2.3%, Brd-Off=AJF-CAI, Classes: O:1, U:2, X:1
[LF] Getting WEEKLY/LASTSOLD data for 1 flights
[LF] SM322 29MAY: LASTSOLD=2026-01-22 00:00:00, WEEKLY=2, TODAY=0, YDAY=0
2026-01-25 07:10:58 | INFO     | [SUCCESS] Day 29MAY
2026-01-25 07:10:58 | INFO     | [DAY_START] Processing 28MAY
[LF] Processing AJF-CAI for 28MAY
2026-01-25 07:10:58 | INFO     | [lf.day.start] Processing AJF-CAI for 28MAY
[LF] Sending SN command: SN28MAYAJFCAI/ASM
[LF] 28MAY: found 1 direct flights
2026-01-25 07:10:59 | INFO     | [lf.day.flights_found] Found 1 flights on 28MAY
2026-01-25 07:11:01 | INFO     | [lf.flight.extracted] SM322 on 28MAY: BKG=4, LF=2.3%
[LF] SM322 28MAY: BKG=4, GRP=0, CAP=175, LF%=2.3%, Brd-Off=AJF-CAI, Classes: O:1, U:2, X:1
[LF] Getting WEEKLY/LASTSOLD data for 1 flights
[LF] SM322 28MAY: LASTSOLD=2026-01-14 00:00:00, WEEKLY=0, TODAY=0, YDAY=0
2026-01-25 07:11:04 | INFO     | [SUCCESS] Day 28MAY
2026-01-25 07:11:04 | INFO     | [DAY_START] Processing 27MAY
[LF] Processing AJF-CAI for 27MAY
2026-01-25 07:11:04 | INFO     | [lf.day.start] Processing AJF-CAI for 27MAY
[LF] Sending SN command: SN27MAYAJFCAI/ASM
[LF] No direct flights on 27MAY for AJF-CAI
2026-01-25 07:11:05 | WARNING  | [lf.day.no_flights] No direct flights on 27MAY
2026-01-25 07:11:05 | INFO     | [SUCCESS] Day 27MAY
2026-01-25 07:11:05 | INFO     | [DAY_START] Processing 26MAY
[LF] Processing AJF-CAI for 26MAY
2026-01-25 07:11:05 | INFO     | [lf.day.start] Processing AJF-CAI for 26MAY
[LF] Sending SN command: SN26MAYAJFCAI/ASM
[LF] No direct flights on 26MAY for AJF-CAI
2026-01-25 07:11:06 | WARNING  | [lf.day.no_flights] No direct flights on 26MAY
2026-01-25 07:11:06 | INFO     | [SUCCESS] Day 26MAY
2026-01-25 07:11:06 | INFO     | [DAY_START] Processing 25MAY
[LF] Processing AJF-CAI for 25MAY
2026-01-25 07:11:06 | INFO     | [lf.day.start] Processing AJF-CAI for 25MAY
[LF] Sending SN command: SN25MAYAJFCAI/ASM
[LF] No direct flights on 25MAY for AJF-CAI
2026-01-25 07:11:08 | WARNING  | [lf.day.no_flights] No direct flights on 25MAY
2026-01-25 07:11:08 | INFO     | [SUCCESS] Day 25MAY
2026-01-25 07:11:08 | INFO     | [DAY_START] Processing 24MAY
[LF] Processing AJF-CAI for 24MAY
2026-01-25 07:11:08 | INFO     | [lf.day.start] Processing AJF-CAI for 24MAY
[LF] Sending SN command: SN24MAYAJFCAI/ASM
[LF] 24MAY: found 1 direct flights
2026-01-25 07:11:09 | INFO     | [lf.day.flights_found] Found 1 flights on 24MAY
2026-01-25 07:11:11 | INFO     | [lf.flight.extracted] SM322 on 24MAY: BKG=0, LF=0.0%
[LF] SM322 24MAY: BKG=0, GRP=0, CAP=175, LF%=0.0%, Brd-Off=AJF-CAI
2026-01-25 07:11:12 | INFO     | [SUCCESS] Day 24MAY
2026-01-25 07:11:12 | INFO     | [DAY_START] Processing 23MAY
[LF] Processing AJF-CAI for 23MAY
2026-01-25 07:11:12 | INFO     | [lf.day.start] Processing AJF-CAI for 23MAY
[LF] Sending SN command: SN23MAYAJFCAI/ASM
[LF] No direct flights on 23MAY for AJF-CAI
2026-01-25 07:11:13 | WARNING  | [lf.day.no_flights] No direct flights on 23MAY
2026-01-25 07:11:13 | INFO     | [SUCCESS] Day 23MAY
[LF] Results summary:
  2026-05-30: 0 flights
  2026-05-29: 1 flights
  2026-05-28: 1 flights
  2026-05-27: 0 flights
  2026-05-26: 0 flights
  2026-05-25: 0 flights
  2026-05-24: 1 flights
  2026-05-23: 0 flights
2026-01-25 07:11:13 | INFO     | [SUCCESS] LF Search Complete

============================================================
[Worker_9222] ✓ COMPLETED: AJF-CAI
  Results: 8 dates
  Errors: 0 dates
  Total Processed: 2 groups
============================================================

2026-01-25 07:11:13 | INFO     | [Worker_9222] Completed: AJF-CAI - 8 results, 0 errors

============================================================
[Worker_9222] Processing: ATZ-MED
  Tier 0: Range 4, Chunk 1/4
  Dates: 8 days
  Date Range: 2026-05-30 to 2026-05-23
============================================================

2026-01-25 07:11:13 | INFO     | [Worker_9222] Processing: ATZ-MED
2026-01-25 07:11:13 | INFO     |   Tier 0: Range 4, Chunk 1/4 (8 days)
2026-01-25 07:11:13 | INFO     | ======================================================================
2026-01-25 07:11:13 | INFO     | Load Factor Scraper Started - Route: ATZ-MED
2026-01-25 07:11:13 | INFO     | Log file: D:\CODERED\LAB\Artifacts\outputs\run_generated_250126_at_07.06\logs\LF_ATZ-MED_20260125_071113.log
2026-01-25 07:11:13 | INFO     | Enhanced logging: Capturing both logging.info() and print()
2026-01-25 07:11:13 | INFO     | ======================================================================
[LF] Processing dates (override): ['30MAY', '29MAY', '28MAY', '27MAY', '26MAY', '25MAY', '24MAY', '23MAY']
[LF] Attaching to Chrome for Altea access
2026-01-25 07:11:13 | INFO     | Starting LF search for route: ATZ-MED
2026-01-25 07:11:13 | INFO     | [START] LF Search
[LF][[OK] SUCCESS] Connected to Chrome on 127.0.0.1:9222 (after 1 attempts)
2026-01-25 07:11:14 | INFO     | [HEALTH CHECK] [OK] Chrome connection is healthy
[LF][[OK] SUCCESS] Found Amadeus Altea window: Altéa Reservation Desktop
[LF][[INFO] INFO] URL: https://tc212.resdesktop.altea.amadeus.com/app_ard/apf/init/login?SITE=ESMPESMP&LANGUAGE=GB&MARKETS=ARDW_PROD_WBP&ACTION=clpLogin#
2026-01-25 07:11:14 | INFO     | [DAY_START] Processing 30MAY
[LF] Processing ATZ-MED for 30MAY
2026-01-25 07:11:14 | INFO     | [lf.day.start] Processing ATZ-MED for 30MAY
[LF] Sending SN command: SN30MAYATZMED/ASM
[LF] No direct flights on 30MAY for ATZ-MED
2026-01-25 07:11:15 | WARNING  | [lf.day.no_flights] No direct flights on 30MAY
2026-01-25 07:11:15 | INFO     | [SUCCESS] Day 30MAY
2026-01-25 07:11:15 | INFO     | [DAY_START] Processing 29MAY
[LF] Processing ATZ-MED for 29MAY
2026-01-25 07:11:15 | INFO     | [lf.day.start] Processing ATZ-MED for 29MAY
[LF] Sending SN command: SN29MAYATZMED/ASM
[LF] No direct flights on 29MAY for ATZ-MED
2026-01-25 07:11:16 | WARNING  | [lf.day.no_flights] No direct flights on 29MAY
2026-01-25 07:11:16 | INFO     | [SUCCESS] Day 29MAY
2026-01-25 07:11:16 | INFO     | [DAY_START] Processing 28MAY
[LF] Processing ATZ-MED for 28MAY
2026-01-25 07:11:16 | INFO     | [lf.day.start] Processing ATZ-MED for 28MAY
[LF] Sending SN command: SN28MAYATZMED/ASM
[LF] No direct flights on 28MAY for ATZ-MED
2026-01-25 07:11:17 | WARNING  | [lf.day.no_flights] No direct flights on 28MAY
2026-01-25 07:11:17 | INFO     | [SUCCESS] Day 28MAY
2026-01-25 07:11:17 | INFO     | [DAY_START] Processing 27MAY
[LF] Processing ATZ-MED for 27MAY
2026-01-25 07:11:17 | INFO     | [lf.day.start] Processing ATZ-MED for 27MAY
[LF] Sending SN command: SN27MAYATZMED/ASM
[LF] No direct flights on 27MAY for ATZ-MED
2026-01-25 07:11:19 | WARNING  | [lf.day.no_flights] No direct flights on 27MAY
2026-01-25 07:11:19 | INFO     | [SUCCESS] Day 27MAY
2026-01-25 07:11:19 | INFO     | [DAY_START] Processing 26MAY
[LF] Processing ATZ-MED for 26MAY
2026-01-25 07:11:19 | INFO     | [lf.day.start] Processing ATZ-MED for 26MAY
[LF] Sending SN command: SN26MAYATZMED/ASM
[LF] No direct flights on 26MAY for ATZ-MED
2026-01-25 07:11:20 | WARNING  | [lf.day.no_flights] No direct flights on 26MAY
2026-01-25 07:11:20 | INFO     | [SUCCESS] Day 26MAY
2026-01-25 07:11:20 | INFO     | [DAY_START] Processing 25MAY
[LF] Processing ATZ-MED for 25MAY
2026-01-25 07:11:20 | INFO     | [lf.day.start] Processing ATZ-MED for 25MAY
[LF] Sending SN command: SN25MAYATZMED/ASM
[LF] No direct flights on 25MAY for ATZ-MED
2026-01-25 07:11:21 | WARNING  | [lf.day.no_flights] No direct flights on 25MAY
2026-01-25 07:11:21 | INFO     | [SUCCESS] Day 25MAY
2026-01-25 07:11:21 | INFO     | [DAY_START] Processing 24MAY
[LF] Processing ATZ-MED for 24MAY
2026-01-25 07:11:21 | INFO     | [lf.day.start] Processing ATZ-MED for 24MAY
[LF] Sending SN command: SN24MAYATZMED/ASM
[LF] 24MAY: found 1 direct flights
2026-01-25 07:11:22 | INFO     | [lf.day.flights_found] Found 1 flights on 24MAY
2026-01-25 07:11:24 | INFO     | [lf.flight.extracted] SM487 on 24MAY: BKG=0, LF=0.0%
[LF] SM487 24MAY: BKG=0, GRP=0, CAP=179, LF%=0.0%, Brd-Off=ATZ-MED
2026-01-25 07:11:25 | INFO     | [SUCCESS] Day 24MAY
2026-01-25 07:11:25 | INFO     | [DAY_START] Processing 23MAY
[LF] Processing ATZ-MED for 23MAY
2026-01-25 07:11:25 | INFO     | [lf.day.start] Processing ATZ-MED for 23MAY
[LF] Sending SN command: SN23MAYATZMED/ASM
[LF] No direct flights on 23MAY for ATZ-MED
2026-01-25 07:11:27 | WARNING  | [lf.day.no_flights] No direct flights on 23MAY
2026-01-25 07:11:27 | INFO     | [SUCCESS] Day 23MAY
[LF] Results summary:
  2026-05-30: 0 flights
  2026-05-29: 0 flights
  2026-05-28: 0 flights
  2026-05-27: 0 flights
  2026-05-26: 0 flights
  2026-05-25: 0 flights
  2026-05-24: 1 flights
  2026-05-23: 0 flights
2026-01-25 07:11:27 | INFO     | [SUCCESS] LF Search Complete

============================================================
[Worker_9222] ✓ COMPLETED: ATZ-MED
  Results: 8 dates
  Errors: 0 dates
  Total Processed: 3 groups
============================================================

2026-01-25 07:11:27 | INFO     | [Worker_9222] Completed: ATZ-MED - 8 results, 0 errors

============================================================
[Worker_9222] Processing: ATZ-JED
  Tier 0: Range 4, Chunk 1/4
  Dates: 8 days
  Date Range: 2026-05-30 to 2026-05-23
============================================================

2026-01-25 07:11:27 | INFO     | [Worker_9222] Processing: ATZ-JED
2026-01-25 07:11:27 | INFO     |   Tier 0: Range 4, Chunk 1/4 (8 days)
2026-01-25 07:11:27 | INFO     | ======================================================================
2026-01-25 07:11:27 | INFO     | Load Factor Scraper Started - Route: ATZ-JED
2026-01-25 07:11:27 | INFO     | Log file: D:\CODERED\LAB\Artifacts\outputs\run_generated_250126_at_07.06\logs\LF_ATZ-JED_20260125_071127.log
2026-01-25 07:11:27 | INFO     | Enhanced logging: Capturing both logging.info() and print()
2026-01-25 07:11:27 | INFO     | ======================================================================
[LF] Processing dates (override): ['30MAY', '29MAY', '28MAY', '27MAY', '26MAY', '25MAY', '24MAY', '23MAY']
[LF] Attaching to Chrome for Altea access
2026-01-25 07:11:27 | INFO     | Starting LF search for route: ATZ-JED
2026-01-25 07:11:27 | INFO     | [START] LF Search
[LF][[OK] SUCCESS] Connected to Chrome on 127.0.0.1:9222 (after 1 attempts)
2026-01-25 07:11:27 | INFO     | [HEALTH CHECK] [OK] Chrome connection is healthy
[LF][[OK] SUCCESS] Found Amadeus Altea window: Altéa Reservation Desktop
[LF][[INFO] INFO] URL: https://tc212.resdesktop.altea.amadeus.com/app_ard/apf/init/login?SITE=ESMPESMP&LANGUAGE=GB&MARKETS=ARDW_PROD_WBP&ACTION=clpLogin#
2026-01-25 07:11:27 | INFO     | [DAY_START] Processing 30MAY
[LF] Processing ATZ-JED for 30MAY
2026-01-25 07:11:27 | INFO     | [lf.day.start] Processing ATZ-JED for 30MAY
[LF] Sending SN command: SN30MAYATZJED/ASM
[LF] 30MAY: found 1 direct flights
2026-01-25 07:11:29 | INFO     | [lf.day.flights_found] Found 1 flights on 30MAY
2026-01-25 07:11:31 | INFO     | [lf.flight.extracted] SM455 on 30MAY: BKG=2, LF=1.1%
[LF] SM455 30MAY: BKG=2, GRP=0, CAP=179, LF%=1.1%, Brd-Off=ATZ-JED, Classes: W:2
[LF] Getting WEEKLY/LASTSOLD data for 1 flights
[LF] SM455 30MAY: LASTSOLD=2026-01-22 00:00:00, WEEKLY=1, TODAY=0, YDAY=0
2026-01-25 07:11:34 | INFO     | [SUCCESS] Day 30MAY
2026-01-25 07:11:34 | INFO     | [DAY_START] Processing 29MAY
[LF] Processing ATZ-JED for 29MAY
2026-01-25 07:11:34 | INFO     | [lf.day.start] Processing ATZ-JED for 29MAY
[LF] Sending SN command: SN29MAYATZJED/ASM
[LF] 29MAY: found 1 direct flights
2026-01-25 07:11:35 | INFO     | [lf.day.flights_found] Found 1 flights on 29MAY
2026-01-25 07:11:37 | INFO     | [lf.flight.extracted] SM455 on 29MAY: BKG=1, LF=0.6%
[LF] SM455 29MAY: BKG=1, GRP=0, CAP=179, LF%=0.6%, Brd-Off=ATZ-JED, Classes: W:1
[LF] Getting WEEKLY/LASTSOLD data for 1 flights
[LF] SM455 29MAY: LASTSOLD=2026-01-21 00:00:00, WEEKLY=1, TODAY=0, YDAY=0
2026-01-25 07:11:39 | INFO     | [SUCCESS] Day 29MAY
2026-01-25 07:11:39 | INFO     | [DAY_START] Processing 28MAY
[LF] Processing ATZ-JED for 28MAY
2026-01-25 07:11:39 | INFO     | [lf.day.start] Processing ATZ-JED for 28MAY
[LF] Sending SN command: SN28MAYATZJED/ASM
[LF] 28MAY: found 1 direct flights
2026-01-25 07:11:40 | INFO     | [lf.day.flights_found] Found 1 flights on 28MAY
2026-01-25 07:11:42 | INFO     | [lf.flight.extracted] SM455 on 28MAY: BKG=0, LF=0.0%
[LF] SM455 28MAY: BKG=0, GRP=0, CAP=179, LF%=0.0%, Brd-Off=ATZ-JED
2026-01-25 07:11:43 | INFO     | [SUCCESS] Day 28MAY
2026-01-25 07:11:43 | INFO     | [DAY_START] Processing 27MAY
[LF] Processing ATZ-JED for 27MAY
2026-01-25 07:11:43 | INFO     | [lf.day.start] Processing ATZ-JED for 27MAY
[LF] Sending SN command: SN27MAYATZJED/ASM
[LF] 27MAY: found 1 direct flights
2026-01-25 07:11:44 | INFO     | [lf.day.flights_found] Found 1 flights on 27MAY
2026-01-25 07:11:46 | INFO     | [lf.flight.extracted] SM455 on 27MAY: BKG=0, LF=0.0%
[LF] SM455 27MAY: BKG=0, GRP=0, CAP=179, LF%=0.0%, Brd-Off=ATZ-JED
2026-01-25 07:11:47 | INFO     | [SUCCESS] Day 27MAY
2026-01-25 07:11:47 | INFO     | [DAY_START] Processing 26MAY
[LF] Processing ATZ-JED for 26MAY
2026-01-25 07:11:47 | INFO     | [lf.day.start] Processing ATZ-JED for 26MAY
[LF] Sending SN command: SN26MAYATZJED/ASM
[LF] 26MAY: found 1 direct flights
2026-01-25 07:11:48 | INFO     | [lf.day.flights_found] Found 1 flights on 26MAY
2026-01-25 07:11:50 | INFO     | [lf.flight.extracted] SM455 on 26MAY: BKG=0, LF=0.0%
[LF] SM455 26MAY: BKG=0, GRP=0, CAP=179, LF%=0.0%, Brd-Off=ATZ-JED
2026-01-25 07:11:52 | INFO     | [SUCCESS] Day 26MAY
2026-01-25 07:11:52 | INFO     | [DAY_START] Processing 25MAY
[LF] Processing ATZ-JED for 25MAY
2026-01-25 07:11:52 | INFO     | [lf.day.start] Processing ATZ-JED for 25MAY
[LF] Sending SN command: SN25MAYATZJED/ASM
[LF] 25MAY: found 1 direct flights
2026-01-25 07:11:53 | INFO     | [lf.day.flights_found] Found 1 flights on 25MAY
2026-01-25 07:11:55 | INFO     | [lf.flight.extracted] SM455 on 25MAY: BKG=0, LF=0.0%
[LF] SM455 25MAY: BKG=0, GRP=0, CAP=179, LF%=0.0%, Brd-Off=ATZ-JED
2026-01-25 07:11:56 | INFO     | [SUCCESS] Day 25MAY
2026-01-25 07:11:56 | INFO     | [DAY_START] Processing 24MAY
[LF] Processing ATZ-JED for 24MAY
2026-01-25 07:11:56 | INFO     | [lf.day.start] Processing ATZ-JED for 24MAY
[LF] Sending SN command: SN24MAYATZJED/ASM
[LF] 24MAY: found 1 direct flights
2026-01-25 07:11:57 | INFO     | [lf.day.flights_found] Found 1 flights on 24MAY
2026-01-25 07:11:59 | INFO     | [lf.flight.extracted] SM455 on 24MAY: BKG=1, LF=0.6%
[LF] SM455 24MAY: BKG=1, GRP=0, CAP=179, LF%=0.6%, Brd-Off=ATZ-JED, Classes: I:1
[LF] Getting WEEKLY/LASTSOLD data for 1 flights
[LF] SM455 24MAY: LASTSOLD=2026-01-06 00:00:00, WEEKLY=0, TODAY=0, YDAY=0
2026-01-25 07:12:01 | INFO     | [SUCCESS] Day 24MAY
2026-01-25 07:12:01 | INFO     | [DAY_START] Processing 23MAY
[LF] Processing ATZ-JED for 23MAY
2026-01-25 07:12:01 | INFO     | [lf.day.start] Processing ATZ-JED for 23MAY
[LF] Sending SN command: SN23MAYATZJED/ASM
[LF] 23MAY: found 1 direct flights
2026-01-25 07:12:02 | INFO     | [lf.day.flights_found] Found 1 flights on 23MAY
2026-01-25 07:12:04 | INFO     | [lf.flight.extracted] SM455 on 23MAY: BKG=1, LF=0.6%
[LF] SM455 23MAY: BKG=1, GRP=0, CAP=179, LF%=0.6%, Brd-Off=ATZ-JED, Classes: I:1
[LPC] SM455 23MAY: Found 1 outbound flights with connecting passengers
[LF] Getting WEEKLY/LASTSOLD data for 1 flights
[LF] SM455 23MAY: LASTSOLD=2025-12-30 00:00:00, WEEKLY=0, TODAY=0, YDAY=0
2026-01-25 07:12:07 | INFO     | [SUCCESS] Day 23MAY
[LF] Results summary:
  2026-05-30: 1 flights
  2026-05-29: 1 flights
  2026-05-28: 1 flights
  2026-05-27: 1 flights
  2026-05-26: 1 flights
  2026-05-25: 1 flights
  2026-05-24: 1 flights
  2026-05-23: 1 flights
2026-01-25 07:12:07 | INFO     | [SUCCESS] LF Search Complete

============================================================
[Worker_9222] ✓ COMPLETED: ATZ-JED
  Results: 8 dates
  Errors: 0 dates
  Total Processed: 4 groups
============================================================

2026-01-25 07:12:07 | INFO     | [Worker_9222] Completed: ATZ-JED - 8 results, 0 errors

============================================================
[Worker_9222] Processing: ATZ-AHB
  Tier 0: Range 4, Chunk 1/4
  Dates: 8 days
  Date Range: 2026-05-30 to 2026-05-23
============================================================

2026-01-25 07:12:07 | INFO     | [Worker_9222] Processing: ATZ-AHB
2026-01-25 07:12:07 | INFO     |   Tier 0: Range 4, Chunk 1/4 (8 days)
2026-01-25 07:12:07 | INFO     | ======================================================================
2026-01-25 07:12:07 | INFO     | Load Factor Scraper Started - Route: ATZ-AHB
2026-01-25 07:12:07 | INFO     | Log file: D:\CODERED\LAB\Artifacts\outputs\run_generated_250126_at_07.06\logs\LF_ATZ-AHB_20260125_071207.log
2026-01-25 07:12:07 | INFO     | Enhanced logging: Capturing both logging.info() and print()
2026-01-25 07:12:07 | INFO     | ======================================================================
[LF] Processing dates (override): ['30MAY', '29MAY', '28MAY', '27MAY', '26MAY', '25MAY', '24MAY', '23MAY']
[LF] Attaching to Chrome for Altea access
2026-01-25 07:12:07 | INFO     | Starting LF search for route: ATZ-AHB
2026-01-25 07:12:07 | INFO     | [START] LF Search
[LF][[OK] SUCCESS] Connected to Chrome on 127.0.0.1:9222 (after 1 attempts)
2026-01-25 07:12:16 | INFO     | [HEALTH CHECK] [OK] Chrome connection is healthy
[LF][[OK] SUCCESS] Found Amadeus Altea window: Altéa Reservation Desktop
[LF][[INFO] INFO] URL: https://tc212.resdesktop.altea.amadeus.com/app_ard/apf/init/login?SITE=ESMPESMP&LANGUAGE=GB&MARKETS=ARDW_PROD_WBP&ACTION=clpLogin#
2026-01-25 07:12:16 | INFO     | [DAY_START] Processing 30MAY
[LF] Processing ATZ-AHB for 30MAY
2026-01-25 07:12:16 | INFO     | [lf.day.start] Processing ATZ-AHB for 30MAY
[LF] Sending SN command: SN30MAYATZAHB/ASM
[LF] No direct flights on 30MAY for ATZ-AHB
2026-01-25 07:12:17 | WARNING  | [lf.day.no_flights] No direct flights on 30MAY
2026-01-25 07:12:17 | INFO     | [SUCCESS] Day 30MAY
2026-01-25 07:12:17 | INFO     | [DAY_START] Processing 29MAY
[LF] Processing ATZ-AHB for 29MAY
2026-01-25 07:12:17 | INFO     | [lf.day.start] Processing ATZ-AHB for 29MAY
[LF] Sending SN command: SN29MAYATZAHB/ASM
[LF] No direct flights on 29MAY for ATZ-AHB
2026-01-25 07:12:18 | WARNING  | [lf.day.no_flights] No direct flights on 29MAY
2026-01-25 07:12:18 | INFO     | [SUCCESS] Day 29MAY
2026-01-25 07:12:18 | INFO     | [DAY_START] Processing 28MAY
[LF] Processing ATZ-AHB for 28MAY
2026-01-25 07:12:18 | INFO     | [lf.day.start] Processing ATZ-AHB for 28MAY
[LF] Sending SN command: SN28MAYATZAHB/ASM
[LF] No direct flights on 28MAY for ATZ-AHB
2026-01-25 07:12:20 | WARNING  | [lf.day.no_flights] No direct flights on 28MAY
2026-01-25 07:12:20 | INFO     | [SUCCESS] Day 28MAY
2026-01-25 07:12:20 | INFO     | [DAY_START] Processing 27MAY
[LF] Processing ATZ-AHB for 27MAY
2026-01-25 07:12:20 | INFO     | [lf.day.start] Processing ATZ-AHB for 27MAY
[LF] Sending SN command: SN27MAYATZAHB/ASM
[LF] No direct flights on 27MAY for ATZ-AHB
2026-01-25 07:12:21 | WARNING  | [lf.day.no_flights] No direct flights on 27MAY
2026-01-25 07:12:21 | INFO     | [SUCCESS] Day 27MAY
2026-01-25 07:12:21 | INFO     | [DAY_START] Processing 26MAY
[LF] Processing ATZ-AHB for 26MAY
2026-01-25 07:12:21 | INFO     | [lf.day.start] Processing ATZ-AHB for 26MAY
[LF] Sending SN command: SN26MAYATZAHB/ASM
[LF] No direct flights on 26MAY for ATZ-AHB
2026-01-25 07:12:22 | WARNING  | [lf.day.no_flights] No direct flights on 26MAY
2026-01-25 07:12:22 | INFO     | [SUCCESS] Day 26MAY
2026-01-25 07:12:22 | INFO     | [DAY_START] Processing 25MAY
[LF] Processing ATZ-AHB for 25MAY
2026-01-25 07:12:22 | INFO     | [lf.day.start] Processing ATZ-AHB for 25MAY
[LF] Sending SN command: SN25MAYATZAHB/ASM
[LF] No direct flights on 25MAY for ATZ-AHB
2026-01-25 07:12:23 | WARNING  | [lf.day.no_flights] No direct flights on 25MAY
2026-01-25 07:12:23 | INFO     | [SUCCESS] Day 25MAY
2026-01-25 07:12:23 | INFO     | [DAY_START] Processing 24MAY
[LF] Processing ATZ-AHB for 24MAY
2026-01-25 07:12:23 | INFO     | [lf.day.start] Processing ATZ-AHB for 24MAY
[LF] Sending SN command: SN24MAYATZAHB/ASM
[LF] No direct flights on 24MAY for ATZ-AHB
2026-01-25 07:12:24 | WARNING  | [lf.day.no_flights] No direct flights on 24MAY
2026-01-25 07:12:24 | INFO     | [SUCCESS] Day 24MAY
2026-01-25 07:12:24 | INFO     | [DAY_START] Processing 23MAY
[LF] Processing ATZ-AHB for 23MAY
2026-01-25 07:12:24 | INFO     | [lf.day.start] Processing ATZ-AHB for 23MAY
[LF] Sending SN command: SN23MAYATZAHB/ASM
[LF] No direct flights on 23MAY for ATZ-AHB
2026-01-25 07:12:25 | WARNING  | [lf.day.no_flights] No direct flights on 23MAY
2026-01-25 07:12:25 | INFO     | [SUCCESS] Day 23MAY
[LF] Results summary:
  2026-05-30: 0 flights
  2026-05-29: 0 flights
  2026-05-28: 0 flights
  2026-05-27: 0 flights
  2026-05-26: 0 flights
  2026-05-25: 0 flights
  2026-05-24: 0 flights
  2026-05-23: 0 flights
2026-01-25 07:12:25 | INFO     | [SUCCESS] LF Search Complete

============================================================
[Worker_9222] ✓ COMPLETED: ATZ-AHB
  Results: 8 dates
  Errors: 0 dates
  Total Processed: 5 groups
============================================================

2026-01-25 07:12:25 | INFO     | [Worker_9222] Completed: ATZ-AHB - 8 results, 0 errors

============================================================
[Worker_9222] Processing: MED-ATZ
  Tier 0: Range 4, Chunk 2/4
  Dates: 8 days
  Date Range: 2026-05-22 to 2026-05-15
============================================================

2026-01-25 07:12:25 | INFO     | [Worker_9222] Processing: MED-ATZ
2026-01-25 07:12:25 | INFO     |   Tier 0: Range 4, Chunk 2/4 (8 days)
2026-01-25 07:12:25 | INFO     | ======================================================================
2026-01-25 07:12:25 | INFO     | Load Factor Scraper Started - Route: MED-ATZ
2026-01-25 07:12:25 | INFO     | Log file: D:\CODERED\LAB\Artifacts\outputs\run_generated_250126_at_07.06\logs\LF_MED-ATZ_20260125_071225.log
2026-01-25 07:12:25 | INFO     | Enhanced logging: Capturing both logging.info() and print()
2026-01-25 07:12:25 | INFO     | ======================================================================
[LF] Processing dates (override): ['22MAY', '21MAY', '20MAY', '19MAY', '18MAY', '17MAY', '16MAY', '15MAY']
[LF] Attaching to Chrome for Altea access
2026-01-25 07:12:25 | INFO     | Starting LF search for route: MED-ATZ
2026-01-25 07:12:25 | INFO     | [START] LF Search
[LF][[OK] SUCCESS] Connected to Chrome on 127.0.0.1:9222 (after 1 attempts)
2026-01-25 07:12:26 | INFO     | [HEALTH CHECK] [OK] Chrome connection is healthy
[LF][[OK] SUCCESS] Found Amadeus Altea window: Altéa Reservation Desktop
[LF][[INFO] INFO] URL: https://tc212.resdesktop.altea.amadeus.com/app_ard/apf/init/login?SITE=ESMPESMP&LANGUAGE=GB&MARKETS=ARDW_PROD_WBP&ACTION=clpLogin#
2026-01-25 07:12:26 | INFO     | [DAY_START] Processing 22MAY
[LF] Processing MED-ATZ for 22MAY
2026-01-25 07:12:26 | INFO     | [lf.day.start] Processing MED-ATZ for 22MAY
[LF] Sending SN command: SN22MAYMEDATZ/ASM
[LF] No direct flights on 22MAY for MED-ATZ
2026-01-25 07:12:27 | WARNING  | [lf.day.no_flights] No direct flights on 22MAY
2026-01-25 07:12:27 | INFO     | [SUCCESS] Day 22MAY
2026-01-25 07:12:27 | INFO     | [DAY_START] Processing 21MAY
[LF] Processing MED-ATZ for 21MAY
2026-01-25 07:12:27 | INFO     | [lf.day.start] Processing MED-ATZ for 21MAY
[LF] Sending SN command: SN21MAYMEDATZ/ASM
[LF] No direct flights on 21MAY for MED-ATZ
2026-01-25 07:12:28 | WARNING  | [lf.day.no_flights] No direct flights on 21MAY
2026-01-25 07:12:28 | INFO     | [SUCCESS] Day 21MAY
2026-01-25 07:12:28 | INFO     | [DAY_START] Processing 20MAY
[LF] Processing MED-ATZ for 20MAY
2026-01-25 07:12:28 | INFO     | [lf.day.start] Processing MED-ATZ for 20MAY
[LF] Sending SN command: SN20MAYMEDATZ/ASM
[LF] No direct flights on 20MAY for MED-ATZ
2026-01-25 07:12:29 | WARNING  | [lf.day.no_flights] No direct flights on 20MAY
2026-01-25 07:12:29 | INFO     | [SUCCESS] Day 20MAY
2026-01-25 07:12:29 | INFO     | [DAY_START] Processing 19MAY
[LF] Processing MED-ATZ for 19MAY
2026-01-25 07:12:29 | INFO     | [lf.day.start] Processing MED-ATZ for 19MAY
[LF] Sending SN command: SN19MAYMEDATZ/ASM
[LF] No direct flights on 19MAY for MED-ATZ
2026-01-25 07:12:30 | WARNING  | [lf.day.no_flights] No direct flights on 19MAY
2026-01-25 07:12:30 | INFO     | [SUCCESS] Day 19MAY
2026-01-25 07:12:30 | INFO     | [DAY_START] Processing 18MAY
[LF] Processing MED-ATZ for 18MAY
2026-01-25 07:12:30 | INFO     | [lf.day.start] Processing MED-ATZ for 18MAY
[LF] Sending SN command: SN18MAYMEDATZ/ASM
[LF] No direct flights on 18MAY for MED-ATZ
2026-01-25 07:12:31 | WARNING  | [lf.day.no_flights] No direct flights on 18MAY
2026-01-25 07:12:31 | INFO     | [SUCCESS] Day 18MAY
2026-01-25 07:12:31 | INFO     | [DAY_START] Processing 17MAY
[LF] Processing MED-ATZ for 17MAY
2026-01-25 07:12:31 | INFO     | [lf.day.start] Processing MED-ATZ for 17MAY
[LF] Sending SN command: SN17MAYMEDATZ/ASM
[LF] 17MAY: found 1 direct flights
2026-01-25 07:12:32 | INFO     | [lf.day.flights_found] Found 1 flights on 17MAY
2026-01-25 07:12:34 | INFO     | [lf.flight.extracted] SM488 on 17MAY: BKG=2, LF=1.1%
[LF] SM488 17MAY: BKG=2, GRP=0, CAP=175, LF%=1.1%, Brd-Off=MED-ATZ, Classes: T:2
[LF] Getting WEEKLY/LASTSOLD data for 1 flights
[LF] SM488 17MAY: LASTSOLD=2026-01-09 00:00:00, WEEKLY=0, TODAY=0, YDAY=0
2026-01-25 07:12:37 | INFO     | [SUCCESS] Day 17MAY
2026-01-25 07:12:37 | INFO     | [DAY_START] Processing 16MAY
[LF] Processing MED-ATZ for 16MAY
2026-01-25 07:12:37 | INFO     | [lf.day.start] Processing MED-ATZ for 16MAY
[LF] Sending SN command: SN16MAYMEDATZ/ASM
[LF] No direct flights on 16MAY for MED-ATZ
2026-01-25 07:12:38 | WARNING  | [lf.day.no_flights] No direct flights on 16MAY
2026-01-25 07:12:38 | INFO     | [SUCCESS] Day 16MAY
2026-01-25 07:12:38 | INFO     | [DAY_START] Processing 15MAY
[LF] Processing MED-ATZ for 15MAY
2026-01-25 07:12:38 | INFO     | [lf.day.start] Processing MED-ATZ for 15MAY
[LF] Sending SN command: SN15MAYMEDATZ/ASM
[LF] No direct flights on 15MAY for MED-ATZ
2026-01-25 07:12:39 | WARNING  | [lf.day.no_flights] No direct flights on 15MAY
2026-01-25 07:12:39 | INFO     | [SUCCESS] Day 15MAY
[LF] Results summary:
  2026-05-22: 0 flights
  2026-05-21: 0 flights
  2026-05-20: 0 flights
  2026-05-19: 0 flights
  2026-05-18: 0 flights
  2026-05-17: 1 flights
  2026-05-16: 0 flights
  2026-05-15: 0 flights
2026-01-25 07:12:39 | INFO     | [SUCCESS] LF Search Complete

============================================================
[Worker_9222] ✓ COMPLETED: MED-ATZ
  Results: 8 dates
  Errors: 0 dates
  Total Processed: 6 groups
============================================================

2026-01-25 07:12:39 | INFO     | [Worker_9222] Completed: MED-ATZ - 8 results, 0 errors

============================================================
[Worker_9222] Processing: JED-LXR
  Tier 0: Range 4, Chunk 2/4
  Dates: 8 days
  Date Range: 2026-05-22 to 2026-05-15
============================================================

2026-01-25 07:12:39 | INFO     | [Worker_9222] Processing: JED-LXR
2026-01-25 07:12:39 | INFO     |   Tier 0: Range 4, Chunk 2/4 (8 days)
2026-01-25 07:12:39 | INFO     | ======================================================================
2026-01-25 07:12:39 | INFO     | Load Factor Scraper Started - Route: JED-LXR
2026-01-25 07:12:39 | INFO     | Log file: D:\CODERED\LAB\Artifacts\outputs\run_generated_250126_at_07.06\logs\LF_JED-LXR_20260125_071239.log
2026-01-25 07:12:39 | INFO     | Enhanced logging: Capturing both logging.info() and print()
2026-01-25 07:12:39 | INFO     | ======================================================================
[LF] Processing dates (override): ['22MAY', '21MAY', '20MAY', '19MAY', '18MAY', '17MAY', '16MAY', '15MAY']
[LF] Attaching to Chrome for Altea access
2026-01-25 07:12:39 | INFO     | Starting LF search for route: JED-LXR
2026-01-25 07:12:39 | INFO     | [START] LF Search
[LF][[OK] SUCCESS] Connected to Chrome on 127.0.0.1:9222 (after 1 attempts)
2026-01-25 07:12:40 | INFO     | [HEALTH CHECK] [OK] Chrome connection is healthy
[LF][[OK] SUCCESS] Found Amadeus Altea window: Altéa Reservation Desktop
[LF][[INFO] INFO] URL: https://tc212.resdesktop.altea.amadeus.com/app_ard/apf/init/login?SITE=ESMPESMP&LANGUAGE=GB&MARKETS=ARDW_PROD_WBP&ACTION=clpLogin#
2026-01-25 07:12:40 | INFO     | [DAY_START] Processing 22MAY
[LF] Processing JED-LXR for 22MAY
2026-01-25 07:12:40 | INFO     | [lf.day.start] Processing JED-LXR for 22MAY
[LF] Sending SN command: SN22MAYJEDLXR/ASM
[LF] No direct flights on 22MAY for JED-LXR
2026-01-25 07:12:41 | WARNING  | [lf.day.no_flights] No direct flights on 22MAY
2026-01-25 07:12:41 | INFO     | [SUCCESS] Day 22MAY
2026-01-25 07:12:41 | INFO     | [DAY_START] Processing 21MAY
[LF] Processing JED-LXR for 21MAY
2026-01-25 07:12:41 | INFO     | [lf.day.start] Processing JED-LXR for 21MAY
[LF] Sending SN command: SN21MAYJEDLXR/ASM
[LF] No direct flights on 21MAY for JED-LXR
2026-01-25 07:12:42 | WARNING  | [lf.day.no_flights] No direct flights on 21MAY
2026-01-25 07:12:42 | INFO     | [SUCCESS] Day 21MAY
2026-01-25 07:12:42 | INFO     | [DAY_START] Processing 20MAY
[LF] Processing JED-LXR for 20MAY
2026-01-25 07:12:42 | INFO     | [lf.day.start] Processing JED-LXR for 20MAY
[LF] Sending SN command: SN20MAYJEDLXR/ASM
[LF] No direct flights on 20MAY for JED-LXR
2026-01-25 07:12:43 | WARNING  | [lf.day.no_flights] No direct flights on 20MAY
2026-01-25 07:12:43 | INFO     | [SUCCESS] Day 20MAY
2026-01-25 07:12:43 | INFO     | [DAY_START] Processing 19MAY
[LF] Processing JED-LXR for 19MAY
2026-01-25 07:12:43 | INFO     | [lf.day.start] Processing JED-LXR for 19MAY
[LF] Sending SN command: SN19MAYJEDLXR/ASM
[LF] No direct flights on 19MAY for JED-LXR
2026-01-25 07:12:44 | WARNING  | [lf.day.no_flights] No direct flights on 19MAY
2026-01-25 07:12:44 | INFO     | [SUCCESS] Day 19MAY
2026-01-25 07:12:44 | INFO     | [DAY_START] Processing 18MAY
[LF] Processing JED-LXR for 18MAY
2026-01-25 07:12:44 | INFO     | [lf.day.start] Processing JED-LXR for 18MAY
[LF] Sending SN command: SN18MAYJEDLXR/ASM
[LF] No direct flights on 18MAY for JED-LXR
2026-01-25 07:12:45 | WARNING  | [lf.day.no_flights] No direct flights on 18MAY
2026-01-25 07:12:45 | INFO     | [SUCCESS] Day 18MAY
2026-01-25 07:12:45 | INFO     | [DAY_START] Processing 17MAY
[LF] Processing JED-LXR for 17MAY
2026-01-25 07:12:45 | INFO     | [lf.day.start] Processing JED-LXR for 17MAY
[LF] Sending SN command: SN17MAYJEDLXR/ASM
[LF] No direct flights on 17MAY for JED-LXR
2026-01-25 07:12:46 | WARNING  | [lf.day.no_flights] No direct flights on 17MAY
2026-01-25 07:12:46 | INFO     | [SUCCESS] Day 17MAY
2026-01-25 07:12:46 | INFO     | [DAY_START] Processing 16MAY
[LF] Processing JED-LXR for 16MAY
2026-01-25 07:12:46 | INFO     | [lf.day.start] Processing JED-LXR for 16MAY
[LF] Sending SN command: SN16MAYJEDLXR/ASM
[LF] No direct flights on 16MAY for JED-LXR
2026-01-25 07:12:48 | WARNING  | [lf.day.no_flights] No direct flights on 16MAY
2026-01-25 07:12:48 | INFO     | [SUCCESS] Day 16MAY
2026-01-25 07:12:48 | INFO     | [DAY_START] Processing 15MAY
[LF] Processing JED-LXR for 15MAY
2026-01-25 07:12:48 | INFO     | [lf.day.start] Processing JED-LXR for 15MAY
[LF] Sending SN command: SN15MAYJEDLXR/ASM
[LF] No direct flights on 15MAY for JED-LXR
2026-01-25 07:12:49 | WARNING  | [lf.day.no_flights] No direct flights on 15MAY
2026-01-25 07:12:49 | INFO     | [SUCCESS] Day 15MAY
[LF] Results summary:
  2026-05-22: 0 flights
  2026-05-21: 0 flights
  2026-05-20: 0 flights
  2026-05-19: 0 flights
  2026-05-18: 0 flights
  2026-05-17: 0 flights
  2026-05-16: 0 flights
  2026-05-15: 0 flights
2026-01-25 07:12:49 | INFO     | [SUCCESS] LF Search Complete

============================================================
[Worker_9222] ✓ COMPLETED: JED-LXR
  Results: 8 dates
  Errors: 0 dates
  Total Processed: 7 groups
============================================================

2026-01-25 07:12:49 | INFO     | [Worker_9222] Completed: JED-LXR - 8 results, 0 errors

============================================================
[Worker_9222] Processing: RUH-ATZ
  Tier 0: Range 4, Chunk 2/4
  Dates: 8 days
  Date Range: 2026-05-22 to 2026-05-15
============================================================

2026-01-25 07:12:49 | INFO     | [Worker_9222] Processing: RUH-ATZ
2026-01-25 07:12:49 | INFO     |   Tier 0: Range 4, Chunk 2/4 (8 days)
2026-01-25 07:12:49 | INFO     | ======================================================================
2026-01-25 07:12:49 | INFO     | Load Factor Scraper Started - Route: RUH-ATZ
2026-01-25 07:12:49 | INFO     | Log file: D:\CODERED\LAB\Artifacts\outputs\run_generated_250126_at_07.06\logs\LF_RUH-ATZ_20260125_071249.log
2026-01-25 07:12:49 | INFO     | Enhanced logging: Capturing both logging.info() and print()
2026-01-25 07:12:49 | INFO     | ======================================================================
[LF] Processing dates (override): ['22MAY', '21MAY', '20MAY', '19MAY', '18MAY', '17MAY', '16MAY', '15MAY']
[LF] Attaching to Chrome for Altea access
2026-01-25 07:12:49 | INFO     | Starting LF search for route: RUH-ATZ
2026-01-25 07:12:49 | INFO     | [START] LF Search
[LF][[OK] SUCCESS] Connected to Chrome on 127.0.0.1:9222 (after 1 attempts)
2026-01-25 07:12:49 | INFO     | [HEALTH CHECK] [OK] Chrome connection is healthy
[LF][[OK] SUCCESS] Found Amadeus Altea window: Altéa Reservation Desktop
[LF][[INFO] INFO] URL: https://tc212.resdesktop.altea.amadeus.com/app_ard/apf/init/login?SITE=ESMPESMP&LANGUAGE=GB&MARKETS=ARDW_PROD_WBP&ACTION=clpLogin#
2026-01-25 07:12:50 | INFO     | [DAY_START] Processing 22MAY
[LF] Processing RUH-ATZ for 22MAY
2026-01-25 07:12:50 | INFO     | [lf.day.start] Processing RUH-ATZ for 22MAY
[LF] Sending SN command: SN22MAYRUHATZ/ASM
[LF] No direct flights on 22MAY for RUH-ATZ
2026-01-25 07:12:51 | WARNING  | [lf.day.no_flights] No direct flights on 22MAY
2026-01-25 07:12:51 | INFO     | [SUCCESS] Day 22MAY
2026-01-25 07:12:51 | INFO     | [DAY_START] Processing 21MAY
[LF] Processing RUH-ATZ for 21MAY
2026-01-25 07:12:51 | INFO     | [lf.day.start] Processing RUH-ATZ for 21MAY
[LF] Sending SN command: SN21MAYRUHATZ/ASM
[LF] No direct flights on 21MAY for RUH-ATZ
2026-01-25 07:12:52 | WARNING  | [lf.day.no_flights] No direct flights on 21MAY
2026-01-25 07:12:52 | INFO     | [SUCCESS] Day 21MAY
2026-01-25 07:12:52 | INFO     | [DAY_START] Processing 20MAY
[LF] Processing RUH-ATZ for 20MAY
2026-01-25 07:12:52 | INFO     | [lf.day.start] Processing RUH-ATZ for 20MAY
[LF] Sending SN command: SN20MAYRUHATZ/ASM
[LF] 20MAY: found 1 direct flights
2026-01-25 07:12:53 | INFO     | [lf.day.flights_found] Found 1 flights on 20MAY
2026-01-25 07:12:55 | INFO     | [lf.flight.extracted] SM466 on 20MAY: BKG=6, LF=3.4%
[LF] SM466 20MAY: BKG=6, GRP=0, CAP=175, LF%=3.4%, Brd-Off=RUH-ATZ, Classes: H:6
[LF] Getting WEEKLY/LASTSOLD data for 1 flights
[LF] SM466 20MAY: LASTSOLD=2026-01-14 00:00:00, WEEKLY=0, TODAY=0, YDAY=0
2026-01-25 07:12:58 | INFO     | [SUCCESS] Day 20MAY
2026-01-25 07:12:58 | INFO     | [DAY_START] Processing 19MAY
[LF] Processing RUH-ATZ for 19MAY
2026-01-25 07:12:58 | INFO     | [lf.day.start] Processing RUH-ATZ for 19MAY
[LF] Sending SN command: SN19MAYRUHATZ/ASM
[LF] No direct flights on 19MAY for RUH-ATZ
2026-01-25 07:12:59 | WARNING  | [lf.day.no_flights] No direct flights on 19MAY
2026-01-25 07:12:59 | INFO     | [SUCCESS] Day 19MAY
2026-01-25 07:12:59 | INFO     | [DAY_START] Processing 18MAY
[LF] Processing RUH-ATZ for 18MAY
2026-01-25 07:12:59 | INFO     | [lf.day.start] Processing RUH-ATZ for 18MAY
[LF] Sending SN command: SN18MAYRUHATZ/ASM
[LF] No direct flights on 18MAY for RUH-ATZ
2026-01-25 07:13:00 | WARNING  | [lf.day.no_flights] No direct flights on 18MAY
2026-01-25 07:13:00 | INFO     | [SUCCESS] Day 18MAY
2026-01-25 07:13:00 | INFO     | [DAY_START] Processing 17MAY
[LF] Processing RUH-ATZ for 17MAY
2026-01-25 07:13:00 | INFO     | [lf.day.start] Processing RUH-ATZ for 17MAY
[LF] Sending SN command: SN17MAYRUHATZ/ASM
[LF] No direct flights on 17MAY for RUH-ATZ
2026-01-25 07:13:01 | WARNING  | [lf.day.no_flights] No direct flights on 17MAY
2026-01-25 07:13:01 | INFO     | [SUCCESS] Day 17MAY
2026-01-25 07:13:01 | INFO     | [DAY_START] Processing 16MAY
[LF] Processing RUH-ATZ for 16MAY
2026-01-25 07:13:01 | INFO     | [lf.day.start] Processing RUH-ATZ for 16MAY
[LF] Sending SN command: SN16MAYRUHATZ/ASM
[LF] No direct flights on 16MAY for RUH-ATZ
2026-01-25 07:13:02 | WARNING  | [lf.day.no_flights] No direct flights on 16MAY
2026-01-25 07:13:02 | INFO     | [SUCCESS] Day 16MAY
2026-01-25 07:13:02 | INFO     | [DAY_START] Processing 15MAY
[LF] Processing RUH-ATZ for 15MAY
2026-01-25 07:13:02 | INFO     | [lf.day.start] Processing RUH-ATZ for 15MAY
[LF] Sending SN command: SN15MAYRUHATZ/ASM
[LF] No direct flights on 15MAY for RUH-ATZ
2026-01-25 07:13:03 | WARNING  | [lf.day.no_flights] No direct flights on 15MAY
2026-01-25 07:13:03 | INFO     | [SUCCESS] Day 15MAY
[LF] Results summary:
  2026-05-22: 0 flights
  2026-05-21: 0 flights
  2026-05-20: 1 flights
  2026-05-19: 0 flights
  2026-05-18: 0 flights
  2026-05-17: 0 flights
  2026-05-16: 0 flights
  2026-05-15: 0 flights
2026-01-25 07:13:03 | INFO     | [SUCCESS] LF Search Complete

============================================================
[Worker_9222] ✓ COMPLETED: RUH-ATZ
  Results: 8 dates
  Errors: 0 dates
  Total Processed: 8 groups
============================================================

2026-01-25 07:13:03 | INFO     | [Worker_9222] Completed: RUH-ATZ - 8 results, 0 errors

============================================================
[Worker_9222] Processing: YNB-CAI
  Tier 0: Range 4, Chunk 2/4
  Dates: 8 days
  Date Range: 2026-05-22 to 2026-05-15
============================================================

2026-01-25 07:13:03 | INFO     | [Worker_9222] Processing: YNB-CAI
2026-01-25 07:13:03 | INFO     |   Tier 0: Range 4, Chunk 2/4 (8 days)
2026-01-25 07:13:03 | INFO     | ======================================================================
2026-01-25 07:13:03 | INFO     | Load Factor Scraper Started - Route: YNB-CAI
2026-01-25 07:13:03 | INFO     | Log file: D:\CODERED\LAB\Artifacts\outputs\run_generated_250126_at_07.06\logs\LF_YNB-CAI_20260125_071303.log
2026-01-25 07:13:03 | INFO     | Enhanced logging: Capturing both logging.info() and print()
2026-01-25 07:13:03 | INFO     | ======================================================================
[LF] Processing dates (override): ['22MAY', '21MAY', '20MAY', '19MAY', '18MAY', '17MAY', '16MAY', '15MAY']
[LF] Attaching to Chrome for Altea access
2026-01-25 07:13:03 | INFO     | Starting LF search for route: YNB-CAI
2026-01-25 07:13:03 | INFO     | [START] LF Search
[LF][[OK] SUCCESS] Connected to Chrome on 127.0.0.1:9222 (after 1 attempts)
2026-01-25 07:13:04 | INFO     | [HEALTH CHECK] [OK] Chrome connection is healthy
[LF][[OK] SUCCESS] Found Amadeus Altea window: Altéa Reservation Desktop
[LF][[INFO] INFO] URL: https://tc212.resdesktop.altea.amadeus.com/app_ard/apf/init/login?SITE=ESMPESMP&LANGUAGE=GB&MARKETS=ARDW_PROD_WBP&ACTION=clpLogin#
2026-01-25 07:13:04 | INFO     | [DAY_START] Processing 22MAY
[LF] Processing YNB-CAI for 22MAY
2026-01-25 07:13:04 | INFO     | [lf.day.start] Processing YNB-CAI for 22MAY
[LF] Sending SN command: SN22MAYYNBCAI/ASM
[LF] 22MAY: found 1 direct flights
2026-01-25 07:13:05 | INFO     | [lf.day.flights_found] Found 1 flights on 22MAY
2026-01-25 07:13:07 | INFO     | [lf.flight.extracted] SM442 on 22MAY: BKG=9, LF=5.1%
[LF] SM442 22MAY: BKG=9, GRP=0, CAP=175, LF%=5.1%, Brd-Off=YNB-CAI, Classes: T:9
[LF] Getting WEEKLY/LASTSOLD data for 1 flights
[LF] SM442 22MAY: LASTSOLD=2026-01-24 00:00:00, WEEKLY=6, TODAY=0, YDAY=2
2026-01-25 07:13:10 | INFO     | [SUCCESS] Day 22MAY
2026-01-25 07:13:10 | INFO     | [DAY_START] Processing 21MAY
[LF] Processing YNB-CAI for 21MAY
2026-01-25 07:13:10 | INFO     | [lf.day.start] Processing YNB-CAI for 21MAY
[LF] Sending SN command: SN21MAYYNBCAI/ASM
[LF] 21MAY: found 1 direct flights
2026-01-25 07:13:11 | INFO     | [lf.day.flights_found] Found 1 flights on 21MAY
2026-01-25 07:13:13 | INFO     | [lf.flight.extracted] SM442 on 21MAY: BKG=2, LF=1.2%
[LF] SM442 21MAY: BKG=2, GRP=0, CAP=167, LF%=1.2%, Brd-Off=YNB-CAI, Classes: T:2
[LF] Getting WEEKLY/LASTSOLD data for 1 flights
[LF] SM442 21MAY: LASTSOLD=2026-01-12 00:00:00, WEEKLY=0, TODAY=0, YDAY=0
2026-01-25 07:13:15 | INFO     | [SUCCESS] Day 21MAY
2026-01-25 07:13:15 | INFO     | [DAY_START] Processing 20MAY
[LF] Processing YNB-CAI for 20MAY
2026-01-25 07:13:15 | INFO     | [lf.day.start] Processing YNB-CAI for 20MAY
[LF] Sending SN command: SN20MAYYNBCAI/ASM
[LF] No direct flights on 20MAY for YNB-CAI
2026-01-25 07:13:17 | WARNING  | [lf.day.no_flights] No direct flights on 20MAY
2026-01-25 07:13:17 | INFO     | [SUCCESS] Day 20MAY
2026-01-25 07:13:17 | INFO     | [DAY_START] Processing 19MAY
[LF] Processing YNB-CAI for 19MAY
2026-01-25 07:13:17 | INFO     | [lf.day.start] Processing YNB-CAI for 19MAY
[LF] Sending SN command: SN19MAYYNBCAI/ASM
[LF] 19MAY: found 1 direct flights
2026-01-25 07:13:18 | INFO     | [lf.day.flights_found] Found 1 flights on 19MAY
2026-01-25 07:13:20 | INFO     | [lf.flight.extracted] SM442 on 19MAY: BKG=2, LF=1.1%
[LF] SM442 19MAY: BKG=2, GRP=0, CAP=175, LF%=1.1%, Brd-Off=YNB-CAI, Classes: T:2
[LF] Getting WEEKLY/LASTSOLD data for 1 flights
[LF] SM442 19MAY: LASTSOLD=2026-01-18 00:00:00, WEEKLY=1, TODAY=0, YDAY=0
2026-01-25 07:13:23 | INFO     | [SUCCESS] Day 19MAY
2026-01-25 07:13:23 | INFO     | [DAY_START] Processing 18MAY
[LF] Processing YNB-CAI for 18MAY
2026-01-25 07:13:23 | INFO     | [lf.day.start] Processing YNB-CAI for 18MAY
[LF] Sending SN command: SN18MAYYNBCAI/ASM
[LF] 18MAY: found 1 direct flights
2026-01-25 07:13:24 | INFO     | [lf.day.flights_found] Found 1 flights on 18MAY
2026-01-25 07:13:26 | INFO     | [lf.flight.extracted] SM442 on 18MAY: BKG=0, LF=0.0%
[LF] SM442 18MAY: BKG=0, GRP=0, CAP=167, LF%=0.0%, Brd-Off=YNB-CAI
2026-01-25 07:13:27 | INFO     | [SUCCESS] Day 18MAY
2026-01-25 07:13:27 | INFO     | [DAY_START] Processing 17MAY
[LF] Processing YNB-CAI for 17MAY
2026-01-25 07:13:27 | INFO     | [lf.day.start] Processing YNB-CAI for 17MAY
[LF] Sending SN command: SN17MAYYNBCAI/ASM
[LF] 17MAY: found 1 direct flights
2026-01-25 07:13:28 | INFO     | [lf.day.flights_found] Found 1 flights on 17MAY
2026-01-25 07:13:30 | INFO     | [lf.flight.extracted] SM442 on 17MAY: BKG=2, LF=1.1%
[LF] SM442 17MAY: BKG=2, GRP=0, CAP=175, LF%=1.1%, Brd-Off=YNB-CAI, Classes: T:2
[LF] Getting WEEKLY/LASTSOLD data for 1 flights
[LF] SM442 17MAY: LASTSOLD=2026-01-14 00:00:00, WEEKLY=0, TODAY=0, YDAY=0
2026-01-25 07:13:33 | INFO     | [SUCCESS] Day 17MAY
2026-01-25 07:13:33 | INFO     | [DAY_START] Processing 16MAY
[LF] Processing YNB-CAI for 16MAY
2026-01-25 07:13:33 | INFO     | [lf.day.start] Processing YNB-CAI for 16MAY
[LF] Sending SN command: SN16MAYYNBCAI/ASM
[LF] 16MAY: found 2 direct flights
2026-01-25 07:13:34 | INFO     | [lf.day.flights_found] Found 2 flights on 16MAY
2026-01-25 07:13:36 | INFO     | [lf.flight.extracted] SM442 on 16MAY: BKG=0, LF=0.0%
[LF] SM442 16MAY: BKG=0, GRP=0, CAP=175, LF%=0.0%, Brd-Off=YNB-CAI
2026-01-25 07:13:39 | INFO     | [lf.flight.extracted] SM448 on 16MAY: BKG=0, LF=0.0%
[LF] SM448 16MAY: BKG=0, GRP=0, CAP=175, LF%=0.0%, Brd-Off=YNB-CAI
2026-01-25 07:13:40 | INFO     | [SUCCESS] Day 16MAY
2026-01-25 07:13:40 | INFO     | [DAY_START] Processing 15MAY
[LF] Processing YNB-CAI for 15MAY
2026-01-25 07:13:40 | INFO     | [lf.day.start] Processing YNB-CAI for 15MAY
[LF] Sending SN command: SN15MAYYNBCAI/ASM
[LF] 15MAY: found 1 direct flights
2026-01-25 07:13:41 | INFO     | [lf.day.flights_found] Found 1 flights on 15MAY
2026-01-25 07:13:43 | INFO     | [lf.flight.extracted] SM442 on 15MAY: BKG=6, LF=3.6%
[LF] SM442 15MAY: BKG=6, GRP=0, CAP=167, LF%=3.6%, Brd-Off=YNB-CAI, Classes: T:6
[LF] Getting WEEKLY/LASTSOLD data for 1 flights
[LF] SM442 15MAY: LASTSOLD=2026-01-23 00:00:00, WEEKLY=6, TODAY=0, YDAY=0
2026-01-25 07:13:45 | INFO     | [SUCCESS] Day 15MAY
[LF] Results summary:
  2026-05-22: 1 flights
  2026-05-21: 1 flights
  2026-05-20: 0 flights
  2026-05-19: 1 flights
  2026-05-18: 1 flights
  2026-05-17: 1 flights
  2026-05-16: 2 flights
  2026-05-15: 1 flights
2026-01-25 07:13:45 | INFO     | [SUCCESS] LF Search Complete

============================================================
[Worker_9222] ✓ COMPLETED: YNB-CAI
  Results: 8 dates
  Errors: 0 dates
  Total Processed: 9 groups
============================================================

2026-01-25 07:13:45 | INFO     | [Worker_9222] Completed: YNB-CAI - 8 results, 0 errors

============================================================
[Worker_9222] Processing: ATZ-RUH
  Tier 0: Range 4, Chunk 2/4
  Dates: 8 days
  Date Range: 2026-05-22 to 2026-05-15
============================================================

2026-01-25 07:13:45 | INFO     | [Worker_9222] Processing: ATZ-RUH
2026-01-25 07:13:45 | INFO     |   Tier 0: Range 4, Chunk 2/4 (8 days)
2026-01-25 07:13:45 | INFO     | ======================================================================
2026-01-25 07:13:45 | INFO     | Load Factor Scraper Started - Route: ATZ-RUH
2026-01-25 07:13:45 | INFO     | Log file: D:\CODERED\LAB\Artifacts\outputs\run_generated_250126_at_07.06\logs\LF_ATZ-RUH_20260125_071345.log
2026-01-25 07:13:45 | INFO     | Enhanced logging: Capturing both logging.info() and print()
2026-01-25 07:13:45 | INFO     | ======================================================================
[LF] Processing dates (override): ['22MAY', '21MAY', '20MAY', '19MAY', '18MAY', '17MAY', '16MAY', '15MAY']
[LF] Attaching to Chrome for Altea access
2026-01-25 07:13:45 | INFO     | Starting LF search for route: ATZ-RUH
2026-01-25 07:13:45 | INFO     | [START] LF Search
[LF][[OK] SUCCESS] Connected to Chrome on 127.0.0.1:9222 (after 1 attempts)
2026-01-25 07:13:46 | INFO     | [HEALTH CHECK] [OK] Chrome connection is healthy
[LF][[OK] SUCCESS] Found Amadeus Altea window: Altéa Reservation Desktop
[LF][[INFO] INFO] URL: https://tc212.resdesktop.altea.amadeus.com/app_ard/apf/init/login?SITE=ESMPESMP&LANGUAGE=GB&MARKETS=ARDW_PROD_WBP&ACTION=clpLogin#
2026-01-25 07:13:46 | INFO     | [DAY_START] Processing 22MAY
[LF] Processing ATZ-RUH for 22MAY
2026-01-25 07:13:46 | INFO     | [lf.day.start] Processing ATZ-RUH for 22MAY
[LF] Sending SN command: SN22MAYATZRUH/ASM
[LF] No direct flights on 22MAY for ATZ-RUH
2026-01-25 07:13:47 | WARNING  | [lf.day.no_flights] No direct flights on 22MAY
2026-01-25 07:13:47 | INFO     | [SUCCESS] Day 22MAY
2026-01-25 07:13:47 | INFO     | [DAY_START] Processing 21MAY
[LF] Processing ATZ-RUH for 21MAY
2026-01-25 07:13:47 | INFO     | [lf.day.start] Processing ATZ-RUH for 21MAY
[LF] Sending SN command: SN21MAYATZRUH/ASM
[LF] No direct flights on 21MAY for ATZ-RUH
2026-01-25 07:13:48 | WARNING  | [lf.day.no_flights] No direct flights on 21MAY
2026-01-25 07:13:48 | INFO     | [SUCCESS] Day 21MAY
2026-01-25 07:13:48 | INFO     | [DAY_START] Processing 20MAY
[LF] Processing ATZ-RUH for 20MAY
2026-01-25 07:13:48 | INFO     | [lf.day.start] Processing ATZ-RUH for 20MAY
[LF] Sending SN command: SN20MAYATZRUH/ASM
[LF] 20MAY: found 1 direct flights
2026-01-25 07:13:49 | INFO     | [lf.day.flights_found] Found 1 flights on 20MAY
2026-01-25 07:13:52 | INFO     | [lf.flight.extracted] SM465 on 20MAY: BKG=4, LF=2.2%
[LF] SM465 20MAY: BKG=4, GRP=0, CAP=179, LF%=2.2%, Brd-Off=ATZ-RUH, Classes: G:3, L:1
[LF] Getting WEEKLY/LASTSOLD data for 1 flights
[LF] SM465 20MAY: LASTSOLD=2026-01-06 00:00:00, WEEKLY=0, TODAY=0, YDAY=0
2026-01-25 07:13:55 | INFO     | [SUCCESS] Day 20MAY
2026-01-25 07:13:55 | INFO     | [DAY_START] Processing 19MAY
[LF] Processing ATZ-RUH for 19MAY
2026-01-25 07:13:55 | INFO     | [lf.day.start] Processing ATZ-RUH for 19MAY
[LF] Sending SN command: SN19MAYATZRUH/ASM
[LF] No direct flights on 19MAY for ATZ-RUH
2026-01-25 07:13:57 | WARNING  | [lf.day.no_flights] No direct flights on 19MAY
2026-01-25 07:13:57 | INFO     | [SUCCESS] Day 19MAY
2026-01-25 07:13:57 | INFO     | [DAY_START] Processing 18MAY
[LF] Processing ATZ-RUH for 18MAY
2026-01-25 07:13:57 | INFO     | [lf.day.start] Processing ATZ-RUH for 18MAY
[LF] Sending SN command: SN18MAYATZRUH/ASM
[LF] No direct flights on 18MAY for ATZ-RUH
2026-01-25 07:13:58 | WARNING  | [lf.day.no_flights] No direct flights on 18MAY
2026-01-25 07:13:58 | INFO     | [SUCCESS] Day 18MAY
2026-01-25 07:13:58 | INFO     | [DAY_START] Processing 17MAY
[LF] Processing ATZ-RUH for 17MAY
2026-01-25 07:13:58 | INFO     | [lf.day.start] Processing ATZ-RUH for 17MAY
[LF] Sending SN command: SN17MAYATZRUH/ASM
[LF] No direct flights on 17MAY for ATZ-RUH
2026-01-25 07:14:00 | WARNING  | [lf.day.no_flights] No direct flights on 17MAY
2026-01-25 07:14:00 | INFO     | [SUCCESS] Day 17MAY
2026-01-25 07:14:00 | INFO     | [DAY_START] Processing 16MAY
[LF] Processing ATZ-RUH for 16MAY
2026-01-25 07:14:00 | INFO     | [lf.day.start] Processing ATZ-RUH for 16MAY
[LF] Sending SN command: SN16MAYATZRUH/ASM
[LF] No direct flights on 16MAY for ATZ-RUH
2026-01-25 07:14:01 | WARNING  | [lf.day.no_flights] No direct flights on 16MAY
2026-01-25 07:14:01 | INFO     | [SUCCESS] Day 16MAY
2026-01-25 07:14:01 | INFO     | [DAY_START] Processing 15MAY
[LF] Processing ATZ-RUH for 15MAY
2026-01-25 07:14:01 | INFO     | [lf.day.start] Processing ATZ-RUH for 15MAY
[LF] Sending SN command: SN15MAYATZRUH/ASM
[LF] No direct flights on 15MAY for ATZ-RUH
2026-01-25 07:14:02 | WARNING  | [lf.day.no_flights] No direct flights on 15MAY
2026-01-25 07:14:02 | INFO     | [SUCCESS] Day 15MAY
[LF] Results summary:
  2026-05-22: 0 flights
  2026-05-21: 0 flights
  2026-05-20: 1 flights
  2026-05-19: 0 flights
  2026-05-18: 0 flights
  2026-05-17: 0 flights
  2026-05-16: 0 flights
  2026-05-15: 0 flights
2026-01-25 07:14:02 | INFO     | [SUCCESS] LF Search Complete

============================================================
[Worker_9222] ✓ COMPLETED: ATZ-RUH
  Results: 8 dates
  Errors: 0 dates
  Total Processed: 10 groups
============================================================

2026-01-25 07:14:02 | INFO     | [Worker_9222] Completed: ATZ-RUH - 8 results, 0 errors

============================================================
[Worker_9222] Processing: ATZ-TUU
  Tier 0: Range 4, Chunk 2/4
  Dates: 8 days
  Date Range: 2026-05-22 to 2026-05-15
============================================================

2026-01-25 07:14:02 | INFO     | [Worker_9222] Processing: ATZ-TUU
2026-01-25 07:14:02 | INFO     |   Tier 0: Range 4, Chunk 2/4 (8 days)
2026-01-25 07:14:02 | INFO     | ======================================================================
2026-01-25 07:14:02 | INFO     | Load Factor Scraper Started - Route: ATZ-TUU
2026-01-25 07:14:02 | INFO     | Log file: D:\CODERED\LAB\Artifacts\outputs\run_generated_250126_at_07.06\logs\LF_ATZ-TUU_20260125_071402.log
2026-01-25 07:14:02 | INFO     | Enhanced logging: Capturing both logging.info() and print()
2026-01-25 07:14:02 | INFO     | ======================================================================
[LF] Processing dates (override): ['22MAY', '21MAY', '20MAY', '19MAY', '18MAY', '17MAY', '16MAY', '15MAY']
[LF] Attaching to Chrome for Altea access
2026-01-25 07:14:02 | INFO     | Starting LF search for route: ATZ-TUU
2026-01-25 07:14:02 | INFO     | [START] LF Search
[LF][[OK] SUCCESS] Connected to Chrome on 127.0.0.1:9222 (after 1 attempts)
2026-01-25 07:14:03 | INFO     | [HEALTH CHECK] [OK] Chrome connection is healthy
[LF][[OK] SUCCESS] Found Amadeus Altea window: Altéa Reservation Desktop
[LF][[INFO] INFO] URL: https://tc212.resdesktop.altea.amadeus.com/app_ard/apf/init/login?SITE=ESMPESMP&LANGUAGE=GB&MARKETS=ARDW_PROD_WBP&ACTION=clpLogin#
2026-01-25 07:14:03 | INFO     | [DAY_START] Processing 22MAY
[LF] Processing ATZ-TUU for 22MAY
2026-01-25 07:14:03 | INFO     | [lf.day.start] Processing ATZ-TUU for 22MAY
[LF] Sending SN command: SN22MAYATZTUU/ASM
[LF] No direct flights on 22MAY for ATZ-TUU
2026-01-25 07:14:04 | WARNING  | [lf.day.no_flights] No direct flights on 22MAY
2026-01-25 07:14:04 | INFO     | [SUCCESS] Day 22MAY
2026-01-25 07:14:04 | INFO     | [DAY_START] Processing 21MAY
[LF] Processing ATZ-TUU for 21MAY
2026-01-25 07:14:04 | INFO     | [lf.day.start] Processing ATZ-TUU for 21MAY
[LF] Sending SN command: SN21MAYATZTUU/ASM
[LF] No direct flights on 21MAY for ATZ-TUU
2026-01-25 07:14:05 | WARNING  | [lf.day.no_flights] No direct flights on 21MAY
2026-01-25 07:14:05 | INFO     | [SUCCESS] Day 21MAY
2026-01-25 07:14:05 | INFO     | [DAY_START] Processing 20MAY
[LF] Processing ATZ-TUU for 20MAY
2026-01-25 07:14:05 | INFO     | [lf.day.start] Processing ATZ-TUU for 20MAY
[LF] Sending SN command: SN20MAYATZTUU/ASM
[LF] No direct flights on 20MAY for ATZ-TUU
2026-01-25 07:14:06 | WARNING  | [lf.day.no_flights] No direct flights on 20MAY
2026-01-25 07:14:06 | INFO     | [SUCCESS] Day 20MAY
2026-01-25 07:14:06 | INFO     | [DAY_START] Processing 19MAY
[LF] Processing ATZ-TUU for 19MAY
2026-01-25 07:14:06 | INFO     | [lf.day.start] Processing ATZ-TUU for 19MAY
[LF] Sending SN command: SN19MAYATZTUU/ASM
[LF] No direct flights on 19MAY for ATZ-TUU
2026-01-25 07:14:07 | WARNING  | [lf.day.no_flights] No direct flights on 19MAY
2026-01-25 07:14:07 | INFO     | [SUCCESS] Day 19MAY
2026-01-25 07:14:07 | INFO     | [DAY_START] Processing 18MAY
[LF] Processing ATZ-TUU for 18MAY
2026-01-25 07:14:07 | INFO     | [lf.day.start] Processing ATZ-TUU for 18MAY
[LF] Sending SN command: SN18MAYATZTUU/ASM
[LF] No direct flights on 18MAY for ATZ-TUU
2026-01-25 07:14:08 | WARNING  | [lf.day.no_flights] No direct flights on 18MAY
2026-01-25 07:14:08 | INFO     | [SUCCESS] Day 18MAY
2026-01-25 07:14:08 | INFO     | [DAY_START] Processing 17MAY
[LF] Processing ATZ-TUU for 17MAY
2026-01-25 07:14:08 | INFO     | [lf.day.start] Processing ATZ-TUU for 17MAY
[LF] Sending SN command: SN17MAYATZTUU/ASM
[LF] No direct flights on 17MAY for ATZ-TUU
2026-01-25 07:14:09 | WARNING  | [lf.day.no_flights] No direct flights on 17MAY
2026-01-25 07:14:09 | INFO     | [SUCCESS] Day 17MAY
2026-01-25 07:14:09 | INFO     | [DAY_START] Processing 16MAY
[LF] Processing ATZ-TUU for 16MAY
2026-01-25 07:14:09 | INFO     | [lf.day.start] Processing ATZ-TUU for 16MAY
[LF] Sending SN command: SN16MAYATZTUU/ASM
[LF] No direct flights on 16MAY for ATZ-TUU
2026-01-25 07:14:10 | WARNING  | [lf.day.no_flights] No direct flights on 16MAY
2026-01-25 07:14:10 | INFO     | [SUCCESS] Day 16MAY
2026-01-25 07:14:10 | INFO     | [DAY_START] Processing 15MAY
[LF] Processing ATZ-TUU for 15MAY
2026-01-25 07:14:10 | INFO     | [lf.day.start] Processing ATZ-TUU for 15MAY
[LF] Sending SN command: SN15MAYATZTUU/ASM
[LF] No direct flights on 15MAY for ATZ-TUU
2026-01-25 07:14:11 | WARNING  | [lf.day.no_flights] No direct flights on 15MAY
2026-01-25 07:14:11 | INFO     | [SUCCESS] Day 15MAY
[LF] Results summary:
  2026-05-22: 0 flights
  2026-05-21: 0 flights
  2026-05-20: 0 flights
  2026-05-19: 0 flights
  2026-05-18: 0 flights
  2026-05-17: 0 flights
  2026-05-16: 0 flights
  2026-05-15: 0 flights
2026-01-25 07:14:11 | INFO     | [SUCCESS] LF Search Complete

============================================================
[Worker_9222] ✓ COMPLETED: ATZ-TUU
  Results: 8 dates
  Errors: 0 dates
  Total Processed: 11 groups
============================================================

2026-01-25 07:14:11 | INFO     | [Worker_9222] Completed: ATZ-TUU - 8 results, 0 errors

============================================================
[Worker_9222] Processing: CAI-YNB
  Tier 0: Range 4, Chunk 2/4
  Dates: 8 days
  Date Range: 2026-05-22 to 2026-05-15
============================================================

2026-01-25 07:14:11 | INFO     | [Worker_9222] Processing: CAI-YNB
2026-01-25 07:14:11 | INFO     |   Tier 0: Range 4, Chunk 2/4 (8 days)
2026-01-25 07:14:11 | INFO     | ======================================================================
2026-01-25 07:14:11 | INFO     | Load Factor Scraper Started - Route: CAI-YNB
2026-01-25 07:14:11 | INFO     | Log file: D:\CODERED\LAB\Artifacts\outputs\run_generated_250126_at_07.06\logs\LF_CAI-YNB_20260125_071411.log
2026-01-25 07:14:11 | INFO     | Enhanced logging: Capturing both logging.info() and print()
2026-01-25 07:14:11 | INFO     | ======================================================================
[LF] Processing dates (override): ['22MAY', '21MAY', '20MAY', '19MAY', '18MAY', '17MAY', '16MAY', '15MAY']
[LF] Attaching to Chrome for Altea access
2026-01-25 07:14:11 | INFO     | Starting LF search for route: CAI-YNB
2026-01-25 07:14:11 | INFO     | [START] LF Search
[LF][[OK] SUCCESS] Connected to Chrome on 127.0.0.1:9222 (after 1 attempts)
2026-01-25 07:14:12 | INFO     | [HEALTH CHECK] [OK] Chrome connection is healthy
[LF][[OK] SUCCESS] Found Amadeus Altea window: Altéa Reservation Desktop
[LF][[INFO] INFO] URL: https://tc212.resdesktop.altea.amadeus.com/app_ard/apf/init/login?SITE=ESMPESMP&LANGUAGE=GB&MARKETS=ARDW_PROD_WBP&ACTION=clpLogin#
2026-01-25 07:14:12 | INFO     | [DAY_START] Processing 22MAY
[LF] Processing CAI-YNB for 22MAY
2026-01-25 07:14:12 | INFO     | [lf.day.start] Processing CAI-YNB for 22MAY
[LF] Sending SN command: SN22MAYCAIYNB/ASM
[LF] 22MAY: found 1 direct flights
2026-01-25 07:14:13 | INFO     | [lf.day.flights_found] Found 1 flights on 22MAY
2026-01-25 07:14:16 | INFO     | [lf.flight.extracted] SM441 on 22MAY: BKG=2, LF=1.1%
[LF] SM441 22MAY: BKG=2, GRP=0, CAP=179, LF%=1.1%, Brd-Off=CAI-YNB, Classes: I:2
[LF] Getting WEEKLY/LASTSOLD data for 1 flights
[LF] SM441 22MAY: LASTSOLD=2026-01-05 00:00:00, WEEKLY=0, TODAY=0, YDAY=0
2026-01-25 07:14:18 | INFO     | [SUCCESS] Day 22MAY
2026-01-25 07:14:18 | INFO     | [DAY_START] Processing 21MAY
[LF] Processing CAI-YNB for 21MAY
2026-01-25 07:14:18 | INFO     | [lf.day.start] Processing CAI-YNB for 21MAY
[LF] Sending SN command: SN21MAYCAIYNB/ASM
[LF] 21MAY: found 1 direct flights
2026-01-25 07:14:19 | INFO     | [lf.day.flights_found] Found 1 flights on 21MAY
2026-01-25 07:14:21 | INFO     | [lf.flight.extracted] SM441 on 21MAY: BKG=0, LF=0.0%
[LF] SM441 21MAY: BKG=0, GRP=0, CAP=179, LF%=0.0%, Brd-Off=CAI-YNB
2026-01-25 07:14:22 | INFO     | [SUCCESS] Day 21MAY
2026-01-25 07:14:22 | INFO     | [DAY_START] Processing 20MAY
[LF] Processing CAI-YNB for 20MAY
2026-01-25 07:14:22 | INFO     | [lf.day.start] Processing CAI-YNB for 20MAY
[LF] Sending SN command: SN20MAYCAIYNB/ASM
[LF] 20MAY: found 1 direct flights
2026-01-25 07:14:24 | INFO     | [lf.day.flights_found] Found 1 flights on 20MAY
2026-01-25 07:14:26 | INFO     | [lf.flight.extracted] SM441 on 20MAY: BKG=0, LF=0.0%
[LF] SM441 20MAY: BKG=0, GRP=0, CAP=179, LF%=0.0%, Brd-Off=CAI-YNB
2026-01-25 07:14:27 | INFO     | [SUCCESS] Day 20MAY
2026-01-25 07:14:27 | INFO     | [DAY_START] Processing 19MAY
[LF] Processing CAI-YNB for 19MAY
2026-01-25 07:14:27 | INFO     | [lf.day.start] Processing CAI-YNB for 19MAY
[LF] Sending SN command: SN19MAYCAIYNB/ASM
[LF] 19MAY: found 1 direct flights
2026-01-25 07:14:28 | INFO     | [lf.day.flights_found] Found 1 flights on 19MAY
2026-01-25 07:14:30 | INFO     | [lf.flight.extracted] SM441 on 19MAY: BKG=0, LF=0.0%
[LF] SM441 19MAY: BKG=0, GRP=0, CAP=179, LF%=0.0%, Brd-Off=CAI-YNB
2026-01-25 07:14:31 | INFO     | [SUCCESS] Day 19MAY
2026-01-25 07:14:31 | INFO     | [DAY_START] Processing 18MAY
[LF] Processing CAI-YNB for 18MAY
2026-01-25 07:14:31 | INFO     | [lf.day.start] Processing CAI-YNB for 18MAY
[LF] Sending SN command: SN18MAYCAIYNB/ASM
[LF] 18MAY: found 1 direct flights
2026-01-25 07:14:33 | INFO     | [lf.day.flights_found] Found 1 flights on 18MAY
2026-01-25 07:14:34 | INFO     | [lf.flight.extracted] SM441 on 18MAY: BKG=0, LF=0.0%
[LF] SM441 18MAY: BKG=0, GRP=0, CAP=179, LF%=0.0%, Brd-Off=CAI-YNB
2026-01-25 07:14:36 | INFO     | [SUCCESS] Day 18MAY
2026-01-25 07:14:36 | INFO     | [DAY_START] Processing 17MAY
[LF] Processing CAI-YNB for 17MAY
2026-01-25 07:14:36 | INFO     | [lf.day.start] Processing CAI-YNB for 17MAY
[LF] Sending SN command: SN17MAYCAIYNB/ASM
[LF] 17MAY: found 1 direct flights
2026-01-25 07:14:37 | INFO     | [lf.day.flights_found] Found 1 flights on 17MAY
2026-01-25 07:14:39 | INFO     | [lf.flight.extracted] SM441 on 17MAY: BKG=0, LF=0.0%
[LF] SM441 17MAY: BKG=0, GRP=0, CAP=179, LF%=0.0%, Brd-Off=CAI-YNB
2026-01-25 07:14:41 | INFO     | [SUCCESS] Day 17MAY
2026-01-25 07:14:41 | INFO     | [DAY_START] Processing 16MAY
[LF] Processing CAI-YNB for 16MAY
2026-01-25 07:14:41 | INFO     | [lf.day.start] Processing CAI-YNB for 16MAY
[LF] Sending SN command: SN16MAYCAIYNB/ASM
[LF] 16MAY: found 1 direct flights
2026-01-25 07:14:42 | INFO     | [lf.day.flights_found] Found 1 flights on 16MAY
2026-01-25 07:14:44 | INFO     | [lf.flight.extracted] SM447 on 16MAY: BKG=1, LF=0.6%
[LF] SM447 16MAY: BKG=1, GRP=0, CAP=179, LF%=0.6%, Brd-Off=CAI-YNB, Classes: L:1
[LF] Getting WEEKLY/LASTSOLD data for 1 flights
[LF] SM447 16MAY: LASTSOLD=2025-12-21 00:00:00, WEEKLY=0, TODAY=0, YDAY=0
2026-01-25 07:14:47 | INFO     | [SUCCESS] Day 16MAY
2026-01-25 07:14:47 | INFO     | [DAY_START] Processing 15MAY
[LF] Processing CAI-YNB for 15MAY
2026-01-25 07:14:47 | INFO     | [lf.day.start] Processing CAI-YNB for 15MAY
[LF] Sending SN command: SN15MAYCAIYNB/ASM
[LF] 15MAY: found 1 direct flights
2026-01-25 07:14:48 | INFO     | [lf.day.flights_found] Found 1 flights on 15MAY
2026-01-25 07:14:51 | INFO     | [lf.flight.extracted] SM441 on 15MAY: BKG=0, LF=0.0%
[LF] SM441 15MAY: BKG=0, GRP=0, CAP=179, LF%=0.0%, Brd-Off=CAI-YNB
2026-01-25 07:14:52 | INFO     | [SUCCESS] Day 15MAY
[LF] Results summary:
  2026-05-22: 1 flights
  2026-05-21: 1 flights
  2026-05-20: 1 flights
  2026-05-19: 1 flights
  2026-05-18: 1 flights
  2026-05-17: 1 flights
  2026-05-16: 1 flights
  2026-05-15: 1 flights
2026-01-25 07:14:52 | INFO     | [SUCCESS] LF Search Complete

============================================================
[Worker_9222] ✓ COMPLETED: CAI-YNB
  Results: 8 dates
  Errors: 0 dates
  Total Processed: 12 groups
============================================================

2026-01-25 07:14:52 | INFO     | [Worker_9222] Completed: CAI-YNB - 8 results, 0 errors

============================================================
[Worker_9222] Processing: RUH-CAI
  Tier 0: Range 4, Chunk 3/4
  Dates: 8 days
  Date Range: 2026-05-14 to 2026-05-07
============================================================

2026-01-25 07:14:52 | INFO     | [Worker_9222] Processing: RUH-CAI
2026-01-25 07:14:52 | INFO     |   Tier 0: Range 4, Chunk 3/4 (8 days)
2026-01-25 07:14:52 | INFO     | ======================================================================
2026-01-25 07:14:52 | INFO     | Load Factor Scraper Started - Route: RUH-CAI
2026-01-25 07:14:52 | INFO     | Log file: D:\CODERED\LAB\Artifacts\outputs\run_generated_250126_at_07.06\logs\LF_RUH-CAI_20260125_071452.log
2026-01-25 07:14:52 | INFO     | Enhanced logging: Capturing both logging.info() and print()
2026-01-25 07:14:52 | INFO     | ======================================================================
[LF] Processing dates (override): ['14MAY', '13MAY', '12MAY', '11MAY', '10MAY', '09MAY', '08MAY', '07MAY']
[LF] Attaching to Chrome for Altea access
2026-01-25 07:14:52 | INFO     | Starting LF search for route: RUH-CAI
2026-01-25 07:14:52 | INFO     | [START] LF Search
[LF][[OK] SUCCESS] Connected to Chrome on 127.0.0.1:9222 (after 1 attempts)
2026-01-25 07:14:52 | INFO     | [HEALTH CHECK] [OK] Chrome connection is healthy
[LF][[OK] SUCCESS] Found Amadeus Altea window: Altéa Reservation Desktop
[LF][[INFO] INFO] URL: https://tc212.resdesktop.altea.amadeus.com/app_ard/apf/init/login?SITE=ESMPESMP&LANGUAGE=GB&MARKETS=ARDW_PROD_WBP&ACTION=clpLogin#
2026-01-25 07:14:52 | INFO     | [DAY_START] Processing 14MAY
[LF] Processing RUH-CAI for 14MAY
2026-01-25 07:14:52 | INFO     | [lf.day.start] Processing RUH-CAI for 14MAY
[LF] Sending SN command: SN14MAYRUHCAI/ASM
[LF] 14MAY: found 1 direct flights
2026-01-25 07:14:54 | INFO     | [lf.day.flights_found] Found 1 flights on 14MAY
2026-01-25 07:14:56 | INFO     | [lf.flight.extracted] SM462 on 14MAY: BKG=0, LF=0.0%
[LF] SM462 14MAY: BKG=0, GRP=0, CAP=167, LF%=0.0%, Brd-Off=RUH-CAI
2026-01-25 07:14:57 | INFO     | [SUCCESS] Day 14MAY
2026-01-25 07:14:57 | INFO     | [DAY_START] Processing 13MAY
[LF] Processing RUH-CAI for 13MAY
2026-01-25 07:14:57 | INFO     | [lf.day.start] Processing RUH-CAI for 13MAY
[LF] Sending SN command: SN13MAYRUHCAI/ASM
[LF] 13MAY: found 1 direct flights
2026-01-25 07:14:58 | INFO     | [lf.day.flights_found] Found 1 flights on 13MAY
2026-01-25 07:15:00 | INFO     | [lf.flight.extracted] SM462 on 13MAY: BKG=0, LF=0.0%
[LF] SM462 13MAY: BKG=0, GRP=0, CAP=167, LF%=0.0%, Brd-Off=RUH-CAI
2026-01-25 07:15:02 | INFO     | [SUCCESS] Day 13MAY
2026-01-25 07:15:02 | INFO     | [DAY_START] Processing 12MAY
[LF] Processing RUH-CAI for 12MAY
2026-01-25 07:15:02 | INFO     | [lf.day.start] Processing RUH-CAI for 12MAY
[LF] Sending SN command: SN12MAYRUHCAI/ASM
[LF] 12MAY: found 1 direct flights
2026-01-25 07:15:03 | INFO     | [lf.day.flights_found] Found 1 flights on 12MAY
2026-01-25 07:15:05 | INFO     | [lf.flight.extracted] SM462 on 12MAY: BKG=0, LF=0.0%
[LF] SM462 12MAY: BKG=0, GRP=0, CAP=167, LF%=0.0%, Brd-Off=RUH-CAI
2026-01-25 07:15:06 | INFO     | [SUCCESS] Day 12MAY
2026-01-25 07:15:06 | INFO     | [DAY_START] Processing 11MAY
[LF] Processing RUH-CAI for 11MAY
2026-01-25 07:15:06 | INFO     | [lf.day.start] Processing RUH-CAI for 11MAY
[LF] Sending SN command: SN11MAYRUHCAI/ASM
[LF] 11MAY: found 1 direct flights
2026-01-25 07:15:07 | INFO     | [lf.day.flights_found] Found 1 flights on 11MAY
2026-01-25 07:15:09 | INFO     | [lf.flight.extracted] SM462 on 11MAY: BKG=0, LF=0.0%
[LF] SM462 11MAY: BKG=0, GRP=0, CAP=167, LF%=0.0%, Brd-Off=RUH-CAI
2026-01-25 07:15:11 | INFO     | [SUCCESS] Day 11MAY
2026-01-25 07:15:11 | INFO     | [DAY_START] Processing 10MAY
[LF] Processing RUH-CAI for 10MAY
2026-01-25 07:15:11 | INFO     | [lf.day.start] Processing RUH-CAI for 10MAY
[LF] Sending SN command: SN10MAYRUHCAI/ASM
[LF] 10MAY: found 1 direct flights
2026-01-25 07:15:12 | INFO     | [lf.day.flights_found] Found 1 flights on 10MAY
2026-01-25 07:15:14 | INFO     | [lf.flight.extracted] SM462 on 10MAY: BKG=0, LF=0.0%
[LF] SM462 10MAY: BKG=0, GRP=0, CAP=167, LF%=0.0%, Brd-Off=RUH-CAI
2026-01-25 07:15:15 | INFO     | [SUCCESS] Day 10MAY
2026-01-25 07:15:15 | INFO     | [DAY_START] Processing 09MAY
[LF] Processing RUH-CAI for 09MAY
2026-01-25 07:15:15 | INFO     | [lf.day.start] Processing RUH-CAI for 09MAY
[LF] Sending SN command: SN09MAYRUHCAI/ASM
[LF] 09MAY: found 1 direct flights
2026-01-25 07:15:16 | INFO     | [lf.day.flights_found] Found 1 flights on 09MAY
2026-01-25 07:15:18 | INFO     | [lf.flight.extracted] SM462 on 09MAY: BKG=0, LF=0.0%
[LF] SM462 09MAY: BKG=0, GRP=0, CAP=167, LF%=0.0%, Brd-Off=RUH-CAI
2026-01-25 07:15:19 | INFO     | [SUCCESS] Day 09MAY
2026-01-25 07:15:19 | INFO     | [DAY_START] Processing 08MAY
[LF] Processing RUH-CAI for 08MAY
2026-01-25 07:15:19 | INFO     | [lf.day.start] Processing RUH-CAI for 08MAY
[LF] Sending SN command: SN08MAYRUHCAI/ASM
[LF] 08MAY: found 1 direct flights
2026-01-25 07:15:21 | INFO     | [lf.day.flights_found] Found 1 flights on 08MAY
2026-01-25 07:15:23 | INFO     | [lf.flight.extracted] SM462 on 08MAY: BKG=0, LF=0.0%
[LF] SM462 08MAY: BKG=0, GRP=0, CAP=167, LF%=0.0%, Brd-Off=RUH-CAI
2026-01-25 07:15:24 | INFO     | [SUCCESS] Day 08MAY
2026-01-25 07:15:24 | INFO     | [DAY_START] Processing 07MAY
[LF] Processing RUH-CAI for 07MAY
2026-01-25 07:15:24 | INFO     | [lf.day.start] Processing RUH-CAI for 07MAY
[LF] Sending SN command: SN07MAYRUHCAI/ASM
[LF] 07MAY: found 1 direct flights
2026-01-25 07:15:27 | INFO     | [lf.day.flights_found] Found 1 flights on 07MAY
2026-01-25 07:15:29 | INFO     | [lf.flight.extracted] SM462 on 07MAY: BKG=0, LF=0.0%
[LF] SM462 07MAY: BKG=0, GRP=0, CAP=167, LF%=0.0%, Brd-Off=RUH-CAI
2026-01-25 07:15:30 | INFO     | [SUCCESS] Day 07MAY
[LF] Results summary:
  2026-05-14: 1 flights
  2026-05-13: 1 flights
  2026-05-12: 1 flights
  2026-05-11: 1 flights
  2026-05-10: 1 flights
  2026-05-09: 1 flights
  2026-05-08: 1 flights
  2026-05-07: 1 flights
2026-01-25 07:15:30 | INFO     | [SUCCESS] LF Search Complete

============================================================
[Worker_9222] ✓ COMPLETED: RUH-CAI
  Results: 8 dates
  Errors: 0 dates
  Total Processed: 13 groups
============================================================

2026-01-25 07:15:30 | INFO     | [Worker_9222] Completed: RUH-CAI - 8 results, 0 errors

============================================================
[Worker_9222] Processing: GIZ-CAI
  Tier 0: Range 4, Chunk 3/4
  Dates: 8 days
  Date Range: 2026-05-14 to 2026-05-07
============================================================

2026-01-25 07:15:30 | INFO     | [Worker_9222] Processing: GIZ-CAI
2026-01-25 07:15:30 | INFO     |   Tier 0: Range 4, Chunk 3/4 (8 days)
2026-01-25 07:15:30 | INFO     | ======================================================================
2026-01-25 07:15:30 | INFO     | Load Factor Scraper Started - Route: GIZ-CAI
2026-01-25 07:15:30 | INFO     | Log file: D:\CODERED\LAB\Artifacts\outputs\run_generated_250126_at_07.06\logs\LF_GIZ-CAI_20260125_071530.log
2026-01-25 07:15:30 | INFO     | Enhanced logging: Capturing both logging.info() and print()
2026-01-25 07:15:30 | INFO     | ======================================================================
[LF] Processing dates (override): ['14MAY', '13MAY', '12MAY', '11MAY', '10MAY', '09MAY', '08MAY', '07MAY']
[LF] Attaching to Chrome for Altea access
2026-01-25 07:15:30 | INFO     | Starting LF search for route: GIZ-CAI
2026-01-25 07:15:30 | INFO     | [START] LF Search
[LF][[OK] SUCCESS] Connected to Chrome on 127.0.0.1:9222 (after 1 attempts)
2026-01-25 07:15:30 | INFO     | [HEALTH CHECK] [OK] Chrome connection is healthy
[LF][[OK] SUCCESS] Found Amadeus Altea window: Altéa Reservation Desktop
[LF][[INFO] INFO] URL: https://tc212.resdesktop.altea.amadeus.com/app_ard/apf/init/login?SITE=ESMPESMP&LANGUAGE=GB&MARKETS=ARDW_PROD_WBP&ACTION=clpLogin#
2026-01-25 07:15:31 | INFO     | [DAY_START] Processing 14MAY
[LF] Processing GIZ-CAI for 14MAY
2026-01-25 07:15:31 | INFO     | [lf.day.start] Processing GIZ-CAI for 14MAY
[LF] Sending SN command: SN14MAYGIZCAI/ASM
[LF] 14MAY: found 1 direct flights
2026-01-25 07:15:32 | INFO     | [lf.day.flights_found] Found 1 flights on 14MAY
2026-01-25 07:15:34 | INFO     | [lf.flight.extracted] SM330 on 14MAY: BKG=7, LF=4.0%
[LF] SM330 14MAY: BKG=7, GRP=0, CAP=175, LF%=4.0%, Brd-Off=GIZ-CAI, Classes: I:3, O:4
[LF] Getting WEEKLY/LASTSOLD data for 1 flights
[LF] SM330 14MAY: LASTSOLD=2026-01-18 00:00:00, WEEKLY=1, TODAY=0, YDAY=0
2026-01-25 07:15:37 | INFO     | [SUCCESS] Day 14MAY
2026-01-25 07:15:37 | INFO     | [DAY_START] Processing 13MAY
[LF] Processing GIZ-CAI for 13MAY
2026-01-25 07:15:37 | INFO     | [lf.day.start] Processing GIZ-CAI for 13MAY
[LF] Sending SN command: SN13MAYGIZCAI/ASM
[LF] No direct flights on 13MAY for GIZ-CAI
2026-01-25 07:15:38 | WARNING  | [lf.day.no_flights] No direct flights on 13MAY
2026-01-25 07:15:38 | INFO     | [SUCCESS] Day 13MAY
2026-01-25 07:15:38 | INFO     | [DAY_START] Processing 12MAY
[LF] Processing GIZ-CAI for 12MAY
2026-01-25 07:15:38 | INFO     | [lf.day.start] Processing GIZ-CAI for 12MAY
[LF] Sending SN command: SN12MAYGIZCAI/ASM
[LF] No direct flights on 12MAY for GIZ-CAI
2026-01-25 07:15:39 | WARNING  | [lf.day.no_flights] No direct flights on 12MAY
2026-01-25 07:15:39 | INFO     | [SUCCESS] Day 12MAY
2026-01-25 07:15:39 | INFO     | [DAY_START] Processing 11MAY
[LF] Processing GIZ-CAI for 11MAY
2026-01-25 07:15:39 | INFO     | [lf.day.start] Processing GIZ-CAI for 11MAY
[LF] Sending SN command: SN11MAYGIZCAI/ASM
[LF] No direct flights on 11MAY for GIZ-CAI
2026-01-25 07:15:41 | WARNING  | [lf.day.no_flights] No direct flights on 11MAY
2026-01-25 07:15:41 | INFO     | [SUCCESS] Day 11MAY
2026-01-25 07:15:41 | INFO     | [DAY_START] Processing 10MAY
[LF] Processing GIZ-CAI for 10MAY
2026-01-25 07:15:41 | INFO     | [lf.day.start] Processing GIZ-CAI for 10MAY
[LF] Sending SN command: SN10MAYGIZCAI/ASM
[LF] 10MAY: found 1 direct flights
2026-01-25 07:15:42 | INFO     | [lf.day.flights_found] Found 1 flights on 10MAY
2026-01-25 07:15:45 | INFO     | [lf.flight.extracted] SM330 on 10MAY: BKG=2, LF=1.2%
[LF] SM330 10MAY: BKG=2, GRP=0, CAP=167, LF%=1.2%, Brd-Off=GIZ-CAI, Classes: I:1, S:1
[LF] Getting WEEKLY/LASTSOLD data for 1 flights
[LF] SM330 10MAY: LASTSOLD=2025-11-09 00:00:00, WEEKLY=0, TODAY=0, YDAY=0
2026-01-25 07:15:47 | INFO     | [SUCCESS] Day 10MAY
2026-01-25 07:15:47 | INFO     | [DAY_START] Processing 09MAY
[LF] Processing GIZ-CAI for 09MAY
2026-01-25 07:15:47 | INFO     | [lf.day.start] Processing GIZ-CAI for 09MAY
[LF] Sending SN command: SN09MAYGIZCAI/ASM
[LF] No direct flights on 09MAY for GIZ-CAI
2026-01-25 07:15:48 | WARNING  | [lf.day.no_flights] No direct flights on 09MAY
2026-01-25 07:15:48 | INFO     | [SUCCESS] Day 09MAY
2026-01-25 07:15:48 | INFO     | [DAY_START] Processing 08MAY
[LF] Processing GIZ-CAI for 08MAY
2026-01-25 07:15:48 | INFO     | [lf.day.start] Processing GIZ-CAI for 08MAY
[LF] Sending SN command: SN08MAYGIZCAI/ASM
[LF] 08MAY: found 1 direct flights
2026-01-25 07:15:50 | INFO     | [lf.day.flights_found] Found 1 flights on 08MAY
2026-01-25 07:15:52 | INFO     | [lf.flight.extracted] SM330 on 08MAY: BKG=0, LF=0.0%
[LF] SM330 08MAY: BKG=0, GRP=0, CAP=175, LF%=0.0%, Brd-Off=GIZ-CAI
2026-01-25 07:15:53 | INFO     | [SUCCESS] Day 08MAY
2026-01-25 07:15:53 | INFO     | [DAY_START] Processing 07MAY
[LF] Processing GIZ-CAI for 07MAY
2026-01-25 07:15:53 | INFO     | [lf.day.start] Processing GIZ-CAI for 07MAY
[LF] Sending SN command: SN07MAYGIZCAI/ASM
[LF] 07MAY: found 1 direct flights
2026-01-25 07:15:54 | INFO     | [lf.day.flights_found] Found 1 flights on 07MAY
2026-01-25 07:15:56 | INFO     | [lf.flight.extracted] SM330 on 07MAY: BKG=1, LF=0.6%
[LF] SM330 07MAY: BKG=1, GRP=0, CAP=167, LF%=0.6%, Brd-Off=GIZ-CAI, Classes: I:1
[LF] Getting WEEKLY/LASTSOLD data for 1 flights
[LF] SM330 07MAY: LASTSOLD=2025-12-20 00:00:00, WEEKLY=0, TODAY=0, YDAY=0
2026-01-25 07:15:59 | INFO     | [SUCCESS] Day 07MAY
[LF] Results summary:
  2026-05-14: 1 flights
  2026-05-13: 0 flights
  2026-05-12: 0 flights
  2026-05-11: 0 flights
  2026-05-10: 1 flights
  2026-05-09: 0 flights
  2026-05-08: 1 flights
  2026-05-07: 1 flights
2026-01-25 07:15:59 | INFO     | [SUCCESS] LF Search Complete

============================================================
[Worker_9222] ✓ COMPLETED: GIZ-CAI
  Results: 8 dates
  Errors: 0 dates
  Total Processed: 14 groups
============================================================

2026-01-25 07:15:59 | INFO     | [Worker_9222] Completed: GIZ-CAI - 8 results, 0 errors

============================================================
[Worker_9222] Processing: CAI-RUH
  Tier 0: Range 4, Chunk 3/4
  Dates: 8 days
  Date Range: 2026-05-14 to 2026-05-07
============================================================

2026-01-25 07:15:59 | INFO     | [Worker_9222] Processing: CAI-RUH
2026-01-25 07:15:59 | INFO     |   Tier 0: Range 4, Chunk 3/4 (8 days)
2026-01-25 07:15:59 | INFO     | ======================================================================
2026-01-25 07:15:59 | INFO     | Load Factor Scraper Started - Route: CAI-RUH
2026-01-25 07:15:59 | INFO     | Log file: D:\CODERED\LAB\Artifacts\outputs\run_generated_250126_at_07.06\logs\LF_CAI-RUH_20260125_071559.log
2026-01-25 07:15:59 | INFO     | Enhanced logging: Capturing both logging.info() and print()
2026-01-25 07:15:59 | INFO     | ======================================================================
[LF] Processing dates (override): ['14MAY', '13MAY', '12MAY', '11MAY', '10MAY', '09MAY', '08MAY', '07MAY']
[LF] Attaching to Chrome for Altea access
2026-01-25 07:15:59 | INFO     | Starting LF search for route: CAI-RUH
2026-01-25 07:15:59 | INFO     | [START] LF Search
[LF][[OK] SUCCESS] Connected to Chrome on 127.0.0.1:9222 (after 1 attempts)
2026-01-25 07:16:00 | INFO     | [HEALTH CHECK] [OK] Chrome connection is healthy
[LF][[OK] SUCCESS] Found Amadeus Altea window: Altéa Reservation Desktop
[LF][[INFO] INFO] URL: https://tc212.resdesktop.altea.amadeus.com/app_ard/apf/init/login?SITE=ESMPESMP&LANGUAGE=GB&MARKETS=ARDW_PROD_WBP&ACTION=clpLogin#
2026-01-25 07:16:00 | INFO     | [DAY_START] Processing 14MAY
[LF] Processing CAI-RUH for 14MAY
2026-01-25 07:16:00 | INFO     | [lf.day.start] Processing CAI-RUH for 14MAY
[LF] Sending SN command: SN14MAYCAIRUH/ASM
[LF] 14MAY: found 1 direct flights
2026-01-25 07:16:01 | INFO     | [lf.day.flights_found] Found 1 flights on 14MAY
2026-01-25 07:16:03 | INFO     | [lf.flight.extracted] SM461 on 14MAY: BKG=0, LF=0.0%
[LF] SM461 14MAY: BKG=0, GRP=0, CAP=179, LF%=0.0%, Brd-Off=CAI-RUH
2026-01-25 07:16:04 | INFO     | [SUCCESS] Day 14MAY
2026-01-25 07:16:04 | INFO     | [DAY_START] Processing 13MAY
[LF] Processing CAI-RUH for 13MAY
2026-01-25 07:16:04 | INFO     | [lf.day.start] Processing CAI-RUH for 13MAY
[LF] Sending SN command: SN13MAYCAIRUH/ASM
[LF] 13MAY: found 1 direct flights
2026-01-25 07:16:06 | INFO     | [lf.day.flights_found] Found 1 flights on 13MAY
2026-01-25 07:16:08 | INFO     | [lf.flight.extracted] SM461 on 13MAY: BKG=0, LF=0.0%
[LF] SM461 13MAY: BKG=0, GRP=0, CAP=179, LF%=0.0%, Brd-Off=CAI-RUH
2026-01-25 07:16:09 | INFO     | [SUCCESS] Day 13MAY
2026-01-25 07:16:09 | INFO     | [DAY_START] Processing 12MAY
[LF] Processing CAI-RUH for 12MAY
2026-01-25 07:16:09 | INFO     | [lf.day.start] Processing CAI-RUH for 12MAY
[LF] Sending SN command: SN12MAYCAIRUH/ASM
[LF] 12MAY: found 1 direct flights
2026-01-25 07:16:10 | INFO     | [lf.day.flights_found] Found 1 flights on 12MAY
2026-01-25 07:16:12 | INFO     | [lf.flight.extracted] SM461 on 12MAY: BKG=0, LF=0.0%
[LF] SM461 12MAY: BKG=0, GRP=0, CAP=179, LF%=0.0%, Brd-Off=CAI-RUH
2026-01-25 07:16:14 | INFO     | [SUCCESS] Day 12MAY
2026-01-25 07:16:14 | INFO     | [DAY_START] Processing 11MAY
[LF] Processing CAI-RUH for 11MAY
2026-01-25 07:16:14 | INFO     | [lf.day.start] Processing CAI-RUH for 11MAY
[LF] Sending SN command: SN11MAYCAIRUH/ASM
[LF] 11MAY: found 1 direct flights
2026-01-25 07:16:15 | INFO     | [lf.day.flights_found] Found 1 flights on 11MAY
2026-01-25 07:16:17 | INFO     | [lf.flight.extracted] SM461 on 11MAY: BKG=0, LF=0.0%
[LF] SM461 11MAY: BKG=0, GRP=0, CAP=179, LF%=0.0%, Brd-Off=CAI-RUH
2026-01-25 07:16:18 | INFO     | [SUCCESS] Day 11MAY
2026-01-25 07:16:18 | INFO     | [DAY_START] Processing 10MAY
[LF] Processing CAI-RUH for 10MAY
2026-01-25 07:16:18 | INFO     | [lf.day.start] Processing CAI-RUH for 10MAY
[LF] Sending SN command: SN10MAYCAIRUH/ASM
[LF] 10MAY: found 1 direct flights
2026-01-25 07:16:19 | INFO     | [lf.day.flights_found] Found 1 flights on 10MAY
2026-01-25 07:16:21 | INFO     | [lf.flight.extracted] SM461 on 10MAY: BKG=0, LF=0.0%
[LF] SM461 10MAY: BKG=0, GRP=0, CAP=179, LF%=0.0%, Brd-Off=CAI-RUH
2026-01-25 07:16:23 | INFO     | [SUCCESS] Day 10MAY
2026-01-25 07:16:23 | INFO     | [DAY_START] Processing 09MAY
[LF] Processing CAI-RUH for 09MAY
2026-01-25 07:16:23 | INFO     | [lf.day.start] Processing CAI-RUH for 09MAY
[LF] Sending SN command: SN09MAYCAIRUH/ASM
[LF] 09MAY: found 1 direct flights
2026-01-25 07:16:24 | INFO     | [lf.day.flights_found] Found 1 flights on 09MAY
2026-01-25 07:16:26 | INFO     | [lf.flight.extracted] SM461 on 09MAY: BKG=0, LF=0.0%
[LF] SM461 09MAY: BKG=0, GRP=0, CAP=179, LF%=0.0%, Brd-Off=CAI-RUH
2026-01-25 07:16:27 | INFO     | [SUCCESS] Day 09MAY
2026-01-25 07:16:27 | INFO     | [DAY_START] Processing 08MAY
[LF] Processing CAI-RUH for 08MAY
2026-01-25 07:16:27 | INFO     | [lf.day.start] Processing CAI-RUH for 08MAY
[LF] Sending SN command: SN08MAYCAIRUH/ASM
[LF] 08MAY: found 1 direct flights
2026-01-25 07:16:29 | INFO     | [lf.day.flights_found] Found 1 flights on 08MAY
2026-01-25 07:16:31 | INFO     | [lf.flight.extracted] SM461 on 08MAY: BKG=0, LF=0.0%
[LF] SM461 08MAY: BKG=0, GRP=0, CAP=179, LF%=0.0%, Brd-Off=CAI-RUH
2026-01-25 07:16:32 | INFO     | [SUCCESS] Day 08MAY
2026-01-25 07:16:32 | INFO     | [DAY_START] Processing 07MAY
[LF] Processing CAI-RUH for 07MAY
2026-01-25 07:16:32 | INFO     | [lf.day.start] Processing CAI-RUH for 07MAY
[LF] Sending SN command: SN07MAYCAIRUH/ASM
[LF] 07MAY: found 1 direct flights
2026-01-25 07:16:33 | INFO     | [lf.day.flights_found] Found 1 flights on 07MAY
2026-01-25 07:16:35 | INFO     | [lf.flight.extracted] SM461 on 07MAY: BKG=0, LF=0.0%
[LF] SM461 07MAY: BKG=0, GRP=0, CAP=179, LF%=0.0%, Brd-Off=CAI-RUH
2026-01-25 07:16:36 | INFO     | [SUCCESS] Day 07MAY
[LF] Results summary:
  2026-05-14: 1 flights
  2026-05-13: 1 flights
  2026-05-12: 1 flights
  2026-05-11: 1 flights
  2026-05-10: 1 flights
  2026-05-09: 1 flights
  2026-05-08: 1 flights
  2026-05-07: 1 flights
2026-01-25 07:16:36 | INFO     | [SUCCESS] LF Search Complete

============================================================
[Worker_9222] ✓ COMPLETED: CAI-RUH
  Results: 8 dates
  Errors: 0 dates
  Total Processed: 15 groups
============================================================

2026-01-25 07:16:36 | INFO     | [Worker_9222] Completed: CAI-RUH - 8 results, 0 errors

============================================================
[Worker_9222] Processing: ATZ-AHB
  Tier 0: Range 4, Chunk 3/4
  Dates: 8 days
  Date Range: 2026-05-14 to 2026-05-07
============================================================

2026-01-25 07:16:36 | INFO     | [Worker_9222] Processing: ATZ-AHB
2026-01-25 07:16:36 | INFO     |   Tier 0: Range 4, Chunk 3/4 (8 days)
2026-01-25 07:16:36 | INFO     | ======================================================================
2026-01-25 07:16:36 | INFO     | Load Factor Scraper Started - Route: ATZ-AHB
2026-01-25 07:16:36 | INFO     | Log file: D:\CODERED\LAB\Artifacts\outputs\run_generated_250126_at_07.06\logs\LF_ATZ-AHB_20260125_071636.log
2026-01-25 07:16:36 | INFO     | Enhanced logging: Capturing both logging.info() and print()
2026-01-25 07:16:36 | INFO     | ======================================================================
[LF] Processing dates (override): ['14MAY', '13MAY', '12MAY', '11MAY', '10MAY', '09MAY', '08MAY', '07MAY']
[LF] Attaching to Chrome for Altea access
2026-01-25 07:16:36 | INFO     | Starting LF search for route: ATZ-AHB
2026-01-25 07:16:36 | INFO     | [START] LF Search
[LF][[OK] SUCCESS] Connected to Chrome on 127.0.0.1:9222 (after 1 attempts)
2026-01-25 07:16:37 | INFO     | [HEALTH CHECK] [OK] Chrome connection is healthy
[LF][[OK] SUCCESS] Found Amadeus Altea window: Altéa Reservation Desktop
[LF][[INFO] INFO] URL: https://tc212.resdesktop.altea.amadeus.com/app_ard/apf/init/login?SITE=ESMPESMP&LANGUAGE=GB&MARKETS=ARDW_PROD_WBP&ACTION=clpLogin#
2026-01-25 07:16:37 | INFO     | [DAY_START] Processing 14MAY
[LF] Processing ATZ-AHB for 14MAY
2026-01-25 07:16:37 | INFO     | [lf.day.start] Processing ATZ-AHB for 14MAY
[LF] Sending SN command: SN14MAYATZAHB/ASM
[LF] No direct flights on 14MAY for ATZ-AHB
2026-01-25 07:16:38 | WARNING  | [lf.day.no_flights] No direct flights on 14MAY
2026-01-25 07:16:38 | INFO     | [SUCCESS] Day 14MAY
2026-01-25 07:16:38 | INFO     | [DAY_START] Processing 13MAY
[LF] Processing ATZ-AHB for 13MAY
2026-01-25 07:16:38 | INFO     | [lf.day.start] Processing ATZ-AHB for 13MAY
[LF] Sending SN command: SN13MAYATZAHB/ASM
[LF] No direct flights on 13MAY for ATZ-AHB
2026-01-25 07:16:40 | WARNING  | [lf.day.no_flights] No direct flights on 13MAY
2026-01-25 07:16:40 | INFO     | [SUCCESS] Day 13MAY
2026-01-25 07:16:40 | INFO     | [DAY_START] Processing 12MAY
[LF] Processing ATZ-AHB for 12MAY
2026-01-25 07:16:40 | INFO     | [lf.day.start] Processing ATZ-AHB for 12MAY
[LF] Sending SN command: SN12MAYATZAHB/ASM
[LF] No direct flights on 12MAY for ATZ-AHB
2026-01-25 07:16:41 | WARNING  | [lf.day.no_flights] No direct flights on 12MAY
2026-01-25 07:16:41 | INFO     | [SUCCESS] Day 12MAY
2026-01-25 07:16:41 | INFO     | [DAY_START] Processing 11MAY
[LF] Processing ATZ-AHB for 11MAY
2026-01-25 07:16:41 | INFO     | [lf.day.start] Processing ATZ-AHB for 11MAY
[LF] Sending SN command: SN11MAYATZAHB/ASM
[LF] No direct flights on 11MAY for ATZ-AHB
2026-01-25 07:16:42 | WARNING  | [lf.day.no_flights] No direct flights on 11MAY
2026-01-25 07:16:42 | INFO     | [SUCCESS] Day 11MAY
2026-01-25 07:16:42 | INFO     | [DAY_START] Processing 10MAY
[LF] Processing ATZ-AHB for 10MAY
2026-01-25 07:16:42 | INFO     | [lf.day.start] Processing ATZ-AHB for 10MAY
[LF] Sending SN command: SN10MAYATZAHB/ASM
[LF] No direct flights on 10MAY for ATZ-AHB
2026-01-25 07:16:43 | WARNING  | [lf.day.no_flights] No direct flights on 10MAY
2026-01-25 07:16:43 | INFO     | [SUCCESS] Day 10MAY
2026-01-25 07:16:43 | INFO     | [DAY_START] Processing 09MAY
[LF] Processing ATZ-AHB for 09MAY
2026-01-25 07:16:43 | INFO     | [lf.day.start] Processing ATZ-AHB for 09MAY
[LF] Sending SN command: SN09MAYATZAHB/ASM
[LF] No direct flights on 09MAY for ATZ-AHB
2026-01-25 07:16:44 | WARNING  | [lf.day.no_flights] No direct flights on 09MAY
2026-01-25 07:16:44 | INFO     | [SUCCESS] Day 09MAY
2026-01-25 07:16:44 | INFO     | [DAY_START] Processing 08MAY
[LF] Processing ATZ-AHB for 08MAY
2026-01-25 07:16:44 | INFO     | [lf.day.start] Processing ATZ-AHB for 08MAY
[LF] Sending SN command: SN08MAYATZAHB/ASM
[LF] No direct flights on 08MAY for ATZ-AHB
2026-01-25 07:16:45 | WARNING  | [lf.day.no_flights] No direct flights on 08MAY
2026-01-25 07:16:45 | INFO     | [SUCCESS] Day 08MAY
2026-01-25 07:16:45 | INFO     | [DAY_START] Processing 07MAY
[LF] Processing ATZ-AHB for 07MAY
2026-01-25 07:16:45 | INFO     | [lf.day.start] Processing ATZ-AHB for 07MAY
[LF] Sending SN command: SN07MAYATZAHB/ASM
[LF] No direct flights on 07MAY for ATZ-AHB
2026-01-25 07:16:47 | WARNING  | [lf.day.no_flights] No direct flights on 07MAY
2026-01-25 07:16:47 | INFO     | [SUCCESS] Day 07MAY
[LF] Results summary:
  2026-05-14: 0 flights
  2026-05-13: 0 flights
  2026-05-12: 0 flights
  2026-05-11: 0 flights
  2026-05-10: 0 flights
  2026-05-09: 0 flights
  2026-05-08: 0 flights
  2026-05-07: 0 flights
2026-01-25 07:16:47 | INFO     | [SUCCESS] LF Search Complete

============================================================
[Worker_9222] ✓ COMPLETED: ATZ-AHB
  Results: 8 dates
  Errors: 0 dates
  Total Processed: 16 groups
============================================================

2026-01-25 07:16:47 | INFO     | [Worker_9222] Completed: ATZ-AHB - 8 results, 0 errors

============================================================
[Worker_9222] Processing: MED-HBE
  Tier 0: Range 4, Chunk 4/4
  Dates: 8 days
  Date Range: 2026-05-06 to 2026-04-29
============================================================

2026-01-25 07:16:47 | INFO     | [Worker_9222] Processing: MED-HBE
2026-01-25 07:16:47 | INFO     |   Tier 0: Range 4, Chunk 4/4 (8 days)
2026-01-25 07:16:47 | INFO     | ======================================================================
2026-01-25 07:16:47 | INFO     | Load Factor Scraper Started - Route: MED-HBE
2026-01-25 07:16:47 | INFO     | Log file: D:\CODERED\LAB\Artifacts\outputs\run_generated_250126_at_07.06\logs\LF_MED-HBE_20260125_071647.log
2026-01-25 07:16:47 | INFO     | Enhanced logging: Capturing both logging.info() and print()
2026-01-25 07:16:47 | INFO     | ======================================================================
[LF] Processing dates (override): ['06MAY', '05MAY', '04MAY', '03MAY', '02MAY', '01MAY', '30APR', '29APR']
[LF] Attaching to Chrome for Altea access
2026-01-25 07:16:47 | INFO     | Starting LF search for route: MED-HBE
2026-01-25 07:16:47 | INFO     | [START] LF Search
[LF][[OK] SUCCESS] Connected to Chrome on 127.0.0.1:9222 (after 1 attempts)
2026-01-25 07:16:47 | INFO     | [HEALTH CHECK] [OK] Chrome connection is healthy
[LF][[OK] SUCCESS] Found Amadeus Altea window: Altéa Reservation Desktop
[LF][[INFO] INFO] URL: https://tc212.resdesktop.altea.amadeus.com/app_ard/apf/init/login?SITE=ESMPESMP&LANGUAGE=GB&MARKETS=ARDW_PROD_WBP&ACTION=clpLogin#
2026-01-25 07:16:47 | INFO     | [DAY_START] Processing 06MAY
[LF] Processing MED-HBE for 06MAY
2026-01-25 07:16:47 | INFO     | [lf.day.start] Processing MED-HBE for 06MAY
[LF] Sending SN command: SN06MAYMEDHBE/ASM
[LF] No direct flights on 06MAY for MED-HBE
2026-01-25 07:16:48 | WARNING  | [lf.day.no_flights] No direct flights on 06MAY
2026-01-25 07:16:48 | INFO     | [SUCCESS] Day 06MAY
2026-01-25 07:16:48 | INFO     | [DAY_START] Processing 05MAY
[LF] Processing MED-HBE for 05MAY
2026-01-25 07:16:48 | INFO     | [lf.day.start] Processing MED-HBE for 05MAY
[LF] Sending SN command: SN05MAYMEDHBE/ASM
[LF] No direct flights on 05MAY for MED-HBE
2026-01-25 07:16:49 | WARNING  | [lf.day.no_flights] No direct flights on 05MAY
2026-01-25 07:16:49 | INFO     | [SUCCESS] Day 05MAY
2026-01-25 07:16:49 | INFO     | [DAY_START] Processing 04MAY
[LF] Processing MED-HBE for 04MAY
2026-01-25 07:16:49 | INFO     | [lf.day.start] Processing MED-HBE for 04MAY
[LF] Sending SN command: SN04MAYMEDHBE/ASM
[LF] No direct flights on 04MAY for MED-HBE
2026-01-25 07:16:50 | WARNING  | [lf.day.no_flights] No direct flights on 04MAY
2026-01-25 07:16:50 | INFO     | [SUCCESS] Day 04MAY
2026-01-25 07:16:50 | INFO     | [DAY_START] Processing 03MAY
[LF] Processing MED-HBE for 03MAY
2026-01-25 07:16:50 | INFO     | [lf.day.start] Processing MED-HBE for 03MAY
[LF] Sending SN command: SN03MAYMEDHBE/ASM
[LF] 03MAY: found 1 direct flights
2026-01-25 07:16:52 | INFO     | [lf.day.flights_found] Found 1 flights on 03MAY
2026-01-25 07:16:54 | INFO     | [lf.flight.extracted] SM486 on 03MAY: BKG=2, LF=1.1%
[LF] SM486 03MAY: BKG=2, GRP=0, CAP=175, LF%=1.1%, Brd-Off=MED-HBE, Classes: I:2
[LF] Getting WEEKLY/LASTSOLD data for 1 flights
[LF] SM486 03MAY: LASTSOLD=2026-01-03 00:00:00, WEEKLY=0, TODAY=0, YDAY=0
2026-01-25 07:16:57 | INFO     | [SUCCESS] Day 03MAY
2026-01-25 07:16:57 | INFO     | [DAY_START] Processing 02MAY
[LF] Processing MED-HBE for 02MAY
2026-01-25 07:16:57 | INFO     | [lf.day.start] Processing MED-HBE for 02MAY
[LF] Sending SN command: SN02MAYMEDHBE/ASM
[LF] No direct flights on 02MAY for MED-HBE
2026-01-25 07:17:21 | WARNING  | [lf.day.no_flights] No direct flights on 02MAY
2026-01-25 07:17:21 | INFO     | [SUCCESS] Day 02MAY
2026-01-25 07:17:21 | INFO     | [DAY_START] Processing 01MAY
[LF] Processing MED-HBE for 01MAY
2026-01-25 07:17:21 | INFO     | [lf.day.start] Processing MED-HBE for 01MAY
[LF] Sending SN command: SN01MAYMEDHBE/ASM
[LF] No direct flights on 01MAY for MED-HBE
2026-01-25 07:17:22 | WARNING  | [lf.day.no_flights] No direct flights on 01MAY
2026-01-25 07:17:22 | INFO     | [SUCCESS] Day 01MAY
2026-01-25 07:17:22 | INFO     | [DAY_START] Processing 30APR
[LF] Processing MED-HBE for 30APR
2026-01-25 07:17:22 | INFO     | [lf.day.start] Processing MED-HBE for 30APR
[LF] Sending SN command: SN30APRMEDHBE/ASM
[LF] 30APR: found 1 direct flights
2026-01-25 07:17:24 | INFO     | [lf.day.flights_found] Found 1 flights on 30APR
2026-01-25 07:17:26 | INFO     | [lf.flight.extracted] SM486 on 30APR: BKG=0, LF=0.0%
[LF] SM486 30APR: BKG=0, GRP=0, CAP=175, LF%=0.0%, Brd-Off=MED-HBE
2026-01-25 07:17:27 | INFO     | [SUCCESS] Day 30APR
2026-01-25 07:17:27 | INFO     | [DAY_START] Processing 29APR
[LF] Processing MED-HBE for 29APR
2026-01-25 07:17:27 | INFO     | [lf.day.start] Processing MED-HBE for 29APR
[LF] Sending SN command: SN29APRMEDHBE/ASM
[LF] No direct flights on 29APR for MED-HBE
2026-01-25 07:17:28 | WARNING  | [lf.day.no_flights] No direct flights on 29APR
2026-01-25 07:17:28 | INFO     | [SUCCESS] Day 29APR
[LF] Results summary:
  2026-05-06: 0 flights
  2026-05-05: 0 flights
  2026-05-04: 0 flights
  2026-05-03: 1 flights
  2026-05-02: 0 flights
  2026-05-01: 0 flights
  2026-04-30: 1 flights
  2026-04-29: 0 flights
2026-01-25 07:17:28 | INFO     | [SUCCESS] LF Search Complete

============================================================
[Worker_9222] ✓ COMPLETED: MED-HBE
  Results: 8 dates
  Errors: 0 dates
  Total Processed: 17 groups
============================================================

2026-01-25 07:17:28 | INFO     | [Worker_9222] Completed: MED-HBE - 8 results, 0 errors

============================================================
[Worker_9222] Processing: DMM-ATZ
  Tier 0: Range 4, Chunk 4/4
  Dates: 8 days
  Date Range: 2026-05-06 to 2026-04-29
============================================================

2026-01-25 07:17:28 | INFO     | [Worker_9222] Processing: DMM-ATZ
2026-01-25 07:17:28 | INFO     |   Tier 0: Range 4, Chunk 4/4 (8 days)
2026-01-25 07:17:28 | INFO     | ======================================================================
2026-01-25 07:17:28 | INFO     | Load Factor Scraper Started - Route: DMM-ATZ
2026-01-25 07:17:28 | INFO     | Log file: D:\CODERED\LAB\Artifacts\outputs\run_generated_250126_at_07.06\logs\LF_DMM-ATZ_20260125_071728.log
2026-01-25 07:17:28 | INFO     | Enhanced logging: Capturing both logging.info() and print()
2026-01-25 07:17:28 | INFO     | ======================================================================
[LF] Processing dates (override): ['06MAY', '05MAY', '04MAY', '03MAY', '02MAY', '01MAY', '30APR', '29APR']
[LF] Attaching to Chrome for Altea access
2026-01-25 07:17:28 | INFO     | Starting LF search for route: DMM-ATZ
2026-01-25 07:17:28 | INFO     | [START] LF Search
[LF][[OK] SUCCESS] Connected to Chrome on 127.0.0.1:9222 (after 1 attempts)
2026-01-25 07:17:29 | INFO     | [HEALTH CHECK] [OK] Chrome connection is healthy
[LF][[OK] SUCCESS] Found Amadeus Altea window: Altéa Reservation Desktop
[LF][[INFO] INFO] URL: https://tc212.resdesktop.altea.amadeus.com/app_ard/apf/init/login?SITE=ESMPESMP&LANGUAGE=GB&MARKETS=ARDW_PROD_WBP&ACTION=clpLogin#
2026-01-25 07:17:29 | INFO     | [DAY_START] Processing 06MAY
[LF] Processing DMM-ATZ for 06MAY
2026-01-25 07:17:29 | INFO     | [lf.day.start] Processing DMM-ATZ for 06MAY
[LF] Sending SN command: SN06MAYDMMATZ/ASM
[LF] No direct flights on 06MAY for DMM-ATZ
2026-01-25 07:17:30 | WARNING  | [lf.day.no_flights] No direct flights on 06MAY
2026-01-25 07:17:30 | INFO     | [SUCCESS] Day 06MAY
2026-01-25 07:17:30 | INFO     | [DAY_START] Processing 05MAY
[LF] Processing DMM-ATZ for 05MAY
2026-01-25 07:17:30 | INFO     | [lf.day.start] Processing DMM-ATZ for 05MAY
[LF] Sending SN command: SN05MAYDMMATZ/ASM
[LF] No direct flights on 05MAY for DMM-ATZ
2026-01-25 07:17:32 | WARNING  | [lf.day.no_flights] No direct flights on 05MAY
2026-01-25 07:17:32 | INFO     | [SUCCESS] Day 05MAY
2026-01-25 07:17:32 | INFO     | [DAY_START] Processing 04MAY
[LF] Processing DMM-ATZ for 04MAY
2026-01-25 07:17:32 | INFO     | [lf.day.start] Processing DMM-ATZ for 04MAY
[LF] Sending SN command: SN04MAYDMMATZ/ASM
[LF] No direct flights on 04MAY for DMM-ATZ
2026-01-25 07:17:33 | WARNING  | [lf.day.no_flights] No direct flights on 04MAY
2026-01-25 07:17:33 | INFO     | [SUCCESS] Day 04MAY
2026-01-25 07:17:33 | INFO     | [DAY_START] Processing 03MAY
[LF] Processing DMM-ATZ for 03MAY
2026-01-25 07:17:33 | INFO     | [lf.day.start] Processing DMM-ATZ for 03MAY
[LF] Sending SN command: SN03MAYDMMATZ/ASM
[LF] No direct flights on 03MAY for DMM-ATZ
2026-01-25 07:17:35 | WARNING  | [lf.day.no_flights] No direct flights on 03MAY
2026-01-25 07:17:35 | INFO     | [SUCCESS] Day 03MAY
2026-01-25 07:17:35 | INFO     | [DAY_START] Processing 02MAY
[LF] Processing DMM-ATZ for 02MAY
2026-01-25 07:17:35 | INFO     | [lf.day.start] Processing DMM-ATZ for 02MAY
[LF] Sending SN command: SN02MAYDMMATZ/ASM
[LF] No direct flights on 02MAY for DMM-ATZ
2026-01-25 07:17:36 | WARNING  | [lf.day.no_flights] No direct flights on 02MAY
2026-01-25 07:17:36 | INFO     | [SUCCESS] Day 02MAY
2026-01-25 07:17:36 | INFO     | [DAY_START] Processing 01MAY
[LF] Processing DMM-ATZ for 01MAY
2026-01-25 07:17:36 | INFO     | [lf.day.start] Processing DMM-ATZ for 01MAY
[LF] Sending SN command: SN01MAYDMMATZ/ASM
[LF] No direct flights on 01MAY for DMM-ATZ
2026-01-25 07:17:37 | WARNING  | [lf.day.no_flights] No direct flights on 01MAY
2026-01-25 07:17:37 | INFO     | [SUCCESS] Day 01MAY
2026-01-25 07:17:37 | INFO     | [DAY_START] Processing 30APR
[LF] Processing DMM-ATZ for 30APR
2026-01-25 07:17:37 | INFO     | [lf.day.start] Processing DMM-ATZ for 30APR
[LF] Sending SN command: SN30APRDMMATZ/ASM
[LF] No direct flights on 30APR for DMM-ATZ
2026-01-25 07:17:38 | WARNING  | [lf.day.no_flights] No direct flights on 30APR
2026-01-25 07:17:38 | INFO     | [SUCCESS] Day 30APR
2026-01-25 07:17:38 | INFO     | [DAY_START] Processing 29APR
[LF] Processing DMM-ATZ for 29APR
2026-01-25 07:17:38 | INFO     | [lf.day.start] Processing DMM-ATZ for 29APR
[LF] Sending SN command: SN29APRDMMATZ/ASM
[LF] No direct flights on 29APR for DMM-ATZ
2026-01-25 07:17:39 | WARNING  | [lf.day.no_flights] No direct flights on 29APR
2026-01-25 07:17:39 | INFO     | [SUCCESS] Day 29APR
[LF] Results summary:
  2026-05-06: 0 flights
  2026-05-05: 0 flights
  2026-05-04: 0 flights
  2026-05-03: 0 flights
  2026-05-02: 0 flights
  2026-05-01: 0 flights
  2026-04-30: 0 flights
  2026-04-29: 0 flights
2026-01-25 07:17:39 | INFO     | [SUCCESS] LF Search Complete

============================================================
[Worker_9222] ✓ COMPLETED: DMM-ATZ
  Results: 8 dates
  Errors: 0 dates
  Total Processed: 18 groups
============================================================

2026-01-25 07:17:39 | INFO     | [Worker_9222] Completed: DMM-ATZ - 8 results, 0 errors

============================================================
[Worker_9222] Processing: AJF-CAI
  Tier 0: Range 4, Chunk 4/4
  Dates: 8 days
  Date Range: 2026-05-06 to 2026-04-29
============================================================

2026-01-25 07:17:39 | INFO     | [Worker_9222] Processing: AJF-CAI
2026-01-25 07:17:39 | INFO     |   Tier 0: Range 4, Chunk 4/4 (8 days)
2026-01-25 07:17:39 | INFO     | ======================================================================
2026-01-25 07:17:39 | INFO     | Load Factor Scraper Started - Route: AJF-CAI
2026-01-25 07:17:39 | INFO     | Log file: D:\CODERED\LAB\Artifacts\outputs\run_generated_250126_at_07.06\logs\LF_AJF-CAI_20260125_071739.log
2026-01-25 07:17:39 | INFO     | Enhanced logging: Capturing both logging.info() and print()
2026-01-25 07:17:39 | INFO     | ======================================================================
[LF] Processing dates (override): ['06MAY', '05MAY', '04MAY', '03MAY', '02MAY', '01MAY', '30APR', '29APR']
[LF] Attaching to Chrome for Altea access
2026-01-25 07:17:39 | INFO     | Starting LF search for route: AJF-CAI
2026-01-25 07:17:39 | INFO     | [START] LF Search
[LF][[OK] SUCCESS] Connected to Chrome on 127.0.0.1:9222 (after 1 attempts)
2026-01-25 07:17:40 | INFO     | [HEALTH CHECK] [OK] Chrome connection is healthy
[LF][[OK] SUCCESS] Found Amadeus Altea window: Altéa Reservation Desktop
[LF][[INFO] INFO] URL: https://tc212.resdesktop.altea.amadeus.com/app_ard/apf/init/login?SITE=ESMPESMP&LANGUAGE=GB&MARKETS=ARDW_PROD_WBP&ACTION=clpLogin#
2026-01-25 07:17:40 | INFO     | [DAY_START] Processing 06MAY
[LF] Processing AJF-CAI for 06MAY
2026-01-25 07:17:40 | INFO     | [lf.day.start] Processing AJF-CAI for 06MAY
[LF] Sending SN command: SN06MAYAJFCAI/ASM
[LF] No direct flights on 06MAY for AJF-CAI
2026-01-25 07:17:41 | WARNING  | [lf.day.no_flights] No direct flights on 06MAY
2026-01-25 07:17:41 | INFO     | [SUCCESS] Day 06MAY
2026-01-25 07:17:41 | INFO     | [DAY_START] Processing 05MAY
[LF] Processing AJF-CAI for 05MAY
2026-01-25 07:17:41 | INFO     | [lf.day.start] Processing AJF-CAI for 05MAY
[LF] Sending SN command: SN05MAYAJFCAI/ASM
[LF] No direct flights on 05MAY for AJF-CAI
2026-01-25 07:17:42 | WARNING  | [lf.day.no_flights] No direct flights on 05MAY
2026-01-25 07:17:42 | INFO     | [SUCCESS] Day 05MAY
2026-01-25 07:17:42 | INFO     | [DAY_START] Processing 04MAY
[LF] Processing AJF-CAI for 04MAY
2026-01-25 07:17:42 | INFO     | [lf.day.start] Processing AJF-CAI for 04MAY
[LF] Sending SN command: SN04MAYAJFCAI/ASM
[LF] No direct flights on 04MAY for AJF-CAI
2026-01-25 07:17:43 | WARNING  | [lf.day.no_flights] No direct flights on 04MAY
2026-01-25 07:17:43 | INFO     | [SUCCESS] Day 04MAY
2026-01-25 07:17:43 | INFO     | [DAY_START] Processing 03MAY
[LF] Processing AJF-CAI for 03MAY
2026-01-25 07:17:43 | INFO     | [lf.day.start] Processing AJF-CAI for 03MAY
[LF] Sending SN command: SN03MAYAJFCAI/ASM
[LF] 03MAY: found 1 direct flights
2026-01-25 07:17:44 | INFO     | [lf.day.flights_found] Found 1 flights on 03MAY
2026-01-25 07:17:46 | INFO     | [lf.flight.extracted] SM322 on 03MAY: BKG=0, LF=0.0%
[LF] SM322 03MAY: BKG=0, GRP=0, CAP=175, LF%=0.0%, Brd-Off=AJF-CAI
2026-01-25 07:17:47 | INFO     | [SUCCESS] Day 03MAY
2026-01-25 07:17:47 | INFO     | [DAY_START] Processing 02MAY
[LF] Processing AJF-CAI for 02MAY
2026-01-25 07:17:47 | INFO     | [lf.day.start] Processing AJF-CAI for 02MAY
[LF] Sending SN command: SN02MAYAJFCAI/ASM
[LF] No direct flights on 02MAY for AJF-CAI
2026-01-25 07:17:48 | WARNING  | [lf.day.no_flights] No direct flights on 02MAY
2026-01-25 07:17:48 | INFO     | [SUCCESS] Day 02MAY
2026-01-25 07:17:48 | INFO     | [DAY_START] Processing 01MAY
[LF] Processing AJF-CAI for 01MAY
2026-01-25 07:17:48 | INFO     | [lf.day.start] Processing AJF-CAI for 01MAY
[LF] Sending SN command: SN01MAYAJFCAI/ASM
[LF] 01MAY: found 1 direct flights
2026-01-25 07:17:50 | INFO     | [lf.day.flights_found] Found 1 flights on 01MAY
2026-01-25 07:17:52 | INFO     | [lf.flight.extracted] SM322 on 01MAY: BKG=1, LF=0.6%
[LF] SM322 01MAY: BKG=1, GRP=0, CAP=175, LF%=0.6%, Brd-Off=AJF-CAI, Classes: I:1
[LF] Getting WEEKLY/LASTSOLD data for 1 flights
[LF] SM322 01MAY: LASTSOLD=2026-01-24 00:00:00, WEEKLY=1, TODAY=0, YDAY=1
2026-01-25 07:17:54 | INFO     | [SUCCESS] Day 01MAY
2026-01-25 07:17:54 | INFO     | [DAY_START] Processing 30APR
[LF] Processing AJF-CAI for 30APR
2026-01-25 07:17:54 | INFO     | [lf.day.start] Processing AJF-CAI for 30APR
[LF] Sending SN command: SN30APRAJFCAI/ASM
[LF] 30APR: found 1 direct flights
2026-01-25 07:17:55 | INFO     | [lf.day.flights_found] Found 1 flights on 30APR
2026-01-25 07:17:57 | INFO     | [lf.flight.extracted] SM322 on 30APR: BKG=0, LF=0.0%
[LF] SM322 30APR: BKG=0, GRP=0, CAP=175, LF%=0.0%, Brd-Off=AJF-CAI
2026-01-25 07:17:59 | INFO     | [SUCCESS] Day 30APR
2026-01-25 07:17:59 | INFO     | [DAY_START] Processing 29APR
[LF] Processing AJF-CAI for 29APR
2026-01-25 07:17:59 | INFO     | [lf.day.start] Processing AJF-CAI for 29APR
[LF] Sending SN command: SN29APRAJFCAI/ASM
[LF] No direct flights on 29APR for AJF-CAI
2026-01-25 07:18:00 | WARNING  | [lf.day.no_flights] No direct flights on 29APR
2026-01-25 07:18:00 | INFO     | [SUCCESS] Day 29APR
[LF] Results summary:
  2026-05-06: 0 flights
  2026-05-05: 0 flights
  2026-05-04: 0 flights
  2026-05-03: 1 flights
  2026-05-02: 0 flights
  2026-05-01: 1 flights
  2026-04-30: 1 flights
  2026-04-29: 0 flights
2026-01-25 07:18:00 | INFO     | [SUCCESS] LF Search Complete

============================================================
[Worker_9222] ✓ COMPLETED: AJF-CAI
  Results: 8 dates
  Errors: 0 dates
  Total Processed: 19 groups
============================================================

2026-01-25 07:18:00 | INFO     | [Worker_9222] Completed: AJF-CAI - 8 results, 0 errors

============================================================
[Worker_9222] Processing: GIZ-CAI
  Tier 0: Range 4, Chunk 4/4
  Dates: 8 days
  Date Range: 2026-05-06 to 2026-04-29
============================================================

2026-01-25 07:18:00 | INFO     | [Worker_9222] Processing: GIZ-CAI
2026-01-25 07:18:00 | INFO     |   Tier 0: Range 4, Chunk 4/4 (8 days)
2026-01-25 07:18:00 | INFO     | ======================================================================
2026-01-25 07:18:00 | INFO     | Load Factor Scraper Started - Route: GIZ-CAI
2026-01-25 07:18:00 | INFO     | Log file: D:\CODERED\LAB\Artifacts\outputs\run_generated_250126_at_07.06\logs\LF_GIZ-CAI_20260125_071800.log
2026-01-25 07:18:00 | INFO     | Enhanced logging: Capturing both logging.info() and print()
2026-01-25 07:18:00 | INFO     | ======================================================================
[LF] Processing dates (override): ['06MAY', '05MAY', '04MAY', '03MAY', '02MAY', '01MAY', '30APR', '29APR']
[LF] Attaching to Chrome for Altea access
2026-01-25 07:18:00 | INFO     | Starting LF search for route: GIZ-CAI
2026-01-25 07:18:00 | INFO     | [START] LF Search
[LF][[OK] SUCCESS] Connected to Chrome on 127.0.0.1:9222 (after 1 attempts)
2026-01-25 07:18:01 | INFO     | [HEALTH CHECK] [OK] Chrome connection is healthy
[LF][[OK] SUCCESS] Found Amadeus Altea window: Altéa Reservation Desktop
[LF][[INFO] INFO] URL: https://tc212.resdesktop.altea.amadeus.com/app_ard/apf/init/login?SITE=ESMPESMP&LANGUAGE=GB&MARKETS=ARDW_PROD_WBP&ACTION=clpLogin#
2026-01-25 07:18:01 | INFO     | [DAY_START] Processing 06MAY
[LF] Processing GIZ-CAI for 06MAY
2026-01-25 07:18:01 | INFO     | [lf.day.start] Processing GIZ-CAI for 06MAY
[LF] Sending SN command: SN06MAYGIZCAI/ASM
[LF] No direct flights on 06MAY for GIZ-CAI
2026-01-25 07:18:02 | WARNING  | [lf.day.no_flights] No direct flights on 06MAY
2026-01-25 07:18:02 | INFO     | [SUCCESS] Day 06MAY
2026-01-25 07:18:02 | INFO     | [DAY_START] Processing 05MAY
[LF] Processing GIZ-CAI for 05MAY
2026-01-25 07:18:02 | INFO     | [lf.day.start] Processing GIZ-CAI for 05MAY
[LF] Sending SN command: SN05MAYGIZCAI/ASM
[LF] No direct flights on 05MAY for GIZ-CAI
2026-01-25 07:18:03 | WARNING  | [lf.day.no_flights] No direct flights on 05MAY
2026-01-25 07:18:03 | INFO     | [SUCCESS] Day 05MAY
2026-01-25 07:18:03 | INFO     | [DAY_START] Processing 04MAY
[LF] Processing GIZ-CAI for 04MAY
2026-01-25 07:18:03 | INFO     | [lf.day.start] Processing GIZ-CAI for 04MAY
[LF] Sending SN command: SN04MAYGIZCAI/ASM
[LF] No direct flights on 04MAY for GIZ-CAI
2026-01-25 07:18:05 | WARNING  | [lf.day.no_flights] No direct flights on 04MAY
2026-01-25 07:18:05 | INFO     | [SUCCESS] Day 04MAY
2026-01-25 07:18:05 | INFO     | [DAY_START] Processing 03MAY
[LF] Processing GIZ-CAI for 03MAY
2026-01-25 07:18:05 | INFO     | [lf.day.start] Processing GIZ-CAI for 03MAY
[LF] Sending SN command: SN03MAYGIZCAI/ASM
[LF] 03MAY: found 1 direct flights
2026-01-25 07:18:07 | INFO     | [lf.day.flights_found] Found 1 flights on 03MAY
2026-01-25 07:18:08 | INFO     | [lf.flight.extracted] SM330 on 03MAY: BKG=3, LF=1.7%
[LF] SM330 03MAY: BKG=3, GRP=0, CAP=175, LF%=1.7%, Brd-Off=GIZ-CAI, Classes: I:3
[LF] Getting WEEKLY/LASTSOLD data for 1 flights
[LF] SM330 03MAY: LASTSOLD=2026-01-09 00:00:00, WEEKLY=0, TODAY=0, YDAY=0
2026-01-25 07:18:11 | INFO     | [SUCCESS] Day 03MAY
2026-01-25 07:18:11 | INFO     | [DAY_START] Processing 02MAY
[LF] Processing GIZ-CAI for 02MAY
2026-01-25 07:18:11 | INFO     | [lf.day.start] Processing GIZ-CAI for 02MAY
[LF] Sending SN command: SN02MAYGIZCAI/ASM
[LF] No direct flights on 02MAY for GIZ-CAI
2026-01-25 07:18:12 | WARNING  | [lf.day.no_flights] No direct flights on 02MAY
2026-01-25 07:18:12 | INFO     | [SUCCESS] Day 02MAY
2026-01-25 07:18:12 | INFO     | [DAY_START] Processing 01MAY
[LF] Processing GIZ-CAI for 01MAY
2026-01-25 07:18:12 | INFO     | [lf.day.start] Processing GIZ-CAI for 01MAY
[LF] Sending SN command: SN01MAYGIZCAI/ASM
[LF] 01MAY: found 1 direct flights
2026-01-25 07:18:13 | INFO     | [lf.day.flights_found] Found 1 flights on 01MAY
2026-01-25 07:18:15 | INFO     | [lf.flight.extracted] SM330 on 01MAY: BKG=1, LF=0.6%
[LF] SM330 01MAY: BKG=1, GRP=0, CAP=175, LF%=0.6%, Brd-Off=GIZ-CAI, Classes: I:1
[LF] Getting WEEKLY/LASTSOLD data for 1 flights
[LF] SM330 01MAY: LASTSOLD=2026-01-03 00:00:00, WEEKLY=0, TODAY=0, YDAY=0
2026-01-25 07:18:18 | INFO     | [SUCCESS] Day 01MAY
2026-01-25 07:18:18 | INFO     | [DAY_START] Processing 30APR
[LF] Processing GIZ-CAI for 30APR
2026-01-25 07:18:18 | INFO     | [lf.day.start] Processing GIZ-CAI for 30APR
[LF] Sending SN command: SN30APRGIZCAI/ASM
[LF] 30APR: found 1 direct flights
2026-01-25 07:18:20 | INFO     | [lf.day.flights_found] Found 1 flights on 30APR
2026-01-25 07:18:21 | INFO     | [lf.flight.extracted] SM330 on 30APR: BKG=3, LF=1.7%
[LF] SM330 30APR: BKG=3, GRP=0, CAP=175, LF%=1.7%, Brd-Off=GIZ-CAI, Classes: I:3
[LF] Getting WEEKLY/LASTSOLD data for 1 flights
[LF] SM330 30APR: LASTSOLD=2026-01-15 00:00:00, WEEKLY=0, TODAY=0, YDAY=0
2026-01-25 07:18:24 | INFO     | [SUCCESS] Day 30APR
2026-01-25 07:18:24 | INFO     | [DAY_START] Processing 29APR
[LF] Processing GIZ-CAI for 29APR
2026-01-25 07:18:24 | INFO     | [lf.day.start] Processing GIZ-CAI for 29APR
[LF] Sending SN command: SN29APRGIZCAI/ASM
[LF] No direct flights on 29APR for GIZ-CAI
2026-01-25 07:18:25 | WARNING  | [lf.day.no_flights] No direct flights on 29APR
2026-01-25 07:18:25 | INFO     | [SUCCESS] Day 29APR
[LF] Results summary:
  2026-05-06: 0 flights
  2026-05-05: 0 flights
  2026-05-04: 0 flights
  2026-05-03: 1 flights
  2026-05-02: 0 flights
  2026-05-01: 1 flights
  2026-04-30: 1 flights
  2026-04-29: 0 flights
2026-01-25 07:18:25 | INFO     | [SUCCESS] LF Search Complete

============================================================
[Worker_9222] ✓ COMPLETED: GIZ-CAI
  Results: 8 dates
  Errors: 0 dates
  Total Processed: 20 groups
============================================================

2026-01-25 07:18:25 | INFO     | [Worker_9222] Completed: GIZ-CAI - 8 results, 0 errors

============================================================
[Worker_9222] Processing: ATZ-JED
  Tier 0: Range 4, Chunk 4/4
  Dates: 8 days
  Date Range: 2026-05-06 to 2026-04-29
============================================================

2026-01-25 07:18:25 | INFO     | [Worker_9222] Processing: ATZ-JED
2026-01-25 07:18:25 | INFO     |   Tier 0: Range 4, Chunk 4/4 (8 days)
2026-01-25 07:18:25 | INFO     | ======================================================================
2026-01-25 07:18:25 | INFO     | Load Factor Scraper Started - Route: ATZ-JED
2026-01-25 07:18:25 | INFO     | Log file: D:\CODERED\LAB\Artifacts\outputs\run_generated_250126_at_07.06\logs\LF_ATZ-JED_20260125_071825.log
2026-01-25 07:18:25 | INFO     | Enhanced logging: Capturing both logging.info() and print()
2026-01-25 07:18:25 | INFO     | ======================================================================
[LF] Processing dates (override): ['06MAY', '05MAY', '04MAY', '03MAY', '02MAY', '01MAY', '30APR', '29APR']
[LF] Attaching to Chrome for Altea access
2026-01-25 07:18:25 | INFO     | Starting LF search for route: ATZ-JED
2026-01-25 07:18:25 | INFO     | [START] LF Search
[LF][[OK] SUCCESS] Connected to Chrome on 127.0.0.1:9222 (after 1 attempts)
2026-01-25 07:18:26 | INFO     | [HEALTH CHECK] [OK] Chrome connection is healthy
[LF][[OK] SUCCESS] Found Amadeus Altea window: Altéa Reservation Desktop
[LF][[INFO] INFO] URL: https://tc212.resdesktop.altea.amadeus.com/app_ard/apf/init/login?SITE=ESMPESMP&LANGUAGE=GB&MARKETS=ARDW_PROD_WBP&ACTION=clpLogin#
2026-01-25 07:18:26 | INFO     | [DAY_START] Processing 06MAY
[LF] Processing ATZ-JED for 06MAY
2026-01-25 07:18:26 | INFO     | [lf.day.start] Processing ATZ-JED for 06MAY
[LF] Sending SN command: SN06MAYATZJED/ASM
[LF] 06MAY: found 1 direct flights
2026-01-25 07:18:27 | INFO     | [lf.day.flights_found] Found 1 flights on 06MAY
2026-01-25 07:18:29 | INFO     | [lf.flight.extracted] SM455 on 06MAY: BKG=1, LF=0.6%
[LF] SM455 06MAY: BKG=1, GRP=0, CAP=179, LF%=0.6%, Brd-Off=ATZ-JED, Classes: T:1
[LF] Getting WEEKLY/LASTSOLD data for 1 flights
[LF] SM455 06MAY: LASTSOLD=2026-01-12 00:00:00, WEEKLY=0, TODAY=0, YDAY=0
2026-01-25 07:18:32 | INFO     | [SUCCESS] Day 06MAY
2026-01-25 07:18:32 | INFO     | [DAY_START] Processing 05MAY
[LF] Processing ATZ-JED for 05MAY
2026-01-25 07:18:32 | INFO     | [lf.day.start] Processing ATZ-JED for 05MAY
[LF] Sending SN command: SN05MAYATZJED/ASM
[LF] 05MAY: found 1 direct flights
2026-01-25 07:18:33 | INFO     | [lf.day.flights_found] Found 1 flights on 05MAY
2026-01-25 07:18:35 | INFO     | [lf.flight.extracted] SM455 on 05MAY: BKG=0, LF=0.0%
[LF] SM455 05MAY: BKG=0, GRP=0, CAP=179, LF%=0.0%, Brd-Off=ATZ-JED
2026-01-25 07:18:36 | INFO     | [SUCCESS] Day 05MAY
2026-01-25 07:18:36 | INFO     | [DAY_START] Processing 04MAY
[LF] Processing ATZ-JED for 04MAY
2026-01-25 07:18:36 | INFO     | [lf.day.start] Processing ATZ-JED for 04MAY
[LF] Sending SN command: SN04MAYATZJED/ASM
[LF] 04MAY: found 1 direct flights
2026-01-25 07:18:38 | INFO     | [lf.day.flights_found] Found 1 flights on 04MAY
2026-01-25 07:18:40 | INFO     | [lf.flight.extracted] SM455 on 04MAY: BKG=3, LF=1.7%
[LF] SM455 04MAY: BKG=3, GRP=0, CAP=179, LF%=1.7%, Brd-Off=ATZ-JED, Classes: T:2, W:1
[LF] Getting WEEKLY/LASTSOLD data for 1 flights
[LF] SM455 04MAY: LASTSOLD=2026-01-24 00:00:00, WEEKLY=1, TODAY=0, YDAY=1
2026-01-25 07:18:43 | INFO     | [SUCCESS] Day 04MAY
2026-01-25 07:18:43 | INFO     | [DAY_START] Processing 03MAY
[LF] Processing ATZ-JED for 03MAY
2026-01-25 07:18:43 | INFO     | [lf.day.start] Processing ATZ-JED for 03MAY
[LF] Sending SN command: SN03MAYATZJED/ASM
[LF] 03MAY: found 1 direct flights
2026-01-25 07:18:44 | INFO     | [lf.day.flights_found] Found 1 flights on 03MAY
2026-01-25 07:18:46 | INFO     | [lf.flight.extracted] SM455 on 03MAY: BKG=1, LF=0.6%
[LF] SM455 03MAY: BKG=1, GRP=0, CAP=179, LF%=0.6%, Brd-Off=ATZ-JED, Classes: W:1
[LF] Getting WEEKLY/LASTSOLD data for 1 flights
[LF] SM455 03MAY: LASTSOLD=2026-01-20 00:00:00, WEEKLY=1, TODAY=0, YDAY=0
2026-01-25 07:18:48 | INFO     | [SUCCESS] Day 03MAY
2026-01-25 07:18:48 | INFO     | [DAY_START] Processing 02MAY
[LF] Processing ATZ-JED for 02MAY
2026-01-25 07:18:48 | INFO     | [lf.day.start] Processing ATZ-JED for 02MAY
[LF] Sending SN command: SN02MAYATZJED/ASM
[LF] 02MAY: found 1 direct flights
2026-01-25 07:18:50 | INFO     | [lf.day.flights_found] Found 1 flights on 02MAY
2026-01-25 07:18:52 | INFO     | [lf.flight.extracted] SM455 on 02MAY: BKG=3, LF=1.7%
[LF] SM455 02MAY: BKG=3, GRP=0, CAP=179, LF%=1.7%, Brd-Off=ATZ-JED, Classes: T:3
[LF] Getting WEEKLY/LASTSOLD data for 1 flights
[LF] SM455 02MAY: LASTSOLD=2026-01-13 00:00:00, WEEKLY=0, TODAY=0, YDAY=0
2026-01-25 07:18:56 | INFO     | [SUCCESS] Day 02MAY
2026-01-25 07:18:56 | INFO     | [DAY_START] Processing 01MAY
[LF] Processing ATZ-JED for 01MAY
2026-01-25 07:18:56 | INFO     | [lf.day.start] Processing ATZ-JED for 01MAY
[LF] Sending SN command: SN01MAYATZJED/ASM
[LF] 01MAY: found 1 direct flights
2026-01-25 07:18:57 | INFO     | [lf.day.flights_found] Found 1 flights on 01MAY
2026-01-25 07:18:59 | INFO     | [lf.flight.extracted] SM455 on 01MAY: BKG=4, LF=2.2%
[LF] SM455 01MAY: BKG=4, GRP=0, CAP=179, LF%=2.2%, Brd-Off=ATZ-JED, Classes: T:4
[LF] Getting WEEKLY/LASTSOLD data for 1 flights
[LF] SM455 01MAY: LASTSOLD=2026-01-09 00:00:00, WEEKLY=0, TODAY=0, YDAY=0
2026-01-25 07:19:02 | INFO     | [SUCCESS] Day 01MAY
2026-01-25 07:19:02 | INFO     | [DAY_START] Processing 30APR
[LF] Processing ATZ-JED for 30APR
2026-01-25 07:19:02 | INFO     | [lf.day.start] Processing ATZ-JED for 30APR
[LF] Sending SN command: SN30APRATZJED/ASM
[LF] 30APR: found 1 direct flights
2026-01-25 07:19:04 | INFO     | [lf.day.flights_found] Found 1 flights on 30APR
2026-01-25 07:19:05 | INFO     | [lf.flight.extracted] SM455 on 30APR: BKG=7, LF=3.9%
[LF] SM455 30APR: BKG=7, GRP=0, CAP=179, LF%=3.9%, Brd-Off=ATZ-JED, Classes: I:7
[LF] Getting WEEKLY/LASTSOLD data for 1 flights
[LF] SM455 30APR: LASTSOLD=2026-01-19 00:00:00, WEEKLY=1, TODAY=0, YDAY=0
2026-01-25 07:19:08 | INFO     | [SUCCESS] Day 30APR
2026-01-25 07:19:08 | INFO     | [DAY_START] Processing 29APR
[LF] Processing ATZ-JED for 29APR
2026-01-25 07:19:08 | INFO     | [lf.day.start] Processing ATZ-JED for 29APR
[LF] Sending SN command: SN29APRATZJED/ASM
[LF] 29APR: found 1 direct flights
2026-01-25 07:19:09 | INFO     | [lf.day.flights_found] Found 1 flights on 29APR
2026-01-25 07:19:11 | INFO     | [lf.flight.extracted] SM455 on 29APR: BKG=3, LF=1.7%
[LF] SM455 29APR: BKG=3, GRP=0, CAP=179, LF%=1.7%, Brd-Off=ATZ-JED, Classes: I:2, W:1
[LF] Getting WEEKLY/LASTSOLD data for 1 flights
[LF] SM455 29APR: LASTSOLD=2026-01-07 00:00:00, WEEKLY=0, TODAY=0, YDAY=0
2026-01-25 07:19:14 | INFO     | [SUCCESS] Day 29APR
[LF] Results summary:
  2026-05-06: 1 flights
  2026-05-05: 1 flights
  2026-05-04: 1 flights
  2026-05-03: 1 flights
  2026-05-02: 1 flights
  2026-05-01: 1 flights
  2026-04-30: 1 flights
  2026-04-29: 1 flights
2026-01-25 07:19:14 | INFO     | [SUCCESS] LF Search Complete

============================================================
[Worker_9222] ✓ COMPLETED: ATZ-JED
  Results: 8 dates
  Errors: 0 dates
  Total Processed: 21 groups
============================================================

2026-01-25 07:19:14 | INFO     | [Worker_9222] Completed: ATZ-JED - 8 results, 0 errors

============================================================
[Worker_9222] Processing: CAI-GIZ
  Tier 0: Range 4, Chunk 4/4
  Dates: 8 days
  Date Range: 2026-05-06 to 2026-04-29
============================================================

2026-01-25 07:19:14 | INFO     | [Worker_9222] Processing: CAI-GIZ
2026-01-25 07:19:14 | INFO     |   Tier 0: Range 4, Chunk 4/4 (8 days)
2026-01-25 07:19:14 | INFO     | ======================================================================
2026-01-25 07:19:14 | INFO     | Load Factor Scraper Started - Route: CAI-GIZ
2026-01-25 07:19:14 | INFO     | Log file: D:\CODERED\LAB\Artifacts\outputs\run_generated_250126_at_07.06\logs\LF_CAI-GIZ_20260125_071914.log
2026-01-25 07:19:14 | INFO     | Enhanced logging: Capturing both logging.info() and print()
2026-01-25 07:19:14 | INFO     | ======================================================================
[LF] Processing dates (override): ['06MAY', '05MAY', '04MAY', '03MAY', '02MAY', '01MAY', '30APR', '29APR']
[LF] Attaching to Chrome for Altea access
2026-01-25 07:19:14 | INFO     | Starting LF search for route: CAI-GIZ
2026-01-25 07:19:14 | INFO     | [START] LF Search
[LF][[OK] SUCCESS] Connected to Chrome on 127.0.0.1:9222 (after 1 attempts)
2026-01-25 07:19:15 | INFO     | [HEALTH CHECK] [OK] Chrome connection is healthy
[LF][[OK] SUCCESS] Found Amadeus Altea window: Altéa Reservation Desktop
[LF][[INFO] INFO] URL: https://tc212.resdesktop.altea.amadeus.com/app_ard/apf/init/login?SITE=ESMPESMP&LANGUAGE=GB&MARKETS=ARDW_PROD_WBP&ACTION=clpLogin#
2026-01-25 07:19:15 | INFO     | [DAY_START] Processing 06MAY
[LF] Processing CAI-GIZ for 06MAY
2026-01-25 07:19:15 | INFO     | [lf.day.start] Processing CAI-GIZ for 06MAY
[LF] Sending SN command: SN06MAYCAIGIZ/ASM
[LF] 06MAY: found 1 direct flights
2026-01-25 07:19:16 | INFO     | [lf.day.flights_found] Found 1 flights on 06MAY
2026-01-25 07:19:19 | INFO     | [lf.flight.extracted] SM329 on 06MAY: BKG=1, LF=0.6%
[LF] SM329 06MAY: BKG=1, GRP=0, CAP=179, LF%=0.6%, Brd-Off=CAI-GIZ, Classes: I:1
[LF] Getting WEEKLY/LASTSOLD data for 1 flights
[LF] SM329 06MAY: LASTSOLD=2026-01-24 00:00:00, WEEKLY=1, TODAY=0, YDAY=1
2026-01-25 07:19:21 | INFO     | [SUCCESS] Day 06MAY
2026-01-25 07:19:21 | INFO     | [DAY_START] Processing 05MAY
[LF] Processing CAI-GIZ for 05MAY
2026-01-25 07:19:21 | INFO     | [lf.day.start] Processing CAI-GIZ for 05MAY
[LF] Sending SN command: SN05MAYCAIGIZ/ASM
[LF] No direct flights on 05MAY for CAI-GIZ
2026-01-25 07:19:22 | WARNING  | [lf.day.no_flights] No direct flights on 05MAY
2026-01-25 07:19:22 | INFO     | [SUCCESS] Day 05MAY
2026-01-25 07:19:22 | INFO     | [DAY_START] Processing 04MAY
[LF] Processing CAI-GIZ for 04MAY
2026-01-25 07:19:22 | INFO     | [lf.day.start] Processing CAI-GIZ for 04MAY
[LF] Sending SN command: SN04MAYCAIGIZ/ASM
[LF] No direct flights on 04MAY for CAI-GIZ
2026-01-25 07:19:24 | WARNING  | [lf.day.no_flights] No direct flights on 04MAY
2026-01-25 07:19:24 | INFO     | [SUCCESS] Day 04MAY
2026-01-25 07:19:24 | INFO     | [DAY_START] Processing 03MAY
[LF] Processing CAI-GIZ for 03MAY
2026-01-25 07:19:24 | INFO     | [lf.day.start] Processing CAI-GIZ for 03MAY
[LF] Sending SN command: SN03MAYCAIGIZ/ASM
[LF] No direct flights on 03MAY for CAI-GIZ
2026-01-25 07:19:25 | WARNING  | [lf.day.no_flights] No direct flights on 03MAY
2026-01-25 07:19:25 | INFO     | [SUCCESS] Day 03MAY
2026-01-25 07:19:25 | INFO     | [DAY_START] Processing 02MAY
[LF] Processing CAI-GIZ for 02MAY
2026-01-25 07:19:25 | INFO     | [lf.day.start] Processing CAI-GIZ for 02MAY
[LF] Sending SN command: SN02MAYCAIGIZ/ASM
[LF] 02MAY: found 1 direct flights
2026-01-25 07:19:27 | INFO     | [lf.day.flights_found] Found 1 flights on 02MAY
2026-01-25 07:19:29 | INFO     | [lf.flight.extracted] SM329 on 02MAY: BKG=2, LF=1.1%
[LF] SM329 02MAY: BKG=2, GRP=0, CAP=179, LF%=1.1%, Brd-Off=CAI-GIZ, Classes: I:2
[LF] Getting WEEKLY/LASTSOLD data for 1 flights
[LF] SM329 02MAY: LASTSOLD=2026-01-18 00:00:00, WEEKLY=1, TODAY=0, YDAY=0
2026-01-25 07:19:31 | INFO     | [SUCCESS] Day 02MAY
2026-01-25 07:19:31 | INFO     | [DAY_START] Processing 01MAY
[LF] Processing CAI-GIZ for 01MAY
2026-01-25 07:19:31 | INFO     | [lf.day.start] Processing CAI-GIZ for 01MAY
[LF] Sending SN command: SN01MAYCAIGIZ/ASM
[LF] No direct flights on 01MAY for CAI-GIZ
2026-01-25 07:19:32 | WARNING  | [lf.day.no_flights] No direct flights on 01MAY
2026-01-25 07:19:32 | INFO     | [SUCCESS] Day 01MAY
2026-01-25 07:19:32 | INFO     | [DAY_START] Processing 30APR
[LF] Processing CAI-GIZ for 30APR
2026-01-25 07:19:32 | INFO     | [lf.day.start] Processing CAI-GIZ for 30APR
[LF] Sending SN command: SN30APRCAIGIZ/ASM
[LF] 30APR: found 1 direct flights
2026-01-25 07:19:33 | INFO     | [lf.day.flights_found] Found 1 flights on 30APR
2026-01-25 07:19:35 | INFO     | [lf.flight.extracted] SM329 on 30APR: BKG=7, LF=3.9%
[LF] SM329 30APR: BKG=7, GRP=0, CAP=179, LF%=3.9%, Brd-Off=CAI-GIZ, Classes: I:7
[LF] Getting WEEKLY/LASTSOLD data for 1 flights
[LF] SM329 30APR: LASTSOLD=2026-01-24 00:00:00, WEEKLY=6, TODAY=0, YDAY=1
2026-01-25 07:19:38 | INFO     | [SUCCESS] Day 30APR
2026-01-25 07:19:38 | INFO     | [DAY_START] Processing 29APR
[LF] Processing CAI-GIZ for 29APR
2026-01-25 07:19:38 | INFO     | [lf.day.start] Processing CAI-GIZ for 29APR
[LF] Sending SN command: SN29APRCAIGIZ/ASM
[LF] 29APR: found 1 direct flights
2026-01-25 07:19:39 | INFO     | [lf.day.flights_found] Found 1 flights on 29APR
2026-01-25 07:19:41 | INFO     | [lf.flight.extracted] SM329 on 29APR: BKG=7, LF=3.9%
[LF] SM329 29APR: BKG=7, GRP=0, CAP=179, LF%=3.9%, Brd-Off=CAI-GIZ, Classes: I:6, O:1
[LF] Getting WEEKLY/LASTSOLD data for 1 flights
[LF] SM329 29APR: LASTSOLD=2026-01-19 00:00:00, WEEKLY=1, TODAY=0, YDAY=0
2026-01-25 07:19:44 | INFO     | [SUCCESS] Day 29APR
[LF] Results summary:
  2026-05-06: 1 flights
  2026-05-05: 0 flights
  2026-05-04: 0 flights
  2026-05-03: 0 flights
  2026-05-02: 1 flights
  2026-05-01: 0 flights
  2026-04-30: 1 flights
  2026-04-29: 1 flights
2026-01-25 07:19:44 | INFO     | [SUCCESS] LF Search Complete

============================================================
[Worker_9222] ✓ COMPLETED: CAI-GIZ
  Results: 8 dates
  Errors: 0 dates
  Total Processed: 22 groups
============================================================

2026-01-25 07:19:44 | INFO     | [Worker_9222] Completed: CAI-GIZ - 8 results, 0 errors

============================================================
[Worker_9222] Processing: RUH-ATZ
  Tier 0: Range 3, Chunk 1/4
  Dates: 8 days
  Date Range: 2026-04-28 to 2026-04-21
============================================================

2026-01-25 07:19:44 | INFO     | [Worker_9222] Processing: RUH-ATZ
2026-01-25 07:19:44 | INFO     |   Tier 0: Range 3, Chunk 1/4 (8 days)
2026-01-25 07:19:44 | INFO     | ======================================================================
2026-01-25 07:19:44 | INFO     | Load Factor Scraper Started - Route: RUH-ATZ
2026-01-25 07:19:44 | INFO     | Log file: D:\CODERED\LAB\Artifacts\outputs\run_generated_250126_at_07.06\logs\LF_RUH-ATZ_20260125_071944.log
2026-01-25 07:19:44 | INFO     | Enhanced logging: Capturing both logging.info() and print()
2026-01-25 07:19:44 | INFO     | ======================================================================
[LF] Processing dates (override): ['28APR', '27APR', '26APR', '25APR', '24APR', '23APR', '22APR', '21APR']
[LF] Attaching to Chrome for Altea access
2026-01-25 07:19:44 | INFO     | Starting LF search for route: RUH-ATZ
2026-01-25 07:19:44 | INFO     | [START] LF Search
[LF][[OK] SUCCESS] Connected to Chrome on 127.0.0.1:9222 (after 1 attempts)
2026-01-25 07:19:44 | INFO     | [HEALTH CHECK] [OK] Chrome connection is healthy
[LF][[OK] SUCCESS] Found Amadeus Altea window: Altéa Reservation Desktop
[LF][[INFO] INFO] URL: https://tc212.resdesktop.altea.amadeus.com/app_ard/apf/init/login?SITE=ESMPESMP&LANGUAGE=GB&MARKETS=ARDW_PROD_WBP&ACTION=clpLogin#
2026-01-25 07:19:45 | INFO     | [DAY_START] Processing 28APR
[LF] Processing RUH-ATZ for 28APR
2026-01-25 07:19:45 | INFO     | [lf.day.start] Processing RUH-ATZ for 28APR
[LF] Sending SN command: SN28APRRUHATZ/ASM
[LF] No direct flights on 28APR for RUH-ATZ
2026-01-25 07:19:46 | WARNING  | [lf.day.no_flights] No direct flights on 28APR
2026-01-25 07:19:46 | INFO     | [SUCCESS] Day 28APR
2026-01-25 07:19:46 | INFO     | [DAY_START] Processing 27APR
[LF] Processing RUH-ATZ for 27APR
2026-01-25 07:19:46 | INFO     | [lf.day.start] Processing RUH-ATZ for 27APR
[LF] Sending SN command: SN27APRRUHATZ/ASM
[LF] No direct flights on 27APR for RUH-ATZ
2026-01-25 07:19:47 | WARNING  | [lf.day.no_flights] No direct flights on 27APR
2026-01-25 07:19:47 | INFO     | [SUCCESS] Day 27APR
2026-01-25 07:19:47 | INFO     | [DAY_START] Processing 26APR
[LF] Processing RUH-ATZ for 26APR
2026-01-25 07:19:47 | INFO     | [lf.day.start] Processing RUH-ATZ for 26APR
[LF] Sending SN command: SN26APRRUHATZ/ASM
[LF] No direct flights on 26APR for RUH-ATZ
2026-01-25 07:19:48 | WARNING  | [lf.day.no_flights] No direct flights on 26APR
2026-01-25 07:19:48 | INFO     | [SUCCESS] Day 26APR
2026-01-25 07:19:48 | INFO     | [DAY_START] Processing 25APR
[LF] Processing RUH-ATZ for 25APR
2026-01-25 07:19:48 | INFO     | [lf.day.start] Processing RUH-ATZ for 25APR
[LF] Sending SN command: SN25APRRUHATZ/ASM
[LF] No direct flights on 25APR for RUH-ATZ
2026-01-25 07:19:49 | WARNING  | [lf.day.no_flights] No direct flights on 25APR
2026-01-25 07:19:49 | INFO     | [SUCCESS] Day 25APR
2026-01-25 07:19:49 | INFO     | [DAY_START] Processing 24APR
[LF] Processing RUH-ATZ for 24APR
2026-01-25 07:19:49 | INFO     | [lf.day.start] Processing RUH-ATZ for 24APR
[LF] Sending SN command: SN24APRRUHATZ/ASM
[LF] No direct flights on 24APR for RUH-ATZ
2026-01-25 07:19:50 | WARNING  | [lf.day.no_flights] No direct flights on 24APR
2026-01-25 07:19:50 | INFO     | [SUCCESS] Day 24APR
2026-01-25 07:19:50 | INFO     | [DAY_START] Processing 23APR
[LF] Processing RUH-ATZ for 23APR
2026-01-25 07:19:50 | INFO     | [lf.day.start] Processing RUH-ATZ for 23APR
[LF] Sending SN command: SN23APRRUHATZ/ASM
[LF] No direct flights on 23APR for RUH-ATZ
2026-01-25 07:19:52 | WARNING  | [lf.day.no_flights] No direct flights on 23APR
2026-01-25 07:19:52 | INFO     | [SUCCESS] Day 23APR
2026-01-25 07:19:52 | INFO     | [DAY_START] Processing 22APR
[LF] Processing RUH-ATZ for 22APR
2026-01-25 07:19:52 | INFO     | [lf.day.start] Processing RUH-ATZ for 22APR
[LF] Sending SN command: SN22APRRUHATZ/ASM
[LF] 22APR: found 1 direct flights
2026-01-25 07:19:54 | INFO     | [lf.day.flights_found] Found 1 flights on 22APR
2026-01-25 07:19:57 | INFO     | [lf.flight.extracted] SM466 on 22APR: BKG=6, LF=3.4%
[LF] SM466 22APR: BKG=6, GRP=0, CAP=175, LF%=3.4%, Brd-Off=RUH-ATZ, Classes: I:6
[LF] Getting WEEKLY/LASTSOLD data for 1 flights
[LF] SM466 22APR: LASTSOLD=2026-01-10 00:00:00, WEEKLY=0, TODAY=0, YDAY=0
2026-01-25 07:19:59 | INFO     | [SUCCESS] Day 22APR
2026-01-25 07:19:59 | INFO     | [DAY_START] Processing 21APR
[LF] Processing RUH-ATZ for 21APR
2026-01-25 07:19:59 | INFO     | [lf.day.start] Processing RUH-ATZ for 21APR
[LF] Sending SN command: SN21APRRUHATZ/ASM
[LF] No direct flights on 21APR for RUH-ATZ
2026-01-25 07:20:00 | WARNING  | [lf.day.no_flights] No direct flights on 21APR
2026-01-25 07:20:00 | INFO     | [SUCCESS] Day 21APR
[LF] Results summary:
  2026-04-28: 0 flights
  2026-04-27: 0 flights
  2026-04-26: 0 flights
  2026-04-25: 0 flights
  2026-04-24: 0 flights
  2026-04-23: 0 flights
  2026-04-22: 1 flights
  2026-04-21: 0 flights
2026-01-25 07:20:00 | INFO     | [SUCCESS] LF Search Complete

============================================================
[Worker_9222] ✓ COMPLETED: RUH-ATZ
  Results: 8 dates
  Errors: 0 dates
  Total Processed: 23 groups
============================================================

2026-01-25 07:20:00 | INFO     | [Worker_9222] Completed: RUH-ATZ - 8 results, 0 errors

============================================================
[Worker_9222] Processing: AJF-CAI
  Tier 0: Range 3, Chunk 1/4
  Dates: 8 days
  Date Range: 2026-04-28 to 2026-04-21
============================================================

2026-01-25 07:20:00 | INFO     | [Worker_9222] Processing: AJF-CAI
2026-01-25 07:20:00 | INFO     |   Tier 0: Range 3, Chunk 1/4 (8 days)
2026-01-25 07:20:00 | INFO     | ======================================================================
2026-01-25 07:20:00 | INFO     | Load Factor Scraper Started - Route: AJF-CAI
2026-01-25 07:20:00 | INFO     | Log file: D:\CODERED\LAB\Artifacts\outputs\run_generated_250126_at_07.06\logs\LF_AJF-CAI_20260125_072000.log
2026-01-25 07:20:00 | INFO     | Enhanced logging: Capturing both logging.info() and print()
2026-01-25 07:20:00 | INFO     | ======================================================================
[LF] Processing dates (override): ['28APR', '27APR', '26APR', '25APR', '24APR', '23APR', '22APR', '21APR']
[LF] Attaching to Chrome for Altea access
2026-01-25 07:20:00 | INFO     | Starting LF search for route: AJF-CAI
2026-01-25 07:20:00 | INFO     | [START] LF Search
[LF][[OK] SUCCESS] Connected to Chrome on 127.0.0.1:9222 (after 1 attempts)
2026-01-25 07:20:01 | INFO     | [HEALTH CHECK] [OK] Chrome connection is healthy
[LF][[OK] SUCCESS] Found Amadeus Altea window: Altéa Reservation Desktop
[LF][[INFO] INFO] URL: https://tc212.resdesktop.altea.amadeus.com/app_ard/apf/init/login?SITE=ESMPESMP&LANGUAGE=GB&MARKETS=ARDW_PROD_WBP&ACTION=clpLogin#
2026-01-25 07:20:01 | INFO     | [DAY_START] Processing 28APR
[LF] Processing AJF-CAI for 28APR
2026-01-25 07:20:01 | INFO     | [lf.day.start] Processing AJF-CAI for 28APR
[LF] Sending SN command: SN28APRAJFCAI/ASM
[LF] No direct flights on 28APR for AJF-CAI
2026-01-25 07:20:03 | WARNING  | [lf.day.no_flights] No direct flights on 28APR
2026-01-25 07:20:03 | INFO     | [SUCCESS] Day 28APR
2026-01-25 07:20:03 | INFO     | [DAY_START] Processing 27APR
[LF] Processing AJF-CAI for 27APR
2026-01-25 07:20:03 | INFO     | [lf.day.start] Processing AJF-CAI for 27APR
[LF] Sending SN command: SN27APRAJFCAI/ASM
[LF] No direct flights on 27APR for AJF-CAI
2026-01-25 07:20:04 | WARNING  | [lf.day.no_flights] No direct flights on 27APR
2026-01-25 07:20:04 | INFO     | [SUCCESS] Day 27APR
2026-01-25 07:20:04 | INFO     | [DAY_START] Processing 26APR
[LF] Processing AJF-CAI for 26APR
2026-01-25 07:20:04 | INFO     | [lf.day.start] Processing AJF-CAI for 26APR
[LF] Sending SN command: SN26APRAJFCAI/ASM
[LF] 26APR: found 1 direct flights
2026-01-25 07:20:05 | INFO     | [lf.day.flights_found] Found 1 flights on 26APR
2026-01-25 07:20:07 | INFO     | [lf.flight.extracted] SM322 on 26APR: BKG=1, LF=0.6%
[LF] SM322 26APR: BKG=1, GRP=0, CAP=175, LF%=0.6%, Brd-Off=AJF-CAI, Classes: I:1
[LF] Getting WEEKLY/LASTSOLD data for 1 flights
[LF] SM322 26APR: LASTSOLD=2026-01-18 00:00:00, WEEKLY=1, TODAY=0, YDAY=0
2026-01-25 07:20:11 | INFO     | [SUCCESS] Day 26APR
2026-01-25 07:20:11 | INFO     | [DAY_START] Processing 25APR
[LF] Processing AJF-CAI for 25APR
2026-01-25 07:20:11 | INFO     | [lf.day.start] Processing AJF-CAI for 25APR
[LF] Sending SN command: SN25APRAJFCAI/ASM
[LF] No direct flights on 25APR for AJF-CAI
2026-01-25 07:20:13 | WARNING  | [lf.day.no_flights] No direct flights on 25APR
2026-01-25 07:20:13 | INFO     | [SUCCESS] Day 25APR
2026-01-25 07:20:13 | INFO     | [DAY_START] Processing 24APR
[LF] Processing AJF-CAI for 24APR
2026-01-25 07:20:13 | INFO     | [lf.day.start] Processing AJF-CAI for 24APR
[LF] Sending SN command: SN24APRAJFCAI/ASM
[LF] 24APR: found 1 direct flights
2026-01-25 07:20:14 | INFO     | [lf.day.flights_found] Found 1 flights on 24APR
2026-01-25 07:20:16 | INFO     | [lf.flight.extracted] SM322 on 24APR: BKG=5, LF=2.9%
[LF] SM322 24APR: BKG=5, GRP=0, CAP=175, LF%=2.9%, Brd-Off=AJF-CAI, Classes: I:5
[LF] Getting WEEKLY/LASTSOLD data for 1 flights
[LF] SM322 24APR: LASTSOLD=2026-01-19 00:00:00, WEEKLY=5, TODAY=0, YDAY=0
2026-01-25 07:20:18 | INFO     | [SUCCESS] Day 24APR
2026-01-25 07:20:18 | INFO     | [DAY_START] Processing 23APR
[LF] Processing AJF-CAI for 23APR
2026-01-25 07:20:18 | INFO     | [lf.day.start] Processing AJF-CAI for 23APR
[LF] Sending SN command: SN23APRAJFCAI/ASM
[LF] 23APR: found 1 direct flights
2026-01-25 07:20:19 | INFO     | [lf.day.flights_found] Found 1 flights on 23APR
2026-01-25 07:20:21 | INFO     | [lf.flight.extracted] SM322 on 23APR: BKG=2, LF=1.1%
[LF] SM322 23APR: BKG=2, GRP=0, CAP=175, LF%=1.1%, Brd-Off=AJF-CAI, Classes: I:2
[LF] Getting WEEKLY/LASTSOLD data for 1 flights
[LF] SM322 23APR: LASTSOLD=2025-12-20 00:00:00, WEEKLY=0, TODAY=0, YDAY=0
2026-01-25 07:20:24 | INFO     | [SUCCESS] Day 23APR
2026-01-25 07:20:24 | INFO     | [DAY_START] Processing 22APR
[LF] Processing AJF-CAI for 22APR
2026-01-25 07:20:24 | INFO     | [lf.day.start] Processing AJF-CAI for 22APR
[LF] Sending SN command: SN22APRAJFCAI/ASM
[LF] No direct flights on 22APR for AJF-CAI
2026-01-25 07:20:25 | WARNING  | [lf.day.no_flights] No direct flights on 22APR
2026-01-25 07:20:25 | INFO     | [SUCCESS] Day 22APR
2026-01-25 07:20:25 | INFO     | [DAY_START] Processing 21APR
[LF] Processing AJF-CAI for 21APR
2026-01-25 07:20:25 | INFO     | [lf.day.start] Processing AJF-CAI for 21APR
[LF] Sending SN command: SN21APRAJFCAI/ASM
[LF] No direct flights on 21APR for AJF-CAI
2026-01-25 07:20:26 | WARNING  | [lf.day.no_flights] No direct flights on 21APR
2026-01-25 07:20:26 | INFO     | [SUCCESS] Day 21APR
[LF] Results summary:
  2026-04-28: 0 flights
  2026-04-27: 0 flights
  2026-04-26: 1 flights
  2026-04-25: 0 flights
  2026-04-24: 1 flights
  2026-04-23: 1 flights
  2026-04-22: 0 flights
  2026-04-21: 0 flights
2026-01-25 07:20:26 | INFO     | [SUCCESS] LF Search Complete

============================================================
[Worker_9222] ✓ COMPLETED: AJF-CAI
  Results: 8 dates
  Errors: 0 dates
  Total Processed: 24 groups
============================================================

2026-01-25 07:20:26 | INFO     | [Worker_9222] Completed: AJF-CAI - 8 results, 0 errors

============================================================
[Worker_9222] Processing: HBE-MED
  Tier 0: Range 3, Chunk 1/4
  Dates: 8 days
  Date Range: 2026-04-28 to 2026-04-21
============================================================

2026-01-25 07:20:26 | INFO     | [Worker_9222] Processing: HBE-MED
2026-01-25 07:20:26 | INFO     |   Tier 0: Range 3, Chunk 1/4 (8 days)
2026-01-25 07:20:26 | INFO     | ======================================================================
2026-01-25 07:20:26 | INFO     | Load Factor Scraper Started - Route: HBE-MED
2026-01-25 07:20:26 | INFO     | Log file: D:\CODERED\LAB\Artifacts\outputs\run_generated_250126_at_07.06\logs\LF_HBE-MED_20260125_072026.log
2026-01-25 07:20:26 | INFO     | Enhanced logging: Capturing both logging.info() and print()
2026-01-25 07:20:26 | INFO     | ======================================================================
[LF] Processing dates (override): ['28APR', '27APR', '26APR', '25APR', '24APR', '23APR', '22APR', '21APR']
[LF] Attaching to Chrome for Altea access
2026-01-25 07:20:26 | INFO     | Starting LF search for route: HBE-MED
2026-01-25 07:20:26 | INFO     | [START] LF Search
[LF][[OK] SUCCESS] Connected to Chrome on 127.0.0.1:9222 (after 1 attempts)
2026-01-25 07:20:27 | INFO     | [HEALTH CHECK] [OK] Chrome connection is healthy
[LF][[OK] SUCCESS] Found Amadeus Altea window: Altéa Reservation Desktop
[LF][[INFO] INFO] URL: https://tc212.resdesktop.altea.amadeus.com/app_ard/apf/init/login?SITE=ESMPESMP&LANGUAGE=GB&MARKETS=ARDW_PROD_WBP&ACTION=clpLogin#
2026-01-25 07:20:27 | INFO     | [DAY_START] Processing 28APR
[LF] Processing HBE-MED for 28APR
2026-01-25 07:20:27 | INFO     | [lf.day.start] Processing HBE-MED for 28APR
[LF] Sending SN command: SN28APRHBEMED/ASM
[LF] No direct flights on 28APR for HBE-MED
2026-01-25 07:20:28 | WARNING  | [lf.day.no_flights] No direct flights on 28APR
2026-01-25 07:20:28 | INFO     | [SUCCESS] Day 28APR
2026-01-25 07:20:28 | INFO     | [DAY_START] Processing 27APR
[LF] Processing HBE-MED for 27APR
2026-01-25 07:20:28 | INFO     | [lf.day.start] Processing HBE-MED for 27APR
[LF] Sending SN command: SN27APRHBEMED/ASM
[LF] No direct flights on 27APR for HBE-MED
2026-01-25 07:20:29 | WARNING  | [lf.day.no_flights] No direct flights on 27APR
2026-01-25 07:20:29 | INFO     | [SUCCESS] Day 27APR
2026-01-25 07:20:29 | INFO     | [DAY_START] Processing 26APR
[LF] Processing HBE-MED for 26APR
2026-01-25 07:20:29 | INFO     | [lf.day.start] Processing HBE-MED for 26APR
[LF] Sending SN command: SN26APRHBEMED/ASM
[LF] 26APR: found 1 direct flights
2026-01-25 07:20:30 | INFO     | [lf.day.flights_found] Found 1 flights on 26APR
2026-01-25 07:20:33 | INFO     | [lf.flight.extracted] SM485 on 26APR: BKG=0, LF=0.0%
[LF] SM485 26APR: BKG=0, GRP=0, CAP=179, LF%=0.0%, Brd-Off=HBE-MED
2026-01-25 07:20:34 | INFO     | [SUCCESS] Day 26APR
2026-01-25 07:20:34 | INFO     | [DAY_START] Processing 25APR
[LF] Processing HBE-MED for 25APR
2026-01-25 07:20:34 | INFO     | [lf.day.start] Processing HBE-MED for 25APR
[LF] Sending SN command: SN25APRHBEMED/ASM
[LF] No direct flights on 25APR for HBE-MED
2026-01-25 07:20:35 | WARNING  | [lf.day.no_flights] No direct flights on 25APR
2026-01-25 07:20:35 | INFO     | [SUCCESS] Day 25APR
2026-01-25 07:20:35 | INFO     | [DAY_START] Processing 24APR
[LF] Processing HBE-MED for 24APR
2026-01-25 07:20:35 | INFO     | [lf.day.start] Processing HBE-MED for 24APR
[LF] Sending SN command: SN24APRHBEMED/ASM
[LF] No direct flights on 24APR for HBE-MED
2026-01-25 07:20:36 | WARNING  | [lf.day.no_flights] No direct flights on 24APR
2026-01-25 07:20:36 | INFO     | [SUCCESS] Day 24APR
2026-01-25 07:20:36 | INFO     | [DAY_START] Processing 23APR
[LF] Processing HBE-MED for 23APR
2026-01-25 07:20:36 | INFO     | [lf.day.start] Processing HBE-MED for 23APR
[LF] Sending SN command: SN23APRHBEMED/ASM
[LF] 23APR: found 1 direct flights
2026-01-25 07:20:37 | INFO     | [lf.day.flights_found] Found 1 flights on 23APR
2026-01-25 07:20:39 | INFO     | [lf.flight.extracted] SM485 on 23APR: BKG=1, LF=0.6%
[LF] SM485 23APR: BKG=1, GRP=0, CAP=179, LF%=0.6%, Brd-Off=HBE-MED, Classes: I:1
[LF] Getting WEEKLY/LASTSOLD data for 1 flights
[LF] SM485 23APR: LASTSOLD=2025-11-11 00:00:00, WEEKLY=0, TODAY=0, YDAY=0
2026-01-25 07:20:42 | INFO     | [SUCCESS] Day 23APR
2026-01-25 07:20:42 | INFO     | [DAY_START] Processing 22APR
[LF] Processing HBE-MED for 22APR
2026-01-25 07:20:42 | INFO     | [lf.day.start] Processing HBE-MED for 22APR
[LF] Sending SN command: SN22APRHBEMED/ASM
[LF] No direct flights on 22APR for HBE-MED
2026-01-25 07:20:43 | WARNING  | [lf.day.no_flights] No direct flights on 22APR
2026-01-25 07:20:43 | INFO     | [SUCCESS] Day 22APR
2026-01-25 07:20:43 | INFO     | [DAY_START] Processing 21APR
[LF] Processing HBE-MED for 21APR
2026-01-25 07:20:43 | INFO     | [lf.day.start] Processing HBE-MED for 21APR
[LF] Sending SN command: SN21APRHBEMED/ASM
[LF] No direct flights on 21APR for HBE-MED
2026-01-25 07:20:44 | WARNING  | [lf.day.no_flights] No direct flights on 21APR
2026-01-25 07:20:44 | INFO     | [SUCCESS] Day 21APR
[LF] Results summary:
  2026-04-28: 0 flights
  2026-04-27: 0 flights
  2026-04-26: 1 flights
  2026-04-25: 0 flights
  2026-04-24: 0 flights
  2026-04-23: 1 flights
  2026-04-22: 0 flights
  2026-04-21: 0 flights
2026-01-25 07:20:44 | INFO     | [SUCCESS] LF Search Complete

============================================================
[Worker_9222] ✓ COMPLETED: HBE-MED
  Results: 8 dates
  Errors: 0 dates
  Total Processed: 25 groups
============================================================

2026-01-25 07:20:44 | INFO     | [Worker_9222] Completed: HBE-MED - 8 results, 0 errors

============================================================
[Worker_9222] Processing: ASW-JED
  Tier 0: Range 3, Chunk 1/4
  Dates: 8 days
  Date Range: 2026-04-28 to 2026-04-21
============================================================

2026-01-25 07:20:44 | INFO     | [Worker_9222] Processing: ASW-JED
2026-01-25 07:20:44 | INFO     |   Tier 0: Range 3, Chunk 1/4 (8 days)
2026-01-25 07:20:44 | INFO     | ======================================================================
2026-01-25 07:20:44 | INFO     | Load Factor Scraper Started - Route: ASW-JED
2026-01-25 07:20:44 | INFO     | Log file: D:\CODERED\LAB\Artifacts\outputs\run_generated_250126_at_07.06\logs\LF_ASW-JED_20260125_072044.log
2026-01-25 07:20:44 | INFO     | Enhanced logging: Capturing both logging.info() and print()
2026-01-25 07:20:44 | INFO     | ======================================================================
[LF] Processing dates (override): ['28APR', '27APR', '26APR', '25APR', '24APR', '23APR', '22APR', '21APR']
[LF] Attaching to Chrome for Altea access
2026-01-25 07:20:44 | INFO     | Starting LF search for route: ASW-JED
2026-01-25 07:20:44 | INFO     | [START] LF Search
[LF][[OK] SUCCESS] Connected to Chrome on 127.0.0.1:9222 (after 1 attempts)
2026-01-25 07:20:44 | INFO     | [HEALTH CHECK] [OK] Chrome connection is healthy
[LF][[OK] SUCCESS] Found Amadeus Altea window: Altéa Reservation Desktop
[LF][[INFO] INFO] URL: https://tc212.resdesktop.altea.amadeus.com/app_ard/apf/init/login?SITE=ESMPESMP&LANGUAGE=GB&MARKETS=ARDW_PROD_WBP&ACTION=clpLogin#
2026-01-25 07:20:44 | INFO     | [DAY_START] Processing 28APR
[LF] Processing ASW-JED for 28APR
2026-01-25 07:20:44 | INFO     | [lf.day.start] Processing ASW-JED for 28APR
[LF] Sending SN command: SN28APRASWJED/ASM
[LF] No direct flights on 28APR for ASW-JED
2026-01-25 07:20:46 | WARNING  | [lf.day.no_flights] No direct flights on 28APR
2026-01-25 07:20:46 | INFO     | [SUCCESS] Day 28APR
2026-01-25 07:20:46 | INFO     | [DAY_START] Processing 27APR
[LF] Processing ASW-JED for 27APR
2026-01-25 07:20:46 | INFO     | [lf.day.start] Processing ASW-JED for 27APR
[LF] Sending SN command: SN27APRASWJED/ASM
[LF] No direct flights on 27APR for ASW-JED
2026-01-25 07:20:47 | WARNING  | [lf.day.no_flights] No direct flights on 27APR
2026-01-25 07:20:47 | INFO     | [SUCCESS] Day 27APR
2026-01-25 07:20:47 | INFO     | [DAY_START] Processing 26APR
[LF] Processing ASW-JED for 26APR
2026-01-25 07:20:47 | INFO     | [lf.day.start] Processing ASW-JED for 26APR
[LF] Sending SN command: SN26APRASWJED/ASM
[LF] No direct flights on 26APR for ASW-JED
2026-01-25 07:20:48 | WARNING  | [lf.day.no_flights] No direct flights on 26APR
2026-01-25 07:20:48 | INFO     | [SUCCESS] Day 26APR
2026-01-25 07:20:48 | INFO     | [DAY_START] Processing 25APR
[LF] Processing ASW-JED for 25APR
2026-01-25 07:20:48 | INFO     | [lf.day.start] Processing ASW-JED for 25APR
[LF] Sending SN command: SN25APRASWJED/ASM
[LF] No direct flights on 25APR for ASW-JED
2026-01-25 07:20:49 | WARNING  | [lf.day.no_flights] No direct flights on 25APR
2026-01-25 07:20:49 | INFO     | [SUCCESS] Day 25APR
2026-01-25 07:20:49 | INFO     | [DAY_START] Processing 24APR
[LF] Processing ASW-JED for 24APR
2026-01-25 07:20:49 | INFO     | [lf.day.start] Processing ASW-JED for 24APR
[LF] Sending SN command: SN24APRASWJED/ASM
[LF] No direct flights on 24APR for ASW-JED
2026-01-25 07:20:51 | WARNING  | [lf.day.no_flights] No direct flights on 24APR
2026-01-25 07:20:51 | INFO     | [SUCCESS] Day 24APR
2026-01-25 07:20:51 | INFO     | [DAY_START] Processing 23APR
[LF] Processing ASW-JED for 23APR
2026-01-25 07:20:51 | INFO     | [lf.day.start] Processing ASW-JED for 23APR
[LF] Sending SN command: SN23APRASWJED/ASM
[LF] No direct flights on 23APR for ASW-JED
2026-01-25 07:20:52 | WARNING  | [lf.day.no_flights] No direct flights on 23APR
2026-01-25 07:20:52 | INFO     | [SUCCESS] Day 23APR
2026-01-25 07:20:52 | INFO     | [DAY_START] Processing 22APR
[LF] Processing ASW-JED for 22APR
2026-01-25 07:20:52 | INFO     | [lf.day.start] Processing ASW-JED for 22APR
[LF] Sending SN command: SN22APRASWJED/ASM
[LF] No direct flights on 22APR for ASW-JED
2026-01-25 07:20:53 | WARNING  | [lf.day.no_flights] No direct flights on 22APR
2026-01-25 07:20:53 | INFO     | [SUCCESS] Day 22APR
2026-01-25 07:20:53 | INFO     | [DAY_START] Processing 21APR
[LF] Processing ASW-JED for 21APR
2026-01-25 07:20:53 | INFO     | [lf.day.start] Processing ASW-JED for 21APR
[LF] Sending SN command: SN21APRASWJED/ASM
[LF] No direct flights on 21APR for ASW-JED
2026-01-25 07:20:54 | WARNING  | [lf.day.no_flights] No direct flights on 21APR
2026-01-25 07:20:54 | INFO     | [SUCCESS] Day 21APR
[LF] Results summary:
  2026-04-28: 0 flights
  2026-04-27: 0 flights
  2026-04-26: 0 flights
  2026-04-25: 0 flights
  2026-04-24: 0 flights
  2026-04-23: 0 flights
  2026-04-22: 0 flights
  2026-04-21: 0 flights
2026-01-25 07:20:54 | INFO     | [SUCCESS] LF Search Complete

============================================================
[Worker_9222] ✓ COMPLETED: ASW-JED
  Results: 8 dates
  Errors: 0 dates
  Total Processed: 26 groups
============================================================

2026-01-25 07:20:54 | INFO     | [Worker_9222] Completed: ASW-JED - 8 results, 0 errors

============================================================
[Worker_9222] Processing: CAI-DMM
  Tier 0: Range 3, Chunk 1/4
  Dates: 8 days
  Date Range: 2026-04-28 to 2026-04-21
============================================================

2026-01-25 07:20:54 | INFO     | [Worker_9222] Processing: CAI-DMM
2026-01-25 07:20:54 | INFO     |   Tier 0: Range 3, Chunk 1/4 (8 days)
2026-01-25 07:20:54 | INFO     | ======================================================================
2026-01-25 07:20:54 | INFO     | Load Factor Scraper Started - Route: CAI-DMM
2026-01-25 07:20:54 | INFO     | Log file: D:\CODERED\LAB\Artifacts\outputs\run_generated_250126_at_07.06\logs\LF_CAI-DMM_20260125_072054.log
2026-01-25 07:20:54 | INFO     | Enhanced logging: Capturing both logging.info() and print()
2026-01-25 07:20:54 | INFO     | ======================================================================
[LF] Processing dates (override): ['28APR', '27APR', '26APR', '25APR', '24APR', '23APR', '22APR', '21APR']
[LF] Attaching to Chrome for Altea access
2026-01-25 07:20:54 | INFO     | Starting LF search for route: CAI-DMM
2026-01-25 07:20:54 | INFO     | [START] LF Search
[LF][[OK] SUCCESS] Connected to Chrome on 127.0.0.1:9222 (after 1 attempts)
2026-01-25 07:20:55 | INFO     | [HEALTH CHECK] [OK] Chrome connection is healthy
[LF][[OK] SUCCESS] Found Amadeus Altea window: Altéa Reservation Desktop
[LF][[INFO] INFO] URL: https://tc212.resdesktop.altea.amadeus.com/app_ard/apf/init/login?SITE=ESMPESMP&LANGUAGE=GB&MARKETS=ARDW_PROD_WBP&ACTION=clpLogin#
2026-01-25 07:20:55 | INFO     | [DAY_START] Processing 28APR
[LF] Processing CAI-DMM for 28APR
2026-01-25 07:20:55 | INFO     | [lf.day.start] Processing CAI-DMM for 28APR
[LF] Sending SN command: SN28APRCAIDMM/ASM
[LF] 28APR: found 1 direct flights
2026-01-25 07:20:56 | INFO     | [lf.day.flights_found] Found 1 flights on 28APR
2026-01-25 07:20:58 | INFO     | [lf.flight.extracted] SM433 on 28APR: BKG=2, LF=1.1%
[LF] SM433 28APR: BKG=2, GRP=0, CAP=179, LF%=1.1%, Brd-Off=CAI-DMM, Classes: I:2
[LF] Getting WEEKLY/LASTSOLD data for 1 flights
[LF] SM433 28APR: LASTSOLD=2026-01-21 00:00:00, WEEKLY=1, TODAY=0, YDAY=0
2026-01-25 07:21:02 | INFO     | [SUCCESS] Day 28APR
2026-01-25 07:21:02 | INFO     | [DAY_START] Processing 27APR
[LF] Processing CAI-DMM for 27APR
2026-01-25 07:21:02 | INFO     | [lf.day.start] Processing CAI-DMM for 27APR
[LF] Sending SN command: SN27APRCAIDMM/ASM
[LF] 27APR: found 1 direct flights
2026-01-25 07:21:03 | INFO     | [lf.day.flights_found] Found 1 flights on 27APR
2026-01-25 07:21:04 | INFO     | [lf.flight.extracted] SM433 on 27APR: BKG=3, LF=1.7%
[LF] SM433 27APR: BKG=3, GRP=0, CAP=179, LF%=1.7%, Brd-Off=CAI-DMM, Classes: I:2, S:1
[LF] Getting WEEKLY/LASTSOLD data for 1 flights
[LF] SM433 27APR: LASTSOLD=2026-01-20 00:00:00, WEEKLY=2, TODAY=0, YDAY=0
2026-01-25 07:21:07 | INFO     | [SUCCESS] Day 27APR
2026-01-25 07:21:07 | INFO     | [DAY_START] Processing 26APR
[LF] Processing CAI-DMM for 26APR
2026-01-25 07:21:07 | INFO     | [lf.day.start] Processing CAI-DMM for 26APR
[LF] Sending SN command: SN26APRCAIDMM/ASM
[LF] 26APR: found 1 direct flights
2026-01-25 07:21:08 | INFO     | [lf.day.flights_found] Found 1 flights on 26APR
2026-01-25 07:21:10 | INFO     | [lf.flight.extracted] SM439 on 26APR: BKG=7, LF=3.9%
[LF] SM439 26APR: BKG=7, GRP=0, CAP=179, LF%=3.9%, Brd-Off=CAI-DMM, Classes: I:7
[LF] Getting WEEKLY/LASTSOLD data for 1 flights
[LF] SM439 26APR: LASTSOLD=2026-01-07 00:00:00, WEEKLY=0, TODAY=0, YDAY=0
2026-01-25 07:21:13 | INFO     | [SUCCESS] Day 26APR
2026-01-25 07:21:13 | INFO     | [DAY_START] Processing 25APR
[LF] Processing CAI-DMM for 25APR
2026-01-25 07:21:13 | INFO     | [lf.day.start] Processing CAI-DMM for 25APR
[LF] Sending SN command: SN25APRCAIDMM/ASM
[LF] 25APR: found 1 direct flights
2026-01-25 07:21:15 | INFO     | [lf.day.flights_found] Found 1 flights on 25APR
2026-01-25 07:21:17 | INFO     | [lf.flight.extracted] SM433 on 25APR: BKG=14, LF=7.8%
[LF] SM433 25APR: BKG=14, GRP=0, CAP=179, LF%=7.8%, Brd-Off=CAI-DMM, Classes: I:5, O:8, U:1
[LF] Getting WEEKLY/LASTSOLD data for 1 flights
[LF] SM433 25APR: LASTSOLD=2026-01-19 00:00:00, WEEKLY=1, TODAY=0, YDAY=0
2026-01-25 07:21:20 | INFO     | [SUCCESS] Day 25APR
2026-01-25 07:21:20 | INFO     | [DAY_START] Processing 24APR
[LF] Processing CAI-DMM for 24APR
2026-01-25 07:21:20 | INFO     | [lf.day.start] Processing CAI-DMM for 24APR
[LF] Sending SN command: SN24APRCAIDMM/ASM
[LF] 24APR: found 1 direct flights
2026-01-25 07:21:39 | INFO     | [lf.day.flights_found] Found 1 flights on 24APR
2026-01-25 07:21:42 | INFO     | [lf.flight.extracted] SM439 on 24APR: BKG=9, LF=5.0%
[LF] SM439 24APR: BKG=9, GRP=0, CAP=179, LF%=5.0%, Brd-Off=CAI-DMM, Classes: I:7, O:2
[LF] Getting WEEKLY/LASTSOLD data for 1 flights
[LF] SM439 24APR: LASTSOLD=2026-01-22 00:00:00, WEEKLY=1, TODAY=0, YDAY=0
2026-01-25 07:21:44 | INFO     | [SUCCESS] Day 24APR
2026-01-25 07:21:44 | INFO     | [DAY_START] Processing 23APR
[LF] Processing CAI-DMM for 23APR
2026-01-25 07:21:44 | INFO     | [lf.day.start] Processing CAI-DMM for 23APR
[LF] Sending SN command: SN23APRCAIDMM/ASM
[LF] 23APR: found 1 direct flights
2026-01-25 07:21:46 | INFO     | [lf.day.flights_found] Found 1 flights on 23APR
2026-01-25 07:21:48 | INFO     | [lf.flight.extracted] SM433 on 23APR: BKG=4, LF=2.2%
[LF] SM433 23APR: BKG=4, GRP=0, CAP=179, LF%=2.2%, Brd-Off=CAI-DMM, Classes: I:4
[LF] Getting WEEKLY/LASTSOLD data for 1 flights
[LF] SM433 23APR: LASTSOLD=2026-01-22 00:00:00, WEEKLY=1, TODAY=0, YDAY=0
2026-01-25 07:21:50 | INFO     | [SUCCESS] Day 23APR
2026-01-25 07:21:50 | INFO     | [DAY_START] Processing 22APR
[LF] Processing CAI-DMM for 22APR
2026-01-25 07:21:50 | INFO     | [lf.day.start] Processing CAI-DMM for 22APR
[LF] Sending SN command: SN22APRCAIDMM/ASM
[LF] 22APR: found 1 direct flights
2026-01-25 07:21:52 | INFO     | [lf.day.flights_found] Found 1 flights on 22APR
2026-01-25 07:21:54 | INFO     | [lf.flight.extracted] SM433 on 22APR: BKG=3, LF=1.7%
[LF] SM433 22APR: BKG=3, GRP=0, CAP=179, LF%=1.7%, Brd-Off=CAI-DMM, Classes: I:3
[LF] Getting WEEKLY/LASTSOLD data for 1 flights
[LF] SM433 22APR: LASTSOLD=2026-01-15 00:00:00, WEEKLY=0, TODAY=0, YDAY=0
2026-01-25 07:21:57 | INFO     | [SUCCESS] Day 22APR
2026-01-25 07:21:57 | INFO     | [DAY_START] Processing 21APR
[LF] Processing CAI-DMM for 21APR
2026-01-25 07:21:57 | INFO     | [lf.day.start] Processing CAI-DMM for 21APR
[LF] Sending SN command: SN21APRCAIDMM/ASM
[LF] 21APR: found 1 direct flights
2026-01-25 07:21:58 | INFO     | [lf.day.flights_found] Found 1 flights on 21APR
2026-01-25 07:22:00 | INFO     | [lf.flight.extracted] SM433 on 21APR: BKG=4, LF=2.2%
[LF] SM433 21APR: BKG=4, GRP=0, CAP=179, LF%=2.2%, Brd-Off=CAI-DMM, Classes: I:4
[LF] Getting WEEKLY/LASTSOLD data for 1 flights
[LF] SM433 21APR: LASTSOLD=2026-01-22 00:00:00, WEEKLY=1, TODAY=0, YDAY=0
2026-01-25 07:22:03 | INFO     | [SUCCESS] Day 21APR
[LF] Results summary:
  2026-04-28: 1 flights
  2026-04-27: 1 flights
  2026-04-26: 1 flights
  2026-04-25: 1 flights
  2026-04-24: 1 flights
  2026-04-23: 1 flights
  2026-04-22: 1 flights
  2026-04-21: 1 flights
2026-01-25 07:22:03 | INFO     | [SUCCESS] LF Search Complete

============================================================
[Worker_9222] ✓ COMPLETED: CAI-DMM
  Results: 8 dates
  Errors: 0 dates
  Total Processed: 27 groups
============================================================

2026-01-25 07:22:03 | INFO     | [Worker_9222] Completed: CAI-DMM - 8 results, 0 errors

============================================================
[Worker_9222] Processing: RUH-ATZ
  Tier 0: Range 3, Chunk 2/4
  Dates: 8 days
  Date Range: 2026-04-20 to 2026-04-13
============================================================

2026-01-25 07:22:03 | INFO     | [Worker_9222] Processing: RUH-ATZ
2026-01-25 07:22:03 | INFO     |   Tier 0: Range 3, Chunk 2/4 (8 days)
2026-01-25 07:22:03 | INFO     | ======================================================================
2026-01-25 07:22:03 | INFO     | Load Factor Scraper Started - Route: RUH-ATZ
2026-01-25 07:22:03 | INFO     | Log file: D:\CODERED\LAB\Artifacts\outputs\run_generated_250126_at_07.06\logs\LF_RUH-ATZ_20260125_072203.log
2026-01-25 07:22:03 | INFO     | Enhanced logging: Capturing both logging.info() and print()
2026-01-25 07:22:03 | INFO     | ======================================================================
[LF] Processing dates (override): ['20APR', '19APR', '18APR', '17APR', '16APR', '15APR', '14APR', '13APR']
[LF] Attaching to Chrome for Altea access
2026-01-25 07:22:03 | INFO     | Starting LF search for route: RUH-ATZ
2026-01-25 07:22:03 | INFO     | [START] LF Search
[LF][[OK] SUCCESS] Connected to Chrome on 127.0.0.1:9222 (after 1 attempts)
2026-01-25 07:22:04 | INFO     | [HEALTH CHECK] [OK] Chrome connection is healthy
[LF][[OK] SUCCESS] Found Amadeus Altea window: Altéa Reservation Desktop
[LF][[INFO] INFO] URL: https://tc212.resdesktop.altea.amadeus.com/app_ard/apf/init/login?SITE=ESMPESMP&LANGUAGE=GB&MARKETS=ARDW_PROD_WBP&ACTION=clpLogin#
2026-01-25 07:22:04 | INFO     | [DAY_START] Processing 20APR
[LF] Processing RUH-ATZ for 20APR
2026-01-25 07:22:04 | INFO     | [lf.day.start] Processing RUH-ATZ for 20APR
[LF] Sending SN command: SN20APRRUHATZ/ASM
[LF] No direct flights on 20APR for RUH-ATZ
2026-01-25 07:22:05 | WARNING  | [lf.day.no_flights] No direct flights on 20APR
2026-01-25 07:22:05 | INFO     | [SUCCESS] Day 20APR
2026-01-25 07:22:05 | INFO     | [DAY_START] Processing 19APR
[LF] Processing RUH-ATZ for 19APR
2026-01-25 07:22:05 | INFO     | [lf.day.start] Processing RUH-ATZ for 19APR
[LF] Sending SN command: SN19APRRUHATZ/ASM
[LF] No direct flights on 19APR for RUH-ATZ
2026-01-25 07:22:07 | WARNING  | [lf.day.no_flights] No direct flights on 19APR
2026-01-25 07:22:07 | INFO     | [SUCCESS] Day 19APR
2026-01-25 07:22:07 | INFO     | [DAY_START] Processing 18APR
[LF] Processing RUH-ATZ for 18APR
2026-01-25 07:22:07 | INFO     | [lf.day.start] Processing RUH-ATZ for 18APR
[LF] Sending SN command: SN18APRRUHATZ/ASM
[LF] No direct flights on 18APR for RUH-ATZ
2026-01-25 07:22:08 | WARNING  | [lf.day.no_flights] No direct flights on 18APR
2026-01-25 07:22:08 | INFO     | [SUCCESS] Day 18APR
2026-01-25 07:22:08 | INFO     | [DAY_START] Processing 17APR
[LF] Processing RUH-ATZ for 17APR
2026-01-25 07:22:08 | INFO     | [lf.day.start] Processing RUH-ATZ for 17APR
[LF] Sending SN command: SN17APRRUHATZ/ASM
[LF] No direct flights on 17APR for RUH-ATZ
2026-01-25 07:22:10 | WARNING  | [lf.day.no_flights] No direct flights on 17APR
2026-01-25 07:22:10 | INFO     | [SUCCESS] Day 17APR
2026-01-25 07:22:10 | INFO     | [DAY_START] Processing 16APR
[LF] Processing RUH-ATZ for 16APR
2026-01-25 07:22:10 | INFO     | [lf.day.start] Processing RUH-ATZ for 16APR
[LF] Sending SN command: SN16APRRUHATZ/ASM
[LF] No direct flights on 16APR for RUH-ATZ
2026-01-25 07:22:11 | WARNING  | [lf.day.no_flights] No direct flights on 16APR
2026-01-25 07:22:11 | INFO     | [SUCCESS] Day 16APR
2026-01-25 07:22:11 | INFO     | [DAY_START] Processing 15APR
[LF] Processing RUH-ATZ for 15APR
2026-01-25 07:22:11 | INFO     | [lf.day.start] Processing RUH-ATZ for 15APR
[LF] Sending SN command: SN15APRRUHATZ/ASM
[LF] 15APR: found 1 direct flights
2026-01-25 07:22:12 | INFO     | [lf.day.flights_found] Found 1 flights on 15APR
2026-01-25 07:22:15 | INFO     | [lf.flight.extracted] SM466 on 15APR: BKG=10, LF=5.7%
[LF] SM466 15APR: BKG=10, GRP=0, CAP=175, LF%=5.7%, Brd-Off=RUH-ATZ, Classes: I:6, O:1, T:1, W:1, K:1
[LF] Getting WEEKLY/LASTSOLD data for 1 flights
[LF] SM466 15APR: LASTSOLD=2026-01-22 00:00:00, WEEKLY=3, TODAY=0, YDAY=0
2026-01-25 07:22:17 | INFO     | [SUCCESS] Day 15APR
2026-01-25 07:22:17 | INFO     | [DAY_START] Processing 14APR
[LF] Processing RUH-ATZ for 14APR
2026-01-25 07:22:17 | INFO     | [lf.day.start] Processing RUH-ATZ for 14APR
[LF] Sending SN command: SN14APRRUHATZ/ASM
[LF] No direct flights on 14APR for RUH-ATZ
2026-01-25 07:22:18 | WARNING  | [lf.day.no_flights] No direct flights on 14APR
2026-01-25 07:22:18 | INFO     | [SUCCESS] Day 14APR
2026-01-25 07:22:18 | INFO     | [DAY_START] Processing 13APR
[LF] Processing RUH-ATZ for 13APR
2026-01-25 07:22:18 | INFO     | [lf.day.start] Processing RUH-ATZ for 13APR
[LF] Sending SN command: SN13APRRUHATZ/ASM
[LF] No direct flights on 13APR for RUH-ATZ
2026-01-25 07:22:20 | WARNING  | [lf.day.no_flights] No direct flights on 13APR
2026-01-25 07:22:20 | INFO     | [SUCCESS] Day 13APR
[LF] Results summary:
  2026-04-20: 0 flights
  2026-04-19: 0 flights
  2026-04-18: 0 flights
  2026-04-17: 0 flights
  2026-04-16: 0 flights
  2026-04-15: 1 flights
  2026-04-14: 0 flights
  2026-04-13: 0 flights
2026-01-25 07:22:20 | INFO     | [SUCCESS] LF Search Complete

============================================================
[Worker_9222] ✓ COMPLETED: RUH-ATZ
  Results: 8 dates
  Errors: 0 dates
  Total Processed: 28 groups
============================================================

2026-01-25 07:22:20 | INFO     | [Worker_9222] Completed: RUH-ATZ - 8 results, 0 errors

============================================================
[Worker_9222] Processing: TUU-ATZ
  Tier 0: Range 3, Chunk 2/4
  Dates: 8 days
  Date Range: 2026-04-20 to 2026-04-13
============================================================

2026-01-25 07:22:20 | INFO     | [Worker_9222] Processing: TUU-ATZ
2026-01-25 07:22:20 | INFO     |   Tier 0: Range 3, Chunk 2/4 (8 days)
2026-01-25 07:22:20 | INFO     | ======================================================================
2026-01-25 07:22:20 | INFO     | Load Factor Scraper Started - Route: TUU-ATZ
2026-01-25 07:22:20 | INFO     | Log file: D:\CODERED\LAB\Artifacts\outputs\run_generated_250126_at_07.06\logs\LF_TUU-ATZ_20260125_072220.log
2026-01-25 07:22:20 | INFO     | Enhanced logging: Capturing both logging.info() and print()
2026-01-25 07:22:20 | INFO     | ======================================================================
[LF] Processing dates (override): ['20APR', '19APR', '18APR', '17APR', '16APR', '15APR', '14APR', '13APR']
[LF] Attaching to Chrome for Altea access
2026-01-25 07:22:20 | INFO     | Starting LF search for route: TUU-ATZ
2026-01-25 07:22:20 | INFO     | [START] LF Search
[LF][[OK] SUCCESS] Connected to Chrome on 127.0.0.1:9222 (after 1 attempts)
2026-01-25 07:22:20 | INFO     | [HEALTH CHECK] [OK] Chrome connection is healthy
[LF][[OK] SUCCESS] Found Amadeus Altea window: Altéa Reservation Desktop
[LF][[INFO] INFO] URL: https://tc212.resdesktop.altea.amadeus.com/app_ard/apf/init/login?SITE=ESMPESMP&LANGUAGE=GB&MARKETS=ARDW_PROD_WBP&ACTION=clpLogin#
2026-01-25 07:22:20 | INFO     | [DAY_START] Processing 20APR
[LF] Processing TUU-ATZ for 20APR
2026-01-25 07:22:20 | INFO     | [lf.day.start] Processing TUU-ATZ for 20APR
[LF] Sending SN command: SN20APRTUUATZ/ASM
[LF] No direct flights on 20APR for TUU-ATZ
2026-01-25 07:22:21 | WARNING  | [lf.day.no_flights] No direct flights on 20APR
2026-01-25 07:22:21 | INFO     | [SUCCESS] Day 20APR
2026-01-25 07:22:21 | INFO     | [DAY_START] Processing 19APR
[LF] Processing TUU-ATZ for 19APR
2026-01-25 07:22:21 | INFO     | [lf.day.start] Processing TUU-ATZ for 19APR
[LF] Sending SN command: SN19APRTUUATZ/ASM
[LF] No direct flights on 19APR for TUU-ATZ
2026-01-25 07:22:23 | WARNING  | [lf.day.no_flights] No direct flights on 19APR
2026-01-25 07:22:23 | INFO     | [SUCCESS] Day 19APR
2026-01-25 07:22:23 | INFO     | [DAY_START] Processing 18APR
[LF] Processing TUU-ATZ for 18APR
2026-01-25 07:22:23 | INFO     | [lf.day.start] Processing TUU-ATZ for 18APR
[LF] Sending SN command: SN18APRTUUATZ/ASM
[LF] No direct flights on 18APR for TUU-ATZ
2026-01-25 07:22:24 | WARNING  | [lf.day.no_flights] No direct flights on 18APR
2026-01-25 07:22:24 | INFO     | [SUCCESS] Day 18APR
2026-01-25 07:22:24 | INFO     | [DAY_START] Processing 17APR
[LF] Processing TUU-ATZ for 17APR
2026-01-25 07:22:24 | INFO     | [lf.day.start] Processing TUU-ATZ for 17APR
[LF] Sending SN command: SN17APRTUUATZ/ASM
[LF] No direct flights on 17APR for TUU-ATZ
2026-01-25 07:22:25 | WARNING  | [lf.day.no_flights] No direct flights on 17APR
2026-01-25 07:22:25 | INFO     | [SUCCESS] Day 17APR
2026-01-25 07:22:25 | INFO     | [DAY_START] Processing 16APR
[LF] Processing TUU-ATZ for 16APR
2026-01-25 07:22:25 | INFO     | [lf.day.start] Processing TUU-ATZ for 16APR
[LF] Sending SN command: SN16APRTUUATZ/ASM
[LF] No direct flights on 16APR for TUU-ATZ
2026-01-25 07:22:26 | WARNING  | [lf.day.no_flights] No direct flights on 16APR
2026-01-25 07:22:26 | INFO     | [SUCCESS] Day 16APR
2026-01-25 07:22:26 | INFO     | [DAY_START] Processing 15APR
[LF] Processing TUU-ATZ for 15APR
2026-01-25 07:22:26 | INFO     | [lf.day.start] Processing TUU-ATZ for 15APR
[LF] Sending SN command: SN15APRTUUATZ/ASM
[LF] No direct flights on 15APR for TUU-ATZ
2026-01-25 07:22:27 | WARNING  | [lf.day.no_flights] No direct flights on 15APR
2026-01-25 07:22:27 | INFO     | [SUCCESS] Day 15APR
2026-01-25 07:22:27 | INFO     | [DAY_START] Processing 14APR
[LF] Processing TUU-ATZ for 14APR
2026-01-25 07:22:27 | INFO     | [lf.day.start] Processing TUU-ATZ for 14APR
[LF] Sending SN command: SN14APRTUUATZ/ASM
[LF] No direct flights on 14APR for TUU-ATZ
2026-01-25 07:22:29 | WARNING  | [lf.day.no_flights] No direct flights on 14APR
2026-01-25 07:22:29 | INFO     | [SUCCESS] Day 14APR
2026-01-25 07:22:29 | INFO     | [DAY_START] Processing 13APR
[LF] Processing TUU-ATZ for 13APR
2026-01-25 07:22:29 | INFO     | [lf.day.start] Processing TUU-ATZ for 13APR
[LF] Sending SN command: SN13APRTUUATZ/ASM
[LF] No direct flights on 13APR for TUU-ATZ
2026-01-25 07:22:30 | WARNING  | [lf.day.no_flights] No direct flights on 13APR
2026-01-25 07:22:30 | INFO     | [SUCCESS] Day 13APR
[LF] Results summary:
  2026-04-20: 0 flights
  2026-04-19: 0 flights
  2026-04-18: 0 flights
  2026-04-17: 0 flights
  2026-04-16: 0 flights
  2026-04-15: 0 flights
  2026-04-14: 0 flights
  2026-04-13: 0 flights
2026-01-25 07:22:30 | INFO     | [SUCCESS] LF Search Complete

============================================================
[Worker_9222] ✓ COMPLETED: TUU-ATZ
  Results: 8 dates
  Errors: 0 dates
  Total Processed: 29 groups
============================================================

2026-01-25 07:22:30 | INFO     | [Worker_9222] Completed: TUU-ATZ - 8 results, 0 errors

============================================================
[Worker_9222] Processing: AJF-CAI
  Tier 0: Range 3, Chunk 2/4
  Dates: 8 days
  Date Range: 2026-04-20 to 2026-04-13
============================================================

2026-01-25 07:22:30 | INFO     | [Worker_9222] Processing: AJF-CAI
2026-01-25 07:22:30 | INFO     |   Tier 0: Range 3, Chunk 2/4 (8 days)
2026-01-25 07:22:30 | INFO     | ======================================================================
2026-01-25 07:22:30 | INFO     | Load Factor Scraper Started - Route: AJF-CAI
2026-01-25 07:22:30 | INFO     | Log file: D:\CODERED\LAB\Artifacts\outputs\run_generated_250126_at_07.06\logs\LF_AJF-CAI_20260125_072230.log
2026-01-25 07:22:30 | INFO     | Enhanced logging: Capturing both logging.info() and print()
2026-01-25 07:22:30 | INFO     | ======================================================================
[LF] Processing dates (override): ['20APR', '19APR', '18APR', '17APR', '16APR', '15APR', '14APR', '13APR']
[LF] Attaching to Chrome for Altea access
2026-01-25 07:22:30 | INFO     | Starting LF search for route: AJF-CAI
2026-01-25 07:22:30 | INFO     | [START] LF Search
[LF][[OK] SUCCESS] Connected to Chrome on 127.0.0.1:9222 (after 1 attempts)
2026-01-25 07:22:31 | INFO     | [HEALTH CHECK] [OK] Chrome connection is healthy
[LF][[OK] SUCCESS] Found Amadeus Altea window: Altéa Reservation Desktop
[LF][[INFO] INFO] URL: https://tc212.resdesktop.altea.amadeus.com/app_ard/apf/init/login?SITE=ESMPESMP&LANGUAGE=GB&MARKETS=ARDW_PROD_WBP&ACTION=clpLogin#
2026-01-25 07:22:31 | INFO     | [DAY_START] Processing 20APR
[LF] Processing AJF-CAI for 20APR
2026-01-25 07:22:31 | INFO     | [lf.day.start] Processing AJF-CAI for 20APR
[LF] Sending SN command: SN20APRAJFCAI/ASM
[LF] No direct flights on 20APR for AJF-CAI
2026-01-25 07:22:32 | WARNING  | [lf.day.no_flights] No direct flights on 20APR
2026-01-25 07:22:32 | INFO     | [SUCCESS] Day 20APR
2026-01-25 07:22:32 | INFO     | [DAY_START] Processing 19APR
[LF] Processing AJF-CAI for 19APR
2026-01-25 07:22:32 | INFO     | [lf.day.start] Processing AJF-CAI for 19APR
[LF] Sending SN command: SN19APRAJFCAI/ASM
[LF] 19APR: found 1 direct flights
2026-01-25 07:22:33 | INFO     | [lf.day.flights_found] Found 1 flights on 19APR
2026-01-25 07:22:36 | INFO     | [lf.flight.extracted] SM322 on 19APR: BKG=1, LF=0.6%
[LF] SM322 19APR: BKG=1, GRP=0, CAP=175, LF%=0.6%, Brd-Off=AJF-CAI, Classes: I:1
[LF] Getting WEEKLY/LASTSOLD data for 1 flights
[LF] SM322 19APR: LASTSOLD=2026-01-15 00:00:00, WEEKLY=0, TODAY=0, YDAY=0
2026-01-25 07:22:40 | INFO     | [SUCCESS] Day 19APR
2026-01-25 07:22:40 | INFO     | [DAY_START] Processing 18APR
[LF] Processing AJF-CAI for 18APR
2026-01-25 07:22:40 | INFO     | [lf.day.start] Processing AJF-CAI for 18APR
[LF] Sending SN command: SN18APRAJFCAI/ASM
[LF] No direct flights on 18APR for AJF-CAI
2026-01-25 07:22:41 | WARNING  | [lf.day.no_flights] No direct flights on 18APR
2026-01-25 07:22:41 | INFO     | [SUCCESS] Day 18APR
2026-01-25 07:22:41 | INFO     | [DAY_START] Processing 17APR
[LF] Processing AJF-CAI for 17APR
2026-01-25 07:22:41 | INFO     | [lf.day.start] Processing AJF-CAI for 17APR
[LF] Sending SN command: SN17APRAJFCAI/ASM
[LF] 17APR: found 1 direct flights
2026-01-25 07:22:42 | INFO     | [lf.day.flights_found] Found 1 flights on 17APR
2026-01-25 07:22:44 | INFO     | [lf.flight.extracted] SM322 on 17APR: BKG=1, LF=0.6%
[LF] SM322 17APR: BKG=1, GRP=0, CAP=167, LF%=0.6%, Brd-Off=AJF-CAI, Classes: I:1
[LF] Getting WEEKLY/LASTSOLD data for 1 flights
[LF] SM322 17APR: LASTSOLD=2025-10-26 00:00:00, WEEKLY=0, TODAY=0, YDAY=0
2026-01-25 07:22:46 | INFO     | [SUCCESS] Day 17APR
2026-01-25 07:22:46 | INFO     | [DAY_START] Processing 16APR
[LF] Processing AJF-CAI for 16APR
2026-01-25 07:22:46 | INFO     | [lf.day.start] Processing AJF-CAI for 16APR
[LF] Sending SN command: SN16APRAJFCAI/ASM
[LF] 16APR: found 1 direct flights
2026-01-25 07:22:47 | INFO     | [lf.day.flights_found] Found 1 flights on 16APR
2026-01-25 07:22:49 | INFO     | [lf.flight.extracted] SM322 on 16APR: BKG=0, LF=0.0%
[LF] SM322 16APR: BKG=0, GRP=0, CAP=175, LF%=0.0%, Brd-Off=AJF-CAI
2026-01-25 07:22:50 | INFO     | [SUCCESS] Day 16APR
2026-01-25 07:22:50 | INFO     | [DAY_START] Processing 15APR
[LF] Processing AJF-CAI for 15APR
2026-01-25 07:22:50 | INFO     | [lf.day.start] Processing AJF-CAI for 15APR
[LF] Sending SN command: SN15APRAJFCAI/ASM
[LF] No direct flights on 15APR for AJF-CAI
2026-01-25 07:22:51 | WARNING  | [lf.day.no_flights] No direct flights on 15APR
2026-01-25 07:22:51 | INFO     | [SUCCESS] Day 15APR
2026-01-25 07:22:51 | INFO     | [DAY_START] Processing 14APR
[LF] Processing AJF-CAI for 14APR
2026-01-25 07:22:51 | INFO     | [lf.day.start] Processing AJF-CAI for 14APR
[LF] Sending SN command: SN14APRAJFCAI/ASM
[LF] No direct flights on 14APR for AJF-CAI
2026-01-25 07:22:53 | WARNING  | [lf.day.no_flights] No direct flights on 14APR
2026-01-25 07:22:53 | INFO     | [SUCCESS] Day 14APR
2026-01-25 07:22:53 | INFO     | [DAY_START] Processing 13APR
[LF] Processing AJF-CAI for 13APR
2026-01-25 07:22:53 | INFO     | [lf.day.start] Processing AJF-CAI for 13APR
[LF] Sending SN command: SN13APRAJFCAI/ASM
[LF] No direct flights on 13APR for AJF-CAI
2026-01-25 07:22:54 | WARNING  | [lf.day.no_flights] No direct flights on 13APR
2026-01-25 07:22:54 | INFO     | [SUCCESS] Day 13APR
[LF] Results summary:
  2026-04-20: 0 flights
  2026-04-19: 1 flights
  2026-04-18: 0 flights
  2026-04-17: 1 flights
  2026-04-16: 1 flights
  2026-04-15: 0 flights
  2026-04-14: 0 flights
  2026-04-13: 0 flights
2026-01-25 07:22:54 | INFO     | [SUCCESS] LF Search Complete

============================================================
[Worker_9222] ✓ COMPLETED: AJF-CAI
  Results: 8 dates
  Errors: 0 dates
  Total Processed: 30 groups
============================================================

2026-01-25 07:22:54 | INFO     | [Worker_9222] Completed: AJF-CAI - 8 results, 0 errors

============================================================
[Worker_9222] Processing: ELQ-ATZ
  Tier 0: Range 3, Chunk 2/4
  Dates: 8 days
  Date Range: 2026-04-20 to 2026-04-13
============================================================

2026-01-25 07:22:54 | INFO     | [Worker_9222] Processing: ELQ-ATZ
2026-01-25 07:22:54 | INFO     |   Tier 0: Range 3, Chunk 2/4 (8 days)
2026-01-25 07:22:54 | INFO     | ======================================================================
2026-01-25 07:22:54 | INFO     | Load Factor Scraper Started - Route: ELQ-ATZ
2026-01-25 07:22:54 | INFO     | Log file: D:\CODERED\LAB\Artifacts\outputs\run_generated_250126_at_07.06\logs\LF_ELQ-ATZ_20260125_072254.log
2026-01-25 07:22:54 | INFO     | Enhanced logging: Capturing both logging.info() and print()
2026-01-25 07:22:54 | INFO     | ======================================================================
[LF] Processing dates (override): ['20APR', '19APR', '18APR', '17APR', '16APR', '15APR', '14APR', '13APR']
[LF] Attaching to Chrome for Altea access
2026-01-25 07:22:54 | INFO     | Starting LF search for route: ELQ-ATZ
2026-01-25 07:22:54 | INFO     | [START] LF Search
[LF][[OK] SUCCESS] Connected to Chrome on 127.0.0.1:9222 (after 1 attempts)
2026-01-25 07:22:55 | INFO     | [HEALTH CHECK] [OK] Chrome connection is healthy
[LF][[OK] SUCCESS] Found Amadeus Altea window: Altéa Reservation Desktop
[LF][[INFO] INFO] URL: https://tc212.resdesktop.altea.amadeus.com/app_ard/apf/init/login?SITE=ESMPESMP&LANGUAGE=GB&MARKETS=ARDW_PROD_WBP&ACTION=clpLogin#
2026-01-25 07:22:55 | INFO     | [DAY_START] Processing 20APR
[LF] Processing ELQ-ATZ for 20APR
2026-01-25 07:22:55 | INFO     | [lf.day.start] Processing ELQ-ATZ for 20APR
[LF] Sending SN command: SN20APRELQATZ/ASM
[LF] No direct flights on 20APR for ELQ-ATZ
2026-01-25 07:22:56 | WARNING  | [lf.day.no_flights] No direct flights on 20APR
2026-01-25 07:22:56 | INFO     | [SUCCESS] Day 20APR
2026-01-25 07:22:56 | INFO     | [DAY_START] Processing 19APR
[LF] Processing ELQ-ATZ for 19APR
2026-01-25 07:22:56 | INFO     | [lf.day.start] Processing ELQ-ATZ for 19APR
[LF] Sending SN command: SN19APRELQATZ/ASM
[LF] No direct flights on 19APR for ELQ-ATZ
2026-01-25 07:22:57 | WARNING  | [lf.day.no_flights] No direct flights on 19APR
2026-01-25 07:22:57 | INFO     | [SUCCESS] Day 19APR
2026-01-25 07:22:57 | INFO     | [DAY_START] Processing 18APR
[LF] Processing ELQ-ATZ for 18APR
2026-01-25 07:22:57 | INFO     | [lf.day.start] Processing ELQ-ATZ for 18APR
[LF] Sending SN command: SN18APRELQATZ/ASM
[LF] No direct flights on 18APR for ELQ-ATZ
2026-01-25 07:22:58 | WARNING  | [lf.day.no_flights] No direct flights on 18APR
2026-01-25 07:22:58 | INFO     | [SUCCESS] Day 18APR
2026-01-25 07:22:58 | INFO     | [DAY_START] Processing 17APR
[LF] Processing ELQ-ATZ for 17APR
2026-01-25 07:22:58 | INFO     | [lf.day.start] Processing ELQ-ATZ for 17APR
[LF] Sending SN command: SN17APRELQATZ/ASM
[LF] No direct flights on 17APR for ELQ-ATZ
2026-01-25 07:22:59 | WARNING  | [lf.day.no_flights] No direct flights on 17APR
2026-01-25 07:22:59 | INFO     | [SUCCESS] Day 17APR
2026-01-25 07:22:59 | INFO     | [DAY_START] Processing 16APR
[LF] Processing ELQ-ATZ for 16APR
2026-01-25 07:22:59 | INFO     | [lf.day.start] Processing ELQ-ATZ for 16APR
[LF] Sending SN command: SN16APRELQATZ/ASM
[LF] No direct flights on 16APR for ELQ-ATZ
2026-01-25 07:23:00 | WARNING  | [lf.day.no_flights] No direct flights on 16APR
2026-01-25 07:23:00 | INFO     | [SUCCESS] Day 16APR
2026-01-25 07:23:00 | INFO     | [DAY_START] Processing 15APR
[LF] Processing ELQ-ATZ for 15APR
2026-01-25 07:23:00 | INFO     | [lf.day.start] Processing ELQ-ATZ for 15APR
[LF] Sending SN command: SN15APRELQATZ/ASM
[LF] No direct flights on 15APR for ELQ-ATZ
2026-01-25 07:23:02 | WARNING  | [lf.day.no_flights] No direct flights on 15APR
2026-01-25 07:23:02 | INFO     | [SUCCESS] Day 15APR
2026-01-25 07:23:02 | INFO     | [DAY_START] Processing 14APR
[LF] Processing ELQ-ATZ for 14APR
2026-01-25 07:23:02 | INFO     | [lf.day.start] Processing ELQ-ATZ for 14APR
[LF] Sending SN command: SN14APRELQATZ/ASM
[LF] No direct flights on 14APR for ELQ-ATZ
2026-01-25 07:23:04 | WARNING  | [lf.day.no_flights] No direct flights on 14APR
2026-01-25 07:23:04 | INFO     | [SUCCESS] Day 14APR
2026-01-25 07:23:04 | INFO     | [DAY_START] Processing 13APR
[LF] Processing ELQ-ATZ for 13APR
2026-01-25 07:23:04 | INFO     | [lf.day.start] Processing ELQ-ATZ for 13APR
[LF] Sending SN command: SN13APRELQATZ/ASM
[LF] No direct flights on 13APR for ELQ-ATZ
2026-01-25 07:23:05 | WARNING  | [lf.day.no_flights] No direct flights on 13APR
2026-01-25 07:23:05 | INFO     | [SUCCESS] Day 13APR
[LF] Results summary:
  2026-04-20: 0 flights
  2026-04-19: 0 flights
  2026-04-18: 0 flights
  2026-04-17: 0 flights
  2026-04-16: 0 flights
  2026-04-15: 0 flights
  2026-04-14: 0 flights
  2026-04-13: 0 flights
2026-01-25 07:23:05 | INFO     | [SUCCESS] LF Search Complete

============================================================
[Worker_9222] ✓ COMPLETED: ELQ-ATZ
  Results: 8 dates
  Errors: 0 dates
  Total Processed: 31 groups
============================================================

2026-01-25 07:23:05 | INFO     | [Worker_9222] Completed: ELQ-ATZ - 8 results, 0 errors

============================================================
[Worker_9222] Processing: ATZ-MED
  Tier 0: Range 3, Chunk 2/4
  Dates: 8 days
  Date Range: 2026-04-20 to 2026-04-13
============================================================

2026-01-25 07:23:05 | INFO     | [Worker_9222] Processing: ATZ-MED
2026-01-25 07:23:05 | INFO     |   Tier 0: Range 3, Chunk 2/4 (8 days)
2026-01-25 07:23:05 | INFO     | ======================================================================
2026-01-25 07:23:05 | INFO     | Load Factor Scraper Started - Route: ATZ-MED
2026-01-25 07:23:05 | INFO     | Log file: D:\CODERED\LAB\Artifacts\outputs\run_generated_250126_at_07.06\logs\LF_ATZ-MED_20260125_072305.log
2026-01-25 07:23:05 | INFO     | Enhanced logging: Capturing both logging.info() and print()
2026-01-25 07:23:05 | INFO     | ======================================================================
[LF] Processing dates (override): ['20APR', '19APR', '18APR', '17APR', '16APR', '15APR', '14APR', '13APR']
[LF] Attaching to Chrome for Altea access
2026-01-25 07:23:05 | INFO     | Starting LF search for route: ATZ-MED
2026-01-25 07:23:05 | INFO     | [START] LF Search
[LF][[OK] SUCCESS] Connected to Chrome on 127.0.0.1:9222 (after 1 attempts)
2026-01-25 07:23:06 | INFO     | [HEALTH CHECK] [OK] Chrome connection is healthy
[LF][[OK] SUCCESS] Found Amadeus Altea window: Altéa Reservation Desktop
[LF][[INFO] INFO] URL: https://tc212.resdesktop.altea.amadeus.com/app_ard/apf/init/login?SITE=ESMPESMP&LANGUAGE=GB&MARKETS=ARDW_PROD_WBP&ACTION=clpLogin#
2026-01-25 07:23:06 | INFO     | [DAY_START] Processing 20APR
[LF] Processing ATZ-MED for 20APR
2026-01-25 07:23:06 | INFO     | [lf.day.start] Processing ATZ-MED for 20APR
[LF] Sending SN command: SN20APRATZMED/ASM
[LF] No direct flights on 20APR for ATZ-MED
2026-01-25 07:23:07 | WARNING  | [lf.day.no_flights] No direct flights on 20APR
2026-01-25 07:23:07 | INFO     | [SUCCESS] Day 20APR
2026-01-25 07:23:07 | INFO     | [DAY_START] Processing 19APR
[LF] Processing ATZ-MED for 19APR
2026-01-25 07:23:07 | INFO     | [lf.day.start] Processing ATZ-MED for 19APR
[LF] Sending SN command: SN19APRATZMED/ASM
[LF] 19APR: found 1 direct flights
2026-01-25 07:23:09 | INFO     | [lf.day.flights_found] Found 1 flights on 19APR
2026-01-25 07:23:11 | INFO     | [lf.flight.extracted] SM487 on 19APR: BKG=5, LF=2.8%
[LF] SM487 19APR: BKG=5, GRP=0, CAP=179, LF%=2.8%, Brd-Off=ATZ-MED, Classes: I:5
[LF] Getting WEEKLY/LASTSOLD data for 1 flights
[LF] SM487 19APR: LASTSOLD=2026-01-11 00:00:00, WEEKLY=0, TODAY=0, YDAY=0
2026-01-25 07:23:13 | INFO     | [SUCCESS] Day 19APR
2026-01-25 07:23:13 | INFO     | [DAY_START] Processing 18APR
[LF] Processing ATZ-MED for 18APR
2026-01-25 07:23:13 | INFO     | [lf.day.start] Processing ATZ-MED for 18APR
[LF] Sending SN command: SN18APRATZMED/ASM
[LF] No direct flights on 18APR for ATZ-MED
2026-01-25 07:23:15 | WARNING  | [lf.day.no_flights] No direct flights on 18APR
2026-01-25 07:23:15 | INFO     | [SUCCESS] Day 18APR
2026-01-25 07:23:15 | INFO     | [DAY_START] Processing 17APR
[LF] Processing ATZ-MED for 17APR
2026-01-25 07:23:15 | INFO     | [lf.day.start] Processing ATZ-MED for 17APR
[LF] Sending SN command: SN17APRATZMED/ASM
[LF] No direct flights on 17APR for ATZ-MED
2026-01-25 07:23:16 | WARNING  | [lf.day.no_flights] No direct flights on 17APR
2026-01-25 07:23:16 | INFO     | [SUCCESS] Day 17APR
2026-01-25 07:23:16 | INFO     | [DAY_START] Processing 16APR
[LF] Processing ATZ-MED for 16APR
2026-01-25 07:23:16 | INFO     | [lf.day.start] Processing ATZ-MED for 16APR
[LF] Sending SN command: SN16APRATZMED/ASM
[LF] No direct flights on 16APR for ATZ-MED
2026-01-25 07:23:18 | WARNING  | [lf.day.no_flights] No direct flights on 16APR
2026-01-25 07:23:18 | INFO     | [SUCCESS] Day 16APR
2026-01-25 07:23:18 | INFO     | [DAY_START] Processing 15APR
[LF] Processing ATZ-MED for 15APR
2026-01-25 07:23:18 | INFO     | [lf.day.start] Processing ATZ-MED for 15APR
[LF] Sending SN command: SN15APRATZMED/ASM
[LF] No direct flights on 15APR for ATZ-MED
2026-01-25 07:23:19 | WARNING  | [lf.day.no_flights] No direct flights on 15APR
2026-01-25 07:23:19 | INFO     | [SUCCESS] Day 15APR
2026-01-25 07:23:19 | INFO     | [DAY_START] Processing 14APR
[LF] Processing ATZ-MED for 14APR
2026-01-25 07:23:19 | INFO     | [lf.day.start] Processing ATZ-MED for 14APR
[LF] Sending SN command: SN14APRATZMED/ASM
[LF] No direct flights on 14APR for ATZ-MED
2026-01-25 07:23:20 | WARNING  | [lf.day.no_flights] No direct flights on 14APR
2026-01-25 07:23:20 | INFO     | [SUCCESS] Day 14APR
2026-01-25 07:23:20 | INFO     | [DAY_START] Processing 13APR
[LF] Processing ATZ-MED for 13APR
2026-01-25 07:23:20 | INFO     | [lf.day.start] Processing ATZ-MED for 13APR
[LF] Sending SN command: SN13APRATZMED/ASM
[LF] No direct flights on 13APR for ATZ-MED
2026-01-25 07:23:21 | WARNING  | [lf.day.no_flights] No direct flights on 13APR
2026-01-25 07:23:21 | INFO     | [SUCCESS] Day 13APR
[LF] Results summary:
  2026-04-20: 0 flights
  2026-04-19: 1 flights
  2026-04-18: 0 flights
  2026-04-17: 0 flights
  2026-04-16: 0 flights
  2026-04-15: 0 flights
  2026-04-14: 0 flights
  2026-04-13: 0 flights
2026-01-25 07:23:21 | INFO     | [SUCCESS] LF Search Complete

============================================================
[Worker_9222] ✓ COMPLETED: ATZ-MED
  Results: 8 dates
  Errors: 0 dates
  Total Processed: 32 groups
============================================================

2026-01-25 07:23:21 | INFO     | [Worker_9222] Completed: ATZ-MED - 8 results, 0 errors

============================================================
[Worker_9222] Processing: ASW-JED
  Tier 0: Range 3, Chunk 2/4
  Dates: 8 days
  Date Range: 2026-04-20 to 2026-04-13
============================================================

2026-01-25 07:23:21 | INFO     | [Worker_9222] Processing: ASW-JED
2026-01-25 07:23:21 | INFO     |   Tier 0: Range 3, Chunk 2/4 (8 days)
2026-01-25 07:23:21 | INFO     | ======================================================================
2026-01-25 07:23:21 | INFO     | Load Factor Scraper Started - Route: ASW-JED
2026-01-25 07:23:21 | INFO     | Log file: D:\CODERED\LAB\Artifacts\outputs\run_generated_250126_at_07.06\logs\LF_ASW-JED_20260125_072321.log
2026-01-25 07:23:21 | INFO     | Enhanced logging: Capturing both logging.info() and print()
2026-01-25 07:23:21 | INFO     | ======================================================================
[LF] Processing dates (override): ['20APR', '19APR', '18APR', '17APR', '16APR', '15APR', '14APR', '13APR']
[LF] Attaching to Chrome for Altea access
2026-01-25 07:23:21 | INFO     | Starting LF search for route: ASW-JED
2026-01-25 07:23:21 | INFO     | [START] LF Search
[LF][[OK] SUCCESS] Connected to Chrome on 127.0.0.1:9222 (after 1 attempts)
2026-01-25 07:23:23 | INFO     | [HEALTH CHECK] [OK] Chrome connection is healthy
[LF][[OK] SUCCESS] Found Amadeus Altea window: Altéa Reservation Desktop
[LF][[INFO] INFO] URL: https://tc212.resdesktop.altea.amadeus.com/app_ard/apf/init/login?SITE=ESMPESMP&LANGUAGE=GB&MARKETS=ARDW_PROD_WBP&ACTION=clpLogin#
2026-01-25 07:23:23 | INFO     | [DAY_START] Processing 20APR
[LF] Processing ASW-JED for 20APR
2026-01-25 07:23:23 | INFO     | [lf.day.start] Processing ASW-JED for 20APR
[LF] Sending SN command: SN20APRASWJED/ASM
[LF] No direct flights on 20APR for ASW-JED
2026-01-25 07:23:24 | WARNING  | [lf.day.no_flights] No direct flights on 20APR
2026-01-25 07:23:24 | INFO     | [SUCCESS] Day 20APR
2026-01-25 07:23:24 | INFO     | [DAY_START] Processing 19APR
[LF] Processing ASW-JED for 19APR
2026-01-25 07:23:24 | INFO     | [lf.day.start] Processing ASW-JED for 19APR
[LF] Sending SN command: SN19APRASWJED/ASM
[LF] No direct flights on 19APR for ASW-JED
2026-01-25 07:23:25 | WARNING  | [lf.day.no_flights] No direct flights on 19APR
2026-01-25 07:23:25 | INFO     | [SUCCESS] Day 19APR
2026-01-25 07:23:25 | INFO     | [DAY_START] Processing 18APR
[LF] Processing ASW-JED for 18APR
2026-01-25 07:23:25 | INFO     | [lf.day.start] Processing ASW-JED for 18APR
[LF] Sending SN command: SN18APRASWJED/ASM
[LF] No direct flights on 18APR for ASW-JED
2026-01-25 07:23:26 | WARNING  | [lf.day.no_flights] No direct flights on 18APR
2026-01-25 07:23:26 | INFO     | [SUCCESS] Day 18APR
2026-01-25 07:23:26 | INFO     | [DAY_START] Processing 17APR
[LF] Processing ASW-JED for 17APR
2026-01-25 07:23:26 | INFO     | [lf.day.start] Processing ASW-JED for 17APR
[LF] Sending SN command: SN17APRASWJED/ASM
[LF] No direct flights on 17APR for ASW-JED
2026-01-25 07:23:28 | WARNING  | [lf.day.no_flights] No direct flights on 17APR
2026-01-25 07:23:28 | INFO     | [SUCCESS] Day 17APR
2026-01-25 07:23:28 | INFO     | [DAY_START] Processing 16APR
[LF] Processing ASW-JED for 16APR
2026-01-25 07:23:28 | INFO     | [lf.day.start] Processing ASW-JED for 16APR
[LF] Sending SN command: SN16APRASWJED/ASM
[LF] No direct flights on 16APR for ASW-JED
2026-01-25 07:23:29 | WARNING  | [lf.day.no_flights] No direct flights on 16APR
2026-01-25 07:23:29 | INFO     | [SUCCESS] Day 16APR
2026-01-25 07:23:29 | INFO     | [DAY_START] Processing 15APR
[LF] Processing ASW-JED for 15APR
2026-01-25 07:23:29 | INFO     | [lf.day.start] Processing ASW-JED for 15APR
[LF] Sending SN command: SN15APRASWJED/ASM
[LF] No direct flights on 15APR for ASW-JED
2026-01-25 07:23:30 | WARNING  | [lf.day.no_flights] No direct flights on 15APR
2026-01-25 07:23:30 | INFO     | [SUCCESS] Day 15APR
2026-01-25 07:23:30 | INFO     | [DAY_START] Processing 14APR
[LF] Processing ASW-JED for 14APR
2026-01-25 07:23:30 | INFO     | [lf.day.start] Processing ASW-JED for 14APR
[LF] Sending SN command: SN14APRASWJED/ASM
[LF] No direct flights on 14APR for ASW-JED
2026-01-25 07:23:31 | WARNING  | [lf.day.no_flights] No direct flights on 14APR
2026-01-25 07:23:31 | INFO     | [SUCCESS] Day 14APR
2026-01-25 07:23:31 | INFO     | [DAY_START] Processing 13APR
[LF] Processing ASW-JED for 13APR
2026-01-25 07:23:31 | INFO     | [lf.day.start] Processing ASW-JED for 13APR
[LF] Sending SN command: SN13APRASWJED/ASM
[LF] No direct flights on 13APR for ASW-JED
2026-01-25 07:23:32 | WARNING  | [lf.day.no_flights] No direct flights on 13APR
2026-01-25 07:23:32 | INFO     | [SUCCESS] Day 13APR
[LF] Results summary:
  2026-04-20: 0 flights
  2026-04-19: 0 flights
  2026-04-18: 0 flights
  2026-04-17: 0 flights
  2026-04-16: 0 flights
  2026-04-15: 0 flights
  2026-04-14: 0 flights
  2026-04-13: 0 flights
2026-01-25 07:23:32 | INFO     | [SUCCESS] LF Search Complete

============================================================
[Worker_9222] ✓ COMPLETED: ASW-JED
  Results: 8 dates
  Errors: 0 dates
  Total Processed: 33 groups
============================================================

2026-01-25 07:23:32 | INFO     | [Worker_9222] Completed: ASW-JED - 8 results, 0 errors

============================================================
[Worker_9222] Processing: CAI-TUU
  Tier 0: Range 3, Chunk 2/4
  Dates: 8 days
  Date Range: 2026-04-20 to 2026-04-13
============================================================

2026-01-25 07:23:32 | INFO     | [Worker_9222] Processing: CAI-TUU
2026-01-25 07:23:32 | INFO     |   Tier 0: Range 3, Chunk 2/4 (8 days)
2026-01-25 07:23:32 | INFO     | ======================================================================
2026-01-25 07:23:32 | INFO     | Load Factor Scraper Started - Route: CAI-TUU
2026-01-25 07:23:32 | INFO     | Log file: D:\CODERED\LAB\Artifacts\outputs\run_generated_250126_at_07.06\logs\LF_CAI-TUU_20260125_072332.log
2026-01-25 07:23:32 | INFO     | Enhanced logging: Capturing both logging.info() and print()
2026-01-25 07:23:32 | INFO     | ======================================================================
[LF] Processing dates (override): ['20APR', '19APR', '18APR', '17APR', '16APR', '15APR', '14APR', '13APR']
[LF] Attaching to Chrome for Altea access
2026-01-25 07:23:32 | INFO     | Starting LF search for route: CAI-TUU
2026-01-25 07:23:32 | INFO     | [START] LF Search
[LF][[OK] SUCCESS] Connected to Chrome on 127.0.0.1:9222 (after 1 attempts)
2026-01-25 07:23:33 | INFO     | [HEALTH CHECK] [OK] Chrome connection is healthy
[LF][[OK] SUCCESS] Found Amadeus Altea window: Altéa Reservation Desktop
[LF][[INFO] INFO] URL: https://tc212.resdesktop.altea.amadeus.com/app_ard/apf/init/login?SITE=ESMPESMP&LANGUAGE=GB&MARKETS=ARDW_PROD_WBP&ACTION=clpLogin#
2026-01-25 07:23:33 | INFO     | [DAY_START] Processing 20APR
[LF] Processing CAI-TUU for 20APR
2026-01-25 07:23:33 | INFO     | [lf.day.start] Processing CAI-TUU for 20APR
[LF] Sending SN command: SN20APRCAITUU/ASM
[LF] No direct flights on 20APR for CAI-TUU
2026-01-25 07:23:34 | WARNING  | [lf.day.no_flights] No direct flights on 20APR
2026-01-25 07:23:34 | INFO     | [SUCCESS] Day 20APR
2026-01-25 07:23:34 | INFO     | [DAY_START] Processing 19APR
[LF] Processing CAI-TUU for 19APR
2026-01-25 07:23:34 | INFO     | [lf.day.start] Processing CAI-TUU for 19APR
[LF] Sending SN command: SN19APRCAITUU/ASM
[LF] No direct flights on 19APR for CAI-TUU
2026-01-25 07:23:35 | WARNING  | [lf.day.no_flights] No direct flights on 19APR
2026-01-25 07:23:35 | INFO     | [SUCCESS] Day 19APR
2026-01-25 07:23:35 | INFO     | [DAY_START] Processing 18APR
[LF] Processing CAI-TUU for 18APR
2026-01-25 07:23:35 | INFO     | [lf.day.start] Processing CAI-TUU for 18APR
[LF] Sending SN command: SN18APRCAITUU/ASM
[LF] 18APR: found 1 direct flights
2026-01-25 07:23:37 | INFO     | [lf.day.flights_found] Found 1 flights on 18APR
2026-01-25 07:23:39 | INFO     | [lf.flight.extracted] SM325 on 18APR: BKG=0, LF=0.0%
[LF] SM325 18APR: BKG=0, GRP=0, CAP=179, LF%=0.0%, Brd-Off=CAI-TUU
2026-01-25 07:23:40 | INFO     | [SUCCESS] Day 18APR
2026-01-25 07:23:40 | INFO     | [DAY_START] Processing 17APR
[LF] Processing CAI-TUU for 17APR
2026-01-25 07:23:40 | INFO     | [lf.day.start] Processing CAI-TUU for 17APR
[LF] Sending SN command: SN17APRCAITUU/ASM
[LF] 17APR: found 1 direct flights
2026-01-25 07:23:41 | INFO     | [lf.day.flights_found] Found 1 flights on 17APR
2026-01-25 07:23:43 | INFO     | [lf.flight.extracted] SM325 on 17APR: BKG=4, LF=2.2%
[LF] SM325 17APR: BKG=4, GRP=0, CAP=179, LF%=2.2%, Brd-Off=CAI-TUU, Classes: I:4
[LF] Getting WEEKLY/LASTSOLD data for 1 flights
[LF] SM325 17APR: LASTSOLD=2026-01-23 00:00:00, WEEKLY=1, TODAY=0, YDAY=0
2026-01-25 07:23:45 | INFO     | [SUCCESS] Day 17APR
2026-01-25 07:23:45 | INFO     | [DAY_START] Processing 16APR
[LF] Processing CAI-TUU for 16APR
2026-01-25 07:23:45 | INFO     | [lf.day.start] Processing CAI-TUU for 16APR
[LF] Sending SN command: SN16APRCAITUU/ASM
[LF] 16APR: found 1 direct flights
2026-01-25 07:23:46 | INFO     | [lf.day.flights_found] Found 1 flights on 16APR
2026-01-25 07:23:48 | INFO     | [lf.flight.extracted] SM325 on 16APR: BKG=0, LF=0.0%
[LF] SM325 16APR: BKG=0, GRP=0, CAP=179, LF%=0.0%, Brd-Off=CAI-TUU
2026-01-25 07:23:50 | INFO     | [SUCCESS] Day 16APR
2026-01-25 07:23:50 | INFO     | [DAY_START] Processing 15APR
[LF] Processing CAI-TUU for 15APR
2026-01-25 07:23:50 | INFO     | [lf.day.start] Processing CAI-TUU for 15APR
[LF] Sending SN command: SN15APRCAITUU/ASM
[LF] No direct flights on 15APR for CAI-TUU
2026-01-25 07:23:51 | WARNING  | [lf.day.no_flights] No direct flights on 15APR
2026-01-25 07:23:51 | INFO     | [SUCCESS] Day 15APR
2026-01-25 07:23:51 | INFO     | [DAY_START] Processing 14APR
[LF] Processing CAI-TUU for 14APR
2026-01-25 07:23:51 | INFO     | [lf.day.start] Processing CAI-TUU for 14APR
[LF] Sending SN command: SN14APRCAITUU/ASM
[LF] 14APR: found 1 direct flights
2026-01-25 07:23:52 | INFO     | [lf.day.flights_found] Found 1 flights on 14APR
2026-01-25 07:23:54 | INFO     | [lf.flight.extracted] SM325 on 14APR: BKG=1, LF=0.6%
[LF] SM325 14APR: BKG=1, GRP=0, CAP=179, LF%=0.6%, Brd-Off=CAI-TUU, Classes: I:1
[LF] Getting WEEKLY/LASTSOLD data for 1 flights
[LF] SM325 14APR: LASTSOLD=2025-09-22 00:00:00, WEEKLY=0, TODAY=0, YDAY=0
2026-01-25 07:23:56 | INFO     | [SUCCESS] Day 14APR
2026-01-25 07:23:56 | INFO     | [DAY_START] Processing 13APR
[LF] Processing CAI-TUU for 13APR
2026-01-25 07:23:56 | INFO     | [lf.day.start] Processing CAI-TUU for 13APR
[LF] Sending SN command: SN13APRCAITUU/ASM
[LF] No direct flights on 13APR for CAI-TUU
2026-01-25 07:23:57 | WARNING  | [lf.day.no_flights] No direct flights on 13APR
2026-01-25 07:23:57 | INFO     | [SUCCESS] Day 13APR
[LF] Results summary:
  2026-04-20: 0 flights
  2026-04-19: 0 flights
  2026-04-18: 1 flights
  2026-04-17: 1 flights
  2026-04-16: 1 flights
  2026-04-15: 0 flights
  2026-04-14: 1 flights
  2026-04-13: 0 flights
2026-01-25 07:23:57 | INFO     | [SUCCESS] LF Search Complete

============================================================
[Worker_9222] ✓ COMPLETED: CAI-TUU
  Results: 8 dates
  Errors: 0 dates
  Total Processed: 34 groups
============================================================

2026-01-25 07:23:57 | INFO     | [Worker_9222] Completed: CAI-TUU - 8 results, 0 errors

============================================================
[Worker_9222] Processing: ATZ-AHB
  Tier 0: Range 3, Chunk 2/4
  Dates: 8 days
  Date Range: 2026-04-20 to 2026-04-13
============================================================

2026-01-25 07:23:57 | INFO     | [Worker_9222] Processing: ATZ-AHB
2026-01-25 07:23:57 | INFO     |   Tier 0: Range 3, Chunk 2/4 (8 days)
2026-01-25 07:23:57 | INFO     | ======================================================================
2026-01-25 07:23:57 | INFO     | Load Factor Scraper Started - Route: ATZ-AHB
2026-01-25 07:23:57 | INFO     | Log file: D:\CODERED\LAB\Artifacts\outputs\run_generated_250126_at_07.06\logs\LF_ATZ-AHB_20260125_072357.log
2026-01-25 07:23:57 | INFO     | Enhanced logging: Capturing both logging.info() and print()
2026-01-25 07:23:57 | INFO     | ======================================================================
[LF] Processing dates (override): ['20APR', '19APR', '18APR', '17APR', '16APR', '15APR', '14APR', '13APR']
[LF] Attaching to Chrome for Altea access
2026-01-25 07:23:57 | INFO     | Starting LF search for route: ATZ-AHB
2026-01-25 07:23:57 | INFO     | [START] LF Search
[LF][[OK] SUCCESS] Connected to Chrome on 127.0.0.1:9222 (after 1 attempts)
2026-01-25 07:23:58 | INFO     | [HEALTH CHECK] [OK] Chrome connection is healthy
[LF][[OK] SUCCESS] Found Amadeus Altea window: Altéa Reservation Desktop
[LF][[INFO] INFO] URL: https://tc212.resdesktop.altea.amadeus.com/app_ard/apf/init/login?SITE=ESMPESMP&LANGUAGE=GB&MARKETS=ARDW_PROD_WBP&ACTION=clpLogin#
2026-01-25 07:23:58 | INFO     | [DAY_START] Processing 20APR
[LF] Processing ATZ-AHB for 20APR
2026-01-25 07:23:58 | INFO     | [lf.day.start] Processing ATZ-AHB for 20APR
[LF] Sending SN command: SN20APRATZAHB/ASM
[LF] No direct flights on 20APR for ATZ-AHB
2026-01-25 07:23:59 | WARNING  | [lf.day.no_flights] No direct flights on 20APR
2026-01-25 07:23:59 | INFO     | [SUCCESS] Day 20APR
2026-01-25 07:23:59 | INFO     | [DAY_START] Processing 19APR
[LF] Processing ATZ-AHB for 19APR
2026-01-25 07:23:59 | INFO     | [lf.day.start] Processing ATZ-AHB for 19APR
[LF] Sending SN command: SN19APRATZAHB/ASM
[LF] No direct flights on 19APR for ATZ-AHB
2026-01-25 07:24:00 | WARNING  | [lf.day.no_flights] No direct flights on 19APR
2026-01-25 07:24:00 | INFO     | [SUCCESS] Day 19APR
2026-01-25 07:24:00 | INFO     | [DAY_START] Processing 18APR
[LF] Processing ATZ-AHB for 18APR
2026-01-25 07:24:00 | INFO     | [lf.day.start] Processing ATZ-AHB for 18APR
[LF] Sending SN command: SN18APRATZAHB/ASM
[LF] No direct flights on 18APR for ATZ-AHB
2026-01-25 07:24:02 | WARNING  | [lf.day.no_flights] No direct flights on 18APR
2026-01-25 07:24:02 | INFO     | [SUCCESS] Day 18APR
2026-01-25 07:24:02 | INFO     | [DAY_START] Processing 17APR
[LF] Processing ATZ-AHB for 17APR
2026-01-25 07:24:02 | INFO     | [lf.day.start] Processing ATZ-AHB for 17APR
[LF] Sending SN command: SN17APRATZAHB/ASM
[LF] No direct flights on 17APR for ATZ-AHB
2026-01-25 07:24:03 | WARNING  | [lf.day.no_flights] No direct flights on 17APR
2026-01-25 07:24:03 | INFO     | [SUCCESS] Day 17APR
2026-01-25 07:24:03 | INFO     | [DAY_START] Processing 16APR
[LF] Processing ATZ-AHB for 16APR
2026-01-25 07:24:03 | INFO     | [lf.day.start] Processing ATZ-AHB for 16APR
[LF] Sending SN command: SN16APRATZAHB/ASM
[LF] No direct flights on 16APR for ATZ-AHB
2026-01-25 07:24:04 | WARNING  | [lf.day.no_flights] No direct flights on 16APR
2026-01-25 07:24:04 | INFO     | [SUCCESS] Day 16APR
2026-01-25 07:24:04 | INFO     | [DAY_START] Processing 15APR
[LF] Processing ATZ-AHB for 15APR
2026-01-25 07:24:04 | INFO     | [lf.day.start] Processing ATZ-AHB for 15APR
[LF] Sending SN command: SN15APRATZAHB/ASM
[LF] No direct flights on 15APR for ATZ-AHB
2026-01-25 07:24:05 | WARNING  | [lf.day.no_flights] No direct flights on 15APR
2026-01-25 07:24:05 | INFO     | [SUCCESS] Day 15APR
2026-01-25 07:24:05 | INFO     | [DAY_START] Processing 14APR
[LF] Processing ATZ-AHB for 14APR
2026-01-25 07:24:05 | INFO     | [lf.day.start] Processing ATZ-AHB for 14APR
[LF] Sending SN command: SN14APRATZAHB/ASM
[LF] No direct flights on 14APR for ATZ-AHB
2026-01-25 07:24:06 | WARNING  | [lf.day.no_flights] No direct flights on 14APR
2026-01-25 07:24:06 | INFO     | [SUCCESS] Day 14APR
2026-01-25 07:24:06 | INFO     | [DAY_START] Processing 13APR
[LF] Processing ATZ-AHB for 13APR
2026-01-25 07:24:06 | INFO     | [lf.day.start] Processing ATZ-AHB for 13APR
[LF] Sending SN command: SN13APRATZAHB/ASM
[LF] No direct flights on 13APR for ATZ-AHB
2026-01-25 07:24:08 | WARNING  | [lf.day.no_flights] No direct flights on 13APR
2026-01-25 07:24:08 | INFO     | [SUCCESS] Day 13APR
[LF] Results summary:
  2026-04-20: 0 flights
  2026-04-19: 0 flights
  2026-04-18: 0 flights
  2026-04-17: 0 flights
  2026-04-16: 0 flights
  2026-04-15: 0 flights
  2026-04-14: 0 flights
  2026-04-13: 0 flights
2026-01-25 07:24:08 | INFO     | [SUCCESS] LF Search Complete

============================================================
[Worker_9222] ✓ COMPLETED: ATZ-AHB
  Results: 8 dates
  Errors: 0 dates
  Total Processed: 35 groups
============================================================

2026-01-25 07:24:08 | INFO     | [Worker_9222] Completed: ATZ-AHB - 8 results, 0 errors

============================================================
[Worker_9222] Processing: MED-HBE
  Tier 0: Range 3, Chunk 3/4
  Dates: 8 days
  Date Range: 2026-04-12 to 2026-04-05
============================================================

2026-01-25 07:24:08 | INFO     | [Worker_9222] Processing: MED-HBE
2026-01-25 07:24:08 | INFO     |   Tier 0: Range 3, Chunk 3/4 (8 days)
2026-01-25 07:24:08 | INFO     | ======================================================================
2026-01-25 07:24:08 | INFO     | Load Factor Scraper Started - Route: MED-HBE
2026-01-25 07:24:08 | INFO     | Log file: D:\CODERED\LAB\Artifacts\outputs\run_generated_250126_at_07.06\logs\LF_MED-HBE_20260125_072408.log
2026-01-25 07:24:08 | INFO     | Enhanced logging: Capturing both logging.info() and print()
2026-01-25 07:24:08 | INFO     | ======================================================================
[LF] Processing dates (override): ['12APR', '11APR', '10APR', '09APR', '08APR', '07APR', '06APR', '05APR']
[LF] Attaching to Chrome for Altea access
2026-01-25 07:24:08 | INFO     | Starting LF search for route: MED-HBE
2026-01-25 07:24:08 | INFO     | [START] LF Search
[LF][[OK] SUCCESS] Connected to Chrome on 127.0.0.1:9222 (after 1 attempts)
2026-01-25 07:24:08 | INFO     | [HEALTH CHECK] [OK] Chrome connection is healthy
[LF][[OK] SUCCESS] Found Amadeus Altea window: Altéa Reservation Desktop
[LF][[INFO] INFO] URL: https://tc212.resdesktop.altea.amadeus.com/app_ard/apf/init/login?SITE=ESMPESMP&LANGUAGE=GB&MARKETS=ARDW_PROD_WBP&ACTION=clpLogin#
2026-01-25 07:24:08 | INFO     | [DAY_START] Processing 12APR
[LF] Processing MED-HBE for 12APR
2026-01-25 07:24:08 | INFO     | [lf.day.start] Processing MED-HBE for 12APR
[LF] Sending SN command: SN12APRMEDHBE/ASM
[LF] 12APR: found 1 direct flights
2026-01-25 07:24:10 | INFO     | [lf.day.flights_found] Found 1 flights on 12APR
2026-01-25 07:24:11 | INFO     | [lf.flight.extracted] SM486 on 12APR: BKG=2, LF=1.2%
[LF] SM486 12APR: BKG=2, GRP=0, CAP=167, LF%=1.2%, Brd-Off=MED-HBE, Classes: I:2
[LF] Getting WEEKLY/LASTSOLD data for 1 flights
[LF] SM486 12APR: LASTSOLD=2025-11-13 00:00:00, WEEKLY=0, TODAY=0, YDAY=0
2026-01-25 07:24:14 | INFO     | [SUCCESS] Day 12APR
2026-01-25 07:24:14 | INFO     | [DAY_START] Processing 11APR
[LF] Processing MED-HBE for 11APR
2026-01-25 07:24:14 | INFO     | [lf.day.start] Processing MED-HBE for 11APR
[LF] Sending SN command: SN11APRMEDHBE/ASM
[LF] No direct flights on 11APR for MED-HBE
2026-01-25 07:24:15 | WARNING  | [lf.day.no_flights] No direct flights on 11APR
2026-01-25 07:24:15 | INFO     | [SUCCESS] Day 11APR
2026-01-25 07:24:15 | INFO     | [DAY_START] Processing 10APR
[LF] Processing MED-HBE for 10APR
2026-01-25 07:24:15 | INFO     | [lf.day.start] Processing MED-HBE for 10APR
[LF] Sending SN command: SN10APRMEDHBE/ASM
[LF] No direct flights on 10APR for MED-HBE
2026-01-25 07:24:17 | WARNING  | [lf.day.no_flights] No direct flights on 10APR
2026-01-25 07:24:17 | INFO     | [SUCCESS] Day 10APR
2026-01-25 07:24:17 | INFO     | [DAY_START] Processing 09APR
[LF] Processing MED-HBE for 09APR
2026-01-25 07:24:17 | INFO     | [lf.day.start] Processing MED-HBE for 09APR
[LF] Sending SN command: SN09APRMEDHBE/ASM
[LF] 09APR: found 1 direct flights
2026-01-25 07:24:18 | INFO     | [lf.day.flights_found] Found 1 flights on 09APR
2026-01-25 07:24:20 | INFO     | [lf.flight.extracted] SM486 on 09APR: BKG=6, LF=3.4%
[LF] SM486 09APR: BKG=6, GRP=0, CAP=175, LF%=3.4%, Brd-Off=MED-HBE, Classes: I:5, O:1
[LF] Getting WEEKLY/LASTSOLD data for 1 flights
[LF] SM486 09APR: LASTSOLD=2026-01-14 00:00:00, WEEKLY=0, TODAY=0, YDAY=0
2026-01-25 07:24:23 | INFO     | [SUCCESS] Day 09APR
2026-01-25 07:24:23 | INFO     | [DAY_START] Processing 08APR
[LF] Processing MED-HBE for 08APR
2026-01-25 07:24:23 | INFO     | [lf.day.start] Processing MED-HBE for 08APR
[LF] Sending SN command: SN08APRMEDHBE/ASM
[LF] No direct flights on 08APR for MED-HBE
2026-01-25 07:24:24 | WARNING  | [lf.day.no_flights] No direct flights on 08APR
2026-01-25 07:24:24 | INFO     | [SUCCESS] Day 08APR
2026-01-25 07:24:24 | INFO     | [DAY_START] Processing 07APR
[LF] Processing MED-HBE for 07APR
2026-01-25 07:24:24 | INFO     | [lf.day.start] Processing MED-HBE for 07APR
[LF] Sending SN command: SN07APRMEDHBE/ASM
[LF] No direct flights on 07APR for MED-HBE
2026-01-25 07:24:25 | WARNING  | [lf.day.no_flights] No direct flights on 07APR
2026-01-25 07:24:25 | INFO     | [SUCCESS] Day 07APR
2026-01-25 07:24:25 | INFO     | [DAY_START] Processing 06APR
[LF] Processing MED-HBE for 06APR
2026-01-25 07:24:25 | INFO     | [lf.day.start] Processing MED-HBE for 06APR
[LF] Sending SN command: SN06APRMEDHBE/ASM
[LF] No direct flights on 06APR for MED-HBE
2026-01-25 07:24:26 | WARNING  | [lf.day.no_flights] No direct flights on 06APR
2026-01-25 07:24:26 | INFO     | [SUCCESS] Day 06APR
2026-01-25 07:24:26 | INFO     | [DAY_START] Processing 05APR
[LF] Processing MED-HBE for 05APR
2026-01-25 07:24:26 | INFO     | [lf.day.start] Processing MED-HBE for 05APR
[LF] Sending SN command: SN05APRMEDHBE/ASM
[LF] 05APR: found 1 direct flights
2026-01-25 07:24:27 | INFO     | [lf.day.flights_found] Found 1 flights on 05APR
2026-01-25 07:24:29 | INFO     | [lf.flight.extracted] SM486 on 05APR: BKG=143, LF=81.7%
[LF] SM486 05APR: BKG=143, GRP=135, CAP=175, LF%=81.7%, Brd-Off=MED-HBE, Classes: P:135, I:8
[LF] Getting WEEKLY/LASTSOLD data for 1 flights
[LF] SM486 05APR: LASTSOLD=2026-01-24 00:00:00, WEEKLY=6, TODAY=0, YDAY=1
2026-01-25 07:24:32 | INFO     | [SUCCESS] Day 05APR
[LF] Results summary:
  2026-04-12: 1 flights
  2026-04-11: 0 flights
  2026-04-10: 0 flights
  2026-04-09: 1 flights
  2026-04-08: 0 flights
  2026-04-07: 0 flights
  2026-04-06: 0 flights
  2026-04-05: 1 flights
2026-01-25 07:24:32 | INFO     | [SUCCESS] LF Search Complete

============================================================
[Worker_9222] ✓ COMPLETED: MED-HBE
  Results: 8 dates
  Errors: 0 dates
  Total Processed: 36 groups
============================================================

2026-01-25 07:24:32 | INFO     | [Worker_9222] Completed: MED-HBE - 8 results, 0 errors

============================================================
[Worker_9222] Processing: RUH-CAI
  Tier 0: Range 3, Chunk 3/4
  Dates: 8 days
  Date Range: 2026-04-12 to 2026-04-05
============================================================

2026-01-25 07:24:32 | INFO     | [Worker_9222] Processing: RUH-CAI
2026-01-25 07:24:32 | INFO     |   Tier 0: Range 3, Chunk 3/4 (8 days)
2026-01-25 07:24:32 | INFO     | ======================================================================
2026-01-25 07:24:32 | INFO     | Load Factor Scraper Started - Route: RUH-CAI
2026-01-25 07:24:32 | INFO     | Log file: D:\CODERED\LAB\Artifacts\outputs\run_generated_250126_at_07.06\logs\LF_RUH-CAI_20260125_072432.log
2026-01-25 07:24:32 | INFO     | Enhanced logging: Capturing both logging.info() and print()
2026-01-25 07:24:32 | INFO     | ======================================================================
[LF] Processing dates (override): ['12APR', '11APR', '10APR', '09APR', '08APR', '07APR', '06APR', '05APR']
[LF] Attaching to Chrome for Altea access
2026-01-25 07:24:32 | INFO     | Starting LF search for route: RUH-CAI
2026-01-25 07:24:32 | INFO     | [START] LF Search
[LF][[OK] SUCCESS] Connected to Chrome on 127.0.0.1:9222 (after 1 attempts)
2026-01-25 07:24:32 | INFO     | [HEALTH CHECK] [OK] Chrome connection is healthy
[LF][[OK] SUCCESS] Found Amadeus Altea window: Altéa Reservation Desktop
[LF][[INFO] INFO] URL: https://tc212.resdesktop.altea.amadeus.com/app_ard/apf/init/login?SITE=ESMPESMP&LANGUAGE=GB&MARKETS=ARDW_PROD_WBP&ACTION=clpLogin#
2026-01-25 07:24:32 | INFO     | [DAY_START] Processing 12APR
[LF] Processing RUH-CAI for 12APR
2026-01-25 07:24:32 | INFO     | [lf.day.start] Processing RUH-CAI for 12APR
[LF] Sending SN command: SN12APRRUHCAI/ASM
[LF] 12APR: found 1 direct flights
2026-01-25 07:24:34 | INFO     | [lf.day.flights_found] Found 1 flights on 12APR
2026-01-25 07:24:36 | INFO     | [lf.flight.extracted] SM462 on 12APR: BKG=0, LF=0.0%
[LF] SM462 12APR: BKG=0, GRP=0, CAP=167, LF%=0.0%, Brd-Off=RUH-CAI
2026-01-25 07:24:37 | INFO     | [SUCCESS] Day 12APR
2026-01-25 07:24:37 | INFO     | [DAY_START] Processing 11APR
[LF] Processing RUH-CAI for 11APR
2026-01-25 07:24:37 | INFO     | [lf.day.start] Processing RUH-CAI for 11APR
[LF] Sending SN command: SN11APRRUHCAI/ASM
[LF] 11APR: found 1 direct flights
2026-01-25 07:24:38 | INFO     | [lf.day.flights_found] Found 1 flights on 11APR
2026-01-25 07:24:40 | INFO     | [lf.flight.extracted] SM462 on 11APR: BKG=0, LF=0.0%
[LF] SM462 11APR: BKG=0, GRP=0, CAP=167, LF%=0.0%, Brd-Off=RUH-CAI
2026-01-25 07:24:41 | INFO     | [SUCCESS] Day 11APR
2026-01-25 07:24:41 | INFO     | [DAY_START] Processing 10APR
[LF] Processing RUH-CAI for 10APR
2026-01-25 07:24:41 | INFO     | [lf.day.start] Processing RUH-CAI for 10APR
[LF] Sending SN command: SN10APRRUHCAI/ASM
[LF] 10APR: found 1 direct flights
2026-01-25 07:24:42 | INFO     | [lf.day.flights_found] Found 1 flights on 10APR
2026-01-25 07:24:44 | INFO     | [lf.flight.extracted] SM462 on 10APR: BKG=0, LF=0.0%
[LF] SM462 10APR: BKG=0, GRP=0, CAP=167, LF%=0.0%, Brd-Off=RUH-CAI
2026-01-25 07:24:46 | INFO     | [SUCCESS] Day 10APR
2026-01-25 07:24:46 | INFO     | [DAY_START] Processing 09APR
[LF] Processing RUH-CAI for 09APR
2026-01-25 07:24:46 | INFO     | [lf.day.start] Processing RUH-CAI for 09APR
[LF] Sending SN command: SN09APRRUHCAI/ASM
[LF] 09APR: found 1 direct flights
2026-01-25 07:24:47 | INFO     | [lf.day.flights_found] Found 1 flights on 09APR
2026-01-25 07:24:49 | INFO     | [lf.flight.extracted] SM462 on 09APR: BKG=0, LF=0.0%
[LF] SM462 09APR: BKG=0, GRP=0, CAP=167, LF%=0.0%, Brd-Off=RUH-CAI
2026-01-25 07:24:50 | INFO     | [SUCCESS] Day 09APR
2026-01-25 07:24:50 | INFO     | [DAY_START] Processing 08APR
[LF] Processing RUH-CAI for 08APR
2026-01-25 07:24:50 | INFO     | [lf.day.start] Processing RUH-CAI for 08APR
[LF] Sending SN command: SN08APRRUHCAI/ASM
[LF] 08APR: found 1 direct flights
2026-01-25 07:24:51 | INFO     | [lf.day.flights_found] Found 1 flights on 08APR
2026-01-25 07:24:53 | INFO     | [lf.flight.extracted] SM462 on 08APR: BKG=0, LF=0.0%
[LF] SM462 08APR: BKG=0, GRP=0, CAP=167, LF%=0.0%, Brd-Off=RUH-CAI
2026-01-25 07:24:54 | INFO     | [SUCCESS] Day 08APR
2026-01-25 07:24:54 | INFO     | [DAY_START] Processing 07APR
[LF] Processing RUH-CAI for 07APR
2026-01-25 07:24:54 | INFO     | [lf.day.start] Processing RUH-CAI for 07APR
[LF] Sending SN command: SN07APRRUHCAI/ASM
[LF] 07APR: found 1 direct flights
2026-01-25 07:24:55 | INFO     | [lf.day.flights_found] Found 1 flights on 07APR
2026-01-25 07:24:58 | INFO     | [lf.flight.extracted] SM462 on 07APR: BKG=0, LF=0.0%
[LF] SM462 07APR: BKG=0, GRP=0, CAP=167, LF%=0.0%, Brd-Off=RUH-CAI
2026-01-25 07:24:59 | INFO     | [SUCCESS] Day 07APR
2026-01-25 07:24:59 | INFO     | [DAY_START] Processing 06APR
[LF] Processing RUH-CAI for 06APR
2026-01-25 07:24:59 | INFO     | [lf.day.start] Processing RUH-CAI for 06APR
[LF] Sending SN command: SN06APRRUHCAI/ASM
[LF] 06APR: found 1 direct flights
2026-01-25 07:25:01 | INFO     | [lf.day.flights_found] Found 1 flights on 06APR
2026-01-25 07:25:02 | INFO     | [lf.flight.extracted] SM462 on 06APR: BKG=0, LF=0.0%
[LF] SM462 06APR: BKG=0, GRP=0, CAP=167, LF%=0.0%, Brd-Off=RUH-CAI
2026-01-25 07:25:04 | INFO     | [SUCCESS] Day 06APR
2026-01-25 07:25:04 | INFO     | [DAY_START] Processing 05APR
[LF] Processing RUH-CAI for 05APR
2026-01-25 07:25:04 | INFO     | [lf.day.start] Processing RUH-CAI for 05APR
[LF] Sending SN command: SN05APRRUHCAI/ASM
[LF] 05APR: found 1 direct flights
2026-01-25 07:25:05 | INFO     | [lf.day.flights_found] Found 1 flights on 05APR
2026-01-25 07:25:07 | INFO     | [lf.flight.extracted] SM462 on 05APR: BKG=0, LF=0.0%
[LF] SM462 05APR: BKG=0, GRP=0, CAP=167, LF%=0.0%, Brd-Off=RUH-CAI
2026-01-25 07:25:08 | INFO     | [SUCCESS] Day 05APR
[LF] Results summary:
  2026-04-12: 1 flights
  2026-04-11: 1 flights
  2026-04-10: 1 flights
  2026-04-09: 1 flights
  2026-04-08: 1 flights
  2026-04-07: 1 flights
  2026-04-06: 1 flights
  2026-04-05: 1 flights
2026-01-25 07:25:08 | INFO     | [SUCCESS] LF Search Complete

============================================================
[Worker_9222] ✓ COMPLETED: RUH-CAI
  Results: 8 dates
  Errors: 0 dates
  Total Processed: 37 groups
============================================================

2026-01-25 07:25:08 | INFO     | [Worker_9222] Completed: RUH-CAI - 8 results, 0 errors

============================================================
[Worker_9222] Processing: AHB-CAI
  Tier 0: Range 3, Chunk 3/4
  Dates: 8 days
  Date Range: 2026-04-12 to 2026-04-05
============================================================

2026-01-25 07:25:08 | INFO     | [Worker_9222] Processing: AHB-CAI
2026-01-25 07:25:08 | INFO     |   Tier 0: Range 3, Chunk 3/4 (8 days)
2026-01-25 07:25:08 | INFO     | ======================================================================
2026-01-25 07:25:08 | INFO     | Load Factor Scraper Started - Route: AHB-CAI
2026-01-25 07:25:08 | INFO     | Log file: D:\CODERED\LAB\Artifacts\outputs\run_generated_250126_at_07.06\logs\LF_AHB-CAI_20260125_072508.log
2026-01-25 07:25:08 | INFO     | Enhanced logging: Capturing both logging.info() and print()
2026-01-25 07:25:08 | INFO     | ======================================================================
[LF] Processing dates (override): ['12APR', '11APR', '10APR', '09APR', '08APR', '07APR', '06APR', '05APR']
[LF] Attaching to Chrome for Altea access
2026-01-25 07:25:08 | INFO     | Starting LF search for route: AHB-CAI
2026-01-25 07:25:08 | INFO     | [START] LF Search
[LF][[OK] SUCCESS] Connected to Chrome on 127.0.0.1:9222 (after 1 attempts)
2026-01-25 07:25:09 | INFO     | [HEALTH CHECK] [OK] Chrome connection is healthy
[LF][[OK] SUCCESS] Found Amadeus Altea window: Altéa Reservation Desktop
[LF][[INFO] INFO] URL: https://tc212.resdesktop.altea.amadeus.com/app_ard/apf/init/login?SITE=ESMPESMP&LANGUAGE=GB&MARKETS=ARDW_PROD_WBP&ACTION=clpLogin#
2026-01-25 07:25:09 | INFO     | [DAY_START] Processing 12APR
[LF] Processing AHB-CAI for 12APR
2026-01-25 07:25:09 | INFO     | [lf.day.start] Processing AHB-CAI for 12APR
[LF] Sending SN command: SN12APRAHBCAI/ASM
[LF] No direct flights on 12APR for AHB-CAI
2026-01-25 07:25:10 | WARNING  | [lf.day.no_flights] No direct flights on 12APR
2026-01-25 07:25:10 | INFO     | [SUCCESS] Day 12APR
2026-01-25 07:25:10 | INFO     | [DAY_START] Processing 11APR
[LF] Processing AHB-CAI for 11APR
2026-01-25 07:25:10 | INFO     | [lf.day.start] Processing AHB-CAI for 11APR
[LF] Sending SN command: SN11APRAHBCAI/ASM
[LF] 11APR: found 1 direct flights
2026-01-25 07:25:11 | INFO     | [lf.day.flights_found] Found 1 flights on 11APR
2026-01-25 07:25:14 | INFO     | [lf.flight.extracted] SM444 on 11APR: BKG=10, LF=5.7%
[LF] SM444 11APR: BKG=10, GRP=0, CAP=175, LF%=5.7%, Brd-Off=AHB-CAI, Classes: I:5, O:5
[LF] Getting WEEKLY/LASTSOLD data for 1 flights
[LF] SM444 11APR: LASTSOLD=2026-01-24 00:00:00, WEEKLY=8, TODAY=0, YDAY=5
2026-01-25 07:25:16 | INFO     | [SUCCESS] Day 11APR
2026-01-25 07:25:16 | INFO     | [DAY_START] Processing 10APR
[LF] Processing AHB-CAI for 10APR
2026-01-25 07:25:16 | INFO     | [lf.day.start] Processing AHB-CAI for 10APR
[LF] Sending SN command: SN10APRAHBCAI/ASM
[LF] No direct flights on 10APR for AHB-CAI
2026-01-25 07:25:18 | WARNING  | [lf.day.no_flights] No direct flights on 10APR
2026-01-25 07:25:18 | INFO     | [SUCCESS] Day 10APR
2026-01-25 07:25:18 | INFO     | [DAY_START] Processing 09APR
[LF] Processing AHB-CAI for 09APR
2026-01-25 07:25:18 | INFO     | [lf.day.start] Processing AHB-CAI for 09APR
[LF] Sending SN command: SN09APRAHBCAI/ASM
[LF] 09APR: found 1 direct flights
2026-01-25 07:25:19 | INFO     | [lf.day.flights_found] Found 1 flights on 09APR
2026-01-25 07:25:21 | INFO     | [lf.flight.extracted] SM444 on 09APR: BKG=7, LF=4.0%
[LF] SM444 09APR: BKG=7, GRP=0, CAP=175, LF%=4.0%, Brd-Off=AHB-CAI, Classes: I:1, O:3, X:3
[LF] Getting WEEKLY/LASTSOLD data for 1 flights
[LF] SM444 09APR: LASTSOLD=2026-01-22 00:00:00, WEEKLY=1, TODAY=0, YDAY=0
2026-01-25 07:25:23 | INFO     | [SUCCESS] Day 09APR
2026-01-25 07:25:23 | INFO     | [DAY_START] Processing 08APR
[LF] Processing AHB-CAI for 08APR
2026-01-25 07:25:23 | INFO     | [lf.day.start] Processing AHB-CAI for 08APR
[LF] Sending SN command: SN08APRAHBCAI/ASM
[LF] 08APR: found 1 direct flights
2026-01-25 07:25:25 | INFO     | [lf.day.flights_found] Found 1 flights on 08APR
2026-01-25 07:25:27 | INFO     | [lf.flight.extracted] SM444 on 08APR: BKG=5, LF=2.9%
[LF] SM444 08APR: BKG=5, GRP=0, CAP=175, LF%=2.9%, Brd-Off=AHB-CAI, Classes: I:5
[LF] Getting WEEKLY/LASTSOLD data for 1 flights
[LF] SM444 08APR: LASTSOLD=2026-01-15 00:00:00, WEEKLY=0, TODAY=0, YDAY=0
2026-01-25 07:25:29 | INFO     | [SUCCESS] Day 08APR
2026-01-25 07:25:29 | INFO     | [DAY_START] Processing 07APR
[LF] Processing AHB-CAI for 07APR
2026-01-25 07:25:29 | INFO     | [lf.day.start] Processing AHB-CAI for 07APR
[LF] Sending SN command: SN07APRAHBCAI/ASM
[LF] No direct flights on 07APR for AHB-CAI
2026-01-25 07:25:30 | WARNING  | [lf.day.no_flights] No direct flights on 07APR
2026-01-25 07:25:30 | INFO     | [SUCCESS] Day 07APR
2026-01-25 07:25:30 | INFO     | [DAY_START] Processing 06APR
[LF] Processing AHB-CAI for 06APR
2026-01-25 07:25:30 | INFO     | [lf.day.start] Processing AHB-CAI for 06APR
[LF] Sending SN command: SN06APRAHBCAI/ASM
[LF] 06APR: found 1 direct flights
2026-01-25 07:25:32 | INFO     | [lf.day.flights_found] Found 1 flights on 06APR
2026-01-25 07:25:33 | INFO     | [lf.flight.extracted] SM444 on 06APR: BKG=13, LF=7.4%
[LF] SM444 06APR: BKG=13, GRP=0, CAP=175, LF%=7.4%, Brd-Off=AHB-CAI, Classes: I:6, O:7
[LF] Getting WEEKLY/LASTSOLD data for 1 flights
[LF] SM444 06APR: LASTSOLD=2026-01-18 00:00:00, WEEKLY=4, TODAY=0, YDAY=0
2026-01-25 07:25:36 | INFO     | [SUCCESS] Day 06APR
2026-01-25 07:25:36 | INFO     | [DAY_START] Processing 05APR
[LF] Processing AHB-CAI for 05APR
2026-01-25 07:25:36 | INFO     | [lf.day.start] Processing AHB-CAI for 05APR
[LF] Sending SN command: SN05APRAHBCAI/ASM
[LF] No direct flights on 05APR for AHB-CAI
2026-01-25 07:25:37 | WARNING  | [lf.day.no_flights] No direct flights on 05APR
2026-01-25 07:25:37 | INFO     | [SUCCESS] Day 05APR
[LF] Results summary:
  2026-04-12: 0 flights
  2026-04-11: 1 flights
  2026-04-10: 0 flights
  2026-04-09: 1 flights
  2026-04-08: 1 flights
  2026-04-07: 0 flights
  2026-04-06: 1 flights
  2026-04-05: 0 flights
2026-01-25 07:25:37 | INFO     | [SUCCESS] LF Search Complete

============================================================
[Worker_9222] ✓ COMPLETED: AHB-CAI
  Results: 8 dates
  Errors: 0 dates
  Total Processed: 38 groups
============================================================

2026-01-25 07:25:57 | INFO     | [Worker_9222] Completed: AHB-CAI - 8 results, 0 errors

============================================================
[Worker_9222] Processing: CAI-DMM
  Tier 0: Range 3, Chunk 3/4
  Dates: 8 days
  Date Range: 2026-04-12 to 2026-04-05
============================================================

2026-01-25 07:25:57 | INFO     | [Worker_9222] Processing: CAI-DMM
2026-01-25 07:25:57 | INFO     |   Tier 0: Range 3, Chunk 3/4 (8 days)
2026-01-25 07:25:57 | INFO     | ======================================================================
2026-01-25 07:25:57 | INFO     | Load Factor Scraper Started - Route: CAI-DMM
2026-01-25 07:25:57 | INFO     | Log file: D:\CODERED\LAB\Artifacts\outputs\run_generated_250126_at_07.06\logs\LF_CAI-DMM_20260125_072557.log
2026-01-25 07:25:57 | INFO     | Enhanced logging: Capturing both logging.info() and print()
2026-01-25 07:25:57 | INFO     | ======================================================================
[LF] Processing dates (override): ['12APR', '11APR', '10APR', '09APR', '08APR', '07APR', '06APR', '05APR']
[LF] Attaching to Chrome for Altea access
2026-01-25 07:25:57 | INFO     | Starting LF search for route: CAI-DMM
2026-01-25 07:25:57 | INFO     | [START] LF Search
[LF][[OK] SUCCESS] Connected to Chrome on 127.0.0.1:9222 (after 1 attempts)
2026-01-25 07:25:58 | INFO     | [HEALTH CHECK] [OK] Chrome connection is healthy
[LF][[OK] SUCCESS] Found Amadeus Altea window: Altéa Reservation Desktop
[LF][[INFO] INFO] URL: https://tc212.resdesktop.altea.amadeus.com/app_ard/apf/init/login?SITE=ESMPESMP&LANGUAGE=GB&MARKETS=ARDW_PROD_WBP&ACTION=clpLogin#
2026-01-25 07:25:58 | INFO     | [DAY_START] Processing 12APR
[LF] Processing CAI-DMM for 12APR
2026-01-25 07:25:58 | INFO     | [lf.day.start] Processing CAI-DMM for 12APR
[LF] Sending SN command: SN12APRCAIDMM/ASM
[LF] 12APR: found 1 direct flights
2026-01-25 07:25:59 | INFO     | [lf.day.flights_found] Found 1 flights on 12APR
2026-01-25 07:26:01 | INFO     | [lf.flight.extracted] SM439 on 12APR: BKG=12, LF=6.7%
[LF] SM439 12APR: BKG=12, GRP=0, CAP=179, LF%=6.7%, Brd-Off=CAI-DMM, Classes: I:5, O:5, X:2
[LF] Getting WEEKLY/LASTSOLD data for 1 flights
[LF] SM439 12APR: LASTSOLD=2026-01-11 00:00:00, WEEKLY=0, TODAY=0, YDAY=0
2026-01-25 07:26:04 | INFO     | [SUCCESS] Day 12APR
2026-01-25 07:26:04 | INFO     | [DAY_START] Processing 11APR
[LF] Processing CAI-DMM for 11APR
2026-01-25 07:26:04 | INFO     | [lf.day.start] Processing CAI-DMM for 11APR
[LF] Sending SN command: SN11APRCAIDMM/ASM
[LF] 11APR: found 1 direct flights
2026-01-25 07:26:05 | INFO     | [lf.day.flights_found] Found 1 flights on 11APR
2026-01-25 07:26:07 | INFO     | [lf.flight.extracted] SM433 on 11APR: BKG=21, LF=11.7%
[LF] SM433 11APR: BKG=21, GRP=0, CAP=179, LF%=11.7%, Brd-Off=CAI-DMM, Classes: I:5, O:9, U:7
[LF] Getting WEEKLY/LASTSOLD data for 1 flights
[LF] SM433 11APR: LASTSOLD=2026-01-19 00:00:00, WEEKLY=3, TODAY=0, YDAY=0
2026-01-25 07:26:11 | INFO     | [SUCCESS] Day 11APR
2026-01-25 07:26:11 | INFO     | [DAY_START] Processing 10APR
[LF] Processing CAI-DMM for 10APR
2026-01-25 07:26:11 | INFO     | [lf.day.start] Processing CAI-DMM for 10APR
[LF] Sending SN command: SN10APRCAIDMM/ASM
[LF] 10APR: found 1 direct flights
2026-01-25 07:26:12 | INFO     | [lf.day.flights_found] Found 1 flights on 10APR
2026-01-25 07:26:14 | INFO     | [lf.flight.extracted] SM439 on 10APR: BKG=18, LF=10.1%
[LF] SM439 10APR: BKG=18, GRP=0, CAP=179, LF%=10.1%, Brd-Off=CAI-DMM, Classes: I:2, O:11, U:5
[LF] Getting WEEKLY/LASTSOLD data for 1 flights
[LF] SM439 10APR: LASTSOLD=2026-01-22 00:00:00, WEEKLY=6, TODAY=0, YDAY=0
2026-01-25 07:26:17 | INFO     | [SUCCESS] Day 10APR
2026-01-25 07:26:17 | INFO     | [DAY_START] Processing 09APR
[LF] Processing CAI-DMM for 09APR
2026-01-25 07:26:17 | INFO     | [lf.day.start] Processing CAI-DMM for 09APR
[LF] Sending SN command: SN09APRCAIDMM/ASM
[LF] 09APR: found 1 direct flights
2026-01-25 07:26:18 | INFO     | [lf.day.flights_found] Found 1 flights on 09APR
2026-01-25 07:26:20 | INFO     | [lf.flight.extracted] SM433 on 09APR: BKG=13, LF=7.3%
[LF] SM433 09APR: BKG=13, GRP=0, CAP=179, LF%=7.3%, Brd-Off=CAI-DMM, Classes: I:6, O:6, X:1
[LF] Getting WEEKLY/LASTSOLD data for 1 flights
[LF] SM433 09APR: LASTSOLD=2026-01-22 00:00:00, WEEKLY=1, TODAY=0, YDAY=0
2026-01-25 07:26:23 | INFO     | [SUCCESS] Day 09APR
2026-01-25 07:26:23 | INFO     | [DAY_START] Processing 08APR
[LF] Processing CAI-DMM for 08APR
2026-01-25 07:26:23 | INFO     | [lf.day.start] Processing CAI-DMM for 08APR
[LF] Sending SN command: SN08APRCAIDMM/ASM
[LF] 08APR: found 1 direct flights
2026-01-25 07:26:25 | INFO     | [lf.day.flights_found] Found 1 flights on 08APR
2026-01-25 07:26:27 | INFO     | [lf.flight.extracted] SM433 on 08APR: BKG=15, LF=8.4%
[LF] SM433 08APR: BKG=15, GRP=0, CAP=179, LF%=8.4%, Brd-Off=CAI-DMM, Classes: I:6, O:6, U:3
[LF] Getting WEEKLY/LASTSOLD data for 1 flights
[LF] SM433 08APR: LASTSOLD=2026-01-20 00:00:00, WEEKLY=3, TODAY=0, YDAY=0
2026-01-25 07:26:29 | INFO     | [SUCCESS] Day 08APR
2026-01-25 07:26:29 | INFO     | [DAY_START] Processing 07APR
[LF] Processing CAI-DMM for 07APR
2026-01-25 07:26:29 | INFO     | [lf.day.start] Processing CAI-DMM for 07APR
[LF] Sending SN command: SN07APRCAIDMM/ASM
[LF] 07APR: found 1 direct flights
2026-01-25 07:26:31 | INFO     | [lf.day.flights_found] Found 1 flights on 07APR
2026-01-25 07:26:33 | INFO     | [lf.flight.extracted] SM433 on 07APR: BKG=19, LF=10.6%
[LF] SM433 07APR: BKG=19, GRP=0, CAP=179, LF%=10.6%, Brd-Off=CAI-DMM, Classes: I:4, O:9, U:5, S:1
[LF] Getting WEEKLY/LASTSOLD data for 1 flights
[LF] SM433 07APR: LASTSOLD=2026-01-23 00:00:00, WEEKLY=2, TODAY=0, YDAY=0
2026-01-25 07:26:35 | INFO     | [SUCCESS] Day 07APR
2026-01-25 07:26:35 | INFO     | [DAY_START] Processing 06APR
[LF] Processing CAI-DMM for 06APR
2026-01-25 07:26:35 | INFO     | [lf.day.start] Processing CAI-DMM for 06APR
[LF] Sending SN command: SN06APRCAIDMM/ASM
[LF] 06APR: found 1 direct flights
2026-01-25 07:26:36 | INFO     | [lf.day.flights_found] Found 1 flights on 06APR
2026-01-25 07:26:38 | INFO     | [lf.flight.extracted] SM433 on 06APR: BKG=22, LF=12.3%
[LF] SM433 06APR: BKG=22, GRP=0, CAP=179, LF%=12.3%, Brd-Off=CAI-DMM, Classes: I:5, O:7, U:8, X:2
[LF] Getting WEEKLY/LASTSOLD data for 1 flights
[LF] SM433 06APR: LASTSOLD=2026-01-22 00:00:00, WEEKLY=1, TODAY=0, YDAY=0
2026-01-25 07:26:41 | INFO     | [SUCCESS] Day 06APR
2026-01-25 07:26:41 | INFO     | [DAY_START] Processing 05APR
[LF] Processing CAI-DMM for 05APR
2026-01-25 07:26:41 | INFO     | [lf.day.start] Processing CAI-DMM for 05APR
[LF] Sending SN command: SN05APRCAIDMM/ASM
[LF] 05APR: found 1 direct flights
2026-01-25 07:26:43 | INFO     | [lf.day.flights_found] Found 1 flights on 05APR
2026-01-25 07:26:44 | INFO     | [lf.flight.extracted] SM439 on 05APR: BKG=23, LF=12.8%
[LF] SM439 05APR: BKG=23, GRP=0, CAP=179, LF%=12.8%, Brd-Off=CAI-DMM, Classes: I:5, O:9, U:7, X:2
[LF] Getting WEEKLY/LASTSOLD data for 1 flights
[LF] SM439 05APR: LASTSOLD=2026-01-20 00:00:00, WEEKLY=1, TODAY=0, YDAY=0
2026-01-25 07:26:48 | INFO     | [SUCCESS] Day 05APR
[LF] Results summary:
  2026-04-12: 1 flights
  2026-04-11: 1 flights
  2026-04-10: 1 flights
  2026-04-09: 1 flights
  2026-04-08: 1 flights
  2026-04-07: 1 flights
  2026-04-06: 1 flights
  2026-04-05: 1 flights
2026-01-25 07:26:48 | INFO     | [SUCCESS] LF Search Complete

============================================================
[Worker_9222] ✓ COMPLETED: CAI-DMM
  Results: 8 dates
  Errors: 0 dates
  Total Processed: 39 groups
============================================================

2026-01-25 07:26:48 | INFO     | [Worker_9222] Completed: CAI-DMM - 8 results, 0 errors

============================================================
[Worker_9222] Processing: JED-CAI
  Tier 0: Range 3, Chunk 4/4
  Dates: 8 days
  Date Range: 2026-04-04 to 2026-03-28
============================================================

2026-01-25 07:26:48 | INFO     | [Worker_9222] Processing: JED-CAI
2026-01-25 07:26:48 | INFO     |   Tier 0: Range 3, Chunk 4/4 (8 days)
2026-01-25 07:26:48 | INFO     | ======================================================================
2026-01-25 07:26:48 | INFO     | Load Factor Scraper Started - Route: JED-CAI
2026-01-25 07:26:48 | INFO     | Log file: D:\CODERED\LAB\Artifacts\outputs\run_generated_250126_at_07.06\logs\LF_JED-CAI_20260125_072648.log
2026-01-25 07:26:48 | INFO     | Enhanced logging: Capturing both logging.info() and print()
2026-01-25 07:26:48 | INFO     | ======================================================================
[LF] Processing dates (override): ['04APR', '03APR', '02APR', '01APR', '31MAR', '30MAR', '29MAR', '28MAR']
[LF] Attaching to Chrome for Altea access
2026-01-25 07:26:48 | INFO     | Starting LF search for route: JED-CAI
2026-01-25 07:26:48 | INFO     | [START] LF Search
[LF][[OK] SUCCESS] Connected to Chrome on 127.0.0.1:9222 (after 1 attempts)
2026-01-25 07:26:48 | INFO     | [HEALTH CHECK] [OK] Chrome connection is healthy
[LF][[OK] SUCCESS] Found Amadeus Altea window: Altéa Reservation Desktop
[LF][[INFO] INFO] URL: https://tc212.resdesktop.altea.amadeus.com/app_ard/apf/init/login?SITE=ESMPESMP&LANGUAGE=GB&MARKETS=ARDW_PROD_WBP&ACTION=clpLogin#
2026-01-25 07:26:48 | INFO     | [DAY_START] Processing 04APR
[LF] Processing JED-CAI for 04APR
2026-01-25 07:26:48 | INFO     | [lf.day.start] Processing JED-CAI for 04APR
[LF] JED↔Cairo route detected - querying both CAI and CCE airports
[LF] Sending SN command: SN04APRJEDCAI/ASM
[LF] Sending SN command: SN04APRJEDCCE/ASM
[LF] 04APR: found 2 direct flights
2026-01-25 07:26:51 | INFO     | [lf.day.flights_found] Found 2 flights on 04APR
2026-01-25 07:26:53 | INFO     | [lf.flight.extracted] SM478 on 04APR: BKG=168, LF=96.0%
[LF] SM478 04APR: BKG=168, GRP=130, CAP=175, LF%=96.0%, Brd-Off=JED-CAI, Classes: P:130, I:17, O:17, U:3, T:1
2026-01-25 07:26:56 | INFO     | [lf.flight.extracted] SM476 on 04APR: BKG=191, LF=109.1%
[LF] SM476 04APR: BKG=191, GRP=180, CAP=175, LF%=109.1%, Brd-Off=JED-CAI, Classes: P:180, I:10, X:1
[LPC] SM476 04APR: Found 1 outbound flights with connecting passengers
[LF] Getting WEEKLY/LASTSOLD data for 2 flights
[LF] SM478 04APR: LASTSOLD=2026-01-20 00:00:00, WEEKLY=11, TODAY=0, YDAY=0
[LF] SM476 04APR: LASTSOLD=2026-01-06 00:00:00, WEEKLY=0, TODAY=0, YDAY=0
2026-01-25 07:27:02 | INFO     | [SUCCESS] Day 04APR
2026-01-25 07:27:02 | INFO     | [DAY_START] Processing 03APR
[LF] Processing JED-CAI for 03APR
2026-01-25 07:27:02 | INFO     | [lf.day.start] Processing JED-CAI for 03APR
[LF] JED↔Cairo route detected - querying both CAI and CCE airports
[LF] Sending SN command: SN03APRJEDCAI/ASM
[LF] Sending SN command: SN03APRJEDCCE/ASM
[LF] 03APR: found 4 direct flights
2026-01-25 07:27:04 | INFO     | [lf.day.flights_found] Found 4 flights on 03APR
2026-01-25 07:27:06 | INFO     | [lf.flight.extracted] SM460 on 03APR: BKG=167, LF=100.0%
[LF] SM460 03APR: BKG=167, GRP=135, CAP=167, LF%=100.0%, Brd-Off=JED-CAI, Classes: P:135, I:17, O:15
2026-01-25 07:27:10 | INFO     | [lf.flight.extracted] SM478 on 03APR: BKG=168, LF=96.0%
[LF] SM478 03APR: BKG=168, GRP=135, CAP=175, LF%=96.0%, Brd-Off=JED-CAI, Classes: P:135, I:17, O:16
2026-01-25 07:27:13 | INFO     | [lf.flight.extracted] SM476 on 03APR: BKG=168, LF=96.0%
[LF] SM476 03APR: BKG=168, GRP=135, CAP=175, LF%=96.0%, Brd-Off=JED-CAI, Classes: P:135, I:17, O:16
2026-01-25 07:27:16 | INFO     | [lf.flight.extracted] SM480 on 03APR: BKG=168, LF=96.0%
[LF] SM480 03APR: BKG=168, GRP=135, CAP=175, LF%=96.0%, Brd-Off=JED-CAI, Classes: P:135, I:14, O:2, U:5, X:5, T:2, W:4, S:1
[LPC] SM480 03APR: Found 0 outbound flights with connecting passengers
[LF] Getting WEEKLY/LASTSOLD data for 4 flights
[LF] SM460 03APR: LASTSOLD=2026-01-24 00:00:00, WEEKLY=3, TODAY=0, YDAY=2
[LF] SM478 03APR: LASTSOLD=2026-01-15 00:00:00, WEEKLY=0, TODAY=0, YDAY=0
[LF] SM476 03APR: LASTSOLD=2026-01-14 00:00:00, WEEKLY=0, TODAY=0, YDAY=0
[LF] SM480 03APR: LASTSOLD=2026-01-22 00:00:00, WEEKLY=3, TODAY=0, YDAY=0
2026-01-25 07:27:29 | INFO     | [SUCCESS] Day 03APR
2026-01-25 07:27:29 | INFO     | [DAY_START] Processing 02APR
[LF] Processing JED-CAI for 02APR
2026-01-25 07:27:29 | INFO     | [lf.day.start] Processing JED-CAI for 02APR
[LF] JED↔Cairo route detected - querying both CAI and CCE airports
[LF] Sending SN command: SN02APRJEDCAI/ASM
[LF] Sending SN command: SN02APRJEDCCE/ASM
[LF] 02APR: found 2 direct flights
2026-01-25 07:27:31 | INFO     | [lf.day.flights_found] Found 2 flights on 02APR
2026-01-25 07:27:33 | INFO     | [lf.flight.extracted] SM478 on 02APR: BKG=168, LF=96.0%
[LF] SM478 02APR: BKG=168, GRP=135, CAP=175, LF%=96.0%, Brd-Off=JED-CAI, Classes: P:135, I:17, O:16
2026-01-25 07:27:37 | INFO     | [lf.flight.extracted] SM476 on 02APR: BKG=197, LF=112.6%
[LF] SM476 02APR: BKG=197, GRP=180, CAP=175, LF%=112.6%, Brd-Off=JED-CAI, Classes: P:180, I:17
[LF] Getting WEEKLY/LASTSOLD data for 2 flights
[LF] SM478 02APR: LASTSOLD=2026-01-09 00:00:00, WEEKLY=0, TODAY=0, YDAY=0
[LF] SM476 02APR: LASTSOLD=2026-01-11 00:00:00, WEEKLY=0, TODAY=0, YDAY=0
2026-01-25 07:27:42 | INFO     | [SUCCESS] Day 02APR
2026-01-25 07:27:42 | INFO     | [DAY_START] Processing 01APR
[LF] Processing JED-CAI for 01APR
2026-01-25 07:27:42 | INFO     | [lf.day.start] Processing JED-CAI for 01APR
[LF] JED↔Cairo route detected - querying both CAI and CCE airports
[LF] Sending SN command: SN01APRJEDCAI/ASM
[LF] Sending SN command: SN01APRJEDCCE/ASM
[LF] 01APR: found 2 direct flights
2026-01-25 07:27:44 | INFO     | [lf.day.flights_found] Found 2 flights on 01APR
2026-01-25 07:27:46 | INFO     | [lf.flight.extracted] SM478 on 01APR: BKG=168, LF=96.0%
[LF] SM478 01APR: BKG=168, GRP=135, CAP=175, LF%=96.0%, Brd-Off=JED-CAI, Classes: P:135, I:17, O:16
2026-01-25 07:27:50 | INFO     | [lf.flight.extracted] SM476 on 01APR: BKG=168, LF=96.0%
[LF] SM476 01APR: BKG=168, GRP=135, CAP=175, LF%=96.0%, Brd-Off=JED-CAI, Classes: P:135, I:17, O:5, T:4, W:4, S:3
[LF] Getting WEEKLY/LASTSOLD data for 2 flights
[LF] SM478 01APR: LASTSOLD=2026-01-07 00:00:00, WEEKLY=0, TODAY=0, YDAY=0
[LF] SM476 01APR: LASTSOLD=2026-01-21 00:00:00, WEEKLY=1, TODAY=0, YDAY=0
2026-01-25 07:27:56 | INFO     | [SUCCESS] Day 01APR
2026-01-25 07:27:56 | INFO     | [DAY_START] Processing 31MAR
[LF] Processing JED-CAI for 31MAR
2026-01-25 07:27:56 | INFO     | [lf.day.start] Processing JED-CAI for 31MAR
[LF] JED↔Cairo route detected - querying both CAI and CCE airports
[LF] Sending SN command: SN31MARJEDCAI/ASM
[LF] Sending SN command: SN31MARJEDCCE/ASM
[LF] 31MAR: found 3 direct flights
2026-01-25 07:27:59 | INFO     | [lf.day.flights_found] Found 3 flights on 31MAR
2026-01-25 07:28:01 | INFO     | [lf.flight.extracted] SM478 on 31MAR: BKG=172, LF=98.3%
[LF] SM478 31MAR: BKG=172, GRP=130, CAP=175, LF%=98.3%, Brd-Off=JED-CAI, Classes: P:130, I:17, O:17, U:7, K:1
2026-01-25 07:28:05 | INFO     | [lf.flight.extracted] SM476 on 31MAR: BKG=168, LF=96.5%
[LF] SM476 31MAR: BKG=168, GRP=135, CAP=174, LF%=96.5%, Brd-Off=JED-CAI, Classes: P:135, I:16, O:15, H:2
2026-01-25 07:28:08 | INFO     | [lf.flight.extracted] SM480 on 31MAR: BKG=170, LF=97.1%
[LF] SM480 31MAR: BKG=170, GRP=135, CAP=175, LF%=97.1%, Brd-Off=JED-CAI, Classes: P:135, I:16, O:11, Q:8
[LF] Getting WEEKLY/LASTSOLD data for 3 flights
[LF] SM478 31MAR: LASTSOLD=2026-01-20 00:00:00, WEEKLY=2, TODAY=0, YDAY=0
[LF] SM476 31MAR: LASTSOLD=2026-01-24 00:00:00, WEEKLY=1, TODAY=0, YDAY=1
[LF] SM480 31MAR: LASTSOLD=2026-01-24 00:00:00, WEEKLY=6, TODAY=0, YDAY=4
2026-01-25 07:28:19 | INFO     | [SUCCESS] Day 31MAR
2026-01-25 07:28:19 | INFO     | [DAY_START] Processing 30MAR
[LF] Processing JED-CAI for 30MAR
2026-01-25 07:28:19 | INFO     | [lf.day.start] Processing JED-CAI for 30MAR
[LF] JED↔Cairo route detected - querying both CAI and CCE airports
[LF] Sending SN command: SN30MARJEDCAI/ASM
[LF] Sending SN command: SN30MARJEDCCE/ASM
[LF] 30MAR: found 4 direct flights
2026-01-25 07:28:21 | INFO     | [lf.day.flights_found] Found 4 flights on 30MAR
2026-01-25 07:28:23 | INFO     | [lf.flight.extracted] SM460 on 30MAR: BKG=167, LF=100.0%
[LF] SM460 30MAR: BKG=167, GRP=90, CAP=167, LF%=100.0%, Brd-Off=JED-CAI, Classes: P:90, I:17, O:17, U:17, X:17, T:4, G:5
[LPC] SM460 30MAR: Found 1 outbound flights with connecting passengers
2026-01-25 07:28:28 | INFO     | [lf.flight.extracted] SM478 on 30MAR: BKG=168, LF=96.0%
[LF] SM478 30MAR: BKG=168, GRP=90, CAP=175, LF%=96.0%, Brd-Off=JED-CAI, Classes: P:90, I:17, O:17, U:17, X:17, T:6, G:4
2026-01-25 07:28:32 | INFO     | [lf.flight.extracted] SM476 on 30MAR: BKG=257, LF=146.9%
[LF] SM476 30MAR: BKG=257, GRP=180, CAP=175, LF%=146.9%, Brd-Off=JED-CAI, Classes: P:180, I:17, O:17, U:17, X:17, K:9
[LPC] SM476 30MAR: Found 1 outbound flights with connecting passengers
2026-01-25 07:28:36 | INFO     | [lf.flight.extracted] SM480 on 30MAR: BKG=168, LF=96.0%
[LF] SM480 30MAR: BKG=168, GRP=135, CAP=175, LF%=96.0%, Brd-Off=JED-CAI, Classes: P:135, I:16, O:14, U:3
[LF] Getting WEEKLY/LASTSOLD data for 4 flights
[LF] SM460 30MAR: LASTSOLD=2026-01-19 00:00:00, WEEKLY=3, TODAY=0, YDAY=0
[LF] SM478 30MAR: LASTSOLD=2026-01-14 00:00:00, WEEKLY=0, TODAY=0, YDAY=0
[LF] SM476 30MAR: LASTSOLD=2026-01-06 00:00:00, WEEKLY=0, TODAY=0, YDAY=0
[LF] SM480 30MAR: LASTSOLD=2026-01-07 00:00:00, WEEKLY=0, TODAY=0, YDAY=0
2026-01-25 07:28:52 | INFO     | [SUCCESS] Day 30MAR
2026-01-25 07:28:52 | INFO     | [DAY_START] Processing 29MAR
[LF] Processing JED-CAI for 29MAR
2026-01-25 07:28:52 | INFO     | [lf.day.start] Processing JED-CAI for 29MAR
[LF] JED↔Cairo route detected - querying both CAI and CCE airports
[LF] Sending SN command: SN29MARJEDCAI/ASM
[LF] Sending SN command: SN29MARJEDCCE/ASM
[LF] 29MAR: found 3 direct flights
2026-01-25 07:28:55 | INFO     | [lf.day.flights_found] Found 3 flights on 29MAR
2026-01-25 07:28:57 | INFO     | [lf.flight.extracted] SM424 on 29MAR: BKG=157, LF=89.7%
[LF] SM424 29MAR: BKG=157, GRP=53, CAP=175, LF%=89.7%, Brd-Off=JED-CAI, Classes: P:50, I:17, O:17, U:15, X:18, T:16, W:11, S:8, K:5
[LPC] SM424 29MAR: Found 2 outbound flights with connecting passengers
2026-01-25 07:29:01 | INFO     | [lf.flight.extracted] SM478 on 29MAR: BKG=168, LF=96.5%
[LF] SM478 29MAR: BKG=168, GRP=90, CAP=174, LF%=96.5%, Brd-Off=JED-CAI, Classes: P:90, I:17, O:17, U:16, X:18, T:9, G:1
2026-01-25 07:29:04 | INFO     | [lf.flight.extracted] SM476 on 29MAR: BKG=170, LF=97.1%
[LF] SM476 29MAR: BKG=170, GRP=92, CAP=175, LF%=97.1%, Brd-Off=JED-CAI, Classes: P:92, I:17, O:17, U:17, X:17, T:10
[LF] Getting WEEKLY/LASTSOLD data for 3 flights
[LF] SM424 29MAR: LASTSOLD=2026-01-25 00:00:00, WEEKLY=4, TODAY=1, YDAY=0
[LF] SM478 29MAR: LASTSOLD=2026-01-24 00:00:00, WEEKLY=1, TODAY=0, YDAY=1
[LF] SM476 29MAR: LASTSOLD=2026-01-18 00:00:00, WEEKLY=3, TODAY=0, YDAY=0
2026-01-25 07:29:19 | INFO     | [SUCCESS] Day 29MAR
2026-01-25 07:29:19 | INFO     | [DAY_START] Processing 28MAR
[LF] Processing JED-CAI for 28MAR
2026-01-25 07:29:19 | INFO     | [lf.day.start] Processing JED-CAI for 28MAR
[LF] JED↔Cairo route detected - querying both CAI and CCE airports
[LF] Sending SN command: SN28MARJEDCAI/ASM
[LF] Sending SN command: SN28MARJEDCCE/ASM
[LF] 28MAR: found 7 direct flights
2026-01-25 07:29:22 | INFO     | [lf.day.flights_found] Found 7 flights on 28MAR
2026-01-25 07:29:24 | INFO     | [lf.flight.extracted] SM976 on 28MAR: BKG=175, LF=100.0%
[LF] SM976 28MAR: BKG=175, GRP=175, CAP=175, LF%=100.0%, Brd-Off=JED-CAI, Classes: P:175
2026-01-25 07:29:28 | INFO     | [lf.flight.extracted] SM450 on 28MAR: BKG=175, LF=100.0%
[LF] SM450 28MAR: BKG=175, GRP=170, CAP=175, LF%=100.0%, Brd-Off=JED-CAI, Classes: P:170, L:5
2026-01-25 07:29:32 | INFO     | [lf.flight.extracted] SM2464 on 28MAR: BKG=175, LF=100.0%
[LF] SM2464 28MAR: BKG=175, GRP=175, CAP=175, LF%=100.0%, Brd-Off=JED-CAI, Classes: P:175
2026-01-25 07:29:35 | INFO     | [lf.flight.extracted] SM476 on 28MAR: BKG=154, LF=88.0%
[LF] SM476 28MAR: BKG=154, GRP=135, CAP=175, LF%=88.0%, Brd-Off=JED-CAI, Classes: P:135, L:9, V:8, K:2
2026-01-25 07:29:39 | INFO     | [lf.flight.extracted] SM2466 on 28MAR: BKG=175, LF=100.0%
[LF] SM2466 28MAR: BKG=175, GRP=175, CAP=175, LF%=100.0%, Brd-Off=JED-CAI, Classes: P:175
2026-01-25 07:29:42 | INFO     | [lf.flight.extracted] SM478 on 28MAR: BKG=154, LF=88.0%
[LF] SM478 28MAR: BKG=154, GRP=135, CAP=175, LF%=88.0%, Brd-Off=JED-CAI, Classes: P:135, L:9, V:8, K:1, M:1
[LPC] SM478 28MAR: Found 1 outbound flights with connecting passengers
2026-01-25 07:29:48 | INFO     | [lf.flight.extracted] SM952 on 28MAR: BKG=172, LF=98.3%
[LF] SM952 28MAR: BKG=172, GRP=170, CAP=175, LF%=98.3%, Brd-Off=JED-CAI, Classes: N:2, P:170
[LF] Getting WEEKLY/LASTSOLD data for 7 flights
[LF] SM976 28MAR: LASTSOLD=2026-01-20 00:00:00, WEEKLY=1, TODAY=0, YDAY=0
[LF] SM450 28MAR: LASTSOLD=2026-01-12 00:00:00, WEEKLY=0, TODAY=0, YDAY=0
[LF] SM2464 28MAR: LASTSOLD=2026-01-19 00:00:00, WEEKLY=1, TODAY=0, YDAY=0
[LF] SM476 28MAR: LASTSOLD=2026-01-24 00:00:00, WEEKLY=10, TODAY=0, YDAY=2
[LF] SM2466 28MAR: LASTSOLD=2026-01-20 00:00:00, WEEKLY=2, TODAY=0, YDAY=0
[LF] SM478 28MAR: LASTSOLD=2026-01-24 00:00:00, WEEKLY=5, TODAY=0, YDAY=1
[LF] SM952 28MAR: LASTSOLD=2026-01-21 00:00:00, WEEKLY=2, TODAY=0, YDAY=0
2026-01-25 07:30:02 | INFO     | [SUCCESS] Day 28MAR
[LF] Results summary:
  2026-04-04: 2 flights
  2026-04-03: 4 flights
  2026-04-02: 2 flights
  2026-04-01: 2 flights
  2026-03-31: 3 flights
  2026-03-30: 4 flights
  2026-03-29: 3 flights
  2026-03-28: 7 flights
2026-01-25 07:30:02 | INFO     | [SUCCESS] LF Search Complete

============================================================
[Worker_9222] ✓ COMPLETED: JED-CAI
  Results: 8 dates
  Errors: 0 dates
  Total Processed: 40 groups
============================================================

2026-01-25 07:30:02 | INFO     | [Worker_9222] Completed: JED-CAI - 8 results, 0 errors

============================================================
[Worker_9222] Processing: JED-ATZ
  Tier 0: Range 2, Chunk 1/4
  Dates: 8 days
  Date Range: 2026-03-27 to 2026-03-20
============================================================

2026-01-25 07:30:02 | INFO     | [Worker_9222] Processing: JED-ATZ
2026-01-25 07:30:02 | INFO     |   Tier 0: Range 2, Chunk 1/4 (8 days)
2026-01-25 07:30:02 | INFO     | ======================================================================
2026-01-25 07:30:02 | INFO     | Load Factor Scraper Started - Route: JED-ATZ
2026-01-25 07:30:02 | INFO     | Log file: D:\CODERED\LAB\Artifacts\outputs\run_generated_250126_at_07.06\logs\LF_JED-ATZ_20260125_073002.log
2026-01-25 07:30:02 | INFO     | Enhanced logging: Capturing both logging.info() and print()
2026-01-25 07:30:02 | INFO     | ======================================================================
[LF] Processing dates (override): ['27MAR', '26MAR', '25MAR', '24MAR', '23MAR', '22MAR', '21MAR', '20MAR']
[LF] Attaching to Chrome for Altea access
2026-01-25 07:30:02 | INFO     | Starting LF search for route: JED-ATZ
2026-01-25 07:30:02 | INFO     | [START] LF Search
[LF][[OK] SUCCESS] Connected to Chrome on 127.0.0.1:9222 (after 1 attempts)
2026-01-25 07:30:03 | INFO     | [HEALTH CHECK] [OK] Chrome connection is healthy
[LF][[OK] SUCCESS] Found Amadeus Altea window: Altéa Reservation Desktop
[LF][[INFO] INFO] URL: https://tc212.resdesktop.altea.amadeus.com/app_ard/apf/init/login?SITE=ESMPESMP&LANGUAGE=GB&MARKETS=ARDW_PROD_WBP&ACTION=clpLogin#
2026-01-25 07:30:03 | INFO     | [DAY_START] Processing 27MAR
[LF] Processing JED-ATZ for 27MAR
2026-01-25 07:30:03 | INFO     | [lf.day.start] Processing JED-ATZ for 27MAR
[LF] Sending SN command: SN27MARJEDATZ/ASM
[LF] 27MAR: found 1 direct flights
2026-01-25 07:30:04 | INFO     | [lf.day.flights_found] Found 1 flights on 27MAR
2026-01-25 07:30:06 | INFO     | [lf.flight.extracted] SM492 on 27MAR: BKG=225, LF=128.6%
[LF] SM492 27MAR: BKG=225, GRP=225, CAP=175, LF%=128.6%, Brd-Off=JED-ATZ, Classes: P:135, E:90
[LF] Getting WEEKLY/LASTSOLD data for 1 flights
[LF] SM492 27MAR: LASTSOLD=2026-01-09 00:00:00, WEEKLY=0, TODAY=0, YDAY=0
2026-01-25 07:30:10 | INFO     | [SUCCESS] Day 27MAR
2026-01-25 07:30:10 | INFO     | [DAY_START] Processing 26MAR
[LF] Processing JED-ATZ for 26MAR
2026-01-25 07:30:10 | INFO     | [lf.day.start] Processing JED-ATZ for 26MAR
[LF] Sending SN command: SN26MARJEDATZ/ASM
[LF] 26MAR: found 5 direct flights
2026-01-25 07:30:11 | INFO     | [lf.day.flights_found] Found 5 flights on 26MAR
2026-01-25 07:30:13 | INFO     | [lf.flight.extracted] SM422 on 26MAR: BKG=180, LF=107.8%
[LF] SM422 26MAR: BKG=180, GRP=180, CAP=167, LF%=107.8%, Brd-Off=JED-ATZ, Classes: P:135, E:45
2026-01-25 07:30:17 | INFO     | [lf.flight.extracted] SM2472 on 26MAR: BKG=180, LF=104.7%
[LF] SM2472 26MAR: BKG=180, GRP=180, CAP=172, LF%=104.7%, Brd-Off=JED-ATZ, Classes: P:180
2026-01-25 07:30:21 | INFO     | [lf.flight.extracted] SM2474 on 26MAR: BKG=180, LF=102.9%
[LF] SM2474 26MAR: BKG=180, GRP=180, CAP=175, LF%=102.9%, Brd-Off=JED-ATZ, Classes: P:180
2026-01-25 07:30:25 | INFO     | [lf.flight.extracted] SM454 on 26MAR: BKG=230, LF=133.7%
[LF] SM454 26MAR: BKG=230, GRP=225, CAP=172, LF%=133.7%, Brd-Off=JED-ATZ, Classes: P:135, E:90, L:5
2026-01-25 07:30:30 | INFO     | [lf.flight.extracted] SM456 on 26MAR: BKG=186, LF=106.3%
[LF] SM456 26MAR: BKG=186, GRP=180, CAP=175, LF%=106.3%, Brd-Off=JED-ATZ, Classes: P:180, L:5, Y:1
[LF] Getting WEEKLY/LASTSOLD data for 5 flights
[LF] SM422 26MAR: LASTSOLD=2026-01-12 00:00:00, WEEKLY=0, TODAY=0, YDAY=0
[LF] SM2472 26MAR: LASTSOLD=2026-01-02 00:00:00, WEEKLY=0, TODAY=0, YDAY=0
[LF] SM2474 26MAR: LASTSOLD=2026-01-02 00:00:00, WEEKLY=0, TODAY=0, YDAY=0
[LF] SM454 26MAR: LASTSOLD=2026-01-09 00:00:00, WEEKLY=0, TODAY=0, YDAY=0
[LF] SM456 26MAR: LASTSOLD=2026-01-13 00:00:00, WEEKLY=0, TODAY=0, YDAY=0
2026-01-25 07:30:42 | INFO     | [SUCCESS] Day 26MAR
2026-01-25 07:30:42 | INFO     | [DAY_START] Processing 25MAR
[LF] Processing JED-ATZ for 25MAR
2026-01-25 07:30:42 | INFO     | [lf.day.start] Processing JED-ATZ for 25MAR
[LF] Sending SN command: SN25MARJEDATZ/ASM
[LF] 25MAR: found 1 direct flights
2026-01-25 07:30:43 | INFO     | [lf.day.flights_found] Found 1 flights on 25MAR
2026-01-25 07:30:46 | INFO     | [lf.flight.extracted] SM454 on 25MAR: BKG=228, LF=130.3%
[LF] SM454 25MAR: BKG=228, GRP=225, CAP=175, LF%=130.3%, Brd-Off=JED-ATZ, Classes: P:135, E:90, L:3
[LF] Getting WEEKLY/LASTSOLD data for 1 flights
[LF] SM454 25MAR: LASTSOLD=2026-01-09 00:00:00, WEEKLY=0, TODAY=0, YDAY=0
2026-01-25 07:30:49 | INFO     | [SUCCESS] Day 25MAR
2026-01-25 07:30:49 | INFO     | [DAY_START] Processing 24MAR
[LF] Processing JED-ATZ for 24MAR
2026-01-25 07:30:49 | INFO     | [lf.day.start] Processing JED-ATZ for 24MAR
[LF] Sending SN command: SN24MARJEDATZ/ASM
[LF] 24MAR: found 5 direct flights
2026-01-25 07:30:50 | INFO     | [lf.day.flights_found] Found 5 flights on 24MAR
2026-01-25 07:30:52 | INFO     | [lf.flight.extracted] SM2488 on 24MAR: BKG=0, LF=0.0%
[LF] SM2488 24MAR: BKG=0, GRP=0, CAP=168, LF%=0.0%, Brd-Off=JED-ATZ
2026-01-25 07:30:56 | INFO     | [lf.flight.extracted] SM454 on 24MAR: BKG=180, LF=102.9%
[LF] SM454 24MAR: BKG=180, GRP=180, CAP=175, LF%=102.9%, Brd-Off=JED-ATZ, Classes: P:135, E:45
2026-01-25 07:31:01 | INFO     | [lf.flight.extracted] SM2486 on 24MAR: BKG=180, LF=109.1%
[LF] SM2486 24MAR: BKG=180, GRP=180, CAP=165, LF%=109.1%, Brd-Off=JED-ATZ, Classes: P:180
2026-01-25 07:31:06 | INFO     | [lf.flight.extracted] SM2460 on 24MAR: BKG=180, LF=102.9%
[LF] SM2460 24MAR: BKG=180, GRP=180, CAP=175, LF%=102.9%, Brd-Off=JED-ATZ, Classes: P:180
2026-01-25 07:31:09 | INFO     | [lf.flight.extracted] SM456 on 24MAR: BKG=186, LF=108.1%
[LF] SM456 24MAR: BKG=186, GRP=180, CAP=172, LF%=108.1%, Brd-Off=JED-ATZ, Classes: P:135, E:45, S:3, L:3
[LF] Getting WEEKLY/LASTSOLD data for 4 flights
[LF] SM454 24MAR: LASTSOLD=2026-01-14 00:00:00, WEEKLY=0, TODAY=0, YDAY=0
[LF] SM2486 24MAR: LASTSOLD=2026-01-02 00:00:00, WEEKLY=0, TODAY=0, YDAY=0
[LF] SM2460 24MAR: LASTSOLD=2026-01-02 00:00:00, WEEKLY=0, TODAY=0, YDAY=0
[LF] SM456 24MAR: LASTSOLD=2026-01-12 00:00:00, WEEKLY=0, TODAY=0, YDAY=0
2026-01-25 07:31:16 | INFO     | [SUCCESS] Day 24MAR
2026-01-25 07:31:16 | INFO     | [DAY_START] Processing 23MAR
[LF] Processing JED-ATZ for 23MAR
2026-01-25 07:31:16 | INFO     | [lf.day.start] Processing JED-ATZ for 23MAR
[LF] Sending SN command: SN23MARJEDATZ/ASM
[LF] 23MAR: found 6 direct flights
2026-01-25 07:31:17 | INFO     | [lf.day.flights_found] Found 6 flights on 23MAR
2026-01-25 07:31:19 | INFO     | [lf.flight.extracted] SM954 on 23MAR: BKG=180, LF=102.9%
[LF] SM954 23MAR: BKG=180, GRP=180, CAP=175, LF%=102.9%, Brd-Off=JED-ATZ, Classes: P:180
2026-01-25 07:31:22 | INFO     | [lf.flight.extracted] SM492 on 23MAR: BKG=180, LF=102.9%
[LF] SM492 23MAR: BKG=180, GRP=180, CAP=175, LF%=102.9%, Brd-Off=JED-ATZ, Classes: P:180
2026-01-25 07:31:25 | INFO     | [lf.flight.extracted] SM456 on 23MAR: BKG=183, LF=105.2%
[LF] SM456 23MAR: BKG=183, GRP=180, CAP=174, LF%=105.2%, Brd-Off=JED-ATZ, Classes: P:135, E:45, L:3
2026-01-25 07:31:29 | INFO     | [lf.flight.extracted] SM422 on 23MAR: BKG=170, LF=97.1%
[LF] SM422 23MAR: BKG=170, GRP=155, CAP=175, LF%=97.1%, Brd-Off=JED-ATZ, Classes: P:135, E:20, L:8, V:5, M:1, Y:1
2026-01-25 07:31:32 | INFO     | [lf.flight.extracted] SM454 on 23MAR: BKG=183, LF=104.6%
[LF] SM454 23MAR: BKG=183, GRP=180, CAP=175, LF%=104.6%, Brd-Off=JED-ATZ, Classes: P:180, L:3
2026-01-25 07:31:35 | INFO     | [lf.flight.extracted] SM956 on 23MAR: BKG=180, LF=109.1%
[LF] SM956 23MAR: BKG=180, GRP=180, CAP=165, LF%=109.1%, Brd-Off=JED-ATZ, Classes: P:180
[LF] Getting WEEKLY/LASTSOLD data for 6 flights
[LF] SM954 23MAR: LASTSOLD=2025-12-28 00:00:00, WEEKLY=0, TODAY=0, YDAY=0
[LF] SM492 23MAR: LASTSOLD=2026-01-20 00:00:00, WEEKLY=1, TODAY=0, YDAY=0
[LF] SM456 23MAR: LASTSOLD=2026-01-09 00:00:00, WEEKLY=0, TODAY=0, YDAY=0
[LF] SM422 23MAR: LASTSOLD=2026-01-24 00:00:00, WEEKLY=4, TODAY=0, YDAY=1
[LF] SM454 23MAR: LASTSOLD=2026-01-13 00:00:00, WEEKLY=0, TODAY=0, YDAY=0
[LF] SM956 23MAR: LASTSOLD=2026-01-22 00:00:00, WEEKLY=2, TODAY=0, YDAY=0
2026-01-25 07:31:50 | INFO     | [SUCCESS] Day 23MAR
2026-01-25 07:31:50 | INFO     | [DAY_START] Processing 22MAR
[LF] Processing JED-ATZ for 22MAR
2026-01-25 07:31:50 | INFO     | [lf.day.start] Processing JED-ATZ for 22MAR
[LF] Sending SN command: SN22MARJEDATZ/ASM
[LF] 22MAR: found 4 direct flights
2026-01-25 07:31:51 | INFO     | [lf.day.flights_found] Found 4 flights on 22MAR
2026-01-25 07:31:53 | INFO     | [lf.flight.extracted] SM956 on 22MAR: BKG=180, LF=102.9%
[LF] SM956 22MAR: BKG=180, GRP=180, CAP=175, LF%=102.9%, Brd-Off=JED-ATZ, Classes: P:180
2026-01-25 07:31:56 | INFO     | [lf.flight.extracted] SM2448 on 22MAR: BKG=180, LF=102.9%
[LF] SM2448 22MAR: BKG=180, GRP=180, CAP=175, LF%=102.9%, Brd-Off=JED-ATZ, Classes: P:180
2026-01-25 07:31:59 | INFO     | [lf.flight.extracted] SM492 on 22MAR: BKG=180, LF=102.9%
[LF] SM492 22MAR: BKG=180, GRP=180, CAP=175, LF%=102.9%, Brd-Off=JED-ATZ, Classes: P:180
2026-01-25 07:32:02 | INFO     | [lf.flight.extracted] SM456 on 22MAR: BKG=225, LF=130.8%
[LF] SM456 22MAR: BKG=225, GRP=225, CAP=172, LF%=130.8%, Brd-Off=JED-ATZ, Classes: P:225
[LF] Getting WEEKLY/LASTSOLD data for 4 flights
[LF] SM956 22MAR: LASTSOLD=2025-12-31 00:00:00, WEEKLY=0, TODAY=0, YDAY=0
[LF] SM2448 22MAR: LASTSOLD=2026-01-02 00:00:00, WEEKLY=0, TODAY=0, YDAY=0
[LF] SM492 22MAR: LASTSOLD=2026-01-13 00:00:00, WEEKLY=0, TODAY=0, YDAY=0
[LF] SM456 22MAR: LASTSOLD=2026-01-20 00:00:00, WEEKLY=1, TODAY=0, YDAY=0
2026-01-25 07:32:09 | INFO     | [SUCCESS] Day 22MAR
2026-01-25 07:32:09 | INFO     | [DAY_START] Processing 21MAR
[LF] Processing JED-ATZ for 21MAR
2026-01-25 07:32:09 | INFO     | [lf.day.start] Processing JED-ATZ for 21MAR
[LF] Sending SN command: SN21MARJEDATZ/ASM
[LF] 21MAR: found 3 direct flights
2026-01-25 07:32:10 | INFO     | [lf.day.flights_found] Found 3 flights on 21MAR
2026-01-25 07:32:12 | INFO     | [lf.flight.extracted] SM492 on 21MAR: BKG=181, LF=103.4%
[LF] SM492 21MAR: BKG=181, GRP=180, CAP=175, LF%=103.4%, Brd-Off=JED-ATZ, Classes: P:180, Y:1
2026-01-25 07:32:15 | INFO     | [lf.flight.extracted] SM454 on 21MAR: BKG=182, LF=109.0%
[LF] SM454 21MAR: BKG=182, GRP=180, CAP=167, LF%=109.0%, Brd-Off=JED-ATZ, Classes: P:180, K:2
2026-01-25 07:32:18 | INFO     | [lf.flight.extracted] SM456 on 21MAR: BKG=184, LF=107.0%
[LF] SM456 21MAR: BKG=184, GRP=175, CAP=172, LF%=107.0%, Brd-Off=JED-ATZ, Classes: P:175, K:8, M:1
[LF] Getting WEEKLY/LASTSOLD data for 3 flights
[LF] SM492 21MAR: LASTSOLD=2026-01-05 00:00:00, WEEKLY=0, TODAY=0, YDAY=0
[LF] SM454 21MAR: LASTSOLD=2026-01-05 00:00:00, WEEKLY=0, TODAY=0, YDAY=0
[LF] SM456 21MAR: LASTSOLD=2026-01-16 00:00:00, WEEKLY=0, TODAY=0, YDAY=0
2026-01-25 07:32:23 | INFO     | [SUCCESS] Day 21MAR
2026-01-25 07:32:23 | INFO     | [DAY_START] Processing 20MAR
[LF] Processing JED-ATZ for 20MAR
2026-01-25 07:32:23 | INFO     | [lf.day.start] Processing JED-ATZ for 20MAR
[LF] Sending SN command: SN20MARJEDATZ/ASM
[LF] 20MAR: found 1 direct flights
2026-01-25 07:32:24 | INFO     | [lf.day.flights_found] Found 1 flights on 20MAR
2026-01-25 07:32:26 | INFO     | [lf.flight.extracted] SM492 on 20MAR: BKG=182, LF=104.0%
[LF] SM492 20MAR: BKG=182, GRP=180, CAP=175, LF%=104.0%, Brd-Off=JED-ATZ, Classes: P:180, M:2
[LF] Getting WEEKLY/LASTSOLD data for 1 flights
[LF] SM492 20MAR: LASTSOLD=2026-01-13 00:00:00, WEEKLY=0, TODAY=0, YDAY=0
2026-01-25 07:32:29 | INFO     | [SUCCESS] Day 20MAR
[LF] Results summary:
  2026-03-27: 1 flights
  2026-03-26: 5 flights
  2026-03-25: 1 flights
  2026-03-24: 5 flights
  2026-03-23: 6 flights
  2026-03-22: 4 flights
  2026-03-21: 3 flights
  2026-03-20: 1 flights
2026-01-25 07:32:29 | INFO     | [SUCCESS] LF Search Complete

============================================================
[Worker_9222] ✓ COMPLETED: JED-ATZ
  Results: 8 dates
  Errors: 0 dates
  Total Processed: 41 groups
============================================================

2026-01-25 07:32:29 | INFO     | [Worker_9222] Completed: JED-ATZ - 8 results, 0 errors

============================================================
[Worker_9222] Processing: LXR-JED
  Tier 0: Range 2, Chunk 1/4
  Dates: 8 days
  Date Range: 2026-03-27 to 2026-03-20
============================================================

2026-01-25 07:32:29 | INFO     | [Worker_9222] Processing: LXR-JED
2026-01-25 07:32:29 | INFO     |   Tier 0: Range 2, Chunk 1/4 (8 days)
2026-01-25 07:32:29 | INFO     | ======================================================================
2026-01-25 07:32:29 | INFO     | Load Factor Scraper Started - Route: LXR-JED
2026-01-25 07:32:29 | INFO     | Log file: D:\CODERED\LAB\Artifacts\outputs\run_generated_250126_at_07.06\logs\LF_LXR-JED_20260125_073229.log
2026-01-25 07:32:29 | INFO     | Enhanced logging: Capturing both logging.info() and print()
2026-01-25 07:32:29 | INFO     | ======================================================================
[LF] Processing dates (override): ['27MAR', '26MAR', '25MAR', '24MAR', '23MAR', '22MAR', '21MAR', '20MAR']
[LF] Attaching to Chrome for Altea access
2026-01-25 07:32:29 | INFO     | Starting LF search for route: LXR-JED
2026-01-25 07:32:29 | INFO     | [START] LF Search
[LF][[OK] SUCCESS] Connected to Chrome on 127.0.0.1:9222 (after 1 attempts)
2026-01-25 07:32:29 | INFO     | [HEALTH CHECK] [OK] Chrome connection is healthy
[LF][[OK] SUCCESS] Found Amadeus Altea window: Altéa Reservation Desktop
[LF][[INFO] INFO] URL: https://tc212.resdesktop.altea.amadeus.com/app_ard/apf/init/login?SITE=ESMPESMP&LANGUAGE=GB&MARKETS=ARDW_PROD_WBP&ACTION=clpLogin#
2026-01-25 07:32:29 | INFO     | [DAY_START] Processing 27MAR
[LF] Processing LXR-JED for 27MAR
2026-01-25 07:32:29 | INFO     | [lf.day.start] Processing LXR-JED for 27MAR
[LF] Sending SN command: SN27MARLXRJED/ASM
[LF] No direct flights on 27MAR for LXR-JED
2026-01-25 07:32:31 | WARNING  | [lf.day.no_flights] No direct flights on 27MAR
2026-01-25 07:32:31 | INFO     | [SUCCESS] Day 27MAR
2026-01-25 07:32:31 | INFO     | [DAY_START] Processing 26MAR
[LF] Processing LXR-JED for 26MAR
2026-01-25 07:32:31 | INFO     | [lf.day.start] Processing LXR-JED for 26MAR
[LF] Sending SN command: SN26MARLXRJED/ASM
[LF] No direct flights on 26MAR for LXR-JED
2026-01-25 07:32:32 | WARNING  | [lf.day.no_flights] No direct flights on 26MAR
2026-01-25 07:32:32 | INFO     | [SUCCESS] Day 26MAR
2026-01-25 07:32:32 | INFO     | [DAY_START] Processing 25MAR
[LF] Processing LXR-JED for 25MAR
2026-01-25 07:32:32 | INFO     | [lf.day.start] Processing LXR-JED for 25MAR
[LF] Sending SN command: SN25MARLXRJED/ASM
[LF] 25MAR: found 1 direct flights
2026-01-25 07:32:33 | INFO     | [lf.day.flights_found] Found 1 flights on 25MAR
2026-01-25 07:32:35 | INFO     | [lf.flight.extracted] SM965 on 25MAR: BKG=0, LF=0.0%
[LF] SM965 25MAR: BKG=0, GRP=0, CAP=179, LF%=0.0%, Brd-Off=LXR-JED
2026-01-25 07:32:36 | INFO     | [SUCCESS] Day 25MAR
2026-01-25 07:32:36 | INFO     | [DAY_START] Processing 24MAR
[LF] Processing LXR-JED for 24MAR
2026-01-25 07:32:36 | INFO     | [lf.day.start] Processing LXR-JED for 24MAR
[LF] Sending SN command: SN24MARLXRJED/ASM
[LF] 24MAR: found 5 direct flights
2026-01-25 07:32:37 | INFO     | [lf.day.flights_found] Found 5 flights on 24MAR
2026-01-25 07:32:39 | INFO     | [lf.flight.extracted] SM429 on 24MAR: BKG=0, LF=0.0%
[LF] SM429 24MAR: BKG=0, GRP=0, CAP=179, LF%=0.0%, Brd-Off=LXR-JED
2026-01-25 07:32:42 | INFO     | [lf.flight.extracted] SM967 on 24MAR: BKG=0, LF=0.0%
[LF] SM967 24MAR: BKG=0, GRP=0, CAP=179, LF%=0.0%, Brd-Off=LXR-JED
2026-01-25 07:32:45 | INFO     | [lf.flight.extracted] SM483 on 24MAR: BKG=0, LF=0.0%
[LF] SM483 24MAR: BKG=0, GRP=0, CAP=179, LF%=0.0%, Brd-Off=LXR-JED
2026-01-25 07:32:48 | INFO     | [lf.flight.extracted] SM981 on 24MAR: BKG=0, LF=0.0%
[LF] SM981 24MAR: BKG=0, GRP=0, CAP=176, LF%=0.0%, Brd-Off=LXR-JED
2026-01-25 07:32:51 | INFO     | [lf.flight.extracted] SM959 on 24MAR: BKG=0, LF=0.0%
[LF] SM959 24MAR: BKG=0, GRP=0, CAP=179, LF%=0.0%, Brd-Off=LXR-JED
2026-01-25 07:32:53 | INFO     | [SUCCESS] Day 24MAR
2026-01-25 07:32:53 | INFO     | [DAY_START] Processing 23MAR
[LF] Processing LXR-JED for 23MAR
2026-01-25 07:32:53 | INFO     | [lf.day.start] Processing LXR-JED for 23MAR
[LF] Sending SN command: SN23MARLXRJED/ASM
[LF] 23MAR: found 2 direct flights
2026-01-25 07:32:54 | INFO     | [lf.day.flights_found] Found 2 flights on 23MAR
2026-01-25 07:32:56 | INFO     | [lf.flight.extracted] SM939 on 23MAR: BKG=0, LF=0.0%
[LF] SM939 23MAR: BKG=0, GRP=0, CAP=179, LF%=0.0%, Brd-Off=LXR-JED
2026-01-25 07:32:59 | INFO     | [lf.flight.extracted] SM481 on 23MAR: BKG=0, LF=0.0%
[LF] SM481 23MAR: BKG=0, GRP=0, CAP=179, LF%=0.0%, Brd-Off=LXR-JED
2026-01-25 07:33:00 | INFO     | [SUCCESS] Day 23MAR
2026-01-25 07:33:00 | INFO     | [DAY_START] Processing 22MAR
[LF] Processing LXR-JED for 22MAR
2026-01-25 07:33:00 | INFO     | [lf.day.start] Processing LXR-JED for 22MAR
[LF] Sending SN command: SN22MARLXRJED/ASM
[LF] No direct flights on 22MAR for LXR-JED
2026-01-25 07:33:02 | WARNING  | [lf.day.no_flights] No direct flights on 22MAR
2026-01-25 07:33:02 | INFO     | [SUCCESS] Day 22MAR
2026-01-25 07:33:02 | INFO     | [DAY_START] Processing 21MAR
[LF] Processing LXR-JED for 21MAR
2026-01-25 07:33:02 | INFO     | [lf.day.start] Processing LXR-JED for 21MAR
[LF] Sending SN command: SN21MARLXRJED/ASM
[LF] No direct flights on 21MAR for LXR-JED
2026-01-25 07:33:03 | WARNING  | [lf.day.no_flights] No direct flights on 21MAR
2026-01-25 07:33:03 | INFO     | [SUCCESS] Day 21MAR
2026-01-25 07:33:03 | INFO     | [DAY_START] Processing 20MAR
[LF] Processing LXR-JED for 20MAR
2026-01-25 07:33:03 | INFO     | [lf.day.start] Processing LXR-JED for 20MAR
[LF] Sending SN command: SN20MARLXRJED/ASM
[LF] No direct flights on 20MAR for LXR-JED
2026-01-25 07:33:04 | WARNING  | [lf.day.no_flights] No direct flights on 20MAR
2026-01-25 07:33:04 | INFO     | [SUCCESS] Day 20MAR
[LF] Results summary:
  2026-03-27: 0 flights
  2026-03-26: 0 flights
  2026-03-25: 1 flights
  2026-03-24: 5 flights
  2026-03-23: 2 flights
  2026-03-22: 0 flights
  2026-03-21: 0 flights
  2026-03-20: 0 flights
2026-01-25 07:33:04 | INFO     | [SUCCESS] LF Search Complete

============================================================
[Worker_9222] ✓ COMPLETED: LXR-JED
  Results: 8 dates
  Errors: 0 dates
  Total Processed: 42 groups
============================================================

2026-01-25 07:33:04 | INFO     | [Worker_9222] Completed: LXR-JED - 8 results, 0 errors

============================================================
[Worker_9222] Processing: ATZ-DMM
  Tier 0: Range 2, Chunk 1/4
  Dates: 8 days
  Date Range: 2026-03-27 to 2026-03-20
============================================================

2026-01-25 07:33:04 | INFO     | [Worker_9222] Processing: ATZ-DMM
2026-01-25 07:33:04 | INFO     |   Tier 0: Range 2, Chunk 1/4 (8 days)
2026-01-25 07:33:04 | INFO     | ======================================================================
2026-01-25 07:33:04 | INFO     | Load Factor Scraper Started - Route: ATZ-DMM
2026-01-25 07:33:04 | INFO     | Log file: D:\CODERED\LAB\Artifacts\outputs\run_generated_250126_at_07.06\logs\LF_ATZ-DMM_20260125_073304.log
2026-01-25 07:33:04 | INFO     | Enhanced logging: Capturing both logging.info() and print()
2026-01-25 07:33:04 | INFO     | ======================================================================
[LF] Processing dates (override): ['27MAR', '26MAR', '25MAR', '24MAR', '23MAR', '22MAR', '21MAR', '20MAR']
[LF] Attaching to Chrome for Altea access
2026-01-25 07:33:04 | INFO     | Starting LF search for route: ATZ-DMM
2026-01-25 07:33:04 | INFO     | [START] LF Search
[LF][[OK] SUCCESS] Connected to Chrome on 127.0.0.1:9222 (after 1 attempts)
2026-01-25 07:33:05 | INFO     | [HEALTH CHECK] [OK] Chrome connection is healthy
[LF][[OK] SUCCESS] Found Amadeus Altea window: Altéa Reservation Desktop
[LF][[INFO] INFO] URL: https://tc212.resdesktop.altea.amadeus.com/app_ard/apf/init/login?SITE=ESMPESMP&LANGUAGE=GB&MARKETS=ARDW_PROD_WBP&ACTION=clpLogin#
2026-01-25 07:33:05 | INFO     | [DAY_START] Processing 27MAR
[LF] Processing ATZ-DMM for 27MAR
2026-01-25 07:33:05 | INFO     | [lf.day.start] Processing ATZ-DMM for 27MAR
[LF] Sending SN command: SN27MARATZDMM/ASM
[LF] 27MAR: found 1 direct flights
2026-01-25 07:33:07 | INFO     | [lf.day.flights_found] Found 1 flights on 27MAR
2026-01-25 07:33:09 | INFO     | [lf.flight.extracted] SM437 on 27MAR: BKG=68, LF=38.0%
[LF] SM437 27MAR: BKG=68, GRP=0, CAP=179, LF%=38.0%, Brd-Off=ATZ-DMM, Classes: X:9, T:4, W:5, G:5, V:9, H:13, M:16, B:6, Y:1
[LF] Getting WEEKLY/LASTSOLD data for 1 flights
[LF] SM437 27MAR: LASTSOLD=2026-01-22 00:00:00, WEEKLY=5, TODAY=0, YDAY=0
2026-01-25 07:33:14 | INFO     | [SUCCESS] Day 27MAR
2026-01-25 07:33:14 | INFO     | [DAY_START] Processing 26MAR
[LF] Processing ATZ-DMM for 26MAR
2026-01-25 07:33:14 | INFO     | [lf.day.start] Processing ATZ-DMM for 26MAR
[LF] Sending SN command: SN26MARATZDMM/ASM
[LF] No direct flights on 26MAR for ATZ-DMM
2026-01-25 07:33:16 | WARNING  | [lf.day.no_flights] No direct flights on 26MAR
2026-01-25 07:33:16 | INFO     | [SUCCESS] Day 26MAR
2026-01-25 07:33:16 | INFO     | [DAY_START] Processing 25MAR
[LF] Processing ATZ-DMM for 25MAR
2026-01-25 07:33:16 | INFO     | [lf.day.start] Processing ATZ-DMM for 25MAR
[LF] Sending SN command: SN25MARATZDMM/ASM
[LF] No direct flights on 25MAR for ATZ-DMM
2026-01-25 07:33:17 | WARNING  | [lf.day.no_flights] No direct flights on 25MAR
2026-01-25 07:33:17 | INFO     | [SUCCESS] Day 25MAR
2026-01-25 07:33:17 | INFO     | [DAY_START] Processing 24MAR
[LF] Processing ATZ-DMM for 24MAR
2026-01-25 07:33:17 | INFO     | [lf.day.start] Processing ATZ-DMM for 24MAR
[LF] Sending SN command: SN24MARATZDMM/ASM
[LF] No direct flights on 24MAR for ATZ-DMM
2026-01-25 07:33:18 | WARNING  | [lf.day.no_flights] No direct flights on 24MAR
2026-01-25 07:33:18 | INFO     | [SUCCESS] Day 24MAR
2026-01-25 07:33:18 | INFO     | [DAY_START] Processing 23MAR
[LF] Processing ATZ-DMM for 23MAR
2026-01-25 07:33:18 | INFO     | [lf.day.start] Processing ATZ-DMM for 23MAR
[LF] Sending SN command: SN23MARATZDMM/ASM
[LF] 23MAR: found 1 direct flights
2026-01-25 07:33:19 | INFO     | [lf.day.flights_found] Found 1 flights on 23MAR
2026-01-25 07:33:21 | INFO     | [lf.flight.extracted] SM437 on 23MAR: BKG=23, LF=13.1%
[LF] SM437 23MAR: BKG=23, GRP=0, CAP=176, LF%=13.1%, Brd-Off=ATZ-DMM, Classes: X:5, S:4, G:6, K:5, Q:1, H:1, Y:1
[LF] Getting WEEKLY/LASTSOLD data for 1 flights
[LF] SM437 23MAR: LASTSOLD=2026-01-22 00:00:00, WEEKLY=7, TODAY=0, YDAY=0
2026-01-25 07:33:25 | INFO     | [SUCCESS] Day 23MAR
2026-01-25 07:33:25 | INFO     | [DAY_START] Processing 22MAR
[LF] Processing ATZ-DMM for 22MAR
2026-01-25 07:33:25 | INFO     | [lf.day.start] Processing ATZ-DMM for 22MAR
[LF] Sending SN command: SN22MARATZDMM/ASM
[LF] No direct flights on 22MAR for ATZ-DMM
2026-01-25 07:33:27 | WARNING  | [lf.day.no_flights] No direct flights on 22MAR
2026-01-25 07:33:27 | INFO     | [SUCCESS] Day 22MAR
2026-01-25 07:33:27 | INFO     | [DAY_START] Processing 21MAR
[LF] Processing ATZ-DMM for 21MAR
2026-01-25 07:33:27 | INFO     | [lf.day.start] Processing ATZ-DMM for 21MAR
[LF] Sending SN command: SN21MARATZDMM/ASM
[LF] No direct flights on 21MAR for ATZ-DMM
2026-01-25 07:33:28 | WARNING  | [lf.day.no_flights] No direct flights on 21MAR
2026-01-25 07:33:28 | INFO     | [SUCCESS] Day 21MAR
2026-01-25 07:33:28 | INFO     | [DAY_START] Processing 20MAR
[LF] Processing ATZ-DMM for 20MAR
2026-01-25 07:33:28 | INFO     | [lf.day.start] Processing ATZ-DMM for 20MAR
[LF] Sending SN command: SN20MARATZDMM/ASM
[LF] 20MAR: found 1 direct flights
2026-01-25 07:33:29 | INFO     | [lf.day.flights_found] Found 1 flights on 20MAR
2026-01-25 07:33:31 | INFO     | [lf.flight.extracted] SM437 on 20MAR: BKG=1, LF=0.6%
[LF] SM437 20MAR: BKG=1, GRP=0, CAP=176, LF%=0.6%, Brd-Off=ATZ-DMM, Classes: I:1
[LF] Getting WEEKLY/LASTSOLD data for 1 flights
[LF] SM437 20MAR: LASTSOLD=2026-01-08 00:00:00, WEEKLY=0, TODAY=0, YDAY=0
2026-01-25 07:33:34 | INFO     | [SUCCESS] Day 20MAR
[LF] Results summary:
  2026-03-27: 1 flights
  2026-03-26: 0 flights
  2026-03-25: 0 flights
  2026-03-24: 0 flights
  2026-03-23: 1 flights
  2026-03-22: 0 flights
  2026-03-21: 0 flights
  2026-03-20: 1 flights
2026-01-25 07:33:34 | INFO     | [SUCCESS] LF Search Complete

============================================================
[Worker_9222] ✓ COMPLETED: ATZ-DMM
  Results: 8 dates
  Errors: 0 dates
  Total Processed: 43 groups
============================================================

2026-01-25 07:33:34 | INFO     | [Worker_9222] Completed: ATZ-DMM - 8 results, 0 errors

============================================================
[Worker_9222] Processing: CAI-AJF
  Tier 0: Range 2, Chunk 1/4
  Dates: 8 days
  Date Range: 2026-03-27 to 2026-03-20
============================================================

2026-01-25 07:33:34 | INFO     | [Worker_9222] Processing: CAI-AJF
2026-01-25 07:33:34 | INFO     |   Tier 0: Range 2, Chunk 1/4 (8 days)
2026-01-25 07:33:34 | INFO     | ======================================================================
2026-01-25 07:33:34 | INFO     | Load Factor Scraper Started - Route: CAI-AJF
2026-01-25 07:33:34 | INFO     | Log file: D:\CODERED\LAB\Artifacts\outputs\run_generated_250126_at_07.06\logs\LF_CAI-AJF_20260125_073334.log
2026-01-25 07:33:34 | INFO     | Enhanced logging: Capturing both logging.info() and print()
2026-01-25 07:33:34 | INFO     | ======================================================================
[LF] Processing dates (override): ['27MAR', '26MAR', '25MAR', '24MAR', '23MAR', '22MAR', '21MAR', '20MAR']
[LF] Attaching to Chrome for Altea access
2026-01-25 07:33:34 | INFO     | Starting LF search for route: CAI-AJF
2026-01-25 07:33:34 | INFO     | [START] LF Search
[LF][[OK] SUCCESS] Connected to Chrome on 127.0.0.1:9222 (after 1 attempts)
2026-01-25 07:33:34 | INFO     | [HEALTH CHECK] [OK] Chrome connection is healthy
[LF][[OK] SUCCESS] Found Amadeus Altea window: Altéa Reservation Desktop
[LF][[INFO] INFO] URL: https://tc212.resdesktop.altea.amadeus.com/app_ard/apf/init/login?SITE=ESMPESMP&LANGUAGE=GB&MARKETS=ARDW_PROD_WBP&ACTION=clpLogin#
2026-01-25 07:33:34 | INFO     | [DAY_START] Processing 27MAR
[LF] Processing CAI-AJF for 27MAR
2026-01-25 07:33:34 | INFO     | [lf.day.start] Processing CAI-AJF for 27MAR
[LF] Sending SN command: SN27MARCAIAJF/ASM
[LF] No direct flights on 27MAR for CAI-AJF
2026-01-25 07:33:36 | WARNING  | [lf.day.no_flights] No direct flights on 27MAR
2026-01-25 07:33:36 | INFO     | [SUCCESS] Day 27MAR
2026-01-25 07:33:36 | INFO     | [DAY_START] Processing 26MAR
[LF] Processing CAI-AJF for 26MAR
2026-01-25 07:33:36 | INFO     | [lf.day.start] Processing CAI-AJF for 26MAR
[LF] Sending SN command: SN26MARCAIAJF/ASM
[LF] 26MAR: found 1 direct flights
2026-01-25 07:33:37 | INFO     | [lf.day.flights_found] Found 1 flights on 26MAR
2026-01-25 07:33:39 | INFO     | [lf.flight.extracted] SM321 on 26MAR: BKG=41, LF=22.9%
[LF] SM321 26MAR: BKG=41, GRP=0, CAP=179, LF%=22.9%, Brd-Off=CAI-AJF, Classes: W:1, S:2, K:6, Q:11, H:10, M:9, B:2
[LF] Getting WEEKLY/LASTSOLD data for 1 flights
[LF] SM321 26MAR: LASTSOLD=2026-01-24 00:00:00, WEEKLY=1, TODAY=0, YDAY=1
2026-01-25 07:33:42 | INFO     | [SUCCESS] Day 26MAR
2026-01-25 07:33:42 | INFO     | [DAY_START] Processing 25MAR
[LF] Processing CAI-AJF for 25MAR
2026-01-25 07:33:42 | INFO     | [lf.day.start] Processing CAI-AJF for 25MAR
[LF] Sending SN command: SN25MARCAIAJF/ASM
[LF] No direct flights on 25MAR for CAI-AJF
2026-01-25 07:33:44 | WARNING  | [lf.day.no_flights] No direct flights on 25MAR
2026-01-25 07:33:44 | INFO     | [SUCCESS] Day 25MAR
2026-01-25 07:33:44 | INFO     | [DAY_START] Processing 24MAR
[LF] Processing CAI-AJF for 24MAR
2026-01-25 07:33:44 | INFO     | [lf.day.start] Processing CAI-AJF for 24MAR
[LF] Sending SN command: SN24MARCAIAJF/ASM
[LF] 24MAR: found 1 direct flights
2026-01-25 07:33:45 | INFO     | [lf.day.flights_found] Found 1 flights on 24MAR
2026-01-25 07:33:47 | INFO     | [lf.flight.extracted] SM321 on 24MAR: BKG=46, LF=25.7%
[LF] SM321 24MAR: BKG=46, GRP=0, CAP=179, LF%=25.7%, Brd-Off=CAI-AJF, Classes: G:13, L:15, V:14, K:3, Q:1
[LF] Getting WEEKLY/LASTSOLD data for 1 flights
[LF] SM321 24MAR: LASTSOLD=2026-01-24 00:00:00, WEEKLY=21, TODAY=0, YDAY=3
2026-01-25 07:33:51 | INFO     | [SUCCESS] Day 24MAR
2026-01-25 07:33:51 | INFO     | [DAY_START] Processing 23MAR
[LF] Processing CAI-AJF for 23MAR
2026-01-25 07:33:51 | INFO     | [lf.day.start] Processing CAI-AJF for 23MAR
[LF] Sending SN command: SN23MARCAIAJF/ASM
[LF] No direct flights on 23MAR for CAI-AJF
2026-01-25 07:33:52 | WARNING  | [lf.day.no_flights] No direct flights on 23MAR
2026-01-25 07:33:52 | INFO     | [SUCCESS] Day 23MAR
2026-01-25 07:33:52 | INFO     | [DAY_START] Processing 22MAR
[LF] Processing CAI-AJF for 22MAR
2026-01-25 07:33:52 | INFO     | [lf.day.start] Processing CAI-AJF for 22MAR
[LF] Sending SN command: SN22MARCAIAJF/ASM
[LF] No direct flights on 22MAR for CAI-AJF
2026-01-25 07:33:53 | WARNING  | [lf.day.no_flights] No direct flights on 22MAR
2026-01-25 07:33:53 | INFO     | [SUCCESS] Day 22MAR
2026-01-25 07:33:53 | INFO     | [DAY_START] Processing 21MAR
[LF] Processing CAI-AJF for 21MAR
2026-01-25 07:33:53 | INFO     | [lf.day.start] Processing CAI-AJF for 21MAR
[LF] Sending SN command: SN21MARCAIAJF/ASM
[LF] 21MAR: found 1 direct flights
2026-01-25 07:33:54 | INFO     | [lf.day.flights_found] Found 1 flights on 21MAR
2026-01-25 07:33:56 | INFO     | [lf.flight.extracted] SM321 on 21MAR: BKG=17, LF=9.5%
[LF] SM321 21MAR: BKG=17, GRP=0, CAP=179, LF%=9.5%, Brd-Off=CAI-AJF, Classes: I:4, O:7, U:5, W:1
[LF] Getting WEEKLY/LASTSOLD data for 1 flights
[LF] SM321 21MAR: LASTSOLD=2026-01-23 00:00:00, WEEKLY=2, TODAY=0, YDAY=0
2026-01-25 07:33:59 | INFO     | [SUCCESS] Day 21MAR
2026-01-25 07:33:59 | INFO     | [DAY_START] Processing 20MAR
[LF] Processing CAI-AJF for 20MAR
2026-01-25 07:33:59 | INFO     | [lf.day.start] Processing CAI-AJF for 20MAR
[LF] Sending SN command: SN20MARCAIAJF/ASM
[LF] No direct flights on 20MAR for CAI-AJF
2026-01-25 07:34:00 | WARNING  | [lf.day.no_flights] No direct flights on 20MAR
2026-01-25 07:34:00 | INFO     | [SUCCESS] Day 20MAR
[LF] Results summary:
  2026-03-27: 0 flights
  2026-03-26: 1 flights
  2026-03-25: 0 flights
  2026-03-24: 1 flights
  2026-03-23: 0 flights
  2026-03-22: 0 flights
  2026-03-21: 1 flights
  2026-03-20: 0 flights
2026-01-25 07:34:00 | INFO     | [SUCCESS] LF Search Complete

============================================================
[Worker_9222] ✓ COMPLETED: CAI-AJF
  Results: 8 dates
  Errors: 0 dates
  Total Processed: 44 groups
============================================================

2026-01-25 07:34:00 | INFO     | [Worker_9222] Completed: CAI-AJF - 8 results, 0 errors

============================================================
[Worker_9222] Processing: CAI-ELQ
  Tier 0: Range 2, Chunk 1/4
  Dates: 8 days
  Date Range: 2026-03-27 to 2026-03-20
============================================================

2026-01-25 07:34:00 | INFO     | [Worker_9222] Processing: CAI-ELQ
2026-01-25 07:34:00 | INFO     |   Tier 0: Range 2, Chunk 1/4 (8 days)
2026-01-25 07:34:00 | INFO     | ======================================================================
2026-01-25 07:34:00 | INFO     | Load Factor Scraper Started - Route: CAI-ELQ
2026-01-25 07:34:00 | INFO     | Log file: D:\CODERED\LAB\Artifacts\outputs\run_generated_250126_at_07.06\logs\LF_CAI-ELQ_20260125_073400.log
2026-01-25 07:34:00 | INFO     | Enhanced logging: Capturing both logging.info() and print()
2026-01-25 07:34:00 | INFO     | ======================================================================
[LF] Processing dates (override): ['27MAR', '26MAR', '25MAR', '24MAR', '23MAR', '22MAR', '21MAR', '20MAR']
[LF] Attaching to Chrome for Altea access
2026-01-25 07:34:00 | INFO     | Starting LF search for route: CAI-ELQ
2026-01-25 07:34:00 | INFO     | [START] LF Search
[LF][[OK] SUCCESS] Connected to Chrome on 127.0.0.1:9222 (after 1 attempts)
2026-01-25 07:34:01 | INFO     | [HEALTH CHECK] [OK] Chrome connection is healthy
[LF][[OK] SUCCESS] Found Amadeus Altea window: Altéa Reservation Desktop
[LF][[INFO] INFO] URL: https://tc212.resdesktop.altea.amadeus.com/app_ard/apf/init/login?SITE=ESMPESMP&LANGUAGE=GB&MARKETS=ARDW_PROD_WBP&ACTION=clpLogin#
2026-01-25 07:34:01 | INFO     | [DAY_START] Processing 27MAR
[LF] Processing CAI-ELQ for 27MAR
2026-01-25 07:34:01 | INFO     | [lf.day.start] Processing CAI-ELQ for 27MAR
[LF] Sending SN command: SN27MARCAIELQ/ASM
[LF] 27MAR: found 1 direct flights
2026-01-25 07:34:02 | INFO     | [lf.day.flights_found] Found 1 flights on 27MAR
2026-01-25 07:34:04 | INFO     | [lf.flight.extracted] SM427 on 27MAR: BKG=63, LF=35.2%
[LF] SM427 27MAR: BKG=63, GRP=0, CAP=179, LF%=35.2%, Brd-Off=CAI-ELQ, Classes: U:4, S:1, G:2, L:7, V:12, K:8, Q:11, H:10, M:5, B:3
[LF] Getting WEEKLY/LASTSOLD data for 1 flights
[LF] SM427 27MAR: LASTSOLD=2026-01-23 00:00:00, WEEKLY=7, TODAY=0, YDAY=0
2026-01-25 07:34:08 | INFO     | [SUCCESS] Day 27MAR
2026-01-25 07:34:08 | INFO     | [DAY_START] Processing 26MAR
[LF] Processing CAI-ELQ for 26MAR
2026-01-25 07:34:08 | INFO     | [lf.day.start] Processing CAI-ELQ for 26MAR
[LF] Sending SN command: SN26MARCAIELQ/ASM
[LF] 26MAR: found 1 direct flights
2026-01-25 07:34:09 | INFO     | [lf.day.flights_found] Found 1 flights on 26MAR
2026-01-25 07:34:11 | INFO     | [lf.flight.extracted] SM427 on 26MAR: BKG=23, LF=12.8%
[LF] SM427 26MAR: BKG=23, GRP=0, CAP=179, LF%=12.8%, Brd-Off=CAI-ELQ, Classes: W:1, S:3, G:5, L:3, V:2, K:4, Q:5
[LF] Getting WEEKLY/LASTSOLD data for 1 flights
[LF] SM427 26MAR: LASTSOLD=2026-01-23 00:00:00, WEEKLY=5, TODAY=0, YDAY=0
2026-01-25 07:34:15 | INFO     | [SUCCESS] Day 26MAR
2026-01-25 07:34:15 | INFO     | [DAY_START] Processing 25MAR
[LF] Processing CAI-ELQ for 25MAR
2026-01-25 07:34:15 | INFO     | [lf.day.start] Processing CAI-ELQ for 25MAR
[LF] Sending SN command: SN25MARCAIELQ/ASM
[LF] No direct flights on 25MAR for CAI-ELQ
2026-01-25 07:34:16 | WARNING  | [lf.day.no_flights] No direct flights on 25MAR
2026-01-25 07:34:16 | INFO     | [SUCCESS] Day 25MAR
2026-01-25 07:34:16 | INFO     | [DAY_START] Processing 24MAR
[LF] Processing CAI-ELQ for 24MAR
2026-01-25 07:34:16 | INFO     | [lf.day.start] Processing CAI-ELQ for 24MAR
[LF] Sending SN command: SN24MARCAIELQ/ASM
[LF] No direct flights on 24MAR for CAI-ELQ
2026-01-25 07:34:17 | WARNING  | [lf.day.no_flights] No direct flights on 24MAR
2026-01-25 07:34:17 | INFO     | [SUCCESS] Day 24MAR
2026-01-25 07:34:17 | INFO     | [DAY_START] Processing 23MAR
[LF] Processing CAI-ELQ for 23MAR
2026-01-25 07:34:17 | INFO     | [lf.day.start] Processing CAI-ELQ for 23MAR
[LF] Sending SN command: SN23MARCAIELQ/ASM
[LF] No direct flights on 23MAR for CAI-ELQ
2026-01-25 07:34:18 | WARNING  | [lf.day.no_flights] No direct flights on 23MAR
2026-01-25 07:34:18 | INFO     | [SUCCESS] Day 23MAR
2026-01-25 07:34:18 | INFO     | [DAY_START] Processing 22MAR
[LF] Processing CAI-ELQ for 22MAR
2026-01-25 07:34:18 | INFO     | [lf.day.start] Processing CAI-ELQ for 22MAR
[LF] Sending SN command: SN22MARCAIELQ/ASM
[LF] 22MAR: found 1 direct flights
2026-01-25 07:34:19 | INFO     | [lf.day.flights_found] Found 1 flights on 22MAR
2026-01-25 07:34:21 | INFO     | [lf.flight.extracted] SM427 on 22MAR: BKG=5, LF=2.8%
[LF] SM427 22MAR: BKG=5, GRP=0, CAP=179, LF%=2.8%, Brd-Off=CAI-ELQ, Classes: W:5
[LF] Getting WEEKLY/LASTSOLD data for 1 flights
[LF] SM427 22MAR: LASTSOLD=2026-01-22 00:00:00, WEEKLY=5, TODAY=0, YDAY=0
2026-01-25 07:34:24 | INFO     | [SUCCESS] Day 22MAR
2026-01-25 07:34:24 | INFO     | [DAY_START] Processing 21MAR
[LF] Processing CAI-ELQ for 21MAR
2026-01-25 07:34:24 | INFO     | [lf.day.start] Processing CAI-ELQ for 21MAR
[LF] Sending SN command: SN21MARCAIELQ/ASM
[LF] No direct flights on 21MAR for CAI-ELQ
2026-01-25 07:34:25 | WARNING  | [lf.day.no_flights] No direct flights on 21MAR
2026-01-25 07:34:25 | INFO     | [SUCCESS] Day 21MAR
2026-01-25 07:34:25 | INFO     | [DAY_START] Processing 20MAR
[LF] Processing CAI-ELQ for 20MAR
2026-01-25 07:34:25 | INFO     | [lf.day.start] Processing CAI-ELQ for 20MAR
[LF] Sending SN command: SN20MARCAIELQ/ASM
[LF] 20MAR: found 1 direct flights
2026-01-25 07:34:26 | INFO     | [lf.day.flights_found] Found 1 flights on 20MAR
2026-01-25 07:34:28 | INFO     | [lf.flight.extracted] SM427 on 20MAR: BKG=3, LF=1.7%
[LF] SM427 20MAR: BKG=3, GRP=0, CAP=179, LF%=1.7%, Brd-Off=CAI-ELQ, Classes: I:2, W:1
[LF] Getting WEEKLY/LASTSOLD data for 1 flights
[LF] SM427 20MAR: LASTSOLD=2025-12-18 00:00:00, WEEKLY=0, TODAY=0, YDAY=0
2026-01-25 07:34:31 | INFO     | [SUCCESS] Day 20MAR
[LF] Results summary:
  2026-03-27: 1 flights
  2026-03-26: 1 flights
  2026-03-25: 0 flights
  2026-03-24: 0 flights
  2026-03-23: 0 flights
  2026-03-22: 1 flights
  2026-03-21: 0 flights
  2026-03-20: 1 flights
2026-01-25 07:34:31 | INFO     | [SUCCESS] LF Search Complete

============================================================
[Worker_9222] ✓ COMPLETED: CAI-ELQ
  Results: 8 dates
  Errors: 0 dates
  Total Processed: 45 groups
============================================================

2026-01-25 07:34:31 | INFO     | [Worker_9222] Completed: CAI-ELQ - 8 results, 0 errors

============================================================
[Worker_9222] Processing: JED-ATZ
  Tier 0: Range 2, Chunk 2/4
  Dates: 8 days
  Date Range: 2026-03-19 to 2026-03-12
============================================================

2026-01-25 07:34:31 | INFO     | [Worker_9222] Processing: JED-ATZ
2026-01-25 07:34:31 | INFO     |   Tier 0: Range 2, Chunk 2/4 (8 days)
2026-01-25 07:34:31 | INFO     | ======================================================================
2026-01-25 07:34:31 | INFO     | Load Factor Scraper Started - Route: JED-ATZ
2026-01-25 07:34:31 | INFO     | Log file: D:\CODERED\LAB\Artifacts\outputs\run_generated_250126_at_07.06\logs\LF_JED-ATZ_20260125_073431.log
2026-01-25 07:34:31 | INFO     | Enhanced logging: Capturing both logging.info() and print()
2026-01-25 07:34:31 | INFO     | ======================================================================
[LF] Processing dates (override): ['19MAR', '18MAR', '17MAR', '16MAR', '15MAR', '14MAR', '13MAR', '12MAR']
[LF] Attaching to Chrome for Altea access
2026-01-25 07:34:31 | INFO     | Starting LF search for route: JED-ATZ
2026-01-25 07:34:31 | INFO     | [START] LF Search
[LF][[OK] SUCCESS] Connected to Chrome on 127.0.0.1:9222 (after 1 attempts)
2026-01-25 07:34:32 | INFO     | [HEALTH CHECK] [OK] Chrome connection is healthy
[LF][[OK] SUCCESS] Found Amadeus Altea window: Altéa Reservation Desktop
[LF][[INFO] INFO] URL: https://tc212.resdesktop.altea.amadeus.com/app_ard/apf/init/login?SITE=ESMPESMP&LANGUAGE=GB&MARKETS=ARDW_PROD_WBP&ACTION=clpLogin#
2026-01-25 07:34:32 | INFO     | [DAY_START] Processing 19MAR
[LF] Processing JED-ATZ for 19MAR
2026-01-25 07:34:32 | INFO     | [lf.day.start] Processing JED-ATZ for 19MAR
[LF] Sending SN command: SN19MARJEDATZ/ASM
[LF] 19MAR: found 3 direct flights
2026-01-25 07:34:33 | INFO     | [lf.day.flights_found] Found 3 flights on 19MAR
2026-01-25 07:34:35 | INFO     | [lf.flight.extracted] SM422 on 19MAR: BKG=17, LF=9.7%
[LF] SM422 19MAR: BKG=17, GRP=0, CAP=175, LF%=9.7%, Brd-Off=JED-ATZ, Classes: K:9, Q:4, M:4
2026-01-25 07:34:38 | INFO     | [lf.flight.extracted] SM454 on 19MAR: BKG=12, LF=6.9%
[LF] SM454 19MAR: BKG=12, GRP=0, CAP=175, LF%=6.9%, Brd-Off=JED-ATZ, Classes: K:9, M:1, Y:2
2026-01-25 07:34:41 | INFO     | [lf.flight.extracted] SM456 on 19MAR: BKG=58, LF=33.1%
[LF] SM456 19MAR: BKG=58, GRP=40, CAP=175, LF%=33.1%, Brd-Off=JED-ATZ, Classes: P:40, S:1, K:8, Q:6, M:3
[LF] Getting WEEKLY/LASTSOLD data for 3 flights
[LF] SM422 19MAR: LASTSOLD=2026-01-16 00:00:00, WEEKLY=0, TODAY=0, YDAY=0
[LF] SM454 19MAR: LASTSOLD=2026-01-22 00:00:00, WEEKLY=1, TODAY=0, YDAY=0
[LF] SM456 19MAR: LASTSOLD=2026-01-21 00:00:00, WEEKLY=2, TODAY=0, YDAY=0
2026-01-25 07:34:49 | INFO     | [SUCCESS] Day 19MAR
2026-01-25 07:34:49 | INFO     | [DAY_START] Processing 18MAR
[LF] Processing JED-ATZ for 18MAR
2026-01-25 07:34:49 | INFO     | [lf.day.start] Processing JED-ATZ for 18MAR
[LF] Sending SN command: SN18MARJEDATZ/ASM
[LF] 18MAR: found 2 direct flights
2026-01-25 07:34:50 | INFO     | [lf.day.flights_found] Found 2 flights on 18MAR
2026-01-25 07:34:52 | INFO     | [lf.flight.extracted] SM454 on 18MAR: BKG=14, LF=8.0%
[LF] SM454 18MAR: BKG=14, GRP=0, CAP=175, LF%=8.0%, Brd-Off=JED-ATZ, Classes: K:8, Q:5, H:1
2026-01-25 07:34:56 | INFO     | [lf.flight.extracted] SM492 on 18MAR: BKG=32, LF=19.5%
[LF] SM492 18MAR: BKG=32, GRP=0, CAP=164, LF%=19.5%, Brd-Off=JED-ATZ, Classes: S:2, K:7, Q:8, H:5, M:7, B:1, Y:2
[LF] Getting WEEKLY/LASTSOLD data for 2 flights
[LF] SM454 18MAR: LASTSOLD=2026-01-15 00:00:00, WEEKLY=0, TODAY=0, YDAY=0
[LF] SM492 18MAR: LASTSOLD=2026-01-24 00:00:00, WEEKLY=6, TODAY=0, YDAY=1
2026-01-25 07:35:02 | INFO     | [SUCCESS] Day 18MAR
2026-01-25 07:35:02 | INFO     | [DAY_START] Processing 17MAR
[LF] Processing JED-ATZ for 17MAR
2026-01-25 07:35:02 | INFO     | [lf.day.start] Processing JED-ATZ for 17MAR
[LF] Sending SN command: SN17MARJEDATZ/ASM
[LF] 17MAR: found 2 direct flights
2026-01-25 07:35:03 | INFO     | [lf.day.flights_found] Found 2 flights on 17MAR
2026-01-25 07:35:05 | INFO     | [lf.flight.extracted] SM454 on 17MAR: BKG=12, LF=6.9%
[LF] SM454 17MAR: BKG=12, GRP=0, CAP=175, LF%=6.9%, Brd-Off=JED-ATZ, Classes: K:9, M:3
2026-01-25 07:35:08 | INFO     | [lf.flight.extracted] SM456 on 17MAR: BKG=12, LF=6.9%
[LF] SM456 17MAR: BKG=12, GRP=0, CAP=175, LF%=6.9%, Brd-Off=JED-ATZ, Classes: K:9, Q:3
[LF] Getting WEEKLY/LASTSOLD data for 2 flights
[LF] SM454 17MAR: LASTSOLD=2026-01-21 00:00:00, WEEKLY=2, TODAY=0, YDAY=0
[LF] SM456 17MAR: LASTSOLD=2026-01-19 00:00:00, WEEKLY=1, TODAY=0, YDAY=0
2026-01-25 07:35:12 | INFO     | [SUCCESS] Day 17MAR
2026-01-25 07:35:12 | INFO     | [DAY_START] Processing 16MAR
[LF] Processing JED-ATZ for 16MAR
2026-01-25 07:35:12 | INFO     | [lf.day.start] Processing JED-ATZ for 16MAR
[LF] Sending SN command: SN16MARJEDATZ/ASM
[LF] 16MAR: found 4 direct flights
2026-01-25 07:35:13 | INFO     | [lf.day.flights_found] Found 4 flights on 16MAR
2026-01-25 07:35:15 | INFO     | [lf.flight.extracted] SM492 on 16MAR: BKG=13, LF=7.4%
[LF] SM492 16MAR: BKG=13, GRP=0, CAP=175, LF%=7.4%, Brd-Off=JED-ATZ, Classes: S:2, K:7, Y:4
2026-01-25 07:35:18 | INFO     | [lf.flight.extracted] SM456 on 16MAR: BKG=10, LF=5.7%
[LF] SM456 16MAR: BKG=10, GRP=0, CAP=175, LF%=5.7%, Brd-Off=JED-ATZ, Classes: S:4, K:5, Q:1
2026-01-25 07:35:22 | INFO     | [lf.flight.extracted] SM422 on 16MAR: BKG=12, LF=6.9%
[LF] SM422 16MAR: BKG=12, GRP=0, CAP=175, LF%=6.9%, Brd-Off=JED-ATZ, Classes: S:11, Q:1
2026-01-25 07:35:25 | INFO     | [lf.flight.extracted] SM454 on 16MAR: BKG=16, LF=9.1%
[LF] SM454 16MAR: BKG=16, GRP=0, CAP=175, LF%=9.1%, Brd-Off=JED-ATZ, Classes: S:11, Q:5
[LF] Getting WEEKLY/LASTSOLD data for 4 flights
[LF] SM492 16MAR: LASTSOLD=2026-01-24 00:00:00, WEEKLY=5, TODAY=0, YDAY=1
[LF] SM456 16MAR: LASTSOLD=2026-01-19 00:00:00, WEEKLY=1, TODAY=0, YDAY=0
[LF] SM422 16MAR: LASTSOLD=2026-01-01 00:00:00, WEEKLY=0, TODAY=0, YDAY=0
[LF] SM454 16MAR: LASTSOLD=2026-01-24 00:00:00, WEEKLY=5, TODAY=0, YDAY=2
2026-01-25 07:35:32 | INFO     | [SUCCESS] Day 16MAR
2026-01-25 07:35:32 | INFO     | [DAY_START] Processing 15MAR
[LF] Processing JED-ATZ for 15MAR
2026-01-25 07:35:32 | INFO     | [lf.day.start] Processing JED-ATZ for 15MAR
[LF] Sending SN command: SN15MARJEDATZ/ASM
[LF] 15MAR: found 2 direct flights
2026-01-25 07:35:33 | INFO     | [lf.day.flights_found] Found 2 flights on 15MAR
2026-01-25 07:35:35 | INFO     | [lf.flight.extracted] SM492 on 15MAR: BKG=16, LF=9.1%
[LF] SM492 15MAR: BKG=16, GRP=0, CAP=175, LF%=9.1%, Brd-Off=JED-ATZ, Classes: S:5, K:4, Q:7
2026-01-25 07:35:38 | INFO     | [lf.flight.extracted] SM456 on 15MAR: BKG=10, LF=5.7%
[LF] SM456 15MAR: BKG=10, GRP=0, CAP=175, LF%=5.7%, Brd-Off=JED-ATZ, Classes: S:6, K:3, Q:1
[LF] Getting WEEKLY/LASTSOLD data for 2 flights
[LF] SM492 15MAR: LASTSOLD=2026-01-22 00:00:00, WEEKLY=6, TODAY=0, YDAY=0
[LF] SM456 15MAR: LASTSOLD=2026-01-20 00:00:00, WEEKLY=4, TODAY=0, YDAY=0
2026-01-25 07:35:42 | INFO     | [SUCCESS] Day 15MAR
2026-01-25 07:35:42 | INFO     | [DAY_START] Processing 14MAR
[LF] Processing JED-ATZ for 14MAR
2026-01-25 07:35:42 | INFO     | [lf.day.start] Processing JED-ATZ for 14MAR
[LF] Sending SN command: SN14MARJEDATZ/ASM
[LF] 14MAR: found 3 direct flights
2026-01-25 07:35:43 | INFO     | [lf.day.flights_found] Found 3 flights on 14MAR
2026-01-25 07:35:45 | INFO     | [lf.flight.extracted] SM492 on 14MAR: BKG=6, LF=3.6%
[LF] SM492 14MAR: BKG=6, GRP=0, CAP=167, LF%=3.6%, Brd-Off=JED-ATZ, Classes: S:1, K:5
2026-01-25 07:35:49 | INFO     | [lf.flight.extracted] SM454 on 14MAR: BKG=4, LF=2.3%
[LF] SM454 14MAR: BKG=4, GRP=0, CAP=175, LF%=2.3%, Brd-Off=JED-ATZ, Classes: S:1, K:3
2026-01-25 07:35:52 | INFO     | [lf.flight.extracted] SM456 on 14MAR: BKG=13, LF=7.4%
[LF] SM456 14MAR: BKG=13, GRP=0, CAP=175, LF%=7.4%, Brd-Off=JED-ATZ, Classes: S:1, K:8, Q:4
[LF] Getting WEEKLY/LASTSOLD data for 3 flights
[LF] SM492 14MAR: LASTSOLD=2026-01-22 00:00:00, WEEKLY=3, TODAY=0, YDAY=0
[LF] SM454 14MAR: LASTSOLD=2026-01-19 00:00:00, WEEKLY=1, TODAY=0, YDAY=0
[LF] SM456 14MAR: LASTSOLD=2026-01-22 00:00:00, WEEKLY=9, TODAY=0, YDAY=0
2026-01-25 07:35:57 | INFO     | [SUCCESS] Day 14MAR
2026-01-25 07:35:57 | INFO     | [DAY_START] Processing 13MAR
[LF] Processing JED-ATZ for 13MAR
2026-01-25 07:35:57 | INFO     | [lf.day.start] Processing JED-ATZ for 13MAR
[LF] Sending SN command: SN13MARJEDATZ/ASM
[LF] 13MAR: found 1 direct flights
2026-01-25 07:35:58 | INFO     | [lf.day.flights_found] Found 1 flights on 13MAR
2026-01-25 07:36:00 | INFO     | [lf.flight.extracted] SM492 on 13MAR: BKG=56, LF=32.0%
[LF] SM492 13MAR: BKG=56, GRP=0, CAP=175, LF%=32.0%, Brd-Off=JED-ATZ, Classes: T:9, W:8, S:17, G:17, L:3, K:1, Y:1
[LF] Getting WEEKLY/LASTSOLD data for 1 flights
[LF] SM492 13MAR: LASTSOLD=2026-01-24 00:00:00, WEEKLY=6, TODAY=0, YDAY=1
2026-01-25 07:36:04 | INFO     | [SUCCESS] Day 13MAR
2026-01-25 07:36:04 | INFO     | [DAY_START] Processing 12MAR
[LF] Processing JED-ATZ for 12MAR
2026-01-25 07:36:04 | INFO     | [lf.day.start] Processing JED-ATZ for 12MAR
[LF] Sending SN command: SN12MARJEDATZ/ASM
[LF] 12MAR: found 3 direct flights
2026-01-25 07:36:05 | INFO     | [lf.day.flights_found] Found 3 flights on 12MAR
2026-01-25 07:36:07 | INFO     | [lf.flight.extracted] SM422 on 12MAR: BKG=24, LF=14.4%
[LF] SM422 12MAR: BKG=24, GRP=0, CAP=167, LF%=14.4%, Brd-Off=JED-ATZ, Classes: T:9, W:8, S:7
2026-01-25 07:36:11 | INFO     | [lf.flight.extracted] SM454 on 12MAR: BKG=36, LF=21.6%
[LF] SM454 12MAR: BKG=36, GRP=0, CAP=167, LF%=21.6%, Brd-Off=JED-ATZ, Classes: T:9, W:8, S:16, G:3
2026-01-25 07:36:14 | INFO     | [lf.flight.extracted] SM456 on 12MAR: BKG=33, LF=18.9%
[LF] SM456 12MAR: BKG=33, GRP=0, CAP=175, LF%=18.9%, Brd-Off=JED-ATZ, Classes: T:9, W:8, S:15, G:1
[LF] Getting WEEKLY/LASTSOLD data for 3 flights
[LF] SM422 12MAR: LASTSOLD=2026-01-24 00:00:00, WEEKLY=3, TODAY=0, YDAY=1
[LF] SM454 12MAR: LASTSOLD=2026-01-25 00:00:00, WEEKLY=11, TODAY=1, YDAY=2
[LF] SM456 12MAR: LASTSOLD=2026-01-21 00:00:00, WEEKLY=2, TODAY=0, YDAY=0
2026-01-25 07:36:24 | INFO     | [SUCCESS] Day 12MAR
[LF] Results summary:
  2026-03-19: 3 flights
  2026-03-18: 2 flights
  2026-03-17: 2 flights
  2026-03-16: 4 flights
  2026-03-15: 2 flights
  2026-03-14: 3 flights
  2026-03-13: 1 flights
  2026-03-12: 3 flights
2026-01-25 07:36:24 | INFO     | [SUCCESS] LF Search Complete

============================================================
[Worker_9222] ✓ COMPLETED: JED-ATZ
  Results: 8 dates
  Errors: 0 dates
  Total Processed: 46 groups
============================================================

2026-01-25 07:36:24 | INFO     | [Worker_9222] Completed: JED-ATZ - 8 results, 0 errors

============================================================
[Worker_9222] Processing: ATZ-JED
  Tier 0: Range 2, Chunk 2/4
  Dates: 8 days
  Date Range: 2026-03-19 to 2026-03-12
============================================================

2026-01-25 07:36:24 | INFO     | [Worker_9222] Processing: ATZ-JED
2026-01-25 07:36:24 | INFO     |   Tier 0: Range 2, Chunk 2/4 (8 days)
2026-01-25 07:36:24 | INFO     | ======================================================================
2026-01-25 07:36:24 | INFO     | Load Factor Scraper Started - Route: ATZ-JED
2026-01-25 07:36:24 | INFO     | Log file: D:\CODERED\LAB\Artifacts\outputs\run_generated_250126_at_07.06\logs\LF_ATZ-JED_20260125_073624.log
2026-01-25 07:36:24 | INFO     | Enhanced logging: Capturing both logging.info() and print()
2026-01-25 07:36:24 | INFO     | ======================================================================
[LF] Processing dates (override): ['19MAR', '18MAR', '17MAR', '16MAR', '15MAR', '14MAR', '13MAR', '12MAR']
[LF] Attaching to Chrome for Altea access
2026-01-25 07:36:24 | INFO     | Starting LF search for route: ATZ-JED
2026-01-25 07:36:24 | INFO     | [START] LF Search
[LF][[OK] SUCCESS] Connected to Chrome on 127.0.0.1:9222 (after 1 attempts)
2026-01-25 07:36:24 | INFO     | [HEALTH CHECK] [OK] Chrome connection is healthy
[LF][[OK] SUCCESS] Found Amadeus Altea window: Altéa Reservation Desktop
[LF][[INFO] INFO] URL: https://tc212.resdesktop.altea.amadeus.com/app_ard/apf/init/login?SITE=ESMPESMP&LANGUAGE=GB&MARKETS=ARDW_PROD_WBP&ACTION=clpLogin#
2026-01-25 07:36:24 | INFO     | [DAY_START] Processing 19MAR
[LF] Processing ATZ-JED for 19MAR
2026-01-25 07:36:24 | INFO     | [lf.day.start] Processing ATZ-JED for 19MAR
[LF] Sending SN command: SN19MARATZJED/ASM
[LF] 19MAR: found 2 direct flights
2026-01-25 07:36:26 | INFO     | [lf.day.flights_found] Found 2 flights on 19MAR
2026-01-25 07:36:28 | INFO     | [lf.flight.extracted] SM453 on 19MAR: BKG=2, LF=1.1%
[LF] SM453 19MAR: BKG=2, GRP=0, CAP=179, LF%=1.1%, Brd-Off=ATZ-JED, Classes: S:2
2026-01-25 07:36:31 | INFO     | [lf.flight.extracted] SM455 on 19MAR: BKG=0, LF=0.0%
[LF] SM455 19MAR: BKG=0, GRP=0, CAP=179, LF%=0.0%, Brd-Off=ATZ-JED
[LF] Getting WEEKLY/LASTSOLD data for 1 flights
[LF] SM453 19MAR: LASTSOLD=2026-01-22 00:00:00, WEEKLY=2, TODAY=0, YDAY=0
2026-01-25 07:36:33 | INFO     | [SUCCESS] Day 19MAR
2026-01-25 07:36:33 | INFO     | [DAY_START] Processing 18MAR
[LF] Processing ATZ-JED for 18MAR
2026-01-25 07:36:33 | INFO     | [lf.day.start] Processing ATZ-JED for 18MAR
[LF] Sending SN command: SN18MARATZJED/ASM
[LF] 18MAR: found 3 direct flights
2026-01-25 07:36:35 | INFO     | [lf.day.flights_found] Found 3 flights on 18MAR
2026-01-25 07:36:36 | INFO     | [lf.flight.extracted] SM453 on 18MAR: BKG=0, LF=0.0%
[LF] SM453 18MAR: BKG=0, GRP=0, CAP=179, LF%=0.0%, Brd-Off=ATZ-JED
2026-01-25 07:36:40 | INFO     | [lf.flight.extracted] SM491 on 18MAR: BKG=0, LF=0.0%
[LF] SM491 18MAR: BKG=0, GRP=0, CAP=176, LF%=0.0%, Brd-Off=ATZ-JED
2026-01-25 07:36:43 | INFO     | [lf.flight.extracted] SM421 on 18MAR: BKG=0, LF=0.0%
[LF] SM421 18MAR: BKG=0, GRP=0, CAP=179, LF%=0.0%, Brd-Off=ATZ-JED
2026-01-25 07:36:44 | INFO     | [SUCCESS] Day 18MAR
2026-01-25 07:36:44 | INFO     | [DAY_START] Processing 17MAR
[LF] Processing ATZ-JED for 17MAR
2026-01-25 07:36:44 | INFO     | [lf.day.start] Processing ATZ-JED for 17MAR
[LF] Sending SN command: SN17MARATZJED/ASM
[LF] 17MAR: found 2 direct flights
2026-01-25 07:36:45 | INFO     | [lf.day.flights_found] Found 2 flights on 17MAR
2026-01-25 07:36:47 | INFO     | [lf.flight.extracted] SM453 on 17MAR: BKG=0, LF=0.0%
[LF] SM453 17MAR: BKG=0, GRP=0, CAP=179, LF%=0.0%, Brd-Off=ATZ-JED
2026-01-25 07:36:50 | INFO     | [lf.flight.extracted] SM455 on 17MAR: BKG=1, LF=0.6%
[LF] SM455 17MAR: BKG=1, GRP=0, CAP=179, LF%=0.6%, Brd-Off=ATZ-JED, Classes: L:1
[LF] Getting WEEKLY/LASTSOLD data for 1 flights
[LF] SM455 17MAR: LASTSOLD=2026-01-18 00:00:00, WEEKLY=1, TODAY=0, YDAY=0
2026-01-25 07:36:53 | INFO     | [SUCCESS] Day 17MAR
2026-01-25 07:36:53 | INFO     | [DAY_START] Processing 16MAR
[LF] Processing ATZ-JED for 16MAR
2026-01-25 07:36:53 | INFO     | [lf.day.start] Processing ATZ-JED for 16MAR
[LF] Sending SN command: SN16MARATZJED/ASM
[LF] 16MAR: found 4 direct flights
2026-01-25 07:36:54 | INFO     | [lf.day.flights_found] Found 4 flights on 16MAR
2026-01-25 07:36:56 | INFO     | [lf.flight.extracted] SM491 on 16MAR: BKG=0, LF=0.0%
[LF] SM491 16MAR: BKG=0, GRP=0, CAP=179, LF%=0.0%, Brd-Off=ATZ-JED
2026-01-25 07:36:59 | INFO     | [lf.flight.extracted] SM455 on 16MAR: BKG=0, LF=0.0%
[LF] SM455 16MAR: BKG=0, GRP=0, CAP=179, LF%=0.0%, Brd-Off=ATZ-JED
2026-01-25 07:37:03 | INFO     | [lf.flight.extracted] SM421 on 16MAR: BKG=0, LF=0.0%
[LF] SM421 16MAR: BKG=0, GRP=0, CAP=179, LF%=0.0%, Brd-Off=ATZ-JED
2026-01-25 07:37:06 | INFO     | [lf.flight.extracted] SM453 on 16MAR: BKG=0, LF=0.0%
[LF] SM453 16MAR: BKG=0, GRP=0, CAP=179, LF%=0.0%, Brd-Off=ATZ-JED
2026-01-25 07:37:07 | INFO     | [SUCCESS] Day 16MAR
2026-01-25 07:37:07 | INFO     | [DAY_START] Processing 15MAR
[LF] Processing ATZ-JED for 15MAR
2026-01-25 07:37:07 | INFO     | [lf.day.start] Processing ATZ-JED for 15MAR
[LF] Sending SN command: SN15MARATZJED/ASM
[LF] 15MAR: found 2 direct flights
2026-01-25 07:37:08 | INFO     | [lf.day.flights_found] Found 2 flights on 15MAR
2026-01-25 07:37:10 | INFO     | [lf.flight.extracted] SM491 on 15MAR: BKG=0, LF=0.0%
[LF] SM491 15MAR: BKG=0, GRP=0, CAP=179, LF%=0.0%, Brd-Off=ATZ-JED
2026-01-25 07:37:14 | INFO     | [lf.flight.extracted] SM455 on 15MAR: BKG=3, LF=1.7%
[LF] SM455 15MAR: BKG=3, GRP=0, CAP=179, LF%=1.7%, Brd-Off=ATZ-JED, Classes: L:3
[LF] Getting WEEKLY/LASTSOLD data for 1 flights
[LF] SM455 15MAR: LASTSOLD=2025-12-08 00:00:00, WEEKLY=0, TODAY=0, YDAY=0
2026-01-25 07:37:17 | INFO     | [SUCCESS] Day 15MAR
2026-01-25 07:37:17 | INFO     | [DAY_START] Processing 14MAR
[LF] Processing ATZ-JED for 14MAR
2026-01-25 07:37:17 | INFO     | [lf.day.start] Processing ATZ-JED for 14MAR
[LF] Sending SN command: SN14MARATZJED/ASM
[LF] 14MAR: found 3 direct flights
2026-01-25 07:37:18 | INFO     | [lf.day.flights_found] Found 3 flights on 14MAR
2026-01-25 07:37:20 | INFO     | [lf.flight.extracted] SM491 on 14MAR: BKG=1, LF=0.6%
[LF] SM491 14MAR: BKG=1, GRP=0, CAP=179, LF%=0.6%, Brd-Off=ATZ-JED, Classes: L:1
2026-01-25 07:37:23 | INFO     | [lf.flight.extracted] SM453 on 14MAR: BKG=0, LF=0.0%
[LF] SM453 14MAR: BKG=0, GRP=0, CAP=179, LF%=0.0%, Brd-Off=ATZ-JED
2026-01-25 07:37:26 | INFO     | [lf.flight.extracted] SM455 on 14MAR: BKG=0, LF=0.0%
[LF] SM455 14MAR: BKG=0, GRP=0, CAP=179, LF%=0.0%, Brd-Off=ATZ-JED
[LF] Getting WEEKLY/LASTSOLD data for 1 flights
[LF] SM491 14MAR: LASTSOLD=2026-01-06 00:00:00, WEEKLY=0, TODAY=0, YDAY=0
2026-01-25 07:37:29 | INFO     | [SUCCESS] Day 14MAR
2026-01-25 07:37:29 | INFO     | [DAY_START] Processing 13MAR
[LF] Processing ATZ-JED for 13MAR
2026-01-25 07:37:29 | INFO     | [lf.day.start] Processing ATZ-JED for 13MAR
[LF] Sending SN command: SN13MARATZJED/ASM
[LF] 13MAR: found 1 direct flights
2026-01-25 07:37:30 | INFO     | [lf.day.flights_found] Found 1 flights on 13MAR
2026-01-25 07:37:32 | INFO     | [lf.flight.extracted] SM491 on 13MAR: BKG=4, LF=2.2%
[LF] SM491 13MAR: BKG=4, GRP=0, CAP=179, LF%=2.2%, Brd-Off=ATZ-JED, Classes: L:3, K:1
[LF] Getting WEEKLY/LASTSOLD data for 1 flights
[LF] SM491 13MAR: LASTSOLD=2026-01-10 00:00:00, WEEKLY=0, TODAY=0, YDAY=0
2026-01-25 07:37:34 | INFO     | [SUCCESS] Day 13MAR
2026-01-25 07:37:34 | INFO     | [DAY_START] Processing 12MAR
[LF] Processing ATZ-JED for 12MAR
2026-01-25 07:37:34 | INFO     | [lf.day.start] Processing ATZ-JED for 12MAR
[LF] Sending SN command: SN12MARATZJED/ASM
[LF] 12MAR: found 2 direct flights
2026-01-25 07:37:36 | INFO     | [lf.day.flights_found] Found 2 flights on 12MAR
2026-01-25 07:37:38 | INFO     | [lf.flight.extracted] SM453 on 12MAR: BKG=1, LF=0.6%
[LF] SM453 12MAR: BKG=1, GRP=0, CAP=179, LF%=0.6%, Brd-Off=ATZ-JED, Classes: K:1
2026-01-25 07:37:41 | INFO     | [lf.flight.extracted] SM455 on 12MAR: BKG=0, LF=0.0%
[LF] SM455 12MAR: BKG=0, GRP=0, CAP=179, LF%=0.0%, Brd-Off=ATZ-JED
[LF] Getting WEEKLY/LASTSOLD data for 1 flights
[LF] SM453 12MAR: LASTSOLD=2025-12-17 00:00:00, WEEKLY=0, TODAY=0, YDAY=0
2026-01-25 07:37:44 | INFO     | [SUCCESS] Day 12MAR
[LF] Results summary:
  2026-03-19: 2 flights
  2026-03-18: 3 flights
  2026-03-17: 2 flights
  2026-03-16: 4 flights
  2026-03-15: 2 flights
  2026-03-14: 3 flights
  2026-03-13: 1 flights
  2026-03-12: 2 flights
2026-01-25 07:37:44 | INFO     | [SUCCESS] LF Search Complete

============================================================
[Worker_9222] ✓ COMPLETED: ATZ-JED
  Results: 8 dates
  Errors: 0 dates
  Total Processed: 47 groups
============================================================

2026-01-25 07:37:54 | INFO     | [Worker_9222] Completed: ATZ-JED - 8 results, 0 errors

============================================================
[Worker_9222] Processing: MED-HBE
  Tier 0: Range 2, Chunk 3/4
  Dates: 8 days
  Date Range: 2026-03-11 to 2026-03-04
============================================================

2026-01-25 07:37:54 | INFO     | [Worker_9222] Processing: MED-HBE
2026-01-25 07:37:54 | INFO     |   Tier 0: Range 2, Chunk 3/4 (8 days)
2026-01-25 07:37:54 | INFO     | ======================================================================
2026-01-25 07:37:54 | INFO     | Load Factor Scraper Started - Route: MED-HBE
2026-01-25 07:37:54 | INFO     | Log file: D:\CODERED\LAB\Artifacts\outputs\run_generated_250126_at_07.06\logs\LF_MED-HBE_20260125_073754.log
2026-01-25 07:37:54 | INFO     | Enhanced logging: Capturing both logging.info() and print()
2026-01-25 07:37:54 | INFO     | ======================================================================
[LF] Processing dates (override): ['11MAR', '10MAR', '09MAR', '08MAR', '07MAR', '06MAR', '05MAR', '04MAR']
[LF] Attaching to Chrome for Altea access
2026-01-25 07:37:54 | INFO     | Starting LF search for route: MED-HBE
2026-01-25 07:37:54 | INFO     | [START] LF Search
[LF][[OK] SUCCESS] Connected to Chrome on 127.0.0.1:9222 (after 1 attempts)
2026-01-25 07:37:54 | INFO     | [HEALTH CHECK] [OK] Chrome connection is healthy
[LF][[OK] SUCCESS] Found Amadeus Altea window: Altéa Reservation Desktop
[LF][[INFO] INFO] URL: https://tc212.resdesktop.altea.amadeus.com/app_ard/apf/init/login?SITE=ESMPESMP&LANGUAGE=GB&MARKETS=ARDW_PROD_WBP&ACTION=clpLogin#
2026-01-25 07:37:54 | INFO     | [DAY_START] Processing 11MAR
[LF] Processing MED-HBE for 11MAR
2026-01-25 07:37:54 | INFO     | [lf.day.start] Processing MED-HBE for 11MAR
[LF] Sending SN command: SN11MARMEDHBE/ASM
[LF] 11MAR: found 1 direct flights
2026-01-25 07:37:55 | INFO     | [lf.day.flights_found] Found 1 flights on 11MAR
2026-01-25 07:37:57 | INFO     | [lf.flight.extracted] SM486 on 11MAR: BKG=24, LF=13.7%
[LF] SM486 11MAR: BKG=24, GRP=0, CAP=175, LF%=13.7%, Brd-Off=MED-HBE, Classes: T:9, W:8, S:7
[LF] Getting WEEKLY/LASTSOLD data for 1 flights
[LF] SM486 11MAR: LASTSOLD=2026-01-24 00:00:00, WEEKLY=4, TODAY=0, YDAY=2
2026-01-25 07:38:01 | INFO     | [SUCCESS] Day 11MAR
2026-01-25 07:38:01 | INFO     | [DAY_START] Processing 10MAR
[LF] Processing MED-HBE for 10MAR
2026-01-25 07:38:01 | INFO     | [lf.day.start] Processing MED-HBE for 10MAR
[LF] Sending SN command: SN10MARMEDHBE/ASM
[LF] 10MAR: found 1 direct flights
2026-01-25 07:38:02 | INFO     | [lf.day.flights_found] Found 1 flights on 10MAR
2026-01-25 07:38:04 | INFO     | [lf.flight.extracted] SM486 on 10MAR: BKG=17, LF=9.7%
[LF] SM486 10MAR: BKG=17, GRP=0, CAP=175, LF%=9.7%, Brd-Off=MED-HBE, Classes: T:9, W:6, S:2
[LF] Getting WEEKLY/LASTSOLD data for 1 flights
[LF] SM486 10MAR: LASTSOLD=2026-01-24 00:00:00, WEEKLY=10, TODAY=0, YDAY=1
2026-01-25 07:38:06 | INFO     | [SUCCESS] Day 10MAR
2026-01-25 07:38:06 | INFO     | [DAY_START] Processing 09MAR
[LF] Processing MED-HBE for 09MAR
2026-01-25 07:38:06 | INFO     | [lf.day.start] Processing MED-HBE for 09MAR
[LF] Sending SN command: SN09MARMEDHBE/ASM
[LF] No direct flights on 09MAR for MED-HBE
2026-01-25 07:38:07 | WARNING  | [lf.day.no_flights] No direct flights on 09MAR
2026-01-25 07:38:07 | INFO     | [SUCCESS] Day 09MAR
2026-01-25 07:38:07 | INFO     | [DAY_START] Processing 08MAR
[LF] Processing MED-HBE for 08MAR
2026-01-25 07:38:07 | INFO     | [lf.day.start] Processing MED-HBE for 08MAR
[LF] Sending SN command: SN08MARMEDHBE/ASM
[LF] 08MAR: found 1 direct flights
2026-01-25 07:38:09 | INFO     | [lf.day.flights_found] Found 1 flights on 08MAR
2026-01-25 07:38:10 | INFO     | [lf.flight.extracted] SM486 on 08MAR: BKG=60, LF=34.3%
[LF] SM486 08MAR: BKG=60, GRP=45, CAP=175, LF%=34.3%, Brd-Off=MED-HBE, Classes: P:45, T:7, W:2, K:6
[LF] Getting WEEKLY/LASTSOLD data for 1 flights
[LF] SM486 08MAR: LASTSOLD=2026-01-24 00:00:00, WEEKLY=6, TODAY=0, YDAY=4
2026-01-25 07:38:13 | INFO     | [SUCCESS] Day 08MAR
2026-01-25 07:38:13 | INFO     | [DAY_START] Processing 07MAR
[LF] Processing MED-HBE for 07MAR
2026-01-25 07:38:13 | INFO     | [lf.day.start] Processing MED-HBE for 07MAR
[LF] Sending SN command: SN07MARMEDHBE/ASM
[LF] No direct flights on 07MAR for MED-HBE
2026-01-25 07:38:14 | WARNING  | [lf.day.no_flights] No direct flights on 07MAR
2026-01-25 07:38:14 | INFO     | [SUCCESS] Day 07MAR
2026-01-25 07:38:14 | INFO     | [DAY_START] Processing 06MAR
[LF] Processing MED-HBE for 06MAR
2026-01-25 07:38:14 | INFO     | [lf.day.start] Processing MED-HBE for 06MAR
[LF] Sending SN command: SN06MARMEDHBE/ASM
[LF] No direct flights on 06MAR for MED-HBE
2026-01-25 07:38:15 | WARNING  | [lf.day.no_flights] No direct flights on 06MAR
2026-01-25 07:38:15 | INFO     | [SUCCESS] Day 06MAR
2026-01-25 07:38:15 | INFO     | [DAY_START] Processing 05MAR
[LF] Processing MED-HBE for 05MAR
2026-01-25 07:38:15 | INFO     | [lf.day.start] Processing MED-HBE for 05MAR
[LF] Sending SN command: SN05MARMEDHBE/ASM
[LF] 05MAR: found 1 direct flights
2026-01-25 07:38:16 | INFO     | [lf.day.flights_found] Found 1 flights on 05MAR
2026-01-25 07:38:18 | INFO     | [lf.flight.extracted] SM486 on 05MAR: BKG=44, LF=25.1%
[LF] SM486 05MAR: BKG=44, GRP=0, CAP=175, LF%=25.1%, Brd-Off=MED-HBE, Classes: I:9, O:8, U:9, X:8, T:3, S:7
[LF] Getting WEEKLY/LASTSOLD data for 1 flights
[LF] SM486 05MAR: LASTSOLD=2026-01-22 00:00:00, WEEKLY=3, TODAY=0, YDAY=0
2026-01-25 07:38:22 | INFO     | [SUCCESS] Day 05MAR
2026-01-25 07:38:22 | INFO     | [DAY_START] Processing 04MAR
[LF] Processing MED-HBE for 04MAR
2026-01-25 07:38:22 | INFO     | [lf.day.start] Processing MED-HBE for 04MAR
[LF] Sending SN command: SN04MARMEDHBE/ASM
[LF] 04MAR: found 1 direct flights
2026-01-25 07:38:23 | INFO     | [lf.day.flights_found] Found 1 flights on 04MAR
2026-01-25 07:38:25 | INFO     | [lf.flight.extracted] SM486 on 04MAR: BKG=24, LF=14.4%
[LF] SM486 04MAR: BKG=24, GRP=0, CAP=167, LF%=14.4%, Brd-Off=MED-HBE, Classes: I:9, O:8, U:7
[LF] Getting WEEKLY/LASTSOLD data for 1 flights
[LF] SM486 04MAR: LASTSOLD=2026-01-22 00:00:00, WEEKLY=6, TODAY=0, YDAY=0
2026-01-25 07:38:28 | INFO     | [SUCCESS] Day 04MAR
[LF] Results summary:
  2026-03-11: 1 flights
  2026-03-10: 1 flights
  2026-03-09: 0 flights
  2026-03-08: 1 flights
  2026-03-07: 0 flights
  2026-03-06: 0 flights
  2026-03-05: 1 flights
  2026-03-04: 1 flights
2026-01-25 07:38:28 | INFO     | [SUCCESS] LF Search Complete

============================================================
[Worker_9222] ✓ COMPLETED: MED-HBE
  Results: 8 dates
  Errors: 0 dates
  Total Processed: 48 groups
============================================================

2026-01-25 07:38:28 | INFO     | [Worker_9222] Completed: MED-HBE - 8 results, 0 errors

============================================================
[Worker_9222] Processing: JED-ASW
  Tier 0: Range 2, Chunk 3/4
  Dates: 8 days
  Date Range: 2026-03-11 to 2026-03-04
============================================================

2026-01-25 07:38:28 | INFO     | [Worker_9222] Processing: JED-ASW
2026-01-25 07:38:28 | INFO     |   Tier 0: Range 2, Chunk 3/4 (8 days)
2026-01-25 07:38:28 | INFO     | ======================================================================
2026-01-25 07:38:28 | INFO     | Load Factor Scraper Started - Route: JED-ASW
2026-01-25 07:38:28 | INFO     | Log file: D:\CODERED\LAB\Artifacts\outputs\run_generated_250126_at_07.06\logs\LF_JED-ASW_20260125_073828.log
2026-01-25 07:38:28 | INFO     | Enhanced logging: Capturing both logging.info() and print()
2026-01-25 07:38:28 | INFO     | ======================================================================
[LF] Processing dates (override): ['11MAR', '10MAR', '09MAR', '08MAR', '07MAR', '06MAR', '05MAR', '04MAR']
[LF] Attaching to Chrome for Altea access
2026-01-25 07:38:28 | INFO     | Starting LF search for route: JED-ASW
2026-01-25 07:38:28 | INFO     | [START] LF Search
[LF][[OK] SUCCESS] Connected to Chrome on 127.0.0.1:9222 (after 1 attempts)
2026-01-25 07:38:29 | INFO     | [HEALTH CHECK] [OK] Chrome connection is healthy
[LF][[OK] SUCCESS] Found Amadeus Altea window: Altéa Reservation Desktop
[LF][[INFO] INFO] URL: https://tc212.resdesktop.altea.amadeus.com/app_ard/apf/init/login?SITE=ESMPESMP&LANGUAGE=GB&MARKETS=ARDW_PROD_WBP&ACTION=clpLogin#
2026-01-25 07:38:29 | INFO     | [DAY_START] Processing 11MAR
[LF] Processing JED-ASW for 11MAR
2026-01-25 07:38:29 | INFO     | [lf.day.start] Processing JED-ASW for 11MAR
[LF] Sending SN command: SN11MARJEDASW/ASM
[LF] No direct flights on 11MAR for JED-ASW
2026-01-25 07:38:30 | WARNING  | [lf.day.no_flights] No direct flights on 11MAR
2026-01-25 07:38:30 | INFO     | [SUCCESS] Day 11MAR
2026-01-25 07:38:30 | INFO     | [DAY_START] Processing 10MAR
[LF] Processing JED-ASW for 10MAR
2026-01-25 07:38:30 | INFO     | [lf.day.start] Processing JED-ASW for 10MAR
[LF] Sending SN command: SN10MARJEDASW/ASM
[LF] No direct flights on 10MAR for JED-ASW
2026-01-25 07:38:31 | WARNING  | [lf.day.no_flights] No direct flights on 10MAR
2026-01-25 07:38:31 | INFO     | [SUCCESS] Day 10MAR
2026-01-25 07:38:31 | INFO     | [DAY_START] Processing 09MAR
[LF] Processing JED-ASW for 09MAR
2026-01-25 07:38:31 | INFO     | [lf.day.start] Processing JED-ASW for 09MAR
[LF] Sending SN command: SN09MARJEDASW/ASM
[LF] No direct flights on 09MAR for JED-ASW
2026-01-25 07:38:33 | WARNING  | [lf.day.no_flights] No direct flights on 09MAR
2026-01-25 07:38:33 | INFO     | [SUCCESS] Day 09MAR
2026-01-25 07:38:33 | INFO     | [DAY_START] Processing 08MAR
[LF] Processing JED-ASW for 08MAR
2026-01-25 07:38:33 | INFO     | [lf.day.start] Processing JED-ASW for 08MAR
[LF] Sending SN command: SN08MARJEDASW/ASM
[LF] No direct flights on 08MAR for JED-ASW
2026-01-25 07:38:34 | WARNING  | [lf.day.no_flights] No direct flights on 08MAR
2026-01-25 07:38:34 | INFO     | [SUCCESS] Day 08MAR
2026-01-25 07:38:34 | INFO     | [DAY_START] Processing 07MAR
[LF] Processing JED-ASW for 07MAR
2026-01-25 07:38:34 | INFO     | [lf.day.start] Processing JED-ASW for 07MAR
[LF] Sending SN command: SN07MARJEDASW/ASM
[LF] No direct flights on 07MAR for JED-ASW
2026-01-25 07:38:35 | WARNING  | [lf.day.no_flights] No direct flights on 07MAR
2026-01-25 07:38:35 | INFO     | [SUCCESS] Day 07MAR
2026-01-25 07:38:35 | INFO     | [DAY_START] Processing 06MAR
[LF] Processing JED-ASW for 06MAR
2026-01-25 07:38:35 | INFO     | [lf.day.start] Processing JED-ASW for 06MAR
[LF] Sending SN command: SN06MARJEDASW/ASM
[LF] No direct flights on 06MAR for JED-ASW
2026-01-25 07:38:36 | WARNING  | [lf.day.no_flights] No direct flights on 06MAR
2026-01-25 07:38:36 | INFO     | [SUCCESS] Day 06MAR
2026-01-25 07:38:36 | INFO     | [DAY_START] Processing 05MAR
[LF] Processing JED-ASW for 05MAR
2026-01-25 07:38:36 | INFO     | [lf.day.start] Processing JED-ASW for 05MAR
[LF] Sending SN command: SN05MARJEDASW/ASM
[LF] No direct flights on 05MAR for JED-ASW
2026-01-25 07:38:37 | WARNING  | [lf.day.no_flights] No direct flights on 05MAR
2026-01-25 07:38:37 | INFO     | [SUCCESS] Day 05MAR
2026-01-25 07:38:37 | INFO     | [DAY_START] Processing 04MAR
[LF] Processing JED-ASW for 04MAR
2026-01-25 07:38:37 | INFO     | [lf.day.start] Processing JED-ASW for 04MAR
[LF] Sending SN command: SN04MARJEDASW/ASM
[LF] No direct flights on 04MAR for JED-ASW
2026-01-25 07:38:39 | WARNING  | [lf.day.no_flights] No direct flights on 04MAR
2026-01-25 07:38:39 | INFO     | [SUCCESS] Day 04MAR
[LF] Results summary:
  2026-03-11: 0 flights
  2026-03-10: 0 flights
  2026-03-09: 0 flights
  2026-03-08: 0 flights
  2026-03-07: 0 flights
  2026-03-06: 0 flights
  2026-03-05: 0 flights
  2026-03-04: 0 flights
2026-01-25 07:38:39 | INFO     | [SUCCESS] LF Search Complete

============================================================
[Worker_9222] ✓ COMPLETED: JED-ASW
  Results: 8 dates
  Errors: 0 dates
  Total Processed: 49 groups
============================================================

2026-01-25 07:38:39 | INFO     | [Worker_9222] Completed: JED-ASW - 8 results, 0 errors

============================================================
[Worker_9222] Processing: RUH-ATZ
  Tier 0: Range 2, Chunk 3/4
  Dates: 8 days
  Date Range: 2026-03-11 to 2026-03-04
============================================================

2026-01-25 07:38:39 | INFO     | [Worker_9222] Processing: RUH-ATZ
2026-01-25 07:38:39 | INFO     |   Tier 0: Range 2, Chunk 3/4 (8 days)
2026-01-25 07:38:39 | INFO     | ======================================================================
2026-01-25 07:38:39 | INFO     | Load Factor Scraper Started - Route: RUH-ATZ
2026-01-25 07:38:39 | INFO     | Log file: D:\CODERED\LAB\Artifacts\outputs\run_generated_250126_at_07.06\logs\LF_RUH-ATZ_20260125_073839.log
2026-01-25 07:38:39 | INFO     | Enhanced logging: Capturing both logging.info() and print()
2026-01-25 07:38:39 | INFO     | ======================================================================
[LF] Processing dates (override): ['11MAR', '10MAR', '09MAR', '08MAR', '07MAR', '06MAR', '05MAR', '04MAR']
[LF] Attaching to Chrome for Altea access
2026-01-25 07:38:39 | INFO     | Starting LF search for route: RUH-ATZ
2026-01-25 07:38:39 | INFO     | [START] LF Search
[LF][[OK] SUCCESS] Connected to Chrome on 127.0.0.1:9222 (after 1 attempts)
2026-01-25 07:38:39 | INFO     | [HEALTH CHECK] [OK] Chrome connection is healthy
[LF][[OK] SUCCESS] Found Amadeus Altea window: Altéa Reservation Desktop
[LF][[INFO] INFO] URL: https://tc212.resdesktop.altea.amadeus.com/app_ard/apf/init/login?SITE=ESMPESMP&LANGUAGE=GB&MARKETS=ARDW_PROD_WBP&ACTION=clpLogin#
2026-01-25 07:38:39 | INFO     | [DAY_START] Processing 11MAR
[LF] Processing RUH-ATZ for 11MAR
2026-01-25 07:38:39 | INFO     | [lf.day.start] Processing RUH-ATZ for 11MAR
[LF] Sending SN command: SN11MARRUHATZ/ASM
[LF] 11MAR: found 1 direct flights
2026-01-25 07:38:40 | INFO     | [lf.day.flights_found] Found 1 flights on 11MAR
2026-01-25 07:38:43 | INFO     | [lf.flight.extracted] SM466 on 11MAR: BKG=53, LF=30.3%
[LF] SM466 11MAR: BKG=53, GRP=0, CAP=175, LF%=30.3%, Brd-Off=RUH-ATZ, Classes: W:3, S:9, G:4, L:4, V:16, K:14, Q:3
[LF] Getting WEEKLY/LASTSOLD data for 1 flights
[LF] SM466 11MAR: LASTSOLD=2026-01-22 00:00:00, WEEKLY=2, TODAY=0, YDAY=0
2026-01-25 07:38:47 | INFO     | [SUCCESS] Day 11MAR
2026-01-25 07:38:47 | INFO     | [DAY_START] Processing 10MAR
[LF] Processing RUH-ATZ for 10MAR
2026-01-25 07:38:47 | INFO     | [lf.day.start] Processing RUH-ATZ for 10MAR
[LF] Sending SN command: SN10MARRUHATZ/ASM
[LF] 10MAR: found 1 direct flights
2026-01-25 07:38:48 | INFO     | [lf.day.flights_found] Found 1 flights on 10MAR
2026-01-25 07:38:50 | INFO     | [lf.flight.extracted] SM464 on 10MAR: BKG=47, LF=26.9%
[LF] SM464 10MAR: BKG=47, GRP=0, CAP=175, LF%=26.9%, Brd-Off=RUH-ATZ, Classes: W:1, S:13, G:2, L:7, V:17, K:7
[LF] Getting WEEKLY/LASTSOLD data for 1 flights
[LF] SM464 10MAR: LASTSOLD=2026-01-21 00:00:00, WEEKLY=5, TODAY=0, YDAY=0
2026-01-25 07:38:54 | INFO     | [SUCCESS] Day 10MAR
2026-01-25 07:38:54 | INFO     | [DAY_START] Processing 09MAR
[LF] Processing RUH-ATZ for 09MAR
2026-01-25 07:38:54 | INFO     | [lf.day.start] Processing RUH-ATZ for 09MAR
[LF] Sending SN command: SN09MARRUHATZ/ASM
[LF] No direct flights on 09MAR for RUH-ATZ
2026-01-25 07:38:55 | WARNING  | [lf.day.no_flights] No direct flights on 09MAR
2026-01-25 07:38:55 | INFO     | [SUCCESS] Day 09MAR
2026-01-25 07:38:55 | INFO     | [DAY_START] Processing 08MAR
[LF] Processing RUH-ATZ for 08MAR
2026-01-25 07:38:55 | INFO     | [lf.day.start] Processing RUH-ATZ for 08MAR
[LF] Sending SN command: SN08MARRUHATZ/ASM
[LF] 08MAR: found 1 direct flights
2026-01-25 07:38:57 | INFO     | [lf.day.flights_found] Found 1 flights on 08MAR
2026-01-25 07:38:59 | INFO     | [lf.flight.extracted] SM464 on 08MAR: BKG=48, LF=27.4%
[LF] SM464 08MAR: BKG=48, GRP=0, CAP=175, LF%=27.4%, Brd-Off=RUH-ATZ, Classes: X:2, W:4, S:4, G:2, L:20, V:11, K:5
[LF] Getting WEEKLY/LASTSOLD data for 1 flights
[LF] SM464 08MAR: LASTSOLD=2026-01-21 00:00:00, WEEKLY=3, TODAY=0, YDAY=0
2026-01-25 07:39:03 | INFO     | [SUCCESS] Day 08MAR
2026-01-25 07:39:03 | INFO     | [DAY_START] Processing 07MAR
[LF] Processing RUH-ATZ for 07MAR
2026-01-25 07:39:03 | INFO     | [lf.day.start] Processing RUH-ATZ for 07MAR
[LF] Sending SN command: SN07MARRUHATZ/ASM
[LF] No direct flights on 07MAR for RUH-ATZ
2026-01-25 07:39:04 | WARNING  | [lf.day.no_flights] No direct flights on 07MAR
2026-01-25 07:39:04 | INFO     | [SUCCESS] Day 07MAR
2026-01-25 07:39:04 | INFO     | [DAY_START] Processing 06MAR
[LF] Processing RUH-ATZ for 06MAR
2026-01-25 07:39:04 | INFO     | [lf.day.start] Processing RUH-ATZ for 06MAR
[LF] Sending SN command: SN06MARRUHATZ/ASM
[LF] No direct flights on 06MAR for RUH-ATZ
2026-01-25 07:39:05 | WARNING  | [lf.day.no_flights] No direct flights on 06MAR
2026-01-25 07:39:05 | INFO     | [SUCCESS] Day 06MAR
2026-01-25 07:39:05 | INFO     | [DAY_START] Processing 05MAR
[LF] Processing RUH-ATZ for 05MAR
2026-01-25 07:39:05 | INFO     | [lf.day.start] Processing RUH-ATZ for 05MAR
[LF] Sending SN command: SN05MARRUHATZ/ASM
[LF] No direct flights on 05MAR for RUH-ATZ
2026-01-25 07:39:07 | WARNING  | [lf.day.no_flights] No direct flights on 05MAR
2026-01-25 07:39:07 | INFO     | [SUCCESS] Day 05MAR
2026-01-25 07:39:07 | INFO     | [DAY_START] Processing 04MAR
[LF] Processing RUH-ATZ for 04MAR
2026-01-25 07:39:07 | INFO     | [lf.day.start] Processing RUH-ATZ for 04MAR
[LF] Sending SN command: SN04MARRUHATZ/ASM
[LF] 04MAR: found 1 direct flights
2026-01-25 07:39:08 | INFO     | [lf.day.flights_found] Found 1 flights on 04MAR
2026-01-25 07:39:10 | INFO     | [lf.flight.extracted] SM466 on 04MAR: BKG=53, LF=30.3%
[LF] SM466 04MAR: BKG=53, GRP=0, CAP=175, LF%=30.3%, Brd-Off=RUH-ATZ, Classes: X:10, T:9, W:11, S:5, G:4, L:8, K:2, Q:4
[LF] Getting WEEKLY/LASTSOLD data for 1 flights
[LF] SM466 04MAR: LASTSOLD=2026-01-14 00:00:00, WEEKLY=0, TODAY=0, YDAY=0
2026-01-25 07:39:15 | INFO     | [SUCCESS] Day 04MAR
[LF] Results summary:
  2026-03-11: 1 flights
  2026-03-10: 1 flights
  2026-03-09: 0 flights
  2026-03-08: 1 flights
  2026-03-07: 0 flights
  2026-03-06: 0 flights
  2026-03-05: 0 flights
  2026-03-04: 1 flights
2026-01-25 07:39:15 | INFO     | [SUCCESS] LF Search Complete

============================================================
[Worker_9222] ✓ COMPLETED: RUH-ATZ
  Results: 8 dates
  Errors: 0 dates
  Total Processed: 50 groups
============================================================

2026-01-25 07:39:15 | INFO     | [Worker_9222] Completed: RUH-ATZ - 8 results, 0 errors

============================================================
[Worker_9222] Processing: AJF-CAI
  Tier 0: Range 2, Chunk 3/4
  Dates: 8 days
  Date Range: 2026-03-11 to 2026-03-04
============================================================

2026-01-25 07:39:15 | INFO     | [Worker_9222] Processing: AJF-CAI
2026-01-25 07:39:15 | INFO     |   Tier 0: Range 2, Chunk 3/4 (8 days)
2026-01-25 07:39:15 | INFO     | ======================================================================
2026-01-25 07:39:15 | INFO     | Load Factor Scraper Started - Route: AJF-CAI
2026-01-25 07:39:15 | INFO     | Log file: D:\CODERED\LAB\Artifacts\outputs\run_generated_250126_at_07.06\logs\LF_AJF-CAI_20260125_073915.log
2026-01-25 07:39:15 | INFO     | Enhanced logging: Capturing both logging.info() and print()
2026-01-25 07:39:15 | INFO     | ======================================================================
[LF] Processing dates (override): ['11MAR', '10MAR', '09MAR', '08MAR', '07MAR', '06MAR', '05MAR', '04MAR']
[LF] Attaching to Chrome for Altea access
2026-01-25 07:39:15 | INFO     | Starting LF search for route: AJF-CAI
2026-01-25 07:39:15 | INFO     | [START] LF Search
[LF][[OK] SUCCESS] Connected to Chrome on 127.0.0.1:9222 (after 1 attempts)
2026-01-25 07:39:16 | INFO     | [HEALTH CHECK] [OK] Chrome connection is healthy
[LF][[OK] SUCCESS] Found Amadeus Altea window: Altéa Reservation Desktop
[LF][[INFO] INFO] URL: https://tc212.resdesktop.altea.amadeus.com/app_ard/apf/init/login?SITE=ESMPESMP&LANGUAGE=GB&MARKETS=ARDW_PROD_WBP&ACTION=clpLogin#
2026-01-25 07:39:16 | INFO     | [DAY_START] Processing 11MAR
[LF] Processing AJF-CAI for 11MAR
2026-01-25 07:39:16 | INFO     | [lf.day.start] Processing AJF-CAI for 11MAR
[LF] Sending SN command: SN11MARAJFCAI/ASM
[LF] No direct flights on 11MAR for AJF-CAI
2026-01-25 07:39:17 | WARNING  | [lf.day.no_flights] No direct flights on 11MAR
2026-01-25 07:39:17 | INFO     | [SUCCESS] Day 11MAR
2026-01-25 07:39:17 | INFO     | [DAY_START] Processing 10MAR
[LF] Processing AJF-CAI for 10MAR
2026-01-25 07:39:17 | INFO     | [lf.day.start] Processing AJF-CAI for 10MAR
[LF] Sending SN command: SN10MARAJFCAI/ASM
[LF] 10MAR: found 1 direct flights
2026-01-25 07:39:18 | INFO     | [lf.day.flights_found] Found 1 flights on 10MAR
2026-01-25 07:39:21 | INFO     | [lf.flight.extracted] SM322 on 10MAR: BKG=33, LF=18.9%
[LF] SM322 10MAR: BKG=33, GRP=0, CAP=175, LF%=18.9%, Brd-Off=AJF-CAI, Classes: S:3, G:16, L:9, V:4, K:1
[LF] Getting WEEKLY/LASTSOLD data for 1 flights
[LF] SM322 10MAR: LASTSOLD=2026-01-24 00:00:00, WEEKLY=4, TODAY=0, YDAY=1
2026-01-25 07:39:25 | INFO     | [SUCCESS] Day 10MAR
2026-01-25 07:39:25 | INFO     | [DAY_START] Processing 09MAR
[LF] Processing AJF-CAI for 09MAR
2026-01-25 07:39:25 | INFO     | [lf.day.start] Processing AJF-CAI for 09MAR
[LF] Sending SN command: SN09MARAJFCAI/ASM
[LF] No direct flights on 09MAR for AJF-CAI
2026-01-25 07:39:26 | WARNING  | [lf.day.no_flights] No direct flights on 09MAR
2026-01-25 07:39:26 | INFO     | [SUCCESS] Day 09MAR
2026-01-25 07:39:26 | INFO     | [DAY_START] Processing 08MAR
[LF] Processing AJF-CAI for 08MAR
2026-01-25 07:39:26 | INFO     | [lf.day.start] Processing AJF-CAI for 08MAR
[LF] Sending SN command: SN08MARAJFCAI/ASM
[LF] No direct flights on 08MAR for AJF-CAI
2026-01-25 07:39:28 | WARNING  | [lf.day.no_flights] No direct flights on 08MAR
2026-01-25 07:39:28 | INFO     | [SUCCESS] Day 08MAR
2026-01-25 07:39:28 | INFO     | [DAY_START] Processing 07MAR
[LF] Processing AJF-CAI for 07MAR
2026-01-25 07:39:28 | INFO     | [lf.day.start] Processing AJF-CAI for 07MAR
[LF] Sending SN command: SN07MARAJFCAI/ASM
[LF] 07MAR: found 1 direct flights
2026-01-25 07:39:29 | INFO     | [lf.day.flights_found] Found 1 flights on 07MAR
2026-01-25 07:39:31 | INFO     | [lf.flight.extracted] SM322 on 07MAR: BKG=31, LF=17.7%
[LF] SM322 07MAR: BKG=31, GRP=0, CAP=175, LF%=17.7%, Brd-Off=AJF-CAI, Classes: W:1, S:2, G:7, L:18, V:2, K:1
[LF] Getting WEEKLY/LASTSOLD data for 1 flights
[LF] SM322 07MAR: LASTSOLD=2026-01-24 00:00:00, WEEKLY=13, TODAY=0, YDAY=8
2026-01-25 07:39:35 | INFO     | [SUCCESS] Day 07MAR
2026-01-25 07:39:35 | INFO     | [DAY_START] Processing 06MAR
[LF] Processing AJF-CAI for 06MAR
2026-01-25 07:39:35 | INFO     | [lf.day.start] Processing AJF-CAI for 06MAR
[LF] Sending SN command: SN06MARAJFCAI/ASM
[LF] No direct flights on 06MAR for AJF-CAI
2026-01-25 07:39:37 | WARNING  | [lf.day.no_flights] No direct flights on 06MAR
2026-01-25 07:39:37 | INFO     | [SUCCESS] Day 06MAR
2026-01-25 07:39:37 | INFO     | [DAY_START] Processing 05MAR
[LF] Processing AJF-CAI for 05MAR
2026-01-25 07:39:37 | INFO     | [lf.day.start] Processing AJF-CAI for 05MAR
[LF] Sending SN command: SN05MARAJFCAI/ASM
[LF] 05MAR: found 1 direct flights
2026-01-25 07:39:38 | INFO     | [lf.day.flights_found] Found 1 flights on 05MAR
2026-01-25 07:39:40 | INFO     | [lf.flight.extracted] SM322 on 05MAR: BKG=42, LF=25.1%
[LF] SM322 05MAR: BKG=42, GRP=0, CAP=167, LF%=25.1%, Brd-Off=AJF-CAI, Classes: W:1, S:2, G:7, L:8, V:10, K:9, Q:5
[LF] Getting WEEKLY/LASTSOLD data for 1 flights
[LF] SM322 05MAR: LASTSOLD=2026-01-24 00:00:00, WEEKLY=3, TODAY=0, YDAY=3
2026-01-25 07:39:44 | INFO     | [SUCCESS] Day 05MAR
2026-01-25 07:39:44 | INFO     | [DAY_START] Processing 04MAR
[LF] Processing AJF-CAI for 04MAR
2026-01-25 07:39:44 | INFO     | [lf.day.start] Processing AJF-CAI for 04MAR
[LF] Sending SN command: SN04MARAJFCAI/ASM
[LF] No direct flights on 04MAR for AJF-CAI
2026-01-25 07:39:45 | WARNING  | [lf.day.no_flights] No direct flights on 04MAR
2026-01-25 07:39:45 | INFO     | [SUCCESS] Day 04MAR
[LF] Results summary:
  2026-03-11: 0 flights
  2026-03-10: 1 flights
  2026-03-09: 0 flights
  2026-03-08: 0 flights
  2026-03-07: 1 flights
  2026-03-06: 0 flights
  2026-03-05: 1 flights
  2026-03-04: 0 flights
2026-01-25 07:39:45 | INFO     | [SUCCESS] LF Search Complete

============================================================
[Worker_9222] ✓ COMPLETED: AJF-CAI
  Results: 8 dates
  Errors: 0 dates
  Total Processed: 51 groups
============================================================

2026-01-25 07:39:45 | INFO     | [Worker_9222] Completed: AJF-CAI - 8 results, 0 errors

============================================================
[Worker_9222] Processing: ELQ-ATZ
  Tier 0: Range 2, Chunk 3/4
  Dates: 8 days
  Date Range: 2026-03-11 to 2026-03-04
============================================================

2026-01-25 07:39:45 | INFO     | [Worker_9222] Processing: ELQ-ATZ
2026-01-25 07:39:45 | INFO     |   Tier 0: Range 2, Chunk 3/4 (8 days)
2026-01-25 07:39:45 | INFO     | ======================================================================
2026-01-25 07:39:45 | INFO     | Load Factor Scraper Started - Route: ELQ-ATZ
2026-01-25 07:39:45 | INFO     | Log file: D:\CODERED\LAB\Artifacts\outputs\run_generated_250126_at_07.06\logs\LF_ELQ-ATZ_20260125_073945.log
2026-01-25 07:39:45 | INFO     | Enhanced logging: Capturing both logging.info() and print()
2026-01-25 07:39:45 | INFO     | ======================================================================
[LF] Processing dates (override): ['11MAR', '10MAR', '09MAR', '08MAR', '07MAR', '06MAR', '05MAR', '04MAR']
[LF] Attaching to Chrome for Altea access
2026-01-25 07:39:45 | INFO     | Starting LF search for route: ELQ-ATZ
2026-01-25 07:39:45 | INFO     | [START] LF Search
[LF][[OK] SUCCESS] Connected to Chrome on 127.0.0.1:9222 (after 1 attempts)
2026-01-25 07:39:46 | INFO     | [HEALTH CHECK] [OK] Chrome connection is healthy
[LF][[OK] SUCCESS] Found Amadeus Altea window: Altéa Reservation Desktop
[LF][[INFO] INFO] URL: https://tc212.resdesktop.altea.amadeus.com/app_ard/apf/init/login?SITE=ESMPESMP&LANGUAGE=GB&MARKETS=ARDW_PROD_WBP&ACTION=clpLogin#
2026-01-25 07:39:46 | INFO     | [DAY_START] Processing 11MAR
[LF] Processing ELQ-ATZ for 11MAR
2026-01-25 07:39:46 | INFO     | [lf.day.start] Processing ELQ-ATZ for 11MAR
[LF] Sending SN command: SN11MARELQATZ/ASM
[LF] 11MAR: found 1 direct flights
2026-01-25 07:39:48 | INFO     | [lf.day.flights_found] Found 1 flights on 11MAR
2026-01-25 07:39:50 | INFO     | [lf.flight.extracted] SM436 on 11MAR: BKG=42, LF=24.0%
[LF] SM436 11MAR: BKG=42, GRP=0, CAP=175, LF%=24.0%, Brd-Off=ELQ-ATZ, Classes: X:10, T:8, W:12, S:2, G:7, L:3
[LF] Getting WEEKLY/LASTSOLD data for 1 flights
[LF] SM436 11MAR: LASTSOLD=2026-01-23 00:00:00, WEEKLY=12, TODAY=0, YDAY=0
2026-01-25 07:39:53 | INFO     | [SUCCESS] Day 11MAR
2026-01-25 07:39:53 | INFO     | [DAY_START] Processing 10MAR
[LF] Processing ELQ-ATZ for 10MAR
2026-01-25 07:39:53 | INFO     | [lf.day.start] Processing ELQ-ATZ for 10MAR
[LF] Sending SN command: SN10MARELQATZ/ASM
[LF] No direct flights on 10MAR for ELQ-ATZ
2026-01-25 07:39:55 | WARNING  | [lf.day.no_flights] No direct flights on 10MAR
2026-01-25 07:39:55 | INFO     | [SUCCESS] Day 10MAR
2026-01-25 07:39:55 | INFO     | [DAY_START] Processing 09MAR
[LF] Processing ELQ-ATZ for 09MAR
2026-01-25 07:39:55 | INFO     | [lf.day.start] Processing ELQ-ATZ for 09MAR
[LF] Sending SN command: SN09MARELQATZ/ASM
[LF] No direct flights on 09MAR for ELQ-ATZ
2026-01-25 07:39:56 | WARNING  | [lf.day.no_flights] No direct flights on 09MAR
2026-01-25 07:39:56 | INFO     | [SUCCESS] Day 09MAR
2026-01-25 07:39:56 | INFO     | [DAY_START] Processing 08MAR
[LF] Processing ELQ-ATZ for 08MAR
2026-01-25 07:39:56 | INFO     | [lf.day.start] Processing ELQ-ATZ for 08MAR
[LF] Sending SN command: SN08MARELQATZ/ASM
[LF] No direct flights on 08MAR for ELQ-ATZ
2026-01-25 07:39:57 | WARNING  | [lf.day.no_flights] No direct flights on 08MAR
2026-01-25 07:39:57 | INFO     | [SUCCESS] Day 08MAR
2026-01-25 07:39:57 | INFO     | [DAY_START] Processing 07MAR
[LF] Processing ELQ-ATZ for 07MAR
2026-01-25 07:39:57 | INFO     | [lf.day.start] Processing ELQ-ATZ for 07MAR
[LF] Sending SN command: SN07MARELQATZ/ASM
[LF] 07MAR: found 1 direct flights
2026-01-25 07:39:58 | INFO     | [lf.day.flights_found] Found 1 flights on 07MAR
2026-01-25 07:40:00 | INFO     | [lf.flight.extracted] SM436 on 07MAR: BKG=49, LF=28.0%
[LF] SM436 07MAR: BKG=49, GRP=0, CAP=175, LF%=28.0%, Brd-Off=ELQ-ATZ, Classes: X:25, T:10, W:6, S:1, G:6, L:1
[LPC] SM436 07MAR: Found 0 outbound flights with connecting passengers
[LF] Getting WEEKLY/LASTSOLD data for 1 flights
[LF] SM436 07MAR: LASTSOLD=2026-01-22 00:00:00, WEEKLY=11, TODAY=0, YDAY=0
2026-01-25 07:40:07 | INFO     | [SUCCESS] Day 07MAR
2026-01-25 07:40:07 | INFO     | [DAY_START] Processing 06MAR
[LF] Processing ELQ-ATZ for 06MAR
2026-01-25 07:40:07 | INFO     | [lf.day.start] Processing ELQ-ATZ for 06MAR
[LF] Sending SN command: SN06MARELQATZ/ASM
[LF] No direct flights on 06MAR for ELQ-ATZ
2026-01-25 07:40:08 | WARNING  | [lf.day.no_flights] No direct flights on 06MAR
2026-01-25 07:40:08 | INFO     | [SUCCESS] Day 06MAR
2026-01-25 07:40:08 | INFO     | [DAY_START] Processing 05MAR
[LF] Processing ELQ-ATZ for 05MAR
2026-01-25 07:40:08 | INFO     | [lf.day.start] Processing ELQ-ATZ for 05MAR
[LF] Sending SN command: SN05MARELQATZ/ASM
[LF] No direct flights on 05MAR for ELQ-ATZ
2026-01-25 07:40:09 | WARNING  | [lf.day.no_flights] No direct flights on 05MAR
2026-01-25 07:40:09 | INFO     | [SUCCESS] Day 05MAR
2026-01-25 07:40:09 | INFO     | [DAY_START] Processing 04MAR
[LF] Processing ELQ-ATZ for 04MAR
2026-01-25 07:40:09 | INFO     | [lf.day.start] Processing ELQ-ATZ for 04MAR
[LF] Sending SN command: SN04MARELQATZ/ASM
[LF] 04MAR: found 1 direct flights
2026-01-25 07:40:10 | INFO     | [lf.day.flights_found] Found 1 flights on 04MAR
2026-01-25 07:40:13 | INFO     | [lf.flight.extracted] SM436 on 04MAR: BKG=44, LF=25.1%
[LF] SM436 04MAR: BKG=44, GRP=0, CAP=175, LF%=25.1%, Brd-Off=ELQ-ATZ, Classes: X:25, T:10, G:2, L:7
[LF] Getting WEEKLY/LASTSOLD data for 1 flights
[LF] SM436 04MAR: LASTSOLD=2026-01-24 00:00:00, WEEKLY=15, TODAY=0, YDAY=6
2026-01-25 07:40:19 | INFO     | [SUCCESS] Day 04MAR
[LF] Results summary:
  2026-03-11: 1 flights
  2026-03-10: 0 flights
  2026-03-09: 0 flights
  2026-03-08: 0 flights
  2026-03-07: 1 flights
  2026-03-06: 0 flights
  2026-03-05: 0 flights
  2026-03-04: 1 flights
2026-01-25 07:40:19 | INFO     | [SUCCESS] LF Search Complete

============================================================
[Worker_9222] ✓ COMPLETED: ELQ-ATZ
  Results: 8 dates
  Errors: 0 dates
  Total Processed: 52 groups
============================================================

2026-01-25 07:40:19 | INFO     | [Worker_9222] Completed: ELQ-ATZ - 8 results, 0 errors

============================================================
[Worker_9222] Processing: LXR-JED
  Tier 0: Range 2, Chunk 3/4
  Dates: 8 days
  Date Range: 2026-03-11 to 2026-03-04
============================================================

2026-01-25 07:40:19 | INFO     | [Worker_9222] Processing: LXR-JED
2026-01-25 07:40:19 | INFO     |   Tier 0: Range 2, Chunk 3/4 (8 days)
2026-01-25 07:40:19 | INFO     | ======================================================================
2026-01-25 07:40:19 | INFO     | Load Factor Scraper Started - Route: LXR-JED
2026-01-25 07:40:19 | INFO     | Log file: D:\CODERED\LAB\Artifacts\outputs\run_generated_250126_at_07.06\logs\LF_LXR-JED_20260125_074019.log
2026-01-25 07:40:19 | INFO     | Enhanced logging: Capturing both logging.info() and print()
2026-01-25 07:40:19 | INFO     | ======================================================================
[LF] Processing dates (override): ['11MAR', '10MAR', '09MAR', '08MAR', '07MAR', '06MAR', '05MAR', '04MAR']
[LF] Attaching to Chrome for Altea access
2026-01-25 07:40:19 | INFO     | Starting LF search for route: LXR-JED
2026-01-25 07:40:19 | INFO     | [START] LF Search
[LF][[OK] SUCCESS] Connected to Chrome on 127.0.0.1:9222 (after 1 attempts)
2026-01-25 07:40:20 | INFO     | [HEALTH CHECK] [OK] Chrome connection is healthy
[LF][[OK] SUCCESS] Found Amadeus Altea window: Altéa Reservation Desktop
[LF][[INFO] INFO] URL: https://tc212.resdesktop.altea.amadeus.com/app_ard/apf/init/login?SITE=ESMPESMP&LANGUAGE=GB&MARKETS=ARDW_PROD_WBP&ACTION=clpLogin#
2026-01-25 07:40:20 | INFO     | [DAY_START] Processing 11MAR
[LF] Processing LXR-JED for 11MAR
2026-01-25 07:40:20 | INFO     | [lf.day.start] Processing LXR-JED for 11MAR
[LF] Sending SN command: SN11MARLXRJED/ASM
[LF] No direct flights on 11MAR for LXR-JED
2026-01-25 07:40:22 | WARNING  | [lf.day.no_flights] No direct flights on 11MAR
2026-01-25 07:40:22 | INFO     | [SUCCESS] Day 11MAR
2026-01-25 07:40:22 | INFO     | [DAY_START] Processing 10MAR
[LF] Processing LXR-JED for 10MAR
2026-01-25 07:40:22 | INFO     | [lf.day.start] Processing LXR-JED for 10MAR
[LF] Sending SN command: SN10MARLXRJED/ASM
[LF] 10MAR: found 3 direct flights
2026-01-25 07:40:23 | INFO     | [lf.day.flights_found] Found 3 flights on 10MAR
2026-01-25 07:40:25 | INFO     | [lf.flight.extracted] SM429 on 10MAR: BKG=0, LF=0.0%
[LF] SM429 10MAR: BKG=0, GRP=0, CAP=179, LF%=0.0%, Brd-Off=LXR-JED
2026-01-25 07:40:28 | INFO     | [lf.flight.extracted] SM483 on 10MAR: BKG=0, LF=0.0%
[LF] SM483 10MAR: BKG=0, GRP=0, CAP=179, LF%=0.0%, Brd-Off=LXR-JED
2026-01-25 07:40:32 | INFO     | [lf.flight.extracted] SM981 on 10MAR: BKG=0, LF=0.0%
[LF] SM981 10MAR: BKG=0, GRP=0, CAP=179, LF%=0.0%, Brd-Off=LXR-JED
2026-01-25 07:40:33 | INFO     | [SUCCESS] Day 10MAR
2026-01-25 07:40:33 | INFO     | [DAY_START] Processing 09MAR
[LF] Processing LXR-JED for 09MAR
2026-01-25 07:40:33 | INFO     | [lf.day.start] Processing LXR-JED for 09MAR
[LF] Sending SN command: SN09MARLXRJED/ASM
[LF] 09MAR: found 1 direct flights
2026-01-25 07:40:35 | INFO     | [lf.day.flights_found] Found 1 flights on 09MAR
2026-01-25 07:40:37 | INFO     | [lf.flight.extracted] SM481 on 09MAR: BKG=0, LF=0.0%
[LF] SM481 09MAR: BKG=0, GRP=0, CAP=179, LF%=0.0%, Brd-Off=LXR-JED
2026-01-25 07:40:38 | INFO     | [SUCCESS] Day 09MAR
2026-01-25 07:40:38 | INFO     | [DAY_START] Processing 08MAR
[LF] Processing LXR-JED for 08MAR
2026-01-25 07:40:38 | INFO     | [lf.day.start] Processing LXR-JED for 08MAR
[LF] Sending SN command: SN08MARLXRJED/ASM
[LF] No direct flights on 08MAR for LXR-JED
2026-01-25 07:40:40 | WARNING  | [lf.day.no_flights] No direct flights on 08MAR
2026-01-25 07:40:40 | INFO     | [SUCCESS] Day 08MAR
2026-01-25 07:40:40 | INFO     | [DAY_START] Processing 07MAR
[LF] Processing LXR-JED for 07MAR
2026-01-25 07:40:40 | INFO     | [lf.day.start] Processing LXR-JED for 07MAR
[LF] Sending SN command: SN07MARLXRJED/ASM
[LF] No direct flights on 07MAR for LXR-JED
2026-01-25 07:40:42 | WARNING  | [lf.day.no_flights] No direct flights on 07MAR
2026-01-25 07:40:42 | INFO     | [SUCCESS] Day 07MAR
2026-01-25 07:40:42 | INFO     | [DAY_START] Processing 06MAR
[LF] Processing LXR-JED for 06MAR
2026-01-25 07:40:42 | INFO     | [lf.day.start] Processing LXR-JED for 06MAR
[LF] Sending SN command: SN06MARLXRJED/ASM
[LF] No direct flights on 06MAR for LXR-JED
2026-01-25 07:40:43 | WARNING  | [lf.day.no_flights] No direct flights on 06MAR
2026-01-25 07:40:43 | INFO     | [SUCCESS] Day 06MAR
2026-01-25 07:40:43 | INFO     | [DAY_START] Processing 05MAR
[LF] Processing LXR-JED for 05MAR
2026-01-25 07:40:43 | INFO     | [lf.day.start] Processing LXR-JED for 05MAR
[LF] Sending SN command: SN05MARLXRJED/ASM
[LF] No direct flights on 05MAR for LXR-JED
2026-01-25 07:40:45 | WARNING  | [lf.day.no_flights] No direct flights on 05MAR
2026-01-25 07:40:45 | INFO     | [SUCCESS] Day 05MAR
2026-01-25 07:40:45 | INFO     | [DAY_START] Processing 04MAR
[LF] Processing LXR-JED for 04MAR
2026-01-25 07:40:45 | INFO     | [lf.day.start] Processing LXR-JED for 04MAR
[LF] Sending SN command: SN04MARLXRJED/ASM
[LF] No direct flights on 04MAR for LXR-JED
2026-01-25 07:40:46 | WARNING  | [lf.day.no_flights] No direct flights on 04MAR
2026-01-25 07:40:46 | INFO     | [SUCCESS] Day 04MAR
[LF] Results summary:
  2026-03-11: 0 flights
  2026-03-10: 3 flights
  2026-03-09: 1 flights
  2026-03-08: 0 flights
  2026-03-07: 0 flights
  2026-03-06: 0 flights
  2026-03-05: 0 flights
  2026-03-04: 0 flights
2026-01-25 07:40:46 | INFO     | [SUCCESS] LF Search Complete

============================================================
[Worker_9222] ✓ COMPLETED: LXR-JED
  Results: 8 dates
  Errors: 0 dates
  Total Processed: 53 groups
============================================================

2026-01-25 07:40:46 | INFO     | [Worker_9222] Completed: LXR-JED - 8 results, 0 errors

============================================================
[Worker_9222] Processing: CAI-TUU
  Tier 0: Range 2, Chunk 3/4
  Dates: 8 days
  Date Range: 2026-03-11 to 2026-03-04
============================================================

2026-01-25 07:40:46 | INFO     | [Worker_9222] Processing: CAI-TUU
2026-01-25 07:40:46 | INFO     |   Tier 0: Range 2, Chunk 3/4 (8 days)
2026-01-25 07:40:46 | INFO     | ======================================================================
2026-01-25 07:40:46 | INFO     | Load Factor Scraper Started - Route: CAI-TUU
2026-01-25 07:40:46 | INFO     | Log file: D:\CODERED\LAB\Artifacts\outputs\run_generated_250126_at_07.06\logs\LF_CAI-TUU_20260125_074046.log
2026-01-25 07:40:46 | INFO     | Enhanced logging: Capturing both logging.info() and print()
2026-01-25 07:40:46 | INFO     | ======================================================================
[LF] Processing dates (override): ['11MAR', '10MAR', '09MAR', '08MAR', '07MAR', '06MAR', '05MAR', '04MAR']
[LF] Attaching to Chrome for Altea access
2026-01-25 07:40:46 | INFO     | Starting LF search for route: CAI-TUU
2026-01-25 07:40:46 | INFO     | [START] LF Search
[LF][[OK] SUCCESS] Connected to Chrome on 127.0.0.1:9222 (after 1 attempts)
2026-01-25 07:40:47 | INFO     | [HEALTH CHECK] [OK] Chrome connection is healthy
[LF][[OK] SUCCESS] Found Amadeus Altea window: Altéa Reservation Desktop
[LF][[INFO] INFO] URL: https://tc212.resdesktop.altea.amadeus.com/app_ard/apf/init/login?SITE=ESMPESMP&LANGUAGE=GB&MARKETS=ARDW_PROD_WBP&ACTION=clpLogin#
2026-01-25 07:40:47 | INFO     | [DAY_START] Processing 11MAR
[LF] Processing CAI-TUU for 11MAR
2026-01-25 07:40:47 | INFO     | [lf.day.start] Processing CAI-TUU for 11MAR
[LF] Sending SN command: SN11MARCAITUU/ASM
[LF] 11MAR: found 1 direct flights
2026-01-25 07:40:48 | INFO     | [lf.day.flights_found] Found 1 flights on 11MAR
2026-01-25 07:40:51 | INFO     | [lf.flight.extracted] SM325 on 11MAR: BKG=2, LF=1.1%
[LF] SM325 11MAR: BKG=2, GRP=0, CAP=179, LF%=1.1%, Brd-Off=CAI-TUU, Classes: I:2
[LF] Getting WEEKLY/LASTSOLD data for 1 flights
[LF] SM325 11MAR: LASTSOLD=2026-01-07 00:00:00, WEEKLY=0, TODAY=0, YDAY=0
2026-01-25 07:40:54 | INFO     | [SUCCESS] Day 11MAR
2026-01-25 07:40:54 | INFO     | [DAY_START] Processing 10MAR
[LF] Processing CAI-TUU for 10MAR
2026-01-25 07:40:54 | INFO     | [lf.day.start] Processing CAI-TUU for 10MAR
[LF] Sending SN command: SN10MARCAITUU/ASM
[LF] No direct flights on 10MAR for CAI-TUU
2026-01-25 07:40:55 | WARNING  | [lf.day.no_flights] No direct flights on 10MAR
2026-01-25 07:40:55 | INFO     | [SUCCESS] Day 10MAR
2026-01-25 07:40:55 | INFO     | [DAY_START] Processing 09MAR
[LF] Processing CAI-TUU for 09MAR
2026-01-25 07:40:55 | INFO     | [lf.day.start] Processing CAI-TUU for 09MAR
[LF] Sending SN command: SN09MARCAITUU/ASM
[LF] No direct flights on 09MAR for CAI-TUU
2026-01-25 07:40:57 | WARNING  | [lf.day.no_flights] No direct flights on 09MAR
2026-01-25 07:40:57 | INFO     | [SUCCESS] Day 09MAR
2026-01-25 07:40:57 | INFO     | [DAY_START] Processing 08MAR
[LF] Processing CAI-TUU for 08MAR
2026-01-25 07:40:57 | INFO     | [lf.day.start] Processing CAI-TUU for 08MAR
[LF] Sending SN command: SN08MARCAITUU/ASM
[LF] No direct flights on 08MAR for CAI-TUU
2026-01-25 07:40:58 | WARNING  | [lf.day.no_flights] No direct flights on 08MAR
2026-01-25 07:40:58 | INFO     | [SUCCESS] Day 08MAR
2026-01-25 07:40:58 | INFO     | [DAY_START] Processing 07MAR
[LF] Processing CAI-TUU for 07MAR
2026-01-25 07:40:58 | INFO     | [lf.day.start] Processing CAI-TUU for 07MAR
[LF] Sending SN command: SN07MARCAITUU/ASM
[LF] 07MAR: found 1 direct flights
2026-01-25 07:40:59 | INFO     | [lf.day.flights_found] Found 1 flights on 07MAR
2026-01-25 07:41:01 | INFO     | [lf.flight.extracted] SM325 on 07MAR: BKG=3, LF=2.8%
[LF] SM325 07MAR: BKG=3, GRP=0, CAP=109, LF%=2.8%, Brd-Off=CAI-TUU, Classes: I:3
[LF] Getting WEEKLY/LASTSOLD data for 1 flights
[LF] SM325 07MAR: LASTSOLD=2026-01-17 00:00:00, WEEKLY=0, TODAY=0, YDAY=0
2026-01-25 07:41:04 | INFO     | [SUCCESS] Day 07MAR
2026-01-25 07:41:04 | INFO     | [DAY_START] Processing 06MAR
[LF] Processing CAI-TUU for 06MAR
2026-01-25 07:41:04 | INFO     | [lf.day.start] Processing CAI-TUU for 06MAR
[LF] Sending SN command: SN06MARCAITUU/ASM
[LF] No direct flights on 06MAR for CAI-TUU
2026-01-25 07:41:05 | WARNING  | [lf.day.no_flights] No direct flights on 06MAR
2026-01-25 07:41:05 | INFO     | [SUCCESS] Day 06MAR
2026-01-25 07:41:05 | INFO     | [DAY_START] Processing 05MAR
[LF] Processing CAI-TUU for 05MAR
2026-01-25 07:41:05 | INFO     | [lf.day.start] Processing CAI-TUU for 05MAR
[LF] Sending SN command: SN05MARCAITUU/ASM
[LF] 05MAR: found 1 direct flights
2026-01-25 07:41:07 | INFO     | [lf.day.flights_found] Found 1 flights on 05MAR
2026-01-25 07:41:09 | INFO     | [lf.flight.extracted] SM325 on 05MAR: BKG=1, LF=0.6%
[LF] SM325 05MAR: BKG=1, GRP=0, CAP=179, LF%=0.6%, Brd-Off=CAI-TUU, Classes: I:1
[LF] Getting WEEKLY/LASTSOLD data for 1 flights
[LF] SM325 05MAR: LASTSOLD=2025-12-14 00:00:00, WEEKLY=0, TODAY=0, YDAY=0
2026-01-25 07:41:12 | INFO     | [SUCCESS] Day 05MAR
2026-01-25 07:41:12 | INFO     | [DAY_START] Processing 04MAR
[LF] Processing CAI-TUU for 04MAR
2026-01-25 07:41:12 | INFO     | [lf.day.start] Processing CAI-TUU for 04MAR
[LF] Sending SN command: SN04MARCAITUU/ASM
[LF] 04MAR: found 1 direct flights
2026-01-25 07:41:13 | INFO     | [lf.day.flights_found] Found 1 flights on 04MAR
2026-01-25 07:41:16 | INFO     | [lf.flight.extracted] SM325 on 04MAR: BKG=2, LF=1.1%
[LF] SM325 04MAR: BKG=2, GRP=0, CAP=176, LF%=1.1%, Brd-Off=CAI-TUU, Classes: I:2
[LF] Getting WEEKLY/LASTSOLD data for 1 flights
[LF] SM325 04MAR: LASTSOLD=2026-01-18 00:00:00, WEEKLY=1, TODAY=0, YDAY=0
2026-01-25 07:41:20 | INFO     | [SUCCESS] Day 04MAR
[LF] Results summary:
  2026-03-11: 1 flights
  2026-03-10: 0 flights
  2026-03-09: 0 flights
  2026-03-08: 0 flights
  2026-03-07: 1 flights
  2026-03-06: 0 flights
  2026-03-05: 1 flights
  2026-03-04: 1 flights
2026-01-25 07:41:20 | INFO     | [SUCCESS] LF Search Complete

============================================================
[Worker_9222] ✓ COMPLETED: CAI-TUU
  Results: 8 dates
  Errors: 0 dates
  Total Processed: 54 groups
============================================================

2026-01-25 07:41:20 | INFO     | [Worker_9222] Completed: CAI-TUU - 8 results, 0 errors

============================================================
[Worker_9222] Processing: CAI-AHB
  Tier 0: Range 2, Chunk 3/4
  Dates: 8 days
  Date Range: 2026-03-11 to 2026-03-04
============================================================

2026-01-25 07:41:20 | INFO     | [Worker_9222] Processing: CAI-AHB
2026-01-25 07:41:20 | INFO     |   Tier 0: Range 2, Chunk 3/4 (8 days)
2026-01-25 07:41:20 | INFO     | ======================================================================
2026-01-25 07:41:20 | INFO     | Load Factor Scraper Started - Route: CAI-AHB
2026-01-25 07:41:20 | INFO     | Log file: D:\CODERED\LAB\Artifacts\outputs\run_generated_250126_at_07.06\logs\LF_CAI-AHB_20260125_074120.log
2026-01-25 07:41:20 | INFO     | Enhanced logging: Capturing both logging.info() and print()
2026-01-25 07:41:20 | INFO     | ======================================================================
[LF] Processing dates (override): ['11MAR', '10MAR', '09MAR', '08MAR', '07MAR', '06MAR', '05MAR', '04MAR']
[LF] Attaching to Chrome for Altea access
2026-01-25 07:41:20 | INFO     | Starting LF search for route: CAI-AHB
2026-01-25 07:41:20 | INFO     | [START] LF Search
[LF][[OK] SUCCESS] Connected to Chrome on 127.0.0.1:9222 (after 1 attempts)
2026-01-25 07:41:20 | INFO     | [HEALTH CHECK] [OK] Chrome connection is healthy
[LF][[OK] SUCCESS] Found Amadeus Altea window: Altéa Reservation Desktop
[LF][[INFO] INFO] URL: https://tc212.resdesktop.altea.amadeus.com/app_ard/apf/init/login?SITE=ESMPESMP&LANGUAGE=GB&MARKETS=ARDW_PROD_WBP&ACTION=clpLogin#
2026-01-25 07:41:21 | INFO     | [DAY_START] Processing 11MAR
[LF] Processing CAI-AHB for 11MAR
2026-01-25 07:41:21 | INFO     | [lf.day.start] Processing CAI-AHB for 11MAR
[LF] Sending SN command: SN11MARCAIAHB/ASM
[LF] 11MAR: found 1 direct flights
2026-01-25 07:41:22 | INFO     | [lf.day.flights_found] Found 1 flights on 11MAR
2026-01-25 07:41:24 | INFO     | [lf.flight.extracted] SM447 on 11MAR: BKG=8, LF=4.5%
[LF] SM447 11MAR: BKG=8, GRP=0, CAP=179, LF%=4.5%, Brd-Off=CAI-AHB, Classes: I:6, O:1, X:1
[LF] Getting WEEKLY/LASTSOLD data for 1 flights
[LF] SM447 11MAR: LASTSOLD=2026-01-20 00:00:00, WEEKLY=2, TODAY=0, YDAY=0
2026-01-25 07:41:27 | INFO     | [SUCCESS] Day 11MAR
2026-01-25 07:41:27 | INFO     | [DAY_START] Processing 10MAR
[LF] Processing CAI-AHB for 10MAR
2026-01-25 07:41:27 | INFO     | [lf.day.start] Processing CAI-AHB for 10MAR
[LF] Sending SN command: SN10MARCAIAHB/ASM
[LF] No direct flights on 10MAR for CAI-AHB
2026-01-25 07:41:28 | WARNING  | [lf.day.no_flights] No direct flights on 10MAR
2026-01-25 07:41:28 | INFO     | [SUCCESS] Day 10MAR
2026-01-25 07:41:28 | INFO     | [DAY_START] Processing 09MAR
[LF] Processing CAI-AHB for 09MAR
2026-01-25 07:41:28 | INFO     | [lf.day.start] Processing CAI-AHB for 09MAR
[LF] Sending SN command: SN09MARCAIAHB/ASM
[LF] No direct flights on 09MAR for CAI-AHB
2026-01-25 07:41:30 | WARNING  | [lf.day.no_flights] No direct flights on 09MAR
2026-01-25 07:41:30 | INFO     | [SUCCESS] Day 09MAR
2026-01-25 07:41:30 | INFO     | [DAY_START] Processing 08MAR
[LF] Processing CAI-AHB for 08MAR
2026-01-25 07:41:30 | INFO     | [lf.day.start] Processing CAI-AHB for 08MAR
[LF] Sending SN command: SN08MARCAIAHB/ASM
[LF] No direct flights on 08MAR for CAI-AHB
2026-01-25 07:41:31 | WARNING  | [lf.day.no_flights] No direct flights on 08MAR
2026-01-25 07:41:31 | INFO     | [SUCCESS] Day 08MAR
2026-01-25 07:41:31 | INFO     | [DAY_START] Processing 07MAR
[LF] Processing CAI-AHB for 07MAR
2026-01-25 07:41:31 | INFO     | [lf.day.start] Processing CAI-AHB for 07MAR
[LF] Sending SN command: SN07MARCAIAHB/ASM
[LF] 07MAR: found 1 direct flights
2026-01-25 07:41:32 | INFO     | [lf.day.flights_found] Found 1 flights on 07MAR
2026-01-25 07:41:34 | INFO     | [lf.flight.extracted] SM443 on 07MAR: BKG=10, LF=5.6%
[LF] SM443 07MAR: BKG=10, GRP=0, CAP=179, LF%=5.6%, Brd-Off=CAI-AHB, Classes: I:7, O:3
[LF] Getting WEEKLY/LASTSOLD data for 1 flights
[LF] SM443 07MAR: LASTSOLD=2026-01-24 00:00:00, WEEKLY=2, TODAY=0, YDAY=1
2026-01-25 07:41:37 | INFO     | [SUCCESS] Day 07MAR
2026-01-25 07:41:37 | INFO     | [DAY_START] Processing 06MAR
[LF] Processing CAI-AHB for 06MAR
2026-01-25 07:41:37 | INFO     | [lf.day.start] Processing CAI-AHB for 06MAR
[LF] Sending SN command: SN06MARCAIAHB/ASM
[LF] No direct flights on 06MAR for CAI-AHB
2026-01-25 07:41:38 | WARNING  | [lf.day.no_flights] No direct flights on 06MAR
2026-01-25 07:41:38 | INFO     | [SUCCESS] Day 06MAR
2026-01-25 07:41:38 | INFO     | [DAY_START] Processing 05MAR
[LF] Processing CAI-AHB for 05MAR
2026-01-25 07:41:38 | INFO     | [lf.day.start] Processing CAI-AHB for 05MAR
[LF] Sending SN command: SN05MARCAIAHB/ASM
[LF] 05MAR: found 1 direct flights
2026-01-25 07:41:39 | INFO     | [lf.day.flights_found] Found 1 flights on 05MAR
2026-01-25 07:41:41 | INFO     | [lf.flight.extracted] SM443 on 05MAR: BKG=7, LF=3.9%
[LF] SM443 05MAR: BKG=7, GRP=0, CAP=179, LF%=3.9%, Brd-Off=CAI-AHB, Classes: I:6, W:1
[LF] Getting WEEKLY/LASTSOLD data for 1 flights
[LF] SM443 05MAR: LASTSOLD=2026-01-06 00:00:00, WEEKLY=0, TODAY=0, YDAY=0
2026-01-25 07:41:44 | INFO     | [SUCCESS] Day 05MAR
2026-01-25 07:41:44 | INFO     | [DAY_START] Processing 04MAR
[LF] Processing CAI-AHB for 04MAR
2026-01-25 07:41:44 | INFO     | [lf.day.start] Processing CAI-AHB for 04MAR
[LF] Sending SN command: SN04MARCAIAHB/ASM
[LF] 04MAR: found 1 direct flights
2026-01-25 07:41:45 | INFO     | [lf.day.flights_found] Found 1 flights on 04MAR
2026-01-25 07:41:47 | INFO     | [lf.flight.extracted] SM447 on 04MAR: BKG=16, LF=8.9%
[LF] SM447 04MAR: BKG=16, GRP=0, CAP=179, LF%=8.9%, Brd-Off=CAI-AHB, Classes: I:6, O:7, U:2, X:1
[LF] Getting WEEKLY/LASTSOLD data for 1 flights
[LF] SM447 04MAR: LASTSOLD=2026-01-22 00:00:00, WEEKLY=3, TODAY=0, YDAY=0
2026-01-25 07:41:50 | INFO     | [SUCCESS] Day 04MAR
[LF] Results summary:
  2026-03-11: 1 flights
  2026-03-10: 0 flights
  2026-03-09: 0 flights
  2026-03-08: 0 flights
  2026-03-07: 1 flights
  2026-03-06: 0 flights
  2026-03-05: 1 flights
  2026-03-04: 1 flights
2026-01-25 07:41:50 | INFO     | [SUCCESS] LF Search Complete

============================================================
[Worker_9222] ✓ COMPLETED: CAI-AHB
  Results: 8 dates
  Errors: 0 dates
  Total Processed: 55 groups
============================================================

2026-01-25 07:41:51 | INFO     | [Worker_9222] Completed: CAI-AHB - 8 results, 0 errors

============================================================
[Worker_9222] Processing: MED-HBE
  Tier 0: Range 2, Chunk 4/4
  Dates: 7 days
  Date Range: 2026-03-03 to 2026-02-25
============================================================

2026-01-25 07:41:51 | INFO     | [Worker_9222] Processing: MED-HBE
2026-01-25 07:41:51 | INFO     |   Tier 0: Range 2, Chunk 4/4 (7 days)
2026-01-25 07:41:51 | INFO     | ======================================================================
2026-01-25 07:41:51 | INFO     | Load Factor Scraper Started - Route: MED-HBE
2026-01-25 07:41:51 | INFO     | Log file: D:\CODERED\LAB\Artifacts\outputs\run_generated_250126_at_07.06\logs\LF_MED-HBE_20260125_074151.log
2026-01-25 07:41:51 | INFO     | Enhanced logging: Capturing both logging.info() and print()
2026-01-25 07:41:51 | INFO     | ======================================================================
[LF] Processing dates (override): ['03MAR', '02MAR', '01MAR', '28FEB', '27FEB', '26FEB', '25FEB']
[LF] Attaching to Chrome for Altea access
2026-01-25 07:41:51 | INFO     | Starting LF search for route: MED-HBE
2026-01-25 07:41:51 | INFO     | [START] LF Search
[LF][[OK] SUCCESS] Connected to Chrome on 127.0.0.1:9222 (after 1 attempts)
2026-01-25 07:41:51 | INFO     | [HEALTH CHECK] [OK] Chrome connection is healthy
[LF][[OK] SUCCESS] Found Amadeus Altea window: Altéa Reservation Desktop
[LF][[INFO] INFO] URL: https://tc212.resdesktop.altea.amadeus.com/app_ard/apf/init/login?SITE=ESMPESMP&LANGUAGE=GB&MARKETS=ARDW_PROD_WBP&ACTION=clpLogin#
2026-01-25 07:41:51 | INFO     | [DAY_START] Processing 03MAR
[LF] Processing MED-HBE for 03MAR
2026-01-25 07:41:51 | INFO     | [lf.day.start] Processing MED-HBE for 03MAR
[LF] Sending SN command: SN03MARMEDHBE/ASM
[LF] 03MAR: found 1 direct flights
2026-01-25 07:41:53 | INFO     | [lf.day.flights_found] Found 1 flights on 03MAR
2026-01-25 07:41:55 | INFO     | [lf.flight.extracted] SM486 on 03MAR: BKG=110, LF=62.9%
[LF] SM486 03MAR: BKG=110, GRP=80, CAP=175, LF%=62.9%, Brd-Off=MED-HBE, Classes: P:80, I:9, O:8, U:3, X:2, S:1, K:7
[LF] Getting WEEKLY/LASTSOLD data for 1 flights
[LF] SM486 03MAR: LASTSOLD=2026-01-22 00:00:00, WEEKLY=10, TODAY=0, YDAY=0
2026-01-25 07:41:59 | INFO     | [SUCCESS] Day 03MAR
2026-01-25 07:41:59 | INFO     | [DAY_START] Processing 02MAR
[LF] Processing MED-HBE for 02MAR
2026-01-25 07:41:59 | INFO     | [lf.day.start] Processing MED-HBE for 02MAR
[LF] Sending SN command: SN02MARMEDHBE/ASM
[LF] No direct flights on 02MAR for MED-HBE
2026-01-25 07:42:01 | WARNING  | [lf.day.no_flights] No direct flights on 02MAR
2026-01-25 07:42:01 | INFO     | [SUCCESS] Day 02MAR
2026-01-25 07:42:01 | INFO     | [DAY_START] Processing 01MAR
[LF] Processing MED-HBE for 01MAR
2026-01-25 07:42:01 | INFO     | [lf.day.start] Processing MED-HBE for 01MAR
[LF] Sending SN command: SN01MARMEDHBE/ASM
[LF] 01MAR: found 1 direct flights
2026-01-25 07:42:02 | INFO     | [lf.day.flights_found] Found 1 flights on 01MAR
2026-01-25 07:42:04 | INFO     | [lf.flight.extracted] SM486 on 01MAR: BKG=45, LF=27.0%
[LF] SM486 01MAR: BKG=45, GRP=0, CAP=167, LF%=27.0%, Brd-Off=MED-HBE, Classes: I:9, O:8, U:5, X:19, T:1, K:3
[LF] Getting WEEKLY/LASTSOLD data for 1 flights
[LF] SM486 01MAR: LASTSOLD=2026-01-21 00:00:00, WEEKLY=3, TODAY=0, YDAY=0
2026-01-25 07:42:09 | INFO     | [SUCCESS] Day 01MAR
2026-01-25 07:42:09 | INFO     | [DAY_START] Processing 28FEB
[LF] Processing MED-HBE for 28FEB
2026-01-25 07:42:09 | INFO     | [lf.day.start] Processing MED-HBE for 28FEB
[LF] Sending SN command: SN28FEBMEDHBE/ASM
[LF] No direct flights on 28FEB for MED-HBE
2026-01-25 07:42:10 | WARNING  | [lf.day.no_flights] No direct flights on 28FEB
2026-01-25 07:42:10 | INFO     | [SUCCESS] Day 28FEB
2026-01-25 07:42:10 | INFO     | [DAY_START] Processing 27FEB
[LF] Processing MED-HBE for 27FEB
2026-01-25 07:42:10 | INFO     | [lf.day.start] Processing MED-HBE for 27FEB
[LF] Sending SN command: SN27FEBMEDHBE/ASM
[LF] No direct flights on 27FEB for MED-HBE
2026-01-25 07:42:12 | WARNING  | [lf.day.no_flights] No direct flights on 27FEB
2026-01-25 07:42:12 | INFO     | [SUCCESS] Day 27FEB
2026-01-25 07:42:12 | INFO     | [DAY_START] Processing 26FEB
[LF] Processing MED-HBE for 26FEB
2026-01-25 07:42:12 | INFO     | [lf.day.start] Processing MED-HBE for 26FEB
[LF] Sending SN command: SN26FEBMEDHBE/ASM
[LF] 26FEB: found 1 direct flights
2026-01-25 07:42:13 | INFO     | [lf.day.flights_found] Found 1 flights on 26FEB
2026-01-25 07:42:15 | INFO     | [lf.flight.extracted] SM486 on 26FEB: BKG=131, LF=74.9%
[LF] SM486 26FEB: BKG=131, GRP=80, CAP=175, LF%=74.9%, Brd-Off=MED-HBE, Classes: P:80, I:9, O:8, U:9, X:8, T:11, W:5, K:1
[LF] Getting WEEKLY/LASTSOLD data for 1 flights
[LF] SM486 26FEB: LASTSOLD=2026-01-22 00:00:00, WEEKLY=11, TODAY=0, YDAY=0
2026-01-25 07:42:20 | INFO     | [SUCCESS] Day 26FEB
2026-01-25 07:42:20 | INFO     | [DAY_START] Processing 25FEB
[LF] Processing MED-HBE for 25FEB
2026-01-25 07:42:20 | INFO     | [lf.day.start] Processing MED-HBE for 25FEB
[LF] Sending SN command: SN25FEBMEDHBE/ASM
[LF] 25FEB: found 1 direct flights
2026-01-25 07:42:22 | INFO     | [lf.day.flights_found] Found 1 flights on 25FEB
2026-01-25 07:42:24 | INFO     | [lf.flight.extracted] SM486 on 25FEB: BKG=173, LF=98.9%
[LF] SM486 25FEB: BKG=173, GRP=170, CAP=175, LF%=98.9%, Brd-Off=MED-HBE, Classes: P:170, X:2, S:1
[LF] Getting WEEKLY/LASTSOLD data for 1 flights
[LF] SM486 25FEB: LASTSOLD=2025-12-15 00:00:00, WEEKLY=0, TODAY=0, YDAY=0
2026-01-25 07:42:27 | INFO     | [SUCCESS] Day 25FEB
[LF] Results summary:
  2026-03-03: 1 flights
  2026-03-02: 0 flights
  2026-03-01: 1 flights
  2026-02-28: 0 flights
  2026-02-27: 0 flights
  2026-02-26: 1 flights
  2026-02-25: 1 flights
2026-01-25 07:42:27 | INFO     | [SUCCESS] LF Search Complete

============================================================
[Worker_9222] ✓ COMPLETED: MED-HBE
  Results: 7 dates
  Errors: 0 dates
  Total Processed: 56 groups
============================================================

2026-01-25 07:42:43 | INFO     | [Worker_9222] Completed: MED-HBE - 7 results, 0 errors

============================================================
[Worker_9222] Processing: TUU-CAI
  Tier 0: Range 2, Chunk 4/4
  Dates: 7 days
  Date Range: 2026-03-03 to 2026-02-25
============================================================

2026-01-25 07:42:43 | INFO     | [Worker_9222] Processing: TUU-CAI
2026-01-25 07:42:43 | INFO     |   Tier 0: Range 2, Chunk 4/4 (7 days)
2026-01-25 07:42:43 | INFO     | ======================================================================
2026-01-25 07:42:43 | INFO     | Load Factor Scraper Started - Route: TUU-CAI
2026-01-25 07:42:43 | INFO     | Log file: D:\CODERED\LAB\Artifacts\outputs\run_generated_250126_at_07.06\logs\LF_TUU-CAI_20260125_074243.log
2026-01-25 07:42:43 | INFO     | Enhanced logging: Capturing both logging.info() and print()
2026-01-25 07:42:43 | INFO     | ======================================================================
[LF] Processing dates (override): ['03MAR', '02MAR', '01MAR', '28FEB', '27FEB', '26FEB', '25FEB']
[LF] Attaching to Chrome for Altea access
2026-01-25 07:42:43 | INFO     | Starting LF search for route: TUU-CAI
2026-01-25 07:42:43 | INFO     | [START] LF Search
[LF][[OK] SUCCESS] Connected to Chrome on 127.0.0.1:9222 (after 1 attempts)
2026-01-25 07:42:43 | INFO     | [HEALTH CHECK] [OK] Chrome connection is healthy
[LF][[OK] SUCCESS] Found Amadeus Altea window: Altéa Reservation Desktop
[LF][[INFO] INFO] URL: https://tc212.resdesktop.altea.amadeus.com/app_ard/apf/init/login?SITE=ESMPESMP&LANGUAGE=GB&MARKETS=ARDW_PROD_WBP&ACTION=clpLogin#
2026-01-25 07:42:43 | INFO     | [DAY_START] Processing 03MAR
[LF] Processing TUU-CAI for 03MAR
2026-01-25 07:42:43 | INFO     | [lf.day.start] Processing TUU-CAI for 03MAR
[LF] Sending SN command: SN03MARTUUCAI/ASM
[LF] No direct flights on 03MAR for TUU-CAI
2026-01-25 07:42:45 | WARNING  | [lf.day.no_flights] No direct flights on 03MAR
2026-01-25 07:42:45 | INFO     | [SUCCESS] Day 03MAR
2026-01-25 07:42:45 | INFO     | [DAY_START] Processing 02MAR
[LF] Processing TUU-CAI for 02MAR
2026-01-25 07:42:45 | INFO     | [lf.day.start] Processing TUU-CAI for 02MAR
[LF] Sending SN command: SN02MARTUUCAI/ASM
[LF] No direct flights on 02MAR for TUU-CAI
2026-01-25 07:42:46 | WARNING  | [lf.day.no_flights] No direct flights on 02MAR
2026-01-25 07:42:46 | INFO     | [SUCCESS] Day 02MAR
2026-01-25 07:42:46 | INFO     | [DAY_START] Processing 01MAR
[LF] Processing TUU-CAI for 01MAR
2026-01-25 07:42:46 | INFO     | [lf.day.start] Processing TUU-CAI for 01MAR
[LF] Sending SN command: SN01MARTUUCAI/ASM
[LF] No direct flights on 01MAR for TUU-CAI
2026-01-25 07:42:48 | WARNING  | [lf.day.no_flights] No direct flights on 01MAR
2026-01-25 07:42:48 | INFO     | [SUCCESS] Day 01MAR
2026-01-25 07:42:48 | INFO     | [DAY_START] Processing 28FEB
[LF] Processing TUU-CAI for 28FEB
2026-01-25 07:42:48 | INFO     | [lf.day.start] Processing TUU-CAI for 28FEB
[LF] Sending SN command: SN28FEBTUUCAI/ASM
[LF] 28FEB: found 1 direct flights
2026-01-25 07:42:49 | INFO     | [lf.day.flights_found] Found 1 flights on 28FEB
2026-01-25 07:42:52 | INFO     | [lf.flight.extracted] SM326 on 28FEB: BKG=9, LF=8.6%
[LF] SM326 28FEB: BKG=9, GRP=0, CAP=105, LF%=8.6%, Brd-Off=TUU-CAI, Classes: W:3, S:2, G:4
[LF] Getting WEEKLY/LASTSOLD data for 1 flights
[LF] SM326 28FEB: LASTSOLD=2026-01-24 00:00:00, WEEKLY=1, TODAY=0, YDAY=1
2026-01-25 07:42:55 | INFO     | [SUCCESS] Day 28FEB
2026-01-25 07:42:55 | INFO     | [DAY_START] Processing 27FEB
[LF] Processing TUU-CAI for 27FEB
2026-01-25 07:42:55 | INFO     | [lf.day.start] Processing TUU-CAI for 27FEB
[LF] Sending SN command: SN27FEBTUUCAI/ASM
[LF] No direct flights on 27FEB for TUU-CAI
2026-01-25 07:42:56 | WARNING  | [lf.day.no_flights] No direct flights on 27FEB
2026-01-25 07:42:56 | INFO     | [SUCCESS] Day 27FEB
2026-01-25 07:42:56 | INFO     | [DAY_START] Processing 26FEB
[LF] Processing TUU-CAI for 26FEB
2026-01-25 07:42:56 | INFO     | [lf.day.start] Processing TUU-CAI for 26FEB
[LF] Sending SN command: SN26FEBTUUCAI/ASM
[LF] 26FEB: found 1 direct flights
2026-01-25 07:42:57 | INFO     | [lf.day.flights_found] Found 1 flights on 26FEB
2026-01-25 07:43:00 | INFO     | [lf.flight.extracted] SM326 on 26FEB: BKG=0, LF=0.0%
[LF] SM326 26FEB: BKG=0, GRP=0, CAP=175, LF%=0.0%, Brd-Off=TUU-CAI
2026-01-25 07:43:01 | INFO     | [SUCCESS] Day 26FEB
2026-01-25 07:43:01 | INFO     | [DAY_START] Processing 25FEB
[LF] Processing TUU-CAI for 25FEB
2026-01-25 07:43:01 | INFO     | [lf.day.start] Processing TUU-CAI for 25FEB
[LF] Sending SN command: SN25FEBTUUCAI/ASM
[LF] 25FEB: found 1 direct flights
2026-01-25 07:43:02 | INFO     | [lf.day.flights_found] Found 1 flights on 25FEB
2026-01-25 07:43:05 | INFO     | [lf.flight.extracted] SM326 on 25FEB: BKG=20, LF=11.6%
[LF] SM326 25FEB: BKG=20, GRP=0, CAP=172, LF%=11.6%, Brd-Off=TUU-CAI, Classes: I:9, O:3, U:5, X:3
[LF] Getting WEEKLY/LASTSOLD data for 1 flights
[LF] SM326 25FEB: LASTSOLD=2026-01-14 00:00:00, WEEKLY=0, TODAY=0, YDAY=0
2026-01-25 07:43:08 | INFO     | [SUCCESS] Day 25FEB
[LF] Results summary:
  2026-03-03: 0 flights
  2026-03-02: 0 flights
  2026-03-01: 0 flights
  2026-02-28: 1 flights
  2026-02-27: 0 flights
  2026-02-26: 1 flights
  2026-02-25: 1 flights
2026-01-25 07:43:08 | INFO     | [SUCCESS] LF Search Complete

============================================================
[Worker_9222] ✓ COMPLETED: TUU-CAI
  Results: 7 dates
  Errors: 0 dates
  Total Processed: 57 groups
============================================================

2026-01-25 07:43:08 | INFO     | [Worker_9222] Completed: TUU-CAI - 7 results, 0 errors

============================================================
[Worker_9222] Processing: AJF-CAI
  Tier 0: Range 2, Chunk 4/4
  Dates: 7 days
  Date Range: 2026-03-03 to 2026-02-25
============================================================

2026-01-25 07:43:08 | INFO     | [Worker_9222] Processing: AJF-CAI
2026-01-25 07:43:08 | INFO     |   Tier 0: Range 2, Chunk 4/4 (7 days)
2026-01-25 07:43:08 | INFO     | ======================================================================
2026-01-25 07:43:08 | INFO     | Load Factor Scraper Started - Route: AJF-CAI
2026-01-25 07:43:08 | INFO     | Log file: D:\CODERED\LAB\Artifacts\outputs\run_generated_250126_at_07.06\logs\LF_AJF-CAI_20260125_074308.log
2026-01-25 07:43:08 | INFO     | Enhanced logging: Capturing both logging.info() and print()
2026-01-25 07:43:08 | INFO     | ======================================================================
[LF] Processing dates (override): ['03MAR', '02MAR', '01MAR', '28FEB', '27FEB', '26FEB', '25FEB']
[LF] Attaching to Chrome for Altea access
2026-01-25 07:43:08 | INFO     | Starting LF search for route: AJF-CAI
2026-01-25 07:43:08 | INFO     | [START] LF Search
[LF][[OK] SUCCESS] Connected to Chrome on 127.0.0.1:9222 (after 1 attempts)
2026-01-25 07:43:09 | INFO     | [HEALTH CHECK] [OK] Chrome connection is healthy
[LF][[OK] SUCCESS] Found Amadeus Altea window: Altéa Reservation Desktop
[LF][[INFO] INFO] URL: https://tc212.resdesktop.altea.amadeus.com/app_ard/apf/init/login?SITE=ESMPESMP&LANGUAGE=GB&MARKETS=ARDW_PROD_WBP&ACTION=clpLogin#
2026-01-25 07:43:09 | INFO     | [DAY_START] Processing 03MAR
[LF] Processing AJF-CAI for 03MAR
2026-01-25 07:43:09 | INFO     | [lf.day.start] Processing AJF-CAI for 03MAR
[LF] Sending SN command: SN03MARAJFCAI/ASM
[LF] 03MAR: found 1 direct flights
2026-01-25 07:43:10 | INFO     | [lf.day.flights_found] Found 1 flights on 03MAR
2026-01-25 07:43:13 | INFO     | [lf.flight.extracted] SM322 on 03MAR: BKG=24, LF=13.7%
[LF] SM322 03MAR: BKG=24, GRP=0, CAP=175, LF%=13.7%, Brd-Off=AJF-CAI, Classes: X:5, G:5, L:12, V:1, K:1
[LF] Getting WEEKLY/LASTSOLD data for 1 flights
[LF] SM322 03MAR: LASTSOLD=2026-01-22 00:00:00, WEEKLY=1, TODAY=0, YDAY=0
2026-01-25 07:43:16 | INFO     | [SUCCESS] Day 03MAR
2026-01-25 07:43:16 | INFO     | [DAY_START] Processing 02MAR
[LF] Processing AJF-CAI for 02MAR
2026-01-25 07:43:16 | INFO     | [lf.day.start] Processing AJF-CAI for 02MAR
[LF] Sending SN command: SN02MARAJFCAI/ASM
[LF] No direct flights on 02MAR for AJF-CAI
2026-01-25 07:43:18 | WARNING  | [lf.day.no_flights] No direct flights on 02MAR
2026-01-25 07:43:18 | INFO     | [SUCCESS] Day 02MAR
2026-01-25 07:43:18 | INFO     | [DAY_START] Processing 01MAR
[LF] Processing AJF-CAI for 01MAR
2026-01-25 07:43:18 | INFO     | [lf.day.start] Processing AJF-CAI for 01MAR
[LF] Sending SN command: SN01MARAJFCAI/ASM
[LF] No direct flights on 01MAR for AJF-CAI
2026-01-25 07:43:19 | WARNING  | [lf.day.no_flights] No direct flights on 01MAR
2026-01-25 07:43:19 | INFO     | [SUCCESS] Day 01MAR
2026-01-25 07:43:19 | INFO     | [DAY_START] Processing 28FEB
[LF] Processing AJF-CAI for 28FEB
2026-01-25 07:43:19 | INFO     | [lf.day.start] Processing AJF-CAI for 28FEB
[LF] Sending SN command: SN28FEBAJFCAI/ASM
[LF] 28FEB: found 1 direct flights
2026-01-25 07:43:20 | INFO     | [lf.day.flights_found] Found 1 flights on 28FEB
2026-01-25 07:43:22 | INFO     | [lf.flight.extracted] SM322 on 28FEB: BKG=29, LF=16.6%
[LF] SM322 28FEB: BKG=29, GRP=0, CAP=175, LF%=16.6%, Brd-Off=AJF-CAI, Classes: X:21, T:6, W:1, S:1
[LF] Getting WEEKLY/LASTSOLD data for 1 flights
[LF] SM322 28FEB: LASTSOLD=2026-01-24 00:00:00, WEEKLY=3, TODAY=0, YDAY=1
2026-01-25 07:43:25 | INFO     | [SUCCESS] Day 28FEB
2026-01-25 07:43:25 | INFO     | [DAY_START] Processing 27FEB
[LF] Processing AJF-CAI for 27FEB
2026-01-25 07:43:25 | INFO     | [lf.day.start] Processing AJF-CAI for 27FEB
[LF] Sending SN command: SN27FEBAJFCAI/ASM
[LF] No direct flights on 27FEB for AJF-CAI
2026-01-25 07:43:27 | WARNING  | [lf.day.no_flights] No direct flights on 27FEB
2026-01-25 07:43:27 | INFO     | [SUCCESS] Day 27FEB
2026-01-25 07:43:27 | INFO     | [DAY_START] Processing 26FEB
[LF] Processing AJF-CAI for 26FEB
2026-01-25 07:43:27 | INFO     | [lf.day.start] Processing AJF-CAI for 26FEB
[LF] Sending SN command: SN26FEBAJFCAI/ASM
[LF] 26FEB: found 1 direct flights
2026-01-25 07:43:28 | INFO     | [lf.day.flights_found] Found 1 flights on 26FEB
2026-01-25 07:43:30 | INFO     | [lf.flight.extracted] SM322 on 26FEB: BKG=38, LF=22.8%
[LF] SM322 26FEB: BKG=38, GRP=0, CAP=167, LF%=22.8%, Brd-Off=AJF-CAI, Classes: X:20, T:14, W:1, S:3
[LF] Getting WEEKLY/LASTSOLD data for 1 flights
[LF] SM322 26FEB: LASTSOLD=2026-01-24 00:00:00, WEEKLY=3, TODAY=0, YDAY=3
2026-01-25 07:43:33 | INFO     | [SUCCESS] Day 26FEB
2026-01-25 07:43:33 | INFO     | [DAY_START] Processing 25FEB
[LF] Processing AJF-CAI for 25FEB
2026-01-25 07:43:33 | INFO     | [lf.day.start] Processing AJF-CAI for 25FEB
[LF] Sending SN command: SN25FEBAJFCAI/ASM
[LF] No direct flights on 25FEB for AJF-CAI
2026-01-25 07:43:35 | WARNING  | [lf.day.no_flights] No direct flights on 25FEB
2026-01-25 07:43:35 | INFO     | [SUCCESS] Day 25FEB
[LF] Results summary:
  2026-03-03: 1 flights
  2026-03-02: 0 flights
  2026-03-01: 0 flights
  2026-02-28: 1 flights
  2026-02-27: 0 flights
  2026-02-26: 1 flights
  2026-02-25: 0 flights
2026-01-25 07:43:35 | INFO     | [SUCCESS] LF Search Complete

============================================================
[Worker_9222] ✓ COMPLETED: AJF-CAI
  Results: 7 dates
  Errors: 0 dates
  Total Processed: 58 groups
============================================================

2026-01-25 07:43:35 | INFO     | [Worker_9222] Completed: AJF-CAI - 7 results, 0 errors

============================================================
[Worker_9222] Processing: ELQ-ATZ
  Tier 0: Range 2, Chunk 4/4
  Dates: 7 days
  Date Range: 2026-03-03 to 2026-02-25
============================================================

2026-01-25 07:43:35 | INFO     | [Worker_9222] Processing: ELQ-ATZ
2026-01-25 07:43:35 | INFO     |   Tier 0: Range 2, Chunk 4/4 (7 days)
2026-01-25 07:43:35 | INFO     | ======================================================================
2026-01-25 07:43:35 | INFO     | Load Factor Scraper Started - Route: ELQ-ATZ
2026-01-25 07:43:35 | INFO     | Log file: D:\CODERED\LAB\Artifacts\outputs\run_generated_250126_at_07.06\logs\LF_ELQ-ATZ_20260125_074335.log
2026-01-25 07:43:35 | INFO     | Enhanced logging: Capturing both logging.info() and print()
2026-01-25 07:43:35 | INFO     | ======================================================================
[LF] Processing dates (override): ['03MAR', '02MAR', '01MAR', '28FEB', '27FEB', '26FEB', '25FEB']
[LF] Attaching to Chrome for Altea access
2026-01-25 07:43:35 | INFO     | Starting LF search for route: ELQ-ATZ
2026-01-25 07:43:35 | INFO     | [START] LF Search
[LF][[OK] SUCCESS] Connected to Chrome on 127.0.0.1:9222 (after 1 attempts)
2026-01-25 07:43:35 | INFO     | [HEALTH CHECK] [OK] Chrome connection is healthy
[LF][[OK] SUCCESS] Found Amadeus Altea window: Altéa Reservation Desktop
[LF][[INFO] INFO] URL: https://tc212.resdesktop.altea.amadeus.com/app_ard/apf/init/login?SITE=ESMPESMP&LANGUAGE=GB&MARKETS=ARDW_PROD_WBP&ACTION=clpLogin#
2026-01-25 07:43:35 | INFO     | [DAY_START] Processing 03MAR
[LF] Processing ELQ-ATZ for 03MAR
2026-01-25 07:43:35 | INFO     | [lf.day.start] Processing ELQ-ATZ for 03MAR
[LF] Sending SN command: SN03MARELQATZ/ASM
[LF] No direct flights on 03MAR for ELQ-ATZ
2026-01-25 07:43:37 | WARNING  | [lf.day.no_flights] No direct flights on 03MAR
2026-01-25 07:43:37 | INFO     | [SUCCESS] Day 03MAR
2026-01-25 07:43:37 | INFO     | [DAY_START] Processing 02MAR
[LF] Processing ELQ-ATZ for 02MAR
2026-01-25 07:43:37 | INFO     | [lf.day.start] Processing ELQ-ATZ for 02MAR
[LF] Sending SN command: SN02MARELQATZ/ASM
[LF] No direct flights on 02MAR for ELQ-ATZ
2026-01-25 07:43:38 | WARNING  | [lf.day.no_flights] No direct flights on 02MAR
2026-01-25 07:43:38 | INFO     | [SUCCESS] Day 02MAR
2026-01-25 07:43:38 | INFO     | [DAY_START] Processing 01MAR
[LF] Processing ELQ-ATZ for 01MAR
2026-01-25 07:43:38 | INFO     | [lf.day.start] Processing ELQ-ATZ for 01MAR
[LF] Sending SN command: SN01MARELQATZ/ASM
[LF] No direct flights on 01MAR for ELQ-ATZ
2026-01-25 07:43:39 | WARNING  | [lf.day.no_flights] No direct flights on 01MAR
2026-01-25 07:43:39 | INFO     | [SUCCESS] Day 01MAR
2026-01-25 07:43:39 | INFO     | [DAY_START] Processing 28FEB
[LF] Processing ELQ-ATZ for 28FEB
2026-01-25 07:43:39 | INFO     | [lf.day.start] Processing ELQ-ATZ for 28FEB
[LF] Sending SN command: SN28FEBELQATZ/ASM
[LF] 28FEB: found 1 direct flights
2026-01-25 07:43:40 | INFO     | [lf.day.flights_found] Found 1 flights on 28FEB
2026-01-25 07:43:43 | INFO     | [lf.flight.extracted] SM436 on 28FEB: BKG=41, LF=23.4%
[LF] SM436 28FEB: BKG=41, GRP=0, CAP=175, LF%=23.4%, Brd-Off=ELQ-ATZ, Classes: I:5, O:10, U:10, X:10, T:3, S:2, G:1
[LF] Getting WEEKLY/LASTSOLD data for 1 flights
[LF] SM436 28FEB: LASTSOLD=2026-01-23 00:00:00, WEEKLY=6, TODAY=0, YDAY=0
2026-01-25 07:43:46 | INFO     | [SUCCESS] Day 28FEB
2026-01-25 07:43:46 | INFO     | [DAY_START] Processing 27FEB
[LF] Processing ELQ-ATZ for 27FEB
2026-01-25 07:43:46 | INFO     | [lf.day.start] Processing ELQ-ATZ for 27FEB
[LF] Sending SN command: SN27FEBELQATZ/ASM
[LF] No direct flights on 27FEB for ELQ-ATZ
2026-01-25 07:43:48 | WARNING  | [lf.day.no_flights] No direct flights on 27FEB
2026-01-25 07:43:48 | INFO     | [SUCCESS] Day 27FEB
2026-01-25 07:43:48 | INFO     | [DAY_START] Processing 26FEB
[LF] Processing ELQ-ATZ for 26FEB
2026-01-25 07:43:48 | INFO     | [lf.day.start] Processing ELQ-ATZ for 26FEB
[LF] Sending SN command: SN26FEBELQATZ/ASM
[LF] No direct flights on 26FEB for ELQ-ATZ
2026-01-25 07:43:49 | WARNING  | [lf.day.no_flights] No direct flights on 26FEB
2026-01-25 07:43:49 | INFO     | [SUCCESS] Day 26FEB
2026-01-25 07:43:49 | INFO     | [DAY_START] Processing 25FEB
[LF] Processing ELQ-ATZ for 25FEB
2026-01-25 07:43:49 | INFO     | [lf.day.start] Processing ELQ-ATZ for 25FEB
[LF] Sending SN command: SN25FEBELQATZ/ASM
[LF] 25FEB: found 1 direct flights
2026-01-25 07:43:50 | INFO     | [lf.day.flights_found] Found 1 flights on 25FEB
2026-01-25 07:43:53 | INFO     | [lf.flight.extracted] SM436 on 25FEB: BKG=53, LF=30.3%
[LF] SM436 25FEB: BKG=53, GRP=0, CAP=175, LF%=30.3%, Brd-Off=ELQ-ATZ, Classes: I:9, O:3, U:18, X:9, T:10, W:4
[LF] Getting WEEKLY/LASTSOLD data for 1 flights
[LF] SM436 25FEB: LASTSOLD=2026-01-24 00:00:00, WEEKLY=7, TODAY=0, YDAY=1
2026-01-25 07:43:57 | INFO     | [SUCCESS] Day 25FEB
[LF] Results summary:
  2026-03-03: 0 flights
  2026-03-02: 0 flights
  2026-03-01: 0 flights
  2026-02-28: 1 flights
  2026-02-27: 0 flights
  2026-02-26: 0 flights
  2026-02-25: 1 flights
2026-01-25 07:43:57 | INFO     | [SUCCESS] LF Search Complete

============================================================
[Worker_9222] ✓ COMPLETED: ELQ-ATZ
  Results: 7 dates
  Errors: 0 dates
  Total Processed: 59 groups
============================================================

2026-01-25 07:43:57 | INFO     | [Worker_9222] Completed: ELQ-ATZ - 7 results, 0 errors

============================================================
[Worker_9222] Processing: CAI-JED
  Tier 0: Range 2, Chunk 4/4
  Dates: 7 days
  Date Range: 2026-03-03 to 2026-02-25
============================================================

2026-01-25 07:43:57 | INFO     | [Worker_9222] Processing: CAI-JED
2026-01-25 07:43:57 | INFO     |   Tier 0: Range 2, Chunk 4/4 (7 days)
2026-01-25 07:43:57 | INFO     | ======================================================================
2026-01-25 07:43:57 | INFO     | Load Factor Scraper Started - Route: CAI-JED
2026-01-25 07:43:57 | INFO     | Log file: D:\CODERED\LAB\Artifacts\outputs\run_generated_250126_at_07.06\logs\LF_CAI-JED_20260125_074357.log
2026-01-25 07:43:57 | INFO     | Enhanced logging: Capturing both logging.info() and print()
2026-01-25 07:43:57 | INFO     | ======================================================================
[LF] Processing dates (override): ['03MAR', '02MAR', '01MAR', '28FEB', '27FEB', '26FEB', '25FEB']
[LF] Attaching to Chrome for Altea access
2026-01-25 07:43:57 | INFO     | Starting LF search for route: CAI-JED
2026-01-25 07:43:57 | INFO     | [START] LF Search
[LF][[OK] SUCCESS] Connected to Chrome on 127.0.0.1:9222 (after 1 attempts)
2026-01-25 07:43:58 | INFO     | [HEALTH CHECK] [OK] Chrome connection is healthy
[LF][[OK] SUCCESS] Found Amadeus Altea window: Altéa Reservation Desktop
[LF][[INFO] INFO] URL: https://tc212.resdesktop.altea.amadeus.com/app_ard/apf/init/login?SITE=ESMPESMP&LANGUAGE=GB&MARKETS=ARDW_PROD_WBP&ACTION=clpLogin#
2026-01-25 07:43:58 | INFO     | [DAY_START] Processing 03MAR
[LF] Processing CAI-JED for 03MAR
2026-01-25 07:43:58 | INFO     | [lf.day.start] Processing CAI-JED for 03MAR
[LF] JED↔Cairo route detected - querying both CAI and CCE airports
[LF] Sending SN command: SN03MARCAIJED/ASM
[LF] Sending SN command: SN03MARCCEJED/ASM
[LF] 03MAR: found 6 direct flights
2026-01-25 07:44:00 | INFO     | [lf.day.flights_found] Found 6 flights on 03MAR
2026-01-25 07:44:03 | INFO     | [lf.flight.extracted] SM471 on 03MAR: BKG=3, LF=1.7%
[LF] SM471 03MAR: BKG=3, GRP=0, CAP=179, LF%=1.7%, Brd-Off=CAI-JED, Classes: L:3
2026-01-25 07:44:06 | INFO     | [lf.flight.extracted] SM479 on 03MAR: BKG=2, LF=1.1%
[LF] SM479 03MAR: BKG=2, GRP=0, CAP=179, LF%=1.1%, Brd-Off=CAI-JED, Classes: N:2
2026-01-25 07:44:10 | INFO     | [lf.flight.extracted] SM477 on 03MAR: BKG=0, LF=0.0%
[LF] SM477 03MAR: BKG=0, GRP=0, CAP=179, LF%=0.0%, Brd-Off=CAI-JED
2026-01-25 07:44:13 | INFO     | [lf.flight.extracted] SM459 on 03MAR: BKG=1, LF=0.6%
[LF] SM459 03MAR: BKG=1, GRP=0, CAP=179, LF%=0.6%, Brd-Off=CAI-JED, Classes: L:1
2026-01-25 07:44:18 | INFO     | [lf.flight.extracted] SM475 on 03MAR: BKG=0, LF=0.0%
[LF] SM475 03MAR: BKG=0, GRP=0, CAP=179, LF%=0.0%, Brd-Off=CAI-JED
2026-01-25 07:44:21 | INFO     | [lf.flight.extracted] SM423 on 03MAR: BKG=0, LF=0.0%
[LF] SM423 03MAR: BKG=0, GRP=0, CAP=179, LF%=0.0%, Brd-Off=CAI-JED
[LF] Getting WEEKLY/LASTSOLD data for 3 flights
[LF] SM471 03MAR: LASTSOLD=2026-01-19 00:00:00, WEEKLY=2, TODAY=0, YDAY=0
[LF] SM479 03MAR: LASTSOLD=2026-01-20 00:00:00, WEEKLY=2, TODAY=0, YDAY=0
[LF] SM459 03MAR: LASTSOLD=2025-11-18 00:00:00, WEEKLY=0, TODAY=0, YDAY=0
2026-01-25 07:44:27 | INFO     | [SUCCESS] Day 03MAR
2026-01-25 07:44:27 | INFO     | [DAY_START] Processing 02MAR
[LF] Processing CAI-JED for 02MAR
2026-01-25 07:44:27 | INFO     | [lf.day.start] Processing CAI-JED for 02MAR
[LF] JED↔Cairo route detected - querying both CAI and CCE airports
[LF] Sending SN command: SN02MARCAIJED/ASM
[LF] Sending SN command: SN02MARCCEJED/ASM
[LF] 02MAR: found 3 direct flights
2026-01-25 07:44:29 | INFO     | [lf.day.flights_found] Found 3 flights on 02MAR
2026-01-25 07:44:32 | INFO     | [lf.flight.extracted] SM475 on 02MAR: BKG=3, LF=1.7%
[LF] SM475 02MAR: BKG=3, GRP=0, CAP=179, LF%=1.7%, Brd-Off=CAI-JED, Classes: L:3
2026-01-25 07:44:35 | INFO     | [lf.flight.extracted] SM477 on 02MAR: BKG=3, LF=1.7%
[LF] SM477 02MAR: BKG=3, GRP=0, CAP=179, LF%=1.7%, Brd-Off=CAI-JED, Classes: L:3
2026-01-25 07:44:39 | INFO     | [lf.flight.extracted] SM459 on 02MAR: BKG=2, LF=1.1%
[LF] SM459 02MAR: BKG=2, GRP=0, CAP=179, LF%=1.1%, Brd-Off=CAI-JED, Classes: L:2
[LF] Getting WEEKLY/LASTSOLD data for 3 flights
[LF] SM475 02MAR: LASTSOLD=2026-01-15 00:00:00, WEEKLY=0, TODAY=0, YDAY=0
[LF] SM477 02MAR: LASTSOLD=2025-12-20 00:00:00, WEEKLY=0, TODAY=0, YDAY=0
[LF] SM459 02MAR: LASTSOLD=2026-01-19 00:00:00, WEEKLY=2, TODAY=0, YDAY=0
2026-01-25 07:44:44 | INFO     | [SUCCESS] Day 02MAR
2026-01-25 07:44:44 | INFO     | [DAY_START] Processing 01MAR
[LF] Processing CAI-JED for 01MAR
2026-01-25 07:44:44 | INFO     | [lf.day.start] Processing CAI-JED for 01MAR
[LF] JED↔Cairo route detected - querying both CAI and CCE airports
[LF] Sending SN command: SN01MARCAIJED/ASM
[LF] Sending SN command: SN01MARCCEJED/ASM
[LF] 01MAR: found 5 direct flights
2026-01-25 07:44:47 | INFO     | [lf.day.flights_found] Found 5 flights on 01MAR
2026-01-25 07:44:49 | INFO     | [lf.flight.extracted] SM475 on 01MAR: BKG=0, LF=0.0%
[LF] SM475 01MAR: BKG=0, GRP=0, CAP=176, LF%=0.0%, Brd-Off=CAI-JED
2026-01-25 07:44:52 | INFO     | [lf.flight.extracted] SM431 on 01MAR: BKG=3, LF=1.7%
[LF] SM431 01MAR: BKG=3, GRP=0, CAP=179, LF%=1.7%, Brd-Off=CAI-JED, Classes: N:3
2026-01-25 07:44:56 | INFO     | [lf.flight.extracted] SM459 on 01MAR: BKG=0, LF=0.0%
[LF] SM459 01MAR: BKG=0, GRP=0, CAP=179, LF%=0.0%, Brd-Off=CAI-JED
2026-01-25 07:44:59 | INFO     | [lf.flight.extracted] SM479 on 01MAR: BKG=3, LF=1.7%
[LF] SM479 01MAR: BKG=3, GRP=0, CAP=176, LF%=1.7%, Brd-Off=CAI-JED, Classes: L:3
2026-01-25 07:45:03 | INFO     | [lf.flight.extracted] SM477 on 01MAR: BKG=0, LF=0.0%
[LF] SM477 01MAR: BKG=0, GRP=0, CAP=179, LF%=0.0%, Brd-Off=CAI-JED
[LF] Getting WEEKLY/LASTSOLD data for 2 flights
[LF] SM431 01MAR: LASTSOLD=2026-01-20 00:00:00, WEEKLY=3, TODAY=0, YDAY=0
[LF] SM479 01MAR: LASTSOLD=2026-01-06 00:00:00, WEEKLY=0, TODAY=0, YDAY=0
2026-01-25 07:45:07 | INFO     | [SUCCESS] Day 01MAR
2026-01-25 07:45:07 | INFO     | [DAY_START] Processing 28FEB
[LF] Processing CAI-JED for 28FEB
2026-01-25 07:45:07 | INFO     | [lf.day.start] Processing CAI-JED for 28FEB
[LF] JED↔Cairo route detected - querying both CAI and CCE airports
[LF] Sending SN command: SN28FEBCAIJED/ASM
[LF] Sending SN command: SN28FEBCCEJED/ASM
[LF] 28FEB: found 4 direct flights
2026-01-25 07:45:09 | INFO     | [lf.day.flights_found] Found 4 flights on 28FEB
2026-01-25 07:45:11 | INFO     | [lf.flight.extracted] SM449 on 28FEB: BKG=24, LF=13.6%
[LF] SM449 28FEB: BKG=24, GRP=0, CAP=176, LF%=13.6%, Brd-Off=CAI-JED, Classes: U:10, X:13, T:1
2026-01-25 07:45:15 | INFO     | [lf.flight.extracted] SM475 on 28FEB: BKG=19, LF=10.6%
[LF] SM475 28FEB: BKG=19, GRP=0, CAP=179, LF%=10.6%, Brd-Off=CAI-JED, Classes: I:5, U:6, X:7, T:1
2026-01-25 07:45:19 | INFO     | [lf.flight.extracted] SM423 on 28FEB: BKG=31, LF=17.3%
[LF] SM423 28FEB: BKG=31, GRP=0, CAP=179, LF%=17.3%, Brd-Off=CAI-JED, Classes: U:10, X:13, T:7, S:1
2026-01-25 07:45:23 | INFO     | [lf.flight.extracted] SM477 on 28FEB: BKG=34, LF=19.0%
[LF] SM477 28FEB: BKG=34, GRP=0, CAP=179, LF%=19.0%, Brd-Off=CAI-JED, Classes: I:9, U:10, X:13, T:2
[LF] Getting WEEKLY/LASTSOLD data for 4 flights
[LF] SM449 28FEB: LASTSOLD=2026-01-23 00:00:00, WEEKLY=1, TODAY=0, YDAY=0
[LF] SM475 28FEB: LASTSOLD=2026-01-24 00:00:00, WEEKLY=5, TODAY=0, YDAY=5
[LF] SM423 28FEB: LASTSOLD=2026-01-20 00:00:00, WEEKLY=2, TODAY=0, YDAY=0
[LF] SM477 28FEB: LASTSOLD=2026-01-24 00:00:00, WEEKLY=34, TODAY=0, YDAY=5
2026-01-25 07:45:34 | INFO     | [SUCCESS] Day 28FEB
2026-01-25 07:45:34 | INFO     | [DAY_START] Processing 27FEB
[LF] Processing CAI-JED for 27FEB
2026-01-25 07:45:34 | INFO     | [lf.day.start] Processing CAI-JED for 27FEB
[LF] JED↔Cairo route detected - querying both CAI and CCE airports
[LF] Sending SN command: SN27FEBCAIJED/ASM
[LF] Sending SN command: SN27FEBCCEJED/ASM
[LF] 27FEB: found 6 direct flights
2026-01-25 07:45:36 | INFO     | [lf.day.flights_found] Found 6 flights on 27FEB
2026-01-25 07:45:38 | INFO     | [lf.flight.extracted] SM475 on 27FEB: BKG=19, LF=10.6%
[LF] SM475 27FEB: BKG=19, GRP=0, CAP=179, LF%=10.6%, Brd-Off=CAI-JED, Classes: U:8, X:5, T:6
2026-01-25 07:45:42 | INFO     | [lf.flight.extracted] SM477 on 27FEB: BKG=24, LF=13.4%
[LF] SM477 27FEB: BKG=24, GRP=0, CAP=179, LF%=13.4%, Brd-Off=CAI-JED, Classes: U:10, X:13, T:1
2026-01-25 07:45:47 | INFO     | [lf.flight.extracted] SM479 on 27FEB: BKG=25, LF=14.0%
[LF] SM479 27FEB: BKG=25, GRP=0, CAP=179, LF%=14.0%, Brd-Off=CAI-JED, Classes: U:10, X:14, T:1
2026-01-25 07:45:51 | INFO     | [lf.flight.extracted] SM459 on 27FEB: BKG=23, LF=12.8%
[LF] SM459 27FEB: BKG=23, GRP=0, CAP=179, LF%=12.8%, Brd-Off=CAI-JED, Classes: U:10, X:13
2026-01-25 07:45:54 | INFO     | [lf.flight.extracted] SM2481 on 27FEB: BKG=0, LF=0.0%
[LF] SM2481 27FEB: BKG=0, GRP=0, CAP=179, LF%=0.0%, Brd-Off=CAI-JED
2026-01-25 07:45:58 | INFO     | [lf.flight.extracted] SM471 on 27FEB: BKG=76, LF=42.5%
[LF] SM471 27FEB: BKG=76, GRP=45, CAP=179, LF%=42.5%, Brd-Off=CAI-JED, Classes: P:45, I:15, O:1, U:10, X:5
[LF] Getting WEEKLY/LASTSOLD data for 5 flights
[LF] SM475 27FEB: LASTSOLD=2026-01-01 00:00:00, WEEKLY=0, TODAY=0, YDAY=0
[LF] SM477 27FEB: LASTSOLD=2026-01-25 00:00:00, WEEKLY=2, TODAY=1, YDAY=0
[LF] SM479 27FEB: LASTSOLD=2026-01-21 00:00:00, WEEKLY=2, TODAY=0, YDAY=0
[LF] SM459 27FEB: LASTSOLD=2026-01-19 00:00:00, WEEKLY=4, TODAY=0, YDAY=0
[LF] SM471 27FEB: LASTSOLD=2026-01-24 00:00:00, WEEKLY=32, TODAY=0, YDAY=4
2026-01-25 07:46:12 | INFO     | [SUCCESS] Day 27FEB
2026-01-25 07:46:12 | INFO     | [DAY_START] Processing 26FEB
[LF] Processing CAI-JED for 26FEB
2026-01-25 07:46:12 | INFO     | [lf.day.start] Processing CAI-JED for 26FEB
[LF] JED↔Cairo route detected - querying both CAI and CCE airports
[LF] Sending SN command: SN26FEBCAIJED/ASM
[LF] Sending SN command: SN26FEBCCEJED/ASM
[LF] 26FEB: found 8 direct flights
2026-01-25 07:46:15 | INFO     | [lf.day.flights_found] Found 8 flights on 26FEB
2026-01-25 07:46:17 | INFO     | [lf.flight.extracted] SM449 on 26FEB: BKG=138, LF=77.1%
[LF] SM449 26FEB: BKG=138, GRP=125, CAP=179, LF%=77.1%, Brd-Off=CAI-JED, Classes: P:125, X:10, T:2, W:1
2026-01-25 07:46:21 | INFO     | [lf.flight.extracted] SM2483 on 26FEB: BKG=160, LF=90.9%
[LF] SM2483 26FEB: BKG=160, GRP=160, CAP=176, LF%=90.9%, Brd-Off=CAI-JED, Classes: P:160
2026-01-25 07:46:25 | INFO     | [lf.flight.extracted] SM475 on 26FEB: BKG=103, LF=57.5%
[LF] SM475 26FEB: BKG=103, GRP=90, CAP=179, LF%=57.5%, Brd-Off=CAI-JED, Classes: P:90, U:6, X:7
2026-01-25 07:46:29 | INFO     | [lf.flight.extracted] SM431 on 26FEB: BKG=148, LF=82.7%
[LF] SM431 26FEB: BKG=148, GRP=135, CAP=179, LF%=82.7%, Brd-Off=CAI-JED, Classes: P:135, X:13
2026-01-25 07:46:33 | INFO     | [lf.flight.extracted] SM2459 on 26FEB: BKG=45, LF=25.1%
[LF] SM2459 26FEB: BKG=45, GRP=45, CAP=179, LF%=25.1%, Brd-Off=CAI-JED, Classes: P:45
2026-01-25 07:46:37 | INFO     | [lf.flight.extracted] SM477 on 26FEB: BKG=11, LF=6.2%
[LF] SM477 26FEB: BKG=11, GRP=0, CAP=179, LF%=6.2%, Brd-Off=CAI-JED, Classes: X:10, T:1
2026-01-25 07:46:41 | INFO     | [lf.flight.extracted] SM423 on 26FEB: BKG=117, LF=66.5%
[LF] SM423 26FEB: BKG=117, GRP=105, CAP=176, LF%=66.5%, Brd-Off=CAI-JED, Classes: P:90, E:15, X:10, T:2
2026-01-25 07:46:44 | INFO     | [lf.flight.extracted] SM479 on 26FEB: BKG=151, LF=84.4%
[LF] SM479 26FEB: BKG=151, GRP=125, CAP=179, LF%=84.4%, Brd-Off=CAI-JED, Classes: P:125, I:10, O:6, X:10
[LF] Getting WEEKLY/LASTSOLD data for 8 flights
[LF] SM449 26FEB: LASTSOLD=2026-01-21 00:00:00, WEEKLY=4, TODAY=0, YDAY=0
[LF] SM2483 26FEB: LASTSOLD=2026-01-02 00:00:00, WEEKLY=0, TODAY=0, YDAY=0
[LF] SM475 26FEB: LASTSOLD=2026-01-18 00:00:00, WEEKLY=1, TODAY=0, YDAY=0
[LF] SM431 26FEB: LASTSOLD=2026-01-19 00:00:00, WEEKLY=1, TODAY=0, YDAY=0
[LF] SM2459 26FEB: LASTSOLD=2026-01-21 00:00:00, WEEKLY=1, TODAY=0, YDAY=0
[LF] SM477 26FEB: LASTSOLD=2026-01-19 00:00:00, WEEKLY=1, TODAY=0, YDAY=0
[LF] SM423 26FEB: LASTSOLD=2026-01-20 00:00:00, WEEKLY=2, TODAY=0, YDAY=0
[LF] SM479 26FEB: LASTSOLD=2026-01-23 00:00:00, WEEKLY=28, TODAY=0, YDAY=0
2026-01-25 07:46:58 | INFO     | [SUCCESS] Day 26FEB
2026-01-25 07:46:58 | INFO     | [DAY_START] Processing 25FEB
[LF] Processing CAI-JED for 25FEB
2026-01-25 07:46:58 | INFO     | [lf.day.start] Processing CAI-JED for 25FEB
[LF] JED↔Cairo route detected - querying both CAI and CCE airports
[LF] Sending SN command: SN25FEBCAIJED/ASM
[LF] Sending SN command: SN25FEBCCEJED/ASM
[LF] 25FEB: found 7 direct flights
2026-01-25 07:47:00 | INFO     | [lf.day.flights_found] Found 7 flights on 25FEB
2026-01-25 07:47:03 | INFO     | [lf.flight.extracted] SM2455 on 25FEB: BKG=135, LF=75.4%
[LF] SM2455 25FEB: BKG=135, GRP=135, CAP=179, LF%=75.4%, Brd-Off=CAI-JED, Classes: P:135
2026-01-25 07:47:06 | INFO     | [lf.flight.extracted] SM423 on 25FEB: BKG=165, LF=92.2%
[LF] SM423 25FEB: BKG=165, GRP=135, CAP=179, LF%=92.2%, Brd-Off=CAI-JED, Classes: P:135, X:10, T:13, W:1, K:6
2026-01-25 07:47:10 | INFO     | [lf.flight.extracted] SM475 on 25FEB: BKG=155, LF=86.6%
[LF] SM475 25FEB: BKG=155, GRP=135, CAP=179, LF%=86.6%, Brd-Off=CAI-JED, Classes: P:135, U:6, X:7, T:6, W:1
2026-01-25 07:47:16 | INFO     | [lf.flight.extracted] SM459 on 25FEB: BKG=147, LF=82.1%
[LF] SM459 25FEB: BKG=147, GRP=135, CAP=179, LF%=82.1%, Brd-Off=CAI-JED, Classes: P:135, X:11, T:1
2026-01-25 07:47:23 | INFO     | [lf.flight.extracted] SM477 on 25FEB: BKG=147, LF=82.1%
[LF] SM477 25FEB: BKG=147, GRP=135, CAP=179, LF%=82.1%, Brd-Off=CAI-JED, Classes: P:135, X:10, T:2
2026-01-25 07:47:28 | INFO     | [lf.flight.extracted] SM951 on 25FEB: BKG=170, LF=95.0%
[LF] SM951 25FEB: BKG=170, GRP=170, CAP=179, LF%=95.0%, Brd-Off=CAI-JED, Classes: P:170
2026-01-25 07:47:32 | INFO     | [lf.flight.extracted] SM471 on 25FEB: BKG=155, LF=86.6%
[LF] SM471 25FEB: BKG=155, GRP=125, CAP=179, LF%=86.6%, Brd-Off=CAI-JED, Classes: P:127, X:10, T:12, S:6
[LF] Getting WEEKLY/LASTSOLD data for 7 flights
[LF] SM2455 25FEB: LASTSOLD=2026-01-21 00:00:00, WEEKLY=3, TODAY=0, YDAY=0
[LF] SM423 25FEB: LASTSOLD=2026-01-15 00:00:00, WEEKLY=0, TODAY=0, YDAY=0
[LF] SM475 25FEB: LASTSOLD=2026-01-24 00:00:00, WEEKLY=4, TODAY=0, YDAY=1
[LF] SM459 25FEB: LASTSOLD=2026-01-21 00:00:00, WEEKLY=1, TODAY=0, YDAY=0
[LF] SM477 25FEB: LASTSOLD=2026-01-19 00:00:00, WEEKLY=1, TODAY=0, YDAY=0
[LF] SM951 25FEB: LASTSOLD=2026-01-20 00:00:00, WEEKLY=2, TODAY=0, YDAY=0
[LF] SM471 25FEB: LASTSOLD=2026-01-24 00:00:00, WEEKLY=7, TODAY=0, YDAY=5
2026-01-25 07:47:51 | INFO     | [SUCCESS] Day 25FEB
[LF] Results summary:
  2026-03-03: 6 flights
  2026-03-02: 3 flights
  2026-03-01: 5 flights
  2026-02-28: 4 flights
  2026-02-27: 6 flights
  2026-02-26: 8 flights
  2026-02-25: 7 flights
2026-01-25 07:47:51 | INFO     | [SUCCESS] LF Search Complete

============================================================
[Worker_9222] ✓ COMPLETED: CAI-JED
  Results: 7 dates
  Errors: 0 dates
  Total Processed: 60 groups
============================================================

2026-01-25 07:47:51 | INFO     | [Worker_9222] Completed: CAI-JED - 7 results, 0 errors

============================================================
[Worker_9222] Processing: CAI-MED
  Tier 0: Range 1, Chunk 1/4
  Dates: 8 days
  Date Range: 2026-02-24 to 2026-02-17
============================================================

2026-01-25 07:47:51 | INFO     | [Worker_9222] Processing: CAI-MED
2026-01-25 07:47:51 | INFO     |   Tier 0: Range 1, Chunk 1/4 (8 days)
2026-01-25 07:47:51 | INFO     | ======================================================================
2026-01-25 07:47:51 | INFO     | Load Factor Scraper Started - Route: CAI-MED
2026-01-25 07:47:51 | INFO     | Log file: D:\CODERED\LAB\Artifacts\outputs\run_generated_250126_at_07.06\logs\LF_CAI-MED_20260125_074751.log
2026-01-25 07:47:51 | INFO     | Enhanced logging: Capturing both logging.info() and print()
2026-01-25 07:47:51 | INFO     | ======================================================================
[LF] Processing dates (override): ['24FEB', '23FEB', '22FEB', '21FEB', '20FEB', '19FEB', '18FEB', '17FEB']
[LF] Attaching to Chrome for Altea access
2026-01-25 07:47:51 | INFO     | Starting LF search for route: CAI-MED
2026-01-25 07:47:51 | INFO     | [START] LF Search
[LF][[OK] SUCCESS] Connected to Chrome on 127.0.0.1:9222 (after 1 attempts)
2026-01-25 07:47:52 | INFO     | [HEALTH CHECK] [OK] Chrome connection is healthy
[LF][[OK] SUCCESS] Found Amadeus Altea window: Altéa Reservation Desktop
[LF][[INFO] INFO] URL: https://tc212.resdesktop.altea.amadeus.com/app_ard/apf/init/login?SITE=ESMPESMP&LANGUAGE=GB&MARKETS=ARDW_PROD_WBP&ACTION=clpLogin#
2026-01-25 07:47:52 | INFO     | [DAY_START] Processing 24FEB
[LF] Processing CAI-MED for 24FEB
2026-01-25 07:47:52 | INFO     | [lf.day.start] Processing CAI-MED for 24FEB
[LF] Sending SN command: SN24FEBCAIMED/ASM
[LF] 24FEB: found 1 direct flights
2026-01-25 07:47:53 | INFO     | [lf.day.flights_found] Found 1 flights on 24FEB
2026-01-25 07:47:56 | INFO     | [lf.flight.extracted] SM493 on 24FEB: BKG=158, LF=88.3%
[LF] SM493 24FEB: BKG=158, GRP=120, CAP=179, LF%=88.3%, Brd-Off=CAI-MED, Classes: P:90, E:30, I:2, O:23, U:11, X:2
[LF] Getting WEEKLY/LASTSOLD data for 1 flights
[LF] SM493 24FEB: LASTSOLD=2026-01-24 00:00:00, WEEKLY=9, TODAY=0, YDAY=5
2026-01-25 07:48:00 | INFO     | [SUCCESS] Day 24FEB
2026-01-25 07:48:00 | INFO     | [DAY_START] Processing 23FEB
[LF] Processing CAI-MED for 23FEB
2026-01-25 07:48:00 | INFO     | [lf.day.start] Processing CAI-MED for 23FEB
[LF] Sending SN command: SN23FEBCAIMED/ASM
[LF] 23FEB: found 1 direct flights
2026-01-25 07:48:02 | INFO     | [lf.day.flights_found] Found 1 flights on 23FEB
2026-01-25 07:48:04 | INFO     | [lf.flight.extracted] SM495 on 23FEB: BKG=177, LF=98.9%
[LF] SM495 23FEB: BKG=177, GRP=135, CAP=179, LF%=98.9%, Brd-Off=CAI-MED, Classes: P:135, I:9, O:17, U:11, X:5
[LF] Getting WEEKLY/LASTSOLD data for 1 flights
[LF] SM495 23FEB: LASTSOLD=2026-01-24 00:00:00, WEEKLY=6, TODAY=0, YDAY=2
2026-01-25 07:48:08 | INFO     | [SUCCESS] Day 23FEB
2026-01-25 07:48:08 | INFO     | [DAY_START] Processing 22FEB
[LF] Processing CAI-MED for 22FEB
2026-01-25 07:48:08 | INFO     | [lf.day.start] Processing CAI-MED for 22FEB
[LF] Sending SN command: SN22FEBCAIMED/ASM
[LF] 22FEB: found 1 direct flights
2026-01-25 07:48:10 | INFO     | [lf.day.flights_found] Found 1 flights on 22FEB
2026-01-25 07:48:12 | INFO     | [lf.flight.extracted] SM493 on 22FEB: BKG=177, LF=98.9%
[LF] SM493 22FEB: BKG=177, GRP=135, CAP=179, LF%=98.9%, Brd-Off=CAI-MED, Classes: P:135, I:11, O:14, U:10, X:3, K:3, Y:1
[LF] Getting WEEKLY/LASTSOLD data for 1 flights
[LF] SM493 22FEB: LASTSOLD=2026-01-16 00:00:00, WEEKLY=0, TODAY=0, YDAY=0
2026-01-25 07:48:17 | INFO     | [SUCCESS] Day 22FEB
2026-01-25 07:48:17 | INFO     | [DAY_START] Processing 21FEB
[LF] Processing CAI-MED for 21FEB
2026-01-25 07:48:17 | INFO     | [lf.day.start] Processing CAI-MED for 21FEB
[LF] Sending SN command: SN21FEBCAIMED/ASM
[LF] 21FEB: found 1 direct flights
2026-01-25 07:48:18 | INFO     | [lf.day.flights_found] Found 1 flights on 21FEB
2026-01-25 07:48:20 | INFO     | [lf.flight.extracted] SM493 on 21FEB: BKG=177, LF=98.9%
[LF] SM493 21FEB: BKG=177, GRP=135, CAP=179, LF%=98.9%, Brd-Off=CAI-MED, Classes: P:135, I:13, O:13, U:6, X:8, S:2
[LF] Getting WEEKLY/LASTSOLD data for 1 flights
[LF] SM493 21FEB: LASTSOLD=2025-12-26 00:00:00, WEEKLY=0, TODAY=0, YDAY=0
2026-01-25 07:48:26 | INFO     | [SUCCESS] Day 21FEB
2026-01-25 07:48:26 | INFO     | [DAY_START] Processing 20FEB
[LF] Processing CAI-MED for 20FEB
2026-01-25 07:48:26 | INFO     | [lf.day.start] Processing CAI-MED for 20FEB
[LF] Sending SN command: SN20FEBCAIMED/ASM
[LF] 20FEB: found 2 direct flights
2026-01-25 07:48:27 | INFO     | [lf.day.flights_found] Found 2 flights on 20FEB
2026-01-25 07:48:29 | INFO     | [lf.flight.extracted] SM971 on 20FEB: BKG=170, LF=96.6%
[LF] SM971 20FEB: BKG=170, GRP=170, CAP=176, LF%=96.6%, Brd-Off=CAI-MED, Classes: P:170
2026-01-25 07:48:33 | INFO     | [lf.flight.extracted] SM983 on 20FEB: BKG=170, LF=95.0%
[LF] SM983 20FEB: BKG=170, GRP=170, CAP=179, LF%=95.0%, Brd-Off=CAI-MED, Classes: P:170
[LF] Getting WEEKLY/LASTSOLD data for 2 flights
[LF] SM971 20FEB: LASTSOLD=2025-12-08 00:00:00, WEEKLY=0, TODAY=0, YDAY=0
[LF] SM983 20FEB: LASTSOLD=2025-12-20 00:00:00, WEEKLY=0, TODAY=0, YDAY=0
2026-01-25 07:48:37 | INFO     | [SUCCESS] Day 20FEB
2026-01-25 07:48:37 | INFO     | [DAY_START] Processing 19FEB
[LF] Processing CAI-MED for 19FEB
2026-01-25 07:48:37 | INFO     | [lf.day.start] Processing CAI-MED for 19FEB
[LF] Sending SN command: SN19FEBCAIMED/ASM
[LF] 19FEB: found 1 direct flights
2026-01-25 07:48:39 | INFO     | [lf.day.flights_found] Found 1 flights on 19FEB
2026-01-25 07:48:41 | INFO     | [lf.flight.extracted] SM493 on 19FEB: BKG=173, LF=96.7%
[LF] SM493 19FEB: BKG=173, GRP=90, CAP=179, LF%=96.7%, Brd-Off=CAI-MED, Classes: P:90, I:14, O:12, U:11, X:11, T:11, W:11, S:10, G:2, K:1
[LF] Getting WEEKLY/LASTSOLD data for 1 flights
[LF] SM493 19FEB: LASTSOLD=2026-01-18 00:00:00, WEEKLY=7, TODAY=0, YDAY=0
2026-01-25 07:48:46 | INFO     | [SUCCESS] Day 19FEB
2026-01-25 07:48:46 | INFO     | [DAY_START] Processing 18FEB
[LF] Processing CAI-MED for 18FEB
2026-01-25 07:48:46 | INFO     | [lf.day.start] Processing CAI-MED for 18FEB
[LF] Sending SN command: SN18FEBCAIMED/ASM
[LF] 18FEB: found 2 direct flights
2026-01-25 07:48:55 | INFO     | [lf.day.flights_found] Found 2 flights on 18FEB
2026-01-25 07:48:58 | INFO     | [lf.flight.extracted] SM951 on 18FEB: BKG=170, LF=95.0%
[LF] SM951 18FEB: BKG=170, GRP=170, CAP=179, LF%=95.0%, Brd-Off=CAI-MED, Classes: P:170
2026-01-25 07:49:02 | INFO     | [lf.flight.extracted] SM953 on 18FEB: BKG=170, LF=95.0%
[LF] SM953 18FEB: BKG=170, GRP=170, CAP=179, LF%=95.0%, Brd-Off=CAI-MED, Classes: P:170
[LF] Getting WEEKLY/LASTSOLD data for 2 flights
[LF] SM951 18FEB: LASTSOLD=2025-12-22 00:00:00, WEEKLY=0, TODAY=0, YDAY=0
[LF] SM953 18FEB: LASTSOLD=2025-12-22 00:00:00, WEEKLY=0, TODAY=0, YDAY=0
2026-01-25 07:49:06 | INFO     | [SUCCESS] Day 18FEB
2026-01-25 07:49:06 | INFO     | [DAY_START] Processing 17FEB
[LF] Processing CAI-MED for 17FEB
2026-01-25 07:49:06 | INFO     | [lf.day.start] Processing CAI-MED for 17FEB
[LF] Sending SN command: SN17FEBCAIMED/ASM
[LF] 17FEB: found 2 direct flights
2026-01-25 07:49:07 | INFO     | [lf.day.flights_found] Found 2 flights on 17FEB
2026-01-25 07:49:10 | INFO     | [lf.flight.extracted] SM971 on 17FEB: BKG=180, LF=100.6%
[LF] SM971 17FEB: BKG=180, GRP=180, CAP=179, LF%=100.6%, Brd-Off=CAI-MED, Classes: P:180
2026-01-25 07:49:13 | INFO     | [lf.flight.extracted] SM493 on 17FEB: BKG=177, LF=98.9%
[LF] SM493 17FEB: BKG=177, GRP=105, CAP=179, LF%=98.9%, Brd-Off=CAI-MED, Classes: P:90, E:15, I:11, O:15, U:11, X:11, T:11, W:10, S:1, K:2
[LF] Getting WEEKLY/LASTSOLD data for 2 flights
[LF] SM971 17FEB: LASTSOLD=2025-12-08 00:00:00, WEEKLY=0, TODAY=0, YDAY=0
[LF] SM493 17FEB: LASTSOLD=2026-01-24 00:00:00, WEEKLY=12, TODAY=0, YDAY=1
2026-01-25 07:49:21 | INFO     | [SUCCESS] Day 17FEB
[LF] Results summary:
  2026-02-24: 1 flights
  2026-02-23: 1 flights
  2026-02-22: 1 flights
  2026-02-21: 1 flights
  2026-02-20: 2 flights
  2026-02-19: 1 flights
  2026-02-18: 2 flights
  2026-02-17: 2 flights
2026-01-25 07:49:21 | INFO     | [SUCCESS] LF Search Complete

============================================================
[Worker_9222] ✓ COMPLETED: CAI-MED
  Results: 8 dates
  Errors: 0 dates
  Total Processed: 61 groups
============================================================

2026-01-25 07:49:21 | INFO     | [Worker_9222] Completed: CAI-MED - 8 results, 0 errors

============================================================
[Worker_9222] Processing: ATZ-DMM
  Tier 0: Range 1, Chunk 1/4
  Dates: 8 days
  Date Range: 2026-02-24 to 2026-02-17
============================================================

2026-01-25 07:49:21 | INFO     | [Worker_9222] Processing: ATZ-DMM
2026-01-25 07:49:21 | INFO     |   Tier 0: Range 1, Chunk 1/4 (8 days)
2026-01-25 07:49:21 | INFO     | ======================================================================
2026-01-25 07:49:21 | INFO     | Load Factor Scraper Started - Route: ATZ-DMM
2026-01-25 07:49:21 | INFO     | Log file: D:\CODERED\LAB\Artifacts\outputs\run_generated_250126_at_07.06\logs\LF_ATZ-DMM_20260125_074921.log
2026-01-25 07:49:21 | INFO     | Enhanced logging: Capturing both logging.info() and print()
2026-01-25 07:49:21 | INFO     | ======================================================================
[LF] Processing dates (override): ['24FEB', '23FEB', '22FEB', '21FEB', '20FEB', '19FEB', '18FEB', '17FEB']
[LF] Attaching to Chrome for Altea access
2026-01-25 07:49:21 | INFO     | Starting LF search for route: ATZ-DMM
2026-01-25 07:49:21 | INFO     | [START] LF Search
[LF][[OK] SUCCESS] Connected to Chrome on 127.0.0.1:9222 (after 1 attempts)
2026-01-25 07:49:22 | INFO     | [HEALTH CHECK] [OK] Chrome connection is healthy
[LF][[OK] SUCCESS] Found Amadeus Altea window: Altéa Reservation Desktop
[LF][[INFO] INFO] URL: https://tc212.resdesktop.altea.amadeus.com/app_ard/apf/init/login?SITE=ESMPESMP&LANGUAGE=GB&MARKETS=ARDW_PROD_WBP&ACTION=clpLogin#
2026-01-25 07:49:22 | INFO     | [DAY_START] Processing 24FEB
[LF] Processing ATZ-DMM for 24FEB
2026-01-25 07:49:22 | INFO     | [lf.day.start] Processing ATZ-DMM for 24FEB
[LF] Sending SN command: SN24FEBATZDMM/ASM
[LF] No direct flights on 24FEB for ATZ-DMM
2026-01-25 07:49:24 | WARNING  | [lf.day.no_flights] No direct flights on 24FEB
2026-01-25 07:49:24 | INFO     | [SUCCESS] Day 24FEB
2026-01-25 07:49:24 | INFO     | [DAY_START] Processing 23FEB
[LF] Processing ATZ-DMM for 23FEB
2026-01-25 07:49:24 | INFO     | [lf.day.start] Processing ATZ-DMM for 23FEB
[LF] Sending SN command: SN23FEBATZDMM/ASM
[LF] 23FEB: 1 cancelled flight(s) detected from SN (ATZ-DMM)
[LF] 23FEB: found 1 direct flights
2026-01-25 07:49:25 | INFO     | [lf.day.flights_found] Found 1 flights on 23FEB
2026-01-25 07:49:27 | INFO     | [lf.flight.extracted] SM437 on 23FEB: BKG=5, LF=2.8%
[LF] SM437 23FEB: BKG=5, GRP=0, CAP=179, LF%=2.8%, Brd-Off=ATZ-DMM, Classes: O:1, S:2, G:2
[LF] Getting WEEKLY/LASTSOLD data for 1 flights
[LF] SM437 23FEB: LASTSOLD=2026-01-14 00:00:00, WEEKLY=0, TODAY=0, YDAY=0
2026-01-25 07:49:30 | INFO     | [SUCCESS] Day 23FEB
2026-01-25 07:49:30 | INFO     | [DAY_START] Processing 22FEB
[LF] Processing ATZ-DMM for 22FEB
2026-01-25 07:49:30 | INFO     | [lf.day.start] Processing ATZ-DMM for 22FEB
[LF] Sending SN command: SN22FEBATZDMM/ASM
[LF] No direct flights on 22FEB for ATZ-DMM
2026-01-25 07:49:31 | WARNING  | [lf.day.no_flights] No direct flights on 22FEB
2026-01-25 07:49:31 | INFO     | [SUCCESS] Day 22FEB
2026-01-25 07:49:31 | INFO     | [DAY_START] Processing 21FEB
[LF] Processing ATZ-DMM for 21FEB
2026-01-25 07:49:31 | INFO     | [lf.day.start] Processing ATZ-DMM for 21FEB
[LF] Sending SN command: SN21FEBATZDMM/ASM
[LF] No direct flights on 21FEB for ATZ-DMM
2026-01-25 07:49:33 | WARNING  | [lf.day.no_flights] No direct flights on 21FEB
2026-01-25 07:49:33 | INFO     | [SUCCESS] Day 21FEB
2026-01-25 07:49:33 | INFO     | [DAY_START] Processing 20FEB
[LF] Processing ATZ-DMM for 20FEB
2026-01-25 07:49:33 | INFO     | [lf.day.start] Processing ATZ-DMM for 20FEB
[LF] Sending SN command: SN20FEBATZDMM/ASM
[LF] 20FEB: found 1 direct flights
2026-01-25 07:49:34 | INFO     | [lf.day.flights_found] Found 1 flights on 20FEB
2026-01-25 07:49:36 | INFO     | [lf.flight.extracted] SM437 on 20FEB: BKG=8, LF=4.5%
[LF] SM437 20FEB: BKG=8, GRP=0, CAP=179, LF%=4.5%, Brd-Off=ATZ-DMM, Classes: I:3, W:2, G:3
[LF] Getting WEEKLY/LASTSOLD data for 1 flights
[LF] SM437 20FEB: LASTSOLD=2026-01-20 00:00:00, WEEKLY=2, TODAY=0, YDAY=0
2026-01-25 07:49:39 | INFO     | [SUCCESS] Day 20FEB
2026-01-25 07:49:39 | INFO     | [DAY_START] Processing 19FEB
[LF] Processing ATZ-DMM for 19FEB
2026-01-25 07:49:39 | INFO     | [lf.day.start] Processing ATZ-DMM for 19FEB
[LF] Sending SN command: SN19FEBATZDMM/ASM
[LF] No direct flights on 19FEB for ATZ-DMM
2026-01-25 07:49:40 | WARNING  | [lf.day.no_flights] No direct flights on 19FEB
2026-01-25 07:49:40 | INFO     | [SUCCESS] Day 19FEB
2026-01-25 07:49:40 | INFO     | [DAY_START] Processing 18FEB
[LF] Processing ATZ-DMM for 18FEB
2026-01-25 07:49:40 | INFO     | [lf.day.start] Processing ATZ-DMM for 18FEB
[LF] Sending SN command: SN18FEBATZDMM/ASM
[LF] No direct flights on 18FEB for ATZ-DMM
2026-01-25 07:49:42 | WARNING  | [lf.day.no_flights] No direct flights on 18FEB
2026-01-25 07:49:42 | INFO     | [SUCCESS] Day 18FEB
2026-01-25 07:49:42 | INFO     | [DAY_START] Processing 17FEB
[LF] Processing ATZ-DMM for 17FEB
2026-01-25 07:49:42 | INFO     | [lf.day.start] Processing ATZ-DMM for 17FEB
[LF] Sending SN command: SN17FEBATZDMM/ASM
[LF] No direct flights on 17FEB for ATZ-DMM
2026-01-25 07:49:43 | WARNING  | [lf.day.no_flights] No direct flights on 17FEB
2026-01-25 07:49:43 | INFO     | [SUCCESS] Day 17FEB
[LF] Results summary:
  2026-02-24: 0 flights
  2026-02-23: 1 flights
  2026-02-22: 0 flights
  2026-02-21: 0 flights
  2026-02-20: 1 flights
  2026-02-19: 0 flights
  2026-02-18: 0 flights
  2026-02-17: 0 flights
[LF] Cancelled flights found: 1
  - SM955 23FEB (SN)
2026-01-25 07:49:43 | INFO     | [SUCCESS] LF Search Complete
[Worker_9222] Cancelled flights collected: 1

============================================================
[Worker_9222] ✓ COMPLETED: ATZ-DMM
  Results: 8 dates
  Errors: 0 dates
  Total Processed: 62 groups
============================================================

2026-01-25 07:49:43 | INFO     | [Worker_9222] Completed: ATZ-DMM - 8 results, 0 errors

============================================================
[Worker_9222] Processing: CAI-AJF
  Tier 0: Range 1, Chunk 1/4
  Dates: 8 days
  Date Range: 2026-02-24 to 2026-02-17
============================================================

2026-01-25 07:49:43 | INFO     | [Worker_9222] Processing: CAI-AJF
2026-01-25 07:49:43 | INFO     |   Tier 0: Range 1, Chunk 1/4 (8 days)
2026-01-25 07:49:43 | INFO     | ======================================================================
2026-01-25 07:49:43 | INFO     | Load Factor Scraper Started - Route: CAI-AJF
2026-01-25 07:49:43 | INFO     | Log file: D:\CODERED\LAB\Artifacts\outputs\run_generated_250126_at_07.06\logs\LF_CAI-AJF_20260125_074943.log
2026-01-25 07:49:43 | INFO     | Enhanced logging: Capturing both logging.info() and print()
2026-01-25 07:49:43 | INFO     | ======================================================================
[LF] Processing dates (override): ['24FEB', '23FEB', '22FEB', '21FEB', '20FEB', '19FEB', '18FEB', '17FEB']
[LF] Attaching to Chrome for Altea access
2026-01-25 07:49:43 | INFO     | Starting LF search for route: CAI-AJF
2026-01-25 07:49:43 | INFO     | [START] LF Search
[LF][[OK] SUCCESS] Connected to Chrome on 127.0.0.1:9222 (after 1 attempts)
2026-01-25 07:49:44 | INFO     | [HEALTH CHECK] [OK] Chrome connection is healthy
[LF][[OK] SUCCESS] Found Amadeus Altea window: Altéa Reservation Desktop
[LF][[INFO] INFO] URL: https://tc212.resdesktop.altea.amadeus.com/app_ard/apf/init/login?SITE=ESMPESMP&LANGUAGE=GB&MARKETS=ARDW_PROD_WBP&ACTION=clpLogin#
2026-01-25 07:49:44 | INFO     | [DAY_START] Processing 24FEB
[LF] Processing CAI-AJF for 24FEB
2026-01-25 07:49:44 | INFO     | [lf.day.start] Processing CAI-AJF for 24FEB
[LF] Sending SN command: SN24FEBCAIAJF/ASM
[LF] 24FEB: found 1 direct flights
2026-01-25 07:49:45 | INFO     | [lf.day.flights_found] Found 1 flights on 24FEB
2026-01-25 07:49:48 | INFO     | [lf.flight.extracted] SM321 on 24FEB: BKG=6, LF=3.4%
[LF] SM321 24FEB: BKG=6, GRP=0, CAP=179, LF%=3.4%, Brd-Off=CAI-AJF, Classes: I:4, U:1, G:1
[LF] Getting WEEKLY/LASTSOLD data for 1 flights
[LF] SM321 24FEB: LASTSOLD=2026-01-18 00:00:00, WEEKLY=1, TODAY=0, YDAY=0
2026-01-25 07:49:51 | INFO     | [SUCCESS] Day 24FEB
2026-01-25 07:49:51 | INFO     | [DAY_START] Processing 23FEB
[LF] Processing CAI-AJF for 23FEB
2026-01-25 07:49:51 | INFO     | [lf.day.start] Processing CAI-AJF for 23FEB
[LF] Sending SN command: SN23FEBCAIAJF/ASM
[LF] No direct flights on 23FEB for CAI-AJF
2026-01-25 07:49:52 | WARNING  | [lf.day.no_flights] No direct flights on 23FEB
2026-01-25 07:49:52 | INFO     | [SUCCESS] Day 23FEB
2026-01-25 07:49:52 | INFO     | [DAY_START] Processing 22FEB
[LF] Processing CAI-AJF for 22FEB
2026-01-25 07:49:52 | INFO     | [lf.day.start] Processing CAI-AJF for 22FEB
[LF] Sending SN command: SN22FEBCAIAJF/ASM
[LF] No direct flights on 22FEB for CAI-AJF
2026-01-25 07:49:53 | WARNING  | [lf.day.no_flights] No direct flights on 22FEB
2026-01-25 07:49:53 | INFO     | [SUCCESS] Day 22FEB
2026-01-25 07:49:53 | INFO     | [DAY_START] Processing 21FEB
[LF] Processing CAI-AJF for 21FEB
2026-01-25 07:49:53 | INFO     | [lf.day.start] Processing CAI-AJF for 21FEB
[LF] Sending SN command: SN21FEBCAIAJF/ASM
[LF] 21FEB: found 1 direct flights
2026-01-25 07:49:55 | INFO     | [lf.day.flights_found] Found 1 flights on 21FEB
2026-01-25 07:49:57 | INFO     | [lf.flight.extracted] SM321 on 21FEB: BKG=13, LF=7.3%
[LF] SM321 21FEB: BKG=13, GRP=0, CAP=179, LF%=7.3%, Brd-Off=CAI-AJF, Classes: U:3, X:1, G:9
[LF] Getting WEEKLY/LASTSOLD data for 1 flights
[LF] SM321 21FEB: LASTSOLD=2026-01-19 00:00:00, WEEKLY=2, TODAY=0, YDAY=0
2026-01-25 07:50:00 | INFO     | [SUCCESS] Day 21FEB
2026-01-25 07:50:00 | INFO     | [DAY_START] Processing 20FEB
[LF] Processing CAI-AJF for 20FEB
2026-01-25 07:50:00 | INFO     | [lf.day.start] Processing CAI-AJF for 20FEB
[LF] Sending SN command: SN20FEBCAIAJF/ASM
[LF] No direct flights on 20FEB for CAI-AJF
2026-01-25 07:50:02 | WARNING  | [lf.day.no_flights] No direct flights on 20FEB
2026-01-25 07:50:02 | INFO     | [SUCCESS] Day 20FEB
2026-01-25 07:50:02 | INFO     | [DAY_START] Processing 19FEB
[LF] Processing CAI-AJF for 19FEB
2026-01-25 07:50:02 | INFO     | [lf.day.start] Processing CAI-AJF for 19FEB
[LF] Sending SN command: SN19FEBCAIAJF/ASM
[LF] 19FEB: found 1 direct flights
2026-01-25 07:50:03 | INFO     | [lf.day.flights_found] Found 1 flights on 19FEB
2026-01-25 07:50:05 | INFO     | [lf.flight.extracted] SM321 on 19FEB: BKG=3, LF=1.7%
[LF] SM321 19FEB: BKG=3, GRP=0, CAP=179, LF%=1.7%, Brd-Off=CAI-AJF, Classes: I:3
[LF] Getting WEEKLY/LASTSOLD data for 1 flights
[LF] SM321 19FEB: LASTSOLD=2026-01-24 00:00:00, WEEKLY=3, TODAY=0, YDAY=2
2026-01-25 07:50:09 | INFO     | [SUCCESS] Day 19FEB
2026-01-25 07:50:09 | INFO     | [DAY_START] Processing 18FEB
[LF] Processing CAI-AJF for 18FEB
2026-01-25 07:50:09 | INFO     | [lf.day.start] Processing CAI-AJF for 18FEB
[LF] Sending SN command: SN18FEBCAIAJF/ASM
[LF] No direct flights on 18FEB for CAI-AJF
2026-01-25 07:50:10 | WARNING  | [lf.day.no_flights] No direct flights on 18FEB
2026-01-25 07:50:10 | INFO     | [SUCCESS] Day 18FEB
2026-01-25 07:50:10 | INFO     | [DAY_START] Processing 17FEB
[LF] Processing CAI-AJF for 17FEB
2026-01-25 07:50:10 | INFO     | [lf.day.start] Processing CAI-AJF for 17FEB
[LF] Sending SN command: SN17FEBCAIAJF/ASM
[LF] 17FEB: found 1 direct flights
2026-01-25 07:50:12 | INFO     | [lf.day.flights_found] Found 1 flights on 17FEB
2026-01-25 07:50:14 | INFO     | [lf.flight.extracted] SM321 on 17FEB: BKG=7, LF=3.9%
[LF] SM321 17FEB: BKG=7, GRP=0, CAP=179, LF%=3.9%, Brd-Off=CAI-AJF, Classes: U:5, G:2
[LF] Getting WEEKLY/LASTSOLD data for 1 flights
[LF] SM321 17FEB: LASTSOLD=2026-01-20 00:00:00, WEEKLY=3, TODAY=0, YDAY=0
2026-01-25 07:50:16 | INFO     | [SUCCESS] Day 17FEB
[LF] Results summary:
  2026-02-24: 1 flights
  2026-02-23: 0 flights
  2026-02-22: 0 flights
  2026-02-21: 1 flights
  2026-02-20: 0 flights
  2026-02-19: 1 flights
  2026-02-18: 0 flights
  2026-02-17: 1 flights
2026-01-25 07:50:16 | INFO     | [SUCCESS] LF Search Complete

============================================================
[Worker_9222] ✓ COMPLETED: CAI-AJF
  Results: 8 dates
  Errors: 0 dates
  Total Processed: 63 groups
============================================================

2026-01-25 07:50:16 | INFO     | [Worker_9222] Completed: CAI-AJF - 8 results, 0 errors

============================================================
[Worker_9222] Processing: CAI-GIZ
  Tier 0: Range 1, Chunk 1/4
  Dates: 8 days
  Date Range: 2026-02-24 to 2026-02-17
============================================================

2026-01-25 07:50:16 | INFO     | [Worker_9222] Processing: CAI-GIZ
2026-01-25 07:50:16 | INFO     |   Tier 0: Range 1, Chunk 1/4 (8 days)
2026-01-25 07:50:16 | INFO     | ======================================================================
2026-01-25 07:50:16 | INFO     | Load Factor Scraper Started - Route: CAI-GIZ
2026-01-25 07:50:16 | INFO     | Log file: D:\CODERED\LAB\Artifacts\outputs\run_generated_250126_at_07.06\logs\LF_CAI-GIZ_20260125_075016.log
2026-01-25 07:50:16 | INFO     | Enhanced logging: Capturing both logging.info() and print()
2026-01-25 07:50:16 | INFO     | ======================================================================
[LF] Processing dates (override): ['24FEB', '23FEB', '22FEB', '21FEB', '20FEB', '19FEB', '18FEB', '17FEB']
[LF] Attaching to Chrome for Altea access
2026-01-25 07:50:16 | INFO     | Starting LF search for route: CAI-GIZ
2026-01-25 07:50:16 | INFO     | [START] LF Search
[LF][[OK] SUCCESS] Connected to Chrome on 127.0.0.1:9222 (after 1 attempts)
2026-01-25 07:50:17 | INFO     | [HEALTH CHECK] [OK] Chrome connection is healthy
[LF][[OK] SUCCESS] Found Amadeus Altea window: Altéa Reservation Desktop
[LF][[INFO] INFO] URL: https://tc212.resdesktop.altea.amadeus.com/app_ard/apf/init/login?SITE=ESMPESMP&LANGUAGE=GB&MARKETS=ARDW_PROD_WBP&ACTION=clpLogin#
2026-01-25 07:50:17 | INFO     | [DAY_START] Processing 24FEB
[LF] Processing CAI-GIZ for 24FEB
2026-01-25 07:50:17 | INFO     | [lf.day.start] Processing CAI-GIZ for 24FEB
[LF] Sending SN command: SN24FEBCAIGIZ/ASM
[LF] No direct flights on 24FEB for CAI-GIZ
2026-01-25 07:50:19 | WARNING  | [lf.day.no_flights] No direct flights on 24FEB
2026-01-25 07:50:19 | INFO     | [SUCCESS] Day 24FEB
2026-01-25 07:50:19 | INFO     | [DAY_START] Processing 23FEB
[LF] Processing CAI-GIZ for 23FEB
2026-01-25 07:50:19 | INFO     | [lf.day.start] Processing CAI-GIZ for 23FEB
[LF] Sending SN command: SN23FEBCAIGIZ/ASM
[LF] No direct flights on 23FEB for CAI-GIZ
2026-01-25 07:50:20 | WARNING  | [lf.day.no_flights] No direct flights on 23FEB
2026-01-25 07:50:20 | INFO     | [SUCCESS] Day 23FEB
2026-01-25 07:50:20 | INFO     | [DAY_START] Processing 22FEB
[LF] Processing CAI-GIZ for 22FEB
2026-01-25 07:50:20 | INFO     | [lf.day.start] Processing CAI-GIZ for 22FEB
[LF] Sending SN command: SN22FEBCAIGIZ/ASM
[LF] No direct flights on 22FEB for CAI-GIZ
2026-01-25 07:50:22 | WARNING  | [lf.day.no_flights] No direct flights on 22FEB
2026-01-25 07:50:22 | INFO     | [SUCCESS] Day 22FEB
2026-01-25 07:50:22 | INFO     | [DAY_START] Processing 21FEB
[LF] Processing CAI-GIZ for 21FEB
2026-01-25 07:50:22 | INFO     | [lf.day.start] Processing CAI-GIZ for 21FEB
[LF] Sending SN command: SN21FEBCAIGIZ/ASM
[LF] 21FEB: found 1 direct flights
2026-01-25 07:50:23 | INFO     | [lf.day.flights_found] Found 1 flights on 21FEB
2026-01-25 07:50:27 | INFO     | [lf.flight.extracted] SM329 on 21FEB: BKG=4, LF=2.2%
[LF] SM329 21FEB: BKG=4, GRP=0, CAP=179, LF%=2.2%, Brd-Off=CAI-GIZ, Classes: O:2, G:2
[LF] Getting WEEKLY/LASTSOLD data for 1 flights
[LF] SM329 21FEB: LASTSOLD=2026-01-24 00:00:00, WEEKLY=2, TODAY=0, YDAY=2
2026-01-25 07:50:30 | INFO     | [SUCCESS] Day 21FEB
2026-01-25 07:50:30 | INFO     | [DAY_START] Processing 20FEB
[LF] Processing CAI-GIZ for 20FEB
2026-01-25 07:50:30 | INFO     | [lf.day.start] Processing CAI-GIZ for 20FEB
[LF] Sending SN command: SN20FEBCAIGIZ/ASM
[LF] No direct flights on 20FEB for CAI-GIZ
2026-01-25 07:50:31 | WARNING  | [lf.day.no_flights] No direct flights on 20FEB
2026-01-25 07:50:31 | INFO     | [SUCCESS] Day 20FEB
2026-01-25 07:50:31 | INFO     | [DAY_START] Processing 19FEB
[LF] Processing CAI-GIZ for 19FEB
2026-01-25 07:50:31 | INFO     | [lf.day.start] Processing CAI-GIZ for 19FEB
[LF] Sending SN command: SN19FEBCAIGIZ/ASM
[LF] 19FEB: found 1 direct flights
2026-01-25 07:50:34 | INFO     | [lf.day.flights_found] Found 1 flights on 19FEB
2026-01-25 07:50:37 | INFO     | [lf.flight.extracted] SM329 on 19FEB: BKG=2, LF=1.1%
[LF] SM329 19FEB: BKG=2, GRP=0, CAP=179, LF%=1.1%, Brd-Off=CAI-GIZ, Classes: O:1, X:1
[LF] Getting WEEKLY/LASTSOLD data for 1 flights
[LF] SM329 19FEB: LASTSOLD=2026-01-24 00:00:00, WEEKLY=1, TODAY=0, YDAY=1
2026-01-25 07:50:40 | INFO     | [SUCCESS] Day 19FEB
2026-01-25 07:50:40 | INFO     | [DAY_START] Processing 18FEB
[LF] Processing CAI-GIZ for 18FEB
2026-01-25 07:50:40 | INFO     | [lf.day.start] Processing CAI-GIZ for 18FEB
[LF] Sending SN command: SN18FEBCAIGIZ/ASM
[LF] No direct flights on 18FEB for CAI-GIZ
2026-01-25 07:50:41 | WARNING  | [lf.day.no_flights] No direct flights on 18FEB
2026-01-25 07:50:41 | INFO     | [SUCCESS] Day 18FEB
2026-01-25 07:50:41 | INFO     | [DAY_START] Processing 17FEB
[LF] Processing CAI-GIZ for 17FEB
2026-01-25 07:50:41 | INFO     | [lf.day.start] Processing CAI-GIZ for 17FEB
[LF] Sending SN command: SN17FEBCAIGIZ/ASM
[LF] No direct flights on 17FEB for CAI-GIZ
2026-01-25 07:50:42 | WARNING  | [lf.day.no_flights] No direct flights on 17FEB
2026-01-25 07:50:42 | INFO     | [SUCCESS] Day 17FEB
[LF] Results summary:
  2026-02-24: 0 flights
  2026-02-23: 0 flights
  2026-02-22: 0 flights
  2026-02-21: 1 flights
  2026-02-20: 0 flights
  2026-02-19: 1 flights
  2026-02-18: 0 flights
  2026-02-17: 0 flights
2026-01-25 07:50:42 | INFO     | [SUCCESS] LF Search Complete

============================================================
[Worker_9222] ✓ COMPLETED: CAI-GIZ
  Results: 8 dates
  Errors: 0 dates
  Total Processed: 64 groups
============================================================

2026-01-25 07:50:42 | INFO     | [Worker_9222] Completed: CAI-GIZ - 8 results, 0 errors

============================================================
[Worker_9222] Processing: JED-HBE
  Tier 0: Range 1, Chunk 2/4
  Dates: 8 days
  Date Range: 2026-02-16 to 2026-02-09
============================================================

2026-01-25 07:50:42 | INFO     | [Worker_9222] Processing: JED-HBE
2026-01-25 07:50:42 | INFO     |   Tier 0: Range 1, Chunk 2/4 (8 days)
2026-01-25 07:50:42 | INFO     | ======================================================================
2026-01-25 07:50:42 | INFO     | Load Factor Scraper Started - Route: JED-HBE
2026-01-25 07:50:42 | INFO     | Log file: D:\CODERED\LAB\Artifacts\outputs\run_generated_250126_at_07.06\logs\LF_JED-HBE_20260125_075042.log
2026-01-25 07:50:42 | INFO     | Enhanced logging: Capturing both logging.info() and print()
2026-01-25 07:50:42 | INFO     | ======================================================================
[LF] Processing dates (override): ['16FEB', '15FEB', '14FEB', '13FEB', '12FEB', '11FEB', '10FEB', '09FEB']
[LF] Attaching to Chrome for Altea access
2026-01-25 07:50:42 | INFO     | Starting LF search for route: JED-HBE
2026-01-25 07:50:42 | INFO     | [START] LF Search
[LF][[OK] SUCCESS] Connected to Chrome on 127.0.0.1:9222 (after 1 attempts)
2026-01-25 07:50:44 | INFO     | [HEALTH CHECK] [OK] Chrome connection is healthy
[LF][[OK] SUCCESS] Found Amadeus Altea window: Altéa Reservation Desktop
[LF][[INFO] INFO] URL: https://tc212.resdesktop.altea.amadeus.com/app_ard/apf/init/login?SITE=ESMPESMP&LANGUAGE=GB&MARKETS=ARDW_PROD_WBP&ACTION=clpLogin#
2026-01-25 07:50:44 | INFO     | [DAY_START] Processing 16FEB
[LF] Processing JED-HBE for 16FEB
2026-01-25 07:50:44 | INFO     | [lf.day.start] Processing JED-HBE for 16FEB
[LF] Sending SN command: SN16FEBJEDHBE/ASM
[LF] 16FEB: 1 cancelled flight(s) detected from SN (JED-HBE)
[LF] 16FEB: found 4 direct flights
2026-01-25 07:50:46 | INFO     | [lf.day.flights_found] Found 4 flights on 16FEB
2026-01-25 07:50:47 | INFO     | [lf.flight.extracted] SM2454 on 16FEB: BKG=0, LF=0.0%
[LF] SM2454 16FEB: BKG=0, GRP=0, CAP=168, LF%=0.0%, Brd-Off=JED-HBE
2026-01-25 07:50:51 | INFO     | [lf.flight.extracted] SM458 on 16FEB: BKG=16, LF=9.1%
[LF] SM458 16FEB: BKG=16, GRP=0, CAP=175, LF%=9.1%, Brd-Off=JED-HBE, Classes: I:13, O:2, U:1
2026-01-25 07:50:54 | INFO     | [lf.flight.extracted] SM2456 on 16FEB: BKG=0, LF=0.0%
[LF] SM2456 16FEB: BKG=0, GRP=0, CAP=175, LF%=0.0%, Brd-Off=JED-HBE
2026-01-25 07:50:58 | INFO     | [lf.flight.extracted] SM452 on 16FEB: BKG=23, LF=13.1%
[LF] SM452 16FEB: BKG=23, GRP=0, CAP=175, LF%=13.1%, Brd-Off=JED-HBE, Classes: I:17, O:5, K:1
[LF] Getting WEEKLY/LASTSOLD data for 2 flights
[LF] SM458 16FEB: LASTSOLD=2026-01-21 00:00:00, WEEKLY=1, TODAY=0, YDAY=0
[LF] SM452 16FEB: LASTSOLD=2026-01-23 00:00:00, WEEKLY=4, TODAY=0, YDAY=0
2026-01-25 07:51:03 | INFO     | [SUCCESS] Day 16FEB
2026-01-25 07:51:03 | INFO     | [DAY_START] Processing 15FEB
[LF] Processing JED-HBE for 15FEB
2026-01-25 07:51:03 | INFO     | [lf.day.start] Processing JED-HBE for 15FEB
[LF] Sending SN command: SN15FEBJEDHBE/ASM
[LF] 15FEB: 1 cancelled flight(s) detected from SN (JED-HBE)
[LF] 15FEB: found 3 direct flights
2026-01-25 07:51:04 | INFO     | [lf.day.flights_found] Found 3 flights on 15FEB
2026-01-25 07:51:06 | INFO     | [lf.flight.extracted] SM458 on 15FEB: BKG=28, LF=16.0%
[LF] SM458 15FEB: BKG=28, GRP=0, CAP=175, LF%=16.0%, Brd-Off=JED-HBE, Classes: I:17, O:9, U:1, S:1
2026-01-25 07:51:09 | INFO     | [lf.flight.extracted] SM452 on 15FEB: BKG=30, LF=17.1%
[LF] SM452 15FEB: BKG=30, GRP=0, CAP=175, LF%=17.1%, Brd-Off=JED-HBE, Classes: I:17, O:13
2026-01-25 07:51:13 | INFO     | [lf.flight.extracted] SM974 on 15FEB: BKG=32, LF=19.2%
[LF] SM974 15FEB: BKG=32, GRP=0, CAP=167, LF%=19.2%, Brd-Off=JED-HBE, Classes: I:30, O:2
[LF] Getting WEEKLY/LASTSOLD data for 3 flights
[LF] SM458 15FEB: LASTSOLD=2026-01-20 00:00:00, WEEKLY=4, TODAY=0, YDAY=0
[LF] SM452 15FEB: LASTSOLD=2026-01-22 00:00:00, WEEKLY=3, TODAY=0, YDAY=0
[LF] SM974 15FEB: LASTSOLD=2026-01-22 00:00:00, WEEKLY=5, TODAY=0, YDAY=0
2026-01-25 07:51:22 | INFO     | [SUCCESS] Day 15FEB
2026-01-25 07:51:22 | INFO     | [DAY_START] Processing 14FEB
[LF] Processing JED-HBE for 14FEB
2026-01-25 07:51:22 | INFO     | [lf.day.start] Processing JED-HBE for 14FEB
[LF] Sending SN command: SN14FEBJEDHBE/ASM
[LF] 14FEB: 1 cancelled flight(s) detected from SN (JED-HBE)
[LF] 14FEB: found 4 direct flights
2026-01-25 07:51:24 | INFO     | [lf.day.flights_found] Found 4 flights on 14FEB
2026-01-25 07:51:25 | INFO     | [lf.flight.extracted] SM978 on 14FEB: BKG=23, LF=13.8%
[LF] SM978 14FEB: BKG=23, GRP=0, CAP=167, LF%=13.8%, Brd-Off=JED-HBE, Classes: I:22, U:1
2026-01-25 07:51:29 | INFO     | [lf.flight.extracted] SM458 on 14FEB: BKG=97, LF=55.4%
[LF] SM458 14FEB: BKG=97, GRP=75, CAP=175, LF%=55.4%, Brd-Off=JED-HBE, Classes: P:75, I:17, O:4, U:1
2026-01-25 07:51:32 | INFO     | [lf.flight.extracted] SM452 on 14FEB: BKG=117, LF=70.1%
[LF] SM452 14FEB: BKG=117, GRP=88, CAP=167, LF%=70.1%, Brd-Off=JED-HBE, Classes: P:88, I:17, O:3, U:2, S:1, K:6
2026-01-25 07:51:35 | INFO     | [lf.flight.extracted] SM980 on 14FEB: BKG=69, LF=41.3%
[LF] SM980 14FEB: BKG=69, GRP=46, CAP=167, LF%=41.3%, Brd-Off=JED-HBE, Classes: P:46, I:23
[LF] Getting WEEKLY/LASTSOLD data for 4 flights
[LF] SM978 14FEB: LASTSOLD=2026-01-18 00:00:00, WEEKLY=1, TODAY=0, YDAY=0
[LF] SM458 14FEB: LASTSOLD=2026-01-23 00:00:00, WEEKLY=2, TODAY=0, YDAY=0
[LF] SM452 14FEB: LASTSOLD=2026-01-24 00:00:00, WEEKLY=7, TODAY=0, YDAY=1
[LF] SM980 14FEB: LASTSOLD=2026-01-23 00:00:00, WEEKLY=11, TODAY=0, YDAY=0
2026-01-25 07:51:47 | INFO     | [SUCCESS] Day 14FEB
2026-01-25 07:51:47 | INFO     | [DAY_START] Processing 13FEB
[LF] Processing JED-HBE for 13FEB
2026-01-25 07:51:47 | INFO     | [lf.day.start] Processing JED-HBE for 13FEB
[LF] Sending SN command: SN13FEBJEDHBE/ASM
[LF] 13FEB: found 2 direct flights
2026-01-25 07:51:49 | INFO     | [lf.day.flights_found] Found 2 flights on 13FEB
2026-01-25 07:51:52 | INFO     | [lf.flight.extracted] SM452 on 13FEB: BKG=100, LF=57.1%
[LF] SM452 13FEB: BKG=100, GRP=50, CAP=175, LF%=57.1%, Brd-Off=JED-HBE, Classes: P:50, I:17, O:17, U:11, K:5
2026-01-25 07:51:56 | INFO     | [lf.flight.extracted] SM952 on 13FEB: BKG=42, LF=25.1%
[LF] SM952 13FEB: BKG=42, GRP=0, CAP=167, LF%=25.1%, Brd-Off=JED-HBE, Classes: I:10, O:25, U:7
[LF] Getting WEEKLY/LASTSOLD data for 2 flights
[LF] SM452 13FEB: LASTSOLD=2026-01-24 00:00:00, WEEKLY=4, TODAY=0, YDAY=1
[LF] SM952 13FEB: LASTSOLD=2026-01-24 00:00:00, WEEKLY=9, TODAY=0, YDAY=4
2026-01-25 07:52:06 | INFO     | [SUCCESS] Day 13FEB
2026-01-25 07:52:06 | INFO     | [DAY_START] Processing 12FEB
[LF] Processing JED-HBE for 12FEB
2026-01-25 07:52:06 | INFO     | [lf.day.start] Processing JED-HBE for 12FEB
[LF] Sending SN command: SN12FEBJEDHBE/ASM
[LF] 12FEB: found 2 direct flights
2026-01-25 07:52:07 | INFO     | [lf.day.flights_found] Found 2 flights on 12FEB
2026-01-25 07:52:09 | INFO     | [lf.flight.extracted] SM452 on 12FEB: BKG=41, LF=23.4%
[LF] SM452 12FEB: BKG=41, GRP=0, CAP=175, LF%=23.4%, Brd-Off=JED-HBE, Classes: I:25, O:5, U:3, K:8
2026-01-25 07:52:13 | INFO     | [lf.flight.extracted] SM2456 on 12FEB: BKG=135, LF=77.1%
[LF] SM2456 12FEB: BKG=135, GRP=135, CAP=175, LF%=77.1%, Brd-Off=JED-HBE, Classes: P:135
[LF] Getting WEEKLY/LASTSOLD data for 2 flights
[LF] SM452 12FEB: LASTSOLD=2026-01-24 00:00:00, WEEKLY=8, TODAY=0, YDAY=1
[LF] SM2456 12FEB: LASTSOLD=2026-01-20 00:00:00, WEEKLY=91, TODAY=0, YDAY=0
2026-01-25 07:52:23 | INFO     | [SUCCESS] Day 12FEB
2026-01-25 07:52:23 | INFO     | [DAY_START] Processing 11FEB
[LF] Processing JED-HBE for 11FEB
2026-01-25 07:52:23 | INFO     | [lf.day.start] Processing JED-HBE for 11FEB
[LF] Sending SN command: SN11FEBJEDHBE/ASM
[LF] 11FEB: found 4 direct flights
2026-01-25 07:52:24 | INFO     | [lf.day.flights_found] Found 4 flights on 11FEB
2026-01-25 07:52:25 | INFO     | [lf.flight.extracted] SM2450 on 11FEB: BKG=0, LF=0.0%
[LF] SM2450 11FEB: BKG=0, GRP=0, CAP=168, LF%=0.0%, Brd-Off=JED-HBE
2026-01-25 07:52:29 | INFO     | [lf.flight.extracted] SM452 on 11FEB: BKG=6, LF=3.4%
[LF] SM452 11FEB: BKG=6, GRP=0, CAP=175, LF%=3.4%, Brd-Off=JED-HBE, Classes: I:6
2026-01-25 07:52:33 | INFO     | [lf.flight.extracted] SM474 on 11FEB: BKG=123, LF=70.3%
[LF] SM474 11FEB: BKG=123, GRP=90, CAP=175, LF%=70.3%, Brd-Off=JED-HBE, Classes: P:90, I:17, O:10, U:1, K:5
2026-01-25 07:52:37 | INFO     | [lf.flight.extracted] SM458 on 11FEB: BKG=178, LF=101.7%
[LF] SM458 11FEB: BKG=178, GRP=170, CAP=175, LF%=101.7%, Brd-Off=JED-HBE, Classes: P:170, O:8
[LF] Getting WEEKLY/LASTSOLD data for 3 flights
[LF] SM452 11FEB: LASTSOLD=2026-01-24 00:00:00, WEEKLY=3, TODAY=0, YDAY=3
[LF] SM474 11FEB: LASTSOLD=2026-01-11 00:00:00, WEEKLY=0, TODAY=0, YDAY=0
[LF] SM458 11FEB: LASTSOLD=2025-11-21 00:00:00, WEEKLY=0, TODAY=0, YDAY=0
2026-01-25 07:52:48 | INFO     | [SUCCESS] Day 11FEB
2026-01-25 07:52:48 | INFO     | [DAY_START] Processing 10FEB
[LF] Processing JED-HBE for 10FEB
2026-01-25 07:52:48 | INFO     | [lf.day.start] Processing JED-HBE for 10FEB
[LF] Sending SN command: SN10FEBJEDHBE/ASM
[LF] 10FEB: found 3 direct flights
2026-01-25 07:52:49 | INFO     | [lf.day.flights_found] Found 3 flights on 10FEB
2026-01-25 07:52:52 | INFO     | [lf.flight.extracted] SM472 on 10FEB: BKG=43, LF=24.2%
[LF] SM472 10FEB: BKG=43, GRP=0, CAP=178, LF%=24.2%, Brd-Off=JED-HBE, Classes: I:13, O:10, U:11, X:8, K:1
2026-01-25 07:52:56 | INFO     | [lf.flight.extracted] SM452 on 10FEB: BKG=100, LF=57.1%
[LF] SM452 10FEB: BKG=100, GRP=44, CAP=175, LF%=57.1%, Brd-Off=JED-HBE, Classes: P:44, I:36, O:11, U:4, X:3, K:2
2026-01-25 07:53:00 | INFO     | [lf.flight.extracted] SM2450 on 10FEB: BKG=117, LF=66.9%
[LF] SM2450 10FEB: BKG=117, GRP=117, CAP=175, LF%=66.9%, Brd-Off=JED-HBE, Classes: P:117
[LF] Getting WEEKLY/LASTSOLD data for 3 flights
[LF] SM472 10FEB: LASTSOLD=2026-01-22 00:00:00, WEEKLY=5, TODAY=0, YDAY=0
[LF] SM452 10FEB: LASTSOLD=2026-01-24 00:00:00, WEEKLY=20, TODAY=0, YDAY=7
[LF] SM2450 10FEB: WEEKLY=99 → LP/T MANDATORY
[DEBUG] SM2450 10FEB: Match #1: HK 20JAN | Line: 001N 01ABDALLA/HAMAM ATW          	8Q2JKO P  HK 20JAN CAISM0100
[DEBUG] SM2450 10FEB: Match #2: HK 20JAN | Line: 002N 01ABDALLAH/HANEM HU          	8Q2W43 P  HK 20JAN CAISM0100
[DEBUG] SM2450 10FEB: Match #3: HK 20JAN | Line: 003N 01ABDELMAGID/AHMED           	8Q2W43 P  HK 20JAN CAISM0100
[DEBUG] SM2450 10FEB: Match #4: HK 20JAN | Line: 004N 01ABDELRAHMAN/RASHI          	8Q2W43 P  HK 20JAN CAISM0100
[DEBUG] SM2450 10FEB: Match #5: HK 20JAN | Line: 005N 01AHMED/AIDA ALI             	8Q2W43 P  HK 20JAN CAISM0100
[DEBUG] SM2450 10FEB: Match #6: HK 20JAN | Line: 006N 01AHMED/JASMIN ALI           	8Q2W43 P  HK 20JAN CAISM0100
[DEBUG] SM2450 10FEB: Match #7: HK 20JAN | Line: 007N 01AHMED/MOHAMED TAR          	8Q2W43 P  HK 20JAN CAISM0100
[DEBUG] SM2450 10FEB: Match #8: HK 20JAN | Line: 008N 01ALAKABAWY/AMANY M          	8Q2W43 P  HK 20JAN CAISM0100
[DEBUG] SM2450 10FEB: DUPLICATE #1: 001N HK 20JAN | Skipping
[DEBUG] SM2450 10FEB: DUPLICATE #2: 002N HK 20JAN | Skipping
[DEBUG] SM2450 10FEB: DUPLICATE #3: 003N HK 20JAN | Skipping
[DEBUG] SM2450 10FEB: DUPLICATE #4: 004N HK 20JAN | Skipping
[DEBUG] SM2450 10FEB: DUPLICATE #5: 005N HK 20JAN | Skipping
[DEBUG] SM2450 10FEB: DUPLICATE #6: 006N HK 20JAN | Skipping
[DEBUG] SM2450 10FEB: DUPLICATE #7: 007N HK 20JAN | Skipping
[DEBUG] SM2450 10FEB: DUPLICATE #8: 008N HK 20JAN | Skipping
[DEBUG] SM2450 10FEB: Match #9: HK 20JAN | Line: 009N 01ALI/MOHAMED BAYOU          	8Q2W43 P  HK 20JAN CAISM0100
[DEBUG] SM2450 10FEB: Match #10: HK 20JAN | Line: 010N 01ALI/SAMA MOHAMED           	8Q2JKO P  HK 20JAN CAISM0100
[DEBUG] SM2450 10FEB: Match #11: HK 20JAN | Line: 011N 01ALI/SOAD ALI               	8Q2W43 P  HK 20JAN CAISM0100
[DEBUG] SM2450 10FEB: Match #12: HK 20JAN | Line: 012N 01ALY/MOHAMED MOHAM          	8Q2JKO P  HK 20JAN CAISM0100
[DEBUG] SM2450 10FEB: Match #13: HK 20JAN | Line: 013N 01ALY/MOUSTAFA MOHA          	8Q2W43 P  HK 20JAN CAISM0100
[DEBUG] SM2450 10FEB: Match #14: HK 20JAN | Line: 014N 01ALY/SHAHIRA HAFEZ          	8Q2JKO P  HK 20JAN CAISM0100
[DEBUG] SM2450 10FEB: Match #15: HK 20JAN | Line: 015N 01AMER/NADA AYMAN            	8Q2JKO P  HK 20JAN CAISM0100
[DEBUG] SM2450 10FEB: Match #16: HK 20JAN | Line: 016N 01AMER/SHAZA AYMAN           	8Q2JKO P  HK 20JAN CAISM0100
[DEBUG] SM2450 10FEB: Match #17: HK 20JAN | Line: 017N 01ANWAR/FADIA MOHAM          	8Q2JKO P  HK 20JAN CAISM0100
[DEBUG] SM2450 10FEB: Match #18: HK 20JAN | Line: 018N 01DIAB/FATMA FATHY           	8Q2JKO P  HK 20JAN CAISM0100
[DEBUG] SM2450 10FEB: Match #19: HK 20JAN | Line: 019N 01ELBADRY/HALA HUSS          	8Q2W43 P  HK 20JAN CAISM0100
[DEBUG] SM2450 10FEB: Match #20: HK 20JAN | Line: 020N 01ELBORAEI/DALIA MO          	8Q2JKO P  HK 20JAN CAISM0100
[DEBUG] SM2450 10FEB: Match #21: HK 20JAN | Line: 021N 01ELGAYARA/AHMED EL          	8BLXLI P  HK 20JAN CAISM0100
[DEBUG] SM2450 10FEB: Match #22: HK 20JAN | Line: 022N 01ELGENDI/ELSAYEDA           	8Q2JKO P  HK 20JAN CAISM0100
[DEBUG] SM2450 10FEB: Match #23: HK 20JAN | Line: 023N 01ELSAYED/ALY SALAM          	8Q2W43 P  HK 20JAN CAISM0100
[DEBUG] SM2450 10FEB: Match #24: HK 20JAN | Line: 024N 01ELSAYED/EMAN OSAM          	8Q2W43 P  HK 20JAN CAISM0100
[DEBUG] SM2450 10FEB: Match #25: HK 20JAN | Line: 025N 01ELSAYED/GHADA MAG          	8Q2W43 P  HK 20JAN CAISM0100
[DEBUG] SM2450 10FEB: Match #26: HK 20JAN | Line: 026N 01ELSAYED/MARIAM OS          	8Q2JKO P  HK 20JAN CAISM0100
[DEBUG] SM2450 10FEB: Match #27: HK 20JAN | Line: 027N 01ELSAYED/NOURELHOD          	8Q2JKO P  HK 20JAN CAISM0100
[DEBUG] SM2450 10FEB: Match #28: HK 20JAN | Line: 028N 01ELSHAFEIY/BASSMAL          	8Q2W43 P  HK 20JAN CAISM0100
[DEBUG] SM2450 10FEB: Match #29: HK 20JAN | Line: 029N 01ELSHENAWY/AHMED M          	8Q2JKO P  HK 20JAN CAISM0100
[DEBUG] SM2450 10FEB: Match #30: HK 20JAN | Line: 030N 01ELSHENNAWY/AYA MA          	8Q2JKO P  HK 20JAN CAISM0100
[DEBUG] SM2450 10FEB: Match #31: HK 20JAN | Line: 031N 01ELSHENNAWY/BATAA           	8Q2W43 P  HK 20JAN CAISM0100
[DEBUG] SM2450 10FEB: Match #32: HK 20JAN | Line: 032N 01ELSHERBINY/HANAA           	8Q2JKO P  HK 20JAN CAISM0100
[DEBUG] SM2450 10FEB: Match #33: HK 20JAN | Line: 033N 01FELIFAL/ABDELNABY          	8Q2W43 P  HK 20JAN CAISM0100
[DEBUG] SM2450 10FEB: Match #34: HK 20JAN | Line: 034N 01HABIB/HODA MOHAME          	8Q2JKO P  HK 20JAN CAISM0100
[DEBUG] SM2450 10FEB: Match #35: HK 20JAN | Line: 035N 01HAROUN/FAHIMA SHE          	8Q2JKO P  HK 20JAN CAISM0100
[DEBUG] SM2450 10FEB: Match #36: HK 20JAN | Line: 036N 01HASSABALLAH/AZIZA          	8Q2JKO P  HK 20JAN CAISM0100
[DEBUG] SM2450 10FEB: Match #37: HK 20JAN | Line: 037N 01HASSAN/FATEN ISMA          	8Q2W43 P  HK 20JAN CAISM0100
[DEBUG] SM2450 10FEB: Match #38: HK 20JAN | Line: 038N 01HASSAN/MENNATALLA          	8Q2JKO P  HK 20JAN CAISM0100
[DEBUG] SM2450 10FEB: Match #39: HK 20JAN | Line: 039N 01HASSAN/MONA RABEE          	8Q2JKO P  HK 20JAN CAISM0100
[DEBUG] SM2450 10FEB: Match #40: HK 20JAN | Line: 040N 01HASSOSO/AHMED MOH          	8Q2W43 P  HK 20JAN CAISM0100
[DEBUG] SM2450 10FEB: Match #41: HK 20JAN | Line: 041N 01HUSSEIN/ASMAA HUS          	8Q2W43 P  HK 20JAN CAISM0100
[DEBUG] SM2450 10FEB: Match #42: HK 20JAN | Line: 042N 01HUSSEIN/AZZA MAHM          	8Q2W43 P  HK 20JAN CAISM0100
[DEBUG] SM2450 10FEB: Match #43: HK 20JAN | Line: 043N 01HUSSEIN/NADA GAMA          	8Q2W43 P  HK 20JAN CAISM0100
[DEBUG] SM2450 10FEB: Match #44: HK 20JAN | Line: 044N 01HUSSEIN/SHAIMAA H          	8Q2W43 P  HK 20JAN CAISM0100
[DEBUG] SM2450 10FEB: Match #45: HK 20JAN | Line: 045N 01HUSSIEN/SARAH GAM          	8Q2W43 P  HK 20JAN CAISM0100
[DEBUG] SM2450 10FEB: Match #46: HK 20JAN | Line: 046N 01ISMAIL/MANAL MAHR          	8Q2W43 P  HK 20JAN CAISM0100
[DEBUG] SM2450 10FEB: Match #47: HK 20JAN | Line: 047N 01ISMAIL/MERVAT MAH          	8Q2JKO P  HK 20JAN CAISM0100
[DEBUG] SM2450 10FEB: Match #48: HK 20JAN | Line: 048N 01KENAWI/MESADA THA          	8Q2W43 P  HK 20JAN CAISM0100
[DEBUG] SM2450 10FEB: Match #49: HK 20JAN | Line: 049N 01KENAWY/EMAN THABE          	8Q2W43 P  HK 20JAN CAISM0100
[DEBUG] SM2450 10FEB: Match #50: HK 20JAN | Line: 050N 01KOTA/NARVAN MAHMO          	8Q2JKO P  HK 20JAN CAISM0100
[DEBUG] SM2450 10FEB: Match #51: HK 20JAN | Line: 051N 01MAHRAN/AMIRA AHME          	8Q2W43 P  HK 20JAN CAISM0100
[DEBUG] SM2450 10FEB: Match #52: HK 20JAN | Line: 052N 01MAHRAN/IBRAHIM AH          	8Q2JKO P  HK 20JAN CAISM0100
[DEBUG] SM2450 10FEB: Match #53: HK 20JAN | Line: 053N 01MAHRAN/MOHAMED IB          	8Q2W43 P  HK 20JAN CAISM0100
[DEBUG] SM2450 10FEB: Match #54: HK 20JAN | Line: 054N 01MAHRAN/REWAN IBRA          	8Q2W43 P  HK 20JAN CAISM0100
[DEBUG] SM2450 10FEB: Match #55: HK 20JAN | Line: 055N 01MANSY/AZZA ALY             	8Q2JKO P  HK 20JAN CAISM0100
[DEBUG] SM2450 10FEB: Match #56: HK 20JAN | Line: 056N 01MOHAMED/AHMED MAG          	8Q2W43 P  HK 20JAN CAISM0100
[DEBUG] SM2450 10FEB: Match #57: HK 20JAN | Line: 057N 01MOHAMED/AMIRA MOH          	8Q2JKO P  HK 20JAN CAISM0100
[DEBUG] SM2450 10FEB: Match #58: HK 20JAN | Line: 058N 01MOHAMED/AYMAN MAH          	8Q2W43 P  HK 20JAN CAISM0100
[DEBUG] SM2450 10FEB: Match #59: HK 20JAN | Line: 059N 01MOHAMED/HALA ALSA          	8Q2W43 P  HK 20JAN CAISM0100
[DEBUG] SM2450 10FEB: Match #60: HK 20JAN | Line: 060N 01MOHAMED/MAY MAHER          	8Q2W43 P  HK 20JAN CAISM0100
[DEBUG] SM2450 10FEB: Match #61: HK 20JAN | Line: 061N 01MOHAMED/MYADA ALY          	8Q2JKO P  HK 20JAN CAISM0100
[DEBUG] SM2450 10FEB: Match #62: HK 20JAN | Line: 062N 01MOHAMED/NADIA GAB          	8Q2JKO P  HK 20JAN CAISM0100
[DEBUG] SM2450 10FEB: Match #63: HK 20JAN | Line: 063N 01MOHAMED/NAGLAA RA          	8Q2W43 P  HK 20JAN CAISM0100
[DEBUG] SM2450 10FEB: Match #64: HK 20JAN | Line: 064N 01MOHAMED/SABAH GAB          	8Q2JKO P  HK 20JAN CAISM0100
[DEBUG] SM2450 10FEB: Match #65: HK 20JAN | Line: 065N 01MOHAREM/SOHEIR MO          	8Q2JKO P  HK 20JAN CAISM0100
[DEBUG] SM2450 10FEB: Match #66: HK 20JAN | Line: 066N 01MOURAD/SABRIN ABD          	8Q2W43 P  HK 20JAN CAISM0100
[DEBUG] SM2450 10FEB: Match #67: HK 20JAN | Line: 067N 01MOUSSA/RANIA AHME          	8Q2JKO P  HK 20JAN CAISM0100
[DEBUG] SM2450 10FEB: Match #68: HK 20JAN | Line: 068N 01OMAR/GIHAN MOHAME          	8Q2JKO P  HK 20JAN CAISM0100
[DEBUG] SM2450 10FEB: Match #69: HK 20JAN | Line: 069N 01SAID/AZZA AHMED            	8Q2JKO P  HK 20JAN CAISM0100
[DEBUG] SM2450 10FEB: Match #70: HK 20JAN | Line: 070N 01SAID/HOWAIDA AHME          	8Q2W43 P  HK 20JAN CAISM0100
[DEBUG] SM2450 10FEB: Match #71: HK 20JAN | Line: 071N 01SALEH/ASMAA SAID           	8Q2W43 P  HK 20JAN CAISM0100
[DEBUG] SM2450 10FEB: Match #72: HK 20JAN | Line: 072N 01SALLAM/AMIRA AHME          	8Q2JKO P  HK 20JAN CAISM0100
[DEBUG] SM2450 10FEB: Match #73: HK 20JAN | Line: 073N 01SALLAM/MOHAMED SA          	8Q2JKO P  HK 20JAN CAISM0100
[DEBUG] SM2450 10FEB: Match #74: HK 20JAN | Line: 074N 01SHAABAN/FAWZIA ZA          	8Q2W43 P  HK 20JAN CAISM0100
[DEBUG] SM2450 10FEB: Match #75: HK 20JAN | Line: 075N 01SOLIMAN/AHMED MOH          	8Q2JKO P  HK 20JAN CAISM0100
[DEBUG] SM2450 10FEB: Match #76: HK 20JAN | Line: 076N 01SOLIMAN/HODA MAGE          	8Q2W43 P  HK 20JAN CAISM0100
[DEBUG] SM2450 10FEB: Match #77: HK 20JAN | Line: 077N 01SOLIMAN/MOHAMED M          	8Q2JKO P  HK 20JAN CAISM0100
[DEBUG] SM2450 10FEB: DUPLICATE #9: 075N HK 20JAN | Skipping
[DEBUG] SM2450 10FEB: DUPLICATE #10: 076N HK 20JAN | Skipping
[DEBUG] SM2450 10FEB: DUPLICATE #11: 077N HK 20JAN | Skipping
[DEBUG] SM2450 10FEB: Match #78: HK 20JAN | Line: 078N 01TOLBA/RANIA MOHAM          	8Q2JKO P  HK 20JAN CAISM0100
[DEBUG] SM2450 10FEB: Match #79: HK 20JAN | Line: 079N 01TOLBA/SANIA MOHAM          	8Q2JKO P  HK 20JAN CAISM0100
[DEBUG] SM2450 10FEB: Match #80: HK 20JAN | Line: 080N 01YEHIA/SAPHEYA GAM          	8Q2W43 P  HK 20JAN CAISM0100
[DEBUG] SM2450 10FEB: Match #81: HK 20JAN | Line: 081N 01YOUSSEF/AWATEF SA          	8Q2W43 P  HK 20JAN CAISM0100
[DEBUG] SM2450 10FEB: Match #82: HK 20JAN | Line: 082N 01YOUSSEF/NEHAD MOH          	8Q2JKO P  HK 20JAN CAISM0100
[DEBUG] SM2450 10FEB: Match #83: HK 20JAN | Line: 083N 01ZAID/MOHAMED SABR          	8Q2W43 P  HK 20JAN CAISM0100
[DEBUG] SM2450 10FEB: Match #84: HK 20JAN | Line: 084N 01ZAYED/SABRY ELSAY          	8Q2W43 P  HK 20JAN CAISM0100
[DEBUG] SM2450 10FEB: Match #85: HK 20JAN | Line: 085N 01ZEYDAN/HOWAIDA HA          	8Q2W43 P  HK 20JAN CAISM0100
[LF] SM2450 10FEB: LP/T count complete. True WEEKLY: 85, TODAY: 0, YDAY: 0 | Removed 11 duplicates
[LF] SM2450 10FEB: LP/T result: WEEKLY=85, TODAY=0, YDAY=0
[LF] SM2450 10FEB: LASTSOLD=2026-01-20 00:00:00, WEEKLY=85, TODAY=0, YDAY=0
2026-01-25 07:53:24 | INFO     | [SUCCESS] Day 10FEB
2026-01-25 07:53:24 | INFO     | [DAY_START] Processing 09FEB
[LF] Processing JED-HBE for 09FEB
2026-01-25 07:53:24 | INFO     | [lf.day.start] Processing JED-HBE for 09FEB
[LF] Sending SN command: SN09FEBJEDHBE/ASM
[LF] 09FEB: found 5 direct flights
2026-01-25 07:53:26 | INFO     | [lf.day.flights_found] Found 5 flights on 09FEB
2026-01-25 07:53:28 | INFO     | [lf.flight.extracted] SM952 on 09FEB: BKG=126, LF=75.4%
[LF] SM952 09FEB: BKG=126, GRP=125, CAP=167, LF%=75.4%, Brd-Off=JED-HBE, Classes: P:125, S:1
2026-01-25 07:53:32 | INFO     | [lf.flight.extracted] SM458 on 09FEB: BKG=167, LF=100.0%
[LF] SM458 09FEB: BKG=167, GRP=134, CAP=167, LF%=100.0%, Brd-Off=JED-HBE, Classes: P:134, I:17, O:15, K:1
2026-01-25 07:53:36 | INFO     | [lf.flight.extracted] SM478 on 09FEB: BKG=151, LF=86.3%
[LF] SM478 09FEB: BKG=151, GRP=108, CAP=175, LF%=86.3%, Brd-Off=JED-HBE, Classes: P:108, I:17, O:18, U:1, S:6, K:1
2026-01-25 07:53:39 | INFO     | [lf.flight.extracted] SM452 on 09FEB: BKG=159, LF=90.9%
[LF] SM452 09FEB: BKG=159, GRP=128, CAP=175, LF%=90.9%, Brd-Off=JED-HBE, Classes: P:128, I:17, O:12, X:2
2026-01-25 07:53:43 | INFO     | [lf.flight.extracted] SM958 on 09FEB: BKG=149, LF=89.2%
[LF] SM958 09FEB: BKG=149, GRP=142, CAP=167, LF%=89.2%, Brd-Off=JED-HBE, Classes: P:142, X:4, K:3
[LF] Getting WEEKLY/LASTSOLD data for 5 flights
[LF] SM952 09FEB: LASTSOLD=2026-01-22 00:00:00, WEEKLY=1, TODAY=0, YDAY=0
[LF] SM458 09FEB: LASTSOLD=2026-01-11 00:00:00, WEEKLY=0, TODAY=0, YDAY=0
[LF] SM478 09FEB: LASTSOLD=2026-01-23 00:00:00, WEEKLY=7, TODAY=0, YDAY=0
[LF] SM452 09FEB: LASTSOLD=2026-01-07 00:00:00, WEEKLY=0, TODAY=0, YDAY=0
[LF] SM958 09FEB: LASTSOLD=2026-01-19 00:00:00, WEEKLY=1, TODAY=0, YDAY=0
2026-01-25 07:54:08 | INFO     | [SUCCESS] Day 09FEB
[LF] Results summary:
  2026-02-16: 4 flights
  2026-02-15: 3 flights
  2026-02-14: 4 flights
  2026-02-13: 2 flights
  2026-02-12: 2 flights
  2026-02-11: 4 flights
  2026-02-10: 3 flights
  2026-02-09: 5 flights
[LF] Cancelled flights found: 3
  - SM963 16FEB (SN)
  - SM952 15FEB (SN)
  - SM982 14FEB (SN)
2026-01-25 07:54:08 | INFO     | [SUCCESS] LF Search Complete
[Worker_9222] Cancelled flights collected: 3

============================================================
[Worker_9222] ✓ COMPLETED: JED-HBE
  Results: 8 dates
  Errors: 0 dates
  Total Processed: 65 groups
============================================================

2026-01-25 07:54:08 | INFO     | [Worker_9222] Completed: JED-HBE - 8 results, 0 errors

============================================================
[Worker_9222] Processing: ASW-JED
  Tier 0: Range 1, Chunk 2/4
  Dates: 8 days
  Date Range: 2026-02-16 to 2026-02-09
============================================================

2026-01-25 07:54:08 | INFO     | [Worker_9222] Processing: ASW-JED
2026-01-25 07:54:08 | INFO     |   Tier 0: Range 1, Chunk 2/4 (8 days)
2026-01-25 07:54:08 | INFO     | ======================================================================
2026-01-25 07:54:08 | INFO     | Load Factor Scraper Started - Route: ASW-JED
2026-01-25 07:54:08 | INFO     | Log file: D:\CODERED\LAB\Artifacts\outputs\run_generated_250126_at_07.06\logs\LF_ASW-JED_20260125_075408.log
2026-01-25 07:54:08 | INFO     | Enhanced logging: Capturing both logging.info() and print()
2026-01-25 07:54:08 | INFO     | ======================================================================
[LF] Processing dates (override): ['16FEB', '15FEB', '14FEB', '13FEB', '12FEB', '11FEB', '10FEB', '09FEB']
[LF] Attaching to Chrome for Altea access
2026-01-25 07:54:08 | INFO     | Starting LF search for route: ASW-JED
2026-01-25 07:54:08 | INFO     | [START] LF Search
[LF][[OK] SUCCESS] Connected to Chrome on 127.0.0.1:9222 (after 1 attempts)
2026-01-25 07:54:08 | INFO     | [HEALTH CHECK] [OK] Chrome connection is healthy
[LF][[OK] SUCCESS] Found Amadeus Altea window: Altéa Reservation Desktop
[LF][[INFO] INFO] URL: https://tc212.resdesktop.altea.amadeus.com/app_ard/apf/init/login?SITE=ESMPESMP&LANGUAGE=GB&MARKETS=ARDW_PROD_WBP&ACTION=clpLogin#
2026-01-25 07:54:08 | INFO     | [DAY_START] Processing 16FEB
[LF] Processing ASW-JED for 16FEB
2026-01-25 07:54:08 | INFO     | [lf.day.start] Processing ASW-JED for 16FEB
[LF] Sending SN command: SN16FEBASWJED/ASM
[LF] No direct flights on 16FEB for ASW-JED
2026-01-25 07:54:10 | WARNING  | [lf.day.no_flights] No direct flights on 16FEB
2026-01-25 07:54:10 | INFO     | [SUCCESS] Day 16FEB
2026-01-25 07:54:10 | INFO     | [DAY_START] Processing 15FEB
[LF] Processing ASW-JED for 15FEB
2026-01-25 07:54:10 | INFO     | [lf.day.start] Processing ASW-JED for 15FEB
[LF] Sending SN command: SN15FEBASWJED/ASM
[LF] No direct flights on 15FEB for ASW-JED
2026-01-25 07:54:11 | WARNING  | [lf.day.no_flights] No direct flights on 15FEB
2026-01-25 07:54:11 | INFO     | [SUCCESS] Day 15FEB
2026-01-25 07:54:11 | INFO     | [DAY_START] Processing 14FEB
[LF] Processing ASW-JED for 14FEB
2026-01-25 07:54:11 | INFO     | [lf.day.start] Processing ASW-JED for 14FEB
[LF] Sending SN command: SN14FEBASWJED/ASM
[LF] No direct flights on 14FEB for ASW-JED
2026-01-25 07:54:12 | WARNING  | [lf.day.no_flights] No direct flights on 14FEB
2026-01-25 07:54:12 | INFO     | [SUCCESS] Day 14FEB
2026-01-25 07:54:12 | INFO     | [DAY_START] Processing 13FEB
[LF] Processing ASW-JED for 13FEB
2026-01-25 07:54:12 | INFO     | [lf.day.start] Processing ASW-JED for 13FEB
[LF] Sending SN command: SN13FEBASWJED/ASM
[LF] No direct flights on 13FEB for ASW-JED
2026-01-25 07:54:14 | WARNING  | [lf.day.no_flights] No direct flights on 13FEB
2026-01-25 07:54:14 | INFO     | [SUCCESS] Day 13FEB
2026-01-25 07:54:14 | INFO     | [DAY_START] Processing 12FEB
[LF] Processing ASW-JED for 12FEB
2026-01-25 07:54:14 | INFO     | [lf.day.start] Processing ASW-JED for 12FEB
[LF] Sending SN command: SN12FEBASWJED/ASM
[LF] No direct flights on 12FEB for ASW-JED
2026-01-25 07:54:15 | WARNING  | [lf.day.no_flights] No direct flights on 12FEB
2026-01-25 07:54:15 | INFO     | [SUCCESS] Day 12FEB
2026-01-25 07:54:15 | INFO     | [DAY_START] Processing 11FEB
[LF] Processing ASW-JED for 11FEB
2026-01-25 07:54:15 | INFO     | [lf.day.start] Processing ASW-JED for 11FEB
[LF] Sending SN command: SN11FEBASWJED/ASM
[LF] No direct flights on 11FEB for ASW-JED
2026-01-25 07:54:16 | WARNING  | [lf.day.no_flights] No direct flights on 11FEB
2026-01-25 07:54:16 | INFO     | [SUCCESS] Day 11FEB
2026-01-25 07:54:16 | INFO     | [DAY_START] Processing 10FEB
[LF] Processing ASW-JED for 10FEB
2026-01-25 07:54:16 | INFO     | [lf.day.start] Processing ASW-JED for 10FEB
[LF] Sending SN command: SN10FEBASWJED/ASM
[LF] 10FEB: found 2 direct flights
2026-01-25 07:54:18 | INFO     | [lf.day.flights_found] Found 2 flights on 10FEB
2026-01-25 07:54:20 | INFO     | [lf.flight.extracted] SM983 on 10FEB: BKG=180, LF=100.6%
[LF] SM983 10FEB: BKG=180, GRP=180, CAP=179, LF%=100.6%, Brd-Off=ASW-JED, Classes: P:180
2026-01-25 07:54:23 | INFO     | [lf.flight.extracted] SM985 on 10FEB: BKG=180, LF=100.6%
[LF] SM985 10FEB: BKG=180, GRP=180, CAP=179, LF%=100.6%, Brd-Off=ASW-JED, Classes: P:180
[LF] Getting WEEKLY/LASTSOLD data for 2 flights
[LF] SM983 10FEB: LASTSOLD=2026-01-23 00:00:00, WEEKLY=2, TODAY=0, YDAY=0
[LF] SM985 10FEB: LASTSOLD=2026-01-23 00:00:00, WEEKLY=2, TODAY=0, YDAY=0
2026-01-25 07:54:28 | INFO     | [SUCCESS] Day 10FEB
2026-01-25 07:54:28 | INFO     | [DAY_START] Processing 09FEB
[LF] Processing ASW-JED for 09FEB
2026-01-25 07:54:28 | INFO     | [lf.day.start] Processing ASW-JED for 09FEB
[LF] Sending SN command: SN09FEBASWJED/ASM
[LF] 09FEB: found 2 direct flights
2026-01-25 07:54:29 | INFO     | [lf.day.flights_found] Found 2 flights on 09FEB
2026-01-25 07:54:31 | INFO     | [lf.flight.extracted] SM425 on 09FEB: BKG=180, LF=100.6%
[LF] SM425 09FEB: BKG=180, GRP=180, CAP=179, LF%=100.6%, Brd-Off=ASW-JED, Classes: P:180
2026-01-25 07:54:35 | INFO     | [lf.flight.extracted] SM949 on 09FEB: BKG=180, LF=100.6%
[LF] SM949 09FEB: BKG=180, GRP=180, CAP=179, LF%=100.6%, Brd-Off=ASW-JED, Classes: P:180
[LF] Getting WEEKLY/LASTSOLD data for 2 flights
[LF] SM425 09FEB: LASTSOLD=2026-01-23 00:00:00, WEEKLY=2, TODAY=0, YDAY=0
[LF] SM949 09FEB: LASTSOLD=2026-01-23 00:00:00, WEEKLY=2, TODAY=0, YDAY=0
2026-01-25 07:54:39 | INFO     | [SUCCESS] Day 09FEB
[LF] Results summary:
  2026-02-16: 0 flights
  2026-02-15: 0 flights
  2026-02-14: 0 flights
  2026-02-13: 0 flights
  2026-02-12: 0 flights
  2026-02-11: 0 flights
  2026-02-10: 2 flights
  2026-02-09: 2 flights
2026-01-25 07:54:39 | INFO     | [SUCCESS] LF Search Complete

============================================================
[Worker_9222] ✓ COMPLETED: ASW-JED
  Results: 8 dates
  Errors: 0 dates
  Total Processed: 66 groups
============================================================

2026-01-25 07:54:39 | INFO     | [Worker_9222] Completed: ASW-JED - 8 results, 0 errors

============================================================
[Worker_9222] Processing: CAI-DMM
  Tier 0: Range 1, Chunk 2/4
  Dates: 8 days
  Date Range: 2026-02-16 to 2026-02-09
============================================================

2026-01-25 07:54:39 | INFO     | [Worker_9222] Processing: CAI-DMM
2026-01-25 07:54:39 | INFO     |   Tier 0: Range 1, Chunk 2/4 (8 days)
2026-01-25 07:54:39 | INFO     | ======================================================================
2026-01-25 07:54:39 | INFO     | Load Factor Scraper Started - Route: CAI-DMM
2026-01-25 07:54:39 | INFO     | Log file: D:\CODERED\LAB\Artifacts\outputs\run_generated_250126_at_07.06\logs\LF_CAI-DMM_20260125_075439.log
2026-01-25 07:54:39 | INFO     | Enhanced logging: Capturing both logging.info() and print()
2026-01-25 07:54:39 | INFO     | ======================================================================
[LF] Processing dates (override): ['16FEB', '15FEB', '14FEB', '13FEB', '12FEB', '11FEB', '10FEB', '09FEB']
[LF] Attaching to Chrome for Altea access
2026-01-25 07:54:39 | INFO     | Starting LF search for route: CAI-DMM
2026-01-25 07:54:39 | INFO     | [START] LF Search
[LF][[OK] SUCCESS] Connected to Chrome on 127.0.0.1:9222 (after 1 attempts)
2026-01-25 07:54:40 | INFO     | [HEALTH CHECK] [OK] Chrome connection is healthy
[LF][[OK] SUCCESS] Found Amadeus Altea window: Altéa Reservation Desktop
[LF][[INFO] INFO] URL: https://tc212.resdesktop.altea.amadeus.com/app_ard/apf/init/login?SITE=ESMPESMP&LANGUAGE=GB&MARKETS=ARDW_PROD_WBP&ACTION=clpLogin#
2026-01-25 07:54:40 | INFO     | [DAY_START] Processing 16FEB
[LF] Processing CAI-DMM for 16FEB
2026-01-25 07:54:40 | INFO     | [lf.day.start] Processing CAI-DMM for 16FEB
[LF] Sending SN command: SN16FEBCAIDMM/ASM
[LF] No direct flights on 16FEB for CAI-DMM
2026-01-25 07:54:42 | WARNING  | [lf.day.no_flights] No direct flights on 16FEB
2026-01-25 07:54:42 | INFO     | [SUCCESS] Day 16FEB
2026-01-25 07:54:42 | INFO     | [DAY_START] Processing 15FEB
[LF] Processing CAI-DMM for 15FEB
2026-01-25 07:54:42 | INFO     | [lf.day.start] Processing CAI-DMM for 15FEB
[LF] Sending SN command: SN15FEBCAIDMM/ASM
[LF] No direct flights on 15FEB for CAI-DMM
2026-01-25 07:54:43 | WARNING  | [lf.day.no_flights] No direct flights on 15FEB
2026-01-25 07:54:43 | INFO     | [SUCCESS] Day 15FEB
2026-01-25 07:54:43 | INFO     | [DAY_START] Processing 14FEB
[LF] Processing CAI-DMM for 14FEB
2026-01-25 07:54:43 | INFO     | [lf.day.start] Processing CAI-DMM for 14FEB
[LF] Sending SN command: SN14FEBCAIDMM/ASM
[LF] 14FEB: found 1 direct flights
2026-01-25 07:54:44 | INFO     | [lf.day.flights_found] Found 1 flights on 14FEB
2026-01-25 07:54:47 | INFO     | [lf.flight.extracted] SM433 on 14FEB: BKG=28, LF=15.6%
[LF] SM433 14FEB: BKG=28, GRP=0, CAP=179, LF%=15.6%, Brd-Off=CAI-DMM, Classes: I:10, O:9, U:8, W:1
[LF] Getting WEEKLY/LASTSOLD data for 1 flights
[LF] SM433 14FEB: LASTSOLD=2026-01-23 00:00:00, WEEKLY=5, TODAY=0, YDAY=0
2026-01-25 07:54:50 | INFO     | [SUCCESS] Day 14FEB
2026-01-25 07:54:50 | INFO     | [DAY_START] Processing 13FEB
[LF] Processing CAI-DMM for 13FEB
2026-01-25 07:54:50 | INFO     | [lf.day.start] Processing CAI-DMM for 13FEB
[LF] Sending SN command: SN13FEBCAIDMM/ASM
[LF] 13FEB: found 1 direct flights
2026-01-25 07:54:51 | INFO     | [lf.day.flights_found] Found 1 flights on 13FEB
2026-01-25 07:54:54 | INFO     | [lf.flight.extracted] SM433 on 13FEB: BKG=27, LF=15.1%
[LF] SM433 13FEB: BKG=27, GRP=0, CAP=179, LF%=15.1%, Brd-Off=CAI-DMM, Classes: I:12, O:9, U:2, X:1, W:1, G:2
[LF] Getting WEEKLY/LASTSOLD data for 1 flights
[LF] SM433 13FEB: LASTSOLD=2026-01-24 00:00:00, WEEKLY=14, TODAY=0, YDAY=4
2026-01-25 07:54:57 | INFO     | [SUCCESS] Day 13FEB
2026-01-25 07:54:57 | INFO     | [DAY_START] Processing 12FEB
[LF] Processing CAI-DMM for 12FEB
2026-01-25 07:54:57 | INFO     | [lf.day.start] Processing CAI-DMM for 12FEB
[LF] Sending SN command: SN12FEBCAIDMM/ASM
[LF] 12FEB: found 1 direct flights
2026-01-25 07:54:58 | INFO     | [lf.day.flights_found] Found 1 flights on 12FEB
2026-01-25 07:55:01 | INFO     | [lf.flight.extracted] SM433 on 12FEB: BKG=23, LF=12.8%
[LF] SM433 12FEB: BKG=23, GRP=0, CAP=179, LF%=12.8%, Brd-Off=CAI-DMM, Classes: I:10, O:11, U:1, S:1
[LF] Getting WEEKLY/LASTSOLD data for 1 flights
[LF] SM433 12FEB: LASTSOLD=2026-01-25 00:00:00, WEEKLY=9, TODAY=2, YDAY=0
2026-01-25 07:55:04 | INFO     | [SUCCESS] Day 12FEB
2026-01-25 07:55:04 | INFO     | [DAY_START] Processing 11FEB
[LF] Processing CAI-DMM for 11FEB
2026-01-25 07:55:04 | INFO     | [lf.day.start] Processing CAI-DMM for 11FEB
[LF] Sending SN command: SN11FEBCAIDMM/ASM
[LF] No direct flights on 11FEB for CAI-DMM
2026-01-25 07:55:05 | WARNING  | [lf.day.no_flights] No direct flights on 11FEB
2026-01-25 07:55:05 | INFO     | [SUCCESS] Day 11FEB
2026-01-25 07:55:05 | INFO     | [DAY_START] Processing 10FEB
[LF] Processing CAI-DMM for 10FEB
2026-01-25 07:55:05 | INFO     | [lf.day.start] Processing CAI-DMM for 10FEB
[LF] Sending SN command: SN10FEBCAIDMM/ASM
[LF] 10FEB: found 1 direct flights
2026-01-25 07:55:07 | INFO     | [lf.day.flights_found] Found 1 flights on 10FEB
2026-01-25 07:55:09 | INFO     | [lf.flight.extracted] SM433 on 10FEB: BKG=25, LF=14.0%
[LF] SM433 10FEB: BKG=25, GRP=0, CAP=179, LF%=14.0%, Brd-Off=CAI-DMM, Classes: I:5, O:2, U:14, W:2, S:1, G:1
[LF] Getting WEEKLY/LASTSOLD data for 1 flights
[LF] SM433 10FEB: LASTSOLD=2026-01-23 00:00:00, WEEKLY=7, TODAY=0, YDAY=0
2026-01-25 07:55:13 | INFO     | [SUCCESS] Day 10FEB
2026-01-25 07:55:13 | INFO     | [DAY_START] Processing 09FEB
[LF] Processing CAI-DMM for 09FEB
2026-01-25 07:55:13 | INFO     | [lf.day.start] Processing CAI-DMM for 09FEB
[LF] Sending SN command: SN09FEBCAIDMM/ASM
[LF] No direct flights on 09FEB for CAI-DMM
2026-01-25 07:55:14 | WARNING  | [lf.day.no_flights] No direct flights on 09FEB
2026-01-25 07:55:14 | INFO     | [SUCCESS] Day 09FEB
[LF] Results summary:
  2026-02-16: 0 flights
  2026-02-15: 0 flights
  2026-02-14: 1 flights
  2026-02-13: 1 flights
  2026-02-12: 1 flights
  2026-02-11: 0 flights
  2026-02-10: 1 flights
  2026-02-09: 0 flights
2026-01-25 07:55:14 | INFO     | [SUCCESS] LF Search Complete

============================================================
[Worker_9222] ✓ COMPLETED: CAI-DMM
  Results: 8 dates
  Errors: 0 dates
  Total Processed: 67 groups
============================================================

2026-01-25 07:55:24 | INFO     | [Worker_9222] Completed: CAI-DMM - 8 results, 0 errors

============================================================
[Worker_9222] Processing: CAI-AHB
  Tier 0: Range 1, Chunk 2/4
  Dates: 8 days
  Date Range: 2026-02-16 to 2026-02-09
============================================================

2026-01-25 07:55:24 | INFO     | [Worker_9222] Processing: CAI-AHB
2026-01-25 07:55:24 | INFO     |   Tier 0: Range 1, Chunk 2/4 (8 days)
2026-01-25 07:55:24 | INFO     | ======================================================================
2026-01-25 07:55:24 | INFO     | Load Factor Scraper Started - Route: CAI-AHB
2026-01-25 07:55:24 | INFO     | Log file: D:\CODERED\LAB\Artifacts\outputs\run_generated_250126_at_07.06\logs\LF_CAI-AHB_20260125_075524.log
2026-01-25 07:55:24 | INFO     | Enhanced logging: Capturing both logging.info() and print()
2026-01-25 07:55:24 | INFO     | ======================================================================
[LF] Processing dates (override): ['16FEB', '15FEB', '14FEB', '13FEB', '12FEB', '11FEB', '10FEB', '09FEB']
[LF] Attaching to Chrome for Altea access
2026-01-25 07:55:24 | INFO     | Starting LF search for route: CAI-AHB
2026-01-25 07:55:24 | INFO     | [START] LF Search
[LF][[OK] SUCCESS] Connected to Chrome on 127.0.0.1:9222 (after 1 attempts)
2026-01-25 07:55:25 | INFO     | [HEALTH CHECK] [OK] Chrome connection is healthy
[LF][[OK] SUCCESS] Found Amadeus Altea window: Altéa Reservation Desktop
[LF][[INFO] INFO] URL: https://tc212.resdesktop.altea.amadeus.com/app_ard/apf/init/login?SITE=ESMPESMP&LANGUAGE=GB&MARKETS=ARDW_PROD_WBP&ACTION=clpLogin#
2026-01-25 07:55:25 | INFO     | [DAY_START] Processing 16FEB
[LF] Processing CAI-AHB for 16FEB
2026-01-25 07:55:25 | INFO     | [lf.day.start] Processing CAI-AHB for 16FEB
[LF] Sending SN command: SN16FEBCAIAHB/ASM
[LF] No direct flights on 16FEB for CAI-AHB
2026-01-25 07:55:27 | WARNING  | [lf.day.no_flights] No direct flights on 16FEB
2026-01-25 07:55:27 | INFO     | [SUCCESS] Day 16FEB
2026-01-25 07:55:27 | INFO     | [DAY_START] Processing 15FEB
[LF] Processing CAI-AHB for 15FEB
2026-01-25 07:55:27 | INFO     | [lf.day.start] Processing CAI-AHB for 15FEB
[LF] Sending SN command: SN15FEBCAIAHB/ASM
[LF] No direct flights on 15FEB for CAI-AHB
2026-01-25 07:55:28 | WARNING  | [lf.day.no_flights] No direct flights on 15FEB
2026-01-25 07:55:28 | INFO     | [SUCCESS] Day 15FEB
2026-01-25 07:55:28 | INFO     | [DAY_START] Processing 14FEB
[LF] Processing CAI-AHB for 14FEB
2026-01-25 07:55:28 | INFO     | [lf.day.start] Processing CAI-AHB for 14FEB
[LF] Sending SN command: SN14FEBCAIAHB/ASM
[LF] 14FEB: found 1 direct flights
2026-01-25 07:55:29 | INFO     | [lf.day.flights_found] Found 1 flights on 14FEB
2026-01-25 07:55:31 | INFO     | [lf.flight.extracted] SM443 on 14FEB: BKG=26, LF=14.8%
[LF] SM443 14FEB: BKG=26, GRP=0, CAP=176, LF%=14.8%, Brd-Off=CAI-AHB, Classes: W:5, S:7, G:11, K:3
[LF] Getting WEEKLY/LASTSOLD data for 1 flights
[LF] SM443 14FEB: LASTSOLD=2026-01-24 00:00:00, WEEKLY=9, TODAY=0, YDAY=1
2026-01-25 07:55:35 | INFO     | [SUCCESS] Day 14FEB
2026-01-25 07:55:35 | INFO     | [DAY_START] Processing 13FEB
[LF] Processing CAI-AHB for 13FEB
2026-01-25 07:55:35 | INFO     | [lf.day.start] Processing CAI-AHB for 13FEB
[LF] Sending SN command: SN13FEBCAIAHB/ASM
[LF] No direct flights on 13FEB for CAI-AHB
2026-01-25 07:55:36 | WARNING  | [lf.day.no_flights] No direct flights on 13FEB
2026-01-25 07:55:36 | INFO     | [SUCCESS] Day 13FEB
2026-01-25 07:55:36 | INFO     | [DAY_START] Processing 12FEB
[LF] Processing CAI-AHB for 12FEB
2026-01-25 07:55:36 | INFO     | [lf.day.start] Processing CAI-AHB for 12FEB
[LF] Sending SN command: SN12FEBCAIAHB/ASM
[LF] 12FEB: found 1 direct flights
2026-01-25 07:55:38 | INFO     | [lf.day.flights_found] Found 1 flights on 12FEB
2026-01-25 07:55:40 | INFO     | [lf.flight.extracted] SM443 on 12FEB: BKG=24, LF=13.4%
[LF] SM443 12FEB: BKG=24, GRP=0, CAP=179, LF%=13.4%, Brd-Off=CAI-AHB, Classes: X:1, W:5, S:9, G:4, L:5
[LF] Getting WEEKLY/LASTSOLD data for 1 flights
[LF] SM443 12FEB: LASTSOLD=2026-01-22 00:00:00, WEEKLY=4, TODAY=0, YDAY=0
2026-01-25 07:55:45 | INFO     | [SUCCESS] Day 12FEB
2026-01-25 07:55:45 | INFO     | [DAY_START] Processing 11FEB
[LF] Processing CAI-AHB for 11FEB
2026-01-25 07:55:45 | INFO     | [lf.day.start] Processing CAI-AHB for 11FEB
[LF] Sending SN command: SN11FEBCAIAHB/ASM
[LF] 11FEB: found 1 direct flights
2026-01-25 07:55:46 | INFO     | [lf.day.flights_found] Found 1 flights on 11FEB
2026-01-25 07:55:49 | INFO     | [lf.flight.extracted] SM447 on 11FEB: BKG=12, LF=6.8%
[LF] SM447 11FEB: BKG=12, GRP=0, CAP=176, LF%=6.8%, Brd-Off=CAI-AHB, Classes: X:1, W:7, S:2, G:2
[LF] Getting WEEKLY/LASTSOLD data for 1 flights
[LF] SM447 11FEB: LASTSOLD=2026-01-23 00:00:00, WEEKLY=5, TODAY=0, YDAY=0
2026-01-25 07:55:55 | INFO     | [SUCCESS] Day 11FEB
2026-01-25 07:55:55 | INFO     | [DAY_START] Processing 10FEB
[LF] Processing CAI-AHB for 10FEB
2026-01-25 07:55:55 | INFO     | [lf.day.start] Processing CAI-AHB for 10FEB
[LF] Sending SN command: SN10FEBCAIAHB/ASM
[LF] No direct flights on 10FEB for CAI-AHB
2026-01-25 07:55:57 | WARNING  | [lf.day.no_flights] No direct flights on 10FEB
2026-01-25 07:55:57 | INFO     | [SUCCESS] Day 10FEB
2026-01-25 07:55:57 | INFO     | [DAY_START] Processing 09FEB
[LF] Processing CAI-AHB for 09FEB
2026-01-25 07:55:57 | INFO     | [lf.day.start] Processing CAI-AHB for 09FEB
[LF] Sending SN command: SN09FEBCAIAHB/ASM
[LF] No direct flights on 09FEB for CAI-AHB
2026-01-25 07:55:58 | WARNING  | [lf.day.no_flights] No direct flights on 09FEB
2026-01-25 07:55:58 | INFO     | [SUCCESS] Day 09FEB
[LF] Results summary:
  2026-02-16: 0 flights
  2026-02-15: 0 flights
  2026-02-14: 1 flights
  2026-02-13: 0 flights
  2026-02-12: 1 flights
  2026-02-11: 1 flights
  2026-02-10: 0 flights
  2026-02-09: 0 flights
2026-01-25 07:55:58 | INFO     | [SUCCESS] LF Search Complete

============================================================
[Worker_9222] ✓ COMPLETED: CAI-AHB
  Results: 8 dates
  Errors: 0 dates
  Total Processed: 68 groups
============================================================

2026-01-25 07:55:58 | INFO     | [Worker_9222] Completed: CAI-AHB - 8 results, 0 errors

============================================================
[Worker_9222] Processing: MED-CAI
  Tier 0: Range 1, Chunk 3/4
  Dates: 8 days
  Date Range: 2026-02-08 to 2026-02-01
============================================================

2026-01-25 07:55:59 | INFO     | [Worker_9222] Processing: MED-CAI
2026-01-25 07:55:59 | INFO     |   Tier 0: Range 1, Chunk 3/4 (8 days)
2026-01-25 07:55:59 | INFO     | ======================================================================
2026-01-25 07:55:59 | INFO     | Load Factor Scraper Started - Route: MED-CAI
2026-01-25 07:55:59 | INFO     | Log file: D:\CODERED\LAB\Artifacts\outputs\run_generated_250126_at_07.06\logs\LF_MED-CAI_20260125_075559.log
2026-01-25 07:55:59 | INFO     | Enhanced logging: Capturing both logging.info() and print()
2026-01-25 07:55:59 | INFO     | ======================================================================
[LF] Processing dates (override): ['08FEB', '07FEB', '06FEB', '05FEB', '04FEB', '03FEB', '02FEB', '01FEB']
[LF] Attaching to Chrome for Altea access
2026-01-25 07:55:59 | INFO     | Starting LF search for route: MED-CAI
2026-01-25 07:55:59 | INFO     | [START] LF Search
[LF][[OK] SUCCESS] Connected to Chrome on 127.0.0.1:9222 (after 1 attempts)
2026-01-25 07:56:00 | INFO     | [HEALTH CHECK] [OK] Chrome connection is healthy
[LF][[OK] SUCCESS] Found Amadeus Altea window: Altéa Reservation Desktop
[LF][[INFO] INFO] URL: https://tc212.resdesktop.altea.amadeus.com/app_ard/apf/init/login?SITE=ESMPESMP&LANGUAGE=GB&MARKETS=ARDW_PROD_WBP&ACTION=clpLogin#
2026-01-25 07:56:00 | INFO     | [DAY_START] Processing 08FEB
[LF] Processing MED-CAI for 08FEB
2026-01-25 07:56:00 | INFO     | [lf.day.start] Processing MED-CAI for 08FEB
[LF] Sending SN command: SN08FEBMEDCAI/ASM
[LF] 08FEB: found 1 direct flights
2026-01-25 07:56:02 | INFO     | [lf.day.flights_found] Found 1 flights on 08FEB
2026-01-25 07:56:04 | INFO     | [lf.flight.extracted] SM494 on 08FEB: BKG=174, LF=104.2%
[LF] SM494 08FEB: BKG=174, GRP=130, CAP=167, LF%=104.2%, Brd-Off=MED-CAI, Classes: P:130, I:14, O:17, U:9, X:4
[LF] Getting WEEKLY/LASTSOLD data for 1 flights
[LF] SM494 08FEB: LASTSOLD=2026-01-12 00:00:00, WEEKLY=0, TODAY=0, YDAY=0
2026-01-25 07:56:12 | INFO     | [SUCCESS] Day 08FEB
2026-01-25 07:56:12 | INFO     | [DAY_START] Processing 07FEB
[LF] Processing MED-CAI for 07FEB
2026-01-25 07:56:12 | INFO     | [lf.day.start] Processing MED-CAI for 07FEB
[LF] Sending SN command: SN07FEBMEDCAI/ASM
[LF] 07FEB: found 1 direct flights
2026-01-25 07:56:13 | INFO     | [lf.day.flights_found] Found 1 flights on 07FEB
2026-01-25 07:56:16 | INFO     | [lf.flight.extracted] SM494 on 07FEB: BKG=171, LF=97.7%
[LF] SM494 07FEB: BKG=171, GRP=121, CAP=175, LF%=97.7%, Brd-Off=MED-CAI, Classes: P:121, I:1, O:17, U:9, X:6, G:16, K:1
[LF] Getting WEEKLY/LASTSOLD data for 1 flights
[LF] SM494 07FEB: LASTSOLD=2026-01-24 00:00:00, WEEKLY=17, TODAY=0, YDAY=7
2026-01-25 07:56:22 | INFO     | [SUCCESS] Day 07FEB
2026-01-25 07:56:22 | INFO     | [DAY_START] Processing 06FEB
[LF] Processing MED-CAI for 06FEB
2026-01-25 07:56:22 | INFO     | [lf.day.start] Processing MED-CAI for 06FEB
[LF] Sending SN command: SN06FEBMEDCAI/ASM
[LF] No direct flights on 06FEB for MED-CAI
2026-01-25 07:56:23 | WARNING  | [lf.day.no_flights] No direct flights on 06FEB
2026-01-25 07:56:23 | INFO     | [SUCCESS] Day 06FEB
2026-01-25 07:56:23 | INFO     | [DAY_START] Processing 05FEB
[LF] Processing MED-CAI for 05FEB
2026-01-25 07:56:23 | INFO     | [lf.day.start] Processing MED-CAI for 05FEB
[LF] Sending SN command: SN05FEBMEDCAI/ASM
[LF] 05FEB: found 1 direct flights
2026-01-25 07:56:24 | INFO     | [lf.day.flights_found] Found 1 flights on 05FEB
2026-01-25 07:56:26 | INFO     | [lf.flight.extracted] SM494 on 05FEB: BKG=178, LF=100.0%
[LF] SM494 05FEB: BKG=178, GRP=116, CAP=178, LF%=100.0%, Brd-Off=MED-CAI, Classes: N:3, P:116, I:2, O:19, U:7, X:8, T:7, W:7, G:9
[LF] Getting WEEKLY/LASTSOLD data for 1 flights
[LF] SM494 05FEB: LASTSOLD=2026-01-23 00:00:00, WEEKLY=6, TODAY=0, YDAY=0
2026-01-25 07:56:32 | INFO     | [SUCCESS] Day 05FEB
2026-01-25 07:56:32 | INFO     | [DAY_START] Processing 04FEB
[LF] Processing MED-CAI for 04FEB
2026-01-25 07:56:32 | INFO     | [lf.day.start] Processing MED-CAI for 04FEB
[LF] Sending SN command: SN04FEBMEDCAI/ASM
[LF] No direct flights on 04FEB for MED-CAI
2026-01-25 07:56:33 | WARNING  | [lf.day.no_flights] No direct flights on 04FEB
2026-01-25 07:56:33 | INFO     | [SUCCESS] Day 04FEB
2026-01-25 07:56:33 | INFO     | [DAY_START] Processing 03FEB
[LF] Processing MED-CAI for 03FEB
2026-01-25 07:56:33 | INFO     | [lf.day.start] Processing MED-CAI for 03FEB
[LF] Sending SN command: SN03FEBMEDCAI/ASM
[LF] 03FEB: found 2 direct flights
2026-01-25 07:56:34 | INFO     | [lf.day.flights_found] Found 2 flights on 03FEB
2026-01-25 07:56:36 | INFO     | [lf.flight.extracted] SM496 on 03FEB: BKG=175, LF=100.0%
[LF] SM496 03FEB: BKG=175, GRP=126, CAP=175, LF%=100.0%, Brd-Off=MED-CAI, Classes: P:102, E:24, O:11, U:17, X:11, T:7, W:3
[LPC] SM496 03FEB: Found 1 outbound flights with connecting passengers
2026-01-25 07:56:42 | INFO     | [lf.flight.extracted] SM494 on 03FEB: BKG=178, LF=100.0%
[LF] SM494 03FEB: BKG=178, GRP=135, CAP=178, LF%=100.0%, Brd-Off=MED-CAI, Classes: P:95, E:40, I:2, O:17, U:9, X:5, W:10
[LF] Getting WEEKLY/LASTSOLD data for 2 flights
[LF] SM496 03FEB: LASTSOLD=2026-01-22 00:00:00, WEEKLY=29, TODAY=0, YDAY=0
[LF] SM494 03FEB: LASTSOLD=2026-01-24 00:00:00, WEEKLY=10, TODAY=0, YDAY=2
2026-01-25 07:56:52 | INFO     | [SUCCESS] Day 03FEB
2026-01-25 07:56:52 | INFO     | [DAY_START] Processing 02FEB
[LF] Processing MED-CAI for 02FEB
2026-01-25 07:56:52 | INFO     | [lf.day.start] Processing MED-CAI for 02FEB
[LF] Sending SN command: SN02FEBMEDCAI/ASM
[LF] No direct flights on 02FEB for MED-CAI
2026-01-25 07:56:53 | WARNING  | [lf.day.no_flights] No direct flights on 02FEB
2026-01-25 07:56:53 | INFO     | [SUCCESS] Day 02FEB
2026-01-25 07:56:53 | INFO     | [DAY_START] Processing 01FEB
[LF] Processing MED-CAI for 01FEB
2026-01-25 07:56:53 | INFO     | [lf.day.start] Processing MED-CAI for 01FEB
[LF] Sending SN command: SN01FEBMEDCAI/ASM
[LF] 01FEB: found 1 direct flights
2026-01-25 07:56:55 | INFO     | [lf.day.flights_found] Found 1 flights on 01FEB
2026-01-25 07:56:56 | INFO     | [lf.flight.extracted] SM494 on 01FEB: BKG=164, LF=93.7%
[LF] SM494 01FEB: BKG=164, GRP=44, CAP=175, LF%=93.7%, Brd-Off=MED-CAI, Classes: P:44, I:17, O:17, U:17, X:17, T:16, W:17, S:9, K:10
[LF] Getting WEEKLY/LASTSOLD data for 1 flights
[LF] SM494 01FEB: LASTSOLD=2026-01-24 00:00:00, WEEKLY=24, TODAY=0, YDAY=1
2026-01-25 07:57:03 | INFO     | [SUCCESS] Day 01FEB
[LF] Results summary:
  2026-02-08: 1 flights
  2026-02-07: 1 flights
  2026-02-06: 0 flights
  2026-02-05: 1 flights
  2026-02-04: 0 flights
  2026-02-03: 2 flights
  2026-02-02: 0 flights
  2026-02-01: 1 flights
2026-01-25 07:57:03 | INFO     | [SUCCESS] LF Search Complete

============================================================
[Worker_9222] ✓ COMPLETED: MED-CAI
  Results: 8 dates
  Errors: 0 dates
  Total Processed: 69 groups
============================================================

2026-01-25 07:57:03 | INFO     | [Worker_9222] Completed: MED-CAI - 8 results, 0 errors

============================================================
[Worker_9222] Processing: DMM-CAI
  Tier 0: Range 1, Chunk 3/4
  Dates: 8 days
  Date Range: 2026-02-08 to 2026-02-01
============================================================

2026-01-25 07:57:03 | INFO     | [Worker_9222] Processing: DMM-CAI
2026-01-25 07:57:03 | INFO     |   Tier 0: Range 1, Chunk 3/4 (8 days)
2026-01-25 07:57:03 | INFO     | ======================================================================
2026-01-25 07:57:03 | INFO     | Load Factor Scraper Started - Route: DMM-CAI
2026-01-25 07:57:03 | INFO     | Log file: D:\CODERED\LAB\Artifacts\outputs\run_generated_250126_at_07.06\logs\LF_DMM-CAI_20260125_075703.log
2026-01-25 07:57:03 | INFO     | Enhanced logging: Capturing both logging.info() and print()
2026-01-25 07:57:03 | INFO     | ======================================================================
[LF] Processing dates (override): ['08FEB', '07FEB', '06FEB', '05FEB', '04FEB', '03FEB', '02FEB', '01FEB']
[LF] Attaching to Chrome for Altea access
2026-01-25 07:57:03 | INFO     | Starting LF search for route: DMM-CAI
2026-01-25 07:57:03 | INFO     | [START] LF Search
[LF][[OK] SUCCESS] Connected to Chrome on 127.0.0.1:9222 (after 1 attempts)
2026-01-25 07:57:04 | INFO     | [HEALTH CHECK] [OK] Chrome connection is healthy
[LF][[OK] SUCCESS] Found Amadeus Altea window: Altéa Reservation Desktop
[LF][[INFO] INFO] URL: https://tc212.resdesktop.altea.amadeus.com/app_ard/apf/init/login?SITE=ESMPESMP&LANGUAGE=GB&MARKETS=ARDW_PROD_WBP&ACTION=clpLogin#
2026-01-25 07:57:04 | INFO     | [DAY_START] Processing 08FEB
[LF] Processing DMM-CAI for 08FEB
2026-01-25 07:57:04 | INFO     | [lf.day.start] Processing DMM-CAI for 08FEB
[LF] Sending SN command: SN08FEBDMMCAI/ASM
[LF] No direct flights on 08FEB for DMM-CAI
2026-01-25 07:57:07 | WARNING  | [lf.day.no_flights] No direct flights on 08FEB
2026-01-25 07:57:07 | INFO     | [SUCCESS] Day 08FEB
2026-01-25 07:57:07 | INFO     | [DAY_START] Processing 07FEB
[LF] Processing DMM-CAI for 07FEB
2026-01-25 07:57:07 | INFO     | [lf.day.start] Processing DMM-CAI for 07FEB
[LF] Sending SN command: SN07FEBDMMCAI/ASM
[LF] 07FEB: found 1 direct flights
2026-01-25 07:57:08 | INFO     | [lf.day.flights_found] Found 1 flights on 07FEB
2026-01-25 07:57:11 | INFO     | [lf.flight.extracted] SM434 on 07FEB: BKG=41, LF=24.6%
[LF] SM434 07FEB: BKG=41, GRP=0, CAP=167, LF%=24.6%, Brd-Off=DMM-CAI, Classes: U:20, X:2, W:4, S:5, G:9, K:1
[LF] Getting WEEKLY/LASTSOLD data for 1 flights
[LF] SM434 07FEB: LASTSOLD=2026-01-24 00:00:00, WEEKLY=22, TODAY=0, YDAY=5
2026-01-25 07:57:16 | INFO     | [SUCCESS] Day 07FEB
2026-01-25 07:57:16 | INFO     | [DAY_START] Processing 06FEB
[LF] Processing DMM-CAI for 06FEB
2026-01-25 07:57:16 | INFO     | [lf.day.start] Processing DMM-CAI for 06FEB
[LF] Sending SN command: SN06FEBDMMCAI/ASM
[LF] 06FEB: found 1 direct flights
2026-01-25 07:57:17 | INFO     | [lf.day.flights_found] Found 1 flights on 06FEB
2026-01-25 07:57:19 | INFO     | [lf.flight.extracted] SM434 on 06FEB: BKG=50, LF=28.6%
[LF] SM434 06FEB: BKG=50, GRP=0, CAP=175, LF%=28.6%, Brd-Off=DMM-CAI, Classes: U:7, X:3, T:1, W:18, S:5, G:11, L:5
[LPC] SM434 06FEB: Found 2 outbound flights with connecting passengers
[LF] Getting WEEKLY/LASTSOLD data for 1 flights
[LF] SM434 06FEB: LASTSOLD=2026-01-24 00:00:00, WEEKLY=8, TODAY=0, YDAY=2
2026-01-25 07:57:25 | INFO     | [SUCCESS] Day 06FEB
2026-01-25 07:57:25 | INFO     | [DAY_START] Processing 05FEB
[LF] Processing DMM-CAI for 05FEB
2026-01-25 07:57:25 | INFO     | [lf.day.start] Processing DMM-CAI for 05FEB
[LF] Sending SN command: SN05FEBDMMCAI/ASM
[LF] 05FEB: found 1 direct flights
2026-01-25 07:57:26 | INFO     | [lf.day.flights_found] Found 1 flights on 05FEB
2026-01-25 07:57:28 | INFO     | [lf.flight.extracted] SM434 on 05FEB: BKG=44, LF=25.1%
[LF] SM434 05FEB: BKG=44, GRP=0, CAP=175, LF%=25.1%, Brd-Off=DMM-CAI, Classes: O:10, U:20, X:10, W:1, G:3
[LF] Getting WEEKLY/LASTSOLD data for 1 flights
[LF] SM434 05FEB: LASTSOLD=2026-01-24 00:00:00, WEEKLY=24, TODAY=0, YDAY=2
2026-01-25 07:57:32 | INFO     | [SUCCESS] Day 05FEB
2026-01-25 07:57:32 | INFO     | [DAY_START] Processing 04FEB
[LF] Processing DMM-CAI for 04FEB
2026-01-25 07:57:32 | INFO     | [lf.day.start] Processing DMM-CAI for 04FEB
[LF] Sending SN command: SN04FEBDMMCAI/ASM
[LF] No direct flights on 04FEB for DMM-CAI
2026-01-25 07:57:33 | WARNING  | [lf.day.no_flights] No direct flights on 04FEB
2026-01-25 07:57:33 | INFO     | [SUCCESS] Day 04FEB
2026-01-25 07:57:33 | INFO     | [DAY_START] Processing 03FEB
[LF] Processing DMM-CAI for 03FEB
2026-01-25 07:57:33 | INFO     | [lf.day.start] Processing DMM-CAI for 03FEB
[LF] Sending SN command: SN03FEBDMMCAI/ASM
[LF] 03FEB: found 1 direct flights
2026-01-25 07:57:34 | INFO     | [lf.day.flights_found] Found 1 flights on 03FEB
2026-01-25 07:57:36 | INFO     | [lf.flight.extracted] SM434 on 03FEB: BKG=14, LF=8.0%
[LF] SM434 03FEB: BKG=14, GRP=0, CAP=175, LF%=8.0%, Brd-Off=DMM-CAI, Classes: U:1, X:1, W:2, G:10
[LF] Getting WEEKLY/LASTSOLD data for 1 flights
[LF] SM434 03FEB: LASTSOLD=2026-01-24 00:00:00, WEEKLY=2, TODAY=0, YDAY=1
2026-01-25 07:57:39 | INFO     | [SUCCESS] Day 03FEB
2026-01-25 07:57:39 | INFO     | [DAY_START] Processing 02FEB
[LF] Processing DMM-CAI for 02FEB
2026-01-25 07:57:39 | INFO     | [lf.day.start] Processing DMM-CAI for 02FEB
[LF] Sending SN command: SN02FEBDMMCAI/ASM
[LF] No direct flights on 02FEB for DMM-CAI
2026-01-25 07:57:40 | WARNING  | [lf.day.no_flights] No direct flights on 02FEB
2026-01-25 07:57:40 | INFO     | [SUCCESS] Day 02FEB
2026-01-25 07:57:40 | INFO     | [DAY_START] Processing 01FEB
[LF] Processing DMM-CAI for 01FEB
2026-01-25 07:57:40 | INFO     | [lf.day.start] Processing DMM-CAI for 01FEB
[LF] Sending SN command: SN01FEBDMMCAI/ASM
[LF] No direct flights on 01FEB for DMM-CAI
2026-01-25 07:57:41 | WARNING  | [lf.day.no_flights] No direct flights on 01FEB
2026-01-25 07:57:41 | INFO     | [SUCCESS] Day 01FEB
[LF] Results summary:
  2026-02-08: 0 flights
  2026-02-07: 1 flights
  2026-02-06: 1 flights
  2026-02-05: 1 flights
  2026-02-04: 0 flights
  2026-02-03: 1 flights
  2026-02-02: 0 flights
  2026-02-01: 0 flights
2026-01-25 07:57:41 | INFO     | [SUCCESS] LF Search Complete

============================================================
[Worker_9222] ✓ COMPLETED: DMM-CAI
  Results: 8 dates
  Errors: 0 dates
  Total Processed: 70 groups
============================================================

2026-01-25 07:57:41 | INFO     | [Worker_9222] Completed: DMM-CAI - 8 results, 0 errors

============================================================
[Worker_9222] Processing: TUU-ATZ
  Tier 0: Range 1, Chunk 3/4
  Dates: 8 days
  Date Range: 2026-02-08 to 2026-02-01
============================================================

2026-01-25 07:57:41 | INFO     | [Worker_9222] Processing: TUU-ATZ
2026-01-25 07:57:41 | INFO     |   Tier 0: Range 1, Chunk 3/4 (8 days)
2026-01-25 07:57:41 | INFO     | ======================================================================
2026-01-25 07:57:41 | INFO     | Load Factor Scraper Started - Route: TUU-ATZ
2026-01-25 07:57:41 | INFO     | Log file: D:\CODERED\LAB\Artifacts\outputs\run_generated_250126_at_07.06\logs\LF_TUU-ATZ_20260125_075741.log
2026-01-25 07:57:41 | INFO     | Enhanced logging: Capturing both logging.info() and print()
2026-01-25 07:57:41 | INFO     | ======================================================================
[LF] Processing dates (override): ['08FEB', '07FEB', '06FEB', '05FEB', '04FEB', '03FEB', '02FEB', '01FEB']
[LF] Attaching to Chrome for Altea access
2026-01-25 07:57:41 | INFO     | Starting LF search for route: TUU-ATZ
2026-01-25 07:57:41 | INFO     | [START] LF Search
[LF][[OK] SUCCESS] Connected to Chrome on 127.0.0.1:9222 (after 1 attempts)
2026-01-25 07:57:42 | INFO     | [HEALTH CHECK] [OK] Chrome connection is healthy
[LF][[OK] SUCCESS] Found Amadeus Altea window: Altéa Reservation Desktop
[LF][[INFO] INFO] URL: https://tc212.resdesktop.altea.amadeus.com/app_ard/apf/init/login?SITE=ESMPESMP&LANGUAGE=GB&MARKETS=ARDW_PROD_WBP&ACTION=clpLogin#
2026-01-25 07:57:42 | INFO     | [DAY_START] Processing 08FEB
[LF] Processing TUU-ATZ for 08FEB
2026-01-25 07:57:42 | INFO     | [lf.day.start] Processing TUU-ATZ for 08FEB
[LF] Sending SN command: SN08FEBTUUATZ/ASM
[LF] No direct flights on 08FEB for TUU-ATZ
2026-01-25 07:57:43 | WARNING  | [lf.day.no_flights] No direct flights on 08FEB
2026-01-25 07:57:43 | INFO     | [SUCCESS] Day 08FEB
2026-01-25 07:57:43 | INFO     | [DAY_START] Processing 07FEB
[LF] Processing TUU-ATZ for 07FEB
2026-01-25 07:57:43 | INFO     | [lf.day.start] Processing TUU-ATZ for 07FEB
[LF] Sending SN command: SN07FEBTUUATZ/ASM
[LF] No direct flights on 07FEB for TUU-ATZ
2026-01-25 07:57:45 | WARNING  | [lf.day.no_flights] No direct flights on 07FEB
2026-01-25 07:57:45 | INFO     | [SUCCESS] Day 07FEB
2026-01-25 07:57:45 | INFO     | [DAY_START] Processing 06FEB
[LF] Processing TUU-ATZ for 06FEB
2026-01-25 07:57:45 | INFO     | [lf.day.start] Processing TUU-ATZ for 06FEB
[LF] Sending SN command: SN06FEBTUUATZ/ASM
[LF] 06FEB: found 1 direct flights
2026-01-25 07:57:46 | INFO     | [lf.day.flights_found] Found 1 flights on 06FEB
2026-01-25 07:57:48 | INFO     | [lf.flight.extracted] SM328 on 06FEB: BKG=50, LF=29.9%
[LF] SM328 06FEB: BKG=50, GRP=0, CAP=167, LF%=29.9%, Brd-Off=TUU-ATZ, Classes: I:5, O:5, U:5, X:15, T:11, W:2, G:7
[LF] Getting WEEKLY/LASTSOLD data for 1 flights
[LF] SM328 06FEB: LASTSOLD=2026-01-24 00:00:00, WEEKLY=22, TODAY=0, YDAY=4
2026-01-25 07:57:53 | INFO     | [SUCCESS] Day 06FEB
2026-01-25 07:57:53 | INFO     | [DAY_START] Processing 05FEB
[LF] Processing TUU-ATZ for 05FEB
2026-01-25 07:57:53 | INFO     | [lf.day.start] Processing TUU-ATZ for 05FEB
[LF] Sending SN command: SN05FEBTUUATZ/ASM
[LF] No direct flights on 05FEB for TUU-ATZ
2026-01-25 07:57:54 | WARNING  | [lf.day.no_flights] No direct flights on 05FEB
2026-01-25 07:57:54 | INFO     | [SUCCESS] Day 05FEB
2026-01-25 07:57:54 | INFO     | [DAY_START] Processing 04FEB
[LF] Processing TUU-ATZ for 04FEB
2026-01-25 07:57:54 | INFO     | [lf.day.start] Processing TUU-ATZ for 04FEB
[LF] Sending SN command: SN04FEBTUUATZ/ASM
[LF] No direct flights on 04FEB for TUU-ATZ
2026-01-25 07:57:55 | WARNING  | [lf.day.no_flights] No direct flights on 04FEB
2026-01-25 07:57:55 | INFO     | [SUCCESS] Day 04FEB
2026-01-25 07:57:55 | INFO     | [DAY_START] Processing 03FEB
[LF] Processing TUU-ATZ for 03FEB
2026-01-25 07:57:55 | INFO     | [lf.day.start] Processing TUU-ATZ for 03FEB
[LF] Sending SN command: SN03FEBTUUATZ/ASM
[LF] No direct flights on 03FEB for TUU-ATZ
2026-01-25 07:57:56 | WARNING  | [lf.day.no_flights] No direct flights on 03FEB
2026-01-25 07:57:56 | INFO     | [SUCCESS] Day 03FEB
2026-01-25 07:57:56 | INFO     | [DAY_START] Processing 02FEB
[LF] Processing TUU-ATZ for 02FEB
2026-01-25 07:57:56 | INFO     | [lf.day.start] Processing TUU-ATZ for 02FEB
[LF] Sending SN command: SN02FEBTUUATZ/ASM
[LF] No direct flights on 02FEB for TUU-ATZ
2026-01-25 07:57:57 | WARNING  | [lf.day.no_flights] No direct flights on 02FEB
2026-01-25 07:57:57 | INFO     | [SUCCESS] Day 02FEB
2026-01-25 07:57:57 | INFO     | [DAY_START] Processing 01FEB
[LF] Processing TUU-ATZ for 01FEB
2026-01-25 07:57:57 | INFO     | [lf.day.start] Processing TUU-ATZ for 01FEB
[LF] Sending SN command: SN01FEBTUUATZ/ASM
[LF] No direct flights on 01FEB for TUU-ATZ
2026-01-25 07:57:58 | WARNING  | [lf.day.no_flights] No direct flights on 01FEB
2026-01-25 07:57:58 | INFO     | [SUCCESS] Day 01FEB
[LF] Results summary:
  2026-02-08: 0 flights
  2026-02-07: 0 flights
  2026-02-06: 1 flights
  2026-02-05: 0 flights
  2026-02-04: 0 flights
  2026-02-03: 0 flights
  2026-02-02: 0 flights
  2026-02-01: 0 flights
2026-01-25 07:57:58 | INFO     | [SUCCESS] LF Search Complete

============================================================
[Worker_9222] ✓ COMPLETED: TUU-ATZ
  Results: 8 dates
  Errors: 0 dates
  Total Processed: 71 groups
============================================================

2026-01-25 07:57:58 | INFO     | [Worker_9222] Completed: TUU-ATZ - 8 results, 0 errors

============================================================
[Worker_9222] Processing: AJF-ATZ
  Tier 0: Range 1, Chunk 3/4
  Dates: 8 days
  Date Range: 2026-02-08 to 2026-02-01
============================================================

2026-01-25 07:57:58 | INFO     | [Worker_9222] Processing: AJF-ATZ
2026-01-25 07:57:58 | INFO     |   Tier 0: Range 1, Chunk 3/4 (8 days)
2026-01-25 07:57:58 | INFO     | ======================================================================
2026-01-25 07:57:58 | INFO     | Load Factor Scraper Started - Route: AJF-ATZ
2026-01-25 07:57:58 | INFO     | Log file: D:\CODERED\LAB\Artifacts\outputs\run_generated_250126_at_07.06\logs\LF_AJF-ATZ_20260125_075758.log
2026-01-25 07:57:58 | INFO     | Enhanced logging: Capturing both logging.info() and print()
2026-01-25 07:57:58 | INFO     | ======================================================================
[LF] Processing dates (override): ['08FEB', '07FEB', '06FEB', '05FEB', '04FEB', '03FEB', '02FEB', '01FEB']
[LF] Attaching to Chrome for Altea access
2026-01-25 07:57:58 | INFO     | Starting LF search for route: AJF-ATZ
2026-01-25 07:57:58 | INFO     | [START] LF Search
[LF][[OK] SUCCESS] Connected to Chrome on 127.0.0.1:9222 (after 1 attempts)
2026-01-25 07:57:59 | INFO     | [HEALTH CHECK] [OK] Chrome connection is healthy
[LF][[OK] SUCCESS] Found Amadeus Altea window: Altéa Reservation Desktop
[LF][[INFO] INFO] URL: https://tc212.resdesktop.altea.amadeus.com/app_ard/apf/init/login?SITE=ESMPESMP&LANGUAGE=GB&MARKETS=ARDW_PROD_WBP&ACTION=clpLogin#
2026-01-25 07:57:59 | INFO     | [DAY_START] Processing 08FEB
[LF] Processing AJF-ATZ for 08FEB
2026-01-25 07:57:59 | INFO     | [lf.day.start] Processing AJF-ATZ for 08FEB
[LF] Sending SN command: SN08FEBAJFATZ/ASM
[LF] No direct flights on 08FEB for AJF-ATZ
2026-01-25 07:58:01 | WARNING  | [lf.day.no_flights] No direct flights on 08FEB
2026-01-25 07:58:01 | INFO     | [SUCCESS] Day 08FEB
2026-01-25 07:58:01 | INFO     | [DAY_START] Processing 07FEB
[LF] Processing AJF-ATZ for 07FEB
2026-01-25 07:58:01 | INFO     | [lf.day.start] Processing AJF-ATZ for 07FEB
[LF] Sending SN command: SN07FEBAJFATZ/ASM
[LF] No direct flights on 07FEB for AJF-ATZ
2026-01-25 07:58:02 | WARNING  | [lf.day.no_flights] No direct flights on 07FEB
2026-01-25 07:58:02 | INFO     | [SUCCESS] Day 07FEB
2026-01-25 07:58:02 | INFO     | [DAY_START] Processing 06FEB
[LF] Processing AJF-ATZ for 06FEB
2026-01-25 07:58:02 | INFO     | [lf.day.start] Processing AJF-ATZ for 06FEB
[LF] Sending SN command: SN06FEBAJFATZ/ASM
[LF] 06FEB: found 1 direct flights
2026-01-25 07:58:03 | INFO     | [lf.day.flights_found] Found 1 flights on 06FEB
2026-01-25 07:58:05 | INFO     | [lf.flight.extracted] SM324 on 06FEB: BKG=147, LF=84.0%
[LF] SM324 06FEB: BKG=147, GRP=0, CAP=175, LF%=84.0%, Brd-Off=AJF-ATZ, Classes: I:36, O:18, U:18, X:18, T:17, W:18, S:10, G:11, K:1
[LF] Getting WEEKLY/LASTSOLD data for 1 flights
[LF] SM324 06FEB: LASTSOLD=2026-01-24 00:00:00, WEEKLY=31, TODAY=0, YDAY=4
2026-01-25 07:58:11 | INFO     | [SUCCESS] Day 06FEB
2026-01-25 07:58:11 | INFO     | [DAY_START] Processing 05FEB
[LF] Processing AJF-ATZ for 05FEB
2026-01-25 07:58:11 | INFO     | [lf.day.start] Processing AJF-ATZ for 05FEB
[LF] Sending SN command: SN05FEBAJFATZ/ASM
[LF] No direct flights on 05FEB for AJF-ATZ
2026-01-25 07:58:12 | WARNING  | [lf.day.no_flights] No direct flights on 05FEB
2026-01-25 07:58:12 | INFO     | [SUCCESS] Day 05FEB
2026-01-25 07:58:12 | INFO     | [DAY_START] Processing 04FEB
[LF] Processing AJF-ATZ for 04FEB
2026-01-25 07:58:12 | INFO     | [lf.day.start] Processing AJF-ATZ for 04FEB
[LF] Sending SN command: SN04FEBAJFATZ/ASM
[LF] No direct flights on 04FEB for AJF-ATZ
2026-01-25 07:58:14 | WARNING  | [lf.day.no_flights] No direct flights on 04FEB
2026-01-25 07:58:14 | INFO     | [SUCCESS] Day 04FEB
2026-01-25 07:58:14 | INFO     | [DAY_START] Processing 03FEB
[LF] Processing AJF-ATZ for 03FEB
2026-01-25 07:58:14 | INFO     | [lf.day.start] Processing AJF-ATZ for 03FEB
[LF] Sending SN command: SN03FEBAJFATZ/ASM
[LF] No direct flights on 03FEB for AJF-ATZ
2026-01-25 07:58:15 | WARNING  | [lf.day.no_flights] No direct flights on 03FEB
2026-01-25 07:58:15 | INFO     | [SUCCESS] Day 03FEB
2026-01-25 07:58:15 | INFO     | [DAY_START] Processing 02FEB
[LF] Processing AJF-ATZ for 02FEB
2026-01-25 07:58:15 | INFO     | [lf.day.start] Processing AJF-ATZ for 02FEB
[LF] Sending SN command: SN02FEBAJFATZ/ASM
[LF] No direct flights on 02FEB for AJF-ATZ
2026-01-25 07:58:16 | WARNING  | [lf.day.no_flights] No direct flights on 02FEB
2026-01-25 07:58:16 | INFO     | [SUCCESS] Day 02FEB
2026-01-25 07:58:16 | INFO     | [DAY_START] Processing 01FEB
[LF] Processing AJF-ATZ for 01FEB
2026-01-25 07:58:16 | INFO     | [lf.day.start] Processing AJF-ATZ for 01FEB
[LF] Sending SN command: SN01FEBAJFATZ/ASM
[LF] No direct flights on 01FEB for AJF-ATZ
2026-01-25 07:58:17 | WARNING  | [lf.day.no_flights] No direct flights on 01FEB
2026-01-25 07:58:17 | INFO     | [SUCCESS] Day 01FEB
[LF] Results summary:
  2026-02-08: 0 flights
  2026-02-07: 0 flights
  2026-02-06: 1 flights
  2026-02-05: 0 flights
  2026-02-04: 0 flights
  2026-02-03: 0 flights
  2026-02-02: 0 flights
  2026-02-01: 0 flights
2026-01-25 07:58:17 | INFO     | [SUCCESS] LF Search Complete

============================================================
[Worker_9222] ✓ COMPLETED: AJF-ATZ
  Results: 8 dates
  Errors: 0 dates
  Total Processed: 72 groups
============================================================

2026-01-25 07:58:17 | INFO     | [Worker_9222] Completed: AJF-ATZ - 8 results, 0 errors

============================================================
[Worker_9222] Processing: ELQ-CAI
  Tier 0: Range 1, Chunk 3/4
  Dates: 8 days
  Date Range: 2026-02-08 to 2026-02-01
============================================================

2026-01-25 07:58:17 | INFO     | [Worker_9222] Processing: ELQ-CAI
2026-01-25 07:58:17 | INFO     |   Tier 0: Range 1, Chunk 3/4 (8 days)
2026-01-25 07:58:17 | INFO     | ======================================================================
2026-01-25 07:58:17 | INFO     | Load Factor Scraper Started - Route: ELQ-CAI
2026-01-25 07:58:17 | INFO     | Log file: D:\CODERED\LAB\Artifacts\outputs\run_generated_250126_at_07.06\logs\LF_ELQ-CAI_20260125_075817.log
2026-01-25 07:58:17 | INFO     | Enhanced logging: Capturing both logging.info() and print()
2026-01-25 07:58:17 | INFO     | ======================================================================
[LF] Processing dates (override): ['08FEB', '07FEB', '06FEB', '05FEB', '04FEB', '03FEB', '02FEB', '01FEB']
[LF] Attaching to Chrome for Altea access
2026-01-25 07:58:17 | INFO     | Starting LF search for route: ELQ-CAI
2026-01-25 07:58:17 | INFO     | [START] LF Search
[LF][[OK] SUCCESS] Connected to Chrome on 127.0.0.1:9222 (after 1 attempts)
2026-01-25 07:58:18 | INFO     | [HEALTH CHECK] [OK] Chrome connection is healthy
[LF][[OK] SUCCESS] Found Amadeus Altea window: Altéa Reservation Desktop
[LF][[INFO] INFO] URL: https://tc212.resdesktop.altea.amadeus.com/app_ard/apf/init/login?SITE=ESMPESMP&LANGUAGE=GB&MARKETS=ARDW_PROD_WBP&ACTION=clpLogin#
2026-01-25 07:58:18 | INFO     | [DAY_START] Processing 08FEB
[LF] Processing ELQ-CAI for 08FEB
2026-01-25 07:58:18 | INFO     | [lf.day.start] Processing ELQ-CAI for 08FEB
[LF] Sending SN command: SN08FEBELQCAI/ASM
[LF] 08FEB: found 1 direct flights
2026-01-25 07:58:19 | INFO     | [lf.day.flights_found] Found 1 flights on 08FEB
2026-01-25 07:58:21 | INFO     | [lf.flight.extracted] SM428 on 08FEB: BKG=51, LF=29.6%
[LF] SM428 08FEB: BKG=51, GRP=0, CAP=172, LF%=29.6%, Brd-Off=ELQ-CAI, Classes: O:18, U:22, X:5, G:6
[LF] Getting WEEKLY/LASTSOLD data for 1 flights
[LF] SM428 08FEB: LASTSOLD=2026-01-24 00:00:00, WEEKLY=5, TODAY=0, YDAY=1
2026-01-25 07:58:25 | INFO     | [SUCCESS] Day 08FEB
2026-01-25 07:58:25 | INFO     | [DAY_START] Processing 07FEB
[LF] Processing ELQ-CAI for 07FEB
2026-01-25 07:58:25 | INFO     | [lf.day.start] Processing ELQ-CAI for 07FEB
[LF] Sending SN command: SN07FEBELQCAI/ASM
[LF] 07FEB: found 1 direct flights
2026-01-25 07:58:26 | INFO     | [lf.day.flights_found] Found 1 flights on 07FEB
2026-01-25 07:58:28 | INFO     | [lf.flight.extracted] SM428 on 07FEB: BKG=48, LF=45.7%
[LF] SM428 07FEB: BKG=48, GRP=0, CAP=105, LF%=45.7%, Brd-Off=ELQ-CAI, Classes: I:3, O:19, U:16, G:10
[LF] Getting WEEKLY/LASTSOLD data for 1 flights
[LF] SM428 07FEB: LASTSOLD=2026-01-24 00:00:00, WEEKLY=7, TODAY=0, YDAY=3
2026-01-25 07:58:32 | INFO     | [SUCCESS] Day 07FEB
2026-01-25 07:58:32 | INFO     | [DAY_START] Processing 06FEB
[LF] Processing ELQ-CAI for 06FEB
2026-01-25 07:58:32 | INFO     | [lf.day.start] Processing ELQ-CAI for 06FEB
[LF] Sending SN command: SN06FEBELQCAI/ASM
[LF] No direct flights on 06FEB for ELQ-CAI
2026-01-25 07:58:33 | WARNING  | [lf.day.no_flights] No direct flights on 06FEB
2026-01-25 07:58:33 | INFO     | [SUCCESS] Day 06FEB
2026-01-25 07:58:33 | INFO     | [DAY_START] Processing 05FEB
[LF] Processing ELQ-CAI for 05FEB
2026-01-25 07:58:33 | INFO     | [lf.day.start] Processing ELQ-CAI for 05FEB
[LF] Sending SN command: SN05FEBELQCAI/ASM
[LF] 05FEB: found 1 direct flights
2026-01-25 07:58:34 | INFO     | [lf.day.flights_found] Found 1 flights on 05FEB
2026-01-25 07:58:36 | INFO     | [lf.flight.extracted] SM428 on 05FEB: BKG=73, LF=69.5%
[LF] SM428 05FEB: BKG=73, GRP=0, CAP=105, LF%=69.5%, Brd-Off=ELQ-CAI, Classes: I:3, O:35, U:21, X:3, G:11
[LF] Getting WEEKLY/LASTSOLD data for 1 flights
[LF] SM428 05FEB: LASTSOLD=2026-01-24 00:00:00, WEEKLY=24, TODAY=0, YDAY=2
2026-01-25 07:58:41 | INFO     | [SUCCESS] Day 05FEB
2026-01-25 07:58:41 | INFO     | [DAY_START] Processing 04FEB
[LF] Processing ELQ-CAI for 04FEB
2026-01-25 07:58:41 | INFO     | [lf.day.start] Processing ELQ-CAI for 04FEB
[LF] Sending SN command: SN04FEBELQCAI/ASM
[LF] No direct flights on 04FEB for ELQ-CAI
2026-01-25 07:58:42 | WARNING  | [lf.day.no_flights] No direct flights on 04FEB
2026-01-25 07:58:42 | INFO     | [SUCCESS] Day 04FEB
2026-01-25 07:58:42 | INFO     | [DAY_START] Processing 03FEB
[LF] Processing ELQ-CAI for 03FEB
2026-01-25 07:58:42 | INFO     | [lf.day.start] Processing ELQ-CAI for 03FEB
[LF] Sending SN command: SN03FEBELQCAI/ASM
[LF] No direct flights on 03FEB for ELQ-CAI
2026-01-25 07:58:43 | WARNING  | [lf.day.no_flights] No direct flights on 03FEB
2026-01-25 07:58:43 | INFO     | [SUCCESS] Day 03FEB
2026-01-25 07:58:43 | INFO     | [DAY_START] Processing 02FEB
[LF] Processing ELQ-CAI for 02FEB
2026-01-25 07:58:43 | INFO     | [lf.day.start] Processing ELQ-CAI for 02FEB
[LF] Sending SN command: SN02FEBELQCAI/ASM
[LF] No direct flights on 02FEB for ELQ-CAI
2026-01-25 07:58:44 | WARNING  | [lf.day.no_flights] No direct flights on 02FEB
2026-01-25 07:58:44 | INFO     | [SUCCESS] Day 02FEB
2026-01-25 07:58:44 | INFO     | [DAY_START] Processing 01FEB
[LF] Processing ELQ-CAI for 01FEB
2026-01-25 07:58:44 | INFO     | [lf.day.start] Processing ELQ-CAI for 01FEB
[LF] Sending SN command: SN01FEBELQCAI/ASM
[LF] 01FEB: found 1 direct flights
2026-01-25 07:58:45 | INFO     | [lf.day.flights_found] Found 1 flights on 01FEB
2026-01-25 07:58:47 | INFO     | [lf.flight.extracted] SM428 on 01FEB: BKG=34, LF=19.4%
[LF] SM428 01FEB: BKG=34, GRP=0, CAP=175, LF%=19.4%, Brd-Off=ELQ-CAI, Classes: O:33, U:1
[LF] Getting WEEKLY/LASTSOLD data for 1 flights
[LF] SM428 01FEB: LASTSOLD=2026-01-24 00:00:00, WEEKLY=11, TODAY=0, YDAY=3
2026-01-25 07:58:51 | INFO     | [SUCCESS] Day 01FEB
[LF] Results summary:
  2026-02-08: 1 flights
  2026-02-07: 1 flights
  2026-02-06: 0 flights
  2026-02-05: 1 flights
  2026-02-04: 0 flights
  2026-02-03: 0 flights
  2026-02-02: 0 flights
  2026-02-01: 1 flights
2026-01-25 07:58:51 | INFO     | [SUCCESS] LF Search Complete

============================================================
[Worker_9222] ✓ COMPLETED: ELQ-CAI
  Results: 8 dates
  Errors: 0 dates
  Total Processed: 73 groups
============================================================

2026-01-25 07:58:51 | INFO     | [Worker_9222] Completed: ELQ-CAI - 8 results, 0 errors

============================================================
[Worker_9222] Processing: ATZ-MED
  Tier 0: Range 1, Chunk 3/4
  Dates: 8 days
  Date Range: 2026-02-08 to 2026-02-01
============================================================

2026-01-25 07:58:51 | INFO     | [Worker_9222] Processing: ATZ-MED
2026-01-25 07:58:51 | INFO     |   Tier 0: Range 1, Chunk 3/4 (8 days)
2026-01-25 07:58:51 | INFO     | ======================================================================
2026-01-25 07:58:51 | INFO     | Load Factor Scraper Started - Route: ATZ-MED
2026-01-25 07:58:51 | INFO     | Log file: D:\CODERED\LAB\Artifacts\outputs\run_generated_250126_at_07.06\logs\LF_ATZ-MED_20260125_075851.log
2026-01-25 07:58:51 | INFO     | Enhanced logging: Capturing both logging.info() and print()
2026-01-25 07:58:51 | INFO     | ======================================================================
[LF] Processing dates (override): ['08FEB', '07FEB', '06FEB', '05FEB', '04FEB', '03FEB', '02FEB', '01FEB']
[LF] Attaching to Chrome for Altea access
2026-01-25 07:58:51 | INFO     | Starting LF search for route: ATZ-MED
2026-01-25 07:58:51 | INFO     | [START] LF Search
[LF][[OK] SUCCESS] Connected to Chrome on 127.0.0.1:9222 (after 1 attempts)
2026-01-25 07:58:51 | INFO     | [HEALTH CHECK] [OK] Chrome connection is healthy
[LF][[OK] SUCCESS] Found Amadeus Altea window: Altéa Reservation Desktop
[LF][[INFO] INFO] URL: https://tc212.resdesktop.altea.amadeus.com/app_ard/apf/init/login?SITE=ESMPESMP&LANGUAGE=GB&MARKETS=ARDW_PROD_WBP&ACTION=clpLogin#
2026-01-25 07:58:51 | INFO     | [DAY_START] Processing 08FEB
[LF] Processing ATZ-MED for 08FEB
2026-01-25 07:58:51 | INFO     | [lf.day.start] Processing ATZ-MED for 08FEB
[LF] Sending SN command: SN08FEBATZMED/ASM
[LF] No direct flights on 08FEB for ATZ-MED
2026-01-25 07:58:53 | WARNING  | [lf.day.no_flights] No direct flights on 08FEB
2026-01-25 07:58:53 | INFO     | [SUCCESS] Day 08FEB
2026-01-25 07:58:53 | INFO     | [DAY_START] Processing 07FEB
[LF] Processing ATZ-MED for 07FEB
2026-01-25 07:58:53 | INFO     | [lf.day.start] Processing ATZ-MED for 07FEB
[LF] Sending SN command: SN07FEBATZMED/ASM
[LF] 07FEB: found 1 direct flights
2026-01-25 07:58:54 | INFO     | [lf.day.flights_found] Found 1 flights on 07FEB
2026-01-25 07:58:56 | INFO     | [lf.flight.extracted] SM487 on 07FEB: BKG=148, LF=82.7%
[LF] SM487 07FEB: BKG=148, GRP=135, CAP=179, LF%=82.7%, Brd-Off=ATZ-MED, Classes: P:135, V:5, K:8
[LF] Getting WEEKLY/LASTSOLD data for 1 flights
[LF] SM487 07FEB: LASTSOLD=2026-01-24 00:00:00, WEEKLY=4, TODAY=0, YDAY=1
2026-01-25 07:58:59 | INFO     | [SUCCESS] Day 07FEB
2026-01-25 07:58:59 | INFO     | [DAY_START] Processing 06FEB
[LF] Processing ATZ-MED for 06FEB
2026-01-25 07:58:59 | INFO     | [lf.day.start] Processing ATZ-MED for 06FEB
[LF] Sending SN command: SN06FEBATZMED/ASM
[LF] No direct flights on 06FEB for ATZ-MED
2026-01-25 07:59:00 | WARNING  | [lf.day.no_flights] No direct flights on 06FEB
2026-01-25 07:59:00 | INFO     | [SUCCESS] Day 06FEB
2026-01-25 07:59:00 | INFO     | [DAY_START] Processing 05FEB
[LF] Processing ATZ-MED for 05FEB
2026-01-25 07:59:00 | INFO     | [lf.day.start] Processing ATZ-MED for 05FEB
[LF] Sending SN command: SN05FEBATZMED/ASM
[LF] No direct flights on 05FEB for ATZ-MED
2026-01-25 07:59:01 | WARNING  | [lf.day.no_flights] No direct flights on 05FEB
2026-01-25 07:59:01 | INFO     | [SUCCESS] Day 05FEB
2026-01-25 07:59:01 | INFO     | [DAY_START] Processing 04FEB
[LF] Processing ATZ-MED for 04FEB
2026-01-25 07:59:01 | INFO     | [lf.day.start] Processing ATZ-MED for 04FEB
[LF] Sending SN command: SN04FEBATZMED/ASM
[LF] 04FEB: found 1 direct flights
2026-01-25 07:59:02 | INFO     | [lf.day.flights_found] Found 1 flights on 04FEB
2026-01-25 07:59:04 | INFO     | [lf.flight.extracted] SM489 on 04FEB: BKG=20, LF=11.2%
[LF] SM489 04FEB: BKG=20, GRP=0, CAP=179, LF%=11.2%, Brd-Off=ATZ-MED, Classes: W:13, S:3, V:4
[LF] Getting WEEKLY/LASTSOLD data for 1 flights
[LF] SM489 04FEB: LASTSOLD=2026-01-24 00:00:00, WEEKLY=9, TODAY=0, YDAY=1
2026-01-25 07:59:07 | INFO     | [SUCCESS] Day 04FEB
2026-01-25 07:59:07 | INFO     | [DAY_START] Processing 03FEB
[LF] Processing ATZ-MED for 03FEB
2026-01-25 07:59:07 | INFO     | [lf.day.start] Processing ATZ-MED for 03FEB
[LF] Sending SN command: SN03FEBATZMED/ASM
[LF] 03FEB: found 1 direct flights
2026-01-25 07:59:09 | INFO     | [lf.day.flights_found] Found 1 flights on 03FEB
2026-01-25 07:59:10 | INFO     | [lf.flight.extracted] SM487 on 03FEB: BKG=11, LF=6.2%
[LF] SM487 03FEB: BKG=11, GRP=0, CAP=179, LF%=6.2%, Brd-Off=ATZ-MED, Classes: W:10, V:1
[LF] Getting WEEKLY/LASTSOLD data for 1 flights
[LF] SM487 03FEB: LASTSOLD=2026-01-24 00:00:00, WEEKLY=8, TODAY=0, YDAY=3
2026-01-25 07:59:13 | INFO     | [SUCCESS] Day 03FEB
2026-01-25 07:59:13 | INFO     | [DAY_START] Processing 02FEB
[LF] Processing ATZ-MED for 02FEB
2026-01-25 07:59:13 | INFO     | [lf.day.start] Processing ATZ-MED for 02FEB
[LF] Sending SN command: SN02FEBATZMED/ASM
[LF] 02FEB: found 1 direct flights
2026-01-25 07:59:14 | INFO     | [lf.day.flights_found] Found 1 flights on 02FEB
2026-01-25 07:59:16 | INFO     | [lf.flight.extracted] SM487 on 02FEB: BKG=14, LF=7.8%
[LF] SM487 02FEB: BKG=14, GRP=0, CAP=179, LF%=7.8%, Brd-Off=ATZ-MED, Classes: W:5, S:4, V:5
[LF] Getting WEEKLY/LASTSOLD data for 1 flights
[LF] SM487 02FEB: LASTSOLD=2026-01-24 00:00:00, WEEKLY=8, TODAY=0, YDAY=2
2026-01-25 07:59:19 | INFO     | [SUCCESS] Day 02FEB
2026-01-25 07:59:19 | INFO     | [DAY_START] Processing 01FEB
[LF] Processing ATZ-MED for 01FEB
2026-01-25 07:59:19 | INFO     | [lf.day.start] Processing ATZ-MED for 01FEB
[LF] Sending SN command: SN01FEBATZMED/ASM
[LF] No direct flights on 01FEB for ATZ-MED
2026-01-25 07:59:20 | WARNING  | [lf.day.no_flights] No direct flights on 01FEB
2026-01-25 07:59:20 | INFO     | [SUCCESS] Day 01FEB
[LF] Results summary:
  2026-02-08: 0 flights
  2026-02-07: 1 flights
  2026-02-06: 0 flights
  2026-02-05: 0 flights
  2026-02-04: 1 flights
  2026-02-03: 1 flights
  2026-02-02: 1 flights
  2026-02-01: 0 flights
2026-01-25 07:59:20 | INFO     | [SUCCESS] LF Search Complete

============================================================
[Worker_9222] ✓ COMPLETED: ATZ-MED
  Results: 8 dates
  Errors: 0 dates
  Total Processed: 74 groups
============================================================

2026-01-25 07:59:20 | INFO     | [Worker_9222] Completed: ATZ-MED - 8 results, 0 errors

============================================================
[Worker_9222] Processing: LXR-JED
  Tier 0: Range 1, Chunk 3/4
  Dates: 8 days
  Date Range: 2026-02-08 to 2026-02-01
============================================================

2026-01-25 07:59:20 | INFO     | [Worker_9222] Processing: LXR-JED
2026-01-25 07:59:20 | INFO     |   Tier 0: Range 1, Chunk 3/4 (8 days)
2026-01-25 07:59:20 | INFO     | ======================================================================
2026-01-25 07:59:20 | INFO     | Load Factor Scraper Started - Route: LXR-JED
2026-01-25 07:59:20 | INFO     | Log file: D:\CODERED\LAB\Artifacts\outputs\run_generated_250126_at_07.06\logs\LF_LXR-JED_20260125_075920.log
2026-01-25 07:59:20 | INFO     | Enhanced logging: Capturing both logging.info() and print()
2026-01-25 07:59:20 | INFO     | ======================================================================
[LF] Processing dates (override): ['08FEB', '07FEB', '06FEB', '05FEB', '04FEB', '03FEB', '02FEB', '01FEB']
[LF] Attaching to Chrome for Altea access
2026-01-25 07:59:20 | INFO     | Starting LF search for route: LXR-JED
2026-01-25 07:59:20 | INFO     | [START] LF Search
[LF][[OK] SUCCESS] Connected to Chrome on 127.0.0.1:9222 (after 1 attempts)
2026-01-25 07:59:21 | INFO     | [HEALTH CHECK] [OK] Chrome connection is healthy
[LF][[OK] SUCCESS] Found Amadeus Altea window: Altéa Reservation Desktop
[LF][[INFO] INFO] URL: https://tc212.resdesktop.altea.amadeus.com/app_ard/apf/init/login?SITE=ESMPESMP&LANGUAGE=GB&MARKETS=ARDW_PROD_WBP&ACTION=clpLogin#
2026-01-25 07:59:21 | INFO     | [DAY_START] Processing 08FEB
[LF] Processing LXR-JED for 08FEB
2026-01-25 07:59:21 | INFO     | [lf.day.start] Processing LXR-JED for 08FEB
[LF] Sending SN command: SN08FEBLXRJED/ASM
[LF] No direct flights on 08FEB for LXR-JED
2026-01-25 07:59:22 | WARNING  | [lf.day.no_flights] No direct flights on 08FEB
2026-01-25 07:59:22 | INFO     | [SUCCESS] Day 08FEB
2026-01-25 07:59:22 | INFO     | [DAY_START] Processing 07FEB
[LF] Processing LXR-JED for 07FEB
2026-01-25 07:59:22 | INFO     | [lf.day.start] Processing LXR-JED for 07FEB
[LF] Sending SN command: SN07FEBLXRJED/ASM
[LF] No direct flights on 07FEB for LXR-JED
2026-01-25 07:59:23 | WARNING  | [lf.day.no_flights] No direct flights on 07FEB
2026-01-25 07:59:23 | INFO     | [SUCCESS] Day 07FEB
2026-01-25 07:59:23 | INFO     | [DAY_START] Processing 06FEB
[LF] Processing LXR-JED for 06FEB
2026-01-25 07:59:23 | INFO     | [lf.day.start] Processing LXR-JED for 06FEB
[LF] Sending SN command: SN06FEBLXRJED/ASM
[LF] No direct flights on 06FEB for LXR-JED
2026-01-25 07:59:24 | WARNING  | [lf.day.no_flights] No direct flights on 06FEB
2026-01-25 07:59:24 | INFO     | [SUCCESS] Day 06FEB
2026-01-25 07:59:24 | INFO     | [DAY_START] Processing 05FEB
[LF] Processing LXR-JED for 05FEB
2026-01-25 07:59:24 | INFO     | [lf.day.start] Processing LXR-JED for 05FEB
[LF] Sending SN command: SN05FEBLXRJED/ASM
[LF] No direct flights on 05FEB for LXR-JED
2026-01-25 07:59:25 | WARNING  | [lf.day.no_flights] No direct flights on 05FEB
2026-01-25 07:59:25 | INFO     | [SUCCESS] Day 05FEB
2026-01-25 07:59:25 | INFO     | [DAY_START] Processing 04FEB
[LF] Processing LXR-JED for 04FEB
2026-01-25 07:59:25 | INFO     | [lf.day.start] Processing LXR-JED for 04FEB
[LF] Sending SN command: SN04FEBLXRJED/ASM
[LF] 04FEB: found 1 direct flights
2026-01-25 07:59:27 | INFO     | [lf.day.flights_found] Found 1 flights on 04FEB
2026-01-25 07:59:29 | INFO     | [lf.flight.extracted] SM983 on 04FEB: BKG=52, LF=29.0%
[LF] SM983 04FEB: BKG=52, GRP=0, CAP=179, LF%=29.0%, Brd-Off=LXR-JED, Classes: I:15, O:14, U:23
[LF] Getting WEEKLY/LASTSOLD data for 1 flights
[LF] SM983 04FEB: LASTSOLD=2026-01-24 00:00:00, WEEKLY=28, TODAY=0, YDAY=1
2026-01-25 07:59:33 | INFO     | [SUCCESS] Day 04FEB
2026-01-25 07:59:33 | INFO     | [DAY_START] Processing 03FEB
[LF] Processing LXR-JED for 03FEB
2026-01-25 07:59:33 | INFO     | [lf.day.start] Processing LXR-JED for 03FEB
[LF] Sending SN command: SN03FEBLXRJED/ASM
[LF] 03FEB: found 3 direct flights
2026-01-25 07:59:34 | INFO     | [lf.day.flights_found] Found 3 flights on 03FEB
2026-01-25 07:59:36 | INFO     | [lf.flight.extracted] SM429 on 03FEB: BKG=180, LF=100.6%
[LF] SM429 03FEB: BKG=180, GRP=180, CAP=179, LF%=100.6%, Brd-Off=LXR-JED, Classes: P:180
2026-01-25 07:59:39 | INFO     | [lf.flight.extracted] SM483 on 03FEB: BKG=180, LF=100.6%
[LF] SM483 03FEB: BKG=180, GRP=180, CAP=179, LF%=100.6%, Brd-Off=LXR-JED, Classes: P:180
2026-01-25 07:59:42 | INFO     | [lf.flight.extracted] SM981 on 03FEB: BKG=39, LF=21.8%
[LF] SM981 03FEB: BKG=39, GRP=0, CAP=179, LF%=21.8%, Brd-Off=LXR-JED, Classes: I:20, O:15, U:4
[LF] Getting WEEKLY/LASTSOLD data for 3 flights
[LF] SM429 03FEB: LASTSOLD=2026-01-23 00:00:00, WEEKLY=2, TODAY=0, YDAY=0
[LF] SM483 03FEB: LASTSOLD=2026-01-23 00:00:00, WEEKLY=2, TODAY=0, YDAY=0
[LF] SM981 03FEB: LASTSOLD=2026-01-24 00:00:00, WEEKLY=39, TODAY=0, YDAY=4
2026-01-25 07:59:49 | INFO     | [SUCCESS] Day 03FEB
2026-01-25 07:59:49 | INFO     | [DAY_START] Processing 02FEB
[LF] Processing LXR-JED for 02FEB
2026-01-25 07:59:49 | INFO     | [lf.day.start] Processing LXR-JED for 02FEB
[LF] Sending SN command: SN02FEBLXRJED/ASM
[LF] 02FEB: found 1 direct flights
2026-01-25 07:59:50 | INFO     | [lf.day.flights_found] Found 1 flights on 02FEB
2026-01-25 07:59:52 | INFO     | [lf.flight.extracted] SM481 on 02FEB: BKG=179, LF=100.0%
[LF] SM481 02FEB: BKG=179, GRP=134, CAP=179, LF%=100.0%, Brd-Off=LXR-JED, Classes: P:134, I:15, O:15, U:15
[LF] Getting WEEKLY/LASTSOLD data for 1 flights
[LF] SM481 02FEB: LASTSOLD=2026-01-22 00:00:00, WEEKLY=25, TODAY=0, YDAY=0
2026-01-25 07:59:56 | INFO     | [SUCCESS] Day 02FEB
2026-01-25 07:59:56 | INFO     | [DAY_START] Processing 01FEB
[LF] Processing LXR-JED for 01FEB
2026-01-25 07:59:56 | INFO     | [lf.day.start] Processing LXR-JED for 01FEB
[LF] Sending SN command: SN01FEBLXRJED/ASM
[LF] No direct flights on 01FEB for LXR-JED
2026-01-25 07:59:57 | WARNING  | [lf.day.no_flights] No direct flights on 01FEB
2026-01-25 07:59:57 | INFO     | [SUCCESS] Day 01FEB
[LF] Results summary:
  2026-02-08: 0 flights
  2026-02-07: 0 flights
  2026-02-06: 0 flights
  2026-02-05: 0 flights
  2026-02-04: 1 flights
  2026-02-03: 3 flights
  2026-02-02: 1 flights
  2026-02-01: 0 flights
2026-01-25 07:59:57 | INFO     | [SUCCESS] LF Search Complete

============================================================
[Worker_9222] ✓ COMPLETED: LXR-JED
  Results: 8 dates
  Errors: 0 dates
  Total Processed: 75 groups
============================================================

2026-01-25 08:00:12 | INFO     | [Worker_9222] Completed: LXR-JED - 8 results, 0 errors

============================================================
[Worker_9222] Processing: ATZ-DMM
  Tier 0: Range 1, Chunk 3/4
  Dates: 8 days
  Date Range: 2026-02-08 to 2026-02-01
============================================================

2026-01-25 08:00:12 | INFO     | [Worker_9222] Processing: ATZ-DMM
2026-01-25 08:00:12 | INFO     |   Tier 0: Range 1, Chunk 3/4 (8 days)
2026-01-25 08:00:12 | INFO     | ======================================================================
2026-01-25 08:00:12 | INFO     | Load Factor Scraper Started - Route: ATZ-DMM
2026-01-25 08:00:12 | INFO     | Log file: D:\CODERED\LAB\Artifacts\outputs\run_generated_250126_at_07.06\logs\LF_ATZ-DMM_20260125_080012.log
2026-01-25 08:00:12 | INFO     | Enhanced logging: Capturing both logging.info() and print()
2026-01-25 08:00:12 | INFO     | ======================================================================
[LF] Processing dates (override): ['08FEB', '07FEB', '06FEB', '05FEB', '04FEB', '03FEB', '02FEB', '01FEB']
[LF] Attaching to Chrome for Altea access
2026-01-25 08:00:12 | INFO     | Starting LF search for route: ATZ-DMM
2026-01-25 08:00:12 | INFO     | [START] LF Search
[LF][[OK] SUCCESS] Connected to Chrome on 127.0.0.1:9222 (after 1 attempts)
2026-01-25 08:00:12 | INFO     | [HEALTH CHECK] [OK] Chrome connection is healthy
[LF][[OK] SUCCESS] Found Amadeus Altea window: Altéa Reservation Desktop
[LF][[INFO] INFO] URL: https://tc212.resdesktop.altea.amadeus.com/app_ard/apf/init/login?SITE=ESMPESMP&LANGUAGE=GB&MARKETS=ARDW_PROD_WBP&ACTION=clpLogin#
2026-01-25 08:00:12 | INFO     | [DAY_START] Processing 08FEB
[LF] Processing ATZ-DMM for 08FEB
2026-01-25 08:00:12 | INFO     | [lf.day.start] Processing ATZ-DMM for 08FEB
[LF] Sending SN command: SN08FEBATZDMM/ASM
[LF] No direct flights on 08FEB for ATZ-DMM
2026-01-25 08:00:14 | WARNING  | [lf.day.no_flights] No direct flights on 08FEB
2026-01-25 08:00:14 | INFO     | [SUCCESS] Day 08FEB
2026-01-25 08:00:14 | INFO     | [DAY_START] Processing 07FEB
[LF] Processing ATZ-DMM for 07FEB
2026-01-25 08:00:14 | INFO     | [lf.day.start] Processing ATZ-DMM for 07FEB
[LF] Sending SN command: SN07FEBATZDMM/ASM
[LF] No direct flights on 07FEB for ATZ-DMM
2026-01-25 08:00:15 | WARNING  | [lf.day.no_flights] No direct flights on 07FEB
2026-01-25 08:00:15 | INFO     | [SUCCESS] Day 07FEB
2026-01-25 08:00:15 | INFO     | [DAY_START] Processing 06FEB
[LF] Processing ATZ-DMM for 06FEB
2026-01-25 08:00:15 | INFO     | [lf.day.start] Processing ATZ-DMM for 06FEB
[LF] Sending SN command: SN06FEBATZDMM/ASM
[LF] 06FEB: found 1 direct flights
2026-01-25 08:00:16 | INFO     | [lf.day.flights_found] Found 1 flights on 06FEB
2026-01-25 08:00:18 | INFO     | [lf.flight.extracted] SM437 on 06FEB: BKG=77, LF=43.0%
[LF] SM437 06FEB: BKG=77, GRP=0, CAP=179, LF%=43.0%, Brd-Off=ATZ-DMM, Classes: O:19, U:10, X:20, T:10, W:10, S:8
[LF] Getting WEEKLY/LASTSOLD data for 1 flights
[LF] SM437 06FEB: LASTSOLD=2026-01-25 00:00:00, WEEKLY=38, TODAY=5, YDAY=4
2026-01-25 08:00:23 | INFO     | [SUCCESS] Day 06FEB
2026-01-25 08:00:23 | INFO     | [DAY_START] Processing 05FEB
[LF] Processing ATZ-DMM for 05FEB
2026-01-25 08:00:23 | INFO     | [lf.day.start] Processing ATZ-DMM for 05FEB
[LF] Sending SN command: SN05FEBATZDMM/ASM
[LF] No direct flights on 05FEB for ATZ-DMM
2026-01-25 08:00:24 | WARNING  | [lf.day.no_flights] No direct flights on 05FEB
2026-01-25 08:00:24 | INFO     | [SUCCESS] Day 05FEB
2026-01-25 08:00:24 | INFO     | [DAY_START] Processing 04FEB
[LF] Processing ATZ-DMM for 04FEB
2026-01-25 08:00:24 | INFO     | [lf.day.start] Processing ATZ-DMM for 04FEB
[LF] Sending SN command: SN04FEBATZDMM/ASM
[LF] No direct flights on 04FEB for ATZ-DMM
2026-01-25 08:00:25 | WARNING  | [lf.day.no_flights] No direct flights on 04FEB
2026-01-25 08:00:25 | INFO     | [SUCCESS] Day 04FEB
2026-01-25 08:00:25 | INFO     | [DAY_START] Processing 03FEB
[LF] Processing ATZ-DMM for 03FEB
2026-01-25 08:00:25 | INFO     | [lf.day.start] Processing ATZ-DMM for 03FEB
[LF] Sending SN command: SN03FEBATZDMM/ASM
[LF] No direct flights on 03FEB for ATZ-DMM
2026-01-25 08:00:26 | WARNING  | [lf.day.no_flights] No direct flights on 03FEB
2026-01-25 08:00:26 | INFO     | [SUCCESS] Day 03FEB
2026-01-25 08:00:26 | INFO     | [DAY_START] Processing 02FEB
[LF] Processing ATZ-DMM for 02FEB
2026-01-25 08:00:26 | INFO     | [lf.day.start] Processing ATZ-DMM for 02FEB
[LF] Sending SN command: SN02FEBATZDMM/ASM
[LF] 02FEB: found 1 direct flights
2026-01-25 08:00:28 | INFO     | [lf.day.flights_found] Found 1 flights on 02FEB
2026-01-25 08:00:30 | INFO     | [lf.flight.extracted] SM437 on 02FEB: BKG=102, LF=57.0%
[LF] SM437 02FEB: BKG=102, GRP=0, CAP=179, LF%=57.0%, Brd-Off=ATZ-DMM, Classes: O:20, U:15, X:15, T:9, W:11, S:10, G:10, L:8, V:4
[LF] Getting WEEKLY/LASTSOLD data for 1 flights
[LF] SM437 02FEB: LASTSOLD=2026-01-25 00:00:00, WEEKLY=59, TODAY=4, YDAY=4
2026-01-25 08:00:35 | INFO     | [SUCCESS] Day 02FEB
2026-01-25 08:00:35 | INFO     | [DAY_START] Processing 01FEB
[LF] Processing ATZ-DMM for 01FEB
2026-01-25 08:00:35 | INFO     | [lf.day.start] Processing ATZ-DMM for 01FEB
[LF] Sending SN command: SN01FEBATZDMM/ASM
[LF] No direct flights on 01FEB for ATZ-DMM
2026-01-25 08:00:37 | WARNING  | [lf.day.no_flights] No direct flights on 01FEB
2026-01-25 08:00:37 | INFO     | [SUCCESS] Day 01FEB
[LF] Results summary:
  2026-02-08: 0 flights
  2026-02-07: 0 flights
  2026-02-06: 1 flights
  2026-02-05: 0 flights
  2026-02-04: 0 flights
  2026-02-03: 0 flights
  2026-02-02: 1 flights
  2026-02-01: 0 flights
2026-01-25 08:00:37 | INFO     | [SUCCESS] LF Search Complete

============================================================
[Worker_9222] ✓ COMPLETED: ATZ-DMM
  Results: 8 dates
  Errors: 0 dates
  Total Processed: 76 groups
============================================================

2026-01-25 08:00:37 | INFO     | [Worker_9222] Completed: ATZ-DMM - 8 results, 0 errors

============================================================
[Worker_9222] Processing: CAI-YNB
  Tier 0: Range 1, Chunk 3/4
  Dates: 8 days
  Date Range: 2026-02-08 to 2026-02-01
============================================================

2026-01-25 08:00:37 | INFO     | [Worker_9222] Processing: CAI-YNB
2026-01-25 08:00:37 | INFO     |   Tier 0: Range 1, Chunk 3/4 (8 days)
2026-01-25 08:00:37 | INFO     | ======================================================================
2026-01-25 08:00:37 | INFO     | Load Factor Scraper Started - Route: CAI-YNB
2026-01-25 08:00:37 | INFO     | Log file: D:\CODERED\LAB\Artifacts\outputs\run_generated_250126_at_07.06\logs\LF_CAI-YNB_20260125_080037.log
2026-01-25 08:00:37 | INFO     | Enhanced logging: Capturing both logging.info() and print()
2026-01-25 08:00:37 | INFO     | ======================================================================
[LF] Processing dates (override): ['08FEB', '07FEB', '06FEB', '05FEB', '04FEB', '03FEB', '02FEB', '01FEB']
[LF] Attaching to Chrome for Altea access
2026-01-25 08:00:37 | INFO     | Starting LF search for route: CAI-YNB
2026-01-25 08:00:37 | INFO     | [START] LF Search
[LF][[OK] SUCCESS] Connected to Chrome on 127.0.0.1:9222 (after 1 attempts)
2026-01-25 08:00:37 | INFO     | [HEALTH CHECK] [OK] Chrome connection is healthy
[LF][[OK] SUCCESS] Found Amadeus Altea window: Altéa Reservation Desktop
[LF][[INFO] INFO] URL: https://tc212.resdesktop.altea.amadeus.com/app_ard/apf/init/login?SITE=ESMPESMP&LANGUAGE=GB&MARKETS=ARDW_PROD_WBP&ACTION=clpLogin#
2026-01-25 08:00:37 | INFO     | [DAY_START] Processing 08FEB
[LF] Processing CAI-YNB for 08FEB
2026-01-25 08:00:37 | INFO     | [lf.day.start] Processing CAI-YNB for 08FEB
[LF] Sending SN command: SN08FEBCAIYNB/ASM
[LF] 08FEB: found 4 direct flights
2026-01-25 08:00:38 | INFO     | [lf.day.flights_found] Found 4 flights on 08FEB
2026-01-25 08:00:40 | INFO     | [lf.flight.extracted] SM981 on 08FEB: BKG=175, LF=97.8%
[LF] SM981 08FEB: BKG=175, GRP=175, CAP=179, LF%=97.8%, Brd-Off=CAI-YNB, Classes: P:175
2026-01-25 08:00:44 | INFO     | [lf.flight.extracted] SM441 on 08FEB: BKG=168, LF=95.5%
[LF] SM441 08FEB: BKG=168, GRP=135, CAP=176, LF%=95.5%, Brd-Off=CAI-YNB, Classes: P:135, U:12, X:7, T:3, W:4, S:7
2026-01-25 08:00:47 | INFO     | [lf.flight.extracted] SM983 on 08FEB: BKG=142, LF=79.3%
[LF] SM983 08FEB: BKG=142, GRP=135, CAP=179, LF%=79.3%, Brd-Off=CAI-YNB, Classes: P:135, W:4, S:3
2026-01-25 08:00:50 | INFO     | [lf.flight.extracted] SM985 on 08FEB: BKG=175, LF=97.8%
[LF] SM985 08FEB: BKG=175, GRP=175, CAP=179, LF%=97.8%, Brd-Off=CAI-YNB, Classes: P:175
[LF] Getting WEEKLY/LASTSOLD data for 4 flights
[LF] SM981 08FEB: LASTSOLD=2026-01-13 00:00:00, WEEKLY=0, TODAY=0, YDAY=0
[LF] SM441 08FEB: LASTSOLD=2026-01-20 00:00:00, WEEKLY=4, TODAY=0, YDAY=0
[LF] SM983 08FEB: LASTSOLD=2026-01-24 00:00:00, WEEKLY=8, TODAY=0, YDAY=3
[LF] SM985 08FEB: LASTSOLD=2026-01-19 00:00:00, WEEKLY=2, TODAY=0, YDAY=0
2026-01-25 08:00:58 | INFO     | [SUCCESS] Day 08FEB
2026-01-25 08:00:58 | INFO     | [DAY_START] Processing 07FEB
[LF] Processing CAI-YNB for 07FEB
2026-01-25 08:00:58 | INFO     | [lf.day.start] Processing CAI-YNB for 07FEB
[LF] Sending SN command: SN07FEBCAIYNB/ASM
[LF] 07FEB: found 1 direct flights
2026-01-25 08:00:59 | INFO     | [lf.day.flights_found] Found 1 flights on 07FEB
2026-01-25 08:01:01 | INFO     | [lf.flight.extracted] SM441 on 07FEB: BKG=166, LF=92.7%
[LF] SM441 07FEB: BKG=166, GRP=135, CAP=179, LF%=92.7%, Brd-Off=CAI-YNB, Classes: P:135, U:15, X:7, T:3, W:1, S:1, V:4
[LF] Getting WEEKLY/LASTSOLD data for 1 flights
[LF] SM441 07FEB: LASTSOLD=2026-01-21 00:00:00, WEEKLY=4, TODAY=0, YDAY=0
2026-01-25 08:01:04 | INFO     | [SUCCESS] Day 07FEB
2026-01-25 08:01:04 | INFO     | [DAY_START] Processing 06FEB
[LF] Processing CAI-YNB for 06FEB
2026-01-25 08:01:04 | INFO     | [lf.day.start] Processing CAI-YNB for 06FEB
[LF] Sending SN command: SN06FEBCAIYNB/ASM
[LF] 06FEB: found 1 direct flights
2026-01-25 08:01:06 | INFO     | [lf.day.flights_found] Found 1 flights on 06FEB
2026-01-25 08:01:08 | INFO     | [lf.flight.extracted] SM441 on 06FEB: BKG=153, LF=85.5%
[LF] SM441 06FEB: BKG=153, GRP=125, CAP=179, LF%=85.5%, Brd-Off=CAI-YNB, Classes: P:125, O:5, U:5, X:3, T:4, W:11
[LF] Getting WEEKLY/LASTSOLD data for 1 flights
[LF] SM441 06FEB: LASTSOLD=2026-01-24 00:00:00, WEEKLY=11, TODAY=0, YDAY=3
2026-01-25 08:01:11 | INFO     | [SUCCESS] Day 06FEB
2026-01-25 08:01:11 | INFO     | [DAY_START] Processing 05FEB
[LF] Processing CAI-YNB for 05FEB
2026-01-25 08:01:11 | INFO     | [lf.day.start] Processing CAI-YNB for 05FEB
[LF] Sending SN command: SN05FEBCAIYNB/ASM
[LF] 05FEB: found 1 direct flights
2026-01-25 08:01:12 | INFO     | [lf.day.flights_found] Found 1 flights on 05FEB
2026-01-25 08:01:14 | INFO     | [lf.flight.extracted] SM441 on 05FEB: BKG=30, LF=16.8%
[LF] SM441 05FEB: BKG=30, GRP=0, CAP=179, LF%=16.8%, Brd-Off=CAI-YNB, Classes: I:9, O:1, X:10, T:1, W:3, S:6
[LF] Getting WEEKLY/LASTSOLD data for 1 flights
[LF] SM441 05FEB: LASTSOLD=2026-01-24 00:00:00, WEEKLY=18, TODAY=0, YDAY=4
2026-01-25 08:01:18 | INFO     | [SUCCESS] Day 05FEB
2026-01-25 08:01:18 | INFO     | [DAY_START] Processing 04FEB
[LF] Processing CAI-YNB for 04FEB
2026-01-25 08:01:18 | INFO     | [lf.day.start] Processing CAI-YNB for 04FEB
[LF] Sending SN command: SN04FEBCAIYNB/ASM
[LF] 04FEB: found 1 direct flights
2026-01-25 08:01:19 | INFO     | [lf.day.flights_found] Found 1 flights on 04FEB
2026-01-25 08:01:21 | INFO     | [lf.flight.extracted] SM441 on 04FEB: BKG=36, LF=20.1%
[LF] SM441 04FEB: BKG=36, GRP=0, CAP=179, LF%=20.1%, Brd-Off=CAI-YNB, Classes: I:10, O:10, X:2, W:4, S:9, G:1
[LF] Getting WEEKLY/LASTSOLD data for 1 flights
[LF] SM441 04FEB: LASTSOLD=2026-01-24 00:00:00, WEEKLY=21, TODAY=0, YDAY=4
2026-01-25 08:01:24 | INFO     | [SUCCESS] Day 04FEB
2026-01-25 08:01:24 | INFO     | [DAY_START] Processing 03FEB
[LF] Processing CAI-YNB for 03FEB
2026-01-25 08:01:24 | INFO     | [lf.day.start] Processing CAI-YNB for 03FEB
[LF] Sending SN command: SN03FEBCAIYNB/ASM
[LF] 03FEB: found 1 direct flights
2026-01-25 08:01:25 | INFO     | [lf.day.flights_found] Found 1 flights on 03FEB
2026-01-25 08:01:27 | INFO     | [lf.flight.extracted] SM441 on 03FEB: BKG=20, LF=11.4%
[LF] SM441 03FEB: BKG=20, GRP=0, CAP=176, LF%=11.4%, Brd-Off=CAI-YNB, Classes: X:10, W:3, S:7
[LF] Getting WEEKLY/LASTSOLD data for 1 flights
[LF] SM441 03FEB: LASTSOLD=2026-01-24 00:00:00, WEEKLY=14, TODAY=0, YDAY=7
2026-01-25 08:01:30 | INFO     | [SUCCESS] Day 03FEB
2026-01-25 08:01:30 | INFO     | [DAY_START] Processing 02FEB
[LF] Processing CAI-YNB for 02FEB
2026-01-25 08:01:30 | INFO     | [lf.day.start] Processing CAI-YNB for 02FEB
[LF] Sending SN command: SN02FEBCAIYNB/ASM
[LF] 02FEB: found 1 direct flights
2026-01-25 08:01:32 | INFO     | [lf.day.flights_found] Found 1 flights on 02FEB
2026-01-25 08:01:33 | INFO     | [lf.flight.extracted] SM441 on 02FEB: BKG=21, LF=11.7%
[LF] SM441 02FEB: BKG=21, GRP=0, CAP=179, LF%=11.7%, Brd-Off=CAI-YNB, Classes: N:1, T:1, W:3, S:9, G:7
[LF] Getting WEEKLY/LASTSOLD data for 1 flights
[LF] SM441 02FEB: LASTSOLD=2026-01-20 00:00:00, WEEKLY=2, TODAY=0, YDAY=0
2026-01-25 08:01:37 | INFO     | [SUCCESS] Day 02FEB
2026-01-25 08:01:37 | INFO     | [DAY_START] Processing 01FEB
[LF] Processing CAI-YNB for 01FEB
2026-01-25 08:01:37 | INFO     | [lf.day.start] Processing CAI-YNB for 01FEB
[LF] Sending SN command: SN01FEBCAIYNB/ASM
[LF] 01FEB: found 1 direct flights
2026-01-25 08:01:38 | INFO     | [lf.day.flights_found] Found 1 flights on 01FEB
2026-01-25 08:01:40 | INFO     | [lf.flight.extracted] SM441 on 01FEB: BKG=42, LF=23.5%
[LF] SM441 01FEB: BKG=42, GRP=0, CAP=179, LF%=23.5%, Brd-Off=CAI-YNB, Classes: X:1, W:3, S:9, G:18, L:11
[LF] Getting WEEKLY/LASTSOLD data for 1 flights
[LF] SM441 01FEB: LASTSOLD=2026-01-23 00:00:00, WEEKLY=13, TODAY=0, YDAY=0
2026-01-25 08:01:43 | INFO     | [SUCCESS] Day 01FEB
[LF] Results summary:
  2026-02-08: 4 flights
  2026-02-07: 1 flights
  2026-02-06: 1 flights
  2026-02-05: 1 flights
  2026-02-04: 1 flights
  2026-02-03: 1 flights
  2026-02-02: 1 flights
  2026-02-01: 1 flights
2026-01-25 08:01:43 | INFO     | [SUCCESS] LF Search Complete

============================================================
[Worker_9222] ✓ COMPLETED: CAI-YNB
  Results: 8 dates
  Errors: 0 dates
  Total Processed: 77 groups
============================================================

2026-01-25 08:01:43 | INFO     | [Worker_9222] Completed: CAI-YNB - 8 results, 0 errors

============================================================
[Worker_9222] Processing: JED-LXR
  Tier 0: Range 1, Chunk 4/4
  Dates: 7 days
  Date Range: 2026-01-31 to 2026-01-25
============================================================

2026-01-25 08:01:43 | INFO     | [Worker_9222] Processing: JED-LXR
2026-01-25 08:01:43 | INFO     |   Tier 0: Range 1, Chunk 4/4 (7 days)
2026-01-25 08:01:43 | INFO     | ======================================================================
2026-01-25 08:01:43 | INFO     | Load Factor Scraper Started - Route: JED-LXR
2026-01-25 08:01:43 | INFO     | Log file: D:\CODERED\LAB\Artifacts\outputs\run_generated_250126_at_07.06\logs\LF_JED-LXR_20260125_080143.log
2026-01-25 08:01:43 | INFO     | Enhanced logging: Capturing both logging.info() and print()
2026-01-25 08:01:43 | INFO     | ======================================================================
[LF] Processing dates (override): ['31JAN', '30JAN', '29JAN', '28JAN', '27JAN', '26JAN', '25JAN']
[LF] Attaching to Chrome for Altea access
2026-01-25 08:01:43 | INFO     | Starting LF search for route: JED-LXR
2026-01-25 08:01:43 | INFO     | [START] LF Search
[LF][[OK] SUCCESS] Connected to Chrome on 127.0.0.1:9222 (after 1 attempts)
2026-01-25 08:01:44 | INFO     | [HEALTH CHECK] [OK] Chrome connection is healthy
[LF][[OK] SUCCESS] Found Amadeus Altea window: Altéa Reservation Desktop
[LF][[INFO] INFO] URL: https://tc212.resdesktop.altea.amadeus.com/app_ard/apf/init/login?SITE=ESMPESMP&LANGUAGE=GB&MARKETS=ARDW_PROD_WBP&ACTION=clpLogin#
2026-01-25 08:01:44 | INFO     | [DAY_START] Processing 31JAN
[LF] Processing JED-LXR for 31JAN
2026-01-25 08:01:44 | INFO     | [lf.day.start] Processing JED-LXR for 31JAN
[LF] Sending SN command: SN31JANJEDLXR/ASM
[LF] No direct flights on 31JAN for JED-LXR
2026-01-25 08:01:45 | WARNING  | [lf.day.no_flights] No direct flights on 31JAN
2026-01-25 08:01:45 | INFO     | [SUCCESS] Day 31JAN
2026-01-25 08:01:45 | INFO     | [DAY_START] Processing 30JAN
[LF] Processing JED-LXR for 30JAN
2026-01-25 08:01:45 | INFO     | [lf.day.start] Processing JED-LXR for 30JAN
[LF] Sending SN command: SN30JANJEDLXR/ASM
[LF] No direct flights on 30JAN for JED-LXR
2026-01-25 08:01:47 | WARNING  | [lf.day.no_flights] No direct flights on 30JAN
2026-01-25 08:01:47 | INFO     | [SUCCESS] Day 30JAN
2026-01-25 08:01:47 | INFO     | [DAY_START] Processing 29JAN
[LF] Processing JED-LXR for 29JAN
2026-01-25 08:01:47 | INFO     | [lf.day.start] Processing JED-LXR for 29JAN
[LF] Sending SN command: SN29JANJEDLXR/ASM
[LF] No direct flights on 29JAN for JED-LXR
2026-01-25 08:01:48 | WARNING  | [lf.day.no_flights] No direct flights on 29JAN
2026-01-25 08:01:48 | INFO     | [SUCCESS] Day 29JAN
2026-01-25 08:01:48 | INFO     | [DAY_START] Processing 28JAN
[LF] Processing JED-LXR for 28JAN
2026-01-25 08:01:48 | INFO     | [lf.day.start] Processing JED-LXR for 28JAN
[LF] Sending SN command: SN28JANJEDLXR/ASM
[LF] 28JAN: found 1 direct flights
2026-01-25 08:01:49 | INFO     | [lf.day.flights_found] Found 1 flights on 28JAN
2026-01-25 08:01:52 | INFO     | [lf.flight.extracted] SM962 on 28JAN: BKG=180, LF=107.8%
[LF] SM962 28JAN: BKG=180, GRP=180, CAP=167, LF%=107.8%, Brd-Off=JED-LXR, Classes: X:180
[LF] Getting WEEKLY/LASTSOLD data for 1 flights
[LF] SM962 28JAN: LASTSOLD=2026-01-12 00:00:00, WEEKLY=0, TODAY=0, YDAY=0
2026-01-25 08:01:57 | INFO     | [SUCCESS] Day 28JAN
2026-01-25 08:01:57 | INFO     | [DAY_START] Processing 27JAN
[LF] Processing JED-LXR for 27JAN
2026-01-25 08:01:57 | INFO     | [lf.day.start] Processing JED-LXR for 27JAN
[LF] Sending SN command: SN27JANJEDLXR/ASM
[LF] 27JAN: found 6 direct flights
2026-01-25 08:01:58 | INFO     | [lf.day.flights_found] Found 6 flights on 27JAN
2026-01-25 08:02:00 | INFO     | [lf.flight.extracted] SM482 on 27JAN: BKG=180, LF=107.8%
[LF] SM482 27JAN: BKG=180, GRP=180, CAP=167, LF%=107.8%, Brd-Off=JED-LXR, Classes: X:180
2026-01-25 08:02:03 | INFO     | [lf.flight.extracted] SM984 on 27JAN: BKG=55, LF=31.4%
[LF] SM984 27JAN: BKG=55, GRP=55, CAP=175, LF%=31.4%, Brd-Off=JED-LXR, Classes: P:55
2026-01-25 08:02:06 | INFO     | [lf.flight.extracted] SM430 on 27JAN: BKG=180, LF=107.8%
[LF] SM430 27JAN: BKG=180, GRP=180, CAP=167, LF%=107.8%, Brd-Off=JED-LXR, Classes: X:180
2026-01-25 08:02:10 | INFO     | [lf.flight.extracted] SM484 on 27JAN: BKG=178, LF=106.6%
[LF] SM484 27JAN: BKG=178, GRP=178, CAP=167, LF%=106.6%, Brd-Off=JED-LXR, Classes: P:9, X:169
2026-01-25 08:02:13 | INFO     | [lf.flight.extracted] SM982 on 27JAN: BKG=180, LF=107.8%
[LF] SM982 27JAN: BKG=180, GRP=180, CAP=167, LF%=107.8%, Brd-Off=JED-LXR, Classes: X:180
2026-01-25 08:02:16 | INFO     | [lf.flight.extracted] SM960 on 27JAN: BKG=180, LF=107.8%
[LF] SM960 27JAN: BKG=180, GRP=180, CAP=167, LF%=107.8%, Brd-Off=JED-LXR, Classes: X:180
[LF] Getting WEEKLY/LASTSOLD data for 6 flights
[LF] SM482 27JAN: LASTSOLD=2026-01-12 00:00:00, WEEKLY=0, TODAY=0, YDAY=0
2026-01-25 08:02:21 | ERROR    | Atomic write failed for D:\CODERED\LAB\Artifacts\outputs\run_generated_250126_at_07.06\checkpoints\flight_booking_data.json: [WinError 5] Access is denied: 'D:\\CODERED\\LAB\\Artifacts\\outputs\\run_generated_250126_at_07.06\\checkpoints\\flight_booking_data.tmp_aaaf516c' -> 'D:\\CODERED\\LAB\\Artifacts\\outputs\\run_generated_250126_at_07.06\\checkpoints\\flight_booking_data.json'
[LF] SM984 27JAN: LASTSOLD=2026-01-23 00:00:00, WEEKLY=56, TODAY=0, YDAY=0
[LF] SM430 27JAN: LASTSOLD=2026-01-12 00:00:00, WEEKLY=0, TODAY=0, YDAY=0
[LF] SM484 27JAN: LASTSOLD=2026-01-21 00:00:00, WEEKLY=10, TODAY=0, YDAY=0
[LF] SM982 27JAN: LASTSOLD=2026-01-19 00:00:00, WEEKLY=3, TODAY=0, YDAY=0
[LF] SM960 27JAN: LASTSOLD=2026-01-12 00:00:00, WEEKLY=0, TODAY=0, YDAY=0
2026-01-25 08:02:41 | INFO     | [SUCCESS] Day 27JAN
2026-01-25 08:02:41 | INFO     | [DAY_START] Processing 26JAN
[LF] Processing JED-LXR for 26JAN
2026-01-25 08:02:41 | INFO     | [lf.day.start] Processing JED-LXR for 26JAN
[LF] Sending SN command: SN26JANJEDLXR/ASM
[LF] No direct flights on 26JAN for JED-LXR
2026-01-25 08:02:42 | WARNING  | [lf.day.no_flights] No direct flights on 26JAN
2026-01-25 08:02:42 | INFO     | [SUCCESS] Day 26JAN
[LF] Skipping 25JAN (Today) - will be processed by supplement scan
[LF] Results summary:
  2026-01-31: 0 flights
  2026-01-30: 0 flights
  2026-01-29: 0 flights
  2026-01-28: 1 flights
  2026-01-27: 6 flights
  2026-01-26: 0 flights
2026-01-25 08:02:42 | INFO     | [SUCCESS] LF Search Complete

============================================================
[Worker_9222] ✓ COMPLETED: JED-LXR
  Results: 6 dates
  Errors: 0 dates
  Total Processed: 78 groups
============================================================

2026-01-25 08:02:42 | INFO     | [Worker_9222] Completed: JED-LXR - 6 results, 0 errors

============================================================
[Worker_9222] Processing: TUU-CAI
  Tier 0: Range 1, Chunk 4/4
  Dates: 7 days
  Date Range: 2026-01-31 to 2026-01-25
============================================================

2026-01-25 08:02:42 | INFO     | [Worker_9222] Processing: TUU-CAI
2026-01-25 08:02:42 | INFO     |   Tier 0: Range 1, Chunk 4/4 (7 days)
2026-01-25 08:02:42 | INFO     | ======================================================================
2026-01-25 08:02:42 | INFO     | Load Factor Scraper Started - Route: TUU-CAI
2026-01-25 08:02:42 | INFO     | Log file: D:\CODERED\LAB\Artifacts\outputs\run_generated_250126_at_07.06\logs\LF_TUU-CAI_20260125_080242.log
2026-01-25 08:02:42 | INFO     | Enhanced logging: Capturing both logging.info() and print()
2026-01-25 08:02:42 | INFO     | ======================================================================
[LF] Processing dates (override): ['31JAN', '30JAN', '29JAN', '28JAN', '27JAN', '26JAN', '25JAN']
[LF] Attaching to Chrome for Altea access
2026-01-25 08:02:42 | INFO     | Starting LF search for route: TUU-CAI
2026-01-25 08:02:42 | INFO     | [START] LF Search
[LF][[OK] SUCCESS] Connected to Chrome on 127.0.0.1:9222 (after 1 attempts)
2026-01-25 08:02:43 | INFO     | [HEALTH CHECK] [OK] Chrome connection is healthy
[LF][[OK] SUCCESS] Found Amadeus Altea window: Altéa Reservation Desktop
[LF][[INFO] INFO] URL: https://tc212.resdesktop.altea.amadeus.com/app_ard/apf/init/login?SITE=ESMPESMP&LANGUAGE=GB&MARKETS=ARDW_PROD_WBP&ACTION=clpLogin#
2026-01-25 08:02:43 | INFO     | [DAY_START] Processing 31JAN
[LF] Processing TUU-CAI for 31JAN
2026-01-25 08:02:43 | INFO     | [lf.day.start] Processing TUU-CAI for 31JAN
[LF] Sending SN command: SN31JANTUUCAI/ASM
[LF] 31JAN: found 1 direct flights
2026-01-25 08:02:44 | INFO     | [lf.day.flights_found] Found 1 flights on 31JAN
2026-01-25 08:02:46 | INFO     | [lf.flight.extracted] SM326 on 31JAN: BKG=37, LF=21.1%
[LF] SM326 31JAN: BKG=37, GRP=0, CAP=175, LF%=21.1%, Brd-Off=TUU-CAI, Classes: I:33, O:4
[LF] Getting WEEKLY/LASTSOLD data for 1 flights
[LF] SM326 31JAN: LASTSOLD=2026-01-24 00:00:00, WEEKLY=21, TODAY=0, YDAY=8
2026-01-25 08:02:49 | INFO     | [SUCCESS] Day 31JAN
2026-01-25 08:02:49 | INFO     | [DAY_START] Processing 30JAN
[LF] Processing TUU-CAI for 30JAN
2026-01-25 08:02:49 | INFO     | [lf.day.start] Processing TUU-CAI for 30JAN
[LF] Sending SN command: SN30JANTUUCAI/ASM
[LF] 30JAN: found 1 direct flights
2026-01-25 08:02:50 | INFO     | [lf.day.flights_found] Found 1 flights on 30JAN
2026-01-25 08:02:52 | INFO     | [lf.flight.extracted] SM326 on 30JAN: BKG=66, LF=62.9%
[LF] SM326 30JAN: BKG=66, GRP=0, CAP=105, LF%=62.9%, Brd-Off=TUU-CAI, Classes: I:56, O:6, U:4
[LF] Getting WEEKLY/LASTSOLD data for 1 flights
[LF] SM326 30JAN: LASTSOLD=2026-01-22 00:00:00, WEEKLY=66, TODAY=0, YDAY=0
2026-01-25 08:02:57 | INFO     | [SUCCESS] Day 30JAN
2026-01-25 08:02:57 | INFO     | [DAY_START] Processing 29JAN
[LF] Processing TUU-CAI for 29JAN
2026-01-25 08:02:57 | INFO     | [lf.day.start] Processing TUU-CAI for 29JAN
[LF] Sending SN command: SN29JANTUUCAI/ASM
[LF] 29JAN: 1 cancelled flight(s) detected from SN (TUU-CAI)
[LF] No direct flights on 29JAN for TUU-CAI
2026-01-25 08:02:58 | WARNING  | [lf.day.no_flights] No direct flights on 29JAN
2026-01-25 08:02:58 | INFO     | [SUCCESS] Day 29JAN
2026-01-25 08:02:58 | INFO     | [DAY_START] Processing 28JAN
[LF] Processing TUU-CAI for 28JAN
2026-01-25 08:02:58 | INFO     | [lf.day.start] Processing TUU-CAI for 28JAN
[LF] Sending SN command: SN28JANTUUCAI/ASM
[LF] 28JAN: 1 cancelled flight(s) detected from SN (TUU-CAI)
[LF] No direct flights on 28JAN for TUU-CAI
2026-01-25 08:02:59 | WARNING  | [lf.day.no_flights] No direct flights on 28JAN
2026-01-25 08:02:59 | INFO     | [SUCCESS] Day 28JAN
2026-01-25 08:02:59 | INFO     | [DAY_START] Processing 27JAN
[LF] Processing TUU-CAI for 27JAN
2026-01-25 08:02:59 | INFO     | [lf.day.start] Processing TUU-CAI for 27JAN
[LF] Sending SN command: SN27JANTUUCAI/ASM
[LF] No direct flights on 27JAN for TUU-CAI
2026-01-25 08:03:00 | WARNING  | [lf.day.no_flights] No direct flights on 27JAN
2026-01-25 08:03:00 | INFO     | [SUCCESS] Day 27JAN
2026-01-25 08:03:00 | INFO     | [DAY_START] Processing 26JAN
[LF] Processing TUU-CAI for 26JAN
2026-01-25 08:03:00 | INFO     | [lf.day.start] Processing TUU-CAI for 26JAN
[LF] Sending SN command: SN26JANTUUCAI/ASM
[LF] No direct flights on 26JAN for TUU-CAI
2026-01-25 08:03:01 | WARNING  | [lf.day.no_flights] No direct flights on 26JAN
2026-01-25 08:03:01 | INFO     | [SUCCESS] Day 26JAN
[LF] Skipping 25JAN (Today) - will be processed by supplement scan
[LF] Results summary:
  2026-01-31: 1 flights
  2026-01-30: 1 flights
  2026-01-29: 0 flights
  2026-01-28: 0 flights
  2026-01-27: 0 flights
  2026-01-26: 0 flights
[LF] Cancelled flights found: 2
  - SM326 29JAN (SN)
  - SM326 28JAN (SN)
2026-01-25 08:03:01 | INFO     | [SUCCESS] LF Search Complete
[Worker_9222] Cancelled flights collected: 2

============================================================
[Worker_9222] ✓ COMPLETED: TUU-CAI
  Results: 6 dates
  Errors: 0 dates
  Total Processed: 79 groups
============================================================

2026-01-25 08:03:01 | INFO     | [Worker_9222] Completed: TUU-CAI - 6 results, 0 errors

============================================================
[Worker_9222] Processing: AHB-CAI
  Tier 0: Range 1, Chunk 4/4
  Dates: 7 days
  Date Range: 2026-01-31 to 2026-01-25
============================================================

2026-01-25 08:03:01 | INFO     | [Worker_9222] Processing: AHB-CAI
2026-01-25 08:03:01 | INFO     |   Tier 0: Range 1, Chunk 4/4 (7 days)
2026-01-25 08:03:01 | INFO     | ======================================================================
2026-01-25 08:03:01 | INFO     | Load Factor Scraper Started - Route: AHB-CAI
2026-01-25 08:03:01 | INFO     | Log file: D:\CODERED\LAB\Artifacts\outputs\run_generated_250126_at_07.06\logs\LF_AHB-CAI_20260125_080301.log
2026-01-25 08:03:01 | INFO     | Enhanced logging: Capturing both logging.info() and print()
2026-01-25 08:03:01 | INFO     | ======================================================================
[LF] Processing dates (override): ['31JAN', '30JAN', '29JAN', '28JAN', '27JAN', '26JAN', '25JAN']
[LF] Attaching to Chrome for Altea access
2026-01-25 08:03:01 | INFO     | Starting LF search for route: AHB-CAI
2026-01-25 08:03:01 | INFO     | [START] LF Search
[LF][[OK] SUCCESS] Connected to Chrome on 127.0.0.1:9222 (after 1 attempts)
2026-01-25 08:03:02 | INFO     | [HEALTH CHECK] [OK] Chrome connection is healthy
[LF][[OK] SUCCESS] Found Amadeus Altea window: Altéa Reservation Desktop
[LF][[INFO] INFO] URL: https://tc212.resdesktop.altea.amadeus.com/app_ard/apf/init/login?SITE=ESMPESMP&LANGUAGE=GB&MARKETS=ARDW_PROD_WBP&ACTION=clpLogin#
2026-01-25 08:03:02 | INFO     | [DAY_START] Processing 31JAN
[LF] Processing AHB-CAI for 31JAN
2026-01-25 08:03:02 | INFO     | [lf.day.start] Processing AHB-CAI for 31JAN
[LF] Sending SN command: SN31JANAHBCAI/ASM
[LF] No direct flights on 31JAN for AHB-CAI
2026-01-25 08:03:03 | WARNING  | [lf.day.no_flights] No direct flights on 31JAN
2026-01-25 08:03:03 | INFO     | [SUCCESS] Day 31JAN
2026-01-25 08:03:03 | INFO     | [DAY_START] Processing 30JAN
[LF] Processing AHB-CAI for 30JAN
2026-01-25 08:03:03 | INFO     | [lf.day.start] Processing AHB-CAI for 30JAN
[LF] Sending SN command: SN30JANAHBCAI/ASM
[LF] 30JAN: found 1 direct flights
2026-01-25 08:03:04 | INFO     | [lf.day.flights_found] Found 1 flights on 30JAN
2026-01-25 08:03:06 | INFO     | [lf.flight.extracted] SM444 on 30JAN: BKG=101, LF=57.7%
[LF] SM444 30JAN: BKG=101, GRP=0, CAP=175, LF%=57.7%, Brd-Off=AHB-CAI, Classes: O:5, U:7, X:59, T:11, W:16, S:3
[LPC] SM444 30JAN: Found 1 outbound flights with connecting passengers
[LF] Getting WEEKLY/LASTSOLD data for 1 flights
[LF] SM444 30JAN: LASTSOLD=2026-01-24 00:00:00, WEEKLY=33, TODAY=0, YDAY=14
2026-01-25 08:03:13 | INFO     | [SUCCESS] Day 30JAN
2026-01-25 08:03:13 | INFO     | [DAY_START] Processing 29JAN
[LF] Processing AHB-CAI for 29JAN
2026-01-25 08:03:13 | INFO     | [lf.day.start] Processing AHB-CAI for 29JAN
[LF] Sending SN command: SN29JANAHBCAI/ASM
[LF] 29JAN: found 1 direct flights
2026-01-25 08:03:14 | INFO     | [lf.day.flights_found] Found 1 flights on 29JAN
2026-01-25 08:03:16 | INFO     | [lf.flight.extracted] SM448 on 29JAN: BKG=103, LF=58.9%
[LF] SM448 29JAN: BKG=103, GRP=0, CAP=175, LF%=58.9%, Brd-Off=AHB-CAI, Classes: O:5, U:13, X:59, T:19, W:4, S:3
[LPC] SM448 29JAN: Found 2 outbound flights with connecting passengers
[LF] Getting WEEKLY/LASTSOLD data for 1 flights
[LF] SM448 29JAN: LASTSOLD=2026-01-24 00:00:00, WEEKLY=31, TODAY=0, YDAY=3
2026-01-25 08:03:24 | INFO     | [SUCCESS] Day 29JAN
2026-01-25 08:03:24 | INFO     | [DAY_START] Processing 28JAN
[LF] Processing AHB-CAI for 28JAN
2026-01-25 08:03:24 | INFO     | [lf.day.start] Processing AHB-CAI for 28JAN
[LF] Sending SN command: SN28JANAHBCAI/ASM
[LF] No direct flights on 28JAN for AHB-CAI
2026-01-25 08:03:25 | WARNING  | [lf.day.no_flights] No direct flights on 28JAN
2026-01-25 08:03:25 | INFO     | [SUCCESS] Day 28JAN
2026-01-25 08:03:25 | INFO     | [DAY_START] Processing 27JAN
[LF] Processing AHB-CAI for 27JAN
2026-01-25 08:03:25 | INFO     | [lf.day.start] Processing AHB-CAI for 27JAN
[LF] Sending SN command: SN27JANAHBCAI/ASM
[LF] No direct flights on 27JAN for AHB-CAI
2026-01-25 08:03:26 | WARNING  | [lf.day.no_flights] No direct flights on 27JAN
2026-01-25 08:03:26 | INFO     | [SUCCESS] Day 27JAN
2026-01-25 08:03:26 | INFO     | [DAY_START] Processing 26JAN
[LF] Processing AHB-CAI for 26JAN
2026-01-25 08:03:26 | INFO     | [lf.day.start] Processing AHB-CAI for 26JAN
[LF] Sending SN command: SN26JANAHBCAI/ASM
[LF] No direct flights on 26JAN for AHB-CAI
2026-01-25 08:03:27 | WARNING  | [lf.day.no_flights] No direct flights on 26JAN
2026-01-25 08:03:27 | INFO     | [SUCCESS] Day 26JAN
[LF] Skipping 25JAN (Today) - will be processed by supplement scan
[LF] Results summary:
  2026-01-31: 0 flights
  2026-01-30: 1 flights
  2026-01-29: 1 flights
  2026-01-28: 0 flights
  2026-01-27: 0 flights
  2026-01-26: 0 flights
2026-01-25 08:03:27 | INFO     | [SUCCESS] LF Search Complete

============================================================
[Worker_9222] ✓ COMPLETED: AHB-CAI
  Results: 6 dates
  Errors: 0 dates
  Total Processed: 80 groups
============================================================

2026-01-25 08:03:27 | INFO     | [Worker_9222] Completed: AHB-CAI - 6 results, 0 errors

============================================================
[Worker_9222] Processing: CAI-MED
  Tier 0: Range 1, Chunk 4/4
  Dates: 7 days
  Date Range: 2026-01-31 to 2026-01-25
============================================================

2026-01-25 08:03:27 | INFO     | [Worker_9222] Processing: CAI-MED
2026-01-25 08:03:27 | INFO     |   Tier 0: Range 1, Chunk 4/4 (7 days)
2026-01-25 08:03:27 | INFO     | ======================================================================
2026-01-25 08:03:27 | INFO     | Load Factor Scraper Started - Route: CAI-MED
2026-01-25 08:03:27 | INFO     | Log file: D:\CODERED\LAB\Artifacts\outputs\run_generated_250126_at_07.06\logs\LF_CAI-MED_20260125_080327.log
2026-01-25 08:03:27 | INFO     | Enhanced logging: Capturing both logging.info() and print()
2026-01-25 08:03:27 | INFO     | ======================================================================
[LF] Processing dates (override): ['31JAN', '30JAN', '29JAN', '28JAN', '27JAN', '26JAN', '25JAN']
[LF] Attaching to Chrome for Altea access
2026-01-25 08:03:27 | INFO     | Starting LF search for route: CAI-MED
2026-01-25 08:03:27 | INFO     | [START] LF Search
[LF][[OK] SUCCESS] Connected to Chrome on 127.0.0.1:9222 (after 1 attempts)
2026-01-25 08:03:28 | INFO     | [HEALTH CHECK] [OK] Chrome connection is healthy
[LF][[OK] SUCCESS] Found Amadeus Altea window: Altéa Reservation Desktop
[LF][[INFO] INFO] URL: https://tc212.resdesktop.altea.amadeus.com/app_ard/apf/init/login?SITE=ESMPESMP&LANGUAGE=GB&MARKETS=ARDW_PROD_WBP&ACTION=clpLogin#
2026-01-25 08:03:28 | INFO     | [DAY_START] Processing 31JAN
[LF] Processing CAI-MED for 31JAN
2026-01-25 08:03:28 | INFO     | [lf.day.start] Processing CAI-MED for 31JAN
[LF] Sending SN command: SN31JANCAIMED/ASM
[LF] 31JAN: found 1 direct flights
2026-01-25 08:03:29 | INFO     | [lf.day.flights_found] Found 1 flights on 31JAN
2026-01-25 08:03:31 | INFO     | [lf.flight.extracted] SM493 on 31JAN: BKG=79, LF=44.1%
[LF] SM493 31JAN: BKG=79, GRP=0, CAP=179, LF%=44.1%, Brd-Off=CAI-MED, Classes: O:20, U:10, X:8, T:22, W:15, S:3, L:1
[LF] Getting WEEKLY/LASTSOLD data for 1 flights
[LF] SM493 31JAN: LASTSOLD=2026-01-24 00:00:00, WEEKLY=59, TODAY=0, YDAY=5
2026-01-25 08:03:35 | INFO     | [SUCCESS] Day 31JAN
2026-01-25 08:03:35 | INFO     | [DAY_START] Processing 30JAN
[LF] Processing CAI-MED for 30JAN
2026-01-25 08:03:35 | INFO     | [lf.day.start] Processing CAI-MED for 30JAN
[LF] Sending SN command: SN30JANCAIMED/ASM
[LF] No direct flights on 30JAN for CAI-MED
2026-01-25 08:03:36 | WARNING  | [lf.day.no_flights] No direct flights on 30JAN
2026-01-25 08:03:36 | INFO     | [SUCCESS] Day 30JAN
2026-01-25 08:03:36 | INFO     | [DAY_START] Processing 29JAN
[LF] Processing CAI-MED for 29JAN
2026-01-25 08:03:36 | INFO     | [lf.day.start] Processing CAI-MED for 29JAN
[LF] Sending SN command: SN29JANCAIMED/ASM
[LF] 29JAN: found 1 direct flights
2026-01-25 08:03:37 | INFO     | [lf.day.flights_found] Found 1 flights on 29JAN
2026-01-25 08:03:39 | INFO     | [lf.flight.extracted] SM493 on 29JAN: BKG=172, LF=97.7%
[LF] SM493 29JAN: BKG=172, GRP=118, CAP=176, LF%=97.7%, Brd-Off=CAI-MED, Classes: P:111, T:10, W:22, S:15, G:10, K:4
[LF] Getting WEEKLY/LASTSOLD data for 1 flights
[LF] SM493 29JAN: LASTSOLD=2026-01-23 00:00:00, WEEKLY=17, TODAY=0, YDAY=0
2026-01-25 08:03:44 | INFO     | [SUCCESS] Day 29JAN
2026-01-25 08:03:44 | INFO     | [DAY_START] Processing 28JAN
[LF] Processing CAI-MED for 28JAN
2026-01-25 08:03:44 | INFO     | [lf.day.start] Processing CAI-MED for 28JAN
[LF] Sending SN command: SN28JANCAIMED/ASM
[LF] No direct flights on 28JAN for CAI-MED
2026-01-25 08:03:45 | WARNING  | [lf.day.no_flights] No direct flights on 28JAN
2026-01-25 08:03:45 | INFO     | [SUCCESS] Day 28JAN
2026-01-25 08:03:45 | INFO     | [DAY_START] Processing 27JAN
[LF] Processing CAI-MED for 27JAN
2026-01-25 08:03:45 | INFO     | [lf.day.start] Processing CAI-MED for 27JAN
[LF] Sending SN command: SN27JANCAIMED/ASM
[LF] 27JAN: found 1 direct flights
2026-01-25 08:03:47 | INFO     | [lf.day.flights_found] Found 1 flights on 27JAN
2026-01-25 08:03:49 | INFO     | [lf.flight.extracted] SM493 on 27JAN: BKG=179, LF=100.0%
[LF] SM493 27JAN: BKG=179, GRP=128, CAP=179, LF%=100.0%, Brd-Off=CAI-MED, Classes: P:128, X:10, T:20, W:21
[LF] Getting WEEKLY/LASTSOLD data for 1 flights
[LF] SM493 27JAN: LASTSOLD=2026-01-25 00:00:00, WEEKLY=50, TODAY=1, YDAY=22
2026-01-25 08:03:53 | INFO     | [SUCCESS] Day 27JAN
2026-01-25 08:03:53 | INFO     | [DAY_START] Processing 26JAN
[LF] Processing CAI-MED for 26JAN
2026-01-25 08:03:53 | INFO     | [lf.day.start] Processing CAI-MED for 26JAN
[LF] Sending SN command: SN26JANCAIMED/ASM
[LF] 26JAN: found 1 direct flights
2026-01-25 08:03:55 | INFO     | [lf.day.flights_found] Found 1 flights on 26JAN
2026-01-25 08:03:57 | INFO     | [lf.flight.extracted] SM495 on 26JAN: BKG=178, LF=99.4%
[LF] SM495 26JAN: BKG=178, GRP=117, CAP=179, LF%=99.4%, Brd-Off=CAI-MED, Classes: P:117, T:9, W:13, S:15, G:4, K:20
[LF] Getting WEEKLY/LASTSOLD data for 1 flights
[LF] SM495 26JAN: LASTSOLD=2026-01-25 00:00:00, WEEKLY=20, TODAY=2, YDAY=2
2026-01-25 08:04:02 | INFO     | [SUCCESS] Day 26JAN
[LF] Skipping 25JAN (Today) - will be processed by supplement scan
[LF] Results summary:
  2026-01-31: 1 flights
  2026-01-30: 0 flights
  2026-01-29: 1 flights
  2026-01-28: 0 flights
  2026-01-27: 1 flights
  2026-01-26: 1 flights
2026-01-25 08:04:02 | INFO     | [SUCCESS] LF Search Complete

============================================================
[Worker_9222] ✓ COMPLETED: CAI-MED
  Results: 6 dates
  Errors: 0 dates
  Total Processed: 81 groups
============================================================

2026-01-25 08:04:02 | INFO     | [Worker_9222] Completed: CAI-MED - 6 results, 0 errors

============================================================
[Worker_9222] Processing: CAI-RUH
  Tier 0: Range 1, Chunk 4/4
  Dates: 7 days
  Date Range: 2026-01-31 to 2026-01-25
============================================================

2026-01-25 08:04:02 | INFO     | [Worker_9222] Processing: CAI-RUH
2026-01-25 08:04:02 | INFO     |   Tier 0: Range 1, Chunk 4/4 (7 days)
2026-01-25 08:04:02 | INFO     | ======================================================================
2026-01-25 08:04:02 | INFO     | Load Factor Scraper Started - Route: CAI-RUH
2026-01-25 08:04:02 | INFO     | Log file: D:\CODERED\LAB\Artifacts\outputs\run_generated_250126_at_07.06\logs\LF_CAI-RUH_20260125_080402.log
2026-01-25 08:04:02 | INFO     | Enhanced logging: Capturing both logging.info() and print()
2026-01-25 08:04:02 | INFO     | ======================================================================
[LF] Processing dates (override): ['31JAN', '30JAN', '29JAN', '28JAN', '27JAN', '26JAN', '25JAN']
[LF] Attaching to Chrome for Altea access
2026-01-25 08:04:02 | INFO     | Starting LF search for route: CAI-RUH
2026-01-25 08:04:02 | INFO     | [START] LF Search
[LF][[OK] SUCCESS] Connected to Chrome on 127.0.0.1:9222 (after 1 attempts)
2026-01-25 08:04:02 | INFO     | [HEALTH CHECK] [OK] Chrome connection is healthy
[LF][[OK] SUCCESS] Found Amadeus Altea window: Altéa Reservation Desktop
[LF][[INFO] INFO] URL: https://tc212.resdesktop.altea.amadeus.com/app_ard/apf/init/login?SITE=ESMPESMP&LANGUAGE=GB&MARKETS=ARDW_PROD_WBP&ACTION=clpLogin#
2026-01-25 08:04:02 | INFO     | [DAY_START] Processing 31JAN
[LF] Processing CAI-RUH for 31JAN
2026-01-25 08:04:02 | INFO     | [lf.day.start] Processing CAI-RUH for 31JAN
[LF] Sending SN command: SN31JANCAIRUH/ASM
[LF] 31JAN: found 1 direct flights
2026-01-25 08:04:04 | INFO     | [lf.day.flights_found] Found 1 flights on 31JAN
2026-01-25 08:04:05 | INFO     | [lf.flight.extracted] SM461 on 31JAN: BKG=83, LF=46.4%
[LF] SM461 31JAN: BKG=83, GRP=0, CAP=179, LF%=46.4%, Brd-Off=CAI-RUH, Classes: O:6, U:7, X:9, T:7, W:20, S:16, G:15, L:3
[LF] Getting WEEKLY/LASTSOLD data for 1 flights
[LF] SM461 31JAN: LASTSOLD=2026-01-24 00:00:00, WEEKLY=47, TODAY=0, YDAY=3
2026-01-25 08:04:10 | INFO     | [SUCCESS] Day 31JAN
2026-01-25 08:04:10 | INFO     | [DAY_START] Processing 30JAN
[LF] Processing CAI-RUH for 30JAN
2026-01-25 08:04:10 | INFO     | [lf.day.start] Processing CAI-RUH for 30JAN
[LF] Sending SN command: SN30JANCAIRUH/ASM
[LF] 30JAN: found 2 direct flights
2026-01-25 08:04:11 | INFO     | [lf.day.flights_found] Found 2 flights on 30JAN
2026-01-25 08:04:13 | INFO     | [lf.flight.extracted] SM461 on 30JAN: BKG=113, LF=63.1%
[LF] SM461 30JAN: BKG=113, GRP=0, CAP=179, LF%=63.1%, Brd-Off=CAI-RUH, Classes: N:1, O:7, U:7, X:37, T:9, W:19, S:7, G:19, L:7
2026-01-25 08:04:17 | INFO     | [lf.flight.extracted] SM469 on 30JAN: BKG=104, LF=58.1%
[LF] SM469 30JAN: BKG=104, GRP=0, CAP=179, LF%=58.1%, Brd-Off=CAI-RUH, Classes: O:20, U:9, X:11, T:10, W:20, S:15, G:10, L:9
[LF] Getting WEEKLY/LASTSOLD data for 2 flights
[LF] SM461 30JAN: LASTSOLD=2026-01-24 00:00:00, WEEKLY=50, TODAY=0, YDAY=2
[LF] SM469 30JAN: LASTSOLD=2026-01-24 00:00:00, WEEKLY=44, TODAY=0, YDAY=2
2026-01-25 08:04:27 | INFO     | [SUCCESS] Day 30JAN
2026-01-25 08:04:27 | INFO     | [DAY_START] Processing 29JAN
[LF] Processing CAI-RUH for 29JAN
2026-01-25 08:04:27 | INFO     | [lf.day.start] Processing CAI-RUH for 29JAN
[LF] Sending SN command: SN29JANCAIRUH/ASM
[LF] 29JAN: found 1 direct flights
2026-01-25 08:04:28 | INFO     | [lf.day.flights_found] Found 1 flights on 29JAN
2026-01-25 08:04:30 | INFO     | [lf.flight.extracted] SM461 on 29JAN: BKG=129, LF=72.1%
[LF] SM461 29JAN: BKG=129, GRP=0, CAP=179, LF%=72.1%, Brd-Off=CAI-RUH, Classes: O:21, U:10, X:48, T:10, W:10, S:10, G:10, L:10
[LF] Getting WEEKLY/LASTSOLD data for 1 flights
[LF] SM461 29JAN: LASTSOLD=2026-01-23 00:00:00, WEEKLY=37, TODAY=0, YDAY=0
2026-01-25 08:04:36 | INFO     | [SUCCESS] Day 29JAN
2026-01-25 08:04:36 | INFO     | [DAY_START] Processing 28JAN
[LF] Processing CAI-RUH for 28JAN
2026-01-25 08:04:36 | INFO     | [lf.day.start] Processing CAI-RUH for 28JAN
[LF] Sending SN command: SN28JANCAIRUH/ASM
[LF] 28JAN: found 2 direct flights
2026-01-25 08:04:37 | INFO     | [lf.day.flights_found] Found 2 flights on 28JAN
2026-01-25 08:04:39 | INFO     | [lf.flight.extracted] SM461 on 28JAN: BKG=167, LF=93.3%
[LF] SM461 28JAN: BKG=167, GRP=0, CAP=179, LF%=93.3%, Brd-Off=CAI-RUH, Classes: O:16, U:16, X:38, T:15, W:9, S:21, G:15, L:20, V:10, K:6, Q:1
2026-01-25 08:04:42 | INFO     | [lf.flight.extracted] SM469 on 28JAN: BKG=153, LF=85.5%
[LF] SM469 28JAN: BKG=153, GRP=0, CAP=179, LF%=85.5%, Brd-Off=CAI-RUH, Classes: O:5, U:18, X:47, T:15, W:15, S:15, G:15, L:10, V:10, K:3
[LF] Getting WEEKLY/LASTSOLD data for 2 flights
[LF] SM461 28JAN: LASTSOLD=2026-01-24 00:00:00, WEEKLY=82, TODAY=0, YDAY=9
[LF] SM469 28JAN: LASTSOLD=2026-01-24 00:00:00, WEEKLY=61, TODAY=0, YDAY=5
2026-01-25 08:04:53 | INFO     | [SUCCESS] Day 28JAN
2026-01-25 08:04:53 | INFO     | [DAY_START] Processing 27JAN
[LF] Processing CAI-RUH for 27JAN
2026-01-25 08:04:53 | INFO     | [lf.day.start] Processing CAI-RUH for 27JAN
[LF] Sending SN command: SN27JANCAIRUH/ASM
[LF] 27JAN: found 1 direct flights
2026-01-25 08:04:54 | INFO     | [lf.day.flights_found] Found 1 flights on 27JAN
2026-01-25 08:04:56 | INFO     | [lf.flight.extracted] SM469 on 27JAN: BKG=162, LF=90.5%
[LF] SM469 27JAN: BKG=162, GRP=0, CAP=179, LF%=90.5%, Brd-Off=CAI-RUH, Classes: O:1, X:78, T:35, W:15, S:15, G:5, V:5, K:5, H:3
[LF] Getting WEEKLY/LASTSOLD data for 1 flights
[LF] SM469 27JAN: LASTSOLD=2026-01-24 00:00:00, WEEKLY=21, TODAY=0, YDAY=3
2026-01-25 08:05:02 | INFO     | [SUCCESS] Day 27JAN
2026-01-25 08:05:02 | INFO     | [DAY_START] Processing 26JAN
[LF] Processing CAI-RUH for 26JAN
2026-01-25 08:05:02 | INFO     | [lf.day.start] Processing CAI-RUH for 26JAN
[LF] Sending SN command: SN26JANCAIRUH/ASM
[LF] 26JAN: found 1 direct flights
2026-01-25 08:05:03 | INFO     | [lf.day.flights_found] Found 1 flights on 26JAN
2026-01-25 08:05:06 | INFO     | [lf.flight.extracted] SM469 on 26JAN: BKG=171, LF=95.5%
[LF] SM469 26JAN: BKG=171, GRP=0, CAP=179, LF%=95.5%, Brd-Off=CAI-RUH, Classes: O:6, X:14, T:29, W:9, S:27, G:9, L:7, V:13, K:14, Q:17, H:9, M:10, B:7
[LF] Getting WEEKLY/LASTSOLD data for 1 flights
[LF] SM469 26JAN: LASTSOLD=2026-01-24 00:00:00, WEEKLY=81, TODAY=0, YDAY=22
2026-01-25 08:05:12 | INFO     | [SUCCESS] Day 26JAN
[LF] Skipping 25JAN (Today) - will be processed by supplement scan
[LF] Results summary:
  2026-01-31: 1 flights
  2026-01-30: 2 flights
  2026-01-29: 1 flights
  2026-01-28: 2 flights
  2026-01-27: 1 flights
  2026-01-26: 1 flights
2026-01-25 08:05:12 | INFO     | [SUCCESS] LF Search Complete

============================================================
[Worker_9222] ✓ COMPLETED: CAI-RUH
  Results: 6 dates
  Errors: 0 dates
  Total Processed: 82 groups
============================================================

2026-01-25 08:05:24 | INFO     | [Worker_9222] Completed: CAI-RUH - 6 results, 0 errors

============================================================
[Worker_9222] Processing: ATZ-ELQ
  Tier 0: Range 1, Chunk 4/4
  Dates: 7 days
  Date Range: 2026-01-31 to 2026-01-25
============================================================

2026-01-25 08:05:24 | INFO     | [Worker_9222] Processing: ATZ-ELQ
2026-01-25 08:05:24 | INFO     |   Tier 0: Range 1, Chunk 4/4 (7 days)
2026-01-25 08:05:24 | INFO     | ======================================================================
2026-01-25 08:05:24 | INFO     | Load Factor Scraper Started - Route: ATZ-ELQ
2026-01-25 08:05:24 | INFO     | Log file: D:\CODERED\LAB\Artifacts\outputs\run_generated_250126_at_07.06\logs\LF_ATZ-ELQ_20260125_080524.log
2026-01-25 08:05:24 | INFO     | Enhanced logging: Capturing both logging.info() and print()
2026-01-25 08:05:24 | INFO     | ======================================================================
[LF] Processing dates (override): ['31JAN', '30JAN', '29JAN', '28JAN', '27JAN', '26JAN', '25JAN']
[LF] Attaching to Chrome for Altea access
2026-01-25 08:05:24 | INFO     | Starting LF search for route: ATZ-ELQ
2026-01-25 08:05:24 | INFO     | [START] LF Search
[LF][[OK] SUCCESS] Connected to Chrome on 127.0.0.1:9222 (after 1 attempts)
2026-01-25 08:05:25 | INFO     | [HEALTH CHECK] [OK] Chrome connection is healthy
[LF][[OK] SUCCESS] Found Amadeus Altea window: Altéa Reservation Desktop
[LF][[INFO] INFO] URL: https://tc212.resdesktop.altea.amadeus.com/app_ard/apf/init/login?SITE=ESMPESMP&LANGUAGE=GB&MARKETS=ARDW_PROD_WBP&ACTION=clpLogin#
2026-01-25 08:05:25 | INFO     | [DAY_START] Processing 31JAN
[LF] Processing ATZ-ELQ for 31JAN
2026-01-25 08:05:25 | INFO     | [lf.day.start] Processing ATZ-ELQ for 31JAN
[LF] Sending SN command: SN31JANATZELQ/ASM
[LF] 31JAN: found 1 direct flights
2026-01-25 08:05:26 | INFO     | [lf.day.flights_found] Found 1 flights on 31JAN
2026-01-25 08:05:28 | INFO     | [lf.flight.extracted] SM435 on 31JAN: BKG=59, LF=33.0%
[LF] SM435 31JAN: BKG=59, GRP=0, CAP=179, LF%=33.0%, Brd-Off=ATZ-ELQ, Classes: I:28, O:5, U:15, X:8, T:2, S:1
[LF] Getting WEEKLY/LASTSOLD data for 1 flights
[LF] SM435 31JAN: LASTSOLD=2026-01-24 00:00:00, WEEKLY=24, TODAY=0, YDAY=1
2026-01-25 08:05:32 | INFO     | [SUCCESS] Day 31JAN
2026-01-25 08:05:32 | INFO     | [DAY_START] Processing 30JAN
[LF] Processing ATZ-ELQ for 30JAN
2026-01-25 08:05:32 | INFO     | [lf.day.start] Processing ATZ-ELQ for 30JAN
[LF] Sending SN command: SN30JANATZELQ/ASM
[LF] No direct flights on 30JAN for ATZ-ELQ
2026-01-25 08:05:33 | WARNING  | [lf.day.no_flights] No direct flights on 30JAN
2026-01-25 08:05:33 | INFO     | [SUCCESS] Day 30JAN
2026-01-25 08:05:33 | INFO     | [DAY_START] Processing 29JAN
[LF] Processing ATZ-ELQ for 29JAN
2026-01-25 08:05:33 | INFO     | [lf.day.start] Processing ATZ-ELQ for 29JAN
[LF] Sending SN command: SN29JANATZELQ/ASM
[LF] No direct flights on 29JAN for ATZ-ELQ
2026-01-25 08:05:34 | WARNING  | [lf.day.no_flights] No direct flights on 29JAN
2026-01-25 08:05:34 | INFO     | [SUCCESS] Day 29JAN
2026-01-25 08:05:34 | INFO     | [DAY_START] Processing 28JAN
[LF] Processing ATZ-ELQ for 28JAN
2026-01-25 08:05:34 | INFO     | [lf.day.start] Processing ATZ-ELQ for 28JAN
[LF] Sending SN command: SN28JANATZELQ/ASM
[LF] No direct flights on 28JAN for ATZ-ELQ
2026-01-25 08:05:35 | WARNING  | [lf.day.no_flights] No direct flights on 28JAN
2026-01-25 08:05:35 | INFO     | [SUCCESS] Day 28JAN
2026-01-25 08:05:35 | INFO     | [DAY_START] Processing 27JAN
[LF] Processing ATZ-ELQ for 27JAN
2026-01-25 08:05:35 | INFO     | [lf.day.start] Processing ATZ-ELQ for 27JAN
[LF] Sending SN command: SN27JANATZELQ/ASM
[LF] 27JAN: found 1 direct flights
2026-01-25 08:05:36 | INFO     | [lf.day.flights_found] Found 1 flights on 27JAN
2026-01-25 08:05:38 | INFO     | [lf.flight.extracted] SM435 on 27JAN: BKG=140, LF=78.2%
[LF] SM435 27JAN: BKG=140, GRP=0, CAP=179, LF%=78.2%, Brd-Off=ATZ-ELQ, Classes: I:50, O:20, U:19, X:30, T:14, W:7
[LF] Getting WEEKLY/LASTSOLD data for 1 flights
[LF][STALE] Stale element detected - rebinding...
[LF] SM435 27JAN: LASTSOLD=2026-01-24 00:00:00, WEEKLY=20, TODAY=0, YDAY=17
2026-01-25 08:05:43 | INFO     | [SUCCESS] Day 27JAN
2026-01-25 08:05:43 | INFO     | [DAY_START] Processing 26JAN
[LF] Processing ATZ-ELQ for 26JAN
2026-01-25 08:05:43 | INFO     | [lf.day.start] Processing ATZ-ELQ for 26JAN
[LF] Sending SN command: SN26JANATZELQ/ASM
[LF][STALE] Stale element detected - rebinding...
[LF] No direct flights on 26JAN for ATZ-ELQ
2026-01-25 08:05:45 | WARNING  | [lf.day.no_flights] No direct flights on 26JAN
2026-01-25 08:05:45 | INFO     | [SUCCESS] Day 26JAN
[LF] Skipping 25JAN (Today) - will be processed by supplement scan
[LF] Results summary:
  2026-01-31: 1 flights
  2026-01-30: 0 flights
  2026-01-29: 0 flights
  2026-01-28: 0 flights
  2026-01-27: 1 flights
  2026-01-26: 0 flights
2026-01-25 08:05:45 | INFO     | [SUCCESS] LF Search Complete

============================================================
[Worker_9222] ✓ COMPLETED: ATZ-ELQ
  Results: 6 dates
  Errors: 0 dates
  Total Processed: 83 groups
============================================================

2026-01-25 08:05:45 | INFO     | [Worker_9222] Completed: ATZ-ELQ - 6 results, 0 errors
[Worker_9222] Waiting for tasks...

============================================================
[Worker_9222] Shutdown signal received
Exiting...
============================================================
2026-01-25 09:00:06 | INFO     | [Worker_9222] Shutdown signal received, exiting...

============================================================
[Worker_9222] FINISHED
  Total Groups Processed: 83
============================================================

2026-01-25 09:00:06 | INFO     | [Worker_9222] Finished. Processed 83 groups.
