
============================================================
     LF WORKER - PORT 9225
============================================================
Worker: Worker_9225
Status: READY
Waiting for tasks...
============================================================


============================================================
[Worker_9225] Processing: JED-CAI
  Tier 0: Range 4, Chunk 1/4
  Dates: 8 days
  Date Range: 2026-05-30 to 2026-05-23
============================================================

2026-01-25 07:10:17 | INFO     | ======================================================================
2026-01-25 07:10:17 | INFO     | Load Factor Scraper Started - Route: JED-CAI
2026-01-25 07:10:17 | INFO     | Log file: D:\CODERED\LAB\Artifacts\outputs\run_generated_250126_at_07.06\logs\LF_JED-CAI_20260125_071017.log
2026-01-25 07:10:17 | INFO     | Enhanced logging: Capturing both logging.info() and print()
2026-01-25 07:10:17 | INFO     | ======================================================================
[LF] Processing dates (override): ['30MAY', '29MAY', '28MAY', '27MAY', '26MAY', '25MAY', '24MAY', '23MAY']
[LF] Attaching to Chrome for Altea access
[LF][[OK] SUCCESS] Connected to Chrome on 127.0.0.1:9225 (after 1 attempts)
[LF][[OK] SUCCESS] Found Amadeus Altea window: Altéa Reservation Desktop
[LF][[INFO] INFO] URL: https://tc212.resdesktop.altea.amadeus.com/app_ard/apf/init/login?SITE=ESMPESMP&LANGUAGE=GB&MARKETS=ARDW_PROD_WBP&ACTION=clpLogin#
[LF] Processing JED-CAI for 30MAY
[LF] JED↔Cairo route detected - querying both CAI and CCE airports
[LF] Sending SN command: SN30MAYJEDCAI/ASM
[LF][ERROR] Amadeus command error detected: UNKNOWN TRANSACTION
[LF][ERROR] Command: SN30MAYJEDCAI/ASM
[LF][RESYNC] Triggering immediate resync to last successful SN command
============================================================
[LF][RESYNC] Command 'SN30MAYJEDCAI/ASM' failed: TECH_ERROR:UNKNOWN TRANSACTION
[LF][RESYNC] Re-running entire day from SN command for JED-CAI 30MAY
[LF][RESYNC] Attempt 1/50 (waiting 1.0s before retry...)
============================================================
[LF][RESYNC] Sending IG to clear session state...
[LF][RESYNC] Session cleared with IG
[LF] Processing JED-CAI for 30MAY
[LF] JED↔Cairo route detected - querying both CAI and CCE airports
[LF] Sending SN command: SN30MAYJEDCAI/ASM
[LF] Sending SN command: SN30MAYJEDCCE/ASM
[LF] 30MAY: found 2 direct flights
[LF] SM478 30MAY: BKG=5, GRP=0, CAP=175, LF%=2.9%, Brd-Off=JED-CAI, Classes: G:1, M:4
[LF] SM476 30MAY: BKG=1, GRP=0, CAP=167, LF%=0.6%, Brd-Off=JED-CAI, Classes: G:1
[LF] Getting WEEKLY/LASTSOLD data for 2 flights
[LF] SM478 30MAY: LASTSOLD=2026-01-03 00:00:00, WEEKLY=0, TODAY=0, YDAY=0
[LF] SM476 30MAY: LASTSOLD=2025-12-31 00:00:00, WEEKLY=0, TODAY=0, YDAY=0
[LF] Processing JED-CAI for 29MAY
[LF] JED↔Cairo route detected - querying both CAI and CCE airports
[LF] Sending SN command: SN29MAYJEDCAI/ASM
[LF] Sending SN command: SN29MAYJEDCCE/ASM
[LF] 29MAY: found 4 direct flights
[LF] SM460 29MAY: BKG=0, GRP=0, CAP=167, LF%=0.0%, Brd-Off=JED-CAI
[LF] SM478 29MAY: BKG=0, GRP=0, CAP=175, LF%=0.0%, Brd-Off=JED-CAI
[LF] SM476 29MAY: BKG=8, GRP=0, CAP=175, LF%=4.6%, Brd-Off=JED-CAI, Classes: G:7, M:1
[LPC] SM476 29MAY: Found 0 outbound flights with connecting passengers
[LF] SM480 29MAY: BKG=2, GRP=0, CAP=175, LF%=1.1%, Brd-Off=JED-CAI, Classes: G:2
[LF] Getting WEEKLY/LASTSOLD data for 2 flights
[LF] SM476 29MAY: LASTSOLD=2026-01-16 00:00:00, WEEKLY=0, TODAY=0, YDAY=0
[LF] SM480 29MAY: LASTSOLD=2026-01-18 00:00:00, WEEKLY=2, TODAY=0, YDAY=0
[LF] Processing JED-CAI for 28MAY
[LF] JED↔Cairo route detected - querying both CAI and CCE airports
[LF] Sending SN command: SN28MAYJEDCAI/ASM
[LF] Sending SN command: SN28MAYJEDCCE/ASM
[LF] 28MAY: found 2 direct flights
[LF] SM478 28MAY: BKG=8, GRP=0, CAP=175, LF%=4.6%, Brd-Off=JED-CAI, Classes: I:7, O:1
[LF] SM476 28MAY: BKG=9, GRP=0, CAP=175, LF%=5.1%, Brd-Off=JED-CAI, Classes: I:9
[LF] Getting WEEKLY/LASTSOLD data for 2 flights
[LF] SM478 28MAY: LASTSOLD=2025-12-15 00:00:00, WEEKLY=0, TODAY=0, YDAY=0
[LF] SM476 28MAY: LASTSOLD=2025-12-08 00:00:00, WEEKLY=0, TODAY=0, YDAY=0
[LF] Processing JED-CAI for 27MAY
[LF] JED↔Cairo route detected - querying both CAI and CCE airports
[LF] Sending SN command: SN27MAYJEDCAI/ASM
[LF] Sending SN command: SN27MAYJEDCCE/ASM
[LF] 27MAY: found 2 direct flights
[LF] SM478 27MAY: BKG=2, GRP=0, CAP=175, LF%=1.1%, Brd-Off=JED-CAI, Classes: I:2
[LF] SM476 27MAY: BKG=0, GRP=0, CAP=175, LF%=0.0%, Brd-Off=JED-CAI
[LF] Getting WEEKLY/LASTSOLD data for 1 flights
[LF] SM478 27MAY: LASTSOLD=2025-12-06 00:00:00, WEEKLY=0, TODAY=0, YDAY=0
[LF] Processing JED-CAI for 26MAY
[LF] JED↔Cairo route detected - querying both CAI and CCE airports
[LF] Sending SN command: SN26MAYJEDCAI/ASM
[LF] Sending SN command: SN26MAYJEDCCE/ASM
[LF] 26MAY: found 3 direct flights
[LF] SM478 26MAY: BKG=1, GRP=0, CAP=175, LF%=0.6%, Brd-Off=JED-CAI, Classes: S:1
[LF] SM476 26MAY: BKG=0, GRP=0, CAP=167, LF%=0.0%, Brd-Off=JED-CAI
[LF] SM480 26MAY: BKG=0, GRP=0, CAP=175, LF%=0.0%, Brd-Off=JED-CAI
[LF] Getting WEEKLY/LASTSOLD data for 1 flights
[LF] SM478 26MAY: LASTSOLD=2025-12-14 00:00:00, WEEKLY=0, TODAY=0, YDAY=0
[LF] Processing JED-CAI for 25MAY
[LF] JED↔Cairo route detected - querying both CAI and CCE airports
[LF] Sending SN command: SN25MAYJEDCAI/ASM
[LF] Sending SN command: SN25MAYJEDCCE/ASM
[LF] 25MAY: found 4 direct flights
[LF] SM460 25MAY: BKG=7, GRP=0, CAP=167, LF%=4.2%, Brd-Off=JED-CAI, Classes: S:1, V:6
[LF] SM478 25MAY: BKG=1, GRP=0, CAP=167, LF%=0.6%, Brd-Off=JED-CAI, Classes: V:1
[LF] SM476 25MAY: BKG=10, GRP=0, CAP=167, LF%=6.0%, Brd-Off=JED-CAI, Classes: S:5, V:4, K:1
[LF] SM480 25MAY: BKG=11, GRP=0, CAP=175, LF%=6.3%, Brd-Off=JED-CAI, Classes: S:9, K:2
[LF] Getting WEEKLY/LASTSOLD data for 4 flights
[LF] SM460 25MAY: LASTSOLD=2026-01-22 00:00:00, WEEKLY=2, TODAY=0, YDAY=0
[LF] SM478 25MAY: LASTSOLD=2026-01-22 00:00:00, WEEKLY=1, TODAY=0, YDAY=0
[LF] SM476 25MAY: LASTSOLD=2026-01-22 00:00:00, WEEKLY=2, TODAY=0, YDAY=0
[LF] SM480 25MAY: LASTSOLD=2026-01-19 00:00:00, WEEKLY=1, TODAY=0, YDAY=0
[LF] Processing JED-CAI for 24MAY
[LF] JED↔Cairo route detected - querying both CAI and CCE airports
[LF] Sending SN command: SN24MAYJEDCAI/ASM
[LF] Sending SN command: SN24MAYJEDCCE/ASM
[LF] 24MAY: found 2 direct flights
[LF] SM478 24MAY: BKG=7, GRP=0, CAP=175, LF%=4.0%, Brd-Off=JED-CAI, Classes: V:7
[LF] SM476 24MAY: BKG=14, GRP=0, CAP=175, LF%=8.0%, Brd-Off=JED-CAI, Classes: S:9, K:5
[LF] Getting WEEKLY/LASTSOLD data for 2 flights
[LF] SM478 24MAY: LASTSOLD=2026-01-24 00:00:00, WEEKLY=6, TODAY=0, YDAY=4
[LF] SM476 24MAY: LASTSOLD=2026-01-18 00:00:00, WEEKLY=1, TODAY=0, YDAY=0
[LF] Processing JED-CAI for 23MAY
[LF] JED↔Cairo route detected - querying both CAI and CCE airports
[LF] Sending SN command: SN23MAYJEDCAI/ASM
[LF] Sending SN command: SN23MAYJEDCCE/ASM
[LF] 23MAY: found 2 direct flights
[LF] SM478 23MAY: BKG=0, GRP=0, CAP=175, LF%=0.0%, Brd-Off=JED-CAI
[LF] SM476 23MAY: BKG=8, GRP=0, CAP=175, LF%=4.6%, Brd-Off=JED-CAI, Classes: V:8
[LF] Getting WEEKLY/LASTSOLD data for 1 flights
[LF] SM476 23MAY: LASTSOLD=2026-01-24 00:00:00, WEEKLY=8, TODAY=0, YDAY=8
[LF] Results summary:
  2026-05-30: 2 flights
  2026-05-29: 4 flights
  2026-05-28: 2 flights
  2026-05-27: 2 flights
  2026-05-26: 3 flights
  2026-05-25: 4 flights
  2026-05-24: 2 flights
  2026-05-23: 2 flights

============================================================
[Worker_9225] ✓ COMPLETED: JED-CAI
  Results: 8 dates
  Errors: 0 dates
  Total Processed: 1 groups
============================================================


============================================================
[Worker_9225] Processing: ATZ-ELQ
  Tier 0: Range 4, Chunk 1/4
  Dates: 8 days
  Date Range: 2026-05-30 to 2026-05-23
============================================================

2026-01-25 07:12:10 | INFO     | ======================================================================
2026-01-25 07:12:10 | INFO     | Load Factor Scraper Started - Route: ATZ-ELQ
2026-01-25 07:12:10 | INFO     | Log file: D:\CODERED\LAB\Artifacts\outputs\run_generated_250126_at_07.06\logs\LF_ATZ-ELQ_20260125_071210.log
2026-01-25 07:12:10 | INFO     | Enhanced logging: Capturing both logging.info() and print()
2026-01-25 07:12:10 | INFO     | ======================================================================
[LF] Processing dates (override): ['30MAY', '29MAY', '28MAY', '27MAY', '26MAY', '25MAY', '24MAY', '23MAY']
[LF] Attaching to Chrome for Altea access
2026-01-25 07:12:10 | INFO     | Starting LF search for route: ATZ-ELQ
2026-01-25 07:12:10 | INFO     | [START] LF Search
[LF][[OK] SUCCESS] Connected to Chrome on 127.0.0.1:9225 (after 1 attempts)
2026-01-25 07:12:11 | INFO     | [HEALTH CHECK] [OK] Chrome connection is healthy
[LF][[OK] SUCCESS] Found Amadeus Altea window: Altéa Reservation Desktop
[LF][[INFO] INFO] URL: https://tc212.resdesktop.altea.amadeus.com/app_ard/apf/init/login?SITE=ESMPESMP&LANGUAGE=GB&MARKETS=ARDW_PROD_WBP&ACTION=clpLogin#
2026-01-25 07:12:11 | INFO     | [DAY_START] Processing 30MAY
[LF] Processing ATZ-ELQ for 30MAY
2026-01-25 07:12:11 | INFO     | [lf.day.start] Processing ATZ-ELQ for 30MAY
[LF] Sending SN command: SN30MAYATZELQ/ASM
[LF] No direct flights on 30MAY for ATZ-ELQ
2026-01-25 07:12:12 | WARNING  | [lf.day.no_flights] No direct flights on 30MAY
2026-01-25 07:12:12 | INFO     | [SUCCESS] Day 30MAY
2026-01-25 07:12:12 | INFO     | [DAY_START] Processing 29MAY
[LF] Processing ATZ-ELQ for 29MAY
2026-01-25 07:12:12 | INFO     | [lf.day.start] Processing ATZ-ELQ for 29MAY
[LF] Sending SN command: SN29MAYATZELQ/ASM
[LF] No direct flights on 29MAY for ATZ-ELQ
2026-01-25 07:12:13 | WARNING  | [lf.day.no_flights] No direct flights on 29MAY
2026-01-25 07:12:13 | INFO     | [SUCCESS] Day 29MAY
2026-01-25 07:12:13 | INFO     | [DAY_START] Processing 28MAY
[LF] Processing ATZ-ELQ for 28MAY
2026-01-25 07:12:13 | INFO     | [lf.day.start] Processing ATZ-ELQ for 28MAY
[LF] Sending SN command: SN28MAYATZELQ/ASM
[LF] No direct flights on 28MAY for ATZ-ELQ
2026-01-25 07:12:14 | WARNING  | [lf.day.no_flights] No direct flights on 28MAY
2026-01-25 07:12:14 | INFO     | [SUCCESS] Day 28MAY
2026-01-25 07:12:14 | INFO     | [DAY_START] Processing 27MAY
[LF] Processing ATZ-ELQ for 27MAY
2026-01-25 07:12:14 | INFO     | [lf.day.start] Processing ATZ-ELQ for 27MAY
[LF] Sending SN command: SN27MAYATZELQ/ASM
[LF] No direct flights on 27MAY for ATZ-ELQ
2026-01-25 07:12:15 | WARNING  | [lf.day.no_flights] No direct flights on 27MAY
2026-01-25 07:12:15 | INFO     | [SUCCESS] Day 27MAY
2026-01-25 07:12:15 | INFO     | [DAY_START] Processing 26MAY
[LF] Processing ATZ-ELQ for 26MAY
2026-01-25 07:12:15 | INFO     | [lf.day.start] Processing ATZ-ELQ for 26MAY
[LF] Sending SN command: SN26MAYATZELQ/ASM
[LF] No direct flights on 26MAY for ATZ-ELQ
2026-01-25 07:12:16 | WARNING  | [lf.day.no_flights] No direct flights on 26MAY
2026-01-25 07:12:16 | INFO     | [SUCCESS] Day 26MAY
2026-01-25 07:12:16 | INFO     | [DAY_START] Processing 25MAY
[LF] Processing ATZ-ELQ for 25MAY
2026-01-25 07:12:16 | INFO     | [lf.day.start] Processing ATZ-ELQ for 25MAY
[LF] Sending SN command: SN25MAYATZELQ/ASM
[LF] No direct flights on 25MAY for ATZ-ELQ
2026-01-25 07:12:17 | WARNING  | [lf.day.no_flights] No direct flights on 25MAY
2026-01-25 07:12:17 | INFO     | [SUCCESS] Day 25MAY
2026-01-25 07:12:17 | INFO     | [DAY_START] Processing 24MAY
[LF] Processing ATZ-ELQ for 24MAY
2026-01-25 07:12:17 | INFO     | [lf.day.start] Processing ATZ-ELQ for 24MAY
[LF] Sending SN command: SN24MAYATZELQ/ASM
[LF] No direct flights on 24MAY for ATZ-ELQ
2026-01-25 07:12:19 | WARNING  | [lf.day.no_flights] No direct flights on 24MAY
2026-01-25 07:12:19 | INFO     | [SUCCESS] Day 24MAY
2026-01-25 07:12:19 | INFO     | [DAY_START] Processing 23MAY
[LF] Processing ATZ-ELQ for 23MAY
2026-01-25 07:12:19 | INFO     | [lf.day.start] Processing ATZ-ELQ for 23MAY
[LF] Sending SN command: SN23MAYATZELQ/ASM
[LF] No direct flights on 23MAY for ATZ-ELQ
2026-01-25 07:12:20 | WARNING  | [lf.day.no_flights] No direct flights on 23MAY
2026-01-25 07:12:20 | INFO     | [SUCCESS] Day 23MAY
[LF] Results summary:
  2026-05-30: 0 flights
  2026-05-29: 0 flights
  2026-05-28: 0 flights
  2026-05-27: 0 flights
  2026-05-26: 0 flights
  2026-05-25: 0 flights
  2026-05-24: 0 flights
  2026-05-23: 0 flights
2026-01-25 07:12:20 | INFO     | [SUCCESS] LF Search Complete

============================================================
[Worker_9225] ✓ COMPLETED: ATZ-ELQ
  Results: 8 dates
  Errors: 0 dates
  Total Processed: 2 groups
============================================================

2026-01-25 07:12:20 | INFO     | [Worker_9225] Completed: ATZ-ELQ - 8 results, 0 errors

============================================================
[Worker_9225] Processing: MED-CAI
  Tier 0: Range 4, Chunk 2/4
  Dates: 8 days
  Date Range: 2026-05-22 to 2026-05-15
============================================================

2026-01-25 07:12:20 | INFO     | [Worker_9225] Processing: MED-CAI
2026-01-25 07:12:20 | INFO     |   Tier 0: Range 4, Chunk 2/4 (8 days)
2026-01-25 07:12:20 | INFO     | ======================================================================
2026-01-25 07:12:20 | INFO     | Load Factor Scraper Started - Route: MED-CAI
2026-01-25 07:12:20 | INFO     | Log file: D:\CODERED\LAB\Artifacts\outputs\run_generated_250126_at_07.06\logs\LF_MED-CAI_20260125_071220.log
2026-01-25 07:12:20 | INFO     | Enhanced logging: Capturing both logging.info() and print()
2026-01-25 07:12:20 | INFO     | ======================================================================
[LF] Processing dates (override): ['22MAY', '21MAY', '20MAY', '19MAY', '18MAY', '17MAY', '16MAY', '15MAY']
[LF] Attaching to Chrome for Altea access
2026-01-25 07:12:20 | INFO     | Starting LF search for route: MED-CAI
2026-01-25 07:12:20 | INFO     | [START] LF Search
[LF][[OK] SUCCESS] Connected to Chrome on 127.0.0.1:9225 (after 1 attempts)
2026-01-25 07:12:24 | INFO     | [HEALTH CHECK] [OK] Chrome connection is healthy
[LF][[OK] SUCCESS] Found Amadeus Altea window: Altéa Reservation Desktop
[LF][[INFO] INFO] URL: https://tc212.resdesktop.altea.amadeus.com/app_ard/apf/init/login?SITE=ESMPESMP&LANGUAGE=GB&MARKETS=ARDW_PROD_WBP&ACTION=clpLogin#
2026-01-25 07:12:24 | INFO     | [DAY_START] Processing 22MAY
[LF] Processing MED-CAI for 22MAY
2026-01-25 07:12:24 | INFO     | [lf.day.start] Processing MED-CAI for 22MAY
[LF] Sending SN command: SN22MAYMEDCAI/ASM
[LF] No direct flights on 22MAY for MED-CAI
2026-01-25 07:12:26 | WARNING  | [lf.day.no_flights] No direct flights on 22MAY
2026-01-25 07:12:26 | INFO     | [SUCCESS] Day 22MAY
2026-01-25 07:12:26 | INFO     | [DAY_START] Processing 21MAY
[LF] Processing MED-CAI for 21MAY
2026-01-25 07:12:26 | INFO     | [lf.day.start] Processing MED-CAI for 21MAY
[LF] Sending SN command: SN21MAYMEDCAI/ASM
[LF] 21MAY: found 1 direct flights
2026-01-25 07:12:27 | INFO     | [lf.day.flights_found] Found 1 flights on 21MAY
2026-01-25 07:12:29 | INFO     | [lf.flight.extracted] SM494 on 21MAY: BKG=8, LF=4.6%
[LF] SM494 21MAY: BKG=8, GRP=0, CAP=175, LF%=4.6%, Brd-Off=MED-CAI, Classes: I:6, T:2
[LF] Getting WEEKLY/LASTSOLD data for 1 flights
[LF] SM494 21MAY: LASTSOLD=2026-01-19 00:00:00, WEEKLY=2, TODAY=0, YDAY=0
2026-01-25 07:12:31 | INFO     | [SUCCESS] Day 21MAY
2026-01-25 07:12:31 | INFO     | [DAY_START] Processing 20MAY
[LF] Processing MED-CAI for 20MAY
2026-01-25 07:12:31 | INFO     | [lf.day.start] Processing MED-CAI for 20MAY
[LF] Sending SN command: SN20MAYMEDCAI/ASM
[LF] 20MAY: found 1 direct flights
2026-01-25 07:12:32 | INFO     | [lf.day.flights_found] Found 1 flights on 20MAY
2026-01-25 07:12:34 | INFO     | [lf.flight.extracted] SM494 on 20MAY: BKG=3, LF=1.7%
[LF] SM494 20MAY: BKG=3, GRP=0, CAP=175, LF%=1.7%, Brd-Off=MED-CAI, Classes: I:3
[LF] Getting WEEKLY/LASTSOLD data for 1 flights
[LF] SM494 20MAY: LASTSOLD=2025-12-07 00:00:00, WEEKLY=0, TODAY=0, YDAY=0
2026-01-25 07:12:37 | INFO     | [SUCCESS] Day 20MAY
2026-01-25 07:12:37 | INFO     | [DAY_START] Processing 19MAY
[LF] Processing MED-CAI for 19MAY
2026-01-25 07:12:37 | INFO     | [lf.day.start] Processing MED-CAI for 19MAY
[LF] Sending SN command: SN19MAYMEDCAI/ASM
[LF] 19MAY: found 1 direct flights
2026-01-25 07:12:38 | INFO     | [lf.day.flights_found] Found 1 flights on 19MAY
2026-01-25 07:12:40 | INFO     | [lf.flight.extracted] SM494 on 19MAY: BKG=1, LF=0.6%
[LF] SM494 19MAY: BKG=1, GRP=0, CAP=175, LF%=0.6%, Brd-Off=MED-CAI, Classes: T:1
[LF] Getting WEEKLY/LASTSOLD data for 1 flights
[LF] SM494 19MAY: LASTSOLD=2025-12-30 00:00:00, WEEKLY=0, TODAY=0, YDAY=0
2026-01-25 07:12:42 | INFO     | [SUCCESS] Day 19MAY
2026-01-25 07:12:42 | INFO     | [DAY_START] Processing 18MAY
[LF] Processing MED-CAI for 18MAY
2026-01-25 07:12:42 | INFO     | [lf.day.start] Processing MED-CAI for 18MAY
[LF] Sending SN command: SN18MAYMEDCAI/ASM
[LF] 18MAY: found 1 direct flights
2026-01-25 07:12:43 | INFO     | [lf.day.flights_found] Found 1 flights on 18MAY
2026-01-25 07:12:45 | INFO     | [lf.flight.extracted] SM494 on 18MAY: BKG=0, LF=0.0%
[LF] SM494 18MAY: BKG=0, GRP=0, CAP=175, LF%=0.0%, Brd-Off=MED-CAI
2026-01-25 07:12:46 | INFO     | [SUCCESS] Day 18MAY
2026-01-25 07:12:46 | INFO     | [DAY_START] Processing 17MAY
[LF] Processing MED-CAI for 17MAY
2026-01-25 07:12:46 | INFO     | [lf.day.start] Processing MED-CAI for 17MAY
[LF] Sending SN command: SN17MAYMEDCAI/ASM
[LF] No direct flights on 17MAY for MED-CAI
2026-01-25 07:12:47 | WARNING  | [lf.day.no_flights] No direct flights on 17MAY
2026-01-25 07:12:47 | INFO     | [SUCCESS] Day 17MAY
2026-01-25 07:12:47 | INFO     | [DAY_START] Processing 16MAY
[LF] Processing MED-CAI for 16MAY
2026-01-25 07:12:47 | INFO     | [lf.day.start] Processing MED-CAI for 16MAY
[LF] Sending SN command: SN16MAYMEDCAI/ASM
[LF] No direct flights on 16MAY for MED-CAI
2026-01-25 07:12:48 | WARNING  | [lf.day.no_flights] No direct flights on 16MAY
2026-01-25 07:12:48 | INFO     | [SUCCESS] Day 16MAY
2026-01-25 07:12:48 | INFO     | [DAY_START] Processing 15MAY
[LF] Processing MED-CAI for 15MAY
2026-01-25 07:12:48 | INFO     | [lf.day.start] Processing MED-CAI for 15MAY
[LF] Sending SN command: SN15MAYMEDCAI/ASM
[LF] No direct flights on 15MAY for MED-CAI
2026-01-25 07:12:50 | WARNING  | [lf.day.no_flights] No direct flights on 15MAY
2026-01-25 07:12:50 | INFO     | [SUCCESS] Day 15MAY
[LF] Results summary:
  2026-05-22: 0 flights
  2026-05-21: 1 flights
  2026-05-20: 1 flights
  2026-05-19: 1 flights
  2026-05-18: 1 flights
  2026-05-17: 0 flights
  2026-05-16: 0 flights
  2026-05-15: 0 flights
2026-01-25 07:12:50 | INFO     | [SUCCESS] LF Search Complete

============================================================
[Worker_9225] ✓ COMPLETED: MED-CAI
  Results: 8 dates
  Errors: 0 dates
  Total Processed: 3 groups
============================================================

2026-01-25 07:12:50 | INFO     | [Worker_9225] Completed: MED-CAI - 8 results, 0 errors

============================================================
[Worker_9225] Processing: DMM-ATZ
  Tier 0: Range 4, Chunk 2/4
  Dates: 8 days
  Date Range: 2026-05-22 to 2026-05-15
============================================================

2026-01-25 07:12:50 | INFO     | [Worker_9225] Processing: DMM-ATZ
2026-01-25 07:12:50 | INFO     |   Tier 0: Range 4, Chunk 2/4 (8 days)
2026-01-25 07:12:50 | INFO     | ======================================================================
2026-01-25 07:12:50 | INFO     | Load Factor Scraper Started - Route: DMM-ATZ
2026-01-25 07:12:50 | INFO     | Log file: D:\CODERED\LAB\Artifacts\outputs\run_generated_250126_at_07.06\logs\LF_DMM-ATZ_20260125_071250.log
2026-01-25 07:12:50 | INFO     | Enhanced logging: Capturing both logging.info() and print()
2026-01-25 07:12:50 | INFO     | ======================================================================
[LF] Processing dates (override): ['22MAY', '21MAY', '20MAY', '19MAY', '18MAY', '17MAY', '16MAY', '15MAY']
[LF] Attaching to Chrome for Altea access
2026-01-25 07:12:50 | INFO     | Starting LF search for route: DMM-ATZ
2026-01-25 07:12:50 | INFO     | [START] LF Search
[LF][[OK] SUCCESS] Connected to Chrome on 127.0.0.1:9225 (after 1 attempts)
2026-01-25 07:12:50 | INFO     | [HEALTH CHECK] [OK] Chrome connection is healthy
[LF][[OK] SUCCESS] Found Amadeus Altea window: Altéa Reservation Desktop
[LF][[INFO] INFO] URL: https://tc212.resdesktop.altea.amadeus.com/app_ard/apf/init/login?SITE=ESMPESMP&LANGUAGE=GB&MARKETS=ARDW_PROD_WBP&ACTION=clpLogin#
2026-01-25 07:12:50 | INFO     | [DAY_START] Processing 22MAY
[LF] Processing DMM-ATZ for 22MAY
2026-01-25 07:12:50 | INFO     | [lf.day.start] Processing DMM-ATZ for 22MAY
[LF] Sending SN command: SN22MAYDMMATZ/ASM
[LF] No direct flights on 22MAY for DMM-ATZ
2026-01-25 07:12:52 | WARNING  | [lf.day.no_flights] No direct flights on 22MAY
2026-01-25 07:12:52 | INFO     | [SUCCESS] Day 22MAY
2026-01-25 07:12:52 | INFO     | [DAY_START] Processing 21MAY
[LF] Processing DMM-ATZ for 21MAY
2026-01-25 07:12:52 | INFO     | [lf.day.start] Processing DMM-ATZ for 21MAY
[LF] Sending SN command: SN21MAYDMMATZ/ASM
[LF] No direct flights on 21MAY for DMM-ATZ
2026-01-25 07:12:53 | WARNING  | [lf.day.no_flights] No direct flights on 21MAY
2026-01-25 07:12:53 | INFO     | [SUCCESS] Day 21MAY
2026-01-25 07:12:53 | INFO     | [DAY_START] Processing 20MAY
[LF] Processing DMM-ATZ for 20MAY
2026-01-25 07:12:53 | INFO     | [lf.day.start] Processing DMM-ATZ for 20MAY
[LF] Sending SN command: SN20MAYDMMATZ/ASM
[LF] No direct flights on 20MAY for DMM-ATZ
2026-01-25 07:12:54 | WARNING  | [lf.day.no_flights] No direct flights on 20MAY
2026-01-25 07:12:54 | INFO     | [SUCCESS] Day 20MAY
2026-01-25 07:12:54 | INFO     | [DAY_START] Processing 19MAY
[LF] Processing DMM-ATZ for 19MAY
2026-01-25 07:12:54 | INFO     | [lf.day.start] Processing DMM-ATZ for 19MAY
[LF] Sending SN command: SN19MAYDMMATZ/ASM
[LF] No direct flights on 19MAY for DMM-ATZ
2026-01-25 07:12:55 | WARNING  | [lf.day.no_flights] No direct flights on 19MAY
2026-01-25 07:12:55 | INFO     | [SUCCESS] Day 19MAY
2026-01-25 07:12:55 | INFO     | [DAY_START] Processing 18MAY
[LF] Processing DMM-ATZ for 18MAY
2026-01-25 07:12:55 | INFO     | [lf.day.start] Processing DMM-ATZ for 18MAY
[LF] Sending SN command: SN18MAYDMMATZ/ASM
[LF] No direct flights on 18MAY for DMM-ATZ
2026-01-25 07:12:56 | WARNING  | [lf.day.no_flights] No direct flights on 18MAY
2026-01-25 07:12:56 | INFO     | [SUCCESS] Day 18MAY
2026-01-25 07:12:56 | INFO     | [DAY_START] Processing 17MAY
[LF] Processing DMM-ATZ for 17MAY
2026-01-25 07:12:56 | INFO     | [lf.day.start] Processing DMM-ATZ for 17MAY
[LF] Sending SN command: SN17MAYDMMATZ/ASM
[LF] No direct flights on 17MAY for DMM-ATZ
2026-01-25 07:12:57 | WARNING  | [lf.day.no_flights] No direct flights on 17MAY
2026-01-25 07:12:57 | INFO     | [SUCCESS] Day 17MAY
2026-01-25 07:12:57 | INFO     | [DAY_START] Processing 16MAY
[LF] Processing DMM-ATZ for 16MAY
2026-01-25 07:12:57 | INFO     | [lf.day.start] Processing DMM-ATZ for 16MAY
[LF] Sending SN command: SN16MAYDMMATZ/ASM
[LF] No direct flights on 16MAY for DMM-ATZ
2026-01-25 07:12:59 | WARNING  | [lf.day.no_flights] No direct flights on 16MAY
2026-01-25 07:12:59 | INFO     | [SUCCESS] Day 16MAY
2026-01-25 07:12:59 | INFO     | [DAY_START] Processing 15MAY
[LF] Processing DMM-ATZ for 15MAY
2026-01-25 07:12:59 | INFO     | [lf.day.start] Processing DMM-ATZ for 15MAY
[LF] Sending SN command: SN15MAYDMMATZ/ASM
[LF] No direct flights on 15MAY for DMM-ATZ
2026-01-25 07:13:00 | WARNING  | [lf.day.no_flights] No direct flights on 15MAY
2026-01-25 07:13:00 | INFO     | [SUCCESS] Day 15MAY
[LF] Results summary:
  2026-05-22: 0 flights
  2026-05-21: 0 flights
  2026-05-20: 0 flights
  2026-05-19: 0 flights
  2026-05-18: 0 flights
  2026-05-17: 0 flights
  2026-05-16: 0 flights
  2026-05-15: 0 flights
2026-01-25 07:13:00 | INFO     | [SUCCESS] LF Search Complete

============================================================
[Worker_9225] ✓ COMPLETED: DMM-ATZ
  Results: 8 dates
  Errors: 0 dates
  Total Processed: 4 groups
============================================================

2026-01-25 07:13:00 | INFO     | [Worker_9225] Completed: DMM-ATZ - 8 results, 0 errors

============================================================
[Worker_9225] Processing: AJF-CAI
  Tier 0: Range 4, Chunk 2/4
  Dates: 8 days
  Date Range: 2026-05-22 to 2026-05-15
============================================================

2026-01-25 07:13:00 | INFO     | [Worker_9225] Processing: AJF-CAI
2026-01-25 07:13:00 | INFO     |   Tier 0: Range 4, Chunk 2/4 (8 days)
2026-01-25 07:13:00 | INFO     | ======================================================================
2026-01-25 07:13:00 | INFO     | Load Factor Scraper Started - Route: AJF-CAI
2026-01-25 07:13:00 | INFO     | Log file: D:\CODERED\LAB\Artifacts\outputs\run_generated_250126_at_07.06\logs\LF_AJF-CAI_20260125_071300.log
2026-01-25 07:13:00 | INFO     | Enhanced logging: Capturing both logging.info() and print()
2026-01-25 07:13:00 | INFO     | ======================================================================
[LF] Processing dates (override): ['22MAY', '21MAY', '20MAY', '19MAY', '18MAY', '17MAY', '16MAY', '15MAY']
[LF] Attaching to Chrome for Altea access
2026-01-25 07:13:00 | INFO     | Starting LF search for route: AJF-CAI
2026-01-25 07:13:00 | INFO     | [START] LF Search
[LF][[OK] SUCCESS] Connected to Chrome on 127.0.0.1:9225 (after 1 attempts)
2026-01-25 07:13:01 | INFO     | [HEALTH CHECK] [OK] Chrome connection is healthy
[LF][[OK] SUCCESS] Found Amadeus Altea window: Altéa Reservation Desktop
[LF][[INFO] INFO] URL: https://tc212.resdesktop.altea.amadeus.com/app_ard/apf/init/login?SITE=ESMPESMP&LANGUAGE=GB&MARKETS=ARDW_PROD_WBP&ACTION=clpLogin#
2026-01-25 07:13:01 | INFO     | [DAY_START] Processing 22MAY
[LF] Processing AJF-CAI for 22MAY
2026-01-25 07:13:01 | INFO     | [lf.day.start] Processing AJF-CAI for 22MAY
[LF] Sending SN command: SN22MAYAJFCAI/ASM
[LF] 22MAY: found 1 direct flights
2026-01-25 07:13:02 | INFO     | [lf.day.flights_found] Found 1 flights on 22MAY
2026-01-25 07:13:04 | INFO     | [lf.flight.extracted] SM322 on 22MAY: BKG=0, LF=0.0%
[LF] SM322 22MAY: BKG=0, GRP=0, CAP=175, LF%=0.0%, Brd-Off=AJF-CAI
2026-01-25 07:13:05 | INFO     | [SUCCESS] Day 22MAY
2026-01-25 07:13:05 | INFO     | [DAY_START] Processing 21MAY
[LF] Processing AJF-CAI for 21MAY
2026-01-25 07:13:05 | INFO     | [lf.day.start] Processing AJF-CAI for 21MAY
[LF] Sending SN command: SN21MAYAJFCAI/ASM
[LF] 21MAY: found 1 direct flights
2026-01-25 07:13:06 | INFO     | [lf.day.flights_found] Found 1 flights on 21MAY
2026-01-25 07:13:08 | INFO     | [lf.flight.extracted] SM322 on 21MAY: BKG=0, LF=0.0%
[LF] SM322 21MAY: BKG=0, GRP=0, CAP=175, LF%=0.0%, Brd-Off=AJF-CAI
2026-01-25 07:13:09 | INFO     | [SUCCESS] Day 21MAY
2026-01-25 07:13:09 | INFO     | [DAY_START] Processing 20MAY
[LF] Processing AJF-CAI for 20MAY
2026-01-25 07:13:09 | INFO     | [lf.day.start] Processing AJF-CAI for 20MAY
[LF] Sending SN command: SN20MAYAJFCAI/ASM
[LF] No direct flights on 20MAY for AJF-CAI
2026-01-25 07:13:11 | WARNING  | [lf.day.no_flights] No direct flights on 20MAY
2026-01-25 07:13:11 | INFO     | [SUCCESS] Day 20MAY
2026-01-25 07:13:11 | INFO     | [DAY_START] Processing 19MAY
[LF] Processing AJF-CAI for 19MAY
2026-01-25 07:13:11 | INFO     | [lf.day.start] Processing AJF-CAI for 19MAY
[LF] Sending SN command: SN19MAYAJFCAI/ASM
[LF] No direct flights on 19MAY for AJF-CAI
2026-01-25 07:13:12 | WARNING  | [lf.day.no_flights] No direct flights on 19MAY
2026-01-25 07:13:12 | INFO     | [SUCCESS] Day 19MAY
2026-01-25 07:13:12 | INFO     | [DAY_START] Processing 18MAY
[LF] Processing AJF-CAI for 18MAY
2026-01-25 07:13:12 | INFO     | [lf.day.start] Processing AJF-CAI for 18MAY
[LF] Sending SN command: SN18MAYAJFCAI/ASM
[LF] No direct flights on 18MAY for AJF-CAI
2026-01-25 07:13:13 | WARNING  | [lf.day.no_flights] No direct flights on 18MAY
2026-01-25 07:13:13 | INFO     | [SUCCESS] Day 18MAY
2026-01-25 07:13:13 | INFO     | [DAY_START] Processing 17MAY
[LF] Processing AJF-CAI for 17MAY
2026-01-25 07:13:13 | INFO     | [lf.day.start] Processing AJF-CAI for 17MAY
[LF] Sending SN command: SN17MAYAJFCAI/ASM
[LF] 17MAY: found 1 direct flights
2026-01-25 07:13:14 | INFO     | [lf.day.flights_found] Found 1 flights on 17MAY
2026-01-25 07:13:16 | INFO     | [lf.flight.extracted] SM322 on 17MAY: BKG=0, LF=0.0%
[LF] SM322 17MAY: BKG=0, GRP=0, CAP=175, LF%=0.0%, Brd-Off=AJF-CAI
2026-01-25 07:13:17 | INFO     | [SUCCESS] Day 17MAY
2026-01-25 07:13:17 | INFO     | [DAY_START] Processing 16MAY
[LF] Processing AJF-CAI for 16MAY
2026-01-25 07:13:17 | INFO     | [lf.day.start] Processing AJF-CAI for 16MAY
[LF] Sending SN command: SN16MAYAJFCAI/ASM
[LF] No direct flights on 16MAY for AJF-CAI
2026-01-25 07:13:18 | WARNING  | [lf.day.no_flights] No direct flights on 16MAY
2026-01-25 07:13:18 | INFO     | [SUCCESS] Day 16MAY
2026-01-25 07:13:18 | INFO     | [DAY_START] Processing 15MAY
[LF] Processing AJF-CAI for 15MAY
2026-01-25 07:13:18 | INFO     | [lf.day.start] Processing AJF-CAI for 15MAY
[LF] Sending SN command: SN15MAYAJFCAI/ASM
[LF] 15MAY: found 1 direct flights
2026-01-25 07:13:20 | INFO     | [lf.day.flights_found] Found 1 flights on 15MAY
2026-01-25 07:13:23 | INFO     | [lf.flight.extracted] SM322 on 15MAY: BKG=7, LF=4.0%
[LF] SM322 15MAY: BKG=7, GRP=0, CAP=175, LF%=4.0%, Brd-Off=AJF-CAI, Classes: I:3, O:4
[LF] Getting WEEKLY/LASTSOLD data for 1 flights
[LF] SM322 15MAY: LASTSOLD=2025-12-30 00:00:00, WEEKLY=0, TODAY=0, YDAY=0
2026-01-25 07:13:25 | INFO     | [SUCCESS] Day 15MAY
[LF] Results summary:
  2026-05-22: 1 flights
  2026-05-21: 1 flights
  2026-05-20: 0 flights
  2026-05-19: 0 flights
  2026-05-18: 0 flights
  2026-05-17: 1 flights
  2026-05-16: 0 flights
  2026-05-15: 1 flights
2026-01-25 07:13:25 | INFO     | [SUCCESS] LF Search Complete

============================================================
[Worker_9225] ✓ COMPLETED: AJF-CAI
  Results: 8 dates
  Errors: 0 dates
  Total Processed: 5 groups
============================================================

2026-01-25 07:13:25 | INFO     | [Worker_9225] Completed: AJF-CAI - 8 results, 0 errors

============================================================
[Worker_9225] Processing: HBE-MED
  Tier 0: Range 4, Chunk 2/4
  Dates: 8 days
  Date Range: 2026-05-22 to 2026-05-15
============================================================

2026-01-25 07:13:25 | INFO     | [Worker_9225] Processing: HBE-MED
2026-01-25 07:13:25 | INFO     |   Tier 0: Range 4, Chunk 2/4 (8 days)
2026-01-25 07:13:25 | INFO     | ======================================================================
2026-01-25 07:13:25 | INFO     | Load Factor Scraper Started - Route: HBE-MED
2026-01-25 07:13:25 | INFO     | Log file: D:\CODERED\LAB\Artifacts\outputs\run_generated_250126_at_07.06\logs\LF_HBE-MED_20260125_071325.log
2026-01-25 07:13:25 | INFO     | Enhanced logging: Capturing both logging.info() and print()
2026-01-25 07:13:25 | INFO     | ======================================================================
[LF] Processing dates (override): ['22MAY', '21MAY', '20MAY', '19MAY', '18MAY', '17MAY', '16MAY', '15MAY']
[LF] Attaching to Chrome for Altea access
2026-01-25 07:13:25 | INFO     | Starting LF search for route: HBE-MED
2026-01-25 07:13:25 | INFO     | [START] LF Search
[LF][[OK] SUCCESS] Connected to Chrome on 127.0.0.1:9225 (after 1 attempts)
2026-01-25 07:13:26 | INFO     | [HEALTH CHECK] [OK] Chrome connection is healthy
[LF][[OK] SUCCESS] Found Amadeus Altea window: Altéa Reservation Desktop
[LF][[INFO] INFO] URL: https://tc212.resdesktop.altea.amadeus.com/app_ard/apf/init/login?SITE=ESMPESMP&LANGUAGE=GB&MARKETS=ARDW_PROD_WBP&ACTION=clpLogin#
2026-01-25 07:13:26 | INFO     | [DAY_START] Processing 22MAY
[LF] Processing HBE-MED for 22MAY
2026-01-25 07:13:26 | INFO     | [lf.day.start] Processing HBE-MED for 22MAY
[LF] Sending SN command: SN22MAYHBEMED/ASM
[LF] No direct flights on 22MAY for HBE-MED
2026-01-25 07:13:27 | WARNING  | [lf.day.no_flights] No direct flights on 22MAY
2026-01-25 07:13:27 | INFO     | [SUCCESS] Day 22MAY
2026-01-25 07:13:27 | INFO     | [DAY_START] Processing 21MAY
[LF] Processing HBE-MED for 21MAY
2026-01-25 07:13:27 | INFO     | [lf.day.start] Processing HBE-MED for 21MAY
[LF] Sending SN command: SN21MAYHBEMED/ASM
[LF] 21MAY: found 1 direct flights
2026-01-25 07:13:28 | INFO     | [lf.day.flights_found] Found 1 flights on 21MAY
2026-01-25 07:13:30 | INFO     | [lf.flight.extracted] SM485 on 21MAY: BKG=0, LF=0.0%
[LF] SM485 21MAY: BKG=0, GRP=0, CAP=179, LF%=0.0%, Brd-Off=HBE-MED
2026-01-25 07:13:31 | INFO     | [SUCCESS] Day 21MAY
2026-01-25 07:13:31 | INFO     | [DAY_START] Processing 20MAY
[LF] Processing HBE-MED for 20MAY
2026-01-25 07:13:31 | INFO     | [lf.day.start] Processing HBE-MED for 20MAY
[LF] Sending SN command: SN20MAYHBEMED/ASM
[LF] No direct flights on 20MAY for HBE-MED
2026-01-25 07:13:32 | WARNING  | [lf.day.no_flights] No direct flights on 20MAY
2026-01-25 07:13:32 | INFO     | [SUCCESS] Day 20MAY
2026-01-25 07:13:32 | INFO     | [DAY_START] Processing 19MAY
[LF] Processing HBE-MED for 19MAY
2026-01-25 07:13:32 | INFO     | [lf.day.start] Processing HBE-MED for 19MAY
[LF] Sending SN command: SN19MAYHBEMED/ASM
[LF] No direct flights on 19MAY for HBE-MED
2026-01-25 07:13:34 | WARNING  | [lf.day.no_flights] No direct flights on 19MAY
2026-01-25 07:13:34 | INFO     | [SUCCESS] Day 19MAY
2026-01-25 07:13:34 | INFO     | [DAY_START] Processing 18MAY
[LF] Processing HBE-MED for 18MAY
2026-01-25 07:13:34 | INFO     | [lf.day.start] Processing HBE-MED for 18MAY
[LF] Sending SN command: SN18MAYHBEMED/ASM
[LF] No direct flights on 18MAY for HBE-MED
2026-01-25 07:13:35 | WARNING  | [lf.day.no_flights] No direct flights on 18MAY
2026-01-25 07:13:35 | INFO     | [SUCCESS] Day 18MAY
2026-01-25 07:13:35 | INFO     | [DAY_START] Processing 17MAY
[LF] Processing HBE-MED for 17MAY
2026-01-25 07:13:35 | INFO     | [lf.day.start] Processing HBE-MED for 17MAY
[LF] Sending SN command: SN17MAYHBEMED/ASM
[LF] 17MAY: found 1 direct flights
2026-01-25 07:13:36 | INFO     | [lf.day.flights_found] Found 1 flights on 17MAY
2026-01-25 07:13:38 | INFO     | [lf.flight.extracted] SM485 on 17MAY: BKG=157, LF=87.7%
[LF] SM485 17MAY: BKG=157, GRP=150, CAP=179, LF%=87.7%, Brd-Off=HBE-MED, Classes: P:150, L:7
[LF] Getting WEEKLY/LASTSOLD data for 1 flights
[LF] SM485 17MAY: LASTSOLD=2026-01-10 00:00:00, WEEKLY=0, TODAY=0, YDAY=0
2026-01-25 07:13:40 | INFO     | [SUCCESS] Day 17MAY
2026-01-25 07:13:40 | INFO     | [DAY_START] Processing 16MAY
[LF] Processing HBE-MED for 16MAY
2026-01-25 07:13:40 | INFO     | [lf.day.start] Processing HBE-MED for 16MAY
[LF] Sending SN command: SN16MAYHBEMED/ASM
[LF] No direct flights on 16MAY for HBE-MED
2026-01-25 07:13:42 | WARNING  | [lf.day.no_flights] No direct flights on 16MAY
2026-01-25 07:13:42 | INFO     | [SUCCESS] Day 16MAY
2026-01-25 07:13:42 | INFO     | [DAY_START] Processing 15MAY
[LF] Processing HBE-MED for 15MAY
2026-01-25 07:13:42 | INFO     | [lf.day.start] Processing HBE-MED for 15MAY
[LF] Sending SN command: SN15MAYHBEMED/ASM
[LF] No direct flights on 15MAY for HBE-MED
2026-01-25 07:13:43 | WARNING  | [lf.day.no_flights] No direct flights on 15MAY
2026-01-25 07:13:43 | INFO     | [SUCCESS] Day 15MAY
[LF] Results summary:
  2026-05-22: 0 flights
  2026-05-21: 1 flights
  2026-05-20: 0 flights
  2026-05-19: 0 flights
  2026-05-18: 0 flights
  2026-05-17: 1 flights
  2026-05-16: 0 flights
  2026-05-15: 0 flights
2026-01-25 07:13:43 | INFO     | [SUCCESS] LF Search Complete

============================================================
[Worker_9225] ✓ COMPLETED: HBE-MED
  Results: 8 dates
  Errors: 0 dates
  Total Processed: 6 groups
============================================================

2026-01-25 07:13:43 | INFO     | [Worker_9225] Completed: HBE-MED - 8 results, 0 errors

============================================================
[Worker_9225] Processing: LXR-JED
  Tier 0: Range 4, Chunk 2/4
  Dates: 8 days
  Date Range: 2026-05-22 to 2026-05-15
============================================================

2026-01-25 07:13:43 | INFO     | [Worker_9225] Processing: LXR-JED
2026-01-25 07:13:43 | INFO     |   Tier 0: Range 4, Chunk 2/4 (8 days)
2026-01-25 07:13:43 | INFO     | ======================================================================
2026-01-25 07:13:43 | INFO     | Load Factor Scraper Started - Route: LXR-JED
2026-01-25 07:13:43 | INFO     | Log file: D:\CODERED\LAB\Artifacts\outputs\run_generated_250126_at_07.06\logs\LF_LXR-JED_20260125_071343.log
2026-01-25 07:13:43 | INFO     | Enhanced logging: Capturing both logging.info() and print()
2026-01-25 07:13:43 | INFO     | ======================================================================
[LF] Processing dates (override): ['22MAY', '21MAY', '20MAY', '19MAY', '18MAY', '17MAY', '16MAY', '15MAY']
[LF] Attaching to Chrome for Altea access
2026-01-25 07:13:43 | INFO     | Starting LF search for route: LXR-JED
2026-01-25 07:13:43 | INFO     | [START] LF Search
[LF][[OK] SUCCESS] Connected to Chrome on 127.0.0.1:9225 (after 1 attempts)
2026-01-25 07:13:43 | INFO     | [HEALTH CHECK] [OK] Chrome connection is healthy
[LF][[OK] SUCCESS] Found Amadeus Altea window: Altéa Reservation Desktop
[LF][[INFO] INFO] URL: https://tc212.resdesktop.altea.amadeus.com/app_ard/apf/init/login?SITE=ESMPESMP&LANGUAGE=GB&MARKETS=ARDW_PROD_WBP&ACTION=clpLogin#
2026-01-25 07:13:43 | INFO     | [DAY_START] Processing 22MAY
[LF] Processing LXR-JED for 22MAY
2026-01-25 07:13:43 | INFO     | [lf.day.start] Processing LXR-JED for 22MAY
[LF] Sending SN command: SN22MAYLXRJED/ASM
[LF] No direct flights on 22MAY for LXR-JED
2026-01-25 07:13:45 | WARNING  | [lf.day.no_flights] No direct flights on 22MAY
2026-01-25 07:13:45 | INFO     | [SUCCESS] Day 22MAY
2026-01-25 07:13:45 | INFO     | [DAY_START] Processing 21MAY
[LF] Processing LXR-JED for 21MAY
2026-01-25 07:13:45 | INFO     | [lf.day.start] Processing LXR-JED for 21MAY
[LF] Sending SN command: SN21MAYLXRJED/ASM
[LF] No direct flights on 21MAY for LXR-JED
2026-01-25 07:13:46 | WARNING  | [lf.day.no_flights] No direct flights on 21MAY
2026-01-25 07:13:46 | INFO     | [SUCCESS] Day 21MAY
2026-01-25 07:13:46 | INFO     | [DAY_START] Processing 20MAY
[LF] Processing LXR-JED for 20MAY
2026-01-25 07:13:46 | INFO     | [lf.day.start] Processing LXR-JED for 20MAY
[LF] Sending SN command: SN20MAYLXRJED/ASM
[LF] No direct flights on 20MAY for LXR-JED
2026-01-25 07:13:47 | WARNING  | [lf.day.no_flights] No direct flights on 20MAY
2026-01-25 07:13:47 | INFO     | [SUCCESS] Day 20MAY
2026-01-25 07:13:47 | INFO     | [DAY_START] Processing 19MAY
[LF] Processing LXR-JED for 19MAY
2026-01-25 07:13:47 | INFO     | [lf.day.start] Processing LXR-JED for 19MAY
[LF] Sending SN command: SN19MAYLXRJED/ASM
[LF] No direct flights on 19MAY for LXR-JED
2026-01-25 07:13:48 | WARNING  | [lf.day.no_flights] No direct flights on 19MAY
2026-01-25 07:13:48 | INFO     | [SUCCESS] Day 19MAY
2026-01-25 07:13:48 | INFO     | [DAY_START] Processing 18MAY
[LF] Processing LXR-JED for 18MAY
2026-01-25 07:13:48 | INFO     | [lf.day.start] Processing LXR-JED for 18MAY
[LF] Sending SN command: SN18MAYLXRJED/ASM
[LF] No direct flights on 18MAY for LXR-JED
2026-01-25 07:13:49 | WARNING  | [lf.day.no_flights] No direct flights on 18MAY
2026-01-25 07:13:49 | INFO     | [SUCCESS] Day 18MAY
2026-01-25 07:13:49 | INFO     | [DAY_START] Processing 17MAY
[LF] Processing LXR-JED for 17MAY
2026-01-25 07:13:49 | INFO     | [lf.day.start] Processing LXR-JED for 17MAY
[LF] Sending SN command: SN17MAYLXRJED/ASM
[LF] No direct flights on 17MAY for LXR-JED
2026-01-25 07:13:50 | WARNING  | [lf.day.no_flights] No direct flights on 17MAY
2026-01-25 07:13:50 | INFO     | [SUCCESS] Day 17MAY
2026-01-25 07:13:50 | INFO     | [DAY_START] Processing 16MAY
[LF] Processing LXR-JED for 16MAY
2026-01-25 07:13:50 | INFO     | [lf.day.start] Processing LXR-JED for 16MAY
[LF] Sending SN command: SN16MAYLXRJED/ASM
[LF] No direct flights on 16MAY for LXR-JED
2026-01-25 07:13:52 | WARNING  | [lf.day.no_flights] No direct flights on 16MAY
2026-01-25 07:13:52 | INFO     | [SUCCESS] Day 16MAY
2026-01-25 07:13:52 | INFO     | [DAY_START] Processing 15MAY
[LF] Processing LXR-JED for 15MAY
2026-01-25 07:13:52 | INFO     | [lf.day.start] Processing LXR-JED for 15MAY
[LF] Sending SN command: SN15MAYLXRJED/ASM
[LF] No direct flights on 15MAY for LXR-JED
2026-01-25 07:13:53 | WARNING  | [lf.day.no_flights] No direct flights on 15MAY
2026-01-25 07:13:53 | INFO     | [SUCCESS] Day 15MAY
[LF] Results summary:
  2026-05-22: 0 flights
  2026-05-21: 0 flights
  2026-05-20: 0 flights
  2026-05-19: 0 flights
  2026-05-18: 0 flights
  2026-05-17: 0 flights
  2026-05-16: 0 flights
  2026-05-15: 0 flights
2026-01-25 07:13:53 | INFO     | [SUCCESS] LF Search Complete

============================================================
[Worker_9225] ✓ COMPLETED: LXR-JED
  Results: 8 dates
  Errors: 0 dates
  Total Processed: 7 groups
============================================================

2026-01-25 07:13:53 | INFO     | [Worker_9225] Completed: LXR-JED - 8 results, 0 errors

============================================================
[Worker_9225] Processing: CAI-DMM
  Tier 0: Range 4, Chunk 2/4
  Dates: 8 days
  Date Range: 2026-05-22 to 2026-05-15
============================================================

2026-01-25 07:13:53 | INFO     | [Worker_9225] Processing: CAI-DMM
2026-01-25 07:13:53 | INFO     |   Tier 0: Range 4, Chunk 2/4 (8 days)
2026-01-25 07:13:53 | INFO     | ======================================================================
2026-01-25 07:13:53 | INFO     | Load Factor Scraper Started - Route: CAI-DMM
2026-01-25 07:13:53 | INFO     | Log file: D:\CODERED\LAB\Artifacts\outputs\run_generated_250126_at_07.06\logs\LF_CAI-DMM_20260125_071353.log
2026-01-25 07:13:53 | INFO     | Enhanced logging: Capturing both logging.info() and print()
2026-01-25 07:13:53 | INFO     | ======================================================================
[LF] Processing dates (override): ['22MAY', '21MAY', '20MAY', '19MAY', '18MAY', '17MAY', '16MAY', '15MAY']
[LF] Attaching to Chrome for Altea access
2026-01-25 07:13:53 | INFO     | Starting LF search for route: CAI-DMM
2026-01-25 07:13:53 | INFO     | [START] LF Search
[LF][[OK] SUCCESS] Connected to Chrome on 127.0.0.1:9225 (after 1 attempts)
2026-01-25 07:13:54 | INFO     | [HEALTH CHECK] [OK] Chrome connection is healthy
[LF][[OK] SUCCESS] Found Amadeus Altea window: Altéa Reservation Desktop
[LF][[INFO] INFO] URL: https://tc212.resdesktop.altea.amadeus.com/app_ard/apf/init/login?SITE=ESMPESMP&LANGUAGE=GB&MARKETS=ARDW_PROD_WBP&ACTION=clpLogin#
2026-01-25 07:13:54 | INFO     | [DAY_START] Processing 22MAY
[LF] Processing CAI-DMM for 22MAY
2026-01-25 07:13:54 | INFO     | [lf.day.start] Processing CAI-DMM for 22MAY
[LF] Sending SN command: SN22MAYCAIDMM/ASM
[LF] 22MAY: found 1 direct flights
2026-01-25 07:13:55 | INFO     | [lf.day.flights_found] Found 1 flights on 22MAY
2026-01-25 07:13:57 | INFO     | [lf.flight.extracted] SM439 on 22MAY: BKG=2, LF=1.1%
[LF] SM439 22MAY: BKG=2, GRP=0, CAP=179, LF%=1.1%, Brd-Off=CAI-DMM, Classes: I:2
[LF] Getting WEEKLY/LASTSOLD data for 1 flights
[LF] SM439 22MAY: LASTSOLD=2026-01-05 00:00:00, WEEKLY=0, TODAY=0, YDAY=0
2026-01-25 07:14:01 | INFO     | [SUCCESS] Day 22MAY
2026-01-25 07:14:01 | INFO     | [DAY_START] Processing 21MAY
[LF] Processing CAI-DMM for 21MAY
2026-01-25 07:14:01 | INFO     | [lf.day.start] Processing CAI-DMM for 21MAY
[LF] Sending SN command: SN21MAYCAIDMM/ASM
[LF] 21MAY: found 1 direct flights
2026-01-25 07:14:02 | INFO     | [lf.day.flights_found] Found 1 flights on 21MAY
2026-01-25 07:14:04 | INFO     | [lf.flight.extracted] SM433 on 21MAY: BKG=0, LF=0.0%
[LF] SM433 21MAY: BKG=0, GRP=0, CAP=179, LF%=0.0%, Brd-Off=CAI-DMM
2026-01-25 07:14:05 | INFO     | [SUCCESS] Day 21MAY
2026-01-25 07:14:05 | INFO     | [DAY_START] Processing 20MAY
[LF] Processing CAI-DMM for 20MAY
2026-01-25 07:14:05 | INFO     | [lf.day.start] Processing CAI-DMM for 20MAY
[LF] Sending SN command: SN20MAYCAIDMM/ASM
[LF] 20MAY: found 1 direct flights
2026-01-25 07:14:06 | INFO     | [lf.day.flights_found] Found 1 flights on 20MAY
2026-01-25 07:14:08 | INFO     | [lf.flight.extracted] SM433 on 20MAY: BKG=0, LF=0.0%
[LF] SM433 20MAY: BKG=0, GRP=0, CAP=179, LF%=0.0%, Brd-Off=CAI-DMM
2026-01-25 07:14:09 | INFO     | [SUCCESS] Day 20MAY
2026-01-25 07:14:09 | INFO     | [DAY_START] Processing 19MAY
[LF] Processing CAI-DMM for 19MAY
2026-01-25 07:14:09 | INFO     | [lf.day.start] Processing CAI-DMM for 19MAY
[LF] Sending SN command: SN19MAYCAIDMM/ASM
[LF] 19MAY: found 1 direct flights
2026-01-25 07:14:10 | INFO     | [lf.day.flights_found] Found 1 flights on 19MAY
2026-01-25 07:14:12 | INFO     | [lf.flight.extracted] SM433 on 19MAY: BKG=0, LF=0.0%
[LF] SM433 19MAY: BKG=0, GRP=0, CAP=179, LF%=0.0%, Brd-Off=CAI-DMM
2026-01-25 07:14:13 | INFO     | [SUCCESS] Day 19MAY
2026-01-25 07:14:13 | INFO     | [DAY_START] Processing 18MAY
[LF] Processing CAI-DMM for 18MAY
2026-01-25 07:14:13 | INFO     | [lf.day.start] Processing CAI-DMM for 18MAY
[LF] Sending SN command: SN18MAYCAIDMM/ASM
[LF] 18MAY: found 1 direct flights
2026-01-25 07:14:15 | INFO     | [lf.day.flights_found] Found 1 flights on 18MAY
2026-01-25 07:14:16 | INFO     | [lf.flight.extracted] SM433 on 18MAY: BKG=0, LF=0.0%
[LF] SM433 18MAY: BKG=0, GRP=0, CAP=179, LF%=0.0%, Brd-Off=CAI-DMM
2026-01-25 07:14:18 | INFO     | [SUCCESS] Day 18MAY
2026-01-25 07:14:18 | INFO     | [DAY_START] Processing 17MAY
[LF] Processing CAI-DMM for 17MAY
2026-01-25 07:14:18 | INFO     | [lf.day.start] Processing CAI-DMM for 17MAY
[LF] Sending SN command: SN17MAYCAIDMM/ASM
[LF] 17MAY: found 1 direct flights
2026-01-25 07:14:19 | INFO     | [lf.day.flights_found] Found 1 flights on 17MAY
2026-01-25 07:14:21 | INFO     | [lf.flight.extracted] SM439 on 17MAY: BKG=0, LF=0.0%
[LF] SM439 17MAY: BKG=0, GRP=0, CAP=179, LF%=0.0%, Brd-Off=CAI-DMM
2026-01-25 07:14:22 | INFO     | [SUCCESS] Day 17MAY
2026-01-25 07:14:22 | INFO     | [DAY_START] Processing 16MAY
[LF] Processing CAI-DMM for 16MAY
2026-01-25 07:14:22 | INFO     | [lf.day.start] Processing CAI-DMM for 16MAY
[LF] Sending SN command: SN16MAYCAIDMM/ASM
[LF] 16MAY: found 1 direct flights
2026-01-25 07:14:23 | INFO     | [lf.day.flights_found] Found 1 flights on 16MAY
2026-01-25 07:14:26 | INFO     | [lf.flight.extracted] SM433 on 16MAY: BKG=0, LF=0.0%
[LF] SM433 16MAY: BKG=0, GRP=0, CAP=179, LF%=0.0%, Brd-Off=CAI-DMM
2026-01-25 07:14:27 | INFO     | [SUCCESS] Day 16MAY
2026-01-25 07:14:27 | INFO     | [DAY_START] Processing 15MAY
[LF] Processing CAI-DMM for 15MAY
2026-01-25 07:14:27 | INFO     | [lf.day.start] Processing CAI-DMM for 15MAY
[LF] Sending SN command: SN15MAYCAIDMM/ASM
[LF] 15MAY: found 1 direct flights
2026-01-25 07:14:28 | INFO     | [lf.day.flights_found] Found 1 flights on 15MAY
2026-01-25 07:14:30 | INFO     | [lf.flight.extracted] SM439 on 15MAY: BKG=1, LF=0.6%
[LF] SM439 15MAY: BKG=1, GRP=0, CAP=179, LF%=0.6%, Brd-Off=CAI-DMM, Classes: G:1
[LF] Getting WEEKLY/LASTSOLD data for 1 flights
[LF] SM439 15MAY: LASTSOLD=2025-11-11 00:00:00, WEEKLY=0, TODAY=0, YDAY=0
2026-01-25 07:14:33 | INFO     | [SUCCESS] Day 15MAY
[LF] Results summary:
  2026-05-22: 1 flights
  2026-05-21: 1 flights
  2026-05-20: 1 flights
  2026-05-19: 1 flights
  2026-05-18: 1 flights
  2026-05-17: 1 flights
  2026-05-16: 1 flights
  2026-05-15: 1 flights
2026-01-25 07:14:33 | INFO     | [SUCCESS] LF Search Complete

============================================================
[Worker_9225] ✓ COMPLETED: CAI-DMM
  Results: 8 dates
  Errors: 0 dates
  Total Processed: 8 groups
============================================================

2026-01-25 07:14:33 | INFO     | [Worker_9225] Completed: CAI-DMM - 8 results, 0 errors

============================================================
[Worker_9225] Processing: MED-ATZ
  Tier 0: Range 4, Chunk 3/4
  Dates: 8 days
  Date Range: 2026-05-14 to 2026-05-07
============================================================

2026-01-25 07:14:33 | INFO     | [Worker_9225] Processing: MED-ATZ
2026-01-25 07:14:33 | INFO     |   Tier 0: Range 4, Chunk 3/4 (8 days)
2026-01-25 07:14:33 | INFO     | ======================================================================
2026-01-25 07:14:33 | INFO     | Load Factor Scraper Started - Route: MED-ATZ
2026-01-25 07:14:33 | INFO     | Log file: D:\CODERED\LAB\Artifacts\outputs\run_generated_250126_at_07.06\logs\LF_MED-ATZ_20260125_071433.log
2026-01-25 07:14:33 | INFO     | Enhanced logging: Capturing both logging.info() and print()
2026-01-25 07:14:33 | INFO     | ======================================================================
[LF] Processing dates (override): ['14MAY', '13MAY', '12MAY', '11MAY', '10MAY', '09MAY', '08MAY', '07MAY']
[LF] Attaching to Chrome for Altea access
2026-01-25 07:14:33 | INFO     | Starting LF search for route: MED-ATZ
2026-01-25 07:14:33 | INFO     | [START] LF Search
[LF][[OK] SUCCESS] Connected to Chrome on 127.0.0.1:9225 (after 1 attempts)
2026-01-25 07:14:33 | INFO     | [HEALTH CHECK] [OK] Chrome connection is healthy
[LF][[OK] SUCCESS] Found Amadeus Altea window: Altéa Reservation Desktop
[LF][[INFO] INFO] URL: https://tc212.resdesktop.altea.amadeus.com/app_ard/apf/init/login?SITE=ESMPESMP&LANGUAGE=GB&MARKETS=ARDW_PROD_WBP&ACTION=clpLogin#
2026-01-25 07:14:34 | INFO     | [DAY_START] Processing 14MAY
[LF] Processing MED-ATZ for 14MAY
2026-01-25 07:14:34 | INFO     | [lf.day.start] Processing MED-ATZ for 14MAY
[LF] Sending SN command: SN14MAYMEDATZ/ASM
[LF] No direct flights on 14MAY for MED-ATZ
2026-01-25 07:14:35 | WARNING  | [lf.day.no_flights] No direct flights on 14MAY
2026-01-25 07:14:35 | INFO     | [SUCCESS] Day 14MAY
2026-01-25 07:14:35 | INFO     | [DAY_START] Processing 13MAY
[LF] Processing MED-ATZ for 13MAY
2026-01-25 07:14:35 | INFO     | [lf.day.start] Processing MED-ATZ for 13MAY
[LF] Sending SN command: SN13MAYMEDATZ/ASM
[LF] No direct flights on 13MAY for MED-ATZ
2026-01-25 07:14:36 | WARNING  | [lf.day.no_flights] No direct flights on 13MAY
2026-01-25 07:14:36 | INFO     | [SUCCESS] Day 13MAY
2026-01-25 07:14:36 | INFO     | [DAY_START] Processing 12MAY
[LF] Processing MED-ATZ for 12MAY
2026-01-25 07:14:36 | INFO     | [lf.day.start] Processing MED-ATZ for 12MAY
[LF] Sending SN command: SN12MAYMEDATZ/ASM
[LF] No direct flights on 12MAY for MED-ATZ
2026-01-25 07:14:37 | WARNING  | [lf.day.no_flights] No direct flights on 12MAY
2026-01-25 07:14:37 | INFO     | [SUCCESS] Day 12MAY
2026-01-25 07:14:37 | INFO     | [DAY_START] Processing 11MAY
[LF] Processing MED-ATZ for 11MAY
2026-01-25 07:14:37 | INFO     | [lf.day.start] Processing MED-ATZ for 11MAY
[LF] Sending SN command: SN11MAYMEDATZ/ASM
[LF] No direct flights on 11MAY for MED-ATZ
2026-01-25 07:14:38 | WARNING  | [lf.day.no_flights] No direct flights on 11MAY
2026-01-25 07:14:38 | INFO     | [SUCCESS] Day 11MAY
2026-01-25 07:14:38 | INFO     | [DAY_START] Processing 10MAY
[LF] Processing MED-ATZ for 10MAY
2026-01-25 07:14:38 | INFO     | [lf.day.start] Processing MED-ATZ for 10MAY
[LF] Sending SN command: SN10MAYMEDATZ/ASM
[LF] 10MAY: found 1 direct flights
2026-01-25 07:14:40 | INFO     | [lf.day.flights_found] Found 1 flights on 10MAY
2026-01-25 07:14:42 | INFO     | [lf.flight.extracted] SM488 on 10MAY: BKG=1, LF=0.6%
[LF] SM488 10MAY: BKG=1, GRP=0, CAP=175, LF%=0.6%, Brd-Off=MED-ATZ, Classes: I:1
[LF] Getting WEEKLY/LASTSOLD data for 1 flights
[LF] SM488 10MAY: LASTSOLD=2026-01-12 00:00:00, WEEKLY=0, TODAY=0, YDAY=0
2026-01-25 07:14:44 | INFO     | [SUCCESS] Day 10MAY
2026-01-25 07:14:44 | INFO     | [DAY_START] Processing 09MAY
[LF] Processing MED-ATZ for 09MAY
2026-01-25 07:14:44 | INFO     | [lf.day.start] Processing MED-ATZ for 09MAY
[LF] Sending SN command: SN09MAYMEDATZ/ASM
[LF] No direct flights on 09MAY for MED-ATZ
2026-01-25 07:14:45 | WARNING  | [lf.day.no_flights] No direct flights on 09MAY
2026-01-25 07:14:45 | INFO     | [SUCCESS] Day 09MAY
2026-01-25 07:14:45 | INFO     | [DAY_START] Processing 08MAY
[LF] Processing MED-ATZ for 08MAY
2026-01-25 07:14:45 | INFO     | [lf.day.start] Processing MED-ATZ for 08MAY
[LF] Sending SN command: SN08MAYMEDATZ/ASM
[LF] No direct flights on 08MAY for MED-ATZ
2026-01-25 07:14:47 | WARNING  | [lf.day.no_flights] No direct flights on 08MAY
2026-01-25 07:14:47 | INFO     | [SUCCESS] Day 08MAY
2026-01-25 07:14:47 | INFO     | [DAY_START] Processing 07MAY
[LF] Processing MED-ATZ for 07MAY
2026-01-25 07:14:47 | INFO     | [lf.day.start] Processing MED-ATZ for 07MAY
[LF] Sending SN command: SN07MAYMEDATZ/ASM
[LF] No direct flights on 07MAY for MED-ATZ
2026-01-25 07:14:48 | WARNING  | [lf.day.no_flights] No direct flights on 07MAY
2026-01-25 07:14:48 | INFO     | [SUCCESS] Day 07MAY
[LF] Results summary:
  2026-05-14: 0 flights
  2026-05-13: 0 flights
  2026-05-12: 0 flights
  2026-05-11: 0 flights
  2026-05-10: 1 flights
  2026-05-09: 0 flights
  2026-05-08: 0 flights
  2026-05-07: 0 flights
2026-01-25 07:14:48 | INFO     | [SUCCESS] LF Search Complete

============================================================
[Worker_9225] ✓ COMPLETED: MED-ATZ
  Results: 8 dates
  Errors: 0 dates
  Total Processed: 9 groups
============================================================

2026-01-25 07:14:48 | INFO     | [Worker_9225] Completed: MED-ATZ - 8 results, 0 errors

============================================================
[Worker_9225] Processing: JED-ASW
  Tier 0: Range 4, Chunk 3/4
  Dates: 8 days
  Date Range: 2026-05-14 to 2026-05-07
============================================================

2026-01-25 07:14:48 | INFO     | [Worker_9225] Processing: JED-ASW
2026-01-25 07:14:48 | INFO     |   Tier 0: Range 4, Chunk 3/4 (8 days)
2026-01-25 07:14:48 | INFO     | ======================================================================
2026-01-25 07:14:48 | INFO     | Load Factor Scraper Started - Route: JED-ASW
2026-01-25 07:14:48 | INFO     | Log file: D:\CODERED\LAB\Artifacts\outputs\run_generated_250126_at_07.06\logs\LF_JED-ASW_20260125_071448.log
2026-01-25 07:14:48 | INFO     | Enhanced logging: Capturing both logging.info() and print()
2026-01-25 07:14:48 | INFO     | ======================================================================
[LF] Processing dates (override): ['14MAY', '13MAY', '12MAY', '11MAY', '10MAY', '09MAY', '08MAY', '07MAY']
[LF] Attaching to Chrome for Altea access
2026-01-25 07:14:48 | INFO     | Starting LF search for route: JED-ASW
2026-01-25 07:14:48 | INFO     | [START] LF Search
[LF][[OK] SUCCESS] Connected to Chrome on 127.0.0.1:9225 (after 1 attempts)
2026-01-25 07:14:49 | INFO     | [HEALTH CHECK] [OK] Chrome connection is healthy
[LF][[OK] SUCCESS] Found Amadeus Altea window: Altéa Reservation Desktop
[LF][[INFO] INFO] URL: https://tc212.resdesktop.altea.amadeus.com/app_ard/apf/init/login?SITE=ESMPESMP&LANGUAGE=GB&MARKETS=ARDW_PROD_WBP&ACTION=clpLogin#
2026-01-25 07:14:49 | INFO     | [DAY_START] Processing 14MAY
[LF] Processing JED-ASW for 14MAY
2026-01-25 07:14:49 | INFO     | [lf.day.start] Processing JED-ASW for 14MAY
[LF] Sending SN command: SN14MAYJEDASW/ASM
[LF] No direct flights on 14MAY for JED-ASW
2026-01-25 07:14:50 | WARNING  | [lf.day.no_flights] No direct flights on 14MAY
2026-01-25 07:14:50 | INFO     | [SUCCESS] Day 14MAY
2026-01-25 07:14:50 | INFO     | [DAY_START] Processing 13MAY
[LF] Processing JED-ASW for 13MAY
2026-01-25 07:14:50 | INFO     | [lf.day.start] Processing JED-ASW for 13MAY
[LF] Sending SN command: SN13MAYJEDASW/ASM
[LF] No direct flights on 13MAY for JED-ASW
2026-01-25 07:14:52 | WARNING  | [lf.day.no_flights] No direct flights on 13MAY
2026-01-25 07:14:52 | INFO     | [SUCCESS] Day 13MAY
2026-01-25 07:14:52 | INFO     | [DAY_START] Processing 12MAY
[LF] Processing JED-ASW for 12MAY
2026-01-25 07:14:52 | INFO     | [lf.day.start] Processing JED-ASW for 12MAY
[LF] Sending SN command: SN12MAYJEDASW/ASM
[LF] No direct flights on 12MAY for JED-ASW
2026-01-25 07:14:53 | WARNING  | [lf.day.no_flights] No direct flights on 12MAY
2026-01-25 07:14:53 | INFO     | [SUCCESS] Day 12MAY
2026-01-25 07:14:53 | INFO     | [DAY_START] Processing 11MAY
[LF] Processing JED-ASW for 11MAY
2026-01-25 07:14:53 | INFO     | [lf.day.start] Processing JED-ASW for 11MAY
[LF] Sending SN command: SN11MAYJEDASW/ASM
[LF] No direct flights on 11MAY for JED-ASW
2026-01-25 07:14:54 | WARNING  | [lf.day.no_flights] No direct flights on 11MAY
2026-01-25 07:14:54 | INFO     | [SUCCESS] Day 11MAY
2026-01-25 07:14:54 | INFO     | [DAY_START] Processing 10MAY
[LF] Processing JED-ASW for 10MAY
2026-01-25 07:14:54 | INFO     | [lf.day.start] Processing JED-ASW for 10MAY
[LF] Sending SN command: SN10MAYJEDASW/ASM
[LF] No direct flights on 10MAY for JED-ASW
2026-01-25 07:14:55 | WARNING  | [lf.day.no_flights] No direct flights on 10MAY
2026-01-25 07:14:55 | INFO     | [SUCCESS] Day 10MAY
2026-01-25 07:14:55 | INFO     | [DAY_START] Processing 09MAY
[LF] Processing JED-ASW for 09MAY
2026-01-25 07:14:55 | INFO     | [lf.day.start] Processing JED-ASW for 09MAY
[LF] Sending SN command: SN09MAYJEDASW/ASM
[LF] No direct flights on 09MAY for JED-ASW
2026-01-25 07:14:56 | WARNING  | [lf.day.no_flights] No direct flights on 09MAY
2026-01-25 07:14:56 | INFO     | [SUCCESS] Day 09MAY
2026-01-25 07:14:56 | INFO     | [DAY_START] Processing 08MAY
[LF] Processing JED-ASW for 08MAY
2026-01-25 07:14:56 | INFO     | [lf.day.start] Processing JED-ASW for 08MAY
[LF] Sending SN command: SN08MAYJEDASW/ASM
[LF] No direct flights on 08MAY for JED-ASW
2026-01-25 07:14:57 | WARNING  | [lf.day.no_flights] No direct flights on 08MAY
2026-01-25 07:14:57 | INFO     | [SUCCESS] Day 08MAY
2026-01-25 07:14:57 | INFO     | [DAY_START] Processing 07MAY
[LF] Processing JED-ASW for 07MAY
2026-01-25 07:14:57 | INFO     | [lf.day.start] Processing JED-ASW for 07MAY
[LF] Sending SN command: SN07MAYJEDASW/ASM
[LF] No direct flights on 07MAY for JED-ASW
2026-01-25 07:14:59 | WARNING  | [lf.day.no_flights] No direct flights on 07MAY
2026-01-25 07:14:59 | INFO     | [SUCCESS] Day 07MAY
[LF] Results summary:
  2026-05-14: 0 flights
  2026-05-13: 0 flights
  2026-05-12: 0 flights
  2026-05-11: 0 flights
  2026-05-10: 0 flights
  2026-05-09: 0 flights
  2026-05-08: 0 flights
  2026-05-07: 0 flights
2026-01-25 07:14:59 | INFO     | [SUCCESS] LF Search Complete

============================================================
[Worker_9225] ✓ COMPLETED: JED-ASW
  Results: 8 dates
  Errors: 0 dates
  Total Processed: 10 groups
============================================================

2026-01-25 07:14:59 | INFO     | [Worker_9225] Completed: JED-ASW - 8 results, 0 errors

============================================================
[Worker_9225] Processing: TUU-CAI
  Tier 0: Range 4, Chunk 3/4
  Dates: 8 days
  Date Range: 2026-05-14 to 2026-05-07
============================================================

2026-01-25 07:14:59 | INFO     | [Worker_9225] Processing: TUU-CAI
2026-01-25 07:14:59 | INFO     |   Tier 0: Range 4, Chunk 3/4 (8 days)
2026-01-25 07:14:59 | INFO     | ======================================================================
2026-01-25 07:14:59 | INFO     | Load Factor Scraper Started - Route: TUU-CAI
2026-01-25 07:14:59 | INFO     | Log file: D:\CODERED\LAB\Artifacts\outputs\run_generated_250126_at_07.06\logs\LF_TUU-CAI_20260125_071459.log
2026-01-25 07:14:59 | INFO     | Enhanced logging: Capturing both logging.info() and print()
2026-01-25 07:14:59 | INFO     | ======================================================================
[LF] Processing dates (override): ['14MAY', '13MAY', '12MAY', '11MAY', '10MAY', '09MAY', '08MAY', '07MAY']
[LF] Attaching to Chrome for Altea access
2026-01-25 07:14:59 | INFO     | Starting LF search for route: TUU-CAI
2026-01-25 07:14:59 | INFO     | [START] LF Search
[LF][[OK] SUCCESS] Connected to Chrome on 127.0.0.1:9225 (after 1 attempts)
2026-01-25 07:14:59 | INFO     | [HEALTH CHECK] [OK] Chrome connection is healthy
[LF][[OK] SUCCESS] Found Amadeus Altea window: Altéa Reservation Desktop
[LF][[INFO] INFO] URL: https://tc212.resdesktop.altea.amadeus.com/app_ard/apf/init/login?SITE=ESMPESMP&LANGUAGE=GB&MARKETS=ARDW_PROD_WBP&ACTION=clpLogin#
2026-01-25 07:14:59 | INFO     | [DAY_START] Processing 14MAY
[LF] Processing TUU-CAI for 14MAY
2026-01-25 07:14:59 | INFO     | [lf.day.start] Processing TUU-CAI for 14MAY
[LF] Sending SN command: SN14MAYTUUCAI/ASM
[LF] 14MAY: found 1 direct flights
2026-01-25 07:15:01 | INFO     | [lf.day.flights_found] Found 1 flights on 14MAY
2026-01-25 07:15:03 | INFO     | [lf.flight.extracted] SM326 on 14MAY: BKG=5, LF=2.9%
[LF] SM326 14MAY: BKG=5, GRP=0, CAP=175, LF%=2.9%, Brd-Off=TUU-CAI, Classes: I:3, O:2
[LF] Getting WEEKLY/LASTSOLD data for 1 flights
[LF] SM326 14MAY: LASTSOLD=2026-01-04 00:00:00, WEEKLY=0, TODAY=0, YDAY=0
2026-01-25 07:15:06 | INFO     | [SUCCESS] Day 14MAY
2026-01-25 07:15:06 | INFO     | [DAY_START] Processing 13MAY
[LF] Processing TUU-CAI for 13MAY
2026-01-25 07:15:06 | INFO     | [lf.day.start] Processing TUU-CAI for 13MAY
[LF] Sending SN command: SN13MAYTUUCAI/ASM
[LF] No direct flights on 13MAY for TUU-CAI
2026-01-25 07:15:07 | WARNING  | [lf.day.no_flights] No direct flights on 13MAY
2026-01-25 07:15:07 | INFO     | [SUCCESS] Day 13MAY
2026-01-25 07:15:07 | INFO     | [DAY_START] Processing 12MAY
[LF] Processing TUU-CAI for 12MAY
2026-01-25 07:15:07 | INFO     | [lf.day.start] Processing TUU-CAI for 12MAY
[LF] Sending SN command: SN12MAYTUUCAI/ASM
[LF] 12MAY: found 1 direct flights
2026-01-25 07:15:08 | INFO     | [lf.day.flights_found] Found 1 flights on 12MAY
2026-01-25 07:15:10 | INFO     | [lf.flight.extracted] SM326 on 12MAY: BKG=0, LF=0.0%
[LF] SM326 12MAY: BKG=0, GRP=0, CAP=167, LF%=0.0%, Brd-Off=TUU-CAI
2026-01-25 07:15:11 | INFO     | [SUCCESS] Day 12MAY
2026-01-25 07:15:11 | INFO     | [DAY_START] Processing 11MAY
[LF] Processing TUU-CAI for 11MAY
2026-01-25 07:15:11 | INFO     | [lf.day.start] Processing TUU-CAI for 11MAY
[LF] Sending SN command: SN11MAYTUUCAI/ASM
[LF] No direct flights on 11MAY for TUU-CAI
2026-01-25 07:15:12 | WARNING  | [lf.day.no_flights] No direct flights on 11MAY
2026-01-25 07:15:12 | INFO     | [SUCCESS] Day 11MAY
2026-01-25 07:15:12 | INFO     | [DAY_START] Processing 10MAY
[LF] Processing TUU-CAI for 10MAY
2026-01-25 07:15:12 | INFO     | [lf.day.start] Processing TUU-CAI for 10MAY
[LF] Sending SN command: SN10MAYTUUCAI/ASM
[LF] No direct flights on 10MAY for TUU-CAI
2026-01-25 07:15:13 | WARNING  | [lf.day.no_flights] No direct flights on 10MAY
2026-01-25 07:15:13 | INFO     | [SUCCESS] Day 10MAY
2026-01-25 07:15:13 | INFO     | [DAY_START] Processing 09MAY
[LF] Processing TUU-CAI for 09MAY
2026-01-25 07:15:13 | INFO     | [lf.day.start] Processing TUU-CAI for 09MAY
[LF] Sending SN command: SN09MAYTUUCAI/ASM
[LF] 09MAY: found 1 direct flights
2026-01-25 07:15:14 | INFO     | [lf.day.flights_found] Found 1 flights on 09MAY
2026-01-25 07:15:16 | INFO     | [lf.flight.extracted] SM326 on 09MAY: BKG=0, LF=0.0%
[LF] SM326 09MAY: BKG=0, GRP=0, CAP=167, LF%=0.0%, Brd-Off=TUU-CAI
2026-01-25 07:15:17 | INFO     | [SUCCESS] Day 09MAY
2026-01-25 07:15:17 | INFO     | [DAY_START] Processing 08MAY
[LF] Processing TUU-CAI for 08MAY
2026-01-25 07:15:17 | INFO     | [lf.day.start] Processing TUU-CAI for 08MAY
[LF] Sending SN command: SN08MAYTUUCAI/ASM
[LF] 08MAY: found 1 direct flights
2026-01-25 07:15:19 | INFO     | [lf.day.flights_found] Found 1 flights on 08MAY
2026-01-25 07:15:21 | INFO     | [lf.flight.extracted] SM326 on 08MAY: BKG=0, LF=0.0%
[LF] SM326 08MAY: BKG=0, GRP=0, CAP=175, LF%=0.0%, Brd-Off=TUU-CAI
2026-01-25 07:15:22 | INFO     | [SUCCESS] Day 08MAY
2026-01-25 07:15:22 | INFO     | [DAY_START] Processing 07MAY
[LF] Processing TUU-CAI for 07MAY
2026-01-25 07:15:22 | INFO     | [lf.day.start] Processing TUU-CAI for 07MAY
[LF] Sending SN command: SN07MAYTUUCAI/ASM
[LF] 07MAY: found 1 direct flights
2026-01-25 07:15:24 | INFO     | [lf.day.flights_found] Found 1 flights on 07MAY
2026-01-25 07:15:26 | INFO     | [lf.flight.extracted] SM326 on 07MAY: BKG=1, LF=0.6%
[LF] SM326 07MAY: BKG=1, GRP=0, CAP=167, LF%=0.6%, Brd-Off=TUU-CAI, Classes: I:1
[LF] Getting WEEKLY/LASTSOLD data for 1 flights
[LF] SM326 07MAY: LASTSOLD=2025-12-23 00:00:00, WEEKLY=0, TODAY=0, YDAY=0
2026-01-25 07:15:29 | INFO     | [SUCCESS] Day 07MAY
[LF] Results summary:
  2026-05-14: 1 flights
  2026-05-13: 0 flights
  2026-05-12: 1 flights
  2026-05-11: 0 flights
  2026-05-10: 0 flights
  2026-05-09: 1 flights
  2026-05-08: 1 flights
  2026-05-07: 1 flights
2026-01-25 07:15:29 | INFO     | [SUCCESS] LF Search Complete

============================================================
[Worker_9225] ✓ COMPLETED: TUU-CAI
  Results: 8 dates
  Errors: 0 dates
  Total Processed: 11 groups
============================================================

2026-01-25 07:15:29 | INFO     | [Worker_9225] Completed: TUU-CAI - 8 results, 0 errors

============================================================
[Worker_9225] Processing: ELQ-CAI
  Tier 0: Range 4, Chunk 3/4
  Dates: 8 days
  Date Range: 2026-05-14 to 2026-05-07
============================================================

2026-01-25 07:15:29 | INFO     | [Worker_9225] Processing: ELQ-CAI
2026-01-25 07:15:29 | INFO     |   Tier 0: Range 4, Chunk 3/4 (8 days)
2026-01-25 07:15:29 | INFO     | ======================================================================
2026-01-25 07:15:29 | INFO     | Load Factor Scraper Started - Route: ELQ-CAI
2026-01-25 07:15:29 | INFO     | Log file: D:\CODERED\LAB\Artifacts\outputs\run_generated_250126_at_07.06\logs\LF_ELQ-CAI_20260125_071529.log
2026-01-25 07:15:29 | INFO     | Enhanced logging: Capturing both logging.info() and print()
2026-01-25 07:15:29 | INFO     | ======================================================================
[LF] Processing dates (override): ['14MAY', '13MAY', '12MAY', '11MAY', '10MAY', '09MAY', '08MAY', '07MAY']
[LF] Attaching to Chrome for Altea access
2026-01-25 07:15:29 | INFO     | Starting LF search for route: ELQ-CAI
2026-01-25 07:15:29 | INFO     | [START] LF Search
[LF][[OK] SUCCESS] Connected to Chrome on 127.0.0.1:9225 (after 1 attempts)
2026-01-25 07:15:29 | INFO     | [HEALTH CHECK] [OK] Chrome connection is healthy
[LF][[OK] SUCCESS] Found Amadeus Altea window: Altéa Reservation Desktop
[LF][[INFO] INFO] URL: https://tc212.resdesktop.altea.amadeus.com/app_ard/apf/init/login?SITE=ESMPESMP&LANGUAGE=GB&MARKETS=ARDW_PROD_WBP&ACTION=clpLogin#
2026-01-25 07:15:29 | INFO     | [DAY_START] Processing 14MAY
[LF] Processing ELQ-CAI for 14MAY
2026-01-25 07:15:29 | INFO     | [lf.day.start] Processing ELQ-CAI for 14MAY
[LF] Sending SN command: SN14MAYELQCAI/ASM
[LF] No direct flights on 14MAY for ELQ-CAI
2026-01-25 07:15:31 | WARNING  | [lf.day.no_flights] No direct flights on 14MAY
2026-01-25 07:15:31 | INFO     | [SUCCESS] Day 14MAY
2026-01-25 07:15:31 | INFO     | [DAY_START] Processing 13MAY
[LF] Processing ELQ-CAI for 13MAY
2026-01-25 07:15:31 | INFO     | [lf.day.start] Processing ELQ-CAI for 13MAY
[LF] Sending SN command: SN13MAYELQCAI/ASM
[LF] 13MAY: found 1 direct flights
2026-01-25 07:15:32 | INFO     | [lf.day.flights_found] Found 1 flights on 13MAY
2026-01-25 07:15:34 | INFO     | [lf.flight.extracted] SM428 on 13MAY: BKG=0, LF=0.0%
[LF] SM428 13MAY: BKG=0, GRP=0, CAP=175, LF%=0.0%, Brd-Off=ELQ-CAI
2026-01-25 07:15:36 | INFO     | [SUCCESS] Day 13MAY
2026-01-25 07:15:36 | INFO     | [DAY_START] Processing 12MAY
[LF] Processing ELQ-CAI for 12MAY
2026-01-25 07:15:36 | INFO     | [lf.day.start] Processing ELQ-CAI for 12MAY
[LF] Sending SN command: SN12MAYELQCAI/ASM
[LF] 12MAY: found 1 direct flights
2026-01-25 07:15:37 | INFO     | [lf.day.flights_found] Found 1 flights on 12MAY
2026-01-25 07:15:39 | INFO     | [lf.flight.extracted] SM428 on 12MAY: BKG=2, LF=1.1%
[LF] SM428 12MAY: BKG=2, GRP=0, CAP=175, LF%=1.1%, Brd-Off=ELQ-CAI, Classes: I:2
[LF] Getting WEEKLY/LASTSOLD data for 1 flights
[LF] SM428 12MAY: LASTSOLD=2025-12-03 00:00:00, WEEKLY=0, TODAY=0, YDAY=0
2026-01-25 07:15:43 | INFO     | [SUCCESS] Day 12MAY
2026-01-25 07:15:43 | INFO     | [DAY_START] Processing 11MAY
[LF] Processing ELQ-CAI for 11MAY
2026-01-25 07:15:43 | INFO     | [lf.day.start] Processing ELQ-CAI for 11MAY
[LF] Sending SN command: SN11MAYELQCAI/ASM
[LF] No direct flights on 11MAY for ELQ-CAI
2026-01-25 07:15:44 | WARNING  | [lf.day.no_flights] No direct flights on 11MAY
2026-01-25 07:15:44 | INFO     | [SUCCESS] Day 11MAY
2026-01-25 07:15:44 | INFO     | [DAY_START] Processing 10MAY
[LF] Processing ELQ-CAI for 10MAY
2026-01-25 07:15:44 | INFO     | [lf.day.start] Processing ELQ-CAI for 10MAY
[LF] Sending SN command: SN10MAYELQCAI/ASM
[LF] No direct flights on 10MAY for ELQ-CAI
2026-01-25 07:15:45 | WARNING  | [lf.day.no_flights] No direct flights on 10MAY
2026-01-25 07:15:45 | INFO     | [SUCCESS] Day 10MAY
2026-01-25 07:15:45 | INFO     | [DAY_START] Processing 09MAY
[LF] Processing ELQ-CAI for 09MAY
2026-01-25 07:15:45 | INFO     | [lf.day.start] Processing ELQ-CAI for 09MAY
[LF] Sending SN command: SN09MAYELQCAI/ASM
[LF] No direct flights on 09MAY for ELQ-CAI
2026-01-25 07:15:46 | WARNING  | [lf.day.no_flights] No direct flights on 09MAY
2026-01-25 07:15:46 | INFO     | [SUCCESS] Day 09MAY
2026-01-25 07:15:46 | INFO     | [DAY_START] Processing 08MAY
[LF] Processing ELQ-CAI for 08MAY
2026-01-25 07:15:46 | INFO     | [lf.day.start] Processing ELQ-CAI for 08MAY
[LF] Sending SN command: SN08MAYELQCAI/ASM
[LF] 08MAY: found 1 direct flights
2026-01-25 07:15:48 | INFO     | [lf.day.flights_found] Found 1 flights on 08MAY
2026-01-25 07:15:49 | INFO     | [lf.flight.extracted] SM428 on 08MAY: BKG=4, LF=2.3%
[LF] SM428 08MAY: BKG=4, GRP=0, CAP=175, LF%=2.3%, Brd-Off=ELQ-CAI, Classes: I:4
[LF] Getting WEEKLY/LASTSOLD data for 1 flights
[LF] SM428 08MAY: LASTSOLD=2026-01-24 00:00:00, WEEKLY=3, TODAY=0, YDAY=2
2026-01-25 07:15:52 | INFO     | [SUCCESS] Day 08MAY
2026-01-25 07:15:52 | INFO     | [DAY_START] Processing 07MAY
[LF] Processing ELQ-CAI for 07MAY
2026-01-25 07:15:52 | INFO     | [lf.day.start] Processing ELQ-CAI for 07MAY
[LF] Sending SN command: SN07MAYELQCAI/ASM
[LF] No direct flights on 07MAY for ELQ-CAI
2026-01-25 07:15:53 | WARNING  | [lf.day.no_flights] No direct flights on 07MAY
2026-01-25 07:15:53 | INFO     | [SUCCESS] Day 07MAY
[LF] Results summary:
  2026-05-14: 0 flights
  2026-05-13: 1 flights
  2026-05-12: 1 flights
  2026-05-11: 0 flights
  2026-05-10: 0 flights
  2026-05-09: 0 flights
  2026-05-08: 1 flights
  2026-05-07: 0 flights
2026-01-25 07:15:53 | INFO     | [SUCCESS] LF Search Complete

============================================================
[Worker_9225] ✓ COMPLETED: ELQ-CAI
  Results: 8 dates
  Errors: 0 dates
  Total Processed: 12 groups
============================================================

2026-01-25 07:15:53 | INFO     | [Worker_9225] Completed: ELQ-CAI - 8 results, 0 errors

============================================================
[Worker_9225] Processing: HBE-JED
  Tier 0: Range 4, Chunk 3/4
  Dates: 8 days
  Date Range: 2026-05-14 to 2026-05-07
============================================================

2026-01-25 07:15:53 | INFO     | [Worker_9225] Processing: HBE-JED
2026-01-25 07:15:53 | INFO     |   Tier 0: Range 4, Chunk 3/4 (8 days)
2026-01-25 07:15:53 | INFO     | ======================================================================
2026-01-25 07:15:53 | INFO     | Load Factor Scraper Started - Route: HBE-JED
2026-01-25 07:15:53 | INFO     | Log file: D:\CODERED\LAB\Artifacts\outputs\run_generated_250126_at_07.06\logs\LF_HBE-JED_20260125_071553.log
2026-01-25 07:15:53 | INFO     | Enhanced logging: Capturing both logging.info() and print()
2026-01-25 07:15:53 | INFO     | ======================================================================
[LF] Processing dates (override): ['14MAY', '13MAY', '12MAY', '11MAY', '10MAY', '09MAY', '08MAY', '07MAY']
[LF] Attaching to Chrome for Altea access
2026-01-25 07:15:53 | INFO     | Starting LF search for route: HBE-JED
2026-01-25 07:15:53 | INFO     | [START] LF Search
[LF][[OK] SUCCESS] Connected to Chrome on 127.0.0.1:9225 (after 1 attempts)
2026-01-25 07:15:54 | INFO     | [HEALTH CHECK] [OK] Chrome connection is healthy
[LF][[OK] SUCCESS] Found Amadeus Altea window: Altéa Reservation Desktop
[LF][[INFO] INFO] URL: https://tc212.resdesktop.altea.amadeus.com/app_ard/apf/init/login?SITE=ESMPESMP&LANGUAGE=GB&MARKETS=ARDW_PROD_WBP&ACTION=clpLogin#
2026-01-25 07:15:54 | INFO     | [DAY_START] Processing 14MAY
[LF] Processing HBE-JED for 14MAY
2026-01-25 07:15:54 | INFO     | [lf.day.start] Processing HBE-JED for 14MAY
[LF] Sending SN command: SN14MAYHBEJED/ASM
[LF] 14MAY: found 1 direct flights
2026-01-25 07:15:55 | INFO     | [lf.day.flights_found] Found 1 flights on 14MAY
2026-01-25 07:15:57 | INFO     | [lf.flight.extracted] SM451 on 14MAY: BKG=2, LF=1.1%
[LF] SM451 14MAY: BKG=2, GRP=0, CAP=179, LF%=1.1%, Brd-Off=HBE-JED, Classes: L:2
[LF] Getting WEEKLY/LASTSOLD data for 1 flights
[LF] SM451 14MAY: LASTSOLD=2026-01-16 00:00:00, WEEKLY=0, TODAY=0, YDAY=0
2026-01-25 07:16:00 | INFO     | [SUCCESS] Day 14MAY
2026-01-25 07:16:00 | INFO     | [DAY_START] Processing 13MAY
[LF] Processing HBE-JED for 13MAY
2026-01-25 07:16:00 | INFO     | [lf.day.start] Processing HBE-JED for 13MAY
[LF] Sending SN command: SN13MAYHBEJED/ASM
[LF] 13MAY: found 1 direct flights
2026-01-25 07:16:01 | INFO     | [lf.day.flights_found] Found 1 flights on 13MAY
2026-01-25 07:16:03 | INFO     | [lf.flight.extracted] SM451 on 13MAY: BKG=1, LF=0.6%
[LF] SM451 13MAY: BKG=1, GRP=0, CAP=179, LF%=0.6%, Brd-Off=HBE-JED, Classes: L:1
[LF] Getting WEEKLY/LASTSOLD data for 1 flights
[LF] SM451 13MAY: LASTSOLD=2025-12-05 00:00:00, WEEKLY=0, TODAY=0, YDAY=0
2026-01-25 07:16:06 | INFO     | [SUCCESS] Day 13MAY
2026-01-25 07:16:06 | INFO     | [DAY_START] Processing 12MAY
[LF] Processing HBE-JED for 12MAY
2026-01-25 07:16:06 | INFO     | [lf.day.start] Processing HBE-JED for 12MAY
[LF] Sending SN command: SN12MAYHBEJED/ASM
[LF] No direct flights on 12MAY for HBE-JED
2026-01-25 07:16:07 | WARNING  | [lf.day.no_flights] No direct flights on 12MAY
2026-01-25 07:16:07 | INFO     | [SUCCESS] Day 12MAY
2026-01-25 07:16:07 | INFO     | [DAY_START] Processing 11MAY
[LF] Processing HBE-JED for 11MAY
2026-01-25 07:16:07 | INFO     | [lf.day.start] Processing HBE-JED for 11MAY
[LF] Sending SN command: SN11MAYHBEJED/ASM
[LF] 11MAY: found 1 direct flights
2026-01-25 07:16:08 | INFO     | [lf.day.flights_found] Found 1 flights on 11MAY
2026-01-25 07:16:10 | INFO     | [lf.flight.extracted] SM451 on 11MAY: BKG=0, LF=0.0%
[LF] SM451 11MAY: BKG=0, GRP=0, CAP=179, LF%=0.0%, Brd-Off=HBE-JED
2026-01-25 07:16:11 | INFO     | [SUCCESS] Day 11MAY
2026-01-25 07:16:11 | INFO     | [DAY_START] Processing 10MAY
[LF] Processing HBE-JED for 10MAY
2026-01-25 07:16:11 | INFO     | [lf.day.start] Processing HBE-JED for 10MAY
[LF] Sending SN command: SN10MAYHBEJED/ASM
[LF] 10MAY: found 1 direct flights
2026-01-25 07:16:12 | INFO     | [lf.day.flights_found] Found 1 flights on 10MAY
2026-01-25 07:16:14 | INFO     | [lf.flight.extracted] SM451 on 10MAY: BKG=0, LF=0.0%
[LF] SM451 10MAY: BKG=0, GRP=0, CAP=179, LF%=0.0%, Brd-Off=HBE-JED
2026-01-25 07:16:15 | INFO     | [SUCCESS] Day 10MAY
2026-01-25 07:16:15 | INFO     | [DAY_START] Processing 09MAY
[LF] Processing HBE-JED for 09MAY
2026-01-25 07:16:15 | INFO     | [lf.day.start] Processing HBE-JED for 09MAY
[LF] Sending SN command: SN09MAYHBEJED/ASM
[LF] 09MAY: found 1 direct flights
2026-01-25 07:16:16 | INFO     | [lf.day.flights_found] Found 1 flights on 09MAY
2026-01-25 07:16:18 | INFO     | [lf.flight.extracted] SM451 on 09MAY: BKG=2, LF=1.1%
[LF] SM451 09MAY: BKG=2, GRP=0, CAP=179, LF%=1.1%, Brd-Off=HBE-JED, Classes: T:2
[LF] Getting WEEKLY/LASTSOLD data for 1 flights
[LF] SM451 09MAY: LASTSOLD=2026-01-05 00:00:00, WEEKLY=0, TODAY=0, YDAY=0
2026-01-25 07:16:21 | INFO     | [SUCCESS] Day 09MAY
2026-01-25 07:16:21 | INFO     | [DAY_START] Processing 08MAY
[LF] Processing HBE-JED for 08MAY
2026-01-25 07:16:21 | INFO     | [lf.day.start] Processing HBE-JED for 08MAY
[LF] Sending SN command: SN08MAYHBEJED/ASM
[LF] No direct flights on 08MAY for HBE-JED
2026-01-25 07:16:22 | WARNING  | [lf.day.no_flights] No direct flights on 08MAY
2026-01-25 07:16:22 | INFO     | [SUCCESS] Day 08MAY
2026-01-25 07:16:22 | INFO     | [DAY_START] Processing 07MAY
[LF] Processing HBE-JED for 07MAY
2026-01-25 07:16:22 | INFO     | [lf.day.start] Processing HBE-JED for 07MAY
[LF] Sending SN command: SN07MAYHBEJED/ASM
[LF] 07MAY: found 1 direct flights
2026-01-25 07:16:24 | INFO     | [lf.day.flights_found] Found 1 flights on 07MAY
2026-01-25 07:16:26 | INFO     | [lf.flight.extracted] SM451 on 07MAY: BKG=0, LF=0.0%
[LF] SM451 07MAY: BKG=0, GRP=0, CAP=179, LF%=0.0%, Brd-Off=HBE-JED
2026-01-25 07:16:27 | INFO     | [SUCCESS] Day 07MAY
[LF] Results summary:
  2026-05-14: 1 flights
  2026-05-13: 1 flights
  2026-05-12: 0 flights
  2026-05-11: 1 flights
  2026-05-10: 1 flights
  2026-05-09: 1 flights
  2026-05-08: 0 flights
  2026-05-07: 1 flights
2026-01-25 07:16:27 | INFO     | [SUCCESS] LF Search Complete

============================================================
[Worker_9225] ✓ COMPLETED: HBE-JED
  Results: 8 dates
  Errors: 0 dates
  Total Processed: 13 groups
============================================================

2026-01-25 07:16:27 | INFO     | [Worker_9225] Completed: HBE-JED - 8 results, 0 errors

============================================================
[Worker_9225] Processing: CAI-YNB
  Tier 0: Range 4, Chunk 3/4
  Dates: 8 days
  Date Range: 2026-05-14 to 2026-05-07
============================================================

2026-01-25 07:16:28 | INFO     | [Worker_9225] Processing: CAI-YNB
2026-01-25 07:16:28 | INFO     |   Tier 0: Range 4, Chunk 3/4 (8 days)
2026-01-25 07:16:28 | INFO     | ======================================================================
2026-01-25 07:16:28 | INFO     | Load Factor Scraper Started - Route: CAI-YNB
2026-01-25 07:16:28 | INFO     | Log file: D:\CODERED\LAB\Artifacts\outputs\run_generated_250126_at_07.06\logs\LF_CAI-YNB_20260125_071628.log
2026-01-25 07:16:28 | INFO     | Enhanced logging: Capturing both logging.info() and print()
2026-01-25 07:16:28 | INFO     | ======================================================================
[LF] Processing dates (override): ['14MAY', '13MAY', '12MAY', '11MAY', '10MAY', '09MAY', '08MAY', '07MAY']
[LF] Attaching to Chrome for Altea access
2026-01-25 07:16:28 | INFO     | Starting LF search for route: CAI-YNB
2026-01-25 07:16:28 | INFO     | [START] LF Search
[LF][[OK] SUCCESS] Connected to Chrome on 127.0.0.1:9225 (after 1 attempts)
2026-01-25 07:16:28 | INFO     | [HEALTH CHECK] [OK] Chrome connection is healthy
[LF][[OK] SUCCESS] Found Amadeus Altea window: Altéa Reservation Desktop
[LF][[INFO] INFO] URL: https://tc212.resdesktop.altea.amadeus.com/app_ard/apf/init/login?SITE=ESMPESMP&LANGUAGE=GB&MARKETS=ARDW_PROD_WBP&ACTION=clpLogin#
2026-01-25 07:16:28 | INFO     | [DAY_START] Processing 14MAY
[LF] Processing CAI-YNB for 14MAY
2026-01-25 07:16:28 | INFO     | [lf.day.start] Processing CAI-YNB for 14MAY
[LF] Sending SN command: SN14MAYCAIYNB/ASM
[LF] 14MAY: found 1 direct flights
2026-01-25 07:16:29 | INFO     | [lf.day.flights_found] Found 1 flights on 14MAY
2026-01-25 07:16:31 | INFO     | [lf.flight.extracted] SM441 on 14MAY: BKG=0, LF=0.0%
[LF] SM441 14MAY: BKG=0, GRP=0, CAP=179, LF%=0.0%, Brd-Off=CAI-YNB
2026-01-25 07:16:32 | INFO     | [SUCCESS] Day 14MAY
2026-01-25 07:16:32 | INFO     | [DAY_START] Processing 13MAY
[LF] Processing CAI-YNB for 13MAY
2026-01-25 07:16:32 | INFO     | [lf.day.start] Processing CAI-YNB for 13MAY
[LF] Sending SN command: SN13MAYCAIYNB/ASM
[LF] 13MAY: found 1 direct flights
2026-01-25 07:16:34 | INFO     | [lf.day.flights_found] Found 1 flights on 13MAY
2026-01-25 07:16:35 | INFO     | [lf.flight.extracted] SM441 on 13MAY: BKG=0, LF=0.0%
[LF] SM441 13MAY: BKG=0, GRP=0, CAP=179, LF%=0.0%, Brd-Off=CAI-YNB
2026-01-25 07:16:37 | INFO     | [SUCCESS] Day 13MAY
2026-01-25 07:16:37 | INFO     | [DAY_START] Processing 12MAY
[LF] Processing CAI-YNB for 12MAY
2026-01-25 07:16:37 | INFO     | [lf.day.start] Processing CAI-YNB for 12MAY
[LF] Sending SN command: SN12MAYCAIYNB/ASM
[LF] 12MAY: found 1 direct flights
2026-01-25 07:16:39 | INFO     | [lf.day.flights_found] Found 1 flights on 12MAY
2026-01-25 07:16:41 | INFO     | [lf.flight.extracted] SM441 on 12MAY: BKG=0, LF=0.0%
[LF] SM441 12MAY: BKG=0, GRP=0, CAP=179, LF%=0.0%, Brd-Off=CAI-YNB
2026-01-25 07:16:42 | INFO     | [SUCCESS] Day 12MAY
2026-01-25 07:16:42 | INFO     | [DAY_START] Processing 11MAY
[LF] Processing CAI-YNB for 11MAY
2026-01-25 07:16:42 | INFO     | [lf.day.start] Processing CAI-YNB for 11MAY
[LF] Sending SN command: SN11MAYCAIYNB/ASM
[LF] 11MAY: found 1 direct flights
2026-01-25 07:16:43 | INFO     | [lf.day.flights_found] Found 1 flights on 11MAY
2026-01-25 07:16:46 | INFO     | [lf.flight.extracted] SM441 on 11MAY: BKG=0, LF=0.0%
[LF] SM441 11MAY: BKG=0, GRP=0, CAP=179, LF%=0.0%, Brd-Off=CAI-YNB
2026-01-25 07:16:47 | INFO     | [SUCCESS] Day 11MAY
2026-01-25 07:16:47 | INFO     | [DAY_START] Processing 10MAY
[LF] Processing CAI-YNB for 10MAY
2026-01-25 07:16:47 | INFO     | [lf.day.start] Processing CAI-YNB for 10MAY
[LF] Sending SN command: SN10MAYCAIYNB/ASM
[LF] 10MAY: found 1 direct flights
2026-01-25 07:16:48 | INFO     | [lf.day.flights_found] Found 1 flights on 10MAY
2026-01-25 07:16:50 | INFO     | [lf.flight.extracted] SM441 on 10MAY: BKG=3, LF=1.7%
[LF] SM441 10MAY: BKG=3, GRP=0, CAP=179, LF%=1.7%, Brd-Off=CAI-YNB, Classes: T:3
[LF] Getting WEEKLY/LASTSOLD data for 1 flights
[LF] SM441 10MAY: LASTSOLD=2026-01-17 00:00:00, WEEKLY=0, TODAY=0, YDAY=0
2026-01-25 07:16:52 | INFO     | [SUCCESS] Day 10MAY
2026-01-25 07:16:52 | INFO     | [DAY_START] Processing 09MAY
[LF] Processing CAI-YNB for 09MAY
2026-01-25 07:16:52 | INFO     | [lf.day.start] Processing CAI-YNB for 09MAY
[LF] Sending SN command: SN09MAYCAIYNB/ASM
[LF] 09MAY: found 1 direct flights
2026-01-25 07:16:54 | INFO     | [lf.day.flights_found] Found 1 flights on 09MAY
2026-01-25 07:16:56 | INFO     | [lf.flight.extracted] SM447 on 09MAY: BKG=0, LF=0.0%
[LF] SM447 09MAY: BKG=0, GRP=0, CAP=179, LF%=0.0%, Brd-Off=CAI-YNB
2026-01-25 07:16:57 | INFO     | [SUCCESS] Day 09MAY
2026-01-25 07:16:57 | INFO     | [DAY_START] Processing 08MAY
[LF] Processing CAI-YNB for 08MAY
2026-01-25 07:16:57 | INFO     | [lf.day.start] Processing CAI-YNB for 08MAY
[LF] Sending SN command: SN08MAYCAIYNB/ASM
[LF] 08MAY: found 1 direct flights
2026-01-25 07:16:58 | INFO     | [lf.day.flights_found] Found 1 flights on 08MAY
2026-01-25 07:17:00 | INFO     | [lf.flight.extracted] SM441 on 08MAY: BKG=1, LF=0.6%
[LF] SM441 08MAY: BKG=1, GRP=0, CAP=179, LF%=0.6%, Brd-Off=CAI-YNB, Classes: T:1
[LF] Getting WEEKLY/LASTSOLD data for 1 flights
[LF] SM441 08MAY: LASTSOLD=2026-01-12 00:00:00, WEEKLY=0, TODAY=0, YDAY=0
2026-01-25 07:17:02 | INFO     | [SUCCESS] Day 08MAY
2026-01-25 07:17:02 | INFO     | [DAY_START] Processing 07MAY
[LF] Processing CAI-YNB for 07MAY
2026-01-25 07:17:02 | INFO     | [lf.day.start] Processing CAI-YNB for 07MAY
[LF] Sending SN command: SN07MAYCAIYNB/ASM
[LF] 07MAY: found 1 direct flights
2026-01-25 07:17:24 | INFO     | [lf.day.flights_found] Found 1 flights on 07MAY
2026-01-25 07:17:26 | INFO     | [lf.flight.extracted] SM441 on 07MAY: BKG=2, LF=1.1%
[LF] SM441 07MAY: BKG=2, GRP=0, CAP=179, LF%=1.1%, Brd-Off=CAI-YNB, Classes: T:2
[LF] Getting WEEKLY/LASTSOLD data for 1 flights
[LF] SM441 07MAY: LASTSOLD=2026-01-19 00:00:00, WEEKLY=1, TODAY=0, YDAY=0
2026-01-25 07:17:28 | INFO     | [SUCCESS] Day 07MAY
[LF] Results summary:
  2026-05-14: 1 flights
  2026-05-13: 1 flights
  2026-05-12: 1 flights
  2026-05-11: 1 flights
  2026-05-10: 1 flights
  2026-05-09: 1 flights
  2026-05-08: 1 flights
  2026-05-07: 1 flights
2026-01-25 07:17:28 | INFO     | [SUCCESS] LF Search Complete

============================================================
[Worker_9225] ✓ COMPLETED: CAI-YNB
  Results: 8 dates
  Errors: 0 dates
  Total Processed: 14 groups
============================================================

2026-01-25 07:17:28 | INFO     | [Worker_9225] Completed: CAI-YNB - 8 results, 0 errors

============================================================
[Worker_9225] Processing: TUU-CAI
  Tier 0: Range 4, Chunk 4/4
  Dates: 8 days
  Date Range: 2026-05-06 to 2026-04-29
============================================================

2026-01-25 07:17:28 | INFO     | [Worker_9225] Processing: TUU-CAI
2026-01-25 07:17:28 | INFO     |   Tier 0: Range 4, Chunk 4/4 (8 days)
2026-01-25 07:17:28 | INFO     | ======================================================================
2026-01-25 07:17:28 | INFO     | Load Factor Scraper Started - Route: TUU-CAI
2026-01-25 07:17:28 | INFO     | Log file: D:\CODERED\LAB\Artifacts\outputs\run_generated_250126_at_07.06\logs\LF_TUU-CAI_20260125_071728.log
2026-01-25 07:17:28 | INFO     | Enhanced logging: Capturing both logging.info() and print()
2026-01-25 07:17:28 | INFO     | ======================================================================
[LF] Processing dates (override): ['06MAY', '05MAY', '04MAY', '03MAY', '02MAY', '01MAY', '30APR', '29APR']
[LF] Attaching to Chrome for Altea access
2026-01-25 07:17:28 | INFO     | Starting LF search for route: TUU-CAI
2026-01-25 07:17:28 | INFO     | [START] LF Search
[LF][[OK] SUCCESS] Connected to Chrome on 127.0.0.1:9225 (after 1 attempts)
2026-01-25 07:17:29 | INFO     | [HEALTH CHECK] [OK] Chrome connection is healthy
[LF][[OK] SUCCESS] Found Amadeus Altea window: Altéa Reservation Desktop
[LF][[INFO] INFO] URL: https://tc212.resdesktop.altea.amadeus.com/app_ard/apf/init/login?SITE=ESMPESMP&LANGUAGE=GB&MARKETS=ARDW_PROD_WBP&ACTION=clpLogin#
2026-01-25 07:17:29 | INFO     | [DAY_START] Processing 06MAY
[LF] Processing TUU-CAI for 06MAY
2026-01-25 07:17:29 | INFO     | [lf.day.start] Processing TUU-CAI for 06MAY
[LF] Sending SN command: SN06MAYTUUCAI/ASM
[LF] No direct flights on 06MAY for TUU-CAI
2026-01-25 07:17:30 | WARNING  | [lf.day.no_flights] No direct flights on 06MAY
2026-01-25 07:17:30 | INFO     | [SUCCESS] Day 06MAY
2026-01-25 07:17:30 | INFO     | [DAY_START] Processing 05MAY
[LF] Processing TUU-CAI for 05MAY
2026-01-25 07:17:30 | INFO     | [lf.day.start] Processing TUU-CAI for 05MAY
[LF] Sending SN command: SN05MAYTUUCAI/ASM
[LF] 05MAY: found 1 direct flights
2026-01-25 07:17:32 | INFO     | [lf.day.flights_found] Found 1 flights on 05MAY
2026-01-25 07:17:34 | INFO     | [lf.flight.extracted] SM326 on 05MAY: BKG=2, LF=1.2%
[LF] SM326 05MAY: BKG=2, GRP=0, CAP=167, LF%=1.2%, Brd-Off=TUU-CAI, Classes: I:2
[LF] Getting WEEKLY/LASTSOLD data for 1 flights
[LF] SM326 05MAY: LASTSOLD=2026-01-22 00:00:00, WEEKLY=1, TODAY=0, YDAY=0
2026-01-25 07:17:37 | INFO     | [SUCCESS] Day 05MAY
2026-01-25 07:17:37 | INFO     | [DAY_START] Processing 04MAY
[LF] Processing TUU-CAI for 04MAY
2026-01-25 07:17:37 | INFO     | [lf.day.start] Processing TUU-CAI for 04MAY
[LF] Sending SN command: SN04MAYTUUCAI/ASM
[LF] No direct flights on 04MAY for TUU-CAI
2026-01-25 07:17:38 | WARNING  | [lf.day.no_flights] No direct flights on 04MAY
2026-01-25 07:17:38 | INFO     | [SUCCESS] Day 04MAY
2026-01-25 07:17:38 | INFO     | [DAY_START] Processing 03MAY
[LF] Processing TUU-CAI for 03MAY
2026-01-25 07:17:38 | INFO     | [lf.day.start] Processing TUU-CAI for 03MAY
[LF] Sending SN command: SN03MAYTUUCAI/ASM
[LF] No direct flights on 03MAY for TUU-CAI
2026-01-25 07:17:39 | WARNING  | [lf.day.no_flights] No direct flights on 03MAY
2026-01-25 07:17:39 | INFO     | [SUCCESS] Day 03MAY
2026-01-25 07:17:39 | INFO     | [DAY_START] Processing 02MAY
[LF] Processing TUU-CAI for 02MAY
2026-01-25 07:17:39 | INFO     | [lf.day.start] Processing TUU-CAI for 02MAY
[LF] Sending SN command: SN02MAYTUUCAI/ASM
[LF] 02MAY: found 1 direct flights
2026-01-25 07:17:40 | INFO     | [lf.day.flights_found] Found 1 flights on 02MAY
2026-01-25 07:17:42 | INFO     | [lf.flight.extracted] SM326 on 02MAY: BKG=0, LF=0.0%
[LF] SM326 02MAY: BKG=0, GRP=0, CAP=175, LF%=0.0%, Brd-Off=TUU-CAI
2026-01-25 07:17:43 | INFO     | [SUCCESS] Day 02MAY
2026-01-25 07:17:43 | INFO     | [DAY_START] Processing 01MAY
[LF] Processing TUU-CAI for 01MAY
2026-01-25 07:17:43 | INFO     | [lf.day.start] Processing TUU-CAI for 01MAY
[LF] Sending SN command: SN01MAYTUUCAI/ASM
[LF] 01MAY: found 1 direct flights
2026-01-25 07:17:44 | INFO     | [lf.day.flights_found] Found 1 flights on 01MAY
2026-01-25 07:17:46 | INFO     | [lf.flight.extracted] SM326 on 01MAY: BKG=0, LF=0.0%
[LF] SM326 01MAY: BKG=0, GRP=0, CAP=167, LF%=0.0%, Brd-Off=TUU-CAI
2026-01-25 07:17:47 | INFO     | [SUCCESS] Day 01MAY
2026-01-25 07:17:47 | INFO     | [DAY_START] Processing 30APR
[LF] Processing TUU-CAI for 30APR
2026-01-25 07:17:47 | INFO     | [lf.day.start] Processing TUU-CAI for 30APR
[LF] Sending SN command: SN30APRTUUCAI/ASM
[LF] 30APR: found 1 direct flights
2026-01-25 07:17:48 | INFO     | [lf.day.flights_found] Found 1 flights on 30APR
2026-01-25 07:17:51 | INFO     | [lf.flight.extracted] SM326 on 30APR: BKG=20, LF=12.0%
[LF] SM326 30APR: BKG=20, GRP=0, CAP=167, LF%=12.0%, Brd-Off=TUU-CAI, Classes: I:3, O:5, U:5, X:5, T:2
[LF] Getting WEEKLY/LASTSOLD data for 1 flights
[LF] SM326 30APR: LASTSOLD=2026-01-18 00:00:00, WEEKLY=2, TODAY=0, YDAY=0
2026-01-25 07:17:54 | INFO     | [SUCCESS] Day 30APR
2026-01-25 07:17:54 | INFO     | [DAY_START] Processing 29APR
[LF] Processing TUU-CAI for 29APR
2026-01-25 07:17:54 | INFO     | [lf.day.start] Processing TUU-CAI for 29APR
[LF] Sending SN command: SN29APRTUUCAI/ASM
[LF] No direct flights on 29APR for TUU-CAI
2026-01-25 07:17:55 | WARNING  | [lf.day.no_flights] No direct flights on 29APR
2026-01-25 07:17:55 | INFO     | [SUCCESS] Day 29APR
[LF] Results summary:
  2026-05-06: 0 flights
  2026-05-05: 1 flights
  2026-05-04: 0 flights
  2026-05-03: 0 flights
  2026-05-02: 1 flights
  2026-05-01: 1 flights
  2026-04-30: 1 flights
  2026-04-29: 0 flights
2026-01-25 07:17:55 | INFO     | [SUCCESS] LF Search Complete

============================================================
[Worker_9225] ✓ COMPLETED: TUU-CAI
  Results: 8 dates
  Errors: 0 dates
  Total Processed: 15 groups
============================================================

2026-01-25 07:17:55 | INFO     | [Worker_9225] Completed: TUU-CAI - 8 results, 0 errors

============================================================
[Worker_9225] Processing: AHB-ATZ
  Tier 0: Range 4, Chunk 4/4
  Dates: 8 days
  Date Range: 2026-05-06 to 2026-04-29
============================================================

2026-01-25 07:17:55 | INFO     | [Worker_9225] Processing: AHB-ATZ
2026-01-25 07:17:55 | INFO     |   Tier 0: Range 4, Chunk 4/4 (8 days)
2026-01-25 07:17:55 | INFO     | ======================================================================
2026-01-25 07:17:55 | INFO     | Load Factor Scraper Started - Route: AHB-ATZ
2026-01-25 07:17:55 | INFO     | Log file: D:\CODERED\LAB\Artifacts\outputs\run_generated_250126_at_07.06\logs\LF_AHB-ATZ_20260125_071755.log
2026-01-25 07:17:55 | INFO     | Enhanced logging: Capturing both logging.info() and print()
2026-01-25 07:17:55 | INFO     | ======================================================================
[LF] Processing dates (override): ['06MAY', '05MAY', '04MAY', '03MAY', '02MAY', '01MAY', '30APR', '29APR']
[LF] Attaching to Chrome for Altea access
2026-01-25 07:17:55 | INFO     | Starting LF search for route: AHB-ATZ
2026-01-25 07:17:55 | INFO     | [START] LF Search
[LF][[OK] SUCCESS] Connected to Chrome on 127.0.0.1:9225 (after 1 attempts)
2026-01-25 07:17:56 | INFO     | [HEALTH CHECK] [OK] Chrome connection is healthy
[LF][[OK] SUCCESS] Found Amadeus Altea window: Altéa Reservation Desktop
[LF][[INFO] INFO] URL: https://tc212.resdesktop.altea.amadeus.com/app_ard/apf/init/login?SITE=ESMPESMP&LANGUAGE=GB&MARKETS=ARDW_PROD_WBP&ACTION=clpLogin#
2026-01-25 07:17:56 | INFO     | [DAY_START] Processing 06MAY
[LF] Processing AHB-ATZ for 06MAY
2026-01-25 07:17:56 | INFO     | [lf.day.start] Processing AHB-ATZ for 06MAY
[LF] Sending SN command: SN06MAYAHBATZ/ASM
[LF] No direct flights on 06MAY for AHB-ATZ
2026-01-25 07:17:57 | WARNING  | [lf.day.no_flights] No direct flights on 06MAY
2026-01-25 07:17:57 | INFO     | [SUCCESS] Day 06MAY
2026-01-25 07:17:57 | INFO     | [DAY_START] Processing 05MAY
[LF] Processing AHB-ATZ for 05MAY
2026-01-25 07:17:57 | INFO     | [lf.day.start] Processing AHB-ATZ for 05MAY
[LF] Sending SN command: SN05MAYAHBATZ/ASM
[LF] No direct flights on 05MAY for AHB-ATZ
2026-01-25 07:17:58 | WARNING  | [lf.day.no_flights] No direct flights on 05MAY
2026-01-25 07:17:58 | INFO     | [SUCCESS] Day 05MAY
2026-01-25 07:17:58 | INFO     | [DAY_START] Processing 04MAY
[LF] Processing AHB-ATZ for 04MAY
2026-01-25 07:17:58 | INFO     | [lf.day.start] Processing AHB-ATZ for 04MAY
[LF] Sending SN command: SN04MAYAHBATZ/ASM
[LF] No direct flights on 04MAY for AHB-ATZ
2026-01-25 07:17:59 | WARNING  | [lf.day.no_flights] No direct flights on 04MAY
2026-01-25 07:17:59 | INFO     | [SUCCESS] Day 04MAY
2026-01-25 07:17:59 | INFO     | [DAY_START] Processing 03MAY
[LF] Processing AHB-ATZ for 03MAY
2026-01-25 07:17:59 | INFO     | [lf.day.start] Processing AHB-ATZ for 03MAY
[LF] Sending SN command: SN03MAYAHBATZ/ASM
[LF] No direct flights on 03MAY for AHB-ATZ
2026-01-25 07:18:01 | WARNING  | [lf.day.no_flights] No direct flights on 03MAY
2026-01-25 07:18:01 | INFO     | [SUCCESS] Day 03MAY
2026-01-25 07:18:01 | INFO     | [DAY_START] Processing 02MAY
[LF] Processing AHB-ATZ for 02MAY
2026-01-25 07:18:01 | INFO     | [lf.day.start] Processing AHB-ATZ for 02MAY
[LF] Sending SN command: SN02MAYAHBATZ/ASM
[LF] No direct flights on 02MAY for AHB-ATZ
2026-01-25 07:18:02 | WARNING  | [lf.day.no_flights] No direct flights on 02MAY
2026-01-25 07:18:02 | INFO     | [SUCCESS] Day 02MAY
2026-01-25 07:18:02 | INFO     | [DAY_START] Processing 01MAY
[LF] Processing AHB-ATZ for 01MAY
2026-01-25 07:18:02 | INFO     | [lf.day.start] Processing AHB-ATZ for 01MAY
[LF] Sending SN command: SN01MAYAHBATZ/ASM
[LF] No direct flights on 01MAY for AHB-ATZ
2026-01-25 07:18:03 | WARNING  | [lf.day.no_flights] No direct flights on 01MAY
2026-01-25 07:18:03 | INFO     | [SUCCESS] Day 01MAY
2026-01-25 07:18:03 | INFO     | [DAY_START] Processing 30APR
[LF] Processing AHB-ATZ for 30APR
2026-01-25 07:18:03 | INFO     | [lf.day.start] Processing AHB-ATZ for 30APR
[LF] Sending SN command: SN30APRAHBATZ/ASM
[LF] No direct flights on 30APR for AHB-ATZ
2026-01-25 07:18:05 | WARNING  | [lf.day.no_flights] No direct flights on 30APR
2026-01-25 07:18:05 | INFO     | [SUCCESS] Day 30APR
2026-01-25 07:18:05 | INFO     | [DAY_START] Processing 29APR
[LF] Processing AHB-ATZ for 29APR
2026-01-25 07:18:05 | INFO     | [lf.day.start] Processing AHB-ATZ for 29APR
[LF] Sending SN command: SN29APRAHBATZ/ASM
[LF] No direct flights on 29APR for AHB-ATZ
2026-01-25 07:18:07 | WARNING  | [lf.day.no_flights] No direct flights on 29APR
2026-01-25 07:18:07 | INFO     | [SUCCESS] Day 29APR
[LF] Results summary:
  2026-05-06: 0 flights
  2026-05-05: 0 flights
  2026-05-04: 0 flights
  2026-05-03: 0 flights
  2026-05-02: 0 flights
  2026-05-01: 0 flights
  2026-04-30: 0 flights
  2026-04-29: 0 flights
2026-01-25 07:18:07 | INFO     | [SUCCESS] LF Search Complete

============================================================
[Worker_9225] ✓ COMPLETED: AHB-ATZ
  Results: 8 dates
  Errors: 0 dates
  Total Processed: 16 groups
============================================================

2026-01-25 07:18:07 | INFO     | [Worker_9225] Completed: AHB-ATZ - 8 results, 0 errors

============================================================
[Worker_9225] Processing: CAI-MED
  Tier 0: Range 4, Chunk 4/4
  Dates: 8 days
  Date Range: 2026-05-06 to 2026-04-29
============================================================

2026-01-25 07:18:07 | INFO     | [Worker_9225] Processing: CAI-MED
2026-01-25 07:18:07 | INFO     |   Tier 0: Range 4, Chunk 4/4 (8 days)
2026-01-25 07:18:07 | INFO     | ======================================================================
2026-01-25 07:18:07 | INFO     | Load Factor Scraper Started - Route: CAI-MED
2026-01-25 07:18:07 | INFO     | Log file: D:\CODERED\LAB\Artifacts\outputs\run_generated_250126_at_07.06\logs\LF_CAI-MED_20260125_071807.log
2026-01-25 07:18:07 | INFO     | Enhanced logging: Capturing both logging.info() and print()
2026-01-25 07:18:07 | INFO     | ======================================================================
[LF] Processing dates (override): ['06MAY', '05MAY', '04MAY', '03MAY', '02MAY', '01MAY', '30APR', '29APR']
[LF] Attaching to Chrome for Altea access
2026-01-25 07:18:07 | INFO     | Starting LF search for route: CAI-MED
2026-01-25 07:18:07 | INFO     | [START] LF Search
[LF][[OK] SUCCESS] Connected to Chrome on 127.0.0.1:9225 (after 1 attempts)
2026-01-25 07:18:07 | INFO     | [HEALTH CHECK] [OK] Chrome connection is healthy
[LF][[OK] SUCCESS] Found Amadeus Altea window: Altéa Reservation Desktop
[LF][[INFO] INFO] URL: https://tc212.resdesktop.altea.amadeus.com/app_ard/apf/init/login?SITE=ESMPESMP&LANGUAGE=GB&MARKETS=ARDW_PROD_WBP&ACTION=clpLogin#
2026-01-25 07:18:07 | INFO     | [DAY_START] Processing 06MAY
[LF] Processing CAI-MED for 06MAY
2026-01-25 07:18:07 | INFO     | [lf.day.start] Processing CAI-MED for 06MAY
[LF] Sending SN command: SN06MAYCAIMED/ASM
[LF] 06MAY: found 1 direct flights
2026-01-25 07:18:08 | INFO     | [lf.day.flights_found] Found 1 flights on 06MAY
2026-01-25 07:18:10 | INFO     | [lf.flight.extracted] SM493 on 06MAY: BKG=1, LF=0.6%
[LF] SM493 06MAY: BKG=1, GRP=0, CAP=179, LF%=0.6%, Brd-Off=CAI-MED, Classes: Y:1
[LF] Getting WEEKLY/LASTSOLD data for 1 flights
[LF] SM493 06MAY: LASTSOLD=2025-10-20 00:00:00, WEEKLY=0, TODAY=0, YDAY=0
2026-01-25 07:18:13 | INFO     | [SUCCESS] Day 06MAY
2026-01-25 07:18:13 | INFO     | [DAY_START] Processing 05MAY
[LF] Processing CAI-MED for 05MAY
2026-01-25 07:18:13 | INFO     | [lf.day.start] Processing CAI-MED for 05MAY
[LF] Sending SN command: SN05MAYCAIMED/ASM
[LF] 05MAY: found 1 direct flights
2026-01-25 07:18:14 | INFO     | [lf.day.flights_found] Found 1 flights on 05MAY
2026-01-25 07:18:16 | INFO     | [lf.flight.extracted] SM493 on 05MAY: BKG=0, LF=0.0%
[LF] SM493 05MAY: BKG=0, GRP=0, CAP=179, LF%=0.0%, Brd-Off=CAI-MED
2026-01-25 07:18:18 | INFO     | [SUCCESS] Day 05MAY
2026-01-25 07:18:18 | INFO     | [DAY_START] Processing 04MAY
[LF] Processing CAI-MED for 04MAY
2026-01-25 07:18:18 | INFO     | [lf.day.start] Processing CAI-MED for 04MAY
[LF] Sending SN command: SN04MAYCAIMED/ASM
[LF] No direct flights on 04MAY for CAI-MED
2026-01-25 07:18:19 | WARNING  | [lf.day.no_flights] No direct flights on 04MAY
2026-01-25 07:18:19 | INFO     | [SUCCESS] Day 04MAY
2026-01-25 07:18:19 | INFO     | [DAY_START] Processing 03MAY
[LF] Processing CAI-MED for 03MAY
2026-01-25 07:18:19 | INFO     | [lf.day.start] Processing CAI-MED for 03MAY
[LF] Sending SN command: SN03MAYCAIMED/ASM
[LF] 03MAY: found 1 direct flights
2026-01-25 07:18:20 | INFO     | [lf.day.flights_found] Found 1 flights on 03MAY
2026-01-25 07:18:22 | INFO     | [lf.flight.extracted] SM493 on 03MAY: BKG=0, LF=0.0%
[LF] SM493 03MAY: BKG=0, GRP=0, CAP=179, LF%=0.0%, Brd-Off=CAI-MED
2026-01-25 07:18:23 | INFO     | [SUCCESS] Day 03MAY
2026-01-25 07:18:23 | INFO     | [DAY_START] Processing 02MAY
[LF] Processing CAI-MED for 02MAY
2026-01-25 07:18:23 | INFO     | [lf.day.start] Processing CAI-MED for 02MAY
[LF] Sending SN command: SN02MAYCAIMED/ASM
[LF] No direct flights on 02MAY for CAI-MED
2026-01-25 07:18:25 | WARNING  | [lf.day.no_flights] No direct flights on 02MAY
2026-01-25 07:18:25 | INFO     | [SUCCESS] Day 02MAY
2026-01-25 07:18:25 | INFO     | [DAY_START] Processing 01MAY
[LF] Processing CAI-MED for 01MAY
2026-01-25 07:18:25 | INFO     | [lf.day.start] Processing CAI-MED for 01MAY
[LF] Sending SN command: SN01MAYCAIMED/ASM
[LF] No direct flights on 01MAY for CAI-MED
2026-01-25 07:18:26 | WARNING  | [lf.day.no_flights] No direct flights on 01MAY
2026-01-25 07:18:26 | INFO     | [SUCCESS] Day 01MAY
2026-01-25 07:18:26 | INFO     | [DAY_START] Processing 30APR
[LF] Processing CAI-MED for 30APR
2026-01-25 07:18:26 | INFO     | [lf.day.start] Processing CAI-MED for 30APR
[LF] Sending SN command: SN30APRCAIMED/ASM
[LF] 30APR: found 1 direct flights
2026-01-25 07:18:27 | INFO     | [lf.day.flights_found] Found 1 flights on 30APR
2026-01-25 07:18:29 | INFO     | [lf.flight.extracted] SM493 on 30APR: BKG=1, LF=0.6%
[LF] SM493 30APR: BKG=1, GRP=0, CAP=179, LF%=0.6%, Brd-Off=CAI-MED, Classes: O:1
[LF] Getting WEEKLY/LASTSOLD data for 1 flights
[LF] SM493 30APR: LASTSOLD=2025-11-22 00:00:00, WEEKLY=0, TODAY=0, YDAY=0
2026-01-25 07:18:32 | INFO     | [SUCCESS] Day 30APR
2026-01-25 07:18:32 | INFO     | [DAY_START] Processing 29APR
[LF] Processing CAI-MED for 29APR
2026-01-25 07:18:32 | INFO     | [lf.day.start] Processing CAI-MED for 29APR
[LF] Sending SN command: SN29APRCAIMED/ASM
[LF] 29APR: found 1 direct flights
2026-01-25 07:18:33 | INFO     | [lf.day.flights_found] Found 1 flights on 29APR
2026-01-25 07:18:35 | INFO     | [lf.flight.extracted] SM493 on 29APR: BKG=0, LF=0.0%
[LF] SM493 29APR: BKG=0, GRP=0, CAP=179, LF%=0.0%, Brd-Off=CAI-MED
2026-01-25 07:18:36 | INFO     | [SUCCESS] Day 29APR
[LF] Results summary:
  2026-05-06: 1 flights
  2026-05-05: 1 flights
  2026-05-04: 0 flights
  2026-05-03: 1 flights
  2026-05-02: 0 flights
  2026-05-01: 0 flights
  2026-04-30: 1 flights
  2026-04-29: 1 flights
2026-01-25 07:18:36 | INFO     | [SUCCESS] LF Search Complete

============================================================
[Worker_9225] ✓ COMPLETED: CAI-MED
  Results: 8 dates
  Errors: 0 dates
  Total Processed: 17 groups
============================================================

2026-01-25 07:18:36 | INFO     | [Worker_9225] Completed: CAI-MED - 8 results, 0 errors

============================================================
[Worker_9225] Processing: CAI-DMM
  Tier 0: Range 4, Chunk 4/4
  Dates: 8 days
  Date Range: 2026-05-06 to 2026-04-29
============================================================

2026-01-25 07:18:36 | INFO     | [Worker_9225] Processing: CAI-DMM
2026-01-25 07:18:36 | INFO     |   Tier 0: Range 4, Chunk 4/4 (8 days)
2026-01-25 07:18:36 | INFO     | ======================================================================
2026-01-25 07:18:36 | INFO     | Load Factor Scraper Started - Route: CAI-DMM
2026-01-25 07:18:36 | INFO     | Log file: D:\CODERED\LAB\Artifacts\outputs\run_generated_250126_at_07.06\logs\LF_CAI-DMM_20260125_071836.log
2026-01-25 07:18:36 | INFO     | Enhanced logging: Capturing both logging.info() and print()
2026-01-25 07:18:36 | INFO     | ======================================================================
[LF] Processing dates (override): ['06MAY', '05MAY', '04MAY', '03MAY', '02MAY', '01MAY', '30APR', '29APR']
[LF] Attaching to Chrome for Altea access
2026-01-25 07:18:36 | INFO     | Starting LF search for route: CAI-DMM
2026-01-25 07:18:36 | INFO     | [START] LF Search
[LF][[OK] SUCCESS] Connected to Chrome on 127.0.0.1:9225 (after 1 attempts)
2026-01-25 07:18:37 | INFO     | [HEALTH CHECK] [OK] Chrome connection is healthy
[LF][[OK] SUCCESS] Found Amadeus Altea window: Altéa Reservation Desktop
[LF][[INFO] INFO] URL: https://tc212.resdesktop.altea.amadeus.com/app_ard/apf/init/login?SITE=ESMPESMP&LANGUAGE=GB&MARKETS=ARDW_PROD_WBP&ACTION=clpLogin#
2026-01-25 07:18:37 | INFO     | [DAY_START] Processing 06MAY
[LF] Processing CAI-DMM for 06MAY
2026-01-25 07:18:37 | INFO     | [lf.day.start] Processing CAI-DMM for 06MAY
[LF] Sending SN command: SN06MAYCAIDMM/ASM
[LF] 06MAY: found 1 direct flights
2026-01-25 07:18:38 | INFO     | [lf.day.flights_found] Found 1 flights on 06MAY
2026-01-25 07:18:40 | INFO     | [lf.flight.extracted] SM433 on 06MAY: BKG=1, LF=0.6%
[LF] SM433 06MAY: BKG=1, GRP=0, CAP=179, LF%=0.6%, Brd-Off=CAI-DMM, Classes: I:1
[LF] Getting WEEKLY/LASTSOLD data for 1 flights
[LF] SM433 06MAY: LASTSOLD=2026-01-22 00:00:00, WEEKLY=1, TODAY=0, YDAY=0
2026-01-25 07:18:43 | INFO     | [SUCCESS] Day 06MAY
2026-01-25 07:18:43 | INFO     | [DAY_START] Processing 05MAY
[LF] Processing CAI-DMM for 05MAY
2026-01-25 07:18:43 | INFO     | [lf.day.start] Processing CAI-DMM for 05MAY
[LF] Sending SN command: SN05MAYCAIDMM/ASM
[LF] 05MAY: found 1 direct flights
2026-01-25 07:18:44 | INFO     | [lf.day.flights_found] Found 1 flights on 05MAY
2026-01-25 07:18:46 | INFO     | [lf.flight.extracted] SM433 on 05MAY: BKG=2, LF=1.1%
[LF] SM433 05MAY: BKG=2, GRP=0, CAP=179, LF%=1.1%, Brd-Off=CAI-DMM, Classes: I:1, S:1
[LF] Getting WEEKLY/LASTSOLD data for 1 flights
[LF] SM433 05MAY: LASTSOLD=2026-01-11 00:00:00, WEEKLY=0, TODAY=0, YDAY=0
2026-01-25 07:18:49 | INFO     | [SUCCESS] Day 05MAY
2026-01-25 07:18:49 | INFO     | [DAY_START] Processing 04MAY
[LF] Processing CAI-DMM for 04MAY
2026-01-25 07:18:49 | INFO     | [lf.day.start] Processing CAI-DMM for 04MAY
[LF] Sending SN command: SN04MAYCAIDMM/ASM
[LF] 04MAY: found 1 direct flights
2026-01-25 07:18:50 | INFO     | [lf.day.flights_found] Found 1 flights on 04MAY
2026-01-25 07:18:53 | INFO     | [lf.flight.extracted] SM433 on 04MAY: BKG=1, LF=0.6%
[LF] SM433 04MAY: BKG=1, GRP=0, CAP=179, LF%=0.6%, Brd-Off=CAI-DMM, Classes: I:1
[LF] Getting WEEKLY/LASTSOLD data for 1 flights
[LF] SM433 04MAY: LASTSOLD=2026-01-19 00:00:00, WEEKLY=1, TODAY=0, YDAY=0
2026-01-25 07:18:56 | INFO     | [SUCCESS] Day 04MAY
2026-01-25 07:18:56 | INFO     | [DAY_START] Processing 03MAY
[LF] Processing CAI-DMM for 03MAY
2026-01-25 07:18:56 | INFO     | [lf.day.start] Processing CAI-DMM for 03MAY
[LF] Sending SN command: SN03MAYCAIDMM/ASM
[LF] 03MAY: found 1 direct flights
2026-01-25 07:18:58 | INFO     | [lf.day.flights_found] Found 1 flights on 03MAY
2026-01-25 07:19:00 | INFO     | [lf.flight.extracted] SM439 on 03MAY: BKG=1, LF=0.6%
[LF] SM439 03MAY: BKG=1, GRP=0, CAP=179, LF%=0.6%, Brd-Off=CAI-DMM, Classes: I:1
[LF] Getting WEEKLY/LASTSOLD data for 1 flights
[LF] SM439 03MAY: LASTSOLD=2026-01-04 00:00:00, WEEKLY=0, TODAY=0, YDAY=0
2026-01-25 07:19:02 | INFO     | [SUCCESS] Day 03MAY
2026-01-25 07:19:02 | INFO     | [DAY_START] Processing 02MAY
[LF] Processing CAI-DMM for 02MAY
2026-01-25 07:19:02 | INFO     | [lf.day.start] Processing CAI-DMM for 02MAY
[LF] Sending SN command: SN02MAYCAIDMM/ASM
[LF] 02MAY: found 1 direct flights
2026-01-25 07:19:04 | INFO     | [lf.day.flights_found] Found 1 flights on 02MAY
2026-01-25 07:19:06 | INFO     | [lf.flight.extracted] SM433 on 02MAY: BKG=7, LF=3.9%
[LF] SM433 02MAY: BKG=7, GRP=0, CAP=179, LF%=3.9%, Brd-Off=CAI-DMM, Classes: I:7
[LF] Getting WEEKLY/LASTSOLD data for 1 flights
[LF] SM433 02MAY: LASTSOLD=2026-01-19 00:00:00, WEEKLY=4, TODAY=0, YDAY=0
2026-01-25 07:19:08 | INFO     | [SUCCESS] Day 02MAY
2026-01-25 07:19:08 | INFO     | [DAY_START] Processing 01MAY
[LF] Processing CAI-DMM for 01MAY
2026-01-25 07:19:08 | INFO     | [lf.day.start] Processing CAI-DMM for 01MAY
[LF] Sending SN command: SN01MAYCAIDMM/ASM
[LF] 01MAY: found 1 direct flights
2026-01-25 07:19:09 | INFO     | [lf.day.flights_found] Found 1 flights on 01MAY
2026-01-25 07:19:11 | INFO     | [lf.flight.extracted] SM439 on 01MAY: BKG=8, LF=4.5%
[LF] SM439 01MAY: BKG=8, GRP=0, CAP=179, LF%=4.5%, Brd-Off=CAI-DMM, Classes: I:7, O:1
[LF] Getting WEEKLY/LASTSOLD data for 1 flights
[LF] SM439 01MAY: LASTSOLD=2026-01-18 00:00:00, WEEKLY=1, TODAY=0, YDAY=0
2026-01-25 07:19:14 | INFO     | [SUCCESS] Day 01MAY
2026-01-25 07:19:14 | INFO     | [DAY_START] Processing 30APR
[LF] Processing CAI-DMM for 30APR
2026-01-25 07:19:14 | INFO     | [lf.day.start] Processing CAI-DMM for 30APR
[LF] Sending SN command: SN30APRCAIDMM/ASM
[LF] 30APR: found 1 direct flights
2026-01-25 07:19:16 | INFO     | [lf.day.flights_found] Found 1 flights on 30APR
2026-01-25 07:19:18 | INFO     | [lf.flight.extracted] SM433 on 30APR: BKG=11, LF=6.2%
[LF] SM433 30APR: BKG=11, GRP=0, CAP=179, LF%=6.2%, Brd-Off=CAI-DMM, Classes: I:6, O:5
[LF] Getting WEEKLY/LASTSOLD data for 1 flights
[LF] SM433 30APR: LASTSOLD=2026-01-16 00:00:00, WEEKLY=0, TODAY=0, YDAY=0
2026-01-25 07:19:21 | INFO     | [SUCCESS] Day 30APR
2026-01-25 07:19:21 | INFO     | [DAY_START] Processing 29APR
[LF] Processing CAI-DMM for 29APR
2026-01-25 07:19:21 | INFO     | [lf.day.start] Processing CAI-DMM for 29APR
[LF] Sending SN command: SN29APRCAIDMM/ASM
[LF] 29APR: found 1 direct flights
2026-01-25 07:19:22 | INFO     | [lf.day.flights_found] Found 1 flights on 29APR
2026-01-25 07:19:24 | INFO     | [lf.flight.extracted] SM433 on 29APR: BKG=4, LF=2.2%
[LF] SM433 29APR: BKG=4, GRP=0, CAP=179, LF%=2.2%, Brd-Off=CAI-DMM, Classes: I:4
[LF] Getting WEEKLY/LASTSOLD data for 1 flights
[LF] SM433 29APR: LASTSOLD=2026-01-20 00:00:00, WEEKLY=1, TODAY=0, YDAY=0
2026-01-25 07:19:27 | INFO     | [SUCCESS] Day 29APR
[LF] Results summary:
  2026-05-06: 1 flights
  2026-05-05: 1 flights
  2026-05-04: 1 flights
  2026-05-03: 1 flights
  2026-05-02: 1 flights
  2026-05-01: 1 flights
  2026-04-30: 1 flights
  2026-04-29: 1 flights
2026-01-25 07:19:27 | INFO     | [SUCCESS] LF Search Complete

============================================================
[Worker_9225] ✓ COMPLETED: CAI-DMM
  Results: 8 dates
  Errors: 0 dates
  Total Processed: 18 groups
============================================================

2026-01-25 07:19:27 | INFO     | [Worker_9225] Completed: CAI-DMM - 8 results, 0 errors

============================================================
[Worker_9225] Processing: JED-CAI
  Tier 0: Range 3, Chunk 1/4
  Dates: 8 days
  Date Range: 2026-04-28 to 2026-04-21
============================================================

2026-01-25 07:19:27 | INFO     | [Worker_9225] Processing: JED-CAI
2026-01-25 07:19:27 | INFO     |   Tier 0: Range 3, Chunk 1/4 (8 days)
2026-01-25 07:19:27 | INFO     | ======================================================================
2026-01-25 07:19:27 | INFO     | Load Factor Scraper Started - Route: JED-CAI
2026-01-25 07:19:27 | INFO     | Log file: D:\CODERED\LAB\Artifacts\outputs\run_generated_250126_at_07.06\logs\LF_JED-CAI_20260125_071927.log
2026-01-25 07:19:27 | INFO     | Enhanced logging: Capturing both logging.info() and print()
2026-01-25 07:19:27 | INFO     | ======================================================================
[LF] Processing dates (override): ['28APR', '27APR', '26APR', '25APR', '24APR', '23APR', '22APR', '21APR']
[LF] Attaching to Chrome for Altea access
2026-01-25 07:19:27 | INFO     | Starting LF search for route: JED-CAI
2026-01-25 07:19:27 | INFO     | [START] LF Search
[LF][[OK] SUCCESS] Connected to Chrome on 127.0.0.1:9225 (after 1 attempts)
2026-01-25 07:19:28 | INFO     | [HEALTH CHECK] [OK] Chrome connection is healthy
[LF][[OK] SUCCESS] Found Amadeus Altea window: Altéa Reservation Desktop
[LF][[INFO] INFO] URL: https://tc212.resdesktop.altea.amadeus.com/app_ard/apf/init/login?SITE=ESMPESMP&LANGUAGE=GB&MARKETS=ARDW_PROD_WBP&ACTION=clpLogin#
2026-01-25 07:19:28 | INFO     | [DAY_START] Processing 28APR
[LF] Processing JED-CAI for 28APR
2026-01-25 07:19:28 | INFO     | [lf.day.start] Processing JED-CAI for 28APR
[LF] JED↔Cairo route detected - querying both CAI and CCE airports
[LF] Sending SN command: SN28APRJEDCAI/ASM
[LF] Sending SN command: SN28APRJEDCCE/ASM
[LF] 28APR: found 3 direct flights
2026-01-25 07:19:30 | INFO     | [lf.day.flights_found] Found 3 flights on 28APR
2026-01-25 07:19:32 | INFO     | [lf.flight.extracted] SM478 on 28APR: BKG=0, LF=0.0%
[LF] SM478 28APR: BKG=0, GRP=0, CAP=175, LF%=0.0%, Brd-Off=JED-CAI
2026-01-25 07:19:35 | INFO     | [lf.flight.extracted] SM476 on 28APR: BKG=0, LF=0.0%
[LF] SM476 28APR: BKG=0, GRP=0, CAP=175, LF%=0.0%, Brd-Off=JED-CAI
2026-01-25 07:19:38 | INFO     | [lf.flight.extracted] SM480 on 28APR: BKG=0, LF=0.0%
[LF] SM480 28APR: BKG=0, GRP=0, CAP=175, LF%=0.0%, Brd-Off=JED-CAI
2026-01-25 07:19:39 | INFO     | [SUCCESS] Day 28APR
2026-01-25 07:19:39 | INFO     | [DAY_START] Processing 27APR
[LF] Processing JED-CAI for 27APR
2026-01-25 07:19:39 | INFO     | [lf.day.start] Processing JED-CAI for 27APR
[LF] JED↔Cairo route detected - querying both CAI and CCE airports
[LF] Sending SN command: SN27APRJEDCAI/ASM
[LF] Sending SN command: SN27APRJEDCCE/ASM
[LF] 27APR: found 4 direct flights
2026-01-25 07:19:41 | INFO     | [lf.day.flights_found] Found 4 flights on 27APR
2026-01-25 07:19:43 | INFO     | [lf.flight.extracted] SM460 on 27APR: BKG=1, LF=0.6%
[LF] SM460 27APR: BKG=1, GRP=0, CAP=167, LF%=0.6%, Brd-Off=JED-CAI, Classes: I:1
2026-01-25 07:19:47 | INFO     | [lf.flight.extracted] SM478 on 27APR: BKG=0, LF=0.0%
[LF] SM478 27APR: BKG=0, GRP=0, CAP=167, LF%=0.0%, Brd-Off=JED-CAI
2026-01-25 07:19:50 | INFO     | [lf.flight.extracted] SM476 on 27APR: BKG=0, LF=0.0%
[LF] SM476 27APR: BKG=0, GRP=0, CAP=175, LF%=0.0%, Brd-Off=JED-CAI
2026-01-25 07:19:54 | INFO     | [lf.flight.extracted] SM480 on 27APR: BKG=0, LF=0.0%
[LF] SM480 27APR: BKG=0, GRP=0, CAP=175, LF%=0.0%, Brd-Off=JED-CAI
[LF] Getting WEEKLY/LASTSOLD data for 1 flights
[LF] SM460 27APR: LASTSOLD=2026-01-20 00:00:00, WEEKLY=1, TODAY=0, YDAY=0
2026-01-25 07:19:57 | INFO     | [SUCCESS] Day 27APR
2026-01-25 07:19:57 | INFO     | [DAY_START] Processing 26APR
[LF] Processing JED-CAI for 26APR
2026-01-25 07:19:57 | INFO     | [lf.day.start] Processing JED-CAI for 26APR
[LF] JED↔Cairo route detected - querying both CAI and CCE airports
[LF] Sending SN command: SN26APRJEDCAI/ASM
[LF] Sending SN command: SN26APRJEDCCE/ASM
[LF] 26APR: found 2 direct flights
2026-01-25 07:19:59 | INFO     | [lf.day.flights_found] Found 2 flights on 26APR
2026-01-25 07:20:01 | INFO     | [lf.flight.extracted] SM478 on 26APR: BKG=0, LF=0.0%
[LF] SM478 26APR: BKG=0, GRP=0, CAP=175, LF%=0.0%, Brd-Off=JED-CAI
2026-01-25 07:20:04 | INFO     | [lf.flight.extracted] SM476 on 26APR: BKG=0, LF=0.0%
[LF] SM476 26APR: BKG=0, GRP=0, CAP=167, LF%=0.0%, Brd-Off=JED-CAI
2026-01-25 07:20:06 | INFO     | [SUCCESS] Day 26APR
2026-01-25 07:20:06 | INFO     | [DAY_START] Processing 25APR
[LF] Processing JED-CAI for 25APR
2026-01-25 07:20:06 | INFO     | [lf.day.start] Processing JED-CAI for 25APR
[LF] JED↔Cairo route detected - querying both CAI and CCE airports
[LF] Sending SN command: SN25APRJEDCAI/ASM
[LF] Sending SN command: SN25APRJEDCCE/ASM
[LF] 25APR: found 2 direct flights
2026-01-25 07:20:08 | INFO     | [lf.day.flights_found] Found 2 flights on 25APR
2026-01-25 07:20:10 | INFO     | [lf.flight.extracted] SM478 on 25APR: BKG=1, LF=0.6%
[LF] SM478 25APR: BKG=1, GRP=0, CAP=175, LF%=0.6%, Brd-Off=JED-CAI, Classes: I:1
2026-01-25 07:20:14 | INFO     | [lf.flight.extracted] SM476 on 25APR: BKG=0, LF=0.0%
[LF] SM476 25APR: BKG=0, GRP=0, CAP=175, LF%=0.0%, Brd-Off=JED-CAI
[LF] Getting WEEKLY/LASTSOLD data for 1 flights
[LF] SM478 25APR: LASTSOLD=2026-01-13 00:00:00, WEEKLY=0, TODAY=0, YDAY=0
2026-01-25 07:20:17 | INFO     | [SUCCESS] Day 25APR
2026-01-25 07:20:17 | INFO     | [DAY_START] Processing 24APR
[LF] Processing JED-CAI for 24APR
2026-01-25 07:20:17 | INFO     | [lf.day.start] Processing JED-CAI for 24APR
[LF] JED↔Cairo route detected - querying both CAI and CCE airports
[LF] Sending SN command: SN24APRJEDCAI/ASM
[LF] Sending SN command: SN24APRJEDCCE/ASM
[LF] 24APR: found 4 direct flights
2026-01-25 07:20:19 | INFO     | [lf.day.flights_found] Found 4 flights on 24APR
2026-01-25 07:20:21 | INFO     | [lf.flight.extracted] SM460 on 24APR: BKG=0, LF=0.0%
[LF] SM460 24APR: BKG=0, GRP=0, CAP=167, LF%=0.0%, Brd-Off=JED-CAI
2026-01-25 07:20:24 | INFO     | [lf.flight.extracted] SM478 on 24APR: BKG=0, LF=0.0%
[LF] SM478 24APR: BKG=0, GRP=0, CAP=175, LF%=0.0%, Brd-Off=JED-CAI
2026-01-25 07:20:28 | INFO     | [lf.flight.extracted] SM476 on 24APR: BKG=1, LF=0.6%
[LF] SM476 24APR: BKG=1, GRP=0, CAP=167, LF%=0.6%, Brd-Off=JED-CAI, Classes: I:1
2026-01-25 07:20:31 | INFO     | [lf.flight.extracted] SM480 on 24APR: BKG=0, LF=0.0%
[LF] SM480 24APR: BKG=0, GRP=0, CAP=175, LF%=0.0%, Brd-Off=JED-CAI
[LF] Getting WEEKLY/LASTSOLD data for 1 flights
[LF] SM476 24APR: LASTSOLD=2025-12-25 00:00:00, WEEKLY=0, TODAY=0, YDAY=0
2026-01-25 07:20:33 | INFO     | [SUCCESS] Day 24APR
2026-01-25 07:20:33 | INFO     | [DAY_START] Processing 23APR
[LF] Processing JED-CAI for 23APR
2026-01-25 07:20:33 | INFO     | [lf.day.start] Processing JED-CAI for 23APR
[LF] JED↔Cairo route detected - querying both CAI and CCE airports
[LF] Sending SN command: SN23APRJEDCAI/ASM
[LF] Sending SN command: SN23APRJEDCCE/ASM
[LF] 23APR: found 2 direct flights
2026-01-25 07:20:36 | INFO     | [lf.day.flights_found] Found 2 flights on 23APR
2026-01-25 07:20:37 | INFO     | [lf.flight.extracted] SM478 on 23APR: BKG=2, LF=1.2%
[LF] SM478 23APR: BKG=2, GRP=0, CAP=167, LF%=1.2%, Brd-Off=JED-CAI, Classes: X:2
[LPC] SM478 23APR: Found 1 outbound flights with connecting passengers
2026-01-25 07:20:42 | INFO     | [lf.flight.extracted] SM476 on 23APR: BKG=0, LF=0.0%
[LF] SM476 23APR: BKG=0, GRP=0, CAP=175, LF%=0.0%, Brd-Off=JED-CAI
[LF] Getting WEEKLY/LASTSOLD data for 1 flights
[LF] SM478 23APR: LASTSOLD=2026-01-19 00:00:00, WEEKLY=2, TODAY=0, YDAY=0
2026-01-25 07:20:44 | INFO     | [SUCCESS] Day 23APR
2026-01-25 07:20:44 | INFO     | [DAY_START] Processing 22APR
[LF] Processing JED-CAI for 22APR
2026-01-25 07:20:44 | INFO     | [lf.day.start] Processing JED-CAI for 22APR
[LF] JED↔Cairo route detected - querying both CAI and CCE airports
[LF] Sending SN command: SN22APRJEDCAI/ASM
[LF] Sending SN command: SN22APRJEDCCE/ASM
[LF] 22APR: found 2 direct flights
2026-01-25 07:20:46 | INFO     | [lf.day.flights_found] Found 2 flights on 22APR
2026-01-25 07:20:48 | INFO     | [lf.flight.extracted] SM478 on 22APR: BKG=0, LF=0.0%
[LF] SM478 22APR: BKG=0, GRP=0, CAP=167, LF%=0.0%, Brd-Off=JED-CAI
2026-01-25 07:20:52 | INFO     | [lf.flight.extracted] SM476 on 22APR: BKG=1, LF=0.6%
[LF] SM476 22APR: BKG=1, GRP=0, CAP=175, LF%=0.6%, Brd-Off=JED-CAI, Classes: I:1
[LF] Getting WEEKLY/LASTSOLD data for 1 flights
[LF] SM476 22APR: LASTSOLD=2025-11-20 00:00:00, WEEKLY=0, TODAY=0, YDAY=0
2026-01-25 07:20:55 | INFO     | [SUCCESS] Day 22APR
2026-01-25 07:20:55 | INFO     | [DAY_START] Processing 21APR
[LF] Processing JED-CAI for 21APR
2026-01-25 07:20:55 | INFO     | [lf.day.start] Processing JED-CAI for 21APR
[LF] JED↔Cairo route detected - querying both CAI and CCE airports
[LF] Sending SN command: SN21APRJEDCAI/ASM
[LF] Sending SN command: SN21APRJEDCCE/ASM
[LF] 21APR: found 3 direct flights
2026-01-25 07:20:57 | INFO     | [lf.day.flights_found] Found 3 flights on 21APR
2026-01-25 07:20:59 | INFO     | [lf.flight.extracted] SM478 on 21APR: BKG=1, LF=0.6%
[LF] SM478 21APR: BKG=1, GRP=0, CAP=175, LF%=0.6%, Brd-Off=JED-CAI, Classes: I:1
2026-01-25 07:21:03 | INFO     | [lf.flight.extracted] SM476 on 21APR: BKG=0, LF=0.0%
[LF] SM476 21APR: BKG=0, GRP=0, CAP=175, LF%=0.0%, Brd-Off=JED-CAI
2026-01-25 07:21:06 | INFO     | [lf.flight.extracted] SM480 on 21APR: BKG=0, LF=0.0%
[LF] SM480 21APR: BKG=0, GRP=0, CAP=167, LF%=0.0%, Brd-Off=JED-CAI
[LF] Getting WEEKLY/LASTSOLD data for 1 flights
[LF] SM478 21APR: LASTSOLD=2026-01-23 00:00:00, WEEKLY=1, TODAY=0, YDAY=0
2026-01-25 07:21:08 | INFO     | [SUCCESS] Day 21APR
[LF] Results summary:
  2026-04-28: 3 flights
  2026-04-27: 4 flights
  2026-04-26: 2 flights
  2026-04-25: 2 flights
  2026-04-24: 4 flights
  2026-04-23: 2 flights
  2026-04-22: 2 flights
  2026-04-21: 3 flights
2026-01-25 07:21:08 | INFO     | [SUCCESS] LF Search Complete

============================================================
[Worker_9225] ✓ COMPLETED: JED-CAI
  Results: 8 dates
  Errors: 0 dates
  Total Processed: 19 groups
============================================================

2026-01-25 07:21:08 | INFO     | [Worker_9225] Completed: JED-CAI - 8 results, 0 errors

============================================================
[Worker_9225] Processing: CAI-AJF
  Tier 0: Range 3, Chunk 1/4
  Dates: 8 days
  Date Range: 2026-04-28 to 2026-04-21
============================================================

2026-01-25 07:21:08 | INFO     | [Worker_9225] Processing: CAI-AJF
2026-01-25 07:21:08 | INFO     |   Tier 0: Range 3, Chunk 1/4 (8 days)
2026-01-25 07:21:08 | INFO     | ======================================================================
2026-01-25 07:21:08 | INFO     | Load Factor Scraper Started - Route: CAI-AJF
2026-01-25 07:21:08 | INFO     | Log file: D:\CODERED\LAB\Artifacts\outputs\run_generated_250126_at_07.06\logs\LF_CAI-AJF_20260125_072108.log
2026-01-25 07:21:08 | INFO     | Enhanced logging: Capturing both logging.info() and print()
2026-01-25 07:21:08 | INFO     | ======================================================================
[LF] Processing dates (override): ['28APR', '27APR', '26APR', '25APR', '24APR', '23APR', '22APR', '21APR']
[LF] Attaching to Chrome for Altea access
2026-01-25 07:21:08 | INFO     | Starting LF search for route: CAI-AJF
2026-01-25 07:21:08 | INFO     | [START] LF Search
[LF][[OK] SUCCESS] Connected to Chrome on 127.0.0.1:9225 (after 1 attempts)
2026-01-25 07:21:09 | INFO     | [HEALTH CHECK] [OK] Chrome connection is healthy
[LF][[OK] SUCCESS] Found Amadeus Altea window: Altéa Reservation Desktop
[LF][[INFO] INFO] URL: https://tc212.resdesktop.altea.amadeus.com/app_ard/apf/init/login?SITE=ESMPESMP&LANGUAGE=GB&MARKETS=ARDW_PROD_WBP&ACTION=clpLogin#
2026-01-25 07:21:09 | INFO     | [DAY_START] Processing 28APR
[LF] Processing CAI-AJF for 28APR
2026-01-25 07:21:09 | INFO     | [lf.day.start] Processing CAI-AJF for 28APR
[LF] Sending SN command: SN28APRCAIAJF/ASM
[LF] No direct flights on 28APR for CAI-AJF
2026-01-25 07:21:10 | WARNING  | [lf.day.no_flights] No direct flights on 28APR
2026-01-25 07:21:10 | INFO     | [SUCCESS] Day 28APR
2026-01-25 07:21:10 | INFO     | [DAY_START] Processing 27APR
[LF] Processing CAI-AJF for 27APR
2026-01-25 07:21:10 | INFO     | [lf.day.start] Processing CAI-AJF for 27APR
[LF] Sending SN command: SN27APRCAIAJF/ASM
[LF] No direct flights on 27APR for CAI-AJF
2026-01-25 07:21:11 | WARNING  | [lf.day.no_flights] No direct flights on 27APR
2026-01-25 07:21:11 | INFO     | [SUCCESS] Day 27APR
2026-01-25 07:21:11 | INFO     | [DAY_START] Processing 26APR
[LF] Processing CAI-AJF for 26APR
2026-01-25 07:21:11 | INFO     | [lf.day.start] Processing CAI-AJF for 26APR
[LF] Sending SN command: SN26APRCAIAJF/ASM
[LF] No direct flights on 26APR for CAI-AJF
2026-01-25 07:21:13 | WARNING  | [lf.day.no_flights] No direct flights on 26APR
2026-01-25 07:21:13 | INFO     | [SUCCESS] Day 26APR
2026-01-25 07:21:13 | INFO     | [DAY_START] Processing 25APR
[LF] Processing CAI-AJF for 25APR
2026-01-25 07:21:13 | INFO     | [lf.day.start] Processing CAI-AJF for 25APR
[LF] Sending SN command: SN25APRCAIAJF/ASM
[LF] 25APR: found 1 direct flights
2026-01-25 07:21:14 | INFO     | [lf.day.flights_found] Found 1 flights on 25APR
2026-01-25 07:21:16 | INFO     | [lf.flight.extracted] SM321 on 25APR: BKG=4, LF=2.2%
[LF] SM321 25APR: BKG=4, GRP=0, CAP=179, LF%=2.2%, Brd-Off=CAI-AJF, Classes: I:4
[LF] Getting WEEKLY/LASTSOLD data for 1 flights
[LF] SM321 25APR: LASTSOLD=2025-12-17 00:00:00, WEEKLY=0, TODAY=0, YDAY=0
2026-01-25 07:21:19 | INFO     | [SUCCESS] Day 25APR
2026-01-25 07:21:19 | INFO     | [DAY_START] Processing 24APR
[LF] Processing CAI-AJF for 24APR
2026-01-25 07:21:19 | INFO     | [lf.day.start] Processing CAI-AJF for 24APR
[LF] Sending SN command: SN24APRCAIAJF/ASM
[LF] No direct flights on 24APR for CAI-AJF
2026-01-25 07:21:20 | WARNING  | [lf.day.no_flights] No direct flights on 24APR
2026-01-25 07:21:20 | INFO     | [SUCCESS] Day 24APR
2026-01-25 07:21:20 | INFO     | [DAY_START] Processing 23APR
[LF] Processing CAI-AJF for 23APR
2026-01-25 07:21:20 | INFO     | [lf.day.start] Processing CAI-AJF for 23APR
[LF] Sending SN command: SN23APRCAIAJF/ASM
[LF] 23APR: found 1 direct flights
2026-01-25 07:21:21 | INFO     | [lf.day.flights_found] Found 1 flights on 23APR
2026-01-25 07:21:23 | INFO     | [lf.flight.extracted] SM321 on 23APR: BKG=5, LF=2.8%
[LF] SM321 23APR: BKG=5, GRP=0, CAP=179, LF%=2.8%, Brd-Off=CAI-AJF, Classes: I:4, O:1
[LF] Getting WEEKLY/LASTSOLD data for 1 flights
[LF] SM321 23APR: LASTSOLD=2026-01-13 00:00:00, WEEKLY=0, TODAY=0, YDAY=0
2026-01-25 07:21:25 | INFO     | [SUCCESS] Day 23APR
2026-01-25 07:21:25 | INFO     | [DAY_START] Processing 22APR
[LF] Processing CAI-AJF for 22APR
2026-01-25 07:21:25 | INFO     | [lf.day.start] Processing CAI-AJF for 22APR
[LF] Sending SN command: SN22APRCAIAJF/ASM
[LF] 22APR: found 1 direct flights
2026-01-25 07:21:26 | INFO     | [lf.day.flights_found] Found 1 flights on 22APR
2026-01-25 07:21:29 | INFO     | [lf.flight.extracted] SM321 on 22APR: BKG=0, LF=0.0%
[LF] SM321 22APR: BKG=0, GRP=0, CAP=179, LF%=0.0%, Brd-Off=CAI-AJF
2026-01-25 07:21:30 | INFO     | [SUCCESS] Day 22APR
2026-01-25 07:21:30 | INFO     | [DAY_START] Processing 21APR
[LF] Processing CAI-AJF for 21APR
2026-01-25 07:21:30 | INFO     | [lf.day.start] Processing CAI-AJF for 21APR
[LF] Sending SN command: SN21APRCAIAJF/ASM
[LF] No direct flights on 21APR for CAI-AJF
2026-01-25 07:21:31 | WARNING  | [lf.day.no_flights] No direct flights on 21APR
2026-01-25 07:21:31 | INFO     | [SUCCESS] Day 21APR
[LF] Results summary:
  2026-04-28: 0 flights
  2026-04-27: 0 flights
  2026-04-26: 0 flights
  2026-04-25: 1 flights
  2026-04-24: 0 flights
  2026-04-23: 1 flights
  2026-04-22: 1 flights
  2026-04-21: 0 flights
2026-01-25 07:21:31 | INFO     | [SUCCESS] LF Search Complete

============================================================
[Worker_9225] ✓ COMPLETED: CAI-AJF
  Results: 8 dates
  Errors: 0 dates
  Total Processed: 20 groups
============================================================

2026-01-25 07:21:31 | INFO     | [Worker_9225] Completed: CAI-AJF - 8 results, 0 errors

============================================================
[Worker_9225] Processing: ATZ-ELQ
  Tier 0: Range 3, Chunk 1/4
  Dates: 8 days
  Date Range: 2026-04-28 to 2026-04-21
============================================================

2026-01-25 07:21:31 | INFO     | [Worker_9225] Processing: ATZ-ELQ
2026-01-25 07:21:31 | INFO     |   Tier 0: Range 3, Chunk 1/4 (8 days)
2026-01-25 07:21:31 | INFO     | ======================================================================
2026-01-25 07:21:31 | INFO     | Load Factor Scraper Started - Route: ATZ-ELQ
2026-01-25 07:21:31 | INFO     | Log file: D:\CODERED\LAB\Artifacts\outputs\run_generated_250126_at_07.06\logs\LF_ATZ-ELQ_20260125_072131.log
2026-01-25 07:21:31 | INFO     | Enhanced logging: Capturing both logging.info() and print()
2026-01-25 07:21:31 | INFO     | ======================================================================
[LF] Processing dates (override): ['28APR', '27APR', '26APR', '25APR', '24APR', '23APR', '22APR', '21APR']
[LF] Attaching to Chrome for Altea access
2026-01-25 07:21:31 | INFO     | Starting LF search for route: ATZ-ELQ
2026-01-25 07:21:31 | INFO     | [START] LF Search
[LF][[OK] SUCCESS] Connected to Chrome on 127.0.0.1:9225 (after 1 attempts)
2026-01-25 07:21:32 | INFO     | [HEALTH CHECK] [OK] Chrome connection is healthy
[LF][[OK] SUCCESS] Found Amadeus Altea window: Altéa Reservation Desktop
[LF][[INFO] INFO] URL: https://tc212.resdesktop.altea.amadeus.com/app_ard/apf/init/login?SITE=ESMPESMP&LANGUAGE=GB&MARKETS=ARDW_PROD_WBP&ACTION=clpLogin#
2026-01-25 07:21:32 | INFO     | [DAY_START] Processing 28APR
[LF] Processing ATZ-ELQ for 28APR
2026-01-25 07:21:32 | INFO     | [lf.day.start] Processing ATZ-ELQ for 28APR
[LF] Sending SN command: SN28APRATZELQ/ASM
[LF] No direct flights on 28APR for ATZ-ELQ
2026-01-25 07:21:33 | WARNING  | [lf.day.no_flights] No direct flights on 28APR
2026-01-25 07:21:33 | INFO     | [SUCCESS] Day 28APR
2026-01-25 07:21:33 | INFO     | [DAY_START] Processing 27APR
[LF] Processing ATZ-ELQ for 27APR
2026-01-25 07:21:33 | INFO     | [lf.day.start] Processing ATZ-ELQ for 27APR
[LF] Sending SN command: SN27APRATZELQ/ASM
[LF] No direct flights on 27APR for ATZ-ELQ
2026-01-25 07:21:34 | WARNING  | [lf.day.no_flights] No direct flights on 27APR
2026-01-25 07:21:34 | INFO     | [SUCCESS] Day 27APR
2026-01-25 07:21:34 | INFO     | [DAY_START] Processing 26APR
[LF] Processing ATZ-ELQ for 26APR
2026-01-25 07:21:34 | INFO     | [lf.day.start] Processing ATZ-ELQ for 26APR
[LF] Sending SN command: SN26APRATZELQ/ASM
[LF] No direct flights on 26APR for ATZ-ELQ
2026-01-25 07:21:35 | WARNING  | [lf.day.no_flights] No direct flights on 26APR
2026-01-25 07:21:35 | INFO     | [SUCCESS] Day 26APR
2026-01-25 07:21:35 | INFO     | [DAY_START] Processing 25APR
[LF] Processing ATZ-ELQ for 25APR
2026-01-25 07:21:35 | INFO     | [lf.day.start] Processing ATZ-ELQ for 25APR
[LF] Sending SN command: SN25APRATZELQ/ASM
[LF] No direct flights on 25APR for ATZ-ELQ
2026-01-25 07:21:37 | WARNING  | [lf.day.no_flights] No direct flights on 25APR
2026-01-25 07:21:37 | INFO     | [SUCCESS] Day 25APR
2026-01-25 07:21:37 | INFO     | [DAY_START] Processing 24APR
[LF] Processing ATZ-ELQ for 24APR
2026-01-25 07:21:37 | INFO     | [lf.day.start] Processing ATZ-ELQ for 24APR
[LF] Sending SN command: SN24APRATZELQ/ASM
[LF] No direct flights on 24APR for ATZ-ELQ
2026-01-25 07:21:38 | WARNING  | [lf.day.no_flights] No direct flights on 24APR
2026-01-25 07:21:38 | INFO     | [SUCCESS] Day 24APR
2026-01-25 07:21:38 | INFO     | [DAY_START] Processing 23APR
[LF] Processing ATZ-ELQ for 23APR
2026-01-25 07:21:38 | INFO     | [lf.day.start] Processing ATZ-ELQ for 23APR
[LF] Sending SN command: SN23APRATZELQ/ASM
[LF] No direct flights on 23APR for ATZ-ELQ
2026-01-25 07:21:39 | WARNING  | [lf.day.no_flights] No direct flights on 23APR
2026-01-25 07:21:39 | INFO     | [SUCCESS] Day 23APR
2026-01-25 07:21:39 | INFO     | [DAY_START] Processing 22APR
[LF] Processing ATZ-ELQ for 22APR
2026-01-25 07:21:39 | INFO     | [lf.day.start] Processing ATZ-ELQ for 22APR
[LF] Sending SN command: SN22APRATZELQ/ASM
[LF] No direct flights on 22APR for ATZ-ELQ
2026-01-25 07:21:41 | WARNING  | [lf.day.no_flights] No direct flights on 22APR
2026-01-25 07:21:41 | INFO     | [SUCCESS] Day 22APR
2026-01-25 07:21:41 | INFO     | [DAY_START] Processing 21APR
[LF] Processing ATZ-ELQ for 21APR
2026-01-25 07:21:41 | INFO     | [lf.day.start] Processing ATZ-ELQ for 21APR
[LF] Sending SN command: SN21APRATZELQ/ASM
[LF] No direct flights on 21APR for ATZ-ELQ
2026-01-25 07:21:42 | WARNING  | [lf.day.no_flights] No direct flights on 21APR
2026-01-25 07:21:42 | INFO     | [SUCCESS] Day 21APR
[LF] Results summary:
  2026-04-28: 0 flights
  2026-04-27: 0 flights
  2026-04-26: 0 flights
  2026-04-25: 0 flights
  2026-04-24: 0 flights
  2026-04-23: 0 flights
  2026-04-22: 0 flights
  2026-04-21: 0 flights
2026-01-25 07:21:42 | INFO     | [SUCCESS] LF Search Complete

============================================================
[Worker_9225] ✓ COMPLETED: ATZ-ELQ
  Results: 8 dates
  Errors: 0 dates
  Total Processed: 21 groups
============================================================

2026-01-25 07:21:42 | INFO     | [Worker_9225] Completed: ATZ-ELQ - 8 results, 0 errors

============================================================
[Worker_9225] Processing: MED-ATZ
  Tier 0: Range 3, Chunk 2/4
  Dates: 8 days
  Date Range: 2026-04-20 to 2026-04-13
============================================================

2026-01-25 07:21:42 | INFO     | [Worker_9225] Processing: MED-ATZ
2026-01-25 07:21:42 | INFO     |   Tier 0: Range 3, Chunk 2/4 (8 days)
2026-01-25 07:21:42 | INFO     | ======================================================================
2026-01-25 07:21:42 | INFO     | Load Factor Scraper Started - Route: MED-ATZ
2026-01-25 07:21:42 | INFO     | Log file: D:\CODERED\LAB\Artifacts\outputs\run_generated_250126_at_07.06\logs\LF_MED-ATZ_20260125_072142.log
2026-01-25 07:21:42 | INFO     | Enhanced logging: Capturing both logging.info() and print()
2026-01-25 07:21:42 | INFO     | ======================================================================
[LF] Processing dates (override): ['20APR', '19APR', '18APR', '17APR', '16APR', '15APR', '14APR', '13APR']
[LF] Attaching to Chrome for Altea access
2026-01-25 07:21:42 | INFO     | Starting LF search for route: MED-ATZ
2026-01-25 07:21:42 | INFO     | [START] LF Search
[LF][[OK] SUCCESS] Connected to Chrome on 127.0.0.1:9225 (after 1 attempts)
2026-01-25 07:21:42 | INFO     | [HEALTH CHECK] [OK] Chrome connection is healthy
[LF][[OK] SUCCESS] Found Amadeus Altea window: Altéa Reservation Desktop
[LF][[INFO] INFO] URL: https://tc212.resdesktop.altea.amadeus.com/app_ard/apf/init/login?SITE=ESMPESMP&LANGUAGE=GB&MARKETS=ARDW_PROD_WBP&ACTION=clpLogin#
2026-01-25 07:21:42 | INFO     | [DAY_START] Processing 20APR
[LF] Processing MED-ATZ for 20APR
2026-01-25 07:21:42 | INFO     | [lf.day.start] Processing MED-ATZ for 20APR
[LF] Sending SN command: SN20APRMEDATZ/ASM
[LF] No direct flights on 20APR for MED-ATZ
2026-01-25 07:21:43 | WARNING  | [lf.day.no_flights] No direct flights on 20APR
2026-01-25 07:21:43 | INFO     | [SUCCESS] Day 20APR
2026-01-25 07:21:43 | INFO     | [DAY_START] Processing 19APR
[LF] Processing MED-ATZ for 19APR
2026-01-25 07:21:43 | INFO     | [lf.day.start] Processing MED-ATZ for 19APR
[LF] Sending SN command: SN19APRMEDATZ/ASM
[LF] 19APR: found 1 direct flights
2026-01-25 07:21:45 | INFO     | [lf.day.flights_found] Found 1 flights on 19APR
2026-01-25 07:21:47 | INFO     | [lf.flight.extracted] SM488 on 19APR: BKG=1, LF=0.6%
[LF] SM488 19APR: BKG=1, GRP=0, CAP=175, LF%=0.6%, Brd-Off=MED-ATZ, Classes: I:1
[LF] Getting WEEKLY/LASTSOLD data for 1 flights
[LF] SM488 19APR: LASTSOLD=2026-01-19 00:00:00, WEEKLY=1, TODAY=0, YDAY=0
2026-01-25 07:21:50 | INFO     | [SUCCESS] Day 19APR
2026-01-25 07:21:50 | INFO     | [DAY_START] Processing 18APR
[LF] Processing MED-ATZ for 18APR
2026-01-25 07:21:50 | INFO     | [lf.day.start] Processing MED-ATZ for 18APR
[LF] Sending SN command: SN18APRMEDATZ/ASM
[LF] No direct flights on 18APR for MED-ATZ
2026-01-25 07:21:51 | WARNING  | [lf.day.no_flights] No direct flights on 18APR
2026-01-25 07:21:51 | INFO     | [SUCCESS] Day 18APR
2026-01-25 07:21:51 | INFO     | [DAY_START] Processing 17APR
[LF] Processing MED-ATZ for 17APR
2026-01-25 07:21:51 | INFO     | [lf.day.start] Processing MED-ATZ for 17APR
[LF] Sending SN command: SN17APRMEDATZ/ASM
[LF] No direct flights on 17APR for MED-ATZ
2026-01-25 07:21:52 | WARNING  | [lf.day.no_flights] No direct flights on 17APR
2026-01-25 07:21:52 | INFO     | [SUCCESS] Day 17APR
2026-01-25 07:21:52 | INFO     | [DAY_START] Processing 16APR
[LF] Processing MED-ATZ for 16APR
2026-01-25 07:21:52 | INFO     | [lf.day.start] Processing MED-ATZ for 16APR
[LF] Sending SN command: SN16APRMEDATZ/ASM
[LF] No direct flights on 16APR for MED-ATZ
2026-01-25 07:21:53 | WARNING  | [lf.day.no_flights] No direct flights on 16APR
2026-01-25 07:21:53 | INFO     | [SUCCESS] Day 16APR
2026-01-25 07:21:53 | INFO     | [DAY_START] Processing 15APR
[LF] Processing MED-ATZ for 15APR
2026-01-25 07:21:53 | INFO     | [lf.day.start] Processing MED-ATZ for 15APR
[LF] Sending SN command: SN15APRMEDATZ/ASM
[LF] No direct flights on 15APR for MED-ATZ
2026-01-25 07:21:54 | WARNING  | [lf.day.no_flights] No direct flights on 15APR
2026-01-25 07:21:54 | INFO     | [SUCCESS] Day 15APR
2026-01-25 07:21:54 | INFO     | [DAY_START] Processing 14APR
[LF] Processing MED-ATZ for 14APR
2026-01-25 07:21:54 | INFO     | [lf.day.start] Processing MED-ATZ for 14APR
[LF] Sending SN command: SN14APRMEDATZ/ASM
[LF] No direct flights on 14APR for MED-ATZ
2026-01-25 07:21:56 | WARNING  | [lf.day.no_flights] No direct flights on 14APR
2026-01-25 07:21:56 | INFO     | [SUCCESS] Day 14APR
2026-01-25 07:21:56 | INFO     | [DAY_START] Processing 13APR
[LF] Processing MED-ATZ for 13APR
2026-01-25 07:21:56 | INFO     | [lf.day.start] Processing MED-ATZ for 13APR
[LF] Sending SN command: SN13APRMEDATZ/ASM
[LF] No direct flights on 13APR for MED-ATZ
2026-01-25 07:21:57 | WARNING  | [lf.day.no_flights] No direct flights on 13APR
2026-01-25 07:21:57 | INFO     | [SUCCESS] Day 13APR
[LF] Results summary:
  2026-04-20: 0 flights
  2026-04-19: 1 flights
  2026-04-18: 0 flights
  2026-04-17: 0 flights
  2026-04-16: 0 flights
  2026-04-15: 0 flights
  2026-04-14: 0 flights
  2026-04-13: 0 flights
2026-01-25 07:21:57 | INFO     | [SUCCESS] LF Search Complete

============================================================
[Worker_9225] ✓ COMPLETED: MED-ATZ
  Results: 8 dates
  Errors: 0 dates
  Total Processed: 22 groups
============================================================

2026-01-25 07:21:57 | INFO     | [Worker_9225] Completed: MED-ATZ - 8 results, 0 errors

============================================================
[Worker_9225] Processing: JED-LXR
  Tier 0: Range 3, Chunk 2/4
  Dates: 8 days
  Date Range: 2026-04-20 to 2026-04-13
============================================================

2026-01-25 07:21:57 | INFO     | [Worker_9225] Processing: JED-LXR
2026-01-25 07:21:57 | INFO     |   Tier 0: Range 3, Chunk 2/4 (8 days)
2026-01-25 07:21:57 | INFO     | ======================================================================
2026-01-25 07:21:57 | INFO     | Load Factor Scraper Started - Route: JED-LXR
2026-01-25 07:21:57 | INFO     | Log file: D:\CODERED\LAB\Artifacts\outputs\run_generated_250126_at_07.06\logs\LF_JED-LXR_20260125_072157.log
2026-01-25 07:21:57 | INFO     | Enhanced logging: Capturing both logging.info() and print()
2026-01-25 07:21:57 | INFO     | ======================================================================
[LF] Processing dates (override): ['20APR', '19APR', '18APR', '17APR', '16APR', '15APR', '14APR', '13APR']
[LF] Attaching to Chrome for Altea access
2026-01-25 07:21:57 | INFO     | Starting LF search for route: JED-LXR
2026-01-25 07:21:57 | INFO     | [START] LF Search
[LF][[OK] SUCCESS] Connected to Chrome on 127.0.0.1:9225 (after 1 attempts)
2026-01-25 07:21:58 | INFO     | [HEALTH CHECK] [OK] Chrome connection is healthy
[LF][[OK] SUCCESS] Found Amadeus Altea window: Altéa Reservation Desktop
[LF][[INFO] INFO] URL: https://tc212.resdesktop.altea.amadeus.com/app_ard/apf/init/login?SITE=ESMPESMP&LANGUAGE=GB&MARKETS=ARDW_PROD_WBP&ACTION=clpLogin#
2026-01-25 07:21:58 | INFO     | [DAY_START] Processing 20APR
[LF] Processing JED-LXR for 20APR
2026-01-25 07:21:58 | INFO     | [lf.day.start] Processing JED-LXR for 20APR
[LF] Sending SN command: SN20APRJEDLXR/ASM
[LF] No direct flights on 20APR for JED-LXR
2026-01-25 07:21:59 | WARNING  | [lf.day.no_flights] No direct flights on 20APR
2026-01-25 07:21:59 | INFO     | [SUCCESS] Day 20APR
2026-01-25 07:21:59 | INFO     | [DAY_START] Processing 19APR
[LF] Processing JED-LXR for 19APR
2026-01-25 07:21:59 | INFO     | [lf.day.start] Processing JED-LXR for 19APR
[LF] Sending SN command: SN19APRJEDLXR/ASM
[LF] No direct flights on 19APR for JED-LXR
2026-01-25 07:22:00 | WARNING  | [lf.day.no_flights] No direct flights on 19APR
2026-01-25 07:22:00 | INFO     | [SUCCESS] Day 19APR
2026-01-25 07:22:00 | INFO     | [DAY_START] Processing 18APR
[LF] Processing JED-LXR for 18APR
2026-01-25 07:22:00 | INFO     | [lf.day.start] Processing JED-LXR for 18APR
[LF] Sending SN command: SN18APRJEDLXR/ASM
[LF] No direct flights on 18APR for JED-LXR
2026-01-25 07:22:01 | WARNING  | [lf.day.no_flights] No direct flights on 18APR
2026-01-25 07:22:01 | INFO     | [SUCCESS] Day 18APR
2026-01-25 07:22:01 | INFO     | [DAY_START] Processing 17APR
[LF] Processing JED-LXR for 17APR
2026-01-25 07:22:01 | INFO     | [lf.day.start] Processing JED-LXR for 17APR
[LF] Sending SN command: SN17APRJEDLXR/ASM
[LF] No direct flights on 17APR for JED-LXR
2026-01-25 07:22:02 | WARNING  | [lf.day.no_flights] No direct flights on 17APR
2026-01-25 07:22:02 | INFO     | [SUCCESS] Day 17APR
2026-01-25 07:22:02 | INFO     | [DAY_START] Processing 16APR
[LF] Processing JED-LXR for 16APR
2026-01-25 07:22:02 | INFO     | [lf.day.start] Processing JED-LXR for 16APR
[LF] Sending SN command: SN16APRJEDLXR/ASM
[LF] No direct flights on 16APR for JED-LXR
2026-01-25 07:22:04 | WARNING  | [lf.day.no_flights] No direct flights on 16APR
2026-01-25 07:22:04 | INFO     | [SUCCESS] Day 16APR
2026-01-25 07:22:04 | INFO     | [DAY_START] Processing 15APR
[LF] Processing JED-LXR for 15APR
2026-01-25 07:22:04 | INFO     | [lf.day.start] Processing JED-LXR for 15APR
[LF] Sending SN command: SN15APRJEDLXR/ASM
[LF] No direct flights on 15APR for JED-LXR
2026-01-25 07:22:05 | WARNING  | [lf.day.no_flights] No direct flights on 15APR
2026-01-25 07:22:05 | INFO     | [SUCCESS] Day 15APR
2026-01-25 07:22:05 | INFO     | [DAY_START] Processing 14APR
[LF] Processing JED-LXR for 14APR
2026-01-25 07:22:05 | INFO     | [lf.day.start] Processing JED-LXR for 14APR
[LF] Sending SN command: SN14APRJEDLXR/ASM
[LF] No direct flights on 14APR for JED-LXR
2026-01-25 07:22:06 | WARNING  | [lf.day.no_flights] No direct flights on 14APR
2026-01-25 07:22:06 | INFO     | [SUCCESS] Day 14APR
2026-01-25 07:22:06 | INFO     | [DAY_START] Processing 13APR
[LF] Processing JED-LXR for 13APR
2026-01-25 07:22:06 | INFO     | [lf.day.start] Processing JED-LXR for 13APR
[LF] Sending SN command: SN13APRJEDLXR/ASM
[LF] No direct flights on 13APR for JED-LXR
2026-01-25 07:22:08 | WARNING  | [lf.day.no_flights] No direct flights on 13APR
2026-01-25 07:22:08 | INFO     | [SUCCESS] Day 13APR
[LF] Results summary:
  2026-04-20: 0 flights
  2026-04-19: 0 flights
  2026-04-18: 0 flights
  2026-04-17: 0 flights
  2026-04-16: 0 flights
  2026-04-15: 0 flights
  2026-04-14: 0 flights
  2026-04-13: 0 flights
2026-01-25 07:22:08 | INFO     | [SUCCESS] LF Search Complete

============================================================
[Worker_9225] ✓ COMPLETED: JED-LXR
  Results: 8 dates
  Errors: 0 dates
  Total Processed: 23 groups
============================================================

2026-01-25 07:22:08 | INFO     | [Worker_9225] Completed: JED-LXR - 8 results, 0 errors

============================================================
[Worker_9225] Processing: DMM-ATZ
  Tier 0: Range 3, Chunk 2/4
  Dates: 8 days
  Date Range: 2026-04-20 to 2026-04-13
============================================================

2026-01-25 07:22:08 | INFO     | [Worker_9225] Processing: DMM-ATZ
2026-01-25 07:22:08 | INFO     |   Tier 0: Range 3, Chunk 2/4 (8 days)
2026-01-25 07:22:08 | INFO     | ======================================================================
2026-01-25 07:22:08 | INFO     | Load Factor Scraper Started - Route: DMM-ATZ
2026-01-25 07:22:08 | INFO     | Log file: D:\CODERED\LAB\Artifacts\outputs\run_generated_250126_at_07.06\logs\LF_DMM-ATZ_20260125_072208.log
2026-01-25 07:22:08 | INFO     | Enhanced logging: Capturing both logging.info() and print()
2026-01-25 07:22:08 | INFO     | ======================================================================
[LF] Processing dates (override): ['20APR', '19APR', '18APR', '17APR', '16APR', '15APR', '14APR', '13APR']
[LF] Attaching to Chrome for Altea access
2026-01-25 07:22:08 | INFO     | Starting LF search for route: DMM-ATZ
2026-01-25 07:22:08 | INFO     | [START] LF Search
[LF][[OK] SUCCESS] Connected to Chrome on 127.0.0.1:9225 (after 1 attempts)
2026-01-25 07:22:08 | INFO     | [HEALTH CHECK] [OK] Chrome connection is healthy
[LF][[OK] SUCCESS] Found Amadeus Altea window: Altéa Reservation Desktop
[LF][[INFO] INFO] URL: https://tc212.resdesktop.altea.amadeus.com/app_ard/apf/init/login?SITE=ESMPESMP&LANGUAGE=GB&MARKETS=ARDW_PROD_WBP&ACTION=clpLogin#
2026-01-25 07:22:08 | INFO     | [DAY_START] Processing 20APR
[LF] Processing DMM-ATZ for 20APR
2026-01-25 07:22:08 | INFO     | [lf.day.start] Processing DMM-ATZ for 20APR
[LF] Sending SN command: SN20APRDMMATZ/ASM
[LF] No direct flights on 20APR for DMM-ATZ
2026-01-25 07:22:09 | WARNING  | [lf.day.no_flights] No direct flights on 20APR
2026-01-25 07:22:09 | INFO     | [SUCCESS] Day 20APR
2026-01-25 07:22:09 | INFO     | [DAY_START] Processing 19APR
[LF] Processing DMM-ATZ for 19APR
2026-01-25 07:22:09 | INFO     | [lf.day.start] Processing DMM-ATZ for 19APR
[LF] Sending SN command: SN19APRDMMATZ/ASM
[LF] No direct flights on 19APR for DMM-ATZ
2026-01-25 07:22:11 | WARNING  | [lf.day.no_flights] No direct flights on 19APR
2026-01-25 07:22:11 | INFO     | [SUCCESS] Day 19APR
2026-01-25 07:22:11 | INFO     | [DAY_START] Processing 18APR
[LF] Processing DMM-ATZ for 18APR
2026-01-25 07:22:11 | INFO     | [lf.day.start] Processing DMM-ATZ for 18APR
[LF] Sending SN command: SN18APRDMMATZ/ASM
[LF] No direct flights on 18APR for DMM-ATZ
2026-01-25 07:22:12 | WARNING  | [lf.day.no_flights] No direct flights on 18APR
2026-01-25 07:22:12 | INFO     | [SUCCESS] Day 18APR
2026-01-25 07:22:12 | INFO     | [DAY_START] Processing 17APR
[LF] Processing DMM-ATZ for 17APR
2026-01-25 07:22:12 | INFO     | [lf.day.start] Processing DMM-ATZ for 17APR
[LF] Sending SN command: SN17APRDMMATZ/ASM
[LF] No direct flights on 17APR for DMM-ATZ
2026-01-25 07:22:13 | WARNING  | [lf.day.no_flights] No direct flights on 17APR
2026-01-25 07:22:13 | INFO     | [SUCCESS] Day 17APR
2026-01-25 07:22:13 | INFO     | [DAY_START] Processing 16APR
[LF] Processing DMM-ATZ for 16APR
2026-01-25 07:22:13 | INFO     | [lf.day.start] Processing DMM-ATZ for 16APR
[LF] Sending SN command: SN16APRDMMATZ/ASM
[LF] No direct flights on 16APR for DMM-ATZ
2026-01-25 07:22:15 | WARNING  | [lf.day.no_flights] No direct flights on 16APR
2026-01-25 07:22:15 | INFO     | [SUCCESS] Day 16APR
2026-01-25 07:22:15 | INFO     | [DAY_START] Processing 15APR
[LF] Processing DMM-ATZ for 15APR
2026-01-25 07:22:15 | INFO     | [lf.day.start] Processing DMM-ATZ for 15APR
[LF] Sending SN command: SN15APRDMMATZ/ASM
[LF] No direct flights on 15APR for DMM-ATZ
2026-01-25 07:22:16 | WARNING  | [lf.day.no_flights] No direct flights on 15APR
2026-01-25 07:22:16 | INFO     | [SUCCESS] Day 15APR
2026-01-25 07:22:16 | INFO     | [DAY_START] Processing 14APR
[LF] Processing DMM-ATZ for 14APR
2026-01-25 07:22:16 | INFO     | [lf.day.start] Processing DMM-ATZ for 14APR
[LF] Sending SN command: SN14APRDMMATZ/ASM
[LF] No direct flights on 14APR for DMM-ATZ
2026-01-25 07:22:17 | WARNING  | [lf.day.no_flights] No direct flights on 14APR
2026-01-25 07:22:17 | INFO     | [SUCCESS] Day 14APR
2026-01-25 07:22:17 | INFO     | [DAY_START] Processing 13APR
[LF] Processing DMM-ATZ for 13APR
2026-01-25 07:22:17 | INFO     | [lf.day.start] Processing DMM-ATZ for 13APR
[LF] Sending SN command: SN13APRDMMATZ/ASM
[LF] No direct flights on 13APR for DMM-ATZ
2026-01-25 07:22:18 | WARNING  | [lf.day.no_flights] No direct flights on 13APR
2026-01-25 07:22:18 | INFO     | [SUCCESS] Day 13APR
[LF] Results summary:
  2026-04-20: 0 flights
  2026-04-19: 0 flights
  2026-04-18: 0 flights
  2026-04-17: 0 flights
  2026-04-16: 0 flights
  2026-04-15: 0 flights
  2026-04-14: 0 flights
  2026-04-13: 0 flights
2026-01-25 07:22:18 | INFO     | [SUCCESS] LF Search Complete

============================================================
[Worker_9225] ✓ COMPLETED: DMM-ATZ
  Results: 8 dates
  Errors: 0 dates
  Total Processed: 24 groups
============================================================

2026-01-25 07:22:36 | INFO     | [Worker_9225] Completed: DMM-ATZ - 8 results, 0 errors

============================================================
[Worker_9225] Processing: YNB-CAI
  Tier 0: Range 3, Chunk 2/4
  Dates: 8 days
  Date Range: 2026-04-20 to 2026-04-13
============================================================

2026-01-25 07:22:36 | INFO     | [Worker_9225] Processing: YNB-CAI
2026-01-25 07:22:36 | INFO     |   Tier 0: Range 3, Chunk 2/4 (8 days)
2026-01-25 07:22:36 | INFO     | ======================================================================
2026-01-25 07:22:36 | INFO     | Load Factor Scraper Started - Route: YNB-CAI
2026-01-25 07:22:36 | INFO     | Log file: D:\CODERED\LAB\Artifacts\outputs\run_generated_250126_at_07.06\logs\LF_YNB-CAI_20260125_072236.log
2026-01-25 07:22:36 | INFO     | Enhanced logging: Capturing both logging.info() and print()
2026-01-25 07:22:36 | INFO     | ======================================================================
[LF] Processing dates (override): ['20APR', '19APR', '18APR', '17APR', '16APR', '15APR', '14APR', '13APR']
[LF] Attaching to Chrome for Altea access
2026-01-25 07:22:36 | INFO     | Starting LF search for route: YNB-CAI
2026-01-25 07:22:36 | INFO     | [START] LF Search
[LF][[OK] SUCCESS] Connected to Chrome on 127.0.0.1:9225 (after 1 attempts)
2026-01-25 07:22:37 | INFO     | [HEALTH CHECK] [OK] Chrome connection is healthy
[LF][[OK] SUCCESS] Found Amadeus Altea window: Altéa Reservation Desktop
[LF][[INFO] INFO] URL: https://tc212.resdesktop.altea.amadeus.com/app_ard/apf/init/login?SITE=ESMPESMP&LANGUAGE=GB&MARKETS=ARDW_PROD_WBP&ACTION=clpLogin#
2026-01-25 07:22:37 | INFO     | [DAY_START] Processing 20APR
[LF] Processing YNB-CAI for 20APR
2026-01-25 07:22:37 | INFO     | [lf.day.start] Processing YNB-CAI for 20APR
[LF] Sending SN command: SN20APRYNBCAI/ASM
[LF] 20APR: found 1 direct flights
2026-01-25 07:22:39 | INFO     | [lf.day.flights_found] Found 1 flights on 20APR
2026-01-25 07:22:41 | INFO     | [lf.flight.extracted] SM442 on 20APR: BKG=0, LF=0.0%
[LF] SM442 20APR: BKG=0, GRP=0, CAP=167, LF%=0.0%, Brd-Off=YNB-CAI
2026-01-25 07:22:42 | INFO     | [SUCCESS] Day 20APR
2026-01-25 07:22:42 | INFO     | [DAY_START] Processing 19APR
[LF] Processing YNB-CAI for 19APR
2026-01-25 07:22:42 | INFO     | [lf.day.start] Processing YNB-CAI for 19APR
[LF] Sending SN command: SN19APRYNBCAI/ASM
[LF] 19APR: found 1 direct flights
2026-01-25 07:22:43 | INFO     | [lf.day.flights_found] Found 1 flights on 19APR
2026-01-25 07:22:45 | INFO     | [lf.flight.extracted] SM442 on 19APR: BKG=0, LF=0.0%
[LF] SM442 19APR: BKG=0, GRP=0, CAP=175, LF%=0.0%, Brd-Off=YNB-CAI
2026-01-25 07:22:46 | INFO     | [SUCCESS] Day 19APR
2026-01-25 07:22:46 | INFO     | [DAY_START] Processing 18APR
[LF] Processing YNB-CAI for 18APR
2026-01-25 07:22:46 | INFO     | [lf.day.start] Processing YNB-CAI for 18APR
[LF] Sending SN command: SN18APRYNBCAI/ASM
[LF] 18APR: found 2 direct flights
2026-01-25 07:22:47 | INFO     | [lf.day.flights_found] Found 2 flights on 18APR
2026-01-25 07:22:49 | INFO     | [lf.flight.extracted] SM442 on 18APR: BKG=0, LF=0.0%
[LF] SM442 18APR: BKG=0, GRP=0, CAP=175, LF%=0.0%, Brd-Off=YNB-CAI
2026-01-25 07:22:52 | INFO     | [lf.flight.extracted] SM448 on 18APR: BKG=0, LF=0.0%
[LF] SM448 18APR: BKG=0, GRP=0, CAP=167, LF%=0.0%, Brd-Off=YNB-CAI
2026-01-25 07:22:53 | INFO     | [SUCCESS] Day 18APR
2026-01-25 07:22:53 | INFO     | [DAY_START] Processing 17APR
[LF] Processing YNB-CAI for 17APR
2026-01-25 07:22:53 | INFO     | [lf.day.start] Processing YNB-CAI for 17APR
[LF] Sending SN command: SN17APRYNBCAI/ASM
[LF] 17APR: found 1 direct flights
2026-01-25 07:22:55 | INFO     | [lf.day.flights_found] Found 1 flights on 17APR
2026-01-25 07:22:57 | INFO     | [lf.flight.extracted] SM442 on 17APR: BKG=0, LF=0.0%
[LF] SM442 17APR: BKG=0, GRP=0, CAP=175, LF%=0.0%, Brd-Off=YNB-CAI
2026-01-25 07:22:58 | INFO     | [SUCCESS] Day 17APR
2026-01-25 07:22:58 | INFO     | [DAY_START] Processing 16APR
[LF] Processing YNB-CAI for 16APR
2026-01-25 07:22:58 | INFO     | [lf.day.start] Processing YNB-CAI for 16APR
[LF] Sending SN command: SN16APRYNBCAI/ASM
[LF] 16APR: found 1 direct flights
2026-01-25 07:22:59 | INFO     | [lf.day.flights_found] Found 1 flights on 16APR
2026-01-25 07:23:01 | INFO     | [lf.flight.extracted] SM442 on 16APR: BKG=1, LF=0.6%
[LF] SM442 16APR: BKG=1, GRP=0, CAP=175, LF%=0.6%, Brd-Off=YNB-CAI, Classes: W:1
[LF] Getting WEEKLY/LASTSOLD data for 1 flights
[LF] SM442 16APR: LASTSOLD=2026-01-24 00:00:00, WEEKLY=1, TODAY=0, YDAY=1
2026-01-25 07:23:05 | INFO     | [SUCCESS] Day 16APR
2026-01-25 07:23:05 | INFO     | [DAY_START] Processing 15APR
[LF] Processing YNB-CAI for 15APR
2026-01-25 07:23:05 | INFO     | [lf.day.start] Processing YNB-CAI for 15APR
[LF] Sending SN command: SN15APRYNBCAI/ASM
[LF] No direct flights on 15APR for YNB-CAI
2026-01-25 07:23:06 | WARNING  | [lf.day.no_flights] No direct flights on 15APR
2026-01-25 07:23:06 | INFO     | [SUCCESS] Day 15APR
2026-01-25 07:23:06 | INFO     | [DAY_START] Processing 14APR
[LF] Processing YNB-CAI for 14APR
2026-01-25 07:23:06 | INFO     | [lf.day.start] Processing YNB-CAI for 14APR
[LF] Sending SN command: SN14APRYNBCAI/ASM
[LF] 14APR: found 1 direct flights
2026-01-25 07:23:07 | INFO     | [lf.day.flights_found] Found 1 flights on 14APR
2026-01-25 07:23:10 | INFO     | [lf.flight.extracted] SM442 on 14APR: BKG=0, LF=0.0%
[LF] SM442 14APR: BKG=0, GRP=0, CAP=167, LF%=0.0%, Brd-Off=YNB-CAI
2026-01-25 07:23:11 | INFO     | [SUCCESS] Day 14APR
2026-01-25 07:23:11 | INFO     | [DAY_START] Processing 13APR
[LF] Processing YNB-CAI for 13APR
2026-01-25 07:23:11 | INFO     | [lf.day.start] Processing YNB-CAI for 13APR
[LF] Sending SN command: SN13APRYNBCAI/ASM
[LF] 13APR: found 1 direct flights
2026-01-25 07:23:12 | INFO     | [lf.day.flights_found] Found 1 flights on 13APR
2026-01-25 07:23:15 | INFO     | [lf.flight.extracted] SM442 on 13APR: BKG=0, LF=0.0%
[LF] SM442 13APR: BKG=0, GRP=0, CAP=175, LF%=0.0%, Brd-Off=YNB-CAI
2026-01-25 07:23:16 | INFO     | [SUCCESS] Day 13APR
[LF] Results summary:
  2026-04-20: 1 flights
  2026-04-19: 1 flights
  2026-04-18: 2 flights
  2026-04-17: 1 flights
  2026-04-16: 1 flights
  2026-04-15: 0 flights
  2026-04-14: 1 flights
  2026-04-13: 1 flights
2026-01-25 07:23:16 | INFO     | [SUCCESS] LF Search Complete

============================================================
[Worker_9225] ✓ COMPLETED: YNB-CAI
  Results: 8 dates
  Errors: 0 dates
  Total Processed: 25 groups
============================================================

2026-01-25 07:23:16 | INFO     | [Worker_9225] Completed: YNB-CAI - 8 results, 0 errors

============================================================
[Worker_9225] Processing: CAI-JED
  Tier 0: Range 3, Chunk 2/4
  Dates: 8 days
  Date Range: 2026-04-20 to 2026-04-13
============================================================

2026-01-25 07:23:16 | INFO     | [Worker_9225] Processing: CAI-JED
2026-01-25 07:23:16 | INFO     |   Tier 0: Range 3, Chunk 2/4 (8 days)
2026-01-25 07:23:16 | INFO     | ======================================================================
2026-01-25 07:23:16 | INFO     | Load Factor Scraper Started - Route: CAI-JED
2026-01-25 07:23:16 | INFO     | Log file: D:\CODERED\LAB\Artifacts\outputs\run_generated_250126_at_07.06\logs\LF_CAI-JED_20260125_072316.log
2026-01-25 07:23:16 | INFO     | Enhanced logging: Capturing both logging.info() and print()
2026-01-25 07:23:16 | INFO     | ======================================================================
[LF] Processing dates (override): ['20APR', '19APR', '18APR', '17APR', '16APR', '15APR', '14APR', '13APR']
[LF] Attaching to Chrome for Altea access
2026-01-25 07:23:16 | INFO     | Starting LF search for route: CAI-JED
2026-01-25 07:23:16 | INFO     | [START] LF Search
[LF][[OK] SUCCESS] Connected to Chrome on 127.0.0.1:9225 (after 1 attempts)
2026-01-25 07:23:17 | INFO     | [HEALTH CHECK] [OK] Chrome connection is healthy
[LF][[OK] SUCCESS] Found Amadeus Altea window: Altéa Reservation Desktop
[LF][[INFO] INFO] URL: https://tc212.resdesktop.altea.amadeus.com/app_ard/apf/init/login?SITE=ESMPESMP&LANGUAGE=GB&MARKETS=ARDW_PROD_WBP&ACTION=clpLogin#
2026-01-25 07:23:17 | INFO     | [DAY_START] Processing 20APR
[LF] Processing CAI-JED for 20APR
2026-01-25 07:23:17 | INFO     | [lf.day.start] Processing CAI-JED for 20APR
[LF] JED↔Cairo route detected - querying both CAI and CCE airports
[LF] Sending SN command: SN20APRCAIJED/ASM
[LF] Sending SN command: SN20APRCCEJED/ASM
[LF] 20APR: found 3 direct flights
2026-01-25 07:23:19 | INFO     | [lf.day.flights_found] Found 3 flights on 20APR
2026-01-25 07:23:22 | INFO     | [lf.flight.extracted] SM477 on 20APR: BKG=4, LF=2.2%
[LF] SM477 20APR: BKG=4, GRP=0, CAP=179, LF%=2.2%, Brd-Off=CAI-JED, Classes: I:4
2026-01-25 07:23:26 | INFO     | [lf.flight.extracted] SM475 on 20APR: BKG=7, LF=3.9%
[LF] SM475 20APR: BKG=7, GRP=0, CAP=179, LF%=3.9%, Brd-Off=CAI-JED, Classes: I:7
2026-01-25 07:23:29 | INFO     | [lf.flight.extracted] SM479 on 20APR: BKG=10, LF=5.6%
[LF] SM479 20APR: BKG=10, GRP=0, CAP=179, LF%=5.6%, Brd-Off=CAI-JED, Classes: I:9, O:1
[LF] Getting WEEKLY/LASTSOLD data for 3 flights
[LF] SM477 20APR: LASTSOLD=2026-01-13 00:00:00, WEEKLY=0, TODAY=0, YDAY=0
[LF] SM475 20APR: LASTSOLD=2026-01-11 00:00:00, WEEKLY=0, TODAY=0, YDAY=0
[LF] SM479 20APR: LASTSOLD=2026-01-20 00:00:00, WEEKLY=1, TODAY=0, YDAY=0
2026-01-25 07:23:34 | INFO     | [SUCCESS] Day 20APR
2026-01-25 07:23:34 | INFO     | [DAY_START] Processing 19APR
[LF] Processing CAI-JED for 19APR
2026-01-25 07:23:34 | INFO     | [lf.day.start] Processing CAI-JED for 19APR
[LF] JED↔Cairo route detected - querying both CAI and CCE airports
[LF] Sending SN command: SN19APRCAIJED/ASM
[LF] Sending SN command: SN19APRCCEJED/ASM
[LF] 19APR: found 3 direct flights
2026-01-25 07:23:37 | INFO     | [lf.day.flights_found] Found 3 flights on 19APR
2026-01-25 07:23:39 | INFO     | [lf.flight.extracted] SM477 on 19APR: BKG=4, LF=2.2%
[LF] SM477 19APR: BKG=4, GRP=0, CAP=179, LF%=2.2%, Brd-Off=CAI-JED, Classes: I:4
2026-01-25 07:23:42 | INFO     | [lf.flight.extracted] SM475 on 19APR: BKG=9, LF=5.0%
[LF] SM475 19APR: BKG=9, GRP=0, CAP=179, LF%=5.0%, Brd-Off=CAI-JED, Classes: I:8, X:1
[LPC] SM475 19APR: Found 1 outbound flights with connecting passengers
2026-01-25 07:23:47 | INFO     | [lf.flight.extracted] SM459 on 19APR: BKG=4, LF=2.2%
[LF] SM459 19APR: BKG=4, GRP=0, CAP=179, LF%=2.2%, Brd-Off=CAI-JED, Classes: I:4
[LF] Getting WEEKLY/LASTSOLD data for 3 flights
[LF] SM477 19APR: LASTSOLD=2026-01-20 00:00:00, WEEKLY=1, TODAY=0, YDAY=0
[LF] SM475 19APR: LASTSOLD=2026-01-21 00:00:00, WEEKLY=3, TODAY=0, YDAY=0
[LF] SM459 19APR: LASTSOLD=2026-01-16 00:00:00, WEEKLY=0, TODAY=0, YDAY=0
2026-01-25 07:23:52 | INFO     | [SUCCESS] Day 19APR
2026-01-25 07:23:52 | INFO     | [DAY_START] Processing 18APR
[LF] Processing CAI-JED for 18APR
2026-01-25 07:23:52 | INFO     | [lf.day.start] Processing CAI-JED for 18APR
[LF] JED↔Cairo route detected - querying both CAI and CCE airports
[LF] Sending SN command: SN18APRCAIJED/ASM
[LF] Sending SN command: SN18APRCCEJED/ASM
[LF] 18APR: found 2 direct flights
2026-01-25 07:23:54 | INFO     | [lf.day.flights_found] Found 2 flights on 18APR
2026-01-25 07:23:56 | INFO     | [lf.flight.extracted] SM477 on 18APR: BKG=9, LF=5.0%
[LF] SM477 18APR: BKG=9, GRP=0, CAP=179, LF%=5.0%, Brd-Off=CAI-JED, Classes: I:9
2026-01-25 07:23:59 | INFO     | [lf.flight.extracted] SM475 on 18APR: BKG=15, LF=8.4%
[LF] SM475 18APR: BKG=15, GRP=0, CAP=179, LF%=8.4%, Brd-Off=CAI-JED, Classes: I:9, O:6
[LF] Getting WEEKLY/LASTSOLD data for 2 flights
[LF] SM477 18APR: LASTSOLD=2026-01-14 00:00:00, WEEKLY=0, TODAY=0, YDAY=0
[LF] SM475 18APR: LASTSOLD=2026-01-20 00:00:00, WEEKLY=2, TODAY=0, YDAY=0
2026-01-25 07:24:03 | INFO     | [SUCCESS] Day 18APR
2026-01-25 07:24:03 | INFO     | [DAY_START] Processing 17APR
[LF] Processing CAI-JED for 17APR
2026-01-25 07:24:03 | INFO     | [lf.day.start] Processing CAI-JED for 17APR
[LF] JED↔Cairo route detected - querying both CAI and CCE airports
[LF] Sending SN command: SN17APRCAIJED/ASM
[LF] Sending SN command: SN17APRCCEJED/ASM
[LF] 17APR: found 3 direct flights
2026-01-25 07:24:06 | INFO     | [lf.day.flights_found] Found 3 flights on 17APR
2026-01-25 07:24:08 | INFO     | [lf.flight.extracted] SM477 on 17APR: BKG=2, LF=1.1%
[LF] SM477 17APR: BKG=2, GRP=0, CAP=179, LF%=1.1%, Brd-Off=CAI-JED, Classes: I:2
2026-01-25 07:24:11 | INFO     | [lf.flight.extracted] SM475 on 17APR: BKG=3, LF=1.7%
[LF] SM475 17APR: BKG=3, GRP=0, CAP=179, LF%=1.7%, Brd-Off=CAI-JED, Classes: I:3
2026-01-25 07:24:14 | INFO     | [lf.flight.extracted] SM479 on 17APR: BKG=17, LF=9.5%
[LF] SM479 17APR: BKG=17, GRP=0, CAP=179, LF%=9.5%, Brd-Off=CAI-JED, Classes: I:9, O:8
[LF] Getting WEEKLY/LASTSOLD data for 3 flights
[LF] SM477 17APR: LASTSOLD=2026-01-14 00:00:00, WEEKLY=0, TODAY=0, YDAY=0
2026-01-25 07:24:17 | ERROR    | Atomic write failed for D:\CODERED\LAB\Artifacts\outputs\run_generated_250126_at_07.06\checkpoints\flight_booking_data.json: [WinError 5] Access is denied: 'D:\\CODERED\\LAB\\Artifacts\\outputs\\run_generated_250126_at_07.06\\checkpoints\\flight_booking_data.tmp_107cc349' -> 'D:\\CODERED\\LAB\\Artifacts\\outputs\\run_generated_250126_at_07.06\\checkpoints\\flight_booking_data.json'
[LF] SM475 17APR: LASTSOLD=2026-01-21 00:00:00, WEEKLY=1, TODAY=0, YDAY=0
[LF] SM479 17APR: LASTSOLD=2026-01-18 00:00:00, WEEKLY=1, TODAY=0, YDAY=0
2026-01-25 07:24:20 | INFO     | [SUCCESS] Day 17APR
2026-01-25 07:24:20 | INFO     | [DAY_START] Processing 16APR
[LF] Processing CAI-JED for 16APR
2026-01-25 07:24:20 | INFO     | [lf.day.start] Processing CAI-JED for 16APR
[LF] JED↔Cairo route detected - querying both CAI and CCE airports
[LF] Sending SN command: SN16APRCAIJED/ASM
[LF] Sending SN command: SN16APRCCEJED/ASM
[LF] 16APR: found 3 direct flights
2026-01-25 07:24:22 | INFO     | [lf.day.flights_found] Found 3 flights on 16APR
2026-01-25 07:24:24 | INFO     | [lf.flight.extracted] SM477 on 16APR: BKG=3, LF=1.7%
[LF] SM477 16APR: BKG=3, GRP=0, CAP=179, LF%=1.7%, Brd-Off=CAI-JED, Classes: I:2, S:1
2026-01-25 07:24:28 | INFO     | [lf.flight.extracted] SM475 on 16APR: BKG=6, LF=3.4%
[LF] SM475 16APR: BKG=6, GRP=0, CAP=179, LF%=3.4%, Brd-Off=CAI-JED, Classes: I:6
2026-01-25 07:24:31 | INFO     | [lf.flight.extracted] SM459 on 16APR: BKG=5, LF=2.8%
[LF] SM459 16APR: BKG=5, GRP=0, CAP=179, LF%=2.8%, Brd-Off=CAI-JED, Classes: I:5
[LF] Getting WEEKLY/LASTSOLD data for 3 flights
[LF] SM477 16APR: LASTSOLD=2026-01-10 00:00:00, WEEKLY=0, TODAY=0, YDAY=0
[LF] SM475 16APR: LASTSOLD=2026-01-24 00:00:00, WEEKLY=2, TODAY=0, YDAY=1
[LF] SM459 16APR: LASTSOLD=2026-01-16 00:00:00, WEEKLY=0, TODAY=0, YDAY=0
2026-01-25 07:24:36 | INFO     | [SUCCESS] Day 16APR
2026-01-25 07:24:36 | INFO     | [DAY_START] Processing 15APR
[LF] Processing CAI-JED for 15APR
2026-01-25 07:24:36 | INFO     | [lf.day.start] Processing CAI-JED for 15APR
[LF] JED↔Cairo route detected - querying both CAI and CCE airports
[LF] Sending SN command: SN15APRCAIJED/ASM
[LF] Sending SN command: SN15APRCCEJED/ASM
[LF] 15APR: found 2 direct flights
2026-01-25 07:24:38 | INFO     | [lf.day.flights_found] Found 2 flights on 15APR
2026-01-25 07:24:40 | INFO     | [lf.flight.extracted] SM477 on 15APR: BKG=7, LF=3.9%
[LF] SM477 15APR: BKG=7, GRP=0, CAP=179, LF%=3.9%, Brd-Off=CAI-JED, Classes: I:6, S:1
2026-01-25 07:24:44 | INFO     | [lf.flight.extracted] SM475 on 15APR: BKG=8, LF=4.5%
[LF] SM475 15APR: BKG=8, GRP=0, CAP=179, LF%=4.5%, Brd-Off=CAI-JED, Classes: I:8
[LF] Getting WEEKLY/LASTSOLD data for 2 flights
[LF] SM477 15APR: LASTSOLD=2026-01-19 00:00:00, WEEKLY=2, TODAY=0, YDAY=0
[LF] SM475 15APR: LASTSOLD=2026-01-21 00:00:00, WEEKLY=2, TODAY=0, YDAY=0
2026-01-25 07:24:47 | INFO     | [SUCCESS] Day 15APR
2026-01-25 07:24:47 | INFO     | [DAY_START] Processing 14APR
[LF] Processing CAI-JED for 14APR
2026-01-25 07:24:47 | INFO     | [lf.day.start] Processing CAI-JED for 14APR
[LF] JED↔Cairo route detected - querying both CAI and CCE airports
[LF] Sending SN command: SN14APRCAIJED/ASM
[LF] Sending SN command: SN14APRCCEJED/ASM
[LF] 14APR: found 3 direct flights
2026-01-25 07:24:50 | INFO     | [lf.day.flights_found] Found 3 flights on 14APR
2026-01-25 07:24:52 | INFO     | [lf.flight.extracted] SM477 on 14APR: BKG=4, LF=2.2%
[LF] SM477 14APR: BKG=4, GRP=0, CAP=179, LF%=2.2%, Brd-Off=CAI-JED, Classes: I:4
2026-01-25 07:24:55 | INFO     | [lf.flight.extracted] SM475 on 14APR: BKG=3, LF=1.7%
[LF] SM475 14APR: BKG=3, GRP=0, CAP=179, LF%=1.7%, Brd-Off=CAI-JED, Classes: I:3
2026-01-25 07:24:59 | INFO     | [lf.flight.extracted] SM479 on 14APR: BKG=13, LF=7.3%
[LF] SM479 14APR: BKG=13, GRP=0, CAP=179, LF%=7.3%, Brd-Off=CAI-JED, Classes: I:9, O:4
[LF] Getting WEEKLY/LASTSOLD data for 3 flights
[LF] SM477 14APR: LASTSOLD=2026-01-17 00:00:00, WEEKLY=0, TODAY=0, YDAY=0
[LF] SM475 14APR: LASTSOLD=2026-01-18 00:00:00, WEEKLY=1, TODAY=0, YDAY=0
[LF] SM479 14APR: LASTSOLD=2026-01-13 00:00:00, WEEKLY=0, TODAY=0, YDAY=0
2026-01-25 07:25:04 | INFO     | [SUCCESS] Day 14APR
2026-01-25 07:25:04 | INFO     | [DAY_START] Processing 13APR
[LF] Processing CAI-JED for 13APR
2026-01-25 07:25:04 | INFO     | [lf.day.start] Processing CAI-JED for 13APR
[LF] JED↔Cairo route detected - querying both CAI and CCE airports
[LF] Sending SN command: SN13APRCAIJED/ASM
[LF] Sending SN command: SN13APRCCEJED/ASM
[LF] 13APR: found 3 direct flights
2026-01-25 07:25:06 | INFO     | [lf.day.flights_found] Found 3 flights on 13APR
2026-01-25 07:25:08 | INFO     | [lf.flight.extracted] SM477 on 13APR: BKG=3, LF=1.7%
[LF] SM477 13APR: BKG=3, GRP=0, CAP=179, LF%=1.7%, Brd-Off=CAI-JED, Classes: I:3
2026-01-25 07:25:12 | INFO     | [lf.flight.extracted] SM475 on 13APR: BKG=2, LF=1.1%
[LF] SM475 13APR: BKG=2, GRP=0, CAP=179, LF%=1.1%, Brd-Off=CAI-JED, Classes: I:2
2026-01-25 07:25:15 | INFO     | [lf.flight.extracted] SM479 on 13APR: BKG=8, LF=4.5%
[LF] SM479 13APR: BKG=8, GRP=0, CAP=179, LF%=4.5%, Brd-Off=CAI-JED, Classes: I:8
[LF] Getting WEEKLY/LASTSOLD data for 3 flights
[LF] SM477 13APR: LASTSOLD=2026-01-19 00:00:00, WEEKLY=1, TODAY=0, YDAY=0
[LF] SM475 13APR: LASTSOLD=2026-01-12 00:00:00, WEEKLY=0, TODAY=0, YDAY=0
[LF] SM479 13APR: LASTSOLD=2026-01-19 00:00:00, WEEKLY=2, TODAY=0, YDAY=0
2026-01-25 07:25:20 | INFO     | [SUCCESS] Day 13APR
[LF] Results summary:
  2026-04-20: 3 flights
  2026-04-19: 3 flights
  2026-04-18: 2 flights
  2026-04-17: 3 flights
  2026-04-16: 3 flights
  2026-04-15: 2 flights
  2026-04-14: 3 flights
  2026-04-13: 3 flights
2026-01-25 07:25:20 | INFO     | [SUCCESS] LF Search Complete

============================================================
[Worker_9225] ✓ COMPLETED: CAI-JED
  Results: 8 dates
  Errors: 0 dates
  Total Processed: 26 groups
============================================================

2026-01-25 07:25:20 | INFO     | [Worker_9225] Completed: CAI-JED - 8 results, 0 errors

============================================================
[Worker_9225] Processing: GIZ-CAI
  Tier 0: Range 3, Chunk 3/4
  Dates: 8 days
  Date Range: 2026-04-12 to 2026-04-05
============================================================

2026-01-25 07:25:20 | INFO     | [Worker_9225] Processing: GIZ-CAI
2026-01-25 07:25:20 | INFO     |   Tier 0: Range 3, Chunk 3/4 (8 days)
2026-01-25 07:25:20 | INFO     | ======================================================================
2026-01-25 07:25:20 | INFO     | Load Factor Scraper Started - Route: GIZ-CAI
2026-01-25 07:25:20 | INFO     | Log file: D:\CODERED\LAB\Artifacts\outputs\run_generated_250126_at_07.06\logs\LF_GIZ-CAI_20260125_072520.log
2026-01-25 07:25:20 | INFO     | Enhanced logging: Capturing both logging.info() and print()
2026-01-25 07:25:20 | INFO     | ======================================================================
[LF] Processing dates (override): ['12APR', '11APR', '10APR', '09APR', '08APR', '07APR', '06APR', '05APR']
[LF] Attaching to Chrome for Altea access
2026-01-25 07:25:20 | INFO     | Starting LF search for route: GIZ-CAI
2026-01-25 07:25:21 | INFO     | [START] LF Search
[LF][[OK] SUCCESS] Connected to Chrome on 127.0.0.1:9225 (after 1 attempts)
2026-01-25 07:25:21 | INFO     | [HEALTH CHECK] [OK] Chrome connection is healthy
[LF][[OK] SUCCESS] Found Amadeus Altea window: Altéa Reservation Desktop
[LF][[INFO] INFO] URL: https://tc212.resdesktop.altea.amadeus.com/app_ard/apf/init/login?SITE=ESMPESMP&LANGUAGE=GB&MARKETS=ARDW_PROD_WBP&ACTION=clpLogin#
2026-01-25 07:25:21 | INFO     | [DAY_START] Processing 12APR
[LF] Processing GIZ-CAI for 12APR
2026-01-25 07:25:21 | INFO     | [lf.day.start] Processing GIZ-CAI for 12APR
[LF] Sending SN command: SN12APRGIZCAI/ASM
[LF] 12APR: found 1 direct flights
2026-01-25 07:25:22 | INFO     | [lf.day.flights_found] Found 1 flights on 12APR
2026-01-25 07:25:24 | INFO     | [lf.flight.extracted] SM330 on 12APR: BKG=2, LF=1.1%
[LF] SM330 12APR: BKG=2, GRP=0, CAP=175, LF%=1.1%, Brd-Off=GIZ-CAI, Classes: I:2
[LF] Getting WEEKLY/LASTSOLD data for 1 flights
[LF] SM330 12APR: LASTSOLD=2026-01-22 00:00:00, WEEKLY=1, TODAY=0, YDAY=0
2026-01-25 07:25:27 | INFO     | [SUCCESS] Day 12APR
2026-01-25 07:25:27 | INFO     | [DAY_START] Processing 11APR
[LF] Processing GIZ-CAI for 11APR
2026-01-25 07:25:27 | INFO     | [lf.day.start] Processing GIZ-CAI for 11APR
[LF] Sending SN command: SN11APRGIZCAI/ASM
[LF] No direct flights on 11APR for GIZ-CAI
2026-01-25 07:25:28 | WARNING  | [lf.day.no_flights] No direct flights on 11APR
2026-01-25 07:25:28 | INFO     | [SUCCESS] Day 11APR
2026-01-25 07:25:28 | INFO     | [DAY_START] Processing 10APR
[LF] Processing GIZ-CAI for 10APR
2026-01-25 07:25:28 | INFO     | [lf.day.start] Processing GIZ-CAI for 10APR
[LF] Sending SN command: SN10APRGIZCAI/ASM
[LF] 10APR: found 1 direct flights
2026-01-25 07:25:29 | INFO     | [lf.day.flights_found] Found 1 flights on 10APR
2026-01-25 07:25:31 | INFO     | [lf.flight.extracted] SM330 on 10APR: BKG=0, LF=0.0%
[LF] SM330 10APR: BKG=0, GRP=0, CAP=175, LF%=0.0%, Brd-Off=GIZ-CAI
2026-01-25 07:25:33 | INFO     | [SUCCESS] Day 10APR
2026-01-25 07:25:33 | INFO     | [DAY_START] Processing 09APR
[LF] Processing GIZ-CAI for 09APR
2026-01-25 07:25:33 | INFO     | [lf.day.start] Processing GIZ-CAI for 09APR
[LF] Sending SN command: SN09APRGIZCAI/ASM
[LF] 09APR: found 1 direct flights
2026-01-25 07:25:34 | INFO     | [lf.day.flights_found] Found 1 flights on 09APR
2026-01-25 07:25:36 | INFO     | [lf.flight.extracted] SM330 on 09APR: BKG=2, LF=1.1%
[LF] SM330 09APR: BKG=2, GRP=0, CAP=175, LF%=1.1%, Brd-Off=GIZ-CAI, Classes: I:2
[LF] Getting WEEKLY/LASTSOLD data for 1 flights
[LF] SM330 09APR: LASTSOLD=2026-01-11 00:00:00, WEEKLY=0, TODAY=0, YDAY=0
2026-01-25 07:25:38 | INFO     | [SUCCESS] Day 09APR
2026-01-25 07:25:38 | INFO     | [DAY_START] Processing 08APR
[LF] Processing GIZ-CAI for 08APR
2026-01-25 07:25:38 | INFO     | [lf.day.start] Processing GIZ-CAI for 08APR
[LF] Sending SN command: SN08APRGIZCAI/ASM
[LF] No direct flights on 08APR for GIZ-CAI
2026-01-25 07:25:39 | WARNING  | [lf.day.no_flights] No direct flights on 08APR
2026-01-25 07:25:39 | INFO     | [SUCCESS] Day 08APR
2026-01-25 07:25:39 | INFO     | [DAY_START] Processing 07APR
[LF] Processing GIZ-CAI for 07APR
2026-01-25 07:25:39 | INFO     | [lf.day.start] Processing GIZ-CAI for 07APR
[LF] Sending SN command: SN07APRGIZCAI/ASM
[LF] No direct flights on 07APR for GIZ-CAI
2026-01-25 07:25:41 | WARNING  | [lf.day.no_flights] No direct flights on 07APR
2026-01-25 07:25:41 | INFO     | [SUCCESS] Day 07APR
2026-01-25 07:25:41 | INFO     | [DAY_START] Processing 06APR
[LF] Processing GIZ-CAI for 06APR
2026-01-25 07:25:41 | INFO     | [lf.day.start] Processing GIZ-CAI for 06APR
[LF] Sending SN command: SN06APRGIZCAI/ASM
[LF] No direct flights on 06APR for GIZ-CAI
2026-01-25 07:25:42 | WARNING  | [lf.day.no_flights] No direct flights on 06APR
2026-01-25 07:25:42 | INFO     | [SUCCESS] Day 06APR
2026-01-25 07:25:42 | INFO     | [DAY_START] Processing 05APR
[LF] Processing GIZ-CAI for 05APR
2026-01-25 07:25:42 | INFO     | [lf.day.start] Processing GIZ-CAI for 05APR
[LF] Sending SN command: SN05APRGIZCAI/ASM
[LF] 05APR: found 1 direct flights
2026-01-25 07:25:43 | INFO     | [lf.day.flights_found] Found 1 flights on 05APR
2026-01-25 07:25:45 | INFO     | [lf.flight.extracted] SM330 on 05APR: BKG=7, LF=4.2%
[LF] SM330 05APR: BKG=7, GRP=0, CAP=167, LF%=4.2%, Brd-Off=GIZ-CAI, Classes: I:5, O:2
[LF] Getting WEEKLY/LASTSOLD data for 1 flights
[LF] SM330 05APR: LASTSOLD=2026-01-21 00:00:00, WEEKLY=3, TODAY=0, YDAY=0
2026-01-25 07:25:47 | INFO     | [SUCCESS] Day 05APR
[LF] Results summary:
  2026-04-12: 1 flights
  2026-04-11: 0 flights
  2026-04-10: 1 flights
  2026-04-09: 1 flights
  2026-04-08: 0 flights
  2026-04-07: 0 flights
  2026-04-06: 0 flights
  2026-04-05: 1 flights
2026-01-25 07:25:47 | INFO     | [SUCCESS] LF Search Complete

============================================================
[Worker_9225] ✓ COMPLETED: GIZ-CAI
  Results: 8 dates
  Errors: 0 dates
  Total Processed: 27 groups
============================================================

2026-01-25 07:25:47 | INFO     | [Worker_9225] Completed: GIZ-CAI - 8 results, 0 errors

============================================================
[Worker_9225] Processing: ATZ-JED
  Tier 0: Range 3, Chunk 3/4
  Dates: 8 days
  Date Range: 2026-04-12 to 2026-04-05
============================================================

2026-01-25 07:25:47 | INFO     | [Worker_9225] Processing: ATZ-JED
2026-01-25 07:25:47 | INFO     |   Tier 0: Range 3, Chunk 3/4 (8 days)
2026-01-25 07:25:47 | INFO     | ======================================================================
2026-01-25 07:25:47 | INFO     | Load Factor Scraper Started - Route: ATZ-JED
2026-01-25 07:25:47 | INFO     | Log file: D:\CODERED\LAB\Artifacts\outputs\run_generated_250126_at_07.06\logs\LF_ATZ-JED_20260125_072547.log
2026-01-25 07:25:47 | INFO     | Enhanced logging: Capturing both logging.info() and print()
2026-01-25 07:25:47 | INFO     | ======================================================================
[LF] Processing dates (override): ['12APR', '11APR', '10APR', '09APR', '08APR', '07APR', '06APR', '05APR']
[LF] Attaching to Chrome for Altea access
2026-01-25 07:25:47 | INFO     | Starting LF search for route: ATZ-JED
2026-01-25 07:25:47 | INFO     | [START] LF Search
[LF][[OK] SUCCESS] Connected to Chrome on 127.0.0.1:9225 (after 1 attempts)
2026-01-25 07:25:48 | INFO     | [HEALTH CHECK] [OK] Chrome connection is healthy
[LF][[OK] SUCCESS] Found Amadeus Altea window: Altéa Reservation Desktop
[LF][[INFO] INFO] URL: https://tc212.resdesktop.altea.amadeus.com/app_ard/apf/init/login?SITE=ESMPESMP&LANGUAGE=GB&MARKETS=ARDW_PROD_WBP&ACTION=clpLogin#
2026-01-25 07:25:48 | INFO     | [DAY_START] Processing 12APR
[LF] Processing ATZ-JED for 12APR
2026-01-25 07:25:48 | INFO     | [lf.day.start] Processing ATZ-JED for 12APR
[LF] Sending SN command: SN12APRATZJED/ASM
[LF] 12APR: found 1 direct flights
2026-01-25 07:25:49 | INFO     | [lf.day.flights_found] Found 1 flights on 12APR
2026-01-25 07:25:52 | INFO     | [lf.flight.extracted] SM455 on 12APR: BKG=6, LF=3.4%
[LF] SM455 12APR: BKG=6, GRP=0, CAP=179, LF%=3.4%, Brd-Off=ATZ-JED, Classes: I:2, T:1, W:3
[LPC] SM455 12APR: Found 1 outbound flights with connecting passengers
[LF] Getting WEEKLY/LASTSOLD data for 1 flights
[LF] SM455 12APR: LASTSOLD=2026-01-06 00:00:00, WEEKLY=0, TODAY=0, YDAY=0
2026-01-25 07:25:55 | INFO     | [SUCCESS] Day 12APR
2026-01-25 07:25:55 | INFO     | [DAY_START] Processing 11APR
[LF] Processing ATZ-JED for 11APR
2026-01-25 07:25:55 | INFO     | [lf.day.start] Processing ATZ-JED for 11APR
[LF] Sending SN command: SN11APRATZJED/ASM
[LF] 11APR: found 1 direct flights
2026-01-25 07:25:56 | INFO     | [lf.day.flights_found] Found 1 flights on 11APR
2026-01-25 07:25:58 | INFO     | [lf.flight.extracted] SM455 on 11APR: BKG=6, LF=3.4%
[LF] SM455 11APR: BKG=6, GRP=0, CAP=179, LF%=3.4%, Brd-Off=ATZ-JED, Classes: I:6
[LF] Getting WEEKLY/LASTSOLD data for 1 flights
[LF] SM455 11APR: LASTSOLD=2026-01-23 00:00:00, WEEKLY=2, TODAY=0, YDAY=0
2026-01-25 07:26:00 | INFO     | [SUCCESS] Day 11APR
2026-01-25 07:26:00 | INFO     | [DAY_START] Processing 10APR
[LF] Processing ATZ-JED for 10APR
2026-01-25 07:26:00 | INFO     | [lf.day.start] Processing ATZ-JED for 10APR
[LF] Sending SN command: SN10APRATZJED/ASM
[LF] 10APR: found 1 direct flights
2026-01-25 07:26:02 | INFO     | [lf.day.flights_found] Found 1 flights on 10APR
2026-01-25 07:26:04 | INFO     | [lf.flight.extracted] SM455 on 10APR: BKG=5, LF=2.8%
[LF] SM455 10APR: BKG=5, GRP=0, CAP=179, LF%=2.8%, Brd-Off=ATZ-JED, Classes: I:2, U:1, W:2
[LF] Getting WEEKLY/LASTSOLD data for 1 flights
[LF] SM455 10APR: LASTSOLD=2026-01-15 00:00:00, WEEKLY=0, TODAY=0, YDAY=0
2026-01-25 07:26:06 | INFO     | [SUCCESS] Day 10APR
2026-01-25 07:26:06 | INFO     | [DAY_START] Processing 09APR
[LF] Processing ATZ-JED for 09APR
2026-01-25 07:26:06 | INFO     | [lf.day.start] Processing ATZ-JED for 09APR
[LF] Sending SN command: SN09APRATZJED/ASM
[LF] 09APR: found 1 direct flights
2026-01-25 07:26:08 | INFO     | [lf.day.flights_found] Found 1 flights on 09APR
2026-01-25 07:26:10 | INFO     | [lf.flight.extracted] SM455 on 09APR: BKG=10, LF=5.6%
[LF] SM455 09APR: BKG=10, GRP=0, CAP=179, LF%=5.6%, Brd-Off=ATZ-JED, Classes: I:8, W:2
[LF] Getting WEEKLY/LASTSOLD data for 1 flights
[LF] SM455 09APR: LASTSOLD=2026-01-23 00:00:00, WEEKLY=4, TODAY=0, YDAY=0
2026-01-25 07:26:12 | INFO     | [SUCCESS] Day 09APR
2026-01-25 07:26:12 | INFO     | [DAY_START] Processing 08APR
[LF] Processing ATZ-JED for 08APR
2026-01-25 07:26:12 | INFO     | [lf.day.start] Processing ATZ-JED for 08APR
[LF] Sending SN command: SN08APRATZJED/ASM
[LF] 08APR: found 1 direct flights
2026-01-25 07:26:13 | INFO     | [lf.day.flights_found] Found 1 flights on 08APR
2026-01-25 07:26:16 | INFO     | [lf.flight.extracted] SM455 on 08APR: BKG=5, LF=2.8%
[LF] SM455 08APR: BKG=5, GRP=0, CAP=179, LF%=2.8%, Brd-Off=ATZ-JED, Classes: I:4, W:1
[LF] Getting WEEKLY/LASTSOLD data for 1 flights
[LF] SM455 08APR: LASTSOLD=2026-01-14 00:00:00, WEEKLY=0, TODAY=0, YDAY=0
2026-01-25 07:26:19 | INFO     | [SUCCESS] Day 08APR
2026-01-25 07:26:19 | INFO     | [DAY_START] Processing 07APR
[LF] Processing ATZ-JED for 07APR
2026-01-25 07:26:19 | INFO     | [lf.day.start] Processing ATZ-JED for 07APR
[LF] Sending SN command: SN07APRATZJED/ASM
[LF] 07APR: found 1 direct flights
2026-01-25 07:26:20 | INFO     | [lf.day.flights_found] Found 1 flights on 07APR
2026-01-25 07:26:22 | INFO     | [lf.flight.extracted] SM455 on 07APR: BKG=9, LF=5.0%
[LF] SM455 07APR: BKG=9, GRP=0, CAP=179, LF%=5.0%, Brd-Off=ATZ-JED, Classes: I:9
[LF] Getting WEEKLY/LASTSOLD data for 1 flights
[LF] SM455 07APR: LASTSOLD=2026-01-24 00:00:00, WEEKLY=4, TODAY=0, YDAY=1
2026-01-25 07:26:25 | INFO     | [SUCCESS] Day 07APR
2026-01-25 07:26:25 | INFO     | [DAY_START] Processing 06APR
[LF] Processing ATZ-JED for 06APR
2026-01-25 07:26:25 | INFO     | [lf.day.start] Processing ATZ-JED for 06APR
[LF] Sending SN command: SN06APRATZJED/ASM
[LF] 06APR: found 1 direct flights
2026-01-25 07:26:26 | INFO     | [lf.day.flights_found] Found 1 flights on 06APR
2026-01-25 07:26:28 | INFO     | [lf.flight.extracted] SM455 on 06APR: BKG=3, LF=1.7%
[LF] SM455 06APR: BKG=3, GRP=0, CAP=179, LF%=1.7%, Brd-Off=ATZ-JED, Classes: I:2, W:1
[LF] Getting WEEKLY/LASTSOLD data for 1 flights
[LF] SM455 06APR: LASTSOLD=2026-01-21 00:00:00, WEEKLY=1, TODAY=0, YDAY=0
2026-01-25 07:26:31 | INFO     | [SUCCESS] Day 06APR
2026-01-25 07:26:31 | INFO     | [DAY_START] Processing 05APR
[LF] Processing ATZ-JED for 05APR
2026-01-25 07:26:31 | INFO     | [lf.day.start] Processing ATZ-JED for 05APR
[LF] Sending SN command: SN05APRATZJED/ASM
[LF] 05APR: found 1 direct flights
2026-01-25 07:26:32 | INFO     | [lf.day.flights_found] Found 1 flights on 05APR
2026-01-25 07:26:34 | INFO     | [lf.flight.extracted] SM455 on 05APR: BKG=15, LF=8.4%
[LF] SM455 05APR: BKG=15, GRP=0, CAP=179, LF%=8.4%, Brd-Off=ATZ-JED, Classes: I:9, O:2, W:4
[LF] Getting WEEKLY/LASTSOLD data for 1 flights
[LF] SM455 05APR: LASTSOLD=2026-01-24 00:00:00, WEEKLY=4, TODAY=0, YDAY=1
2026-01-25 07:26:37 | INFO     | [SUCCESS] Day 05APR
[LF] Results summary:
  2026-04-12: 1 flights
  2026-04-11: 1 flights
  2026-04-10: 1 flights
  2026-04-09: 1 flights
  2026-04-08: 1 flights
  2026-04-07: 1 flights
  2026-04-06: 1 flights
  2026-04-05: 1 flights
2026-01-25 07:26:37 | INFO     | [SUCCESS] LF Search Complete

============================================================
[Worker_9225] ✓ COMPLETED: ATZ-JED
  Results: 8 dates
  Errors: 0 dates
  Total Processed: 28 groups
============================================================

2026-01-25 07:26:37 | INFO     | [Worker_9225] Completed: ATZ-JED - 8 results, 0 errors

============================================================
[Worker_9225] Processing: ATZ-ELQ
  Tier 0: Range 3, Chunk 3/4
  Dates: 8 days
  Date Range: 2026-04-12 to 2026-04-05
============================================================

2026-01-25 07:26:37 | INFO     | [Worker_9225] Processing: ATZ-ELQ
2026-01-25 07:26:37 | INFO     |   Tier 0: Range 3, Chunk 3/4 (8 days)
2026-01-25 07:26:37 | INFO     | ======================================================================
2026-01-25 07:26:37 | INFO     | Load Factor Scraper Started - Route: ATZ-ELQ
2026-01-25 07:26:37 | INFO     | Log file: D:\CODERED\LAB\Artifacts\outputs\run_generated_250126_at_07.06\logs\LF_ATZ-ELQ_20260125_072637.log
2026-01-25 07:26:37 | INFO     | Enhanced logging: Capturing both logging.info() and print()
2026-01-25 07:26:37 | INFO     | ======================================================================
[LF] Processing dates (override): ['12APR', '11APR', '10APR', '09APR', '08APR', '07APR', '06APR', '05APR']
[LF] Attaching to Chrome for Altea access
2026-01-25 07:26:37 | INFO     | Starting LF search for route: ATZ-ELQ
2026-01-25 07:26:37 | INFO     | [START] LF Search
[LF][[OK] SUCCESS] Connected to Chrome on 127.0.0.1:9225 (after 1 attempts)
2026-01-25 07:26:38 | INFO     | [HEALTH CHECK] [OK] Chrome connection is healthy
[LF][[OK] SUCCESS] Found Amadeus Altea window: Altéa Reservation Desktop
[LF][[INFO] INFO] URL: https://tc212.resdesktop.altea.amadeus.com/app_ard/apf/init/login?SITE=ESMPESMP&LANGUAGE=GB&MARKETS=ARDW_PROD_WBP&ACTION=clpLogin#
2026-01-25 07:26:38 | INFO     | [DAY_START] Processing 12APR
[LF] Processing ATZ-ELQ for 12APR
2026-01-25 07:26:38 | INFO     | [lf.day.start] Processing ATZ-ELQ for 12APR
[LF] Sending SN command: SN12APRATZELQ/ASM
[LF] No direct flights on 12APR for ATZ-ELQ
2026-01-25 07:26:39 | WARNING  | [lf.day.no_flights] No direct flights on 12APR
2026-01-25 07:26:39 | INFO     | [SUCCESS] Day 12APR
2026-01-25 07:26:39 | INFO     | [DAY_START] Processing 11APR
[LF] Processing ATZ-ELQ for 11APR
2026-01-25 07:26:39 | INFO     | [lf.day.start] Processing ATZ-ELQ for 11APR
[LF] Sending SN command: SN11APRATZELQ/ASM
[LF] No direct flights on 11APR for ATZ-ELQ
2026-01-25 07:26:40 | WARNING  | [lf.day.no_flights] No direct flights on 11APR
2026-01-25 07:26:40 | INFO     | [SUCCESS] Day 11APR
2026-01-25 07:26:40 | INFO     | [DAY_START] Processing 10APR
[LF] Processing ATZ-ELQ for 10APR
2026-01-25 07:26:40 | INFO     | [lf.day.start] Processing ATZ-ELQ for 10APR
[LF] Sending SN command: SN10APRATZELQ/ASM
[LF] No direct flights on 10APR for ATZ-ELQ
2026-01-25 07:26:41 | WARNING  | [lf.day.no_flights] No direct flights on 10APR
2026-01-25 07:26:41 | INFO     | [SUCCESS] Day 10APR
2026-01-25 07:26:41 | INFO     | [DAY_START] Processing 09APR
[LF] Processing ATZ-ELQ for 09APR
2026-01-25 07:26:41 | INFO     | [lf.day.start] Processing ATZ-ELQ for 09APR
[LF] Sending SN command: SN09APRATZELQ/ASM
[LF] No direct flights on 09APR for ATZ-ELQ
2026-01-25 07:26:42 | WARNING  | [lf.day.no_flights] No direct flights on 09APR
2026-01-25 07:26:42 | INFO     | [SUCCESS] Day 09APR
2026-01-25 07:26:42 | INFO     | [DAY_START] Processing 08APR
[LF] Processing ATZ-ELQ for 08APR
2026-01-25 07:26:42 | INFO     | [lf.day.start] Processing ATZ-ELQ for 08APR
[LF] Sending SN command: SN08APRATZELQ/ASM
[LF] No direct flights on 08APR for ATZ-ELQ
2026-01-25 07:26:44 | WARNING  | [lf.day.no_flights] No direct flights on 08APR
2026-01-25 07:26:44 | INFO     | [SUCCESS] Day 08APR
2026-01-25 07:26:44 | INFO     | [DAY_START] Processing 07APR
[LF] Processing ATZ-ELQ for 07APR
2026-01-25 07:26:44 | INFO     | [lf.day.start] Processing ATZ-ELQ for 07APR
[LF] Sending SN command: SN07APRATZELQ/ASM
[LF] No direct flights on 07APR for ATZ-ELQ
2026-01-25 07:26:45 | WARNING  | [lf.day.no_flights] No direct flights on 07APR
2026-01-25 07:26:45 | INFO     | [SUCCESS] Day 07APR
2026-01-25 07:26:45 | INFO     | [DAY_START] Processing 06APR
[LF] Processing ATZ-ELQ for 06APR
2026-01-25 07:26:45 | INFO     | [lf.day.start] Processing ATZ-ELQ for 06APR
[LF] Sending SN command: SN06APRATZELQ/ASM
[LF] No direct flights on 06APR for ATZ-ELQ
2026-01-25 07:26:46 | WARNING  | [lf.day.no_flights] No direct flights on 06APR
2026-01-25 07:26:46 | INFO     | [SUCCESS] Day 06APR
2026-01-25 07:26:46 | INFO     | [DAY_START] Processing 05APR
[LF] Processing ATZ-ELQ for 05APR
2026-01-25 07:26:46 | INFO     | [lf.day.start] Processing ATZ-ELQ for 05APR
[LF] Sending SN command: SN05APRATZELQ/ASM
[LF] No direct flights on 05APR for ATZ-ELQ
2026-01-25 07:26:47 | WARNING  | [lf.day.no_flights] No direct flights on 05APR
2026-01-25 07:26:47 | INFO     | [SUCCESS] Day 05APR
[LF] Results summary:
  2026-04-12: 0 flights
  2026-04-11: 0 flights
  2026-04-10: 0 flights
  2026-04-09: 0 flights
  2026-04-08: 0 flights
  2026-04-07: 0 flights
  2026-04-06: 0 flights
  2026-04-05: 0 flights
2026-01-25 07:26:47 | INFO     | [SUCCESS] LF Search Complete

============================================================
[Worker_9225] ✓ COMPLETED: ATZ-ELQ
  Results: 8 dates
  Errors: 0 dates
  Total Processed: 29 groups
============================================================

2026-01-25 07:26:47 | INFO     | [Worker_9225] Completed: ATZ-ELQ - 8 results, 0 errors

============================================================
[Worker_9225] Processing: MED-ATZ
  Tier 0: Range 3, Chunk 4/4
  Dates: 8 days
  Date Range: 2026-04-04 to 2026-03-28
============================================================

2026-01-25 07:26:47 | INFO     | [Worker_9225] Processing: MED-ATZ
2026-01-25 07:26:47 | INFO     |   Tier 0: Range 3, Chunk 4/4 (8 days)
2026-01-25 07:26:47 | INFO     | ======================================================================
2026-01-25 07:26:47 | INFO     | Load Factor Scraper Started - Route: MED-ATZ
2026-01-25 07:26:47 | INFO     | Log file: D:\CODERED\LAB\Artifacts\outputs\run_generated_250126_at_07.06\logs\LF_MED-ATZ_20260125_072647.log
2026-01-25 07:26:47 | INFO     | Enhanced logging: Capturing both logging.info() and print()
2026-01-25 07:26:47 | INFO     | ======================================================================
[LF] Processing dates (override): ['04APR', '03APR', '02APR', '01APR', '31MAR', '30MAR', '29MAR', '28MAR']
[LF] Attaching to Chrome for Altea access
2026-01-25 07:26:47 | INFO     | Starting LF search for route: MED-ATZ
2026-01-25 07:26:47 | INFO     | [START] LF Search
[LF][[OK] SUCCESS] Connected to Chrome on 127.0.0.1:9225 (after 1 attempts)
2026-01-25 07:26:48 | INFO     | [HEALTH CHECK] [OK] Chrome connection is healthy
[LF][[OK] SUCCESS] Found Amadeus Altea window: Altéa Reservation Desktop
[LF][[INFO] INFO] URL: https://tc212.resdesktop.altea.amadeus.com/app_ard/apf/init/login?SITE=ESMPESMP&LANGUAGE=GB&MARKETS=ARDW_PROD_WBP&ACTION=clpLogin#
2026-01-25 07:26:48 | INFO     | [DAY_START] Processing 04APR
[LF] Processing MED-ATZ for 04APR
2026-01-25 07:26:48 | INFO     | [lf.day.start] Processing MED-ATZ for 04APR
[LF] Sending SN command: SN04APRMEDATZ/ASM
[LF] No direct flights on 04APR for MED-ATZ
2026-01-25 07:26:49 | WARNING  | [lf.day.no_flights] No direct flights on 04APR
2026-01-25 07:26:49 | INFO     | [SUCCESS] Day 04APR
2026-01-25 07:26:49 | INFO     | [DAY_START] Processing 03APR
[LF] Processing MED-ATZ for 03APR
2026-01-25 07:26:49 | INFO     | [lf.day.start] Processing MED-ATZ for 03APR
[LF] Sending SN command: SN03APRMEDATZ/ASM
[LF] No direct flights on 03APR for MED-ATZ
2026-01-25 07:26:50 | WARNING  | [lf.day.no_flights] No direct flights on 03APR
2026-01-25 07:26:50 | INFO     | [SUCCESS] Day 03APR
2026-01-25 07:26:50 | INFO     | [DAY_START] Processing 02APR
[LF] Processing MED-ATZ for 02APR
2026-01-25 07:26:50 | INFO     | [lf.day.start] Processing MED-ATZ for 02APR
[LF] Sending SN command: SN02APRMEDATZ/ASM
[LF] No direct flights on 02APR for MED-ATZ
2026-01-25 07:26:51 | WARNING  | [lf.day.no_flights] No direct flights on 02APR
2026-01-25 07:26:51 | INFO     | [SUCCESS] Day 02APR
2026-01-25 07:26:51 | INFO     | [DAY_START] Processing 01APR
[LF] Processing MED-ATZ for 01APR
2026-01-25 07:26:51 | INFO     | [lf.day.start] Processing MED-ATZ for 01APR
[LF] Sending SN command: SN01APRMEDATZ/ASM
[LF] No direct flights on 01APR for MED-ATZ
2026-01-25 07:26:52 | WARNING  | [lf.day.no_flights] No direct flights on 01APR
2026-01-25 07:26:52 | INFO     | [SUCCESS] Day 01APR
2026-01-25 07:26:52 | INFO     | [DAY_START] Processing 31MAR
[LF] Processing MED-ATZ for 31MAR
2026-01-25 07:26:52 | INFO     | [lf.day.start] Processing MED-ATZ for 31MAR
[LF] Sending SN command: SN31MARMEDATZ/ASM
[LF] No direct flights on 31MAR for MED-ATZ
2026-01-25 07:26:53 | WARNING  | [lf.day.no_flights] No direct flights on 31MAR
2026-01-25 07:26:53 | INFO     | [SUCCESS] Day 31MAR
2026-01-25 07:26:53 | INFO     | [DAY_START] Processing 30MAR
[LF] Processing MED-ATZ for 30MAR
2026-01-25 07:26:53 | INFO     | [lf.day.start] Processing MED-ATZ for 30MAR
[LF] Sending SN command: SN30MARMEDATZ/ASM
[LF] No direct flights on 30MAR for MED-ATZ
2026-01-25 07:26:55 | WARNING  | [lf.day.no_flights] No direct flights on 30MAR
2026-01-25 07:26:55 | INFO     | [SUCCESS] Day 30MAR
2026-01-25 07:26:55 | INFO     | [DAY_START] Processing 29MAR
[LF] Processing MED-ATZ for 29MAR
2026-01-25 07:26:55 | INFO     | [lf.day.start] Processing MED-ATZ for 29MAR
[LF] Sending SN command: SN29MARMEDATZ/ASM
[LF] 29MAR: found 1 direct flights
2026-01-25 07:26:56 | INFO     | [lf.day.flights_found] Found 1 flights on 29MAR
2026-01-25 07:26:58 | INFO     | [lf.flight.extracted] SM488 on 29MAR: BKG=168, LF=96.0%
[LF] SM488 29MAR: BKG=168, GRP=135, CAP=175, LF%=96.0%, Brd-Off=MED-ATZ, Classes: P:135, I:17, O:15, Y:1
[LF] Getting WEEKLY/LASTSOLD data for 1 flights
[LF] SM488 29MAR: LASTSOLD=2026-01-18 00:00:00, WEEKLY=1, TODAY=0, YDAY=0
2026-01-25 07:27:01 | INFO     | [SUCCESS] Day 29MAR
2026-01-25 07:27:01 | INFO     | [DAY_START] Processing 28MAR
[LF] Processing MED-ATZ for 28MAR
2026-01-25 07:27:01 | INFO     | [lf.day.start] Processing MED-ATZ for 28MAR
[LF] Sending SN command: SN28MARMEDATZ/ASM
[LF] 28MAR: found 1 direct flights
2026-01-25 07:27:02 | INFO     | [lf.day.flights_found] Found 1 flights on 28MAR
2026-01-25 07:27:04 | INFO     | [lf.flight.extracted] SM488 on 28MAR: BKG=183, LF=104.6%
[LF] SM488 28MAR: BKG=183, GRP=180, CAP=175, LF%=104.6%, Brd-Off=MED-ATZ, Classes: P:180, S:1, L:2
[LF] Getting WEEKLY/LASTSOLD data for 1 flights
[LF] SM488 28MAR: LASTSOLD=2026-01-22 00:00:00, WEEKLY=1, TODAY=0, YDAY=0
2026-01-25 07:27:07 | INFO     | [SUCCESS] Day 28MAR
[LF] Results summary:
  2026-04-04: 0 flights
  2026-04-03: 0 flights
  2026-04-02: 0 flights
  2026-04-01: 0 flights
  2026-03-31: 0 flights
  2026-03-30: 0 flights
  2026-03-29: 1 flights
  2026-03-28: 1 flights
2026-01-25 07:27:07 | INFO     | [SUCCESS] LF Search Complete

============================================================
[Worker_9225] ✓ COMPLETED: MED-ATZ
  Results: 8 dates
  Errors: 0 dates
  Total Processed: 30 groups
============================================================

2026-01-25 07:27:07 | INFO     | [Worker_9225] Completed: MED-ATZ - 8 results, 0 errors

============================================================
[Worker_9225] Processing: RUH-CAI
  Tier 0: Range 3, Chunk 4/4
  Dates: 8 days
  Date Range: 2026-04-04 to 2026-03-28
============================================================

2026-01-25 07:27:07 | INFO     | [Worker_9225] Processing: RUH-CAI
2026-01-25 07:27:07 | INFO     |   Tier 0: Range 3, Chunk 4/4 (8 days)
2026-01-25 07:27:07 | INFO     | ======================================================================
2026-01-25 07:27:07 | INFO     | Load Factor Scraper Started - Route: RUH-CAI
2026-01-25 07:27:07 | INFO     | Log file: D:\CODERED\LAB\Artifacts\outputs\run_generated_250126_at_07.06\logs\LF_RUH-CAI_20260125_072707.log
2026-01-25 07:27:07 | INFO     | Enhanced logging: Capturing both logging.info() and print()
2026-01-25 07:27:07 | INFO     | ======================================================================
[LF] Processing dates (override): ['04APR', '03APR', '02APR', '01APR', '31MAR', '30MAR', '29MAR', '28MAR']
[LF] Attaching to Chrome for Altea access
2026-01-25 07:27:07 | INFO     | Starting LF search for route: RUH-CAI
2026-01-25 07:27:07 | INFO     | [START] LF Search
[LF][[OK] SUCCESS] Connected to Chrome on 127.0.0.1:9225 (after 1 attempts)
2026-01-25 07:27:08 | INFO     | [HEALTH CHECK] [OK] Chrome connection is healthy
[LF][[OK] SUCCESS] Found Amadeus Altea window: Altéa Reservation Desktop
[LF][[INFO] INFO] URL: https://tc212.resdesktop.altea.amadeus.com/app_ard/apf/init/login?SITE=ESMPESMP&LANGUAGE=GB&MARKETS=ARDW_PROD_WBP&ACTION=clpLogin#
2026-01-25 07:27:08 | INFO     | [DAY_START] Processing 04APR
[LF] Processing RUH-CAI for 04APR
2026-01-25 07:27:08 | INFO     | [lf.day.start] Processing RUH-CAI for 04APR
[LF] Sending SN command: SN04APRRUHCAI/ASM
[LF] 04APR: found 1 direct flights
2026-01-25 07:27:09 | INFO     | [lf.day.flights_found] Found 1 flights on 04APR
2026-01-25 07:27:11 | INFO     | [lf.flight.extracted] SM462 on 04APR: BKG=0, LF=0.0%
[LF] SM462 04APR: BKG=0, GRP=0, CAP=167, LF%=0.0%, Brd-Off=RUH-CAI
2026-01-25 07:27:12 | INFO     | [SUCCESS] Day 04APR
2026-01-25 07:27:12 | INFO     | [DAY_START] Processing 03APR
[LF] Processing RUH-CAI for 03APR
2026-01-25 07:27:12 | INFO     | [lf.day.start] Processing RUH-CAI for 03APR
[LF] Sending SN command: SN03APRRUHCAI/ASM
[LF] 03APR: found 1 direct flights
2026-01-25 07:27:13 | INFO     | [lf.day.flights_found] Found 1 flights on 03APR
2026-01-25 07:27:15 | INFO     | [lf.flight.extracted] SM462 on 03APR: BKG=0, LF=0.0%
[LF] SM462 03APR: BKG=0, GRP=0, CAP=167, LF%=0.0%, Brd-Off=RUH-CAI
2026-01-25 07:27:17 | INFO     | [SUCCESS] Day 03APR
2026-01-25 07:27:17 | INFO     | [DAY_START] Processing 02APR
[LF] Processing RUH-CAI for 02APR
2026-01-25 07:27:17 | INFO     | [lf.day.start] Processing RUH-CAI for 02APR
[LF] Sending SN command: SN02APRRUHCAI/ASM
[LF] 02APR: found 1 direct flights
2026-01-25 07:27:18 | INFO     | [lf.day.flights_found] Found 1 flights on 02APR
2026-01-25 07:27:20 | INFO     | [lf.flight.extracted] SM462 on 02APR: BKG=0, LF=0.0%
[LF] SM462 02APR: BKG=0, GRP=0, CAP=167, LF%=0.0%, Brd-Off=RUH-CAI
2026-01-25 07:27:21 | INFO     | [SUCCESS] Day 02APR
2026-01-25 07:27:21 | INFO     | [DAY_START] Processing 01APR
[LF] Processing RUH-CAI for 01APR
2026-01-25 07:27:21 | INFO     | [lf.day.start] Processing RUH-CAI for 01APR
[LF] Sending SN command: SN01APRRUHCAI/ASM
[LF] 01APR: found 1 direct flights
2026-01-25 07:27:22 | INFO     | [lf.day.flights_found] Found 1 flights on 01APR
2026-01-25 07:27:25 | INFO     | [lf.flight.extracted] SM462 on 01APR: BKG=0, LF=0.0%
[LF] SM462 01APR: BKG=0, GRP=0, CAP=167, LF%=0.0%, Brd-Off=RUH-CAI
2026-01-25 07:27:26 | INFO     | [SUCCESS] Day 01APR
2026-01-25 07:27:26 | INFO     | [DAY_START] Processing 31MAR
[LF] Processing RUH-CAI for 31MAR
2026-01-25 07:27:26 | INFO     | [lf.day.start] Processing RUH-CAI for 31MAR
[LF] Sending SN command: SN31MARRUHCAI/ASM
[LF] 31MAR: found 1 direct flights
2026-01-25 07:27:27 | INFO     | [lf.day.flights_found] Found 1 flights on 31MAR
2026-01-25 07:27:29 | INFO     | [lf.flight.extracted] SM462 on 31MAR: BKG=0, LF=0.0%
[LF] SM462 31MAR: BKG=0, GRP=0, CAP=167, LF%=0.0%, Brd-Off=RUH-CAI
2026-01-25 07:27:30 | INFO     | [SUCCESS] Day 31MAR
2026-01-25 07:27:30 | INFO     | [DAY_START] Processing 30MAR
[LF] Processing RUH-CAI for 30MAR
2026-01-25 07:27:30 | INFO     | [lf.day.start] Processing RUH-CAI for 30MAR
[LF] Sending SN command: SN30MARRUHCAI/ASM
[LF] 30MAR: found 1 direct flights
2026-01-25 07:27:31 | INFO     | [lf.day.flights_found] Found 1 flights on 30MAR
2026-01-25 07:27:33 | INFO     | [lf.flight.extracted] SM462 on 30MAR: BKG=0, LF=0.0%
[LF] SM462 30MAR: BKG=0, GRP=0, CAP=167, LF%=0.0%, Brd-Off=RUH-CAI
2026-01-25 07:27:35 | INFO     | [SUCCESS] Day 30MAR
2026-01-25 07:27:35 | INFO     | [DAY_START] Processing 29MAR
[LF] Processing RUH-CAI for 29MAR
2026-01-25 07:27:35 | INFO     | [lf.day.start] Processing RUH-CAI for 29MAR
[LF] Sending SN command: SN29MARRUHCAI/ASM
[LF] 29MAR: found 1 direct flights
2026-01-25 07:27:36 | INFO     | [lf.day.flights_found] Found 1 flights on 29MAR
2026-01-25 07:27:50 | INFO     | [lf.flight.extracted] SM462 on 29MAR: BKG=0, LF=0.0%
[LF] SM462 29MAR: BKG=0, GRP=0, CAP=167, LF%=0.0%, Brd-Off=RUH-CAI
2026-01-25 07:27:51 | INFO     | [SUCCESS] Day 29MAR
2026-01-25 07:27:51 | INFO     | [DAY_START] Processing 28MAR
[LF] Processing RUH-CAI for 28MAR
2026-01-25 07:27:51 | INFO     | [lf.day.start] Processing RUH-CAI for 28MAR
[LF] Sending SN command: SN28MARRUHCAI/ASM
[LF] 28MAR: found 1 direct flights
2026-01-25 07:27:52 | INFO     | [lf.day.flights_found] Found 1 flights on 28MAR
2026-01-25 07:27:55 | INFO     | [lf.flight.extracted] SM462 on 28MAR: BKG=22, LF=12.6%
[LF] SM462 28MAR: BKG=22, GRP=0, CAP=175, LF%=12.6%, Brd-Off=RUH-CAI, Classes: W:17, S:5
[LF] Getting WEEKLY/LASTSOLD data for 1 flights
[LF] SM462 28MAR: LASTSOLD=2026-01-20 00:00:00, WEEKLY=2, TODAY=0, YDAY=0
2026-01-25 07:27:58 | INFO     | [SUCCESS] Day 28MAR
[LF] Results summary:
  2026-04-04: 1 flights
  2026-04-03: 1 flights
  2026-04-02: 1 flights
  2026-04-01: 1 flights
  2026-03-31: 1 flights
  2026-03-30: 1 flights
  2026-03-29: 1 flights
  2026-03-28: 1 flights
2026-01-25 07:27:58 | INFO     | [SUCCESS] LF Search Complete

============================================================
[Worker_9225] ✓ COMPLETED: RUH-CAI
  Results: 8 dates
  Errors: 0 dates
  Total Processed: 31 groups
============================================================

2026-01-25 07:27:58 | INFO     | [Worker_9225] Completed: RUH-CAI - 8 results, 0 errors

============================================================
[Worker_9225] Processing: ELQ-CAI
  Tier 0: Range 3, Chunk 4/4
  Dates: 8 days
  Date Range: 2026-04-04 to 2026-03-28
============================================================

2026-01-25 07:27:58 | INFO     | [Worker_9225] Processing: ELQ-CAI
2026-01-25 07:27:58 | INFO     |   Tier 0: Range 3, Chunk 4/4 (8 days)
2026-01-25 07:27:58 | INFO     | ======================================================================
2026-01-25 07:27:58 | INFO     | Load Factor Scraper Started - Route: ELQ-CAI
2026-01-25 07:27:58 | INFO     | Log file: D:\CODERED\LAB\Artifacts\outputs\run_generated_250126_at_07.06\logs\LF_ELQ-CAI_20260125_072758.log
2026-01-25 07:27:58 | INFO     | Enhanced logging: Capturing both logging.info() and print()
2026-01-25 07:27:58 | INFO     | ======================================================================
[LF] Processing dates (override): ['04APR', '03APR', '02APR', '01APR', '31MAR', '30MAR', '29MAR', '28MAR']
[LF] Attaching to Chrome for Altea access
2026-01-25 07:27:58 | INFO     | Starting LF search for route: ELQ-CAI
2026-01-25 07:27:58 | INFO     | [START] LF Search
[LF][[OK] SUCCESS] Connected to Chrome on 127.0.0.1:9225 (after 1 attempts)
2026-01-25 07:27:59 | INFO     | [HEALTH CHECK] [OK] Chrome connection is healthy
[LF][[OK] SUCCESS] Found Amadeus Altea window: Altéa Reservation Desktop
[LF][[INFO] INFO] URL: https://tc212.resdesktop.altea.amadeus.com/app_ard/apf/init/login?SITE=ESMPESMP&LANGUAGE=GB&MARKETS=ARDW_PROD_WBP&ACTION=clpLogin#
2026-01-25 07:27:59 | INFO     | [DAY_START] Processing 04APR
[LF] Processing ELQ-CAI for 04APR
2026-01-25 07:27:59 | INFO     | [lf.day.start] Processing ELQ-CAI for 04APR
[LF] Sending SN command: SN04APRELQCAI/ASM
[LF] No direct flights on 04APR for ELQ-CAI
2026-01-25 07:28:00 | WARNING  | [lf.day.no_flights] No direct flights on 04APR
2026-01-25 07:28:00 | INFO     | [SUCCESS] Day 04APR
2026-01-25 07:28:00 | INFO     | [DAY_START] Processing 03APR
[LF] Processing ELQ-CAI for 03APR
2026-01-25 07:28:00 | INFO     | [lf.day.start] Processing ELQ-CAI for 03APR
[LF] Sending SN command: SN03APRELQCAI/ASM
[LF] 03APR: found 1 direct flights
2026-01-25 07:28:01 | INFO     | [lf.day.flights_found] Found 1 flights on 03APR
2026-01-25 07:28:04 | INFO     | [lf.flight.extracted] SM428 on 03APR: BKG=113, LF=64.6%
[LF] SM428 03APR: BKG=113, GRP=90, CAP=175, LF%=64.6%, Brd-Off=ELQ-CAI, Classes: P:90, I:3, O:10, U:8, X:2
[LF] Getting WEEKLY/LASTSOLD data for 1 flights
[LF] SM428 03APR: LASTSOLD=2026-01-21 00:00:00, WEEKLY=4, TODAY=0, YDAY=0
2026-01-25 07:28:07 | INFO     | [SUCCESS] Day 03APR
2026-01-25 07:28:07 | INFO     | [DAY_START] Processing 02APR
[LF] Processing ELQ-CAI for 02APR
2026-01-25 07:28:07 | INFO     | [lf.day.start] Processing ELQ-CAI for 02APR
[LF] Sending SN command: SN02APRELQCAI/ASM
[LF] No direct flights on 02APR for ELQ-CAI
2026-01-25 07:28:08 | WARNING  | [lf.day.no_flights] No direct flights on 02APR
2026-01-25 07:28:08 | INFO     | [SUCCESS] Day 02APR
2026-01-25 07:28:08 | INFO     | [DAY_START] Processing 01APR
[LF] Processing ELQ-CAI for 01APR
2026-01-25 07:28:08 | INFO     | [lf.day.start] Processing ELQ-CAI for 01APR
[LF] Sending SN command: SN01APRELQCAI/ASM
[LF] 01APR: found 1 direct flights
2026-01-25 07:28:09 | INFO     | [lf.day.flights_found] Found 1 flights on 01APR
2026-01-25 07:28:11 | INFO     | [lf.flight.extracted] SM428 on 01APR: BKG=149, LF=85.1%
[LF] SM428 01APR: BKG=149, GRP=135, CAP=175, LF%=85.1%, Brd-Off=ELQ-CAI, Classes: P:135, I:4, O:9, U:1
[LF] Getting WEEKLY/LASTSOLD data for 1 flights
[LF] SM428 01APR: LASTSOLD=2026-01-09 00:00:00, WEEKLY=0, TODAY=0, YDAY=0
2026-01-25 07:28:14 | INFO     | [SUCCESS] Day 01APR
2026-01-25 07:28:14 | INFO     | [DAY_START] Processing 31MAR
[LF] Processing ELQ-CAI for 31MAR
2026-01-25 07:28:14 | INFO     | [lf.day.start] Processing ELQ-CAI for 31MAR
[LF] Sending SN command: SN31MARELQCAI/ASM
[LF] 31MAR: found 1 direct flights
2026-01-25 07:28:16 | INFO     | [lf.day.flights_found] Found 1 flights on 31MAR
2026-01-25 07:28:18 | INFO     | [lf.flight.extracted] SM428 on 31MAR: BKG=180, LF=102.9%
[LF] SM428 31MAR: BKG=180, GRP=175, CAP=175, LF%=102.9%, Brd-Off=ELQ-CAI, Classes: P:175, W:1, G:4
[LF] Getting WEEKLY/LASTSOLD data for 1 flights
[LF] SM428 31MAR: LASTSOLD=2026-01-09 00:00:00, WEEKLY=0, TODAY=0, YDAY=0
2026-01-25 07:28:20 | INFO     | [SUCCESS] Day 31MAR
2026-01-25 07:28:20 | INFO     | [DAY_START] Processing 30MAR
[LF] Processing ELQ-CAI for 30MAR
2026-01-25 07:28:20 | INFO     | [lf.day.start] Processing ELQ-CAI for 30MAR
[LF] Sending SN command: SN30MARELQCAI/ASM
[LF] No direct flights on 30MAR for ELQ-CAI
2026-01-25 07:28:22 | WARNING  | [lf.day.no_flights] No direct flights on 30MAR
2026-01-25 07:28:22 | INFO     | [SUCCESS] Day 30MAR
2026-01-25 07:28:22 | INFO     | [DAY_START] Processing 29MAR
[LF] Processing ELQ-CAI for 29MAR
2026-01-25 07:28:22 | INFO     | [lf.day.start] Processing ELQ-CAI for 29MAR
[LF] Sending SN command: SN29MARELQCAI/ASM
[LF] No direct flights on 29MAR for ELQ-CAI
2026-01-25 07:28:23 | WARNING  | [lf.day.no_flights] No direct flights on 29MAR
2026-01-25 07:28:23 | INFO     | [SUCCESS] Day 29MAR
2026-01-25 07:28:23 | INFO     | [DAY_START] Processing 28MAR
[LF] Processing ELQ-CAI for 28MAR
2026-01-25 07:28:23 | INFO     | [lf.day.start] Processing ELQ-CAI for 28MAR
[LF] Sending SN command: SN28MARELQCAI/ASM
[LF] 28MAR: found 1 direct flights
2026-01-25 07:28:24 | INFO     | [lf.day.flights_found] Found 1 flights on 28MAR
2026-01-25 07:28:26 | INFO     | [lf.flight.extracted] SM428 on 28MAR: BKG=142, LF=81.1%
[LF] SM428 28MAR: BKG=142, GRP=135, CAP=175, LF%=81.1%, Brd-Off=ELQ-CAI, Classes: P:135, W:6, M:1
[LF] Getting WEEKLY/LASTSOLD data for 1 flights
[LF] SM428 28MAR: LASTSOLD=2026-01-09 00:00:00, WEEKLY=0, TODAY=0, YDAY=0
2026-01-25 07:28:29 | INFO     | [SUCCESS] Day 28MAR
[LF] Results summary:
  2026-04-04: 0 flights
  2026-04-03: 1 flights
  2026-04-02: 0 flights
  2026-04-01: 1 flights
  2026-03-31: 1 flights
  2026-03-30: 0 flights
  2026-03-29: 0 flights
  2026-03-28: 1 flights
2026-01-25 07:28:29 | INFO     | [SUCCESS] LF Search Complete

============================================================
[Worker_9225] ✓ COMPLETED: ELQ-CAI
  Results: 8 dates
  Errors: 0 dates
  Total Processed: 32 groups
============================================================

2026-01-25 07:28:29 | INFO     | [Worker_9225] Completed: ELQ-CAI - 8 results, 0 errors

============================================================
[Worker_9225] Processing: ATZ-JED
  Tier 0: Range 3, Chunk 4/4
  Dates: 8 days
  Date Range: 2026-04-04 to 2026-03-28
============================================================

2026-01-25 07:28:29 | INFO     | [Worker_9225] Processing: ATZ-JED
2026-01-25 07:28:29 | INFO     |   Tier 0: Range 3, Chunk 4/4 (8 days)
2026-01-25 07:28:29 | INFO     | ======================================================================
2026-01-25 07:28:29 | INFO     | Load Factor Scraper Started - Route: ATZ-JED
2026-01-25 07:28:29 | INFO     | Log file: D:\CODERED\LAB\Artifacts\outputs\run_generated_250126_at_07.06\logs\LF_ATZ-JED_20260125_072829.log
2026-01-25 07:28:29 | INFO     | Enhanced logging: Capturing both logging.info() and print()
2026-01-25 07:28:29 | INFO     | ======================================================================
[LF] Processing dates (override): ['04APR', '03APR', '02APR', '01APR', '31MAR', '30MAR', '29MAR', '28MAR']
[LF] Attaching to Chrome for Altea access
2026-01-25 07:28:29 | INFO     | Starting LF search for route: ATZ-JED
2026-01-25 07:28:29 | INFO     | [START] LF Search
[LF][[OK] SUCCESS] Connected to Chrome on 127.0.0.1:9225 (after 1 attempts)
2026-01-25 07:28:29 | INFO     | [HEALTH CHECK] [OK] Chrome connection is healthy
[LF][[OK] SUCCESS] Found Amadeus Altea window: Altéa Reservation Desktop
[LF][[INFO] INFO] URL: https://tc212.resdesktop.altea.amadeus.com/app_ard/apf/init/login?SITE=ESMPESMP&LANGUAGE=GB&MARKETS=ARDW_PROD_WBP&ACTION=clpLogin#
2026-01-25 07:28:29 | INFO     | [DAY_START] Processing 04APR
[LF] Processing ATZ-JED for 04APR
2026-01-25 07:28:29 | INFO     | [lf.day.start] Processing ATZ-JED for 04APR
[LF] Sending SN command: SN04APRATZJED/ASM
[LF] 04APR: found 1 direct flights
2026-01-25 07:28:31 | INFO     | [lf.day.flights_found] Found 1 flights on 04APR
2026-01-25 07:28:33 | INFO     | [lf.flight.extracted] SM455 on 04APR: BKG=20, LF=11.2%
[LF] SM455 04APR: BKG=20, GRP=0, CAP=179, LF%=11.2%, Brd-Off=ATZ-JED, Classes: I:9, O:7, W:4
[LPC] SM455 04APR: Found 1 outbound flights with connecting passengers
[LF] Getting WEEKLY/LASTSOLD data for 1 flights
[LF] SM455 04APR: LASTSOLD=2026-01-13 00:00:00, WEEKLY=0, TODAY=0, YDAY=0
2026-01-25 07:28:36 | INFO     | [SUCCESS] Day 04APR
2026-01-25 07:28:36 | INFO     | [DAY_START] Processing 03APR
[LF] Processing ATZ-JED for 03APR
2026-01-25 07:28:36 | INFO     | [lf.day.start] Processing ATZ-JED for 03APR
[LF] Sending SN command: SN03APRATZJED/ASM
[LF] 03APR: found 1 direct flights
2026-01-25 07:28:37 | INFO     | [lf.day.flights_found] Found 1 flights on 03APR
2026-01-25 07:28:39 | INFO     | [lf.flight.extracted] SM455 on 03APR: BKG=15, LF=8.4%
[LF] SM455 03APR: BKG=15, GRP=0, CAP=179, LF%=8.4%, Brd-Off=ATZ-JED, Classes: I:9, O:6
[LF] Getting WEEKLY/LASTSOLD data for 1 flights
[LF] SM455 03APR: LASTSOLD=2026-01-24 00:00:00, WEEKLY=6, TODAY=0, YDAY=1
2026-01-25 07:28:42 | INFO     | [SUCCESS] Day 03APR
2026-01-25 07:28:42 | INFO     | [DAY_START] Processing 02APR
[LF] Processing ATZ-JED for 02APR
2026-01-25 07:28:42 | INFO     | [lf.day.start] Processing ATZ-JED for 02APR
[LF] Sending SN command: SN02APRATZJED/ASM
[LF] 02APR: found 1 direct flights
2026-01-25 07:28:43 | INFO     | [lf.day.flights_found] Found 1 flights on 02APR
2026-01-25 07:28:45 | INFO     | [lf.flight.extracted] SM455 on 02APR: BKG=13, LF=7.3%
[LF] SM455 02APR: BKG=13, GRP=0, CAP=179, LF%=7.3%, Brd-Off=ATZ-JED, Classes: I:8, O:3, W:2
[LF] Getting WEEKLY/LASTSOLD data for 1 flights
[LF] SM455 02APR: LASTSOLD=2026-01-24 00:00:00, WEEKLY=6, TODAY=0, YDAY=1
2026-01-25 07:28:48 | INFO     | [SUCCESS] Day 02APR
2026-01-25 07:28:48 | INFO     | [DAY_START] Processing 01APR
[LF] Processing ATZ-JED for 01APR
2026-01-25 07:28:48 | INFO     | [lf.day.start] Processing ATZ-JED for 01APR
[LF] Sending SN command: SN01APRATZJED/ASM
[LF] 01APR: found 1 direct flights
2026-01-25 07:28:49 | INFO     | [lf.day.flights_found] Found 1 flights on 01APR
2026-01-25 07:28:51 | INFO     | [lf.flight.extracted] SM455 on 01APR: BKG=26, LF=14.5%
[LF] SM455 01APR: BKG=26, GRP=0, CAP=179, LF%=14.5%, Brd-Off=ATZ-JED, Classes: I:9, O:9, U:4, W:4
[LF] Getting WEEKLY/LASTSOLD data for 1 flights
[LF] SM455 01APR: LASTSOLD=2026-01-24 00:00:00, WEEKLY=4, TODAY=0, YDAY=1
2026-01-25 07:28:55 | INFO     | [SUCCESS] Day 01APR
2026-01-25 07:28:55 | INFO     | [DAY_START] Processing 31MAR
[LF] Processing ATZ-JED for 31MAR
2026-01-25 07:28:55 | INFO     | [lf.day.start] Processing ATZ-JED for 31MAR
[LF] Sending SN command: SN31MARATZJED/ASM
[LF] 31MAR: found 1 direct flights
2026-01-25 07:28:56 | INFO     | [lf.day.flights_found] Found 1 flights on 31MAR
2026-01-25 07:28:58 | INFO     | [lf.flight.extracted] SM455 on 31MAR: BKG=12, LF=6.7%
[LF] SM455 31MAR: BKG=12, GRP=0, CAP=179, LF%=6.7%, Brd-Off=ATZ-JED, Classes: W:11, G:1
[LF] Getting WEEKLY/LASTSOLD data for 1 flights
[LF] SM455 31MAR: LASTSOLD=2026-01-21 00:00:00, WEEKLY=2, TODAY=0, YDAY=0
2026-01-25 07:29:01 | INFO     | [SUCCESS] Day 31MAR
2026-01-25 07:29:01 | INFO     | [DAY_START] Processing 30MAR
[LF] Processing ATZ-JED for 30MAR
2026-01-25 07:29:01 | INFO     | [lf.day.start] Processing ATZ-JED for 30MAR
[LF] Sending SN command: SN30MARATZJED/ASM
[LF] 30MAR: found 1 direct flights
2026-01-25 07:29:02 | INFO     | [lf.day.flights_found] Found 1 flights on 30MAR
2026-01-25 07:29:04 | INFO     | [lf.flight.extracted] SM455 on 30MAR: BKG=27, LF=15.1%
[LF] SM455 30MAR: BKG=27, GRP=0, CAP=179, LF%=15.1%, Brd-Off=ATZ-JED, Classes: W:13, S:11, G:3
[LF] Getting WEEKLY/LASTSOLD data for 1 flights
[LF] SM455 30MAR: LASTSOLD=2026-01-19 00:00:00, WEEKLY=2, TODAY=0, YDAY=0
2026-01-25 07:29:07 | INFO     | [SUCCESS] Day 30MAR
2026-01-25 07:29:07 | INFO     | [DAY_START] Processing 29MAR
[LF] Processing ATZ-JED for 29MAR
2026-01-25 07:29:07 | INFO     | [lf.day.start] Processing ATZ-JED for 29MAR
[LF] Sending SN command: SN29MARATZJED/ASM
[LF] 29MAR: found 1 direct flights
2026-01-25 07:29:08 | INFO     | [lf.day.flights_found] Found 1 flights on 29MAR
2026-01-25 07:29:10 | INFO     | [lf.flight.extracted] SM455 on 29MAR: BKG=30, LF=16.8%
[LF] SM455 29MAR: BKG=30, GRP=0, CAP=179, LF%=16.8%, Brd-Off=ATZ-JED, Classes: W:13, S:14, G:3
[LF] Getting WEEKLY/LASTSOLD data for 1 flights
[LF] SM455 29MAR: LASTSOLD=2026-01-17 00:00:00, WEEKLY=0, TODAY=0, YDAY=0
2026-01-25 07:29:14 | INFO     | [SUCCESS] Day 29MAR
2026-01-25 07:29:14 | INFO     | [DAY_START] Processing 28MAR
[LF] Processing ATZ-JED for 28MAR
2026-01-25 07:29:14 | INFO     | [lf.day.start] Processing ATZ-JED for 28MAR
[LF] Sending SN command: SN28MARATZJED/ASM
[LF] 28MAR: found 4 direct flights
2026-01-25 07:29:15 | INFO     | [lf.day.flights_found] Found 4 flights on 28MAR
2026-01-25 07:29:17 | INFO     | [lf.flight.extracted] SM491 on 28MAR: BKG=29, LF=16.2%
[LF] SM491 28MAR: BKG=29, GRP=0, CAP=179, LF%=16.2%, Brd-Off=ATZ-JED, Classes: L:29
2026-01-25 07:29:21 | INFO     | [lf.flight.extracted] SM453 on 28MAR: BKG=26, LF=14.8%
[LF] SM453 28MAR: BKG=26, GRP=0, CAP=176, LF%=14.8%, Brd-Off=ATZ-JED, Classes: L:26
2026-01-25 07:29:25 | INFO     | [lf.flight.extracted] SM455 on 28MAR: BKG=58, LF=32.4%
[LF] SM455 28MAR: BKG=58, GRP=0, CAP=179, LF%=32.4%, Brd-Off=ATZ-JED, Classes: L:53, V:5
2026-01-25 07:29:30 | INFO     | [lf.flight.extracted] SM955 on 28MAR: BKG=55, LF=31.2%
[LF] SM955 28MAR: BKG=55, GRP=0, CAP=176, LF%=31.2%, Brd-Off=ATZ-JED, Classes: I:18, O:18, U:16, X:2, Y:1
[LF] Getting WEEKLY/LASTSOLD data for 4 flights
[LF] SM491 28MAR: LASTSOLD=2026-01-16 00:00:00, WEEKLY=0, TODAY=0, YDAY=0
[LF] SM453 28MAR: LASTSOLD=2026-01-20 00:00:00, WEEKLY=3, TODAY=0, YDAY=0
[LF] SM455 28MAR: LASTSOLD=2026-01-12 00:00:00, WEEKLY=0, TODAY=0, YDAY=0
[LF] SM955 28MAR: LASTSOLD=2026-01-24 00:00:00, WEEKLY=55, TODAY=0, YDAY=3
2026-01-25 07:29:47 | INFO     | [SUCCESS] Day 28MAR
[LF] Results summary:
  2026-04-04: 1 flights
  2026-04-03: 1 flights
  2026-04-02: 1 flights
  2026-04-01: 1 flights
  2026-03-31: 1 flights
  2026-03-30: 1 flights
  2026-03-29: 1 flights
  2026-03-28: 4 flights
2026-01-25 07:29:47 | INFO     | [SUCCESS] LF Search Complete

============================================================
[Worker_9225] ✓ COMPLETED: ATZ-JED
  Results: 8 dates
  Errors: 0 dates
  Total Processed: 33 groups
============================================================

2026-01-25 07:29:47 | INFO     | [Worker_9225] Completed: ATZ-JED - 8 results, 0 errors

============================================================
[Worker_9225] Processing: MED-HBE
  Tier 0: Range 2, Chunk 1/4
  Dates: 8 days
  Date Range: 2026-03-27 to 2026-03-20
============================================================

2026-01-25 07:29:47 | INFO     | [Worker_9225] Processing: MED-HBE
2026-01-25 07:29:47 | INFO     |   Tier 0: Range 2, Chunk 1/4 (8 days)
2026-01-25 07:29:47 | INFO     | ======================================================================
2026-01-25 07:29:47 | INFO     | Load Factor Scraper Started - Route: MED-HBE
2026-01-25 07:29:47 | INFO     | Log file: D:\CODERED\LAB\Artifacts\outputs\run_generated_250126_at_07.06\logs\LF_MED-HBE_20260125_072947.log
2026-01-25 07:29:47 | INFO     | Enhanced logging: Capturing both logging.info() and print()
2026-01-25 07:29:47 | INFO     | ======================================================================
[LF] Processing dates (override): ['27MAR', '26MAR', '25MAR', '24MAR', '23MAR', '22MAR', '21MAR', '20MAR']
[LF] Attaching to Chrome for Altea access
2026-01-25 07:29:47 | INFO     | Starting LF search for route: MED-HBE
2026-01-25 07:29:47 | INFO     | [START] LF Search
[LF][[OK] SUCCESS] Connected to Chrome on 127.0.0.1:9225 (after 1 attempts)
2026-01-25 07:29:48 | INFO     | [HEALTH CHECK] [OK] Chrome connection is healthy
[LF][[OK] SUCCESS] Found Amadeus Altea window: Altéa Reservation Desktop
[LF][[INFO] INFO] URL: https://tc212.resdesktop.altea.amadeus.com/app_ard/apf/init/login?SITE=ESMPESMP&LANGUAGE=GB&MARKETS=ARDW_PROD_WBP&ACTION=clpLogin#
2026-01-25 07:29:48 | INFO     | [DAY_START] Processing 27MAR
[LF] Processing MED-HBE for 27MAR
2026-01-25 07:29:48 | INFO     | [lf.day.start] Processing MED-HBE for 27MAR
[LF] Sending SN command: SN27MARMEDHBE/ASM
[LF] No direct flights on 27MAR for MED-HBE
2026-01-25 07:29:50 | WARNING  | [lf.day.no_flights] No direct flights on 27MAR
2026-01-25 07:29:50 | INFO     | [SUCCESS] Day 27MAR
2026-01-25 07:29:50 | INFO     | [DAY_START] Processing 26MAR
[LF] Processing MED-HBE for 26MAR
2026-01-25 07:29:50 | INFO     | [lf.day.start] Processing MED-HBE for 26MAR
[LF] Sending SN command: SN26MARMEDHBE/ASM
[LF] 26MAR: found 1 direct flights
2026-01-25 07:29:51 | INFO     | [lf.day.flights_found] Found 1 flights on 26MAR
2026-01-25 07:29:54 | INFO     | [lf.flight.extracted] SM486 on 26MAR: BKG=174, LF=104.2%
[LF] SM486 26MAR: BKG=174, GRP=170, CAP=167, LF%=104.2%, Brd-Off=MED-HBE, Classes: P:170, L:2, M:2
[LF] Getting WEEKLY/LASTSOLD data for 1 flights
[LF] SM486 26MAR: LASTSOLD=2026-01-03 00:00:00, WEEKLY=0, TODAY=0, YDAY=0
2026-01-25 07:29:58 | INFO     | [SUCCESS] Day 26MAR
2026-01-25 07:29:58 | INFO     | [DAY_START] Processing 25MAR
[LF] Processing MED-HBE for 25MAR
2026-01-25 07:29:58 | INFO     | [lf.day.start] Processing MED-HBE for 25MAR
[LF] Sending SN command: SN25MARMEDHBE/ASM
[LF] 25MAR: found 1 direct flights
2026-01-25 07:30:00 | INFO     | [lf.day.flights_found] Found 1 flights on 25MAR
2026-01-25 07:30:02 | INFO     | [lf.flight.extracted] SM486 on 25MAR: BKG=160, LF=91.4%
[LF] SM486 25MAR: BKG=160, GRP=160, CAP=175, LF%=91.4%, Brd-Off=MED-HBE, Classes: P:160
[LF] Getting WEEKLY/LASTSOLD data for 1 flights
[LF] SM486 25MAR: LASTSOLD=2025-12-29 00:00:00, WEEKLY=0, TODAY=0, YDAY=0
2026-01-25 07:30:05 | INFO     | [SUCCESS] Day 25MAR
2026-01-25 07:30:05 | INFO     | [DAY_START] Processing 24MAR
[LF] Processing MED-HBE for 24MAR
2026-01-25 07:30:05 | INFO     | [lf.day.start] Processing MED-HBE for 24MAR
[LF] Sending SN command: SN24MARMEDHBE/ASM
[LF] 24MAR: found 1 direct flights
2026-01-25 07:30:06 | INFO     | [lf.day.flights_found] Found 1 flights on 24MAR
2026-01-25 07:30:10 | INFO     | [lf.flight.extracted] SM486 on 24MAR: BKG=219, LF=125.1%
[LF] SM486 24MAR: BKG=219, GRP=210, CAP=175, LF%=125.1%, Brd-Off=MED-HBE, Classes: P:210, L:5, V:4
[LF] Getting WEEKLY/LASTSOLD data for 1 flights
[LF] SM486 24MAR: LASTSOLD=2026-01-05 00:00:00, WEEKLY=0, TODAY=0, YDAY=0
2026-01-25 07:30:12 | INFO     | [SUCCESS] Day 24MAR
2026-01-25 07:30:12 | INFO     | [DAY_START] Processing 23MAR
[LF] Processing MED-HBE for 23MAR
2026-01-25 07:30:12 | INFO     | [lf.day.start] Processing MED-HBE for 23MAR
[LF] Sending SN command: SN23MARMEDHBE/ASM
[LF] No direct flights on 23MAR for MED-HBE
2026-01-25 07:30:14 | WARNING  | [lf.day.no_flights] No direct flights on 23MAR
2026-01-25 07:30:14 | INFO     | [SUCCESS] Day 23MAR
2026-01-25 07:30:14 | INFO     | [DAY_START] Processing 22MAR
[LF] Processing MED-HBE for 22MAR
2026-01-25 07:30:14 | INFO     | [lf.day.start] Processing MED-HBE for 22MAR
[LF] Sending SN command: SN22MARMEDHBE/ASM
[LF] 22MAR: found 3 direct flights
2026-01-25 07:30:15 | INFO     | [lf.day.flights_found] Found 3 flights on 22MAR
2026-01-25 07:30:17 | INFO     | [lf.flight.extracted] SM974 on 22MAR: BKG=170, LF=101.8%
[LF] SM974 22MAR: BKG=170, GRP=170, CAP=167, LF%=101.8%, Brd-Off=MED-HBE, Classes: P:170
2026-01-25 07:30:22 | INFO     | [lf.flight.extracted] SM486 on 22MAR: BKG=146, LF=83.4%
[LF] SM486 22MAR: BKG=146, GRP=135, CAP=175, LF%=83.4%, Brd-Off=MED-HBE, Classes: P:135, K:5, Q:1, M:5
2026-01-25 07:30:26 | INFO     | [lf.flight.extracted] SM984 on 22MAR: BKG=165, LF=98.8%
[LF] SM984 22MAR: BKG=165, GRP=165, CAP=167, LF%=98.8%, Brd-Off=MED-HBE, Classes: P:165
[LF] Getting WEEKLY/LASTSOLD data for 3 flights
[LF] SM974 22MAR: LASTSOLD=2026-01-02 00:00:00, WEEKLY=0, TODAY=0, YDAY=0
[LF] SM486 22MAR: LASTSOLD=2026-01-24 00:00:00, WEEKLY=3, TODAY=0, YDAY=1
[LF] SM984 22MAR: LASTSOLD=2026-01-02 00:00:00, WEEKLY=0, TODAY=0, YDAY=0
2026-01-25 07:30:32 | INFO     | [SUCCESS] Day 22MAR
2026-01-25 07:30:32 | INFO     | [DAY_START] Processing 21MAR
[LF] Processing MED-HBE for 21MAR
2026-01-25 07:30:32 | INFO     | [lf.day.start] Processing MED-HBE for 21MAR
[LF] Sending SN command: SN21MARMEDHBE/ASM
[LF] No direct flights on 21MAR for MED-HBE
2026-01-25 07:30:34 | WARNING  | [lf.day.no_flights] No direct flights on 21MAR
2026-01-25 07:30:34 | INFO     | [SUCCESS] Day 21MAR
2026-01-25 07:30:34 | INFO     | [DAY_START] Processing 20MAR
[LF] Processing MED-HBE for 20MAR
2026-01-25 07:30:34 | INFO     | [lf.day.start] Processing MED-HBE for 20MAR
[LF] Sending SN command: SN20MARMEDHBE/ASM
[LF] No direct flights on 20MAR for MED-HBE
2026-01-25 07:30:36 | WARNING  | [lf.day.no_flights] No direct flights on 20MAR
2026-01-25 07:30:36 | INFO     | [SUCCESS] Day 20MAR
[LF] Results summary:
  2026-03-27: 0 flights
  2026-03-26: 1 flights
  2026-03-25: 1 flights
  2026-03-24: 1 flights
  2026-03-23: 0 flights
  2026-03-22: 3 flights
  2026-03-21: 0 flights
  2026-03-20: 0 flights
2026-01-25 07:30:36 | INFO     | [SUCCESS] LF Search Complete

============================================================
[Worker_9225] ✓ COMPLETED: MED-HBE
  Results: 8 dates
  Errors: 0 dates
  Total Processed: 34 groups
============================================================

2026-01-25 07:30:36 | INFO     | [Worker_9225] Completed: MED-HBE - 8 results, 0 errors

============================================================
[Worker_9225] Processing: RUH-CAI
  Tier 0: Range 2, Chunk 1/4
  Dates: 8 days
  Date Range: 2026-03-27 to 2026-03-20
============================================================

2026-01-25 07:30:36 | INFO     | [Worker_9225] Processing: RUH-CAI
2026-01-25 07:30:36 | INFO     |   Tier 0: Range 2, Chunk 1/4 (8 days)
2026-01-25 07:30:36 | INFO     | ======================================================================
2026-01-25 07:30:36 | INFO     | Load Factor Scraper Started - Route: RUH-CAI
2026-01-25 07:30:36 | INFO     | Log file: D:\CODERED\LAB\Artifacts\outputs\run_generated_250126_at_07.06\logs\LF_RUH-CAI_20260125_073036.log
2026-01-25 07:30:36 | INFO     | Enhanced logging: Capturing both logging.info() and print()
2026-01-25 07:30:36 | INFO     | ======================================================================
[LF] Processing dates (override): ['27MAR', '26MAR', '25MAR', '24MAR', '23MAR', '22MAR', '21MAR', '20MAR']
[LF] Attaching to Chrome for Altea access
2026-01-25 07:30:36 | INFO     | Starting LF search for route: RUH-CAI
2026-01-25 07:30:36 | INFO     | [START] LF Search
[LF][[OK] SUCCESS] Connected to Chrome on 127.0.0.1:9225 (after 1 attempts)
2026-01-25 07:30:38 | INFO     | [HEALTH CHECK] [OK] Chrome connection is healthy
[LF][[OK] SUCCESS] Found Amadeus Altea window: Altéa Reservation Desktop
[LF][[INFO] INFO] URL: https://tc212.resdesktop.altea.amadeus.com/app_ard/apf/init/login?SITE=ESMPESMP&LANGUAGE=GB&MARKETS=ARDW_PROD_WBP&ACTION=clpLogin#
2026-01-25 07:30:38 | INFO     | [DAY_START] Processing 27MAR
[LF] Processing RUH-CAI for 27MAR
2026-01-25 07:30:38 | INFO     | [lf.day.start] Processing RUH-CAI for 27MAR
[LF] Sending SN command: SN27MARRUHCAI/ASM
[LF] 27MAR: found 2 direct flights
2026-01-25 07:30:40 | INFO     | [lf.day.flights_found] Found 2 flights on 27MAR
2026-01-25 07:30:43 | INFO     | [lf.flight.extracted] SM462 on 27MAR: BKG=27, LF=15.4%
[LF] SM462 27MAR: BKG=27, GRP=0, CAP=175, LF%=15.4%, Brd-Off=RUH-CAI, Classes: W:12, S:12, G:3
[LPC] SM462 27MAR: Found 1 outbound flights with connecting passengers
2026-01-25 07:30:49 | INFO     | [lf.flight.extracted] SM470 on 27MAR: BKG=32, LF=19.2%
[LF] SM470 27MAR: BKG=32, GRP=0, CAP=167, LF%=19.2%, Brd-Off=RUH-CAI, Classes: I:3, W:15, S:14
[LF] Getting WEEKLY/LASTSOLD data for 2 flights
[LF] SM462 27MAR: LASTSOLD=2026-01-14 00:00:00, WEEKLY=0, TODAY=0, YDAY=0
[LF] SM470 27MAR: LASTSOLD=2026-01-21 00:00:00, WEEKLY=6, TODAY=0, YDAY=0
2026-01-25 07:30:58 | INFO     | [SUCCESS] Day 27MAR
2026-01-25 07:30:58 | INFO     | [DAY_START] Processing 26MAR
[LF] Processing RUH-CAI for 26MAR
2026-01-25 07:30:58 | INFO     | [lf.day.start] Processing RUH-CAI for 26MAR
[LF] Sending SN command: SN26MARRUHCAI/ASM
[LF] 26MAR: found 1 direct flights
2026-01-25 07:30:59 | INFO     | [lf.day.flights_found] Found 1 flights on 26MAR
2026-01-25 07:31:03 | INFO     | [lf.flight.extracted] SM462 on 26MAR: BKG=163, LF=93.1%
[LF] SM462 26MAR: BKG=163, GRP=140, CAP=175, LF%=93.1%, Brd-Off=RUH-CAI, Classes: P:140, W:6, S:13, L:4
[LF] Getting WEEKLY/LASTSOLD data for 1 flights
[LF] SM462 26MAR: LASTSOLD=2026-01-22 00:00:00, WEEKLY=5, TODAY=0, YDAY=0
2026-01-25 07:31:06 | INFO     | [SUCCESS] Day 26MAR
2026-01-25 07:31:06 | INFO     | [DAY_START] Processing 25MAR
[LF] Processing RUH-CAI for 25MAR
2026-01-25 07:31:06 | INFO     | [lf.day.start] Processing RUH-CAI for 25MAR
[LF] Sending SN command: SN25MARRUHCAI/ASM
[LF] 25MAR: found 2 direct flights
2026-01-25 07:31:08 | INFO     | [lf.day.flights_found] Found 2 flights on 25MAR
2026-01-25 07:31:10 | INFO     | [lf.flight.extracted] SM462 on 25MAR: BKG=173, LF=98.9%
[LF] SM462 25MAR: BKG=173, GRP=140, CAP=175, LF%=98.9%, Brd-Off=RUH-CAI, Classes: P:140, W:11, S:15, L:7
2026-01-25 07:31:13 | INFO     | [lf.flight.extracted] SM470 on 25MAR: BKG=99, LF=59.3%
[LF] SM470 25MAR: BKG=99, GRP=90, CAP=167, LF%=59.3%, Brd-Off=RUH-CAI, Classes: P:90, W:8, S:1
[LF] Getting WEEKLY/LASTSOLD data for 2 flights
[LF] SM462 25MAR: LASTSOLD=2026-01-15 00:00:00, WEEKLY=0, TODAY=0, YDAY=0
[LF] SM470 25MAR: LASTSOLD=2026-01-13 00:00:00, WEEKLY=0, TODAY=0, YDAY=0
2026-01-25 07:31:19 | INFO     | [SUCCESS] Day 25MAR
2026-01-25 07:31:19 | INFO     | [DAY_START] Processing 24MAR
[LF] Processing RUH-CAI for 24MAR
2026-01-25 07:31:19 | INFO     | [lf.day.start] Processing RUH-CAI for 24MAR
[LF] Sending SN command: SN24MARRUHCAI/ASM
[LF] 24MAR: found 1 direct flights
2026-01-25 07:31:20 | INFO     | [lf.day.flights_found] Found 1 flights on 24MAR
2026-01-25 07:31:22 | INFO     | [lf.flight.extracted] SM470 on 24MAR: BKG=42, LF=25.1%
[LF] SM470 24MAR: BKG=42, GRP=0, CAP=167, LF%=25.1%, Brd-Off=RUH-CAI, Classes: W:15, S:22, L:5
[LF] Getting WEEKLY/LASTSOLD data for 1 flights
[LF] SM470 24MAR: LASTSOLD=2026-01-24 00:00:00, WEEKLY=5, TODAY=0, YDAY=1
2026-01-25 07:31:25 | INFO     | [SUCCESS] Day 24MAR
2026-01-25 07:31:25 | INFO     | [DAY_START] Processing 23MAR
[LF] Processing RUH-CAI for 23MAR
2026-01-25 07:31:25 | INFO     | [lf.day.start] Processing RUH-CAI for 23MAR
[LF] Sending SN command: SN23MARRUHCAI/ASM
[LF] 23MAR: found 1 direct flights
2026-01-25 07:31:26 | INFO     | [lf.day.flights_found] Found 1 flights on 23MAR
2026-01-25 07:31:29 | INFO     | [lf.flight.extracted] SM470 on 23MAR: BKG=30, LF=18.0%
[LF] SM470 23MAR: BKG=30, GRP=0, CAP=167, LF%=18.0%, Brd-Off=RUH-CAI, Classes: X:2, W:8, S:13, G:2, L:4, Q:1
[LF] Getting WEEKLY/LASTSOLD data for 1 flights
[LF] SM470 23MAR: LASTSOLD=2026-01-22 00:00:00, WEEKLY=2, TODAY=0, YDAY=0
2026-01-25 07:31:32 | INFO     | [SUCCESS] Day 23MAR
2026-01-25 07:31:32 | INFO     | [DAY_START] Processing 22MAR
[LF] Processing RUH-CAI for 22MAR
2026-01-25 07:31:32 | INFO     | [lf.day.start] Processing RUH-CAI for 22MAR
[LF] Sending SN command: SN22MARRUHCAI/ASM
[LF] 22MAR: found 1 direct flights
2026-01-25 07:31:33 | INFO     | [lf.day.flights_found] Found 1 flights on 22MAR
2026-01-25 07:31:35 | INFO     | [lf.flight.extracted] SM462 on 22MAR: BKG=40, LF=22.9%
[LF] SM462 22MAR: BKG=40, GRP=0, CAP=175, LF%=22.9%, Brd-Off=RUH-CAI, Classes: W:3, S:15, G:12, L:10
[LF] Getting WEEKLY/LASTSOLD data for 1 flights
[LF] SM462 22MAR: LASTSOLD=2026-01-20 00:00:00, WEEKLY=8, TODAY=0, YDAY=0
2026-01-25 07:31:38 | INFO     | [SUCCESS] Day 22MAR
2026-01-25 07:31:38 | INFO     | [DAY_START] Processing 21MAR
[LF] Processing RUH-CAI for 21MAR
2026-01-25 07:31:38 | INFO     | [lf.day.start] Processing RUH-CAI for 21MAR
[LF] Sending SN command: SN21MARRUHCAI/ASM
[LF] 21MAR: found 1 direct flights
2026-01-25 07:31:40 | INFO     | [lf.day.flights_found] Found 1 flights on 21MAR
2026-01-25 07:31:42 | INFO     | [lf.flight.extracted] SM462 on 21MAR: BKG=30, LF=17.1%
[LF] SM462 21MAR: BKG=30, GRP=0, CAP=175, LF%=17.1%, Brd-Off=RUH-CAI, Classes: X:1, W:7, S:8, G:5, L:8, K:1
[LF] Getting WEEKLY/LASTSOLD data for 1 flights
[LF] SM462 21MAR: LASTSOLD=2026-01-24 00:00:00, WEEKLY=8, TODAY=0, YDAY=4
2026-01-25 07:31:45 | INFO     | [SUCCESS] Day 21MAR
2026-01-25 07:31:45 | INFO     | [DAY_START] Processing 20MAR
[LF] Processing RUH-CAI for 20MAR
2026-01-25 07:31:45 | INFO     | [lf.day.start] Processing RUH-CAI for 20MAR
[LF] Sending SN command: SN20MARRUHCAI/ASM
[LF] 20MAR: found 2 direct flights
2026-01-25 07:31:46 | INFO     | [lf.day.flights_found] Found 2 flights on 20MAR
2026-01-25 07:31:48 | INFO     | [lf.flight.extracted] SM462 on 20MAR: BKG=4, LF=2.3%
[LF] SM462 20MAR: BKG=4, GRP=0, CAP=175, LF%=2.3%, Brd-Off=RUH-CAI, Classes: G:2, Q:2
[LPC] SM462 20MAR: Found 1 outbound flights with connecting passengers
2026-01-25 07:31:52 | INFO     | [lf.flight.extracted] SM470 on 20MAR: BKG=1, LF=0.6%
[LF] SM470 20MAR: BKG=1, GRP=0, CAP=167, LF%=0.6%, Brd-Off=RUH-CAI, Classes: Q:1
[LF] Getting WEEKLY/LASTSOLD data for 2 flights
[LF] SM462 20MAR: LASTSOLD=2026-01-15 00:00:00, WEEKLY=0, TODAY=0, YDAY=0
[LF] SM470 20MAR: LASTSOLD=2026-01-23 00:00:00, WEEKLY=1, TODAY=0, YDAY=0
2026-01-25 07:31:56 | INFO     | [SUCCESS] Day 20MAR
[LF] Results summary:
  2026-03-27: 2 flights
  2026-03-26: 1 flights
  2026-03-25: 2 flights
  2026-03-24: 1 flights
  2026-03-23: 1 flights
  2026-03-22: 1 flights
  2026-03-21: 1 flights
  2026-03-20: 2 flights
2026-01-25 07:31:56 | INFO     | [SUCCESS] LF Search Complete

============================================================
[Worker_9225] ✓ COMPLETED: RUH-CAI
  Results: 8 dates
  Errors: 0 dates
  Total Processed: 35 groups
============================================================

2026-01-25 07:31:56 | INFO     | [Worker_9225] Completed: RUH-CAI - 8 results, 0 errors

============================================================
[Worker_9225] Processing: CAI-MED
  Tier 0: Range 2, Chunk 1/4
  Dates: 8 days
  Date Range: 2026-03-27 to 2026-03-20
============================================================

2026-01-25 07:31:56 | INFO     | [Worker_9225] Processing: CAI-MED
2026-01-25 07:31:56 | INFO     |   Tier 0: Range 2, Chunk 1/4 (8 days)
2026-01-25 07:31:56 | INFO     | ======================================================================
2026-01-25 07:31:56 | INFO     | Load Factor Scraper Started - Route: CAI-MED
2026-01-25 07:31:56 | INFO     | Log file: D:\CODERED\LAB\Artifacts\outputs\run_generated_250126_at_07.06\logs\LF_CAI-MED_20260125_073156.log
2026-01-25 07:31:56 | INFO     | Enhanced logging: Capturing both logging.info() and print()
2026-01-25 07:31:56 | INFO     | ======================================================================
[LF] Processing dates (override): ['27MAR', '26MAR', '25MAR', '24MAR', '23MAR', '22MAR', '21MAR', '20MAR']
[LF] Attaching to Chrome for Altea access
2026-01-25 07:31:56 | INFO     | Starting LF search for route: CAI-MED
2026-01-25 07:31:56 | INFO     | [START] LF Search
[LF][[OK] SUCCESS] Connected to Chrome on 127.0.0.1:9225 (after 1 attempts)
2026-01-25 07:31:57 | INFO     | [HEALTH CHECK] [OK] Chrome connection is healthy
[LF][[OK] SUCCESS] Found Amadeus Altea window: Altéa Reservation Desktop
[LF][[INFO] INFO] URL: https://tc212.resdesktop.altea.amadeus.com/app_ard/apf/init/login?SITE=ESMPESMP&LANGUAGE=GB&MARKETS=ARDW_PROD_WBP&ACTION=clpLogin#
2026-01-25 07:31:57 | INFO     | [DAY_START] Processing 27MAR
[LF] Processing CAI-MED for 27MAR
2026-01-25 07:31:57 | INFO     | [lf.day.start] Processing CAI-MED for 27MAR
[LF] Sending SN command: SN27MARCAIMED/ASM
[LF] No direct flights on 27MAR for CAI-MED
2026-01-25 07:31:58 | WARNING  | [lf.day.no_flights] No direct flights on 27MAR
2026-01-25 07:31:58 | INFO     | [SUCCESS] Day 27MAR
2026-01-25 07:31:58 | INFO     | [DAY_START] Processing 26MAR
[LF] Processing CAI-MED for 26MAR
2026-01-25 07:31:58 | INFO     | [lf.day.start] Processing CAI-MED for 26MAR
[LF] Sending SN command: SN26MARCAIMED/ASM
[LF] 26MAR: found 1 direct flights
2026-01-25 07:31:59 | INFO     | [lf.day.flights_found] Found 1 flights on 26MAR
2026-01-25 07:32:01 | INFO     | [lf.flight.extracted] SM493 on 26MAR: BKG=0, LF=0.0%
[LF] SM493 26MAR: BKG=0, GRP=0, CAP=179, LF%=0.0%, Brd-Off=CAI-MED
2026-01-25 07:32:02 | INFO     | [SUCCESS] Day 26MAR
2026-01-25 07:32:02 | INFO     | [DAY_START] Processing 25MAR
[LF] Processing CAI-MED for 25MAR
2026-01-25 07:32:02 | INFO     | [lf.day.start] Processing CAI-MED for 25MAR
[LF] Sending SN command: SN25MARCAIMED/ASM
[LF] No direct flights on 25MAR for CAI-MED
2026-01-25 07:32:04 | WARNING  | [lf.day.no_flights] No direct flights on 25MAR
2026-01-25 07:32:04 | INFO     | [SUCCESS] Day 25MAR
2026-01-25 07:32:04 | INFO     | [DAY_START] Processing 24MAR
[LF] Processing CAI-MED for 24MAR
2026-01-25 07:32:04 | INFO     | [lf.day.start] Processing CAI-MED for 24MAR
[LF] Sending SN command: SN24MARCAIMED/ASM
[LF] 24MAR: found 1 direct flights
2026-01-25 07:32:05 | INFO     | [lf.day.flights_found] Found 1 flights on 24MAR
2026-01-25 07:32:07 | INFO     | [lf.flight.extracted] SM493 on 24MAR: BKG=1, LF=0.6%
[LF] SM493 24MAR: BKG=1, GRP=0, CAP=179, LF%=0.6%, Brd-Off=CAI-MED, Classes: S:1
[LF] Getting WEEKLY/LASTSOLD data for 1 flights
[LF] SM493 24MAR: LASTSOLD=2025-12-15 00:00:00, WEEKLY=0, TODAY=0, YDAY=0
2026-01-25 07:32:09 | INFO     | [SUCCESS] Day 24MAR
2026-01-25 07:32:09 | INFO     | [DAY_START] Processing 23MAR
[LF] Processing CAI-MED for 23MAR
2026-01-25 07:32:09 | INFO     | [lf.day.start] Processing CAI-MED for 23MAR
[LF] Sending SN command: SN23MARCAIMED/ASM
[LF] 23MAR: 2 cancelled flight(s) detected from SN (CAI-MED)
[LF] 23MAR: found 1 direct flights
2026-01-25 07:32:10 | INFO     | [lf.day.flights_found] Found 1 flights on 23MAR
2026-01-25 07:32:12 | INFO     | [lf.flight.extracted] SM495 on 23MAR: BKG=3, LF=1.7%
[LF] SM495 23MAR: BKG=3, GRP=0, CAP=179, LF%=1.7%, Brd-Off=CAI-MED, Classes: X:3
[LF] Getting WEEKLY/LASTSOLD data for 1 flights
[LF] SM495 23MAR: LASTSOLD=2026-01-03 00:00:00, WEEKLY=0, TODAY=0, YDAY=0
2026-01-25 07:32:15 | INFO     | [SUCCESS] Day 23MAR
2026-01-25 07:32:15 | INFO     | [DAY_START] Processing 22MAR
[LF] Processing CAI-MED for 22MAR
2026-01-25 07:32:15 | INFO     | [lf.day.start] Processing CAI-MED for 22MAR
[LF] Sending SN command: SN22MARCAIMED/ASM
[LF] 22MAR: found 2 direct flights
2026-01-25 07:32:16 | INFO     | [lf.day.flights_found] Found 2 flights on 22MAR
2026-01-25 07:32:18 | INFO     | [lf.flight.extracted] SM971 on 22MAR: BKG=0, LF=0.0%
[LF] SM971 22MAR: BKG=0, GRP=0, CAP=179, LF%=0.0%, Brd-Off=CAI-MED
2026-01-25 07:32:21 | INFO     | [lf.flight.extracted] SM493 on 22MAR: BKG=1, LF=0.6%
[LF] SM493 22MAR: BKG=1, GRP=0, CAP=179, LF%=0.6%, Brd-Off=CAI-MED, Classes: X:1
[LF] Getting WEEKLY/LASTSOLD data for 1 flights
[LF] SM493 22MAR: LASTSOLD=2026-01-24 00:00:00, WEEKLY=1, TODAY=0, YDAY=1
2026-01-25 07:32:23 | INFO     | [SUCCESS] Day 22MAR
2026-01-25 07:32:23 | INFO     | [DAY_START] Processing 21MAR
[LF] Processing CAI-MED for 21MAR
2026-01-25 07:32:23 | INFO     | [lf.day.start] Processing CAI-MED for 21MAR
[LF] Sending SN command: SN21MARCAIMED/ASM
[LF] 21MAR: found 1 direct flights
2026-01-25 07:32:25 | INFO     | [lf.day.flights_found] Found 1 flights on 21MAR
2026-01-25 07:32:27 | INFO     | [lf.flight.extracted] SM493 on 21MAR: BKG=0, LF=0.0%
[LF] SM493 21MAR: BKG=0, GRP=0, CAP=179, LF%=0.0%, Brd-Off=CAI-MED
2026-01-25 07:32:28 | INFO     | [SUCCESS] Day 21MAR
2026-01-25 07:32:28 | INFO     | [DAY_START] Processing 20MAR
[LF] Processing CAI-MED for 20MAR
2026-01-25 07:32:28 | INFO     | [lf.day.start] Processing CAI-MED for 20MAR
[LF] Sending SN command: SN20MARCAIMED/ASM
[LF] No direct flights on 20MAR for CAI-MED
2026-01-25 07:32:29 | WARNING  | [lf.day.no_flights] No direct flights on 20MAR
2026-01-25 07:32:29 | INFO     | [SUCCESS] Day 20MAR
[LF] Results summary:
  2026-03-27: 0 flights
  2026-03-26: 1 flights
  2026-03-25: 0 flights
  2026-03-24: 1 flights
  2026-03-23: 1 flights
  2026-03-22: 2 flights
  2026-03-21: 1 flights
  2026-03-20: 0 flights
[LF] Cancelled flights found: 2
  - SM973 23MAR (SN)
  - SM983 23MAR (SN)
2026-01-25 07:32:29 | INFO     | [SUCCESS] LF Search Complete
[Worker_9225] Cancelled flights collected: 2

============================================================
[Worker_9225] ✓ COMPLETED: CAI-MED
  Results: 8 dates
  Errors: 0 dates
  Total Processed: 36 groups
============================================================

2026-01-25 07:32:29 | INFO     | [Worker_9225] Completed: CAI-MED - 8 results, 0 errors

============================================================
[Worker_9225] Processing: ASW-JED
  Tier 0: Range 2, Chunk 1/4
  Dates: 8 days
  Date Range: 2026-03-27 to 2026-03-20
============================================================

2026-01-25 07:32:29 | INFO     | [Worker_9225] Processing: ASW-JED
2026-01-25 07:32:29 | INFO     |   Tier 0: Range 2, Chunk 1/4 (8 days)
2026-01-25 07:32:29 | INFO     | ======================================================================
2026-01-25 07:32:29 | INFO     | Load Factor Scraper Started - Route: ASW-JED
2026-01-25 07:32:29 | INFO     | Log file: D:\CODERED\LAB\Artifacts\outputs\run_generated_250126_at_07.06\logs\LF_ASW-JED_20260125_073229.log
2026-01-25 07:32:29 | INFO     | Enhanced logging: Capturing both logging.info() and print()
2026-01-25 07:32:29 | INFO     | ======================================================================
[LF] Processing dates (override): ['27MAR', '26MAR', '25MAR', '24MAR', '23MAR', '22MAR', '21MAR', '20MAR']
[LF] Attaching to Chrome for Altea access
2026-01-25 07:32:29 | INFO     | Starting LF search for route: ASW-JED
2026-01-25 07:32:29 | INFO     | [START] LF Search
[LF][[OK] SUCCESS] Connected to Chrome on 127.0.0.1:9225 (after 1 attempts)
2026-01-25 07:32:29 | INFO     | [HEALTH CHECK] [OK] Chrome connection is healthy
[LF][[OK] SUCCESS] Found Amadeus Altea window: Altéa Reservation Desktop
[LF][[INFO] INFO] URL: https://tc212.resdesktop.altea.amadeus.com/app_ard/apf/init/login?SITE=ESMPESMP&LANGUAGE=GB&MARKETS=ARDW_PROD_WBP&ACTION=clpLogin#
2026-01-25 07:32:30 | INFO     | [DAY_START] Processing 27MAR
[LF] Processing ASW-JED for 27MAR
2026-01-25 07:32:30 | INFO     | [lf.day.start] Processing ASW-JED for 27MAR
[LF] Sending SN command: SN27MARASWJED/ASM
[LF] No direct flights on 27MAR for ASW-JED
2026-01-25 07:32:31 | WARNING  | [lf.day.no_flights] No direct flights on 27MAR
2026-01-25 07:32:31 | INFO     | [SUCCESS] Day 27MAR
2026-01-25 07:32:31 | INFO     | [DAY_START] Processing 26MAR
[LF] Processing ASW-JED for 26MAR
2026-01-25 07:32:31 | INFO     | [lf.day.start] Processing ASW-JED for 26MAR
[LF] Sending SN command: SN26MARASWJED/ASM
[LF] 26MAR: found 1 direct flights
2026-01-25 07:32:32 | INFO     | [lf.day.flights_found] Found 1 flights on 26MAR
2026-01-25 07:32:34 | INFO     | [lf.flight.extracted] SM949 on 26MAR: BKG=0, LF=0.0%
[LF] SM949 26MAR: BKG=0, GRP=0, CAP=179, LF%=0.0%, Brd-Off=ASW-JED
2026-01-25 07:32:35 | INFO     | [SUCCESS] Day 26MAR
2026-01-25 07:32:35 | INFO     | [DAY_START] Processing 25MAR
[LF] Processing ASW-JED for 25MAR
2026-01-25 07:32:35 | INFO     | [lf.day.start] Processing ASW-JED for 25MAR
[LF] Sending SN command: SN25MARASWJED/ASM
[LF] 25MAR: found 1 direct flights
2026-01-25 07:32:36 | INFO     | [lf.day.flights_found] Found 1 flights on 25MAR
2026-01-25 07:32:38 | INFO     | [lf.flight.extracted] SM425 on 25MAR: BKG=0, LF=0.0%
[LF] SM425 25MAR: BKG=0, GRP=0, CAP=179, LF%=0.0%, Brd-Off=ASW-JED
2026-01-25 07:32:39 | INFO     | [SUCCESS] Day 25MAR
2026-01-25 07:32:39 | INFO     | [DAY_START] Processing 24MAR
[LF] Processing ASW-JED for 24MAR
2026-01-25 07:32:39 | INFO     | [lf.day.start] Processing ASW-JED for 24MAR
[LF] Sending SN command: SN24MARASWJED/ASM
[LF] No direct flights on 24MAR for ASW-JED
2026-01-25 07:32:40 | WARNING  | [lf.day.no_flights] No direct flights on 24MAR
2026-01-25 07:32:40 | INFO     | [SUCCESS] Day 24MAR
2026-01-25 07:32:40 | INFO     | [DAY_START] Processing 23MAR
[LF] Processing ASW-JED for 23MAR
2026-01-25 07:32:40 | INFO     | [lf.day.start] Processing ASW-JED for 23MAR
[LF] Sending SN command: SN23MARASWJED/ASM
[LF] No direct flights on 23MAR for ASW-JED
2026-01-25 07:32:41 | WARNING  | [lf.day.no_flights] No direct flights on 23MAR
2026-01-25 07:32:41 | INFO     | [SUCCESS] Day 23MAR
2026-01-25 07:32:41 | INFO     | [DAY_START] Processing 22MAR
[LF] Processing ASW-JED for 22MAR
2026-01-25 07:32:41 | INFO     | [lf.day.start] Processing ASW-JED for 22MAR
[LF] Sending SN command: SN22MARASWJED/ASM
[LF] No direct flights on 22MAR for ASW-JED
2026-01-25 07:32:43 | WARNING  | [lf.day.no_flights] No direct flights on 22MAR
2026-01-25 07:32:43 | INFO     | [SUCCESS] Day 22MAR
2026-01-25 07:32:43 | INFO     | [DAY_START] Processing 21MAR
[LF] Processing ASW-JED for 21MAR
2026-01-25 07:32:43 | INFO     | [lf.day.start] Processing ASW-JED for 21MAR
[LF] Sending SN command: SN21MARASWJED/ASM
[LF] No direct flights on 21MAR for ASW-JED
2026-01-25 07:32:44 | WARNING  | [lf.day.no_flights] No direct flights on 21MAR
2026-01-25 07:32:44 | INFO     | [SUCCESS] Day 21MAR
2026-01-25 07:32:44 | INFO     | [DAY_START] Processing 20MAR
[LF] Processing ASW-JED for 20MAR
2026-01-25 07:32:44 | INFO     | [lf.day.start] Processing ASW-JED for 20MAR
[LF] Sending SN command: SN20MARASWJED/ASM
[LF] No direct flights on 20MAR for ASW-JED
2026-01-25 07:32:45 | WARNING  | [lf.day.no_flights] No direct flights on 20MAR
2026-01-25 07:32:45 | INFO     | [SUCCESS] Day 20MAR
[LF] Results summary:
  2026-03-27: 0 flights
  2026-03-26: 1 flights
  2026-03-25: 1 flights
  2026-03-24: 0 flights
  2026-03-23: 0 flights
  2026-03-22: 0 flights
  2026-03-21: 0 flights
  2026-03-20: 0 flights
2026-01-25 07:32:45 | INFO     | [SUCCESS] LF Search Complete

============================================================
[Worker_9225] ✓ COMPLETED: ASW-JED
  Results: 8 dates
  Errors: 0 dates
  Total Processed: 37 groups
============================================================

2026-01-25 07:32:45 | INFO     | [Worker_9225] Completed: ASW-JED - 8 results, 0 errors

============================================================
[Worker_9225] Processing: CAI-RUH
  Tier 0: Range 2, Chunk 1/4
  Dates: 8 days
  Date Range: 2026-03-27 to 2026-03-20
============================================================

2026-01-25 07:32:45 | INFO     | [Worker_9225] Processing: CAI-RUH
2026-01-25 07:32:45 | INFO     |   Tier 0: Range 2, Chunk 1/4 (8 days)
2026-01-25 07:32:45 | INFO     | ======================================================================
2026-01-25 07:32:45 | INFO     | Load Factor Scraper Started - Route: CAI-RUH
2026-01-25 07:32:45 | INFO     | Log file: D:\CODERED\LAB\Artifacts\outputs\run_generated_250126_at_07.06\logs\LF_CAI-RUH_20260125_073245.log
2026-01-25 07:32:45 | INFO     | Enhanced logging: Capturing both logging.info() and print()
2026-01-25 07:32:45 | INFO     | ======================================================================
[LF] Processing dates (override): ['27MAR', '26MAR', '25MAR', '24MAR', '23MAR', '22MAR', '21MAR', '20MAR']
[LF] Attaching to Chrome for Altea access
2026-01-25 07:32:45 | INFO     | Starting LF search for route: CAI-RUH
2026-01-25 07:32:45 | INFO     | [START] LF Search
[LF][[OK] SUCCESS] Connected to Chrome on 127.0.0.1:9225 (after 1 attempts)
2026-01-25 07:32:46 | INFO     | [HEALTH CHECK] [OK] Chrome connection is healthy
[LF][[OK] SUCCESS] Found Amadeus Altea window: Altéa Reservation Desktop
[LF][[INFO] INFO] URL: https://tc212.resdesktop.altea.amadeus.com/app_ard/apf/init/login?SITE=ESMPESMP&LANGUAGE=GB&MARKETS=ARDW_PROD_WBP&ACTION=clpLogin#
2026-01-25 07:32:46 | INFO     | [DAY_START] Processing 27MAR
[LF] Processing CAI-RUH for 27MAR
2026-01-25 07:32:46 | INFO     | [lf.day.start] Processing CAI-RUH for 27MAR
[LF] Sending SN command: SN27MARCAIRUH/ASM
[LF] 27MAR: found 2 direct flights
2026-01-25 07:32:47 | INFO     | [lf.day.flights_found] Found 2 flights on 27MAR
2026-01-25 07:32:49 | INFO     | [lf.flight.extracted] SM461 on 27MAR: BKG=54, LF=30.2%
[LF] SM461 27MAR: BKG=54, GRP=0, CAP=179, LF%=30.2%, Brd-Off=CAI-RUH, Classes: W:1, S:4, G:2, L:7, V:11, Q:1, M:10, B:18
2026-01-25 07:32:52 | INFO     | [lf.flight.extracted] SM469 on 27MAR: BKG=72, LF=40.2%
[LF] SM469 27MAR: BKG=72, GRP=0, CAP=179, LF%=40.2%, Brd-Off=CAI-RUH, Classes: X:1, W:3, S:6, G:3, L:7, V:11, K:11, M:12, B:16, Y:2
[LF] Getting WEEKLY/LASTSOLD data for 2 flights
[LF] SM461 27MAR: LASTSOLD=2026-01-18 00:00:00, WEEKLY=1, TODAY=0, YDAY=0
[LF] SM469 27MAR: LASTSOLD=2026-01-19 00:00:00, WEEKLY=4, TODAY=0, YDAY=0
2026-01-25 07:33:01 | INFO     | [SUCCESS] Day 27MAR
2026-01-25 07:33:01 | INFO     | [DAY_START] Processing 26MAR
[LF] Processing CAI-RUH for 26MAR
2026-01-25 07:33:01 | INFO     | [lf.day.start] Processing CAI-RUH for 26MAR
[LF] Sending SN command: SN26MARCAIRUH/ASM
[LF] 26MAR: found 1 direct flights
2026-01-25 07:33:03 | INFO     | [lf.day.flights_found] Found 1 flights on 26MAR
2026-01-25 07:33:05 | INFO     | [lf.flight.extracted] SM461 on 26MAR: BKG=36, LF=20.1%
[LF] SM461 26MAR: BKG=36, GRP=0, CAP=179, LF%=20.1%, Brd-Off=CAI-RUH, Classes: W:1, S:2, G:4, K:12, Q:9, H:4, M:4
[LF] Getting WEEKLY/LASTSOLD data for 1 flights
[LF] SM461 26MAR: LASTSOLD=2026-01-21 00:00:00, WEEKLY=7, TODAY=0, YDAY=0
2026-01-25 07:33:09 | INFO     | [SUCCESS] Day 26MAR
2026-01-25 07:33:09 | INFO     | [DAY_START] Processing 25MAR
[LF] Processing CAI-RUH for 25MAR
2026-01-25 07:33:09 | INFO     | [lf.day.start] Processing CAI-RUH for 25MAR
[LF] Sending SN command: SN25MARCAIRUH/ASM
[LF] 25MAR: found 2 direct flights
2026-01-25 07:33:22 | INFO     | [lf.day.flights_found] Found 2 flights on 25MAR
2026-01-25 07:33:24 | INFO     | [lf.flight.extracted] SM461 on 25MAR: BKG=20, LF=11.2%
[LF] SM461 25MAR: BKG=20, GRP=0, CAP=179, LF%=11.2%, Brd-Off=CAI-RUH, Classes: W:12, K:8
2026-01-25 07:33:28 | INFO     | [lf.flight.extracted] SM469 on 25MAR: BKG=38, LF=21.2%
[LF] SM469 25MAR: BKG=38, GRP=0, CAP=179, LF%=21.2%, Brd-Off=CAI-RUH, Classes: W:1, G:17, L:15, K:4, Q:1
[LF] Getting WEEKLY/LASTSOLD data for 2 flights
[LF] SM461 25MAR: LASTSOLD=2026-01-18 00:00:00, WEEKLY=3, TODAY=0, YDAY=0
[LF] SM469 25MAR: LASTSOLD=2026-01-24 00:00:00, WEEKLY=33, TODAY=0, YDAY=5
2026-01-25 07:33:35 | INFO     | [SUCCESS] Day 25MAR
2026-01-25 07:33:35 | INFO     | [DAY_START] Processing 24MAR
[LF] Processing CAI-RUH for 24MAR
2026-01-25 07:33:35 | INFO     | [lf.day.start] Processing CAI-RUH for 24MAR
[LF] Sending SN command: SN24MARCAIRUH/ASM
[LF] 24MAR: found 1 direct flights
2026-01-25 07:33:36 | INFO     | [lf.day.flights_found] Found 1 flights on 24MAR
2026-01-25 07:33:38 | INFO     | [lf.flight.extracted] SM469 on 24MAR: BKG=8, LF=4.5%
[LF] SM469 24MAR: BKG=8, GRP=0, CAP=179, LF%=4.5%, Brd-Off=CAI-RUH, Classes: W:1, V:1, K:4, Q:2
[LF] Getting WEEKLY/LASTSOLD data for 1 flights
[LF] SM469 24MAR: LASTSOLD=2026-01-22 00:00:00, WEEKLY=3, TODAY=0, YDAY=0
2026-01-25 07:33:41 | INFO     | [SUCCESS] Day 24MAR
2026-01-25 07:33:41 | INFO     | [DAY_START] Processing 23MAR
[LF] Processing CAI-RUH for 23MAR
2026-01-25 07:33:41 | INFO     | [lf.day.start] Processing CAI-RUH for 23MAR
[LF] Sending SN command: SN23MARCAIRUH/ASM
[LF] 23MAR: found 1 direct flights
2026-01-25 07:33:42 | INFO     | [lf.day.flights_found] Found 1 flights on 23MAR
2026-01-25 07:33:44 | INFO     | [lf.flight.extracted] SM469 on 23MAR: BKG=22, LF=12.3%
[LF] SM469 23MAR: BKG=22, GRP=0, CAP=179, LF%=12.3%, Brd-Off=CAI-RUH, Classes: W:1, G:10, L:10, V:1
[LF] Getting WEEKLY/LASTSOLD data for 1 flights
[LF] SM469 23MAR: LASTSOLD=2026-01-24 00:00:00, WEEKLY=8, TODAY=0, YDAY=1
2026-01-25 07:33:47 | INFO     | [SUCCESS] Day 23MAR
2026-01-25 07:33:47 | INFO     | [DAY_START] Processing 22MAR
[LF] Processing CAI-RUH for 22MAR
2026-01-25 07:33:47 | INFO     | [lf.day.start] Processing CAI-RUH for 22MAR
[LF] Sending SN command: SN22MARCAIRUH/ASM
[LF] 22MAR: found 1 direct flights
2026-01-25 07:33:48 | INFO     | [lf.day.flights_found] Found 1 flights on 22MAR
2026-01-25 07:33:50 | INFO     | [lf.flight.extracted] SM461 on 22MAR: BKG=25, LF=14.0%
[LF] SM461 22MAR: BKG=25, GRP=0, CAP=179, LF%=14.0%, Brd-Off=CAI-RUH, Classes: W:2, S:8, G:11, L:4
[LF] Getting WEEKLY/LASTSOLD data for 1 flights
[LF] SM461 22MAR: LASTSOLD=2026-01-22 00:00:00, WEEKLY=8, TODAY=0, YDAY=0
2026-01-25 07:33:53 | INFO     | [SUCCESS] Day 22MAR
2026-01-25 07:33:53 | INFO     | [DAY_START] Processing 21MAR
[LF] Processing CAI-RUH for 21MAR
2026-01-25 07:33:53 | INFO     | [lf.day.start] Processing CAI-RUH for 21MAR
[LF] Sending SN command: SN21MARCAIRUH/ASM
[LF] 21MAR: found 1 direct flights
2026-01-25 07:33:54 | INFO     | [lf.day.flights_found] Found 1 flights on 21MAR
2026-01-25 07:33:56 | INFO     | [lf.flight.extracted] SM461 on 21MAR: BKG=44, LF=24.6%
[LF] SM461 21MAR: BKG=44, GRP=0, CAP=179, LF%=24.6%, Brd-Off=CAI-RUH, Classes: I:5, O:8, U:8, X:9, T:13, W:1
[LF] Getting WEEKLY/LASTSOLD data for 1 flights
[LF] SM461 21MAR: LASTSOLD=2026-01-23 00:00:00, WEEKLY=7, TODAY=0, YDAY=0
2026-01-25 07:34:01 | INFO     | [SUCCESS] Day 21MAR
2026-01-25 07:34:01 | INFO     | [DAY_START] Processing 20MAR
[LF] Processing CAI-RUH for 20MAR
2026-01-25 07:34:01 | INFO     | [lf.day.start] Processing CAI-RUH for 20MAR
[LF] Sending SN command: SN20MARCAIRUH/ASM
[LF] 20MAR: found 2 direct flights
2026-01-25 07:34:02 | INFO     | [lf.day.flights_found] Found 2 flights on 20MAR
2026-01-25 07:34:04 | INFO     | [lf.flight.extracted] SM461 on 20MAR: BKG=10, LF=5.6%
[LF] SM461 20MAR: BKG=10, GRP=0, CAP=179, LF%=5.6%, Brd-Off=CAI-RUH, Classes: I:7, O:3
2026-01-25 07:34:07 | INFO     | [lf.flight.extracted] SM469 on 20MAR: BKG=13, LF=7.3%
[LF] SM469 20MAR: BKG=13, GRP=0, CAP=179, LF%=7.3%, Brd-Off=CAI-RUH, Classes: I:2, O:11
[LF] Getting WEEKLY/LASTSOLD data for 2 flights
[LF] SM461 20MAR: LASTSOLD=2026-01-21 00:00:00, WEEKLY=1, TODAY=0, YDAY=0
[LF] SM469 20MAR: LASTSOLD=2026-01-18 00:00:00, WEEKLY=3, TODAY=0, YDAY=0
2026-01-25 07:34:11 | INFO     | [SUCCESS] Day 20MAR
[LF] Results summary:
  2026-03-27: 2 flights
  2026-03-26: 1 flights
  2026-03-25: 2 flights
  2026-03-24: 1 flights
  2026-03-23: 1 flights
  2026-03-22: 1 flights
  2026-03-21: 1 flights
  2026-03-20: 2 flights
2026-01-25 07:34:11 | INFO     | [SUCCESS] LF Search Complete

============================================================
[Worker_9225] ✓ COMPLETED: CAI-RUH
  Results: 8 dates
  Errors: 0 dates
  Total Processed: 38 groups
============================================================

2026-01-25 07:34:11 | INFO     | [Worker_9225] Completed: CAI-RUH - 8 results, 0 errors

============================================================
[Worker_9225] Processing: MED-HBE
  Tier 0: Range 2, Chunk 2/4
  Dates: 8 days
  Date Range: 2026-03-19 to 2026-03-12
============================================================

2026-01-25 07:34:11 | INFO     | [Worker_9225] Processing: MED-HBE
2026-01-25 07:34:11 | INFO     |   Tier 0: Range 2, Chunk 2/4 (8 days)
2026-01-25 07:34:11 | INFO     | ======================================================================
2026-01-25 07:34:11 | INFO     | Load Factor Scraper Started - Route: MED-HBE
2026-01-25 07:34:11 | INFO     | Log file: D:\CODERED\LAB\Artifacts\outputs\run_generated_250126_at_07.06\logs\LF_MED-HBE_20260125_073411.log
2026-01-25 07:34:11 | INFO     | Enhanced logging: Capturing both logging.info() and print()
2026-01-25 07:34:11 | INFO     | ======================================================================
[LF] Processing dates (override): ['19MAR', '18MAR', '17MAR', '16MAR', '15MAR', '14MAR', '13MAR', '12MAR']
[LF] Attaching to Chrome for Altea access
2026-01-25 07:34:11 | INFO     | Starting LF search for route: MED-HBE
2026-01-25 07:34:11 | INFO     | [START] LF Search
[LF][[OK] SUCCESS] Connected to Chrome on 127.0.0.1:9225 (after 1 attempts)
2026-01-25 07:34:11 | INFO     | [HEALTH CHECK] [OK] Chrome connection is healthy
[LF][[OK] SUCCESS] Found Amadeus Altea window: Altéa Reservation Desktop
[LF][[INFO] INFO] URL: https://tc212.resdesktop.altea.amadeus.com/app_ard/apf/init/login?SITE=ESMPESMP&LANGUAGE=GB&MARKETS=ARDW_PROD_WBP&ACTION=clpLogin#
2026-01-25 07:34:11 | INFO     | [DAY_START] Processing 19MAR
[LF] Processing MED-HBE for 19MAR
2026-01-25 07:34:11 | INFO     | [lf.day.start] Processing MED-HBE for 19MAR
[LF] Sending SN command: SN19MARMEDHBE/ASM
[LF] 19MAR: found 1 direct flights
2026-01-25 07:34:13 | INFO     | [lf.day.flights_found] Found 1 flights on 19MAR
2026-01-25 07:34:15 | INFO     | [lf.flight.extracted] SM486 on 19MAR: BKG=29, LF=16.6%
[LF] SM486 19MAR: BKG=29, GRP=0, CAP=175, LF%=16.6%, Brd-Off=MED-HBE, Classes: K:5, Q:5, H:5, M:14
[LF] Getting WEEKLY/LASTSOLD data for 1 flights
[LF] SM486 19MAR: LASTSOLD=2026-01-18 00:00:00, WEEKLY=1, TODAY=0, YDAY=0
2026-01-25 07:34:18 | INFO     | [SUCCESS] Day 19MAR
2026-01-25 07:34:18 | INFO     | [DAY_START] Processing 18MAR
[LF] Processing MED-HBE for 18MAR
2026-01-25 07:34:18 | INFO     | [lf.day.start] Processing MED-HBE for 18MAR
[LF] Sending SN command: SN18MARMEDHBE/ASM
[LF] 18MAR: found 1 direct flights
2026-01-25 07:34:19 | INFO     | [lf.day.flights_found] Found 1 flights on 18MAR
2026-01-25 07:34:21 | INFO     | [lf.flight.extracted] SM486 on 18MAR: BKG=27, LF=16.2%
[LF] SM486 18MAR: BKG=27, GRP=0, CAP=167, LF%=16.2%, Brd-Off=MED-HBE, Classes: K:5, Q:5, H:5, M:12
[LF] Getting WEEKLY/LASTSOLD data for 1 flights
[LF] SM486 18MAR: LASTSOLD=2026-01-24 00:00:00, WEEKLY=8, TODAY=0, YDAY=4
2026-01-25 07:34:24 | INFO     | [SUCCESS] Day 18MAR
2026-01-25 07:34:24 | INFO     | [DAY_START] Processing 17MAR
[LF] Processing MED-HBE for 17MAR
2026-01-25 07:34:24 | INFO     | [lf.day.start] Processing MED-HBE for 17MAR
[LF] Sending SN command: SN17MARMEDHBE/ASM
[LF] 17MAR: found 1 direct flights
2026-01-25 07:34:25 | INFO     | [lf.day.flights_found] Found 1 flights on 17MAR
2026-01-25 07:34:27 | INFO     | [lf.flight.extracted] SM486 on 17MAR: BKG=12, LF=7.2%
[LF] SM486 17MAR: BKG=12, GRP=0, CAP=167, LF%=7.2%, Brd-Off=MED-HBE, Classes: K:5, Q:5, H:1, M:1
[LF] Getting WEEKLY/LASTSOLD data for 1 flights
[LF] SM486 17MAR: LASTSOLD=2026-01-12 00:00:00, WEEKLY=0, TODAY=0, YDAY=0
2026-01-25 07:34:30 | INFO     | [SUCCESS] Day 17MAR
2026-01-25 07:34:30 | INFO     | [DAY_START] Processing 16MAR
[LF] Processing MED-HBE for 16MAR
2026-01-25 07:34:30 | INFO     | [lf.day.start] Processing MED-HBE for 16MAR
[LF] Sending SN command: SN16MARMEDHBE/ASM
[LF] No direct flights on 16MAR for MED-HBE
2026-01-25 07:34:31 | WARNING  | [lf.day.no_flights] No direct flights on 16MAR
2026-01-25 07:34:31 | INFO     | [SUCCESS] Day 16MAR
2026-01-25 07:34:31 | INFO     | [DAY_START] Processing 15MAR
[LF] Processing MED-HBE for 15MAR
2026-01-25 07:34:31 | INFO     | [lf.day.start] Processing MED-HBE for 15MAR
[LF] Sending SN command: SN15MARMEDHBE/ASM
[LF] 15MAR: found 1 direct flights
2026-01-25 07:34:32 | INFO     | [lf.day.flights_found] Found 1 flights on 15MAR
2026-01-25 07:34:34 | INFO     | [lf.flight.extracted] SM486 on 15MAR: BKG=11, LF=6.3%
[LF] SM486 15MAR: BKG=11, GRP=0, CAP=175, LF%=6.3%, Brd-Off=MED-HBE, Classes: S:7, K:2, Q:1, Y:1
[LF] Getting WEEKLY/LASTSOLD data for 1 flights
[LF] SM486 15MAR: LASTSOLD=2026-01-14 00:00:00, WEEKLY=0, TODAY=0, YDAY=0
2026-01-25 07:34:37 | INFO     | [SUCCESS] Day 15MAR
2026-01-25 07:34:37 | INFO     | [DAY_START] Processing 14MAR
[LF] Processing MED-HBE for 14MAR
2026-01-25 07:34:37 | INFO     | [lf.day.start] Processing MED-HBE for 14MAR
[LF] Sending SN command: SN14MARMEDHBE/ASM
[LF] No direct flights on 14MAR for MED-HBE
2026-01-25 07:34:38 | WARNING  | [lf.day.no_flights] No direct flights on 14MAR
2026-01-25 07:34:38 | INFO     | [SUCCESS] Day 14MAR
2026-01-25 07:34:38 | INFO     | [DAY_START] Processing 13MAR
[LF] Processing MED-HBE for 13MAR
2026-01-25 07:34:38 | INFO     | [lf.day.start] Processing MED-HBE for 13MAR
[LF] Sending SN command: SN13MARMEDHBE/ASM
[LF] No direct flights on 13MAR for MED-HBE
2026-01-25 07:34:39 | WARNING  | [lf.day.no_flights] No direct flights on 13MAR
2026-01-25 07:34:39 | INFO     | [SUCCESS] Day 13MAR
2026-01-25 07:34:39 | INFO     | [DAY_START] Processing 12MAR
[LF] Processing MED-HBE for 12MAR
2026-01-25 07:34:39 | INFO     | [lf.day.start] Processing MED-HBE for 12MAR
[LF] Sending SN command: SN12MARMEDHBE/ASM
[LF] 12MAR: found 1 direct flights
2026-01-25 07:34:40 | INFO     | [lf.day.flights_found] Found 1 flights on 12MAR
2026-01-25 07:34:42 | INFO     | [lf.flight.extracted] SM486 on 12MAR: BKG=130, LF=74.3%
[LF] SM486 12MAR: BKG=130, GRP=90, CAP=175, LF%=74.3%, Brd-Off=MED-HBE, Classes: P:90, T:9, W:8, S:17, G:3, K:3
[LF] Getting WEEKLY/LASTSOLD data for 1 flights
[LF] SM486 12MAR: LASTSOLD=2026-01-20 00:00:00, WEEKLY=2, TODAY=0, YDAY=0
2026-01-25 07:34:46 | INFO     | [SUCCESS] Day 12MAR
[LF] Results summary:
  2026-03-19: 1 flights
  2026-03-18: 1 flights
  2026-03-17: 1 flights
  2026-03-16: 0 flights
  2026-03-15: 1 flights
  2026-03-14: 0 flights
  2026-03-13: 0 flights
  2026-03-12: 1 flights
2026-01-25 07:34:46 | INFO     | [SUCCESS] LF Search Complete

============================================================
[Worker_9225] ✓ COMPLETED: MED-HBE
  Results: 8 dates
  Errors: 0 dates
  Total Processed: 39 groups
============================================================

2026-01-25 07:34:46 | INFO     | [Worker_9225] Completed: MED-HBE - 8 results, 0 errors

============================================================
[Worker_9225] Processing: JED-ASW
  Tier 0: Range 2, Chunk 2/4
  Dates: 8 days
  Date Range: 2026-03-19 to 2026-03-12
============================================================

2026-01-25 07:34:46 | INFO     | [Worker_9225] Processing: JED-ASW
2026-01-25 07:34:46 | INFO     |   Tier 0: Range 2, Chunk 2/4 (8 days)
2026-01-25 07:34:46 | INFO     | ======================================================================
2026-01-25 07:34:46 | INFO     | Load Factor Scraper Started - Route: JED-ASW
2026-01-25 07:34:46 | INFO     | Log file: D:\CODERED\LAB\Artifacts\outputs\run_generated_250126_at_07.06\logs\LF_JED-ASW_20260125_073446.log
2026-01-25 07:34:46 | INFO     | Enhanced logging: Capturing both logging.info() and print()
2026-01-25 07:34:46 | INFO     | ======================================================================
[LF] Processing dates (override): ['19MAR', '18MAR', '17MAR', '16MAR', '15MAR', '14MAR', '13MAR', '12MAR']
[LF] Attaching to Chrome for Altea access
2026-01-25 07:34:46 | INFO     | Starting LF search for route: JED-ASW
2026-01-25 07:34:46 | INFO     | [START] LF Search
[LF][[OK] SUCCESS] Connected to Chrome on 127.0.0.1:9225 (after 1 attempts)
2026-01-25 07:34:47 | INFO     | [HEALTH CHECK] [OK] Chrome connection is healthy
[LF][[OK] SUCCESS] Found Amadeus Altea window: Altéa Reservation Desktop
[LF][[INFO] INFO] URL: https://tc212.resdesktop.altea.amadeus.com/app_ard/apf/init/login?SITE=ESMPESMP&LANGUAGE=GB&MARKETS=ARDW_PROD_WBP&ACTION=clpLogin#
2026-01-25 07:34:47 | INFO     | [DAY_START] Processing 19MAR
[LF] Processing JED-ASW for 19MAR
2026-01-25 07:34:47 | INFO     | [lf.day.start] Processing JED-ASW for 19MAR
[LF] Sending SN command: SN19MARJEDASW/ASM
[LF] 19MAR: 2 cancelled flight(s) detected from SN (JED-ASW)
[LF] No direct flights on 19MAR for JED-ASW
2026-01-25 07:34:49 | WARNING  | [lf.day.no_flights] No direct flights on 19MAR
2026-01-25 07:34:49 | INFO     | [SUCCESS] Day 19MAR
2026-01-25 07:34:49 | INFO     | [DAY_START] Processing 18MAR
[LF] Processing JED-ASW for 18MAR
2026-01-25 07:34:49 | INFO     | [lf.day.start] Processing JED-ASW for 18MAR
[LF] Sending SN command: SN18MARJEDASW/ASM
[LF] No direct flights on 18MAR for JED-ASW
2026-01-25 07:34:50 | WARNING  | [lf.day.no_flights] No direct flights on 18MAR
2026-01-25 07:34:50 | INFO     | [SUCCESS] Day 18MAR
2026-01-25 07:34:50 | INFO     | [DAY_START] Processing 17MAR
[LF] Processing JED-ASW for 17MAR
2026-01-25 07:34:50 | INFO     | [lf.day.start] Processing JED-ASW for 17MAR
[LF] Sending SN command: SN17MARJEDASW/ASM
[LF] No direct flights on 17MAR for JED-ASW
2026-01-25 07:34:51 | WARNING  | [lf.day.no_flights] No direct flights on 17MAR
2026-01-25 07:34:51 | INFO     | [SUCCESS] Day 17MAR
2026-01-25 07:34:51 | INFO     | [DAY_START] Processing 16MAR
[LF] Processing JED-ASW for 16MAR
2026-01-25 07:34:51 | INFO     | [lf.day.start] Processing JED-ASW for 16MAR
[LF] Sending SN command: SN16MARJEDASW/ASM
[LF] No direct flights on 16MAR for JED-ASW
2026-01-25 07:34:52 | WARNING  | [lf.day.no_flights] No direct flights on 16MAR
2026-01-25 07:34:52 | INFO     | [SUCCESS] Day 16MAR
2026-01-25 07:34:52 | INFO     | [DAY_START] Processing 15MAR
[LF] Processing JED-ASW for 15MAR
2026-01-25 07:34:52 | INFO     | [lf.day.start] Processing JED-ASW for 15MAR
[LF] Sending SN command: SN15MARJEDASW/ASM
[LF] No direct flights on 15MAR for JED-ASW
2026-01-25 07:34:53 | WARNING  | [lf.day.no_flights] No direct flights on 15MAR
2026-01-25 07:34:53 | INFO     | [SUCCESS] Day 15MAR
2026-01-25 07:34:53 | INFO     | [DAY_START] Processing 14MAR
[LF] Processing JED-ASW for 14MAR
2026-01-25 07:34:53 | INFO     | [lf.day.start] Processing JED-ASW for 14MAR
[LF] Sending SN command: SN14MARJEDASW/ASM
[LF] No direct flights on 14MAR for JED-ASW
2026-01-25 07:34:55 | WARNING  | [lf.day.no_flights] No direct flights on 14MAR
2026-01-25 07:34:55 | INFO     | [SUCCESS] Day 14MAR
2026-01-25 07:34:55 | INFO     | [DAY_START] Processing 13MAR
[LF] Processing JED-ASW for 13MAR
2026-01-25 07:34:55 | INFO     | [lf.day.start] Processing JED-ASW for 13MAR
[LF] Sending SN command: SN13MARJEDASW/ASM
[LF] No direct flights on 13MAR for JED-ASW
2026-01-25 07:34:56 | WARNING  | [lf.day.no_flights] No direct flights on 13MAR
2026-01-25 07:34:56 | INFO     | [SUCCESS] Day 13MAR
2026-01-25 07:34:56 | INFO     | [DAY_START] Processing 12MAR
[LF] Processing JED-ASW for 12MAR
2026-01-25 07:34:56 | INFO     | [lf.day.start] Processing JED-ASW for 12MAR
[LF] Sending SN command: SN12MARJEDASW/ASM
[LF] No direct flights on 12MAR for JED-ASW
2026-01-25 07:34:57 | WARNING  | [lf.day.no_flights] No direct flights on 12MAR
2026-01-25 07:34:57 | INFO     | [SUCCESS] Day 12MAR
[LF] Results summary:
  2026-03-19: 0 flights
  2026-03-18: 0 flights
  2026-03-17: 0 flights
  2026-03-16: 0 flights
  2026-03-15: 0 flights
  2026-03-14: 0 flights
  2026-03-13: 0 flights
  2026-03-12: 0 flights
[LF] Cancelled flights found: 2
  - SM2446 19MAR (SN)
  - SM2446 19MAR (SN)
2026-01-25 07:34:57 | INFO     | [SUCCESS] LF Search Complete
[Worker_9225] Cancelled flights collected: 2

============================================================
[Worker_9225] ✓ COMPLETED: JED-ASW
  Results: 8 dates
  Errors: 0 dates
  Total Processed: 40 groups
============================================================

2026-01-25 07:34:57 | INFO     | [Worker_9225] Completed: JED-ASW - 8 results, 0 errors

============================================================
[Worker_9225] Processing: RUH-ATZ
  Tier 0: Range 2, Chunk 2/4
  Dates: 8 days
  Date Range: 2026-03-19 to 2026-03-12
============================================================

2026-01-25 07:34:57 | INFO     | [Worker_9225] Processing: RUH-ATZ
2026-01-25 07:34:57 | INFO     |   Tier 0: Range 2, Chunk 2/4 (8 days)
2026-01-25 07:34:57 | INFO     | ======================================================================
2026-01-25 07:34:57 | INFO     | Load Factor Scraper Started - Route: RUH-ATZ
2026-01-25 07:34:57 | INFO     | Log file: D:\CODERED\LAB\Artifacts\outputs\run_generated_250126_at_07.06\logs\LF_RUH-ATZ_20260125_073457.log
2026-01-25 07:34:57 | INFO     | Enhanced logging: Capturing both logging.info() and print()
2026-01-25 07:34:57 | INFO     | ======================================================================
[LF] Processing dates (override): ['19MAR', '18MAR', '17MAR', '16MAR', '15MAR', '14MAR', '13MAR', '12MAR']
[LF] Attaching to Chrome for Altea access
2026-01-25 07:34:57 | INFO     | Starting LF search for route: RUH-ATZ
2026-01-25 07:34:57 | INFO     | [START] LF Search
[LF][[OK] SUCCESS] Connected to Chrome on 127.0.0.1:9225 (after 1 attempts)
2026-01-25 07:34:58 | INFO     | [HEALTH CHECK] [OK] Chrome connection is healthy
[LF][[OK] SUCCESS] Found Amadeus Altea window: Altéa Reservation Desktop
[LF][[INFO] INFO] URL: https://tc212.resdesktop.altea.amadeus.com/app_ard/apf/init/login?SITE=ESMPESMP&LANGUAGE=GB&MARKETS=ARDW_PROD_WBP&ACTION=clpLogin#
2026-01-25 07:34:58 | INFO     | [DAY_START] Processing 19MAR
[LF] Processing RUH-ATZ for 19MAR
2026-01-25 07:34:58 | INFO     | [lf.day.start] Processing RUH-ATZ for 19MAR
[LF] Sending SN command: SN19MARRUHATZ/ASM
[LF] No direct flights on 19MAR for RUH-ATZ
2026-01-25 07:34:59 | WARNING  | [lf.day.no_flights] No direct flights on 19MAR
2026-01-25 07:34:59 | INFO     | [SUCCESS] Day 19MAR
2026-01-25 07:34:59 | INFO     | [DAY_START] Processing 18MAR
[LF] Processing RUH-ATZ for 18MAR
2026-01-25 07:34:59 | INFO     | [lf.day.start] Processing RUH-ATZ for 18MAR
[LF] Sending SN command: SN18MARRUHATZ/ASM
[LF] 18MAR: found 1 direct flights
2026-01-25 07:35:00 | INFO     | [lf.day.flights_found] Found 1 flights on 18MAR
2026-01-25 07:35:02 | INFO     | [lf.flight.extracted] SM466 on 18MAR: BKG=32, LF=18.3%
[LF] SM466 18MAR: BKG=32, GRP=0, CAP=175, LF%=18.3%, Brd-Off=RUH-ATZ, Classes: X:2, S:2, G:8, L:1, M:8, B:11
[LF] Getting WEEKLY/LASTSOLD data for 1 flights
[LF] SM466 18MAR: LASTSOLD=2026-01-22 00:00:00, WEEKLY=7, TODAY=0, YDAY=0
2026-01-25 07:35:05 | INFO     | [SUCCESS] Day 18MAR
2026-01-25 07:35:05 | INFO     | [DAY_START] Processing 17MAR
[LF] Processing RUH-ATZ for 17MAR
2026-01-25 07:35:05 | INFO     | [lf.day.start] Processing RUH-ATZ for 17MAR
[LF] Sending SN command: SN17MARRUHATZ/ASM
[LF] 17MAR: found 1 direct flights
2026-01-25 07:35:06 | INFO     | [lf.day.flights_found] Found 1 flights on 17MAR
2026-01-25 07:35:08 | INFO     | [lf.flight.extracted] SM464 on 17MAR: BKG=13, LF=7.4%
[LF] SM464 17MAR: BKG=13, GRP=0, CAP=175, LF%=7.4%, Brd-Off=RUH-ATZ, Classes: W:1, S:2, G:1, M:9
[LF] Getting WEEKLY/LASTSOLD data for 1 flights
[LF] SM464 17MAR: LASTSOLD=2026-01-22 00:00:00, WEEKLY=4, TODAY=0, YDAY=0
2026-01-25 07:35:11 | INFO     | [SUCCESS] Day 17MAR
2026-01-25 07:35:11 | INFO     | [DAY_START] Processing 16MAR
[LF] Processing RUH-ATZ for 16MAR
2026-01-25 07:35:11 | INFO     | [lf.day.start] Processing RUH-ATZ for 16MAR
[LF] Sending SN command: SN16MARRUHATZ/ASM
[LF] No direct flights on 16MAR for RUH-ATZ
2026-01-25 07:35:12 | WARNING  | [lf.day.no_flights] No direct flights on 16MAR
2026-01-25 07:35:12 | INFO     | [SUCCESS] Day 16MAR
2026-01-25 07:35:12 | INFO     | [DAY_START] Processing 15MAR
[LF] Processing RUH-ATZ for 15MAR
2026-01-25 07:35:12 | INFO     | [lf.day.start] Processing RUH-ATZ for 15MAR
[LF] Sending SN command: SN15MARRUHATZ/ASM
[LF] 15MAR: found 1 direct flights
2026-01-25 07:35:13 | INFO     | [lf.day.flights_found] Found 1 flights on 15MAR
2026-01-25 07:35:15 | INFO     | [lf.flight.extracted] SM464 on 15MAR: BKG=17, LF=9.9%
[LF] SM464 15MAR: BKG=17, GRP=0, CAP=172, LF%=9.9%, Brd-Off=RUH-ATZ, Classes: X:1, W:1, S:4, Q:1, M:10
[LF] Getting WEEKLY/LASTSOLD data for 1 flights
[LF] SM464 15MAR: LASTSOLD=2026-01-24 00:00:00, WEEKLY=4, TODAY=0, YDAY=2
2026-01-25 07:35:18 | INFO     | [SUCCESS] Day 15MAR
2026-01-25 07:35:18 | INFO     | [DAY_START] Processing 14MAR
[LF] Processing RUH-ATZ for 14MAR
2026-01-25 07:35:18 | INFO     | [lf.day.start] Processing RUH-ATZ for 14MAR
[LF] Sending SN command: SN14MARRUHATZ/ASM
[LF] No direct flights on 14MAR for RUH-ATZ
2026-01-25 07:35:19 | WARNING  | [lf.day.no_flights] No direct flights on 14MAR
2026-01-25 07:35:19 | INFO     | [SUCCESS] Day 14MAR
2026-01-25 07:35:19 | INFO     | [DAY_START] Processing 13MAR
[LF] Processing RUH-ATZ for 13MAR
2026-01-25 07:35:19 | INFO     | [lf.day.start] Processing RUH-ATZ for 13MAR
[LF] Sending SN command: SN13MARRUHATZ/ASM
[LF] No direct flights on 13MAR for RUH-ATZ
2026-01-25 07:35:20 | WARNING  | [lf.day.no_flights] No direct flights on 13MAR
2026-01-25 07:35:20 | INFO     | [SUCCESS] Day 13MAR
2026-01-25 07:35:20 | INFO     | [DAY_START] Processing 12MAR
[LF] Processing RUH-ATZ for 12MAR
2026-01-25 07:35:20 | INFO     | [lf.day.start] Processing RUH-ATZ for 12MAR
[LF] Sending SN command: SN12MARRUHATZ/ASM
[LF] No direct flights on 12MAR for RUH-ATZ
2026-01-25 07:35:21 | WARNING  | [lf.day.no_flights] No direct flights on 12MAR
2026-01-25 07:35:21 | INFO     | [SUCCESS] Day 12MAR
[LF] Results summary:
  2026-03-19: 0 flights
  2026-03-18: 1 flights
  2026-03-17: 1 flights
  2026-03-16: 0 flights
  2026-03-15: 1 flights
  2026-03-14: 0 flights
  2026-03-13: 0 flights
  2026-03-12: 0 flights
2026-01-25 07:35:21 | INFO     | [SUCCESS] LF Search Complete

============================================================
[Worker_9225] ✓ COMPLETED: RUH-ATZ
  Results: 8 dates
  Errors: 0 dates
  Total Processed: 41 groups
============================================================

2026-01-25 07:35:21 | INFO     | [Worker_9225] Completed: RUH-ATZ - 8 results, 0 errors

============================================================
[Worker_9225] Processing: TUU-ATZ
  Tier 0: Range 2, Chunk 2/4
  Dates: 8 days
  Date Range: 2026-03-19 to 2026-03-12
============================================================

2026-01-25 07:35:21 | INFO     | [Worker_9225] Processing: TUU-ATZ
2026-01-25 07:35:21 | INFO     |   Tier 0: Range 2, Chunk 2/4 (8 days)
2026-01-25 07:35:21 | INFO     | ======================================================================
2026-01-25 07:35:21 | INFO     | Load Factor Scraper Started - Route: TUU-ATZ
2026-01-25 07:35:21 | INFO     | Log file: D:\CODERED\LAB\Artifacts\outputs\run_generated_250126_at_07.06\logs\LF_TUU-ATZ_20260125_073521.log
2026-01-25 07:35:21 | INFO     | Enhanced logging: Capturing both logging.info() and print()
2026-01-25 07:35:21 | INFO     | ======================================================================
[LF] Processing dates (override): ['19MAR', '18MAR', '17MAR', '16MAR', '15MAR', '14MAR', '13MAR', '12MAR']
[LF] Attaching to Chrome for Altea access
2026-01-25 07:35:21 | INFO     | Starting LF search for route: TUU-ATZ
2026-01-25 07:35:21 | INFO     | [START] LF Search
[LF][[OK] SUCCESS] Connected to Chrome on 127.0.0.1:9225 (after 1 attempts)
2026-01-25 07:35:22 | INFO     | [HEALTH CHECK] [OK] Chrome connection is healthy
[LF][[OK] SUCCESS] Found Amadeus Altea window: Altéa Reservation Desktop
[LF][[INFO] INFO] URL: https://tc212.resdesktop.altea.amadeus.com/app_ard/apf/init/login?SITE=ESMPESMP&LANGUAGE=GB&MARKETS=ARDW_PROD_WBP&ACTION=clpLogin#
2026-01-25 07:35:22 | INFO     | [DAY_START] Processing 19MAR
[LF] Processing TUU-ATZ for 19MAR
2026-01-25 07:35:22 | INFO     | [lf.day.start] Processing TUU-ATZ for 19MAR
[LF] Sending SN command: SN19MARTUUATZ/ASM
[LF] No direct flights on 19MAR for TUU-ATZ
2026-01-25 07:35:23 | WARNING  | [lf.day.no_flights] No direct flights on 19MAR
2026-01-25 07:35:23 | INFO     | [SUCCESS] Day 19MAR
2026-01-25 07:35:23 | INFO     | [DAY_START] Processing 18MAR
[LF] Processing TUU-ATZ for 18MAR
2026-01-25 07:35:23 | INFO     | [lf.day.start] Processing TUU-ATZ for 18MAR
[LF] Sending SN command: SN18MARTUUATZ/ASM
[LF] No direct flights on 18MAR for TUU-ATZ
2026-01-25 07:35:24 | WARNING  | [lf.day.no_flights] No direct flights on 18MAR
2026-01-25 07:35:24 | INFO     | [SUCCESS] Day 18MAR
2026-01-25 07:35:24 | INFO     | [DAY_START] Processing 17MAR
[LF] Processing TUU-ATZ for 17MAR
2026-01-25 07:35:24 | INFO     | [lf.day.start] Processing TUU-ATZ for 17MAR
[LF] Sending SN command: SN17MARTUUATZ/ASM
[LF] No direct flights on 17MAR for TUU-ATZ
2026-01-25 07:35:25 | WARNING  | [lf.day.no_flights] No direct flights on 17MAR
2026-01-25 07:35:25 | INFO     | [SUCCESS] Day 17MAR
2026-01-25 07:35:25 | INFO     | [DAY_START] Processing 16MAR
[LF] Processing TUU-ATZ for 16MAR
2026-01-25 07:35:25 | INFO     | [lf.day.start] Processing TUU-ATZ for 16MAR
[LF] Sending SN command: SN16MARTUUATZ/ASM
[LF] No direct flights on 16MAR for TUU-ATZ
2026-01-25 07:35:26 | WARNING  | [lf.day.no_flights] No direct flights on 16MAR
2026-01-25 07:35:26 | INFO     | [SUCCESS] Day 16MAR
2026-01-25 07:35:26 | INFO     | [DAY_START] Processing 15MAR
[LF] Processing TUU-ATZ for 15MAR
2026-01-25 07:35:26 | INFO     | [lf.day.start] Processing TUU-ATZ for 15MAR
[LF] Sending SN command: SN15MARTUUATZ/ASM
[LF] No direct flights on 15MAR for TUU-ATZ
2026-01-25 07:35:28 | WARNING  | [lf.day.no_flights] No direct flights on 15MAR
2026-01-25 07:35:28 | INFO     | [SUCCESS] Day 15MAR
2026-01-25 07:35:28 | INFO     | [DAY_START] Processing 14MAR
[LF] Processing TUU-ATZ for 14MAR
2026-01-25 07:35:28 | INFO     | [lf.day.start] Processing TUU-ATZ for 14MAR
[LF] Sending SN command: SN14MARTUUATZ/ASM
[LF] No direct flights on 14MAR for TUU-ATZ
2026-01-25 07:35:29 | WARNING  | [lf.day.no_flights] No direct flights on 14MAR
2026-01-25 07:35:29 | INFO     | [SUCCESS] Day 14MAR
2026-01-25 07:35:29 | INFO     | [DAY_START] Processing 13MAR
[LF] Processing TUU-ATZ for 13MAR
2026-01-25 07:35:29 | INFO     | [lf.day.start] Processing TUU-ATZ for 13MAR
[LF] Sending SN command: SN13MARTUUATZ/ASM
[LF] 13MAR: found 1 direct flights
2026-01-25 07:35:30 | INFO     | [lf.day.flights_found] Found 1 flights on 13MAR
2026-01-25 07:35:32 | INFO     | [lf.flight.extracted] SM328 on 13MAR: BKG=14, LF=8.4%
[LF] SM328 13MAR: BKG=14, GRP=0, CAP=167, LF%=8.4%, Brd-Off=TUU-ATZ, Classes: K:5, Q:2, M:7
[LF] Getting WEEKLY/LASTSOLD data for 1 flights
[LF] SM328 13MAR: LASTSOLD=2026-01-25 00:00:00, WEEKLY=3, TODAY=1, YDAY=0
2026-01-25 07:35:34 | INFO     | [SUCCESS] Day 13MAR
2026-01-25 07:35:34 | INFO     | [DAY_START] Processing 12MAR
[LF] Processing TUU-ATZ for 12MAR
2026-01-25 07:35:34 | INFO     | [lf.day.start] Processing TUU-ATZ for 12MAR
[LF] Sending SN command: SN12MARTUUATZ/ASM
[LF] No direct flights on 12MAR for TUU-ATZ
2026-01-25 07:35:36 | WARNING  | [lf.day.no_flights] No direct flights on 12MAR
2026-01-25 07:35:36 | INFO     | [SUCCESS] Day 12MAR
[LF] Results summary:
  2026-03-19: 0 flights
  2026-03-18: 0 flights
  2026-03-17: 0 flights
  2026-03-16: 0 flights
  2026-03-15: 0 flights
  2026-03-14: 0 flights
  2026-03-13: 1 flights
  2026-03-12: 0 flights
2026-01-25 07:35:36 | INFO     | [SUCCESS] LF Search Complete

============================================================
[Worker_9225] ✓ COMPLETED: TUU-ATZ
  Results: 8 dates
  Errors: 0 dates
  Total Processed: 42 groups
============================================================

2026-01-25 07:35:36 | INFO     | [Worker_9225] Completed: TUU-ATZ - 8 results, 0 errors

============================================================
[Worker_9225] Processing: YNB-CAI
  Tier 0: Range 2, Chunk 2/4
  Dates: 8 days
  Date Range: 2026-03-19 to 2026-03-12
============================================================

2026-01-25 07:35:36 | INFO     | [Worker_9225] Processing: YNB-CAI
2026-01-25 07:35:36 | INFO     |   Tier 0: Range 2, Chunk 2/4 (8 days)
2026-01-25 07:35:36 | INFO     | ======================================================================
2026-01-25 07:35:36 | INFO     | Load Factor Scraper Started - Route: YNB-CAI
2026-01-25 07:35:36 | INFO     | Log file: D:\CODERED\LAB\Artifacts\outputs\run_generated_250126_at_07.06\logs\LF_YNB-CAI_20260125_073536.log
2026-01-25 07:35:36 | INFO     | Enhanced logging: Capturing both logging.info() and print()
2026-01-25 07:35:36 | INFO     | ======================================================================
[LF] Processing dates (override): ['19MAR', '18MAR', '17MAR', '16MAR', '15MAR', '14MAR', '13MAR', '12MAR']
[LF] Attaching to Chrome for Altea access
2026-01-25 07:35:36 | INFO     | Starting LF search for route: YNB-CAI
2026-01-25 07:35:36 | INFO     | [START] LF Search
[LF][[OK] SUCCESS] Connected to Chrome on 127.0.0.1:9225 (after 1 attempts)
2026-01-25 07:35:37 | INFO     | [HEALTH CHECK] [OK] Chrome connection is healthy
[LF][[OK] SUCCESS] Found Amadeus Altea window: Altéa Reservation Desktop
[LF][[INFO] INFO] URL: https://tc212.resdesktop.altea.amadeus.com/app_ard/apf/init/login?SITE=ESMPESMP&LANGUAGE=GB&MARKETS=ARDW_PROD_WBP&ACTION=clpLogin#
2026-01-25 07:35:37 | INFO     | [DAY_START] Processing 19MAR
[LF] Processing YNB-CAI for 19MAR
2026-01-25 07:35:37 | INFO     | [lf.day.start] Processing YNB-CAI for 19MAR
[LF] Sending SN command: SN19MARYNBCAI/ASM
[LF] 19MAR: found 2 direct flights
2026-01-25 07:35:38 | INFO     | [lf.day.flights_found] Found 2 flights on 19MAR
2026-01-25 07:35:40 | INFO     | [lf.flight.extracted] SM988 on 19MAR: BKG=8, LF=4.8%
[LF] SM988 19MAR: BKG=8, GRP=0, CAP=167, LF%=4.8%, Brd-Off=YNB-CAI, Classes: K:8
2026-01-25 07:35:43 | INFO     | [lf.flight.extracted] SM442 on 19MAR: BKG=11, LF=6.3%
[LF] SM442 19MAR: BKG=11, GRP=0, CAP=175, LF%=6.3%, Brd-Off=YNB-CAI, Classes: V:3, K:6, Q:2
[LF] Getting WEEKLY/LASTSOLD data for 2 flights
[LF] SM988 19MAR: LASTSOLD=2026-01-04 00:00:00, WEEKLY=0, TODAY=0, YDAY=0
[LF] SM442 19MAR: LASTSOLD=2026-01-17 00:00:00, WEEKLY=0, TODAY=0, YDAY=0
2026-01-25 07:35:47 | INFO     | [SUCCESS] Day 19MAR
2026-01-25 07:35:47 | INFO     | [DAY_START] Processing 18MAR
[LF] Processing YNB-CAI for 18MAR
2026-01-25 07:35:47 | INFO     | [lf.day.start] Processing YNB-CAI for 18MAR
[LF] Sending SN command: SN18MARYNBCAI/ASM
[LF] 18MAR: found 1 direct flights
2026-01-25 07:35:48 | INFO     | [lf.day.flights_found] Found 1 flights on 18MAR
2026-01-25 07:35:50 | INFO     | [lf.flight.extracted] SM442 on 18MAR: BKG=27, LF=15.4%
[LF] SM442 18MAR: BKG=27, GRP=0, CAP=175, LF%=15.4%, Brd-Off=YNB-CAI, Classes: W:2, V:14, K:3, H:8
[LF] Getting WEEKLY/LASTSOLD data for 1 flights
[LF] SM442 18MAR: LASTSOLD=2026-01-19 00:00:00, WEEKLY=1, TODAY=0, YDAY=0
2026-01-25 07:35:53 | INFO     | [SUCCESS] Day 18MAR
2026-01-25 07:35:53 | INFO     | [DAY_START] Processing 17MAR
[LF] Processing YNB-CAI for 17MAR
2026-01-25 07:35:53 | INFO     | [lf.day.start] Processing YNB-CAI for 17MAR
[LF] Sending SN command: SN17MARYNBCAI/ASM
[LF] 17MAR: found 1 direct flights
2026-01-25 07:35:54 | INFO     | [lf.day.flights_found] Found 1 flights on 17MAR
2026-01-25 07:35:56 | INFO     | [lf.flight.extracted] SM442 on 17MAR: BKG=14, LF=8.0%
[LF] SM442 17MAR: BKG=14, GRP=0, CAP=175, LF%=8.0%, Brd-Off=YNB-CAI, Classes: V:2, K:7, Q:3, M:2
[LF] Getting WEEKLY/LASTSOLD data for 1 flights
[LF] SM442 17MAR: LASTSOLD=2026-01-22 00:00:00, WEEKLY=2, TODAY=0, YDAY=0
2026-01-25 07:35:59 | INFO     | [SUCCESS] Day 17MAR
2026-01-25 07:35:59 | INFO     | [DAY_START] Processing 16MAR
[LF] Processing YNB-CAI for 16MAR
2026-01-25 07:35:59 | INFO     | [lf.day.start] Processing YNB-CAI for 16MAR
[LF] Sending SN command: SN16MARYNBCAI/ASM
[LF] 16MAR: found 1 direct flights
2026-01-25 07:36:00 | INFO     | [lf.day.flights_found] Found 1 flights on 16MAR
2026-01-25 07:36:02 | INFO     | [lf.flight.extracted] SM442 on 16MAR: BKG=15, LF=8.6%
[LF] SM442 16MAR: BKG=15, GRP=0, CAP=175, LF%=8.6%, Brd-Off=YNB-CAI, Classes: W:5, V:2, K:2, Q:6
[LF] Getting WEEKLY/LASTSOLD data for 1 flights
[LF] SM442 16MAR: LASTSOLD=2026-01-22 00:00:00, WEEKLY=7, TODAY=0, YDAY=0
2026-01-25 07:36:05 | INFO     | [SUCCESS] Day 16MAR
2026-01-25 07:36:05 | INFO     | [DAY_START] Processing 15MAR
[LF] Processing YNB-CAI for 15MAR
2026-01-25 07:36:05 | INFO     | [lf.day.start] Processing YNB-CAI for 15MAR
[LF] Sending SN command: SN15MARYNBCAI/ASM
[LF] 15MAR: found 1 direct flights
2026-01-25 07:36:06 | INFO     | [lf.day.flights_found] Found 1 flights on 15MAR
2026-01-25 07:36:08 | INFO     | [lf.flight.extracted] SM442 on 15MAR: BKG=7, LF=4.0%
[LF] SM442 15MAR: BKG=7, GRP=0, CAP=175, LF%=4.0%, Brd-Off=YNB-CAI, Classes: W:2, K:5
[LF] Getting WEEKLY/LASTSOLD data for 1 flights
[LF] SM442 15MAR: LASTSOLD=2026-01-22 00:00:00, WEEKLY=4, TODAY=0, YDAY=0
2026-01-25 07:36:11 | INFO     | [SUCCESS] Day 15MAR
2026-01-25 07:36:11 | INFO     | [DAY_START] Processing 14MAR
[LF] Processing YNB-CAI for 14MAR
2026-01-25 07:36:11 | INFO     | [lf.day.start] Processing YNB-CAI for 14MAR
[LF] Sending SN command: SN14MARYNBCAI/ASM
[LF] 14MAR: found 1 direct flights
2026-01-25 07:36:12 | INFO     | [lf.day.flights_found] Found 1 flights on 14MAR
2026-01-25 07:36:14 | INFO     | [lf.flight.extracted] SM442 on 14MAR: BKG=5, LF=2.9%
[LF] SM442 14MAR: BKG=5, GRP=0, CAP=175, LF%=2.9%, Brd-Off=YNB-CAI, Classes: W:5
[LF] Getting WEEKLY/LASTSOLD data for 1 flights
[LF] SM442 14MAR: LASTSOLD=2025-10-28 00:00:00, WEEKLY=0, TODAY=0, YDAY=0
2026-01-25 07:36:16 | INFO     | [SUCCESS] Day 14MAR
2026-01-25 07:36:16 | INFO     | [DAY_START] Processing 13MAR
[LF] Processing YNB-CAI for 13MAR
2026-01-25 07:36:16 | INFO     | [lf.day.start] Processing YNB-CAI for 13MAR
[LF] Sending SN command: SN13MARYNBCAI/ASM
[LF] 13MAR: found 1 direct flights
2026-01-25 07:36:18 | INFO     | [lf.day.flights_found] Found 1 flights on 13MAR
2026-01-25 07:36:20 | INFO     | [lf.flight.extracted] SM442 on 13MAR: BKG=47, LF=26.9%
[LF] SM442 13MAR: BKG=47, GRP=0, CAP=175, LF%=26.9%, Brd-Off=YNB-CAI, Classes: T:9, W:8, S:17, G:10, V:1, H:2
[LF] Getting WEEKLY/LASTSOLD data for 1 flights
[LF] SM442 13MAR: LASTSOLD=2026-01-24 00:00:00, WEEKLY=9, TODAY=0, YDAY=3
2026-01-25 07:36:24 | INFO     | [SUCCESS] Day 13MAR
2026-01-25 07:36:24 | INFO     | [DAY_START] Processing 12MAR
[LF] Processing YNB-CAI for 12MAR
2026-01-25 07:36:24 | INFO     | [lf.day.start] Processing YNB-CAI for 12MAR
[LF] Sending SN command: SN12MARYNBCAI/ASM
[LF] 12MAR: found 1 direct flights
2026-01-25 07:36:25 | INFO     | [lf.day.flights_found] Found 1 flights on 12MAR
2026-01-25 07:36:27 | INFO     | [lf.flight.extracted] SM442 on 12MAR: BKG=57, LF=32.6%
[LF] SM442 12MAR: BKG=57, GRP=0, CAP=175, LF%=32.6%, Brd-Off=YNB-CAI, Classes: T:9, W:8, S:17, G:17, L:6
[LF] Getting WEEKLY/LASTSOLD data for 1 flights
[LF] SM442 12MAR: LASTSOLD=2026-01-23 00:00:00, WEEKLY=8, TODAY=0, YDAY=0
2026-01-25 07:36:31 | INFO     | [SUCCESS] Day 12MAR
[LF] Results summary:
  2026-03-19: 2 flights
  2026-03-18: 1 flights
  2026-03-17: 1 flights
  2026-03-16: 1 flights
  2026-03-15: 1 flights
  2026-03-14: 1 flights
  2026-03-13: 1 flights
  2026-03-12: 1 flights
2026-01-25 07:36:31 | INFO     | [SUCCESS] LF Search Complete

============================================================
[Worker_9225] ✓ COMPLETED: YNB-CAI
  Results: 8 dates
  Errors: 0 dates
  Total Processed: 43 groups
============================================================

2026-01-25 07:36:31 | INFO     | [Worker_9225] Completed: YNB-CAI - 8 results, 0 errors

============================================================
[Worker_9225] Processing: LXR-JED
  Tier 0: Range 2, Chunk 2/4
  Dates: 8 days
  Date Range: 2026-03-19 to 2026-03-12
============================================================

2026-01-25 07:36:31 | INFO     | [Worker_9225] Processing: LXR-JED
2026-01-25 07:36:31 | INFO     |   Tier 0: Range 2, Chunk 2/4 (8 days)
2026-01-25 07:36:31 | INFO     | ======================================================================
2026-01-25 07:36:31 | INFO     | Load Factor Scraper Started - Route: LXR-JED
2026-01-25 07:36:31 | INFO     | Log file: D:\CODERED\LAB\Artifacts\outputs\run_generated_250126_at_07.06\logs\LF_LXR-JED_20260125_073631.log
2026-01-25 07:36:31 | INFO     | Enhanced logging: Capturing both logging.info() and print()
2026-01-25 07:36:31 | INFO     | ======================================================================
[LF] Processing dates (override): ['19MAR', '18MAR', '17MAR', '16MAR', '15MAR', '14MAR', '13MAR', '12MAR']
[LF] Attaching to Chrome for Altea access
2026-01-25 07:36:31 | INFO     | Starting LF search for route: LXR-JED
2026-01-25 07:36:31 | INFO     | [START] LF Search
[LF][[OK] SUCCESS] Connected to Chrome on 127.0.0.1:9225 (after 1 attempts)
2026-01-25 07:36:32 | INFO     | [HEALTH CHECK] [OK] Chrome connection is healthy
[LF][[OK] SUCCESS] Found Amadeus Altea window: Altéa Reservation Desktop
[LF][[INFO] INFO] URL: https://tc212.resdesktop.altea.amadeus.com/app_ard/apf/init/login?SITE=ESMPESMP&LANGUAGE=GB&MARKETS=ARDW_PROD_WBP&ACTION=clpLogin#
2026-01-25 07:36:32 | INFO     | [DAY_START] Processing 19MAR
[LF] Processing LXR-JED for 19MAR
2026-01-25 07:36:32 | INFO     | [lf.day.start] Processing LXR-JED for 19MAR
[LF] Sending SN command: SN19MARLXRJED/ASM
[LF] No direct flights on 19MAR for LXR-JED
2026-01-25 07:36:34 | WARNING  | [lf.day.no_flights] No direct flights on 19MAR
2026-01-25 07:36:34 | INFO     | [SUCCESS] Day 19MAR
2026-01-25 07:36:34 | INFO     | [DAY_START] Processing 18MAR
[LF] Processing LXR-JED for 18MAR
2026-01-25 07:36:34 | INFO     | [lf.day.start] Processing LXR-JED for 18MAR
[LF] Sending SN command: SN18MARLXRJED/ASM
[LF] No direct flights on 18MAR for LXR-JED
2026-01-25 07:36:35 | WARNING  | [lf.day.no_flights] No direct flights on 18MAR
2026-01-25 07:36:35 | INFO     | [SUCCESS] Day 18MAR
2026-01-25 07:36:35 | INFO     | [DAY_START] Processing 17MAR
[LF] Processing LXR-JED for 17MAR
2026-01-25 07:36:35 | INFO     | [lf.day.start] Processing LXR-JED for 17MAR
[LF] Sending SN command: SN17MARLXRJED/ASM
[LF] 17MAR: found 3 direct flights
2026-01-25 07:36:36 | INFO     | [lf.day.flights_found] Found 3 flights on 17MAR
2026-01-25 07:36:38 | INFO     | [lf.flight.extracted] SM429 on 17MAR: BKG=0, LF=0.0%
[LF] SM429 17MAR: BKG=0, GRP=0, CAP=179, LF%=0.0%, Brd-Off=LXR-JED
2026-01-25 07:36:41 | INFO     | [lf.flight.extracted] SM483 on 17MAR: BKG=0, LF=0.0%
[LF] SM483 17MAR: BKG=0, GRP=0, CAP=179, LF%=0.0%, Brd-Off=LXR-JED
2026-01-25 07:36:44 | INFO     | [lf.flight.extracted] SM981 on 17MAR: BKG=0, LF=0.0%
[LF] SM981 17MAR: BKG=0, GRP=0, CAP=179, LF%=0.0%, Brd-Off=LXR-JED
2026-01-25 07:36:46 | INFO     | [SUCCESS] Day 17MAR
2026-01-25 07:36:46 | INFO     | [DAY_START] Processing 16MAR
[LF] Processing LXR-JED for 16MAR
2026-01-25 07:36:46 | INFO     | [lf.day.start] Processing LXR-JED for 16MAR
[LF] Sending SN command: SN16MARLXRJED/ASM
[LF] 16MAR: found 1 direct flights
2026-01-25 07:36:47 | INFO     | [lf.day.flights_found] Found 1 flights on 16MAR
2026-01-25 07:36:49 | INFO     | [lf.flight.extracted] SM481 on 16MAR: BKG=0, LF=0.0%
[LF] SM481 16MAR: BKG=0, GRP=0, CAP=179, LF%=0.0%, Brd-Off=LXR-JED
2026-01-25 07:36:50 | INFO     | [SUCCESS] Day 16MAR
2026-01-25 07:36:50 | INFO     | [DAY_START] Processing 15MAR
[LF] Processing LXR-JED for 15MAR
2026-01-25 07:36:50 | INFO     | [lf.day.start] Processing LXR-JED for 15MAR
[LF] Sending SN command: SN15MARLXRJED/ASM
[LF] No direct flights on 15MAR for LXR-JED
2026-01-25 07:36:51 | WARNING  | [lf.day.no_flights] No direct flights on 15MAR
2026-01-25 07:36:51 | INFO     | [SUCCESS] Day 15MAR
2026-01-25 07:36:51 | INFO     | [DAY_START] Processing 14MAR
[LF] Processing LXR-JED for 14MAR
2026-01-25 07:36:51 | INFO     | [lf.day.start] Processing LXR-JED for 14MAR
[LF] Sending SN command: SN14MARLXRJED/ASM
[LF] No direct flights on 14MAR for LXR-JED
2026-01-25 07:36:52 | WARNING  | [lf.day.no_flights] No direct flights on 14MAR
2026-01-25 07:36:52 | INFO     | [SUCCESS] Day 14MAR
2026-01-25 07:36:52 | INFO     | [DAY_START] Processing 13MAR
[LF] Processing LXR-JED for 13MAR
2026-01-25 07:36:52 | INFO     | [lf.day.start] Processing LXR-JED for 13MAR
[LF] Sending SN command: SN13MARLXRJED/ASM
[LF] No direct flights on 13MAR for LXR-JED
2026-01-25 07:36:53 | WARNING  | [lf.day.no_flights] No direct flights on 13MAR
2026-01-25 07:36:53 | INFO     | [SUCCESS] Day 13MAR
2026-01-25 07:36:53 | INFO     | [DAY_START] Processing 12MAR
[LF] Processing LXR-JED for 12MAR
2026-01-25 07:36:53 | INFO     | [lf.day.start] Processing LXR-JED for 12MAR
[LF] Sending SN command: SN12MARLXRJED/ASM
[LF] No direct flights on 12MAR for LXR-JED
2026-01-25 07:36:54 | WARNING  | [lf.day.no_flights] No direct flights on 12MAR
2026-01-25 07:36:54 | INFO     | [SUCCESS] Day 12MAR
[LF] Results summary:
  2026-03-19: 0 flights
  2026-03-18: 0 flights
  2026-03-17: 3 flights
  2026-03-16: 1 flights
  2026-03-15: 0 flights
  2026-03-14: 0 flights
  2026-03-13: 0 flights
  2026-03-12: 0 flights
2026-01-25 07:36:54 | INFO     | [SUCCESS] LF Search Complete

============================================================
[Worker_9225] ✓ COMPLETED: LXR-JED
  Results: 8 dates
  Errors: 0 dates
  Total Processed: 44 groups
============================================================

2026-01-25 07:36:55 | INFO     | [Worker_9225] Completed: LXR-JED - 8 results, 0 errors

============================================================
[Worker_9225] Processing: CAI-TUU
  Tier 0: Range 2, Chunk 2/4
  Dates: 8 days
  Date Range: 2026-03-19 to 2026-03-12
============================================================

2026-01-25 07:36:55 | INFO     | [Worker_9225] Processing: CAI-TUU
2026-01-25 07:36:55 | INFO     |   Tier 0: Range 2, Chunk 2/4 (8 days)
2026-01-25 07:36:55 | INFO     | ======================================================================
2026-01-25 07:36:55 | INFO     | Load Factor Scraper Started - Route: CAI-TUU
2026-01-25 07:36:55 | INFO     | Log file: D:\CODERED\LAB\Artifacts\outputs\run_generated_250126_at_07.06\logs\LF_CAI-TUU_20260125_073655.log
2026-01-25 07:36:55 | INFO     | Enhanced logging: Capturing both logging.info() and print()
2026-01-25 07:36:55 | INFO     | ======================================================================
[LF] Processing dates (override): ['19MAR', '18MAR', '17MAR', '16MAR', '15MAR', '14MAR', '13MAR', '12MAR']
[LF] Attaching to Chrome for Altea access
2026-01-25 07:36:55 | INFO     | Starting LF search for route: CAI-TUU
2026-01-25 07:36:55 | INFO     | [START] LF Search
[LF][[OK] SUCCESS] Connected to Chrome on 127.0.0.1:9225 (after 1 attempts)
2026-01-25 07:36:55 | INFO     | [HEALTH CHECK] [OK] Chrome connection is healthy
[LF][[OK] SUCCESS] Found Amadeus Altea window: Altéa Reservation Desktop
[LF][[INFO] INFO] URL: https://tc212.resdesktop.altea.amadeus.com/app_ard/apf/init/login?SITE=ESMPESMP&LANGUAGE=GB&MARKETS=ARDW_PROD_WBP&ACTION=clpLogin#
2026-01-25 07:36:55 | INFO     | [DAY_START] Processing 19MAR
[LF] Processing CAI-TUU for 19MAR
2026-01-25 07:36:55 | INFO     | [lf.day.start] Processing CAI-TUU for 19MAR
[LF] Sending SN command: SN19MARCAITUU/ASM
[LF] 19MAR: found 1 direct flights
2026-01-25 07:36:57 | INFO     | [lf.day.flights_found] Found 1 flights on 19MAR
2026-01-25 07:36:59 | INFO     | [lf.flight.extracted] SM325 on 19MAR: BKG=0, LF=0.0%
[LF] SM325 19MAR: BKG=0, GRP=0, CAP=179, LF%=0.0%, Brd-Off=CAI-TUU
2026-01-25 07:37:00 | INFO     | [SUCCESS] Day 19MAR
2026-01-25 07:37:00 | INFO     | [DAY_START] Processing 18MAR
[LF] Processing CAI-TUU for 18MAR
2026-01-25 07:37:00 | INFO     | [lf.day.start] Processing CAI-TUU for 18MAR
[LF] Sending SN command: SN18MARCAITUU/ASM
[LF] 18MAR: found 1 direct flights
2026-01-25 07:37:01 | INFO     | [lf.day.flights_found] Found 1 flights on 18MAR
2026-01-25 07:37:03 | INFO     | [lf.flight.extracted] SM325 on 18MAR: BKG=0, LF=0.0%
[LF] SM325 18MAR: BKG=0, GRP=0, CAP=179, LF%=0.0%, Brd-Off=CAI-TUU
2026-01-25 07:37:04 | INFO     | [SUCCESS] Day 18MAR
2026-01-25 07:37:04 | INFO     | [DAY_START] Processing 17MAR
[LF] Processing CAI-TUU for 17MAR
2026-01-25 07:37:04 | INFO     | [lf.day.start] Processing CAI-TUU for 17MAR
[LF] Sending SN command: SN17MARCAITUU/ASM
[LF] No direct flights on 17MAR for CAI-TUU
2026-01-25 07:37:05 | WARNING  | [lf.day.no_flights] No direct flights on 17MAR
2026-01-25 07:37:05 | INFO     | [SUCCESS] Day 17MAR
2026-01-25 07:37:05 | INFO     | [DAY_START] Processing 16MAR
[LF] Processing CAI-TUU for 16MAR
2026-01-25 07:37:05 | INFO     | [lf.day.start] Processing CAI-TUU for 16MAR
[LF] Sending SN command: SN16MARCAITUU/ASM
[LF] No direct flights on 16MAR for CAI-TUU
2026-01-25 07:37:07 | WARNING  | [lf.day.no_flights] No direct flights on 16MAR
2026-01-25 07:37:07 | INFO     | [SUCCESS] Day 16MAR
2026-01-25 07:37:07 | INFO     | [DAY_START] Processing 15MAR
[LF] Processing CAI-TUU for 15MAR
2026-01-25 07:37:07 | INFO     | [lf.day.start] Processing CAI-TUU for 15MAR
[LF] Sending SN command: SN15MARCAITUU/ASM
[LF] No direct flights on 15MAR for CAI-TUU
2026-01-25 07:37:08 | WARNING  | [lf.day.no_flights] No direct flights on 15MAR
2026-01-25 07:37:08 | INFO     | [SUCCESS] Day 15MAR
2026-01-25 07:37:08 | INFO     | [DAY_START] Processing 14MAR
[LF] Processing CAI-TUU for 14MAR
2026-01-25 07:37:08 | INFO     | [lf.day.start] Processing CAI-TUU for 14MAR
[LF] Sending SN command: SN14MARCAITUU/ASM
[LF] 14MAR: found 1 direct flights
2026-01-25 07:37:09 | INFO     | [lf.day.flights_found] Found 1 flights on 14MAR
2026-01-25 07:37:11 | INFO     | [lf.flight.extracted] SM325 on 14MAR: BKG=2, LF=1.8%
[LF] SM325 14MAR: BKG=2, GRP=0, CAP=109, LF%=1.8%, Brd-Off=CAI-TUU, Classes: I:2
[LF] Getting WEEKLY/LASTSOLD data for 1 flights
[LF] SM325 14MAR: LASTSOLD=2026-01-17 00:00:00, WEEKLY=0, TODAY=0, YDAY=0
2026-01-25 07:37:14 | INFO     | [SUCCESS] Day 14MAR
2026-01-25 07:37:14 | INFO     | [DAY_START] Processing 13MAR
[LF] Processing CAI-TUU for 13MAR
2026-01-25 07:37:14 | INFO     | [lf.day.start] Processing CAI-TUU for 13MAR
[LF] Sending SN command: SN13MARCAITUU/ASM
[LF] No direct flights on 13MAR for CAI-TUU
2026-01-25 07:37:15 | WARNING  | [lf.day.no_flights] No direct flights on 13MAR
2026-01-25 07:37:15 | INFO     | [SUCCESS] Day 13MAR
2026-01-25 07:37:15 | INFO     | [DAY_START] Processing 12MAR
[LF] Processing CAI-TUU for 12MAR
2026-01-25 07:37:15 | INFO     | [lf.day.start] Processing CAI-TUU for 12MAR
[LF] Sending SN command: SN12MARCAITUU/ASM
[LF] 12MAR: found 1 direct flights
2026-01-25 07:37:16 | INFO     | [lf.day.flights_found] Found 1 flights on 12MAR
2026-01-25 07:37:18 | INFO     | [lf.flight.extracted] SM325 on 12MAR: BKG=0, LF=0.0%
[LF] SM325 12MAR: BKG=0, GRP=0, CAP=179, LF%=0.0%, Brd-Off=CAI-TUU
2026-01-25 07:37:19 | INFO     | [SUCCESS] Day 12MAR
[LF] Results summary:
  2026-03-19: 1 flights
  2026-03-18: 1 flights
  2026-03-17: 0 flights
  2026-03-16: 0 flights
  2026-03-15: 0 flights
  2026-03-14: 1 flights
  2026-03-13: 0 flights
  2026-03-12: 1 flights
2026-01-25 07:37:19 | INFO     | [SUCCESS] LF Search Complete

============================================================
[Worker_9225] ✓ COMPLETED: CAI-TUU
  Results: 8 dates
  Errors: 0 dates
  Total Processed: 45 groups
============================================================

2026-01-25 07:37:19 | INFO     | [Worker_9225] Completed: CAI-TUU - 8 results, 0 errors

============================================================
[Worker_9225] Processing: CAI-YNB
  Tier 0: Range 2, Chunk 2/4
  Dates: 8 days
  Date Range: 2026-03-19 to 2026-03-12
============================================================

2026-01-25 07:37:19 | INFO     | [Worker_9225] Processing: CAI-YNB
2026-01-25 07:37:19 | INFO     |   Tier 0: Range 2, Chunk 2/4 (8 days)
2026-01-25 07:37:19 | INFO     | ======================================================================
2026-01-25 07:37:19 | INFO     | Load Factor Scraper Started - Route: CAI-YNB
2026-01-25 07:37:19 | INFO     | Log file: D:\CODERED\LAB\Artifacts\outputs\run_generated_250126_at_07.06\logs\LF_CAI-YNB_20260125_073719.log
2026-01-25 07:37:19 | INFO     | Enhanced logging: Capturing both logging.info() and print()
2026-01-25 07:37:19 | INFO     | ======================================================================
[LF] Processing dates (override): ['19MAR', '18MAR', '17MAR', '16MAR', '15MAR', '14MAR', '13MAR', '12MAR']
[LF] Attaching to Chrome for Altea access
2026-01-25 07:37:19 | INFO     | Starting LF search for route: CAI-YNB
2026-01-25 07:37:19 | INFO     | [START] LF Search
[LF][[OK] SUCCESS] Connected to Chrome on 127.0.0.1:9225 (after 1 attempts)
2026-01-25 07:37:20 | INFO     | [HEALTH CHECK] [OK] Chrome connection is healthy
[LF][[OK] SUCCESS] Found Amadeus Altea window: Altéa Reservation Desktop
[LF][[INFO] INFO] URL: https://tc212.resdesktop.altea.amadeus.com/app_ard/apf/init/login?SITE=ESMPESMP&LANGUAGE=GB&MARKETS=ARDW_PROD_WBP&ACTION=clpLogin#
2026-01-25 07:37:20 | INFO     | [DAY_START] Processing 19MAR
[LF] Processing CAI-YNB for 19MAR
2026-01-25 07:37:20 | INFO     | [lf.day.start] Processing CAI-YNB for 19MAR
[LF] Sending SN command: SN19MARCAIYNB/ASM
[LF] 19MAR: found 2 direct flights
2026-01-25 07:37:21 | INFO     | [lf.day.flights_found] Found 2 flights on 19MAR
2026-01-25 07:37:23 | INFO     | [lf.flight.extracted] SM987 on 19MAR: BKG=0, LF=0.0%
[LF] SM987 19MAR: BKG=0, GRP=0, CAP=179, LF%=0.0%, Brd-Off=CAI-YNB
2026-01-25 07:37:27 | INFO     | [lf.flight.extracted] SM441 on 19MAR: BKG=1, LF=0.6%
[LF] SM441 19MAR: BKG=1, GRP=0, CAP=179, LF%=0.6%, Brd-Off=CAI-YNB, Classes: X:1
[LF] Getting WEEKLY/LASTSOLD data for 1 flights
[LF] SM441 19MAR: LASTSOLD=2026-01-03 00:00:00, WEEKLY=0, TODAY=0, YDAY=0
2026-01-25 07:37:29 | INFO     | [SUCCESS] Day 19MAR
2026-01-25 07:37:29 | INFO     | [DAY_START] Processing 18MAR
[LF] Processing CAI-YNB for 18MAR
2026-01-25 07:37:29 | INFO     | [lf.day.start] Processing CAI-YNB for 18MAR
[LF] Sending SN command: SN18MARCAIYNB/ASM
[LF] 18MAR: found 1 direct flights
2026-01-25 07:37:30 | INFO     | [lf.day.flights_found] Found 1 flights on 18MAR
2026-01-25 07:37:32 | INFO     | [lf.flight.extracted] SM441 on 18MAR: BKG=0, LF=0.0%
[LF] SM441 18MAR: BKG=0, GRP=0, CAP=179, LF%=0.0%, Brd-Off=CAI-YNB
2026-01-25 07:37:33 | INFO     | [SUCCESS] Day 18MAR
2026-01-25 07:37:33 | INFO     | [DAY_START] Processing 17MAR
[LF] Processing CAI-YNB for 17MAR
2026-01-25 07:37:33 | INFO     | [lf.day.start] Processing CAI-YNB for 17MAR
[LF] Sending SN command: SN17MARCAIYNB/ASM
[LF] 17MAR: found 1 direct flights
2026-01-25 07:37:34 | INFO     | [lf.day.flights_found] Found 1 flights on 17MAR
2026-01-25 07:37:37 | INFO     | [lf.flight.extracted] SM441 on 17MAR: BKG=2, LF=1.1%
[LF] SM441 17MAR: BKG=2, GRP=0, CAP=179, LF%=1.1%, Brd-Off=CAI-YNB, Classes: X:2
[LF] Getting WEEKLY/LASTSOLD data for 1 flights
[LF] SM441 17MAR: LASTSOLD=2026-01-23 00:00:00, WEEKLY=1, TODAY=0, YDAY=0
2026-01-25 07:37:39 | INFO     | [SUCCESS] Day 17MAR
2026-01-25 07:37:39 | INFO     | [DAY_START] Processing 16MAR
[LF] Processing CAI-YNB for 16MAR
2026-01-25 07:37:39 | INFO     | [lf.day.start] Processing CAI-YNB for 16MAR
[LF] Sending SN command: SN16MARCAIYNB/ASM
[LF] 16MAR: found 1 direct flights
2026-01-25 07:37:40 | INFO     | [lf.day.flights_found] Found 1 flights on 16MAR
2026-01-25 07:37:42 | INFO     | [lf.flight.extracted] SM441 on 16MAR: BKG=1, LF=0.6%
[LF] SM441 16MAR: BKG=1, GRP=0, CAP=179, LF%=0.6%, Brd-Off=CAI-YNB, Classes: X:1
[LF] Getting WEEKLY/LASTSOLD data for 1 flights
[LF] SM441 16MAR: LASTSOLD=2025-12-30 00:00:00, WEEKLY=0, TODAY=0, YDAY=0
2026-01-25 07:37:45 | INFO     | [SUCCESS] Day 16MAR
2026-01-25 07:37:45 | INFO     | [DAY_START] Processing 15MAR
[LF] Processing CAI-YNB for 15MAR
2026-01-25 07:37:45 | INFO     | [lf.day.start] Processing CAI-YNB for 15MAR
[LF] Sending SN command: SN15MARCAIYNB/ASM
[LF] 15MAR: found 1 direct flights
2026-01-25 07:37:46 | INFO     | [lf.day.flights_found] Found 1 flights on 15MAR
2026-01-25 07:37:48 | INFO     | [lf.flight.extracted] SM441 on 15MAR: BKG=0, LF=0.0%
[LF] SM441 15MAR: BKG=0, GRP=0, CAP=179, LF%=0.0%, Brd-Off=CAI-YNB
2026-01-25 07:37:49 | INFO     | [SUCCESS] Day 15MAR
2026-01-25 07:37:49 | INFO     | [DAY_START] Processing 14MAR
[LF] Processing CAI-YNB for 14MAR
2026-01-25 07:37:49 | INFO     | [lf.day.start] Processing CAI-YNB for 14MAR
[LF] Sending SN command: SN14MARCAIYNB/ASM
[LF] 14MAR: found 1 direct flights
2026-01-25 07:37:50 | INFO     | [lf.day.flights_found] Found 1 flights on 14MAR
2026-01-25 07:37:53 | INFO     | [lf.flight.extracted] SM441 on 14MAR: BKG=4, LF=2.2%
[LF] SM441 14MAR: BKG=4, GRP=0, CAP=179, LF%=2.2%, Brd-Off=CAI-YNB, Classes: X:2, T:2
[LF] Getting WEEKLY/LASTSOLD data for 1 flights
[LF] SM441 14MAR: LASTSOLD=2026-01-21 00:00:00, WEEKLY=3, TODAY=0, YDAY=0
2026-01-25 07:37:55 | INFO     | [SUCCESS] Day 14MAR
2026-01-25 07:37:55 | INFO     | [DAY_START] Processing 13MAR
[LF] Processing CAI-YNB for 13MAR
2026-01-25 07:37:55 | INFO     | [lf.day.start] Processing CAI-YNB for 13MAR
[LF] Sending SN command: SN13MARCAIYNB/ASM
[LF] 13MAR: found 1 direct flights
2026-01-25 07:37:56 | INFO     | [lf.day.flights_found] Found 1 flights on 13MAR
2026-01-25 07:37:58 | INFO     | [lf.flight.extracted] SM441 on 13MAR: BKG=2, LF=1.1%
[LF] SM441 13MAR: BKG=2, GRP=0, CAP=179, LF%=1.1%, Brd-Off=CAI-YNB, Classes: X:2
[LF] Getting WEEKLY/LASTSOLD data for 1 flights
[LF] SM441 13MAR: LASTSOLD=2025-12-15 00:00:00, WEEKLY=0, TODAY=0, YDAY=0
2026-01-25 07:38:01 | INFO     | [SUCCESS] Day 13MAR
2026-01-25 07:38:01 | INFO     | [DAY_START] Processing 12MAR
[LF] Processing CAI-YNB for 12MAR
2026-01-25 07:38:01 | INFO     | [lf.day.start] Processing CAI-YNB for 12MAR
[LF] Sending SN command: SN12MARCAIYNB/ASM
[LF] 12MAR: found 1 direct flights
2026-01-25 07:38:02 | INFO     | [lf.day.flights_found] Found 1 flights on 12MAR
2026-01-25 07:38:04 | INFO     | [lf.flight.extracted] SM441 on 12MAR: BKG=3, LF=1.7%
[LF] SM441 12MAR: BKG=3, GRP=0, CAP=179, LF%=1.7%, Brd-Off=CAI-YNB, Classes: X:2, T:1
[LF] Getting WEEKLY/LASTSOLD data for 1 flights
[LF] SM441 12MAR: LASTSOLD=2026-01-02 00:00:00, WEEKLY=0, TODAY=0, YDAY=0
2026-01-25 07:38:06 | INFO     | [SUCCESS] Day 12MAR
[LF] Results summary:
  2026-03-19: 2 flights
  2026-03-18: 1 flights
  2026-03-17: 1 flights
  2026-03-16: 1 flights
  2026-03-15: 1 flights
  2026-03-14: 1 flights
  2026-03-13: 1 flights
  2026-03-12: 1 flights
2026-01-25 07:38:06 | INFO     | [SUCCESS] LF Search Complete

============================================================
[Worker_9225] ✓ COMPLETED: CAI-YNB
  Results: 8 dates
  Errors: 0 dates
  Total Processed: 46 groups
============================================================

2026-01-25 07:38:20 | INFO     | [Worker_9225] Completed: CAI-YNB - 8 results, 0 errors

============================================================
[Worker_9225] Processing: JED-LXR
  Tier 0: Range 2, Chunk 3/4
  Dates: 8 days
  Date Range: 2026-03-11 to 2026-03-04
============================================================

2026-01-25 07:38:20 | INFO     | [Worker_9225] Processing: JED-LXR
2026-01-25 07:38:20 | INFO     |   Tier 0: Range 2, Chunk 3/4 (8 days)
2026-01-25 07:38:20 | INFO     | ======================================================================
2026-01-25 07:38:20 | INFO     | Load Factor Scraper Started - Route: JED-LXR
2026-01-25 07:38:20 | INFO     | Log file: D:\CODERED\LAB\Artifacts\outputs\run_generated_250126_at_07.06\logs\LF_JED-LXR_20260125_073820.log
2026-01-25 07:38:20 | INFO     | Enhanced logging: Capturing both logging.info() and print()
2026-01-25 07:38:20 | INFO     | ======================================================================
[LF] Processing dates (override): ['11MAR', '10MAR', '09MAR', '08MAR', '07MAR', '06MAR', '05MAR', '04MAR']
[LF] Attaching to Chrome for Altea access
2026-01-25 07:38:20 | INFO     | Starting LF search for route: JED-LXR
2026-01-25 07:38:20 | INFO     | [START] LF Search
[LF][[OK] SUCCESS] Connected to Chrome on 127.0.0.1:9225 (after 1 attempts)
2026-01-25 07:38:21 | INFO     | [HEALTH CHECK] [OK] Chrome connection is healthy
[LF][[OK] SUCCESS] Found Amadeus Altea window: Altéa Reservation Desktop
[LF][[INFO] INFO] URL: https://tc212.resdesktop.altea.amadeus.com/app_ard/apf/init/login?SITE=ESMPESMP&LANGUAGE=GB&MARKETS=ARDW_PROD_WBP&ACTION=clpLogin#
2026-01-25 07:38:21 | INFO     | [DAY_START] Processing 11MAR
[LF] Processing JED-LXR for 11MAR
2026-01-25 07:38:21 | INFO     | [lf.day.start] Processing JED-LXR for 11MAR
[LF] Sending SN command: SN11MARJEDLXR/ASM
[LF] No direct flights on 11MAR for JED-LXR
2026-01-25 07:38:22 | WARNING  | [lf.day.no_flights] No direct flights on 11MAR
2026-01-25 07:38:22 | INFO     | [SUCCESS] Day 11MAR
2026-01-25 07:38:22 | INFO     | [DAY_START] Processing 10MAR
[LF] Processing JED-LXR for 10MAR
2026-01-25 07:38:22 | INFO     | [lf.day.start] Processing JED-LXR for 10MAR
[LF] Sending SN command: SN10MARJEDLXR/ASM
[LF] 10MAR: found 4 direct flights
2026-01-25 07:38:23 | INFO     | [lf.day.flights_found] Found 4 flights on 10MAR
2026-01-25 07:38:25 | INFO     | [lf.flight.extracted] SM482 on 10MAR: BKG=0, LF=0.0%
[LF] SM482 10MAR: BKG=0, GRP=0, CAP=167, LF%=0.0%, Brd-Off=JED-LXR
2026-01-25 07:38:28 | INFO     | [lf.flight.extracted] SM430 on 10MAR: BKG=0, LF=0.0%
[LF] SM430 10MAR: BKG=0, GRP=0, CAP=167, LF%=0.0%, Brd-Off=JED-LXR
2026-01-25 07:38:32 | INFO     | [lf.flight.extracted] SM982 on 10MAR: BKG=0, LF=0.0%
[LF] SM982 10MAR: BKG=0, GRP=0, CAP=175, LF%=0.0%, Brd-Off=JED-LXR
2026-01-25 07:38:35 | INFO     | [lf.flight.extracted] SM484 on 10MAR: BKG=0, LF=0.0%
[LF] SM484 10MAR: BKG=0, GRP=0, CAP=167, LF%=0.0%, Brd-Off=JED-LXR
2026-01-25 07:38:36 | INFO     | [SUCCESS] Day 10MAR
2026-01-25 07:38:36 | INFO     | [DAY_START] Processing 09MAR
[LF] Processing JED-LXR for 09MAR
2026-01-25 07:38:36 | INFO     | [lf.day.start] Processing JED-LXR for 09MAR
[LF] Sending SN command: SN09MARJEDLXR/ASM
[LF] No direct flights on 09MAR for JED-LXR
2026-01-25 07:38:37 | WARNING  | [lf.day.no_flights] No direct flights on 09MAR
2026-01-25 07:38:37 | INFO     | [SUCCESS] Day 09MAR
2026-01-25 07:38:37 | INFO     | [DAY_START] Processing 08MAR
[LF] Processing JED-LXR for 08MAR
2026-01-25 07:38:37 | INFO     | [lf.day.start] Processing JED-LXR for 08MAR
[LF] Sending SN command: SN08MARJEDLXR/ASM
[LF] No direct flights on 08MAR for JED-LXR
2026-01-25 07:38:38 | WARNING  | [lf.day.no_flights] No direct flights on 08MAR
2026-01-25 07:38:38 | INFO     | [SUCCESS] Day 08MAR
2026-01-25 07:38:38 | INFO     | [DAY_START] Processing 07MAR
[LF] Processing JED-LXR for 07MAR
2026-01-25 07:38:38 | INFO     | [lf.day.start] Processing JED-LXR for 07MAR
[LF] Sending SN command: SN07MARJEDLXR/ASM
[LF] No direct flights on 07MAR for JED-LXR
2026-01-25 07:38:39 | WARNING  | [lf.day.no_flights] No direct flights on 07MAR
2026-01-25 07:38:39 | INFO     | [SUCCESS] Day 07MAR
2026-01-25 07:38:39 | INFO     | [DAY_START] Processing 06MAR
[LF] Processing JED-LXR for 06MAR
2026-01-25 07:38:39 | INFO     | [lf.day.start] Processing JED-LXR for 06MAR
[LF] Sending SN command: SN06MARJEDLXR/ASM
[LF] No direct flights on 06MAR for JED-LXR
2026-01-25 07:38:40 | WARNING  | [lf.day.no_flights] No direct flights on 06MAR
2026-01-25 07:38:40 | INFO     | [SUCCESS] Day 06MAR
2026-01-25 07:38:40 | INFO     | [DAY_START] Processing 05MAR
[LF] Processing JED-LXR for 05MAR
2026-01-25 07:38:40 | INFO     | [lf.day.start] Processing JED-LXR for 05MAR
[LF] Sending SN command: SN05MARJEDLXR/ASM
[LF] No direct flights on 05MAR for JED-LXR
2026-01-25 07:38:41 | WARNING  | [lf.day.no_flights] No direct flights on 05MAR
2026-01-25 07:38:41 | INFO     | [SUCCESS] Day 05MAR
2026-01-25 07:38:41 | INFO     | [DAY_START] Processing 04MAR
[LF] Processing JED-LXR for 04MAR
2026-01-25 07:38:41 | INFO     | [lf.day.start] Processing JED-LXR for 04MAR
[LF] Sending SN command: SN04MARJEDLXR/ASM
[LF] No direct flights on 04MAR for JED-LXR
2026-01-25 07:38:42 | WARNING  | [lf.day.no_flights] No direct flights on 04MAR
2026-01-25 07:38:42 | INFO     | [SUCCESS] Day 04MAR
[LF] Results summary:
  2026-03-11: 0 flights
  2026-03-10: 4 flights
  2026-03-09: 0 flights
  2026-03-08: 0 flights
  2026-03-07: 0 flights
  2026-03-06: 0 flights
  2026-03-05: 0 flights
  2026-03-04: 0 flights
2026-01-25 07:38:42 | INFO     | [SUCCESS] LF Search Complete

============================================================
[Worker_9225] ✓ COMPLETED: JED-LXR
  Results: 8 dates
  Errors: 0 dates
  Total Processed: 47 groups
============================================================

2026-01-25 07:38:42 | INFO     | [Worker_9225] Completed: JED-LXR - 8 results, 0 errors

============================================================
[Worker_9225] Processing: DMM-ATZ
  Tier 0: Range 2, Chunk 3/4
  Dates: 8 days
  Date Range: 2026-03-11 to 2026-03-04
============================================================

2026-01-25 07:38:42 | INFO     | [Worker_9225] Processing: DMM-ATZ
2026-01-25 07:38:42 | INFO     |   Tier 0: Range 2, Chunk 3/4 (8 days)
2026-01-25 07:38:42 | INFO     | ======================================================================
2026-01-25 07:38:42 | INFO     | Load Factor Scraper Started - Route: DMM-ATZ
2026-01-25 07:38:42 | INFO     | Log file: D:\CODERED\LAB\Artifacts\outputs\run_generated_250126_at_07.06\logs\LF_DMM-ATZ_20260125_073842.log
2026-01-25 07:38:42 | INFO     | Enhanced logging: Capturing both logging.info() and print()
2026-01-25 07:38:42 | INFO     | ======================================================================
[LF] Processing dates (override): ['11MAR', '10MAR', '09MAR', '08MAR', '07MAR', '06MAR', '05MAR', '04MAR']
[LF] Attaching to Chrome for Altea access
2026-01-25 07:38:42 | INFO     | Starting LF search for route: DMM-ATZ
2026-01-25 07:38:42 | INFO     | [START] LF Search
[LF][[OK] SUCCESS] Connected to Chrome on 127.0.0.1:9225 (after 1 attempts)
2026-01-25 07:38:43 | INFO     | [HEALTH CHECK] [OK] Chrome connection is healthy
[LF][[OK] SUCCESS] Found Amadeus Altea window: Altéa Reservation Desktop
[LF][[INFO] INFO] URL: https://tc212.resdesktop.altea.amadeus.com/app_ard/apf/init/login?SITE=ESMPESMP&LANGUAGE=GB&MARKETS=ARDW_PROD_WBP&ACTION=clpLogin#
2026-01-25 07:38:43 | INFO     | [DAY_START] Processing 11MAR
[LF] Processing DMM-ATZ for 11MAR
2026-01-25 07:38:43 | INFO     | [lf.day.start] Processing DMM-ATZ for 11MAR
[LF] Sending SN command: SN11MARDMMATZ/ASM
[LF] No direct flights on 11MAR for DMM-ATZ
2026-01-25 07:38:44 | WARNING  | [lf.day.no_flights] No direct flights on 11MAR
2026-01-25 07:38:44 | INFO     | [SUCCESS] Day 11MAR
2026-01-25 07:38:44 | INFO     | [DAY_START] Processing 10MAR
[LF] Processing DMM-ATZ for 10MAR
2026-01-25 07:38:44 | INFO     | [lf.day.start] Processing DMM-ATZ for 10MAR
[LF] Sending SN command: SN10MARDMMATZ/ASM
[LF] No direct flights on 10MAR for DMM-ATZ
2026-01-25 07:38:45 | WARNING  | [lf.day.no_flights] No direct flights on 10MAR
2026-01-25 07:38:45 | INFO     | [SUCCESS] Day 10MAR
2026-01-25 07:38:45 | INFO     | [DAY_START] Processing 09MAR
[LF] Processing DMM-ATZ for 09MAR
2026-01-25 07:38:45 | INFO     | [lf.day.start] Processing DMM-ATZ for 09MAR
[LF] Sending SN command: SN09MARDMMATZ/ASM
[LF] 09MAR: found 1 direct flights
2026-01-25 07:38:47 | INFO     | [lf.day.flights_found] Found 1 flights on 09MAR
2026-01-25 07:38:48 | INFO     | [lf.flight.extracted] SM438 on 09MAR: BKG=53, LF=30.3%
[LF] SM438 09MAR: BKG=53, GRP=0, CAP=175, LF%=30.3%, Brd-Off=DMM-ATZ, Classes: W:1, S:3, G:33, L:12, V:4
[LF] Getting WEEKLY/LASTSOLD data for 1 flights
[LF] SM438 09MAR: LASTSOLD=2026-01-23 00:00:00, WEEKLY=8, TODAY=0, YDAY=0
2026-01-25 07:38:53 | INFO     | [SUCCESS] Day 09MAR
2026-01-25 07:38:53 | INFO     | [DAY_START] Processing 08MAR
[LF] Processing DMM-ATZ for 08MAR
2026-01-25 07:38:53 | INFO     | [lf.day.start] Processing DMM-ATZ for 08MAR
[LF] Sending SN command: SN08MARDMMATZ/ASM
[LF] No direct flights on 08MAR for DMM-ATZ
2026-01-25 07:38:54 | WARNING  | [lf.day.no_flights] No direct flights on 08MAR
2026-01-25 07:38:54 | INFO     | [SUCCESS] Day 08MAR
2026-01-25 07:38:54 | INFO     | [DAY_START] Processing 07MAR
[LF] Processing DMM-ATZ for 07MAR
2026-01-25 07:38:54 | INFO     | [lf.day.start] Processing DMM-ATZ for 07MAR
[LF] Sending SN command: SN07MARDMMATZ/ASM
[LF] No direct flights on 07MAR for DMM-ATZ
2026-01-25 07:38:55 | WARNING  | [lf.day.no_flights] No direct flights on 07MAR
2026-01-25 07:38:55 | INFO     | [SUCCESS] Day 07MAR
2026-01-25 07:38:55 | INFO     | [DAY_START] Processing 06MAR
[LF] Processing DMM-ATZ for 06MAR
2026-01-25 07:38:55 | INFO     | [lf.day.start] Processing DMM-ATZ for 06MAR
[LF] Sending SN command: SN06MARDMMATZ/ASM
[LF] 06MAR: found 1 direct flights
2026-01-25 07:38:56 | INFO     | [lf.day.flights_found] Found 1 flights on 06MAR
2026-01-25 07:38:58 | INFO     | [lf.flight.extracted] SM438 on 06MAR: BKG=65, LF=37.1%
[LF] SM438 06MAR: BKG=65, GRP=0, CAP=175, LF%=37.1%, Brd-Off=DMM-ATZ, Classes: X:1, S:4, G:3, L:29, V:19, K:8, Q:1
[LF] Getting WEEKLY/LASTSOLD data for 1 flights
[LF] SM438 06MAR: LASTSOLD=2026-01-22 00:00:00, WEEKLY=4, TODAY=0, YDAY=0
2026-01-25 07:39:03 | INFO     | [SUCCESS] Day 06MAR
2026-01-25 07:39:03 | INFO     | [DAY_START] Processing 05MAR
[LF] Processing DMM-ATZ for 05MAR
2026-01-25 07:39:03 | INFO     | [lf.day.start] Processing DMM-ATZ for 05MAR
[LF] Sending SN command: SN05MARDMMATZ/ASM
[LF] No direct flights on 05MAR for DMM-ATZ
2026-01-25 07:39:04 | WARNING  | [lf.day.no_flights] No direct flights on 05MAR
2026-01-25 07:39:04 | INFO     | [SUCCESS] Day 05MAR
2026-01-25 07:39:04 | INFO     | [DAY_START] Processing 04MAR
[LF] Processing DMM-ATZ for 04MAR
2026-01-25 07:39:04 | INFO     | [lf.day.start] Processing DMM-ATZ for 04MAR
[LF] Sending SN command: SN04MARDMMATZ/ASM
[LF] No direct flights on 04MAR for DMM-ATZ
2026-01-25 07:39:05 | WARNING  | [lf.day.no_flights] No direct flights on 04MAR
2026-01-25 07:39:05 | INFO     | [SUCCESS] Day 04MAR
[LF] Results summary:
  2026-03-11: 0 flights
  2026-03-10: 0 flights
  2026-03-09: 1 flights
  2026-03-08: 0 flights
  2026-03-07: 0 flights
  2026-03-06: 1 flights
  2026-03-05: 0 flights
  2026-03-04: 0 flights
2026-01-25 07:39:05 | INFO     | [SUCCESS] LF Search Complete

============================================================
[Worker_9225] ✓ COMPLETED: DMM-ATZ
  Results: 8 dates
  Errors: 0 dates
  Total Processed: 48 groups
============================================================

2026-01-25 07:39:05 | INFO     | [Worker_9225] Completed: DMM-ATZ - 8 results, 0 errors

============================================================
[Worker_9225] Processing: TUU-ATZ
  Tier 0: Range 2, Chunk 3/4
  Dates: 8 days
  Date Range: 2026-03-11 to 2026-03-04
============================================================

2026-01-25 07:39:05 | INFO     | [Worker_9225] Processing: TUU-ATZ
2026-01-25 07:39:05 | INFO     |   Tier 0: Range 2, Chunk 3/4 (8 days)
2026-01-25 07:39:05 | INFO     | ======================================================================
2026-01-25 07:39:05 | INFO     | Load Factor Scraper Started - Route: TUU-ATZ
2026-01-25 07:39:05 | INFO     | Log file: D:\CODERED\LAB\Artifacts\outputs\run_generated_250126_at_07.06\logs\LF_TUU-ATZ_20260125_073905.log
2026-01-25 07:39:05 | INFO     | Enhanced logging: Capturing both logging.info() and print()
2026-01-25 07:39:05 | INFO     | ======================================================================
[LF] Processing dates (override): ['11MAR', '10MAR', '09MAR', '08MAR', '07MAR', '06MAR', '05MAR', '04MAR']
[LF] Attaching to Chrome for Altea access
2026-01-25 07:39:05 | INFO     | Starting LF search for route: TUU-ATZ
2026-01-25 07:39:05 | INFO     | [START] LF Search
[LF][[OK] SUCCESS] Connected to Chrome on 127.0.0.1:9225 (after 1 attempts)
2026-01-25 07:39:06 | INFO     | [HEALTH CHECK] [OK] Chrome connection is healthy
[LF][[OK] SUCCESS] Found Amadeus Altea window: Altéa Reservation Desktop
[LF][[INFO] INFO] URL: https://tc212.resdesktop.altea.amadeus.com/app_ard/apf/init/login?SITE=ESMPESMP&LANGUAGE=GB&MARKETS=ARDW_PROD_WBP&ACTION=clpLogin#
2026-01-25 07:39:06 | INFO     | [DAY_START] Processing 11MAR
[LF] Processing TUU-ATZ for 11MAR
2026-01-25 07:39:06 | INFO     | [lf.day.start] Processing TUU-ATZ for 11MAR
[LF] Sending SN command: SN11MARTUUATZ/ASM
[LF] No direct flights on 11MAR for TUU-ATZ
2026-01-25 07:39:07 | WARNING  | [lf.day.no_flights] No direct flights on 11MAR
2026-01-25 07:39:07 | INFO     | [SUCCESS] Day 11MAR
2026-01-25 07:39:07 | INFO     | [DAY_START] Processing 10MAR
[LF] Processing TUU-ATZ for 10MAR
2026-01-25 07:39:07 | INFO     | [lf.day.start] Processing TUU-ATZ for 10MAR
[LF] Sending SN command: SN10MARTUUATZ/ASM
[LF] No direct flights on 10MAR for TUU-ATZ
2026-01-25 07:39:08 | WARNING  | [lf.day.no_flights] No direct flights on 10MAR
2026-01-25 07:39:08 | INFO     | [SUCCESS] Day 10MAR
2026-01-25 07:39:08 | INFO     | [DAY_START] Processing 09MAR
[LF] Processing TUU-ATZ for 09MAR
2026-01-25 07:39:08 | INFO     | [lf.day.start] Processing TUU-ATZ for 09MAR
[LF] Sending SN command: SN09MARTUUATZ/ASM
[LF] No direct flights on 09MAR for TUU-ATZ
2026-01-25 07:39:10 | WARNING  | [lf.day.no_flights] No direct flights on 09MAR
2026-01-25 07:39:10 | INFO     | [SUCCESS] Day 09MAR
2026-01-25 07:39:10 | INFO     | [DAY_START] Processing 08MAR
[LF] Processing TUU-ATZ for 08MAR
2026-01-25 07:39:10 | INFO     | [lf.day.start] Processing TUU-ATZ for 08MAR
[LF] Sending SN command: SN08MARTUUATZ/ASM
[LF] No direct flights on 08MAR for TUU-ATZ
2026-01-25 07:39:11 | WARNING  | [lf.day.no_flights] No direct flights on 08MAR
2026-01-25 07:39:11 | INFO     | [SUCCESS] Day 08MAR
2026-01-25 07:39:11 | INFO     | [DAY_START] Processing 07MAR
[LF] Processing TUU-ATZ for 07MAR
2026-01-25 07:39:11 | INFO     | [lf.day.start] Processing TUU-ATZ for 07MAR
[LF] Sending SN command: SN07MARTUUATZ/ASM
[LF] No direct flights on 07MAR for TUU-ATZ
2026-01-25 07:39:12 | WARNING  | [lf.day.no_flights] No direct flights on 07MAR
2026-01-25 07:39:12 | INFO     | [SUCCESS] Day 07MAR
2026-01-25 07:39:12 | INFO     | [DAY_START] Processing 06MAR
[LF] Processing TUU-ATZ for 06MAR
2026-01-25 07:39:12 | INFO     | [lf.day.start] Processing TUU-ATZ for 06MAR
[LF] Sending SN command: SN06MARTUUATZ/ASM
[LF] 06MAR: found 1 direct flights
2026-01-25 07:39:13 | INFO     | [lf.day.flights_found] Found 1 flights on 06MAR
2026-01-25 07:39:16 | INFO     | [lf.flight.extracted] SM328 on 06MAR: BKG=33, LF=18.9%
[LF] SM328 06MAR: BKG=33, GRP=0, CAP=175, LF%=18.9%, Brd-Off=TUU-ATZ, Classes: S:3, G:7, L:23
[LF] Getting WEEKLY/LASTSOLD data for 1 flights
[LF] SM328 06MAR: LASTSOLD=2026-01-23 00:00:00, WEEKLY=5, TODAY=0, YDAY=0
2026-01-25 07:39:20 | INFO     | [SUCCESS] Day 06MAR
2026-01-25 07:39:20 | INFO     | [DAY_START] Processing 05MAR
[LF] Processing TUU-ATZ for 05MAR
2026-01-25 07:39:20 | INFO     | [lf.day.start] Processing TUU-ATZ for 05MAR
[LF] Sending SN command: SN05MARTUUATZ/ASM
[LF] No direct flights on 05MAR for TUU-ATZ
2026-01-25 07:39:22 | WARNING  | [lf.day.no_flights] No direct flights on 05MAR
2026-01-25 07:39:22 | INFO     | [SUCCESS] Day 05MAR
2026-01-25 07:39:22 | INFO     | [DAY_START] Processing 04MAR
[LF] Processing TUU-ATZ for 04MAR
2026-01-25 07:39:22 | INFO     | [lf.day.start] Processing TUU-ATZ for 04MAR
[LF] Sending SN command: SN04MARTUUATZ/ASM
[LF] No direct flights on 04MAR for TUU-ATZ
2026-01-25 07:39:23 | WARNING  | [lf.day.no_flights] No direct flights on 04MAR
2026-01-25 07:39:23 | INFO     | [SUCCESS] Day 04MAR
[LF] Results summary:
  2026-03-11: 0 flights
  2026-03-10: 0 flights
  2026-03-09: 0 flights
  2026-03-08: 0 flights
  2026-03-07: 0 flights
  2026-03-06: 1 flights
  2026-03-05: 0 flights
  2026-03-04: 0 flights
2026-01-25 07:39:23 | INFO     | [SUCCESS] LF Search Complete

============================================================
[Worker_9225] ✓ COMPLETED: TUU-ATZ
  Results: 8 dates
  Errors: 0 dates
  Total Processed: 49 groups
============================================================

2026-01-25 07:39:23 | INFO     | [Worker_9225] Completed: TUU-ATZ - 8 results, 0 errors

============================================================
[Worker_9225] Processing: YNB-CAI
  Tier 0: Range 2, Chunk 3/4
  Dates: 8 days
  Date Range: 2026-03-11 to 2026-03-04
============================================================

2026-01-25 07:39:23 | INFO     | [Worker_9225] Processing: YNB-CAI
2026-01-25 07:39:23 | INFO     |   Tier 0: Range 2, Chunk 3/4 (8 days)
2026-01-25 07:39:23 | INFO     | ======================================================================
2026-01-25 07:39:23 | INFO     | Load Factor Scraper Started - Route: YNB-CAI
2026-01-25 07:39:23 | INFO     | Log file: D:\CODERED\LAB\Artifacts\outputs\run_generated_250126_at_07.06\logs\LF_YNB-CAI_20260125_073923.log
2026-01-25 07:39:23 | INFO     | Enhanced logging: Capturing both logging.info() and print()
2026-01-25 07:39:23 | INFO     | ======================================================================
[LF] Processing dates (override): ['11MAR', '10MAR', '09MAR', '08MAR', '07MAR', '06MAR', '05MAR', '04MAR']
[LF] Attaching to Chrome for Altea access
2026-01-25 07:39:23 | INFO     | Starting LF search for route: YNB-CAI
2026-01-25 07:39:23 | INFO     | [START] LF Search
[LF][[OK] SUCCESS] Connected to Chrome on 127.0.0.1:9225 (after 1 attempts)
2026-01-25 07:39:24 | INFO     | [HEALTH CHECK] [OK] Chrome connection is healthy
[LF][[OK] SUCCESS] Found Amadeus Altea window: Altéa Reservation Desktop
[LF][[INFO] INFO] URL: https://tc212.resdesktop.altea.amadeus.com/app_ard/apf/init/login?SITE=ESMPESMP&LANGUAGE=GB&MARKETS=ARDW_PROD_WBP&ACTION=clpLogin#
2026-01-25 07:39:24 | INFO     | [DAY_START] Processing 11MAR
[LF] Processing YNB-CAI for 11MAR
2026-01-25 07:39:24 | INFO     | [lf.day.start] Processing YNB-CAI for 11MAR
[LF] Sending SN command: SN11MARYNBCAI/ASM
[LF] 11MAR: found 1 direct flights
2026-01-25 07:39:25 | INFO     | [lf.day.flights_found] Found 1 flights on 11MAR
2026-01-25 07:39:27 | INFO     | [lf.flight.extracted] SM442 on 11MAR: BKG=21, LF=12.0%
[LF] SM442 11MAR: BKG=21, GRP=0, CAP=175, LF%=12.0%, Brd-Off=YNB-CAI, Classes: T:9, W:8, S:4
[LF] Getting WEEKLY/LASTSOLD data for 1 flights
[LF] SM442 11MAR: LASTSOLD=2026-01-24 00:00:00, WEEKLY=2, TODAY=0, YDAY=1
2026-01-25 07:39:31 | INFO     | [SUCCESS] Day 11MAR
2026-01-25 07:39:31 | INFO     | [DAY_START] Processing 10MAR
[LF] Processing YNB-CAI for 10MAR
2026-01-25 07:39:31 | INFO     | [lf.day.start] Processing YNB-CAI for 10MAR
[LF] Sending SN command: SN10MARYNBCAI/ASM
[LF] 10MAR: found 1 direct flights
2026-01-25 07:39:32 | INFO     | [lf.day.flights_found] Found 1 flights on 10MAR
2026-01-25 07:39:34 | INFO     | [lf.flight.extracted] SM442 on 10MAR: BKG=26, LF=14.9%
[LF] SM442 10MAR: BKG=26, GRP=0, CAP=175, LF%=14.9%, Brd-Off=YNB-CAI, Classes: T:9, W:8, S:6, L:2, K:1
[LF] Getting WEEKLY/LASTSOLD data for 1 flights
[LF] SM442 10MAR: LASTSOLD=2026-01-21 00:00:00, WEEKLY=1, TODAY=0, YDAY=0
2026-01-25 07:39:38 | INFO     | [SUCCESS] Day 10MAR
2026-01-25 07:39:38 | INFO     | [DAY_START] Processing 09MAR
[LF] Processing YNB-CAI for 09MAR
2026-01-25 07:39:38 | INFO     | [lf.day.start] Processing YNB-CAI for 09MAR
[LF] Sending SN command: SN09MARYNBCAI/ASM
[LF] 09MAR: found 1 direct flights
2026-01-25 07:39:39 | INFO     | [lf.day.flights_found] Found 1 flights on 09MAR
2026-01-25 07:39:41 | INFO     | [lf.flight.extracted] SM442 on 09MAR: BKG=16, LF=9.1%
[LF] SM442 09MAR: BKG=16, GRP=0, CAP=175, LF%=9.1%, Brd-Off=YNB-CAI, Classes: T:9, W:6, L:1
[LF] Getting WEEKLY/LASTSOLD data for 1 flights
[LF] SM442 09MAR: LASTSOLD=2026-01-23 00:00:00, WEEKLY=2, TODAY=0, YDAY=0
2026-01-25 07:39:44 | INFO     | [SUCCESS] Day 09MAR
2026-01-25 07:39:44 | INFO     | [DAY_START] Processing 08MAR
[LF] Processing YNB-CAI for 08MAR
2026-01-25 07:39:44 | INFO     | [lf.day.start] Processing YNB-CAI for 08MAR
[LF] Sending SN command: SN08MARYNBCAI/ASM
[LF] 08MAR: found 1 direct flights
2026-01-25 07:39:46 | INFO     | [lf.day.flights_found] Found 1 flights on 08MAR
2026-01-25 07:39:48 | INFO     | [lf.flight.extracted] SM442 on 08MAR: BKG=9, LF=5.2%
[LF] SM442 08MAR: BKG=9, GRP=0, CAP=172, LF%=5.2%, Brd-Off=YNB-CAI, Classes: T:9
[LF] Getting WEEKLY/LASTSOLD data for 1 flights
[LF] SM442 08MAR: LASTSOLD=2026-01-19 00:00:00, WEEKLY=3, TODAY=0, YDAY=0
2026-01-25 07:39:50 | INFO     | [SUCCESS] Day 08MAR
2026-01-25 07:39:50 | INFO     | [DAY_START] Processing 07MAR
[LF] Processing YNB-CAI for 07MAR
2026-01-25 07:39:50 | INFO     | [lf.day.start] Processing YNB-CAI for 07MAR
[LF] Sending SN command: SN07MARYNBCAI/ASM
[LF] 07MAR: found 1 direct flights
2026-01-25 07:39:51 | INFO     | [lf.day.flights_found] Found 1 flights on 07MAR
2026-01-25 07:39:53 | INFO     | [lf.flight.extracted] SM442 on 07MAR: BKG=18, LF=10.5%
[LF] SM442 07MAR: BKG=18, GRP=0, CAP=172, LF%=10.5%, Brd-Off=YNB-CAI, Classes: T:9, W:6, L:3
[LF] Getting WEEKLY/LASTSOLD data for 1 flights
[LF] SM442 07MAR: LASTSOLD=2026-01-24 00:00:00, WEEKLY=6, TODAY=0, YDAY=1
2026-01-25 07:39:56 | INFO     | [SUCCESS] Day 07MAR
2026-01-25 07:39:56 | INFO     | [DAY_START] Processing 06MAR
[LF] Processing YNB-CAI for 06MAR
2026-01-25 07:39:56 | INFO     | [lf.day.start] Processing YNB-CAI for 06MAR
[LF] Sending SN command: SN06MARYNBCAI/ASM
[LF] 06MAR: found 1 direct flights
2026-01-25 07:39:57 | INFO     | [lf.day.flights_found] Found 1 flights on 06MAR
2026-01-25 07:39:59 | INFO     | [lf.flight.extracted] SM442 on 06MAR: BKG=37, LF=21.1%
[LF] SM442 06MAR: BKG=37, GRP=0, CAP=175, LF%=21.1%, Brd-Off=YNB-CAI, Classes: I:3, T:6, W:8, S:16, G:3, L:1
[LF] Getting WEEKLY/LASTSOLD data for 1 flights
[LF] SM442 06MAR: LASTSOLD=2026-01-22 00:00:00, WEEKLY=3, TODAY=0, YDAY=0
2026-01-25 07:40:03 | INFO     | [SUCCESS] Day 06MAR
2026-01-25 07:40:03 | INFO     | [DAY_START] Processing 05MAR
[LF] Processing YNB-CAI for 05MAR
2026-01-25 07:40:03 | INFO     | [lf.day.start] Processing YNB-CAI for 05MAR
[LF] Sending SN command: SN05MARYNBCAI/ASM
[LF] 05MAR: found 1 direct flights
2026-01-25 07:40:04 | INFO     | [lf.day.flights_found] Found 1 flights on 05MAR
2026-01-25 07:40:06 | INFO     | [lf.flight.extracted] SM442 on 05MAR: BKG=96, LF=54.9%
[LF] SM442 05MAR: BKG=96, GRP=0, CAP=175, LF%=54.9%, Brd-Off=YNB-CAI, Classes: I:9, O:8, U:9, X:8, T:17, W:17, S:16, G:11, L:1
[LF] Getting WEEKLY/LASTSOLD data for 1 flights
[LF] SM442 05MAR: LASTSOLD=2026-01-21 00:00:00, WEEKLY=2, TODAY=0, YDAY=0
2026-01-25 07:40:13 | INFO     | [SUCCESS] Day 05MAR
2026-01-25 07:40:13 | INFO     | [DAY_START] Processing 04MAR
[LF] Processing YNB-CAI for 04MAR
2026-01-25 07:40:13 | INFO     | [lf.day.start] Processing YNB-CAI for 04MAR
[LF] Sending SN command: SN04MARYNBCAI/ASM
[LF] 04MAR: found 1 direct flights
2026-01-25 07:40:14 | INFO     | [lf.day.flights_found] Found 1 flights on 04MAR
2026-01-25 07:40:17 | INFO     | [lf.flight.extracted] SM442 on 04MAR: BKG=70, LF=40.0%
[LF] SM442 04MAR: BKG=70, GRP=0, CAP=175, LF%=40.0%, Brd-Off=YNB-CAI, Classes: I:9, O:8, U:9, X:8, T:17, W:13, S:3, G:3
[LF] Getting WEEKLY/LASTSOLD data for 1 flights
[LF] SM442 04MAR: LASTSOLD=2026-01-23 00:00:00, WEEKLY=14, TODAY=0, YDAY=0
2026-01-25 07:40:23 | INFO     | [SUCCESS] Day 04MAR
[LF] Results summary:
  2026-03-11: 1 flights
  2026-03-10: 1 flights
  2026-03-09: 1 flights
  2026-03-08: 1 flights
  2026-03-07: 1 flights
  2026-03-06: 1 flights
  2026-03-05: 1 flights
  2026-03-04: 1 flights
2026-01-25 07:40:23 | INFO     | [SUCCESS] LF Search Complete

============================================================
[Worker_9225] ✓ COMPLETED: YNB-CAI
  Results: 8 dates
  Errors: 0 dates
  Total Processed: 50 groups
============================================================

2026-01-25 07:40:23 | INFO     | [Worker_9225] Completed: YNB-CAI - 8 results, 0 errors

============================================================
[Worker_9225] Processing: ASW-JED
  Tier 0: Range 2, Chunk 3/4
  Dates: 8 days
  Date Range: 2026-03-11 to 2026-03-04
============================================================

2026-01-25 07:40:23 | INFO     | [Worker_9225] Processing: ASW-JED
2026-01-25 07:40:23 | INFO     |   Tier 0: Range 2, Chunk 3/4 (8 days)
2026-01-25 07:40:23 | INFO     | ======================================================================
2026-01-25 07:40:23 | INFO     | Load Factor Scraper Started - Route: ASW-JED
2026-01-25 07:40:23 | INFO     | Log file: D:\CODERED\LAB\Artifacts\outputs\run_generated_250126_at_07.06\logs\LF_ASW-JED_20260125_074023.log
2026-01-25 07:40:23 | INFO     | Enhanced logging: Capturing both logging.info() and print()
2026-01-25 07:40:23 | INFO     | ======================================================================
[LF] Processing dates (override): ['11MAR', '10MAR', '09MAR', '08MAR', '07MAR', '06MAR', '05MAR', '04MAR']
[LF] Attaching to Chrome for Altea access
2026-01-25 07:40:23 | INFO     | Starting LF search for route: ASW-JED
2026-01-25 07:40:23 | INFO     | [START] LF Search
[LF][[OK] SUCCESS] Connected to Chrome on 127.0.0.1:9225 (after 1 attempts)
2026-01-25 07:40:24 | INFO     | [HEALTH CHECK] [OK] Chrome connection is healthy
[LF][[OK] SUCCESS] Found Amadeus Altea window: Altéa Reservation Desktop
[LF][[INFO] INFO] URL: https://tc212.resdesktop.altea.amadeus.com/app_ard/apf/init/login?SITE=ESMPESMP&LANGUAGE=GB&MARKETS=ARDW_PROD_WBP&ACTION=clpLogin#
2026-01-25 07:40:24 | INFO     | [DAY_START] Processing 11MAR
[LF] Processing ASW-JED for 11MAR
2026-01-25 07:40:24 | INFO     | [lf.day.start] Processing ASW-JED for 11MAR
[LF] Sending SN command: SN11MARASWJED/ASM
[LF] No direct flights on 11MAR for ASW-JED
2026-01-25 07:40:25 | WARNING  | [lf.day.no_flights] No direct flights on 11MAR
2026-01-25 07:40:25 | INFO     | [SUCCESS] Day 11MAR
2026-01-25 07:40:25 | INFO     | [DAY_START] Processing 10MAR
[LF] Processing ASW-JED for 10MAR
2026-01-25 07:40:25 | INFO     | [lf.day.start] Processing ASW-JED for 10MAR
[LF] Sending SN command: SN10MARASWJED/ASM
[LF] No direct flights on 10MAR for ASW-JED
2026-01-25 07:40:27 | WARNING  | [lf.day.no_flights] No direct flights on 10MAR
2026-01-25 07:40:27 | INFO     | [SUCCESS] Day 10MAR
2026-01-25 07:40:27 | INFO     | [DAY_START] Processing 09MAR
[LF] Processing ASW-JED for 09MAR
2026-01-25 07:40:27 | INFO     | [lf.day.start] Processing ASW-JED for 09MAR
[LF] Sending SN command: SN09MARASWJED/ASM
[LF] No direct flights on 09MAR for ASW-JED
2026-01-25 07:40:28 | WARNING  | [lf.day.no_flights] No direct flights on 09MAR
2026-01-25 07:40:28 | INFO     | [SUCCESS] Day 09MAR
2026-01-25 07:40:28 | INFO     | [DAY_START] Processing 08MAR
[LF] Processing ASW-JED for 08MAR
2026-01-25 07:40:28 | INFO     | [lf.day.start] Processing ASW-JED for 08MAR
[LF] Sending SN command: SN08MARASWJED/ASM
[LF] No direct flights on 08MAR for ASW-JED
2026-01-25 07:40:29 | WARNING  | [lf.day.no_flights] No direct flights on 08MAR
2026-01-25 07:40:29 | INFO     | [SUCCESS] Day 08MAR
2026-01-25 07:40:29 | INFO     | [DAY_START] Processing 07MAR
[LF] Processing ASW-JED for 07MAR
2026-01-25 07:40:29 | INFO     | [lf.day.start] Processing ASW-JED for 07MAR
[LF] Sending SN command: SN07MARASWJED/ASM
[LF] No direct flights on 07MAR for ASW-JED
2026-01-25 07:40:30 | WARNING  | [lf.day.no_flights] No direct flights on 07MAR
2026-01-25 07:40:30 | INFO     | [SUCCESS] Day 07MAR
2026-01-25 07:40:30 | INFO     | [DAY_START] Processing 06MAR
[LF] Processing ASW-JED for 06MAR
2026-01-25 07:40:30 | INFO     | [lf.day.start] Processing ASW-JED for 06MAR
[LF] Sending SN command: SN06MARASWJED/ASM
[LF] No direct flights on 06MAR for ASW-JED
2026-01-25 07:40:32 | WARNING  | [lf.day.no_flights] No direct flights on 06MAR
2026-01-25 07:40:32 | INFO     | [SUCCESS] Day 06MAR
2026-01-25 07:40:32 | INFO     | [DAY_START] Processing 05MAR
[LF] Processing ASW-JED for 05MAR
2026-01-25 07:40:32 | INFO     | [lf.day.start] Processing ASW-JED for 05MAR
[LF] Sending SN command: SN05MARASWJED/ASM
[LF] No direct flights on 05MAR for ASW-JED
2026-01-25 07:40:33 | WARNING  | [lf.day.no_flights] No direct flights on 05MAR
2026-01-25 07:40:33 | INFO     | [SUCCESS] Day 05MAR
2026-01-25 07:40:33 | INFO     | [DAY_START] Processing 04MAR
[LF] Processing ASW-JED for 04MAR
2026-01-25 07:40:33 | INFO     | [lf.day.start] Processing ASW-JED for 04MAR
[LF] Sending SN command: SN04MARASWJED/ASM
[LF] No direct flights on 04MAR for ASW-JED
2026-01-25 07:40:34 | WARNING  | [lf.day.no_flights] No direct flights on 04MAR
2026-01-25 07:40:34 | INFO     | [SUCCESS] Day 04MAR
[LF] Results summary:
  2026-03-11: 0 flights
  2026-03-10: 0 flights
  2026-03-09: 0 flights
  2026-03-08: 0 flights
  2026-03-07: 0 flights
  2026-03-06: 0 flights
  2026-03-05: 0 flights
  2026-03-04: 0 flights
2026-01-25 07:40:34 | INFO     | [SUCCESS] LF Search Complete

============================================================
[Worker_9225] ✓ COMPLETED: ASW-JED
  Results: 8 dates
  Errors: 0 dates
  Total Processed: 51 groups
============================================================

2026-01-25 07:40:34 | INFO     | [Worker_9225] Completed: ASW-JED - 8 results, 0 errors

============================================================
[Worker_9225] Processing: ATZ-RUH
  Tier 0: Range 2, Chunk 3/4
  Dates: 8 days
  Date Range: 2026-03-11 to 2026-03-04
============================================================

2026-01-25 07:40:34 | INFO     | [Worker_9225] Processing: ATZ-RUH
2026-01-25 07:40:34 | INFO     |   Tier 0: Range 2, Chunk 3/4 (8 days)
2026-01-25 07:40:34 | INFO     | ======================================================================
2026-01-25 07:40:34 | INFO     | Load Factor Scraper Started - Route: ATZ-RUH
2026-01-25 07:40:34 | INFO     | Log file: D:\CODERED\LAB\Artifacts\outputs\run_generated_250126_at_07.06\logs\LF_ATZ-RUH_20260125_074034.log
2026-01-25 07:40:34 | INFO     | Enhanced logging: Capturing both logging.info() and print()
2026-01-25 07:40:34 | INFO     | ======================================================================
[LF] Processing dates (override): ['11MAR', '10MAR', '09MAR', '08MAR', '07MAR', '06MAR', '05MAR', '04MAR']
[LF] Attaching to Chrome for Altea access
2026-01-25 07:40:34 | INFO     | Starting LF search for route: ATZ-RUH
2026-01-25 07:40:34 | INFO     | [START] LF Search
[LF][[OK] SUCCESS] Connected to Chrome on 127.0.0.1:9225 (after 1 attempts)
2026-01-25 07:40:35 | INFO     | [HEALTH CHECK] [OK] Chrome connection is healthy
[LF][[OK] SUCCESS] Found Amadeus Altea window: Altéa Reservation Desktop
[LF][[INFO] INFO] URL: https://tc212.resdesktop.altea.amadeus.com/app_ard/apf/init/login?SITE=ESMPESMP&LANGUAGE=GB&MARKETS=ARDW_PROD_WBP&ACTION=clpLogin#
2026-01-25 07:40:35 | INFO     | [DAY_START] Processing 11MAR
[LF] Processing ATZ-RUH for 11MAR
2026-01-25 07:40:35 | INFO     | [lf.day.start] Processing ATZ-RUH for 11MAR
[LF] Sending SN command: SN11MARATZRUH/ASM
[LF] 11MAR: found 1 direct flights
2026-01-25 07:40:36 | INFO     | [lf.day.flights_found] Found 1 flights on 11MAR
2026-01-25 07:40:38 | INFO     | [lf.flight.extracted] SM465 on 11MAR: BKG=2, LF=1.1%
[LF] SM465 11MAR: BKG=2, GRP=0, CAP=179, LF%=1.1%, Brd-Off=ATZ-RUH, Classes: I:2
[LF] Getting WEEKLY/LASTSOLD data for 1 flights
[LF] SM465 11MAR: LASTSOLD=2026-01-19 00:00:00, WEEKLY=1, TODAY=0, YDAY=0
2026-01-25 07:40:41 | INFO     | [SUCCESS] Day 11MAR
2026-01-25 07:40:41 | INFO     | [DAY_START] Processing 10MAR
[LF] Processing ATZ-RUH for 10MAR
2026-01-25 07:40:41 | INFO     | [lf.day.start] Processing ATZ-RUH for 10MAR
[LF] Sending SN command: SN10MARATZRUH/ASM
[LF] 10MAR: found 1 direct flights
2026-01-25 07:40:43 | INFO     | [lf.day.flights_found] Found 1 flights on 10MAR
2026-01-25 07:40:45 | INFO     | [lf.flight.extracted] SM463 on 10MAR: BKG=2, LF=1.1%
[LF] SM463 10MAR: BKG=2, GRP=0, CAP=179, LF%=1.1%, Brd-Off=ATZ-RUH, Classes: I:2
[LF] Getting WEEKLY/LASTSOLD data for 1 flights
[LF] SM463 10MAR: LASTSOLD=2026-01-17 00:00:00, WEEKLY=0, TODAY=0, YDAY=0
2026-01-25 07:40:48 | INFO     | [SUCCESS] Day 10MAR
2026-01-25 07:40:48 | INFO     | [DAY_START] Processing 09MAR
[LF] Processing ATZ-RUH for 09MAR
2026-01-25 07:40:48 | INFO     | [lf.day.start] Processing ATZ-RUH for 09MAR
[LF] Sending SN command: SN09MARATZRUH/ASM
[LF] No direct flights on 09MAR for ATZ-RUH
2026-01-25 07:40:49 | WARNING  | [lf.day.no_flights] No direct flights on 09MAR
2026-01-25 07:40:49 | INFO     | [SUCCESS] Day 09MAR
2026-01-25 07:40:49 | INFO     | [DAY_START] Processing 08MAR
[LF] Processing ATZ-RUH for 08MAR
2026-01-25 07:40:49 | INFO     | [lf.day.start] Processing ATZ-RUH for 08MAR
[LF] Sending SN command: SN08MARATZRUH/ASM
[LF] 08MAR: found 1 direct flights
2026-01-25 07:40:51 | INFO     | [lf.day.flights_found] Found 1 flights on 08MAR
2026-01-25 07:40:53 | INFO     | [lf.flight.extracted] SM463 on 08MAR: BKG=6, LF=3.4%
[LF] SM463 08MAR: BKG=6, GRP=0, CAP=179, LF%=3.4%, Brd-Off=ATZ-RUH, Classes: I:5, X:1
[LF] Getting WEEKLY/LASTSOLD data for 1 flights
[LF] SM463 08MAR: LASTSOLD=2026-01-21 00:00:00, WEEKLY=1, TODAY=0, YDAY=0
2026-01-25 07:40:56 | INFO     | [SUCCESS] Day 08MAR
2026-01-25 07:40:56 | INFO     | [DAY_START] Processing 07MAR
[LF] Processing ATZ-RUH for 07MAR
2026-01-25 07:40:56 | INFO     | [lf.day.start] Processing ATZ-RUH for 07MAR
[LF] Sending SN command: SN07MARATZRUH/ASM
[LF] No direct flights on 07MAR for ATZ-RUH
2026-01-25 07:40:57 | WARNING  | [lf.day.no_flights] No direct flights on 07MAR
2026-01-25 07:40:57 | INFO     | [SUCCESS] Day 07MAR
2026-01-25 07:40:57 | INFO     | [DAY_START] Processing 06MAR
[LF] Processing ATZ-RUH for 06MAR
2026-01-25 07:40:57 | INFO     | [lf.day.start] Processing ATZ-RUH for 06MAR
[LF] Sending SN command: SN06MARATZRUH/ASM
[LF] No direct flights on 06MAR for ATZ-RUH
2026-01-25 07:40:59 | WARNING  | [lf.day.no_flights] No direct flights on 06MAR
2026-01-25 07:40:59 | INFO     | [SUCCESS] Day 06MAR
2026-01-25 07:40:59 | INFO     | [DAY_START] Processing 05MAR
[LF] Processing ATZ-RUH for 05MAR
2026-01-25 07:40:59 | INFO     | [lf.day.start] Processing ATZ-RUH for 05MAR
[LF] Sending SN command: SN05MARATZRUH/ASM
[LF] No direct flights on 05MAR for ATZ-RUH
2026-01-25 07:41:00 | WARNING  | [lf.day.no_flights] No direct flights on 05MAR
2026-01-25 07:41:00 | INFO     | [SUCCESS] Day 05MAR
2026-01-25 07:41:00 | INFO     | [DAY_START] Processing 04MAR
[LF] Processing ATZ-RUH for 04MAR
2026-01-25 07:41:00 | INFO     | [lf.day.start] Processing ATZ-RUH for 04MAR
[LF] Sending SN command: SN04MARATZRUH/ASM
[LF] 04MAR: found 1 direct flights
2026-01-25 07:41:01 | INFO     | [lf.day.flights_found] Found 1 flights on 04MAR
2026-01-25 07:41:03 | INFO     | [lf.flight.extracted] SM465 on 04MAR: BKG=8, LF=4.5%
[LF] SM465 04MAR: BKG=8, GRP=0, CAP=179, LF%=4.5%, Brd-Off=ATZ-RUH, Classes: I:6, U:2
[LF] Getting WEEKLY/LASTSOLD data for 1 flights
[LF] SM465 04MAR: LASTSOLD=2026-01-24 00:00:00, WEEKLY=4, TODAY=0, YDAY=1
2026-01-25 07:41:06 | INFO     | [SUCCESS] Day 04MAR
[LF] Results summary:
  2026-03-11: 1 flights
  2026-03-10: 1 flights
  2026-03-09: 0 flights
  2026-03-08: 1 flights
  2026-03-07: 0 flights
  2026-03-06: 0 flights
  2026-03-05: 0 flights
  2026-03-04: 1 flights
2026-01-25 07:41:06 | INFO     | [SUCCESS] LF Search Complete

============================================================
[Worker_9225] ✓ COMPLETED: ATZ-RUH
  Results: 8 dates
  Errors: 0 dates
  Total Processed: 52 groups
============================================================

2026-01-25 07:41:06 | INFO     | [Worker_9225] Completed: ATZ-RUH - 8 results, 0 errors

============================================================
[Worker_9225] Processing: CAI-AJF
  Tier 0: Range 2, Chunk 3/4
  Dates: 8 days
  Date Range: 2026-03-11 to 2026-03-04
============================================================

2026-01-25 07:41:06 | INFO     | [Worker_9225] Processing: CAI-AJF
2026-01-25 07:41:06 | INFO     |   Tier 0: Range 2, Chunk 3/4 (8 days)
2026-01-25 07:41:06 | INFO     | ======================================================================
2026-01-25 07:41:06 | INFO     | Load Factor Scraper Started - Route: CAI-AJF
2026-01-25 07:41:06 | INFO     | Log file: D:\CODERED\LAB\Artifacts\outputs\run_generated_250126_at_07.06\logs\LF_CAI-AJF_20260125_074106.log
2026-01-25 07:41:06 | INFO     | Enhanced logging: Capturing both logging.info() and print()
2026-01-25 07:41:06 | INFO     | ======================================================================
[LF] Processing dates (override): ['11MAR', '10MAR', '09MAR', '08MAR', '07MAR', '06MAR', '05MAR', '04MAR']
[LF] Attaching to Chrome for Altea access
2026-01-25 07:41:06 | INFO     | Starting LF search for route: CAI-AJF
2026-01-25 07:41:06 | INFO     | [START] LF Search
[LF][[OK] SUCCESS] Connected to Chrome on 127.0.0.1:9225 (after 1 attempts)
2026-01-25 07:41:07 | INFO     | [HEALTH CHECK] [OK] Chrome connection is healthy
[LF][[OK] SUCCESS] Found Amadeus Altea window: Altéa Reservation Desktop
[LF][[INFO] INFO] URL: https://tc212.resdesktop.altea.amadeus.com/app_ard/apf/init/login?SITE=ESMPESMP&LANGUAGE=GB&MARKETS=ARDW_PROD_WBP&ACTION=clpLogin#
2026-01-25 07:41:07 | INFO     | [DAY_START] Processing 11MAR
[LF] Processing CAI-AJF for 11MAR
2026-01-25 07:41:07 | INFO     | [lf.day.start] Processing CAI-AJF for 11MAR
[LF] Sending SN command: SN11MARCAIAJF/ASM
[LF] No direct flights on 11MAR for CAI-AJF
2026-01-25 07:41:08 | WARNING  | [lf.day.no_flights] No direct flights on 11MAR
2026-01-25 07:41:08 | INFO     | [SUCCESS] Day 11MAR
2026-01-25 07:41:08 | INFO     | [DAY_START] Processing 10MAR
[LF] Processing CAI-AJF for 10MAR
2026-01-25 07:41:08 | INFO     | [lf.day.start] Processing CAI-AJF for 10MAR
[LF] Sending SN command: SN10MARCAIAJF/ASM
[LF] 10MAR: found 1 direct flights
2026-01-25 07:41:10 | INFO     | [lf.day.flights_found] Found 1 flights on 10MAR
2026-01-25 07:41:12 | INFO     | [lf.flight.extracted] SM321 on 10MAR: BKG=3, LF=1.7%
[LF] SM321 10MAR: BKG=3, GRP=0, CAP=179, LF%=1.7%, Brd-Off=CAI-AJF, Classes: I:3
[LF] Getting WEEKLY/LASTSOLD data for 1 flights
[LF] SM321 10MAR: LASTSOLD=2026-01-22 00:00:00, WEEKLY=2, TODAY=0, YDAY=0
2026-01-25 07:41:16 | INFO     | [SUCCESS] Day 10MAR
2026-01-25 07:41:16 | INFO     | [DAY_START] Processing 09MAR
[LF] Processing CAI-AJF for 09MAR
2026-01-25 07:41:16 | INFO     | [lf.day.start] Processing CAI-AJF for 09MAR
[LF] Sending SN command: SN09MARCAIAJF/ASM
[LF] No direct flights on 09MAR for CAI-AJF
2026-01-25 07:41:17 | WARNING  | [lf.day.no_flights] No direct flights on 09MAR
2026-01-25 07:41:17 | INFO     | [SUCCESS] Day 09MAR
2026-01-25 07:41:17 | INFO     | [DAY_START] Processing 08MAR
[LF] Processing CAI-AJF for 08MAR
2026-01-25 07:41:17 | INFO     | [lf.day.start] Processing CAI-AJF for 08MAR
[LF] Sending SN command: SN08MARCAIAJF/ASM
[LF] No direct flights on 08MAR for CAI-AJF
2026-01-25 07:41:18 | WARNING  | [lf.day.no_flights] No direct flights on 08MAR
2026-01-25 07:41:18 | INFO     | [SUCCESS] Day 08MAR
2026-01-25 07:41:18 | INFO     | [DAY_START] Processing 07MAR
[LF] Processing CAI-AJF for 07MAR
2026-01-25 07:41:18 | INFO     | [lf.day.start] Processing CAI-AJF for 07MAR
[LF] Sending SN command: SN07MARCAIAJF/ASM
[LF] 07MAR: found 1 direct flights
2026-01-25 07:41:20 | INFO     | [lf.day.flights_found] Found 1 flights on 07MAR
2026-01-25 07:41:22 | INFO     | [lf.flight.extracted] SM321 on 07MAR: BKG=3, LF=1.7%
[LF] SM321 07MAR: BKG=3, GRP=0, CAP=179, LF%=1.7%, Brd-Off=CAI-AJF, Classes: I:3
[LF] Getting WEEKLY/LASTSOLD data for 1 flights
[LF] SM321 07MAR: LASTSOLD=2026-01-24 00:00:00, WEEKLY=1, TODAY=0, YDAY=1
2026-01-25 07:41:26 | INFO     | [SUCCESS] Day 07MAR
2026-01-25 07:41:26 | INFO     | [DAY_START] Processing 06MAR
[LF] Processing CAI-AJF for 06MAR
2026-01-25 07:41:26 | INFO     | [lf.day.start] Processing CAI-AJF for 06MAR
[LF] Sending SN command: SN06MARCAIAJF/ASM
[LF] No direct flights on 06MAR for CAI-AJF
2026-01-25 07:41:27 | WARNING  | [lf.day.no_flights] No direct flights on 06MAR
2026-01-25 07:41:27 | INFO     | [SUCCESS] Day 06MAR
2026-01-25 07:41:27 | INFO     | [DAY_START] Processing 05MAR
[LF] Processing CAI-AJF for 05MAR
2026-01-25 07:41:27 | INFO     | [lf.day.start] Processing CAI-AJF for 05MAR
[LF] Sending SN command: SN05MARCAIAJF/ASM
[LF] 05MAR: found 1 direct flights
2026-01-25 07:41:28 | INFO     | [lf.day.flights_found] Found 1 flights on 05MAR
2026-01-25 07:41:30 | INFO     | [lf.flight.extracted] SM321 on 05MAR: BKG=8, LF=4.5%
[LF] SM321 05MAR: BKG=8, GRP=0, CAP=179, LF%=4.5%, Brd-Off=CAI-AJF, Classes: I:5, O:3
[LF] Getting WEEKLY/LASTSOLD data for 1 flights
[LF] SM321 05MAR: LASTSOLD=2026-01-23 00:00:00, WEEKLY=2, TODAY=0, YDAY=0
2026-01-25 07:41:33 | INFO     | [SUCCESS] Day 05MAR
2026-01-25 07:41:33 | INFO     | [DAY_START] Processing 04MAR
[LF] Processing CAI-AJF for 04MAR
2026-01-25 07:41:33 | INFO     | [lf.day.start] Processing CAI-AJF for 04MAR
[LF] Sending SN command: SN04MARCAIAJF/ASM
[LF] No direct flights on 04MAR for CAI-AJF
2026-01-25 07:41:34 | WARNING  | [lf.day.no_flights] No direct flights on 04MAR
2026-01-25 07:41:34 | INFO     | [SUCCESS] Day 04MAR
[LF] Results summary:
  2026-03-11: 0 flights
  2026-03-10: 1 flights
  2026-03-09: 0 flights
  2026-03-08: 0 flights
  2026-03-07: 1 flights
  2026-03-06: 0 flights
  2026-03-05: 1 flights
  2026-03-04: 0 flights
2026-01-25 07:41:34 | INFO     | [SUCCESS] LF Search Complete

============================================================
[Worker_9225] ✓ COMPLETED: CAI-AJF
  Results: 8 dates
  Errors: 0 dates
  Total Processed: 53 groups
============================================================

2026-01-25 07:41:34 | INFO     | [Worker_9225] Completed: CAI-AJF - 8 results, 0 errors

============================================================
[Worker_9225] Processing: CAI-ELQ
  Tier 0: Range 2, Chunk 3/4
  Dates: 8 days
  Date Range: 2026-03-11 to 2026-03-04
============================================================

2026-01-25 07:41:34 | INFO     | [Worker_9225] Processing: CAI-ELQ
2026-01-25 07:41:34 | INFO     |   Tier 0: Range 2, Chunk 3/4 (8 days)
2026-01-25 07:41:34 | INFO     | ======================================================================
2026-01-25 07:41:34 | INFO     | Load Factor Scraper Started - Route: CAI-ELQ
2026-01-25 07:41:34 | INFO     | Log file: D:\CODERED\LAB\Artifacts\outputs\run_generated_250126_at_07.06\logs\LF_CAI-ELQ_20260125_074134.log
2026-01-25 07:41:34 | INFO     | Enhanced logging: Capturing both logging.info() and print()
2026-01-25 07:41:34 | INFO     | ======================================================================
[LF] Processing dates (override): ['11MAR', '10MAR', '09MAR', '08MAR', '07MAR', '06MAR', '05MAR', '04MAR']
[LF] Attaching to Chrome for Altea access
2026-01-25 07:41:34 | INFO     | Starting LF search for route: CAI-ELQ
2026-01-25 07:41:34 | INFO     | [START] LF Search
[LF][[OK] SUCCESS] Connected to Chrome on 127.0.0.1:9225 (after 1 attempts)
2026-01-25 07:41:35 | INFO     | [HEALTH CHECK] [OK] Chrome connection is healthy
[LF][[OK] SUCCESS] Found Amadeus Altea window: Altéa Reservation Desktop
[LF][[INFO] INFO] URL: https://tc212.resdesktop.altea.amadeus.com/app_ard/apf/init/login?SITE=ESMPESMP&LANGUAGE=GB&MARKETS=ARDW_PROD_WBP&ACTION=clpLogin#
2026-01-25 07:41:35 | INFO     | [DAY_START] Processing 11MAR
[LF] Processing CAI-ELQ for 11MAR
2026-01-25 07:41:35 | INFO     | [lf.day.start] Processing CAI-ELQ for 11MAR
[LF] Sending SN command: SN11MARCAIELQ/ASM
[LF] No direct flights on 11MAR for CAI-ELQ
2026-01-25 07:41:36 | WARNING  | [lf.day.no_flights] No direct flights on 11MAR
2026-01-25 07:41:36 | INFO     | [SUCCESS] Day 11MAR
2026-01-25 07:41:36 | INFO     | [DAY_START] Processing 10MAR
[LF] Processing CAI-ELQ for 10MAR
2026-01-25 07:41:36 | INFO     | [lf.day.start] Processing CAI-ELQ for 10MAR
[LF] Sending SN command: SN10MARCAIELQ/ASM
[LF] No direct flights on 10MAR for CAI-ELQ
2026-01-25 07:41:37 | WARNING  | [lf.day.no_flights] No direct flights on 10MAR
2026-01-25 07:41:37 | INFO     | [SUCCESS] Day 10MAR
2026-01-25 07:41:37 | INFO     | [DAY_START] Processing 09MAR
[LF] Processing CAI-ELQ for 09MAR
2026-01-25 07:41:37 | INFO     | [lf.day.start] Processing CAI-ELQ for 09MAR
[LF] Sending SN command: SN09MARCAIELQ/ASM
[LF] No direct flights on 09MAR for CAI-ELQ
2026-01-25 07:41:38 | WARNING  | [lf.day.no_flights] No direct flights on 09MAR
2026-01-25 07:41:38 | INFO     | [SUCCESS] Day 09MAR
2026-01-25 07:41:38 | INFO     | [DAY_START] Processing 08MAR
[LF] Processing CAI-ELQ for 08MAR
2026-01-25 07:41:38 | INFO     | [lf.day.start] Processing CAI-ELQ for 08MAR
[LF] Sending SN command: SN08MARCAIELQ/ASM
[LF] 08MAR: found 1 direct flights
2026-01-25 07:41:40 | INFO     | [lf.day.flights_found] Found 1 flights on 08MAR
2026-01-25 07:41:42 | INFO     | [lf.flight.extracted] SM427 on 08MAR: BKG=3, LF=1.7%
[LF] SM427 08MAR: BKG=3, GRP=0, CAP=176, LF%=1.7%, Brd-Off=CAI-ELQ, Classes: I:3
[LF] Getting WEEKLY/LASTSOLD data for 1 flights
[LF] SM427 08MAR: LASTSOLD=2025-12-06 00:00:00, WEEKLY=0, TODAY=0, YDAY=0
2026-01-25 07:41:44 | INFO     | [SUCCESS] Day 08MAR
2026-01-25 07:41:44 | INFO     | [DAY_START] Processing 07MAR
[LF] Processing CAI-ELQ for 07MAR
2026-01-25 07:41:44 | INFO     | [lf.day.start] Processing CAI-ELQ for 07MAR
[LF] Sending SN command: SN07MARCAIELQ/ASM
[LF] No direct flights on 07MAR for CAI-ELQ
2026-01-25 07:41:46 | WARNING  | [lf.day.no_flights] No direct flights on 07MAR
2026-01-25 07:41:46 | INFO     | [SUCCESS] Day 07MAR
2026-01-25 07:41:46 | INFO     | [DAY_START] Processing 06MAR
[LF] Processing CAI-ELQ for 06MAR
2026-01-25 07:41:46 | INFO     | [lf.day.start] Processing CAI-ELQ for 06MAR
[LF] Sending SN command: SN06MARCAIELQ/ASM
[LF] 06MAR: found 1 direct flights
2026-01-25 07:41:47 | INFO     | [lf.day.flights_found] Found 1 flights on 06MAR
2026-01-25 07:41:49 | INFO     | [lf.flight.extracted] SM427 on 06MAR: BKG=3, LF=1.7%
[LF] SM427 06MAR: BKG=3, GRP=0, CAP=179, LF%=1.7%, Brd-Off=CAI-ELQ, Classes: W:3
[LF] Getting WEEKLY/LASTSOLD data for 1 flights
[LF] SM427 06MAR: LASTSOLD=2026-01-23 00:00:00, WEEKLY=2, TODAY=0, YDAY=0
2026-01-25 07:41:52 | INFO     | [SUCCESS] Day 06MAR
2026-01-25 07:41:52 | INFO     | [DAY_START] Processing 05MAR
[LF] Processing CAI-ELQ for 05MAR
2026-01-25 07:41:52 | INFO     | [lf.day.start] Processing CAI-ELQ for 05MAR
[LF] Sending SN command: SN05MARCAIELQ/ASM
[LF] 05MAR: found 1 direct flights
2026-01-25 07:41:53 | INFO     | [lf.day.flights_found] Found 1 flights on 05MAR
2026-01-25 07:41:55 | INFO     | [lf.flight.extracted] SM427 on 05MAR: BKG=4, LF=2.3%
[LF] SM427 05MAR: BKG=4, GRP=0, CAP=176, LF%=2.3%, Brd-Off=CAI-ELQ, Classes: I:2, W:2
[LF] Getting WEEKLY/LASTSOLD data for 1 flights
[LF] SM427 05MAR: LASTSOLD=2026-01-01 00:00:00, WEEKLY=0, TODAY=0, YDAY=0
2026-01-25 07:41:58 | ERROR    | Atomic write failed for D:\CODERED\LAB\Artifacts\outputs\run_generated_250126_at_07.06\checkpoints\flight_booking_data.json: [WinError 5] Access is denied: 'D:\\CODERED\\LAB\\Artifacts\\outputs\\run_generated_250126_at_07.06\\checkpoints\\flight_booking_data.tmp_2da00e30' -> 'D:\\CODERED\\LAB\\Artifacts\\outputs\\run_generated_250126_at_07.06\\checkpoints\\flight_booking_data.json'
2026-01-25 07:41:58 | INFO     | [SUCCESS] Day 05MAR
2026-01-25 07:41:58 | INFO     | [DAY_START] Processing 04MAR
[LF] Processing CAI-ELQ for 04MAR
2026-01-25 07:41:58 | INFO     | [lf.day.start] Processing CAI-ELQ for 04MAR
[LF] Sending SN command: SN04MARCAIELQ/ASM
[LF] No direct flights on 04MAR for CAI-ELQ
2026-01-25 07:42:00 | WARNING  | [lf.day.no_flights] No direct flights on 04MAR
2026-01-25 07:42:00 | INFO     | [SUCCESS] Day 04MAR
[LF] Results summary:
  2026-03-11: 0 flights
  2026-03-10: 0 flights
  2026-03-09: 0 flights
  2026-03-08: 1 flights
  2026-03-07: 0 flights
  2026-03-06: 1 flights
  2026-03-05: 1 flights
  2026-03-04: 0 flights
2026-01-25 07:42:00 | INFO     | [SUCCESS] LF Search Complete

============================================================
[Worker_9225] ✓ COMPLETED: CAI-ELQ
  Results: 8 dates
  Errors: 0 dates
  Total Processed: 54 groups
============================================================

2026-01-25 07:42:00 | INFO     | [Worker_9225] Completed: CAI-ELQ - 8 results, 0 errors

============================================================
[Worker_9225] Processing: JED-CAI
  Tier 0: Range 2, Chunk 4/4
  Dates: 7 days
  Date Range: 2026-03-03 to 2026-02-25
============================================================

2026-01-25 07:42:00 | INFO     | [Worker_9225] Processing: JED-CAI
2026-01-25 07:42:00 | INFO     |   Tier 0: Range 2, Chunk 4/4 (7 days)
2026-01-25 07:42:00 | INFO     | ======================================================================
2026-01-25 07:42:00 | INFO     | Load Factor Scraper Started - Route: JED-CAI
2026-01-25 07:42:00 | INFO     | Log file: D:\CODERED\LAB\Artifacts\outputs\run_generated_250126_at_07.06\logs\LF_JED-CAI_20260125_074200.log
2026-01-25 07:42:00 | INFO     | Enhanced logging: Capturing both logging.info() and print()
2026-01-25 07:42:00 | INFO     | ======================================================================
[LF] Processing dates (override): ['03MAR', '02MAR', '01MAR', '28FEB', '27FEB', '26FEB', '25FEB']
[LF] Attaching to Chrome for Altea access
2026-01-25 07:42:00 | INFO     | Starting LF search for route: JED-CAI
2026-01-25 07:42:00 | INFO     | [START] LF Search
[LF][[OK] SUCCESS] Connected to Chrome on 127.0.0.1:9225 (after 1 attempts)
2026-01-25 07:42:00 | INFO     | [HEALTH CHECK] [OK] Chrome connection is healthy
[LF][[OK] SUCCESS] Found Amadeus Altea window: Altéa Reservation Desktop
[LF][[INFO] INFO] URL: https://tc212.resdesktop.altea.amadeus.com/app_ard/apf/init/login?SITE=ESMPESMP&LANGUAGE=GB&MARKETS=ARDW_PROD_WBP&ACTION=clpLogin#
2026-01-25 07:42:00 | INFO     | [DAY_START] Processing 03MAR
[LF] Processing JED-CAI for 03MAR
2026-01-25 07:42:00 | INFO     | [lf.day.start] Processing JED-CAI for 03MAR
[LF] JED↔Cairo route detected - querying both CAI and CCE airports
[LF] Sending SN command: SN03MARJEDCAI/ASM
[LF] Sending SN command: SN03MARJEDCCE/ASM
[LF] 03MAR: found 6 direct flights
2026-01-25 07:42:03 | INFO     | [lf.day.flights_found] Found 6 flights on 03MAR
2026-01-25 07:42:05 | INFO     | [lf.flight.extracted] SM472 on 03MAR: BKG=34, LF=19.4%
[LF] SM472 03MAR: BKG=34, GRP=0, CAP=175, LF%=19.4%, Brd-Off=JED-CAI, Classes: I:9, O:8, U:8, X:8, S:1
[LPC] SM472 03MAR: Found 1 outbound flights with connecting passengers
2026-01-25 07:42:09 | INFO     | [lf.flight.extracted] SM480 on 03MAR: BKG=38, LF=21.7%
[LF] SM480 03MAR: BKG=38, GRP=0, CAP=175, LF%=21.7%, Brd-Off=JED-CAI, Classes: I:9, O:9, U:10, X:6, T:4
2026-01-25 07:42:13 | INFO     | [lf.flight.extracted] SM460 on 03MAR: BKG=41, LF=24.6%
[LF] SM460 03MAR: BKG=41, GRP=0, CAP=167, LF%=24.6%, Brd-Off=JED-CAI, Classes: I:8, O:8, U:11, X:7, T:5, K:2
2026-01-25 07:42:17 | INFO     | [lf.flight.extracted] SM424 on 03MAR: BKG=36, LF=20.6%
[LF] SM424 03MAR: BKG=36, GRP=0, CAP=175, LF%=20.6%, Brd-Off=JED-CAI, Classes: I:11, O:8, U:9, X:8
2026-01-25 07:42:21 | INFO     | [lf.flight.extracted] SM476 on 03MAR: BKG=34, LF=19.4%
[LF] SM476 03MAR: BKG=34, GRP=0, CAP=175, LF%=19.4%, Brd-Off=JED-CAI, Classes: I:9, O:8, U:9, X:8
2026-01-25 07:42:24 | INFO     | [lf.flight.extracted] SM478 on 03MAR: BKG=53, LF=30.3%
[LF] SM478 03MAR: BKG=53, GRP=0, CAP=175, LF%=30.3%, Brd-Off=JED-CAI, Classes: I:15, O:15, U:14, X:8, K:1
[LF] Getting WEEKLY/LASTSOLD data for 6 flights
[LF] SM472 03MAR: LASTSOLD=2026-01-18 00:00:00, WEEKLY=1, TODAY=0, YDAY=0
[LF] SM480 03MAR: LASTSOLD=2026-01-22 00:00:00, WEEKLY=4, TODAY=0, YDAY=0
[LF] SM460 03MAR: LASTSOLD=2026-01-20 00:00:00, WEEKLY=2, TODAY=0, YDAY=0
[LF] SM424 03MAR: LASTSOLD=2026-01-22 00:00:00, WEEKLY=4, TODAY=0, YDAY=0
[LF] SM476 03MAR: LASTSOLD=2026-01-23 00:00:00, WEEKLY=2, TODAY=0, YDAY=0
[LF] SM478 03MAR: LASTSOLD=2026-01-24 00:00:00, WEEKLY=54, TODAY=0, YDAY=4
2026-01-25 07:42:44 | INFO     | [SUCCESS] Day 03MAR
2026-01-25 07:42:44 | INFO     | [DAY_START] Processing 02MAR
[LF] Processing JED-CAI for 02MAR
2026-01-25 07:42:44 | INFO     | [lf.day.start] Processing JED-CAI for 02MAR
[LF] JED↔Cairo route detected - querying both CAI and CCE airports
[LF] Sending SN command: SN02MARJEDCAI/ASM
[LF] Sending SN command: SN02MARJEDCCE/ASM
[LF] 02MAR: found 4 direct flights
2026-01-25 07:42:45 | INFO     | [lf.day.flights_found] Found 4 flights on 02MAR
2026-01-25 07:42:48 | INFO     | [lf.flight.extracted] SM480 on 02MAR: BKG=29, LF=17.6%
[LF] SM480 02MAR: BKG=29, GRP=0, CAP=165, LF%=17.6%, Brd-Off=JED-CAI, Classes: I:9, O:8, U:9, X:1, G:2
2026-01-25 07:42:52 | INFO     | [lf.flight.extracted] SM476 on 02MAR: BKG=28, LF=16.0%
[LF] SM476 02MAR: BKG=28, GRP=0, CAP=175, LF%=16.0%, Brd-Off=JED-CAI, Classes: I:9, O:8, U:8, X:3
2026-01-25 07:42:55 | INFO     | [lf.flight.extracted] SM460 on 02MAR: BKG=37, LF=21.1%
[LF] SM460 02MAR: BKG=37, GRP=0, CAP=175, LF%=21.1%, Brd-Off=JED-CAI, Classes: I:9, O:8, U:9, X:10, T:1
2026-01-25 07:42:59 | INFO     | [lf.flight.extracted] SM478 on 02MAR: BKG=159, LF=90.9%
[LF] SM478 02MAR: BKG=159, GRP=135, CAP=175, LF%=90.9%, Brd-Off=JED-CAI, Classes: P:135, I:9, O:4, U:10, X:1
[LF] Getting WEEKLY/LASTSOLD data for 4 flights
[LF] SM480 02MAR: LASTSOLD=2026-01-24 00:00:00, WEEKLY=2, TODAY=0, YDAY=1
[LF] SM476 02MAR: LASTSOLD=2026-01-24 00:00:00, WEEKLY=4, TODAY=0, YDAY=1
[LF] SM460 02MAR: LASTSOLD=2026-01-22 00:00:00, WEEKLY=9, TODAY=0, YDAY=0
[LF] SM478 02MAR: LASTSOLD=2026-01-21 00:00:00, WEEKLY=26, TODAY=0, YDAY=0
2026-01-25 07:43:28 | INFO     | [SUCCESS] Day 02MAR
2026-01-25 07:43:28 | INFO     | [DAY_START] Processing 01MAR
[LF] Processing JED-CAI for 01MAR
2026-01-25 07:43:28 | INFO     | [lf.day.start] Processing JED-CAI for 01MAR
[LF] JED↔Cairo route detected - querying both CAI and CCE airports
[LF] Sending SN command: SN01MARJEDCAI/ASM
[LF] Sending SN command: SN01MARJEDCCE/ASM
[LF] 01MAR: found 5 direct flights
2026-01-25 07:43:29 | INFO     | [lf.day.flights_found] Found 5 flights on 01MAR
2026-01-25 07:43:32 | INFO     | [lf.flight.extracted] SM424 on 01MAR: BKG=50, LF=28.6%
[LF] SM424 01MAR: BKG=50, GRP=15, CAP=175, LF%=28.6%, Brd-Off=JED-CAI, Classes: E:15, I:9, O:8, U:9, X:8, G:1
[LPC] SM424 01MAR: Found 1 outbound flights with connecting passengers
2026-01-25 07:43:36 | INFO     | [lf.flight.extracted] SM476 on 01MAR: BKG=34, LF=19.8%
[LF] SM476 01MAR: BKG=34, GRP=0, CAP=172, LF%=19.8%, Brd-Off=JED-CAI, Classes: I:12, O:9, U:10, X:3
2026-01-25 07:43:40 | INFO     | [lf.flight.extracted] SM460 on 01MAR: BKG=37, LF=21.1%
[LF] SM460 01MAR: BKG=37, GRP=0, CAP=175, LF%=21.1%, Brd-Off=JED-CAI, Classes: I:9, O:8, U:10, X:9, S:1
[LPC] SM460 01MAR: Found 1 outbound flights with connecting passengers
2026-01-25 07:43:44 | INFO     | [lf.flight.extracted] SM478 on 01MAR: BKG=37, LF=21.1%
[LF] SM478 01MAR: BKG=37, GRP=0, CAP=175, LF%=21.1%, Brd-Off=JED-CAI, Classes: I:9, O:8, U:10, X:6, T:1, S:3
2026-01-25 07:43:48 | INFO     | [lf.flight.extracted] SM432 on 01MAR: BKG=90, LF=51.4%
[LF] SM432 01MAR: BKG=90, GRP=45, CAP=175, LF%=51.4%, Brd-Off=JED-CAI, Classes: P:45, I:15, O:15, U:14, X:1
[LF] Getting WEEKLY/LASTSOLD data for 5 flights
[LF] SM424 01MAR: LASTSOLD=2026-01-23 00:00:00, WEEKLY=6, TODAY=0, YDAY=0
[LF] SM476 01MAR: LASTSOLD=2026-01-24 00:00:00, WEEKLY=8, TODAY=0, YDAY=1
[LF] SM460 01MAR: LASTSOLD=2026-01-22 00:00:00, WEEKLY=4, TODAY=0, YDAY=0
[LF] SM478 01MAR: LASTSOLD=2026-01-14 00:00:00, WEEKLY=0, TODAY=0, YDAY=0
[LF] SM432 01MAR: LASTSOLD=2026-01-24 00:00:00, WEEKLY=46, TODAY=0, YDAY=2
2026-01-25 07:44:03 | INFO     | [SUCCESS] Day 01MAR
2026-01-25 07:44:03 | INFO     | [DAY_START] Processing 28FEB
[LF] Processing JED-CAI for 28FEB
2026-01-25 07:44:03 | INFO     | [lf.day.start] Processing JED-CAI for 28FEB
[LF] JED↔Cairo route detected - querying both CAI and CCE airports
[LF] Sending SN command: SN28FEBJEDCAI/ASM
[LF] Sending SN command: SN28FEBJEDCCE/ASM
[LF] 28FEB: found 4 direct flights
2026-01-25 07:44:05 | INFO     | [lf.day.flights_found] Found 4 flights on 28FEB
2026-01-25 07:44:08 | INFO     | [lf.flight.extracted] SM2482 on 28FEB: BKG=175, LF=100.0%
[LF] SM2482 28FEB: BKG=175, GRP=175, CAP=175, LF%=100.0%, Brd-Off=JED-CAI, Classes: P:175
2026-01-25 07:44:11 | INFO     | [lf.flight.extracted] SM450 on 28FEB: BKG=50, LF=29.1%
[LF] SM450 28FEB: BKG=50, GRP=0, CAP=172, LF%=29.1%, Brd-Off=JED-CAI, Classes: I:9, O:8, U:10, X:12, T:11
2026-01-25 07:44:14 | INFO     | [lf.flight.extracted] SM478 on 28FEB: BKG=136, LF=77.7%
[LF] SM478 28FEB: BKG=136, GRP=80, CAP=175, LF%=77.7%, Brd-Off=JED-CAI, Classes: N:1, P:80, I:9, O:7, U:10, X:13, T:10, S:3, K:3
[LPC] SM478 28FEB: Found 1 outbound flights with connecting passengers
2026-01-25 07:44:20 | INFO     | [lf.flight.extracted] SM476 on 28FEB: BKG=63, LF=36.0%
[LF] SM476 28FEB: BKG=63, GRP=0, CAP=175, LF%=36.0%, Brd-Off=JED-CAI, Classes: I:15, O:15, U:15, X:8, T:9, S:1
[LPC] SM476 28FEB: Found 0 outbound flights with connecting passengers
[LF] Getting WEEKLY/LASTSOLD data for 4 flights
[LF] SM2482 28FEB: LASTSOLD=2026-01-04 00:00:00, WEEKLY=0, TODAY=0, YDAY=0
[LF] SM450 28FEB: LASTSOLD=2026-01-20 00:00:00, WEEKLY=5, TODAY=0, YDAY=0
[LF] SM478 28FEB: LASTSOLD=2026-01-17 00:00:00, WEEKLY=0, TODAY=0, YDAY=0
[LF] SM476 28FEB: LASTSOLD=2026-01-24 00:00:00, WEEKLY=63, TODAY=0, YDAY=4
2026-01-25 07:44:35 | INFO     | [SUCCESS] Day 28FEB
2026-01-25 07:44:35 | INFO     | [DAY_START] Processing 27FEB
[LF] Processing JED-CAI for 27FEB
2026-01-25 07:44:35 | INFO     | [lf.day.start] Processing JED-CAI for 27FEB
[LF] JED↔Cairo route detected - querying both CAI and CCE airports
[LF] Sending SN command: SN27FEBJEDCAI/ASM
[LF] Sending SN command: SN27FEBJEDCCE/ASM
[LF] 27FEB: found 6 direct flights
2026-01-25 07:44:37 | INFO     | [lf.day.flights_found] Found 6 flights on 27FEB
2026-01-25 07:44:39 | INFO     | [lf.flight.extracted] SM424 on 27FEB: BKG=164, LF=95.3%
[LF] SM424 27FEB: BKG=164, GRP=130, CAP=172, LF%=95.3%, Brd-Off=JED-CAI, Classes: P:130, I:9, O:8, U:10, X:6, T:1
2026-01-25 07:44:42 | INFO     | [lf.flight.extracted] SM476 on 27FEB: BKG=174, LF=99.4%
[LF] SM476 27FEB: BKG=174, GRP=170, CAP=175, LF%=99.4%, Brd-Off=JED-CAI, Classes: P:170, U:4
2026-01-25 07:44:45 | INFO     | [lf.flight.extracted] SM480 on 27FEB: BKG=140, LF=83.8%
[LF] SM480 27FEB: BKG=140, GRP=90, CAP=167, LF%=83.8%, Brd-Off=JED-CAI, Classes: P:90, I:9, O:8, U:9, X:8, T:15, W:1
2026-01-25 07:44:49 | INFO     | [lf.flight.extracted] SM472 on 27FEB: BKG=165, LF=94.8%
[LF] SM472 27FEB: BKG=165, GRP=135, CAP=174, LF%=94.8%, Brd-Off=JED-CAI, Classes: P:135, I:9, O:2, U:10, X:9
2026-01-25 07:44:52 | INFO     | [lf.flight.extracted] SM460 on 27FEB: BKG=162, LF=97.0%
[LF] SM460 27FEB: BKG=162, GRP=130, CAP=167, LF%=97.0%, Brd-Off=JED-CAI, Classes: P:130, I:9, O:8, U:8, X:7
2026-01-25 07:44:56 | INFO     | [lf.flight.extracted] SM478 on 27FEB: BKG=174, LF=99.4%
[LF] SM478 27FEB: BKG=174, GRP=135, CAP=175, LF%=99.4%, Brd-Off=JED-CAI, Classes: P:135, I:8, O:5, U:11, X:15
[LF] Getting WEEKLY/LASTSOLD data for 6 flights
[LF] SM424 27FEB: LASTSOLD=2026-01-20 00:00:00, WEEKLY=4, TODAY=0, YDAY=0
[LF] SM476 27FEB: LASTSOLD=2025-12-20 00:00:00, WEEKLY=0, TODAY=0, YDAY=0
[LF] SM480 27FEB: LASTSOLD=2026-01-21 00:00:00, WEEKLY=11, TODAY=0, YDAY=0
[LF] SM472 27FEB: LASTSOLD=2025-12-31 00:00:00, WEEKLY=0, TODAY=0, YDAY=0
[LF] SM460 27FEB: LASTSOLD=2026-01-08 00:00:00, WEEKLY=0, TODAY=0, YDAY=0
[LF] SM478 27FEB: LASTSOLD=2026-01-23 00:00:00, WEEKLY=42, TODAY=0, YDAY=0
2026-01-25 07:45:13 | INFO     | [SUCCESS] Day 27FEB
2026-01-25 07:45:13 | INFO     | [DAY_START] Processing 26FEB
[LF] Processing JED-CAI for 26FEB
2026-01-25 07:45:13 | INFO     | [lf.day.start] Processing JED-CAI for 26FEB
[LF] JED↔Cairo route detected - querying both CAI and CCE airports
[LF] Sending SN command: SN26FEBJEDCAI/ASM
[LF] Sending SN command: SN26FEBJEDCCE/ASM
[LF] 26FEB: found 9 direct flights
2026-01-25 07:45:15 | INFO     | [lf.day.flights_found] Found 9 flights on 26FEB
2026-01-25 07:45:18 | INFO     | [lf.flight.extracted] SM424 on 26FEB: BKG=134, LF=77.0%
[LF] SM424 26FEB: BKG=134, GRP=120, CAP=174, LF%=77.0%, Brd-Off=JED-CAI, Classes: P:120, I:8, O:1, U:4, S:1
[LPC] SM424 26FEB: Found 1 outbound flights with connecting passengers
2026-01-25 07:45:23 | INFO     | [lf.flight.extracted] SM472 on 26FEB: BKG=168, LF=96.0%
[LF] SM472 26FEB: BKG=168, GRP=135, CAP=175, LF%=96.0%, Brd-Off=JED-CAI, Classes: P:135, I:9, O:8, U:9, X:4, S:2, K:1
[LPC] SM472 26FEB: Found 2 outbound flights with connecting passengers
2026-01-25 07:45:28 | INFO     | [lf.flight.extracted] SM450 on 26FEB: BKG=159, LF=90.9%
[LF] SM450 26FEB: BKG=159, GRP=131, CAP=175, LF%=90.9%, Brd-Off=JED-CAI, Classes: P:45, E:86, I:9, O:8, U:8, X:1, B:2
[LPC] SM450 26FEB: Found 1 outbound flights with connecting passengers
2026-01-25 07:45:33 | INFO     | [lf.flight.extracted] SM2484 on 26FEB: BKG=130, LF=75.6%
[LF] SM2484 26FEB: BKG=130, GRP=130, CAP=172, LF%=75.6%, Brd-Off=JED-CAI, Classes: P:130
2026-01-25 07:45:37 | INFO     | [lf.flight.extracted] SM476 on 26FEB: BKG=163, LF=93.1%
[LF] SM476 26FEB: BKG=163, GRP=135, CAP=175, LF%=93.1%, Brd-Off=JED-CAI, Classes: P:135, I:9, O:8, U:8, X:3
2026-01-25 07:45:41 | INFO     | [lf.flight.extracted] SM478 on 26FEB: BKG=108, LF=64.7%
[LF] SM478 26FEB: BKG=108, GRP=45, CAP=167, LF%=64.7%, Brd-Off=JED-CAI, Classes: P:45, I:15, O:15, U:15, X:13, K:5
2026-01-25 07:45:45 | INFO     | [lf.flight.extracted] SM2462 on 26FEB: BKG=0, LF=0.0%
[LF] SM2462 26FEB: BKG=0, GRP=0, CAP=175, LF%=0.0%, Brd-Off=JED-CAI
2026-01-25 07:45:48 | INFO     | [lf.flight.extracted] SM480 on 26FEB: BKG=168, LF=100.6%
[LF] SM480 26FEB: BKG=168, GRP=135, CAP=167, LF%=100.6%, Brd-Off=JED-CAI, Classes: P:135, I:9, O:8, U:10, X:6
2026-01-25 07:45:52 | INFO     | [lf.flight.extracted] SM432 on 26FEB: BKG=139, LF=77.2%
[LF] SM432 26FEB: BKG=139, GRP=90, CAP=180, LF%=77.2%, Brd-Off=JED-CAI, Classes: P:90, I:15, O:15, U:15, X:4
[LF] Getting WEEKLY/LASTSOLD data for 8 flights
[LF] SM424 26FEB: LASTSOLD=2026-01-09 00:00:00, WEEKLY=0, TODAY=0, YDAY=0
[LF] SM472 26FEB: LASTSOLD=2026-01-16 00:00:00, WEEKLY=0, TODAY=0, YDAY=0
[LF] SM450 26FEB: LASTSOLD=2026-01-24 00:00:00, WEEKLY=8, TODAY=0, YDAY=1
[LF] SM2484 26FEB: LASTSOLD=2026-01-02 00:00:00, WEEKLY=0, TODAY=0, YDAY=0
[LF] SM476 26FEB: LASTSOLD=2026-01-19 00:00:00, WEEKLY=3, TODAY=0, YDAY=0
[LF] SM478 26FEB: LASTSOLD=2026-01-24 00:00:00, WEEKLY=31, TODAY=0, YDAY=6
[LF] SM480 26FEB: LASTSOLD=2026-01-18 00:00:00, WEEKLY=1, TODAY=0, YDAY=0
[LF] SM432 26FEB: LASTSOLD=2026-01-24 00:00:00, WEEKLY=50, TODAY=0, YDAY=1
2026-01-25 07:46:15 | INFO     | [SUCCESS] Day 26FEB
2026-01-25 07:46:15 | INFO     | [DAY_START] Processing 25FEB
[LF] Processing JED-CAI for 25FEB
2026-01-25 07:46:15 | INFO     | [lf.day.start] Processing JED-CAI for 25FEB
[LF] JED↔Cairo route detected - querying both CAI and CCE airports
[LF] Sending SN command: SN25FEBJEDCAI/ASM
[LF] Sending SN command: SN25FEBJEDCCE/ASM
[LF] 25FEB: found 5 direct flights
2026-01-25 07:46:18 | INFO     | [lf.day.flights_found] Found 5 flights on 25FEB
2026-01-25 07:46:20 | INFO     | [lf.flight.extracted] SM476 on 25FEB: BKG=168, LF=96.0%
[LF] SM476 25FEB: BKG=168, GRP=135, CAP=175, LF%=96.0%, Brd-Off=JED-CAI, Classes: P:135, I:9, O:8, U:10, X:5, K:1
2026-01-25 07:46:23 | INFO     | [lf.flight.extracted] SM460 on 25FEB: BKG=168, LF=96.0%
[LF] SM460 25FEB: BKG=168, GRP=135, CAP=175, LF%=96.0%, Brd-Off=JED-CAI, Classes: P:135, I:9, O:6, U:10, X:7, S:1
[LPC] SM460 25FEB: Found 2 outbound flights with connecting passengers
2026-01-25 07:46:29 | INFO     | [lf.flight.extracted] SM478 on 25FEB: BKG=168, LF=96.0%
[LF] SM478 25FEB: BKG=168, GRP=135, CAP=175, LF%=96.0%, Brd-Off=JED-CAI, Classes: P:135, I:9, O:7, U:10, X:6, S:1
[LPC] SM478 25FEB: Found 1 outbound flights with connecting passengers
2026-01-25 07:46:34 | INFO     | [lf.flight.extracted] SM952 on 25FEB: BKG=173, LF=98.9%
[LF] SM952 25FEB: BKG=173, GRP=170, CAP=175, LF%=98.9%, Brd-Off=JED-CAI, Classes: N:3, P:170
2026-01-25 07:46:38 | INFO     | [lf.flight.extracted] SM2460 on 25FEB: BKG=135, LF=77.1%
[LF] SM2460 25FEB: BKG=135, GRP=135, CAP=175, LF%=77.1%, Brd-Off=JED-CAI, Classes: P:135
[LF] Getting WEEKLY/LASTSOLD data for 5 flights
[LF] SM476 25FEB: LASTSOLD=2026-01-22 00:00:00, WEEKLY=1, TODAY=0, YDAY=0
[LF] SM460 25FEB: LASTSOLD=2026-01-09 00:00:00, WEEKLY=0, TODAY=0, YDAY=0
[LF] SM478 25FEB: LASTSOLD=2026-01-10 00:00:00, WEEKLY=0, TODAY=0, YDAY=0
[LF] SM952 25FEB: LASTSOLD=2026-01-22 00:00:00, WEEKLY=3, TODAY=0, YDAY=0
[LF] SM2460 25FEB: LASTSOLD=2026-01-24 00:00:00, WEEKLY=2, TODAY=0, YDAY=2
2026-01-25 07:46:50 | INFO     | [SUCCESS] Day 25FEB
[LF] Results summary:
  2026-03-03: 6 flights
  2026-03-02: 4 flights
  2026-03-01: 5 flights
  2026-02-28: 4 flights
  2026-02-27: 6 flights
  2026-02-26: 9 flights
  2026-02-25: 5 flights
2026-01-25 07:46:50 | INFO     | [SUCCESS] LF Search Complete

============================================================
[Worker_9225] ✓ COMPLETED: JED-CAI
  Results: 7 dates
  Errors: 0 dates
  Total Processed: 55 groups
============================================================

2026-01-25 07:46:50 | INFO     | [Worker_9225] Completed: JED-CAI - 7 results, 0 errors

============================================================
[Worker_9225] Processing: DMM-ATZ
  Tier 0: Range 1, Chunk 1/4
  Dates: 8 days
  Date Range: 2026-02-24 to 2026-02-17
============================================================

2026-01-25 07:46:50 | INFO     | [Worker_9225] Processing: DMM-ATZ
2026-01-25 07:46:50 | INFO     |   Tier 0: Range 1, Chunk 1/4 (8 days)
2026-01-25 07:46:50 | INFO     | ======================================================================
2026-01-25 07:46:50 | INFO     | Load Factor Scraper Started - Route: DMM-ATZ
2026-01-25 07:46:50 | INFO     | Log file: D:\CODERED\LAB\Artifacts\outputs\run_generated_250126_at_07.06\logs\LF_DMM-ATZ_20260125_074650.log
2026-01-25 07:46:50 | INFO     | Enhanced logging: Capturing both logging.info() and print()
2026-01-25 07:46:50 | INFO     | ======================================================================
[LF] Processing dates (override): ['24FEB', '23FEB', '22FEB', '21FEB', '20FEB', '19FEB', '18FEB', '17FEB']
[LF] Attaching to Chrome for Altea access
2026-01-25 07:46:50 | INFO     | Starting LF search for route: DMM-ATZ
2026-01-25 07:46:50 | INFO     | [START] LF Search
[LF][[OK] SUCCESS] Connected to Chrome on 127.0.0.1:9225 (after 1 attempts)
2026-01-25 07:46:51 | INFO     | [HEALTH CHECK] [OK] Chrome connection is healthy
[LF][[OK] SUCCESS] Found Amadeus Altea window: Altéa Reservation Desktop
[LF][[INFO] INFO] URL: https://tc212.resdesktop.altea.amadeus.com/app_ard/apf/init/login?SITE=ESMPESMP&LANGUAGE=GB&MARKETS=ARDW_PROD_WBP&ACTION=clpLogin#
2026-01-25 07:46:51 | INFO     | [DAY_START] Processing 24FEB
[LF] Processing DMM-ATZ for 24FEB
2026-01-25 07:46:51 | INFO     | [lf.day.start] Processing DMM-ATZ for 24FEB
[LF] Sending SN command: SN24FEBDMMATZ/ASM
[LF] No direct flights on 24FEB for DMM-ATZ
2026-01-25 07:46:52 | WARNING  | [lf.day.no_flights] No direct flights on 24FEB
2026-01-25 07:46:52 | INFO     | [SUCCESS] Day 24FEB
2026-01-25 07:46:52 | INFO     | [DAY_START] Processing 23FEB
[LF] Processing DMM-ATZ for 23FEB
2026-01-25 07:46:52 | INFO     | [lf.day.start] Processing DMM-ATZ for 23FEB
[LF] Sending SN command: SN23FEBDMMATZ/ASM
[LF] 23FEB: found 1 direct flights
2026-01-25 07:46:53 | INFO     | [lf.day.flights_found] Found 1 flights on 23FEB
2026-01-25 07:46:55 | INFO     | [lf.flight.extracted] SM438 on 23FEB: BKG=61, LF=34.9%
[LF] SM438 23FEB: BKG=61, GRP=0, CAP=175, LF%=34.9%, Brd-Off=DMM-ATZ, Classes: I:9, O:3, U:15, X:9, T:8, W:10, K:7
[LF] Getting WEEKLY/LASTSOLD data for 1 flights
[LF] SM438 23FEB: LASTSOLD=2026-01-22 00:00:00, WEEKLY=4, TODAY=0, YDAY=0
2026-01-25 07:46:59 | INFO     | [SUCCESS] Day 23FEB
2026-01-25 07:46:59 | INFO     | [DAY_START] Processing 22FEB
[LF] Processing DMM-ATZ for 22FEB
2026-01-25 07:46:59 | INFO     | [lf.day.start] Processing DMM-ATZ for 22FEB
[LF] Sending SN command: SN22FEBDMMATZ/ASM
[LF] No direct flights on 22FEB for DMM-ATZ
2026-01-25 07:47:01 | WARNING  | [lf.day.no_flights] No direct flights on 22FEB
2026-01-25 07:47:01 | INFO     | [SUCCESS] Day 22FEB
2026-01-25 07:47:01 | INFO     | [DAY_START] Processing 21FEB
[LF] Processing DMM-ATZ for 21FEB
2026-01-25 07:47:01 | INFO     | [lf.day.start] Processing DMM-ATZ for 21FEB
[LF] Sending SN command: SN21FEBDMMATZ/ASM
[LF] No direct flights on 21FEB for DMM-ATZ
2026-01-25 07:47:02 | WARNING  | [lf.day.no_flights] No direct flights on 21FEB
2026-01-25 07:47:02 | INFO     | [SUCCESS] Day 21FEB
2026-01-25 07:47:02 | INFO     | [DAY_START] Processing 20FEB
[LF] Processing DMM-ATZ for 20FEB
2026-01-25 07:47:02 | INFO     | [lf.day.start] Processing DMM-ATZ for 20FEB
[LF] Sending SN command: SN20FEBDMMATZ/ASM
[LF] 20FEB: found 1 direct flights
2026-01-25 07:47:03 | INFO     | [lf.day.flights_found] Found 1 flights on 20FEB
2026-01-25 07:47:06 | INFO     | [lf.flight.extracted] SM438 on 20FEB: BKG=22, LF=12.6%
[LF] SM438 20FEB: BKG=22, GRP=0, CAP=175, LF%=12.6%, Brd-Off=DMM-ATZ, Classes: T:5, W:4, G:11, K:2
[LF] Getting WEEKLY/LASTSOLD data for 1 flights
[LF] SM438 20FEB: LASTSOLD=2026-01-22 00:00:00, WEEKLY=3, TODAY=0, YDAY=0
2026-01-25 07:47:10 | INFO     | [SUCCESS] Day 20FEB
2026-01-25 07:47:10 | INFO     | [DAY_START] Processing 19FEB
[LF] Processing DMM-ATZ for 19FEB
2026-01-25 07:47:10 | INFO     | [lf.day.start] Processing DMM-ATZ for 19FEB
[LF] Sending SN command: SN19FEBDMMATZ/ASM
[LF] No direct flights on 19FEB for DMM-ATZ
2026-01-25 07:47:12 | WARNING  | [lf.day.no_flights] No direct flights on 19FEB
2026-01-25 07:47:12 | INFO     | [SUCCESS] Day 19FEB
2026-01-25 07:47:12 | INFO     | [DAY_START] Processing 18FEB
[LF] Processing DMM-ATZ for 18FEB
2026-01-25 07:47:12 | INFO     | [lf.day.start] Processing DMM-ATZ for 18FEB
[LF] Sending SN command: SN18FEBDMMATZ/ASM
[LF] No direct flights on 18FEB for DMM-ATZ
2026-01-25 07:47:13 | WARNING  | [lf.day.no_flights] No direct flights on 18FEB
2026-01-25 07:47:13 | INFO     | [SUCCESS] Day 18FEB
2026-01-25 07:47:13 | INFO     | [DAY_START] Processing 17FEB
[LF] Processing DMM-ATZ for 17FEB
2026-01-25 07:47:13 | INFO     | [lf.day.start] Processing DMM-ATZ for 17FEB
[LF] Sending SN command: SN17FEBDMMATZ/ASM
[LF] No direct flights on 17FEB for DMM-ATZ
2026-01-25 07:47:16 | WARNING  | [lf.day.no_flights] No direct flights on 17FEB
2026-01-25 07:47:16 | INFO     | [SUCCESS] Day 17FEB
[LF] Results summary:
  2026-02-24: 0 flights
  2026-02-23: 1 flights
  2026-02-22: 0 flights
  2026-02-21: 0 flights
  2026-02-20: 1 flights
  2026-02-19: 0 flights
  2026-02-18: 0 flights
  2026-02-17: 0 flights
2026-01-25 07:47:16 | INFO     | [SUCCESS] LF Search Complete

============================================================
[Worker_9225] ✓ COMPLETED: DMM-ATZ
  Results: 8 dates
  Errors: 0 dates
  Total Processed: 56 groups
============================================================

2026-01-25 07:47:16 | INFO     | [Worker_9225] Completed: DMM-ATZ - 8 results, 0 errors

============================================================
[Worker_9225] Processing: AJF-CAI
  Tier 0: Range 1, Chunk 1/4
  Dates: 8 days
  Date Range: 2026-02-24 to 2026-02-17
============================================================

2026-01-25 07:47:16 | INFO     | [Worker_9225] Processing: AJF-CAI
2026-01-25 07:47:16 | INFO     |   Tier 0: Range 1, Chunk 1/4 (8 days)
2026-01-25 07:47:16 | INFO     | ======================================================================
2026-01-25 07:47:16 | INFO     | Load Factor Scraper Started - Route: AJF-CAI
2026-01-25 07:47:16 | INFO     | Log file: D:\CODERED\LAB\Artifacts\outputs\run_generated_250126_at_07.06\logs\LF_AJF-CAI_20260125_074716.log
2026-01-25 07:47:16 | INFO     | Enhanced logging: Capturing both logging.info() and print()
2026-01-25 07:47:16 | INFO     | ======================================================================
[LF] Processing dates (override): ['24FEB', '23FEB', '22FEB', '21FEB', '20FEB', '19FEB', '18FEB', '17FEB']
[LF] Attaching to Chrome for Altea access
2026-01-25 07:47:16 | INFO     | Starting LF search for route: AJF-CAI
2026-01-25 07:47:16 | INFO     | [START] LF Search
[LF][[OK] SUCCESS] Connected to Chrome on 127.0.0.1:9225 (after 1 attempts)
2026-01-25 07:47:17 | INFO     | [HEALTH CHECK] [OK] Chrome connection is healthy
[LF][[OK] SUCCESS] Found Amadeus Altea window: Altéa Reservation Desktop
[LF][[INFO] INFO] URL: https://tc212.resdesktop.altea.amadeus.com/app_ard/apf/init/login?SITE=ESMPESMP&LANGUAGE=GB&MARKETS=ARDW_PROD_WBP&ACTION=clpLogin#
2026-01-25 07:47:17 | INFO     | [DAY_START] Processing 24FEB
[LF] Processing AJF-CAI for 24FEB
2026-01-25 07:47:17 | INFO     | [lf.day.start] Processing AJF-CAI for 24FEB
[LF] Sending SN command: SN24FEBAJFCAI/ASM
[LF] 24FEB: found 1 direct flights
2026-01-25 07:47:20 | INFO     | [lf.day.flights_found] Found 1 flights on 24FEB
2026-01-25 07:47:23 | INFO     | [lf.flight.extracted] SM322 on 24FEB: BKG=27, LF=15.4%
[LF] SM322 24FEB: BKG=27, GRP=0, CAP=175, LF%=15.4%, Brd-Off=AJF-CAI, Classes: I:9, O:6, U:7, X:3, S:2
[LPC] SM322 24FEB: Found 1 outbound flights with connecting passengers
[LF] Getting WEEKLY/LASTSOLD data for 1 flights
[LF] SM322 24FEB: LASTSOLD=2026-01-19 00:00:00, WEEKLY=1, TODAY=0, YDAY=0
2026-01-25 07:47:28 | INFO     | [SUCCESS] Day 24FEB
2026-01-25 07:47:28 | INFO     | [DAY_START] Processing 23FEB
[LF] Processing AJF-CAI for 23FEB
2026-01-25 07:47:28 | INFO     | [lf.day.start] Processing AJF-CAI for 23FEB
[LF] Sending SN command: SN23FEBAJFCAI/ASM
[LF] No direct flights on 23FEB for AJF-CAI
2026-01-25 07:47:29 | WARNING  | [lf.day.no_flights] No direct flights on 23FEB
2026-01-25 07:47:29 | INFO     | [SUCCESS] Day 23FEB
2026-01-25 07:47:29 | INFO     | [DAY_START] Processing 22FEB
[LF] Processing AJF-CAI for 22FEB
2026-01-25 07:47:29 | INFO     | [lf.day.start] Processing AJF-CAI for 22FEB
[LF] Sending SN command: SN22FEBAJFCAI/ASM
[LF] No direct flights on 22FEB for AJF-CAI
2026-01-25 07:47:31 | WARNING  | [lf.day.no_flights] No direct flights on 22FEB
2026-01-25 07:47:31 | INFO     | [SUCCESS] Day 22FEB
2026-01-25 07:47:31 | INFO     | [DAY_START] Processing 21FEB
[LF] Processing AJF-CAI for 21FEB
2026-01-25 07:47:31 | INFO     | [lf.day.start] Processing AJF-CAI for 21FEB
[LF] Sending SN command: SN21FEBAJFCAI/ASM
[LF] 21FEB: found 1 direct flights
2026-01-25 07:47:32 | INFO     | [lf.day.flights_found] Found 1 flights on 21FEB
2026-01-25 07:47:34 | INFO     | [lf.flight.extracted] SM322 on 21FEB: BKG=32, LF=18.3%
[LF] SM322 21FEB: BKG=32, GRP=0, CAP=175, LF%=18.3%, Brd-Off=AJF-CAI, Classes: I:2, O:10, U:14, X:6
[LF] Getting WEEKLY/LASTSOLD data for 1 flights
[LF] SM322 21FEB: LASTSOLD=2026-01-24 00:00:00, WEEKLY=12, TODAY=0, YDAY=5
2026-01-25 07:47:39 | INFO     | [SUCCESS] Day 21FEB
2026-01-25 07:47:39 | INFO     | [DAY_START] Processing 20FEB
[LF] Processing AJF-CAI for 20FEB
2026-01-25 07:47:39 | INFO     | [lf.day.start] Processing AJF-CAI for 20FEB
[LF] Sending SN command: SN20FEBAJFCAI/ASM
[LF] No direct flights on 20FEB for AJF-CAI
2026-01-25 07:47:41 | WARNING  | [lf.day.no_flights] No direct flights on 20FEB
2026-01-25 07:47:41 | INFO     | [SUCCESS] Day 20FEB
2026-01-25 07:47:41 | INFO     | [DAY_START] Processing 19FEB
[LF] Processing AJF-CAI for 19FEB
2026-01-25 07:47:41 | INFO     | [lf.day.start] Processing AJF-CAI for 19FEB
[LF] Sending SN command: SN19FEBAJFCAI/ASM
[LF] 19FEB: found 1 direct flights
2026-01-25 07:47:43 | INFO     | [lf.day.flights_found] Found 1 flights on 19FEB
2026-01-25 07:47:45 | INFO     | [lf.flight.extracted] SM322 on 19FEB: BKG=19, LF=10.9%
[LF] SM322 19FEB: BKG=19, GRP=0, CAP=175, LF%=10.9%, Brd-Off=AJF-CAI, Classes: U:16, X:3
[LF] Getting WEEKLY/LASTSOLD data for 1 flights
[LF] SM322 19FEB: LASTSOLD=2026-01-24 00:00:00, WEEKLY=10, TODAY=0, YDAY=3
2026-01-25 07:47:48 | INFO     | [SUCCESS] Day 19FEB
2026-01-25 07:47:48 | INFO     | [DAY_START] Processing 18FEB
[LF] Processing AJF-CAI for 18FEB
2026-01-25 07:47:48 | INFO     | [lf.day.start] Processing AJF-CAI for 18FEB
[LF] Sending SN command: SN18FEBAJFCAI/ASM
[LF] No direct flights on 18FEB for AJF-CAI
2026-01-25 07:47:49 | WARNING  | [lf.day.no_flights] No direct flights on 18FEB
2026-01-25 07:47:49 | INFO     | [SUCCESS] Day 18FEB
2026-01-25 07:47:49 | INFO     | [DAY_START] Processing 17FEB
[LF] Processing AJF-CAI for 17FEB
2026-01-25 07:47:49 | INFO     | [lf.day.start] Processing AJF-CAI for 17FEB
[LF] Sending SN command: SN17FEBAJFCAI/ASM
[LF] 17FEB: found 1 direct flights
2026-01-25 07:47:51 | INFO     | [lf.day.flights_found] Found 1 flights on 17FEB
2026-01-25 07:47:54 | INFO     | [lf.flight.extracted] SM322 on 17FEB: BKG=61, LF=34.9%
[LF] SM322 17FEB: BKG=61, GRP=0, CAP=175, LF%=34.9%, Brd-Off=AJF-CAI, Classes: O:18, U:18, X:25
[LF] Getting WEEKLY/LASTSOLD data for 1 flights
[LF] SM322 17FEB: LASTSOLD=2026-01-24 00:00:00, WEEKLY=18, TODAY=0, YDAY=3
2026-01-25 07:47:59 | INFO     | [SUCCESS] Day 17FEB
[LF] Results summary:
  2026-02-24: 1 flights
  2026-02-23: 0 flights
  2026-02-22: 0 flights
  2026-02-21: 1 flights
  2026-02-20: 0 flights
  2026-02-19: 1 flights
  2026-02-18: 0 flights
  2026-02-17: 1 flights
2026-01-25 07:47:59 | INFO     | [SUCCESS] LF Search Complete

============================================================
[Worker_9225] ✓ COMPLETED: AJF-CAI
  Results: 8 dates
  Errors: 0 dates
  Total Processed: 57 groups
============================================================

2026-01-25 07:47:59 | INFO     | [Worker_9225] Completed: AJF-CAI - 8 results, 0 errors

============================================================
[Worker_9225] Processing: ATZ-MED
  Tier 0: Range 1, Chunk 1/4
  Dates: 8 days
  Date Range: 2026-02-24 to 2026-02-17
============================================================

2026-01-25 07:47:59 | INFO     | [Worker_9225] Processing: ATZ-MED
2026-01-25 07:47:59 | INFO     |   Tier 0: Range 1, Chunk 1/4 (8 days)
2026-01-25 07:47:59 | INFO     | ======================================================================
2026-01-25 07:47:59 | INFO     | Load Factor Scraper Started - Route: ATZ-MED
2026-01-25 07:47:59 | INFO     | Log file: D:\CODERED\LAB\Artifacts\outputs\run_generated_250126_at_07.06\logs\LF_ATZ-MED_20260125_074759.log
2026-01-25 07:47:59 | INFO     | Enhanced logging: Capturing both logging.info() and print()
2026-01-25 07:47:59 | INFO     | ======================================================================
[LF] Processing dates (override): ['24FEB', '23FEB', '22FEB', '21FEB', '20FEB', '19FEB', '18FEB', '17FEB']
[LF] Attaching to Chrome for Altea access
2026-01-25 07:47:59 | INFO     | Starting LF search for route: ATZ-MED
2026-01-25 07:47:59 | INFO     | [START] LF Search
[LF][[OK] SUCCESS] Connected to Chrome on 127.0.0.1:9225 (after 1 attempts)
2026-01-25 07:48:00 | INFO     | [HEALTH CHECK] [OK] Chrome connection is healthy
[LF][[OK] SUCCESS] Found Amadeus Altea window: Altéa Reservation Desktop
[LF][[INFO] INFO] URL: https://tc212.resdesktop.altea.amadeus.com/app_ard/apf/init/login?SITE=ESMPESMP&LANGUAGE=GB&MARKETS=ARDW_PROD_WBP&ACTION=clpLogin#
2026-01-25 07:48:00 | INFO     | [DAY_START] Processing 24FEB
[LF] Processing ATZ-MED for 24FEB
2026-01-25 07:48:00 | INFO     | [lf.day.start] Processing ATZ-MED for 24FEB
[LF] Sending SN command: SN24FEBATZMED/ASM
[LF] 24FEB: found 1 direct flights
2026-01-25 07:48:01 | INFO     | [lf.day.flights_found] Found 1 flights on 24FEB
2026-01-25 07:48:03 | INFO     | [lf.flight.extracted] SM487 on 24FEB: BKG=180, LF=100.6%
[LF] SM487 24FEB: BKG=180, GRP=180, CAP=179, LF%=100.6%, Brd-Off=ATZ-MED, Classes: P:180
[LF] Getting WEEKLY/LASTSOLD data for 1 flights
[LF] SM487 24FEB: LASTSOLD=2026-01-14 00:00:00, WEEKLY=0, TODAY=0, YDAY=0
2026-01-25 07:48:07 | INFO     | [SUCCESS] Day 24FEB
2026-01-25 07:48:07 | INFO     | [DAY_START] Processing 23FEB
[LF] Processing ATZ-MED for 23FEB
2026-01-25 07:48:07 | INFO     | [lf.day.start] Processing ATZ-MED for 23FEB
[LF] Sending SN command: SN23FEBATZMED/ASM
[LF] 23FEB: found 1 direct flights
2026-01-25 07:48:08 | INFO     | [lf.day.flights_found] Found 1 flights on 23FEB
2026-01-25 07:48:10 | INFO     | [lf.flight.extracted] SM487 on 23FEB: BKG=176, LF=98.3%
[LF] SM487 23FEB: BKG=176, GRP=175, CAP=179, LF%=98.3%, Brd-Off=ATZ-MED, Classes: P:175, V:1
[LF] Getting WEEKLY/LASTSOLD data for 1 flights
[LF] SM487 23FEB: LASTSOLD=2026-01-14 00:00:00, WEEKLY=0, TODAY=0, YDAY=0
2026-01-25 07:48:13 | INFO     | [SUCCESS] Day 23FEB
2026-01-25 07:48:13 | INFO     | [DAY_START] Processing 22FEB
[LF] Processing ATZ-MED for 22FEB
2026-01-25 07:48:13 | INFO     | [lf.day.start] Processing ATZ-MED for 22FEB
[LF] Sending SN command: SN22FEBATZMED/ASM
[LF] 22FEB: found 2 direct flights
2026-01-25 07:48:15 | INFO     | [lf.day.flights_found] Found 2 flights on 22FEB
2026-01-25 07:48:17 | INFO     | [lf.flight.extracted] SM981 on 22FEB: BKG=180, LF=100.6%
[LF] SM981 22FEB: BKG=180, GRP=180, CAP=179, LF%=100.6%, Brd-Off=ATZ-MED, Classes: P:180
2026-01-25 07:48:20 | INFO     | [lf.flight.extracted] SM963 on 22FEB: BKG=180, LF=100.6%
[LF] SM963 22FEB: BKG=180, GRP=180, CAP=179, LF%=100.6%, Brd-Off=ATZ-MED, Classes: P:180
[LF] Getting WEEKLY/LASTSOLD data for 2 flights
[LF] SM981 22FEB: LASTSOLD=2026-01-13 00:00:00, WEEKLY=0, TODAY=0, YDAY=0
[LF] SM963 22FEB: LASTSOLD=2026-01-14 00:00:00, WEEKLY=0, TODAY=0, YDAY=0
2026-01-25 07:48:25 | INFO     | [SUCCESS] Day 22FEB
2026-01-25 07:48:25 | INFO     | [DAY_START] Processing 21FEB
[LF] Processing ATZ-MED for 21FEB
2026-01-25 07:48:25 | INFO     | [lf.day.start] Processing ATZ-MED for 21FEB
[LF] Sending SN command: SN21FEBATZMED/ASM
[LF] 21FEB: found 1 direct flights
2026-01-25 07:48:26 | INFO     | [lf.day.flights_found] Found 1 flights on 21FEB
2026-01-25 07:48:29 | INFO     | [lf.flight.extracted] SM487 on 21FEB: BKG=179, LF=100.0%
[LF] SM487 21FEB: BKG=179, GRP=175, CAP=179, LF%=100.0%, Brd-Off=ATZ-MED, Classes: P:175, V:4
[LF] Getting WEEKLY/LASTSOLD data for 1 flights
[LF] SM487 21FEB: LASTSOLD=2026-01-14 00:00:00, WEEKLY=0, TODAY=0, YDAY=0
2026-01-25 07:48:32 | INFO     | [SUCCESS] Day 21FEB
2026-01-25 07:48:32 | INFO     | [DAY_START] Processing 20FEB
[LF] Processing ATZ-MED for 20FEB
2026-01-25 07:48:32 | INFO     | [lf.day.start] Processing ATZ-MED for 20FEB
[LF] Sending SN command: SN20FEBATZMED/ASM
[LF] 20FEB: found 1 direct flights
2026-01-25 07:48:33 | INFO     | [lf.day.flights_found] Found 1 flights on 20FEB
2026-01-25 07:48:36 | INFO     | [lf.flight.extracted] SM963 on 20FEB: BKG=180, LF=100.6%
[LF] SM963 20FEB: BKG=180, GRP=180, CAP=179, LF%=100.6%, Brd-Off=ATZ-MED, Classes: P:180
[LF] Getting WEEKLY/LASTSOLD data for 1 flights
[LF] SM963 20FEB: LASTSOLD=2026-01-13 00:00:00, WEEKLY=0, TODAY=0, YDAY=0
2026-01-25 07:48:38 | INFO     | [SUCCESS] Day 20FEB
2026-01-25 07:48:38 | INFO     | [DAY_START] Processing 19FEB
[LF] Processing ATZ-MED for 19FEB
2026-01-25 07:48:38 | INFO     | [lf.day.start] Processing ATZ-MED for 19FEB
[LF] Sending SN command: SN19FEBATZMED/ASM
[LF] No direct flights on 19FEB for ATZ-MED
2026-01-25 07:48:40 | WARNING  | [lf.day.no_flights] No direct flights on 19FEB
2026-01-25 07:48:40 | INFO     | [SUCCESS] Day 19FEB
2026-01-25 07:48:40 | INFO     | [DAY_START] Processing 18FEB
[LF] Processing ATZ-MED for 18FEB
2026-01-25 07:48:40 | INFO     | [lf.day.start] Processing ATZ-MED for 18FEB
[LF] Sending SN command: SN18FEBATZMED/ASM
[LF] 18FEB: found 1 direct flights
2026-01-25 07:48:41 | INFO     | [lf.day.flights_found] Found 1 flights on 18FEB
2026-01-25 07:48:43 | INFO     | [lf.flight.extracted] SM489 on 18FEB: BKG=225, LF=125.7%
[LF] SM489 18FEB: BKG=225, GRP=225, CAP=179, LF%=125.7%, Brd-Off=ATZ-MED, Classes: P:225
[LF] Getting WEEKLY/LASTSOLD data for 1 flights
[LF] SM489 18FEB: LASTSOLD=2026-01-09 00:00:00, WEEKLY=0, TODAY=0, YDAY=0
2026-01-25 07:48:46 | INFO     | [SUCCESS] Day 18FEB
2026-01-25 07:48:46 | INFO     | [DAY_START] Processing 17FEB
[LF] Processing ATZ-MED for 17FEB
2026-01-25 07:48:46 | INFO     | [lf.day.start] Processing ATZ-MED for 17FEB
[LF] Sending SN command: SN17FEBATZMED/ASM
[LF] 17FEB: found 1 direct flights
2026-01-25 07:48:47 | INFO     | [lf.day.flights_found] Found 1 flights on 17FEB
2026-01-25 07:48:50 | INFO     | [lf.flight.extracted] SM487 on 17FEB: BKG=138, LF=77.1%
[LF] SM487 17FEB: BKG=138, GRP=135, CAP=179, LF%=77.1%, Brd-Off=ATZ-MED, Classes: P:135, X:1, V:2
[LF] Getting WEEKLY/LASTSOLD data for 1 flights
[LF] SM487 17FEB: LASTSOLD=2026-01-22 00:00:00, WEEKLY=3, TODAY=0, YDAY=0
2026-01-25 07:48:53 | INFO     | [SUCCESS] Day 17FEB
[LF] Results summary:
  2026-02-24: 1 flights
  2026-02-23: 1 flights
  2026-02-22: 2 flights
  2026-02-21: 1 flights
  2026-02-20: 1 flights
  2026-02-19: 0 flights
  2026-02-18: 1 flights
  2026-02-17: 1 flights
2026-01-25 07:48:53 | INFO     | [SUCCESS] LF Search Complete

============================================================
[Worker_9225] ✓ COMPLETED: ATZ-MED
  Results: 8 dates
  Errors: 0 dates
  Total Processed: 58 groups
============================================================

2026-01-25 07:48:53 | INFO     | [Worker_9225] Completed: ATZ-MED - 8 results, 0 errors

============================================================
[Worker_9225] Processing: ASW-JED
  Tier 0: Range 1, Chunk 1/4
  Dates: 8 days
  Date Range: 2026-02-24 to 2026-02-17
============================================================

2026-01-25 07:48:53 | INFO     | [Worker_9225] Processing: ASW-JED
2026-01-25 07:48:53 | INFO     |   Tier 0: Range 1, Chunk 1/4 (8 days)
2026-01-25 07:48:53 | INFO     | ======================================================================
2026-01-25 07:48:53 | INFO     | Load Factor Scraper Started - Route: ASW-JED
2026-01-25 07:48:53 | INFO     | Log file: D:\CODERED\LAB\Artifacts\outputs\run_generated_250126_at_07.06\logs\LF_ASW-JED_20260125_074853.log
2026-01-25 07:48:53 | INFO     | Enhanced logging: Capturing both logging.info() and print()
2026-01-25 07:48:53 | INFO     | ======================================================================
[LF] Processing dates (override): ['24FEB', '23FEB', '22FEB', '21FEB', '20FEB', '19FEB', '18FEB', '17FEB']
[LF] Attaching to Chrome for Altea access
2026-01-25 07:48:53 | INFO     | Starting LF search for route: ASW-JED
2026-01-25 07:48:53 | INFO     | [START] LF Search
[LF][[OK] SUCCESS] Connected to Chrome on 127.0.0.1:9225 (after 1 attempts)
2026-01-25 07:48:54 | INFO     | [HEALTH CHECK] [OK] Chrome connection is healthy
[LF][[OK] SUCCESS] Found Amadeus Altea window: Altéa Reservation Desktop
[LF][[INFO] INFO] URL: https://tc212.resdesktop.altea.amadeus.com/app_ard/apf/init/login?SITE=ESMPESMP&LANGUAGE=GB&MARKETS=ARDW_PROD_WBP&ACTION=clpLogin#
2026-01-25 07:48:54 | INFO     | [DAY_START] Processing 24FEB
[LF] Processing ASW-JED for 24FEB
2026-01-25 07:48:54 | INFO     | [lf.day.start] Processing ASW-JED for 24FEB
[LF] Sending SN command: SN24FEBASWJED/ASM
[LF] 24FEB: found 2 direct flights
2026-01-25 07:48:56 | INFO     | [lf.day.flights_found] Found 2 flights on 24FEB
2026-01-25 07:48:58 | INFO     | [lf.flight.extracted] SM973 on 24FEB: BKG=180, LF=100.6%
[LF] SM973 24FEB: BKG=180, GRP=180, CAP=179, LF%=100.6%, Brd-Off=ASW-JED, Classes: P:180
2026-01-25 07:49:03 | INFO     | [lf.flight.extracted] SM985 on 24FEB: BKG=180, LF=102.3%
[LF] SM985 24FEB: BKG=180, GRP=180, CAP=176, LF%=102.3%, Brd-Off=ASW-JED, Classes: P:180
[LF] Getting WEEKLY/LASTSOLD data for 2 flights
[LF] SM973 24FEB: LASTSOLD=2026-01-23 00:00:00, WEEKLY=2, TODAY=0, YDAY=0
[LF] SM985 24FEB: LASTSOLD=2026-01-23 00:00:00, WEEKLY=2, TODAY=0, YDAY=0
2026-01-25 07:49:07 | INFO     | [SUCCESS] Day 24FEB
2026-01-25 07:49:07 | INFO     | [DAY_START] Processing 23FEB
[LF] Processing ASW-JED for 23FEB
2026-01-25 07:49:07 | INFO     | [lf.day.start] Processing ASW-JED for 23FEB
[LF] Sending SN command: SN23FEBASWJED/ASM
[LF] 23FEB: found 2 direct flights
2026-01-25 07:49:08 | INFO     | [lf.day.flights_found] Found 2 flights on 23FEB
2026-01-25 07:49:10 | INFO     | [lf.flight.extracted] SM425 on 23FEB: BKG=180, LF=100.6%
[LF] SM425 23FEB: BKG=180, GRP=180, CAP=179, LF%=100.6%, Brd-Off=ASW-JED, Classes: P:180
2026-01-25 07:49:15 | INFO     | [lf.flight.extracted] SM949 on 23FEB: BKG=180, LF=100.6%
[LF] SM949 23FEB: BKG=180, GRP=180, CAP=179, LF%=100.6%, Brd-Off=ASW-JED, Classes: P:180
[LF] Getting WEEKLY/LASTSOLD data for 2 flights
[LF] SM425 23FEB: LASTSOLD=2026-01-23 00:00:00, WEEKLY=2, TODAY=0, YDAY=0
[LF] SM949 23FEB: LASTSOLD=2026-01-23 00:00:00, WEEKLY=2, TODAY=0, YDAY=0
2026-01-25 07:49:19 | INFO     | [SUCCESS] Day 23FEB
2026-01-25 07:49:19 | INFO     | [DAY_START] Processing 22FEB
[LF] Processing ASW-JED for 22FEB
2026-01-25 07:49:19 | INFO     | [lf.day.start] Processing ASW-JED for 22FEB
[LF] Sending SN command: SN22FEBASWJED/ASM
[LF] No direct flights on 22FEB for ASW-JED
2026-01-25 07:49:21 | WARNING  | [lf.day.no_flights] No direct flights on 22FEB
2026-01-25 07:49:21 | INFO     | [SUCCESS] Day 22FEB
2026-01-25 07:49:21 | INFO     | [DAY_START] Processing 21FEB
[LF] Processing ASW-JED for 21FEB
2026-01-25 07:49:21 | INFO     | [lf.day.start] Processing ASW-JED for 21FEB
[LF] Sending SN command: SN21FEBASWJED/ASM
[LF] No direct flights on 21FEB for ASW-JED
2026-01-25 07:49:22 | WARNING  | [lf.day.no_flights] No direct flights on 21FEB
2026-01-25 07:49:22 | INFO     | [SUCCESS] Day 21FEB
2026-01-25 07:49:22 | INFO     | [DAY_START] Processing 20FEB
[LF] Processing ASW-JED for 20FEB
2026-01-25 07:49:22 | INFO     | [lf.day.start] Processing ASW-JED for 20FEB
[LF] Sending SN command: SN20FEBASWJED/ASM
[LF] No direct flights on 20FEB for ASW-JED
2026-01-25 07:49:23 | WARNING  | [lf.day.no_flights] No direct flights on 20FEB
2026-01-25 07:49:23 | INFO     | [SUCCESS] Day 20FEB
2026-01-25 07:49:23 | INFO     | [DAY_START] Processing 19FEB
[LF] Processing ASW-JED for 19FEB
2026-01-25 07:49:23 | INFO     | [lf.day.start] Processing ASW-JED for 19FEB
[LF] Sending SN command: SN19FEBASWJED/ASM
[LF] No direct flights on 19FEB for ASW-JED
2026-01-25 07:49:24 | WARNING  | [lf.day.no_flights] No direct flights on 19FEB
2026-01-25 07:49:24 | INFO     | [SUCCESS] Day 19FEB
2026-01-25 07:49:24 | INFO     | [DAY_START] Processing 18FEB
[LF] Processing ASW-JED for 18FEB
2026-01-25 07:49:24 | INFO     | [lf.day.start] Processing ASW-JED for 18FEB
[LF] Sending SN command: SN18FEBASWJED/ASM
[LF] No direct flights on 18FEB for ASW-JED
2026-01-25 07:49:26 | WARNING  | [lf.day.no_flights] No direct flights on 18FEB
2026-01-25 07:49:26 | INFO     | [SUCCESS] Day 18FEB
2026-01-25 07:49:26 | INFO     | [DAY_START] Processing 17FEB
[LF] Processing ASW-JED for 17FEB
2026-01-25 07:49:26 | INFO     | [lf.day.start] Processing ASW-JED for 17FEB
[LF] Sending SN command: SN17FEBASWJED/ASM
[LF] No direct flights on 17FEB for ASW-JED
2026-01-25 07:49:27 | WARNING  | [lf.day.no_flights] No direct flights on 17FEB
2026-01-25 07:49:27 | INFO     | [SUCCESS] Day 17FEB
[LF] Results summary:
  2026-02-24: 2 flights
  2026-02-23: 2 flights
  2026-02-22: 0 flights
  2026-02-21: 0 flights
  2026-02-20: 0 flights
  2026-02-19: 0 flights
  2026-02-18: 0 flights
  2026-02-17: 0 flights
2026-01-25 07:49:27 | INFO     | [SUCCESS] LF Search Complete

============================================================
[Worker_9225] ✓ COMPLETED: ASW-JED
  Results: 8 dates
  Errors: 0 dates
  Total Processed: 59 groups
============================================================

2026-01-25 07:49:33 | INFO     | [Worker_9225] Completed: ASW-JED - 8 results, 0 errors

============================================================
[Worker_9225] Processing: CAI-TUU
  Tier 0: Range 1, Chunk 1/4
  Dates: 8 days
  Date Range: 2026-02-24 to 2026-02-17
============================================================

2026-01-25 07:49:33 | INFO     | [Worker_9225] Processing: CAI-TUU
2026-01-25 07:49:33 | INFO     |   Tier 0: Range 1, Chunk 1/4 (8 days)
2026-01-25 07:49:33 | INFO     | ======================================================================
2026-01-25 07:49:33 | INFO     | Load Factor Scraper Started - Route: CAI-TUU
2026-01-25 07:49:33 | INFO     | Log file: D:\CODERED\LAB\Artifacts\outputs\run_generated_250126_at_07.06\logs\LF_CAI-TUU_20260125_074933.log
2026-01-25 07:49:33 | INFO     | Enhanced logging: Capturing both logging.info() and print()
2026-01-25 07:49:33 | INFO     | ======================================================================
[LF] Processing dates (override): ['24FEB', '23FEB', '22FEB', '21FEB', '20FEB', '19FEB', '18FEB', '17FEB']
[LF] Attaching to Chrome for Altea access
2026-01-25 07:49:33 | INFO     | Starting LF search for route: CAI-TUU
2026-01-25 07:49:33 | INFO     | [START] LF Search
[LF][[OK] SUCCESS] Connected to Chrome on 127.0.0.1:9225 (after 1 attempts)
2026-01-25 07:49:35 | INFO     | [HEALTH CHECK] [OK] Chrome connection is healthy
[LF][[OK] SUCCESS] Found Amadeus Altea window: Altéa Reservation Desktop
[LF][[INFO] INFO] URL: https://tc212.resdesktop.altea.amadeus.com/app_ard/apf/init/login?SITE=ESMPESMP&LANGUAGE=GB&MARKETS=ARDW_PROD_WBP&ACTION=clpLogin#
2026-01-25 07:49:35 | INFO     | [DAY_START] Processing 24FEB
[LF] Processing CAI-TUU for 24FEB
2026-01-25 07:49:35 | INFO     | [lf.day.start] Processing CAI-TUU for 24FEB
[LF] Sending SN command: SN24FEBCAITUU/ASM
[LF] No direct flights on 24FEB for CAI-TUU
2026-01-25 07:49:36 | WARNING  | [lf.day.no_flights] No direct flights on 24FEB
2026-01-25 07:49:36 | INFO     | [SUCCESS] Day 24FEB
2026-01-25 07:49:36 | INFO     | [DAY_START] Processing 23FEB
[LF] Processing CAI-TUU for 23FEB
2026-01-25 07:49:36 | INFO     | [lf.day.start] Processing CAI-TUU for 23FEB
[LF] Sending SN command: SN23FEBCAITUU/ASM
[LF] No direct flights on 23FEB for CAI-TUU
2026-01-25 07:49:37 | WARNING  | [lf.day.no_flights] No direct flights on 23FEB
2026-01-25 07:49:37 | INFO     | [SUCCESS] Day 23FEB
2026-01-25 07:49:37 | INFO     | [DAY_START] Processing 22FEB
[LF] Processing CAI-TUU for 22FEB
2026-01-25 07:49:37 | INFO     | [lf.day.start] Processing CAI-TUU for 22FEB
[LF] Sending SN command: SN22FEBCAITUU/ASM
[LF] No direct flights on 22FEB for CAI-TUU
2026-01-25 07:49:39 | WARNING  | [lf.day.no_flights] No direct flights on 22FEB
2026-01-25 07:49:39 | INFO     | [SUCCESS] Day 22FEB
2026-01-25 07:49:39 | INFO     | [DAY_START] Processing 21FEB
[LF] Processing CAI-TUU for 21FEB
2026-01-25 07:49:39 | INFO     | [lf.day.start] Processing CAI-TUU for 21FEB
[LF] Sending SN command: SN21FEBCAITUU/ASM
[LF] 21FEB: found 1 direct flights
2026-01-25 07:49:40 | INFO     | [lf.day.flights_found] Found 1 flights on 21FEB
2026-01-25 07:49:42 | INFO     | [lf.flight.extracted] SM325 on 21FEB: BKG=2, LF=1.8%
[LF] SM325 21FEB: BKG=2, GRP=0, CAP=109, LF%=1.8%, Brd-Off=CAI-TUU, Classes: W:2
[LF] Getting WEEKLY/LASTSOLD data for 1 flights
[LF] SM325 21FEB: LASTSOLD=2026-01-19 00:00:00, WEEKLY=1, TODAY=0, YDAY=0
2026-01-25 07:49:45 | INFO     | [SUCCESS] Day 21FEB
2026-01-25 07:49:45 | INFO     | [DAY_START] Processing 20FEB
[LF] Processing CAI-TUU for 20FEB
2026-01-25 07:49:45 | INFO     | [lf.day.start] Processing CAI-TUU for 20FEB
[LF] Sending SN command: SN20FEBCAITUU/ASM
[LF] No direct flights on 20FEB for CAI-TUU
2026-01-25 07:49:46 | WARNING  | [lf.day.no_flights] No direct flights on 20FEB
2026-01-25 07:49:46 | INFO     | [SUCCESS] Day 20FEB
2026-01-25 07:49:46 | INFO     | [DAY_START] Processing 19FEB
[LF] Processing CAI-TUU for 19FEB
2026-01-25 07:49:46 | INFO     | [lf.day.start] Processing CAI-TUU for 19FEB
[LF] Sending SN command: SN19FEBCAITUU/ASM
[LF] 19FEB: found 1 direct flights
2026-01-25 07:49:48 | INFO     | [lf.day.flights_found] Found 1 flights on 19FEB
2026-01-25 07:49:50 | INFO     | [lf.flight.extracted] SM325 on 19FEB: BKG=0, LF=0.0%
[LF] SM325 19FEB: BKG=0, GRP=0, CAP=176, LF%=0.0%, Brd-Off=CAI-TUU
2026-01-25 07:49:51 | INFO     | [SUCCESS] Day 19FEB
2026-01-25 07:49:51 | INFO     | [DAY_START] Processing 18FEB
[LF] Processing CAI-TUU for 18FEB
2026-01-25 07:49:51 | INFO     | [lf.day.start] Processing CAI-TUU for 18FEB
[LF] Sending SN command: SN18FEBCAITUU/ASM
[LF] 18FEB: found 1 direct flights
2026-01-25 07:49:53 | INFO     | [lf.day.flights_found] Found 1 flights on 18FEB
2026-01-25 07:49:55 | INFO     | [lf.flight.extracted] SM325 on 18FEB: BKG=1, LF=0.6%
[LF] SM325 18FEB: BKG=1, GRP=0, CAP=179, LF%=0.6%, Brd-Off=CAI-TUU, Classes: I:1
[LF] Getting WEEKLY/LASTSOLD data for 1 flights
[LF] SM325 18FEB: LASTSOLD=2026-01-24 00:00:00, WEEKLY=1, TODAY=0, YDAY=1
2026-01-25 07:49:58 | INFO     | [SUCCESS] Day 18FEB
2026-01-25 07:49:58 | INFO     | [DAY_START] Processing 17FEB
[LF] Processing CAI-TUU for 17FEB
2026-01-25 07:49:58 | INFO     | [lf.day.start] Processing CAI-TUU for 17FEB
[LF] Sending SN command: SN17FEBCAITUU/ASM
[LF] No direct flights on 17FEB for CAI-TUU
2026-01-25 07:49:59 | WARNING  | [lf.day.no_flights] No direct flights on 17FEB
2026-01-25 07:49:59 | INFO     | [SUCCESS] Day 17FEB
[LF] Results summary:
  2026-02-24: 0 flights
  2026-02-23: 0 flights
  2026-02-22: 0 flights
  2026-02-21: 1 flights
  2026-02-20: 0 flights
  2026-02-19: 1 flights
  2026-02-18: 1 flights
  2026-02-17: 0 flights
2026-01-25 07:49:59 | INFO     | [SUCCESS] LF Search Complete

============================================================
[Worker_9225] ✓ COMPLETED: CAI-TUU
  Results: 8 dates
  Errors: 0 dates
  Total Processed: 60 groups
============================================================

2026-01-25 07:49:59 | INFO     | [Worker_9225] Completed: CAI-TUU - 8 results, 0 errors

============================================================
[Worker_9225] Processing: CAI-ELQ
  Tier 0: Range 1, Chunk 1/4
  Dates: 8 days
  Date Range: 2026-02-24 to 2026-02-17
============================================================

2026-01-25 07:49:59 | INFO     | [Worker_9225] Processing: CAI-ELQ
2026-01-25 07:49:59 | INFO     |   Tier 0: Range 1, Chunk 1/4 (8 days)
2026-01-25 07:49:59 | INFO     | ======================================================================
2026-01-25 07:49:59 | INFO     | Load Factor Scraper Started - Route: CAI-ELQ
2026-01-25 07:49:59 | INFO     | Log file: D:\CODERED\LAB\Artifacts\outputs\run_generated_250126_at_07.06\logs\LF_CAI-ELQ_20260125_074959.log
2026-01-25 07:49:59 | INFO     | Enhanced logging: Capturing both logging.info() and print()
2026-01-25 07:49:59 | INFO     | ======================================================================
[LF] Processing dates (override): ['24FEB', '23FEB', '22FEB', '21FEB', '20FEB', '19FEB', '18FEB', '17FEB']
[LF] Attaching to Chrome for Altea access
2026-01-25 07:49:59 | INFO     | Starting LF search for route: CAI-ELQ
2026-01-25 07:49:59 | INFO     | [START] LF Search
[LF][[OK] SUCCESS] Connected to Chrome on 127.0.0.1:9225 (after 1 attempts)
2026-01-25 07:50:00 | INFO     | [HEALTH CHECK] [OK] Chrome connection is healthy
[LF][[OK] SUCCESS] Found Amadeus Altea window: Altéa Reservation Desktop
[LF][[INFO] INFO] URL: https://tc212.resdesktop.altea.amadeus.com/app_ard/apf/init/login?SITE=ESMPESMP&LANGUAGE=GB&MARKETS=ARDW_PROD_WBP&ACTION=clpLogin#
2026-01-25 07:50:00 | INFO     | [DAY_START] Processing 24FEB
[LF] Processing CAI-ELQ for 24FEB
2026-01-25 07:50:00 | INFO     | [lf.day.start] Processing CAI-ELQ for 24FEB
[LF] Sending SN command: SN24FEBCAIELQ/ASM
[LF] No direct flights on 24FEB for CAI-ELQ
2026-01-25 07:50:02 | WARNING  | [lf.day.no_flights] No direct flights on 24FEB
2026-01-25 07:50:02 | INFO     | [SUCCESS] Day 24FEB
2026-01-25 07:50:02 | INFO     | [DAY_START] Processing 23FEB
[LF] Processing CAI-ELQ for 23FEB
2026-01-25 07:50:02 | INFO     | [lf.day.start] Processing CAI-ELQ for 23FEB
[LF] Sending SN command: SN23FEBCAIELQ/ASM
[LF] No direct flights on 23FEB for CAI-ELQ
2026-01-25 07:50:03 | WARNING  | [lf.day.no_flights] No direct flights on 23FEB
2026-01-25 07:50:03 | INFO     | [SUCCESS] Day 23FEB
2026-01-25 07:50:03 | INFO     | [DAY_START] Processing 22FEB
[LF] Processing CAI-ELQ for 22FEB
2026-01-25 07:50:03 | INFO     | [lf.day.start] Processing CAI-ELQ for 22FEB
[LF] Sending SN command: SN22FEBCAIELQ/ASM
[LF] 22FEB: found 1 direct flights
2026-01-25 07:50:05 | INFO     | [lf.day.flights_found] Found 1 flights on 22FEB
2026-01-25 07:50:07 | INFO     | [lf.flight.extracted] SM427 on 22FEB: BKG=6, LF=3.4%
[LF] SM427 22FEB: BKG=6, GRP=0, CAP=179, LF%=3.4%, Brd-Off=CAI-ELQ, Classes: T:3, W:1, G:2
[LF] Getting WEEKLY/LASTSOLD data for 1 flights
[LF] SM427 22FEB: LASTSOLD=2026-01-24 00:00:00, WEEKLY=2, TODAY=0, YDAY=2
2026-01-25 07:50:10 | INFO     | [SUCCESS] Day 22FEB
2026-01-25 07:50:10 | INFO     | [DAY_START] Processing 21FEB
[LF] Processing CAI-ELQ for 21FEB
2026-01-25 07:50:10 | INFO     | [lf.day.start] Processing CAI-ELQ for 21FEB
[LF] Sending SN command: SN21FEBCAIELQ/ASM
[LF] No direct flights on 21FEB for CAI-ELQ
2026-01-25 07:50:12 | WARNING  | [lf.day.no_flights] No direct flights on 21FEB
2026-01-25 07:50:12 | INFO     | [SUCCESS] Day 21FEB
2026-01-25 07:50:12 | INFO     | [DAY_START] Processing 20FEB
[LF] Processing CAI-ELQ for 20FEB
2026-01-25 07:50:12 | INFO     | [lf.day.start] Processing CAI-ELQ for 20FEB
[LF] Sending SN command: SN20FEBCAIELQ/ASM
[LF] 20FEB: found 1 direct flights
2026-01-25 07:50:13 | INFO     | [lf.day.flights_found] Found 1 flights on 20FEB
2026-01-25 07:50:15 | INFO     | [lf.flight.extracted] SM427 on 20FEB: BKG=3, LF=2.8%
[LF] SM427 20FEB: BKG=3, GRP=0, CAP=109, LF%=2.8%, Brd-Off=CAI-ELQ, Classes: T:2, G:1
[LF] Getting WEEKLY/LASTSOLD data for 1 flights
[LF] SM427 20FEB: LASTSOLD=2026-01-23 00:00:00, WEEKLY=1, TODAY=0, YDAY=0
2026-01-25 07:50:18 | INFO     | [SUCCESS] Day 20FEB
2026-01-25 07:50:18 | INFO     | [DAY_START] Processing 19FEB
[LF] Processing CAI-ELQ for 19FEB
2026-01-25 07:50:18 | INFO     | [lf.day.start] Processing CAI-ELQ for 19FEB
[LF] Sending SN command: SN19FEBCAIELQ/ASM
[LF] 19FEB: found 1 direct flights
2026-01-25 07:50:19 | INFO     | [lf.day.flights_found] Found 1 flights on 19FEB
2026-01-25 07:50:22 | INFO     | [lf.flight.extracted] SM427 on 19FEB: BKG=4, LF=3.7%
[LF] SM427 19FEB: BKG=4, GRP=0, CAP=109, LF%=3.7%, Brd-Off=CAI-ELQ, Classes: W:4
[LF] Getting WEEKLY/LASTSOLD data for 1 flights
[LF] SM427 19FEB: LASTSOLD=2026-01-24 00:00:00, WEEKLY=3, TODAY=0, YDAY=3
2026-01-25 07:50:26 | INFO     | [SUCCESS] Day 19FEB
2026-01-25 07:50:26 | INFO     | [DAY_START] Processing 18FEB
[LF] Processing CAI-ELQ for 18FEB
2026-01-25 07:50:26 | INFO     | [lf.day.start] Processing CAI-ELQ for 18FEB
[LF] Sending SN command: SN18FEBCAIELQ/ASM
[LF] No direct flights on 18FEB for CAI-ELQ
2026-01-25 07:50:28 | WARNING  | [lf.day.no_flights] No direct flights on 18FEB
2026-01-25 07:50:28 | INFO     | [SUCCESS] Day 18FEB
2026-01-25 07:50:28 | INFO     | [DAY_START] Processing 17FEB
[LF] Processing CAI-ELQ for 17FEB
2026-01-25 07:50:28 | INFO     | [lf.day.start] Processing CAI-ELQ for 17FEB
[LF] Sending SN command: SN17FEBCAIELQ/ASM
[LF] No direct flights on 17FEB for CAI-ELQ
2026-01-25 07:50:29 | WARNING  | [lf.day.no_flights] No direct flights on 17FEB
2026-01-25 07:50:29 | INFO     | [SUCCESS] Day 17FEB
[LF] Results summary:
  2026-02-24: 0 flights
  2026-02-23: 0 flights
  2026-02-22: 1 flights
  2026-02-21: 0 flights
  2026-02-20: 1 flights
  2026-02-19: 1 flights
  2026-02-18: 0 flights
  2026-02-17: 0 flights
2026-01-25 07:50:29 | INFO     | [SUCCESS] LF Search Complete

============================================================
[Worker_9225] ✓ COMPLETED: CAI-ELQ
  Results: 8 dates
  Errors: 0 dates
  Total Processed: 61 groups
============================================================

2026-01-25 07:50:29 | INFO     | [Worker_9225] Completed: CAI-ELQ - 8 results, 0 errors

============================================================
[Worker_9225] Processing: MED-ATZ
  Tier 0: Range 1, Chunk 2/4
  Dates: 8 days
  Date Range: 2026-02-16 to 2026-02-09
============================================================

2026-01-25 07:50:29 | INFO     | [Worker_9225] Processing: MED-ATZ
2026-01-25 07:50:29 | INFO     |   Tier 0: Range 1, Chunk 2/4 (8 days)
2026-01-25 07:50:29 | INFO     | ======================================================================
2026-01-25 07:50:29 | INFO     | Load Factor Scraper Started - Route: MED-ATZ
2026-01-25 07:50:29 | INFO     | Log file: D:\CODERED\LAB\Artifacts\outputs\run_generated_250126_at_07.06\logs\LF_MED-ATZ_20260125_075029.log
2026-01-25 07:50:29 | INFO     | Enhanced logging: Capturing both logging.info() and print()
2026-01-25 07:50:29 | INFO     | ======================================================================
[LF] Processing dates (override): ['16FEB', '15FEB', '14FEB', '13FEB', '12FEB', '11FEB', '10FEB', '09FEB']
[LF] Attaching to Chrome for Altea access
2026-01-25 07:50:29 | INFO     | Starting LF search for route: MED-ATZ
2026-01-25 07:50:29 | INFO     | [START] LF Search
[LF][[OK] SUCCESS] Connected to Chrome on 127.0.0.1:9225 (after 1 attempts)
2026-01-25 07:50:30 | INFO     | [HEALTH CHECK] [OK] Chrome connection is healthy
[LF][[OK] SUCCESS] Found Amadeus Altea window: Altéa Reservation Desktop
[LF][[INFO] INFO] URL: https://tc212.resdesktop.altea.amadeus.com/app_ard/apf/init/login?SITE=ESMPESMP&LANGUAGE=GB&MARKETS=ARDW_PROD_WBP&ACTION=clpLogin#
2026-01-25 07:50:30 | INFO     | [DAY_START] Processing 16FEB
[LF] Processing MED-ATZ for 16FEB
2026-01-25 07:50:30 | INFO     | [lf.day.start] Processing MED-ATZ for 16FEB
[LF] Sending SN command: SN16FEBMEDATZ/ASM
[LF] 16FEB: found 2 direct flights
2026-01-25 07:50:31 | INFO     | [lf.day.flights_found] Found 2 flights on 16FEB
2026-01-25 07:50:35 | INFO     | [lf.flight.extracted] SM964 on 16FEB: BKG=0, LF=0.0%
[LF] SM964 16FEB: BKG=0, GRP=0, CAP=167, LF%=0.0%, Brd-Off=MED-ATZ
2026-01-25 07:50:39 | INFO     | [lf.flight.extracted] SM488 on 16FEB: BKG=76, LF=43.4%
[LF] SM488 16FEB: BKG=76, GRP=0, CAP=175, LF%=43.4%, Brd-Off=MED-ATZ, Classes: I:17, O:17, U:17, X:17, T:7, S:1
[LF] Getting WEEKLY/LASTSOLD data for 1 flights
[LF] SM488 16FEB: LASTSOLD=2026-01-24 00:00:00, WEEKLY=7, TODAY=0, YDAY=1
2026-01-25 07:50:47 | INFO     | [SUCCESS] Day 16FEB
2026-01-25 07:50:47 | INFO     | [DAY_START] Processing 15FEB
[LF] Processing MED-ATZ for 15FEB
2026-01-25 07:50:47 | INFO     | [lf.day.start] Processing MED-ATZ for 15FEB
[LF] Sending SN command: SN15FEBMEDATZ/ASM
[LF] No direct flights on 15FEB for MED-ATZ
2026-01-25 07:50:48 | WARNING  | [lf.day.no_flights] No direct flights on 15FEB
2026-01-25 07:50:48 | INFO     | [SUCCESS] Day 15FEB
2026-01-25 07:50:48 | INFO     | [DAY_START] Processing 14FEB
[LF] Processing MED-ATZ for 14FEB
2026-01-25 07:50:48 | INFO     | [lf.day.start] Processing MED-ATZ for 14FEB
[LF] Sending SN command: SN14FEBMEDATZ/ASM
[LF] 14FEB: found 1 direct flights
2026-01-25 07:50:49 | INFO     | [lf.day.flights_found] Found 1 flights on 14FEB
2026-01-25 07:50:52 | INFO     | [lf.flight.extracted] SM488 on 14FEB: BKG=99, LF=56.6%
[LF] SM488 14FEB: BKG=99, GRP=0, CAP=175, LF%=56.6%, Brd-Off=MED-ATZ, Classes: I:17, O:17, U:17, X:17, T:16, W:15
[LF] Getting WEEKLY/LASTSOLD data for 1 flights
[LF] SM488 14FEB: LASTSOLD=2026-01-23 00:00:00, WEEKLY=5, TODAY=0, YDAY=0
2026-01-25 07:50:57 | INFO     | [SUCCESS] Day 14FEB
2026-01-25 07:50:57 | INFO     | [DAY_START] Processing 13FEB
[LF] Processing MED-ATZ for 13FEB
2026-01-25 07:50:57 | INFO     | [lf.day.start] Processing MED-ATZ for 13FEB
[LF] Sending SN command: SN13FEBMEDATZ/ASM
[LF] 13FEB: found 1 direct flights
2026-01-25 07:50:58 | INFO     | [lf.day.flights_found] Found 1 flights on 13FEB
2026-01-25 07:51:00 | INFO     | [lf.flight.extracted] SM964 on 13FEB: BKG=64, LF=38.3%
[LF] SM964 13FEB: BKG=64, GRP=0, CAP=167, LF%=38.3%, Brd-Off=MED-ATZ, Classes: I:15, O:15, U:15, X:19
[LF] Getting WEEKLY/LASTSOLD data for 1 flights
[LF] SM964 13FEB: LASTSOLD=2026-01-24 00:00:00, WEEKLY=28, TODAY=0, YDAY=2
2026-01-25 07:51:05 | INFO     | [SUCCESS] Day 13FEB
2026-01-25 07:51:05 | INFO     | [DAY_START] Processing 12FEB
[LF] Processing MED-ATZ for 12FEB
2026-01-25 07:51:05 | INFO     | [lf.day.start] Processing MED-ATZ for 12FEB
[LF] Sending SN command: SN12FEBMEDATZ/ASM
[LF] No direct flights on 12FEB for MED-ATZ
2026-01-25 07:51:06 | WARNING  | [lf.day.no_flights] No direct flights on 12FEB
2026-01-25 07:51:06 | INFO     | [SUCCESS] Day 12FEB
2026-01-25 07:51:06 | INFO     | [DAY_START] Processing 11FEB
[LF] Processing MED-ATZ for 11FEB
2026-01-25 07:51:06 | INFO     | [lf.day.start] Processing MED-ATZ for 11FEB
[LF] Sending SN command: SN11FEBMEDATZ/ASM
[LF] 11FEB: found 1 direct flights
2026-01-25 07:51:07 | INFO     | [lf.day.flights_found] Found 1 flights on 11FEB
2026-01-25 07:51:09 | INFO     | [lf.flight.extracted] SM490 on 11FEB: BKG=80, LF=44.9%
[LF] SM490 11FEB: BKG=80, GRP=0, CAP=178, LF%=44.9%, Brd-Off=MED-ATZ, Classes: I:17, O:17, U:26, X:17, T:1, S:2
[LF] Getting WEEKLY/LASTSOLD data for 1 flights
[LF] SM490 11FEB: LASTSOLD=2026-01-24 00:00:00, WEEKLY=22, TODAY=0, YDAY=4
2026-01-25 07:51:14 | INFO     | [SUCCESS] Day 11FEB
2026-01-25 07:51:14 | INFO     | [DAY_START] Processing 10FEB
[LF] Processing MED-ATZ for 10FEB
2026-01-25 07:51:14 | INFO     | [lf.day.start] Processing MED-ATZ for 10FEB
[LF] Sending SN command: SN10FEBMEDATZ/ASM
[LF] 10FEB: found 1 direct flights
2026-01-25 07:51:15 | INFO     | [lf.day.flights_found] Found 1 flights on 10FEB
2026-01-25 07:51:17 | INFO     | [lf.flight.extracted] SM488 on 10FEB: BKG=169, LF=94.9%
[LF] SM488 10FEB: BKG=169, GRP=75, CAP=178, LF%=94.9%, Brd-Off=MED-ATZ, Classes: P:75, I:25, O:24, U:16, X:10, T:12, W:7
[LF] Getting WEEKLY/LASTSOLD data for 1 flights
[LF] SM488 10FEB: LASTSOLD=2026-01-24 00:00:00, WEEKLY=13, TODAY=0, YDAY=2
2026-01-25 07:51:24 | INFO     | [SUCCESS] Day 10FEB
2026-01-25 07:51:24 | INFO     | [DAY_START] Processing 09FEB
[LF] Processing MED-ATZ for 09FEB
2026-01-25 07:51:24 | INFO     | [lf.day.start] Processing MED-ATZ for 09FEB
[LF] Sending SN command: SN09FEBMEDATZ/ASM
[LF] 09FEB: found 1 direct flights
2026-01-25 07:51:25 | INFO     | [lf.day.flights_found] Found 1 flights on 09FEB
2026-01-25 07:51:27 | INFO     | [lf.flight.extracted] SM488 on 09FEB: BKG=122, LF=69.7%
[LF] SM488 09FEB: BKG=122, GRP=86, CAP=175, LF%=69.7%, Brd-Off=MED-ATZ, Classes: P:86, I:29, O:7
[LF] Getting WEEKLY/LASTSOLD data for 1 flights
[LF] SM488 09FEB: LASTSOLD=2026-01-24 00:00:00, WEEKLY=33, TODAY=0, YDAY=3
2026-01-25 07:51:30 | INFO     | [SUCCESS] Day 09FEB
[LF] Results summary:
  2026-02-16: 2 flights
  2026-02-15: 0 flights
  2026-02-14: 1 flights
  2026-02-13: 1 flights
  2026-02-12: 0 flights
  2026-02-11: 1 flights
  2026-02-10: 1 flights
  2026-02-09: 1 flights
2026-01-25 07:51:30 | INFO     | [SUCCESS] LF Search Complete

============================================================
[Worker_9225] ✓ COMPLETED: MED-ATZ
  Results: 8 dates
  Errors: 0 dates
  Total Processed: 62 groups
============================================================

2026-01-25 07:51:30 | INFO     | [Worker_9225] Completed: MED-ATZ - 8 results, 0 errors

============================================================
[Worker_9225] Processing: RUH-ATZ
  Tier 0: Range 1, Chunk 2/4
  Dates: 8 days
  Date Range: 2026-02-16 to 2026-02-09
============================================================

2026-01-25 07:51:30 | INFO     | [Worker_9225] Processing: RUH-ATZ
2026-01-25 07:51:30 | INFO     |   Tier 0: Range 1, Chunk 2/4 (8 days)
2026-01-25 07:51:30 | INFO     | ======================================================================
2026-01-25 07:51:30 | INFO     | Load Factor Scraper Started - Route: RUH-ATZ
2026-01-25 07:51:30 | INFO     | Log file: D:\CODERED\LAB\Artifacts\outputs\run_generated_250126_at_07.06\logs\LF_RUH-ATZ_20260125_075130.log
2026-01-25 07:51:30 | INFO     | Enhanced logging: Capturing both logging.info() and print()
2026-01-25 07:51:30 | INFO     | ======================================================================
[LF] Processing dates (override): ['16FEB', '15FEB', '14FEB', '13FEB', '12FEB', '11FEB', '10FEB', '09FEB']
[LF] Attaching to Chrome for Altea access
2026-01-25 07:51:30 | INFO     | Starting LF search for route: RUH-ATZ
2026-01-25 07:51:30 | INFO     | [START] LF Search
[LF][[OK] SUCCESS] Connected to Chrome on 127.0.0.1:9225 (after 1 attempts)
2026-01-25 07:51:31 | INFO     | [HEALTH CHECK] [OK] Chrome connection is healthy
[LF][[OK] SUCCESS] Found Amadeus Altea window: Altéa Reservation Desktop
[LF][[INFO] INFO] URL: https://tc212.resdesktop.altea.amadeus.com/app_ard/apf/init/login?SITE=ESMPESMP&LANGUAGE=GB&MARKETS=ARDW_PROD_WBP&ACTION=clpLogin#
2026-01-25 07:51:31 | INFO     | [DAY_START] Processing 16FEB
[LF] Processing RUH-ATZ for 16FEB
2026-01-25 07:51:31 | INFO     | [lf.day.start] Processing RUH-ATZ for 16FEB
[LF] Sending SN command: SN16FEBRUHATZ/ASM
[LF] No direct flights on 16FEB for RUH-ATZ
2026-01-25 07:51:32 | WARNING  | [lf.day.no_flights] No direct flights on 16FEB
2026-01-25 07:51:32 | INFO     | [SUCCESS] Day 16FEB
2026-01-25 07:51:32 | INFO     | [DAY_START] Processing 15FEB
[LF] Processing RUH-ATZ for 15FEB
2026-01-25 07:51:32 | INFO     | [lf.day.start] Processing RUH-ATZ for 15FEB
[LF] Sending SN command: SN15FEBRUHATZ/ASM
[LF] 15FEB: found 1 direct flights
2026-01-25 07:51:34 | INFO     | [lf.day.flights_found] Found 1 flights on 15FEB
2026-01-25 07:51:36 | INFO     | [lf.flight.extracted] SM464 on 15FEB: BKG=83, LF=47.4%
[LF] SM464 15FEB: BKG=83, GRP=0, CAP=175, LF%=47.4%, Brd-Off=RUH-ATZ, Classes: O:5, U:25, X:10, T:10, W:10, S:8, G:1, L:7, K:7
[LF] Getting WEEKLY/LASTSOLD data for 1 flights
[LF] SM464 15FEB: LASTSOLD=2026-01-24 00:00:00, WEEKLY=19, TODAY=0, YDAY=1
2026-01-25 07:51:41 | INFO     | [SUCCESS] Day 15FEB
2026-01-25 07:51:41 | INFO     | [DAY_START] Processing 14FEB
[LF] Processing RUH-ATZ for 14FEB
2026-01-25 07:51:41 | INFO     | [lf.day.start] Processing RUH-ATZ for 14FEB
[LF] Sending SN command: SN14FEBRUHATZ/ASM
[LF] No direct flights on 14FEB for RUH-ATZ
2026-01-25 07:51:43 | WARNING  | [lf.day.no_flights] No direct flights on 14FEB
2026-01-25 07:51:43 | INFO     | [SUCCESS] Day 14FEB
2026-01-25 07:51:43 | INFO     | [DAY_START] Processing 13FEB
[LF] Processing RUH-ATZ for 13FEB
2026-01-25 07:51:43 | INFO     | [lf.day.start] Processing RUH-ATZ for 13FEB
[LF] Sending SN command: SN13FEBRUHATZ/ASM
[LF] No direct flights on 13FEB for RUH-ATZ
2026-01-25 07:51:44 | WARNING  | [lf.day.no_flights] No direct flights on 13FEB
2026-01-25 07:51:44 | INFO     | [SUCCESS] Day 13FEB
2026-01-25 07:51:44 | INFO     | [DAY_START] Processing 12FEB
[LF] Processing RUH-ATZ for 12FEB
2026-01-25 07:51:44 | INFO     | [lf.day.start] Processing RUH-ATZ for 12FEB
[LF] Sending SN command: SN12FEBRUHATZ/ASM
[LF] No direct flights on 12FEB for RUH-ATZ
2026-01-25 07:51:45 | WARNING  | [lf.day.no_flights] No direct flights on 12FEB
2026-01-25 07:51:45 | INFO     | [SUCCESS] Day 12FEB
2026-01-25 07:51:45 | INFO     | [DAY_START] Processing 11FEB
[LF] Processing RUH-ATZ for 11FEB
2026-01-25 07:51:45 | INFO     | [lf.day.start] Processing RUH-ATZ for 11FEB
[LF] Sending SN command: SN11FEBRUHATZ/ASM
[LF] 11FEB: found 1 direct flights
2026-01-25 07:51:46 | INFO     | [lf.day.flights_found] Found 1 flights on 11FEB
2026-01-25 07:51:48 | INFO     | [lf.flight.extracted] SM466 on 11FEB: BKG=86, LF=49.1%
[LF] SM466 11FEB: BKG=86, GRP=0, CAP=175, LF%=49.1%, Brd-Off=RUH-ATZ, Classes: O:5, U:34, X:10, T:17, W:4, G:14, L:2
[LF] Getting WEEKLY/LASTSOLD data for 1 flights
[LF] SM466 11FEB: LASTSOLD=2026-01-24 00:00:00, WEEKLY=29, TODAY=0, YDAY=3
2026-01-25 07:51:55 | INFO     | [SUCCESS] Day 11FEB
2026-01-25 07:51:55 | INFO     | [DAY_START] Processing 10FEB
[LF] Processing RUH-ATZ for 10FEB
2026-01-25 07:51:55 | INFO     | [lf.day.start] Processing RUH-ATZ for 10FEB
[LF] Sending SN command: SN10FEBRUHATZ/ASM
[LF] 10FEB: found 1 direct flights
2026-01-25 07:51:57 | INFO     | [lf.day.flights_found] Found 1 flights on 10FEB
2026-01-25 07:51:59 | INFO     | [lf.flight.extracted] SM464 on 10FEB: BKG=88, LF=50.3%
[LF] SM464 10FEB: BKG=88, GRP=0, CAP=175, LF%=50.3%, Brd-Off=RUH-ATZ, Classes: O:4, U:36, X:10, T:15, W:3, G:18, L:1, K:1
[LF] Getting WEEKLY/LASTSOLD data for 1 flights
[LF] SM464 10FEB: LASTSOLD=2026-01-24 00:00:00, WEEKLY=31, TODAY=0, YDAY=6
2026-01-25 07:52:05 | INFO     | [SUCCESS] Day 10FEB
2026-01-25 07:52:05 | INFO     | [DAY_START] Processing 09FEB
[LF] Processing RUH-ATZ for 09FEB
2026-01-25 07:52:05 | INFO     | [lf.day.start] Processing RUH-ATZ for 09FEB
[LF] Sending SN command: SN09FEBRUHATZ/ASM
[LF] No direct flights on 09FEB for RUH-ATZ
2026-01-25 07:52:07 | WARNING  | [lf.day.no_flights] No direct flights on 09FEB
2026-01-25 07:52:07 | INFO     | [SUCCESS] Day 09FEB
[LF] Results summary:
  2026-02-16: 0 flights
  2026-02-15: 1 flights
  2026-02-14: 0 flights
  2026-02-13: 0 flights
  2026-02-12: 0 flights
  2026-02-11: 1 flights
  2026-02-10: 1 flights
  2026-02-09: 0 flights
2026-01-25 07:52:07 | INFO     | [SUCCESS] LF Search Complete

============================================================
[Worker_9225] ✓ COMPLETED: RUH-ATZ
  Results: 8 dates
  Errors: 0 dates
  Total Processed: 63 groups
============================================================

2026-01-25 07:52:07 | INFO     | [Worker_9225] Completed: RUH-ATZ - 8 results, 0 errors

============================================================
[Worker_9225] Processing: TUU-ATZ
  Tier 0: Range 1, Chunk 2/4
  Dates: 8 days
  Date Range: 2026-02-16 to 2026-02-09
============================================================

2026-01-25 07:52:07 | INFO     | [Worker_9225] Processing: TUU-ATZ
2026-01-25 07:52:07 | INFO     |   Tier 0: Range 1, Chunk 2/4 (8 days)
2026-01-25 07:52:07 | INFO     | ======================================================================
2026-01-25 07:52:07 | INFO     | Load Factor Scraper Started - Route: TUU-ATZ
2026-01-25 07:52:07 | INFO     | Log file: D:\CODERED\LAB\Artifacts\outputs\run_generated_250126_at_07.06\logs\LF_TUU-ATZ_20260125_075207.log
2026-01-25 07:52:07 | INFO     | Enhanced logging: Capturing both logging.info() and print()
2026-01-25 07:52:07 | INFO     | ======================================================================
[LF] Processing dates (override): ['16FEB', '15FEB', '14FEB', '13FEB', '12FEB', '11FEB', '10FEB', '09FEB']
[LF] Attaching to Chrome for Altea access
2026-01-25 07:52:07 | INFO     | Starting LF search for route: TUU-ATZ
2026-01-25 07:52:07 | INFO     | [START] LF Search
[LF][[OK] SUCCESS] Connected to Chrome on 127.0.0.1:9225 (after 1 attempts)
2026-01-25 07:52:08 | INFO     | [HEALTH CHECK] [OK] Chrome connection is healthy
[LF][[OK] SUCCESS] Found Amadeus Altea window: Altéa Reservation Desktop
[LF][[INFO] INFO] URL: https://tc212.resdesktop.altea.amadeus.com/app_ard/apf/init/login?SITE=ESMPESMP&LANGUAGE=GB&MARKETS=ARDW_PROD_WBP&ACTION=clpLogin#
2026-01-25 07:52:08 | INFO     | [DAY_START] Processing 16FEB
[LF] Processing TUU-ATZ for 16FEB
2026-01-25 07:52:08 | INFO     | [lf.day.start] Processing TUU-ATZ for 16FEB
[LF] Sending SN command: SN16FEBTUUATZ/ASM
[LF] No direct flights on 16FEB for TUU-ATZ
2026-01-25 07:52:09 | WARNING  | [lf.day.no_flights] No direct flights on 16FEB
2026-01-25 07:52:09 | INFO     | [SUCCESS] Day 16FEB
2026-01-25 07:52:09 | INFO     | [DAY_START] Processing 15FEB
[LF] Processing TUU-ATZ for 15FEB
2026-01-25 07:52:09 | INFO     | [lf.day.start] Processing TUU-ATZ for 15FEB
[LF] Sending SN command: SN15FEBTUUATZ/ASM
[LF] No direct flights on 15FEB for TUU-ATZ
2026-01-25 07:52:10 | WARNING  | [lf.day.no_flights] No direct flights on 15FEB
2026-01-25 07:52:10 | INFO     | [SUCCESS] Day 15FEB
2026-01-25 07:52:10 | INFO     | [DAY_START] Processing 14FEB
[LF] Processing TUU-ATZ for 14FEB
2026-01-25 07:52:10 | INFO     | [lf.day.start] Processing TUU-ATZ for 14FEB
[LF] Sending SN command: SN14FEBTUUATZ/ASM
[LF] No direct flights on 14FEB for TUU-ATZ
2026-01-25 07:52:11 | WARNING  | [lf.day.no_flights] No direct flights on 14FEB
2026-01-25 07:52:11 | INFO     | [SUCCESS] Day 14FEB
2026-01-25 07:52:11 | INFO     | [DAY_START] Processing 13FEB
[LF] Processing TUU-ATZ for 13FEB
2026-01-25 07:52:11 | INFO     | [lf.day.start] Processing TUU-ATZ for 13FEB
[LF] Sending SN command: SN13FEBTUUATZ/ASM
[LF] 13FEB: found 1 direct flights
2026-01-25 07:52:13 | INFO     | [lf.day.flights_found] Found 1 flights on 13FEB
2026-01-25 07:52:15 | INFO     | [lf.flight.extracted] SM328 on 13FEB: BKG=46, LF=26.3%
[LF] SM328 13FEB: BKG=46, GRP=0, CAP=175, LF%=26.3%, Brd-Off=TUU-ATZ, Classes: I:5, O:5, U:10, X:10, T:5, W:3, S:2, G:6
[LF] Getting WEEKLY/LASTSOLD data for 1 flights
[LF] SM328 13FEB: LASTSOLD=2026-01-24 00:00:00, WEEKLY=20, TODAY=0, YDAY=10
2026-01-25 07:52:19 | INFO     | [SUCCESS] Day 13FEB
2026-01-25 07:52:19 | INFO     | [DAY_START] Processing 12FEB
[LF] Processing TUU-ATZ for 12FEB
2026-01-25 07:52:19 | INFO     | [lf.day.start] Processing TUU-ATZ for 12FEB
[LF] Sending SN command: SN12FEBTUUATZ/ASM
[LF] No direct flights on 12FEB for TUU-ATZ
2026-01-25 07:52:21 | WARNING  | [lf.day.no_flights] No direct flights on 12FEB
2026-01-25 07:52:21 | INFO     | [SUCCESS] Day 12FEB
2026-01-25 07:52:21 | INFO     | [DAY_START] Processing 11FEB
[LF] Processing TUU-ATZ for 11FEB
2026-01-25 07:52:21 | INFO     | [lf.day.start] Processing TUU-ATZ for 11FEB
[LF] Sending SN command: SN11FEBTUUATZ/ASM
[LF] No direct flights on 11FEB for TUU-ATZ
2026-01-25 07:52:22 | WARNING  | [lf.day.no_flights] No direct flights on 11FEB
2026-01-25 07:52:22 | INFO     | [SUCCESS] Day 11FEB
2026-01-25 07:52:22 | INFO     | [DAY_START] Processing 10FEB
[LF] Processing TUU-ATZ for 10FEB
2026-01-25 07:52:22 | INFO     | [lf.day.start] Processing TUU-ATZ for 10FEB
[LF] Sending SN command: SN10FEBTUUATZ/ASM
[LF] No direct flights on 10FEB for TUU-ATZ
2026-01-25 07:52:23 | WARNING  | [lf.day.no_flights] No direct flights on 10FEB
2026-01-25 07:52:23 | INFO     | [SUCCESS] Day 10FEB
2026-01-25 07:52:23 | INFO     | [DAY_START] Processing 09FEB
[LF] Processing TUU-ATZ for 09FEB
2026-01-25 07:52:23 | INFO     | [lf.day.start] Processing TUU-ATZ for 09FEB
[LF] Sending SN command: SN09FEBTUUATZ/ASM
[LF] No direct flights on 09FEB for TUU-ATZ
2026-01-25 07:52:24 | WARNING  | [lf.day.no_flights] No direct flights on 09FEB
2026-01-25 07:52:24 | INFO     | [SUCCESS] Day 09FEB
[LF] Results summary:
  2026-02-16: 0 flights
  2026-02-15: 0 flights
  2026-02-14: 0 flights
  2026-02-13: 1 flights
  2026-02-12: 0 flights
  2026-02-11: 0 flights
  2026-02-10: 0 flights
  2026-02-09: 0 flights
2026-01-25 07:52:24 | INFO     | [SUCCESS] LF Search Complete

============================================================
[Worker_9225] ✓ COMPLETED: TUU-ATZ
  Results: 8 dates
  Errors: 0 dates
  Total Processed: 64 groups
============================================================

2026-01-25 07:52:24 | INFO     | [Worker_9225] Completed: TUU-ATZ - 8 results, 0 errors

============================================================
[Worker_9225] Processing: AJF-ATZ
  Tier 0: Range 1, Chunk 2/4
  Dates: 8 days
  Date Range: 2026-02-16 to 2026-02-09
============================================================

2026-01-25 07:52:24 | INFO     | [Worker_9225] Processing: AJF-ATZ
2026-01-25 07:52:24 | INFO     |   Tier 0: Range 1, Chunk 2/4 (8 days)
2026-01-25 07:52:24 | INFO     | ======================================================================
2026-01-25 07:52:24 | INFO     | Load Factor Scraper Started - Route: AJF-ATZ
2026-01-25 07:52:24 | INFO     | Log file: D:\CODERED\LAB\Artifacts\outputs\run_generated_250126_at_07.06\logs\LF_AJF-ATZ_20260125_075224.log
2026-01-25 07:52:24 | INFO     | Enhanced logging: Capturing both logging.info() and print()
2026-01-25 07:52:24 | INFO     | ======================================================================
[LF] Processing dates (override): ['16FEB', '15FEB', '14FEB', '13FEB', '12FEB', '11FEB', '10FEB', '09FEB']
[LF] Attaching to Chrome for Altea access
2026-01-25 07:52:24 | INFO     | Starting LF search for route: AJF-ATZ
2026-01-25 07:52:24 | INFO     | [START] LF Search
[LF][[OK] SUCCESS] Connected to Chrome on 127.0.0.1:9225 (after 1 attempts)
2026-01-25 07:52:25 | INFO     | [HEALTH CHECK] [OK] Chrome connection is healthy
[LF][[OK] SUCCESS] Found Amadeus Altea window: Altéa Reservation Desktop
[LF][[INFO] INFO] URL: https://tc212.resdesktop.altea.amadeus.com/app_ard/apf/init/login?SITE=ESMPESMP&LANGUAGE=GB&MARKETS=ARDW_PROD_WBP&ACTION=clpLogin#
2026-01-25 07:52:25 | INFO     | [DAY_START] Processing 16FEB
[LF] Processing AJF-ATZ for 16FEB
2026-01-25 07:52:25 | INFO     | [lf.day.start] Processing AJF-ATZ for 16FEB
[LF] Sending SN command: SN16FEBAJFATZ/ASM
[LF] No direct flights on 16FEB for AJF-ATZ
2026-01-25 07:52:26 | WARNING  | [lf.day.no_flights] No direct flights on 16FEB
2026-01-25 07:52:26 | INFO     | [SUCCESS] Day 16FEB
2026-01-25 07:52:26 | INFO     | [DAY_START] Processing 15FEB
[LF] Processing AJF-ATZ for 15FEB
2026-01-25 07:52:26 | INFO     | [lf.day.start] Processing AJF-ATZ for 15FEB
[LF] Sending SN command: SN15FEBAJFATZ/ASM
[LF] No direct flights on 15FEB for AJF-ATZ
2026-01-25 07:52:28 | WARNING  | [lf.day.no_flights] No direct flights on 15FEB
2026-01-25 07:52:28 | INFO     | [SUCCESS] Day 15FEB
2026-01-25 07:52:28 | INFO     | [DAY_START] Processing 14FEB
[LF] Processing AJF-ATZ for 14FEB
2026-01-25 07:52:28 | INFO     | [lf.day.start] Processing AJF-ATZ for 14FEB
[LF] Sending SN command: SN14FEBAJFATZ/ASM
[LF] No direct flights on 14FEB for AJF-ATZ
2026-01-25 07:52:29 | WARNING  | [lf.day.no_flights] No direct flights on 14FEB
2026-01-25 07:52:29 | INFO     | [SUCCESS] Day 14FEB
2026-01-25 07:52:29 | INFO     | [DAY_START] Processing 13FEB
[LF] Processing AJF-ATZ for 13FEB
2026-01-25 07:52:29 | INFO     | [lf.day.start] Processing AJF-ATZ for 13FEB
[LF] Sending SN command: SN13FEBAJFATZ/ASM
[LF] 13FEB: found 1 direct flights
2026-01-25 07:52:30 | INFO     | [lf.day.flights_found] Found 1 flights on 13FEB
2026-01-25 07:52:33 | INFO     | [lf.flight.extracted] SM324 on 13FEB: BKG=102, LF=58.3%
[LF] SM324 13FEB: BKG=102, GRP=0, CAP=175, LF%=58.3%, Brd-Off=AJF-ATZ, Classes: I:13, O:13, U:13, X:13, T:13, W:13, S:18, G:6
[LF] Getting WEEKLY/LASTSOLD data for 1 flights
[LF] SM324 13FEB: LASTSOLD=2026-01-24 00:00:00, WEEKLY=25, TODAY=0, YDAY=6
2026-01-25 07:52:40 | INFO     | [SUCCESS] Day 13FEB
2026-01-25 07:52:40 | INFO     | [DAY_START] Processing 12FEB
[LF] Processing AJF-ATZ for 12FEB
2026-01-25 07:52:40 | INFO     | [lf.day.start] Processing AJF-ATZ for 12FEB
[LF] Sending SN command: SN12FEBAJFATZ/ASM
[LF] No direct flights on 12FEB for AJF-ATZ
2026-01-25 07:52:41 | WARNING  | [lf.day.no_flights] No direct flights on 12FEB
2026-01-25 07:52:41 | INFO     | [SUCCESS] Day 12FEB
2026-01-25 07:52:41 | INFO     | [DAY_START] Processing 11FEB
[LF] Processing AJF-ATZ for 11FEB
2026-01-25 07:52:41 | INFO     | [lf.day.start] Processing AJF-ATZ for 11FEB
[LF] Sending SN command: SN11FEBAJFATZ/ASM
[LF] No direct flights on 11FEB for AJF-ATZ
2026-01-25 07:52:42 | WARNING  | [lf.day.no_flights] No direct flights on 11FEB
2026-01-25 07:52:42 | INFO     | [SUCCESS] Day 11FEB
2026-01-25 07:52:42 | INFO     | [DAY_START] Processing 10FEB
[LF] Processing AJF-ATZ for 10FEB
2026-01-25 07:52:42 | INFO     | [lf.day.start] Processing AJF-ATZ for 10FEB
[LF] Sending SN command: SN10FEBAJFATZ/ASM
[LF] No direct flights on 10FEB for AJF-ATZ
2026-01-25 07:52:43 | WARNING  | [lf.day.no_flights] No direct flights on 10FEB
2026-01-25 07:52:43 | INFO     | [SUCCESS] Day 10FEB
2026-01-25 07:52:43 | INFO     | [DAY_START] Processing 09FEB
[LF] Processing AJF-ATZ for 09FEB
2026-01-25 07:52:43 | INFO     | [lf.day.start] Processing AJF-ATZ for 09FEB
[LF] Sending SN command: SN09FEBAJFATZ/ASM
[LF] No direct flights on 09FEB for AJF-ATZ
2026-01-25 07:52:45 | WARNING  | [lf.day.no_flights] No direct flights on 09FEB
2026-01-25 07:52:45 | INFO     | [SUCCESS] Day 09FEB
[LF] Results summary:
  2026-02-16: 0 flights
  2026-02-15: 0 flights
  2026-02-14: 0 flights
  2026-02-13: 1 flights
  2026-02-12: 0 flights
  2026-02-11: 0 flights
  2026-02-10: 0 flights
  2026-02-09: 0 flights
2026-01-25 07:52:45 | INFO     | [SUCCESS] LF Search Complete

============================================================
[Worker_9225] ✓ COMPLETED: AJF-ATZ
  Results: 8 dates
  Errors: 0 dates
  Total Processed: 65 groups
============================================================

2026-01-25 07:52:45 | INFO     | [Worker_9225] Completed: AJF-ATZ - 8 results, 0 errors

============================================================
[Worker_9225] Processing: AHB-ATZ
  Tier 0: Range 1, Chunk 2/4
  Dates: 8 days
  Date Range: 2026-02-16 to 2026-02-09
============================================================

2026-01-25 07:52:45 | INFO     | [Worker_9225] Processing: AHB-ATZ
2026-01-25 07:52:45 | INFO     |   Tier 0: Range 1, Chunk 2/4 (8 days)
2026-01-25 07:52:45 | INFO     | ======================================================================
2026-01-25 07:52:45 | INFO     | Load Factor Scraper Started - Route: AHB-ATZ
2026-01-25 07:52:45 | INFO     | Log file: D:\CODERED\LAB\Artifacts\outputs\run_generated_250126_at_07.06\logs\LF_AHB-ATZ_20260125_075245.log
2026-01-25 07:52:45 | INFO     | Enhanced logging: Capturing both logging.info() and print()
2026-01-25 07:52:45 | INFO     | ======================================================================
[LF] Processing dates (override): ['16FEB', '15FEB', '14FEB', '13FEB', '12FEB', '11FEB', '10FEB', '09FEB']
[LF] Attaching to Chrome for Altea access
2026-01-25 07:52:45 | INFO     | Starting LF search for route: AHB-ATZ
2026-01-25 07:52:45 | INFO     | [START] LF Search
[LF][[OK] SUCCESS] Connected to Chrome on 127.0.0.1:9225 (after 1 attempts)
2026-01-25 07:52:46 | INFO     | [HEALTH CHECK] [OK] Chrome connection is healthy
[LF][[OK] SUCCESS] Found Amadeus Altea window: Altéa Reservation Desktop
[LF][[INFO] INFO] URL: https://tc212.resdesktop.altea.amadeus.com/app_ard/apf/init/login?SITE=ESMPESMP&LANGUAGE=GB&MARKETS=ARDW_PROD_WBP&ACTION=clpLogin#
2026-01-25 07:52:46 | INFO     | [DAY_START] Processing 16FEB
[LF] Processing AHB-ATZ for 16FEB
2026-01-25 07:52:46 | INFO     | [lf.day.start] Processing AHB-ATZ for 16FEB
[LF] Sending SN command: SN16FEBAHBATZ/ASM
[LF] No direct flights on 16FEB for AHB-ATZ
2026-01-25 07:52:47 | WARNING  | [lf.day.no_flights] No direct flights on 16FEB
2026-01-25 07:52:47 | INFO     | [SUCCESS] Day 16FEB
2026-01-25 07:52:47 | INFO     | [DAY_START] Processing 15FEB
[LF] Processing AHB-ATZ for 15FEB
2026-01-25 07:52:47 | INFO     | [lf.day.start] Processing AHB-ATZ for 15FEB
[LF] Sending SN command: SN15FEBAHBATZ/ASM
[LF] No direct flights on 15FEB for AHB-ATZ
2026-01-25 07:52:48 | WARNING  | [lf.day.no_flights] No direct flights on 15FEB
2026-01-25 07:52:48 | INFO     | [SUCCESS] Day 15FEB
2026-01-25 07:52:48 | INFO     | [DAY_START] Processing 14FEB
[LF] Processing AHB-ATZ for 14FEB
2026-01-25 07:52:48 | INFO     | [lf.day.start] Processing AHB-ATZ for 14FEB
[LF] Sending SN command: SN14FEBAHBATZ/ASM
[LF] No direct flights on 14FEB for AHB-ATZ
2026-01-25 07:52:49 | WARNING  | [lf.day.no_flights] No direct flights on 14FEB
2026-01-25 07:52:49 | INFO     | [SUCCESS] Day 14FEB
2026-01-25 07:52:49 | INFO     | [DAY_START] Processing 13FEB
[LF] Processing AHB-ATZ for 13FEB
2026-01-25 07:52:49 | INFO     | [lf.day.start] Processing AHB-ATZ for 13FEB
[LF] Sending SN command: SN13FEBAHBATZ/ASM
[LF] 13FEB: found 1 direct flights
2026-01-25 07:52:51 | INFO     | [lf.day.flights_found] Found 1 flights on 13FEB
2026-01-25 07:52:53 | INFO     | [lf.flight.extracted] SM446 on 13FEB: BKG=42, LF=24.0%
[LF] SM446 13FEB: BKG=42, GRP=0, CAP=175, LF%=24.0%, Brd-Off=AHB-ATZ, Classes: X:1, G:25, L:10, V:6
[LF] Getting WEEKLY/LASTSOLD data for 1 flights
[LF] SM446 13FEB: LASTSOLD=2026-01-22 00:00:00, WEEKLY=6, TODAY=0, YDAY=0
2026-01-25 07:52:56 | INFO     | [SUCCESS] Day 13FEB
2026-01-25 07:52:56 | INFO     | [DAY_START] Processing 12FEB
[LF] Processing AHB-ATZ for 12FEB
2026-01-25 07:52:56 | INFO     | [lf.day.start] Processing AHB-ATZ for 12FEB
[LF] Sending SN command: SN12FEBAHBATZ/ASM
[LF] No direct flights on 12FEB for AHB-ATZ
2026-01-25 07:52:58 | WARNING  | [lf.day.no_flights] No direct flights on 12FEB
2026-01-25 07:52:58 | INFO     | [SUCCESS] Day 12FEB
2026-01-25 07:52:58 | INFO     | [DAY_START] Processing 11FEB
[LF] Processing AHB-ATZ for 11FEB
2026-01-25 07:52:58 | INFO     | [lf.day.start] Processing AHB-ATZ for 11FEB
[LF] Sending SN command: SN11FEBAHBATZ/ASM
[LF] No direct flights on 11FEB for AHB-ATZ
2026-01-25 07:52:59 | WARNING  | [lf.day.no_flights] No direct flights on 11FEB
2026-01-25 07:52:59 | INFO     | [SUCCESS] Day 11FEB
2026-01-25 07:52:59 | INFO     | [DAY_START] Processing 10FEB
[LF] Processing AHB-ATZ for 10FEB
2026-01-25 07:52:59 | INFO     | [lf.day.start] Processing AHB-ATZ for 10FEB
[LF] Sending SN command: SN10FEBAHBATZ/ASM
[LF] No direct flights on 10FEB for AHB-ATZ
2026-01-25 07:53:00 | WARNING  | [lf.day.no_flights] No direct flights on 10FEB
2026-01-25 07:53:00 | INFO     | [SUCCESS] Day 10FEB
2026-01-25 07:53:00 | INFO     | [DAY_START] Processing 09FEB
[LF] Processing AHB-ATZ for 09FEB
2026-01-25 07:53:00 | INFO     | [lf.day.start] Processing AHB-ATZ for 09FEB
[LF] Sending SN command: SN09FEBAHBATZ/ASM
[LF] No direct flights on 09FEB for AHB-ATZ
2026-01-25 07:53:02 | WARNING  | [lf.day.no_flights] No direct flights on 09FEB
2026-01-25 07:53:02 | INFO     | [SUCCESS] Day 09FEB
[LF] Results summary:
  2026-02-16: 0 flights
  2026-02-15: 0 flights
  2026-02-14: 0 flights
  2026-02-13: 1 flights
  2026-02-12: 0 flights
  2026-02-11: 0 flights
  2026-02-10: 0 flights
  2026-02-09: 0 flights
2026-01-25 07:53:02 | INFO     | [SUCCESS] LF Search Complete

============================================================
[Worker_9225] ✓ COMPLETED: AHB-ATZ
  Results: 8 dates
  Errors: 0 dates
  Total Processed: 66 groups
============================================================

2026-01-25 07:53:02 | INFO     | [Worker_9225] Completed: AHB-ATZ - 8 results, 0 errors

============================================================
[Worker_9225] Processing: ELQ-ATZ
  Tier 0: Range 1, Chunk 2/4
  Dates: 8 days
  Date Range: 2026-02-16 to 2026-02-09
============================================================

2026-01-25 07:53:02 | INFO     | [Worker_9225] Processing: ELQ-ATZ
2026-01-25 07:53:02 | INFO     |   Tier 0: Range 1, Chunk 2/4 (8 days)
2026-01-25 07:53:02 | INFO     | ======================================================================
2026-01-25 07:53:02 | INFO     | Load Factor Scraper Started - Route: ELQ-ATZ
2026-01-25 07:53:02 | INFO     | Log file: D:\CODERED\LAB\Artifacts\outputs\run_generated_250126_at_07.06\logs\LF_ELQ-ATZ_20260125_075302.log
2026-01-25 07:53:02 | INFO     | Enhanced logging: Capturing both logging.info() and print()
2026-01-25 07:53:02 | INFO     | ======================================================================
[LF] Processing dates (override): ['16FEB', '15FEB', '14FEB', '13FEB', '12FEB', '11FEB', '10FEB', '09FEB']
[LF] Attaching to Chrome for Altea access
2026-01-25 07:53:02 | INFO     | Starting LF search for route: ELQ-ATZ
2026-01-25 07:53:02 | INFO     | [START] LF Search
[LF][[OK] SUCCESS] Connected to Chrome on 127.0.0.1:9225 (after 1 attempts)
2026-01-25 07:53:03 | INFO     | [HEALTH CHECK] [OK] Chrome connection is healthy
[LF][[OK] SUCCESS] Found Amadeus Altea window: Altéa Reservation Desktop
[LF][[INFO] INFO] URL: https://tc212.resdesktop.altea.amadeus.com/app_ard/apf/init/login?SITE=ESMPESMP&LANGUAGE=GB&MARKETS=ARDW_PROD_WBP&ACTION=clpLogin#
2026-01-25 07:53:03 | INFO     | [DAY_START] Processing 16FEB
[LF] Processing ELQ-ATZ for 16FEB
2026-01-25 07:53:03 | INFO     | [lf.day.start] Processing ELQ-ATZ for 16FEB
[LF] Sending SN command: SN16FEBELQATZ/ASM
[LF] No direct flights on 16FEB for ELQ-ATZ
2026-01-25 07:53:04 | WARNING  | [lf.day.no_flights] No direct flights on 16FEB
2026-01-25 07:53:04 | INFO     | [SUCCESS] Day 16FEB
2026-01-25 07:53:04 | INFO     | [DAY_START] Processing 15FEB
[LF] Processing ELQ-ATZ for 15FEB
2026-01-25 07:53:04 | INFO     | [lf.day.start] Processing ELQ-ATZ for 15FEB
[LF] Sending SN command: SN15FEBELQATZ/ASM
[LF] No direct flights on 15FEB for ELQ-ATZ
2026-01-25 07:53:06 | WARNING  | [lf.day.no_flights] No direct flights on 15FEB
2026-01-25 07:53:06 | INFO     | [SUCCESS] Day 15FEB
2026-01-25 07:53:06 | INFO     | [DAY_START] Processing 14FEB
[LF] Processing ELQ-ATZ for 14FEB
2026-01-25 07:53:06 | INFO     | [lf.day.start] Processing ELQ-ATZ for 14FEB
[LF] Sending SN command: SN14FEBELQATZ/ASM
[LF] 14FEB: found 1 direct flights
2026-01-25 07:53:07 | INFO     | [lf.day.flights_found] Found 1 flights on 14FEB
2026-01-25 07:53:09 | INFO     | [lf.flight.extracted] SM436 on 14FEB: BKG=139, LF=79.4%
[LF] SM436 14FEB: BKG=139, GRP=0, CAP=175, LF%=79.4%, Brd-Off=ELQ-ATZ, Classes: I:18, O:18, U:18, X:18, T:18, W:18, S:18, G:11, L:1, K:1
[LF] Getting WEEKLY/LASTSOLD data for 1 flights
[LF] SM436 14FEB: LASTSOLD=2026-01-24 00:00:00, WEEKLY=45, TODAY=0, YDAY=2
2026-01-25 07:53:16 | INFO     | [SUCCESS] Day 14FEB
2026-01-25 07:53:16 | INFO     | [DAY_START] Processing 13FEB
[LF] Processing ELQ-ATZ for 13FEB
2026-01-25 07:53:16 | INFO     | [lf.day.start] Processing ELQ-ATZ for 13FEB
[LF] Sending SN command: SN13FEBELQATZ/ASM
[LF] No direct flights on 13FEB for ELQ-ATZ
2026-01-25 07:53:17 | WARNING  | [lf.day.no_flights] No direct flights on 13FEB
2026-01-25 07:53:17 | INFO     | [SUCCESS] Day 13FEB
2026-01-25 07:53:17 | INFO     | [DAY_START] Processing 12FEB
[LF] Processing ELQ-ATZ for 12FEB
2026-01-25 07:53:17 | INFO     | [lf.day.start] Processing ELQ-ATZ for 12FEB
[LF] Sending SN command: SN12FEBELQATZ/ASM
[LF] No direct flights on 12FEB for ELQ-ATZ
2026-01-25 07:53:19 | WARNING  | [lf.day.no_flights] No direct flights on 12FEB
2026-01-25 07:53:19 | INFO     | [SUCCESS] Day 12FEB
2026-01-25 07:53:19 | INFO     | [DAY_START] Processing 11FEB
[LF] Processing ELQ-ATZ for 11FEB
2026-01-25 07:53:19 | INFO     | [lf.day.start] Processing ELQ-ATZ for 11FEB
[LF] Sending SN command: SN11FEBELQATZ/ASM
[LF] 11FEB: found 1 direct flights
2026-01-25 07:53:21 | INFO     | [lf.day.flights_found] Found 1 flights on 11FEB
2026-01-25 07:53:24 | INFO     | [lf.flight.extracted] SM436 on 11FEB: BKG=81, LF=46.3%
[LF] SM436 11FEB: BKG=81, GRP=0, CAP=175, LF%=46.3%, Brd-Off=ELQ-ATZ, Classes: I:15, O:10, U:10, X:10, T:15, W:14, S:1, G:5, K:1
[LF] Getting WEEKLY/LASTSOLD data for 1 flights
[LF] SM436 11FEB: LASTSOLD=2026-01-24 00:00:00, WEEKLY=17, TODAY=0, YDAY=1
2026-01-25 07:53:29 | INFO     | [SUCCESS] Day 11FEB
2026-01-25 07:53:29 | INFO     | [DAY_START] Processing 10FEB
[LF] Processing ELQ-ATZ for 10FEB
2026-01-25 07:53:29 | INFO     | [lf.day.start] Processing ELQ-ATZ for 10FEB
[LF] Sending SN command: SN10FEBELQATZ/ASM
[LF] No direct flights on 10FEB for ELQ-ATZ
2026-01-25 07:53:31 | WARNING  | [lf.day.no_flights] No direct flights on 10FEB
2026-01-25 07:53:31 | INFO     | [SUCCESS] Day 10FEB
2026-01-25 07:53:31 | INFO     | [DAY_START] Processing 09FEB
[LF] Processing ELQ-ATZ for 09FEB
2026-01-25 07:53:31 | INFO     | [lf.day.start] Processing ELQ-ATZ for 09FEB
[LF] Sending SN command: SN09FEBELQATZ/ASM
[LF] No direct flights on 09FEB for ELQ-ATZ
2026-01-25 07:53:32 | WARNING  | [lf.day.no_flights] No direct flights on 09FEB
2026-01-25 07:53:32 | INFO     | [SUCCESS] Day 09FEB
[LF] Results summary:
  2026-02-16: 0 flights
  2026-02-15: 0 flights
  2026-02-14: 1 flights
  2026-02-13: 0 flights
  2026-02-12: 0 flights
  2026-02-11: 1 flights
  2026-02-10: 0 flights
  2026-02-09: 0 flights
2026-01-25 07:53:32 | INFO     | [SUCCESS] LF Search Complete

============================================================
[Worker_9225] ✓ COMPLETED: ELQ-ATZ
  Results: 8 dates
  Errors: 0 dates
  Total Processed: 67 groups
============================================================

2026-01-25 07:53:32 | INFO     | [Worker_9225] Completed: ELQ-ATZ - 8 results, 0 errors

============================================================
[Worker_9225] Processing: CAI-JED
  Tier 0: Range 1, Chunk 2/4
  Dates: 8 days
  Date Range: 2026-02-16 to 2026-02-09
============================================================

2026-01-25 07:53:32 | INFO     | [Worker_9225] Processing: CAI-JED
2026-01-25 07:53:32 | INFO     |   Tier 0: Range 1, Chunk 2/4 (8 days)
2026-01-25 07:53:32 | INFO     | ======================================================================
2026-01-25 07:53:32 | INFO     | Load Factor Scraper Started - Route: CAI-JED
2026-01-25 07:53:32 | INFO     | Log file: D:\CODERED\LAB\Artifacts\outputs\run_generated_250126_at_07.06\logs\LF_CAI-JED_20260125_075332.log
2026-01-25 07:53:32 | INFO     | Enhanced logging: Capturing both logging.info() and print()
2026-01-25 07:53:32 | INFO     | ======================================================================
[LF] Processing dates (override): ['16FEB', '15FEB', '14FEB', '13FEB', '12FEB', '11FEB', '10FEB', '09FEB']
[LF] Attaching to Chrome for Altea access
2026-01-25 07:53:32 | INFO     | Starting LF search for route: CAI-JED
2026-01-25 07:53:32 | INFO     | [START] LF Search
[LF][[OK] SUCCESS] Connected to Chrome on 127.0.0.1:9225 (after 1 attempts)
2026-01-25 07:53:33 | INFO     | [HEALTH CHECK] [OK] Chrome connection is healthy
[LF][[OK] SUCCESS] Found Amadeus Altea window: Altéa Reservation Desktop
[LF][[INFO] INFO] URL: https://tc212.resdesktop.altea.amadeus.com/app_ard/apf/init/login?SITE=ESMPESMP&LANGUAGE=GB&MARKETS=ARDW_PROD_WBP&ACTION=clpLogin#
2026-01-25 07:53:33 | INFO     | [DAY_START] Processing 16FEB
[LF] Processing CAI-JED for 16FEB
2026-01-25 07:53:33 | INFO     | [lf.day.start] Processing CAI-JED for 16FEB
[LF] JED↔Cairo route detected - querying both CAI and CCE airports
[LF] Sending SN command: SN16FEBCAIJED/ASM
[LF] 16FEB: 1 cancelled flight(s) detected from SN (CAI-JED)
[LF] Sending SN command: SN16FEBCCEJED/ASM
[LF] 16FEB: 1 cancelled flight(s) detected from SN (CCE-JED)
[LF] 16FEB: found 5 direct flights
2026-01-25 07:53:35 | INFO     | [lf.day.flights_found] Found 5 flights on 16FEB
2026-01-25 07:53:37 | INFO     | [lf.flight.extracted] SM2453 on 16FEB: BKG=175, LF=97.8%
[LF] SM2453 16FEB: BKG=175, GRP=175, CAP=179, LF%=97.8%, Brd-Off=CAI-JED, Classes: P:175
2026-01-25 07:53:40 | INFO     | [lf.flight.extracted] SM475 on 16FEB: BKG=176, LF=98.3%
[LF] SM475 16FEB: BKG=176, GRP=135, CAP=179, LF%=98.3%, Brd-Off=CAI-JED, Classes: P:135, U:4, X:10, T:13, W:13, K:1
2026-01-25 07:53:44 | INFO     | [lf.flight.extracted] SM477 on 16FEB: BKG=175, LF=97.8%
[LF] SM477 16FEB: BKG=175, GRP=135, CAP=179, LF%=97.8%, Brd-Off=CAI-JED, Classes: P:135, I:4, X:11, T:14, W:7, H:4
2026-01-25 07:53:47 | INFO     | [lf.flight.extracted] SM977 on 16FEB: BKG=170, LF=95.0%
[LF] SM977 16FEB: BKG=170, GRP=170, CAP=179, LF%=95.0%, Brd-Off=CAI-JED, Classes: P:170
2026-01-25 07:53:51 | INFO     | [lf.flight.extracted] SM459 on 16FEB: BKG=179, LF=100.0%
[LF] SM459 16FEB: BKG=179, GRP=135, CAP=179, LF%=100.0%, Brd-Off=CAI-JED, Classes: P:135, X:9, T:14, W:11, S:9, G:1
[LF] Getting WEEKLY/LASTSOLD data for 5 flights
[LF] SM2453 16FEB: LASTSOLD=2026-01-02 00:00:00, WEEKLY=0, TODAY=0, YDAY=0
[LF] SM475 16FEB: LASTSOLD=2026-01-17 00:00:00, WEEKLY=0, TODAY=0, YDAY=0
[LF] SM477 16FEB: LASTSOLD=2026-01-24 00:00:00, WEEKLY=5, TODAY=0, YDAY=4
[LF] SM977 16FEB: LASTSOLD=2025-12-10 00:00:00, WEEKLY=0, TODAY=0, YDAY=0
[LF] SM459 16FEB: LASTSOLD=2026-01-22 00:00:00, WEEKLY=46, TODAY=0, YDAY=0
2026-01-25 07:54:05 | INFO     | [SUCCESS] Day 16FEB
2026-01-25 07:54:05 | INFO     | [DAY_START] Processing 15FEB
[LF] Processing CAI-JED for 15FEB
2026-01-25 07:54:05 | INFO     | [lf.day.start] Processing CAI-JED for 15FEB
[LF] JED↔Cairo route detected - querying both CAI and CCE airports
[LF] Sending SN command: SN15FEBCAIJED/ASM
[LF] Sending SN command: SN15FEBCCEJED/ASM
[LF] 15FEB: found 7 direct flights
2026-01-25 07:54:07 | INFO     | [lf.day.flights_found] Found 7 flights on 15FEB
2026-01-25 07:54:09 | INFO     | [lf.flight.extracted] SM475 on 15FEB: BKG=179, LF=100.0%
[LF] SM475 15FEB: BKG=179, GRP=135, CAP=179, LF%=100.0%, Brd-Off=CAI-JED, Classes: P:135, U:6, X:8, T:14, W:7, S:9
2026-01-25 07:54:12 | INFO     | [lf.flight.extracted] SM431 on 15FEB: BKG=179, LF=100.0%
[LF] SM431 15FEB: BKG=179, GRP=135, CAP=179, LF%=100.0%, Brd-Off=CAI-JED, Classes: P:135, I:9, X:13, T:6, W:15, S:1
2026-01-25 07:54:16 | INFO     | [lf.flight.extracted] SM2483 on 15FEB: BKG=175, LF=97.8%
[LF] SM2483 15FEB: BKG=175, GRP=175, CAP=179, LF%=97.8%, Brd-Off=CAI-JED, Classes: P:175
2026-01-25 07:54:20 | INFO     | [lf.flight.extracted] SM459 on 15FEB: BKG=176, LF=100.0%
[LF] SM459 15FEB: BKG=176, GRP=135, CAP=176, LF%=100.0%, Brd-Off=CAI-JED, Classes: P:135, X:10, T:14, W:14, S:3
2026-01-25 07:54:23 | INFO     | [lf.flight.extracted] SM975 on 15FEB: BKG=170, LF=95.0%
[LF] SM975 15FEB: BKG=170, GRP=170, CAP=179, LF%=95.0%, Brd-Off=CAI-JED, Classes: P:170
2026-01-25 07:54:26 | INFO     | [lf.flight.extracted] SM479 on 15FEB: BKG=177, LF=98.9%
[LF] SM479 15FEB: BKG=177, GRP=135, CAP=179, LF%=98.9%, Brd-Off=CAI-JED, Classes: P:135, X:10, T:14, W:14, S:4
2026-01-25 07:54:30 | INFO     | [lf.flight.extracted] SM477 on 15FEB: BKG=179, LF=100.0%
[LF] SM477 15FEB: BKG=179, GRP=135, CAP=179, LF%=100.0%, Brd-Off=CAI-JED, Classes: P:135, X:10, T:14, W:14, S:6
[LF] Getting WEEKLY/LASTSOLD data for 7 flights
[LF] SM475 15FEB: LASTSOLD=2026-01-24 00:00:00, WEEKLY=12, TODAY=0, YDAY=1
[LF] SM431 15FEB: LASTSOLD=2026-01-24 00:00:00, WEEKLY=17, TODAY=0, YDAY=1
[LF] SM2483 15FEB: LASTSOLD=2026-01-21 00:00:00, WEEKLY=1, TODAY=0, YDAY=0
[LF] SM459 15FEB: LASTSOLD=2026-01-20 00:00:00, WEEKLY=12, TODAY=0, YDAY=0
[LF] SM975 15FEB: LASTSOLD=2025-12-08 00:00:00, WEEKLY=0, TODAY=0, YDAY=0
[LF] SM479 15FEB: LASTSOLD=2026-01-21 00:00:00, WEEKLY=9, TODAY=0, YDAY=0
[LF] SM477 15FEB: LASTSOLD=2026-01-22 00:00:00, WEEKLY=46, TODAY=0, YDAY=0
2026-01-25 07:55:08 | INFO     | [SUCCESS] Day 15FEB
2026-01-25 07:55:08 | INFO     | [DAY_START] Processing 14FEB
[LF] Processing CAI-JED for 14FEB
2026-01-25 07:55:08 | INFO     | [lf.day.start] Processing CAI-JED for 14FEB
[LF] JED↔Cairo route detected - querying both CAI and CCE airports
[LF] Sending SN command: SN14FEBCAIJED/ASM
[LF] Sending SN command: SN14FEBCCEJED/ASM
[LF] 14FEB: found 5 direct flights
2026-01-25 07:55:10 | INFO     | [lf.day.flights_found] Found 5 flights on 14FEB
2026-01-25 07:55:12 | INFO     | [lf.flight.extracted] SM449 on 14FEB: BKG=177, LF=98.9%
[LF] SM449 14FEB: BKG=177, GRP=125, CAP=179, LF%=98.9%, Brd-Off=CAI-JED, Classes: P:125, X:10, T:14, W:14, S:14
2026-01-25 07:55:16 | INFO     | [lf.flight.extracted] SM475 on 14FEB: BKG=176, LF=100.0%
[LF] SM475 14FEB: BKG=176, GRP=135, CAP=176, LF%=100.0%, Brd-Off=CAI-JED, Classes: P:135, U:6, X:7, T:14, W:14
2026-01-25 07:55:20 | INFO     | [lf.flight.extracted] SM977 on 14FEB: BKG=173, LF=96.7%
[LF] SM977 14FEB: BKG=173, GRP=170, CAP=179, LF%=96.7%, Brd-Off=CAI-JED, Classes: N:3, P:170
2026-01-25 07:55:23 | INFO     | [lf.flight.extracted] SM423 on 14FEB: BKG=177, LF=98.9%
[LF] SM423 14FEB: BKG=177, GRP=135, CAP=179, LF%=98.9%, Brd-Off=CAI-JED, Classes: P:135, X:10, T:14, W:14, S:4
2026-01-25 07:55:27 | INFO     | [lf.flight.extracted] SM477 on 14FEB: BKG=176, LF=99.4%
[LF] SM477 14FEB: BKG=176, GRP=135, CAP=177, LF%=99.4%, Brd-Off=CAI-JED, Classes: P:135, X:10, T:14, W:14, S:3
[LF] Getting WEEKLY/LASTSOLD data for 5 flights
[LF] SM449 14FEB: LASTSOLD=2026-01-23 00:00:00, WEEKLY=24, TODAY=0, YDAY=0
[LF] SM475 14FEB: LASTSOLD=2026-01-21 00:00:00, WEEKLY=14, TODAY=0, YDAY=0
[LF] SM977 14FEB: LASTSOLD=2026-01-20 00:00:00, WEEKLY=3, TODAY=0, YDAY=0
[LF] SM423 14FEB: LASTSOLD=2026-01-22 00:00:00, WEEKLY=16, TODAY=0, YDAY=0
[LF] SM477 14FEB: LASTSOLD=2026-01-20 00:00:00, WEEKLY=43, TODAY=0, YDAY=0
2026-01-25 07:55:45 | INFO     | [SUCCESS] Day 14FEB
2026-01-25 07:55:45 | INFO     | [DAY_START] Processing 13FEB
[LF] Processing CAI-JED for 13FEB
2026-01-25 07:55:45 | INFO     | [lf.day.start] Processing CAI-JED for 13FEB
[LF] JED↔Cairo route detected - querying both CAI and CCE airports
[LF] Sending SN command: SN13FEBCAIJED/ASM
[LF] 13FEB: 1 cancelled flight(s) detected from SN (CAI-JED)
[LF] Sending SN command: SN13FEBCCEJED/ASM
[LF] 13FEB: 1 cancelled flight(s) detected from SN (CCE-JED)
[LF] 13FEB: found 6 direct flights
2026-01-25 07:55:49 | INFO     | [lf.day.flights_found] Found 6 flights on 13FEB
2026-01-25 07:55:52 | INFO     | [lf.flight.extracted] SM475 on 13FEB: BKG=188, LF=105.0%
[LF] SM475 13FEB: BKG=188, GRP=175, CAP=179, LF%=105.0%, Brd-Off=CAI-JED, Classes: P:175, U:5, X:8
2026-01-25 07:55:58 | INFO     | [lf.flight.extracted] SM477 on 13FEB: BKG=185, LF=103.4%
[LF] SM477 13FEB: BKG=185, GRP=175, CAP=179, LF%=103.4%, Brd-Off=CAI-JED, Classes: P:175, X:10
2026-01-25 07:56:02 | INFO     | [lf.flight.extracted] SM479 on 13FEB: BKG=176, LF=100.0%
[LF] SM479 13FEB: BKG=176, GRP=135, CAP=176, LF%=100.0%, Brd-Off=CAI-JED, Classes: P:135, X:10, T:14, W:14, S:3
2026-01-25 07:56:06 | INFO     | [lf.flight.extracted] SM459 on 13FEB: BKG=179, LF=100.0%
[LF] SM459 13FEB: BKG=179, GRP=135, CAP=179, LF%=100.0%, Brd-Off=CAI-JED, Classes: P:135, X:10, T:14, W:13, S:5, G:2
2026-01-25 07:56:10 | INFO     | [lf.flight.extracted] SM975 on 13FEB: BKG=180, LF=100.6%
[LF] SM975 13FEB: BKG=180, GRP=180, CAP=179, LF%=100.6%, Brd-Off=CAI-JED, Classes: P:180
2026-01-25 07:56:14 | INFO     | [lf.flight.extracted] SM471 on 13FEB: BKG=189, LF=105.6%
[LF] SM471 13FEB: BKG=189, GRP=175, CAP=179, LF%=105.6%, Brd-Off=CAI-JED, Classes: P:175, X:13, T:1
[LF] Getting WEEKLY/LASTSOLD data for 6 flights
[LF] SM475 13FEB: LASTSOLD=2026-01-04 00:00:00, WEEKLY=0, TODAY=0, YDAY=0
[LF] SM477 13FEB: LASTSOLD=2026-01-21 00:00:00, WEEKLY=1, TODAY=0, YDAY=0
[LF] SM479 13FEB: LASTSOLD=2026-01-21 00:00:00, WEEKLY=11, TODAY=0, YDAY=0
2026-01-25 07:56:22 | ERROR    | Atomic write failed for D:\CODERED\LAB\Artifacts\outputs\run_generated_250126_at_07.06\checkpoints\flight_booking_data.json: [WinError 5] Access is denied: 'D:\\CODERED\\LAB\\Artifacts\\outputs\\run_generated_250126_at_07.06\\checkpoints\\flight_booking_data.tmp_06c3f2ab' -> 'D:\\CODERED\\LAB\\Artifacts\\outputs\\run_generated_250126_at_07.06\\checkpoints\\flight_booking_data.json'
[LF] SM459 13FEB: LASTSOLD=2026-01-24 00:00:00, WEEKLY=9, TODAY=0, YDAY=1
[LF] SM975 13FEB: LASTSOLD=2025-12-10 00:00:00, WEEKLY=0, TODAY=0, YDAY=0
[LF] SM471 13FEB: LASTSOLD=2026-01-21 00:00:00, WEEKLY=18, TODAY=0, YDAY=0
2026-01-25 07:56:29 | INFO     | [SUCCESS] Day 13FEB
2026-01-25 07:56:29 | INFO     | [DAY_START] Processing 12FEB
[LF] Processing CAI-JED for 12FEB
2026-01-25 07:56:29 | INFO     | [lf.day.start] Processing CAI-JED for 12FEB
[LF] JED↔Cairo route detected - querying both CAI and CCE airports
[LF] Sending SN command: SN12FEBCAIJED/ASM
[LF] Sending SN command: SN12FEBCCEJED/ASM
[LF] 12FEB: found 7 direct flights
2026-01-25 07:56:31 | INFO     | [lf.day.flights_found] Found 7 flights on 12FEB
2026-01-25 07:56:33 | INFO     | [lf.flight.extracted] SM449 on 12FEB: BKG=177, LF=98.9%
[LF] SM449 12FEB: BKG=177, GRP=170, CAP=179, LF%=98.9%, Brd-Off=CAI-JED, Classes: P:170, X:1, S:6
2026-01-25 07:56:36 | INFO     | [lf.flight.extracted] SM2455 on 12FEB: BKG=180, LF=100.6%
[LF] SM2455 12FEB: BKG=180, GRP=180, CAP=179, LF%=100.6%, Brd-Off=CAI-JED, Classes: P:180
2026-01-25 07:56:39 | INFO     | [lf.flight.extracted] SM475 on 12FEB: BKG=179, LF=100.0%
[LF] SM475 12FEB: BKG=179, GRP=135, CAP=179, LF%=100.0%, Brd-Off=CAI-JED, Classes: P:135, U:6, X:7, T:14, W:15, S:2
2026-01-25 07:56:43 | INFO     | [lf.flight.extracted] SM431 on 12FEB: BKG=188, LF=105.0%
[LF] SM431 12FEB: BKG=188, GRP=175, CAP=179, LF%=105.0%, Brd-Off=CAI-JED, Classes: P:175, X:13
2026-01-25 07:56:46 | INFO     | [lf.flight.extracted] SM477 on 12FEB: BKG=180, LF=100.6%
[LF] SM477 12FEB: BKG=180, GRP=170, CAP=179, LF%=100.6%, Brd-Off=CAI-JED, Classes: P:170, X:10
2026-01-25 07:56:49 | INFO     | [lf.flight.extracted] SM423 on 12FEB: BKG=182, LF=103.4%
[LF] SM423 12FEB: BKG=182, GRP=170, CAP=176, LF%=103.4%, Brd-Off=CAI-JED, Classes: P:130, E:40, X:9, S:3
2026-01-25 07:56:52 | INFO     | [lf.flight.extracted] SM479 on 12FEB: BKG=179, LF=100.0%
[LF] SM479 12FEB: BKG=179, GRP=135, CAP=179, LF%=100.0%, Brd-Off=CAI-JED, Classes: P:135, X:9, T:14, W:8, S:13
[LF] Getting WEEKLY/LASTSOLD data for 7 flights
[LF] SM449 12FEB: LASTSOLD=2025-12-22 00:00:00, WEEKLY=0, TODAY=0, YDAY=0
[LF] SM2455 12FEB: LASTSOLD=2026-01-21 00:00:00, WEEKLY=3, TODAY=0, YDAY=0
[LF] SM475 12FEB: LASTSOLD=2026-01-20 00:00:00, WEEKLY=5, TODAY=0, YDAY=0
[LF] SM431 12FEB: LASTSOLD=2026-01-04 00:00:00, WEEKLY=0, TODAY=0, YDAY=0
[LF] SM477 12FEB: LASTSOLD=2026-01-04 00:00:00, WEEKLY=0, TODAY=0, YDAY=0
[LF] SM423 12FEB: LASTSOLD=2026-01-19 00:00:00, WEEKLY=3, TODAY=0, YDAY=0
[LF] SM479 12FEB: LASTSOLD=2026-01-23 00:00:00, WEEKLY=47, TODAY=0, YDAY=0
2026-01-25 07:57:10 | INFO     | [SUCCESS] Day 12FEB
2026-01-25 07:57:10 | INFO     | [DAY_START] Processing 11FEB
[LF] Processing CAI-JED for 11FEB
2026-01-25 07:57:10 | INFO     | [lf.day.start] Processing CAI-JED for 11FEB
[LF] JED↔Cairo route detected - querying both CAI and CCE airports
[LF] Sending SN command: SN11FEBCAIJED/ASM
[LF] Sending SN command: SN11FEBCCEJED/ASM
[LF] 11FEB: found 6 direct flights
2026-01-25 07:57:13 | INFO     | [lf.day.flights_found] Found 6 flights on 11FEB
2026-01-25 07:57:15 | INFO     | [lf.flight.extracted] SM423 on 11FEB: BKG=186, LF=103.9%
[LF] SM423 11FEB: BKG=186, GRP=180, CAP=179, LF%=103.9%, Brd-Off=CAI-JED, Classes: P:180, X:6
2026-01-25 07:57:19 | INFO     | [lf.flight.extracted] SM475 on 11FEB: BKG=179, LF=100.0%
[LF] SM475 11FEB: BKG=179, GRP=135, CAP=179, LF%=100.0%, Brd-Off=CAI-JED, Classes: P:135, U:6, X:7, T:14, W:12, S:5
2026-01-25 07:57:22 | INFO     | [lf.flight.extracted] SM459 on 11FEB: BKG=174, LF=97.2%
[LF] SM459 11FEB: BKG=174, GRP=165, CAP=179, LF%=97.2%, Brd-Off=CAI-JED, Classes: P:165, X:9
2026-01-25 07:57:25 | INFO     | [lf.flight.extracted] SM477 on 11FEB: BKG=177, LF=98.9%
[LF] SM477 11FEB: BKG=177, GRP=135, CAP=179, LF%=98.9%, Brd-Off=CAI-JED, Classes: P:135, X:10, T:14, W:9, S:9
2026-01-25 07:57:29 | INFO     | [lf.flight.extracted] SM979 on 11FEB: BKG=174, LF=98.9%
[LF] SM979 11FEB: BKG=174, GRP=170, CAP=176, LF%=98.9%, Brd-Off=CAI-JED, Classes: P:170, X:1, W:3
2026-01-25 07:57:32 | INFO     | [lf.flight.extracted] SM471 on 11FEB: BKG=179, LF=100.0%
[LF] SM471 11FEB: BKG=179, GRP=135, CAP=179, LF%=100.0%, Brd-Off=CAI-JED, Classes: P:135, I:5, O:5, U:5, X:10, T:13, S:5, L:1
[LF] Getting WEEKLY/LASTSOLD data for 6 flights
[LF] SM423 11FEB: LASTSOLD=2026-01-04 00:00:00, WEEKLY=0, TODAY=0, YDAY=0
[LF] SM475 11FEB: LASTSOLD=2026-01-21 00:00:00, WEEKLY=8, TODAY=0, YDAY=0
[LF] SM459 11FEB: LASTSOLD=2026-01-21 00:00:00, WEEKLY=1, TODAY=0, YDAY=0
[LF] SM477 11FEB: LASTSOLD=2026-01-07 00:00:00, WEEKLY=0, TODAY=0, YDAY=0
[LF] SM979 11FEB: LASTSOLD=2026-01-21 00:00:00, WEEKLY=4, TODAY=0, YDAY=0
[LF] SM471 11FEB: LASTSOLD=2026-01-24 00:00:00, WEEKLY=1, TODAY=0, YDAY=1
2026-01-25 07:57:47 | INFO     | [SUCCESS] Day 11FEB
2026-01-25 07:57:47 | INFO     | [DAY_START] Processing 10FEB
[LF] Processing CAI-JED for 10FEB
2026-01-25 07:57:47 | INFO     | [lf.day.start] Processing CAI-JED for 10FEB
[LF] JED↔Cairo route detected - querying both CAI and CCE airports
[LF] Sending SN command: SN10FEBCAIJED/ASM
[LF] Sending SN command: SN10FEBCCEJED/ASM
[LF] 10FEB: found 7 direct flights
2026-01-25 07:57:50 | INFO     | [lf.day.flights_found] Found 7 flights on 10FEB
2026-01-25 07:57:52 | INFO     | [lf.flight.extracted] SM971 on 10FEB: BKG=171, LF=95.5%
[LF] SM971 10FEB: BKG=171, GRP=165, CAP=179, LF%=95.5%, Brd-Off=CAI-JED, Classes: P:165, G:6
2026-01-25 07:57:55 | INFO     | [lf.flight.extracted] SM2485 on 10FEB: BKG=175, LF=97.8%
[LF] SM2485 10FEB: BKG=175, GRP=175, CAP=179, LF%=97.8%, Brd-Off=CAI-JED, Classes: P:175
2026-01-25 07:57:58 | INFO     | [lf.flight.extracted] SM477 on 10FEB: BKG=192, LF=107.3%
[LF] SM477 10FEB: BKG=192, GRP=180, CAP=179, LF%=107.3%, Brd-Off=CAI-JED, Classes: P:180, X:9, T:3
2026-01-25 07:58:01 | INFO     | [lf.flight.extracted] SM459 on 10FEB: BKG=191, LF=106.7%
[LF] SM459 10FEB: BKG=191, GRP=180, CAP=179, LF%=106.7%, Brd-Off=CAI-JED, Classes: P:180, X:10, S:1
2026-01-25 07:58:05 | INFO     | [lf.flight.extracted] SM2449 on 10FEB: BKG=180, LF=100.6%
[LF] SM2449 10FEB: BKG=180, GRP=180, CAP=179, LF%=100.6%, Brd-Off=CAI-JED, Classes: P:180
2026-01-25 07:58:08 | INFO     | [lf.flight.extracted] SM475 on 10FEB: BKG=179, LF=100.0%
[LF] SM475 10FEB: BKG=179, GRP=135, CAP=179, LF%=100.0%, Brd-Off=CAI-JED, Classes: P:135, U:6, X:6, T:15, W:15, V:2
2026-01-25 07:58:11 | INFO     | [lf.flight.extracted] SM423 on 10FEB: BKG=179, LF=100.0%
[LF] SM423 10FEB: BKG=179, GRP=135, CAP=179, LF%=100.0%, Brd-Off=CAI-JED, Classes: P:135, X:10, T:14, W:20
[LF] Getting WEEKLY/LASTSOLD data for 7 flights
[LF] SM971 10FEB: LASTSOLD=2026-01-23 00:00:00, WEEKLY=6, TODAY=0, YDAY=0
[LF] SM2485 10FEB: LASTSOLD=2026-01-02 00:00:00, WEEKLY=0, TODAY=0, YDAY=0
[LF] SM477 10FEB: LASTSOLD=2026-01-06 00:00:00, WEEKLY=0, TODAY=0, YDAY=0
[LF] SM459 10FEB: LASTSOLD=2026-01-04 00:00:00, WEEKLY=0, TODAY=0, YDAY=0
[LF] SM2449 10FEB: LASTSOLD=2026-01-24 00:00:00, WEEKLY=3, TODAY=0, YDAY=1
[LF] SM475 10FEB: LASTSOLD=2026-01-22 00:00:00, WEEKLY=6, TODAY=0, YDAY=0
[LF] SM423 10FEB: LASTSOLD=2026-01-22 00:00:00, WEEKLY=47, TODAY=0, YDAY=0
2026-01-25 07:58:27 | INFO     | [SUCCESS] Day 10FEB
2026-01-25 07:58:27 | INFO     | [DAY_START] Processing 09FEB
[LF] Processing CAI-JED for 09FEB
2026-01-25 07:58:27 | INFO     | [lf.day.start] Processing CAI-JED for 09FEB
[LF] JED↔Cairo route detected - querying both CAI and CCE airports
[LF] Sending SN command: SN09FEBCAIJED/ASM
[LF] Sending SN command: SN09FEBCCEJED/ASM
[LF] 09FEB: found 3 direct flights
2026-01-25 07:58:29 | INFO     | [lf.day.flights_found] Found 3 flights on 09FEB
2026-01-25 07:58:31 | INFO     | [lf.flight.extracted] SM475 on 09FEB: BKG=193, LF=107.8%
[LF] SM475 09FEB: BKG=193, GRP=180, CAP=179, LF%=107.8%, Brd-Off=CAI-JED, Classes: P:180, U:6, X:7
2026-01-25 07:58:34 | INFO     | [lf.flight.extracted] SM983 on 09FEB: BKG=81, LF=45.2%
[LF] SM983 09FEB: BKG=81, GRP=80, CAP=179, LF%=45.2%, Brd-Off=CAI-JED, Classes: P:80, S:1
2026-01-25 07:58:37 | INFO     | [lf.flight.extracted] SM459 on 09FEB: BKG=177, LF=98.9%
[LF] SM459 09FEB: BKG=177, GRP=135, CAP=179, LF%=98.9%, Brd-Off=CAI-JED, Classes: P:135, X:12, T:12, W:14, S:4
[LF] Getting WEEKLY/LASTSOLD data for 3 flights
[LF] SM475 09FEB: LASTSOLD=2026-01-04 00:00:00, WEEKLY=0, TODAY=0, YDAY=0
[LF] SM983 09FEB: LASTSOLD=2026-01-25 00:00:00, WEEKLY=1, TODAY=1, YDAY=0
[LF] SM459 09FEB: LASTSOLD=2026-01-24 00:00:00, WEEKLY=14, TODAY=0, YDAY=1
2026-01-25 07:58:46 | INFO     | [SUCCESS] Day 09FEB
[LF] Results summary:
  2026-02-16: 5 flights
  2026-02-15: 7 flights
  2026-02-14: 5 flights
  2026-02-13: 6 flights
  2026-02-12: 7 flights
  2026-02-11: 6 flights
  2026-02-10: 7 flights
  2026-02-09: 3 flights
[LF] Cancelled flights found: 4
  - SM957 16FEB (SN)
  - SM957 16FEB (SN)
  - SM957 13FEB (SN)
  - SM957 13FEB (SN)
2026-01-25 07:58:46 | INFO     | [SUCCESS] LF Search Complete
[Worker_9225] Cancelled flights collected: 4

============================================================
[Worker_9225] ✓ COMPLETED: CAI-JED
  Results: 8 dates
  Errors: 0 dates
  Total Processed: 68 groups
============================================================

2026-01-25 07:58:46 | INFO     | [Worker_9225] Completed: CAI-JED - 8 results, 0 errors

============================================================
[Worker_9225] Processing: CAI-MED
  Tier 0: Range 1, Chunk 3/4
  Dates: 8 days
  Date Range: 2026-02-08 to 2026-02-01
============================================================

2026-01-25 07:58:46 | INFO     | [Worker_9225] Processing: CAI-MED
2026-01-25 07:58:46 | INFO     |   Tier 0: Range 1, Chunk 3/4 (8 days)
2026-01-25 07:58:46 | INFO     | ======================================================================
2026-01-25 07:58:46 | INFO     | Load Factor Scraper Started - Route: CAI-MED
2026-01-25 07:58:46 | INFO     | Log file: D:\CODERED\LAB\Artifacts\outputs\run_generated_250126_at_07.06\logs\LF_CAI-MED_20260125_075846.log
2026-01-25 07:58:46 | INFO     | Enhanced logging: Capturing both logging.info() and print()
2026-01-25 07:58:46 | INFO     | ======================================================================
[LF] Processing dates (override): ['08FEB', '07FEB', '06FEB', '05FEB', '04FEB', '03FEB', '02FEB', '01FEB']
[LF] Attaching to Chrome for Altea access
2026-01-25 07:58:46 | INFO     | Starting LF search for route: CAI-MED
2026-01-25 07:58:46 | INFO     | [START] LF Search
[LF][[OK] SUCCESS] Connected to Chrome on 127.0.0.1:9225 (after 1 attempts)
2026-01-25 07:58:47 | INFO     | [HEALTH CHECK] [OK] Chrome connection is healthy
[LF][[OK] SUCCESS] Found Amadeus Altea window: Altéa Reservation Desktop
[LF][[INFO] INFO] URL: https://tc212.resdesktop.altea.amadeus.com/app_ard/apf/init/login?SITE=ESMPESMP&LANGUAGE=GB&MARKETS=ARDW_PROD_WBP&ACTION=clpLogin#
2026-01-25 07:58:47 | INFO     | [DAY_START] Processing 08FEB
[LF] Processing CAI-MED for 08FEB
2026-01-25 07:58:47 | INFO     | [lf.day.start] Processing CAI-MED for 08FEB
[LF] Sending SN command: SN08FEBCAIMED/ASM
[LF] 08FEB: found 1 direct flights
2026-01-25 07:58:48 | INFO     | [lf.day.flights_found] Found 1 flights on 08FEB
2026-01-25 07:58:50 | INFO     | [lf.flight.extracted] SM493 on 08FEB: BKG=168, LF=93.8%
[LF] SM493 08FEB: BKG=168, GRP=120, CAP=179, LF%=93.8%, Brd-Off=CAI-MED, Classes: P:90, E:30, I:5, O:21, U:11, W:2, S:2, G:4, V:3
[LF] Getting WEEKLY/LASTSOLD data for 1 flights
[LF] SM493 08FEB: LASTSOLD=2026-01-24 00:00:00, WEEKLY=3, TODAY=0, YDAY=3
2026-01-25 07:58:54 | INFO     | [SUCCESS] Day 08FEB
2026-01-25 07:58:54 | INFO     | [DAY_START] Processing 07FEB
[LF] Processing CAI-MED for 07FEB
2026-01-25 07:58:54 | INFO     | [lf.day.start] Processing CAI-MED for 07FEB
[LF] Sending SN command: SN07FEBCAIMED/ASM
[LF] 07FEB: found 1 direct flights
2026-01-25 07:58:55 | INFO     | [lf.day.flights_found] Found 1 flights on 07FEB
2026-01-25 07:58:57 | INFO     | [lf.flight.extracted] SM493 on 07FEB: BKG=132, LF=73.7%
[LF] SM493 07FEB: BKG=132, GRP=90, CAP=179, LF%=73.7%, Brd-Off=CAI-MED, Classes: P:90, I:13, O:13, U:11, X:3, S:2
[LF] Getting WEEKLY/LASTSOLD data for 1 flights
[LF] SM493 07FEB: LASTSOLD=2026-01-10 00:00:00, WEEKLY=0, TODAY=0, YDAY=0
2026-01-25 07:59:01 | INFO     | [SUCCESS] Day 07FEB
2026-01-25 07:59:01 | INFO     | [DAY_START] Processing 06FEB
[LF] Processing CAI-MED for 06FEB
2026-01-25 07:59:01 | INFO     | [lf.day.start] Processing CAI-MED for 06FEB
[LF] Sending SN command: SN06FEBCAIMED/ASM
[LF] No direct flights on 06FEB for CAI-MED
2026-01-25 07:59:02 | WARNING  | [lf.day.no_flights] No direct flights on 06FEB
2026-01-25 07:59:02 | INFO     | [SUCCESS] Day 06FEB
2026-01-25 07:59:02 | INFO     | [DAY_START] Processing 05FEB
[LF] Processing CAI-MED for 05FEB
2026-01-25 07:59:02 | INFO     | [lf.day.start] Processing CAI-MED for 05FEB
[LF] Sending SN command: SN05FEBCAIMED/ASM
[LF] 05FEB: found 1 direct flights
2026-01-25 07:59:04 | INFO     | [lf.day.flights_found] Found 1 flights on 05FEB
2026-01-25 07:59:05 | INFO     | [lf.flight.extracted] SM493 on 05FEB: BKG=177, LF=98.9%
[LF] SM493 05FEB: BKG=177, GRP=95, CAP=179, LF%=98.9%, Brd-Off=CAI-MED, Classes: P:95, I:7, O:19, U:11, X:11, T:32, W:2
[LF] Getting WEEKLY/LASTSOLD data for 1 flights
[LF] SM493 05FEB: LASTSOLD=2026-01-24 00:00:00, WEEKLY=30, TODAY=0, YDAY=8
2026-01-25 07:59:10 | INFO     | [SUCCESS] Day 05FEB
2026-01-25 07:59:10 | INFO     | [DAY_START] Processing 04FEB
[LF] Processing CAI-MED for 04FEB
2026-01-25 07:59:10 | INFO     | [lf.day.start] Processing CAI-MED for 04FEB
[LF] Sending SN command: SN04FEBCAIMED/ASM
[LF] No direct flights on 04FEB for CAI-MED
2026-01-25 07:59:11 | WARNING  | [lf.day.no_flights] No direct flights on 04FEB
2026-01-25 07:59:11 | INFO     | [SUCCESS] Day 04FEB
2026-01-25 07:59:11 | INFO     | [DAY_START] Processing 03FEB
[LF] Processing CAI-MED for 03FEB
2026-01-25 07:59:11 | INFO     | [lf.day.start] Processing CAI-MED for 03FEB
[LF] Sending SN command: SN03FEBCAIMED/ASM
[LF] 03FEB: found 1 direct flights
2026-01-25 07:59:12 | INFO     | [lf.day.flights_found] Found 1 flights on 03FEB
2026-01-25 07:59:15 | INFO     | [lf.flight.extracted] SM493 on 03FEB: BKG=109, LF=60.9%
[LF] SM493 03FEB: BKG=109, GRP=35, CAP=179, LF%=60.9%, Brd-Off=CAI-MED, Classes: E:35, I:4, O:22, U:11, X:11, T:21, W:5
[LF] Getting WEEKLY/LASTSOLD data for 1 flights
[LF] SM493 03FEB: LASTSOLD=2026-01-24 00:00:00, WEEKLY=14, TODAY=0, YDAY=6
2026-01-25 07:59:20 | INFO     | [SUCCESS] Day 03FEB
2026-01-25 07:59:20 | INFO     | [DAY_START] Processing 02FEB
[LF] Processing CAI-MED for 02FEB
2026-01-25 07:59:20 | INFO     | [lf.day.start] Processing CAI-MED for 02FEB
[LF] Sending SN command: SN02FEBCAIMED/ASM
[LF] 02FEB: found 1 direct flights
2026-01-25 07:59:21 | INFO     | [lf.day.flights_found] Found 1 flights on 02FEB
2026-01-25 07:59:23 | INFO     | [lf.flight.extracted] SM495 on 02FEB: BKG=79, LF=44.9%
[LF] SM495 02FEB: BKG=79, GRP=0, CAP=176, LF%=44.9%, Brd-Off=CAI-MED, Classes: I:1, O:23, U:11, X:11, T:19, W:11, S:3
[LF] Getting WEEKLY/LASTSOLD data for 1 flights
[LF] SM495 02FEB: LASTSOLD=2026-01-24 00:00:00, WEEKLY=33, TODAY=0, YDAY=7
2026-01-25 07:59:27 | INFO     | [SUCCESS] Day 02FEB
2026-01-25 07:59:27 | INFO     | [DAY_START] Processing 01FEB
[LF] Processing CAI-MED for 01FEB
2026-01-25 07:59:27 | INFO     | [lf.day.start] Processing CAI-MED for 01FEB
[LF] Sending SN command: SN01FEBCAIMED/ASM
[LF] 01FEB: found 1 direct flights
2026-01-25 07:59:28 | INFO     | [lf.day.flights_found] Found 1 flights on 01FEB
2026-01-25 07:59:30 | INFO     | [lf.flight.extracted] SM493 on 01FEB: BKG=105, LF=58.7%
[LF] SM493 01FEB: BKG=105, GRP=25, CAP=179, LF%=58.7%, Brd-Off=CAI-MED, Classes: E:25, I:16, O:10, U:11, X:11, T:11, W:15, S:6
[LF] Getting WEEKLY/LASTSOLD data for 1 flights
[LF] SM493 01FEB: LASTSOLD=2026-01-24 00:00:00, WEEKLY=21, TODAY=0, YDAY=1
2026-01-25 07:59:35 | INFO     | [SUCCESS] Day 01FEB
[LF] Results summary:
  2026-02-08: 1 flights
  2026-02-07: 1 flights
  2026-02-06: 0 flights
  2026-02-05: 1 flights
  2026-02-04: 0 flights
  2026-02-03: 1 flights
  2026-02-02: 1 flights
  2026-02-01: 1 flights
2026-01-25 07:59:35 | INFO     | [SUCCESS] LF Search Complete

============================================================
[Worker_9225] ✓ COMPLETED: CAI-MED
  Results: 8 dates
  Errors: 0 dates
  Total Processed: 69 groups
============================================================

2026-01-25 07:59:35 | INFO     | [Worker_9225] Completed: CAI-MED - 8 results, 0 errors

============================================================
[Worker_9225] Processing: CAI-RUH
  Tier 0: Range 1, Chunk 3/4
  Dates: 8 days
  Date Range: 2026-02-08 to 2026-02-01
============================================================

2026-01-25 07:59:35 | INFO     | [Worker_9225] Processing: CAI-RUH
2026-01-25 07:59:35 | INFO     |   Tier 0: Range 1, Chunk 3/4 (8 days)
2026-01-25 07:59:35 | INFO     | ======================================================================
2026-01-25 07:59:35 | INFO     | Load Factor Scraper Started - Route: CAI-RUH
2026-01-25 07:59:35 | INFO     | Log file: D:\CODERED\LAB\Artifacts\outputs\run_generated_250126_at_07.06\logs\LF_CAI-RUH_20260125_075935.log
2026-01-25 07:59:35 | INFO     | Enhanced logging: Capturing both logging.info() and print()
2026-01-25 07:59:35 | INFO     | ======================================================================
[LF] Processing dates (override): ['08FEB', '07FEB', '06FEB', '05FEB', '04FEB', '03FEB', '02FEB', '01FEB']
[LF] Attaching to Chrome for Altea access
2026-01-25 07:59:35 | INFO     | Starting LF search for route: CAI-RUH
2026-01-25 07:59:35 | INFO     | [START] LF Search
[LF][[OK] SUCCESS] Connected to Chrome on 127.0.0.1:9225 (after 1 attempts)
2026-01-25 07:59:36 | INFO     | [HEALTH CHECK] [OK] Chrome connection is healthy
[LF][[OK] SUCCESS] Found Amadeus Altea window: Altéa Reservation Desktop
[LF][[INFO] INFO] URL: https://tc212.resdesktop.altea.amadeus.com/app_ard/apf/init/login?SITE=ESMPESMP&LANGUAGE=GB&MARKETS=ARDW_PROD_WBP&ACTION=clpLogin#
2026-01-25 07:59:36 | INFO     | [DAY_START] Processing 08FEB
[LF] Processing CAI-RUH for 08FEB
2026-01-25 07:59:36 | INFO     | [lf.day.start] Processing CAI-RUH for 08FEB
[LF] Sending SN command: SN08FEBCAIRUH/ASM
[LF] 08FEB: found 1 direct flights
2026-01-25 07:59:37 | INFO     | [lf.day.flights_found] Found 1 flights on 08FEB
2026-01-25 07:59:39 | INFO     | [lf.flight.extracted] SM461 on 08FEB: BKG=20, LF=11.2%
[LF] SM461 08FEB: BKG=20, GRP=0, CAP=179, LF%=11.2%, Brd-Off=CAI-RUH, Classes: O:7, U:13
[LF] Getting WEEKLY/LASTSOLD data for 1 flights
[LF] SM461 08FEB: LASTSOLD=2026-01-22 00:00:00, WEEKLY=8, TODAY=0, YDAY=0
2026-01-25 07:59:43 | INFO     | [SUCCESS] Day 08FEB
2026-01-25 07:59:43 | INFO     | [DAY_START] Processing 07FEB
[LF] Processing CAI-RUH for 07FEB
2026-01-25 07:59:43 | INFO     | [lf.day.start] Processing CAI-RUH for 07FEB
[LF] Sending SN command: SN07FEBCAIRUH/ASM
[LF] 07FEB: found 1 direct flights
2026-01-25 07:59:44 | INFO     | [lf.day.flights_found] Found 1 flights on 07FEB
2026-01-25 07:59:46 | INFO     | [lf.flight.extracted] SM461 on 07FEB: BKG=44, LF=24.6%
[LF] SM461 07FEB: BKG=44, GRP=0, CAP=179, LF%=24.6%, Brd-Off=CAI-RUH, Classes: I:5, O:2, U:19, X:18
[LF] Getting WEEKLY/LASTSOLD data for 1 flights
[LF] SM461 07FEB: LASTSOLD=2026-01-24 00:00:00, WEEKLY=22, TODAY=0, YDAY=7
2026-01-25 07:59:50 | INFO     | [SUCCESS] Day 07FEB
2026-01-25 07:59:50 | INFO     | [DAY_START] Processing 06FEB
[LF] Processing CAI-RUH for 06FEB
2026-01-25 07:59:50 | INFO     | [lf.day.start] Processing CAI-RUH for 06FEB
[LF] Sending SN command: SN06FEBCAIRUH/ASM
[LF] 06FEB: found 2 direct flights
2026-01-25 07:59:51 | INFO     | [lf.day.flights_found] Found 2 flights on 06FEB
2026-01-25 07:59:53 | INFO     | [lf.flight.extracted] SM461 on 06FEB: BKG=35, LF=19.6%
[LF] SM461 06FEB: BKG=35, GRP=0, CAP=179, LF%=19.6%, Brd-Off=CAI-RUH, Classes: O:7, U:22, X:6
2026-01-25 07:59:56 | INFO     | [lf.flight.extracted] SM469 on 06FEB: BKG=41, LF=22.9%
[LF] SM469 06FEB: BKG=41, GRP=0, CAP=179, LF%=22.9%, Brd-Off=CAI-RUH, Classes: O:7, U:8, X:18, S:7, V:1
[LF] Getting WEEKLY/LASTSOLD data for 2 flights
[LF] SM461 06FEB: LASTSOLD=2026-01-23 00:00:00, WEEKLY=15, TODAY=0, YDAY=0
[LF] SM469 06FEB: LASTSOLD=2026-01-23 00:00:00, WEEKLY=19, TODAY=0, YDAY=0
2026-01-25 08:00:03 | INFO     | [SUCCESS] Day 06FEB
2026-01-25 08:00:03 | INFO     | [DAY_START] Processing 05FEB
[LF] Processing CAI-RUH for 05FEB
2026-01-25 08:00:03 | INFO     | [lf.day.start] Processing CAI-RUH for 05FEB
[LF] Sending SN command: SN05FEBCAIRUH/ASM
[LF] 05FEB: found 1 direct flights
2026-01-25 08:00:05 | INFO     | [lf.day.flights_found] Found 1 flights on 05FEB
2026-01-25 08:00:07 | INFO     | [lf.flight.extracted] SM461 on 05FEB: BKG=59, LF=33.0%
[LF] SM461 05FEB: BKG=59, GRP=0, CAP=179, LF%=33.0%, Brd-Off=CAI-RUH, Classes: N:1, I:25, O:15, U:15, X:3
[LF] Getting WEEKLY/LASTSOLD data for 1 flights
[LF] SM461 05FEB: LASTSOLD=2026-01-24 00:00:00, WEEKLY=25, TODAY=0, YDAY=3
2026-01-25 08:00:12 | INFO     | [SUCCESS] Day 05FEB
2026-01-25 08:00:12 | INFO     | [DAY_START] Processing 04FEB
[LF] Processing CAI-RUH for 04FEB
2026-01-25 08:00:12 | INFO     | [lf.day.start] Processing CAI-RUH for 04FEB
[LF] Sending SN command: SN04FEBCAIRUH/ASM
[LF] 04FEB: found 2 direct flights
2026-01-25 08:00:13 | INFO     | [lf.day.flights_found] Found 2 flights on 04FEB
2026-01-25 08:00:15 | INFO     | [lf.flight.extracted] SM461 on 04FEB: BKG=58, LF=32.4%
[LF] SM461 04FEB: BKG=58, GRP=0, CAP=179, LF%=32.4%, Brd-Off=CAI-RUH, Classes: I:15, O:15, U:25, X:3
2026-01-25 08:00:19 | INFO     | [lf.flight.extracted] SM469 on 04FEB: BKG=63, LF=35.2%
[LF] SM469 04FEB: BKG=63, GRP=0, CAP=179, LF%=35.2%, Brd-Off=CAI-RUH, Classes: I:15, O:15, U:15, X:14, T:2, S:1, H:1
[LPC] SM469 04FEB: Found 1 outbound flights with connecting passengers
[LF] Getting WEEKLY/LASTSOLD data for 2 flights
[LF] SM461 04FEB: LASTSOLD=2026-01-24 00:00:00, WEEKLY=41, TODAY=0, YDAY=3
[LF] SM469 04FEB: LASTSOLD=2026-01-24 00:00:00, WEEKLY=45, TODAY=0, YDAY=7
2026-01-25 08:00:28 | INFO     | [SUCCESS] Day 04FEB
2026-01-25 08:00:28 | INFO     | [DAY_START] Processing 03FEB
[LF] Processing CAI-RUH for 03FEB
2026-01-25 08:00:28 | INFO     | [lf.day.start] Processing CAI-RUH for 03FEB
[LF] Sending SN command: SN03FEBCAIRUH/ASM
[LF] 03FEB: found 1 direct flights
2026-01-25 08:00:29 | INFO     | [lf.day.flights_found] Found 1 flights on 03FEB
2026-01-25 08:00:32 | INFO     | [lf.flight.extracted] SM469 on 03FEB: BKG=55, LF=30.7%
[LF] SM469 03FEB: BKG=55, GRP=0, CAP=179, LF%=30.7%, Brd-Off=CAI-RUH, Classes: I:1, O:5, U:8, X:16, T:15, W:1, S:9
[LF] Getting WEEKLY/LASTSOLD data for 1 flights
[LF] SM469 03FEB: LASTSOLD=2026-01-24 00:00:00, WEEKLY=29, TODAY=0, YDAY=10
2026-01-25 08:00:36 | INFO     | [SUCCESS] Day 03FEB
2026-01-25 08:00:36 | INFO     | [DAY_START] Processing 02FEB
[LF] Processing CAI-RUH for 02FEB
2026-01-25 08:00:36 | INFO     | [lf.day.start] Processing CAI-RUH for 02FEB
[LF] Sending SN command: SN02FEBCAIRUH/ASM
[LF] 02FEB: found 1 direct flights
2026-01-25 08:00:37 | INFO     | [lf.day.flights_found] Found 1 flights on 02FEB
2026-01-25 08:00:39 | INFO     | [lf.flight.extracted] SM469 on 02FEB: BKG=59, LF=33.0%
[LF] SM469 02FEB: BKG=59, GRP=0, CAP=179, LF%=33.0%, Brd-Off=CAI-RUH, Classes: O:5, U:10, X:19, T:10, W:8, S:7
[LF] Getting WEEKLY/LASTSOLD data for 1 flights
[LF] SM469 02FEB: LASTSOLD=2026-01-24 00:00:00, WEEKLY=25, TODAY=0, YDAY=6
2026-01-25 08:00:43 | INFO     | [SUCCESS] Day 02FEB
2026-01-25 08:00:43 | INFO     | [DAY_START] Processing 01FEB
[LF] Processing CAI-RUH for 01FEB
2026-01-25 08:00:43 | INFO     | [lf.day.start] Processing CAI-RUH for 01FEB
[LF] Sending SN command: SN01FEBCAIRUH/ASM
[LF] 01FEB: found 1 direct flights
2026-01-25 08:00:44 | INFO     | [lf.day.flights_found] Found 1 flights on 01FEB
2026-01-25 08:00:46 | INFO     | [lf.flight.extracted] SM461 on 01FEB: BKG=76, LF=43.2%
[LF] SM461 01FEB: BKG=76, GRP=0, CAP=176, LF%=43.2%, Brd-Off=CAI-RUH, Classes: I:1, O:5, U:10, X:19, T:9, W:8, S:18, G:6
[LF] Getting WEEKLY/LASTSOLD data for 1 flights
[LF] SM461 01FEB: LASTSOLD=2026-01-25 00:00:00, WEEKLY=40, TODAY=6, YDAY=8
2026-01-25 08:00:51 | INFO     | [SUCCESS] Day 01FEB
[LF] Results summary:
  2026-02-08: 1 flights
  2026-02-07: 1 flights
  2026-02-06: 2 flights
  2026-02-05: 1 flights
  2026-02-04: 2 flights
  2026-02-03: 1 flights
  2026-02-02: 1 flights
  2026-02-01: 1 flights
2026-01-25 08:00:51 | INFO     | [SUCCESS] LF Search Complete

============================================================
[Worker_9225] ✓ COMPLETED: CAI-RUH
  Results: 8 dates
  Errors: 0 dates
  Total Processed: 70 groups
============================================================

2026-01-25 08:00:51 | INFO     | [Worker_9225] Completed: CAI-RUH - 8 results, 0 errors

============================================================
[Worker_9225] Processing: ATZ-ELQ
  Tier 0: Range 1, Chunk 3/4
  Dates: 8 days
  Date Range: 2026-02-08 to 2026-02-01
============================================================

2026-01-25 08:00:51 | INFO     | [Worker_9225] Processing: ATZ-ELQ
2026-01-25 08:00:51 | INFO     |   Tier 0: Range 1, Chunk 3/4 (8 days)
2026-01-25 08:00:51 | INFO     | ======================================================================
2026-01-25 08:00:51 | INFO     | Load Factor Scraper Started - Route: ATZ-ELQ
2026-01-25 08:00:51 | INFO     | Log file: D:\CODERED\LAB\Artifacts\outputs\run_generated_250126_at_07.06\logs\LF_ATZ-ELQ_20260125_080051.log
2026-01-25 08:00:51 | INFO     | Enhanced logging: Capturing both logging.info() and print()
2026-01-25 08:00:51 | INFO     | ======================================================================
[LF] Processing dates (override): ['08FEB', '07FEB', '06FEB', '05FEB', '04FEB', '03FEB', '02FEB', '01FEB']
[LF] Attaching to Chrome for Altea access
2026-01-25 08:00:51 | INFO     | Starting LF search for route: ATZ-ELQ
2026-01-25 08:00:51 | INFO     | [START] LF Search
[LF][[OK] SUCCESS] Connected to Chrome on 127.0.0.1:9225 (after 1 attempts)
2026-01-25 08:00:52 | INFO     | [HEALTH CHECK] [OK] Chrome connection is healthy
[LF][[OK] SUCCESS] Found Amadeus Altea window: Altéa Reservation Desktop
[LF][[INFO] INFO] URL: https://tc212.resdesktop.altea.amadeus.com/app_ard/apf/init/login?SITE=ESMPESMP&LANGUAGE=GB&MARKETS=ARDW_PROD_WBP&ACTION=clpLogin#
2026-01-25 08:00:52 | INFO     | [DAY_START] Processing 08FEB
[LF] Processing ATZ-ELQ for 08FEB
2026-01-25 08:00:52 | INFO     | [lf.day.start] Processing ATZ-ELQ for 08FEB
[LF] Sending SN command: SN08FEBATZELQ/ASM
[LF] No direct flights on 08FEB for ATZ-ELQ
2026-01-25 08:00:53 | WARNING  | [lf.day.no_flights] No direct flights on 08FEB
2026-01-25 08:00:53 | INFO     | [SUCCESS] Day 08FEB
2026-01-25 08:00:53 | INFO     | [DAY_START] Processing 07FEB
[LF] Processing ATZ-ELQ for 07FEB
2026-01-25 08:00:53 | INFO     | [lf.day.start] Processing ATZ-ELQ for 07FEB
[LF] Sending SN command: SN07FEBATZELQ/ASM
[LF] 07FEB: found 1 direct flights
2026-01-25 08:00:54 | INFO     | [lf.day.flights_found] Found 1 flights on 07FEB
2026-01-25 08:00:57 | INFO     | [lf.flight.extracted] SM435 on 07FEB: BKG=46, LF=25.7%
[LF] SM435 07FEB: BKG=46, GRP=0, CAP=179, LF%=25.7%, Brd-Off=ATZ-ELQ, Classes: I:20, O:15, U:11
[LF] Getting WEEKLY/LASTSOLD data for 1 flights
[LF] SM435 07FEB: LASTSOLD=2026-01-24 00:00:00, WEEKLY=25, TODAY=0, YDAY=9
2026-01-25 08:01:01 | INFO     | [SUCCESS] Day 07FEB
2026-01-25 08:01:01 | INFO     | [DAY_START] Processing 06FEB
[LF] Processing ATZ-ELQ for 06FEB
2026-01-25 08:01:01 | INFO     | [lf.day.start] Processing ATZ-ELQ for 06FEB
[LF] Sending SN command: SN06FEBATZELQ/ASM
[LF] No direct flights on 06FEB for ATZ-ELQ
2026-01-25 08:01:02 | WARNING  | [lf.day.no_flights] No direct flights on 06FEB
2026-01-25 08:01:02 | INFO     | [SUCCESS] Day 06FEB
2026-01-25 08:01:02 | INFO     | [DAY_START] Processing 05FEB
[LF] Processing ATZ-ELQ for 05FEB
2026-01-25 08:01:02 | INFO     | [lf.day.start] Processing ATZ-ELQ for 05FEB
[LF] Sending SN command: SN05FEBATZELQ/ASM
[LF] No direct flights on 05FEB for ATZ-ELQ
2026-01-25 08:01:03 | WARNING  | [lf.day.no_flights] No direct flights on 05FEB
2026-01-25 08:01:03 | INFO     | [SUCCESS] Day 05FEB
2026-01-25 08:01:03 | INFO     | [DAY_START] Processing 04FEB
[LF] Processing ATZ-ELQ for 04FEB
2026-01-25 08:01:03 | INFO     | [lf.day.start] Processing ATZ-ELQ for 04FEB
[LF] Sending SN command: SN04FEBATZELQ/ASM
[LF] No direct flights on 04FEB for ATZ-ELQ
2026-01-25 08:01:04 | WARNING  | [lf.day.no_flights] No direct flights on 04FEB
2026-01-25 08:01:04 | INFO     | [SUCCESS] Day 04FEB
2026-01-25 08:01:04 | INFO     | [DAY_START] Processing 03FEB
[LF] Processing ATZ-ELQ for 03FEB
2026-01-25 08:01:04 | INFO     | [lf.day.start] Processing ATZ-ELQ for 03FEB
[LF] Sending SN command: SN03FEBATZELQ/ASM
[LF] 03FEB: found 1 direct flights
2026-01-25 08:01:05 | INFO     | [lf.day.flights_found] Found 1 flights on 03FEB
2026-01-25 08:01:07 | INFO     | [lf.flight.extracted] SM435 on 03FEB: BKG=42, LF=23.5%
[LF] SM435 03FEB: BKG=42, GRP=0, CAP=179, LF%=23.5%, Brd-Off=ATZ-ELQ, Classes: I:10, O:7, U:19, X:5, T:1
[LF] Getting WEEKLY/LASTSOLD data for 1 flights
[LF] SM435 03FEB: LASTSOLD=2026-01-24 00:00:00, WEEKLY=21, TODAY=0, YDAY=8
2026-01-25 08:01:11 | INFO     | [SUCCESS] Day 03FEB
2026-01-25 08:01:11 | INFO     | [DAY_START] Processing 02FEB
[LF] Processing ATZ-ELQ for 02FEB
2026-01-25 08:01:11 | INFO     | [lf.day.start] Processing ATZ-ELQ for 02FEB
[LF] Sending SN command: SN02FEBATZELQ/ASM
[LF] No direct flights on 02FEB for ATZ-ELQ
2026-01-25 08:01:12 | WARNING  | [lf.day.no_flights] No direct flights on 02FEB
2026-01-25 08:01:12 | INFO     | [SUCCESS] Day 02FEB
2026-01-25 08:01:12 | INFO     | [DAY_START] Processing 01FEB
[LF] Processing ATZ-ELQ for 01FEB
2026-01-25 08:01:12 | INFO     | [lf.day.start] Processing ATZ-ELQ for 01FEB
[LF] Sending SN command: SN01FEBATZELQ/ASM
[LF] No direct flights on 01FEB for ATZ-ELQ
2026-01-25 08:01:13 | WARNING  | [lf.day.no_flights] No direct flights on 01FEB
2026-01-25 08:01:13 | INFO     | [SUCCESS] Day 01FEB
[LF] Results summary:
  2026-02-08: 0 flights
  2026-02-07: 1 flights
  2026-02-06: 0 flights
  2026-02-05: 0 flights
  2026-02-04: 0 flights
  2026-02-03: 1 flights
  2026-02-02: 0 flights
  2026-02-01: 0 flights
2026-01-25 08:01:13 | INFO     | [SUCCESS] LF Search Complete

============================================================
[Worker_9225] ✓ COMPLETED: ATZ-ELQ
  Results: 8 dates
  Errors: 0 dates
  Total Processed: 71 groups
============================================================

2026-01-25 08:01:17 | INFO     | [Worker_9225] Completed: ATZ-ELQ - 8 results, 0 errors

============================================================
[Worker_9225] Processing: MED-ATZ
  Tier 0: Range 1, Chunk 4/4
  Dates: 7 days
  Date Range: 2026-01-31 to 2026-01-25
============================================================

2026-01-25 08:01:17 | INFO     | [Worker_9225] Processing: MED-ATZ
2026-01-25 08:01:17 | INFO     |   Tier 0: Range 1, Chunk 4/4 (7 days)
2026-01-25 08:01:17 | INFO     | ======================================================================
2026-01-25 08:01:17 | INFO     | Load Factor Scraper Started - Route: MED-ATZ
2026-01-25 08:01:17 | INFO     | Log file: D:\CODERED\LAB\Artifacts\outputs\run_generated_250126_at_07.06\logs\LF_MED-ATZ_20260125_080117.log
2026-01-25 08:01:17 | INFO     | Enhanced logging: Capturing both logging.info() and print()
2026-01-25 08:01:17 | INFO     | ======================================================================
[LF] Processing dates (override): ['31JAN', '30JAN', '29JAN', '28JAN', '27JAN', '26JAN', '25JAN']
[LF] Attaching to Chrome for Altea access
2026-01-25 08:01:17 | INFO     | Starting LF search for route: MED-ATZ
2026-01-25 08:01:17 | INFO     | [START] LF Search
[LF][[OK] SUCCESS] Connected to Chrome on 127.0.0.1:9225 (after 1 attempts)
2026-01-25 08:01:18 | INFO     | [HEALTH CHECK] [OK] Chrome connection is healthy
[LF][[OK] SUCCESS] Found Amadeus Altea window: Altéa Reservation Desktop
[LF][[INFO] INFO] URL: https://tc212.resdesktop.altea.amadeus.com/app_ard/apf/init/login?SITE=ESMPESMP&LANGUAGE=GB&MARKETS=ARDW_PROD_WBP&ACTION=clpLogin#
2026-01-25 08:01:18 | INFO     | [DAY_START] Processing 31JAN
[LF] Processing MED-ATZ for 31JAN
2026-01-25 08:01:18 | INFO     | [lf.day.start] Processing MED-ATZ for 31JAN
[LF] Sending SN command: SN31JANMEDATZ/ASM
[LF] 31JAN: found 1 direct flights
2026-01-25 08:01:19 | INFO     | [lf.day.flights_found] Found 1 flights on 31JAN
2026-01-25 08:01:21 | INFO     | [lf.flight.extracted] SM488 on 31JAN: BKG=174, LF=97.8%
[LF] SM488 31JAN: BKG=174, GRP=95, CAP=178, LF%=97.8%, Brd-Off=MED-ATZ, Classes: P:94, E:1, I:30, O:28, U:16, X:1, K:4
[LPC] SM488 31JAN: Found 0 outbound flights with connecting passengers
[LF] Getting WEEKLY/LASTSOLD data for 1 flights
[LF] SM488 31JAN: LASTSOLD=2026-01-15 00:00:00, WEEKLY=0, TODAY=0, YDAY=0
2026-01-25 08:01:29 | INFO     | [SUCCESS] Day 31JAN
2026-01-25 08:01:29 | INFO     | [DAY_START] Processing 30JAN
[LF] Processing MED-ATZ for 30JAN
2026-01-25 08:01:29 | INFO     | [lf.day.start] Processing MED-ATZ for 30JAN
[LF] Sending SN command: SN30JANMEDATZ/ASM
[LF] No direct flights on 30JAN for MED-ATZ
2026-01-25 08:01:30 | WARNING  | [lf.day.no_flights] No direct flights on 30JAN
2026-01-25 08:01:30 | INFO     | [SUCCESS] Day 30JAN
2026-01-25 08:01:30 | INFO     | [DAY_START] Processing 29JAN
[LF] Processing MED-ATZ for 29JAN
2026-01-25 08:01:30 | INFO     | [lf.day.start] Processing MED-ATZ for 29JAN
[LF] Sending SN command: SN29JANMEDATZ/ASM
[LF] No direct flights on 29JAN for MED-ATZ
2026-01-25 08:01:31 | WARNING  | [lf.day.no_flights] No direct flights on 29JAN
2026-01-25 08:01:31 | INFO     | [SUCCESS] Day 29JAN
2026-01-25 08:01:31 | INFO     | [DAY_START] Processing 28JAN
[LF] Processing MED-ATZ for 28JAN
2026-01-25 08:01:31 | INFO     | [lf.day.start] Processing MED-ATZ for 28JAN
[LF] Sending SN command: SN28JANMEDATZ/ASM
[LF] 28JAN: found 1 direct flights
2026-01-25 08:01:32 | INFO     | [lf.day.flights_found] Found 1 flights on 28JAN
2026-01-25 08:01:34 | INFO     | [lf.flight.extracted] SM490 on 28JAN: BKG=123, LF=69.1%
[LF] SM490 28JAN: BKG=123, GRP=0, CAP=178, LF%=69.1%, Brd-Off=MED-ATZ, Classes: I:40, O:40, U:30, X:13
[LF] Getting WEEKLY/LASTSOLD data for 1 flights
[LF] SM490 28JAN: LASTSOLD=2026-01-24 00:00:00, WEEKLY=33, TODAY=0, YDAY=4
2026-01-25 08:01:40 | INFO     | [SUCCESS] Day 28JAN
2026-01-25 08:01:40 | INFO     | [DAY_START] Processing 27JAN
[LF] Processing MED-ATZ for 27JAN
2026-01-25 08:01:40 | INFO     | [lf.day.start] Processing MED-ATZ for 27JAN
[LF] Sending SN command: SN27JANMEDATZ/ASM
[LF] 27JAN: found 1 direct flights
2026-01-25 08:01:41 | INFO     | [lf.day.flights_found] Found 1 flights on 27JAN
2026-01-25 08:01:44 | INFO     | [lf.flight.extracted] SM488 on 27JAN: BKG=93, LF=53.1%
[LF] SM488 27JAN: BKG=93, GRP=0, CAP=175, LF%=53.1%, Brd-Off=MED-ATZ, Classes: I:76, O:15, K:2
[LF] Getting WEEKLY/LASTSOLD data for 1 flights
[LF] SM488 27JAN: LASTSOLD=2026-01-24 00:00:00, WEEKLY=42, TODAY=0, YDAY=5
2026-01-25 08:01:49 | INFO     | [SUCCESS] Day 27JAN
2026-01-25 08:01:49 | INFO     | [DAY_START] Processing 26JAN
[LF] Processing MED-ATZ for 26JAN
2026-01-25 08:01:49 | INFO     | [lf.day.start] Processing MED-ATZ for 26JAN
[LF] Sending SN command: SN26JANMEDATZ/ASM
[LF] 26JAN: found 1 direct flights
2026-01-25 08:01:50 | INFO     | [lf.day.flights_found] Found 1 flights on 26JAN
2026-01-25 08:01:53 | INFO     | [lf.flight.extracted] SM488 on 26JAN: BKG=118, LF=70.7%
[LF] SM488 26JAN: BKG=118, GRP=34, CAP=167, LF%=70.7%, Brd-Off=MED-ATZ, Classes: P:34, I:54, O:28, U:2
[LF] Getting WEEKLY/LASTSOLD data for 1 flights
[LF] SM488 26JAN: LASTSOLD=2026-01-24 00:00:00, WEEKLY=30, TODAY=0, YDAY=8
2026-01-25 08:01:59 | INFO     | [SUCCESS] Day 26JAN
[LF] Skipping 25JAN (Today) - will be processed by supplement scan
[LF] Results summary:
  2026-01-31: 1 flights
  2026-01-30: 0 flights
  2026-01-29: 0 flights
  2026-01-28: 1 flights
  2026-01-27: 1 flights
  2026-01-26: 1 flights
2026-01-25 08:01:59 | INFO     | [SUCCESS] LF Search Complete

============================================================
[Worker_9225] ✓ COMPLETED: MED-ATZ
  Results: 6 dates
  Errors: 0 dates
  Total Processed: 72 groups
============================================================

2026-01-25 08:01:59 | INFO     | [Worker_9225] Completed: MED-ATZ - 6 results, 0 errors

============================================================
[Worker_9225] Processing: RUH-ATZ
  Tier 0: Range 1, Chunk 4/4
  Dates: 7 days
  Date Range: 2026-01-31 to 2026-01-25
============================================================

2026-01-25 08:01:59 | INFO     | [Worker_9225] Processing: RUH-ATZ
2026-01-25 08:01:59 | INFO     |   Tier 0: Range 1, Chunk 4/4 (7 days)
2026-01-25 08:01:59 | INFO     | ======================================================================
2026-01-25 08:01:59 | INFO     | Load Factor Scraper Started - Route: RUH-ATZ
2026-01-25 08:01:59 | INFO     | Log file: D:\CODERED\LAB\Artifacts\outputs\run_generated_250126_at_07.06\logs\LF_RUH-ATZ_20260125_080159.log
2026-01-25 08:01:59 | INFO     | Enhanced logging: Capturing both logging.info() and print()
2026-01-25 08:01:59 | INFO     | ======================================================================
[LF] Processing dates (override): ['31JAN', '30JAN', '29JAN', '28JAN', '27JAN', '26JAN', '25JAN']
[LF] Attaching to Chrome for Altea access
2026-01-25 08:01:59 | INFO     | Starting LF search for route: RUH-ATZ
2026-01-25 08:01:59 | INFO     | [START] LF Search
[LF][[OK] SUCCESS] Connected to Chrome on 127.0.0.1:9225 (after 1 attempts)
2026-01-25 08:01:59 | INFO     | [HEALTH CHECK] [OK] Chrome connection is healthy
[LF][[OK] SUCCESS] Found Amadeus Altea window: Altéa Reservation Desktop
[LF][[INFO] INFO] URL: https://tc212.resdesktop.altea.amadeus.com/app_ard/apf/init/login?SITE=ESMPESMP&LANGUAGE=GB&MARKETS=ARDW_PROD_WBP&ACTION=clpLogin#
2026-01-25 08:01:59 | INFO     | [DAY_START] Processing 31JAN
[LF] Processing RUH-ATZ for 31JAN
2026-01-25 08:01:59 | INFO     | [lf.day.start] Processing RUH-ATZ for 31JAN
[LF] Sending SN command: SN31JANRUHATZ/ASM
[LF] No direct flights on 31JAN for RUH-ATZ
2026-01-25 08:02:01 | WARNING  | [lf.day.no_flights] No direct flights on 31JAN
2026-01-25 08:02:01 | INFO     | [SUCCESS] Day 31JAN
2026-01-25 08:02:01 | INFO     | [DAY_START] Processing 30JAN
[LF] Processing RUH-ATZ for 30JAN
2026-01-25 08:02:01 | INFO     | [lf.day.start] Processing RUH-ATZ for 30JAN
[LF] Sending SN command: SN30JANRUHATZ/ASM
[LF] No direct flights on 30JAN for RUH-ATZ
2026-01-25 08:02:02 | WARNING  | [lf.day.no_flights] No direct flights on 30JAN
2026-01-25 08:02:02 | INFO     | [SUCCESS] Day 30JAN
2026-01-25 08:02:02 | INFO     | [DAY_START] Processing 29JAN
[LF] Processing RUH-ATZ for 29JAN
2026-01-25 08:02:02 | INFO     | [lf.day.start] Processing RUH-ATZ for 29JAN
[LF] Sending SN command: SN29JANRUHATZ/ASM
[LF] No direct flights on 29JAN for RUH-ATZ
2026-01-25 08:02:03 | WARNING  | [lf.day.no_flights] No direct flights on 29JAN
2026-01-25 08:02:03 | INFO     | [SUCCESS] Day 29JAN
2026-01-25 08:02:03 | INFO     | [DAY_START] Processing 28JAN
[LF] Processing RUH-ATZ for 28JAN
2026-01-25 08:02:03 | INFO     | [lf.day.start] Processing RUH-ATZ for 28JAN
[LF] Sending SN command: SN28JANRUHATZ/ASM
[LF] 28JAN: found 1 direct flights
2026-01-25 08:02:04 | INFO     | [lf.day.flights_found] Found 1 flights on 28JAN
2026-01-25 08:02:06 | INFO     | [lf.flight.extracted] SM466 on 28JAN: BKG=123, LF=70.3%
[LF] SM466 28JAN: BKG=123, GRP=0, CAP=175, LF%=70.3%, Brd-Off=RUH-ATZ, Classes: O:28, U:38, X:20, T:19, W:17, S:1
[LF] Getting WEEKLY/LASTSOLD data for 1 flights
[LF] SM466 28JAN: LASTSOLD=2026-01-24 00:00:00, WEEKLY=35, TODAY=0, YDAY=3
2026-01-25 08:02:12 | INFO     | [SUCCESS] Day 28JAN
2026-01-25 08:02:12 | INFO     | [DAY_START] Processing 27JAN
[LF] Processing RUH-ATZ for 27JAN
2026-01-25 08:02:12 | INFO     | [lf.day.start] Processing RUH-ATZ for 27JAN
[LF] Sending SN command: SN27JANRUHATZ/ASM
[LF] 27JAN: found 1 direct flights
2026-01-25 08:02:13 | INFO     | [lf.day.flights_found] Found 1 flights on 27JAN
2026-01-25 08:02:15 | INFO     | [lf.flight.extracted] SM464 on 27JAN: BKG=147, LF=82.6%
[LF] SM464 27JAN: BKG=147, GRP=0, CAP=178, LF%=82.6%, Brd-Off=RUH-ATZ, Classes: I:10, O:24, U:55, X:22, T:31, W:4, K:1
[LF] Getting WEEKLY/LASTSOLD data for 1 flights
[LF] SM464 27JAN: LASTSOLD=2026-01-25 00:00:00, WEEKLY=40, TODAY=2, YDAY=8
2026-01-25 08:02:21 | INFO     | [SUCCESS] Day 27JAN
2026-01-25 08:02:21 | INFO     | [DAY_START] Processing 26JAN
[LF] Processing RUH-ATZ for 26JAN
2026-01-25 08:02:21 | INFO     | [lf.day.start] Processing RUH-ATZ for 26JAN
[LF] Sending SN command: SN26JANRUHATZ/ASM
[LF] No direct flights on 26JAN for RUH-ATZ
2026-01-25 08:02:22 | WARNING  | [lf.day.no_flights] No direct flights on 26JAN
2026-01-25 08:02:22 | INFO     | [SUCCESS] Day 26JAN
[LF] Skipping 25JAN (Today) - will be processed by supplement scan
[LF] Results summary:
  2026-01-31: 0 flights
  2026-01-30: 0 flights
  2026-01-29: 0 flights
  2026-01-28: 1 flights
  2026-01-27: 1 flights
  2026-01-26: 0 flights
2026-01-25 08:02:22 | INFO     | [SUCCESS] LF Search Complete

============================================================
[Worker_9225] ✓ COMPLETED: RUH-ATZ
  Results: 6 dates
  Errors: 0 dates
  Total Processed: 73 groups
============================================================

2026-01-25 08:02:22 | INFO     | [Worker_9225] Completed: RUH-ATZ - 6 results, 0 errors

============================================================
[Worker_9225] Processing: DMM-ATZ
  Tier 0: Range 1, Chunk 4/4
  Dates: 7 days
  Date Range: 2026-01-31 to 2026-01-25
============================================================

2026-01-25 08:02:22 | INFO     | [Worker_9225] Processing: DMM-ATZ
2026-01-25 08:02:22 | INFO     |   Tier 0: Range 1, Chunk 4/4 (7 days)
2026-01-25 08:02:22 | INFO     | ======================================================================
2026-01-25 08:02:22 | INFO     | Load Factor Scraper Started - Route: DMM-ATZ
2026-01-25 08:02:22 | INFO     | Log file: D:\CODERED\LAB\Artifacts\outputs\run_generated_250126_at_07.06\logs\LF_DMM-ATZ_20260125_080222.log
2026-01-25 08:02:22 | INFO     | Enhanced logging: Capturing both logging.info() and print()
2026-01-25 08:02:22 | INFO     | ======================================================================
[LF] Processing dates (override): ['31JAN', '30JAN', '29JAN', '28JAN', '27JAN', '26JAN', '25JAN']
[LF] Attaching to Chrome for Altea access
2026-01-25 08:02:22 | INFO     | Starting LF search for route: DMM-ATZ
2026-01-25 08:02:22 | INFO     | [START] LF Search
[LF][[OK] SUCCESS] Connected to Chrome on 127.0.0.1:9225 (after 1 attempts)
2026-01-25 08:02:23 | INFO     | [HEALTH CHECK] [OK] Chrome connection is healthy
[LF][[OK] SUCCESS] Found Amadeus Altea window: Altéa Reservation Desktop
[LF][[INFO] INFO] URL: https://tc212.resdesktop.altea.amadeus.com/app_ard/apf/init/login?SITE=ESMPESMP&LANGUAGE=GB&MARKETS=ARDW_PROD_WBP&ACTION=clpLogin#
2026-01-25 08:02:23 | INFO     | [DAY_START] Processing 31JAN
[LF] Processing DMM-ATZ for 31JAN
2026-01-25 08:02:23 | INFO     | [lf.day.start] Processing DMM-ATZ for 31JAN
[LF] Sending SN command: SN31JANDMMATZ/ASM
[LF] No direct flights on 31JAN for DMM-ATZ
2026-01-25 08:02:24 | WARNING  | [lf.day.no_flights] No direct flights on 31JAN
2026-01-25 08:02:24 | INFO     | [SUCCESS] Day 31JAN
2026-01-25 08:02:24 | INFO     | [DAY_START] Processing 30JAN
[LF] Processing DMM-ATZ for 30JAN
2026-01-25 08:02:24 | INFO     | [lf.day.start] Processing DMM-ATZ for 30JAN
[LF] Sending SN command: SN30JANDMMATZ/ASM
[LF] 30JAN: found 1 direct flights
2026-01-25 08:02:25 | INFO     | [lf.day.flights_found] Found 1 flights on 30JAN
2026-01-25 08:02:27 | INFO     | [lf.flight.extracted] SM438 on 30JAN: BKG=138, LF=78.9%
[LF] SM438 30JAN: BKG=138, GRP=0, CAP=175, LF%=78.9%, Brd-Off=DMM-ATZ, Classes: I:4, O:9, U:9, X:9, T:64, W:32, S:10, G:1
[LPC] SM438 30JAN: Found 0 outbound flights with connecting passengers
[LF] Getting WEEKLY/LASTSOLD data for 1 flights
[LF] SM438 30JAN: LASTSOLD=2026-01-15 00:00:00, WEEKLY=0, TODAY=0, YDAY=0
2026-01-25 08:02:30 | INFO     | [SUCCESS] Day 30JAN
2026-01-25 08:02:30 | INFO     | [DAY_START] Processing 29JAN
[LF] Processing DMM-ATZ for 29JAN
2026-01-25 08:02:30 | INFO     | [lf.day.start] Processing DMM-ATZ for 29JAN
[LF] Sending SN command: SN29JANDMMATZ/ASM
[LF] No direct flights on 29JAN for DMM-ATZ
2026-01-25 08:02:32 | WARNING  | [lf.day.no_flights] No direct flights on 29JAN
2026-01-25 08:02:32 | INFO     | [SUCCESS] Day 29JAN
2026-01-25 08:02:32 | INFO     | [DAY_START] Processing 28JAN
[LF] Processing DMM-ATZ for 28JAN
2026-01-25 08:02:32 | INFO     | [lf.day.start] Processing DMM-ATZ for 28JAN
[LF] Sending SN command: SN28JANDMMATZ/ASM
[LF] No direct flights on 28JAN for DMM-ATZ
2026-01-25 08:02:33 | WARNING  | [lf.day.no_flights] No direct flights on 28JAN
2026-01-25 08:02:33 | INFO     | [SUCCESS] Day 28JAN
2026-01-25 08:02:33 | INFO     | [DAY_START] Processing 27JAN
[LF] Processing DMM-ATZ for 27JAN
2026-01-25 08:02:33 | INFO     | [lf.day.start] Processing DMM-ATZ for 27JAN
[LF] Sending SN command: SN27JANDMMATZ/ASM
[LF] No direct flights on 27JAN for DMM-ATZ
2026-01-25 08:02:34 | WARNING  | [lf.day.no_flights] No direct flights on 27JAN
2026-01-25 08:02:34 | INFO     | [SUCCESS] Day 27JAN
2026-01-25 08:02:34 | INFO     | [DAY_START] Processing 26JAN
[LF] Processing DMM-ATZ for 26JAN
2026-01-25 08:02:34 | INFO     | [lf.day.start] Processing DMM-ATZ for 26JAN
[LF] Sending SN command: SN26JANDMMATZ/ASM
[LF] 26JAN: found 1 direct flights
2026-01-25 08:02:35 | INFO     | [lf.day.flights_found] Found 1 flights on 26JAN
2026-01-25 08:02:37 | INFO     | [lf.flight.extracted] SM438 on 26JAN: BKG=126, LF=72.0%
[LF] SM438 26JAN: BKG=126, GRP=0, CAP=175, LF%=72.0%, Brd-Off=DMM-ATZ, Classes: I:9, O:9, U:9, X:36, T:27, W:18, S:17, G:1
[LF] Getting WEEKLY/LASTSOLD data for 1 flights
[LF] SM438 26JAN: LASTSOLD=2026-01-24 00:00:00, WEEKLY=43, TODAY=0, YDAY=8
2026-01-25 08:02:43 | INFO     | [SUCCESS] Day 26JAN
[LF] Skipping 25JAN (Today) - will be processed by supplement scan
[LF] Results summary:
  2026-01-31: 0 flights
  2026-01-30: 1 flights
  2026-01-29: 0 flights
  2026-01-28: 0 flights
  2026-01-27: 0 flights
  2026-01-26: 1 flights
2026-01-25 08:02:43 | INFO     | [SUCCESS] LF Search Complete

============================================================
[Worker_9225] ✓ COMPLETED: DMM-ATZ
  Results: 6 dates
  Errors: 0 dates
  Total Processed: 74 groups
============================================================

2026-01-25 08:02:43 | INFO     | [Worker_9225] Completed: DMM-ATZ - 6 results, 0 errors

============================================================
[Worker_9225] Processing: TUU-ATZ
  Tier 0: Range 1, Chunk 4/4
  Dates: 7 days
  Date Range: 2026-01-31 to 2026-01-25
============================================================

2026-01-25 08:02:43 | INFO     | [Worker_9225] Processing: TUU-ATZ
2026-01-25 08:02:43 | INFO     |   Tier 0: Range 1, Chunk 4/4 (7 days)
2026-01-25 08:02:43 | INFO     | ======================================================================
2026-01-25 08:02:43 | INFO     | Load Factor Scraper Started - Route: TUU-ATZ
2026-01-25 08:02:43 | INFO     | Log file: D:\CODERED\LAB\Artifacts\outputs\run_generated_250126_at_07.06\logs\LF_TUU-ATZ_20260125_080243.log
2026-01-25 08:02:43 | INFO     | Enhanced logging: Capturing both logging.info() and print()
2026-01-25 08:02:43 | INFO     | ======================================================================
[LF] Processing dates (override): ['31JAN', '30JAN', '29JAN', '28JAN', '27JAN', '26JAN', '25JAN']
[LF] Attaching to Chrome for Altea access
2026-01-25 08:02:43 | INFO     | Starting LF search for route: TUU-ATZ
2026-01-25 08:02:43 | INFO     | [START] LF Search
[LF][[OK] SUCCESS] Connected to Chrome on 127.0.0.1:9225 (after 1 attempts)
2026-01-25 08:02:43 | INFO     | [HEALTH CHECK] [OK] Chrome connection is healthy
[LF][[OK] SUCCESS] Found Amadeus Altea window: Altéa Reservation Desktop
[LF][[INFO] INFO] URL: https://tc212.resdesktop.altea.amadeus.com/app_ard/apf/init/login?SITE=ESMPESMP&LANGUAGE=GB&MARKETS=ARDW_PROD_WBP&ACTION=clpLogin#
2026-01-25 08:02:43 | INFO     | [DAY_START] Processing 31JAN
[LF] Processing TUU-ATZ for 31JAN
2026-01-25 08:02:43 | INFO     | [lf.day.start] Processing TUU-ATZ for 31JAN
[LF] Sending SN command: SN31JANTUUATZ/ASM
[LF] No direct flights on 31JAN for TUU-ATZ
2026-01-25 08:02:44 | WARNING  | [lf.day.no_flights] No direct flights on 31JAN
2026-01-25 08:02:44 | INFO     | [SUCCESS] Day 31JAN
2026-01-25 08:02:44 | INFO     | [DAY_START] Processing 30JAN
[LF] Processing TUU-ATZ for 30JAN
2026-01-25 08:02:44 | INFO     | [lf.day.start] Processing TUU-ATZ for 30JAN
[LF] Sending SN command: SN30JANTUUATZ/ASM
[LF] 30JAN: found 1 direct flights
2026-01-25 08:02:45 | INFO     | [lf.day.flights_found] Found 1 flights on 30JAN
2026-01-25 08:02:47 | INFO     | [lf.flight.extracted] SM328 on 30JAN: BKG=134, LF=76.6%
[LF] SM328 30JAN: BKG=134, GRP=0, CAP=175, LF%=76.6%, Brd-Off=TUU-ATZ, Classes: I:20, O:20, U:74, X:20
[LF] Getting WEEKLY/LASTSOLD data for 1 flights
[LF] SM328 30JAN: LASTSOLD=2026-01-24 00:00:00, WEEKLY=31, TODAY=0, YDAY=11
2026-01-25 08:02:53 | INFO     | [SUCCESS] Day 30JAN
2026-01-25 08:02:53 | INFO     | [DAY_START] Processing 29JAN
[LF] Processing TUU-ATZ for 29JAN
2026-01-25 08:02:53 | INFO     | [lf.day.start] Processing TUU-ATZ for 29JAN
[LF] Sending SN command: SN29JANTUUATZ/ASM
[LF] No direct flights on 29JAN for TUU-ATZ
2026-01-25 08:02:54 | WARNING  | [lf.day.no_flights] No direct flights on 29JAN
2026-01-25 08:02:54 | INFO     | [SUCCESS] Day 29JAN
2026-01-25 08:02:54 | INFO     | [DAY_START] Processing 28JAN
[LF] Processing TUU-ATZ for 28JAN
2026-01-25 08:02:54 | INFO     | [lf.day.start] Processing TUU-ATZ for 28JAN
[LF] Sending SN command: SN28JANTUUATZ/ASM
[LF] No direct flights on 28JAN for TUU-ATZ
2026-01-25 08:02:55 | WARNING  | [lf.day.no_flights] No direct flights on 28JAN
2026-01-25 08:02:55 | INFO     | [SUCCESS] Day 28JAN
2026-01-25 08:02:55 | INFO     | [DAY_START] Processing 27JAN
[LF] Processing TUU-ATZ for 27JAN
2026-01-25 08:02:55 | INFO     | [lf.day.start] Processing TUU-ATZ for 27JAN
[LF] Sending SN command: SN27JANTUUATZ/ASM
[LF] No direct flights on 27JAN for TUU-ATZ
2026-01-25 08:02:56 | WARNING  | [lf.day.no_flights] No direct flights on 27JAN
2026-01-25 08:02:56 | INFO     | [SUCCESS] Day 27JAN
2026-01-25 08:02:56 | INFO     | [DAY_START] Processing 26JAN
[LF] Processing TUU-ATZ for 26JAN
2026-01-25 08:02:56 | INFO     | [lf.day.start] Processing TUU-ATZ for 26JAN
[LF] Sending SN command: SN26JANTUUATZ/ASM
[LF] No direct flights on 26JAN for TUU-ATZ
2026-01-25 08:02:57 | WARNING  | [lf.day.no_flights] No direct flights on 26JAN
2026-01-25 08:02:57 | INFO     | [SUCCESS] Day 26JAN
[LF] Skipping 25JAN (Today) - will be processed by supplement scan
[LF] Results summary:
  2026-01-31: 0 flights
  2026-01-30: 1 flights
  2026-01-29: 0 flights
  2026-01-28: 0 flights
  2026-01-27: 0 flights
  2026-01-26: 0 flights
2026-01-25 08:02:57 | INFO     | [SUCCESS] LF Search Complete

============================================================
[Worker_9225] ✓ COMPLETED: TUU-ATZ
  Results: 6 dates
  Errors: 0 dates
  Total Processed: 75 groups
============================================================

2026-01-25 08:02:57 | INFO     | [Worker_9225] Completed: TUU-ATZ - 6 results, 0 errors

============================================================
[Worker_9225] Processing: YNB-CAI
  Tier 0: Range 1, Chunk 4/4
  Dates: 7 days
  Date Range: 2026-01-31 to 2026-01-25
============================================================

2026-01-25 08:02:57 | INFO     | [Worker_9225] Processing: YNB-CAI
2026-01-25 08:02:57 | INFO     |   Tier 0: Range 1, Chunk 4/4 (7 days)
2026-01-25 08:02:57 | INFO     | ======================================================================
2026-01-25 08:02:57 | INFO     | Load Factor Scraper Started - Route: YNB-CAI
2026-01-25 08:02:57 | INFO     | Log file: D:\CODERED\LAB\Artifacts\outputs\run_generated_250126_at_07.06\logs\LF_YNB-CAI_20260125_080257.log
2026-01-25 08:02:57 | INFO     | Enhanced logging: Capturing both logging.info() and print()
2026-01-25 08:02:57 | INFO     | ======================================================================
[LF] Processing dates (override): ['31JAN', '30JAN', '29JAN', '28JAN', '27JAN', '26JAN', '25JAN']
[LF] Attaching to Chrome for Altea access
2026-01-25 08:02:57 | INFO     | Starting LF search for route: YNB-CAI
2026-01-25 08:02:57 | INFO     | [START] LF Search
[LF][[OK] SUCCESS] Connected to Chrome on 127.0.0.1:9225 (after 1 attempts)
2026-01-25 08:02:58 | INFO     | [HEALTH CHECK] [OK] Chrome connection is healthy
[LF][[OK] SUCCESS] Found Amadeus Altea window: Altéa Reservation Desktop
[LF][[INFO] INFO] URL: https://tc212.resdesktop.altea.amadeus.com/app_ard/apf/init/login?SITE=ESMPESMP&LANGUAGE=GB&MARKETS=ARDW_PROD_WBP&ACTION=clpLogin#
2026-01-25 08:02:58 | INFO     | [DAY_START] Processing 31JAN
[LF] Processing YNB-CAI for 31JAN
2026-01-25 08:02:58 | INFO     | [lf.day.start] Processing YNB-CAI for 31JAN
[LF] Sending SN command: SN31JANYNBCAI/ASM
[LF] 31JAN: found 1 direct flights
2026-01-25 08:02:59 | INFO     | [lf.day.flights_found] Found 1 flights on 31JAN
2026-01-25 08:03:01 | INFO     | [lf.flight.extracted] SM442 on 31JAN: BKG=159, LF=90.9%
[LF] SM442 31JAN: BKG=159, GRP=85, CAP=175, LF%=90.9%, Brd-Off=YNB-CAI, Classes: P:85, I:16, O:29, U:20, X:7, S:1, K:1
[LPC] SM442 31JAN: Found 1 outbound flights with connecting passengers
[LF] Getting WEEKLY/LASTSOLD data for 1 flights
[LF] SM442 31JAN: LASTSOLD=2026-01-23 00:00:00, WEEKLY=1, TODAY=0, YDAY=0
2026-01-25 08:03:05 | INFO     | [SUCCESS] Day 31JAN
2026-01-25 08:03:05 | INFO     | [DAY_START] Processing 30JAN
[LF] Processing YNB-CAI for 30JAN
2026-01-25 08:03:05 | INFO     | [lf.day.start] Processing YNB-CAI for 30JAN
[LF] Sending SN command: SN30JANYNBCAI/ASM
[LF] 30JAN: found 1 direct flights
2026-01-25 08:03:06 | INFO     | [lf.day.flights_found] Found 1 flights on 30JAN
2026-01-25 08:03:08 | INFO     | [lf.flight.extracted] SM442 on 30JAN: BKG=87, LF=49.7%
[LF] SM442 30JAN: BKG=87, GRP=0, CAP=175, LF%=49.7%, Brd-Off=YNB-CAI, Classes: I:17, O:17, U:20, X:25, T:7, K:1
[LF] Getting WEEKLY/LASTSOLD data for 1 flights
[LF] SM442 30JAN: LASTSOLD=2026-01-24 00:00:00, WEEKLY=17, TODAY=0, YDAY=3
2026-01-25 08:03:13 | INFO     | [SUCCESS] Day 30JAN
2026-01-25 08:03:13 | INFO     | [DAY_START] Processing 29JAN
[LF] Processing YNB-CAI for 29JAN
2026-01-25 08:03:13 | INFO     | [lf.day.start] Processing YNB-CAI for 29JAN
[LF] Sending SN command: SN29JANYNBCAI/ASM
[LF] 29JAN: found 1 direct flights
2026-01-25 08:03:14 | INFO     | [lf.day.flights_found] Found 1 flights on 29JAN
2026-01-25 08:03:16 | INFO     | [lf.flight.extracted] SM442 on 29JAN: BKG=176, LF=98.9%
[LF] SM442 29JAN: BKG=176, GRP=135, CAP=178, LF%=98.9%, Brd-Off=YNB-CAI, Classes: P:135, I:15, O:14, W:12
[LF] Getting WEEKLY/LASTSOLD data for 1 flights
[LF] SM442 29JAN: LASTSOLD=2026-01-22 00:00:00, WEEKLY=11, TODAY=0, YDAY=0
2026-01-25 08:03:21 | INFO     | [SUCCESS] Day 29JAN
2026-01-25 08:03:21 | INFO     | [DAY_START] Processing 28JAN
[LF] Processing YNB-CAI for 28JAN
2026-01-25 08:03:21 | INFO     | [lf.day.start] Processing YNB-CAI for 28JAN
[LF] Sending SN command: SN28JANYNBCAI/ASM
[LF] 28JAN: found 1 direct flights
2026-01-25 08:03:22 | INFO     | [lf.day.flights_found] Found 1 flights on 28JAN
2026-01-25 08:03:24 | INFO     | [lf.flight.extracted] SM442 on 28JAN: BKG=175, LF=98.3%
[LF] SM442 28JAN: BKG=175, GRP=143, CAP=178, LF%=98.3%, Brd-Off=YNB-CAI, Classes: P:98, E:45, I:17, O:11, W:2, G:2
[LF] Getting WEEKLY/LASTSOLD data for 1 flights
[LF] SM442 28JAN: LASTSOLD=2026-01-22 00:00:00, WEEKLY=1, TODAY=0, YDAY=0
2026-01-25 08:03:29 | INFO     | [SUCCESS] Day 28JAN
2026-01-25 08:03:29 | INFO     | [DAY_START] Processing 27JAN
[LF] Processing YNB-CAI for 27JAN
2026-01-25 08:03:29 | INFO     | [lf.day.start] Processing YNB-CAI for 27JAN
[LF] Sending SN command: SN27JANYNBCAI/ASM
[LF] 27JAN: found 1 direct flights
2026-01-25 08:03:30 | INFO     | [lf.day.flights_found] Found 1 flights on 27JAN
2026-01-25 08:03:32 | INFO     | [lf.flight.extracted] SM442 on 27JAN: BKG=177, LF=99.4%
[LF] SM442 27JAN: BKG=177, GRP=157, CAP=178, LF%=99.4%, Brd-Off=YNB-CAI, Classes: P:108, E:49, I:7, W:13
[LF] Getting WEEKLY/LASTSOLD data for 1 flights
[LF] SM442 27JAN: LASTSOLD=2026-01-24 00:00:00, WEEKLY=13, TODAY=0, YDAY=2
2026-01-25 08:03:37 | INFO     | [SUCCESS] Day 27JAN
2026-01-25 08:03:37 | INFO     | [DAY_START] Processing 26JAN
[LF] Processing YNB-CAI for 26JAN
2026-01-25 08:03:37 | INFO     | [lf.day.start] Processing YNB-CAI for 26JAN
[LF] Sending SN command: SN26JANYNBCAI/ASM
[LF] 26JAN: found 1 direct flights
2026-01-25 08:03:38 | INFO     | [lf.day.flights_found] Found 1 flights on 26JAN
2026-01-25 08:03:40 | INFO     | [lf.flight.extracted] SM442 on 26JAN: BKG=171, LF=97.7%
[LF] SM442 26JAN: BKG=171, GRP=83, CAP=175, LF%=97.7%, Brd-Off=YNB-CAI, Classes: P:83, I:17, O:25, U:17, X:17, T:11, W:1
[LF] Getting WEEKLY/LASTSOLD data for 1 flights
[LF] SM442 26JAN: LASTSOLD=2026-01-24 00:00:00, WEEKLY=45, TODAY=0, YDAY=9
2026-01-25 08:03:46 | INFO     | [SUCCESS] Day 26JAN
[LF] Skipping 25JAN (Today) - will be processed by supplement scan
[LF] Results summary:
  2026-01-31: 1 flights
  2026-01-30: 1 flights
  2026-01-29: 1 flights
  2026-01-28: 1 flights
  2026-01-27: 1 flights
  2026-01-26: 1 flights
2026-01-25 08:03:46 | INFO     | [SUCCESS] LF Search Complete

============================================================
[Worker_9225] ✓ COMPLETED: YNB-CAI
  Results: 6 dates
  Errors: 0 dates
  Total Processed: 76 groups
============================================================

2026-01-25 08:03:46 | INFO     | [Worker_9225] Completed: YNB-CAI - 6 results, 0 errors

============================================================
[Worker_9225] Processing: HBE-JED
  Tier 0: Range 1, Chunk 4/4
  Dates: 7 days
  Date Range: 2026-01-31 to 2026-01-25
============================================================

2026-01-25 08:03:46 | INFO     | [Worker_9225] Processing: HBE-JED
2026-01-25 08:03:46 | INFO     |   Tier 0: Range 1, Chunk 4/4 (7 days)
2026-01-25 08:03:46 | INFO     | ======================================================================
2026-01-25 08:03:46 | INFO     | Load Factor Scraper Started - Route: HBE-JED
2026-01-25 08:03:46 | INFO     | Log file: D:\CODERED\LAB\Artifacts\outputs\run_generated_250126_at_07.06\logs\LF_HBE-JED_20260125_080346.log
2026-01-25 08:03:46 | INFO     | Enhanced logging: Capturing both logging.info() and print()
2026-01-25 08:03:46 | INFO     | ======================================================================
[LF] Processing dates (override): ['31JAN', '30JAN', '29JAN', '28JAN', '27JAN', '26JAN', '25JAN']
[LF] Attaching to Chrome for Altea access
2026-01-25 08:03:46 | INFO     | Starting LF search for route: HBE-JED
2026-01-25 08:03:46 | INFO     | [START] LF Search
[LF][[OK] SUCCESS] Connected to Chrome on 127.0.0.1:9225 (after 1 attempts)
2026-01-25 08:03:46 | INFO     | [HEALTH CHECK] [OK] Chrome connection is healthy
[LF][[OK] SUCCESS] Found Amadeus Altea window: Altéa Reservation Desktop
[LF][[INFO] INFO] URL: https://tc212.resdesktop.altea.amadeus.com/app_ard/apf/init/login?SITE=ESMPESMP&LANGUAGE=GB&MARKETS=ARDW_PROD_WBP&ACTION=clpLogin#
2026-01-25 08:03:47 | INFO     | [DAY_START] Processing 31JAN
[LF] Processing HBE-JED for 31JAN
2026-01-25 08:03:47 | INFO     | [lf.day.start] Processing HBE-JED for 31JAN
[LF] Sending SN command: SN31JANHBEJED/ASM
[LF] 31JAN: found 2 direct flights
2026-01-25 08:03:48 | INFO     | [lf.day.flights_found] Found 2 flights on 31JAN
2026-01-25 08:03:50 | INFO     | [lf.flight.extracted] SM457 on 31JAN: BKG=146, LF=81.6%
[LF] SM457 31JAN: BKG=146, GRP=88, CAP=179, LF%=81.6%, Brd-Off=HBE-JED, Classes: P:88, X:10, T:9, W:25, S:13, K:1
2026-01-25 08:03:53 | INFO     | [lf.flight.extracted] SM451 on 31JAN: BKG=137, LF=76.5%
[LF] SM451 31JAN: BKG=137, GRP=91, CAP=179, LF%=76.5%, Brd-Off=HBE-JED, Classes: P:91, X:5, T:4, W:10, S:16, G:3, K:6, Q:2
[LF] Getting WEEKLY/LASTSOLD data for 2 flights
[LF] SM457 31JAN: LASTSOLD=2026-01-24 00:00:00, WEEKLY=12, TODAY=0, YDAY=2
[LF] SM451 31JAN: LASTSOLD=2026-01-24 00:00:00, WEEKLY=13, TODAY=0, YDAY=4
2026-01-25 08:04:00 | INFO     | [SUCCESS] Day 31JAN
2026-01-25 08:04:00 | INFO     | [DAY_START] Processing 30JAN
[LF] Processing HBE-JED for 30JAN
2026-01-25 08:04:00 | INFO     | [lf.day.start] Processing HBE-JED for 30JAN
[LF] Sending SN command: SN30JANHBEJED/ASM
[LF] 30JAN: found 1 direct flights
2026-01-25 08:04:02 | INFO     | [lf.day.flights_found] Found 1 flights on 30JAN
2026-01-25 08:04:03 | INFO     | [lf.flight.extracted] SM451 on 30JAN: BKG=179, LF=100.0%
[LF] SM451 30JAN: BKG=179, GRP=130, CAP=179, LF%=100.0%, Brd-Off=HBE-JED, Classes: P:130, W:10, S:30, G:2, K:7
[LF] Getting WEEKLY/LASTSOLD data for 1 flights
[LF] SM451 30JAN: LASTSOLD=2026-01-18 00:00:00, WEEKLY=2, TODAY=0, YDAY=0
2026-01-25 08:04:08 | INFO     | [SUCCESS] Day 30JAN
2026-01-25 08:04:08 | INFO     | [DAY_START] Processing 29JAN
[LF] Processing HBE-JED for 29JAN
2026-01-25 08:04:08 | INFO     | [lf.day.start] Processing HBE-JED for 29JAN
[LF] Sending SN command: SN29JANHBEJED/ASM
[LF] 29JAN: found 1 direct flights
2026-01-25 08:04:10 | INFO     | [lf.day.flights_found] Found 1 flights on 29JAN
2026-01-25 08:04:12 | INFO     | [lf.flight.extracted] SM451 on 29JAN: BKG=179, LF=100.0%
[LF] SM451 29JAN: BKG=179, GRP=135, CAP=179, LF%=100.0%, Brd-Off=HBE-JED, Classes: P:135, X:10, T:9, W:14, S:3, K:8
[LF] Getting WEEKLY/LASTSOLD data for 1 flights
[LF] SM451 29JAN: LASTSOLD=2026-01-25 00:00:00, WEEKLY=4, TODAY=1, YDAY=0
2026-01-25 08:04:17 | INFO     | [SUCCESS] Day 29JAN
2026-01-25 08:04:17 | INFO     | [DAY_START] Processing 28JAN
[LF] Processing HBE-JED for 28JAN
2026-01-25 08:04:17 | INFO     | [lf.day.start] Processing HBE-JED for 28JAN
[LF] Sending SN command: SN28JANHBEJED/ASM
[LF] 28JAN: found 3 direct flights
2026-01-25 08:04:18 | INFO     | [lf.day.flights_found] Found 3 flights on 28JAN
2026-01-25 08:04:20 | INFO     | [lf.flight.extracted] SM451 on 28JAN: BKG=174, LF=97.2%
[LF] SM451 28JAN: BKG=174, GRP=90, CAP=179, LF%=97.2%, Brd-Off=HBE-JED, Classes: P:90, X:18, T:20, W:26, S:8, G:8, L:3, K:1
[LPC] SM451 28JAN: Found 0 outbound flights with connecting passengers
2026-01-25 08:04:24 | INFO     | [lf.flight.extracted] SM457 on 28JAN: BKG=165, LF=92.2%
[LF] SM457 28JAN: BKG=165, GRP=75, CAP=179, LF%=92.2%, Brd-Off=HBE-JED, Classes: P:75, X:12, T:10, W:10, S:10, G:19, L:10, V:1, K:18
2026-01-25 08:04:27 | INFO     | [lf.flight.extracted] SM473 on 28JAN: BKG=178, LF=99.4%
[LF] SM473 28JAN: BKG=178, GRP=170, CAP=179, LF%=99.4%, Brd-Off=HBE-JED, Classes: P:170, X:8
[LF] Getting WEEKLY/LASTSOLD data for 3 flights
[LF] SM451 28JAN: LASTSOLD=2026-01-24 00:00:00, WEEKLY=42, TODAY=0, YDAY=27
[LF] SM457 28JAN: LASTSOLD=2026-01-24 00:00:00, WEEKLY=22, TODAY=0, YDAY=5
[LF] SM473 28JAN: LASTSOLD=2025-12-19 00:00:00, WEEKLY=0, TODAY=0, YDAY=0
2026-01-25 08:04:41 | INFO     | [SUCCESS] Day 28JAN
2026-01-25 08:04:41 | INFO     | [DAY_START] Processing 27JAN
[LF] Processing HBE-JED for 27JAN
2026-01-25 08:04:41 | INFO     | [lf.day.start] Processing HBE-JED for 27JAN
[LF] Sending SN command: SN27JANHBEJED/ASM
[LF] 27JAN: found 2 direct flights
2026-01-25 08:04:42 | INFO     | [lf.day.flights_found] Found 2 flights on 27JAN
2026-01-25 08:04:44 | INFO     | [lf.flight.extracted] SM479 on 27JAN: BKG=178, LF=99.4%
[LF] SM479 27JAN: BKG=178, GRP=37, CAP=179, LF%=99.4%, Brd-Off=HBE-JED, Classes: P:37, X:10, T:10, W:10, S:20, G:15, L:30, V:36, K:10
2026-01-25 08:04:47 | INFO     | [lf.flight.extracted] SM451 on 27JAN: BKG=179, LF=100.0%
[LF] SM451 27JAN: BKG=179, GRP=138, CAP=179, LF%=100.0%, Brd-Off=HBE-JED, Classes: P:138, X:10, T:9, W:15, S:5, K:2
[LF] Getting WEEKLY/LASTSOLD data for 2 flights
[LF] SM479 27JAN: LASTSOLD=2026-01-24 00:00:00, WEEKLY=83, TODAY=0, YDAY=1
[LF] SM451 27JAN: LASTSOLD=2025-12-31 00:00:00, WEEKLY=0, TODAY=0, YDAY=0
2026-01-25 08:04:57 | INFO     | [SUCCESS] Day 27JAN
2026-01-25 08:04:57 | INFO     | [DAY_START] Processing 26JAN
[LF] Processing HBE-JED for 26JAN
2026-01-25 08:04:57 | INFO     | [lf.day.start] Processing HBE-JED for 26JAN
[LF] Sending SN command: SN26JANHBEJED/ASM
[LF] 26JAN: found 5 direct flights
2026-01-25 08:04:58 | INFO     | [lf.day.flights_found] Found 5 flights on 26JAN
2026-01-25 08:05:00 | INFO     | [lf.flight.extracted] SM953 on 26JAN: BKG=177, LF=98.9%
[LF] SM953 26JAN: BKG=177, GRP=125, CAP=179, LF%=98.9%, Brd-Off=HBE-JED, Classes: P:125, G:10, L:9, V:21, K:12
2026-01-25 08:05:03 | INFO     | [lf.flight.extracted] SM457 on 26JAN: BKG=179, LF=100.0%
[LF] SM457 26JAN: BKG=179, GRP=132, CAP=179, LF%=100.0%, Brd-Off=HBE-JED, Classes: P:132, X:10, T:9, W:18, S:7, Q:3
2026-01-25 08:05:07 | INFO     | [lf.flight.extracted] SM451 on 26JAN: BKG=179, LF=100.0%
[LF] SM451 26JAN: BKG=179, GRP=134, CAP=179, LF%=100.0%, Brd-Off=HBE-JED, Classes: P:134, X:3, T:3, W:3, S:3, G:3, L:3, V:3, K:24
2026-01-25 08:05:10 | INFO     | [lf.flight.extracted] SM955 on 26JAN: BKG=177, LF=98.9%
[LF] SM955 26JAN: BKG=177, GRP=153, CAP=179, LF%=98.9%, Brd-Off=HBE-JED, Classes: P:153, V:24
2026-01-25 08:05:13 | INFO     | [lf.flight.extracted] SM957 on 26JAN: BKG=159, LF=88.8%
[LF] SM957 26JAN: BKG=159, GRP=108, CAP=179, LF%=88.8%, Brd-Off=HBE-JED, Classes: P:108, O:5, U:5, X:5, T:5, W:5, S:5, G:5, L:5, V:10, K:1
[LF] Getting WEEKLY/LASTSOLD data for 5 flights
[LF] SM953 26JAN: LASTSOLD=2026-01-24 00:00:00, WEEKLY=52, TODAY=0, YDAY=1
[LF] SM457 26JAN: LASTSOLD=2026-01-23 00:00:00, WEEKLY=3, TODAY=0, YDAY=0
[LF] SM451 26JAN: LASTSOLD=2026-01-25 00:00:00, WEEKLY=4, TODAY=1, YDAY=1
[LF] SM955 26JAN: LASTSOLD=2026-01-24 00:00:00, WEEKLY=12, TODAY=0, YDAY=1
[LF] SM957 26JAN: LASTSOLD=2026-01-24 00:00:00, WEEKLY=5, TODAY=0, YDAY=5
2026-01-25 08:05:36 | INFO     | [SUCCESS] Day 26JAN
[LF] Skipping 25JAN (Today) - will be processed by supplement scan
[LF] Results summary:
  2026-01-31: 2 flights
  2026-01-30: 1 flights
  2026-01-29: 1 flights
  2026-01-28: 3 flights
  2026-01-27: 2 flights
  2026-01-26: 5 flights
2026-01-25 08:05:36 | INFO     | [SUCCESS] LF Search Complete

============================================================
[Worker_9225] ✓ COMPLETED: HBE-JED
  Results: 6 dates
  Errors: 0 dates
  Total Processed: 77 groups
============================================================

2026-01-25 08:05:36 | INFO     | [Worker_9225] Completed: HBE-JED - 6 results, 0 errors
[Worker_9225] Waiting for tasks...

============================================================
[Worker_9225] Shutdown signal received
Exiting...
============================================================
2026-01-25 09:00:01 | INFO     | [Worker_9225] Shutdown signal received, exiting...

============================================================
[Worker_9225] FINISHED
  Total Groups Processed: 77
============================================================

2026-01-25 09:00:01 | INFO     | [Worker_9225] Finished. Processed 77 groups.
