
============================================================
     LF WORKER - PORT 9227
============================================================
Worker: Worker_9227
Status: READY
Waiting for tasks...
============================================================


============================================================
[Worker_9227] Processing: JED-LXR
  Tier 0: Range 4, Chunk 1/4
  Dates: 8 days
  Date Range: 2026-05-30 to 2026-05-23
============================================================

2026-01-25 07:10:17 | INFO     | ======================================================================
2026-01-25 07:10:17 | INFO     | Load Factor Scraper Started - Route: JED-LXR
2026-01-25 07:10:17 | INFO     | Log file: D:\CODERED\LAB\Artifacts\outputs\run_generated_250126_at_07.06\logs\LF_JED-LXR_20260125_071017.log
2026-01-25 07:10:17 | INFO     | Enhanced logging: Capturing both logging.info() and print()
2026-01-25 07:10:17 | INFO     | ======================================================================
[LF] Processing dates (override): ['30MAY', '29MAY', '28MAY', '27MAY', '26MAY', '25MAY', '24MAY', '23MAY']
[LF] Attaching to Chrome for Altea access
[LF][[OK] SUCCESS] Connected to Chrome on 127.0.0.1:9227 (after 1 attempts)
[LF][[OK] SUCCESS] Found Amadeus Altea window: Altéa Reservation Desktop
[LF][[INFO] INFO] URL: https://tc212.resdesktop.altea.amadeus.com/app_ard/apf/init/login?SITE=ESMPESMP&LANGUAGE=GB&MARKETS=ARDW_PROD_WBP&ACTION=clpLogin
[LF] Processing JED-LXR for 30MAY
[LF] Sending SN command: SN30MAYJEDLXR/ASM
[LF][ERROR] Amadeus command error detected: UNKNOWN TRANSACTION
[LF][ERROR] Command: SN30MAYJEDLXR/ASM
[LF][RESYNC] Triggering immediate resync to last successful SN command
============================================================
[LF][RESYNC] Command 'SN30MAYJEDLXR/ASM' failed: TECH_ERROR:UNKNOWN TRANSACTION
[LF][RESYNC] Re-running entire day from SN command for JED-LXR 30MAY
[LF][RESYNC] Attempt 1/50 (waiting 1.0s before retry...)
============================================================
[LF][RESYNC] Sending IG to clear session state...
[LF][RESYNC] Session cleared with IG
[LF] Processing JED-LXR for 30MAY
[LF] Sending SN command: SN30MAYJEDLXR/ASM
[LF] No direct flights on 30MAY for JED-LXR
[LF] Processing JED-LXR for 29MAY
[LF] Sending SN command: SN29MAYJEDLXR/ASM
[LF] No direct flights on 29MAY for JED-LXR
[LF] Processing JED-LXR for 28MAY
[LF] Sending SN command: SN28MAYJEDLXR/ASM
[LF] No direct flights on 28MAY for JED-LXR
[LF] Processing JED-LXR for 27MAY
[LF] Sending SN command: SN27MAYJEDLXR/ASM
[LF] No direct flights on 27MAY for JED-LXR
[LF] Processing JED-LXR for 26MAY
[LF] Sending SN command: SN26MAYJEDLXR/ASM
[LF] No direct flights on 26MAY for JED-LXR
[LF] Processing JED-LXR for 25MAY
[LF] Sending SN command: SN25MAYJEDLXR/ASM
[LF] No direct flights on 25MAY for JED-LXR
[LF] Processing JED-LXR for 24MAY
[LF] Sending SN command: SN24MAYJEDLXR/ASM
[LF] No direct flights on 24MAY for JED-LXR
[LF] Processing JED-LXR for 23MAY
[LF] Sending SN command: SN23MAYJEDLXR/ASM
[LF] No direct flights on 23MAY for JED-LXR
[LF] Results summary:
  2026-05-30: 0 flights
  2026-05-29: 0 flights
  2026-05-28: 0 flights
  2026-05-27: 0 flights
  2026-05-26: 0 flights
  2026-05-25: 0 flights
  2026-05-24: 0 flights
  2026-05-23: 0 flights

============================================================
[Worker_9227] ✓ COMPLETED: JED-LXR
  Results: 8 dates
  Errors: 0 dates
  Total Processed: 1 groups
============================================================


============================================================
[Worker_9227] Processing: RUH-ATZ
  Tier 0: Range 4, Chunk 1/4
  Dates: 8 days
  Date Range: 2026-05-30 to 2026-05-23
============================================================

2026-01-25 07:10:35 | INFO     | ======================================================================
2026-01-25 07:10:35 | INFO     | Load Factor Scraper Started - Route: RUH-ATZ
2026-01-25 07:10:35 | INFO     | Log file: D:\CODERED\LAB\Artifacts\outputs\run_generated_250126_at_07.06\logs\LF_RUH-ATZ_20260125_071035.log
2026-01-25 07:10:35 | INFO     | Enhanced logging: Capturing both logging.info() and print()
2026-01-25 07:10:35 | INFO     | ======================================================================
[LF] Processing dates (override): ['30MAY', '29MAY', '28MAY', '27MAY', '26MAY', '25MAY', '24MAY', '23MAY']
[LF] Attaching to Chrome for Altea access
2026-01-25 07:10:35 | INFO     | Starting LF search for route: RUH-ATZ
2026-01-25 07:10:35 | INFO     | [START] LF Search
[LF][[OK] SUCCESS] Connected to Chrome on 127.0.0.1:9227 (after 1 attempts)
2026-01-25 07:10:36 | INFO     | [HEALTH CHECK] [OK] Chrome connection is healthy
[LF][[OK] SUCCESS] Found Amadeus Altea window: Altéa Reservation Desktop
[LF][[INFO] INFO] URL: https://tc212.resdesktop.altea.amadeus.com/app_ard/apf/init/login?SITE=ESMPESMP&LANGUAGE=GB&MARKETS=ARDW_PROD_WBP&ACTION=clpLogin
2026-01-25 07:10:36 | INFO     | [DAY_START] Processing 30MAY
[LF] Processing RUH-ATZ for 30MAY
2026-01-25 07:10:36 | INFO     | [lf.day.start] Processing RUH-ATZ for 30MAY
[LF] Sending SN command: SN30MAYRUHATZ/ASM
[LF] No direct flights on 30MAY for RUH-ATZ
2026-01-25 07:10:37 | WARNING  | [lf.day.no_flights] No direct flights on 30MAY
2026-01-25 07:10:37 | INFO     | [SUCCESS] Day 30MAY
2026-01-25 07:10:37 | INFO     | [DAY_START] Processing 29MAY
[LF] Processing RUH-ATZ for 29MAY
2026-01-25 07:10:37 | INFO     | [lf.day.start] Processing RUH-ATZ for 29MAY
[LF] Sending SN command: SN29MAYRUHATZ/ASM
[LF] No direct flights on 29MAY for RUH-ATZ
2026-01-25 07:10:39 | WARNING  | [lf.day.no_flights] No direct flights on 29MAY
2026-01-25 07:10:39 | INFO     | [SUCCESS] Day 29MAY
2026-01-25 07:10:39 | INFO     | [DAY_START] Processing 28MAY
[LF] Processing RUH-ATZ for 28MAY
2026-01-25 07:10:39 | INFO     | [lf.day.start] Processing RUH-ATZ for 28MAY
[LF] Sending SN command: SN28MAYRUHATZ/ASM
[LF] No direct flights on 28MAY for RUH-ATZ
2026-01-25 07:10:40 | WARNING  | [lf.day.no_flights] No direct flights on 28MAY
2026-01-25 07:10:40 | INFO     | [SUCCESS] Day 28MAY
2026-01-25 07:10:40 | INFO     | [DAY_START] Processing 27MAY
[LF] Processing RUH-ATZ for 27MAY
2026-01-25 07:10:40 | INFO     | [lf.day.start] Processing RUH-ATZ for 27MAY
[LF] Sending SN command: SN27MAYRUHATZ/ASM
[LF] 27MAY: found 1 direct flights
2026-01-25 07:10:41 | INFO     | [lf.day.flights_found] Found 1 flights on 27MAY
2026-01-25 07:10:43 | INFO     | [lf.flight.extracted] SM466 on 27MAY: BKG=11, LF=6.3%
[LF] SM466 27MAY: BKG=11, GRP=0, CAP=175, LF%=6.3%, Brd-Off=RUH-ATZ, Classes: O:2, U:4, X:4, T:1
[LF] Getting WEEKLY/LASTSOLD data for 1 flights
[LF] SM466 27MAY: LASTSOLD=2026-01-19 00:00:00, WEEKLY=2, TODAY=0, YDAY=0
2026-01-25 07:10:45 | INFO     | [SUCCESS] Day 27MAY
2026-01-25 07:10:45 | INFO     | [DAY_START] Processing 26MAY
[LF] Processing RUH-ATZ for 26MAY
2026-01-25 07:10:45 | INFO     | [lf.day.start] Processing RUH-ATZ for 26MAY
[LF] Sending SN command: SN26MAYRUHATZ/ASM
[LF] No direct flights on 26MAY for RUH-ATZ
2026-01-25 07:10:46 | WARNING  | [lf.day.no_flights] No direct flights on 26MAY
2026-01-25 07:10:46 | INFO     | [SUCCESS] Day 26MAY
2026-01-25 07:10:46 | INFO     | [DAY_START] Processing 25MAY
[LF] Processing RUH-ATZ for 25MAY
2026-01-25 07:10:46 | INFO     | [lf.day.start] Processing RUH-ATZ for 25MAY
[LF] Sending SN command: SN25MAYRUHATZ/ASM
[LF] No direct flights on 25MAY for RUH-ATZ
2026-01-25 07:10:48 | WARNING  | [lf.day.no_flights] No direct flights on 25MAY
2026-01-25 07:10:48 | INFO     | [SUCCESS] Day 25MAY
2026-01-25 07:10:48 | INFO     | [DAY_START] Processing 24MAY
[LF] Processing RUH-ATZ for 24MAY
2026-01-25 07:10:48 | INFO     | [lf.day.start] Processing RUH-ATZ for 24MAY
[LF] Sending SN command: SN24MAYRUHATZ/ASM
[LF] No direct flights on 24MAY for RUH-ATZ
2026-01-25 07:10:49 | WARNING  | [lf.day.no_flights] No direct flights on 24MAY
2026-01-25 07:10:49 | INFO     | [SUCCESS] Day 24MAY
2026-01-25 07:10:49 | INFO     | [DAY_START] Processing 23MAY
[LF] Processing RUH-ATZ for 23MAY
2026-01-25 07:10:49 | INFO     | [lf.day.start] Processing RUH-ATZ for 23MAY
[LF] Sending SN command: SN23MAYRUHATZ/ASM
[LF] No direct flights on 23MAY for RUH-ATZ
2026-01-25 07:10:50 | WARNING  | [lf.day.no_flights] No direct flights on 23MAY
2026-01-25 07:10:50 | INFO     | [SUCCESS] Day 23MAY
[LF] Results summary:
  2026-05-30: 0 flights
  2026-05-29: 0 flights
  2026-05-28: 0 flights
  2026-05-27: 1 flights
  2026-05-26: 0 flights
  2026-05-25: 0 flights
  2026-05-24: 0 flights
  2026-05-23: 0 flights
2026-01-25 07:10:50 | INFO     | [SUCCESS] LF Search Complete

============================================================
[Worker_9227] ✓ COMPLETED: RUH-ATZ
  Results: 8 dates
  Errors: 0 dates
  Total Processed: 2 groups
============================================================

2026-01-25 07:10:50 | INFO     | [Worker_9227] Completed: RUH-ATZ - 8 results, 0 errors

============================================================
[Worker_9227] Processing: TUU-ATZ
  Tier 0: Range 4, Chunk 1/4
  Dates: 8 days
  Date Range: 2026-05-30 to 2026-05-23
============================================================

2026-01-25 07:10:50 | INFO     | [Worker_9227] Processing: TUU-ATZ
2026-01-25 07:10:50 | INFO     |   Tier 0: Range 4, Chunk 1/4 (8 days)
2026-01-25 07:10:50 | INFO     | ======================================================================
2026-01-25 07:10:50 | INFO     | Load Factor Scraper Started - Route: TUU-ATZ
2026-01-25 07:10:50 | INFO     | Log file: D:\CODERED\LAB\Artifacts\outputs\run_generated_250126_at_07.06\logs\LF_TUU-ATZ_20260125_071050.log
2026-01-25 07:10:50 | INFO     | Enhanced logging: Capturing both logging.info() and print()
2026-01-25 07:10:50 | INFO     | ======================================================================
[LF] Processing dates (override): ['30MAY', '29MAY', '28MAY', '27MAY', '26MAY', '25MAY', '24MAY', '23MAY']
[LF] Attaching to Chrome for Altea access
2026-01-25 07:10:50 | INFO     | Starting LF search for route: TUU-ATZ
2026-01-25 07:10:50 | INFO     | [START] LF Search
[LF][[OK] SUCCESS] Connected to Chrome on 127.0.0.1:9227 (after 1 attempts)
2026-01-25 07:10:51 | INFO     | [HEALTH CHECK] [OK] Chrome connection is healthy
[LF][[OK] SUCCESS] Found Amadeus Altea window: Altéa Reservation Desktop
[LF][[INFO] INFO] URL: https://tc212.resdesktop.altea.amadeus.com/app_ard/apf/init/login?SITE=ESMPESMP&LANGUAGE=GB&MARKETS=ARDW_PROD_WBP&ACTION=clpLogin
2026-01-25 07:10:51 | INFO     | [DAY_START] Processing 30MAY
[LF] Processing TUU-ATZ for 30MAY
2026-01-25 07:10:51 | INFO     | [lf.day.start] Processing TUU-ATZ for 30MAY
[LF] Sending SN command: SN30MAYTUUATZ/ASM
[LF] No direct flights on 30MAY for TUU-ATZ
2026-01-25 07:10:52 | WARNING  | [lf.day.no_flights] No direct flights on 30MAY
2026-01-25 07:10:52 | INFO     | [SUCCESS] Day 30MAY
2026-01-25 07:10:52 | INFO     | [DAY_START] Processing 29MAY
[LF] Processing TUU-ATZ for 29MAY
2026-01-25 07:10:52 | INFO     | [lf.day.start] Processing TUU-ATZ for 29MAY
[LF] Sending SN command: SN29MAYTUUATZ/ASM
[LF] No direct flights on 29MAY for TUU-ATZ
2026-01-25 07:10:53 | WARNING  | [lf.day.no_flights] No direct flights on 29MAY
2026-01-25 07:10:53 | INFO     | [SUCCESS] Day 29MAY
2026-01-25 07:10:53 | INFO     | [DAY_START] Processing 28MAY
[LF] Processing TUU-ATZ for 28MAY
2026-01-25 07:10:53 | INFO     | [lf.day.start] Processing TUU-ATZ for 28MAY
[LF] Sending SN command: SN28MAYTUUATZ/ASM
[LF] No direct flights on 28MAY for TUU-ATZ
2026-01-25 07:10:54 | WARNING  | [lf.day.no_flights] No direct flights on 28MAY
2026-01-25 07:10:54 | INFO     | [SUCCESS] Day 28MAY
2026-01-25 07:10:54 | INFO     | [DAY_START] Processing 27MAY
[LF] Processing TUU-ATZ for 27MAY
2026-01-25 07:10:54 | INFO     | [lf.day.start] Processing TUU-ATZ for 27MAY
[LF] Sending SN command: SN27MAYTUUATZ/ASM
[LF] No direct flights on 27MAY for TUU-ATZ
2026-01-25 07:10:55 | WARNING  | [lf.day.no_flights] No direct flights on 27MAY
2026-01-25 07:10:55 | INFO     | [SUCCESS] Day 27MAY
2026-01-25 07:10:55 | INFO     | [DAY_START] Processing 26MAY
[LF] Processing TUU-ATZ for 26MAY
2026-01-25 07:10:55 | INFO     | [lf.day.start] Processing TUU-ATZ for 26MAY
[LF] Sending SN command: SN26MAYTUUATZ/ASM
[LF] No direct flights on 26MAY for TUU-ATZ
2026-01-25 07:10:56 | WARNING  | [lf.day.no_flights] No direct flights on 26MAY
2026-01-25 07:10:56 | INFO     | [SUCCESS] Day 26MAY
2026-01-25 07:10:56 | INFO     | [DAY_START] Processing 25MAY
[LF] Processing TUU-ATZ for 25MAY
2026-01-25 07:10:56 | INFO     | [lf.day.start] Processing TUU-ATZ for 25MAY
[LF] Sending SN command: SN25MAYTUUATZ/ASM
[LF] No direct flights on 25MAY for TUU-ATZ
2026-01-25 07:10:58 | WARNING  | [lf.day.no_flights] No direct flights on 25MAY
2026-01-25 07:10:58 | INFO     | [SUCCESS] Day 25MAY
2026-01-25 07:10:58 | INFO     | [DAY_START] Processing 24MAY
[LF] Processing TUU-ATZ for 24MAY
2026-01-25 07:10:58 | INFO     | [lf.day.start] Processing TUU-ATZ for 24MAY
[LF] Sending SN command: SN24MAYTUUATZ/ASM
[LF] No direct flights on 24MAY for TUU-ATZ
2026-01-25 07:10:59 | WARNING  | [lf.day.no_flights] No direct flights on 24MAY
2026-01-25 07:10:59 | INFO     | [SUCCESS] Day 24MAY
2026-01-25 07:10:59 | INFO     | [DAY_START] Processing 23MAY
[LF] Processing TUU-ATZ for 23MAY
2026-01-25 07:10:59 | INFO     | [lf.day.start] Processing TUU-ATZ for 23MAY
[LF] Sending SN command: SN23MAYTUUATZ/ASM
[LF] No direct flights on 23MAY for TUU-ATZ
2026-01-25 07:11:00 | WARNING  | [lf.day.no_flights] No direct flights on 23MAY
2026-01-25 07:11:00 | INFO     | [SUCCESS] Day 23MAY
[LF] Results summary:
  2026-05-30: 0 flights
  2026-05-29: 0 flights
  2026-05-28: 0 flights
  2026-05-27: 0 flights
  2026-05-26: 0 flights
  2026-05-25: 0 flights
  2026-05-24: 0 flights
  2026-05-23: 0 flights
2026-01-25 07:11:00 | INFO     | [SUCCESS] LF Search Complete

============================================================
[Worker_9227] ✓ COMPLETED: TUU-ATZ
  Results: 8 dates
  Errors: 0 dates
  Total Processed: 3 groups
============================================================

2026-01-25 07:11:00 | INFO     | [Worker_9227] Completed: TUU-ATZ - 8 results, 0 errors

============================================================
[Worker_9227] Processing: YNB-CAI
  Tier 0: Range 4, Chunk 1/4
  Dates: 8 days
  Date Range: 2026-05-30 to 2026-05-23
============================================================

2026-01-25 07:11:00 | INFO     | [Worker_9227] Processing: YNB-CAI
2026-01-25 07:11:00 | INFO     |   Tier 0: Range 4, Chunk 1/4 (8 days)
2026-01-25 07:11:00 | INFO     | ======================================================================
2026-01-25 07:11:00 | INFO     | Load Factor Scraper Started - Route: YNB-CAI
2026-01-25 07:11:00 | INFO     | Log file: D:\CODERED\LAB\Artifacts\outputs\run_generated_250126_at_07.06\logs\LF_YNB-CAI_20260125_071100.log
2026-01-25 07:11:00 | INFO     | Enhanced logging: Capturing both logging.info() and print()
2026-01-25 07:11:00 | INFO     | ======================================================================
[LF] Processing dates (override): ['30MAY', '29MAY', '28MAY', '27MAY', '26MAY', '25MAY', '24MAY', '23MAY']
[LF] Attaching to Chrome for Altea access
2026-01-25 07:11:00 | INFO     | Starting LF search for route: YNB-CAI
2026-01-25 07:11:00 | INFO     | [START] LF Search
[LF][[OK] SUCCESS] Connected to Chrome on 127.0.0.1:9227 (after 1 attempts)
2026-01-25 07:11:01 | INFO     | [HEALTH CHECK] [OK] Chrome connection is healthy
[LF][[OK] SUCCESS] Found Amadeus Altea window: Altéa Reservation Desktop
[LF][[INFO] INFO] URL: https://tc212.resdesktop.altea.amadeus.com/app_ard/apf/init/login?SITE=ESMPESMP&LANGUAGE=GB&MARKETS=ARDW_PROD_WBP&ACTION=clpLogin
2026-01-25 07:11:01 | INFO     | [DAY_START] Processing 30MAY
[LF] Processing YNB-CAI for 30MAY
2026-01-25 07:11:01 | INFO     | [lf.day.start] Processing YNB-CAI for 30MAY
[LF] Sending SN command: SN30MAYYNBCAI/ASM
[LF] 30MAY: found 2 direct flights
2026-01-25 07:11:02 | INFO     | [lf.day.flights_found] Found 2 flights on 30MAY
2026-01-25 07:11:04 | INFO     | [lf.flight.extracted] SM442 on 30MAY: BKG=0, LF=0.0%
[LF] SM442 30MAY: BKG=0, GRP=0, CAP=175, LF%=0.0%, Brd-Off=YNB-CAI
2026-01-25 07:11:07 | INFO     | [lf.flight.extracted] SM448 on 30MAY: BKG=0, LF=0.0%
[LF] SM448 30MAY: BKG=0, GRP=0, CAP=175, LF%=0.0%, Brd-Off=YNB-CAI
2026-01-25 07:11:08 | INFO     | [SUCCESS] Day 30MAY
2026-01-25 07:11:08 | INFO     | [DAY_START] Processing 29MAY
[LF] Processing YNB-CAI for 29MAY
2026-01-25 07:11:08 | INFO     | [lf.day.start] Processing YNB-CAI for 29MAY
[LF] Sending SN command: SN29MAYYNBCAI/ASM
[LF] 29MAY: found 1 direct flights
2026-01-25 07:11:09 | INFO     | [lf.day.flights_found] Found 1 flights on 29MAY
2026-01-25 07:11:11 | INFO     | [lf.flight.extracted] SM442 on 29MAY: BKG=0, LF=0.0%
[LF] SM442 29MAY: BKG=0, GRP=0, CAP=175, LF%=0.0%, Brd-Off=YNB-CAI
2026-01-25 07:11:12 | INFO     | [SUCCESS] Day 29MAY
2026-01-25 07:11:12 | INFO     | [DAY_START] Processing 28MAY
[LF] Processing YNB-CAI for 28MAY
2026-01-25 07:11:12 | INFO     | [lf.day.start] Processing YNB-CAI for 28MAY
[LF] Sending SN command: SN28MAYYNBCAI/ASM
[LF] 28MAY: found 1 direct flights
2026-01-25 07:11:13 | INFO     | [lf.day.flights_found] Found 1 flights on 28MAY
2026-01-25 07:11:15 | INFO     | [lf.flight.extracted] SM442 on 28MAY: BKG=0, LF=0.0%
[LF] SM442 28MAY: BKG=0, GRP=0, CAP=175, LF%=0.0%, Brd-Off=YNB-CAI
2026-01-25 07:11:16 | INFO     | [SUCCESS] Day 28MAY
2026-01-25 07:11:16 | INFO     | [DAY_START] Processing 27MAY
[LF] Processing YNB-CAI for 27MAY
2026-01-25 07:11:16 | INFO     | [lf.day.start] Processing YNB-CAI for 27MAY
[LF] Sending SN command: SN27MAYYNBCAI/ASM
[LF] No direct flights on 27MAY for YNB-CAI
2026-01-25 07:11:17 | WARNING  | [lf.day.no_flights] No direct flights on 27MAY
2026-01-25 07:11:17 | INFO     | [SUCCESS] Day 27MAY
2026-01-25 07:11:17 | INFO     | [DAY_START] Processing 26MAY
[LF] Processing YNB-CAI for 26MAY
2026-01-25 07:11:17 | INFO     | [lf.day.start] Processing YNB-CAI for 26MAY
[LF] Sending SN command: SN26MAYYNBCAI/ASM
[LF] 26MAY: found 1 direct flights
2026-01-25 07:11:18 | INFO     | [lf.day.flights_found] Found 1 flights on 26MAY
2026-01-25 07:11:20 | INFO     | [lf.flight.extracted] SM442 on 26MAY: BKG=7, LF=4.0%
[LF] SM442 26MAY: BKG=7, GRP=0, CAP=175, LF%=4.0%, Brd-Off=YNB-CAI, Classes: V:7
[LF] Getting WEEKLY/LASTSOLD data for 1 flights
[LF] SM442 26MAY: LASTSOLD=2026-01-05 00:00:00, WEEKLY=0, TODAY=0, YDAY=0
2026-01-25 07:11:23 | INFO     | [SUCCESS] Day 26MAY
2026-01-25 07:11:23 | INFO     | [DAY_START] Processing 25MAY
[LF] Processing YNB-CAI for 25MAY
2026-01-25 07:11:23 | INFO     | [lf.day.start] Processing YNB-CAI for 25MAY
[LF] Sending SN command: SN25MAYYNBCAI/ASM
[LF] 25MAY: found 1 direct flights
2026-01-25 07:11:24 | INFO     | [lf.day.flights_found] Found 1 flights on 25MAY
2026-01-25 07:11:26 | INFO     | [lf.flight.extracted] SM442 on 25MAY: BKG=0, LF=0.0%
[LF] SM442 25MAY: BKG=0, GRP=0, CAP=175, LF%=0.0%, Brd-Off=YNB-CAI
2026-01-25 07:11:27 | INFO     | [SUCCESS] Day 25MAY
2026-01-25 07:11:27 | INFO     | [DAY_START] Processing 24MAY
[LF] Processing YNB-CAI for 24MAY
2026-01-25 07:11:27 | INFO     | [lf.day.start] Processing YNB-CAI for 24MAY
[LF] Sending SN command: SN24MAYYNBCAI/ASM
[LF] 24MAY: found 1 direct flights
2026-01-25 07:11:28 | INFO     | [lf.day.flights_found] Found 1 flights on 24MAY
2026-01-25 07:11:30 | INFO     | [lf.flight.extracted] SM442 on 24MAY: BKG=0, LF=0.0%
[LF] SM442 24MAY: BKG=0, GRP=0, CAP=175, LF%=0.0%, Brd-Off=YNB-CAI
2026-01-25 07:11:32 | INFO     | [SUCCESS] Day 24MAY
2026-01-25 07:11:32 | INFO     | [DAY_START] Processing 23MAY
[LF] Processing YNB-CAI for 23MAY
2026-01-25 07:11:32 | INFO     | [lf.day.start] Processing YNB-CAI for 23MAY
[LF] Sending SN command: SN23MAYYNBCAI/ASM
[LF] 23MAY: found 2 direct flights
2026-01-25 07:11:33 | INFO     | [lf.day.flights_found] Found 2 flights on 23MAY
2026-01-25 07:11:35 | INFO     | [lf.flight.extracted] SM442 on 23MAY: BKG=0, LF=0.0%
[LF] SM442 23MAY: BKG=0, GRP=0, CAP=175, LF%=0.0%, Brd-Off=YNB-CAI
2026-01-25 07:11:38 | INFO     | [lf.flight.extracted] SM448 on 23MAY: BKG=0, LF=0.0%
[LF] SM448 23MAY: BKG=0, GRP=0, CAP=167, LF%=0.0%, Brd-Off=YNB-CAI
2026-01-25 07:11:39 | INFO     | [SUCCESS] Day 23MAY
[LF] Results summary:
  2026-05-30: 2 flights
  2026-05-29: 1 flights
  2026-05-28: 1 flights
  2026-05-27: 0 flights
  2026-05-26: 1 flights
  2026-05-25: 1 flights
  2026-05-24: 1 flights
  2026-05-23: 2 flights
2026-01-25 07:11:39 | INFO     | [SUCCESS] LF Search Complete

============================================================
[Worker_9227] ✓ COMPLETED: YNB-CAI
  Results: 8 dates
  Errors: 0 dates
  Total Processed: 4 groups
============================================================

2026-01-25 07:11:39 | INFO     | [Worker_9227] Completed: YNB-CAI - 8 results, 0 errors

============================================================
[Worker_9227] Processing: CAI-DMM
  Tier 0: Range 4, Chunk 1/4
  Dates: 8 days
  Date Range: 2026-05-30 to 2026-05-23
============================================================

2026-01-25 07:11:39 | INFO     | [Worker_9227] Processing: CAI-DMM
2026-01-25 07:11:39 | INFO     |   Tier 0: Range 4, Chunk 1/4 (8 days)
2026-01-25 07:11:39 | INFO     | ======================================================================
2026-01-25 07:11:39 | INFO     | Load Factor Scraper Started - Route: CAI-DMM
2026-01-25 07:11:39 | INFO     | Log file: D:\CODERED\LAB\Artifacts\outputs\run_generated_250126_at_07.06\logs\LF_CAI-DMM_20260125_071139.log
2026-01-25 07:11:39 | INFO     | Enhanced logging: Capturing both logging.info() and print()
2026-01-25 07:11:39 | INFO     | ======================================================================
[LF] Processing dates (override): ['30MAY', '29MAY', '28MAY', '27MAY', '26MAY', '25MAY', '24MAY', '23MAY']
[LF] Attaching to Chrome for Altea access
2026-01-25 07:11:39 | INFO     | Starting LF search for route: CAI-DMM
2026-01-25 07:11:39 | INFO     | [START] LF Search
[LF][[OK] SUCCESS] Connected to Chrome on 127.0.0.1:9227 (after 1 attempts)
2026-01-25 07:11:40 | INFO     | [HEALTH CHECK] [OK] Chrome connection is healthy
[LF][[OK] SUCCESS] Found Amadeus Altea window: Altéa Reservation Desktop
[LF][[INFO] INFO] URL: https://tc212.resdesktop.altea.amadeus.com/app_ard/apf/init/login?SITE=ESMPESMP&LANGUAGE=GB&MARKETS=ARDW_PROD_WBP&ACTION=clpLogin
2026-01-25 07:11:40 | INFO     | [DAY_START] Processing 30MAY
[LF] Processing CAI-DMM for 30MAY
2026-01-25 07:11:40 | INFO     | [lf.day.start] Processing CAI-DMM for 30MAY
[LF] Sending SN command: SN30MAYCAIDMM/ASM
[LF] 30MAY: found 1 direct flights
2026-01-25 07:11:41 | INFO     | [lf.day.flights_found] Found 1 flights on 30MAY
2026-01-25 07:11:43 | INFO     | [lf.flight.extracted] SM433 on 30MAY: BKG=0, LF=0.0%
[LF] SM433 30MAY: BKG=0, GRP=0, CAP=179, LF%=0.0%, Brd-Off=CAI-DMM
2026-01-25 07:11:44 | INFO     | [SUCCESS] Day 30MAY
2026-01-25 07:11:44 | INFO     | [DAY_START] Processing 29MAY
[LF] Processing CAI-DMM for 29MAY
2026-01-25 07:11:44 | INFO     | [lf.day.start] Processing CAI-DMM for 29MAY
[LF] Sending SN command: SN29MAYCAIDMM/ASM
[LF] 29MAY: found 1 direct flights
2026-01-25 07:11:45 | INFO     | [lf.day.flights_found] Found 1 flights on 29MAY
2026-01-25 07:11:47 | INFO     | [lf.flight.extracted] SM439 on 29MAY: BKG=0, LF=0.0%
[LF] SM439 29MAY: BKG=0, GRP=0, CAP=179, LF%=0.0%, Brd-Off=CAI-DMM
2026-01-25 07:11:48 | INFO     | [SUCCESS] Day 29MAY
2026-01-25 07:11:48 | INFO     | [DAY_START] Processing 28MAY
[LF] Processing CAI-DMM for 28MAY
2026-01-25 07:11:48 | INFO     | [lf.day.start] Processing CAI-DMM for 28MAY
[LF] Sending SN command: SN28MAYCAIDMM/ASM
[LF] 28MAY: found 1 direct flights
2026-01-25 07:11:49 | INFO     | [lf.day.flights_found] Found 1 flights on 28MAY
2026-01-25 07:11:51 | INFO     | [lf.flight.extracted] SM433 on 28MAY: BKG=0, LF=0.0%
[LF] SM433 28MAY: BKG=0, GRP=0, CAP=179, LF%=0.0%, Brd-Off=CAI-DMM
2026-01-25 07:11:52 | INFO     | [SUCCESS] Day 28MAY
2026-01-25 07:11:52 | INFO     | [DAY_START] Processing 27MAY
[LF] Processing CAI-DMM for 27MAY
2026-01-25 07:11:52 | INFO     | [lf.day.start] Processing CAI-DMM for 27MAY
[LF] Sending SN command: SN27MAYCAIDMM/ASM
[LF] 27MAY: found 1 direct flights
2026-01-25 07:11:53 | INFO     | [lf.day.flights_found] Found 1 flights on 27MAY
2026-01-25 07:11:55 | INFO     | [lf.flight.extracted] SM433 on 27MAY: BKG=1, LF=0.6%
[LF] SM433 27MAY: BKG=1, GRP=0, CAP=179, LF%=0.6%, Brd-Off=CAI-DMM, Classes: I:1
[LF] Getting WEEKLY/LASTSOLD data for 1 flights
[LF] SM433 27MAY: LASTSOLD=2025-12-31 00:00:00, WEEKLY=0, TODAY=0, YDAY=0
2026-01-25 07:11:58 | INFO     | [SUCCESS] Day 27MAY
2026-01-25 07:11:58 | INFO     | [DAY_START] Processing 26MAY
[LF] Processing CAI-DMM for 26MAY
2026-01-25 07:11:58 | INFO     | [lf.day.start] Processing CAI-DMM for 26MAY
[LF] Sending SN command: SN26MAYCAIDMM/ASM
[LF] 26MAY: found 1 direct flights
2026-01-25 07:11:59 | INFO     | [lf.day.flights_found] Found 1 flights on 26MAY
2026-01-25 07:12:01 | INFO     | [lf.flight.extracted] SM433 on 26MAY: BKG=0, LF=0.0%
[LF] SM433 26MAY: BKG=0, GRP=0, CAP=179, LF%=0.0%, Brd-Off=CAI-DMM
2026-01-25 07:12:02 | INFO     | [SUCCESS] Day 26MAY
2026-01-25 07:12:02 | INFO     | [DAY_START] Processing 25MAY
[LF] Processing CAI-DMM for 25MAY
2026-01-25 07:12:02 | INFO     | [lf.day.start] Processing CAI-DMM for 25MAY
[LF] Sending SN command: SN25MAYCAIDMM/ASM
[LF] 25MAY: found 1 direct flights
2026-01-25 07:12:03 | INFO     | [lf.day.flights_found] Found 1 flights on 25MAY
2026-01-25 07:12:05 | INFO     | [lf.flight.extracted] SM433 on 25MAY: BKG=1, LF=0.6%
[LF] SM433 25MAY: BKG=1, GRP=0, CAP=179, LF%=0.6%, Brd-Off=CAI-DMM, Classes: I:1
[LF] Getting WEEKLY/LASTSOLD data for 1 flights
[LF] SM433 25MAY: LASTSOLD=2025-12-10 00:00:00, WEEKLY=0, TODAY=0, YDAY=0
2026-01-25 07:12:07 | INFO     | [SUCCESS] Day 25MAY
2026-01-25 07:12:07 | INFO     | [DAY_START] Processing 24MAY
[LF] Processing CAI-DMM for 24MAY
2026-01-25 07:12:07 | INFO     | [lf.day.start] Processing CAI-DMM for 24MAY
[LF] Sending SN command: SN24MAYCAIDMM/ASM
[LF] 24MAY: found 1 direct flights
2026-01-25 07:12:17 | INFO     | [lf.day.flights_found] Found 1 flights on 24MAY
2026-01-25 07:12:19 | INFO     | [lf.flight.extracted] SM439 on 24MAY: BKG=0, LF=0.0%
[LF] SM439 24MAY: BKG=0, GRP=0, CAP=179, LF%=0.0%, Brd-Off=CAI-DMM
2026-01-25 07:12:20 | INFO     | [SUCCESS] Day 24MAY
2026-01-25 07:12:20 | INFO     | [DAY_START] Processing 23MAY
[LF] Processing CAI-DMM for 23MAY
2026-01-25 07:12:20 | INFO     | [lf.day.start] Processing CAI-DMM for 23MAY
[LF] Sending SN command: SN23MAYCAIDMM/ASM
[LF] 23MAY: found 1 direct flights
2026-01-25 07:12:21 | INFO     | [lf.day.flights_found] Found 1 flights on 23MAY
2026-01-25 07:12:23 | INFO     | [lf.flight.extracted] SM433 on 23MAY: BKG=1, LF=0.6%
[LF] SM433 23MAY: BKG=1, GRP=0, CAP=179, LF%=0.6%, Brd-Off=CAI-DMM, Classes: I:1
[LF] Getting WEEKLY/LASTSOLD data for 1 flights
[LF] SM433 23MAY: LASTSOLD=2025-12-08 00:00:00, WEEKLY=0, TODAY=0, YDAY=0
2026-01-25 07:12:25 | INFO     | [SUCCESS] Day 23MAY
[LF] Results summary:
  2026-05-30: 1 flights
  2026-05-29: 1 flights
  2026-05-28: 1 flights
  2026-05-27: 1 flights
  2026-05-26: 1 flights
  2026-05-25: 1 flights
  2026-05-24: 1 flights
  2026-05-23: 1 flights
2026-01-25 07:12:25 | INFO     | [SUCCESS] LF Search Complete

============================================================
[Worker_9227] ✓ COMPLETED: CAI-DMM
  Results: 8 dates
  Errors: 0 dates
  Total Processed: 5 groups
============================================================

2026-01-25 07:12:25 | INFO     | [Worker_9227] Completed: CAI-DMM - 8 results, 0 errors

============================================================
[Worker_9227] Processing: JED-CAI
  Tier 0: Range 4, Chunk 2/4
  Dates: 8 days
  Date Range: 2026-05-22 to 2026-05-15
============================================================

2026-01-25 07:12:25 | INFO     | [Worker_9227] Processing: JED-CAI
2026-01-25 07:12:25 | INFO     |   Tier 0: Range 4, Chunk 2/4 (8 days)
2026-01-25 07:12:25 | INFO     | ======================================================================
2026-01-25 07:12:25 | INFO     | Load Factor Scraper Started - Route: JED-CAI
2026-01-25 07:12:25 | INFO     | Log file: D:\CODERED\LAB\Artifacts\outputs\run_generated_250126_at_07.06\logs\LF_JED-CAI_20260125_071225.log
2026-01-25 07:12:25 | INFO     | Enhanced logging: Capturing both logging.info() and print()
2026-01-25 07:12:25 | INFO     | ======================================================================
[LF] Processing dates (override): ['22MAY', '21MAY', '20MAY', '19MAY', '18MAY', '17MAY', '16MAY', '15MAY']
[LF] Attaching to Chrome for Altea access
2026-01-25 07:12:25 | INFO     | Starting LF search for route: JED-CAI
2026-01-25 07:12:25 | INFO     | [START] LF Search
[LF][[OK] SUCCESS] Connected to Chrome on 127.0.0.1:9227 (after 1 attempts)
2026-01-25 07:12:26 | INFO     | [HEALTH CHECK] [OK] Chrome connection is healthy
[LF][[OK] SUCCESS] Found Amadeus Altea window: Altéa Reservation Desktop
[LF][[INFO] INFO] URL: https://tc212.resdesktop.altea.amadeus.com/app_ard/apf/init/login?SITE=ESMPESMP&LANGUAGE=GB&MARKETS=ARDW_PROD_WBP&ACTION=clpLogin
2026-01-25 07:12:26 | INFO     | [DAY_START] Processing 22MAY
[LF] Processing JED-CAI for 22MAY
2026-01-25 07:12:26 | INFO     | [lf.day.start] Processing JED-CAI for 22MAY
[LF] JED↔Cairo route detected - querying both CAI and CCE airports
[LF] Sending SN command: SN22MAYJEDCAI/ASM
[LF] Sending SN command: SN22MAYJEDCCE/ASM
[LF] 22MAY: found 4 direct flights
2026-01-25 07:12:28 | INFO     | [lf.day.flights_found] Found 4 flights on 22MAY
2026-01-25 07:12:30 | INFO     | [lf.flight.extracted] SM460 on 22MAY: BKG=21, LF=12.6%
[LF] SM460 22MAY: BKG=21, GRP=0, CAP=167, LF%=12.6%, Brd-Off=JED-CAI, Classes: T:9, W:10, S:2
[LPC] SM460 22MAY: Found 1 outbound flights with connecting passengers
2026-01-25 07:12:35 | INFO     | [lf.flight.extracted] SM478 on 22MAY: BKG=10, LF=5.7%
[LF] SM478 22MAY: BKG=10, GRP=0, CAP=175, LF%=5.7%, Brd-Off=JED-CAI, Classes: T:9, W:1
2026-01-25 07:12:38 | INFO     | [lf.flight.extracted] SM476 on 22MAY: BKG=24, LF=14.4%
[LF] SM476 22MAY: BKG=24, GRP=0, CAP=167, LF%=14.4%, Brd-Off=JED-CAI, Classes: T:8, W:13, S:3
2026-01-25 07:12:41 | INFO     | [lf.flight.extracted] SM480 on 22MAY: BKG=13, LF=7.4%
[LF] SM480 22MAY: BKG=13, GRP=0, CAP=175, LF%=7.4%, Brd-Off=JED-CAI, Classes: T:9, W:4
[LF] Getting WEEKLY/LASTSOLD data for 4 flights
[LF] SM460 22MAY: LASTSOLD=2026-01-17 00:00:00, WEEKLY=0, TODAY=0, YDAY=0
[LF] SM478 22MAY: LASTSOLD=2026-01-15 00:00:00, WEEKLY=0, TODAY=0, YDAY=0
[LF] SM476 22MAY: LASTSOLD=2026-01-16 00:00:00, WEEKLY=0, TODAY=0, YDAY=0
[LF] SM480 22MAY: LASTSOLD=2026-01-15 00:00:00, WEEKLY=0, TODAY=0, YDAY=0
2026-01-25 07:12:49 | INFO     | [SUCCESS] Day 22MAY
2026-01-25 07:12:49 | INFO     | [DAY_START] Processing 21MAY
[LF] Processing JED-CAI for 21MAY
2026-01-25 07:12:49 | INFO     | [lf.day.start] Processing JED-CAI for 21MAY
[LF] JED↔Cairo route detected - querying both CAI and CCE airports
[LF] Sending SN command: SN21MAYJEDCAI/ASM
[LF] Sending SN command: SN21MAYJEDCCE/ASM
[LF] 21MAY: found 2 direct flights
2026-01-25 07:12:52 | INFO     | [lf.day.flights_found] Found 2 flights on 21MAY
2026-01-25 07:12:54 | INFO     | [lf.flight.extracted] SM478 on 21MAY: BKG=18, LF=10.3%
[LF] SM478 21MAY: BKG=18, GRP=0, CAP=175, LF%=10.3%, Brd-Off=JED-CAI, Classes: I:9, O:3, W:5, V:1
2026-01-25 07:12:57 | INFO     | [lf.flight.extracted] SM476 on 21MAY: BKG=37, LF=21.1%
[LF] SM476 21MAY: BKG=37, GRP=0, CAP=175, LF%=21.1%, Brd-Off=JED-CAI, Classes: I:9, O:8, U:9, X:2, T:3, W:1, S:2, G:3
[LF] Getting WEEKLY/LASTSOLD data for 2 flights
[LF] SM478 21MAY: LASTSOLD=2026-01-20 00:00:00, WEEKLY=1, TODAY=0, YDAY=0
[LF] SM476 21MAY: LASTSOLD=2026-01-14 00:00:00, WEEKLY=0, TODAY=0, YDAY=0
2026-01-25 07:13:02 | INFO     | [SUCCESS] Day 21MAY
2026-01-25 07:13:02 | INFO     | [DAY_START] Processing 20MAY
[LF] Processing JED-CAI for 20MAY
2026-01-25 07:13:02 | INFO     | [lf.day.start] Processing JED-CAI for 20MAY
[LF] JED↔Cairo route detected - querying both CAI and CCE airports
[LF] Sending SN command: SN20MAYJEDCAI/ASM
[LF] Sending SN command: SN20MAYJEDCCE/ASM
[LF] 20MAY: found 2 direct flights
2026-01-25 07:13:04 | INFO     | [lf.day.flights_found] Found 2 flights on 20MAY
2026-01-25 07:13:06 | INFO     | [lf.flight.extracted] SM478 on 20MAY: BKG=2, LF=1.1%
[LF] SM478 20MAY: BKG=2, GRP=0, CAP=175, LF%=1.1%, Brd-Off=JED-CAI, Classes: I:1, T:1
2026-01-25 07:13:09 | INFO     | [lf.flight.extracted] SM476 on 20MAY: BKG=3, LF=1.8%
[LF] SM476 20MAY: BKG=3, GRP=0, CAP=167, LF%=1.8%, Brd-Off=JED-CAI, Classes: I:3
[LF] Getting WEEKLY/LASTSOLD data for 2 flights
[LF] SM478 20MAY: LASTSOLD=2026-01-01 00:00:00, WEEKLY=0, TODAY=0, YDAY=0
[LF] SM476 20MAY: LASTSOLD=2025-12-16 00:00:00, WEEKLY=0, TODAY=0, YDAY=0
2026-01-25 07:13:13 | INFO     | [SUCCESS] Day 20MAY
2026-01-25 07:13:13 | INFO     | [DAY_START] Processing 19MAY
[LF] Processing JED-CAI for 19MAY
2026-01-25 07:13:13 | INFO     | [lf.day.start] Processing JED-CAI for 19MAY
[LF] JED↔Cairo route detected - querying both CAI and CCE airports
[LF] Sending SN command: SN19MAYJEDCAI/ASM
[LF] Sending SN command: SN19MAYJEDCCE/ASM
[LF] 19MAY: found 3 direct flights
2026-01-25 07:13:15 | INFO     | [lf.day.flights_found] Found 3 flights on 19MAY
2026-01-25 07:13:17 | INFO     | [lf.flight.extracted] SM478 on 19MAY: BKG=0, LF=0.0%
[LF] SM478 19MAY: BKG=0, GRP=0, CAP=175, LF%=0.0%, Brd-Off=JED-CAI
2026-01-25 07:13:21 | INFO     | [lf.flight.extracted] SM476 on 19MAY: BKG=1, LF=0.6%
[LF] SM476 19MAY: BKG=1, GRP=0, CAP=175, LF%=0.6%, Brd-Off=JED-CAI, Classes: I:1
2026-01-25 07:13:24 | INFO     | [lf.flight.extracted] SM480 on 19MAY: BKG=1, LF=0.6%
[LF] SM480 19MAY: BKG=1, GRP=0, CAP=167, LF%=0.6%, Brd-Off=JED-CAI, Classes: I:1
[LF] Getting WEEKLY/LASTSOLD data for 2 flights
[LF] SM476 19MAY: LASTSOLD=2025-11-21 00:00:00, WEEKLY=0, TODAY=0, YDAY=0
[LF] SM480 19MAY: LASTSOLD=2025-12-11 00:00:00, WEEKLY=0, TODAY=0, YDAY=0
2026-01-25 07:13:28 | INFO     | [SUCCESS] Day 19MAY
2026-01-25 07:13:28 | INFO     | [DAY_START] Processing 18MAY
[LF] Processing JED-CAI for 18MAY
2026-01-25 07:13:28 | INFO     | [lf.day.start] Processing JED-CAI for 18MAY
[LF] JED↔Cairo route detected - querying both CAI and CCE airports
[LF] Sending SN command: SN18MAYJEDCAI/ASM
[LF] Sending SN command: SN18MAYJEDCCE/ASM
[LF] 18MAY: found 4 direct flights
2026-01-25 07:13:30 | INFO     | [lf.day.flights_found] Found 4 flights on 18MAY
2026-01-25 07:13:32 | INFO     | [lf.flight.extracted] SM460 on 18MAY: BKG=0, LF=0.0%
[LF] SM460 18MAY: BKG=0, GRP=0, CAP=167, LF%=0.0%, Brd-Off=JED-CAI
2026-01-25 07:13:35 | INFO     | [lf.flight.extracted] SM478 on 18MAY: BKG=0, LF=0.0%
[LF] SM478 18MAY: BKG=0, GRP=0, CAP=175, LF%=0.0%, Brd-Off=JED-CAI
2026-01-25 07:13:38 | INFO     | [lf.flight.extracted] SM476 on 18MAY: BKG=0, LF=0.0%
[LF] SM476 18MAY: BKG=0, GRP=0, CAP=175, LF%=0.0%, Brd-Off=JED-CAI
2026-01-25 07:13:41 | INFO     | [lf.flight.extracted] SM480 on 18MAY: BKG=0, LF=0.0%
[LF] SM480 18MAY: BKG=0, GRP=0, CAP=175, LF%=0.0%, Brd-Off=JED-CAI
2026-01-25 07:13:42 | INFO     | [SUCCESS] Day 18MAY
2026-01-25 07:13:42 | INFO     | [DAY_START] Processing 17MAY
[LF] Processing JED-CAI for 17MAY
2026-01-25 07:13:42 | INFO     | [lf.day.start] Processing JED-CAI for 17MAY
[LF] JED↔Cairo route detected - querying both CAI and CCE airports
[LF] Sending SN command: SN17MAYJEDCAI/ASM
[LF] Sending SN command: SN17MAYJEDCCE/ASM
[LF] 17MAY: found 2 direct flights
2026-01-25 07:13:45 | INFO     | [lf.day.flights_found] Found 2 flights on 17MAY
2026-01-25 07:13:47 | INFO     | [lf.flight.extracted] SM478 on 17MAY: BKG=0, LF=0.0%
[LF] SM478 17MAY: BKG=0, GRP=0, CAP=175, LF%=0.0%, Brd-Off=JED-CAI
2026-01-25 07:13:50 | INFO     | [lf.flight.extracted] SM476 on 17MAY: BKG=3, LF=1.8%
[LF] SM476 17MAY: BKG=3, GRP=0, CAP=167, LF%=1.8%, Brd-Off=JED-CAI, Classes: I:3
[LF] Getting WEEKLY/LASTSOLD data for 1 flights
[LF] SM476 17MAY: LASTSOLD=2025-12-14 00:00:00, WEEKLY=0, TODAY=0, YDAY=0
2026-01-25 07:13:53 | INFO     | [SUCCESS] Day 17MAY
2026-01-25 07:13:53 | INFO     | [DAY_START] Processing 16MAY
[LF] Processing JED-CAI for 16MAY
2026-01-25 07:13:53 | INFO     | [lf.day.start] Processing JED-CAI for 16MAY
[LF] JED↔Cairo route detected - querying both CAI and CCE airports
[LF] Sending SN command: SN16MAYJEDCAI/ASM
[LF] Sending SN command: SN16MAYJEDCCE/ASM
[LF] 16MAY: found 2 direct flights
2026-01-25 07:13:55 | INFO     | [lf.day.flights_found] Found 2 flights on 16MAY
2026-01-25 07:13:57 | INFO     | [lf.flight.extracted] SM478 on 16MAY: BKG=0, LF=0.0%
[LF] SM478 16MAY: BKG=0, GRP=0, CAP=175, LF%=0.0%, Brd-Off=JED-CAI
2026-01-25 07:14:01 | INFO     | [lf.flight.extracted] SM476 on 16MAY: BKG=0, LF=0.0%
[LF] SM476 16MAY: BKG=0, GRP=0, CAP=175, LF%=0.0%, Brd-Off=JED-CAI
2026-01-25 07:14:02 | INFO     | [SUCCESS] Day 16MAY
2026-01-25 07:14:02 | INFO     | [DAY_START] Processing 15MAY
[LF] Processing JED-CAI for 15MAY
2026-01-25 07:14:02 | INFO     | [lf.day.start] Processing JED-CAI for 15MAY
[LF] JED↔Cairo route detected - querying both CAI and CCE airports
[LF] Sending SN command: SN15MAYJEDCAI/ASM
[LF] Sending SN command: SN15MAYJEDCCE/ASM
[LF] 15MAY: found 4 direct flights
2026-01-25 07:14:04 | INFO     | [lf.day.flights_found] Found 4 flights on 15MAY
2026-01-25 07:14:06 | INFO     | [lf.flight.extracted] SM460 on 15MAY: BKG=6, LF=3.6%
[LF] SM460 15MAY: BKG=6, GRP=0, CAP=167, LF%=3.6%, Brd-Off=JED-CAI, Classes: I:4, T:2
2026-01-25 07:14:09 | INFO     | [lf.flight.extracted] SM478 on 15MAY: BKG=0, LF=0.0%
[LF] SM478 15MAY: BKG=0, GRP=0, CAP=175, LF%=0.0%, Brd-Off=JED-CAI
2026-01-25 07:14:12 | INFO     | [lf.flight.extracted] SM476 on 15MAY: BKG=0, LF=0.0%
[LF] SM476 15MAY: BKG=0, GRP=0, CAP=167, LF%=0.0%, Brd-Off=JED-CAI
2026-01-25 07:14:15 | INFO     | [lf.flight.extracted] SM480 on 15MAY: BKG=0, LF=0.0%
[LF] SM480 15MAY: BKG=0, GRP=0, CAP=167, LF%=0.0%, Brd-Off=JED-CAI
[LF] Getting WEEKLY/LASTSOLD data for 1 flights
[LF] SM460 15MAY: LASTSOLD=2026-01-18 00:00:00, WEEKLY=1, TODAY=0, YDAY=0
2026-01-25 07:14:18 | INFO     | [SUCCESS] Day 15MAY
[LF] Results summary:
  2026-05-22: 4 flights
  2026-05-21: 2 flights
  2026-05-20: 2 flights
  2026-05-19: 3 flights
  2026-05-18: 4 flights
  2026-05-17: 2 flights
  2026-05-16: 2 flights
  2026-05-15: 4 flights
2026-01-25 07:14:18 | INFO     | [SUCCESS] LF Search Complete

============================================================
[Worker_9227] ✓ COMPLETED: JED-CAI
  Results: 8 dates
  Errors: 0 dates
  Total Processed: 6 groups
============================================================

2026-01-25 07:14:18 | INFO     | [Worker_9227] Completed: JED-CAI - 8 results, 0 errors

============================================================
[Worker_9227] Processing: ATZ-AHB
  Tier 0: Range 4, Chunk 2/4
  Dates: 8 days
  Date Range: 2026-05-22 to 2026-05-15
============================================================

2026-01-25 07:14:18 | INFO     | [Worker_9227] Processing: ATZ-AHB
2026-01-25 07:14:18 | INFO     |   Tier 0: Range 4, Chunk 2/4 (8 days)
2026-01-25 07:14:18 | INFO     | ======================================================================
2026-01-25 07:14:18 | INFO     | Load Factor Scraper Started - Route: ATZ-AHB
2026-01-25 07:14:18 | INFO     | Log file: D:\CODERED\LAB\Artifacts\outputs\run_generated_250126_at_07.06\logs\LF_ATZ-AHB_20260125_071418.log
2026-01-25 07:14:18 | INFO     | Enhanced logging: Capturing both logging.info() and print()
2026-01-25 07:14:18 | INFO     | ======================================================================
[LF] Processing dates (override): ['22MAY', '21MAY', '20MAY', '19MAY', '18MAY', '17MAY', '16MAY', '15MAY']
[LF] Attaching to Chrome for Altea access
2026-01-25 07:14:18 | INFO     | Starting LF search for route: ATZ-AHB
2026-01-25 07:14:18 | INFO     | [START] LF Search
[LF][[OK] SUCCESS] Connected to Chrome on 127.0.0.1:9227 (after 1 attempts)
2026-01-25 07:14:18 | INFO     | [HEALTH CHECK] [OK] Chrome connection is healthy
[LF][[OK] SUCCESS] Found Amadeus Altea window: Altéa Reservation Desktop
[LF][[INFO] INFO] URL: https://tc212.resdesktop.altea.amadeus.com/app_ard/apf/init/login?SITE=ESMPESMP&LANGUAGE=GB&MARKETS=ARDW_PROD_WBP&ACTION=clpLogin
2026-01-25 07:14:18 | INFO     | [DAY_START] Processing 22MAY
[LF] Processing ATZ-AHB for 22MAY
2026-01-25 07:14:18 | INFO     | [lf.day.start] Processing ATZ-AHB for 22MAY
[LF] Sending SN command: SN22MAYATZAHB/ASM
[LF] No direct flights on 22MAY for ATZ-AHB
2026-01-25 07:14:20 | WARNING  | [lf.day.no_flights] No direct flights on 22MAY
2026-01-25 07:14:20 | INFO     | [SUCCESS] Day 22MAY
2026-01-25 07:14:20 | INFO     | [DAY_START] Processing 21MAY
[LF] Processing ATZ-AHB for 21MAY
2026-01-25 07:14:20 | INFO     | [lf.day.start] Processing ATZ-AHB for 21MAY
[LF] Sending SN command: SN21MAYATZAHB/ASM
[LF] No direct flights on 21MAY for ATZ-AHB
2026-01-25 07:14:21 | WARNING  | [lf.day.no_flights] No direct flights on 21MAY
2026-01-25 07:14:21 | INFO     | [SUCCESS] Day 21MAY
2026-01-25 07:14:21 | INFO     | [DAY_START] Processing 20MAY
[LF] Processing ATZ-AHB for 20MAY
2026-01-25 07:14:21 | INFO     | [lf.day.start] Processing ATZ-AHB for 20MAY
[LF] Sending SN command: SN20MAYATZAHB/ASM
[LF] No direct flights on 20MAY for ATZ-AHB
2026-01-25 07:14:22 | WARNING  | [lf.day.no_flights] No direct flights on 20MAY
2026-01-25 07:14:22 | INFO     | [SUCCESS] Day 20MAY
2026-01-25 07:14:22 | INFO     | [DAY_START] Processing 19MAY
[LF] Processing ATZ-AHB for 19MAY
2026-01-25 07:14:22 | INFO     | [lf.day.start] Processing ATZ-AHB for 19MAY
[LF] Sending SN command: SN19MAYATZAHB/ASM
[LF] No direct flights on 19MAY for ATZ-AHB
2026-01-25 07:14:24 | WARNING  | [lf.day.no_flights] No direct flights on 19MAY
2026-01-25 07:14:24 | INFO     | [SUCCESS] Day 19MAY
2026-01-25 07:14:24 | INFO     | [DAY_START] Processing 18MAY
[LF] Processing ATZ-AHB for 18MAY
2026-01-25 07:14:24 | INFO     | [lf.day.start] Processing ATZ-AHB for 18MAY
[LF] Sending SN command: SN18MAYATZAHB/ASM
[LF] No direct flights on 18MAY for ATZ-AHB
2026-01-25 07:14:25 | WARNING  | [lf.day.no_flights] No direct flights on 18MAY
2026-01-25 07:14:25 | INFO     | [SUCCESS] Day 18MAY
2026-01-25 07:14:25 | INFO     | [DAY_START] Processing 17MAY
[LF] Processing ATZ-AHB for 17MAY
2026-01-25 07:14:25 | INFO     | [lf.day.start] Processing ATZ-AHB for 17MAY
[LF] Sending SN command: SN17MAYATZAHB/ASM
[LF] No direct flights on 17MAY for ATZ-AHB
2026-01-25 07:14:26 | WARNING  | [lf.day.no_flights] No direct flights on 17MAY
2026-01-25 07:14:26 | INFO     | [SUCCESS] Day 17MAY
2026-01-25 07:14:26 | INFO     | [DAY_START] Processing 16MAY
[LF] Processing ATZ-AHB for 16MAY
2026-01-25 07:14:26 | INFO     | [lf.day.start] Processing ATZ-AHB for 16MAY
[LF] Sending SN command: SN16MAYATZAHB/ASM
[LF] No direct flights on 16MAY for ATZ-AHB
2026-01-25 07:14:27 | WARNING  | [lf.day.no_flights] No direct flights on 16MAY
2026-01-25 07:14:27 | INFO     | [SUCCESS] Day 16MAY
2026-01-25 07:14:27 | INFO     | [DAY_START] Processing 15MAY
[LF] Processing ATZ-AHB for 15MAY
2026-01-25 07:14:27 | INFO     | [lf.day.start] Processing ATZ-AHB for 15MAY
[LF] Sending SN command: SN15MAYATZAHB/ASM
[LF] No direct flights on 15MAY for ATZ-AHB
2026-01-25 07:14:28 | WARNING  | [lf.day.no_flights] No direct flights on 15MAY
2026-01-25 07:14:28 | INFO     | [SUCCESS] Day 15MAY
[LF] Results summary:
  2026-05-22: 0 flights
  2026-05-21: 0 flights
  2026-05-20: 0 flights
  2026-05-19: 0 flights
  2026-05-18: 0 flights
  2026-05-17: 0 flights
  2026-05-16: 0 flights
  2026-05-15: 0 flights
2026-01-25 07:14:28 | INFO     | [SUCCESS] LF Search Complete

============================================================
[Worker_9227] ✓ COMPLETED: ATZ-AHB
  Results: 8 dates
  Errors: 0 dates
  Total Processed: 7 groups
============================================================

2026-01-25 07:14:28 | INFO     | [Worker_9227] Completed: ATZ-AHB - 8 results, 0 errors

============================================================
[Worker_9227] Processing: MED-HBE
  Tier 0: Range 4, Chunk 3/4
  Dates: 8 days
  Date Range: 2026-05-14 to 2026-05-07
============================================================

2026-01-25 07:14:28 | INFO     | [Worker_9227] Processing: MED-HBE
2026-01-25 07:14:28 | INFO     |   Tier 0: Range 4, Chunk 3/4 (8 days)
2026-01-25 07:14:28 | INFO     | ======================================================================
2026-01-25 07:14:28 | INFO     | Load Factor Scraper Started - Route: MED-HBE
2026-01-25 07:14:28 | INFO     | Log file: D:\CODERED\LAB\Artifacts\outputs\run_generated_250126_at_07.06\logs\LF_MED-HBE_20260125_071428.log
2026-01-25 07:14:28 | INFO     | Enhanced logging: Capturing both logging.info() and print()
2026-01-25 07:14:28 | INFO     | ======================================================================
[LF] Processing dates (override): ['14MAY', '13MAY', '12MAY', '11MAY', '10MAY', '09MAY', '08MAY', '07MAY']
[LF] Attaching to Chrome for Altea access
2026-01-25 07:14:28 | INFO     | Starting LF search for route: MED-HBE
2026-01-25 07:14:28 | INFO     | [START] LF Search
[LF][[OK] SUCCESS] Connected to Chrome on 127.0.0.1:9227 (after 1 attempts)
2026-01-25 07:14:29 | INFO     | [HEALTH CHECK] [OK] Chrome connection is healthy
[LF][[OK] SUCCESS] Found Amadeus Altea window: Altéa Reservation Desktop
[LF][[INFO] INFO] URL: https://tc212.resdesktop.altea.amadeus.com/app_ard/apf/init/login?SITE=ESMPESMP&LANGUAGE=GB&MARKETS=ARDW_PROD_WBP&ACTION=clpLogin
2026-01-25 07:14:29 | INFO     | [DAY_START] Processing 14MAY
[LF] Processing MED-HBE for 14MAY
2026-01-25 07:14:29 | INFO     | [lf.day.start] Processing MED-HBE for 14MAY
[LF] Sending SN command: SN14MAYMEDHBE/ASM
[LF] 14MAY: found 1 direct flights
2026-01-25 07:14:30 | INFO     | [lf.day.flights_found] Found 1 flights on 14MAY
2026-01-25 07:14:33 | INFO     | [lf.flight.extracted] SM486 on 14MAY: BKG=0, LF=0.0%
[LF] SM486 14MAY: BKG=0, GRP=0, CAP=175, LF%=0.0%, Brd-Off=MED-HBE
2026-01-25 07:14:34 | INFO     | [SUCCESS] Day 14MAY
2026-01-25 07:14:34 | INFO     | [DAY_START] Processing 13MAY
[LF] Processing MED-HBE for 13MAY
2026-01-25 07:14:34 | INFO     | [lf.day.start] Processing MED-HBE for 13MAY
[LF] Sending SN command: SN13MAYMEDHBE/ASM
[LF] No direct flights on 13MAY for MED-HBE
2026-01-25 07:14:35 | WARNING  | [lf.day.no_flights] No direct flights on 13MAY
2026-01-25 07:14:35 | INFO     | [SUCCESS] Day 13MAY
2026-01-25 07:14:35 | INFO     | [DAY_START] Processing 12MAY
[LF] Processing MED-HBE for 12MAY
2026-01-25 07:14:35 | INFO     | [lf.day.start] Processing MED-HBE for 12MAY
[LF] Sending SN command: SN12MAYMEDHBE/ASM
[LF] No direct flights on 12MAY for MED-HBE
2026-01-25 07:14:36 | WARNING  | [lf.day.no_flights] No direct flights on 12MAY
2026-01-25 07:14:36 | INFO     | [SUCCESS] Day 12MAY
2026-01-25 07:14:36 | INFO     | [DAY_START] Processing 11MAY
[LF] Processing MED-HBE for 11MAY
2026-01-25 07:14:36 | INFO     | [lf.day.start] Processing MED-HBE for 11MAY
[LF] Sending SN command: SN11MAYMEDHBE/ASM
[LF] No direct flights on 11MAY for MED-HBE
2026-01-25 07:14:37 | WARNING  | [lf.day.no_flights] No direct flights on 11MAY
2026-01-25 07:14:37 | INFO     | [SUCCESS] Day 11MAY
2026-01-25 07:14:37 | INFO     | [DAY_START] Processing 10MAY
[LF] Processing MED-HBE for 10MAY
2026-01-25 07:14:37 | INFO     | [lf.day.start] Processing MED-HBE for 10MAY
[LF] Sending SN command: SN10MAYMEDHBE/ASM
[LF] 10MAY: found 1 direct flights
2026-01-25 07:14:39 | INFO     | [lf.day.flights_found] Found 1 flights on 10MAY
2026-01-25 07:14:41 | INFO     | [lf.flight.extracted] SM486 on 10MAY: BKG=1, LF=0.6%
[LF] SM486 10MAY: BKG=1, GRP=0, CAP=167, LF%=0.6%, Brd-Off=MED-HBE, Classes: I:1
[LF] Getting WEEKLY/LASTSOLD data for 1 flights
[LF] SM486 10MAY: LASTSOLD=2025-12-01 00:00:00, WEEKLY=0, TODAY=0, YDAY=0
2026-01-25 07:14:43 | INFO     | [SUCCESS] Day 10MAY
2026-01-25 07:14:43 | INFO     | [DAY_START] Processing 09MAY
[LF] Processing MED-HBE for 09MAY
2026-01-25 07:14:43 | INFO     | [lf.day.start] Processing MED-HBE for 09MAY
[LF] Sending SN command: SN09MAYMEDHBE/ASM
[LF] No direct flights on 09MAY for MED-HBE
2026-01-25 07:14:44 | WARNING  | [lf.day.no_flights] No direct flights on 09MAY
2026-01-25 07:14:44 | INFO     | [SUCCESS] Day 09MAY
2026-01-25 07:14:44 | INFO     | [DAY_START] Processing 08MAY
[LF] Processing MED-HBE for 08MAY
2026-01-25 07:14:44 | INFO     | [lf.day.start] Processing MED-HBE for 08MAY
[LF] Sending SN command: SN08MAYMEDHBE/ASM
[LF] No direct flights on 08MAY for MED-HBE
2026-01-25 07:14:45 | WARNING  | [lf.day.no_flights] No direct flights on 08MAY
2026-01-25 07:14:45 | INFO     | [SUCCESS] Day 08MAY
2026-01-25 07:14:45 | INFO     | [DAY_START] Processing 07MAY
[LF] Processing MED-HBE for 07MAY
2026-01-25 07:14:45 | INFO     | [lf.day.start] Processing MED-HBE for 07MAY
[LF] Sending SN command: SN07MAYMEDHBE/ASM
[LF] 07MAY: found 1 direct flights
2026-01-25 07:14:47 | INFO     | [lf.day.flights_found] Found 1 flights on 07MAY
2026-01-25 07:14:50 | INFO     | [lf.flight.extracted] SM486 on 07MAY: BKG=1, LF=0.6%
[LF] SM486 07MAY: BKG=1, GRP=0, CAP=167, LF%=0.6%, Brd-Off=MED-HBE, Classes: I:1
[LF] Getting WEEKLY/LASTSOLD data for 1 flights
[LF] SM486 07MAY: LASTSOLD=2026-01-20 00:00:00, WEEKLY=1, TODAY=0, YDAY=0
2026-01-25 07:14:52 | INFO     | [SUCCESS] Day 07MAY
[LF] Results summary:
  2026-05-14: 1 flights
  2026-05-13: 0 flights
  2026-05-12: 0 flights
  2026-05-11: 0 flights
  2026-05-10: 1 flights
  2026-05-09: 0 flights
  2026-05-08: 0 flights
  2026-05-07: 1 flights
2026-01-25 07:14:52 | INFO     | [SUCCESS] LF Search Complete

============================================================
[Worker_9227] ✓ COMPLETED: MED-HBE
  Results: 8 dates
  Errors: 0 dates
  Total Processed: 8 groups
============================================================

2026-01-25 07:14:52 | INFO     | [Worker_9227] Completed: MED-HBE - 8 results, 0 errors

============================================================
[Worker_9227] Processing: RUH-ATZ
  Tier 0: Range 4, Chunk 3/4
  Dates: 8 days
  Date Range: 2026-05-14 to 2026-05-07
============================================================

2026-01-25 07:14:52 | INFO     | [Worker_9227] Processing: RUH-ATZ
2026-01-25 07:14:52 | INFO     |   Tier 0: Range 4, Chunk 3/4 (8 days)
2026-01-25 07:14:52 | INFO     | ======================================================================
2026-01-25 07:14:52 | INFO     | Load Factor Scraper Started - Route: RUH-ATZ
2026-01-25 07:14:52 | INFO     | Log file: D:\CODERED\LAB\Artifacts\outputs\run_generated_250126_at_07.06\logs\LF_RUH-ATZ_20260125_071452.log
2026-01-25 07:14:52 | INFO     | Enhanced logging: Capturing both logging.info() and print()
2026-01-25 07:14:52 | INFO     | ======================================================================
[LF] Processing dates (override): ['14MAY', '13MAY', '12MAY', '11MAY', '10MAY', '09MAY', '08MAY', '07MAY']
[LF] Attaching to Chrome for Altea access
2026-01-25 07:14:52 | INFO     | Starting LF search for route: RUH-ATZ
2026-01-25 07:14:52 | INFO     | [START] LF Search
[LF][[OK] SUCCESS] Connected to Chrome on 127.0.0.1:9227 (after 1 attempts)
2026-01-25 07:14:53 | INFO     | [HEALTH CHECK] [OK] Chrome connection is healthy
[LF][[OK] SUCCESS] Found Amadeus Altea window: Altéa Reservation Desktop
[LF][[INFO] INFO] URL: https://tc212.resdesktop.altea.amadeus.com/app_ard/apf/init/login?SITE=ESMPESMP&LANGUAGE=GB&MARKETS=ARDW_PROD_WBP&ACTION=clpLogin
2026-01-25 07:14:53 | INFO     | [DAY_START] Processing 14MAY
[LF] Processing RUH-ATZ for 14MAY
2026-01-25 07:14:53 | INFO     | [lf.day.start] Processing RUH-ATZ for 14MAY
[LF] Sending SN command: SN14MAYRUHATZ/ASM
[LF] No direct flights on 14MAY for RUH-ATZ
2026-01-25 07:14:54 | WARNING  | [lf.day.no_flights] No direct flights on 14MAY
2026-01-25 07:14:54 | INFO     | [SUCCESS] Day 14MAY
2026-01-25 07:14:54 | INFO     | [DAY_START] Processing 13MAY
[LF] Processing RUH-ATZ for 13MAY
2026-01-25 07:14:54 | INFO     | [lf.day.start] Processing RUH-ATZ for 13MAY
[LF] Sending SN command: SN13MAYRUHATZ/ASM
[LF] 13MAY: found 1 direct flights
2026-01-25 07:14:56 | INFO     | [lf.day.flights_found] Found 1 flights on 13MAY
2026-01-25 07:14:58 | INFO     | [lf.flight.extracted] SM466 on 13MAY: BKG=18, LF=10.3%
[LF] SM466 13MAY: BKG=18, GRP=0, CAP=175, LF%=10.3%, Brd-Off=RUH-ATZ, Classes: I:4, O:7, U:6, X:1
[LF] Getting WEEKLY/LASTSOLD data for 1 flights
[LF] SM466 13MAY: LASTSOLD=2026-01-19 00:00:00, WEEKLY=1, TODAY=0, YDAY=0
2026-01-25 07:15:00 | INFO     | [SUCCESS] Day 13MAY
2026-01-25 07:15:00 | INFO     | [DAY_START] Processing 12MAY
[LF] Processing RUH-ATZ for 12MAY
2026-01-25 07:15:00 | INFO     | [lf.day.start] Processing RUH-ATZ for 12MAY
[LF] Sending SN command: SN12MAYRUHATZ/ASM
[LF] No direct flights on 12MAY for RUH-ATZ
2026-01-25 07:15:02 | WARNING  | [lf.day.no_flights] No direct flights on 12MAY
2026-01-25 07:15:02 | INFO     | [SUCCESS] Day 12MAY
2026-01-25 07:15:02 | INFO     | [DAY_START] Processing 11MAY
[LF] Processing RUH-ATZ for 11MAY
2026-01-25 07:15:02 | INFO     | [lf.day.start] Processing RUH-ATZ for 11MAY
[LF] Sending SN command: SN11MAYRUHATZ/ASM
[LF] No direct flights on 11MAY for RUH-ATZ
2026-01-25 07:15:03 | WARNING  | [lf.day.no_flights] No direct flights on 11MAY
2026-01-25 07:15:03 | INFO     | [SUCCESS] Day 11MAY
2026-01-25 07:15:03 | INFO     | [DAY_START] Processing 10MAY
[LF] Processing RUH-ATZ for 10MAY
2026-01-25 07:15:03 | INFO     | [lf.day.start] Processing RUH-ATZ for 10MAY
[LF] Sending SN command: SN10MAYRUHATZ/ASM
[LF] No direct flights on 10MAY for RUH-ATZ
2026-01-25 07:15:04 | WARNING  | [lf.day.no_flights] No direct flights on 10MAY
2026-01-25 07:15:04 | INFO     | [SUCCESS] Day 10MAY
2026-01-25 07:15:04 | INFO     | [DAY_START] Processing 09MAY
[LF] Processing RUH-ATZ for 09MAY
2026-01-25 07:15:04 | INFO     | [lf.day.start] Processing RUH-ATZ for 09MAY
[LF] Sending SN command: SN09MAYRUHATZ/ASM
[LF] No direct flights on 09MAY for RUH-ATZ
2026-01-25 07:15:05 | WARNING  | [lf.day.no_flights] No direct flights on 09MAY
2026-01-25 07:15:05 | INFO     | [SUCCESS] Day 09MAY
2026-01-25 07:15:05 | INFO     | [DAY_START] Processing 08MAY
[LF] Processing RUH-ATZ for 08MAY
2026-01-25 07:15:05 | INFO     | [lf.day.start] Processing RUH-ATZ for 08MAY
[LF] Sending SN command: SN08MAYRUHATZ/ASM
[LF] No direct flights on 08MAY for RUH-ATZ
2026-01-25 07:15:06 | WARNING  | [lf.day.no_flights] No direct flights on 08MAY
2026-01-25 07:15:06 | INFO     | [SUCCESS] Day 08MAY
2026-01-25 07:15:06 | INFO     | [DAY_START] Processing 07MAY
[LF] Processing RUH-ATZ for 07MAY
2026-01-25 07:15:06 | INFO     | [lf.day.start] Processing RUH-ATZ for 07MAY
[LF] Sending SN command: SN07MAYRUHATZ/ASM
[LF] No direct flights on 07MAY for RUH-ATZ
2026-01-25 07:15:08 | WARNING  | [lf.day.no_flights] No direct flights on 07MAY
2026-01-25 07:15:08 | INFO     | [SUCCESS] Day 07MAY
[LF] Results summary:
  2026-05-14: 0 flights
  2026-05-13: 1 flights
  2026-05-12: 0 flights
  2026-05-11: 0 flights
  2026-05-10: 0 flights
  2026-05-09: 0 flights
  2026-05-08: 0 flights
  2026-05-07: 0 flights
2026-01-25 07:15:08 | INFO     | [SUCCESS] LF Search Complete

============================================================
[Worker_9227] ✓ COMPLETED: RUH-ATZ
  Results: 8 dates
  Errors: 0 dates
  Total Processed: 9 groups
============================================================

2026-01-25 07:15:08 | INFO     | [Worker_9227] Completed: RUH-ATZ - 8 results, 0 errors

============================================================
[Worker_9227] Processing: TUU-ATZ
  Tier 0: Range 4, Chunk 3/4
  Dates: 8 days
  Date Range: 2026-05-14 to 2026-05-07
============================================================

2026-01-25 07:15:08 | INFO     | [Worker_9227] Processing: TUU-ATZ
2026-01-25 07:15:08 | INFO     |   Tier 0: Range 4, Chunk 3/4 (8 days)
2026-01-25 07:15:08 | INFO     | ======================================================================
2026-01-25 07:15:08 | INFO     | Load Factor Scraper Started - Route: TUU-ATZ
2026-01-25 07:15:08 | INFO     | Log file: D:\CODERED\LAB\Artifacts\outputs\run_generated_250126_at_07.06\logs\LF_TUU-ATZ_20260125_071508.log
2026-01-25 07:15:08 | INFO     | Enhanced logging: Capturing both logging.info() and print()
2026-01-25 07:15:08 | INFO     | ======================================================================
[LF] Processing dates (override): ['14MAY', '13MAY', '12MAY', '11MAY', '10MAY', '09MAY', '08MAY', '07MAY']
[LF] Attaching to Chrome for Altea access
2026-01-25 07:15:08 | INFO     | Starting LF search for route: TUU-ATZ
2026-01-25 07:15:08 | INFO     | [START] LF Search
[LF][[OK] SUCCESS] Connected to Chrome on 127.0.0.1:9227 (after 1 attempts)
2026-01-25 07:15:08 | INFO     | [HEALTH CHECK] [OK] Chrome connection is healthy
[LF][[OK] SUCCESS] Found Amadeus Altea window: Altéa Reservation Desktop
[LF][[INFO] INFO] URL: https://tc212.resdesktop.altea.amadeus.com/app_ard/apf/init/login?SITE=ESMPESMP&LANGUAGE=GB&MARKETS=ARDW_PROD_WBP&ACTION=clpLogin
2026-01-25 07:15:08 | INFO     | [DAY_START] Processing 14MAY
[LF] Processing TUU-ATZ for 14MAY
2026-01-25 07:15:08 | INFO     | [lf.day.start] Processing TUU-ATZ for 14MAY
[LF] Sending SN command: SN14MAYTUUATZ/ASM
[LF] No direct flights on 14MAY for TUU-ATZ
2026-01-25 07:15:09 | WARNING  | [lf.day.no_flights] No direct flights on 14MAY
2026-01-25 07:15:09 | INFO     | [SUCCESS] Day 14MAY
2026-01-25 07:15:09 | INFO     | [DAY_START] Processing 13MAY
[LF] Processing TUU-ATZ for 13MAY
2026-01-25 07:15:09 | INFO     | [lf.day.start] Processing TUU-ATZ for 13MAY
[LF] Sending SN command: SN13MAYTUUATZ/ASM
[LF] No direct flights on 13MAY for TUU-ATZ
2026-01-25 07:15:11 | WARNING  | [lf.day.no_flights] No direct flights on 13MAY
2026-01-25 07:15:11 | INFO     | [SUCCESS] Day 13MAY
2026-01-25 07:15:11 | INFO     | [DAY_START] Processing 12MAY
[LF] Processing TUU-ATZ for 12MAY
2026-01-25 07:15:11 | INFO     | [lf.day.start] Processing TUU-ATZ for 12MAY
[LF] Sending SN command: SN12MAYTUUATZ/ASM
[LF] No direct flights on 12MAY for TUU-ATZ
2026-01-25 07:15:12 | WARNING  | [lf.day.no_flights] No direct flights on 12MAY
2026-01-25 07:15:12 | INFO     | [SUCCESS] Day 12MAY
2026-01-25 07:15:12 | INFO     | [DAY_START] Processing 11MAY
[LF] Processing TUU-ATZ for 11MAY
2026-01-25 07:15:12 | INFO     | [lf.day.start] Processing TUU-ATZ for 11MAY
[LF] Sending SN command: SN11MAYTUUATZ/ASM
[LF] No direct flights on 11MAY for TUU-ATZ
2026-01-25 07:15:13 | WARNING  | [lf.day.no_flights] No direct flights on 11MAY
2026-01-25 07:15:13 | INFO     | [SUCCESS] Day 11MAY
2026-01-25 07:15:13 | INFO     | [DAY_START] Processing 10MAY
[LF] Processing TUU-ATZ for 10MAY
2026-01-25 07:15:13 | INFO     | [lf.day.start] Processing TUU-ATZ for 10MAY
[LF] Sending SN command: SN10MAYTUUATZ/ASM
[LF] No direct flights on 10MAY for TUU-ATZ
2026-01-25 07:15:14 | WARNING  | [lf.day.no_flights] No direct flights on 10MAY
2026-01-25 07:15:14 | INFO     | [SUCCESS] Day 10MAY
2026-01-25 07:15:14 | INFO     | [DAY_START] Processing 09MAY
[LF] Processing TUU-ATZ for 09MAY
2026-01-25 07:15:14 | INFO     | [lf.day.start] Processing TUU-ATZ for 09MAY
[LF] Sending SN command: SN09MAYTUUATZ/ASM
[LF] No direct flights on 09MAY for TUU-ATZ
2026-01-25 07:15:15 | WARNING  | [lf.day.no_flights] No direct flights on 09MAY
2026-01-25 07:15:15 | INFO     | [SUCCESS] Day 09MAY
2026-01-25 07:15:15 | INFO     | [DAY_START] Processing 08MAY
[LF] Processing TUU-ATZ for 08MAY
2026-01-25 07:15:15 | INFO     | [lf.day.start] Processing TUU-ATZ for 08MAY
[LF] Sending SN command: SN08MAYTUUATZ/ASM
[LF] No direct flights on 08MAY for TUU-ATZ
2026-01-25 07:15:16 | WARNING  | [lf.day.no_flights] No direct flights on 08MAY
2026-01-25 07:15:16 | INFO     | [SUCCESS] Day 08MAY
2026-01-25 07:15:16 | INFO     | [DAY_START] Processing 07MAY
[LF] Processing TUU-ATZ for 07MAY
2026-01-25 07:15:16 | INFO     | [lf.day.start] Processing TUU-ATZ for 07MAY
[LF] Sending SN command: SN07MAYTUUATZ/ASM
[LF] No direct flights on 07MAY for TUU-ATZ
2026-01-25 07:15:17 | WARNING  | [lf.day.no_flights] No direct flights on 07MAY
2026-01-25 07:15:17 | INFO     | [SUCCESS] Day 07MAY
[LF] Results summary:
  2026-05-14: 0 flights
  2026-05-13: 0 flights
  2026-05-12: 0 flights
  2026-05-11: 0 flights
  2026-05-10: 0 flights
  2026-05-09: 0 flights
  2026-05-08: 0 flights
  2026-05-07: 0 flights
2026-01-25 07:15:17 | INFO     | [SUCCESS] LF Search Complete

============================================================
[Worker_9227] ✓ COMPLETED: TUU-ATZ
  Results: 8 dates
  Errors: 0 dates
  Total Processed: 10 groups
============================================================

2026-01-25 07:15:17 | INFO     | [Worker_9227] Completed: TUU-ATZ - 8 results, 0 errors

============================================================
[Worker_9227] Processing: AJF-ATZ
  Tier 0: Range 4, Chunk 3/4
  Dates: 8 days
  Date Range: 2026-05-14 to 2026-05-07
============================================================

2026-01-25 07:15:17 | INFO     | [Worker_9227] Processing: AJF-ATZ
2026-01-25 07:15:17 | INFO     |   Tier 0: Range 4, Chunk 3/4 (8 days)
2026-01-25 07:15:17 | INFO     | ======================================================================
2026-01-25 07:15:17 | INFO     | Load Factor Scraper Started - Route: AJF-ATZ
2026-01-25 07:15:17 | INFO     | Log file: D:\CODERED\LAB\Artifacts\outputs\run_generated_250126_at_07.06\logs\LF_AJF-ATZ_20260125_071517.log
2026-01-25 07:15:17 | INFO     | Enhanced logging: Capturing both logging.info() and print()
2026-01-25 07:15:17 | INFO     | ======================================================================
[LF] Processing dates (override): ['14MAY', '13MAY', '12MAY', '11MAY', '10MAY', '09MAY', '08MAY', '07MAY']
[LF] Attaching to Chrome for Altea access
2026-01-25 07:15:17 | INFO     | Starting LF search for route: AJF-ATZ
2026-01-25 07:15:17 | INFO     | [START] LF Search
[LF][[OK] SUCCESS] Connected to Chrome on 127.0.0.1:9227 (after 1 attempts)
2026-01-25 07:15:18 | INFO     | [HEALTH CHECK] [OK] Chrome connection is healthy
[LF][[OK] SUCCESS] Found Amadeus Altea window: Altéa Reservation Desktop
[LF][[INFO] INFO] URL: https://tc212.resdesktop.altea.amadeus.com/app_ard/apf/init/login?SITE=ESMPESMP&LANGUAGE=GB&MARKETS=ARDW_PROD_WBP&ACTION=clpLogin
2026-01-25 07:15:18 | INFO     | [DAY_START] Processing 14MAY
[LF] Processing AJF-ATZ for 14MAY
2026-01-25 07:15:18 | INFO     | [lf.day.start] Processing AJF-ATZ for 14MAY
[LF] Sending SN command: SN14MAYAJFATZ/ASM
[LF] No direct flights on 14MAY for AJF-ATZ
2026-01-25 07:15:19 | WARNING  | [lf.day.no_flights] No direct flights on 14MAY
2026-01-25 07:15:19 | INFO     | [SUCCESS] Day 14MAY
2026-01-25 07:15:19 | INFO     | [DAY_START] Processing 13MAY
[LF] Processing AJF-ATZ for 13MAY
2026-01-25 07:15:19 | INFO     | [lf.day.start] Processing AJF-ATZ for 13MAY
[LF] Sending SN command: SN13MAYAJFATZ/ASM
[LF] No direct flights on 13MAY for AJF-ATZ
2026-01-25 07:15:21 | WARNING  | [lf.day.no_flights] No direct flights on 13MAY
2026-01-25 07:15:21 | INFO     | [SUCCESS] Day 13MAY
2026-01-25 07:15:21 | INFO     | [DAY_START] Processing 12MAY
[LF] Processing AJF-ATZ for 12MAY
2026-01-25 07:15:21 | INFO     | [lf.day.start] Processing AJF-ATZ for 12MAY
[LF] Sending SN command: SN12MAYAJFATZ/ASM
[LF] No direct flights on 12MAY for AJF-ATZ
2026-01-25 07:15:22 | WARNING  | [lf.day.no_flights] No direct flights on 12MAY
2026-01-25 07:15:22 | INFO     | [SUCCESS] Day 12MAY
2026-01-25 07:15:22 | INFO     | [DAY_START] Processing 11MAY
[LF] Processing AJF-ATZ for 11MAY
2026-01-25 07:15:22 | INFO     | [lf.day.start] Processing AJF-ATZ for 11MAY
[LF] Sending SN command: SN11MAYAJFATZ/ASM
[LF] No direct flights on 11MAY for AJF-ATZ
2026-01-25 07:15:24 | WARNING  | [lf.day.no_flights] No direct flights on 11MAY
2026-01-25 07:15:24 | INFO     | [SUCCESS] Day 11MAY
2026-01-25 07:15:24 | INFO     | [DAY_START] Processing 10MAY
[LF] Processing AJF-ATZ for 10MAY
2026-01-25 07:15:24 | INFO     | [lf.day.start] Processing AJF-ATZ for 10MAY
[LF] Sending SN command: SN10MAYAJFATZ/ASM
[LF] No direct flights on 10MAY for AJF-ATZ
2026-01-25 07:15:26 | WARNING  | [lf.day.no_flights] No direct flights on 10MAY
2026-01-25 07:15:26 | INFO     | [SUCCESS] Day 10MAY
2026-01-25 07:15:26 | INFO     | [DAY_START] Processing 09MAY
[LF] Processing AJF-ATZ for 09MAY
2026-01-25 07:15:26 | INFO     | [lf.day.start] Processing AJF-ATZ for 09MAY
[LF] Sending SN command: SN09MAYAJFATZ/ASM
[LF] No direct flights on 09MAY for AJF-ATZ
2026-01-25 07:15:27 | WARNING  | [lf.day.no_flights] No direct flights on 09MAY
2026-01-25 07:15:27 | INFO     | [SUCCESS] Day 09MAY
2026-01-25 07:15:27 | INFO     | [DAY_START] Processing 08MAY
[LF] Processing AJF-ATZ for 08MAY
2026-01-25 07:15:27 | INFO     | [lf.day.start] Processing AJF-ATZ for 08MAY
[LF] Sending SN command: SN08MAYAJFATZ/ASM
[LF] No direct flights on 08MAY for AJF-ATZ
2026-01-25 07:15:28 | WARNING  | [lf.day.no_flights] No direct flights on 08MAY
2026-01-25 07:15:28 | INFO     | [SUCCESS] Day 08MAY
2026-01-25 07:15:28 | INFO     | [DAY_START] Processing 07MAY
[LF] Processing AJF-ATZ for 07MAY
2026-01-25 07:15:28 | INFO     | [lf.day.start] Processing AJF-ATZ for 07MAY
[LF] Sending SN command: SN07MAYAJFATZ/ASM
[LF] No direct flights on 07MAY for AJF-ATZ
2026-01-25 07:15:29 | WARNING  | [lf.day.no_flights] No direct flights on 07MAY
2026-01-25 07:15:29 | INFO     | [SUCCESS] Day 07MAY
[LF] Results summary:
  2026-05-14: 0 flights
  2026-05-13: 0 flights
  2026-05-12: 0 flights
  2026-05-11: 0 flights
  2026-05-10: 0 flights
  2026-05-09: 0 flights
  2026-05-08: 0 flights
  2026-05-07: 0 flights
2026-01-25 07:15:29 | INFO     | [SUCCESS] LF Search Complete

============================================================
[Worker_9227] ✓ COMPLETED: AJF-ATZ
  Results: 8 dates
  Errors: 0 dates
  Total Processed: 11 groups
============================================================

2026-01-25 07:15:29 | INFO     | [Worker_9227] Completed: AJF-ATZ - 8 results, 0 errors

============================================================
[Worker_9227] Processing: ELQ-ATZ
  Tier 0: Range 4, Chunk 3/4
  Dates: 8 days
  Date Range: 2026-05-14 to 2026-05-07
============================================================

2026-01-25 07:15:29 | INFO     | [Worker_9227] Processing: ELQ-ATZ
2026-01-25 07:15:29 | INFO     |   Tier 0: Range 4, Chunk 3/4 (8 days)
2026-01-25 07:15:29 | INFO     | ======================================================================
2026-01-25 07:15:29 | INFO     | Load Factor Scraper Started - Route: ELQ-ATZ
2026-01-25 07:15:29 | INFO     | Log file: D:\CODERED\LAB\Artifacts\outputs\run_generated_250126_at_07.06\logs\LF_ELQ-ATZ_20260125_071529.log
2026-01-25 07:15:29 | INFO     | Enhanced logging: Capturing both logging.info() and print()
2026-01-25 07:15:29 | INFO     | ======================================================================
[LF] Processing dates (override): ['14MAY', '13MAY', '12MAY', '11MAY', '10MAY', '09MAY', '08MAY', '07MAY']
[LF] Attaching to Chrome for Altea access
2026-01-25 07:15:29 | INFO     | Starting LF search for route: ELQ-ATZ
2026-01-25 07:15:29 | INFO     | [START] LF Search
[LF][[OK] SUCCESS] Connected to Chrome on 127.0.0.1:9227 (after 1 attempts)
2026-01-25 07:15:30 | INFO     | [HEALTH CHECK] [OK] Chrome connection is healthy
[LF][[OK] SUCCESS] Found Amadeus Altea window: Altéa Reservation Desktop
[LF][[INFO] INFO] URL: https://tc212.resdesktop.altea.amadeus.com/app_ard/apf/init/login?SITE=ESMPESMP&LANGUAGE=GB&MARKETS=ARDW_PROD_WBP&ACTION=clpLogin
2026-01-25 07:15:30 | INFO     | [DAY_START] Processing 14MAY
[LF] Processing ELQ-ATZ for 14MAY
2026-01-25 07:15:30 | INFO     | [lf.day.start] Processing ELQ-ATZ for 14MAY
[LF] Sending SN command: SN14MAYELQATZ/ASM
[LF] No direct flights on 14MAY for ELQ-ATZ
2026-01-25 07:15:31 | WARNING  | [lf.day.no_flights] No direct flights on 14MAY
2026-01-25 07:15:31 | INFO     | [SUCCESS] Day 14MAY
2026-01-25 07:15:31 | INFO     | [DAY_START] Processing 13MAY
[LF] Processing ELQ-ATZ for 13MAY
2026-01-25 07:15:31 | INFO     | [lf.day.start] Processing ELQ-ATZ for 13MAY
[LF] Sending SN command: SN13MAYELQATZ/ASM
[LF] No direct flights on 13MAY for ELQ-ATZ
2026-01-25 07:15:32 | WARNING  | [lf.day.no_flights] No direct flights on 13MAY
2026-01-25 07:15:32 | INFO     | [SUCCESS] Day 13MAY
2026-01-25 07:15:32 | INFO     | [DAY_START] Processing 12MAY
[LF] Processing ELQ-ATZ for 12MAY
2026-01-25 07:15:32 | INFO     | [lf.day.start] Processing ELQ-ATZ for 12MAY
[LF] Sending SN command: SN12MAYELQATZ/ASM
[LF] No direct flights on 12MAY for ELQ-ATZ
2026-01-25 07:15:33 | WARNING  | [lf.day.no_flights] No direct flights on 12MAY
2026-01-25 07:15:33 | INFO     | [SUCCESS] Day 12MAY
2026-01-25 07:15:33 | INFO     | [DAY_START] Processing 11MAY
[LF] Processing ELQ-ATZ for 11MAY
2026-01-25 07:15:33 | INFO     | [lf.day.start] Processing ELQ-ATZ for 11MAY
[LF] Sending SN command: SN11MAYELQATZ/ASM
[LF] No direct flights on 11MAY for ELQ-ATZ
2026-01-25 07:15:34 | WARNING  | [lf.day.no_flights] No direct flights on 11MAY
2026-01-25 07:15:34 | INFO     | [SUCCESS] Day 11MAY
2026-01-25 07:15:34 | INFO     | [DAY_START] Processing 10MAY
[LF] Processing ELQ-ATZ for 10MAY
2026-01-25 07:15:34 | INFO     | [lf.day.start] Processing ELQ-ATZ for 10MAY
[LF] Sending SN command: SN10MAYELQATZ/ASM
[LF] No direct flights on 10MAY for ELQ-ATZ
2026-01-25 07:15:36 | WARNING  | [lf.day.no_flights] No direct flights on 10MAY
2026-01-25 07:15:36 | INFO     | [SUCCESS] Day 10MAY
2026-01-25 07:15:36 | INFO     | [DAY_START] Processing 09MAY
[LF] Processing ELQ-ATZ for 09MAY
2026-01-25 07:15:36 | INFO     | [lf.day.start] Processing ELQ-ATZ for 09MAY
[LF] Sending SN command: SN09MAYELQATZ/ASM
[LF] No direct flights on 09MAY for ELQ-ATZ
2026-01-25 07:15:37 | WARNING  | [lf.day.no_flights] No direct flights on 09MAY
2026-01-25 07:15:37 | INFO     | [SUCCESS] Day 09MAY
2026-01-25 07:15:37 | INFO     | [DAY_START] Processing 08MAY
[LF] Processing ELQ-ATZ for 08MAY
2026-01-25 07:15:37 | INFO     | [lf.day.start] Processing ELQ-ATZ for 08MAY
[LF] Sending SN command: SN08MAYELQATZ/ASM
[LF] No direct flights on 08MAY for ELQ-ATZ
2026-01-25 07:15:39 | WARNING  | [lf.day.no_flights] No direct flights on 08MAY
2026-01-25 07:15:39 | INFO     | [SUCCESS] Day 08MAY
2026-01-25 07:15:39 | INFO     | [DAY_START] Processing 07MAY
[LF] Processing ELQ-ATZ for 07MAY
2026-01-25 07:15:39 | INFO     | [lf.day.start] Processing ELQ-ATZ for 07MAY
[LF] Sending SN command: SN07MAYELQATZ/ASM
[LF] No direct flights on 07MAY for ELQ-ATZ
2026-01-25 07:15:40 | WARNING  | [lf.day.no_flights] No direct flights on 07MAY
2026-01-25 07:15:40 | INFO     | [SUCCESS] Day 07MAY
[LF] Results summary:
  2026-05-14: 0 flights
  2026-05-13: 0 flights
  2026-05-12: 0 flights
  2026-05-11: 0 flights
  2026-05-10: 0 flights
  2026-05-09: 0 flights
  2026-05-08: 0 flights
  2026-05-07: 0 flights
2026-01-25 07:15:40 | INFO     | [SUCCESS] LF Search Complete

============================================================
[Worker_9227] ✓ COMPLETED: ELQ-ATZ
  Results: 8 dates
  Errors: 0 dates
  Total Processed: 12 groups
============================================================

2026-01-25 07:15:40 | INFO     | [Worker_9227] Completed: ELQ-ATZ - 8 results, 0 errors

============================================================
[Worker_9227] Processing: ATZ-MED
  Tier 0: Range 4, Chunk 3/4
  Dates: 8 days
  Date Range: 2026-05-14 to 2026-05-07
============================================================

2026-01-25 07:15:40 | INFO     | [Worker_9227] Processing: ATZ-MED
2026-01-25 07:15:40 | INFO     |   Tier 0: Range 4, Chunk 3/4 (8 days)
2026-01-25 07:15:40 | INFO     | ======================================================================
2026-01-25 07:15:40 | INFO     | Load Factor Scraper Started - Route: ATZ-MED
2026-01-25 07:15:40 | INFO     | Log file: D:\CODERED\LAB\Artifacts\outputs\run_generated_250126_at_07.06\logs\LF_ATZ-MED_20260125_071540.log
2026-01-25 07:15:40 | INFO     | Enhanced logging: Capturing both logging.info() and print()
2026-01-25 07:15:40 | INFO     | ======================================================================
[LF] Processing dates (override): ['14MAY', '13MAY', '12MAY', '11MAY', '10MAY', '09MAY', '08MAY', '07MAY']
[LF] Attaching to Chrome for Altea access
2026-01-25 07:15:40 | INFO     | Starting LF search for route: ATZ-MED
2026-01-25 07:15:40 | INFO     | [START] LF Search
[LF][[OK] SUCCESS] Connected to Chrome on 127.0.0.1:9227 (after 1 attempts)
2026-01-25 07:15:41 | INFO     | [HEALTH CHECK] [OK] Chrome connection is healthy
[LF][[OK] SUCCESS] Found Amadeus Altea window: Altéa Reservation Desktop
[LF][[INFO] INFO] URL: https://tc212.resdesktop.altea.amadeus.com/app_ard/apf/init/login?SITE=ESMPESMP&LANGUAGE=GB&MARKETS=ARDW_PROD_WBP&ACTION=clpLogin
2026-01-25 07:15:41 | INFO     | [DAY_START] Processing 14MAY
[LF] Processing ATZ-MED for 14MAY
2026-01-25 07:15:41 | INFO     | [lf.day.start] Processing ATZ-MED for 14MAY
[LF] Sending SN command: SN14MAYATZMED/ASM
[LF] No direct flights on 14MAY for ATZ-MED
2026-01-25 07:15:43 | WARNING  | [lf.day.no_flights] No direct flights on 14MAY
2026-01-25 07:15:43 | INFO     | [SUCCESS] Day 14MAY
2026-01-25 07:15:43 | INFO     | [DAY_START] Processing 13MAY
[LF] Processing ATZ-MED for 13MAY
2026-01-25 07:15:43 | INFO     | [lf.day.start] Processing ATZ-MED for 13MAY
[LF] Sending SN command: SN13MAYATZMED/ASM
[LF] No direct flights on 13MAY for ATZ-MED
2026-01-25 07:15:44 | WARNING  | [lf.day.no_flights] No direct flights on 13MAY
2026-01-25 07:15:44 | INFO     | [SUCCESS] Day 13MAY
2026-01-25 07:15:44 | INFO     | [DAY_START] Processing 12MAY
[LF] Processing ATZ-MED for 12MAY
2026-01-25 07:15:44 | INFO     | [lf.day.start] Processing ATZ-MED for 12MAY
[LF] Sending SN command: SN12MAYATZMED/ASM
[LF] No direct flights on 12MAY for ATZ-MED
2026-01-25 07:15:45 | WARNING  | [lf.day.no_flights] No direct flights on 12MAY
2026-01-25 07:15:45 | INFO     | [SUCCESS] Day 12MAY
2026-01-25 07:15:45 | INFO     | [DAY_START] Processing 11MAY
[LF] Processing ATZ-MED for 11MAY
2026-01-25 07:15:45 | INFO     | [lf.day.start] Processing ATZ-MED for 11MAY
[LF] Sending SN command: SN11MAYATZMED/ASM
[LF] No direct flights on 11MAY for ATZ-MED
2026-01-25 07:15:46 | WARNING  | [lf.day.no_flights] No direct flights on 11MAY
2026-01-25 07:15:46 | INFO     | [SUCCESS] Day 11MAY
2026-01-25 07:15:46 | INFO     | [DAY_START] Processing 10MAY
[LF] Processing ATZ-MED for 10MAY
2026-01-25 07:15:46 | INFO     | [lf.day.start] Processing ATZ-MED for 10MAY
[LF] Sending SN command: SN10MAYATZMED/ASM
[LF] 10MAY: found 1 direct flights
2026-01-25 07:15:47 | INFO     | [lf.day.flights_found] Found 1 flights on 10MAY
2026-01-25 07:15:49 | INFO     | [lf.flight.extracted] SM487 on 10MAY: BKG=3, LF=1.7%
[LF] SM487 10MAY: BKG=3, GRP=0, CAP=179, LF%=1.7%, Brd-Off=ATZ-MED, Classes: T:3
[LF] Getting WEEKLY/LASTSOLD data for 1 flights
[LF] SM487 10MAY: LASTSOLD=2025-12-31 00:00:00, WEEKLY=0, TODAY=0, YDAY=0
2026-01-25 07:15:51 | INFO     | [SUCCESS] Day 10MAY
2026-01-25 07:15:51 | INFO     | [DAY_START] Processing 09MAY
[LF] Processing ATZ-MED for 09MAY
2026-01-25 07:15:51 | INFO     | [lf.day.start] Processing ATZ-MED for 09MAY
[LF] Sending SN command: SN09MAYATZMED/ASM
[LF] No direct flights on 09MAY for ATZ-MED
2026-01-25 07:15:53 | WARNING  | [lf.day.no_flights] No direct flights on 09MAY
2026-01-25 07:15:53 | INFO     | [SUCCESS] Day 09MAY
2026-01-25 07:15:53 | INFO     | [DAY_START] Processing 08MAY
[LF] Processing ATZ-MED for 08MAY
2026-01-25 07:15:53 | INFO     | [lf.day.start] Processing ATZ-MED for 08MAY
[LF] Sending SN command: SN08MAYATZMED/ASM
[LF] No direct flights on 08MAY for ATZ-MED
2026-01-25 07:15:54 | WARNING  | [lf.day.no_flights] No direct flights on 08MAY
2026-01-25 07:15:54 | INFO     | [SUCCESS] Day 08MAY
2026-01-25 07:15:54 | INFO     | [DAY_START] Processing 07MAY
[LF] Processing ATZ-MED for 07MAY
2026-01-25 07:15:54 | INFO     | [lf.day.start] Processing ATZ-MED for 07MAY
[LF] Sending SN command: SN07MAYATZMED/ASM
[LF] No direct flights on 07MAY for ATZ-MED
2026-01-25 07:15:55 | WARNING  | [lf.day.no_flights] No direct flights on 07MAY
2026-01-25 07:15:55 | INFO     | [SUCCESS] Day 07MAY
[LF] Results summary:
  2026-05-14: 0 flights
  2026-05-13: 0 flights
  2026-05-12: 0 flights
  2026-05-11: 0 flights
  2026-05-10: 1 flights
  2026-05-09: 0 flights
  2026-05-08: 0 flights
  2026-05-07: 0 flights
2026-01-25 07:15:55 | INFO     | [SUCCESS] LF Search Complete

============================================================
[Worker_9227] ✓ COMPLETED: ATZ-MED
  Results: 8 dates
  Errors: 0 dates
  Total Processed: 13 groups
============================================================

2026-01-25 07:15:55 | INFO     | [Worker_9227] Completed: ATZ-MED - 8 results, 0 errors

============================================================
[Worker_9227] Processing: ATZ-JED
  Tier 0: Range 4, Chunk 3/4
  Dates: 8 days
  Date Range: 2026-05-14 to 2026-05-07
============================================================

2026-01-25 07:15:55 | INFO     | [Worker_9227] Processing: ATZ-JED
2026-01-25 07:15:55 | INFO     |   Tier 0: Range 4, Chunk 3/4 (8 days)
2026-01-25 07:15:55 | INFO     | ======================================================================
2026-01-25 07:15:55 | INFO     | Load Factor Scraper Started - Route: ATZ-JED
2026-01-25 07:15:55 | INFO     | Log file: D:\CODERED\LAB\Artifacts\outputs\run_generated_250126_at_07.06\logs\LF_ATZ-JED_20260125_071555.log
2026-01-25 07:15:55 | INFO     | Enhanced logging: Capturing both logging.info() and print()
2026-01-25 07:15:55 | INFO     | ======================================================================
[LF] Processing dates (override): ['14MAY', '13MAY', '12MAY', '11MAY', '10MAY', '09MAY', '08MAY', '07MAY']
[LF] Attaching to Chrome for Altea access
2026-01-25 07:15:55 | INFO     | Starting LF search for route: ATZ-JED
2026-01-25 07:15:55 | INFO     | [START] LF Search
[LF][[OK] SUCCESS] Connected to Chrome on 127.0.0.1:9227 (after 1 attempts)
2026-01-25 07:15:56 | INFO     | [HEALTH CHECK] [OK] Chrome connection is healthy
[LF][[OK] SUCCESS] Found Amadeus Altea window: Altéa Reservation Desktop
[LF][[INFO] INFO] URL: https://tc212.resdesktop.altea.amadeus.com/app_ard/apf/init/login?SITE=ESMPESMP&LANGUAGE=GB&MARKETS=ARDW_PROD_WBP&ACTION=clpLogin
2026-01-25 07:15:56 | INFO     | [DAY_START] Processing 14MAY
[LF] Processing ATZ-JED for 14MAY
2026-01-25 07:15:56 | INFO     | [lf.day.start] Processing ATZ-JED for 14MAY
[LF] Sending SN command: SN14MAYATZJED/ASM
[LF] 14MAY: found 1 direct flights
2026-01-25 07:15:57 | INFO     | [lf.day.flights_found] Found 1 flights on 14MAY
2026-01-25 07:15:59 | INFO     | [lf.flight.extracted] SM455 on 14MAY: BKG=0, LF=0.0%
[LF] SM455 14MAY: BKG=0, GRP=0, CAP=179, LF%=0.0%, Brd-Off=ATZ-JED
2026-01-25 07:16:00 | INFO     | [SUCCESS] Day 14MAY
2026-01-25 07:16:00 | INFO     | [DAY_START] Processing 13MAY
[LF] Processing ATZ-JED for 13MAY
2026-01-25 07:16:00 | INFO     | [lf.day.start] Processing ATZ-JED for 13MAY
[LF] Sending SN command: SN13MAYATZJED/ASM
[LF] 13MAY: found 1 direct flights
2026-01-25 07:16:01 | INFO     | [lf.day.flights_found] Found 1 flights on 13MAY
2026-01-25 07:16:04 | INFO     | [lf.flight.extracted] SM455 on 13MAY: BKG=2, LF=1.1%
[LF] SM455 13MAY: BKG=2, GRP=0, CAP=179, LF%=1.1%, Brd-Off=ATZ-JED, Classes: L:1, K:1
[LF] Getting WEEKLY/LASTSOLD data for 1 flights
[LF] SM455 13MAY: LASTSOLD=2026-01-22 00:00:00, WEEKLY=1, TODAY=0, YDAY=0
2026-01-25 07:16:06 | INFO     | [SUCCESS] Day 13MAY
2026-01-25 07:16:06 | INFO     | [DAY_START] Processing 12MAY
[LF] Processing ATZ-JED for 12MAY
2026-01-25 07:16:06 | INFO     | [lf.day.start] Processing ATZ-JED for 12MAY
[LF] Sending SN command: SN12MAYATZJED/ASM
[LF] 12MAY: found 1 direct flights
2026-01-25 07:16:07 | INFO     | [lf.day.flights_found] Found 1 flights on 12MAY
2026-01-25 07:16:09 | INFO     | [lf.flight.extracted] SM455 on 12MAY: BKG=1, LF=0.6%
[LF] SM455 12MAY: BKG=1, GRP=0, CAP=179, LF%=0.6%, Brd-Off=ATZ-JED, Classes: L:1
[LF] Getting WEEKLY/LASTSOLD data for 1 flights
[LF] SM455 12MAY: LASTSOLD=2025-12-25 00:00:00, WEEKLY=0, TODAY=0, YDAY=0
2026-01-25 07:16:12 | INFO     | [SUCCESS] Day 12MAY
2026-01-25 07:16:12 | INFO     | [DAY_START] Processing 11MAY
[LF] Processing ATZ-JED for 11MAY
2026-01-25 07:16:12 | INFO     | [lf.day.start] Processing ATZ-JED for 11MAY
[LF] Sending SN command: SN11MAYATZJED/ASM
[LF] 11MAY: found 1 direct flights
2026-01-25 07:16:13 | INFO     | [lf.day.flights_found] Found 1 flights on 11MAY
2026-01-25 07:16:15 | INFO     | [lf.flight.extracted] SM455 on 11MAY: BKG=1, LF=0.6%
[LF] SM455 11MAY: BKG=1, GRP=0, CAP=179, LF%=0.6%, Brd-Off=ATZ-JED, Classes: K:1
[LF] Getting WEEKLY/LASTSOLD data for 1 flights
[LF] SM455 11MAY: LASTSOLD=2026-01-22 00:00:00, WEEKLY=1, TODAY=0, YDAY=0
2026-01-25 07:16:17 | INFO     | [SUCCESS] Day 11MAY
2026-01-25 07:16:17 | INFO     | [DAY_START] Processing 10MAY
[LF] Processing ATZ-JED for 10MAY
2026-01-25 07:16:17 | INFO     | [lf.day.start] Processing ATZ-JED for 10MAY
[LF] Sending SN command: SN10MAYATZJED/ASM
[LF] 10MAY: found 1 direct flights
2026-01-25 07:16:18 | INFO     | [lf.day.flights_found] Found 1 flights on 10MAY
2026-01-25 07:16:20 | INFO     | [lf.flight.extracted] SM455 on 10MAY: BKG=3, LF=1.7%
[LF] SM455 10MAY: BKG=3, GRP=0, CAP=179, LF%=1.7%, Brd-Off=ATZ-JED, Classes: T:2, W:1
[LF] Getting WEEKLY/LASTSOLD data for 1 flights
[LF] SM455 10MAY: LASTSOLD=2026-01-22 00:00:00, WEEKLY=2, TODAY=0, YDAY=0
2026-01-25 07:16:24 | INFO     | [SUCCESS] Day 10MAY
2026-01-25 07:16:24 | INFO     | [DAY_START] Processing 09MAY
[LF] Processing ATZ-JED for 09MAY
2026-01-25 07:16:24 | INFO     | [lf.day.start] Processing ATZ-JED for 09MAY
[LF] Sending SN command: SN09MAYATZJED/ASM
[LF] 09MAY: found 1 direct flights
2026-01-25 07:16:25 | INFO     | [lf.day.flights_found] Found 1 flights on 09MAY
2026-01-25 07:16:27 | INFO     | [lf.flight.extracted] SM455 on 09MAY: BKG=0, LF=0.0%
[LF] SM455 09MAY: BKG=0, GRP=0, CAP=179, LF%=0.0%, Brd-Off=ATZ-JED
2026-01-25 07:16:28 | INFO     | [SUCCESS] Day 09MAY
2026-01-25 07:16:28 | INFO     | [DAY_START] Processing 08MAY
[LF] Processing ATZ-JED for 08MAY
2026-01-25 07:16:28 | INFO     | [lf.day.start] Processing ATZ-JED for 08MAY
[LF] Sending SN command: SN08MAYATZJED/ASM
[LF] 08MAY: found 1 direct flights
2026-01-25 07:16:29 | INFO     | [lf.day.flights_found] Found 1 flights on 08MAY
2026-01-25 07:16:31 | INFO     | [lf.flight.extracted] SM455 on 08MAY: BKG=0, LF=0.0%
[LF] SM455 08MAY: BKG=0, GRP=0, CAP=179, LF%=0.0%, Brd-Off=ATZ-JED
2026-01-25 07:16:32 | INFO     | [SUCCESS] Day 08MAY
2026-01-25 07:16:32 | INFO     | [DAY_START] Processing 07MAY
[LF] Processing ATZ-JED for 07MAY
2026-01-25 07:16:32 | INFO     | [lf.day.start] Processing ATZ-JED for 07MAY
[LF] Sending SN command: SN07MAYATZJED/ASM
[LF] 07MAY: found 1 direct flights
2026-01-25 07:16:33 | INFO     | [lf.day.flights_found] Found 1 flights on 07MAY
2026-01-25 07:16:35 | INFO     | [lf.flight.extracted] SM455 on 07MAY: BKG=2, LF=1.1%
[LF] SM455 07MAY: BKG=2, GRP=0, CAP=179, LF%=1.1%, Brd-Off=ATZ-JED, Classes: T:2
[LF] Getting WEEKLY/LASTSOLD data for 1 flights
[LF] SM455 07MAY: LASTSOLD=2026-01-15 00:00:00, WEEKLY=0, TODAY=0, YDAY=0
2026-01-25 07:16:39 | INFO     | [SUCCESS] Day 07MAY
[LF] Results summary:
  2026-05-14: 1 flights
  2026-05-13: 1 flights
  2026-05-12: 1 flights
  2026-05-11: 1 flights
  2026-05-10: 1 flights
  2026-05-09: 1 flights
  2026-05-08: 1 flights
  2026-05-07: 1 flights
2026-01-25 07:16:39 | INFO     | [SUCCESS] LF Search Complete

============================================================
[Worker_9227] ✓ COMPLETED: ATZ-JED
  Results: 8 dates
  Errors: 0 dates
  Total Processed: 14 groups
============================================================

2026-01-25 07:16:39 | INFO     | [Worker_9227] Completed: ATZ-JED - 8 results, 0 errors

============================================================
[Worker_9227] Processing: CAI-ELQ
  Tier 0: Range 4, Chunk 3/4
  Dates: 8 days
  Date Range: 2026-05-14 to 2026-05-07
============================================================

2026-01-25 07:16:39 | INFO     | [Worker_9227] Processing: CAI-ELQ
2026-01-25 07:16:39 | INFO     |   Tier 0: Range 4, Chunk 3/4 (8 days)
2026-01-25 07:16:39 | INFO     | ======================================================================
2026-01-25 07:16:39 | INFO     | Load Factor Scraper Started - Route: CAI-ELQ
2026-01-25 07:16:39 | INFO     | Log file: D:\CODERED\LAB\Artifacts\outputs\run_generated_250126_at_07.06\logs\LF_CAI-ELQ_20260125_071639.log
2026-01-25 07:16:39 | INFO     | Enhanced logging: Capturing both logging.info() and print()
2026-01-25 07:16:39 | INFO     | ======================================================================
[LF] Processing dates (override): ['14MAY', '13MAY', '12MAY', '11MAY', '10MAY', '09MAY', '08MAY', '07MAY']
[LF] Attaching to Chrome for Altea access
2026-01-25 07:16:39 | INFO     | Starting LF search for route: CAI-ELQ
2026-01-25 07:16:39 | INFO     | [START] LF Search
[LF][[OK] SUCCESS] Connected to Chrome on 127.0.0.1:9227 (after 1 attempts)
2026-01-25 07:16:40 | INFO     | [HEALTH CHECK] [OK] Chrome connection is healthy
[LF][[OK] SUCCESS] Found Amadeus Altea window: Altéa Reservation Desktop
[LF][[INFO] INFO] URL: https://tc212.resdesktop.altea.amadeus.com/app_ard/apf/init/login?SITE=ESMPESMP&LANGUAGE=GB&MARKETS=ARDW_PROD_WBP&ACTION=clpLogin
2026-01-25 07:16:40 | INFO     | [DAY_START] Processing 14MAY
[LF] Processing CAI-ELQ for 14MAY
2026-01-25 07:16:40 | INFO     | [lf.day.start] Processing CAI-ELQ for 14MAY
[LF] Sending SN command: SN14MAYCAIELQ/ASM
[LF] No direct flights on 14MAY for CAI-ELQ
2026-01-25 07:16:41 | WARNING  | [lf.day.no_flights] No direct flights on 14MAY
2026-01-25 07:16:41 | INFO     | [SUCCESS] Day 14MAY
2026-01-25 07:16:41 | INFO     | [DAY_START] Processing 13MAY
[LF] Processing CAI-ELQ for 13MAY
2026-01-25 07:16:41 | INFO     | [lf.day.start] Processing CAI-ELQ for 13MAY
[LF] Sending SN command: SN13MAYCAIELQ/ASM
[LF] 13MAY: found 1 direct flights
2026-01-25 07:16:42 | INFO     | [lf.day.flights_found] Found 1 flights on 13MAY
2026-01-25 07:16:44 | INFO     | [lf.flight.extracted] SM427 on 13MAY: BKG=0, LF=0.0%
[LF] SM427 13MAY: BKG=0, GRP=0, CAP=179, LF%=0.0%, Brd-Off=CAI-ELQ
2026-01-25 07:16:45 | INFO     | [SUCCESS] Day 13MAY
2026-01-25 07:16:45 | INFO     | [DAY_START] Processing 12MAY
[LF] Processing CAI-ELQ for 12MAY
2026-01-25 07:16:45 | INFO     | [lf.day.start] Processing CAI-ELQ for 12MAY
[LF] Sending SN command: SN12MAYCAIELQ/ASM
[LF] 12MAY: found 1 direct flights
2026-01-25 07:16:47 | INFO     | [lf.day.flights_found] Found 1 flights on 12MAY
2026-01-25 07:16:48 | INFO     | [lf.flight.extracted] SM427 on 12MAY: BKG=0, LF=0.0%
[LF] SM427 12MAY: BKG=0, GRP=0, CAP=179, LF%=0.0%, Brd-Off=CAI-ELQ
2026-01-25 07:16:50 | INFO     | [SUCCESS] Day 12MAY
2026-01-25 07:16:50 | INFO     | [DAY_START] Processing 11MAY
[LF] Processing CAI-ELQ for 11MAY
2026-01-25 07:16:50 | INFO     | [lf.day.start] Processing CAI-ELQ for 11MAY
[LF] Sending SN command: SN11MAYCAIELQ/ASM
[LF] No direct flights on 11MAY for CAI-ELQ
2026-01-25 07:16:51 | WARNING  | [lf.day.no_flights] No direct flights on 11MAY
2026-01-25 07:16:51 | INFO     | [SUCCESS] Day 11MAY
2026-01-25 07:16:51 | INFO     | [DAY_START] Processing 10MAY
[LF] Processing CAI-ELQ for 10MAY
2026-01-25 07:16:51 | INFO     | [lf.day.start] Processing CAI-ELQ for 10MAY
[LF] Sending SN command: SN10MAYCAIELQ/ASM
[LF] No direct flights on 10MAY for CAI-ELQ
2026-01-25 07:16:52 | WARNING  | [lf.day.no_flights] No direct flights on 10MAY
2026-01-25 07:16:52 | INFO     | [SUCCESS] Day 10MAY
2026-01-25 07:16:52 | INFO     | [DAY_START] Processing 09MAY
[LF] Processing CAI-ELQ for 09MAY
2026-01-25 07:16:52 | INFO     | [lf.day.start] Processing CAI-ELQ for 09MAY
[LF] Sending SN command: SN09MAYCAIELQ/ASM
[LF] No direct flights on 09MAY for CAI-ELQ
2026-01-25 07:16:53 | WARNING  | [lf.day.no_flights] No direct flights on 09MAY
2026-01-25 07:16:53 | INFO     | [SUCCESS] Day 09MAY
2026-01-25 07:16:53 | INFO     | [DAY_START] Processing 08MAY
[LF] Processing CAI-ELQ for 08MAY
2026-01-25 07:16:53 | INFO     | [lf.day.start] Processing CAI-ELQ for 08MAY
[LF] Sending SN command: SN08MAYCAIELQ/ASM
[LF] 08MAY: found 1 direct flights
2026-01-25 07:16:54 | INFO     | [lf.day.flights_found] Found 1 flights on 08MAY
2026-01-25 07:16:56 | INFO     | [lf.flight.extracted] SM427 on 08MAY: BKG=2, LF=1.1%
[LF] SM427 08MAY: BKG=2, GRP=0, CAP=179, LF%=1.1%, Brd-Off=CAI-ELQ, Classes: I:2
[LF] Getting WEEKLY/LASTSOLD data for 1 flights
[LF] SM427 08MAY: LASTSOLD=2026-01-11 00:00:00, WEEKLY=0, TODAY=0, YDAY=0
2026-01-25 07:16:59 | INFO     | [SUCCESS] Day 08MAY
2026-01-25 07:16:59 | INFO     | [DAY_START] Processing 07MAY
[LF] Processing CAI-ELQ for 07MAY
2026-01-25 07:16:59 | INFO     | [lf.day.start] Processing CAI-ELQ for 07MAY
[LF] Sending SN command: SN07MAYCAIELQ/ASM
[LF] No direct flights on 07MAY for CAI-ELQ
2026-01-25 07:17:00 | WARNING  | [lf.day.no_flights] No direct flights on 07MAY
2026-01-25 07:17:00 | INFO     | [SUCCESS] Day 07MAY
[LF] Results summary:
  2026-05-14: 0 flights
  2026-05-13: 1 flights
  2026-05-12: 1 flights
  2026-05-11: 0 flights
  2026-05-10: 0 flights
  2026-05-09: 0 flights
  2026-05-08: 1 flights
  2026-05-07: 0 flights
2026-01-25 07:17:00 | INFO     | [SUCCESS] LF Search Complete

============================================================
[Worker_9227] ✓ COMPLETED: CAI-ELQ
  Results: 8 dates
  Errors: 0 dates
  Total Processed: 15 groups
============================================================

2026-01-25 07:17:19 | INFO     | [Worker_9227] Completed: CAI-ELQ - 8 results, 0 errors

============================================================
[Worker_9227] Processing: RUH-CAI
  Tier 0: Range 4, Chunk 4/4
  Dates: 8 days
  Date Range: 2026-05-06 to 2026-04-29
============================================================

2026-01-25 07:17:19 | INFO     | [Worker_9227] Processing: RUH-CAI
2026-01-25 07:17:19 | INFO     |   Tier 0: Range 4, Chunk 4/4 (8 days)
2026-01-25 07:17:19 | INFO     | ======================================================================
2026-01-25 07:17:19 | INFO     | Load Factor Scraper Started - Route: RUH-CAI
2026-01-25 07:17:19 | INFO     | Log file: D:\CODERED\LAB\Artifacts\outputs\run_generated_250126_at_07.06\logs\LF_RUH-CAI_20260125_071719.log
2026-01-25 07:17:19 | INFO     | Enhanced logging: Capturing both logging.info() and print()
2026-01-25 07:17:19 | INFO     | ======================================================================
[LF] Processing dates (override): ['06MAY', '05MAY', '04MAY', '03MAY', '02MAY', '01MAY', '30APR', '29APR']
[LF] Attaching to Chrome for Altea access
2026-01-25 07:17:19 | INFO     | Starting LF search for route: RUH-CAI
2026-01-25 07:17:19 | INFO     | [START] LF Search
[LF][[OK] SUCCESS] Connected to Chrome on 127.0.0.1:9227 (after 1 attempts)
2026-01-25 07:17:20 | INFO     | [HEALTH CHECK] [OK] Chrome connection is healthy
[LF][[OK] SUCCESS] Found Amadeus Altea window: Altéa Reservation Desktop
[LF][[INFO] INFO] URL: https://tc212.resdesktop.altea.amadeus.com/app_ard/apf/init/login?SITE=ESMPESMP&LANGUAGE=GB&MARKETS=ARDW_PROD_WBP&ACTION=clpLogin
2026-01-25 07:17:20 | INFO     | [DAY_START] Processing 06MAY
[LF] Processing RUH-CAI for 06MAY
2026-01-25 07:17:20 | INFO     | [lf.day.start] Processing RUH-CAI for 06MAY
[LF] Sending SN command: SN06MAYRUHCAI/ASM
[LF] 06MAY: found 1 direct flights
2026-01-25 07:17:21 | INFO     | [lf.day.flights_found] Found 1 flights on 06MAY
2026-01-25 07:17:24 | INFO     | [lf.flight.extracted] SM462 on 06MAY: BKG=0, LF=0.0%
[LF] SM462 06MAY: BKG=0, GRP=0, CAP=167, LF%=0.0%, Brd-Off=RUH-CAI
2026-01-25 07:17:25 | INFO     | [SUCCESS] Day 06MAY
2026-01-25 07:17:25 | INFO     | [DAY_START] Processing 05MAY
[LF] Processing RUH-CAI for 05MAY
2026-01-25 07:17:25 | INFO     | [lf.day.start] Processing RUH-CAI for 05MAY
[LF] Sending SN command: SN05MAYRUHCAI/ASM
[LF] 05MAY: found 1 direct flights
2026-01-25 07:17:26 | INFO     | [lf.day.flights_found] Found 1 flights on 05MAY
2026-01-25 07:17:28 | INFO     | [lf.flight.extracted] SM462 on 05MAY: BKG=0, LF=0.0%
[LF] SM462 05MAY: BKG=0, GRP=0, CAP=167, LF%=0.0%, Brd-Off=RUH-CAI
2026-01-25 07:17:29 | INFO     | [SUCCESS] Day 05MAY
2026-01-25 07:17:29 | INFO     | [DAY_START] Processing 04MAY
[LF] Processing RUH-CAI for 04MAY
2026-01-25 07:17:29 | INFO     | [lf.day.start] Processing RUH-CAI for 04MAY
[LF] Sending SN command: SN04MAYRUHCAI/ASM
[LF] 04MAY: found 1 direct flights
2026-01-25 07:17:31 | INFO     | [lf.day.flights_found] Found 1 flights on 04MAY
2026-01-25 07:17:33 | INFO     | [lf.flight.extracted] SM462 on 04MAY: BKG=0, LF=0.0%
[LF] SM462 04MAY: BKG=0, GRP=0, CAP=167, LF%=0.0%, Brd-Off=RUH-CAI
2026-01-25 07:17:35 | INFO     | [SUCCESS] Day 04MAY
2026-01-25 07:17:35 | INFO     | [DAY_START] Processing 03MAY
[LF] Processing RUH-CAI for 03MAY
2026-01-25 07:17:35 | INFO     | [lf.day.start] Processing RUH-CAI for 03MAY
[LF] Sending SN command: SN03MAYRUHCAI/ASM
[LF] 03MAY: found 1 direct flights
2026-01-25 07:17:36 | INFO     | [lf.day.flights_found] Found 1 flights on 03MAY
2026-01-25 07:17:38 | INFO     | [lf.flight.extracted] SM462 on 03MAY: BKG=0, LF=0.0%
[LF] SM462 03MAY: BKG=0, GRP=0, CAP=167, LF%=0.0%, Brd-Off=RUH-CAI
2026-01-25 07:17:39 | INFO     | [SUCCESS] Day 03MAY
2026-01-25 07:17:39 | INFO     | [DAY_START] Processing 02MAY
[LF] Processing RUH-CAI for 02MAY
2026-01-25 07:17:39 | INFO     | [lf.day.start] Processing RUH-CAI for 02MAY
[LF] Sending SN command: SN02MAYRUHCAI/ASM
[LF] 02MAY: found 1 direct flights
2026-01-25 07:17:40 | INFO     | [lf.day.flights_found] Found 1 flights on 02MAY
2026-01-25 07:17:42 | INFO     | [lf.flight.extracted] SM462 on 02MAY: BKG=0, LF=0.0%
[LF] SM462 02MAY: BKG=0, GRP=0, CAP=167, LF%=0.0%, Brd-Off=RUH-CAI
2026-01-25 07:17:43 | INFO     | [SUCCESS] Day 02MAY
2026-01-25 07:17:43 | INFO     | [DAY_START] Processing 01MAY
[LF] Processing RUH-CAI for 01MAY
2026-01-25 07:17:43 | INFO     | [lf.day.start] Processing RUH-CAI for 01MAY
[LF] Sending SN command: SN01MAYRUHCAI/ASM
[LF] 01MAY: found 1 direct flights
2026-01-25 07:17:44 | INFO     | [lf.day.flights_found] Found 1 flights on 01MAY
2026-01-25 07:17:46 | INFO     | [lf.flight.extracted] SM462 on 01MAY: BKG=2, LF=1.2%
[LF] SM462 01MAY: BKG=2, GRP=0, CAP=167, LF%=1.2%, Brd-Off=RUH-CAI, Classes: I:2
[LF] Getting WEEKLY/LASTSOLD data for 1 flights
[LF] SM462 01MAY: LASTSOLD=2025-12-08 00:00:00, WEEKLY=0, TODAY=0, YDAY=0
2026-01-25 07:17:49 | INFO     | [SUCCESS] Day 01MAY
2026-01-25 07:17:49 | INFO     | [DAY_START] Processing 30APR
[LF] Processing RUH-CAI for 30APR
2026-01-25 07:17:49 | INFO     | [lf.day.start] Processing RUH-CAI for 30APR
[LF] Sending SN command: SN30APRRUHCAI/ASM
[LF] 30APR: found 1 direct flights
2026-01-25 07:17:51 | INFO     | [lf.day.flights_found] Found 1 flights on 30APR
2026-01-25 07:17:52 | INFO     | [lf.flight.extracted] SM462 on 30APR: BKG=0, LF=0.0%
[LF] SM462 30APR: BKG=0, GRP=0, CAP=167, LF%=0.0%, Brd-Off=RUH-CAI
2026-01-25 07:17:54 | INFO     | [SUCCESS] Day 30APR
2026-01-25 07:17:54 | INFO     | [DAY_START] Processing 29APR
[LF] Processing RUH-CAI for 29APR
2026-01-25 07:17:54 | INFO     | [lf.day.start] Processing RUH-CAI for 29APR
[LF] Sending SN command: SN29APRRUHCAI/ASM
[LF] 29APR: found 1 direct flights
2026-01-25 07:17:55 | INFO     | [lf.day.flights_found] Found 1 flights on 29APR
2026-01-25 07:17:57 | INFO     | [lf.flight.extracted] SM462 on 29APR: BKG=0, LF=0.0%
[LF] SM462 29APR: BKG=0, GRP=0, CAP=167, LF%=0.0%, Brd-Off=RUH-CAI
2026-01-25 07:17:58 | INFO     | [SUCCESS] Day 29APR
[LF] Results summary:
  2026-05-06: 1 flights
  2026-05-05: 1 flights
  2026-05-04: 1 flights
  2026-05-03: 1 flights
  2026-05-02: 1 flights
  2026-05-01: 1 flights
  2026-04-30: 1 flights
  2026-04-29: 1 flights
2026-01-25 07:17:58 | INFO     | [SUCCESS] LF Search Complete

============================================================
[Worker_9227] ✓ COMPLETED: RUH-CAI
  Results: 8 dates
  Errors: 0 dates
  Total Processed: 16 groups
============================================================

2026-01-25 07:17:58 | INFO     | [Worker_9227] Completed: RUH-CAI - 8 results, 0 errors

============================================================
[Worker_9227] Processing: ELQ-CAI
  Tier 0: Range 4, Chunk 4/4
  Dates: 8 days
  Date Range: 2026-05-06 to 2026-04-29
============================================================

2026-01-25 07:17:58 | INFO     | [Worker_9227] Processing: ELQ-CAI
2026-01-25 07:17:58 | INFO     |   Tier 0: Range 4, Chunk 4/4 (8 days)
2026-01-25 07:17:58 | INFO     | ======================================================================
2026-01-25 07:17:58 | INFO     | Load Factor Scraper Started - Route: ELQ-CAI
2026-01-25 07:17:58 | INFO     | Log file: D:\CODERED\LAB\Artifacts\outputs\run_generated_250126_at_07.06\logs\LF_ELQ-CAI_20260125_071758.log
2026-01-25 07:17:58 | INFO     | Enhanced logging: Capturing both logging.info() and print()
2026-01-25 07:17:58 | INFO     | ======================================================================
[LF] Processing dates (override): ['06MAY', '05MAY', '04MAY', '03MAY', '02MAY', '01MAY', '30APR', '29APR']
[LF] Attaching to Chrome for Altea access
2026-01-25 07:17:58 | INFO     | Starting LF search for route: ELQ-CAI
2026-01-25 07:17:58 | INFO     | [START] LF Search
[LF][[OK] SUCCESS] Connected to Chrome on 127.0.0.1:9227 (after 1 attempts)
2026-01-25 07:17:59 | INFO     | [HEALTH CHECK] [OK] Chrome connection is healthy
[LF][[OK] SUCCESS] Found Amadeus Altea window: Altéa Reservation Desktop
[LF][[INFO] INFO] URL: https://tc212.resdesktop.altea.amadeus.com/app_ard/apf/init/login?SITE=ESMPESMP&LANGUAGE=GB&MARKETS=ARDW_PROD_WBP&ACTION=clpLogin
2026-01-25 07:17:59 | INFO     | [DAY_START] Processing 06MAY
[LF] Processing ELQ-CAI for 06MAY
2026-01-25 07:17:59 | INFO     | [lf.day.start] Processing ELQ-CAI for 06MAY
[LF] Sending SN command: SN06MAYELQCAI/ASM
[LF] 06MAY: found 1 direct flights
2026-01-25 07:18:00 | INFO     | [lf.day.flights_found] Found 1 flights on 06MAY
2026-01-25 07:18:03 | INFO     | [lf.flight.extracted] SM428 on 06MAY: BKG=0, LF=0.0%
[LF] SM428 06MAY: BKG=0, GRP=0, CAP=175, LF%=0.0%, Brd-Off=ELQ-CAI
2026-01-25 07:18:05 | INFO     | [SUCCESS] Day 06MAY
2026-01-25 07:18:05 | INFO     | [DAY_START] Processing 05MAY
[LF] Processing ELQ-CAI for 05MAY
2026-01-25 07:18:05 | INFO     | [lf.day.start] Processing ELQ-CAI for 05MAY
[LF] Sending SN command: SN05MAYELQCAI/ASM
[LF] 05MAY: found 1 direct flights
2026-01-25 07:18:07 | INFO     | [lf.day.flights_found] Found 1 flights on 05MAY
2026-01-25 07:18:08 | INFO     | [lf.flight.extracted] SM428 on 05MAY: BKG=0, LF=0.0%
[LF] SM428 05MAY: BKG=0, GRP=0, CAP=175, LF%=0.0%, Brd-Off=ELQ-CAI
2026-01-25 07:18:10 | INFO     | [SUCCESS] Day 05MAY
2026-01-25 07:18:10 | INFO     | [DAY_START] Processing 04MAY
[LF] Processing ELQ-CAI for 04MAY
2026-01-25 07:18:10 | INFO     | [lf.day.start] Processing ELQ-CAI for 04MAY
[LF] Sending SN command: SN04MAYELQCAI/ASM
[LF] No direct flights on 04MAY for ELQ-CAI
2026-01-25 07:18:11 | WARNING  | [lf.day.no_flights] No direct flights on 04MAY
2026-01-25 07:18:11 | INFO     | [SUCCESS] Day 04MAY
2026-01-25 07:18:11 | INFO     | [DAY_START] Processing 03MAY
[LF] Processing ELQ-CAI for 03MAY
2026-01-25 07:18:11 | INFO     | [lf.day.start] Processing ELQ-CAI for 03MAY
[LF] Sending SN command: SN03MAYELQCAI/ASM
[LF] No direct flights on 03MAY for ELQ-CAI
2026-01-25 07:18:12 | WARNING  | [lf.day.no_flights] No direct flights on 03MAY
2026-01-25 07:18:12 | INFO     | [SUCCESS] Day 03MAY
2026-01-25 07:18:12 | INFO     | [DAY_START] Processing 02MAY
[LF] Processing ELQ-CAI for 02MAY
2026-01-25 07:18:12 | INFO     | [lf.day.start] Processing ELQ-CAI for 02MAY
[LF] Sending SN command: SN02MAYELQCAI/ASM
[LF] No direct flights on 02MAY for ELQ-CAI
2026-01-25 07:18:13 | WARNING  | [lf.day.no_flights] No direct flights on 02MAY
2026-01-25 07:18:13 | INFO     | [SUCCESS] Day 02MAY
2026-01-25 07:18:13 | INFO     | [DAY_START] Processing 01MAY
[LF] Processing ELQ-CAI for 01MAY
2026-01-25 07:18:13 | INFO     | [lf.day.start] Processing ELQ-CAI for 01MAY
[LF] Sending SN command: SN01MAYELQCAI/ASM
[LF] 01MAY: found 1 direct flights
2026-01-25 07:18:14 | INFO     | [lf.day.flights_found] Found 1 flights on 01MAY
2026-01-25 07:18:16 | INFO     | [lf.flight.extracted] SM428 on 01MAY: BKG=3, LF=1.7%
[LF] SM428 01MAY: BKG=3, GRP=0, CAP=175, LF%=1.7%, Brd-Off=ELQ-CAI, Classes: I:3
[LF] Getting WEEKLY/LASTSOLD data for 1 flights
[LF] SM428 01MAY: LASTSOLD=2026-01-22 00:00:00, WEEKLY=2, TODAY=0, YDAY=0
2026-01-25 07:18:19 | INFO     | [SUCCESS] Day 01MAY
2026-01-25 07:18:19 | INFO     | [DAY_START] Processing 30APR
[LF] Processing ELQ-CAI for 30APR
2026-01-25 07:18:19 | INFO     | [lf.day.start] Processing ELQ-CAI for 30APR
[LF] Sending SN command: SN30APRELQCAI/ASM
[LF] No direct flights on 30APR for ELQ-CAI
2026-01-25 07:18:20 | WARNING  | [lf.day.no_flights] No direct flights on 30APR
2026-01-25 07:18:20 | INFO     | [SUCCESS] Day 30APR
2026-01-25 07:18:20 | INFO     | [DAY_START] Processing 29APR
[LF] Processing ELQ-CAI for 29APR
2026-01-25 07:18:20 | INFO     | [lf.day.start] Processing ELQ-CAI for 29APR
[LF] Sending SN command: SN29APRELQCAI/ASM
[LF] 29APR: found 1 direct flights
2026-01-25 07:18:21 | INFO     | [lf.day.flights_found] Found 1 flights on 29APR
2026-01-25 07:18:24 | INFO     | [lf.flight.extracted] SM428 on 29APR: BKG=0, LF=0.0%
[LF] SM428 29APR: BKG=0, GRP=0, CAP=175, LF%=0.0%, Brd-Off=ELQ-CAI
2026-01-25 07:18:25 | INFO     | [SUCCESS] Day 29APR
[LF] Results summary:
  2026-05-06: 1 flights
  2026-05-05: 1 flights
  2026-05-04: 0 flights
  2026-05-03: 0 flights
  2026-05-02: 0 flights
  2026-05-01: 1 flights
  2026-04-30: 0 flights
  2026-04-29: 1 flights
2026-01-25 07:18:25 | INFO     | [SUCCESS] LF Search Complete

============================================================
[Worker_9227] ✓ COMPLETED: ELQ-CAI
  Results: 8 dates
  Errors: 0 dates
  Total Processed: 17 groups
============================================================

2026-01-25 07:18:25 | INFO     | [Worker_9227] Completed: ELQ-CAI - 8 results, 0 errors

============================================================
[Worker_9227] Processing: HBE-JED
  Tier 0: Range 4, Chunk 4/4
  Dates: 8 days
  Date Range: 2026-05-06 to 2026-04-29
============================================================

2026-01-25 07:18:25 | INFO     | [Worker_9227] Processing: HBE-JED
2026-01-25 07:18:25 | INFO     |   Tier 0: Range 4, Chunk 4/4 (8 days)
2026-01-25 07:18:25 | INFO     | ======================================================================
2026-01-25 07:18:25 | INFO     | Load Factor Scraper Started - Route: HBE-JED
2026-01-25 07:18:25 | INFO     | Log file: D:\CODERED\LAB\Artifacts\outputs\run_generated_250126_at_07.06\logs\LF_HBE-JED_20260125_071825.log
2026-01-25 07:18:25 | INFO     | Enhanced logging: Capturing both logging.info() and print()
2026-01-25 07:18:25 | INFO     | ======================================================================
[LF] Processing dates (override): ['06MAY', '05MAY', '04MAY', '03MAY', '02MAY', '01MAY', '30APR', '29APR']
[LF] Attaching to Chrome for Altea access
2026-01-25 07:18:25 | INFO     | Starting LF search for route: HBE-JED
2026-01-25 07:18:25 | INFO     | [START] LF Search
[LF][[OK] SUCCESS] Connected to Chrome on 127.0.0.1:9227 (after 1 attempts)
2026-01-25 07:18:26 | INFO     | [HEALTH CHECK] [OK] Chrome connection is healthy
[LF][[OK] SUCCESS] Found Amadeus Altea window: Altéa Reservation Desktop
[LF][[INFO] INFO] URL: https://tc212.resdesktop.altea.amadeus.com/app_ard/apf/init/login?SITE=ESMPESMP&LANGUAGE=GB&MARKETS=ARDW_PROD_WBP&ACTION=clpLogin
2026-01-25 07:18:26 | INFO     | [DAY_START] Processing 06MAY
[LF] Processing HBE-JED for 06MAY
2026-01-25 07:18:26 | INFO     | [lf.day.start] Processing HBE-JED for 06MAY
[LF] Sending SN command: SN06MAYHBEJED/ASM
[LF] 06MAY: found 1 direct flights
2026-01-25 07:18:27 | INFO     | [lf.day.flights_found] Found 1 flights on 06MAY
2026-01-25 07:18:29 | INFO     | [lf.flight.extracted] SM451 on 06MAY: BKG=0, LF=0.0%
[LF] SM451 06MAY: BKG=0, GRP=0, CAP=179, LF%=0.0%, Brd-Off=HBE-JED
2026-01-25 07:18:30 | INFO     | [SUCCESS] Day 06MAY
2026-01-25 07:18:30 | INFO     | [DAY_START] Processing 05MAY
[LF] Processing HBE-JED for 05MAY
2026-01-25 07:18:30 | INFO     | [lf.day.start] Processing HBE-JED for 05MAY
[LF] Sending SN command: SN05MAYHBEJED/ASM
[LF] No direct flights on 05MAY for HBE-JED
2026-01-25 07:18:32 | WARNING  | [lf.day.no_flights] No direct flights on 05MAY
2026-01-25 07:18:32 | INFO     | [SUCCESS] Day 05MAY
2026-01-25 07:18:32 | INFO     | [DAY_START] Processing 04MAY
[LF] Processing HBE-JED for 04MAY
2026-01-25 07:18:32 | INFO     | [lf.day.start] Processing HBE-JED for 04MAY
[LF] Sending SN command: SN04MAYHBEJED/ASM
[LF] 04MAY: found 1 direct flights
2026-01-25 07:18:33 | INFO     | [lf.day.flights_found] Found 1 flights on 04MAY
2026-01-25 07:18:35 | INFO     | [lf.flight.extracted] SM451 on 04MAY: BKG=1, LF=0.6%
[LF] SM451 04MAY: BKG=1, GRP=0, CAP=179, LF%=0.6%, Brd-Off=HBE-JED, Classes: T:1
[LF] Getting WEEKLY/LASTSOLD data for 1 flights
[LF] SM451 04MAY: LASTSOLD=2025-12-30 00:00:00, WEEKLY=0, TODAY=0, YDAY=0
2026-01-25 07:18:37 | INFO     | [SUCCESS] Day 04MAY
2026-01-25 07:18:37 | INFO     | [DAY_START] Processing 03MAY
[LF] Processing HBE-JED for 03MAY
2026-01-25 07:18:37 | INFO     | [lf.day.start] Processing HBE-JED for 03MAY
[LF] Sending SN command: SN03MAYHBEJED/ASM
[LF] 03MAY: found 1 direct flights
2026-01-25 07:18:39 | INFO     | [lf.day.flights_found] Found 1 flights on 03MAY
2026-01-25 07:18:41 | INFO     | [lf.flight.extracted] SM451 on 03MAY: BKG=1, LF=0.6%
[LF] SM451 03MAY: BKG=1, GRP=0, CAP=179, LF%=0.6%, Brd-Off=HBE-JED, Classes: T:1
[LF] Getting WEEKLY/LASTSOLD data for 1 flights
[LF] SM451 03MAY: LASTSOLD=2026-01-22 00:00:00, WEEKLY=1, TODAY=0, YDAY=0
2026-01-25 07:18:44 | INFO     | [SUCCESS] Day 03MAY
2026-01-25 07:18:44 | INFO     | [DAY_START] Processing 02MAY
[LF] Processing HBE-JED for 02MAY
2026-01-25 07:18:44 | INFO     | [lf.day.start] Processing HBE-JED for 02MAY
[LF] Sending SN command: SN02MAYHBEJED/ASM
[LF] 02MAY: found 1 direct flights
2026-01-25 07:18:45 | INFO     | [lf.day.flights_found] Found 1 flights on 02MAY
2026-01-25 07:18:47 | INFO     | [lf.flight.extracted] SM451 on 02MAY: BKG=0, LF=0.0%
[LF] SM451 02MAY: BKG=0, GRP=0, CAP=179, LF%=0.0%, Brd-Off=HBE-JED
2026-01-25 07:18:48 | INFO     | [SUCCESS] Day 02MAY
2026-01-25 07:18:48 | INFO     | [DAY_START] Processing 01MAY
[LF] Processing HBE-JED for 01MAY
2026-01-25 07:18:48 | INFO     | [lf.day.start] Processing HBE-JED for 01MAY
[LF] Sending SN command: SN01MAYHBEJED/ASM
[LF] No direct flights on 01MAY for HBE-JED
2026-01-25 07:18:50 | WARNING  | [lf.day.no_flights] No direct flights on 01MAY
2026-01-25 07:18:50 | INFO     | [SUCCESS] Day 01MAY
2026-01-25 07:18:50 | INFO     | [DAY_START] Processing 30APR
[LF] Processing HBE-JED for 30APR
2026-01-25 07:18:50 | INFO     | [lf.day.start] Processing HBE-JED for 30APR
[LF] Sending SN command: SN30APRHBEJED/ASM
[LF] 30APR: found 1 direct flights
2026-01-25 07:18:51 | INFO     | [lf.day.flights_found] Found 1 flights on 30APR
2026-01-25 07:18:54 | INFO     | [lf.flight.extracted] SM451 on 30APR: BKG=5, LF=2.8%
[LF] SM451 30APR: BKG=5, GRP=0, CAP=179, LF%=2.8%, Brd-Off=HBE-JED, Classes: I:5
[LF] Getting WEEKLY/LASTSOLD data for 1 flights
[LF] SM451 30APR: LASTSOLD=2026-01-10 00:00:00, WEEKLY=0, TODAY=0, YDAY=0
2026-01-25 07:18:58 | INFO     | [SUCCESS] Day 30APR
2026-01-25 07:18:58 | INFO     | [DAY_START] Processing 29APR
[LF] Processing HBE-JED for 29APR
2026-01-25 07:18:58 | INFO     | [lf.day.start] Processing HBE-JED for 29APR
[LF] Sending SN command: SN29APRHBEJED/ASM
[LF] 29APR: found 1 direct flights
2026-01-25 07:18:59 | INFO     | [lf.day.flights_found] Found 1 flights on 29APR
2026-01-25 07:19:01 | INFO     | [lf.flight.extracted] SM451 on 29APR: BKG=3, LF=1.7%
[LF] SM451 29APR: BKG=3, GRP=0, CAP=179, LF%=1.7%, Brd-Off=HBE-JED, Classes: I:3
[LF] Getting WEEKLY/LASTSOLD data for 1 flights
[LF] SM451 29APR: LASTSOLD=2026-01-07 00:00:00, WEEKLY=0, TODAY=0, YDAY=0
2026-01-25 07:19:04 | INFO     | [SUCCESS] Day 29APR
[LF] Results summary:
  2026-05-06: 1 flights
  2026-05-05: 0 flights
  2026-05-04: 1 flights
  2026-05-03: 1 flights
  2026-05-02: 1 flights
  2026-05-01: 0 flights
  2026-04-30: 1 flights
  2026-04-29: 1 flights
2026-01-25 07:19:04 | INFO     | [SUCCESS] LF Search Complete

============================================================
[Worker_9227] ✓ COMPLETED: HBE-JED
  Results: 8 dates
  Errors: 0 dates
  Total Processed: 18 groups
============================================================

2026-01-25 07:19:04 | INFO     | [Worker_9227] Completed: HBE-JED - 8 results, 0 errors

============================================================
[Worker_9227] Processing: CAI-AHB
  Tier 0: Range 4, Chunk 4/4
  Dates: 8 days
  Date Range: 2026-05-06 to 2026-04-29
============================================================

2026-01-25 07:19:04 | INFO     | [Worker_9227] Processing: CAI-AHB
2026-01-25 07:19:04 | INFO     |   Tier 0: Range 4, Chunk 4/4 (8 days)
2026-01-25 07:19:04 | INFO     | ======================================================================
2026-01-25 07:19:04 | INFO     | Load Factor Scraper Started - Route: CAI-AHB
2026-01-25 07:19:04 | INFO     | Log file: D:\CODERED\LAB\Artifacts\outputs\run_generated_250126_at_07.06\logs\LF_CAI-AHB_20260125_071904.log
2026-01-25 07:19:04 | INFO     | Enhanced logging: Capturing both logging.info() and print()
2026-01-25 07:19:04 | INFO     | ======================================================================
[LF] Processing dates (override): ['06MAY', '05MAY', '04MAY', '03MAY', '02MAY', '01MAY', '30APR', '29APR']
[LF] Attaching to Chrome for Altea access
2026-01-25 07:19:04 | INFO     | Starting LF search for route: CAI-AHB
2026-01-25 07:19:04 | INFO     | [START] LF Search
[LF][[OK] SUCCESS] Connected to Chrome on 127.0.0.1:9227 (after 1 attempts)
2026-01-25 07:19:05 | INFO     | [HEALTH CHECK] [OK] Chrome connection is healthy
[LF][[OK] SUCCESS] Found Amadeus Altea window: Altéa Reservation Desktop
[LF][[INFO] INFO] URL: https://tc212.resdesktop.altea.amadeus.com/app_ard/apf/init/login?SITE=ESMPESMP&LANGUAGE=GB&MARKETS=ARDW_PROD_WBP&ACTION=clpLogin
2026-01-25 07:19:05 | INFO     | [DAY_START] Processing 06MAY
[LF] Processing CAI-AHB for 06MAY
2026-01-25 07:19:05 | INFO     | [lf.day.start] Processing CAI-AHB for 06MAY
[LF] Sending SN command: SN06MAYCAIAHB/ASM
[LF] 06MAY: found 1 direct flights
2026-01-25 07:19:06 | INFO     | [lf.day.flights_found] Found 1 flights on 06MAY
2026-01-25 07:19:08 | INFO     | [lf.flight.extracted] SM443 on 06MAY: BKG=3, LF=1.7%
[LF] SM443 06MAY: BKG=3, GRP=0, CAP=179, LF%=1.7%, Brd-Off=CAI-AHB, Classes: I:3
[LF] Getting WEEKLY/LASTSOLD data for 1 flights
[LF] SM443 06MAY: LASTSOLD=2026-01-11 00:00:00, WEEKLY=0, TODAY=0, YDAY=0
2026-01-25 07:19:10 | INFO     | [SUCCESS] Day 06MAY
2026-01-25 07:19:10 | INFO     | [DAY_START] Processing 05MAY
[LF] Processing CAI-AHB for 05MAY
2026-01-25 07:19:10 | INFO     | [lf.day.start] Processing CAI-AHB for 05MAY
[LF] Sending SN command: SN05MAYCAIAHB/ASM
[LF] No direct flights on 05MAY for CAI-AHB
2026-01-25 07:19:12 | WARNING  | [lf.day.no_flights] No direct flights on 05MAY
2026-01-25 07:19:12 | INFO     | [SUCCESS] Day 05MAY
2026-01-25 07:19:12 | INFO     | [DAY_START] Processing 04MAY
[LF] Processing CAI-AHB for 04MAY
2026-01-25 07:19:12 | INFO     | [lf.day.start] Processing CAI-AHB for 04MAY
[LF] Sending SN command: SN04MAYCAIAHB/ASM
[LF] 04MAY: found 1 direct flights
2026-01-25 07:19:13 | INFO     | [lf.day.flights_found] Found 1 flights on 04MAY
2026-01-25 07:19:16 | INFO     | [lf.flight.extracted] SM443 on 04MAY: BKG=3, LF=1.7%
[LF] SM443 04MAY: BKG=3, GRP=0, CAP=179, LF%=1.7%, Brd-Off=CAI-AHB, Classes: I:3
[LF] Getting WEEKLY/LASTSOLD data for 1 flights
[LF] SM443 04MAY: LASTSOLD=2026-01-12 00:00:00, WEEKLY=0, TODAY=0, YDAY=0
2026-01-25 07:19:19 | INFO     | [SUCCESS] Day 04MAY
2026-01-25 07:19:19 | INFO     | [DAY_START] Processing 03MAY
[LF] Processing CAI-AHB for 03MAY
2026-01-25 07:19:19 | INFO     | [lf.day.start] Processing CAI-AHB for 03MAY
[LF] Sending SN command: SN03MAYCAIAHB/ASM
[LF] No direct flights on 03MAY for CAI-AHB
2026-01-25 07:19:20 | WARNING  | [lf.day.no_flights] No direct flights on 03MAY
2026-01-25 07:19:20 | INFO     | [SUCCESS] Day 03MAY
2026-01-25 07:19:20 | INFO     | [DAY_START] Processing 02MAY
[LF] Processing CAI-AHB for 02MAY
2026-01-25 07:19:20 | INFO     | [lf.day.start] Processing CAI-AHB for 02MAY
[LF] Sending SN command: SN02MAYCAIAHB/ASM
[LF] 02MAY: found 1 direct flights
2026-01-25 07:19:21 | INFO     | [lf.day.flights_found] Found 1 flights on 02MAY
2026-01-25 07:19:23 | INFO     | [lf.flight.extracted] SM443 on 02MAY: BKG=7, LF=3.9%
[LF] SM443 02MAY: BKG=7, GRP=0, CAP=179, LF%=3.9%, Brd-Off=CAI-AHB, Classes: I:5, O:2
[LF] Getting WEEKLY/LASTSOLD data for 1 flights
[LF] SM443 02MAY: LASTSOLD=2026-01-08 00:00:00, WEEKLY=0, TODAY=0, YDAY=0
2026-01-25 07:19:26 | INFO     | [SUCCESS] Day 02MAY
2026-01-25 07:19:26 | INFO     | [DAY_START] Processing 01MAY
[LF] Processing CAI-AHB for 01MAY
2026-01-25 07:19:26 | INFO     | [lf.day.start] Processing CAI-AHB for 01MAY
[LF] Sending SN command: SN01MAYCAIAHB/ASM
[LF] No direct flights on 01MAY for CAI-AHB
2026-01-25 07:19:28 | WARNING  | [lf.day.no_flights] No direct flights on 01MAY
2026-01-25 07:19:28 | INFO     | [SUCCESS] Day 01MAY
2026-01-25 07:19:28 | INFO     | [DAY_START] Processing 30APR
[LF] Processing CAI-AHB for 30APR
2026-01-25 07:19:28 | INFO     | [lf.day.start] Processing CAI-AHB for 30APR
[LF] Sending SN command: SN30APRCAIAHB/ASM
[LF] 30APR: found 1 direct flights
2026-01-25 07:19:29 | INFO     | [lf.day.flights_found] Found 1 flights on 30APR
2026-01-25 07:19:31 | INFO     | [lf.flight.extracted] SM443 on 30APR: BKG=14, LF=7.8%
[LF] SM443 30APR: BKG=14, GRP=0, CAP=179, LF%=7.8%, Brd-Off=CAI-AHB, Classes: I:5, O:9
[LF] Getting WEEKLY/LASTSOLD data for 1 flights
[LF] SM443 30APR: LASTSOLD=2026-01-23 00:00:00, WEEKLY=2, TODAY=0, YDAY=0
2026-01-25 07:19:33 | INFO     | [SUCCESS] Day 30APR
2026-01-25 07:19:33 | INFO     | [DAY_START] Processing 29APR
[LF] Processing CAI-AHB for 29APR
2026-01-25 07:19:33 | INFO     | [lf.day.start] Processing CAI-AHB for 29APR
[LF] Sending SN command: SN29APRCAIAHB/ASM
[LF] 29APR: found 1 direct flights
2026-01-25 07:19:34 | INFO     | [lf.day.flights_found] Found 1 flights on 29APR
2026-01-25 07:19:36 | INFO     | [lf.flight.extracted] SM443 on 29APR: BKG=6, LF=3.4%
[LF] SM443 29APR: BKG=6, GRP=0, CAP=179, LF%=3.4%, Brd-Off=CAI-AHB, Classes: I:6
[LF] Getting WEEKLY/LASTSOLD data for 1 flights
[LF] SM443 29APR: LASTSOLD=2026-01-18 00:00:00, WEEKLY=1, TODAY=0, YDAY=0
2026-01-25 07:19:39 | INFO     | [SUCCESS] Day 29APR
[LF] Results summary:
  2026-05-06: 1 flights
  2026-05-05: 0 flights
  2026-05-04: 1 flights
  2026-05-03: 0 flights
  2026-05-02: 1 flights
  2026-05-01: 0 flights
  2026-04-30: 1 flights
  2026-04-29: 1 flights
2026-01-25 07:19:39 | INFO     | [SUCCESS] LF Search Complete

============================================================
[Worker_9227] ✓ COMPLETED: CAI-AHB
  Results: 8 dates
  Errors: 0 dates
  Total Processed: 19 groups
============================================================

2026-01-25 07:19:39 | INFO     | [Worker_9227] Completed: CAI-AHB - 8 results, 0 errors

============================================================
[Worker_9227] Processing: JED-ASW
  Tier 0: Range 3, Chunk 1/4
  Dates: 8 days
  Date Range: 2026-04-28 to 2026-04-21
============================================================

2026-01-25 07:19:39 | INFO     | [Worker_9227] Processing: JED-ASW
2026-01-25 07:19:39 | INFO     |   Tier 0: Range 3, Chunk 1/4 (8 days)
2026-01-25 07:19:39 | INFO     | ======================================================================
2026-01-25 07:19:39 | INFO     | Load Factor Scraper Started - Route: JED-ASW
2026-01-25 07:19:39 | INFO     | Log file: D:\CODERED\LAB\Artifacts\outputs\run_generated_250126_at_07.06\logs\LF_JED-ASW_20260125_071939.log
2026-01-25 07:19:39 | INFO     | Enhanced logging: Capturing both logging.info() and print()
2026-01-25 07:19:39 | INFO     | ======================================================================
[LF] Processing dates (override): ['28APR', '27APR', '26APR', '25APR', '24APR', '23APR', '22APR', '21APR']
[LF] Attaching to Chrome for Altea access
2026-01-25 07:19:39 | INFO     | Starting LF search for route: JED-ASW
2026-01-25 07:19:39 | INFO     | [START] LF Search
[LF][[OK] SUCCESS] Connected to Chrome on 127.0.0.1:9227 (after 1 attempts)
2026-01-25 07:19:39 | INFO     | [HEALTH CHECK] [OK] Chrome connection is healthy
[LF][[OK] SUCCESS] Found Amadeus Altea window: Altéa Reservation Desktop
[LF][[INFO] INFO] URL: https://tc212.resdesktop.altea.amadeus.com/app_ard/apf/init/login?SITE=ESMPESMP&LANGUAGE=GB&MARKETS=ARDW_PROD_WBP&ACTION=clpLogin
2026-01-25 07:19:40 | INFO     | [DAY_START] Processing 28APR
[LF] Processing JED-ASW for 28APR
2026-01-25 07:19:40 | INFO     | [lf.day.start] Processing JED-ASW for 28APR
[LF] Sending SN command: SN28APRJEDASW/ASM
[LF] No direct flights on 28APR for JED-ASW
2026-01-25 07:19:41 | WARNING  | [lf.day.no_flights] No direct flights on 28APR
2026-01-25 07:19:41 | INFO     | [SUCCESS] Day 28APR
2026-01-25 07:19:41 | INFO     | [DAY_START] Processing 27APR
[LF] Processing JED-ASW for 27APR
2026-01-25 07:19:41 | INFO     | [lf.day.start] Processing JED-ASW for 27APR
[LF] Sending SN command: SN27APRJEDASW/ASM
[LF] No direct flights on 27APR for JED-ASW
2026-01-25 07:19:42 | WARNING  | [lf.day.no_flights] No direct flights on 27APR
2026-01-25 07:19:42 | INFO     | [SUCCESS] Day 27APR
2026-01-25 07:19:42 | INFO     | [DAY_START] Processing 26APR
[LF] Processing JED-ASW for 26APR
2026-01-25 07:19:42 | INFO     | [lf.day.start] Processing JED-ASW for 26APR
[LF] Sending SN command: SN26APRJEDASW/ASM
[LF] No direct flights on 26APR for JED-ASW
2026-01-25 07:19:43 | WARNING  | [lf.day.no_flights] No direct flights on 26APR
2026-01-25 07:19:43 | INFO     | [SUCCESS] Day 26APR
2026-01-25 07:19:43 | INFO     | [DAY_START] Processing 25APR
[LF] Processing JED-ASW for 25APR
2026-01-25 07:19:43 | INFO     | [lf.day.start] Processing JED-ASW for 25APR
[LF] Sending SN command: SN25APRJEDASW/ASM
[LF] No direct flights on 25APR for JED-ASW
2026-01-25 07:19:44 | WARNING  | [lf.day.no_flights] No direct flights on 25APR
2026-01-25 07:19:44 | INFO     | [SUCCESS] Day 25APR
2026-01-25 07:19:44 | INFO     | [DAY_START] Processing 24APR
[LF] Processing JED-ASW for 24APR
2026-01-25 07:19:44 | INFO     | [lf.day.start] Processing JED-ASW for 24APR
[LF] Sending SN command: SN24APRJEDASW/ASM
[LF] No direct flights on 24APR for JED-ASW
2026-01-25 07:19:46 | WARNING  | [lf.day.no_flights] No direct flights on 24APR
2026-01-25 07:19:46 | INFO     | [SUCCESS] Day 24APR
2026-01-25 07:19:46 | INFO     | [DAY_START] Processing 23APR
[LF] Processing JED-ASW for 23APR
2026-01-25 07:19:46 | INFO     | [lf.day.start] Processing JED-ASW for 23APR
[LF] Sending SN command: SN23APRJEDASW/ASM
[LF] No direct flights on 23APR for JED-ASW
2026-01-25 07:19:47 | WARNING  | [lf.day.no_flights] No direct flights on 23APR
2026-01-25 07:19:47 | INFO     | [SUCCESS] Day 23APR
2026-01-25 07:19:47 | INFO     | [DAY_START] Processing 22APR
[LF] Processing JED-ASW for 22APR
2026-01-25 07:19:47 | INFO     | [lf.day.start] Processing JED-ASW for 22APR
[LF] Sending SN command: SN22APRJEDASW/ASM
[LF] No direct flights on 22APR for JED-ASW
2026-01-25 07:19:48 | WARNING  | [lf.day.no_flights] No direct flights on 22APR
2026-01-25 07:19:48 | INFO     | [SUCCESS] Day 22APR
2026-01-25 07:19:48 | INFO     | [DAY_START] Processing 21APR
[LF] Processing JED-ASW for 21APR
2026-01-25 07:19:48 | INFO     | [lf.day.start] Processing JED-ASW for 21APR
[LF] Sending SN command: SN21APRJEDASW/ASM
[LF] No direct flights on 21APR for JED-ASW
2026-01-25 07:19:49 | WARNING  | [lf.day.no_flights] No direct flights on 21APR
2026-01-25 07:19:49 | INFO     | [SUCCESS] Day 21APR
[LF] Results summary:
  2026-04-28: 0 flights
  2026-04-27: 0 flights
  2026-04-26: 0 flights
  2026-04-25: 0 flights
  2026-04-24: 0 flights
  2026-04-23: 0 flights
  2026-04-22: 0 flights
  2026-04-21: 0 flights
2026-01-25 07:19:49 | INFO     | [SUCCESS] LF Search Complete

============================================================
[Worker_9227] ✓ COMPLETED: JED-ASW
  Results: 8 dates
  Errors: 0 dates
  Total Processed: 20 groups
============================================================

2026-01-25 07:19:49 | INFO     | [Worker_9227] Completed: JED-ASW - 8 results, 0 errors

============================================================
[Worker_9227] Processing: TUU-CAI
  Tier 0: Range 3, Chunk 1/4
  Dates: 8 days
  Date Range: 2026-04-28 to 2026-04-21
============================================================

2026-01-25 07:19:49 | INFO     | [Worker_9227] Processing: TUU-CAI
2026-01-25 07:19:49 | INFO     |   Tier 0: Range 3, Chunk 1/4 (8 days)
2026-01-25 07:19:49 | INFO     | ======================================================================
2026-01-25 07:19:49 | INFO     | Load Factor Scraper Started - Route: TUU-CAI
2026-01-25 07:19:49 | INFO     | Log file: D:\CODERED\LAB\Artifacts\outputs\run_generated_250126_at_07.06\logs\LF_TUU-CAI_20260125_071949.log
2026-01-25 07:19:49 | INFO     | Enhanced logging: Capturing both logging.info() and print()
2026-01-25 07:19:49 | INFO     | ======================================================================
[LF] Processing dates (override): ['28APR', '27APR', '26APR', '25APR', '24APR', '23APR', '22APR', '21APR']
[LF] Attaching to Chrome for Altea access
2026-01-25 07:19:49 | INFO     | Starting LF search for route: TUU-CAI
2026-01-25 07:19:49 | INFO     | [START] LF Search
[LF][[OK] SUCCESS] Connected to Chrome on 127.0.0.1:9227 (after 1 attempts)
2026-01-25 07:19:50 | INFO     | [HEALTH CHECK] [OK] Chrome connection is healthy
[LF][[OK] SUCCESS] Found Amadeus Altea window: Altéa Reservation Desktop
[LF][[INFO] INFO] URL: https://tc212.resdesktop.altea.amadeus.com/app_ard/apf/init/login?SITE=ESMPESMP&LANGUAGE=GB&MARKETS=ARDW_PROD_WBP&ACTION=clpLogin
2026-01-25 07:19:50 | INFO     | [DAY_START] Processing 28APR
[LF] Processing TUU-CAI for 28APR
2026-01-25 07:19:50 | INFO     | [lf.day.start] Processing TUU-CAI for 28APR
[LF] Sending SN command: SN28APRTUUCAI/ASM
[LF] 28APR: found 1 direct flights
2026-01-25 07:19:51 | INFO     | [lf.day.flights_found] Found 1 flights on 28APR
2026-01-25 07:19:54 | INFO     | [lf.flight.extracted] SM326 on 28APR: BKG=0, LF=0.0%
[LF] SM326 28APR: BKG=0, GRP=0, CAP=175, LF%=0.0%, Brd-Off=TUU-CAI
2026-01-25 07:19:55 | INFO     | [SUCCESS] Day 28APR
2026-01-25 07:19:55 | INFO     | [DAY_START] Processing 27APR
[LF] Processing TUU-CAI for 27APR
2026-01-25 07:19:55 | INFO     | [lf.day.start] Processing TUU-CAI for 27APR
[LF] Sending SN command: SN27APRTUUCAI/ASM
[LF] No direct flights on 27APR for TUU-CAI
2026-01-25 07:19:57 | WARNING  | [lf.day.no_flights] No direct flights on 27APR
2026-01-25 07:19:57 | INFO     | [SUCCESS] Day 27APR
2026-01-25 07:19:57 | INFO     | [DAY_START] Processing 26APR
[LF] Processing TUU-CAI for 26APR
2026-01-25 07:19:57 | INFO     | [lf.day.start] Processing TUU-CAI for 26APR
[LF] Sending SN command: SN26APRTUUCAI/ASM
[LF] No direct flights on 26APR for TUU-CAI
2026-01-25 07:19:58 | WARNING  | [lf.day.no_flights] No direct flights on 26APR
2026-01-25 07:19:58 | INFO     | [SUCCESS] Day 26APR
2026-01-25 07:19:58 | INFO     | [DAY_START] Processing 25APR
[LF] Processing TUU-CAI for 25APR
2026-01-25 07:19:58 | INFO     | [lf.day.start] Processing TUU-CAI for 25APR
[LF] Sending SN command: SN25APRTUUCAI/ASM
[LF] 25APR: found 1 direct flights
2026-01-25 07:19:59 | INFO     | [lf.day.flights_found] Found 1 flights on 25APR
2026-01-25 07:20:01 | INFO     | [lf.flight.extracted] SM326 on 25APR: BKG=0, LF=0.0%
[LF] SM326 25APR: BKG=0, GRP=0, CAP=175, LF%=0.0%, Brd-Off=TUU-CAI
2026-01-25 07:20:02 | INFO     | [SUCCESS] Day 25APR
2026-01-25 07:20:02 | INFO     | [DAY_START] Processing 24APR
[LF] Processing TUU-CAI for 24APR
2026-01-25 07:20:02 | INFO     | [lf.day.start] Processing TUU-CAI for 24APR
[LF] Sending SN command: SN24APRTUUCAI/ASM
[LF] 24APR: found 1 direct flights
2026-01-25 07:20:03 | INFO     | [lf.day.flights_found] Found 1 flights on 24APR
2026-01-25 07:20:05 | INFO     | [lf.flight.extracted] SM326 on 24APR: BKG=1, LF=0.6%
[LF] SM326 24APR: BKG=1, GRP=0, CAP=175, LF%=0.6%, Brd-Off=TUU-CAI, Classes: I:1
[LF] Getting WEEKLY/LASTSOLD data for 1 flights
[LF] SM326 24APR: LASTSOLD=2026-01-19 00:00:00, WEEKLY=1, TODAY=0, YDAY=0
2026-01-25 07:20:08 | INFO     | [SUCCESS] Day 24APR
2026-01-25 07:20:08 | INFO     | [DAY_START] Processing 23APR
[LF] Processing TUU-CAI for 23APR
2026-01-25 07:20:08 | INFO     | [lf.day.start] Processing TUU-CAI for 23APR
[LF] Sending SN command: SN23APRTUUCAI/ASM
[LF] 23APR: found 1 direct flights
2026-01-25 07:20:09 | INFO     | [lf.day.flights_found] Found 1 flights on 23APR
2026-01-25 07:20:11 | INFO     | [lf.flight.extracted] SM326 on 23APR: BKG=1, LF=0.6%
[LF] SM326 23APR: BKG=1, GRP=0, CAP=175, LF%=0.6%, Brd-Off=TUU-CAI, Classes: I:1
[LF] Getting WEEKLY/LASTSOLD data for 1 flights
[LF] SM326 23APR: LASTSOLD=2026-01-13 00:00:00, WEEKLY=0, TODAY=0, YDAY=0
2026-01-25 07:20:15 | INFO     | [SUCCESS] Day 23APR
2026-01-25 07:20:15 | INFO     | [DAY_START] Processing 22APR
[LF] Processing TUU-CAI for 22APR
2026-01-25 07:20:15 | INFO     | [lf.day.start] Processing TUU-CAI for 22APR
[LF] Sending SN command: SN22APRTUUCAI/ASM
[LF] No direct flights on 22APR for TUU-CAI
2026-01-25 07:20:16 | WARNING  | [lf.day.no_flights] No direct flights on 22APR
2026-01-25 07:20:16 | INFO     | [SUCCESS] Day 22APR
2026-01-25 07:20:16 | INFO     | [DAY_START] Processing 21APR
[LF] Processing TUU-CAI for 21APR
2026-01-25 07:20:16 | INFO     | [lf.day.start] Processing TUU-CAI for 21APR
[LF] Sending SN command: SN21APRTUUCAI/ASM
[LF] 21APR: found 1 direct flights
2026-01-25 07:20:17 | INFO     | [lf.day.flights_found] Found 1 flights on 21APR
2026-01-25 07:20:19 | INFO     | [lf.flight.extracted] SM326 on 21APR: BKG=0, LF=0.0%
[LF] SM326 21APR: BKG=0, GRP=0, CAP=175, LF%=0.0%, Brd-Off=TUU-CAI
2026-01-25 07:20:20 | INFO     | [SUCCESS] Day 21APR
[LF] Results summary:
  2026-04-28: 1 flights
  2026-04-27: 0 flights
  2026-04-26: 0 flights
  2026-04-25: 1 flights
  2026-04-24: 1 flights
  2026-04-23: 1 flights
  2026-04-22: 0 flights
  2026-04-21: 1 flights
2026-01-25 07:20:20 | INFO     | [SUCCESS] LF Search Complete

============================================================
[Worker_9227] ✓ COMPLETED: TUU-CAI
  Results: 8 dates
  Errors: 0 dates
  Total Processed: 21 groups
============================================================

2026-01-25 07:20:20 | INFO     | [Worker_9227] Completed: TUU-CAI - 8 results, 0 errors

============================================================
[Worker_9227] Processing: ELQ-CAI
  Tier 0: Range 3, Chunk 1/4
  Dates: 8 days
  Date Range: 2026-04-28 to 2026-04-21
============================================================

2026-01-25 07:20:20 | INFO     | [Worker_9227] Processing: ELQ-CAI
2026-01-25 07:20:20 | INFO     |   Tier 0: Range 3, Chunk 1/4 (8 days)
2026-01-25 07:20:20 | INFO     | ======================================================================
2026-01-25 07:20:20 | INFO     | Load Factor Scraper Started - Route: ELQ-CAI
2026-01-25 07:20:20 | INFO     | Log file: D:\CODERED\LAB\Artifacts\outputs\run_generated_250126_at_07.06\logs\LF_ELQ-CAI_20260125_072020.log
2026-01-25 07:20:20 | INFO     | Enhanced logging: Capturing both logging.info() and print()
2026-01-25 07:20:20 | INFO     | ======================================================================
[LF] Processing dates (override): ['28APR', '27APR', '26APR', '25APR', '24APR', '23APR', '22APR', '21APR']
[LF] Attaching to Chrome for Altea access
2026-01-25 07:20:20 | INFO     | Starting LF search for route: ELQ-CAI
2026-01-25 07:20:20 | INFO     | [START] LF Search
[LF][[OK] SUCCESS] Connected to Chrome on 127.0.0.1:9227 (after 1 attempts)
2026-01-25 07:20:20 | INFO     | [HEALTH CHECK] [OK] Chrome connection is healthy
[LF][[OK] SUCCESS] Found Amadeus Altea window: Altéa Reservation Desktop
[LF][[INFO] INFO] URL: https://tc212.resdesktop.altea.amadeus.com/app_ard/apf/init/login?SITE=ESMPESMP&LANGUAGE=GB&MARKETS=ARDW_PROD_WBP&ACTION=clpLogin
2026-01-25 07:20:20 | INFO     | [DAY_START] Processing 28APR
[LF] Processing ELQ-CAI for 28APR
2026-01-25 07:20:20 | INFO     | [lf.day.start] Processing ELQ-CAI for 28APR
[LF] Sending SN command: SN28APRELQCAI/ASM
[LF] 28APR: found 1 direct flights
2026-01-25 07:20:22 | INFO     | [lf.day.flights_found] Found 1 flights on 28APR
2026-01-25 07:20:23 | INFO     | [lf.flight.extracted] SM428 on 28APR: BKG=1, LF=0.6%
[LF] SM428 28APR: BKG=1, GRP=0, CAP=175, LF%=0.6%, Brd-Off=ELQ-CAI, Classes: I:1
[LF] Getting WEEKLY/LASTSOLD data for 1 flights
[LF] SM428 28APR: LASTSOLD=2025-12-24 00:00:00, WEEKLY=0, TODAY=0, YDAY=0
2026-01-25 07:20:26 | INFO     | [SUCCESS] Day 28APR
2026-01-25 07:20:26 | INFO     | [DAY_START] Processing 27APR
[LF] Processing ELQ-CAI for 27APR
2026-01-25 07:20:26 | INFO     | [lf.day.start] Processing ELQ-CAI for 27APR
[LF] Sending SN command: SN27APRELQCAI/ASM
[LF] No direct flights on 27APR for ELQ-CAI
2026-01-25 07:20:27 | WARNING  | [lf.day.no_flights] No direct flights on 27APR
2026-01-25 07:20:27 | INFO     | [SUCCESS] Day 27APR
2026-01-25 07:20:27 | INFO     | [DAY_START] Processing 26APR
[LF] Processing ELQ-CAI for 26APR
2026-01-25 07:20:27 | INFO     | [lf.day.start] Processing ELQ-CAI for 26APR
[LF] Sending SN command: SN26APRELQCAI/ASM
[LF] No direct flights on 26APR for ELQ-CAI
2026-01-25 07:20:29 | WARNING  | [lf.day.no_flights] No direct flights on 26APR
2026-01-25 07:20:29 | INFO     | [SUCCESS] Day 26APR
2026-01-25 07:20:29 | INFO     | [DAY_START] Processing 25APR
[LF] Processing ELQ-CAI for 25APR
2026-01-25 07:20:29 | INFO     | [lf.day.start] Processing ELQ-CAI for 25APR
[LF] Sending SN command: SN25APRELQCAI/ASM
[LF] No direct flights on 25APR for ELQ-CAI
2026-01-25 07:20:30 | WARNING  | [lf.day.no_flights] No direct flights on 25APR
2026-01-25 07:20:30 | INFO     | [SUCCESS] Day 25APR
2026-01-25 07:20:30 | INFO     | [DAY_START] Processing 24APR
[LF] Processing ELQ-CAI for 24APR
2026-01-25 07:20:30 | INFO     | [lf.day.start] Processing ELQ-CAI for 24APR
[LF] Sending SN command: SN24APRELQCAI/ASM
[LF] 24APR: found 1 direct flights
2026-01-25 07:20:31 | INFO     | [lf.day.flights_found] Found 1 flights on 24APR
2026-01-25 07:20:33 | INFO     | [lf.flight.extracted] SM428 on 24APR: BKG=0, LF=0.0%
[LF] SM428 24APR: BKG=0, GRP=0, CAP=175, LF%=0.0%, Brd-Off=ELQ-CAI
2026-01-25 07:20:35 | INFO     | [SUCCESS] Day 24APR
2026-01-25 07:20:35 | INFO     | [DAY_START] Processing 23APR
[LF] Processing ELQ-CAI for 23APR
2026-01-25 07:20:35 | INFO     | [lf.day.start] Processing ELQ-CAI for 23APR
[LF] Sending SN command: SN23APRELQCAI/ASM
[LF] No direct flights on 23APR for ELQ-CAI
2026-01-25 07:20:36 | WARNING  | [lf.day.no_flights] No direct flights on 23APR
2026-01-25 07:20:36 | INFO     | [SUCCESS] Day 23APR
2026-01-25 07:20:36 | INFO     | [DAY_START] Processing 22APR
[LF] Processing ELQ-CAI for 22APR
2026-01-25 07:20:36 | INFO     | [lf.day.start] Processing ELQ-CAI for 22APR
[LF] Sending SN command: SN22APRELQCAI/ASM
[LF] 22APR: found 1 direct flights
2026-01-25 07:20:37 | INFO     | [lf.day.flights_found] Found 1 flights on 22APR
2026-01-25 07:20:39 | INFO     | [lf.flight.extracted] SM428 on 22APR: BKG=1, LF=0.6%
[LF] SM428 22APR: BKG=1, GRP=0, CAP=175, LF%=0.6%, Brd-Off=ELQ-CAI, Classes: I:1
[LF] Getting WEEKLY/LASTSOLD data for 1 flights
[LF] SM428 22APR: LASTSOLD=2026-01-24 00:00:00, WEEKLY=1, TODAY=0, YDAY=1
2026-01-25 07:20:41 | INFO     | [SUCCESS] Day 22APR
2026-01-25 07:20:41 | INFO     | [DAY_START] Processing 21APR
[LF] Processing ELQ-CAI for 21APR
2026-01-25 07:20:41 | INFO     | [lf.day.start] Processing ELQ-CAI for 21APR
[LF] Sending SN command: SN21APRELQCAI/ASM
[LF] 21APR: found 1 direct flights
2026-01-25 07:20:42 | INFO     | [lf.day.flights_found] Found 1 flights on 21APR
2026-01-25 07:20:44 | INFO     | [lf.flight.extracted] SM428 on 21APR: BKG=3, LF=1.7%
[LF] SM428 21APR: BKG=3, GRP=0, CAP=175, LF%=1.7%, Brd-Off=ELQ-CAI, Classes: O:3
[LF] Getting WEEKLY/LASTSOLD data for 1 flights
[LF] SM428 21APR: LASTSOLD=2026-01-20 00:00:00, WEEKLY=3, TODAY=0, YDAY=0
2026-01-25 07:20:47 | INFO     | [SUCCESS] Day 21APR
[LF] Results summary:
  2026-04-28: 1 flights
  2026-04-27: 0 flights
  2026-04-26: 0 flights
  2026-04-25: 0 flights
  2026-04-24: 1 flights
  2026-04-23: 0 flights
  2026-04-22: 1 flights
  2026-04-21: 1 flights
2026-01-25 07:20:47 | INFO     | [SUCCESS] LF Search Complete

============================================================
[Worker_9227] ✓ COMPLETED: ELQ-CAI
  Results: 8 dates
  Errors: 0 dates
  Total Processed: 22 groups
============================================================

2026-01-25 07:20:47 | INFO     | [Worker_9227] Completed: ELQ-CAI - 8 results, 0 errors

============================================================
[Worker_9227] Processing: CAI-RUH
  Tier 0: Range 3, Chunk 1/4
  Dates: 8 days
  Date Range: 2026-04-28 to 2026-04-21
============================================================

2026-01-25 07:20:47 | INFO     | [Worker_9227] Processing: CAI-RUH
2026-01-25 07:20:47 | INFO     |   Tier 0: Range 3, Chunk 1/4 (8 days)
2026-01-25 07:20:47 | INFO     | ======================================================================
2026-01-25 07:20:47 | INFO     | Load Factor Scraper Started - Route: CAI-RUH
2026-01-25 07:20:47 | INFO     | Log file: D:\CODERED\LAB\Artifacts\outputs\run_generated_250126_at_07.06\logs\LF_CAI-RUH_20260125_072047.log
2026-01-25 07:20:47 | INFO     | Enhanced logging: Capturing both logging.info() and print()
2026-01-25 07:20:47 | INFO     | ======================================================================
[LF] Processing dates (override): ['28APR', '27APR', '26APR', '25APR', '24APR', '23APR', '22APR', '21APR']
[LF] Attaching to Chrome for Altea access
2026-01-25 07:20:47 | INFO     | Starting LF search for route: CAI-RUH
2026-01-25 07:20:47 | INFO     | [START] LF Search
[LF][[OK] SUCCESS] Connected to Chrome on 127.0.0.1:9227 (after 1 attempts)
2026-01-25 07:20:47 | INFO     | [HEALTH CHECK] [OK] Chrome connection is healthy
[LF][[OK] SUCCESS] Found Amadeus Altea window: Altéa Reservation Desktop
[LF][[INFO] INFO] URL: https://tc212.resdesktop.altea.amadeus.com/app_ard/apf/init/login?SITE=ESMPESMP&LANGUAGE=GB&MARKETS=ARDW_PROD_WBP&ACTION=clpLogin
2026-01-25 07:20:47 | INFO     | [DAY_START] Processing 28APR
[LF] Processing CAI-RUH for 28APR
2026-01-25 07:20:47 | INFO     | [lf.day.start] Processing CAI-RUH for 28APR
[LF] Sending SN command: SN28APRCAIRUH/ASM
[LF] 28APR: found 1 direct flights
2026-01-25 07:20:48 | INFO     | [lf.day.flights_found] Found 1 flights on 28APR
2026-01-25 07:20:51 | INFO     | [lf.flight.extracted] SM461 on 28APR: BKG=0, LF=0.0%
[LF] SM461 28APR: BKG=0, GRP=0, CAP=179, LF%=0.0%, Brd-Off=CAI-RUH
2026-01-25 07:20:52 | INFO     | [SUCCESS] Day 28APR
2026-01-25 07:20:52 | INFO     | [DAY_START] Processing 27APR
[LF] Processing CAI-RUH for 27APR
2026-01-25 07:20:52 | INFO     | [lf.day.start] Processing CAI-RUH for 27APR
[LF] Sending SN command: SN27APRCAIRUH/ASM
[LF] 27APR: found 1 direct flights
2026-01-25 07:20:54 | INFO     | [lf.day.flights_found] Found 1 flights on 27APR
2026-01-25 07:20:55 | INFO     | [lf.flight.extracted] SM461 on 27APR: BKG=0, LF=0.0%
[LF] SM461 27APR: BKG=0, GRP=0, CAP=179, LF%=0.0%, Brd-Off=CAI-RUH
2026-01-25 07:20:57 | INFO     | [SUCCESS] Day 27APR
2026-01-25 07:20:57 | INFO     | [DAY_START] Processing 26APR
[LF] Processing CAI-RUH for 26APR
2026-01-25 07:20:57 | INFO     | [lf.day.start] Processing CAI-RUH for 26APR
[LF] Sending SN command: SN26APRCAIRUH/ASM
[LF] 26APR: found 1 direct flights
2026-01-25 07:20:58 | INFO     | [lf.day.flights_found] Found 1 flights on 26APR
2026-01-25 07:21:00 | INFO     | [lf.flight.extracted] SM461 on 26APR: BKG=0, LF=0.0%
[LF] SM461 26APR: BKG=0, GRP=0, CAP=179, LF%=0.0%, Brd-Off=CAI-RUH
2026-01-25 07:21:01 | INFO     | [SUCCESS] Day 26APR
2026-01-25 07:21:01 | INFO     | [DAY_START] Processing 25APR
[LF] Processing CAI-RUH for 25APR
2026-01-25 07:21:01 | INFO     | [lf.day.start] Processing CAI-RUH for 25APR
[LF] Sending SN command: SN25APRCAIRUH/ASM
[LF] 25APR: found 1 direct flights
2026-01-25 07:21:03 | INFO     | [lf.day.flights_found] Found 1 flights on 25APR
2026-01-25 07:21:04 | INFO     | [lf.flight.extracted] SM461 on 25APR: BKG=0, LF=0.0%
[LF] SM461 25APR: BKG=0, GRP=0, CAP=179, LF%=0.0%, Brd-Off=CAI-RUH
2026-01-25 07:21:06 | INFO     | [SUCCESS] Day 25APR
2026-01-25 07:21:06 | INFO     | [DAY_START] Processing 24APR
[LF] Processing CAI-RUH for 24APR
2026-01-25 07:21:06 | INFO     | [lf.day.start] Processing CAI-RUH for 24APR
[LF] Sending SN command: SN24APRCAIRUH/ASM
[LF] 24APR: found 1 direct flights
2026-01-25 07:21:07 | INFO     | [lf.day.flights_found] Found 1 flights on 24APR
2026-01-25 07:21:09 | INFO     | [lf.flight.extracted] SM461 on 24APR: BKG=0, LF=0.0%
[LF] SM461 24APR: BKG=0, GRP=0, CAP=179, LF%=0.0%, Brd-Off=CAI-RUH
2026-01-25 07:21:10 | INFO     | [SUCCESS] Day 24APR
2026-01-25 07:21:10 | INFO     | [DAY_START] Processing 23APR
[LF] Processing CAI-RUH for 23APR
2026-01-25 07:21:10 | INFO     | [lf.day.start] Processing CAI-RUH for 23APR
[LF] Sending SN command: SN23APRCAIRUH/ASM
[LF] 23APR: found 1 direct flights
2026-01-25 07:21:11 | INFO     | [lf.day.flights_found] Found 1 flights on 23APR
2026-01-25 07:21:13 | INFO     | [lf.flight.extracted] SM461 on 23APR: BKG=0, LF=0.0%
[LF] SM461 23APR: BKG=0, GRP=0, CAP=179, LF%=0.0%, Brd-Off=CAI-RUH
2026-01-25 07:21:14 | INFO     | [SUCCESS] Day 23APR
2026-01-25 07:21:14 | INFO     | [DAY_START] Processing 22APR
[LF] Processing CAI-RUH for 22APR
2026-01-25 07:21:14 | INFO     | [lf.day.start] Processing CAI-RUH for 22APR
[LF] Sending SN command: SN22APRCAIRUH/ASM
[LF] 22APR: found 1 direct flights
2026-01-25 07:21:15 | INFO     | [lf.day.flights_found] Found 1 flights on 22APR
2026-01-25 07:21:18 | INFO     | [lf.flight.extracted] SM461 on 22APR: BKG=0, LF=0.0%
[LF] SM461 22APR: BKG=0, GRP=0, CAP=179, LF%=0.0%, Brd-Off=CAI-RUH
2026-01-25 07:21:19 | INFO     | [SUCCESS] Day 22APR
2026-01-25 07:21:19 | INFO     | [DAY_START] Processing 21APR
[LF] Processing CAI-RUH for 21APR
2026-01-25 07:21:19 | INFO     | [lf.day.start] Processing CAI-RUH for 21APR
[LF] Sending SN command: SN21APRCAIRUH/ASM
[LF] 21APR: found 1 direct flights
2026-01-25 07:21:20 | INFO     | [lf.day.flights_found] Found 1 flights on 21APR
2026-01-25 07:21:22 | INFO     | [lf.flight.extracted] SM461 on 21APR: BKG=0, LF=0.0%
[LF] SM461 21APR: BKG=0, GRP=0, CAP=179, LF%=0.0%, Brd-Off=CAI-RUH
2026-01-25 07:21:23 | INFO     | [SUCCESS] Day 21APR
[LF] Results summary:
  2026-04-28: 1 flights
  2026-04-27: 1 flights
  2026-04-26: 1 flights
  2026-04-25: 1 flights
  2026-04-24: 1 flights
  2026-04-23: 1 flights
  2026-04-22: 1 flights
  2026-04-21: 1 flights
2026-01-25 07:21:23 | INFO     | [SUCCESS] LF Search Complete

============================================================
[Worker_9227] ✓ COMPLETED: CAI-RUH
  Results: 8 dates
  Errors: 0 dates
  Total Processed: 23 groups
============================================================

2026-01-25 07:21:23 | INFO     | [Worker_9227] Completed: CAI-RUH - 8 results, 0 errors

============================================================
[Worker_9227] Processing: ATZ-AHB
  Tier 0: Range 3, Chunk 1/4
  Dates: 8 days
  Date Range: 2026-04-28 to 2026-04-21
============================================================

2026-01-25 07:21:23 | INFO     | [Worker_9227] Processing: ATZ-AHB
2026-01-25 07:21:23 | INFO     |   Tier 0: Range 3, Chunk 1/4 (8 days)
2026-01-25 07:21:23 | INFO     | ======================================================================
2026-01-25 07:21:23 | INFO     | Load Factor Scraper Started - Route: ATZ-AHB
2026-01-25 07:21:23 | INFO     | Log file: D:\CODERED\LAB\Artifacts\outputs\run_generated_250126_at_07.06\logs\LF_ATZ-AHB_20260125_072123.log
2026-01-25 07:21:23 | INFO     | Enhanced logging: Capturing both logging.info() and print()
2026-01-25 07:21:23 | INFO     | ======================================================================
[LF] Processing dates (override): ['28APR', '27APR', '26APR', '25APR', '24APR', '23APR', '22APR', '21APR']
[LF] Attaching to Chrome for Altea access
2026-01-25 07:21:23 | INFO     | Starting LF search for route: ATZ-AHB
2026-01-25 07:21:23 | INFO     | [START] LF Search
[LF][[OK] SUCCESS] Connected to Chrome on 127.0.0.1:9227 (after 1 attempts)
2026-01-25 07:21:24 | INFO     | [HEALTH CHECK] [OK] Chrome connection is healthy
[LF][[OK] SUCCESS] Found Amadeus Altea window: Altéa Reservation Desktop
[LF][[INFO] INFO] URL: https://tc212.resdesktop.altea.amadeus.com/app_ard/apf/init/login?SITE=ESMPESMP&LANGUAGE=GB&MARKETS=ARDW_PROD_WBP&ACTION=clpLogin
2026-01-25 07:21:24 | INFO     | [DAY_START] Processing 28APR
[LF] Processing ATZ-AHB for 28APR
2026-01-25 07:21:24 | INFO     | [lf.day.start] Processing ATZ-AHB for 28APR
[LF] Sending SN command: SN28APRATZAHB/ASM
[LF] No direct flights on 28APR for ATZ-AHB
2026-01-25 07:21:25 | WARNING  | [lf.day.no_flights] No direct flights on 28APR
2026-01-25 07:21:25 | INFO     | [SUCCESS] Day 28APR
2026-01-25 07:21:25 | INFO     | [DAY_START] Processing 27APR
[LF] Processing ATZ-AHB for 27APR
2026-01-25 07:21:25 | INFO     | [lf.day.start] Processing ATZ-AHB for 27APR
[LF] Sending SN command: SN27APRATZAHB/ASM
[LF] No direct flights on 27APR for ATZ-AHB
2026-01-25 07:21:26 | WARNING  | [lf.day.no_flights] No direct flights on 27APR
2026-01-25 07:21:26 | INFO     | [SUCCESS] Day 27APR
2026-01-25 07:21:26 | INFO     | [DAY_START] Processing 26APR
[LF] Processing ATZ-AHB for 26APR
2026-01-25 07:21:26 | INFO     | [lf.day.start] Processing ATZ-AHB for 26APR
[LF] Sending SN command: SN26APRATZAHB/ASM
[LF] No direct flights on 26APR for ATZ-AHB
2026-01-25 07:21:27 | WARNING  | [lf.day.no_flights] No direct flights on 26APR
2026-01-25 07:21:27 | INFO     | [SUCCESS] Day 26APR
2026-01-25 07:21:27 | INFO     | [DAY_START] Processing 25APR
[LF] Processing ATZ-AHB for 25APR
2026-01-25 07:21:27 | INFO     | [lf.day.start] Processing ATZ-AHB for 25APR
[LF] Sending SN command: SN25APRATZAHB/ASM
[LF] No direct flights on 25APR for ATZ-AHB
2026-01-25 07:21:29 | WARNING  | [lf.day.no_flights] No direct flights on 25APR
2026-01-25 07:21:29 | INFO     | [SUCCESS] Day 25APR
2026-01-25 07:21:29 | INFO     | [DAY_START] Processing 24APR
[LF] Processing ATZ-AHB for 24APR
2026-01-25 07:21:29 | INFO     | [lf.day.start] Processing ATZ-AHB for 24APR
[LF] Sending SN command: SN24APRATZAHB/ASM
[LF] No direct flights on 24APR for ATZ-AHB
2026-01-25 07:21:30 | WARNING  | [lf.day.no_flights] No direct flights on 24APR
2026-01-25 07:21:30 | INFO     | [SUCCESS] Day 24APR
2026-01-25 07:21:30 | INFO     | [DAY_START] Processing 23APR
[LF] Processing ATZ-AHB for 23APR
2026-01-25 07:21:30 | INFO     | [lf.day.start] Processing ATZ-AHB for 23APR
[LF] Sending SN command: SN23APRATZAHB/ASM
[LF] No direct flights on 23APR for ATZ-AHB
2026-01-25 07:21:31 | WARNING  | [lf.day.no_flights] No direct flights on 23APR
2026-01-25 07:21:31 | INFO     | [SUCCESS] Day 23APR
2026-01-25 07:21:31 | INFO     | [DAY_START] Processing 22APR
[LF] Processing ATZ-AHB for 22APR
2026-01-25 07:21:31 | INFO     | [lf.day.start] Processing ATZ-AHB for 22APR
[LF] Sending SN command: SN22APRATZAHB/ASM
[LF] No direct flights on 22APR for ATZ-AHB
2026-01-25 07:21:32 | WARNING  | [lf.day.no_flights] No direct flights on 22APR
2026-01-25 07:21:32 | INFO     | [SUCCESS] Day 22APR
2026-01-25 07:21:32 | INFO     | [DAY_START] Processing 21APR
[LF] Processing ATZ-AHB for 21APR
2026-01-25 07:21:32 | INFO     | [lf.day.start] Processing ATZ-AHB for 21APR
[LF] Sending SN command: SN21APRATZAHB/ASM
[LF] No direct flights on 21APR for ATZ-AHB
2026-01-25 07:21:33 | WARNING  | [lf.day.no_flights] No direct flights on 21APR
2026-01-25 07:21:33 | INFO     | [SUCCESS] Day 21APR
[LF] Results summary:
  2026-04-28: 0 flights
  2026-04-27: 0 flights
  2026-04-26: 0 flights
  2026-04-25: 0 flights
  2026-04-24: 0 flights
  2026-04-23: 0 flights
  2026-04-22: 0 flights
  2026-04-21: 0 flights
2026-01-25 07:21:33 | INFO     | [SUCCESS] LF Search Complete

============================================================
[Worker_9227] ✓ COMPLETED: ATZ-AHB
  Results: 8 dates
  Errors: 0 dates
  Total Processed: 24 groups
============================================================

2026-01-25 07:21:33 | INFO     | [Worker_9227] Completed: ATZ-AHB - 8 results, 0 errors

============================================================
[Worker_9227] Processing: MED-CAI
  Tier 0: Range 3, Chunk 2/4
  Dates: 8 days
  Date Range: 2026-04-20 to 2026-04-13
============================================================

2026-01-25 07:21:33 | INFO     | [Worker_9227] Processing: MED-CAI
2026-01-25 07:21:33 | INFO     |   Tier 0: Range 3, Chunk 2/4 (8 days)
2026-01-25 07:21:33 | INFO     | ======================================================================
2026-01-25 07:21:33 | INFO     | Load Factor Scraper Started - Route: MED-CAI
2026-01-25 07:21:33 | INFO     | Log file: D:\CODERED\LAB\Artifacts\outputs\run_generated_250126_at_07.06\logs\LF_MED-CAI_20260125_072133.log
2026-01-25 07:21:33 | INFO     | Enhanced logging: Capturing both logging.info() and print()
2026-01-25 07:21:33 | INFO     | ======================================================================
[LF] Processing dates (override): ['20APR', '19APR', '18APR', '17APR', '16APR', '15APR', '14APR', '13APR']
[LF] Attaching to Chrome for Altea access
2026-01-25 07:21:33 | INFO     | Starting LF search for route: MED-CAI
2026-01-25 07:21:33 | INFO     | [START] LF Search
[LF][[OK] SUCCESS] Connected to Chrome on 127.0.0.1:9227 (after 1 attempts)
2026-01-25 07:21:34 | INFO     | [HEALTH CHECK] [OK] Chrome connection is healthy
[LF][[OK] SUCCESS] Found Amadeus Altea window: Altéa Reservation Desktop
[LF][[INFO] INFO] URL: https://tc212.resdesktop.altea.amadeus.com/app_ard/apf/init/login?SITE=ESMPESMP&LANGUAGE=GB&MARKETS=ARDW_PROD_WBP&ACTION=clpLogin
2026-01-25 07:21:34 | INFO     | [DAY_START] Processing 20APR
[LF] Processing MED-CAI for 20APR
2026-01-25 07:21:34 | INFO     | [lf.day.start] Processing MED-CAI for 20APR
[LF] Sending SN command: SN20APRMEDCAI/ASM
[LF] 20APR: found 1 direct flights
2026-01-25 07:21:35 | INFO     | [lf.day.flights_found] Found 1 flights on 20APR
2026-01-25 07:21:37 | INFO     | [lf.flight.extracted] SM494 on 20APR: BKG=0, LF=0.0%
[LF] SM494 20APR: BKG=0, GRP=0, CAP=175, LF%=0.0%, Brd-Off=MED-CAI
2026-01-25 07:21:39 | INFO     | [SUCCESS] Day 20APR
2026-01-25 07:21:39 | INFO     | [DAY_START] Processing 19APR
[LF] Processing MED-CAI for 19APR
2026-01-25 07:21:39 | INFO     | [lf.day.start] Processing MED-CAI for 19APR
[LF] Sending SN command: SN19APRMEDCAI/ASM
[LF] No direct flights on 19APR for MED-CAI
2026-01-25 07:21:40 | WARNING  | [lf.day.no_flights] No direct flights on 19APR
2026-01-25 07:21:40 | INFO     | [SUCCESS] Day 19APR
2026-01-25 07:21:40 | INFO     | [DAY_START] Processing 18APR
[LF] Processing MED-CAI for 18APR
2026-01-25 07:21:40 | INFO     | [lf.day.start] Processing MED-CAI for 18APR
[LF] Sending SN command: SN18APRMEDCAI/ASM
[LF] No direct flights on 18APR for MED-CAI
2026-01-25 07:21:41 | WARNING  | [lf.day.no_flights] No direct flights on 18APR
2026-01-25 07:21:41 | INFO     | [SUCCESS] Day 18APR
2026-01-25 07:21:41 | INFO     | [DAY_START] Processing 17APR
[LF] Processing MED-CAI for 17APR
2026-01-25 07:21:41 | INFO     | [lf.day.start] Processing MED-CAI for 17APR
[LF] Sending SN command: SN17APRMEDCAI/ASM
[LF] No direct flights on 17APR for MED-CAI
2026-01-25 07:21:42 | WARNING  | [lf.day.no_flights] No direct flights on 17APR
2026-01-25 07:21:42 | INFO     | [SUCCESS] Day 17APR
2026-01-25 07:21:42 | INFO     | [DAY_START] Processing 16APR
[LF] Processing MED-CAI for 16APR
2026-01-25 07:21:42 | INFO     | [lf.day.start] Processing MED-CAI for 16APR
[LF] Sending SN command: SN16APRMEDCAI/ASM
[LF] 16APR: found 1 direct flights
2026-01-25 07:21:43 | INFO     | [lf.day.flights_found] Found 1 flights on 16APR
2026-01-25 07:21:45 | INFO     | [lf.flight.extracted] SM494 on 16APR: BKG=1, LF=0.6%
[LF] SM494 16APR: BKG=1, GRP=0, CAP=175, LF%=0.6%, Brd-Off=MED-CAI, Classes: I:1
[LF] Getting WEEKLY/LASTSOLD data for 1 flights
[LF] SM494 16APR: LASTSOLD=2026-01-19 00:00:00, WEEKLY=1, TODAY=0, YDAY=0
2026-01-25 07:21:48 | INFO     | [SUCCESS] Day 16APR
2026-01-25 07:21:48 | INFO     | [DAY_START] Processing 15APR
[LF] Processing MED-CAI for 15APR
2026-01-25 07:21:48 | INFO     | [lf.day.start] Processing MED-CAI for 15APR
[LF] Sending SN command: SN15APRMEDCAI/ASM
[LF] 15APR: found 1 direct flights
2026-01-25 07:21:49 | INFO     | [lf.day.flights_found] Found 1 flights on 15APR
2026-01-25 07:21:51 | INFO     | [lf.flight.extracted] SM494 on 15APR: BKG=5, LF=2.9%
[LF] SM494 15APR: BKG=5, GRP=0, CAP=175, LF%=2.9%, Brd-Off=MED-CAI, Classes: I:5
[LF] Getting WEEKLY/LASTSOLD data for 1 flights
[LF] SM494 15APR: LASTSOLD=2026-01-15 00:00:00, WEEKLY=0, TODAY=0, YDAY=0
2026-01-25 07:21:54 | INFO     | [SUCCESS] Day 15APR
2026-01-25 07:21:54 | INFO     | [DAY_START] Processing 14APR
[LF] Processing MED-CAI for 14APR
2026-01-25 07:21:54 | INFO     | [lf.day.start] Processing MED-CAI for 14APR
[LF] Sending SN command: SN14APRMEDCAI/ASM
[LF] 14APR: found 1 direct flights
2026-01-25 07:21:55 | INFO     | [lf.day.flights_found] Found 1 flights on 14APR
2026-01-25 07:21:57 | INFO     | [lf.flight.extracted] SM494 on 14APR: BKG=2, LF=1.1%
[LF] SM494 14APR: BKG=2, GRP=0, CAP=175, LF%=1.1%, Brd-Off=MED-CAI, Classes: I:2
[LF] Getting WEEKLY/LASTSOLD data for 1 flights
[LF] SM494 14APR: LASTSOLD=2026-01-14 00:00:00, WEEKLY=0, TODAY=0, YDAY=0
2026-01-25 07:22:00 | INFO     | [SUCCESS] Day 14APR
2026-01-25 07:22:00 | INFO     | [DAY_START] Processing 13APR
[LF] Processing MED-CAI for 13APR
2026-01-25 07:22:00 | INFO     | [lf.day.start] Processing MED-CAI for 13APR
[LF] Sending SN command: SN13APRMEDCAI/ASM
[LF] 13APR: found 1 direct flights
2026-01-25 07:22:01 | INFO     | [lf.day.flights_found] Found 1 flights on 13APR
2026-01-25 07:22:03 | INFO     | [lf.flight.extracted] SM494 on 13APR: BKG=1, LF=0.6%
[LF] SM494 13APR: BKG=1, GRP=0, CAP=175, LF%=0.6%, Brd-Off=MED-CAI, Classes: I:1
[LF] Getting WEEKLY/LASTSOLD data for 1 flights
[LF] SM494 13APR: LASTSOLD=2026-01-07 00:00:00, WEEKLY=0, TODAY=0, YDAY=0
2026-01-25 07:22:06 | INFO     | [SUCCESS] Day 13APR
[LF] Results summary:
  2026-04-20: 1 flights
  2026-04-19: 0 flights
  2026-04-18: 0 flights
  2026-04-17: 0 flights
  2026-04-16: 1 flights
  2026-04-15: 1 flights
  2026-04-14: 1 flights
  2026-04-13: 1 flights
2026-01-25 07:22:06 | INFO     | [SUCCESS] LF Search Complete

============================================================
[Worker_9227] ✓ COMPLETED: MED-CAI
  Results: 8 dates
  Errors: 0 dates
  Total Processed: 25 groups
============================================================

2026-01-25 07:22:06 | INFO     | [Worker_9227] Completed: MED-CAI - 8 results, 0 errors

============================================================
[Worker_9227] Processing: DMM-CAI
  Tier 0: Range 3, Chunk 2/4
  Dates: 8 days
  Date Range: 2026-04-20 to 2026-04-13
============================================================

2026-01-25 07:22:06 | INFO     | [Worker_9227] Processing: DMM-CAI
2026-01-25 07:22:06 | INFO     |   Tier 0: Range 3, Chunk 2/4 (8 days)
2026-01-25 07:22:06 | INFO     | ======================================================================
2026-01-25 07:22:06 | INFO     | Load Factor Scraper Started - Route: DMM-CAI
2026-01-25 07:22:06 | INFO     | Log file: D:\CODERED\LAB\Artifacts\outputs\run_generated_250126_at_07.06\logs\LF_DMM-CAI_20260125_072206.log
2026-01-25 07:22:06 | INFO     | Enhanced logging: Capturing both logging.info() and print()
2026-01-25 07:22:06 | INFO     | ======================================================================
[LF] Processing dates (override): ['20APR', '19APR', '18APR', '17APR', '16APR', '15APR', '14APR', '13APR']
[LF] Attaching to Chrome for Altea access
2026-01-25 07:22:06 | INFO     | Starting LF search for route: DMM-CAI
2026-01-25 07:22:06 | INFO     | [START] LF Search
[LF][[OK] SUCCESS] Connected to Chrome on 127.0.0.1:9227 (after 1 attempts)
2026-01-25 07:22:07 | INFO     | [HEALTH CHECK] [OK] Chrome connection is healthy
[LF][[OK] SUCCESS] Found Amadeus Altea window: Altéa Reservation Desktop
[LF][[INFO] INFO] URL: https://tc212.resdesktop.altea.amadeus.com/app_ard/apf/init/login?SITE=ESMPESMP&LANGUAGE=GB&MARKETS=ARDW_PROD_WBP&ACTION=clpLogin
2026-01-25 07:22:07 | INFO     | [DAY_START] Processing 20APR
[LF] Processing DMM-CAI for 20APR
2026-01-25 07:22:07 | INFO     | [lf.day.start] Processing DMM-CAI for 20APR
[LF] Sending SN command: SN20APRDMMCAI/ASM
[LF] 20APR: found 2 direct flights
2026-01-25 07:22:08 | INFO     | [lf.day.flights_found] Found 2 flights on 20APR
2026-01-25 07:22:30 | INFO     | [lf.flight.extracted] SM440 on 20APR: BKG=0, LF=0.0%
[LF] SM440 20APR: BKG=0, GRP=0, CAP=175, LF%=0.0%, Brd-Off=DMM-CAI
2026-01-25 07:22:33 | INFO     | [lf.flight.extracted] SM434 on 20APR: BKG=6, LF=3.6%
[LF] SM434 20APR: BKG=6, GRP=0, CAP=167, LF%=3.6%, Brd-Off=DMM-CAI, Classes: I:6
[LF] Getting WEEKLY/LASTSOLD data for 1 flights
[LF] SM434 20APR: LASTSOLD=2026-01-20 00:00:00, WEEKLY=5, TODAY=0, YDAY=0
2026-01-25 07:22:37 | INFO     | [SUCCESS] Day 20APR
2026-01-25 07:22:37 | INFO     | [DAY_START] Processing 19APR
[LF] Processing DMM-CAI for 19APR
2026-01-25 07:22:37 | INFO     | [lf.day.start] Processing DMM-CAI for 19APR
[LF] Sending SN command: SN19APRDMMCAI/ASM
[LF] 19APR: found 1 direct flights
2026-01-25 07:22:39 | INFO     | [lf.day.flights_found] Found 1 flights on 19APR
2026-01-25 07:22:41 | INFO     | [lf.flight.extracted] SM434 on 19APR: BKG=5, LF=2.9%
[LF] SM434 19APR: BKG=5, GRP=0, CAP=175, LF%=2.9%, Brd-Off=DMM-CAI, Classes: U:5
[LF] Getting WEEKLY/LASTSOLD data for 1 flights
[LF] SM434 19APR: LASTSOLD=2025-12-18 00:00:00, WEEKLY=0, TODAY=0, YDAY=0
2026-01-25 07:22:44 | INFO     | [SUCCESS] Day 19APR
2026-01-25 07:22:44 | INFO     | [DAY_START] Processing 18APR
[LF] Processing DMM-CAI for 18APR
2026-01-25 07:22:44 | INFO     | [lf.day.start] Processing DMM-CAI for 18APR
[LF] Sending SN command: SN18APRDMMCAI/ASM
[LF] No direct flights on 18APR for DMM-CAI
2026-01-25 07:22:45 | WARNING  | [lf.day.no_flights] No direct flights on 18APR
2026-01-25 07:22:45 | INFO     | [SUCCESS] Day 18APR
2026-01-25 07:22:45 | INFO     | [DAY_START] Processing 17APR
[LF] Processing DMM-CAI for 17APR
2026-01-25 07:22:45 | INFO     | [lf.day.start] Processing DMM-CAI for 17APR
[LF] Sending SN command: SN17APRDMMCAI/ASM
[LF] 17APR: found 2 direct flights
2026-01-25 07:22:46 | INFO     | [lf.day.flights_found] Found 2 flights on 17APR
2026-01-25 07:22:48 | INFO     | [lf.flight.extracted] SM434 on 17APR: BKG=0, LF=0.0%
[LF] SM434 17APR: BKG=0, GRP=0, CAP=167, LF%=0.0%, Brd-Off=DMM-CAI
2026-01-25 07:22:51 | INFO     | [lf.flight.extracted] SM440 on 17APR: BKG=3, LF=1.7%
[LF] SM440 17APR: BKG=3, GRP=0, CAP=175, LF%=1.7%, Brd-Off=DMM-CAI, Classes: O:3
[LF] Getting WEEKLY/LASTSOLD data for 1 flights
[LF] SM440 17APR: LASTSOLD=2026-01-17 00:00:00, WEEKLY=0, TODAY=0, YDAY=0
2026-01-25 07:22:53 | INFO     | [SUCCESS] Day 17APR
2026-01-25 07:22:53 | INFO     | [DAY_START] Processing 16APR
[LF] Processing DMM-CAI for 16APR
2026-01-25 07:22:53 | INFO     | [lf.day.start] Processing DMM-CAI for 16APR
[LF] Sending SN command: SN16APRDMMCAI/ASM
[LF] No direct flights on 16APR for DMM-CAI
2026-01-25 07:22:55 | WARNING  | [lf.day.no_flights] No direct flights on 16APR
2026-01-25 07:22:55 | INFO     | [SUCCESS] Day 16APR
2026-01-25 07:22:55 | INFO     | [DAY_START] Processing 15APR
[LF] Processing DMM-CAI for 15APR
2026-01-25 07:22:55 | INFO     | [lf.day.start] Processing DMM-CAI for 15APR
[LF] Sending SN command: SN15APRDMMCAI/ASM
[LF] 15APR: found 1 direct flights
2026-01-25 07:22:56 | INFO     | [lf.day.flights_found] Found 1 flights on 15APR
2026-01-25 07:22:58 | INFO     | [lf.flight.extracted] SM434 on 15APR: BKG=7, LF=4.0%
[LF] SM434 15APR: BKG=7, GRP=0, CAP=175, LF%=4.0%, Brd-Off=DMM-CAI, Classes: I:7
[LF] Getting WEEKLY/LASTSOLD data for 1 flights
[LF] SM434 15APR: LASTSOLD=2026-01-16 00:00:00, WEEKLY=0, TODAY=0, YDAY=0
2026-01-25 07:23:00 | INFO     | [SUCCESS] Day 15APR
2026-01-25 07:23:00 | INFO     | [DAY_START] Processing 14APR
[LF] Processing DMM-CAI for 14APR
2026-01-25 07:23:00 | INFO     | [lf.day.start] Processing DMM-CAI for 14APR
[LF] Sending SN command: SN14APRDMMCAI/ASM
[LF] 14APR: found 1 direct flights
2026-01-25 07:23:02 | INFO     | [lf.day.flights_found] Found 1 flights on 14APR
2026-01-25 07:23:05 | INFO     | [lf.flight.extracted] SM434 on 14APR: BKG=0, LF=0.0%
[LF] SM434 14APR: BKG=0, GRP=0, CAP=167, LF%=0.0%, Brd-Off=DMM-CAI
2026-01-25 07:23:07 | INFO     | [SUCCESS] Day 14APR
2026-01-25 07:23:07 | INFO     | [DAY_START] Processing 13APR
[LF] Processing DMM-CAI for 13APR
2026-01-25 07:23:07 | INFO     | [lf.day.start] Processing DMM-CAI for 13APR
[LF] Sending SN command: SN13APRDMMCAI/ASM
[LF] 13APR: found 2 direct flights
2026-01-25 07:23:08 | INFO     | [lf.day.flights_found] Found 2 flights on 13APR
2026-01-25 07:23:10 | INFO     | [lf.flight.extracted] SM440 on 13APR: BKG=0, LF=0.0%
[LF] SM440 13APR: BKG=0, GRP=0, CAP=175, LF%=0.0%, Brd-Off=DMM-CAI
2026-01-25 07:23:13 | INFO     | [lf.flight.extracted] SM434 on 13APR: BKG=1, LF=0.6%
[LF] SM434 13APR: BKG=1, GRP=0, CAP=175, LF%=0.6%, Brd-Off=DMM-CAI, Classes: I:1
[LF] Getting WEEKLY/LASTSOLD data for 1 flights
[LF] SM434 13APR: LASTSOLD=2026-01-13 00:00:00, WEEKLY=0, TODAY=0, YDAY=0
2026-01-25 07:23:17 | INFO     | [SUCCESS] Day 13APR
[LF] Results summary:
  2026-04-20: 2 flights
  2026-04-19: 1 flights
  2026-04-18: 0 flights
  2026-04-17: 2 flights
  2026-04-16: 0 flights
  2026-04-15: 1 flights
  2026-04-14: 1 flights
  2026-04-13: 2 flights
2026-01-25 07:23:17 | INFO     | [SUCCESS] LF Search Complete

============================================================
[Worker_9227] ✓ COMPLETED: DMM-CAI
  Results: 8 dates
  Errors: 0 dates
  Total Processed: 26 groups
============================================================

2026-01-25 07:23:17 | INFO     | [Worker_9227] Completed: DMM-CAI - 8 results, 0 errors

============================================================
[Worker_9227] Processing: HBE-JED
  Tier 0: Range 3, Chunk 2/4
  Dates: 8 days
  Date Range: 2026-04-20 to 2026-04-13
============================================================

2026-01-25 07:23:17 | INFO     | [Worker_9227] Processing: HBE-JED
2026-01-25 07:23:17 | INFO     |   Tier 0: Range 3, Chunk 2/4 (8 days)
2026-01-25 07:23:17 | INFO     | ======================================================================
2026-01-25 07:23:17 | INFO     | Load Factor Scraper Started - Route: HBE-JED
2026-01-25 07:23:17 | INFO     | Log file: D:\CODERED\LAB\Artifacts\outputs\run_generated_250126_at_07.06\logs\LF_HBE-JED_20260125_072317.log
2026-01-25 07:23:17 | INFO     | Enhanced logging: Capturing both logging.info() and print()
2026-01-25 07:23:17 | INFO     | ======================================================================
[LF] Processing dates (override): ['20APR', '19APR', '18APR', '17APR', '16APR', '15APR', '14APR', '13APR']
[LF] Attaching to Chrome for Altea access
2026-01-25 07:23:17 | INFO     | Starting LF search for route: HBE-JED
2026-01-25 07:23:17 | INFO     | [START] LF Search
[LF][[OK] SUCCESS] Connected to Chrome on 127.0.0.1:9227 (after 1 attempts)
2026-01-25 07:23:17 | INFO     | [HEALTH CHECK] [OK] Chrome connection is healthy
[LF][[OK] SUCCESS] Found Amadeus Altea window: Altéa Reservation Desktop
[LF][[INFO] INFO] URL: https://tc212.resdesktop.altea.amadeus.com/app_ard/apf/init/login?SITE=ESMPESMP&LANGUAGE=GB&MARKETS=ARDW_PROD_WBP&ACTION=clpLogin
2026-01-25 07:23:17 | INFO     | [DAY_START] Processing 20APR
[LF] Processing HBE-JED for 20APR
2026-01-25 07:23:17 | INFO     | [lf.day.start] Processing HBE-JED for 20APR
[LF] Sending SN command: SN20APRHBEJED/ASM
[LF] 20APR: found 1 direct flights
2026-01-25 07:23:19 | INFO     | [lf.day.flights_found] Found 1 flights on 20APR
2026-01-25 07:23:21 | INFO     | [lf.flight.extracted] SM451 on 20APR: BKG=1, LF=0.6%
[LF] SM451 20APR: BKG=1, GRP=0, CAP=179, LF%=0.6%, Brd-Off=HBE-JED, Classes: I:1
[LF] Getting WEEKLY/LASTSOLD data for 1 flights
[LF] SM451 20APR: LASTSOLD=2026-01-05 00:00:00, WEEKLY=0, TODAY=0, YDAY=0
2026-01-25 07:23:24 | INFO     | [SUCCESS] Day 20APR
2026-01-25 07:23:24 | INFO     | [DAY_START] Processing 19APR
[LF] Processing HBE-JED for 19APR
2026-01-25 07:23:24 | INFO     | [lf.day.start] Processing HBE-JED for 19APR
[LF] Sending SN command: SN19APRHBEJED/ASM
[LF] 19APR: found 1 direct flights
2026-01-25 07:23:26 | INFO     | [lf.day.flights_found] Found 1 flights on 19APR
2026-01-25 07:23:28 | INFO     | [lf.flight.extracted] SM451 on 19APR: BKG=0, LF=0.0%
[LF] SM451 19APR: BKG=0, GRP=0, CAP=179, LF%=0.0%, Brd-Off=HBE-JED
2026-01-25 07:23:29 | INFO     | [SUCCESS] Day 19APR
2026-01-25 07:23:29 | INFO     | [DAY_START] Processing 18APR
[LF] Processing HBE-JED for 18APR
2026-01-25 07:23:29 | INFO     | [lf.day.start] Processing HBE-JED for 18APR
[LF] Sending SN command: SN18APRHBEJED/ASM
[LF] 18APR: found 1 direct flights
2026-01-25 07:23:30 | INFO     | [lf.day.flights_found] Found 1 flights on 18APR
2026-01-25 07:23:32 | INFO     | [lf.flight.extracted] SM451 on 18APR: BKG=3, LF=1.7%
[LF] SM451 18APR: BKG=3, GRP=0, CAP=179, LF%=1.7%, Brd-Off=HBE-JED, Classes: I:3
[LF] Getting WEEKLY/LASTSOLD data for 1 flights
[LF] SM451 18APR: LASTSOLD=2026-01-16 00:00:00, WEEKLY=0, TODAY=0, YDAY=0
2026-01-25 07:23:34 | INFO     | [SUCCESS] Day 18APR
2026-01-25 07:23:34 | INFO     | [DAY_START] Processing 17APR
[LF] Processing HBE-JED for 17APR
2026-01-25 07:23:34 | INFO     | [lf.day.start] Processing HBE-JED for 17APR
[LF] Sending SN command: SN17APRHBEJED/ASM
[LF] No direct flights on 17APR for HBE-JED
2026-01-25 07:23:36 | WARNING  | [lf.day.no_flights] No direct flights on 17APR
2026-01-25 07:23:36 | INFO     | [SUCCESS] Day 17APR
2026-01-25 07:23:36 | INFO     | [DAY_START] Processing 16APR
[LF] Processing HBE-JED for 16APR
2026-01-25 07:23:36 | INFO     | [lf.day.start] Processing HBE-JED for 16APR
[LF] Sending SN command: SN16APRHBEJED/ASM
[LF] 16APR: found 1 direct flights
2026-01-25 07:23:37 | INFO     | [lf.day.flights_found] Found 1 flights on 16APR
2026-01-25 07:23:39 | INFO     | [lf.flight.extracted] SM451 on 16APR: BKG=3, LF=1.7%
[LF] SM451 16APR: BKG=3, GRP=0, CAP=179, LF%=1.7%, Brd-Off=HBE-JED, Classes: I:3
[LF] Getting WEEKLY/LASTSOLD data for 1 flights
[LF] SM451 16APR: LASTSOLD=2025-11-30 00:00:00, WEEKLY=0, TODAY=0, YDAY=0
2026-01-25 07:23:42 | INFO     | [SUCCESS] Day 16APR
2026-01-25 07:23:42 | INFO     | [DAY_START] Processing 15APR
[LF] Processing HBE-JED for 15APR
2026-01-25 07:23:42 | INFO     | [lf.day.start] Processing HBE-JED for 15APR
[LF] Sending SN command: SN15APRHBEJED/ASM
[LF] 15APR: found 1 direct flights
2026-01-25 07:23:43 | INFO     | [lf.day.flights_found] Found 1 flights on 15APR
2026-01-25 07:23:45 | INFO     | [lf.flight.extracted] SM451 on 15APR: BKG=4, LF=2.2%
[LF] SM451 15APR: BKG=4, GRP=0, CAP=179, LF%=2.2%, Brd-Off=HBE-JED, Classes: I:4
[LF] Getting WEEKLY/LASTSOLD data for 1 flights
[LF] SM451 15APR: LASTSOLD=2026-01-18 00:00:00, WEEKLY=1, TODAY=0, YDAY=0
2026-01-25 07:23:47 | INFO     | [SUCCESS] Day 15APR
2026-01-25 07:23:47 | INFO     | [DAY_START] Processing 14APR
[LF] Processing HBE-JED for 14APR
2026-01-25 07:23:47 | INFO     | [lf.day.start] Processing HBE-JED for 14APR
[LF] Sending SN command: SN14APRHBEJED/ASM
[LF] No direct flights on 14APR for HBE-JED
2026-01-25 07:23:49 | WARNING  | [lf.day.no_flights] No direct flights on 14APR
2026-01-25 07:23:49 | INFO     | [SUCCESS] Day 14APR
2026-01-25 07:23:49 | INFO     | [DAY_START] Processing 13APR
[LF] Processing HBE-JED for 13APR
2026-01-25 07:23:49 | INFO     | [lf.day.start] Processing HBE-JED for 13APR
[LF] Sending SN command: SN13APRHBEJED/ASM
[LF] 13APR: found 1 direct flights
2026-01-25 07:23:50 | INFO     | [lf.day.flights_found] Found 1 flights on 13APR
2026-01-25 07:23:52 | INFO     | [lf.flight.extracted] SM451 on 13APR: BKG=2, LF=1.1%
[LF] SM451 13APR: BKG=2, GRP=0, CAP=179, LF%=1.1%, Brd-Off=HBE-JED, Classes: I:2
[LF] Getting WEEKLY/LASTSOLD data for 1 flights
[LF] SM451 13APR: LASTSOLD=2025-12-30 00:00:00, WEEKLY=0, TODAY=0, YDAY=0
2026-01-25 07:23:54 | INFO     | [SUCCESS] Day 13APR
[LF] Results summary:
  2026-04-20: 1 flights
  2026-04-19: 1 flights
  2026-04-18: 1 flights
  2026-04-17: 0 flights
  2026-04-16: 1 flights
  2026-04-15: 1 flights
  2026-04-14: 0 flights
  2026-04-13: 1 flights
2026-01-25 07:23:54 | INFO     | [SUCCESS] LF Search Complete

============================================================
[Worker_9227] ✓ COMPLETED: HBE-JED
  Results: 8 dates
  Errors: 0 dates
  Total Processed: 27 groups
============================================================

2026-01-25 07:23:54 | INFO     | [Worker_9227] Completed: HBE-JED - 8 results, 0 errors

============================================================
[Worker_9227] Processing: CAI-AHB
  Tier 0: Range 3, Chunk 2/4
  Dates: 8 days
  Date Range: 2026-04-20 to 2026-04-13
============================================================

2026-01-25 07:23:54 | INFO     | [Worker_9227] Processing: CAI-AHB
2026-01-25 07:23:54 | INFO     |   Tier 0: Range 3, Chunk 2/4 (8 days)
2026-01-25 07:23:54 | INFO     | ======================================================================
2026-01-25 07:23:54 | INFO     | Load Factor Scraper Started - Route: CAI-AHB
2026-01-25 07:23:54 | INFO     | Log file: D:\CODERED\LAB\Artifacts\outputs\run_generated_250126_at_07.06\logs\LF_CAI-AHB_20260125_072354.log
2026-01-25 07:23:54 | INFO     | Enhanced logging: Capturing both logging.info() and print()
2026-01-25 07:23:54 | INFO     | ======================================================================
[LF] Processing dates (override): ['20APR', '19APR', '18APR', '17APR', '16APR', '15APR', '14APR', '13APR']
[LF] Attaching to Chrome for Altea access
2026-01-25 07:23:54 | INFO     | Starting LF search for route: CAI-AHB
2026-01-25 07:23:54 | INFO     | [START] LF Search
[LF][[OK] SUCCESS] Connected to Chrome on 127.0.0.1:9227 (after 1 attempts)
2026-01-25 07:23:55 | INFO     | [HEALTH CHECK] [OK] Chrome connection is healthy
[LF][[OK] SUCCESS] Found Amadeus Altea window: Altéa Reservation Desktop
[LF][[INFO] INFO] URL: https://tc212.resdesktop.altea.amadeus.com/app_ard/apf/init/login?SITE=ESMPESMP&LANGUAGE=GB&MARKETS=ARDW_PROD_WBP&ACTION=clpLogin
2026-01-25 07:23:55 | INFO     | [DAY_START] Processing 20APR
[LF] Processing CAI-AHB for 20APR
2026-01-25 07:23:55 | INFO     | [lf.day.start] Processing CAI-AHB for 20APR
[LF] Sending SN command: SN20APRCAIAHB/ASM
[LF] 20APR: found 1 direct flights
2026-01-25 07:23:56 | INFO     | [lf.day.flights_found] Found 1 flights on 20APR
2026-01-25 07:23:58 | INFO     | [lf.flight.extracted] SM443 on 20APR: BKG=7, LF=3.9%
[LF] SM443 20APR: BKG=7, GRP=0, CAP=179, LF%=3.9%, Brd-Off=CAI-AHB, Classes: I:7
[LF] Getting WEEKLY/LASTSOLD data for 1 flights
[LF] SM443 20APR: LASTSOLD=2026-01-14 00:00:00, WEEKLY=0, TODAY=0, YDAY=0
2026-01-25 07:24:01 | INFO     | [SUCCESS] Day 20APR
2026-01-25 07:24:01 | INFO     | [DAY_START] Processing 19APR
[LF] Processing CAI-AHB for 19APR
2026-01-25 07:24:01 | INFO     | [lf.day.start] Processing CAI-AHB for 19APR
[LF] Sending SN command: SN19APRCAIAHB/ASM
[LF] No direct flights on 19APR for CAI-AHB
2026-01-25 07:24:02 | WARNING  | [lf.day.no_flights] No direct flights on 19APR
2026-01-25 07:24:02 | INFO     | [SUCCESS] Day 19APR
2026-01-25 07:24:02 | INFO     | [DAY_START] Processing 18APR
[LF] Processing CAI-AHB for 18APR
2026-01-25 07:24:02 | INFO     | [lf.day.start] Processing CAI-AHB for 18APR
[LF] Sending SN command: SN18APRCAIAHB/ASM
[LF] 18APR: found 1 direct flights
2026-01-25 07:24:03 | INFO     | [lf.day.flights_found] Found 1 flights on 18APR
2026-01-25 07:24:05 | INFO     | [lf.flight.extracted] SM443 on 18APR: BKG=13, LF=7.3%
[LF] SM443 18APR: BKG=13, GRP=0, CAP=179, LF%=7.3%, Brd-Off=CAI-AHB, Classes: I:7, O:5, S:1
[LF] Getting WEEKLY/LASTSOLD data for 1 flights
[LF] SM443 18APR: LASTSOLD=2026-01-21 00:00:00, WEEKLY=3, TODAY=0, YDAY=0
2026-01-25 07:24:08 | INFO     | [SUCCESS] Day 18APR
2026-01-25 07:24:08 | INFO     | [DAY_START] Processing 17APR
[LF] Processing CAI-AHB for 17APR
2026-01-25 07:24:08 | INFO     | [lf.day.start] Processing CAI-AHB for 17APR
[LF] Sending SN command: SN17APRCAIAHB/ASM
[LF] No direct flights on 17APR for CAI-AHB
2026-01-25 07:24:09 | WARNING  | [lf.day.no_flights] No direct flights on 17APR
2026-01-25 07:24:09 | INFO     | [SUCCESS] Day 17APR
2026-01-25 07:24:09 | INFO     | [DAY_START] Processing 16APR
[LF] Processing CAI-AHB for 16APR
2026-01-25 07:24:09 | INFO     | [lf.day.start] Processing CAI-AHB for 16APR
[LF] Sending SN command: SN16APRCAIAHB/ASM
[LF] 16APR: found 1 direct flights
2026-01-25 07:24:10 | INFO     | [lf.day.flights_found] Found 1 flights on 16APR
2026-01-25 07:24:12 | INFO     | [lf.flight.extracted] SM443 on 16APR: BKG=3, LF=1.7%
[LF] SM443 16APR: BKG=3, GRP=0, CAP=179, LF%=1.7%, Brd-Off=CAI-AHB, Classes: I:3
[LF] Getting WEEKLY/LASTSOLD data for 1 flights
[LF] SM443 16APR: LASTSOLD=2026-01-14 00:00:00, WEEKLY=0, TODAY=0, YDAY=0
2026-01-25 07:24:15 | INFO     | [SUCCESS] Day 16APR
2026-01-25 07:24:15 | INFO     | [DAY_START] Processing 15APR
[LF] Processing CAI-AHB for 15APR
2026-01-25 07:24:15 | INFO     | [lf.day.start] Processing CAI-AHB for 15APR
[LF] Sending SN command: SN15APRCAIAHB/ASM
[LF] 15APR: found 1 direct flights
2026-01-25 07:24:16 | INFO     | [lf.day.flights_found] Found 1 flights on 15APR
2026-01-25 07:24:18 | INFO     | [lf.flight.extracted] SM443 on 15APR: BKG=14, LF=7.8%
[LF] SM443 15APR: BKG=14, GRP=0, CAP=179, LF%=7.8%, Brd-Off=CAI-AHB, Classes: I:7, O:1, K:6
[LF] Getting WEEKLY/LASTSOLD data for 1 flights
[LF] SM443 15APR: LASTSOLD=2026-01-15 00:00:00, WEEKLY=0, TODAY=0, YDAY=0
2026-01-25 07:24:21 | INFO     | [SUCCESS] Day 15APR
2026-01-25 07:24:21 | INFO     | [DAY_START] Processing 14APR
[LF] Processing CAI-AHB for 14APR
2026-01-25 07:24:21 | INFO     | [lf.day.start] Processing CAI-AHB for 14APR
[LF] Sending SN command: SN14APRCAIAHB/ASM
[LF] No direct flights on 14APR for CAI-AHB
2026-01-25 07:24:22 | WARNING  | [lf.day.no_flights] No direct flights on 14APR
2026-01-25 07:24:22 | INFO     | [SUCCESS] Day 14APR
2026-01-25 07:24:22 | INFO     | [DAY_START] Processing 13APR
[LF] Processing CAI-AHB for 13APR
2026-01-25 07:24:22 | INFO     | [lf.day.start] Processing CAI-AHB for 13APR
[LF] Sending SN command: SN13APRCAIAHB/ASM
[LF] 13APR: found 1 direct flights
2026-01-25 07:24:24 | INFO     | [lf.day.flights_found] Found 1 flights on 13APR
2026-01-25 07:24:26 | INFO     | [lf.flight.extracted] SM443 on 13APR: BKG=12, LF=6.7%
[LF] SM443 13APR: BKG=12, GRP=0, CAP=179, LF%=6.7%, Brd-Off=CAI-AHB, Classes: I:6, O:6
[LF] Getting WEEKLY/LASTSOLD data for 1 flights
[LF] SM443 13APR: LASTSOLD=2026-01-24 00:00:00, WEEKLY=5, TODAY=0, YDAY=1
2026-01-25 07:24:28 | INFO     | [SUCCESS] Day 13APR
[LF] Results summary:
  2026-04-20: 1 flights
  2026-04-19: 0 flights
  2026-04-18: 1 flights
  2026-04-17: 0 flights
  2026-04-16: 1 flights
  2026-04-15: 1 flights
  2026-04-14: 0 flights
  2026-04-13: 1 flights
2026-01-25 07:24:28 | INFO     | [SUCCESS] LF Search Complete

============================================================
[Worker_9227] ✓ COMPLETED: CAI-AHB
  Results: 8 dates
  Errors: 0 dates
  Total Processed: 28 groups
============================================================

2026-01-25 07:24:28 | INFO     | [Worker_9227] Completed: CAI-AHB - 8 results, 0 errors

============================================================
[Worker_9227] Processing: JED-ATZ
  Tier 0: Range 3, Chunk 3/4
  Dates: 8 days
  Date Range: 2026-04-12 to 2026-04-05
============================================================

2026-01-25 07:24:28 | INFO     | [Worker_9227] Processing: JED-ATZ
2026-01-25 07:24:28 | INFO     |   Tier 0: Range 3, Chunk 3/4 (8 days)
2026-01-25 07:24:28 | INFO     | ======================================================================
2026-01-25 07:24:28 | INFO     | Load Factor Scraper Started - Route: JED-ATZ
2026-01-25 07:24:28 | INFO     | Log file: D:\CODERED\LAB\Artifacts\outputs\run_generated_250126_at_07.06\logs\LF_JED-ATZ_20260125_072428.log
2026-01-25 07:24:28 | INFO     | Enhanced logging: Capturing both logging.info() and print()
2026-01-25 07:24:28 | INFO     | ======================================================================
[LF] Processing dates (override): ['12APR', '11APR', '10APR', '09APR', '08APR', '07APR', '06APR', '05APR']
[LF] Attaching to Chrome for Altea access
2026-01-25 07:24:28 | INFO     | Starting LF search for route: JED-ATZ
2026-01-25 07:24:28 | INFO     | [START] LF Search
[LF][[OK] SUCCESS] Connected to Chrome on 127.0.0.1:9227 (after 1 attempts)
2026-01-25 07:24:29 | INFO     | [HEALTH CHECK] [OK] Chrome connection is healthy
[LF][[OK] SUCCESS] Found Amadeus Altea window: Altéa Reservation Desktop
[LF][[INFO] INFO] URL: https://tc212.resdesktop.altea.amadeus.com/app_ard/apf/init/login?SITE=ESMPESMP&LANGUAGE=GB&MARKETS=ARDW_PROD_WBP&ACTION=clpLogin
2026-01-25 07:24:29 | INFO     | [DAY_START] Processing 12APR
[LF] Processing JED-ATZ for 12APR
2026-01-25 07:24:29 | INFO     | [lf.day.start] Processing JED-ATZ for 12APR
[LF] Sending SN command: SN12APRJEDATZ/ASM
[LF] 12APR: found 1 direct flights
2026-01-25 07:24:30 | INFO     | [lf.day.flights_found] Found 1 flights on 12APR
2026-01-25 07:24:32 | INFO     | [lf.flight.extracted] SM456 on 12APR: BKG=0, LF=0.0%
[LF] SM456 12APR: BKG=0, GRP=0, CAP=167, LF%=0.0%, Brd-Off=JED-ATZ
2026-01-25 07:24:34 | INFO     | [SUCCESS] Day 12APR
2026-01-25 07:24:34 | INFO     | [DAY_START] Processing 11APR
[LF] Processing JED-ATZ for 11APR
2026-01-25 07:24:34 | INFO     | [lf.day.start] Processing JED-ATZ for 11APR
[LF] Sending SN command: SN11APRJEDATZ/ASM
[LF] 11APR: found 1 direct flights
2026-01-25 07:24:35 | INFO     | [lf.day.flights_found] Found 1 flights on 11APR
2026-01-25 07:24:37 | INFO     | [lf.flight.extracted] SM456 on 11APR: BKG=0, LF=0.0%
[LF] SM456 11APR: BKG=0, GRP=0, CAP=167, LF%=0.0%, Brd-Off=JED-ATZ
2026-01-25 07:24:38 | INFO     | [SUCCESS] Day 11APR
2026-01-25 07:24:38 | INFO     | [DAY_START] Processing 10APR
[LF] Processing JED-ATZ for 10APR
2026-01-25 07:24:38 | INFO     | [lf.day.start] Processing JED-ATZ for 10APR
[LF] Sending SN command: SN10APRJEDATZ/ASM
[LF] 10APR: found 1 direct flights
2026-01-25 07:24:40 | INFO     | [lf.day.flights_found] Found 1 flights on 10APR
2026-01-25 07:24:42 | INFO     | [lf.flight.extracted] SM456 on 10APR: BKG=7, LF=4.0%
[LF] SM456 10APR: BKG=7, GRP=0, CAP=175, LF%=4.0%, Brd-Off=JED-ATZ, Classes: I:7
[LF] Getting WEEKLY/LASTSOLD data for 1 flights
[LF] SM456 10APR: LASTSOLD=2026-01-24 00:00:00, WEEKLY=3, TODAY=0, YDAY=3
2026-01-25 07:24:44 | INFO     | [SUCCESS] Day 10APR
2026-01-25 07:24:44 | INFO     | [DAY_START] Processing 09APR
[LF] Processing JED-ATZ for 09APR
2026-01-25 07:24:44 | INFO     | [lf.day.start] Processing JED-ATZ for 09APR
[LF] Sending SN command: SN09APRJEDATZ/ASM
[LF] 09APR: found 1 direct flights
2026-01-25 07:24:45 | INFO     | [lf.day.flights_found] Found 1 flights on 09APR
2026-01-25 07:24:47 | INFO     | [lf.flight.extracted] SM456 on 09APR: BKG=1, LF=0.6%
[LF] SM456 09APR: BKG=1, GRP=0, CAP=175, LF%=0.6%, Brd-Off=JED-ATZ, Classes: I:1
[LF] Getting WEEKLY/LASTSOLD data for 1 flights
[LF] SM456 09APR: LASTSOLD=2026-01-03 00:00:00, WEEKLY=0, TODAY=0, YDAY=0
2026-01-25 07:24:50 | INFO     | [SUCCESS] Day 09APR
2026-01-25 07:24:50 | INFO     | [DAY_START] Processing 08APR
[LF] Processing JED-ATZ for 08APR
2026-01-25 07:24:50 | INFO     | [lf.day.start] Processing JED-ATZ for 08APR
[LF] Sending SN command: SN08APRJEDATZ/ASM
[LF] 08APR: found 1 direct flights
2026-01-25 07:24:51 | INFO     | [lf.day.flights_found] Found 1 flights on 08APR
2026-01-25 07:24:53 | INFO     | [lf.flight.extracted] SM456 on 08APR: BKG=2, LF=1.1%
[LF] SM456 08APR: BKG=2, GRP=0, CAP=175, LF%=1.1%, Brd-Off=JED-ATZ, Classes: I:2
[LF] Getting WEEKLY/LASTSOLD data for 1 flights
[LF] SM456 08APR: LASTSOLD=2026-01-16 00:00:00, WEEKLY=0, TODAY=0, YDAY=0
2026-01-25 07:24:56 | INFO     | [SUCCESS] Day 08APR
2026-01-25 07:24:56 | INFO     | [DAY_START] Processing 07APR
[LF] Processing JED-ATZ for 07APR
2026-01-25 07:24:56 | INFO     | [lf.day.start] Processing JED-ATZ for 07APR
[LF] Sending SN command: SN07APRJEDATZ/ASM
[LF] 07APR: found 1 direct flights
2026-01-25 07:24:57 | INFO     | [lf.day.flights_found] Found 1 flights on 07APR
2026-01-25 07:24:59 | INFO     | [lf.flight.extracted] SM456 on 07APR: BKG=183, LF=104.6%
[LF] SM456 07APR: BKG=183, GRP=180, CAP=175, LF%=104.6%, Brd-Off=JED-ATZ, Classes: P:180, I:3
[LF] Getting WEEKLY/LASTSOLD data for 1 flights
[LF] SM456 07APR: LASTSOLD=2026-01-13 00:00:00, WEEKLY=0, TODAY=0, YDAY=0
2026-01-25 07:25:02 | INFO     | [SUCCESS] Day 07APR
2026-01-25 07:25:02 | INFO     | [DAY_START] Processing 06APR
[LF] Processing JED-ATZ for 06APR
2026-01-25 07:25:02 | INFO     | [lf.day.start] Processing JED-ATZ for 06APR
[LF] Sending SN command: SN06APRJEDATZ/ASM
[LF] 06APR: found 1 direct flights
2026-01-25 07:25:03 | INFO     | [lf.day.flights_found] Found 1 flights on 06APR
2026-01-25 07:25:05 | INFO     | [lf.flight.extracted] SM456 on 06APR: BKG=0, LF=0.0%
[LF] SM456 06APR: BKG=0, GRP=0, CAP=175, LF%=0.0%, Brd-Off=JED-ATZ
2026-01-25 07:25:07 | INFO     | [SUCCESS] Day 06APR
2026-01-25 07:25:07 | INFO     | [DAY_START] Processing 05APR
[LF] Processing JED-ATZ for 05APR
2026-01-25 07:25:07 | INFO     | [lf.day.start] Processing JED-ATZ for 05APR
[LF] Sending SN command: SN05APRJEDATZ/ASM
[LF] 05APR: found 1 direct flights
2026-01-25 07:25:08 | INFO     | [lf.day.flights_found] Found 1 flights on 05APR
2026-01-25 07:25:10 | INFO     | [lf.flight.extracted] SM456 on 05APR: BKG=140, LF=80.0%
[LF] SM456 05APR: BKG=140, GRP=135, CAP=175, LF%=80.0%, Brd-Off=JED-ATZ, Classes: P:135, I:4, Y:1
[LF] Getting WEEKLY/LASTSOLD data for 1 flights
[LF] SM456 05APR: LASTSOLD=2026-01-23 00:00:00, WEEKLY=4, TODAY=0, YDAY=0
2026-01-25 07:25:12 | INFO     | [SUCCESS] Day 05APR
[LF] Results summary:
  2026-04-12: 1 flights
  2026-04-11: 1 flights
  2026-04-10: 1 flights
  2026-04-09: 1 flights
  2026-04-08: 1 flights
  2026-04-07: 1 flights
  2026-04-06: 1 flights
  2026-04-05: 1 flights
2026-01-25 07:25:12 | INFO     | [SUCCESS] LF Search Complete

============================================================
[Worker_9227] ✓ COMPLETED: JED-ATZ
  Results: 8 dates
  Errors: 0 dates
  Total Processed: 29 groups
============================================================

2026-01-25 07:25:12 | INFO     | [Worker_9227] Completed: JED-ATZ - 8 results, 0 errors

============================================================
[Worker_9227] Processing: AHB-ATZ
  Tier 0: Range 3, Chunk 3/4
  Dates: 8 days
  Date Range: 2026-04-12 to 2026-04-05
============================================================

2026-01-25 07:25:12 | INFO     | [Worker_9227] Processing: AHB-ATZ
2026-01-25 07:25:12 | INFO     |   Tier 0: Range 3, Chunk 3/4 (8 days)
2026-01-25 07:25:12 | INFO     | ======================================================================
2026-01-25 07:25:12 | INFO     | Load Factor Scraper Started - Route: AHB-ATZ
2026-01-25 07:25:12 | INFO     | Log file: D:\CODERED\LAB\Artifacts\outputs\run_generated_250126_at_07.06\logs\LF_AHB-ATZ_20260125_072512.log
2026-01-25 07:25:12 | INFO     | Enhanced logging: Capturing both logging.info() and print()
2026-01-25 07:25:12 | INFO     | ======================================================================
[LF] Processing dates (override): ['12APR', '11APR', '10APR', '09APR', '08APR', '07APR', '06APR', '05APR']
[LF] Attaching to Chrome for Altea access
2026-01-25 07:25:12 | INFO     | Starting LF search for route: AHB-ATZ
2026-01-25 07:25:12 | INFO     | [START] LF Search
[LF][[OK] SUCCESS] Connected to Chrome on 127.0.0.1:9227 (after 1 attempts)
2026-01-25 07:25:13 | INFO     | [HEALTH CHECK] [OK] Chrome connection is healthy
[LF][[OK] SUCCESS] Found Amadeus Altea window: Altéa Reservation Desktop
[LF][[INFO] INFO] URL: https://tc212.resdesktop.altea.amadeus.com/app_ard/apf/init/login?SITE=ESMPESMP&LANGUAGE=GB&MARKETS=ARDW_PROD_WBP&ACTION=clpLogin
2026-01-25 07:25:13 | INFO     | [DAY_START] Processing 12APR
[LF] Processing AHB-ATZ for 12APR
2026-01-25 07:25:13 | INFO     | [lf.day.start] Processing AHB-ATZ for 12APR
[LF] Sending SN command: SN12APRAHBATZ/ASM
[LF] No direct flights on 12APR for AHB-ATZ
2026-01-25 07:25:15 | WARNING  | [lf.day.no_flights] No direct flights on 12APR
2026-01-25 07:25:15 | INFO     | [SUCCESS] Day 12APR
2026-01-25 07:25:15 | INFO     | [DAY_START] Processing 11APR
[LF] Processing AHB-ATZ for 11APR
2026-01-25 07:25:15 | INFO     | [lf.day.start] Processing AHB-ATZ for 11APR
[LF] Sending SN command: SN11APRAHBATZ/ASM
[LF] No direct flights on 11APR for AHB-ATZ
2026-01-25 07:25:16 | WARNING  | [lf.day.no_flights] No direct flights on 11APR
2026-01-25 07:25:16 | INFO     | [SUCCESS] Day 11APR
2026-01-25 07:25:16 | INFO     | [DAY_START] Processing 10APR
[LF] Processing AHB-ATZ for 10APR
2026-01-25 07:25:16 | INFO     | [lf.day.start] Processing AHB-ATZ for 10APR
[LF] Sending SN command: SN10APRAHBATZ/ASM
[LF] No direct flights on 10APR for AHB-ATZ
2026-01-25 07:25:17 | WARNING  | [lf.day.no_flights] No direct flights on 10APR
2026-01-25 07:25:17 | INFO     | [SUCCESS] Day 10APR
2026-01-25 07:25:17 | INFO     | [DAY_START] Processing 09APR
[LF] Processing AHB-ATZ for 09APR
2026-01-25 07:25:17 | INFO     | [lf.day.start] Processing AHB-ATZ for 09APR
[LF] Sending SN command: SN09APRAHBATZ/ASM
[LF] No direct flights on 09APR for AHB-ATZ
2026-01-25 07:25:18 | WARNING  | [lf.day.no_flights] No direct flights on 09APR
2026-01-25 07:25:18 | INFO     | [SUCCESS] Day 09APR
2026-01-25 07:25:18 | INFO     | [DAY_START] Processing 08APR
[LF] Processing AHB-ATZ for 08APR
2026-01-25 07:25:18 | INFO     | [lf.day.start] Processing AHB-ATZ for 08APR
[LF] Sending SN command: SN08APRAHBATZ/ASM
[LF] No direct flights on 08APR for AHB-ATZ
2026-01-25 07:25:20 | WARNING  | [lf.day.no_flights] No direct flights on 08APR
2026-01-25 07:25:20 | INFO     | [SUCCESS] Day 08APR
2026-01-25 07:25:20 | INFO     | [DAY_START] Processing 07APR
[LF] Processing AHB-ATZ for 07APR
2026-01-25 07:25:20 | INFO     | [lf.day.start] Processing AHB-ATZ for 07APR
[LF] Sending SN command: SN07APRAHBATZ/ASM
[LF] No direct flights on 07APR for AHB-ATZ
2026-01-25 07:25:21 | WARNING  | [lf.day.no_flights] No direct flights on 07APR
2026-01-25 07:25:21 | INFO     | [SUCCESS] Day 07APR
2026-01-25 07:25:21 | INFO     | [DAY_START] Processing 06APR
[LF] Processing AHB-ATZ for 06APR
2026-01-25 07:25:21 | INFO     | [lf.day.start] Processing AHB-ATZ for 06APR
[LF] Sending SN command: SN06APRAHBATZ/ASM
[LF] No direct flights on 06APR for AHB-ATZ
2026-01-25 07:25:22 | WARNING  | [lf.day.no_flights] No direct flights on 06APR
2026-01-25 07:25:22 | INFO     | [SUCCESS] Day 06APR
2026-01-25 07:25:22 | INFO     | [DAY_START] Processing 05APR
[LF] Processing AHB-ATZ for 05APR
2026-01-25 07:25:22 | INFO     | [lf.day.start] Processing AHB-ATZ for 05APR
[LF] Sending SN command: SN05APRAHBATZ/ASM
[LF] No direct flights on 05APR for AHB-ATZ
2026-01-25 07:25:23 | WARNING  | [lf.day.no_flights] No direct flights on 05APR
2026-01-25 07:25:23 | INFO     | [SUCCESS] Day 05APR
[LF] Results summary:
  2026-04-12: 0 flights
  2026-04-11: 0 flights
  2026-04-10: 0 flights
  2026-04-09: 0 flights
  2026-04-08: 0 flights
  2026-04-07: 0 flights
  2026-04-06: 0 flights
  2026-04-05: 0 flights
2026-01-25 07:25:23 | INFO     | [SUCCESS] LF Search Complete

============================================================
[Worker_9227] ✓ COMPLETED: AHB-ATZ
  Results: 8 dates
  Errors: 0 dates
  Total Processed: 30 groups
============================================================

2026-01-25 07:25:23 | INFO     | [Worker_9227] Completed: AHB-ATZ - 8 results, 0 errors

============================================================
[Worker_9227] Processing: CAI-MED
  Tier 0: Range 3, Chunk 3/4
  Dates: 8 days
  Date Range: 2026-04-12 to 2026-04-05
============================================================

2026-01-25 07:25:23 | INFO     | [Worker_9227] Processing: CAI-MED
2026-01-25 07:25:23 | INFO     |   Tier 0: Range 3, Chunk 3/4 (8 days)
2026-01-25 07:25:23 | INFO     | ======================================================================
2026-01-25 07:25:23 | INFO     | Load Factor Scraper Started - Route: CAI-MED
2026-01-25 07:25:23 | INFO     | Log file: D:\CODERED\LAB\Artifacts\outputs\run_generated_250126_at_07.06\logs\LF_CAI-MED_20260125_072523.log
2026-01-25 07:25:23 | INFO     | Enhanced logging: Capturing both logging.info() and print()
2026-01-25 07:25:23 | INFO     | ======================================================================
[LF] Processing dates (override): ['12APR', '11APR', '10APR', '09APR', '08APR', '07APR', '06APR', '05APR']
[LF] Attaching to Chrome for Altea access
2026-01-25 07:25:23 | INFO     | Starting LF search for route: CAI-MED
2026-01-25 07:25:23 | INFO     | [START] LF Search
[LF][[OK] SUCCESS] Connected to Chrome on 127.0.0.1:9227 (after 1 attempts)
2026-01-25 07:25:24 | INFO     | [HEALTH CHECK] [OK] Chrome connection is healthy
[LF][[OK] SUCCESS] Found Amadeus Altea window: Altéa Reservation Desktop
[LF][[INFO] INFO] URL: https://tc212.resdesktop.altea.amadeus.com/app_ard/apf/init/login?SITE=ESMPESMP&LANGUAGE=GB&MARKETS=ARDW_PROD_WBP&ACTION=clpLogin
2026-01-25 07:25:24 | INFO     | [DAY_START] Processing 12APR
[LF] Processing CAI-MED for 12APR
2026-01-25 07:25:24 | INFO     | [lf.day.start] Processing CAI-MED for 12APR
[LF] Sending SN command: SN12APRCAIMED/ASM
[LF] 12APR: found 1 direct flights
2026-01-25 07:25:25 | INFO     | [lf.day.flights_found] Found 1 flights on 12APR
2026-01-25 07:25:27 | INFO     | [lf.flight.extracted] SM493 on 12APR: BKG=4, LF=2.2%
[LF] SM493 12APR: BKG=4, GRP=0, CAP=179, LF%=2.2%, Brd-Off=CAI-MED, Classes: I:2, O:2
[LF] Getting WEEKLY/LASTSOLD data for 1 flights
[LF] SM493 12APR: LASTSOLD=2026-01-17 00:00:00, WEEKLY=0, TODAY=0, YDAY=0
2026-01-25 07:25:30 | INFO     | [SUCCESS] Day 12APR
2026-01-25 07:25:30 | INFO     | [DAY_START] Processing 11APR
[LF] Processing CAI-MED for 11APR
2026-01-25 07:25:30 | INFO     | [lf.day.start] Processing CAI-MED for 11APR
[LF] Sending SN command: SN11APRCAIMED/ASM
[LF] No direct flights on 11APR for CAI-MED
2026-01-25 07:25:31 | WARNING  | [lf.day.no_flights] No direct flights on 11APR
2026-01-25 07:25:31 | INFO     | [SUCCESS] Day 11APR
2026-01-25 07:25:31 | INFO     | [DAY_START] Processing 10APR
[LF] Processing CAI-MED for 10APR
2026-01-25 07:25:31 | INFO     | [lf.day.start] Processing CAI-MED for 10APR
[LF] Sending SN command: SN10APRCAIMED/ASM
[LF] No direct flights on 10APR for CAI-MED
2026-01-25 07:25:32 | WARNING  | [lf.day.no_flights] No direct flights on 10APR
2026-01-25 07:25:32 | INFO     | [SUCCESS] Day 10APR
2026-01-25 07:25:32 | INFO     | [DAY_START] Processing 09APR
[LF] Processing CAI-MED for 09APR
2026-01-25 07:25:32 | INFO     | [lf.day.start] Processing CAI-MED for 09APR
[LF] Sending SN command: SN09APRCAIMED/ASM
[LF] 09APR: found 1 direct flights
2026-01-25 07:25:33 | INFO     | [lf.day.flights_found] Found 1 flights on 09APR
2026-01-25 07:25:35 | INFO     | [lf.flight.extracted] SM493 on 09APR: BKG=3, LF=1.7%
[LF] SM493 09APR: BKG=3, GRP=0, CAP=179, LF%=1.7%, Brd-Off=CAI-MED, Classes: I:1, O:2
[LF] Getting WEEKLY/LASTSOLD data for 1 flights
[LF] SM493 09APR: LASTSOLD=2026-01-16 00:00:00, WEEKLY=0, TODAY=0, YDAY=0
2026-01-25 07:25:38 | INFO     | [SUCCESS] Day 09APR
2026-01-25 07:25:38 | INFO     | [DAY_START] Processing 08APR
[LF] Processing CAI-MED for 08APR
2026-01-25 07:25:38 | INFO     | [lf.day.start] Processing CAI-MED for 08APR
[LF] Sending SN command: SN08APRCAIMED/ASM
[LF] 08APR: found 1 direct flights
2026-01-25 07:25:39 | INFO     | [lf.day.flights_found] Found 1 flights on 08APR
2026-01-25 07:25:41 | INFO     | [lf.flight.extracted] SM493 on 08APR: BKG=3, LF=1.7%
[LF] SM493 08APR: BKG=3, GRP=0, CAP=179, LF%=1.7%, Brd-Off=CAI-MED, Classes: I:1, O:2
[LF] Getting WEEKLY/LASTSOLD data for 1 flights
[LF] SM493 08APR: LASTSOLD=2026-01-20 00:00:00, WEEKLY=1, TODAY=0, YDAY=0
2026-01-25 07:25:44 | INFO     | [SUCCESS] Day 08APR
2026-01-25 07:25:44 | INFO     | [DAY_START] Processing 07APR
[LF] Processing CAI-MED for 07APR
2026-01-25 07:25:44 | INFO     | [lf.day.start] Processing CAI-MED for 07APR
[LF] Sending SN command: SN07APRCAIMED/ASM
[LF] 07APR: found 1 direct flights
2026-01-25 07:25:45 | INFO     | [lf.day.flights_found] Found 1 flights on 07APR
2026-01-25 07:25:47 | INFO     | [lf.flight.extracted] SM493 on 07APR: BKG=2, LF=1.1%
[LF] SM493 07APR: BKG=2, GRP=0, CAP=179, LF%=1.1%, Brd-Off=CAI-MED, Classes: I:2
[LF] Getting WEEKLY/LASTSOLD data for 1 flights
[LF] SM493 07APR: LASTSOLD=2025-11-19 00:00:00, WEEKLY=0, TODAY=0, YDAY=0
2026-01-25 07:25:50 | INFO     | [SUCCESS] Day 07APR
2026-01-25 07:25:50 | INFO     | [DAY_START] Processing 06APR
[LF] Processing CAI-MED for 06APR
2026-01-25 07:25:50 | INFO     | [lf.day.start] Processing CAI-MED for 06APR
[LF] Sending SN command: SN06APRCAIMED/ASM
[LF] No direct flights on 06APR for CAI-MED
2026-01-25 07:25:51 | WARNING  | [lf.day.no_flights] No direct flights on 06APR
2026-01-25 07:25:51 | INFO     | [SUCCESS] Day 06APR
2026-01-25 07:25:51 | INFO     | [DAY_START] Processing 05APR
[LF] Processing CAI-MED for 05APR
2026-01-25 07:25:51 | INFO     | [lf.day.start] Processing CAI-MED for 05APR
[LF] Sending SN command: SN05APRCAIMED/ASM
[LF] 05APR: found 1 direct flights
2026-01-25 07:25:52 | INFO     | [lf.day.flights_found] Found 1 flights on 05APR
2026-01-25 07:25:54 | INFO     | [lf.flight.extracted] SM493 on 05APR: BKG=2, LF=1.1%
[LF] SM493 05APR: BKG=2, GRP=0, CAP=179, LF%=1.1%, Brd-Off=CAI-MED, Classes: I:1, O:1
[LF] Getting WEEKLY/LASTSOLD data for 1 flights
[LF] SM493 05APR: LASTSOLD=2026-01-15 00:00:00, WEEKLY=0, TODAY=0, YDAY=0
2026-01-25 07:25:57 | INFO     | [SUCCESS] Day 05APR
[LF] Results summary:
  2026-04-12: 1 flights
  2026-04-11: 0 flights
  2026-04-10: 0 flights
  2026-04-09: 1 flights
  2026-04-08: 1 flights
  2026-04-07: 1 flights
  2026-04-06: 0 flights
  2026-04-05: 1 flights
2026-01-25 07:25:57 | INFO     | [SUCCESS] LF Search Complete

============================================================
[Worker_9227] ✓ COMPLETED: CAI-MED
  Results: 8 dates
  Errors: 0 dates
  Total Processed: 31 groups
============================================================

2026-01-25 07:25:57 | INFO     | [Worker_9227] Completed: CAI-MED - 8 results, 0 errors

============================================================
[Worker_9227] Processing: ATZ-RUH
  Tier 0: Range 3, Chunk 3/4
  Dates: 8 days
  Date Range: 2026-04-12 to 2026-04-05
============================================================

2026-01-25 07:25:57 | INFO     | [Worker_9227] Processing: ATZ-RUH
2026-01-25 07:25:57 | INFO     |   Tier 0: Range 3, Chunk 3/4 (8 days)
2026-01-25 07:25:57 | INFO     | ======================================================================
2026-01-25 07:25:57 | INFO     | Load Factor Scraper Started - Route: ATZ-RUH
2026-01-25 07:25:57 | INFO     | Log file: D:\CODERED\LAB\Artifacts\outputs\run_generated_250126_at_07.06\logs\LF_ATZ-RUH_20260125_072557.log
2026-01-25 07:25:57 | INFO     | Enhanced logging: Capturing both logging.info() and print()
2026-01-25 07:25:57 | INFO     | ======================================================================
[LF] Processing dates (override): ['12APR', '11APR', '10APR', '09APR', '08APR', '07APR', '06APR', '05APR']
[LF] Attaching to Chrome for Altea access
2026-01-25 07:25:57 | INFO     | Starting LF search for route: ATZ-RUH
2026-01-25 07:25:57 | INFO     | [START] LF Search
[LF][[OK] SUCCESS] Connected to Chrome on 127.0.0.1:9227 (after 1 attempts)
2026-01-25 07:25:57 | INFO     | [HEALTH CHECK] [OK] Chrome connection is healthy
[LF][[OK] SUCCESS] Found Amadeus Altea window: Altéa Reservation Desktop
[LF][[INFO] INFO] URL: https://tc212.resdesktop.altea.amadeus.com/app_ard/apf/init/login?SITE=ESMPESMP&LANGUAGE=GB&MARKETS=ARDW_PROD_WBP&ACTION=clpLogin
2026-01-25 07:25:58 | INFO     | [DAY_START] Processing 12APR
[LF] Processing ATZ-RUH for 12APR
2026-01-25 07:25:58 | INFO     | [lf.day.start] Processing ATZ-RUH for 12APR
[LF] Sending SN command: SN12APRATZRUH/ASM
[LF] No direct flights on 12APR for ATZ-RUH
2026-01-25 07:25:59 | WARNING  | [lf.day.no_flights] No direct flights on 12APR
2026-01-25 07:25:59 | INFO     | [SUCCESS] Day 12APR
2026-01-25 07:25:59 | INFO     | [DAY_START] Processing 11APR
[LF] Processing ATZ-RUH for 11APR
2026-01-25 07:25:59 | INFO     | [lf.day.start] Processing ATZ-RUH for 11APR
[LF] Sending SN command: SN11APRATZRUH/ASM
[LF] No direct flights on 11APR for ATZ-RUH
2026-01-25 07:26:00 | WARNING  | [lf.day.no_flights] No direct flights on 11APR
2026-01-25 07:26:00 | INFO     | [SUCCESS] Day 11APR
2026-01-25 07:26:00 | INFO     | [DAY_START] Processing 10APR
[LF] Processing ATZ-RUH for 10APR
2026-01-25 07:26:00 | INFO     | [lf.day.start] Processing ATZ-RUH for 10APR
[LF] Sending SN command: SN10APRATZRUH/ASM
[LF] No direct flights on 10APR for ATZ-RUH
2026-01-25 07:26:01 | WARNING  | [lf.day.no_flights] No direct flights on 10APR
2026-01-25 07:26:01 | INFO     | [SUCCESS] Day 10APR
2026-01-25 07:26:01 | INFO     | [DAY_START] Processing 09APR
[LF] Processing ATZ-RUH for 09APR
2026-01-25 07:26:01 | INFO     | [lf.day.start] Processing ATZ-RUH for 09APR
[LF] Sending SN command: SN09APRATZRUH/ASM
[LF] No direct flights on 09APR for ATZ-RUH
2026-01-25 07:26:03 | WARNING  | [lf.day.no_flights] No direct flights on 09APR
2026-01-25 07:26:03 | INFO     | [SUCCESS] Day 09APR
2026-01-25 07:26:03 | INFO     | [DAY_START] Processing 08APR
[LF] Processing ATZ-RUH for 08APR
2026-01-25 07:26:03 | INFO     | [lf.day.start] Processing ATZ-RUH for 08APR
[LF] Sending SN command: SN08APRATZRUH/ASM
[LF] 08APR: found 1 direct flights
2026-01-25 07:26:04 | INFO     | [lf.day.flights_found] Found 1 flights on 08APR
2026-01-25 07:26:06 | INFO     | [lf.flight.extracted] SM465 on 08APR: BKG=55, LF=30.7%
[LF] SM465 08APR: BKG=55, GRP=0, CAP=179, LF%=30.7%, Brd-Off=ATZ-RUH, Classes: I:5, O:7, U:7, X:6, T:10, W:9, S:9, G:2
[LF] Getting WEEKLY/LASTSOLD data for 1 flights
[LF] SM465 08APR: LASTSOLD=2026-01-22 00:00:00, WEEKLY=8, TODAY=0, YDAY=0
2026-01-25 07:26:10 | INFO     | [SUCCESS] Day 08APR
2026-01-25 07:26:10 | INFO     | [DAY_START] Processing 07APR
[LF] Processing ATZ-RUH for 07APR
2026-01-25 07:26:10 | INFO     | [lf.day.start] Processing ATZ-RUH for 07APR
[LF] Sending SN command: SN07APRATZRUH/ASM
[LF] No direct flights on 07APR for ATZ-RUH
2026-01-25 07:26:12 | WARNING  | [lf.day.no_flights] No direct flights on 07APR
2026-01-25 07:26:12 | INFO     | [SUCCESS] Day 07APR
2026-01-25 07:26:12 | INFO     | [DAY_START] Processing 06APR
[LF] Processing ATZ-RUH for 06APR
2026-01-25 07:26:12 | INFO     | [lf.day.start] Processing ATZ-RUH for 06APR
[LF] Sending SN command: SN06APRATZRUH/ASM
[LF] No direct flights on 06APR for ATZ-RUH
2026-01-25 07:26:13 | WARNING  | [lf.day.no_flights] No direct flights on 06APR
2026-01-25 07:26:13 | INFO     | [SUCCESS] Day 06APR
2026-01-25 07:26:13 | INFO     | [DAY_START] Processing 05APR
[LF] Processing ATZ-RUH for 05APR
2026-01-25 07:26:13 | INFO     | [lf.day.start] Processing ATZ-RUH for 05APR
[LF] Sending SN command: SN05APRATZRUH/ASM
[LF] No direct flights on 05APR for ATZ-RUH
2026-01-25 07:26:14 | WARNING  | [lf.day.no_flights] No direct flights on 05APR
2026-01-25 07:26:14 | INFO     | [SUCCESS] Day 05APR
[LF] Results summary:
  2026-04-12: 0 flights
  2026-04-11: 0 flights
  2026-04-10: 0 flights
  2026-04-09: 0 flights
  2026-04-08: 1 flights
  2026-04-07: 0 flights
  2026-04-06: 0 flights
  2026-04-05: 0 flights
2026-01-25 07:26:14 | INFO     | [SUCCESS] LF Search Complete

============================================================
[Worker_9227] ✓ COMPLETED: ATZ-RUH
  Results: 8 dates
  Errors: 0 dates
  Total Processed: 32 groups
============================================================

2026-01-25 07:26:14 | INFO     | [Worker_9227] Completed: ATZ-RUH - 8 results, 0 errors

============================================================
[Worker_9227] Processing: CAI-AJF
  Tier 0: Range 3, Chunk 3/4
  Dates: 8 days
  Date Range: 2026-04-12 to 2026-04-05
============================================================

2026-01-25 07:26:14 | INFO     | [Worker_9227] Processing: CAI-AJF
2026-01-25 07:26:14 | INFO     |   Tier 0: Range 3, Chunk 3/4 (8 days)
2026-01-25 07:26:14 | INFO     | ======================================================================
2026-01-25 07:26:14 | INFO     | Load Factor Scraper Started - Route: CAI-AJF
2026-01-25 07:26:14 | INFO     | Log file: D:\CODERED\LAB\Artifacts\outputs\run_generated_250126_at_07.06\logs\LF_CAI-AJF_20260125_072614.log
2026-01-25 07:26:14 | INFO     | Enhanced logging: Capturing both logging.info() and print()
2026-01-25 07:26:14 | INFO     | ======================================================================
[LF] Processing dates (override): ['12APR', '11APR', '10APR', '09APR', '08APR', '07APR', '06APR', '05APR']
[LF] Attaching to Chrome for Altea access
2026-01-25 07:26:14 | INFO     | Starting LF search for route: CAI-AJF
2026-01-25 07:26:14 | INFO     | [START] LF Search
[LF][[OK] SUCCESS] Connected to Chrome on 127.0.0.1:9227 (after 1 attempts)
2026-01-25 07:26:15 | INFO     | [HEALTH CHECK] [OK] Chrome connection is healthy
[LF][[OK] SUCCESS] Found Amadeus Altea window: Altéa Reservation Desktop
[LF][[INFO] INFO] URL: https://tc212.resdesktop.altea.amadeus.com/app_ard/apf/init/login?SITE=ESMPESMP&LANGUAGE=GB&MARKETS=ARDW_PROD_WBP&ACTION=clpLogin
2026-01-25 07:26:15 | INFO     | [DAY_START] Processing 12APR
[LF] Processing CAI-AJF for 12APR
2026-01-25 07:26:15 | INFO     | [lf.day.start] Processing CAI-AJF for 12APR
[LF] Sending SN command: SN12APRCAIAJF/ASM
[LF] No direct flights on 12APR for CAI-AJF
2026-01-25 07:26:16 | WARNING  | [lf.day.no_flights] No direct flights on 12APR
2026-01-25 07:26:16 | INFO     | [SUCCESS] Day 12APR
2026-01-25 07:26:16 | INFO     | [DAY_START] Processing 11APR
[LF] Processing CAI-AJF for 11APR
2026-01-25 07:26:16 | INFO     | [lf.day.start] Processing CAI-AJF for 11APR
[LF] Sending SN command: SN11APRCAIAJF/ASM
[LF] 11APR: found 1 direct flights
2026-01-25 07:26:17 | INFO     | [lf.day.flights_found] Found 1 flights on 11APR
2026-01-25 07:26:19 | INFO     | [lf.flight.extracted] SM321 on 11APR: BKG=12, LF=6.7%
[LF] SM321 11APR: BKG=12, GRP=0, CAP=179, LF%=6.7%, Brd-Off=CAI-AJF, Classes: I:2, O:8, U:2
[LF] Getting WEEKLY/LASTSOLD data for 1 flights
[LF] SM321 11APR: LASTSOLD=2026-01-06 00:00:00, WEEKLY=0, TODAY=0, YDAY=0
2026-01-25 07:26:22 | INFO     | [SUCCESS] Day 11APR
2026-01-25 07:26:22 | INFO     | [DAY_START] Processing 10APR
[LF] Processing CAI-AJF for 10APR
2026-01-25 07:26:22 | INFO     | [lf.day.start] Processing CAI-AJF for 10APR
[LF] Sending SN command: SN10APRCAIAJF/ASM
[LF] No direct flights on 10APR for CAI-AJF
2026-01-25 07:26:23 | WARNING  | [lf.day.no_flights] No direct flights on 10APR
2026-01-25 07:26:23 | INFO     | [SUCCESS] Day 10APR
2026-01-25 07:26:23 | INFO     | [DAY_START] Processing 09APR
[LF] Processing CAI-AJF for 09APR
2026-01-25 07:26:23 | INFO     | [lf.day.start] Processing CAI-AJF for 09APR
[LF] Sending SN command: SN09APRCAIAJF/ASM
[LF] 09APR: found 1 direct flights
2026-01-25 07:26:25 | INFO     | [lf.day.flights_found] Found 1 flights on 09APR
2026-01-25 07:26:27 | INFO     | [lf.flight.extracted] SM321 on 09APR: BKG=6, LF=3.4%
[LF] SM321 09APR: BKG=6, GRP=0, CAP=179, LF%=3.4%, Brd-Off=CAI-AJF, Classes: I:5, O:1
[LF] Getting WEEKLY/LASTSOLD data for 1 flights
[LF] SM321 09APR: LASTSOLD=2025-12-31 00:00:00, WEEKLY=0, TODAY=0, YDAY=0
2026-01-25 07:26:30 | INFO     | [SUCCESS] Day 09APR
2026-01-25 07:26:30 | INFO     | [DAY_START] Processing 08APR
[LF] Processing CAI-AJF for 08APR
2026-01-25 07:26:30 | INFO     | [lf.day.start] Processing CAI-AJF for 08APR
[LF] Sending SN command: SN08APRCAIAJF/ASM
[LF] 08APR: found 1 direct flights
2026-01-25 07:26:31 | INFO     | [lf.day.flights_found] Found 1 flights on 08APR
2026-01-25 07:26:33 | INFO     | [lf.flight.extracted] SM321 on 08APR: BKG=10, LF=5.6%
[LF] SM321 08APR: BKG=10, GRP=0, CAP=179, LF%=5.6%, Brd-Off=CAI-AJF, Classes: I:5, O:4, U:1
[LF] Getting WEEKLY/LASTSOLD data for 1 flights
[LF] SM321 08APR: LASTSOLD=2026-01-19 00:00:00, WEEKLY=1, TODAY=0, YDAY=0
2026-01-25 07:26:35 | INFO     | [SUCCESS] Day 08APR
2026-01-25 07:26:35 | INFO     | [DAY_START] Processing 07APR
[LF] Processing CAI-AJF for 07APR
2026-01-25 07:26:35 | INFO     | [lf.day.start] Processing CAI-AJF for 07APR
[LF] Sending SN command: SN07APRCAIAJF/ASM
[LF] No direct flights on 07APR for CAI-AJF
2026-01-25 07:26:36 | WARNING  | [lf.day.no_flights] No direct flights on 07APR
2026-01-25 07:26:36 | INFO     | [SUCCESS] Day 07APR
2026-01-25 07:26:36 | INFO     | [DAY_START] Processing 06APR
[LF] Processing CAI-AJF for 06APR
2026-01-25 07:26:36 | INFO     | [lf.day.start] Processing CAI-AJF for 06APR
[LF] Sending SN command: SN06APRCAIAJF/ASM
[LF] No direct flights on 06APR for CAI-AJF
2026-01-25 07:26:38 | WARNING  | [lf.day.no_flights] No direct flights on 06APR
2026-01-25 07:26:38 | INFO     | [SUCCESS] Day 06APR
2026-01-25 07:26:38 | INFO     | [DAY_START] Processing 05APR
[LF] Processing CAI-AJF for 05APR
2026-01-25 07:26:38 | INFO     | [lf.day.start] Processing CAI-AJF for 05APR
[LF] Sending SN command: SN05APRCAIAJF/ASM
[LF] No direct flights on 05APR for CAI-AJF
2026-01-25 07:26:39 | WARNING  | [lf.day.no_flights] No direct flights on 05APR
2026-01-25 07:26:39 | INFO     | [SUCCESS] Day 05APR
[LF] Results summary:
  2026-04-12: 0 flights
  2026-04-11: 1 flights
  2026-04-10: 0 flights
  2026-04-09: 1 flights
  2026-04-08: 1 flights
  2026-04-07: 0 flights
  2026-04-06: 0 flights
  2026-04-05: 0 flights
2026-01-25 07:26:39 | INFO     | [SUCCESS] LF Search Complete

============================================================
[Worker_9227] ✓ COMPLETED: CAI-AJF
  Results: 8 dates
  Errors: 0 dates
  Total Processed: 33 groups
============================================================

2026-01-25 07:26:39 | INFO     | [Worker_9227] Completed: CAI-AJF - 8 results, 0 errors

============================================================
[Worker_9227] Processing: MED-CAI
  Tier 0: Range 3, Chunk 4/4
  Dates: 8 days
  Date Range: 2026-04-04 to 2026-03-28
============================================================

2026-01-25 07:26:39 | INFO     | [Worker_9227] Processing: MED-CAI
2026-01-25 07:26:39 | INFO     |   Tier 0: Range 3, Chunk 4/4 (8 days)
2026-01-25 07:26:39 | INFO     | ======================================================================
2026-01-25 07:26:39 | INFO     | Load Factor Scraper Started - Route: MED-CAI
2026-01-25 07:26:39 | INFO     | Log file: D:\CODERED\LAB\Artifacts\outputs\run_generated_250126_at_07.06\logs\LF_MED-CAI_20260125_072639.log
2026-01-25 07:26:39 | INFO     | Enhanced logging: Capturing both logging.info() and print()
2026-01-25 07:26:39 | INFO     | ======================================================================
[LF] Processing dates (override): ['04APR', '03APR', '02APR', '01APR', '31MAR', '30MAR', '29MAR', '28MAR']
[LF] Attaching to Chrome for Altea access
2026-01-25 07:26:39 | INFO     | Starting LF search for route: MED-CAI
2026-01-25 07:26:39 | INFO     | [START] LF Search
[LF][[OK] SUCCESS] Connected to Chrome on 127.0.0.1:9227 (after 1 attempts)
2026-01-25 07:26:39 | INFO     | [HEALTH CHECK] [OK] Chrome connection is healthy
[LF][[OK] SUCCESS] Found Amadeus Altea window: Altéa Reservation Desktop
[LF][[INFO] INFO] URL: https://tc212.resdesktop.altea.amadeus.com/app_ard/apf/init/login?SITE=ESMPESMP&LANGUAGE=GB&MARKETS=ARDW_PROD_WBP&ACTION=clpLogin
2026-01-25 07:26:39 | INFO     | [DAY_START] Processing 04APR
[LF] Processing MED-CAI for 04APR
2026-01-25 07:26:39 | INFO     | [lf.day.start] Processing MED-CAI for 04APR
[LF] Sending SN command: SN04APRMEDCAI/ASM
[LF] No direct flights on 04APR for MED-CAI
2026-01-25 07:26:41 | WARNING  | [lf.day.no_flights] No direct flights on 04APR
2026-01-25 07:26:41 | INFO     | [SUCCESS] Day 04APR
2026-01-25 07:26:41 | INFO     | [DAY_START] Processing 03APR
[LF] Processing MED-CAI for 03APR
2026-01-25 07:26:41 | INFO     | [lf.day.start] Processing MED-CAI for 03APR
[LF] Sending SN command: SN03APRMEDCAI/ASM
[LF] No direct flights on 03APR for MED-CAI
2026-01-25 07:26:42 | WARNING  | [lf.day.no_flights] No direct flights on 03APR
2026-01-25 07:26:42 | INFO     | [SUCCESS] Day 03APR
2026-01-25 07:26:42 | INFO     | [DAY_START] Processing 02APR
[LF] Processing MED-CAI for 02APR
2026-01-25 07:26:42 | INFO     | [lf.day.start] Processing MED-CAI for 02APR
[LF] Sending SN command: SN02APRMEDCAI/ASM
[LF] 02APR: found 1 direct flights
2026-01-25 07:26:43 | INFO     | [lf.day.flights_found] Found 1 flights on 02APR
2026-01-25 07:26:45 | INFO     | [lf.flight.extracted] SM494 on 02APR: BKG=168, LF=100.6%
[LF] SM494 02APR: BKG=168, GRP=135, CAP=167, LF%=100.6%, Brd-Off=MED-CAI, Classes: P:135, I:17, O:14, X:2
[LF] Getting WEEKLY/LASTSOLD data for 1 flights
[LF] SM494 02APR: LASTSOLD=2026-01-18 00:00:00, WEEKLY=1, TODAY=0, YDAY=0
2026-01-25 07:26:48 | INFO     | [SUCCESS] Day 02APR
2026-01-25 07:26:48 | INFO     | [DAY_START] Processing 01APR
[LF] Processing MED-CAI for 01APR
2026-01-25 07:26:48 | INFO     | [lf.day.start] Processing MED-CAI for 01APR
[LF] Sending SN command: SN01APRMEDCAI/ASM
[LF] 01APR: found 1 direct flights
2026-01-25 07:26:49 | INFO     | [lf.day.flights_found] Found 1 flights on 01APR
2026-01-25 07:26:51 | INFO     | [lf.flight.extracted] SM494 on 01APR: BKG=168, LF=96.0%
[LF] SM494 01APR: BKG=168, GRP=135, CAP=175, LF%=96.0%, Brd-Off=MED-CAI, Classes: P:135, I:17, O:16
[LF] Getting WEEKLY/LASTSOLD data for 1 flights
[LF] SM494 01APR: LASTSOLD=2026-01-11 00:00:00, WEEKLY=0, TODAY=0, YDAY=0
2026-01-25 07:26:55 | INFO     | [SUCCESS] Day 01APR
2026-01-25 07:26:55 | INFO     | [DAY_START] Processing 31MAR
[LF] Processing MED-CAI for 31MAR
2026-01-25 07:26:55 | INFO     | [lf.day.start] Processing MED-CAI for 31MAR
[LF] Sending SN command: SN31MARMEDCAI/ASM
[LF] 31MAR: found 1 direct flights
2026-01-25 07:26:56 | INFO     | [lf.day.flights_found] Found 1 flights on 31MAR
2026-01-25 07:26:58 | INFO     | [lf.flight.extracted] SM494 on 31MAR: BKG=168, LF=96.0%
[LF] SM494 31MAR: BKG=168, GRP=135, CAP=175, LF%=96.0%, Brd-Off=MED-CAI, Classes: P:135, I:15, O:6, K:12
[LF] Getting WEEKLY/LASTSOLD data for 1 flights
[LF] SM494 31MAR: LASTSOLD=2026-01-05 00:00:00, WEEKLY=0, TODAY=0, YDAY=0
2026-01-25 07:27:01 | INFO     | [SUCCESS] Day 31MAR
2026-01-25 07:27:01 | INFO     | [DAY_START] Processing 30MAR
[LF] Processing MED-CAI for 30MAR
2026-01-25 07:27:01 | INFO     | [lf.day.start] Processing MED-CAI for 30MAR
[LF] Sending SN command: SN30MARMEDCAI/ASM
[LF] 30MAR: found 1 direct flights
2026-01-25 07:27:16 | INFO     | [lf.day.flights_found] Found 1 flights on 30MAR
2026-01-25 07:27:18 | INFO     | [lf.flight.extracted] SM494 on 30MAR: BKG=168, LF=96.0%
[LF] SM494 30MAR: BKG=168, GRP=135, CAP=175, LF%=96.0%, Brd-Off=MED-CAI, Classes: P:135, I:17, O:10, X:1, K:5
[LF] Getting WEEKLY/LASTSOLD data for 1 flights
[LF] SM494 30MAR: LASTSOLD=2026-01-07 00:00:00, WEEKLY=0, TODAY=0, YDAY=0
2026-01-25 07:27:22 | INFO     | [SUCCESS] Day 30MAR
2026-01-25 07:27:22 | INFO     | [DAY_START] Processing 29MAR
[LF] Processing MED-CAI for 29MAR
2026-01-25 07:27:22 | INFO     | [lf.day.start] Processing MED-CAI for 29MAR
[LF] Sending SN command: SN29MARMEDCAI/ASM
[LF] No direct flights on 29MAR for MED-CAI
2026-01-25 07:27:23 | WARNING  | [lf.day.no_flights] No direct flights on 29MAR
2026-01-25 07:27:23 | INFO     | [SUCCESS] Day 29MAR
2026-01-25 07:27:23 | INFO     | [DAY_START] Processing 28MAR
[LF] Processing MED-CAI for 28MAR
2026-01-25 07:27:23 | INFO     | [lf.day.start] Processing MED-CAI for 28MAR
[LF] Sending SN command: SN28MARMEDCAI/ASM
[LF] 28MAR: found 1 direct flights
2026-01-25 07:27:25 | INFO     | [lf.day.flights_found] Found 1 flights on 28MAR
2026-01-25 07:27:27 | INFO     | [lf.flight.extracted] SM494 on 28MAR: BKG=157, LF=89.7%
[LF] SM494 28MAR: BKG=157, GRP=135, CAP=175, LF%=89.7%, Brd-Off=MED-CAI, Classes: P:137, L:5, V:5, K:5, Q:5
[LF] Getting WEEKLY/LASTSOLD data for 1 flights
[LF] SM494 28MAR: LASTSOLD=2026-01-23 00:00:00, WEEKLY=2, TODAY=0, YDAY=0
2026-01-25 07:27:30 | INFO     | [SUCCESS] Day 28MAR
[LF] Results summary:
  2026-04-04: 0 flights
  2026-04-03: 0 flights
  2026-04-02: 1 flights
  2026-04-01: 1 flights
  2026-03-31: 1 flights
  2026-03-30: 1 flights
  2026-03-29: 0 flights
  2026-03-28: 1 flights
2026-01-25 07:27:30 | INFO     | [SUCCESS] LF Search Complete

============================================================
[Worker_9227] ✓ COMPLETED: MED-CAI
  Results: 8 dates
  Errors: 0 dates
  Total Processed: 34 groups
============================================================

2026-01-25 07:27:30 | INFO     | [Worker_9227] Completed: MED-CAI - 8 results, 0 errors

============================================================
[Worker_9227] Processing: TUU-ATZ
  Tier 0: Range 3, Chunk 4/4
  Dates: 8 days
  Date Range: 2026-04-04 to 2026-03-28
============================================================

2026-01-25 07:27:30 | INFO     | [Worker_9227] Processing: TUU-ATZ
2026-01-25 07:27:30 | INFO     |   Tier 0: Range 3, Chunk 4/4 (8 days)
2026-01-25 07:27:30 | INFO     | ======================================================================
2026-01-25 07:27:30 | INFO     | Load Factor Scraper Started - Route: TUU-ATZ
2026-01-25 07:27:30 | INFO     | Log file: D:\CODERED\LAB\Artifacts\outputs\run_generated_250126_at_07.06\logs\LF_TUU-ATZ_20260125_072730.log
2026-01-25 07:27:30 | INFO     | Enhanced logging: Capturing both logging.info() and print()
2026-01-25 07:27:30 | INFO     | ======================================================================
[LF] Processing dates (override): ['04APR', '03APR', '02APR', '01APR', '31MAR', '30MAR', '29MAR', '28MAR']
[LF] Attaching to Chrome for Altea access
2026-01-25 07:27:30 | INFO     | Starting LF search for route: TUU-ATZ
2026-01-25 07:27:30 | INFO     | [START] LF Search
[LF][[OK] SUCCESS] Connected to Chrome on 127.0.0.1:9227 (after 1 attempts)
2026-01-25 07:27:31 | INFO     | [HEALTH CHECK] [OK] Chrome connection is healthy
[LF][[OK] SUCCESS] Found Amadeus Altea window: Altéa Reservation Desktop
[LF][[INFO] INFO] URL: https://tc212.resdesktop.altea.amadeus.com/app_ard/apf/init/login?SITE=ESMPESMP&LANGUAGE=GB&MARKETS=ARDW_PROD_WBP&ACTION=clpLogin
2026-01-25 07:27:31 | INFO     | [DAY_START] Processing 04APR
[LF] Processing TUU-ATZ for 04APR
2026-01-25 07:27:31 | INFO     | [lf.day.start] Processing TUU-ATZ for 04APR
[LF] Sending SN command: SN04APRTUUATZ/ASM
[LF] No direct flights on 04APR for TUU-ATZ
2026-01-25 07:27:32 | WARNING  | [lf.day.no_flights] No direct flights on 04APR
2026-01-25 07:27:32 | INFO     | [SUCCESS] Day 04APR
2026-01-25 07:27:32 | INFO     | [DAY_START] Processing 03APR
[LF] Processing TUU-ATZ for 03APR
2026-01-25 07:27:32 | INFO     | [lf.day.start] Processing TUU-ATZ for 03APR
[LF] Sending SN command: SN03APRTUUATZ/ASM
[LF] No direct flights on 03APR for TUU-ATZ
2026-01-25 07:27:33 | WARNING  | [lf.day.no_flights] No direct flights on 03APR
2026-01-25 07:27:33 | INFO     | [SUCCESS] Day 03APR
2026-01-25 07:27:33 | INFO     | [DAY_START] Processing 02APR
[LF] Processing TUU-ATZ for 02APR
2026-01-25 07:27:33 | INFO     | [lf.day.start] Processing TUU-ATZ for 02APR
[LF] Sending SN command: SN02APRTUUATZ/ASM
[LF] No direct flights on 02APR for TUU-ATZ
2026-01-25 07:27:34 | WARNING  | [lf.day.no_flights] No direct flights on 02APR
2026-01-25 07:27:34 | INFO     | [SUCCESS] Day 02APR
2026-01-25 07:27:34 | INFO     | [DAY_START] Processing 01APR
[LF] Processing TUU-ATZ for 01APR
2026-01-25 07:27:34 | INFO     | [lf.day.start] Processing TUU-ATZ for 01APR
[LF] Sending SN command: SN01APRTUUATZ/ASM
[LF] No direct flights on 01APR for TUU-ATZ
2026-01-25 07:27:35 | WARNING  | [lf.day.no_flights] No direct flights on 01APR
2026-01-25 07:27:35 | INFO     | [SUCCESS] Day 01APR
2026-01-25 07:27:35 | INFO     | [DAY_START] Processing 31MAR
[LF] Processing TUU-ATZ for 31MAR
2026-01-25 07:27:35 | INFO     | [lf.day.start] Processing TUU-ATZ for 31MAR
[LF] Sending SN command: SN31MARTUUATZ/ASM
[LF] No direct flights on 31MAR for TUU-ATZ
2026-01-25 07:27:37 | WARNING  | [lf.day.no_flights] No direct flights on 31MAR
2026-01-25 07:27:37 | INFO     | [SUCCESS] Day 31MAR
2026-01-25 07:27:37 | INFO     | [DAY_START] Processing 30MAR
[LF] Processing TUU-ATZ for 30MAR
2026-01-25 07:27:37 | INFO     | [lf.day.start] Processing TUU-ATZ for 30MAR
[LF] Sending SN command: SN30MARTUUATZ/ASM
[LF] No direct flights on 30MAR for TUU-ATZ
2026-01-25 07:27:38 | WARNING  | [lf.day.no_flights] No direct flights on 30MAR
2026-01-25 07:27:38 | INFO     | [SUCCESS] Day 30MAR
2026-01-25 07:27:38 | INFO     | [DAY_START] Processing 29MAR
[LF] Processing TUU-ATZ for 29MAR
2026-01-25 07:27:38 | INFO     | [lf.day.start] Processing TUU-ATZ for 29MAR
[LF] Sending SN command: SN29MARTUUATZ/ASM
[LF] No direct flights on 29MAR for TUU-ATZ
2026-01-25 07:27:39 | WARNING  | [lf.day.no_flights] No direct flights on 29MAR
2026-01-25 07:27:39 | INFO     | [SUCCESS] Day 29MAR
2026-01-25 07:27:39 | INFO     | [DAY_START] Processing 28MAR
[LF] Processing TUU-ATZ for 28MAR
2026-01-25 07:27:39 | INFO     | [lf.day.start] Processing TUU-ATZ for 28MAR
[LF] Sending SN command: SN28MARTUUATZ/ASM
[LF] No direct flights on 28MAR for TUU-ATZ
2026-01-25 07:27:40 | WARNING  | [lf.day.no_flights] No direct flights on 28MAR
2026-01-25 07:27:40 | INFO     | [SUCCESS] Day 28MAR
[LF] Results summary:
  2026-04-04: 0 flights
  2026-04-03: 0 flights
  2026-04-02: 0 flights
  2026-04-01: 0 flights
  2026-03-31: 0 flights
  2026-03-30: 0 flights
  2026-03-29: 0 flights
  2026-03-28: 0 flights
2026-01-25 07:27:40 | INFO     | [SUCCESS] LF Search Complete

============================================================
[Worker_9227] ✓ COMPLETED: TUU-ATZ
  Results: 8 dates
  Errors: 0 dates
  Total Processed: 35 groups
============================================================

2026-01-25 07:27:40 | INFO     | [Worker_9227] Completed: TUU-ATZ - 8 results, 0 errors

============================================================
[Worker_9227] Processing: YNB-CAI
  Tier 0: Range 3, Chunk 4/4
  Dates: 8 days
  Date Range: 2026-04-04 to 2026-03-28
============================================================

2026-01-25 07:27:40 | INFO     | [Worker_9227] Processing: YNB-CAI
2026-01-25 07:27:40 | INFO     |   Tier 0: Range 3, Chunk 4/4 (8 days)
2026-01-25 07:27:40 | INFO     | ======================================================================
2026-01-25 07:27:40 | INFO     | Load Factor Scraper Started - Route: YNB-CAI
2026-01-25 07:27:40 | INFO     | Log file: D:\CODERED\LAB\Artifacts\outputs\run_generated_250126_at_07.06\logs\LF_YNB-CAI_20260125_072740.log
2026-01-25 07:27:40 | INFO     | Enhanced logging: Capturing both logging.info() and print()
2026-01-25 07:27:40 | INFO     | ======================================================================
[LF] Processing dates (override): ['04APR', '03APR', '02APR', '01APR', '31MAR', '30MAR', '29MAR', '28MAR']
[LF] Attaching to Chrome for Altea access
2026-01-25 07:27:40 | INFO     | Starting LF search for route: YNB-CAI
2026-01-25 07:27:40 | INFO     | [START] LF Search
[LF][[OK] SUCCESS] Connected to Chrome on 127.0.0.1:9227 (after 1 attempts)
2026-01-25 07:27:41 | INFO     | [HEALTH CHECK] [OK] Chrome connection is healthy
[LF][[OK] SUCCESS] Found Amadeus Altea window: Altéa Reservation Desktop
[LF][[INFO] INFO] URL: https://tc212.resdesktop.altea.amadeus.com/app_ard/apf/init/login?SITE=ESMPESMP&LANGUAGE=GB&MARKETS=ARDW_PROD_WBP&ACTION=clpLogin
2026-01-25 07:27:41 | INFO     | [DAY_START] Processing 04APR
[LF] Processing YNB-CAI for 04APR
2026-01-25 07:27:41 | INFO     | [lf.day.start] Processing YNB-CAI for 04APR
[LF] Sending SN command: SN04APRYNBCAI/ASM
[LF] 04APR: found 2 direct flights
2026-01-25 07:27:42 | INFO     | [lf.day.flights_found] Found 2 flights on 04APR
2026-01-25 07:27:44 | INFO     | [lf.flight.extracted] SM442 on 04APR: BKG=177, LF=101.1%
[LF] SM442 04APR: BKG=177, GRP=175, CAP=175, LF%=101.1%, Brd-Off=YNB-CAI, Classes: P:175, W:2
2026-01-25 07:27:47 | INFO     | [lf.flight.extracted] SM448 on 04APR: BKG=175, LF=100.0%
[LF] SM448 04APR: BKG=175, GRP=175, CAP=175, LF%=100.0%, Brd-Off=YNB-CAI, Classes: P:175
[LF] Getting WEEKLY/LASTSOLD data for 2 flights
[LF] SM442 04APR: LASTSOLD=2026-01-13 00:00:00, WEEKLY=0, TODAY=0, YDAY=0
[LF] SM448 04APR: LASTSOLD=2026-01-07 00:00:00, WEEKLY=0, TODAY=0, YDAY=0
2026-01-25 07:27:51 | INFO     | [SUCCESS] Day 04APR
2026-01-25 07:27:51 | INFO     | [DAY_START] Processing 03APR
[LF] Processing YNB-CAI for 03APR
2026-01-25 07:27:51 | INFO     | [lf.day.start] Processing YNB-CAI for 03APR
[LF] Sending SN command: SN03APRYNBCAI/ASM
[LF] 03APR: found 1 direct flights
2026-01-25 07:27:52 | INFO     | [lf.day.flights_found] Found 1 flights on 03APR
2026-01-25 07:27:54 | INFO     | [lf.flight.extracted] SM442 on 03APR: BKG=163, LF=93.1%
[LF] SM442 03APR: BKG=163, GRP=135, CAP=175, LF%=93.1%, Brd-Off=YNB-CAI, Classes: P:135, I:17, O:11
[LF] Getting WEEKLY/LASTSOLD data for 1 flights
[LF] SM442 03APR: LASTSOLD=2026-01-24 00:00:00, WEEKLY=17, TODAY=0, YDAY=3
2026-01-25 07:27:57 | INFO     | [SUCCESS] Day 03APR
2026-01-25 07:27:57 | INFO     | [DAY_START] Processing 02APR
[LF] Processing YNB-CAI for 02APR
2026-01-25 07:27:57 | INFO     | [lf.day.start] Processing YNB-CAI for 02APR
[LF] Sending SN command: SN02APRYNBCAI/ASM
[LF] 02APR: found 1 direct flights
2026-01-25 07:27:58 | INFO     | [lf.day.flights_found] Found 1 flights on 02APR
2026-01-25 07:28:01 | INFO     | [lf.flight.extracted] SM442 on 02APR: BKG=181, LF=103.4%
[LF] SM442 02APR: BKG=181, GRP=175, CAP=175, LF%=103.4%, Brd-Off=YNB-CAI, Classes: P:175, I:4, X:1, W:1
[LF] Getting WEEKLY/LASTSOLD data for 1 flights
[LF] SM442 02APR: LASTSOLD=2026-01-12 00:00:00, WEEKLY=0, TODAY=0, YDAY=0
2026-01-25 07:28:03 | INFO     | [SUCCESS] Day 02APR
2026-01-25 07:28:03 | INFO     | [DAY_START] Processing 01APR
[LF] Processing YNB-CAI for 01APR
2026-01-25 07:28:03 | INFO     | [lf.day.start] Processing YNB-CAI for 01APR
[LF] Sending SN command: SN01APRYNBCAI/ASM
[LF] No direct flights on 01APR for YNB-CAI
2026-01-25 07:28:04 | WARNING  | [lf.day.no_flights] No direct flights on 01APR
2026-01-25 07:28:04 | INFO     | [SUCCESS] Day 01APR
2026-01-25 07:28:04 | INFO     | [DAY_START] Processing 31MAR
[LF] Processing YNB-CAI for 31MAR
2026-01-25 07:28:04 | INFO     | [lf.day.start] Processing YNB-CAI for 31MAR
[LF] Sending SN command: SN31MARYNBCAI/ASM
[LF] 31MAR: found 1 direct flights
2026-01-25 07:28:06 | INFO     | [lf.day.flights_found] Found 1 flights on 31MAR
2026-01-25 07:28:08 | INFO     | [lf.flight.extracted] SM442 on 31MAR: BKG=174, LF=99.4%
[LF] SM442 31MAR: BKG=174, GRP=165, CAP=175, LF%=99.4%, Brd-Off=YNB-CAI, Classes: P:165, I:9
[LF] Getting WEEKLY/LASTSOLD data for 1 flights
[LF] SM442 31MAR: LASTSOLD=2026-01-11 00:00:00, WEEKLY=0, TODAY=0, YDAY=0
2026-01-25 07:28:10 | INFO     | [SUCCESS] Day 31MAR
2026-01-25 07:28:10 | INFO     | [DAY_START] Processing 30MAR
[LF] Processing YNB-CAI for 30MAR
2026-01-25 07:28:10 | INFO     | [lf.day.start] Processing YNB-CAI for 30MAR
[LF] Sending SN command: SN30MARYNBCAI/ASM
[LF] 30MAR: found 1 direct flights
2026-01-25 07:28:11 | INFO     | [lf.day.flights_found] Found 1 flights on 30MAR
2026-01-25 07:28:13 | INFO     | [lf.flight.extracted] SM442 on 30MAR: BKG=168, LF=96.0%
[LF] SM442 30MAR: BKG=168, GRP=135, CAP=175, LF%=96.0%, Brd-Off=YNB-CAI, Classes: P:135, I:17, O:16
[LF] Getting WEEKLY/LASTSOLD data for 1 flights
[LF] SM442 30MAR: LASTSOLD=2026-01-12 00:00:00, WEEKLY=0, TODAY=0, YDAY=0
2026-01-25 07:28:17 | INFO     | [SUCCESS] Day 30MAR
2026-01-25 07:28:17 | INFO     | [DAY_START] Processing 29MAR
[LF] Processing YNB-CAI for 29MAR
2026-01-25 07:28:17 | INFO     | [lf.day.start] Processing YNB-CAI for 29MAR
[LF] Sending SN command: SN29MARYNBCAI/ASM
[LF] 29MAR: found 1 direct flights
2026-01-25 07:28:18 | INFO     | [lf.day.flights_found] Found 1 flights on 29MAR
2026-01-25 07:28:20 | INFO     | [lf.flight.extracted] SM442 on 29MAR: BKG=168, LF=96.0%
[LF] SM442 29MAR: BKG=168, GRP=125, CAP=175, LF%=96.0%, Brd-Off=YNB-CAI, Classes: P:125, I:17, O:17, U:9
[LF] Getting WEEKLY/LASTSOLD data for 1 flights
[LF] SM442 29MAR: LASTSOLD=2026-01-05 00:00:00, WEEKLY=0, TODAY=0, YDAY=0
2026-01-25 07:28:24 | INFO     | [SUCCESS] Day 29MAR
2026-01-25 07:28:24 | INFO     | [DAY_START] Processing 28MAR
[LF] Processing YNB-CAI for 28MAR
2026-01-25 07:28:24 | INFO     | [lf.day.start] Processing YNB-CAI for 28MAR
[LF] Sending SN command: SN28MARYNBCAI/ASM
[LF] 28MAR: 1 cancelled flight(s) detected from SN (YNB-CAI)
[LF] 28MAR: found 3 direct flights
2026-01-25 07:28:25 | INFO     | [lf.day.flights_found] Found 3 flights on 28MAR
2026-01-25 07:28:27 | INFO     | [lf.flight.extracted] SM940 on 28MAR: BKG=0, LF=0.0%
[LF] SM940 28MAR: BKG=0, GRP=0, CAP=167, LF%=0.0%, Brd-Off=YNB-CAI
2026-01-25 07:28:31 | INFO     | [lf.flight.extracted] SM932 on 28MAR: BKG=0, LF=0.0%
[LF] SM932 28MAR: BKG=0, GRP=0, CAP=167, LF%=0.0%, Brd-Off=YNB-CAI
2026-01-25 07:28:34 | INFO     | [lf.flight.extracted] SM442 on 28MAR: BKG=170, LF=97.1%
[LF] SM442 28MAR: BKG=170, GRP=170, CAP=175, LF%=97.1%, Brd-Off=YNB-CAI, Classes: P:170
[LF] Getting WEEKLY/LASTSOLD data for 1 flights
[LF] SM442 28MAR: LASTSOLD=2026-01-11 00:00:00, WEEKLY=0, TODAY=0, YDAY=0
2026-01-25 07:28:37 | INFO     | [SUCCESS] Day 28MAR
[LF] Results summary:
  2026-04-04: 2 flights
  2026-04-03: 1 flights
  2026-04-02: 1 flights
  2026-04-01: 0 flights
  2026-03-31: 1 flights
  2026-03-30: 1 flights
  2026-03-29: 1 flights
  2026-03-28: 3 flights
[LF] Cancelled flights found: 1
  - SM950 28MAR (SN)
2026-01-25 07:28:37 | INFO     | [SUCCESS] LF Search Complete
[Worker_9227] Cancelled flights collected: 1

============================================================
[Worker_9227] ✓ COMPLETED: YNB-CAI
  Results: 8 dates
  Errors: 0 dates
  Total Processed: 36 groups
============================================================

2026-01-25 07:28:37 | INFO     | [Worker_9227] Completed: YNB-CAI - 8 results, 0 errors

============================================================
[Worker_9227] Processing: ATZ-RUH
  Tier 0: Range 3, Chunk 4/4
  Dates: 8 days
  Date Range: 2026-04-04 to 2026-03-28
============================================================

2026-01-25 07:28:37 | INFO     | [Worker_9227] Processing: ATZ-RUH
2026-01-25 07:28:37 | INFO     |   Tier 0: Range 3, Chunk 4/4 (8 days)
2026-01-25 07:28:37 | INFO     | ======================================================================
2026-01-25 07:28:37 | INFO     | Load Factor Scraper Started - Route: ATZ-RUH
2026-01-25 07:28:37 | INFO     | Log file: D:\CODERED\LAB\Artifacts\outputs\run_generated_250126_at_07.06\logs\LF_ATZ-RUH_20260125_072837.log
2026-01-25 07:28:37 | INFO     | Enhanced logging: Capturing both logging.info() and print()
2026-01-25 07:28:37 | INFO     | ======================================================================
[LF] Processing dates (override): ['04APR', '03APR', '02APR', '01APR', '31MAR', '30MAR', '29MAR', '28MAR']
[LF] Attaching to Chrome for Altea access
2026-01-25 07:28:37 | INFO     | Starting LF search for route: ATZ-RUH
2026-01-25 07:28:37 | INFO     | [START] LF Search
[LF][[OK] SUCCESS] Connected to Chrome on 127.0.0.1:9227 (after 1 attempts)
2026-01-25 07:28:38 | INFO     | [HEALTH CHECK] [OK] Chrome connection is healthy
[LF][[OK] SUCCESS] Found Amadeus Altea window: Altéa Reservation Desktop
[LF][[INFO] INFO] URL: https://tc212.resdesktop.altea.amadeus.com/app_ard/apf/init/login?SITE=ESMPESMP&LANGUAGE=GB&MARKETS=ARDW_PROD_WBP&ACTION=clpLogin
2026-01-25 07:28:38 | INFO     | [DAY_START] Processing 04APR
[LF] Processing ATZ-RUH for 04APR
2026-01-25 07:28:38 | INFO     | [lf.day.start] Processing ATZ-RUH for 04APR
[LF] Sending SN command: SN04APRATZRUH/ASM
[LF] No direct flights on 04APR for ATZ-RUH
2026-01-25 07:28:39 | WARNING  | [lf.day.no_flights] No direct flights on 04APR
2026-01-25 07:28:39 | INFO     | [SUCCESS] Day 04APR
2026-01-25 07:28:39 | INFO     | [DAY_START] Processing 03APR
[LF] Processing ATZ-RUH for 03APR
2026-01-25 07:28:39 | INFO     | [lf.day.start] Processing ATZ-RUH for 03APR
[LF] Sending SN command: SN03APRATZRUH/ASM
[LF] No direct flights on 03APR for ATZ-RUH
2026-01-25 07:28:40 | WARNING  | [lf.day.no_flights] No direct flights on 03APR
2026-01-25 07:28:40 | INFO     | [SUCCESS] Day 03APR
2026-01-25 07:28:40 | INFO     | [DAY_START] Processing 02APR
[LF] Processing ATZ-RUH for 02APR
2026-01-25 07:28:40 | INFO     | [lf.day.start] Processing ATZ-RUH for 02APR
[LF] Sending SN command: SN02APRATZRUH/ASM
[LF] No direct flights on 02APR for ATZ-RUH
2026-01-25 07:28:42 | WARNING  | [lf.day.no_flights] No direct flights on 02APR
2026-01-25 07:28:42 | INFO     | [SUCCESS] Day 02APR
2026-01-25 07:28:42 | INFO     | [DAY_START] Processing 01APR
[LF] Processing ATZ-RUH for 01APR
2026-01-25 07:28:42 | INFO     | [lf.day.start] Processing ATZ-RUH for 01APR
[LF] Sending SN command: SN01APRATZRUH/ASM
[LF] 01APR: found 1 direct flights
2026-01-25 07:28:43 | INFO     | [lf.day.flights_found] Found 1 flights on 01APR
2026-01-25 07:28:45 | INFO     | [lf.flight.extracted] SM465 on 01APR: BKG=87, LF=48.6%
[LF] SM465 01APR: BKG=87, GRP=0, CAP=179, LF%=48.6%, Brd-Off=ATZ-RUH, Classes: I:4, O:7, U:6, X:6, T:10, W:8, S:8, G:6, L:9, V:11, K:9, H:3
[LPC] SM465 01APR: Found 0 outbound flights with connecting passengers
[LF] Getting WEEKLY/LASTSOLD data for 1 flights
[LF] SM465 01APR: LASTSOLD=2026-01-20 00:00:00, WEEKLY=1, TODAY=0, YDAY=0
2026-01-25 07:28:48 | INFO     | [SUCCESS] Day 01APR
2026-01-25 07:28:48 | INFO     | [DAY_START] Processing 31MAR
[LF] Processing ATZ-RUH for 31MAR
2026-01-25 07:28:48 | INFO     | [lf.day.start] Processing ATZ-RUH for 31MAR
[LF] Sending SN command: SN31MARATZRUH/ASM
[LF] No direct flights on 31MAR for ATZ-RUH
2026-01-25 07:28:50 | WARNING  | [lf.day.no_flights] No direct flights on 31MAR
2026-01-25 07:28:50 | INFO     | [SUCCESS] Day 31MAR
2026-01-25 07:28:50 | INFO     | [DAY_START] Processing 30MAR
[LF] Processing ATZ-RUH for 30MAR
2026-01-25 07:28:50 | INFO     | [lf.day.start] Processing ATZ-RUH for 30MAR
[LF] Sending SN command: SN30MARATZRUH/ASM
[LF] No direct flights on 30MAR for ATZ-RUH
2026-01-25 07:28:51 | WARNING  | [lf.day.no_flights] No direct flights on 30MAR
2026-01-25 07:28:51 | INFO     | [SUCCESS] Day 30MAR
2026-01-25 07:28:51 | INFO     | [DAY_START] Processing 29MAR
[LF] Processing ATZ-RUH for 29MAR
2026-01-25 07:28:51 | INFO     | [lf.day.start] Processing ATZ-RUH for 29MAR
[LF] Sending SN command: SN29MARATZRUH/ASM
[LF] No direct flights on 29MAR for ATZ-RUH
2026-01-25 07:28:52 | WARNING  | [lf.day.no_flights] No direct flights on 29MAR
2026-01-25 07:28:52 | INFO     | [SUCCESS] Day 29MAR
2026-01-25 07:28:52 | INFO     | [DAY_START] Processing 28MAR
[LF] Processing ATZ-RUH for 28MAR
2026-01-25 07:28:52 | INFO     | [lf.day.start] Processing ATZ-RUH for 28MAR
[LF] Sending SN command: SN28MARATZRUH/ASM
[LF] No direct flights on 28MAR for ATZ-RUH
2026-01-25 07:28:53 | WARNING  | [lf.day.no_flights] No direct flights on 28MAR
2026-01-25 07:28:53 | INFO     | [SUCCESS] Day 28MAR
[LF] Results summary:
  2026-04-04: 0 flights
  2026-04-03: 0 flights
  2026-04-02: 0 flights
  2026-04-01: 1 flights
  2026-03-31: 0 flights
  2026-03-30: 0 flights
  2026-03-29: 0 flights
  2026-03-28: 0 flights
2026-01-25 07:28:53 | INFO     | [SUCCESS] LF Search Complete

============================================================
[Worker_9227] ✓ COMPLETED: ATZ-RUH
  Results: 8 dates
  Errors: 0 dates
  Total Processed: 37 groups
============================================================

2026-01-25 07:28:53 | INFO     | [Worker_9227] Completed: ATZ-RUH - 8 results, 0 errors

============================================================
[Worker_9227] Processing: CAI-AJF
  Tier 0: Range 3, Chunk 4/4
  Dates: 8 days
  Date Range: 2026-04-04 to 2026-03-28
============================================================

2026-01-25 07:28:53 | INFO     | [Worker_9227] Processing: CAI-AJF
2026-01-25 07:28:53 | INFO     |   Tier 0: Range 3, Chunk 4/4 (8 days)
2026-01-25 07:28:53 | INFO     | ======================================================================
2026-01-25 07:28:53 | INFO     | Load Factor Scraper Started - Route: CAI-AJF
2026-01-25 07:28:53 | INFO     | Log file: D:\CODERED\LAB\Artifacts\outputs\run_generated_250126_at_07.06\logs\LF_CAI-AJF_20260125_072853.log
2026-01-25 07:28:53 | INFO     | Enhanced logging: Capturing both logging.info() and print()
2026-01-25 07:28:53 | INFO     | ======================================================================
[LF] Processing dates (override): ['04APR', '03APR', '02APR', '01APR', '31MAR', '30MAR', '29MAR', '28MAR']
[LF] Attaching to Chrome for Altea access
2026-01-25 07:28:53 | INFO     | Starting LF search for route: CAI-AJF
2026-01-25 07:28:53 | INFO     | [START] LF Search
[LF][[OK] SUCCESS] Connected to Chrome on 127.0.0.1:9227 (after 1 attempts)
2026-01-25 07:28:54 | INFO     | [HEALTH CHECK] [OK] Chrome connection is healthy
[LF][[OK] SUCCESS] Found Amadeus Altea window: Altéa Reservation Desktop
[LF][[INFO] INFO] URL: https://tc212.resdesktop.altea.amadeus.com/app_ard/apf/init/login?SITE=ESMPESMP&LANGUAGE=GB&MARKETS=ARDW_PROD_WBP&ACTION=clpLogin
2026-01-25 07:28:54 | INFO     | [DAY_START] Processing 04APR
[LF] Processing CAI-AJF for 04APR
2026-01-25 07:28:54 | INFO     | [lf.day.start] Processing CAI-AJF for 04APR
[LF] Sending SN command: SN04APRCAIAJF/ASM
[LF] 04APR: found 1 direct flights
2026-01-25 07:28:55 | INFO     | [lf.day.flights_found] Found 1 flights on 04APR
2026-01-25 07:28:57 | INFO     | [lf.flight.extracted] SM321 on 04APR: BKG=18, LF=10.1%
[LF] SM321 04APR: BKG=18, GRP=0, CAP=179, LF%=10.1%, Brd-Off=CAI-AJF, Classes: I:5, O:5, U:7, S:1
[LF] Getting WEEKLY/LASTSOLD data for 1 flights
[LF] SM321 04APR: LASTSOLD=2026-01-24 00:00:00, WEEKLY=9, TODAY=0, YDAY=1
2026-01-25 07:29:00 | INFO     | [SUCCESS] Day 04APR
2026-01-25 07:29:00 | INFO     | [DAY_START] Processing 03APR
[LF] Processing CAI-AJF for 03APR
2026-01-25 07:29:00 | INFO     | [lf.day.start] Processing CAI-AJF for 03APR
[LF] Sending SN command: SN03APRCAIAJF/ASM
[LF] No direct flights on 03APR for CAI-AJF
2026-01-25 07:29:01 | WARNING  | [lf.day.no_flights] No direct flights on 03APR
2026-01-25 07:29:01 | INFO     | [SUCCESS] Day 03APR
2026-01-25 07:29:01 | INFO     | [DAY_START] Processing 02APR
[LF] Processing CAI-AJF for 02APR
2026-01-25 07:29:01 | INFO     | [lf.day.start] Processing CAI-AJF for 02APR
[LF] Sending SN command: SN02APRCAIAJF/ASM
[LF] 02APR: found 1 direct flights
2026-01-25 07:29:02 | INFO     | [lf.day.flights_found] Found 1 flights on 02APR
2026-01-25 07:29:04 | INFO     | [lf.flight.extracted] SM321 on 02APR: BKG=21, LF=11.7%
[LF] SM321 02APR: BKG=21, GRP=0, CAP=179, LF%=11.7%, Brd-Off=CAI-AJF, Classes: I:5, O:5, U:6, X:5
[LF] Getting WEEKLY/LASTSOLD data for 1 flights
[LF] SM321 02APR: LASTSOLD=2026-01-24 00:00:00, WEEKLY=6, TODAY=0, YDAY=3
2026-01-25 07:29:08 | INFO     | [SUCCESS] Day 02APR
2026-01-25 07:29:08 | INFO     | [DAY_START] Processing 01APR
[LF] Processing CAI-AJF for 01APR
2026-01-25 07:29:08 | INFO     | [lf.day.start] Processing CAI-AJF for 01APR
[LF] Sending SN command: SN01APRCAIAJF/ASM
[LF] 01APR: found 1 direct flights
2026-01-25 07:29:09 | INFO     | [lf.day.flights_found] Found 1 flights on 01APR
2026-01-25 07:29:11 | INFO     | [lf.flight.extracted] SM321 on 01APR: BKG=36, LF=20.1%
[LF] SM321 01APR: BKG=36, GRP=0, CAP=179, LF%=20.1%, Brd-Off=CAI-AJF, Classes: I:5, O:5, U:7, X:6, T:5, W:7, S:1
[LF] Getting WEEKLY/LASTSOLD data for 1 flights
[LF] SM321 01APR: LASTSOLD=2026-01-17 00:00:00, WEEKLY=0, TODAY=0, YDAY=0
2026-01-25 07:29:15 | INFO     | [SUCCESS] Day 01APR
2026-01-25 07:29:15 | INFO     | [DAY_START] Processing 31MAR
[LF] Processing CAI-AJF for 31MAR
2026-01-25 07:29:15 | INFO     | [lf.day.start] Processing CAI-AJF for 31MAR
[LF] Sending SN command: SN31MARCAIAJF/ASM
[LF] No direct flights on 31MAR for CAI-AJF
2026-01-25 07:29:16 | WARNING  | [lf.day.no_flights] No direct flights on 31MAR
2026-01-25 07:29:16 | INFO     | [SUCCESS] Day 31MAR
2026-01-25 07:29:16 | INFO     | [DAY_START] Processing 30MAR
[LF] Processing CAI-AJF for 30MAR
2026-01-25 07:29:16 | INFO     | [lf.day.start] Processing CAI-AJF for 30MAR
[LF] Sending SN command: SN30MARCAIAJF/ASM
[LF] No direct flights on 30MAR for CAI-AJF
2026-01-25 07:29:17 | WARNING  | [lf.day.no_flights] No direct flights on 30MAR
2026-01-25 07:29:17 | INFO     | [SUCCESS] Day 30MAR
2026-01-25 07:29:17 | INFO     | [DAY_START] Processing 29MAR
[LF] Processing CAI-AJF for 29MAR
2026-01-25 07:29:17 | INFO     | [lf.day.start] Processing CAI-AJF for 29MAR
[LF] Sending SN command: SN29MARCAIAJF/ASM
[LF] No direct flights on 29MAR for CAI-AJF
2026-01-25 07:29:19 | WARNING  | [lf.day.no_flights] No direct flights on 29MAR
2026-01-25 07:29:19 | INFO     | [SUCCESS] Day 29MAR
2026-01-25 07:29:19 | INFO     | [DAY_START] Processing 28MAR
[LF] Processing CAI-AJF for 28MAR
2026-01-25 07:29:19 | INFO     | [lf.day.start] Processing CAI-AJF for 28MAR
[LF] Sending SN command: SN28MARCAIAJF/ASM
[LF] 28MAR: found 1 direct flights
2026-01-25 07:29:20 | INFO     | [lf.day.flights_found] Found 1 flights on 28MAR
2026-01-25 07:29:22 | INFO     | [lf.flight.extracted] SM321 on 28MAR: BKG=57, LF=31.8%
[LF] SM321 28MAR: BKG=57, GRP=0, CAP=179, LF%=31.8%, Brd-Off=CAI-AJF, Classes: W:1, G:5, L:6, V:11, K:3, M:9, B:8, Y:14
[LF] Getting WEEKLY/LASTSOLD data for 1 flights
[LF] SM321 28MAR: LASTSOLD=2026-01-14 00:00:00, WEEKLY=0, TODAY=0, YDAY=0
2026-01-25 07:29:28 | INFO     | [SUCCESS] Day 28MAR
[LF] Results summary:
  2026-04-04: 1 flights
  2026-04-03: 0 flights
  2026-04-02: 1 flights
  2026-04-01: 1 flights
  2026-03-31: 0 flights
  2026-03-30: 0 flights
  2026-03-29: 0 flights
  2026-03-28: 1 flights
2026-01-25 07:29:28 | INFO     | [SUCCESS] LF Search Complete

============================================================
[Worker_9227] ✓ COMPLETED: CAI-AJF
  Results: 8 dates
  Errors: 0 dates
  Total Processed: 38 groups
============================================================

2026-01-25 07:29:28 | INFO     | [Worker_9227] Completed: CAI-AJF - 8 results, 0 errors

============================================================
[Worker_9227] Processing: ATZ-ELQ
  Tier 0: Range 3, Chunk 4/4
  Dates: 8 days
  Date Range: 2026-04-04 to 2026-03-28
============================================================

2026-01-25 07:29:28 | INFO     | [Worker_9227] Processing: ATZ-ELQ
2026-01-25 07:29:28 | INFO     |   Tier 0: Range 3, Chunk 4/4 (8 days)
2026-01-25 07:29:28 | INFO     | ======================================================================
2026-01-25 07:29:28 | INFO     | Load Factor Scraper Started - Route: ATZ-ELQ
2026-01-25 07:29:28 | INFO     | Log file: D:\CODERED\LAB\Artifacts\outputs\run_generated_250126_at_07.06\logs\LF_ATZ-ELQ_20260125_072928.log
2026-01-25 07:29:28 | INFO     | Enhanced logging: Capturing both logging.info() and print()
2026-01-25 07:29:28 | INFO     | ======================================================================
[LF] Processing dates (override): ['04APR', '03APR', '02APR', '01APR', '31MAR', '30MAR', '29MAR', '28MAR']
[LF] Attaching to Chrome for Altea access
2026-01-25 07:29:28 | INFO     | Starting LF search for route: ATZ-ELQ
2026-01-25 07:29:28 | INFO     | [START] LF Search
[LF][[OK] SUCCESS] Connected to Chrome on 127.0.0.1:9227 (after 1 attempts)
2026-01-25 07:29:29 | INFO     | [HEALTH CHECK] [OK] Chrome connection is healthy
[LF][[OK] SUCCESS] Found Amadeus Altea window: Altéa Reservation Desktop
[LF][[INFO] INFO] URL: https://tc212.resdesktop.altea.amadeus.com/app_ard/apf/init/login?SITE=ESMPESMP&LANGUAGE=GB&MARKETS=ARDW_PROD_WBP&ACTION=clpLogin
2026-01-25 07:29:29 | INFO     | [DAY_START] Processing 04APR
[LF] Processing ATZ-ELQ for 04APR
2026-01-25 07:29:29 | INFO     | [lf.day.start] Processing ATZ-ELQ for 04APR
[LF] Sending SN command: SN04APRATZELQ/ASM
[LF] No direct flights on 04APR for ATZ-ELQ
2026-01-25 07:29:30 | WARNING  | [lf.day.no_flights] No direct flights on 04APR
2026-01-25 07:29:30 | INFO     | [SUCCESS] Day 04APR
2026-01-25 07:29:30 | INFO     | [DAY_START] Processing 03APR
[LF] Processing ATZ-ELQ for 03APR
2026-01-25 07:29:30 | INFO     | [lf.day.start] Processing ATZ-ELQ for 03APR
[LF] Sending SN command: SN03APRATZELQ/ASM
[LF] No direct flights on 03APR for ATZ-ELQ
2026-01-25 07:29:32 | WARNING  | [lf.day.no_flights] No direct flights on 03APR
2026-01-25 07:29:32 | INFO     | [SUCCESS] Day 03APR
2026-01-25 07:29:32 | INFO     | [DAY_START] Processing 02APR
[LF] Processing ATZ-ELQ for 02APR
2026-01-25 07:29:32 | INFO     | [lf.day.start] Processing ATZ-ELQ for 02APR
[LF] Sending SN command: SN02APRATZELQ/ASM
[LF] No direct flights on 02APR for ATZ-ELQ
2026-01-25 07:29:33 | WARNING  | [lf.day.no_flights] No direct flights on 02APR
2026-01-25 07:29:33 | INFO     | [SUCCESS] Day 02APR
2026-01-25 07:29:33 | INFO     | [DAY_START] Processing 01APR
[LF] Processing ATZ-ELQ for 01APR
2026-01-25 07:29:33 | INFO     | [lf.day.start] Processing ATZ-ELQ for 01APR
[LF] Sending SN command: SN01APRATZELQ/ASM
[LF] No direct flights on 01APR for ATZ-ELQ
2026-01-25 07:29:35 | WARNING  | [lf.day.no_flights] No direct flights on 01APR
2026-01-25 07:29:35 | INFO     | [SUCCESS] Day 01APR
2026-01-25 07:29:35 | INFO     | [DAY_START] Processing 31MAR
[LF] Processing ATZ-ELQ for 31MAR
2026-01-25 07:29:35 | INFO     | [lf.day.start] Processing ATZ-ELQ for 31MAR
[LF] Sending SN command: SN31MARATZELQ/ASM
[LF] No direct flights on 31MAR for ATZ-ELQ
2026-01-25 07:29:36 | WARNING  | [lf.day.no_flights] No direct flights on 31MAR
2026-01-25 07:29:36 | INFO     | [SUCCESS] Day 31MAR
2026-01-25 07:29:36 | INFO     | [DAY_START] Processing 30MAR
[LF] Processing ATZ-ELQ for 30MAR
2026-01-25 07:29:36 | INFO     | [lf.day.start] Processing ATZ-ELQ for 30MAR
[LF] Sending SN command: SN30MARATZELQ/ASM
[LF] No direct flights on 30MAR for ATZ-ELQ
2026-01-25 07:29:38 | WARNING  | [lf.day.no_flights] No direct flights on 30MAR
2026-01-25 07:29:38 | INFO     | [SUCCESS] Day 30MAR
2026-01-25 07:29:38 | INFO     | [DAY_START] Processing 29MAR
[LF] Processing ATZ-ELQ for 29MAR
2026-01-25 07:29:38 | INFO     | [lf.day.start] Processing ATZ-ELQ for 29MAR
[LF] Sending SN command: SN29MARATZELQ/ASM
[LF] No direct flights on 29MAR for ATZ-ELQ
2026-01-25 07:29:40 | WARNING  | [lf.day.no_flights] No direct flights on 29MAR
2026-01-25 07:29:40 | INFO     | [SUCCESS] Day 29MAR
2026-01-25 07:29:40 | INFO     | [DAY_START] Processing 28MAR
[LF] Processing ATZ-ELQ for 28MAR
2026-01-25 07:29:40 | INFO     | [lf.day.start] Processing ATZ-ELQ for 28MAR
[LF] Sending SN command: SN28MARATZELQ/ASM
[LF] 28MAR: found 1 direct flights
2026-01-25 07:29:41 | INFO     | [lf.day.flights_found] Found 1 flights on 28MAR
2026-01-25 07:29:44 | INFO     | [lf.flight.extracted] SM435 on 28MAR: BKG=59, LF=33.0%
[LF] SM435 28MAR: BKG=59, GRP=0, CAP=179, LF%=33.0%, Brd-Off=ATZ-ELQ, Classes: X:8, T:16, W:10, S:10, G:5, V:1, K:5, B:4
[LF] Getting WEEKLY/LASTSOLD data for 1 flights
[LF] SM435 28MAR: LASTSOLD=2026-01-24 00:00:00, WEEKLY=7, TODAY=0, YDAY=1
2026-01-25 07:29:50 | INFO     | [SUCCESS] Day 28MAR
[LF] Results summary:
  2026-04-04: 0 flights
  2026-04-03: 0 flights
  2026-04-02: 0 flights
  2026-04-01: 0 flights
  2026-03-31: 0 flights
  2026-03-30: 0 flights
  2026-03-29: 0 flights
  2026-03-28: 1 flights
2026-01-25 07:29:50 | INFO     | [SUCCESS] LF Search Complete

============================================================
[Worker_9227] ✓ COMPLETED: ATZ-ELQ
  Results: 8 dates
  Errors: 0 dates
  Total Processed: 39 groups
============================================================

2026-01-25 07:29:50 | INFO     | [Worker_9227] Completed: ATZ-ELQ - 8 results, 0 errors

============================================================
[Worker_9227] Processing: MED-ATZ
  Tier 0: Range 2, Chunk 1/4
  Dates: 8 days
  Date Range: 2026-03-27 to 2026-03-20
============================================================

2026-01-25 07:29:50 | INFO     | [Worker_9227] Processing: MED-ATZ
2026-01-25 07:29:50 | INFO     |   Tier 0: Range 2, Chunk 1/4 (8 days)
2026-01-25 07:29:50 | INFO     | ======================================================================
2026-01-25 07:29:50 | INFO     | Load Factor Scraper Started - Route: MED-ATZ
2026-01-25 07:29:50 | INFO     | Log file: D:\CODERED\LAB\Artifacts\outputs\run_generated_250126_at_07.06\logs\LF_MED-ATZ_20260125_072950.log
2026-01-25 07:29:50 | INFO     | Enhanced logging: Capturing both logging.info() and print()
2026-01-25 07:29:50 | INFO     | ======================================================================
[LF] Processing dates (override): ['27MAR', '26MAR', '25MAR', '24MAR', '23MAR', '22MAR', '21MAR', '20MAR']
[LF] Attaching to Chrome for Altea access
2026-01-25 07:29:50 | INFO     | Starting LF search for route: MED-ATZ
2026-01-25 07:29:50 | INFO     | [START] LF Search
[LF][[OK] SUCCESS] Connected to Chrome on 127.0.0.1:9227 (after 1 attempts)
2026-01-25 07:29:50 | INFO     | [HEALTH CHECK] [OK] Chrome connection is healthy
[LF][[OK] SUCCESS] Found Amadeus Altea window: Altéa Reservation Desktop
[LF][[INFO] INFO] URL: https://tc212.resdesktop.altea.amadeus.com/app_ard/apf/init/login?SITE=ESMPESMP&LANGUAGE=GB&MARKETS=ARDW_PROD_WBP&ACTION=clpLogin
2026-01-25 07:29:51 | INFO     | [DAY_START] Processing 27MAR
[LF] Processing MED-ATZ for 27MAR
2026-01-25 07:29:51 | INFO     | [lf.day.start] Processing MED-ATZ for 27MAR
[LF] Sending SN command: SN27MARMEDATZ/ASM
[LF] 27MAR: found 1 direct flights
2026-01-25 07:29:52 | INFO     | [lf.day.flights_found] Found 1 flights on 27MAR
2026-01-25 07:29:55 | INFO     | [lf.flight.extracted] SM964 on 27MAR: BKG=180, LF=107.8%
[LF] SM964 27MAR: BKG=180, GRP=180, CAP=167, LF%=107.8%, Brd-Off=MED-ATZ, Classes: P:180
[LF] Getting WEEKLY/LASTSOLD data for 1 flights
[LF] SM964 27MAR: LASTSOLD=2025-12-28 00:00:00, WEEKLY=0, TODAY=0, YDAY=0
2026-01-25 07:29:59 | INFO     | [SUCCESS] Day 27MAR
2026-01-25 07:29:59 | INFO     | [DAY_START] Processing 26MAR
[LF] Processing MED-ATZ for 26MAR
2026-01-25 07:29:59 | INFO     | [lf.day.start] Processing MED-ATZ for 26MAR
[LF] Sending SN command: SN26MARMEDATZ/ASM
[LF] No direct flights on 26MAR for MED-ATZ
2026-01-25 07:30:00 | WARNING  | [lf.day.no_flights] No direct flights on 26MAR
2026-01-25 07:30:00 | INFO     | [SUCCESS] Day 26MAR
2026-01-25 07:30:00 | INFO     | [DAY_START] Processing 25MAR
[LF] Processing MED-ATZ for 25MAR
2026-01-25 07:30:00 | INFO     | [lf.day.start] Processing MED-ATZ for 25MAR
[LF] Sending SN command: SN25MARMEDATZ/ASM
[LF] 25MAR: found 1 direct flights
2026-01-25 07:30:01 | INFO     | [lf.day.flights_found] Found 1 flights on 25MAR
2026-01-25 07:30:04 | INFO     | [lf.flight.extracted] SM490 on 25MAR: BKG=145, LF=84.3%
[LF] SM490 25MAR: BKG=145, GRP=135, CAP=172, LF%=84.3%, Brd-Off=MED-ATZ, Classes: P:135, L:3, Y:7
[LF] Getting WEEKLY/LASTSOLD data for 1 flights
[LF] SM490 25MAR: LASTSOLD=2026-01-24 00:00:00, WEEKLY=7, TODAY=0, YDAY=5
2026-01-25 07:30:06 | INFO     | [SUCCESS] Day 25MAR
2026-01-25 07:30:06 | INFO     | [DAY_START] Processing 24MAR
[LF] Processing MED-ATZ for 24MAR
2026-01-25 07:30:06 | INFO     | [lf.day.start] Processing MED-ATZ for 24MAR
[LF] Sending SN command: SN24MARMEDATZ/ASM
[LF] 24MAR: found 1 direct flights
2026-01-25 07:30:09 | INFO     | [lf.day.flights_found] Found 1 flights on 24MAR
2026-01-25 07:30:11 | INFO     | [lf.flight.extracted] SM488 on 24MAR: BKG=181, LF=103.4%
[LF] SM488 24MAR: BKG=181, GRP=180, CAP=175, LF%=103.4%, Brd-Off=MED-ATZ, Classes: P:180, Y:1
[LF] Getting WEEKLY/LASTSOLD data for 1 flights
[LF] SM488 24MAR: LASTSOLD=2026-01-22 00:00:00, WEEKLY=1, TODAY=0, YDAY=0
2026-01-25 07:30:14 | INFO     | [SUCCESS] Day 24MAR
2026-01-25 07:30:14 | INFO     | [DAY_START] Processing 23MAR
[LF] Processing MED-ATZ for 23MAR
2026-01-25 07:30:14 | INFO     | [lf.day.start] Processing MED-ATZ for 23MAR
[LF] Sending SN command: SN23MARMEDATZ/ASM
[LF] 23MAR: found 2 direct flights
2026-01-25 07:30:15 | INFO     | [lf.day.flights_found] Found 2 flights on 23MAR
2026-01-25 07:30:17 | INFO     | [lf.flight.extracted] SM964 on 23MAR: BKG=180, LF=107.8%
[LF] SM964 23MAR: BKG=180, GRP=180, CAP=167, LF%=107.8%, Brd-Off=MED-ATZ, Classes: P:180
2026-01-25 07:30:22 | INFO     | [lf.flight.extracted] SM488 on 23MAR: BKG=139, LF=79.4%
[LF] SM488 23MAR: BKG=139, GRP=135, CAP=175, LF%=79.4%, Brd-Off=MED-ATZ, Classes: P:135, L:4
[LF] Getting WEEKLY/LASTSOLD data for 2 flights
[LF] SM964 23MAR: LASTSOLD=2025-12-28 00:00:00, WEEKLY=0, TODAY=0, YDAY=0
[LF] SM488 23MAR: LASTSOLD=2026-01-08 00:00:00, WEEKLY=0, TODAY=0, YDAY=0
2026-01-25 07:30:26 | INFO     | [SUCCESS] Day 23MAR
2026-01-25 07:30:26 | INFO     | [DAY_START] Processing 22MAR
[LF] Processing MED-ATZ for 22MAR
2026-01-25 07:30:26 | INFO     | [lf.day.start] Processing MED-ATZ for 22MAR
[LF] Sending SN command: SN22MARMEDATZ/ASM
[LF] No direct flights on 22MAR for MED-ATZ
2026-01-25 07:30:28 | WARNING  | [lf.day.no_flights] No direct flights on 22MAR
2026-01-25 07:30:28 | INFO     | [SUCCESS] Day 22MAR
2026-01-25 07:30:28 | INFO     | [DAY_START] Processing 21MAR
[LF] Processing MED-ATZ for 21MAR
2026-01-25 07:30:28 | INFO     | [lf.day.start] Processing MED-ATZ for 21MAR
[LF] Sending SN command: SN21MARMEDATZ/ASM
[LF] 21MAR: found 1 direct flights
2026-01-25 07:30:29 | INFO     | [lf.day.flights_found] Found 1 flights on 21MAR
2026-01-25 07:30:32 | INFO     | [lf.flight.extracted] SM488 on 21MAR: BKG=145, LF=84.3%
[LF] SM488 21MAR: BKG=145, GRP=135, CAP=172, LF%=84.3%, Brd-Off=MED-ATZ, Classes: P:135, K:3, H:3, M:4
[LF] Getting WEEKLY/LASTSOLD data for 1 flights
[LF] SM488 21MAR: LASTSOLD=2026-01-05 00:00:00, WEEKLY=0, TODAY=0, YDAY=0
2026-01-25 07:30:37 | INFO     | [SUCCESS] Day 21MAR
2026-01-25 07:30:37 | INFO     | [DAY_START] Processing 20MAR
[LF] Processing MED-ATZ for 20MAR
2026-01-25 07:30:37 | INFO     | [lf.day.start] Processing MED-ATZ for 20MAR
[LF] Sending SN command: SN20MARMEDATZ/ASM
[LF] 20MAR: found 1 direct flights
2026-01-25 07:30:39 | INFO     | [lf.day.flights_found] Found 1 flights on 20MAR
2026-01-25 07:30:42 | INFO     | [lf.flight.extracted] SM964 on 20MAR: BKG=180, LF=107.8%
[LF] SM964 20MAR: BKG=180, GRP=180, CAP=167, LF%=107.8%, Brd-Off=MED-ATZ, Classes: P:180
[LF] Getting WEEKLY/LASTSOLD data for 1 flights
[LF] SM964 20MAR: LASTSOLD=2026-01-22 00:00:00, WEEKLY=1, TODAY=0, YDAY=0
2026-01-25 07:30:46 | INFO     | [SUCCESS] Day 20MAR
[LF] Results summary:
  2026-03-27: 1 flights
  2026-03-26: 0 flights
  2026-03-25: 1 flights
  2026-03-24: 1 flights
  2026-03-23: 2 flights
  2026-03-22: 0 flights
  2026-03-21: 1 flights
  2026-03-20: 1 flights
2026-01-25 07:30:46 | INFO     | [SUCCESS] LF Search Complete

============================================================
[Worker_9227] ✓ COMPLETED: MED-ATZ
  Results: 8 dates
  Errors: 0 dates
  Total Processed: 40 groups
============================================================

2026-01-25 07:30:46 | INFO     | [Worker_9227] Completed: MED-ATZ - 8 results, 0 errors

============================================================
[Worker_9227] Processing: RUH-ATZ
  Tier 0: Range 2, Chunk 1/4
  Dates: 8 days
  Date Range: 2026-03-27 to 2026-03-20
============================================================

2026-01-25 07:30:46 | INFO     | [Worker_9227] Processing: RUH-ATZ
2026-01-25 07:30:46 | INFO     |   Tier 0: Range 2, Chunk 1/4 (8 days)
2026-01-25 07:30:46 | INFO     | ======================================================================
2026-01-25 07:30:46 | INFO     | Load Factor Scraper Started - Route: RUH-ATZ
2026-01-25 07:30:46 | INFO     | Log file: D:\CODERED\LAB\Artifacts\outputs\run_generated_250126_at_07.06\logs\LF_RUH-ATZ_20260125_073046.log
2026-01-25 07:30:46 | INFO     | Enhanced logging: Capturing both logging.info() and print()
2026-01-25 07:30:46 | INFO     | ======================================================================
[LF] Processing dates (override): ['27MAR', '26MAR', '25MAR', '24MAR', '23MAR', '22MAR', '21MAR', '20MAR']
[LF] Attaching to Chrome for Altea access
2026-01-25 07:30:46 | INFO     | Starting LF search for route: RUH-ATZ
2026-01-25 07:30:46 | INFO     | [START] LF Search
[LF][[OK] SUCCESS] Connected to Chrome on 127.0.0.1:9227 (after 1 attempts)
2026-01-25 07:30:47 | INFO     | [HEALTH CHECK] [OK] Chrome connection is healthy
[LF][[OK] SUCCESS] Found Amadeus Altea window: Altéa Reservation Desktop
[LF][[INFO] INFO] URL: https://tc212.resdesktop.altea.amadeus.com/app_ard/apf/init/login?SITE=ESMPESMP&LANGUAGE=GB&MARKETS=ARDW_PROD_WBP&ACTION=clpLogin
2026-01-25 07:30:47 | INFO     | [DAY_START] Processing 27MAR
[LF] Processing RUH-ATZ for 27MAR
2026-01-25 07:30:47 | INFO     | [lf.day.start] Processing RUH-ATZ for 27MAR
[LF] Sending SN command: SN27MARRUHATZ/ASM
[LF] No direct flights on 27MAR for RUH-ATZ
2026-01-25 07:30:48 | WARNING  | [lf.day.no_flights] No direct flights on 27MAR
2026-01-25 07:30:48 | INFO     | [SUCCESS] Day 27MAR
2026-01-25 07:30:48 | INFO     | [DAY_START] Processing 26MAR
[LF] Processing RUH-ATZ for 26MAR
2026-01-25 07:30:48 | INFO     | [lf.day.start] Processing RUH-ATZ for 26MAR
[LF] Sending SN command: SN26MARRUHATZ/ASM
[LF] No direct flights on 26MAR for RUH-ATZ
2026-01-25 07:30:49 | WARNING  | [lf.day.no_flights] No direct flights on 26MAR
2026-01-25 07:30:49 | INFO     | [SUCCESS] Day 26MAR
2026-01-25 07:30:49 | INFO     | [DAY_START] Processing 25MAR
[LF] Processing RUH-ATZ for 25MAR
2026-01-25 07:30:49 | INFO     | [lf.day.start] Processing RUH-ATZ for 25MAR
[LF] Sending SN command: SN25MARRUHATZ/ASM
[LF] 25MAR: found 1 direct flights
2026-01-25 07:30:51 | INFO     | [lf.day.flights_found] Found 1 flights on 25MAR
2026-01-25 07:30:54 | INFO     | [lf.flight.extracted] SM466 on 25MAR: BKG=9, LF=5.4%
[LF] SM466 25MAR: BKG=9, GRP=0, CAP=167, LF%=5.4%, Brd-Off=RUH-ATZ, Classes: W:6, S:3
[LF] Getting WEEKLY/LASTSOLD data for 1 flights
[LF] SM466 25MAR: LASTSOLD=2026-01-12 00:00:00, WEEKLY=0, TODAY=0, YDAY=0
2026-01-25 07:30:58 | INFO     | [SUCCESS] Day 25MAR
2026-01-25 07:30:58 | INFO     | [DAY_START] Processing 24MAR
[LF] Processing RUH-ATZ for 24MAR
2026-01-25 07:30:58 | INFO     | [lf.day.start] Processing RUH-ATZ for 24MAR
[LF] Sending SN command: SN24MARRUHATZ/ASM
[LF] 24MAR: found 1 direct flights
2026-01-25 07:30:59 | INFO     | [lf.day.flights_found] Found 1 flights on 24MAR
2026-01-25 07:31:02 | INFO     | [lf.flight.extracted] SM464 on 24MAR: BKG=11, LF=6.3%
[LF] SM464 24MAR: BKG=11, GRP=0, CAP=175, LF%=6.3%, Brd-Off=RUH-ATZ, Classes: W:5, S:5, Y:1
[LF] Getting WEEKLY/LASTSOLD data for 1 flights
[LF] SM464 24MAR: LASTSOLD=2026-01-23 00:00:00, WEEKLY=3, TODAY=0, YDAY=0
2026-01-25 07:31:05 | INFO     | [SUCCESS] Day 24MAR
2026-01-25 07:31:05 | INFO     | [DAY_START] Processing 23MAR
[LF] Processing RUH-ATZ for 23MAR
2026-01-25 07:31:05 | INFO     | [lf.day.start] Processing RUH-ATZ for 23MAR
[LF] Sending SN command: SN23MARRUHATZ/ASM
[LF] No direct flights on 23MAR for RUH-ATZ
2026-01-25 07:31:07 | WARNING  | [lf.day.no_flights] No direct flights on 23MAR
2026-01-25 07:31:07 | INFO     | [SUCCESS] Day 23MAR
2026-01-25 07:31:07 | INFO     | [DAY_START] Processing 22MAR
[LF] Processing RUH-ATZ for 22MAR
2026-01-25 07:31:07 | INFO     | [lf.day.start] Processing RUH-ATZ for 22MAR
[LF] Sending SN command: SN22MARRUHATZ/ASM
[LF] 22MAR: found 1 direct flights
2026-01-25 07:31:08 | INFO     | [lf.day.flights_found] Found 1 flights on 22MAR
2026-01-25 07:31:10 | INFO     | [lf.flight.extracted] SM464 on 22MAR: BKG=22, LF=12.6%
[LF] SM464 22MAR: BKG=22, GRP=0, CAP=175, LF%=12.6%, Brd-Off=RUH-ATZ, Classes: W:2, S:4, G:5, L:9, K:1, B:1
[LF] Getting WEEKLY/LASTSOLD data for 1 flights
[LF] SM464 22MAR: LASTSOLD=2026-01-24 00:00:00, WEEKLY=10, TODAY=0, YDAY=5
2026-01-25 07:31:13 | INFO     | [SUCCESS] Day 22MAR
2026-01-25 07:31:13 | INFO     | [DAY_START] Processing 21MAR
[LF] Processing RUH-ATZ for 21MAR
2026-01-25 07:31:13 | INFO     | [lf.day.start] Processing RUH-ATZ for 21MAR
[LF] Sending SN command: SN21MARRUHATZ/ASM
[LF] No direct flights on 21MAR for RUH-ATZ
2026-01-25 07:31:14 | WARNING  | [lf.day.no_flights] No direct flights on 21MAR
2026-01-25 07:31:14 | INFO     | [SUCCESS] Day 21MAR
2026-01-25 07:31:14 | INFO     | [DAY_START] Processing 20MAR
[LF] Processing RUH-ATZ for 20MAR
2026-01-25 07:31:14 | INFO     | [lf.day.start] Processing RUH-ATZ for 20MAR
[LF] Sending SN command: SN20MARRUHATZ/ASM
[LF] No direct flights on 20MAR for RUH-ATZ
2026-01-25 07:31:16 | WARNING  | [lf.day.no_flights] No direct flights on 20MAR
2026-01-25 07:31:16 | INFO     | [SUCCESS] Day 20MAR
[LF] Results summary:
  2026-03-27: 0 flights
  2026-03-26: 0 flights
  2026-03-25: 1 flights
  2026-03-24: 1 flights
  2026-03-23: 0 flights
  2026-03-22: 1 flights
  2026-03-21: 0 flights
  2026-03-20: 0 flights
2026-01-25 07:31:16 | INFO     | [SUCCESS] LF Search Complete

============================================================
[Worker_9227] ✓ COMPLETED: RUH-ATZ
  Results: 8 dates
  Errors: 0 dates
  Total Processed: 41 groups
============================================================

2026-01-25 07:31:16 | INFO     | [Worker_9227] Completed: RUH-ATZ - 8 results, 0 errors

============================================================
[Worker_9227] Processing: TUU-ATZ
  Tier 0: Range 2, Chunk 1/4
  Dates: 8 days
  Date Range: 2026-03-27 to 2026-03-20
============================================================

2026-01-25 07:31:16 | INFO     | [Worker_9227] Processing: TUU-ATZ
2026-01-25 07:31:16 | INFO     |   Tier 0: Range 2, Chunk 1/4 (8 days)
2026-01-25 07:31:16 | INFO     | ======================================================================
2026-01-25 07:31:16 | INFO     | Load Factor Scraper Started - Route: TUU-ATZ
2026-01-25 07:31:16 | INFO     | Log file: D:\CODERED\LAB\Artifacts\outputs\run_generated_250126_at_07.06\logs\LF_TUU-ATZ_20260125_073116.log
2026-01-25 07:31:16 | INFO     | Enhanced logging: Capturing both logging.info() and print()
2026-01-25 07:31:16 | INFO     | ======================================================================
[LF] Processing dates (override): ['27MAR', '26MAR', '25MAR', '24MAR', '23MAR', '22MAR', '21MAR', '20MAR']
[LF] Attaching to Chrome for Altea access
2026-01-25 07:31:16 | INFO     | Starting LF search for route: TUU-ATZ
2026-01-25 07:31:16 | INFO     | [START] LF Search
[LF][[OK] SUCCESS] Connected to Chrome on 127.0.0.1:9227 (after 1 attempts)
2026-01-25 07:31:17 | INFO     | [HEALTH CHECK] [OK] Chrome connection is healthy
[LF][[OK] SUCCESS] Found Amadeus Altea window: Altéa Reservation Desktop
[LF][[INFO] INFO] URL: https://tc212.resdesktop.altea.amadeus.com/app_ard/apf/init/login?SITE=ESMPESMP&LANGUAGE=GB&MARKETS=ARDW_PROD_WBP&ACTION=clpLogin
2026-01-25 07:31:17 | INFO     | [DAY_START] Processing 27MAR
[LF] Processing TUU-ATZ for 27MAR
2026-01-25 07:31:17 | INFO     | [lf.day.start] Processing TUU-ATZ for 27MAR
[LF] Sending SN command: SN27MARTUUATZ/ASM
[LF] 27MAR: found 1 direct flights
2026-01-25 07:31:18 | INFO     | [lf.day.flights_found] Found 1 flights on 27MAR
2026-01-25 07:31:20 | INFO     | [lf.flight.extracted] SM328 on 27MAR: BKG=0, LF=0.0%
[LF] SM328 27MAR: BKG=0, GRP=0, CAP=175, LF%=0.0%, Brd-Off=TUU-ATZ
2026-01-25 07:31:21 | INFO     | [SUCCESS] Day 27MAR
2026-01-25 07:31:21 | INFO     | [DAY_START] Processing 26MAR
[LF] Processing TUU-ATZ for 26MAR
2026-01-25 07:31:21 | INFO     | [lf.day.start] Processing TUU-ATZ for 26MAR
[LF] Sending SN command: SN26MARTUUATZ/ASM
[LF] No direct flights on 26MAR for TUU-ATZ
2026-01-25 07:31:22 | WARNING  | [lf.day.no_flights] No direct flights on 26MAR
2026-01-25 07:31:22 | INFO     | [SUCCESS] Day 26MAR
2026-01-25 07:31:22 | INFO     | [DAY_START] Processing 25MAR
[LF] Processing TUU-ATZ for 25MAR
2026-01-25 07:31:22 | INFO     | [lf.day.start] Processing TUU-ATZ for 25MAR
[LF] Sending SN command: SN25MARTUUATZ/ASM
[LF] No direct flights on 25MAR for TUU-ATZ
2026-01-25 07:31:23 | WARNING  | [lf.day.no_flights] No direct flights on 25MAR
2026-01-25 07:31:23 | INFO     | [SUCCESS] Day 25MAR
2026-01-25 07:31:23 | INFO     | [DAY_START] Processing 24MAR
[LF] Processing TUU-ATZ for 24MAR
2026-01-25 07:31:23 | INFO     | [lf.day.start] Processing TUU-ATZ for 24MAR
[LF] Sending SN command: SN24MARTUUATZ/ASM
[LF] No direct flights on 24MAR for TUU-ATZ
2026-01-25 07:31:25 | WARNING  | [lf.day.no_flights] No direct flights on 24MAR
2026-01-25 07:31:25 | INFO     | [SUCCESS] Day 24MAR
2026-01-25 07:31:25 | INFO     | [DAY_START] Processing 23MAR
[LF] Processing TUU-ATZ for 23MAR
2026-01-25 07:31:25 | INFO     | [lf.day.start] Processing TUU-ATZ for 23MAR
[LF] Sending SN command: SN23MARTUUATZ/ASM
[LF] No direct flights on 23MAR for TUU-ATZ
2026-01-25 07:31:26 | WARNING  | [lf.day.no_flights] No direct flights on 23MAR
2026-01-25 07:31:26 | INFO     | [SUCCESS] Day 23MAR
2026-01-25 07:31:26 | INFO     | [DAY_START] Processing 22MAR
[LF] Processing TUU-ATZ for 22MAR
2026-01-25 07:31:26 | INFO     | [lf.day.start] Processing TUU-ATZ for 22MAR
[LF] Sending SN command: SN22MARTUUATZ/ASM
[LF] No direct flights on 22MAR for TUU-ATZ
2026-01-25 07:31:27 | WARNING  | [lf.day.no_flights] No direct flights on 22MAR
2026-01-25 07:31:27 | INFO     | [SUCCESS] Day 22MAR
2026-01-25 07:31:27 | INFO     | [DAY_START] Processing 21MAR
[LF] Processing TUU-ATZ for 21MAR
2026-01-25 07:31:27 | INFO     | [lf.day.start] Processing TUU-ATZ for 21MAR
[LF] Sending SN command: SN21MARTUUATZ/ASM
[LF] No direct flights on 21MAR for TUU-ATZ
2026-01-25 07:31:29 | WARNING  | [lf.day.no_flights] No direct flights on 21MAR
2026-01-25 07:31:29 | INFO     | [SUCCESS] Day 21MAR
2026-01-25 07:31:29 | INFO     | [DAY_START] Processing 20MAR
[LF] Processing TUU-ATZ for 20MAR
2026-01-25 07:31:29 | INFO     | [lf.day.start] Processing TUU-ATZ for 20MAR
[LF] Sending SN command: SN20MARTUUATZ/ASM
[LF] 20MAR: found 1 direct flights
2026-01-25 07:31:30 | INFO     | [lf.day.flights_found] Found 1 flights on 20MAR
2026-01-25 07:31:32 | INFO     | [lf.flight.extracted] SM328 on 20MAR: BKG=1, LF=0.6%
[LF] SM328 20MAR: BKG=1, GRP=0, CAP=175, LF%=0.6%, Brd-Off=TUU-ATZ, Classes: M:1
[LF] Getting WEEKLY/LASTSOLD data for 1 flights
[LF] SM328 20MAR: LASTSOLD=2025-12-03 00:00:00, WEEKLY=0, TODAY=0, YDAY=0
2026-01-25 07:31:34 | INFO     | [SUCCESS] Day 20MAR
[LF] Results summary:
  2026-03-27: 1 flights
  2026-03-26: 0 flights
  2026-03-25: 0 flights
  2026-03-24: 0 flights
  2026-03-23: 0 flights
  2026-03-22: 0 flights
  2026-03-21: 0 flights
  2026-03-20: 1 flights
2026-01-25 07:31:34 | INFO     | [SUCCESS] LF Search Complete

============================================================
[Worker_9227] ✓ COMPLETED: TUU-ATZ
  Results: 8 dates
  Errors: 0 dates
  Total Processed: 42 groups
============================================================

2026-01-25 07:31:34 | INFO     | [Worker_9227] Completed: TUU-ATZ - 8 results, 0 errors

============================================================
[Worker_9227] Processing: YNB-CAI
  Tier 0: Range 2, Chunk 1/4
  Dates: 8 days
  Date Range: 2026-03-27 to 2026-03-20
============================================================

2026-01-25 07:31:34 | INFO     | [Worker_9227] Processing: YNB-CAI
2026-01-25 07:31:34 | INFO     |   Tier 0: Range 2, Chunk 1/4 (8 days)
2026-01-25 07:31:34 | INFO     | ======================================================================
2026-01-25 07:31:34 | INFO     | Load Factor Scraper Started - Route: YNB-CAI
2026-01-25 07:31:34 | INFO     | Log file: D:\CODERED\LAB\Artifacts\outputs\run_generated_250126_at_07.06\logs\LF_YNB-CAI_20260125_073134.log
2026-01-25 07:31:34 | INFO     | Enhanced logging: Capturing both logging.info() and print()
2026-01-25 07:31:34 | INFO     | ======================================================================
[LF] Processing dates (override): ['27MAR', '26MAR', '25MAR', '24MAR', '23MAR', '22MAR', '21MAR', '20MAR']
[LF] Attaching to Chrome for Altea access
2026-01-25 07:31:34 | INFO     | Starting LF search for route: YNB-CAI
2026-01-25 07:31:34 | INFO     | [START] LF Search
[LF][[OK] SUCCESS] Connected to Chrome on 127.0.0.1:9227 (after 1 attempts)
2026-01-25 07:31:35 | INFO     | [HEALTH CHECK] [OK] Chrome connection is healthy
[LF][[OK] SUCCESS] Found Amadeus Altea window: Altéa Reservation Desktop
[LF][[INFO] INFO] URL: https://tc212.resdesktop.altea.amadeus.com/app_ard/apf/init/login?SITE=ESMPESMP&LANGUAGE=GB&MARKETS=ARDW_PROD_WBP&ACTION=clpLogin
2026-01-25 07:31:35 | INFO     | [DAY_START] Processing 27MAR
[LF] Processing YNB-CAI for 27MAR
2026-01-25 07:31:35 | INFO     | [lf.day.start] Processing YNB-CAI for 27MAR
[LF] Sending SN command: SN27MARYNBCAI/ASM
[LF] 27MAR: found 5 direct flights
2026-01-25 07:31:36 | INFO     | [lf.day.flights_found] Found 5 flights on 27MAR
2026-01-25 07:31:38 | INFO     | [lf.flight.extracted] SM932 on 27MAR: BKG=0, LF=0.0%
[LF] SM932 27MAR: BKG=0, GRP=0, CAP=167, LF%=0.0%, Brd-Off=YNB-CAI
2026-01-25 07:31:41 | INFO     | [lf.flight.extracted] SM442 on 27MAR: BKG=164, LF=93.7%
[LF] SM442 27MAR: BKG=164, GRP=160, CAP=175, LF%=93.7%, Brd-Off=YNB-CAI, Classes: P:160, L:3, K:1
2026-01-25 07:31:45 | INFO     | [lf.flight.extracted] SM934 on 27MAR: BKG=0, LF=0.0%
[LF] SM934 27MAR: BKG=0, GRP=0, CAP=167, LF%=0.0%, Brd-Off=YNB-CAI
2026-01-25 07:31:48 | INFO     | [lf.flight.extracted] SM936 on 27MAR: BKG=0, LF=0.0%
[LF] SM936 27MAR: BKG=0, GRP=0, CAP=167, LF%=0.0%, Brd-Off=YNB-CAI
2026-01-25 07:31:51 | INFO     | [lf.flight.extracted] SM938 on 27MAR: BKG=0, LF=0.0%
[LF] SM938 27MAR: BKG=0, GRP=0, CAP=167, LF%=0.0%, Brd-Off=YNB-CAI
[LF] Getting WEEKLY/LASTSOLD data for 1 flights
[LF] SM442 27MAR: LASTSOLD=2026-01-25 00:00:00, WEEKLY=2, TODAY=1, YDAY=0
2026-01-25 07:31:54 | INFO     | [SUCCESS] Day 27MAR
2026-01-25 07:31:54 | INFO     | [DAY_START] Processing 26MAR
[LF] Processing YNB-CAI for 26MAR
2026-01-25 07:31:54 | INFO     | [lf.day.start] Processing YNB-CAI for 26MAR
[LF] Sending SN command: SN26MARYNBCAI/ASM
[LF] 26MAR: found 2 direct flights
2026-01-25 07:31:55 | INFO     | [lf.day.flights_found] Found 2 flights on 26MAR
2026-01-25 07:31:57 | INFO     | [lf.flight.extracted] SM988 on 26MAR: BKG=170, LF=101.8%
[LF] SM988 26MAR: BKG=170, GRP=170, CAP=167, LF%=101.8%, Brd-Off=YNB-CAI, Classes: P:170
2026-01-25 07:32:00 | INFO     | [lf.flight.extracted] SM442 on 26MAR: BKG=181, LF=103.4%
[LF] SM442 26MAR: BKG=181, GRP=180, CAP=175, LF%=103.4%, Brd-Off=YNB-CAI, Classes: P:180, W:1
[LF] Getting WEEKLY/LASTSOLD data for 2 flights
[LF] SM988 26MAR: LASTSOLD=2026-01-07 00:00:00, WEEKLY=0, TODAY=0, YDAY=0
[LF] SM442 26MAR: LASTSOLD=2026-01-12 00:00:00, WEEKLY=0, TODAY=0, YDAY=0
2026-01-25 07:32:04 | INFO     | [SUCCESS] Day 26MAR
2026-01-25 07:32:04 | INFO     | [DAY_START] Processing 25MAR
[LF] Processing YNB-CAI for 25MAR
2026-01-25 07:32:04 | INFO     | [lf.day.start] Processing YNB-CAI for 25MAR
[LF] Sending SN command: SN25MARYNBCAI/ASM
[LF] 25MAR: found 2 direct flights
2026-01-25 07:32:05 | INFO     | [lf.day.flights_found] Found 2 flights on 25MAR
2026-01-25 07:32:23 | INFO     | [lf.flight.extracted] SM988 on 25MAR: BKG=160, LF=91.4%
[LF] SM988 25MAR: BKG=160, GRP=160, CAP=175, LF%=91.4%, Brd-Off=YNB-CAI, Classes: P:160
2026-01-25 07:32:26 | INFO     | [lf.flight.extracted] SM442 on 25MAR: BKG=146, LF=83.4%
[LF] SM442 25MAR: BKG=146, GRP=135, CAP=175, LF%=83.4%, Brd-Off=YNB-CAI, Classes: P:135, W:9, V:2
[LF] Getting WEEKLY/LASTSOLD data for 2 flights
[LF] SM988 25MAR: LASTSOLD=2025-12-31 00:00:00, WEEKLY=0, TODAY=0, YDAY=0
[LF] SM442 25MAR: LASTSOLD=2026-01-15 00:00:00, WEEKLY=0, TODAY=0, YDAY=0
2026-01-25 07:32:30 | INFO     | [SUCCESS] Day 25MAR
2026-01-25 07:32:30 | INFO     | [DAY_START] Processing 24MAR
[LF] Processing YNB-CAI for 24MAR
2026-01-25 07:32:30 | INFO     | [lf.day.start] Processing YNB-CAI for 24MAR
[LF] Sending SN command: SN24MARYNBCAI/ASM
[LF] 24MAR: found 1 direct flights
2026-01-25 07:32:31 | INFO     | [lf.day.flights_found] Found 1 flights on 24MAR
2026-01-25 07:32:33 | INFO     | [lf.flight.extracted] SM442 on 24MAR: BKG=144, LF=82.3%
[LF] SM442 24MAR: BKG=144, GRP=135, CAP=175, LF%=82.3%, Brd-Off=YNB-CAI, Classes: P:135, W:7, L:2
[LF] Getting WEEKLY/LASTSOLD data for 1 flights
[LF] SM442 24MAR: LASTSOLD=2026-01-15 00:00:00, WEEKLY=0, TODAY=0, YDAY=0
2026-01-25 07:32:36 | INFO     | [SUCCESS] Day 24MAR
2026-01-25 07:32:36 | INFO     | [DAY_START] Processing 23MAR
[LF] Processing YNB-CAI for 23MAR
2026-01-25 07:32:36 | INFO     | [lf.day.start] Processing YNB-CAI for 23MAR
[LF] Sending SN command: SN23MARYNBCAI/ASM
[LF] 23MAR: found 3 direct flights
2026-01-25 07:32:37 | INFO     | [lf.day.flights_found] Found 3 flights on 23MAR
2026-01-25 07:32:39 | INFO     | [lf.flight.extracted] SM942 on 23MAR: BKG=170, LF=97.1%
[LF] SM942 23MAR: BKG=170, GRP=170, CAP=175, LF%=97.1%, Brd-Off=YNB-CAI, Classes: P:170
2026-01-25 07:32:42 | INFO     | [lf.flight.extracted] SM986 on 23MAR: BKG=180, LF=107.8%
[LF] SM986 23MAR: BKG=180, GRP=180, CAP=167, LF%=107.8%, Brd-Off=YNB-CAI, Classes: P:180
2026-01-25 07:32:45 | INFO     | [lf.flight.extracted] SM442 on 23MAR: BKG=162, LF=92.6%
[LF] SM442 23MAR: BKG=162, GRP=140, CAP=175, LF%=92.6%, Brd-Off=YNB-CAI, Classes: P:140, W:11, S:5, V:1, K:1, M:4
[LF] Getting WEEKLY/LASTSOLD data for 3 flights
[LF] SM942 23MAR: LASTSOLD=2026-01-20 00:00:00, WEEKLY=2, TODAY=0, YDAY=0
[LF] SM986 23MAR: LASTSOLD=2026-01-05 00:00:00, WEEKLY=0, TODAY=0, YDAY=0
[LF] SM442 23MAR: LASTSOLD=2026-01-25 00:00:00, WEEKLY=5, TODAY=4, YDAY=0
2026-01-25 07:32:51 | INFO     | [SUCCESS] Day 23MAR
2026-01-25 07:32:51 | INFO     | [DAY_START] Processing 22MAR
[LF] Processing YNB-CAI for 22MAR
2026-01-25 07:32:51 | INFO     | [lf.day.start] Processing YNB-CAI for 22MAR
[LF] Sending SN command: SN22MARYNBCAI/ASM
[LF] 22MAR: found 2 direct flights
2026-01-25 07:32:53 | INFO     | [lf.day.flights_found] Found 2 flights on 22MAR
2026-01-25 07:32:55 | INFO     | [lf.flight.extracted] SM442 on 22MAR: BKG=149, LF=85.1%
[LF] SM442 22MAR: BKG=149, GRP=135, CAP=175, LF%=85.1%, Brd-Off=YNB-CAI, Classes: P:135, W:12, S:2
2026-01-25 07:32:58 | INFO     | [lf.flight.extracted] SM988 on 22MAR: BKG=170, LF=101.8%
[LF] SM988 22MAR: BKG=170, GRP=170, CAP=167, LF%=101.8%, Brd-Off=YNB-CAI, Classes: P:170
[LF] Getting WEEKLY/LASTSOLD data for 2 flights
[LF] SM442 22MAR: LASTSOLD=2026-01-07 00:00:00, WEEKLY=0, TODAY=0, YDAY=0
[LF] SM988 22MAR: LASTSOLD=2026-01-07 00:00:00, WEEKLY=0, TODAY=0, YDAY=0
2026-01-25 07:33:02 | INFO     | [SUCCESS] Day 22MAR
2026-01-25 07:33:02 | INFO     | [DAY_START] Processing 21MAR
[LF] Processing YNB-CAI for 21MAR
2026-01-25 07:33:02 | INFO     | [lf.day.start] Processing YNB-CAI for 21MAR
[LF] Sending SN command: SN21MARYNBCAI/ASM
[LF] 21MAR: found 2 direct flights
2026-01-25 07:33:03 | INFO     | [lf.day.flights_found] Found 2 flights on 21MAR
2026-01-25 07:33:06 | INFO     | [lf.flight.extracted] SM942 on 21MAR: BKG=160, LF=91.4%
[LF] SM942 21MAR: BKG=160, GRP=160, CAP=175, LF%=91.4%, Brd-Off=YNB-CAI, Classes: P:160
2026-01-25 07:33:09 | INFO     | [lf.flight.extracted] SM442 on 21MAR: BKG=150, LF=85.7%
[LF] SM442 21MAR: BKG=150, GRP=135, CAP=175, LF%=85.7%, Brd-Off=YNB-CAI, Classes: P:135, W:12, S:3
[LF] Getting WEEKLY/LASTSOLD data for 2 flights
[LF] SM942 21MAR: LASTSOLD=2026-01-18 00:00:00, WEEKLY=1, TODAY=0, YDAY=0
[LF] SM442 21MAR: LASTSOLD=2026-01-05 00:00:00, WEEKLY=0, TODAY=0, YDAY=0
2026-01-25 07:33:14 | INFO     | [SUCCESS] Day 21MAR
2026-01-25 07:33:14 | INFO     | [DAY_START] Processing 20MAR
[LF] Processing YNB-CAI for 20MAR
2026-01-25 07:33:14 | INFO     | [lf.day.start] Processing YNB-CAI for 20MAR
[LF] Sending SN command: SN20MARYNBCAI/ASM
[LF] 20MAR: found 2 direct flights
2026-01-25 07:33:15 | INFO     | [lf.day.flights_found] Found 2 flights on 20MAR
2026-01-25 07:33:17 | INFO     | [lf.flight.extracted] SM942 on 20MAR: BKG=180, LF=107.8%
[LF] SM942 20MAR: BKG=180, GRP=180, CAP=167, LF%=107.8%, Brd-Off=YNB-CAI, Classes: P:180
2026-01-25 07:33:21 | INFO     | [lf.flight.extracted] SM442 on 20MAR: BKG=92, LF=52.6%
[LF] SM442 20MAR: BKG=92, GRP=90, CAP=175, LF%=52.6%, Brd-Off=YNB-CAI, Classes: P:90, W:2
[LF] Getting WEEKLY/LASTSOLD data for 2 flights
[LF] SM942 20MAR: LASTSOLD=2026-01-05 00:00:00, WEEKLY=0, TODAY=0, YDAY=0
[LF] SM442 20MAR: LASTSOLD=2026-01-07 00:00:00, WEEKLY=0, TODAY=0, YDAY=0
2026-01-25 07:33:25 | ERROR    | Atomic write failed for D:\CODERED\LAB\Artifacts\outputs\run_generated_250126_at_07.06\checkpoints\flight_booking_data.json: [WinError 5] Access is denied: 'D:\\CODERED\\LAB\\Artifacts\\outputs\\run_generated_250126_at_07.06\\checkpoints\\flight_booking_data.tmp_b301f35f' -> 'D:\\CODERED\\LAB\\Artifacts\\outputs\\run_generated_250126_at_07.06\\checkpoints\\flight_booking_data.json'
2026-01-25 07:33:25 | INFO     | [SUCCESS] Day 20MAR
[LF] Results summary:
  2026-03-27: 5 flights
  2026-03-26: 2 flights
  2026-03-25: 2 flights
  2026-03-24: 1 flights
  2026-03-23: 3 flights
  2026-03-22: 2 flights
  2026-03-21: 2 flights
  2026-03-20: 2 flights
2026-01-25 07:33:25 | INFO     | [SUCCESS] LF Search Complete

============================================================
[Worker_9227] ✓ COMPLETED: YNB-CAI
  Results: 8 dates
  Errors: 0 dates
  Total Processed: 43 groups
============================================================

2026-01-25 07:33:25 | INFO     | [Worker_9227] Completed: YNB-CAI - 8 results, 0 errors

============================================================
[Worker_9227] Processing: ATZ-TUU
  Tier 0: Range 2, Chunk 1/4
  Dates: 8 days
  Date Range: 2026-03-27 to 2026-03-20
============================================================

2026-01-25 07:33:25 | INFO     | [Worker_9227] Processing: ATZ-TUU
2026-01-25 07:33:25 | INFO     |   Tier 0: Range 2, Chunk 1/4 (8 days)
2026-01-25 07:33:25 | INFO     | ======================================================================
2026-01-25 07:33:25 | INFO     | Load Factor Scraper Started - Route: ATZ-TUU
2026-01-25 07:33:25 | INFO     | Log file: D:\CODERED\LAB\Artifacts\outputs\run_generated_250126_at_07.06\logs\LF_ATZ-TUU_20260125_073325.log
2026-01-25 07:33:25 | INFO     | Enhanced logging: Capturing both logging.info() and print()
2026-01-25 07:33:25 | INFO     | ======================================================================
[LF] Processing dates (override): ['27MAR', '26MAR', '25MAR', '24MAR', '23MAR', '22MAR', '21MAR', '20MAR']
[LF] Attaching to Chrome for Altea access
2026-01-25 07:33:25 | INFO     | Starting LF search for route: ATZ-TUU
2026-01-25 07:33:25 | INFO     | [START] LF Search
[LF][[OK] SUCCESS] Connected to Chrome on 127.0.0.1:9227 (after 1 attempts)
2026-01-25 07:33:26 | INFO     | [HEALTH CHECK] [OK] Chrome connection is healthy
[LF][[OK] SUCCESS] Found Amadeus Altea window: Altéa Reservation Desktop
[LF][[INFO] INFO] URL: https://tc212.resdesktop.altea.amadeus.com/app_ard/apf/init/login?SITE=ESMPESMP&LANGUAGE=GB&MARKETS=ARDW_PROD_WBP&ACTION=clpLogin
2026-01-25 07:33:26 | INFO     | [DAY_START] Processing 27MAR
[LF] Processing ATZ-TUU for 27MAR
2026-01-25 07:33:26 | INFO     | [lf.day.start] Processing ATZ-TUU for 27MAR
[LF] Sending SN command: SN27MARATZTUU/ASM
[LF] 27MAR: found 1 direct flights
2026-01-25 07:33:27 | INFO     | [lf.day.flights_found] Found 1 flights on 27MAR
2026-01-25 07:33:29 | INFO     | [lf.flight.extracted] SM327 on 27MAR: BKG=24, LF=13.4%
[LF] SM327 27MAR: BKG=24, GRP=0, CAP=179, LF%=13.4%, Brd-Off=ATZ-TUU, Classes: X:2, S:5, K:11, M:6
[LF] Getting WEEKLY/LASTSOLD data for 1 flights
[LF] SM327 27MAR: LASTSOLD=2026-01-25 00:00:00, WEEKLY=6, TODAY=1, YDAY=0
2026-01-25 07:33:32 | INFO     | [SUCCESS] Day 27MAR
2026-01-25 07:33:32 | INFO     | [DAY_START] Processing 26MAR
[LF] Processing ATZ-TUU for 26MAR
2026-01-25 07:33:32 | INFO     | [lf.day.start] Processing ATZ-TUU for 26MAR
[LF] Sending SN command: SN26MARATZTUU/ASM
[LF] No direct flights on 26MAR for ATZ-TUU
2026-01-25 07:33:34 | WARNING  | [lf.day.no_flights] No direct flights on 26MAR
2026-01-25 07:33:34 | INFO     | [SUCCESS] Day 26MAR
2026-01-25 07:33:34 | INFO     | [DAY_START] Processing 25MAR
[LF] Processing ATZ-TUU for 25MAR
2026-01-25 07:33:34 | INFO     | [lf.day.start] Processing ATZ-TUU for 25MAR
[LF] Sending SN command: SN25MARATZTUU/ASM
[LF] No direct flights on 25MAR for ATZ-TUU
2026-01-25 07:33:35 | WARNING  | [lf.day.no_flights] No direct flights on 25MAR
2026-01-25 07:33:35 | INFO     | [SUCCESS] Day 25MAR
2026-01-25 07:33:35 | INFO     | [DAY_START] Processing 24MAR
[LF] Processing ATZ-TUU for 24MAR
2026-01-25 07:33:35 | INFO     | [lf.day.start] Processing ATZ-TUU for 24MAR
[LF] Sending SN command: SN24MARATZTUU/ASM
[LF] No direct flights on 24MAR for ATZ-TUU
2026-01-25 07:33:36 | WARNING  | [lf.day.no_flights] No direct flights on 24MAR
2026-01-25 07:33:36 | INFO     | [SUCCESS] Day 24MAR
2026-01-25 07:33:36 | INFO     | [DAY_START] Processing 23MAR
[LF] Processing ATZ-TUU for 23MAR
2026-01-25 07:33:36 | INFO     | [lf.day.start] Processing ATZ-TUU for 23MAR
[LF] Sending SN command: SN23MARATZTUU/ASM
[LF] No direct flights on 23MAR for ATZ-TUU
2026-01-25 07:33:37 | WARNING  | [lf.day.no_flights] No direct flights on 23MAR
2026-01-25 07:33:37 | INFO     | [SUCCESS] Day 23MAR
2026-01-25 07:33:37 | INFO     | [DAY_START] Processing 22MAR
[LF] Processing ATZ-TUU for 22MAR
2026-01-25 07:33:37 | INFO     | [lf.day.start] Processing ATZ-TUU for 22MAR
[LF] Sending SN command: SN22MARATZTUU/ASM
[LF] No direct flights on 22MAR for ATZ-TUU
2026-01-25 07:33:38 | WARNING  | [lf.day.no_flights] No direct flights on 22MAR
2026-01-25 07:33:38 | INFO     | [SUCCESS] Day 22MAR
2026-01-25 07:33:38 | INFO     | [DAY_START] Processing 21MAR
[LF] Processing ATZ-TUU for 21MAR
2026-01-25 07:33:38 | INFO     | [lf.day.start] Processing ATZ-TUU for 21MAR
[LF] Sending SN command: SN21MARATZTUU/ASM
[LF] No direct flights on 21MAR for ATZ-TUU
2026-01-25 07:33:39 | WARNING  | [lf.day.no_flights] No direct flights on 21MAR
2026-01-25 07:33:39 | INFO     | [SUCCESS] Day 21MAR
2026-01-25 07:33:39 | INFO     | [DAY_START] Processing 20MAR
[LF] Processing ATZ-TUU for 20MAR
2026-01-25 07:33:39 | INFO     | [lf.day.start] Processing ATZ-TUU for 20MAR
[LF] Sending SN command: SN20MARATZTUU/ASM
[LF] 20MAR: found 1 direct flights
2026-01-25 07:33:41 | INFO     | [lf.day.flights_found] Found 1 flights on 20MAR
2026-01-25 07:33:43 | INFO     | [lf.flight.extracted] SM327 on 20MAR: BKG=1, LF=0.6%
[LF] SM327 20MAR: BKG=1, GRP=0, CAP=179, LF%=0.6%, Brd-Off=ATZ-TUU, Classes: I:1
[LF] Getting WEEKLY/LASTSOLD data for 1 flights
[LF] SM327 20MAR: LASTSOLD=2026-01-19 00:00:00, WEEKLY=1, TODAY=0, YDAY=0
2026-01-25 07:33:45 | INFO     | [SUCCESS] Day 20MAR
[LF] Results summary:
  2026-03-27: 1 flights
  2026-03-26: 0 flights
  2026-03-25: 0 flights
  2026-03-24: 0 flights
  2026-03-23: 0 flights
  2026-03-22: 0 flights
  2026-03-21: 0 flights
  2026-03-20: 1 flights
2026-01-25 07:33:45 | INFO     | [SUCCESS] LF Search Complete

============================================================
[Worker_9227] ✓ COMPLETED: ATZ-TUU
  Results: 8 dates
  Errors: 0 dates
  Total Processed: 44 groups
============================================================

2026-01-25 07:33:45 | INFO     | [Worker_9227] Completed: ATZ-TUU - 8 results, 0 errors

============================================================
[Worker_9227] Processing: ATZ-AHB
  Tier 0: Range 2, Chunk 1/4
  Dates: 8 days
  Date Range: 2026-03-27 to 2026-03-20
============================================================

2026-01-25 07:33:45 | INFO     | [Worker_9227] Processing: ATZ-AHB
2026-01-25 07:33:45 | INFO     |   Tier 0: Range 2, Chunk 1/4 (8 days)
2026-01-25 07:33:45 | INFO     | ======================================================================
2026-01-25 07:33:45 | INFO     | Load Factor Scraper Started - Route: ATZ-AHB
2026-01-25 07:33:45 | INFO     | Log file: D:\CODERED\LAB\Artifacts\outputs\run_generated_250126_at_07.06\logs\LF_ATZ-AHB_20260125_073345.log
2026-01-25 07:33:45 | INFO     | Enhanced logging: Capturing both logging.info() and print()
2026-01-25 07:33:45 | INFO     | ======================================================================
[LF] Processing dates (override): ['27MAR', '26MAR', '25MAR', '24MAR', '23MAR', '22MAR', '21MAR', '20MAR']
[LF] Attaching to Chrome for Altea access
2026-01-25 07:33:45 | INFO     | Starting LF search for route: ATZ-AHB
2026-01-25 07:33:45 | INFO     | [START] LF Search
[LF][[OK] SUCCESS] Connected to Chrome on 127.0.0.1:9227 (after 1 attempts)
2026-01-25 07:33:46 | INFO     | [HEALTH CHECK] [OK] Chrome connection is healthy
[LF][[OK] SUCCESS] Found Amadeus Altea window: Altéa Reservation Desktop
[LF][[INFO] INFO] URL: https://tc212.resdesktop.altea.amadeus.com/app_ard/apf/init/login?SITE=ESMPESMP&LANGUAGE=GB&MARKETS=ARDW_PROD_WBP&ACTION=clpLogin
2026-01-25 07:33:46 | INFO     | [DAY_START] Processing 27MAR
[LF] Processing ATZ-AHB for 27MAR
2026-01-25 07:33:46 | INFO     | [lf.day.start] Processing ATZ-AHB for 27MAR
[LF] Sending SN command: SN27MARATZAHB/ASM
[LF] 27MAR: found 1 direct flights
2026-01-25 07:33:47 | INFO     | [lf.day.flights_found] Found 1 flights on 27MAR
2026-01-25 07:33:49 | INFO     | [lf.flight.extracted] SM445 on 27MAR: BKG=17, LF=9.5%
[LF] SM445 27MAR: BKG=17, GRP=0, CAP=179, LF%=9.5%, Brd-Off=ATZ-AHB, Classes: X:7, T:2, V:1, Q:2, M:1, B:4
[LF] Getting WEEKLY/LASTSOLD data for 1 flights
[LF] SM445 27MAR: LASTSOLD=2026-01-25 00:00:00, WEEKLY=3, TODAY=1, YDAY=0
2026-01-25 07:33:52 | INFO     | [SUCCESS] Day 27MAR
2026-01-25 07:33:52 | INFO     | [DAY_START] Processing 26MAR
[LF] Processing ATZ-AHB for 26MAR
2026-01-25 07:33:52 | INFO     | [lf.day.start] Processing ATZ-AHB for 26MAR
[LF] Sending SN command: SN26MARATZAHB/ASM
[LF] No direct flights on 26MAR for ATZ-AHB
2026-01-25 07:33:53 | WARNING  | [lf.day.no_flights] No direct flights on 26MAR
2026-01-25 07:33:53 | INFO     | [SUCCESS] Day 26MAR
2026-01-25 07:33:53 | INFO     | [DAY_START] Processing 25MAR
[LF] Processing ATZ-AHB for 25MAR
2026-01-25 07:33:53 | INFO     | [lf.day.start] Processing ATZ-AHB for 25MAR
[LF] Sending SN command: SN25MARATZAHB/ASM
[LF] No direct flights on 25MAR for ATZ-AHB
2026-01-25 07:33:54 | WARNING  | [lf.day.no_flights] No direct flights on 25MAR
2026-01-25 07:33:54 | INFO     | [SUCCESS] Day 25MAR
2026-01-25 07:33:54 | INFO     | [DAY_START] Processing 24MAR
[LF] Processing ATZ-AHB for 24MAR
2026-01-25 07:33:54 | INFO     | [lf.day.start] Processing ATZ-AHB for 24MAR
[LF] Sending SN command: SN24MARATZAHB/ASM
[LF] No direct flights on 24MAR for ATZ-AHB
2026-01-25 07:33:56 | WARNING  | [lf.day.no_flights] No direct flights on 24MAR
2026-01-25 07:33:56 | INFO     | [SUCCESS] Day 24MAR
2026-01-25 07:33:56 | INFO     | [DAY_START] Processing 23MAR
[LF] Processing ATZ-AHB for 23MAR
2026-01-25 07:33:56 | INFO     | [lf.day.start] Processing ATZ-AHB for 23MAR
[LF] Sending SN command: SN23MARATZAHB/ASM
[LF] No direct flights on 23MAR for ATZ-AHB
2026-01-25 07:33:57 | WARNING  | [lf.day.no_flights] No direct flights on 23MAR
2026-01-25 07:33:57 | INFO     | [SUCCESS] Day 23MAR
2026-01-25 07:33:57 | INFO     | [DAY_START] Processing 22MAR
[LF] Processing ATZ-AHB for 22MAR
2026-01-25 07:33:57 | INFO     | [lf.day.start] Processing ATZ-AHB for 22MAR
[LF] Sending SN command: SN22MARATZAHB/ASM
[LF] No direct flights on 22MAR for ATZ-AHB
2026-01-25 07:33:58 | WARNING  | [lf.day.no_flights] No direct flights on 22MAR
2026-01-25 07:33:58 | INFO     | [SUCCESS] Day 22MAR
2026-01-25 07:33:58 | INFO     | [DAY_START] Processing 21MAR
[LF] Processing ATZ-AHB for 21MAR
2026-01-25 07:33:58 | INFO     | [lf.day.start] Processing ATZ-AHB for 21MAR
[LF] Sending SN command: SN21MARATZAHB/ASM
[LF] No direct flights on 21MAR for ATZ-AHB
2026-01-25 07:33:59 | WARNING  | [lf.day.no_flights] No direct flights on 21MAR
2026-01-25 07:33:59 | INFO     | [SUCCESS] Day 21MAR
2026-01-25 07:33:59 | INFO     | [DAY_START] Processing 20MAR
[LF] Processing ATZ-AHB for 20MAR
2026-01-25 07:33:59 | INFO     | [lf.day.start] Processing ATZ-AHB for 20MAR
[LF] Sending SN command: SN20MARATZAHB/ASM
[LF] 20MAR: found 1 direct flights
2026-01-25 07:34:00 | INFO     | [lf.day.flights_found] Found 1 flights on 20MAR
2026-01-25 07:34:02 | INFO     | [lf.flight.extracted] SM445 on 20MAR: BKG=8, LF=4.5%
[LF] SM445 20MAR: BKG=8, GRP=0, CAP=179, LF%=4.5%, Brd-Off=ATZ-AHB, Classes: I:4, O:3, X:1
[LF] Getting WEEKLY/LASTSOLD data for 1 flights
[LF] SM445 20MAR: LASTSOLD=2026-01-23 00:00:00, WEEKLY=2, TODAY=0, YDAY=0
2026-01-25 07:34:05 | INFO     | [SUCCESS] Day 20MAR
[LF] Results summary:
  2026-03-27: 1 flights
  2026-03-26: 0 flights
  2026-03-25: 0 flights
  2026-03-24: 0 flights
  2026-03-23: 0 flights
  2026-03-22: 0 flights
  2026-03-21: 0 flights
  2026-03-20: 1 flights
2026-01-25 07:34:05 | INFO     | [SUCCESS] LF Search Complete

============================================================
[Worker_9227] ✓ COMPLETED: ATZ-AHB
  Results: 8 dates
  Errors: 0 dates
  Total Processed: 45 groups
============================================================

2026-01-25 07:34:05 | INFO     | [Worker_9227] Completed: ATZ-AHB - 8 results, 0 errors

============================================================
[Worker_9227] Processing: ATZ-ELQ
  Tier 0: Range 2, Chunk 1/4
  Dates: 8 days
  Date Range: 2026-03-27 to 2026-03-20
============================================================

2026-01-25 07:34:05 | INFO     | [Worker_9227] Processing: ATZ-ELQ
2026-01-25 07:34:05 | INFO     |   Tier 0: Range 2, Chunk 1/4 (8 days)
2026-01-25 07:34:05 | INFO     | ======================================================================
2026-01-25 07:34:05 | INFO     | Load Factor Scraper Started - Route: ATZ-ELQ
2026-01-25 07:34:05 | INFO     | Log file: D:\CODERED\LAB\Artifacts\outputs\run_generated_250126_at_07.06\logs\LF_ATZ-ELQ_20260125_073405.log
2026-01-25 07:34:05 | INFO     | Enhanced logging: Capturing both logging.info() and print()
2026-01-25 07:34:05 | INFO     | ======================================================================
[LF] Processing dates (override): ['27MAR', '26MAR', '25MAR', '24MAR', '23MAR', '22MAR', '21MAR', '20MAR']
[LF] Attaching to Chrome for Altea access
2026-01-25 07:34:05 | INFO     | Starting LF search for route: ATZ-ELQ
2026-01-25 07:34:05 | INFO     | [START] LF Search
[LF][[OK] SUCCESS] Connected to Chrome on 127.0.0.1:9227 (after 1 attempts)
2026-01-25 07:34:05 | INFO     | [HEALTH CHECK] [OK] Chrome connection is healthy
[LF][[OK] SUCCESS] Found Amadeus Altea window: Altéa Reservation Desktop
[LF][[INFO] INFO] URL: https://tc212.resdesktop.altea.amadeus.com/app_ard/apf/init/login?SITE=ESMPESMP&LANGUAGE=GB&MARKETS=ARDW_PROD_WBP&ACTION=clpLogin
2026-01-25 07:34:05 | INFO     | [DAY_START] Processing 27MAR
[LF] Processing ATZ-ELQ for 27MAR
2026-01-25 07:34:05 | INFO     | [lf.day.start] Processing ATZ-ELQ for 27MAR
[LF] Sending SN command: SN27MARATZELQ/ASM
[LF] No direct flights on 27MAR for ATZ-ELQ
2026-01-25 07:34:07 | WARNING  | [lf.day.no_flights] No direct flights on 27MAR
2026-01-25 07:34:07 | INFO     | [SUCCESS] Day 27MAR
2026-01-25 07:34:07 | INFO     | [DAY_START] Processing 26MAR
[LF] Processing ATZ-ELQ for 26MAR
2026-01-25 07:34:07 | INFO     | [lf.day.start] Processing ATZ-ELQ for 26MAR
[LF] Sending SN command: SN26MARATZELQ/ASM
[LF] No direct flights on 26MAR for ATZ-ELQ
2026-01-25 07:34:08 | WARNING  | [lf.day.no_flights] No direct flights on 26MAR
2026-01-25 07:34:08 | INFO     | [SUCCESS] Day 26MAR
2026-01-25 07:34:08 | INFO     | [DAY_START] Processing 25MAR
[LF] Processing ATZ-ELQ for 25MAR
2026-01-25 07:34:08 | INFO     | [lf.day.start] Processing ATZ-ELQ for 25MAR
[LF] Sending SN command: SN25MARATZELQ/ASM
[LF] No direct flights on 25MAR for ATZ-ELQ
2026-01-25 07:34:09 | WARNING  | [lf.day.no_flights] No direct flights on 25MAR
2026-01-25 07:34:09 | INFO     | [SUCCESS] Day 25MAR
2026-01-25 07:34:09 | INFO     | [DAY_START] Processing 24MAR
[LF] Processing ATZ-ELQ for 24MAR
2026-01-25 07:34:09 | INFO     | [lf.day.start] Processing ATZ-ELQ for 24MAR
[LF] Sending SN command: SN24MARATZELQ/ASM
[LF] 24MAR: found 1 direct flights
2026-01-25 07:34:10 | INFO     | [lf.day.flights_found] Found 1 flights on 24MAR
2026-01-25 07:34:12 | INFO     | [lf.flight.extracted] SM435 on 24MAR: BKG=17, LF=9.5%
[LF] SM435 24MAR: BKG=17, GRP=0, CAP=179, LF%=9.5%, Brd-Off=ATZ-ELQ, Classes: X:16, M:1
[LF] Getting WEEKLY/LASTSOLD data for 1 flights
[LF] SM435 24MAR: LASTSOLD=2026-01-23 00:00:00, WEEKLY=8, TODAY=0, YDAY=0
2026-01-25 07:34:15 | INFO     | [SUCCESS] Day 24MAR
2026-01-25 07:34:15 | INFO     | [DAY_START] Processing 23MAR
[LF] Processing ATZ-ELQ for 23MAR
2026-01-25 07:34:15 | INFO     | [lf.day.start] Processing ATZ-ELQ for 23MAR
[LF] Sending SN command: SN23MARATZELQ/ASM
[LF] No direct flights on 23MAR for ATZ-ELQ
2026-01-25 07:34:16 | WARNING  | [lf.day.no_flights] No direct flights on 23MAR
2026-01-25 07:34:16 | INFO     | [SUCCESS] Day 23MAR
2026-01-25 07:34:16 | INFO     | [DAY_START] Processing 22MAR
[LF] Processing ATZ-ELQ for 22MAR
2026-01-25 07:34:16 | INFO     | [lf.day.start] Processing ATZ-ELQ for 22MAR
[LF] Sending SN command: SN22MARATZELQ/ASM
[LF] No direct flights on 22MAR for ATZ-ELQ
2026-01-25 07:34:17 | WARNING  | [lf.day.no_flights] No direct flights on 22MAR
2026-01-25 07:34:17 | INFO     | [SUCCESS] Day 22MAR
2026-01-25 07:34:17 | INFO     | [DAY_START] Processing 21MAR
[LF] Processing ATZ-ELQ for 21MAR
2026-01-25 07:34:17 | INFO     | [lf.day.start] Processing ATZ-ELQ for 21MAR
[LF] Sending SN command: SN21MARATZELQ/ASM
[LF] 21MAR: found 1 direct flights
2026-01-25 07:34:18 | INFO     | [lf.day.flights_found] Found 1 flights on 21MAR
2026-01-25 07:34:20 | INFO     | [lf.flight.extracted] SM435 on 21MAR: BKG=5, LF=2.8%
[LF] SM435 21MAR: BKG=5, GRP=0, CAP=179, LF%=2.8%, Brd-Off=ATZ-ELQ, Classes: I:5
[LF] Getting WEEKLY/LASTSOLD data for 1 flights
[LF] SM435 21MAR: LASTSOLD=2026-01-24 00:00:00, WEEKLY=1, TODAY=0, YDAY=1
2026-01-25 07:34:23 | INFO     | [SUCCESS] Day 21MAR
2026-01-25 07:34:23 | INFO     | [DAY_START] Processing 20MAR
[LF] Processing ATZ-ELQ for 20MAR
2026-01-25 07:34:23 | INFO     | [lf.day.start] Processing ATZ-ELQ for 20MAR
[LF] Sending SN command: SN20MARATZELQ/ASM
[LF] No direct flights on 20MAR for ATZ-ELQ
2026-01-25 07:34:24 | WARNING  | [lf.day.no_flights] No direct flights on 20MAR
2026-01-25 07:34:24 | INFO     | [SUCCESS] Day 20MAR
[LF] Results summary:
  2026-03-27: 0 flights
  2026-03-26: 0 flights
  2026-03-25: 0 flights
  2026-03-24: 1 flights
  2026-03-23: 0 flights
  2026-03-22: 0 flights
  2026-03-21: 1 flights
  2026-03-20: 0 flights
2026-01-25 07:34:24 | INFO     | [SUCCESS] LF Search Complete

============================================================
[Worker_9227] ✓ COMPLETED: ATZ-ELQ
  Results: 8 dates
  Errors: 0 dates
  Total Processed: 46 groups
============================================================

2026-01-25 07:34:24 | INFO     | [Worker_9227] Completed: ATZ-ELQ - 8 results, 0 errors

============================================================
[Worker_9227] Processing: JED-CAI
  Tier 0: Range 2, Chunk 2/4
  Dates: 8 days
  Date Range: 2026-03-19 to 2026-03-12
============================================================

2026-01-25 07:34:24 | INFO     | [Worker_9227] Processing: JED-CAI
2026-01-25 07:34:24 | INFO     |   Tier 0: Range 2, Chunk 2/4 (8 days)
2026-01-25 07:34:24 | INFO     | ======================================================================
2026-01-25 07:34:24 | INFO     | Load Factor Scraper Started - Route: JED-CAI
2026-01-25 07:34:24 | INFO     | Log file: D:\CODERED\LAB\Artifacts\outputs\run_generated_250126_at_07.06\logs\LF_JED-CAI_20260125_073424.log
2026-01-25 07:34:24 | INFO     | Enhanced logging: Capturing both logging.info() and print()
2026-01-25 07:34:24 | INFO     | ======================================================================
[LF] Processing dates (override): ['19MAR', '18MAR', '17MAR', '16MAR', '15MAR', '14MAR', '13MAR', '12MAR']
[LF] Attaching to Chrome for Altea access
2026-01-25 07:34:24 | INFO     | Starting LF search for route: JED-CAI
2026-01-25 07:34:24 | INFO     | [START] LF Search
[LF][[OK] SUCCESS] Connected to Chrome on 127.0.0.1:9227 (after 1 attempts)
2026-01-25 07:34:25 | INFO     | [HEALTH CHECK] [OK] Chrome connection is healthy
[LF][[OK] SUCCESS] Found Amadeus Altea window: Altéa Reservation Desktop
[LF][[INFO] INFO] URL: https://tc212.resdesktop.altea.amadeus.com/app_ard/apf/init/login?SITE=ESMPESMP&LANGUAGE=GB&MARKETS=ARDW_PROD_WBP&ACTION=clpLogin
2026-01-25 07:34:25 | INFO     | [DAY_START] Processing 19MAR
[LF] Processing JED-CAI for 19MAR
2026-01-25 07:34:25 | INFO     | [lf.day.start] Processing JED-CAI for 19MAR
[LF] JED↔Cairo route detected - querying both CAI and CCE airports
[LF] Sending SN command: SN19MARJEDCAI/ASM
[LF] 19MAR: 1 cancelled flight(s) detected from SN (JED-CAI)
[LF] Sending SN command: SN19MARJEDCCE/ASM
[LF] 19MAR: 1 cancelled flight(s) detected from SN (JED-CCE)
[LF] 19MAR: found 7 direct flights
2026-01-25 07:34:27 | INFO     | [lf.day.flights_found] Found 7 flights on 19MAR
2026-01-25 07:34:29 | INFO     | [lf.flight.extracted] SM424 on 19MAR: BKG=147, LF=88.0%
[LF] SM424 19MAR: BKG=147, GRP=90, CAP=167, LF%=88.0%, Brd-Off=JED-CAI, Classes: P:90, L:6, V:5, K:4, Q:4, H:16, M:16, B:1, Y:5
[LPC] SM424 19MAR: Found 1 outbound flights with connecting passengers
2026-01-25 07:34:33 | INFO     | [lf.flight.extracted] SM472 on 19MAR: BKG=67, LF=38.3%
[LF] SM472 19MAR: BKG=67, GRP=0, CAP=175, LF%=38.3%, Brd-Off=JED-CAI, Classes: L:1, K:8, Q:4, H:4, M:38, B:2, Y:10
[LPC] SM472 19MAR: Found 3 outbound flights with connecting passengers
2026-01-25 07:34:39 | INFO     | [lf.flight.extracted] SM450 on 19MAR: BKG=79, LF=45.1%
[LF] SM450 19MAR: BKG=79, GRP=50, CAP=175, LF%=45.1%, Brd-Off=JED-CAI, Classes: E:50, L:4, K:4, H:1, M:20
[LPC] SM450 19MAR: Found 1 outbound flights with connecting passengers
2026-01-25 07:34:43 | INFO     | [lf.flight.extracted] SM476 on 19MAR: BKG=70, LF=41.9%
[LF] SM476 19MAR: BKG=70, GRP=30, CAP=167, LF%=41.9%, Brd-Off=JED-CAI, Classes: P:30, L:6, K:3, Q:9, H:16, M:6
2026-01-25 07:34:46 | INFO     | [lf.flight.extracted] SM478 on 19MAR: BKG=120, LF=71.9%
[LF] SM478 19MAR: BKG=120, GRP=45, CAP=167, LF%=71.9%, Brd-Off=JED-CAI, Classes: P:45, L:7, V:4, Q:15, H:5, M:33, B:11
2026-01-25 07:34:51 | INFO     | [lf.flight.extracted] SM480 on 19MAR: BKG=153, LF=87.4%
[LF] SM480 19MAR: BKG=153, GRP=65, CAP=175, LF%=87.4%, Brd-Off=JED-CAI, Classes: P:65, L:3, V:1, K:2, Q:9, H:2, M:43, B:26, Y:2
[LPC] SM480 19MAR: Found 1 outbound flights with connecting passengers
2026-01-25 07:34:56 | INFO     | [lf.flight.extracted] SM432 on 19MAR: BKG=142, LF=78.9%
[LF] SM432 19MAR: BKG=142, GRP=90, CAP=180, LF%=78.9%, Brd-Off=JED-CAI, Classes: P:90, K:8, Q:7, H:12, M:15, B:9, Y:1
[LF] Getting WEEKLY/LASTSOLD data for 7 flights
[LF] SM424 19MAR: LASTSOLD=2026-01-24 00:00:00, WEEKLY=7, TODAY=0, YDAY=5
[LF] SM472 19MAR: LASTSOLD=2026-01-20 00:00:00, WEEKLY=4, TODAY=0, YDAY=0
[LF] SM450 19MAR: LASTSOLD=2026-01-22 00:00:00, WEEKLY=18, TODAY=0, YDAY=0
[LF] SM476 19MAR: LASTSOLD=2026-01-22 00:00:00, WEEKLY=10, TODAY=0, YDAY=0
[LF] SM478 19MAR: LASTSOLD=2026-01-22 00:00:00, WEEKLY=7, TODAY=0, YDAY=0
[LF] SM480 19MAR: LASTSOLD=2026-01-24 00:00:00, WEEKLY=9, TODAY=0, YDAY=1
[LF] SM432 19MAR: LASTSOLD=2026-01-19 00:00:00, WEEKLY=53, TODAY=0, YDAY=0
2026-01-25 07:35:21 | INFO     | [SUCCESS] Day 19MAR
2026-01-25 07:35:21 | INFO     | [DAY_START] Processing 18MAR
[LF] Processing JED-CAI for 18MAR
2026-01-25 07:35:21 | INFO     | [lf.day.start] Processing JED-CAI for 18MAR
[LF] JED↔Cairo route detected - querying both CAI and CCE airports
[LF] Sending SN command: SN18MARJEDCAI/ASM
[LF] Sending SN command: SN18MARJEDCCE/ASM
[LF] 18MAR: found 5 direct flights
2026-01-25 07:35:24 | INFO     | [lf.day.flights_found] Found 5 flights on 18MAR
2026-01-25 07:35:26 | INFO     | [lf.flight.extracted] SM954 on 18MAR: BKG=81, LF=46.3%
[LF] SM954 18MAR: BKG=81, GRP=70, CAP=175, LF%=46.3%, Brd-Off=JED-CAI, Classes: P:70, H:1, Y:10
2026-01-25 07:35:29 | INFO     | [lf.flight.extracted] SM476 on 18MAR: BKG=161, LF=96.4%
[LF] SM476 18MAR: BKG=161, GRP=90, CAP=167, LF%=96.4%, Brd-Off=JED-CAI, Classes: P:90, L:7, K:2, Q:7, H:6, M:32, B:11, Y:6
[LPC] SM476 18MAR: Found 1 outbound flights with connecting passengers
2026-01-25 07:35:33 | INFO     | [lf.flight.extracted] SM460 on 18MAR: BKG=52, LF=31.1%
[LF] SM460 18MAR: BKG=52, GRP=0, CAP=167, LF%=31.1%, Brd-Off=JED-CAI, Classes: T:1, L:8, V:6, K:8, H:7, M:10, B:2, Y:10
[LPC] SM460 18MAR: Found 1 outbound flights with connecting passengers
2026-01-25 07:35:38 | INFO     | [lf.flight.extracted] SM478 on 18MAR: BKG=52, LF=29.7%
[LF] SM478 18MAR: BKG=52, GRP=0, CAP=175, LF%=29.7%, Brd-Off=JED-CAI, Classes: L:13, K:5, H:10, M:13, B:3, Y:8
2026-01-25 07:35:41 | INFO     | [lf.flight.extracted] SM958 on 18MAR: BKG=140, LF=80.0%
[LF] SM958 18MAR: BKG=140, GRP=90, CAP=175, LF%=80.0%, Brd-Off=JED-CAI, Classes: N:2, P:90, L:3, K:1, Q:4, Y:40
[LF] Getting WEEKLY/LASTSOLD data for 5 flights
[LF] SM954 18MAR: LASTSOLD=2026-01-24 00:00:00, WEEKLY=5, TODAY=0, YDAY=2
[LF] SM476 18MAR: LASTSOLD=2026-01-18 00:00:00, WEEKLY=1, TODAY=0, YDAY=0
[LF] SM460 18MAR: LASTSOLD=2026-01-24 00:00:00, WEEKLY=10, TODAY=0, YDAY=2
[LF] SM478 18MAR: LASTSOLD=2026-01-22 00:00:00, WEEKLY=6, TODAY=0, YDAY=0
[LF] SM958 18MAR: LASTSOLD=2026-01-24 00:00:00, WEEKLY=6, TODAY=0, YDAY=1
2026-01-25 07:35:58 | INFO     | [SUCCESS] Day 18MAR
2026-01-25 07:35:58 | INFO     | [DAY_START] Processing 17MAR
[LF] Processing JED-CAI for 17MAR
2026-01-25 07:35:58 | INFO     | [lf.day.start] Processing JED-CAI for 17MAR
[LF] JED↔Cairo route detected - querying both CAI and CCE airports
[LF] Sending SN command: SN17MARJEDCAI/ASM
[LF] Sending SN command: SN17MARJEDCCE/ASM
[LF] 17MAR: found 6 direct flights
2026-01-25 07:36:00 | INFO     | [lf.day.flights_found] Found 6 flights on 17MAR
2026-01-25 07:36:02 | INFO     | [lf.flight.extracted] SM472 on 17MAR: BKG=22, LF=12.6%
[LF] SM472 17MAR: BKG=22, GRP=0, CAP=175, LF%=12.6%, Brd-Off=JED-CAI, Classes: K:9, Q:8, H:4, M:1
[LPC] SM472 17MAR: Found 2 outbound flights with connecting passengers
2026-01-25 07:36:06 | INFO     | [lf.flight.extracted] SM480 on 17MAR: BKG=27, LF=16.2%
[LF] SM480 17MAR: BKG=27, GRP=0, CAP=167, LF%=16.2%, Brd-Off=JED-CAI, Classes: K:10, Q:8, H:4, M:5
2026-01-25 07:36:10 | INFO     | [lf.flight.extracted] SM460 on 17MAR: BKG=32, LF=19.2%
[LF] SM460 17MAR: BKG=32, GRP=0, CAP=167, LF%=19.2%, Brd-Off=JED-CAI, Classes: K:9, Q:8, H:15
2026-01-25 07:36:13 | INFO     | [lf.flight.extracted] SM424 on 17MAR: BKG=33, LF=19.8%
[LF] SM424 17MAR: BKG=33, GRP=0, CAP=167, LF%=19.8%, Brd-Off=JED-CAI, Classes: L:1, K:8, Q:8, H:15, M:1
2026-01-25 07:36:16 | INFO     | [lf.flight.extracted] SM476 on 17MAR: BKG=34, LF=19.4%
[LF] SM476 17MAR: BKG=34, GRP=0, CAP=175, LF%=19.4%, Brd-Off=JED-CAI, Classes: K:9, Q:8, H:7, M:10
[LPC] SM476 17MAR: Found 0 outbound flights with connecting passengers
2026-01-25 07:36:21 | INFO     | [lf.flight.extracted] SM478 on 17MAR: BKG=30, LF=17.1%
[LF] SM478 17MAR: BKG=30, GRP=0, CAP=175, LF%=17.1%, Brd-Off=JED-CAI, Classes: K:12, Q:9, H:9
[LF] Getting WEEKLY/LASTSOLD data for 6 flights
[LF] SM472 17MAR: LASTSOLD=2026-01-20 00:00:00, WEEKLY=1, TODAY=0, YDAY=0
[LF] SM480 17MAR: LASTSOLD=2026-01-20 00:00:00, WEEKLY=2, TODAY=0, YDAY=0
[LF] SM460 17MAR: LASTSOLD=2026-01-18 00:00:00, WEEKLY=1, TODAY=0, YDAY=0
[LF] SM424 17MAR: LASTSOLD=2026-01-15 00:00:00, WEEKLY=0, TODAY=0, YDAY=0
[LF] SM476 17MAR: LASTSOLD=2026-01-24 00:00:00, WEEKLY=11, TODAY=0, YDAY=1
[LF] SM478 17MAR: LASTSOLD=2026-01-20 00:00:00, WEEKLY=33, TODAY=0, YDAY=0
2026-01-25 07:36:39 | INFO     | [SUCCESS] Day 17MAR
2026-01-25 07:36:39 | INFO     | [DAY_START] Processing 16MAR
[LF] Processing JED-CAI for 16MAR
2026-01-25 07:36:39 | INFO     | [lf.day.start] Processing JED-CAI for 16MAR
[LF] JED↔Cairo route detected - querying both CAI and CCE airports
[LF] Sending SN command: SN16MARJEDCAI/ASM
[LF] Sending SN command: SN16MARJEDCCE/ASM
[LF] 16MAR: found 4 direct flights
2026-01-25 07:36:41 | INFO     | [lf.day.flights_found] Found 4 flights on 16MAR
2026-01-25 07:36:42 | INFO     | [lf.flight.extracted] SM480 on 16MAR: BKG=16, LF=9.1%
[LF] SM480 16MAR: BKG=16, GRP=0, CAP=175, LF%=9.1%, Brd-Off=JED-CAI, Classes: K:9, Q:7
2026-01-25 07:36:46 | INFO     | [lf.flight.extracted] SM476 on 16MAR: BKG=23, LF=13.1%
[LF] SM476 16MAR: BKG=23, GRP=0, CAP=175, LF%=13.1%, Brd-Off=JED-CAI, Classes: L:1, K:10, Q:7, H:5
[LPC] SM476 16MAR: Found 1 outbound flights with connecting passengers
2026-01-25 07:36:50 | INFO     | [lf.flight.extracted] SM460 on 16MAR: BKG=31, LF=17.7%
[LF] SM460 16MAR: BKG=31, GRP=0, CAP=175, LF%=17.7%, Brd-Off=JED-CAI, Classes: N:3, K:10, Q:7, H:11
[LPC] SM460 16MAR: Found 0 outbound flights with connecting passengers
2026-01-25 07:36:55 | INFO     | [lf.flight.extracted] SM478 on 16MAR: BKG=36, LF=20.6%
[LF] SM478 16MAR: BKG=36, GRP=0, CAP=175, LF%=20.6%, Brd-Off=JED-CAI, Classes: L:9, V:10, K:9, Q:6, H:1, Y:1
[LF] Getting WEEKLY/LASTSOLD data for 4 flights
[LF] SM480 16MAR: LASTSOLD=2026-01-23 00:00:00, WEEKLY=1, TODAY=0, YDAY=0
[LF] SM476 16MAR: LASTSOLD=2026-01-22 00:00:00, WEEKLY=6, TODAY=0, YDAY=0
[LF] SM460 16MAR: LASTSOLD=2026-01-22 00:00:00, WEEKLY=11, TODAY=0, YDAY=0
[LF] SM478 16MAR: LASTSOLD=2026-01-24 00:00:00, WEEKLY=36, TODAY=0, YDAY=1
2026-01-25 07:37:05 | INFO     | [SUCCESS] Day 16MAR
2026-01-25 07:37:05 | INFO     | [DAY_START] Processing 15MAR
[LF] Processing JED-CAI for 15MAR
2026-01-25 07:37:05 | INFO     | [lf.day.start] Processing JED-CAI for 15MAR
[LF] JED↔Cairo route detected - querying both CAI and CCE airports
[LF] Sending SN command: SN15MARJEDCAI/ASM
[LF] Sending SN command: SN15MARJEDCCE/ASM
[LF] 15MAR: found 5 direct flights
2026-01-25 07:37:08 | INFO     | [lf.day.flights_found] Found 5 flights on 15MAR
2026-01-25 07:37:10 | INFO     | [lf.flight.extracted] SM424 on 15MAR: BKG=2, LF=1.1%
[LF] SM424 15MAR: BKG=2, GRP=0, CAP=175, LF%=1.1%, Brd-Off=JED-CAI, Classes: K:2
2026-01-25 07:37:13 | INFO     | [lf.flight.extracted] SM476 on 15MAR: BKG=1, LF=0.6%
[LF] SM476 15MAR: BKG=1, GRP=0, CAP=175, LF%=0.6%, Brd-Off=JED-CAI, Classes: K:1
[LPC] SM476 15MAR: Found 1 outbound flights with connecting passengers
2026-01-25 07:37:18 | INFO     | [lf.flight.extracted] SM460 on 15MAR: BKG=9, LF=5.1%
[LF] SM460 15MAR: BKG=9, GRP=0, CAP=175, LF%=5.1%, Brd-Off=JED-CAI, Classes: K:9
[LPC] SM460 15MAR: Found 1 outbound flights with connecting passengers
2026-01-25 07:37:23 | INFO     | [lf.flight.extracted] SM478 on 15MAR: BKG=6, LF=3.4%
[LF] SM478 15MAR: BKG=6, GRP=0, CAP=175, LF%=3.4%, Brd-Off=JED-CAI, Classes: K:6
2026-01-25 07:37:26 | INFO     | [lf.flight.extracted] SM432 on 15MAR: BKG=17, LF=9.7%
[LF] SM432 15MAR: BKG=17, GRP=0, CAP=175, LF%=9.7%, Brd-Off=JED-CAI, Classes: G:15, L:2
[LF] Getting WEEKLY/LASTSOLD data for 5 flights
[LF] SM424 15MAR: LASTSOLD=2026-01-21 00:00:00, WEEKLY=1, TODAY=0, YDAY=0
[LF] SM476 15MAR: LASTSOLD=2026-01-22 00:00:00, WEEKLY=1, TODAY=0, YDAY=0
[LF] SM460 15MAR: LASTSOLD=2026-01-21 00:00:00, WEEKLY=7, TODAY=0, YDAY=0
[LF] SM478 15MAR: LASTSOLD=2026-01-21 00:00:00, WEEKLY=3, TODAY=0, YDAY=0
[LF] SM432 15MAR: LASTSOLD=2026-01-24 00:00:00, WEEKLY=17, TODAY=0, YDAY=2
2026-01-25 07:37:34 | INFO     | [SUCCESS] Day 15MAR
2026-01-25 07:37:34 | INFO     | [DAY_START] Processing 14MAR
[LF] Processing JED-CAI for 14MAR
2026-01-25 07:37:34 | INFO     | [lf.day.start] Processing JED-CAI for 14MAR
[LF] JED↔Cairo route detected - querying both CAI and CCE airports
[LF] Sending SN command: SN14MARJEDCAI/ASM
[LF] Sending SN command: SN14MARJEDCCE/ASM
[LF] 14MAR: found 3 direct flights
2026-01-25 07:37:36 | INFO     | [lf.day.flights_found] Found 3 flights on 14MAR
2026-01-25 07:37:38 | INFO     | [lf.flight.extracted] SM450 on 14MAR: BKG=5, LF=2.8%
[LF] SM450 14MAR: BKG=5, GRP=0, CAP=176, LF%=2.8%, Brd-Off=JED-CAI, Classes: G:3, K:2
[LPC] SM450 14MAR: Found 1 outbound flights with connecting passengers
2026-01-25 07:37:42 | INFO     | [lf.flight.extracted] SM478 on 14MAR: BKG=3, LF=1.7%
[LF] SM478 14MAR: BKG=3, GRP=0, CAP=175, LF%=1.7%, Brd-Off=JED-CAI, Classes: G:3
2026-01-25 07:37:46 | INFO     | [lf.flight.extracted] SM476 on 14MAR: BKG=3, LF=1.7%
[LF] SM476 14MAR: BKG=3, GRP=0, CAP=175, LF%=1.7%, Brd-Off=JED-CAI, Classes: G:2, K:1
[LPC] SM476 14MAR: Found 0 outbound flights with connecting passengers
[LF] Getting WEEKLY/LASTSOLD data for 3 flights
[LF] SM450 14MAR: LASTSOLD=2026-01-22 00:00:00, WEEKLY=1, TODAY=0, YDAY=0
[LF] SM478 14MAR: LASTSOLD=2025-11-23 00:00:00, WEEKLY=0, TODAY=0, YDAY=0
[LF] SM476 14MAR: LASTSOLD=2026-01-22 00:00:00, WEEKLY=3, TODAY=0, YDAY=0
2026-01-25 07:37:58 | INFO     | [SUCCESS] Day 14MAR
2026-01-25 07:37:58 | INFO     | [DAY_START] Processing 13MAR
[LF] Processing JED-CAI for 13MAR
2026-01-25 07:37:58 | INFO     | [lf.day.start] Processing JED-CAI for 13MAR
[LF] JED↔Cairo route detected - querying both CAI and CCE airports
[LF] Sending SN command: SN13MARJEDCAI/ASM
[LF] Sending SN command: SN13MARJEDCCE/ASM
[LF] 13MAR: found 6 direct flights
2026-01-25 07:38:00 | INFO     | [lf.day.flights_found] Found 6 flights on 13MAR
2026-01-25 07:38:02 | INFO     | [lf.flight.extracted] SM424 on 13MAR: BKG=51, LF=29.1%
[LF] SM424 13MAR: BKG=51, GRP=0, CAP=175, LF%=29.1%, Brd-Off=JED-CAI, Classes: T:9, W:8, S:17, G:17
[LPC] SM424 13MAR: Found 1 outbound flights with connecting passengers
2026-01-25 07:38:06 | INFO     | [lf.flight.extracted] SM476 on 13MAR: BKG=44, LF=25.1%
[LF] SM476 13MAR: BKG=44, GRP=0, CAP=175, LF%=25.1%, Brd-Off=JED-CAI, Classes: T:9, W:8, S:17, G:9, M:1
2026-01-25 07:38:10 | INFO     | [lf.flight.extracted] SM480 on 13MAR: BKG=47, LF=28.1%
[LF] SM480 13MAR: BKG=47, GRP=0, CAP=167, LF%=28.1%, Brd-Off=JED-CAI, Classes: T:9, W:8, S:17, G:11, K:1, Q:1
[LPC] SM480 13MAR: Found 1 outbound flights with connecting passengers
2026-01-25 07:38:14 | INFO     | [lf.flight.extracted] SM472 on 13MAR: BKG=39, LF=22.3%
[LF] SM472 13MAR: BKG=39, GRP=0, CAP=175, LF%=22.3%, Brd-Off=JED-CAI, Classes: T:9, W:8, S:17, G:4, Q:1
[LPC] SM472 13MAR: Found 1 outbound flights with connecting passengers
2026-01-25 07:38:18 | INFO     | [lf.flight.extracted] SM460 on 13MAR: BKG=34, LF=20.4%
[LF] SM460 13MAR: BKG=34, GRP=0, CAP=167, LF%=20.4%, Brd-Off=JED-CAI, Classes: T:7, W:8, S:17, G:2
2026-01-25 07:38:22 | INFO     | [lf.flight.extracted] SM478 on 13MAR: BKG=57, LF=32.6%
[LF] SM478 13MAR: BKG=57, GRP=0, CAP=175, LF%=32.6%, Brd-Off=JED-CAI, Classes: X:10, T:15, W:15, S:15, G:2
[LF] Getting WEEKLY/LASTSOLD data for 6 flights
[LF] SM424 13MAR: LASTSOLD=2026-01-25 00:00:00, WEEKLY=9, TODAY=1, YDAY=0
[LF] SM476 13MAR: LASTSOLD=2026-01-24 00:00:00, WEEKLY=7, TODAY=0, YDAY=2
[LF] SM480 13MAR: LASTSOLD=2026-01-21 00:00:00, WEEKLY=1, TODAY=0, YDAY=0
[LF] SM472 13MAR: LASTSOLD=2026-01-22 00:00:00, WEEKLY=1, TODAY=0, YDAY=0
[LF] SM460 13MAR: LASTSOLD=2026-01-13 00:00:00, WEEKLY=0, TODAY=0, YDAY=0
[LF] SM478 13MAR: LASTSOLD=2026-01-24 00:00:00, WEEKLY=57, TODAY=0, YDAY=2
2026-01-25 07:38:41 | INFO     | [SUCCESS] Day 13MAR
2026-01-25 07:38:41 | INFO     | [DAY_START] Processing 12MAR
[LF] Processing JED-CAI for 12MAR
2026-01-25 07:38:41 | INFO     | [lf.day.start] Processing JED-CAI for 12MAR
[LF] JED↔Cairo route detected - querying both CAI and CCE airports
[LF] Sending SN command: SN12MARJEDCAI/ASM
[LF] Sending SN command: SN12MARJEDCCE/ASM
[LF] 12MAR: found 7 direct flights
2026-01-25 07:38:43 | INFO     | [lf.day.flights_found] Found 7 flights on 12MAR
2026-01-25 07:38:45 | INFO     | [lf.flight.extracted] SM424 on 12MAR: BKG=26, LF=14.9%
[LF] SM424 12MAR: BKG=26, GRP=0, CAP=175, LF%=14.9%, Brd-Off=JED-CAI, Classes: T:9, W:8, S:8, G:1
[LPC] SM424 12MAR: Found 1 outbound flights with connecting passengers
2026-01-25 07:38:49 | INFO     | [lf.flight.extracted] SM472 on 12MAR: BKG=28, LF=16.0%
[LF] SM472 12MAR: BKG=28, GRP=0, CAP=175, LF%=16.0%, Brd-Off=JED-CAI, Classes: T:9, W:8, S:11
[LPC] SM472 12MAR: Found 2 outbound flights with connecting passengers
2026-01-25 07:38:54 | INFO     | [lf.flight.extracted] SM450 on 12MAR: BKG=75, LF=42.9%
[LF] SM450 12MAR: BKG=75, GRP=50, CAP=175, LF%=42.9%, Brd-Off=JED-CAI, Classes: E:50, T:9, W:10, S:5, G:1
[LPC] SM450 12MAR: Found 2 outbound flights with connecting passengers
2026-01-25 07:38:58 | INFO     | [lf.flight.extracted] SM476 on 12MAR: BKG=41, LF=23.4%
[LF] SM476 12MAR: BKG=41, GRP=0, CAP=175, LF%=23.4%, Brd-Off=JED-CAI, Classes: T:11, W:8, S:15, G:7
[LPC] SM476 12MAR: Found 2 outbound flights with connecting passengers
2026-01-25 07:39:03 | INFO     | [lf.flight.extracted] SM478 on 12MAR: BKG=61, LF=34.9%
[LF] SM478 12MAR: BKG=61, GRP=0, CAP=175, LF%=34.9%, Brd-Off=JED-CAI, Classes: T:9, W:8, S:17, G:17, L:10
[LPC] SM478 12MAR: Found 1 outbound flights with connecting passengers
2026-01-25 07:39:08 | INFO     | [lf.flight.extracted] SM480 on 12MAR: BKG=63, LF=36.0%
[LF] SM480 12MAR: BKG=63, GRP=0, CAP=175, LF%=36.0%, Brd-Off=JED-CAI, Classes: T:9, W:8, S:16, G:17, L:13
2026-01-25 07:39:12 | INFO     | [lf.flight.extracted] SM432 on 12MAR: BKG=36, LF=20.0%
[LF] SM432 12MAR: BKG=36, GRP=0, CAP=180, LF%=20.0%, Brd-Off=JED-CAI, Classes: T:15, W:11, S:10
[LF] Getting WEEKLY/LASTSOLD data for 7 flights
[LF] SM424 12MAR: LASTSOLD=2026-01-23 00:00:00, WEEKLY=4, TODAY=0, YDAY=0
[LF] SM472 12MAR: LASTSOLD=2026-01-23 00:00:00, WEEKLY=5, TODAY=0, YDAY=0
[LF] SM450 12MAR: LASTSOLD=2026-01-21 00:00:00, WEEKLY=5, TODAY=0, YDAY=0
[LF] SM476 12MAR: LASTSOLD=2026-01-24 00:00:00, WEEKLY=12, TODAY=0, YDAY=2
[LF] SM478 12MAR: LASTSOLD=2026-01-14 00:00:00, WEEKLY=0, TODAY=0, YDAY=0
[LF] SM480 12MAR: LASTSOLD=2026-01-15 00:00:00, WEEKLY=0, TODAY=0, YDAY=0
[LF] SM432 12MAR: LASTSOLD=2026-01-24 00:00:00, WEEKLY=36, TODAY=0, YDAY=7
2026-01-25 07:39:36 | INFO     | [SUCCESS] Day 12MAR
[LF] Results summary:
  2026-03-19: 7 flights
  2026-03-18: 5 flights
  2026-03-17: 6 flights
  2026-03-16: 4 flights
  2026-03-15: 5 flights
  2026-03-14: 3 flights
  2026-03-13: 6 flights
  2026-03-12: 7 flights
[LF] Cancelled flights found: 2
  - SM2446 19MAR (SN)
  - SM2446 19MAR (SN)
2026-01-25 07:39:36 | INFO     | [SUCCESS] LF Search Complete
[Worker_9227] Cancelled flights collected: 2

============================================================
[Worker_9227] ✓ COMPLETED: JED-CAI
  Results: 8 dates
  Errors: 0 dates
  Total Processed: 47 groups
============================================================

2026-01-25 07:39:36 | INFO     | [Worker_9227] Completed: JED-CAI - 8 results, 0 errors

============================================================
[Worker_9227] Processing: AHB-CAI
  Tier 0: Range 2, Chunk 3/4
  Dates: 8 days
  Date Range: 2026-03-11 to 2026-03-04
============================================================

2026-01-25 07:39:36 | INFO     | [Worker_9227] Processing: AHB-CAI
2026-01-25 07:39:36 | INFO     |   Tier 0: Range 2, Chunk 3/4 (8 days)
2026-01-25 07:39:36 | INFO     | ======================================================================
2026-01-25 07:39:36 | INFO     | Load Factor Scraper Started - Route: AHB-CAI
2026-01-25 07:39:36 | INFO     | Log file: D:\CODERED\LAB\Artifacts\outputs\run_generated_250126_at_07.06\logs\LF_AHB-CAI_20260125_073936.log
2026-01-25 07:39:36 | INFO     | Enhanced logging: Capturing both logging.info() and print()
2026-01-25 07:39:36 | INFO     | ======================================================================
[LF] Processing dates (override): ['11MAR', '10MAR', '09MAR', '08MAR', '07MAR', '06MAR', '05MAR', '04MAR']
[LF] Attaching to Chrome for Altea access
2026-01-25 07:39:36 | INFO     | Starting LF search for route: AHB-CAI
2026-01-25 07:39:36 | INFO     | [START] LF Search
[LF][[OK] SUCCESS] Connected to Chrome on 127.0.0.1:9227 (after 1 attempts)
2026-01-25 07:39:37 | INFO     | [HEALTH CHECK] [OK] Chrome connection is healthy
[LF][[OK] SUCCESS] Found Amadeus Altea window: Altéa Reservation Desktop
[LF][[INFO] INFO] URL: https://tc212.resdesktop.altea.amadeus.com/app_ard/apf/init/login?SITE=ESMPESMP&LANGUAGE=GB&MARKETS=ARDW_PROD_WBP&ACTION=clpLogin
2026-01-25 07:39:37 | INFO     | [DAY_START] Processing 11MAR
[LF] Processing AHB-CAI for 11MAR
2026-01-25 07:39:37 | INFO     | [lf.day.start] Processing AHB-CAI for 11MAR
[LF] Sending SN command: SN11MARAHBCAI/ASM
[LF] No direct flights on 11MAR for AHB-CAI
2026-01-25 07:39:38 | WARNING  | [lf.day.no_flights] No direct flights on 11MAR
2026-01-25 07:39:38 | INFO     | [SUCCESS] Day 11MAR
2026-01-25 07:39:38 | INFO     | [DAY_START] Processing 10MAR
[LF] Processing AHB-CAI for 10MAR
2026-01-25 07:39:38 | INFO     | [lf.day.start] Processing AHB-CAI for 10MAR
[LF] Sending SN command: SN10MARAHBCAI/ASM
[LF] No direct flights on 10MAR for AHB-CAI
2026-01-25 07:39:40 | WARNING  | [lf.day.no_flights] No direct flights on 10MAR
2026-01-25 07:39:40 | INFO     | [SUCCESS] Day 10MAR
2026-01-25 07:39:40 | INFO     | [DAY_START] Processing 09MAR
[LF] Processing AHB-CAI for 09MAR
2026-01-25 07:39:40 | INFO     | [lf.day.start] Processing AHB-CAI for 09MAR
[LF] Sending SN command: SN09MARAHBCAI/ASM
[LF] No direct flights on 09MAR for AHB-CAI
2026-01-25 07:39:41 | WARNING  | [lf.day.no_flights] No direct flights on 09MAR
2026-01-25 07:39:41 | INFO     | [SUCCESS] Day 09MAR
2026-01-25 07:39:41 | INFO     | [DAY_START] Processing 08MAR
[LF] Processing AHB-CAI for 08MAR
2026-01-25 07:39:41 | INFO     | [lf.day.start] Processing AHB-CAI for 08MAR
[LF] Sending SN command: SN08MARAHBCAI/ASM
[LF] 08MAR: found 1 direct flights
2026-01-25 07:39:42 | INFO     | [lf.day.flights_found] Found 1 flights on 08MAR
2026-01-25 07:39:44 | INFO     | [lf.flight.extracted] SM444 on 08MAR: BKG=42, LF=24.0%
[LF] SM444 08MAR: BKG=42, GRP=0, CAP=175, LF%=24.0%, Brd-Off=AHB-CAI, Classes: W:2, S:11, G:4, L:4, V:21
[LPC] SM444 08MAR: Found 1 outbound flights with connecting passengers
[LF] Getting WEEKLY/LASTSOLD data for 1 flights
[LF] SM444 08MAR: LASTSOLD=2026-01-10 00:00:00, WEEKLY=0, TODAY=0, YDAY=0
2026-01-25 07:39:47 | INFO     | [SUCCESS] Day 08MAR
2026-01-25 07:39:47 | INFO     | [DAY_START] Processing 07MAR
[LF] Processing AHB-CAI for 07MAR
2026-01-25 07:39:47 | INFO     | [lf.day.start] Processing AHB-CAI for 07MAR
[LF] Sending SN command: SN07MARAHBCAI/ASM
[LF] No direct flights on 07MAR for AHB-CAI
2026-01-25 07:39:49 | WARNING  | [lf.day.no_flights] No direct flights on 07MAR
2026-01-25 07:39:49 | INFO     | [SUCCESS] Day 07MAR
2026-01-25 07:39:49 | INFO     | [DAY_START] Processing 06MAR
[LF] Processing AHB-CAI for 06MAR
2026-01-25 07:39:49 | INFO     | [lf.day.start] Processing AHB-CAI for 06MAR
[LF] Sending SN command: SN06MARAHBCAI/ASM
[LF] 06MAR: found 1 direct flights
2026-01-25 07:39:50 | INFO     | [lf.day.flights_found] Found 1 flights on 06MAR
2026-01-25 07:39:52 | INFO     | [lf.flight.extracted] SM444 on 06MAR: BKG=52, LF=29.7%
[LF] SM444 06MAR: BKG=52, GRP=0, CAP=175, LF%=29.7%, Brd-Off=AHB-CAI, Classes: S:7, G:7, L:9, V:24, K:5
[LPC] SM444 06MAR: Found 1 outbound flights with connecting passengers
[LF] Getting WEEKLY/LASTSOLD data for 1 flights
[LF] SM444 06MAR: LASTSOLD=2026-01-20 00:00:00, WEEKLY=2, TODAY=0, YDAY=0
2026-01-25 07:39:58 | INFO     | [SUCCESS] Day 06MAR
2026-01-25 07:39:58 | INFO     | [DAY_START] Processing 05MAR
[LF] Processing AHB-CAI for 05MAR
2026-01-25 07:39:58 | INFO     | [lf.day.start] Processing AHB-CAI for 05MAR
[LF] Sending SN command: SN05MARAHBCAI/ASM
[LF] 05MAR: found 1 direct flights
2026-01-25 07:39:59 | INFO     | [lf.day.flights_found] Found 1 flights on 05MAR
2026-01-25 07:40:01 | INFO     | [lf.flight.extracted] SM448 on 05MAR: BKG=47, LF=26.9%
[LF] SM448 05MAR: BKG=47, GRP=0, CAP=175, LF%=26.9%, Brd-Off=AHB-CAI, Classes: W:1, S:3, G:6, L:17, V:17, K:3
[LF] Getting WEEKLY/LASTSOLD data for 1 flights
[LF] SM448 05MAR: LASTSOLD=2026-01-15 00:00:00, WEEKLY=0, TODAY=0, YDAY=0
2026-01-25 07:40:05 | INFO     | [SUCCESS] Day 05MAR
2026-01-25 07:40:05 | INFO     | [DAY_START] Processing 04MAR
[LF] Processing AHB-CAI for 04MAR
2026-01-25 07:40:05 | INFO     | [lf.day.start] Processing AHB-CAI for 04MAR
[LF] Sending SN command: SN04MARAHBCAI/ASM
[LF] No direct flights on 04MAR for AHB-CAI
2026-01-25 07:40:07 | WARNING  | [lf.day.no_flights] No direct flights on 04MAR
2026-01-25 07:40:07 | INFO     | [SUCCESS] Day 04MAR
[LF] Results summary:
  2026-03-11: 0 flights
  2026-03-10: 0 flights
  2026-03-09: 0 flights
  2026-03-08: 1 flights
  2026-03-07: 0 flights
  2026-03-06: 1 flights
  2026-03-05: 1 flights
  2026-03-04: 0 flights
2026-01-25 07:40:07 | INFO     | [SUCCESS] LF Search Complete

============================================================
[Worker_9227] ✓ COMPLETED: AHB-CAI
  Results: 8 dates
  Errors: 0 dates
  Total Processed: 48 groups
============================================================

2026-01-25 07:40:07 | INFO     | [Worker_9227] Completed: AHB-CAI - 8 results, 0 errors

============================================================
[Worker_9227] Processing: ATZ-MED
  Tier 0: Range 2, Chunk 3/4
  Dates: 8 days
  Date Range: 2026-03-11 to 2026-03-04
============================================================

2026-01-25 07:40:07 | INFO     | [Worker_9227] Processing: ATZ-MED
2026-01-25 07:40:07 | INFO     |   Tier 0: Range 2, Chunk 3/4 (8 days)
2026-01-25 07:40:07 | INFO     | ======================================================================
2026-01-25 07:40:07 | INFO     | Load Factor Scraper Started - Route: ATZ-MED
2026-01-25 07:40:07 | INFO     | Log file: D:\CODERED\LAB\Artifacts\outputs\run_generated_250126_at_07.06\logs\LF_ATZ-MED_20260125_074007.log
2026-01-25 07:40:07 | INFO     | Enhanced logging: Capturing both logging.info() and print()
2026-01-25 07:40:07 | INFO     | ======================================================================
[LF] Processing dates (override): ['11MAR', '10MAR', '09MAR', '08MAR', '07MAR', '06MAR', '05MAR', '04MAR']
[LF] Attaching to Chrome for Altea access
2026-01-25 07:40:07 | INFO     | Starting LF search for route: ATZ-MED
2026-01-25 07:40:07 | INFO     | [START] LF Search
[LF][[OK] SUCCESS] Connected to Chrome on 127.0.0.1:9227 (after 1 attempts)
2026-01-25 07:40:08 | INFO     | [HEALTH CHECK] [OK] Chrome connection is healthy
[LF][[OK] SUCCESS] Found Amadeus Altea window: Altéa Reservation Desktop
[LF][[INFO] INFO] URL: https://tc212.resdesktop.altea.amadeus.com/app_ard/apf/init/login?SITE=ESMPESMP&LANGUAGE=GB&MARKETS=ARDW_PROD_WBP&ACTION=clpLogin
2026-01-25 07:40:08 | INFO     | [DAY_START] Processing 11MAR
[LF] Processing ATZ-MED for 11MAR
2026-01-25 07:40:08 | INFO     | [lf.day.start] Processing ATZ-MED for 11MAR
[LF] Sending SN command: SN11MARATZMED/ASM
[LF] 11MAR: found 1 direct flights
2026-01-25 07:40:09 | INFO     | [lf.day.flights_found] Found 1 flights on 11MAR
2026-01-25 07:40:11 | INFO     | [lf.flight.extracted] SM489 on 11MAR: BKG=0, LF=0.0%
[LF] SM489 11MAR: BKG=0, GRP=0, CAP=179, LF%=0.0%, Brd-Off=ATZ-MED
2026-01-25 07:40:12 | INFO     | [SUCCESS] Day 11MAR
2026-01-25 07:40:12 | INFO     | [DAY_START] Processing 10MAR
[LF] Processing ATZ-MED for 10MAR
2026-01-25 07:40:12 | INFO     | [lf.day.start] Processing ATZ-MED for 10MAR
[LF] Sending SN command: SN10MARATZMED/ASM
[LF] 10MAR: found 1 direct flights
2026-01-25 07:40:14 | INFO     | [lf.day.flights_found] Found 1 flights on 10MAR
2026-01-25 07:40:16 | INFO     | [lf.flight.extracted] SM487 on 10MAR: BKG=0, LF=0.0%
[LF] SM487 10MAR: BKG=0, GRP=0, CAP=179, LF%=0.0%, Brd-Off=ATZ-MED
2026-01-25 07:40:18 | INFO     | [SUCCESS] Day 10MAR
2026-01-25 07:40:18 | INFO     | [DAY_START] Processing 09MAR
[LF] Processing ATZ-MED for 09MAR
2026-01-25 07:40:18 | INFO     | [lf.day.start] Processing ATZ-MED for 09MAR
[LF] Sending SN command: SN09MARATZMED/ASM
[LF] 09MAR: found 1 direct flights
2026-01-25 07:40:20 | INFO     | [lf.day.flights_found] Found 1 flights on 09MAR
2026-01-25 07:40:22 | INFO     | [lf.flight.extracted] SM487 on 09MAR: BKG=0, LF=0.0%
[LF] SM487 09MAR: BKG=0, GRP=0, CAP=179, LF%=0.0%, Brd-Off=ATZ-MED
2026-01-25 07:40:23 | INFO     | [SUCCESS] Day 09MAR
2026-01-25 07:40:23 | INFO     | [DAY_START] Processing 08MAR
[LF] Processing ATZ-MED for 08MAR
2026-01-25 07:40:23 | INFO     | [lf.day.start] Processing ATZ-MED for 08MAR
[LF] Sending SN command: SN08MARATZMED/ASM
[LF] No direct flights on 08MAR for ATZ-MED
2026-01-25 07:40:25 | WARNING  | [lf.day.no_flights] No direct flights on 08MAR
2026-01-25 07:40:25 | INFO     | [SUCCESS] Day 08MAR
2026-01-25 07:40:25 | INFO     | [DAY_START] Processing 07MAR
[LF] Processing ATZ-MED for 07MAR
2026-01-25 07:40:25 | INFO     | [lf.day.start] Processing ATZ-MED for 07MAR
[LF] Sending SN command: SN07MARATZMED/ASM
[LF] 07MAR: found 1 direct flights
2026-01-25 07:40:26 | INFO     | [lf.day.flights_found] Found 1 flights on 07MAR
2026-01-25 07:40:28 | INFO     | [lf.flight.extracted] SM487 on 07MAR: BKG=6, LF=3.4%
[LF] SM487 07MAR: BKG=6, GRP=0, CAP=179, LF%=3.4%, Brd-Off=ATZ-MED, Classes: V:6
[LF] Getting WEEKLY/LASTSOLD data for 1 flights
[LF] SM487 07MAR: LASTSOLD=2025-12-31 00:00:00, WEEKLY=0, TODAY=0, YDAY=0
2026-01-25 07:40:31 | INFO     | [SUCCESS] Day 07MAR
2026-01-25 07:40:31 | INFO     | [DAY_START] Processing 06MAR
[LF] Processing ATZ-MED for 06MAR
2026-01-25 07:40:31 | INFO     | [lf.day.start] Processing ATZ-MED for 06MAR
[LF] Sending SN command: SN06MARATZMED/ASM
[LF] No direct flights on 06MAR for ATZ-MED
2026-01-25 07:40:32 | WARNING  | [lf.day.no_flights] No direct flights on 06MAR
2026-01-25 07:40:32 | INFO     | [SUCCESS] Day 06MAR
2026-01-25 07:40:32 | INFO     | [DAY_START] Processing 05MAR
[LF] Processing ATZ-MED for 05MAR
2026-01-25 07:40:32 | INFO     | [lf.day.start] Processing ATZ-MED for 05MAR
[LF] Sending SN command: SN05MARATZMED/ASM
[LF] No direct flights on 05MAR for ATZ-MED
2026-01-25 07:40:33 | WARNING  | [lf.day.no_flights] No direct flights on 05MAR
2026-01-25 07:40:33 | INFO     | [SUCCESS] Day 05MAR
2026-01-25 07:40:33 | INFO     | [DAY_START] Processing 04MAR
[LF] Processing ATZ-MED for 04MAR
2026-01-25 07:40:33 | INFO     | [lf.day.start] Processing ATZ-MED for 04MAR
[LF] Sending SN command: SN04MARATZMED/ASM
[LF] 04MAR: found 1 direct flights
2026-01-25 07:40:34 | INFO     | [lf.day.flights_found] Found 1 flights on 04MAR
2026-01-25 07:40:36 | INFO     | [lf.flight.extracted] SM489 on 04MAR: BKG=49, LF=27.4%
[LF] SM489 04MAR: BKG=49, GRP=45, CAP=179, LF%=27.4%, Brd-Off=ATZ-MED, Classes: P:45, V:2, K:2
[LF] Getting WEEKLY/LASTSOLD data for 1 flights
[LF] SM489 04MAR: LASTSOLD=2026-01-18 00:00:00, WEEKLY=2, TODAY=0, YDAY=0
2026-01-25 07:40:39 | INFO     | [SUCCESS] Day 04MAR
[LF] Results summary:
  2026-03-11: 1 flights
  2026-03-10: 1 flights
  2026-03-09: 1 flights
  2026-03-08: 0 flights
  2026-03-07: 1 flights
  2026-03-06: 0 flights
  2026-03-05: 0 flights
  2026-03-04: 1 flights
2026-01-25 07:40:39 | INFO     | [SUCCESS] LF Search Complete

============================================================
[Worker_9227] ✓ COMPLETED: ATZ-MED
  Results: 8 dates
  Errors: 0 dates
  Total Processed: 49 groups
============================================================

2026-01-25 07:40:39 | INFO     | [Worker_9227] Completed: ATZ-MED - 8 results, 0 errors

============================================================
[Worker_9227] Processing: CAI-DMM
  Tier 0: Range 2, Chunk 3/4
  Dates: 8 days
  Date Range: 2026-03-11 to 2026-03-04
============================================================

2026-01-25 07:40:39 | INFO     | [Worker_9227] Processing: CAI-DMM
2026-01-25 07:40:39 | INFO     |   Tier 0: Range 2, Chunk 3/4 (8 days)
2026-01-25 07:40:39 | INFO     | ======================================================================
2026-01-25 07:40:39 | INFO     | Load Factor Scraper Started - Route: CAI-DMM
2026-01-25 07:40:39 | INFO     | Log file: D:\CODERED\LAB\Artifacts\outputs\run_generated_250126_at_07.06\logs\LF_CAI-DMM_20260125_074039.log
2026-01-25 07:40:39 | INFO     | Enhanced logging: Capturing both logging.info() and print()
2026-01-25 07:40:39 | INFO     | ======================================================================
[LF] Processing dates (override): ['11MAR', '10MAR', '09MAR', '08MAR', '07MAR', '06MAR', '05MAR', '04MAR']
[LF] Attaching to Chrome for Altea access
2026-01-25 07:40:39 | INFO     | Starting LF search for route: CAI-DMM
2026-01-25 07:40:39 | INFO     | [START] LF Search
[LF][[OK] SUCCESS] Connected to Chrome on 127.0.0.1:9227 (after 1 attempts)
2026-01-25 07:40:40 | INFO     | [HEALTH CHECK] [OK] Chrome connection is healthy
[LF][[OK] SUCCESS] Found Amadeus Altea window: Altéa Reservation Desktop
[LF][[INFO] INFO] URL: https://tc212.resdesktop.altea.amadeus.com/app_ard/apf/init/login?SITE=ESMPESMP&LANGUAGE=GB&MARKETS=ARDW_PROD_WBP&ACTION=clpLogin
2026-01-25 07:40:40 | INFO     | [DAY_START] Processing 11MAR
[LF] Processing CAI-DMM for 11MAR
2026-01-25 07:40:40 | INFO     | [lf.day.start] Processing CAI-DMM for 11MAR
[LF] Sending SN command: SN11MARCAIDMM/ASM
[LF] No direct flights on 11MAR for CAI-DMM
2026-01-25 07:40:41 | WARNING  | [lf.day.no_flights] No direct flights on 11MAR
2026-01-25 07:40:41 | INFO     | [SUCCESS] Day 11MAR
2026-01-25 07:40:41 | INFO     | [DAY_START] Processing 10MAR
[LF] Processing CAI-DMM for 10MAR
2026-01-25 07:40:41 | INFO     | [lf.day.start] Processing CAI-DMM for 10MAR
[LF] Sending SN command: SN10MARCAIDMM/ASM
[LF] 10MAR: found 1 direct flights
2026-01-25 07:40:43 | INFO     | [lf.day.flights_found] Found 1 flights on 10MAR
2026-01-25 07:40:45 | INFO     | [lf.flight.extracted] SM433 on 10MAR: BKG=4, LF=3.7%
[LF] SM433 10MAR: BKG=4, GRP=0, CAP=109, LF%=3.7%, Brd-Off=CAI-DMM, Classes: I:4
[LF] Getting WEEKLY/LASTSOLD data for 1 flights
[LF] SM433 10MAR: LASTSOLD=2026-01-19 00:00:00, WEEKLY=1, TODAY=0, YDAY=0
2026-01-25 07:40:48 | INFO     | [SUCCESS] Day 10MAR
2026-01-25 07:40:48 | INFO     | [DAY_START] Processing 09MAR
[LF] Processing CAI-DMM for 09MAR
2026-01-25 07:40:48 | INFO     | [lf.day.start] Processing CAI-DMM for 09MAR
[LF] Sending SN command: SN09MARCAIDMM/ASM
[LF] No direct flights on 09MAR for CAI-DMM
2026-01-25 07:40:49 | WARNING  | [lf.day.no_flights] No direct flights on 09MAR
2026-01-25 07:40:49 | INFO     | [SUCCESS] Day 09MAR
2026-01-25 07:40:49 | INFO     | [DAY_START] Processing 08MAR
[LF] Processing CAI-DMM for 08MAR
2026-01-25 07:40:49 | INFO     | [lf.day.start] Processing CAI-DMM for 08MAR
[LF] Sending SN command: SN08MARCAIDMM/ASM
[LF] No direct flights on 08MAR for CAI-DMM
2026-01-25 07:40:51 | WARNING  | [lf.day.no_flights] No direct flights on 08MAR
2026-01-25 07:40:51 | INFO     | [SUCCESS] Day 08MAR
2026-01-25 07:40:51 | INFO     | [DAY_START] Processing 07MAR
[LF] Processing CAI-DMM for 07MAR
2026-01-25 07:40:51 | INFO     | [lf.day.start] Processing CAI-DMM for 07MAR
[LF] Sending SN command: SN07MARCAIDMM/ASM
[LF] 07MAR: found 1 direct flights
2026-01-25 07:40:52 | INFO     | [lf.day.flights_found] Found 1 flights on 07MAR
2026-01-25 07:40:54 | INFO     | [lf.flight.extracted] SM433 on 07MAR: BKG=10, LF=5.6%
[LF] SM433 07MAR: BKG=10, GRP=0, CAP=179, LF%=5.6%, Brd-Off=CAI-DMM, Classes: I:10
[LF] Getting WEEKLY/LASTSOLD data for 1 flights
[LF] SM433 07MAR: LASTSOLD=2026-01-21 00:00:00, WEEKLY=3, TODAY=0, YDAY=0
2026-01-25 07:40:57 | INFO     | [SUCCESS] Day 07MAR
2026-01-25 07:40:57 | INFO     | [DAY_START] Processing 06MAR
[LF] Processing CAI-DMM for 06MAR
2026-01-25 07:40:57 | INFO     | [lf.day.start] Processing CAI-DMM for 06MAR
[LF] Sending SN command: SN06MARCAIDMM/ASM
[LF] 06MAR: found 1 direct flights
2026-01-25 07:40:58 | INFO     | [lf.day.flights_found] Found 1 flights on 06MAR
2026-01-25 07:41:01 | INFO     | [lf.flight.extracted] SM433 on 06MAR: BKG=4, LF=2.2%
[LF] SM433 06MAR: BKG=4, GRP=0, CAP=179, LF%=2.2%, Brd-Off=CAI-DMM, Classes: I:4
[LF] Getting WEEKLY/LASTSOLD data for 1 flights
[LF] SM433 06MAR: LASTSOLD=2026-01-22 00:00:00, WEEKLY=3, TODAY=0, YDAY=0
2026-01-25 07:41:03 | INFO     | [SUCCESS] Day 06MAR
2026-01-25 07:41:03 | INFO     | [DAY_START] Processing 05MAR
[LF] Processing CAI-DMM for 05MAR
2026-01-25 07:41:03 | INFO     | [lf.day.start] Processing CAI-DMM for 05MAR
[LF] Sending SN command: SN05MARCAIDMM/ASM
[LF] 05MAR: found 1 direct flights
2026-01-25 07:41:04 | INFO     | [lf.day.flights_found] Found 1 flights on 05MAR
2026-01-25 07:41:06 | INFO     | [lf.flight.extracted] SM433 on 05MAR: BKG=11, LF=6.2%
[LF] SM433 05MAR: BKG=11, GRP=0, CAP=179, LF%=6.2%, Brd-Off=CAI-DMM, Classes: I:11
[LF] Getting WEEKLY/LASTSOLD data for 1 flights
[LF] SM433 05MAR: LASTSOLD=2026-01-17 00:00:00, WEEKLY=0, TODAY=0, YDAY=0
2026-01-25 07:41:09 | INFO     | [SUCCESS] Day 05MAR
2026-01-25 07:41:09 | INFO     | [DAY_START] Processing 04MAR
[LF] Processing CAI-DMM for 04MAR
2026-01-25 07:41:09 | INFO     | [lf.day.start] Processing CAI-DMM for 04MAR
[LF] Sending SN command: SN04MARCAIDMM/ASM
[LF] No direct flights on 04MAR for CAI-DMM
2026-01-25 07:41:11 | WARNING  | [lf.day.no_flights] No direct flights on 04MAR
2026-01-25 07:41:11 | INFO     | [SUCCESS] Day 04MAR
[LF] Results summary:
  2026-03-11: 0 flights
  2026-03-10: 1 flights
  2026-03-09: 0 flights
  2026-03-08: 0 flights
  2026-03-07: 1 flights
  2026-03-06: 1 flights
  2026-03-05: 1 flights
  2026-03-04: 0 flights
2026-01-25 07:41:11 | INFO     | [SUCCESS] LF Search Complete

============================================================
[Worker_9227] ✓ COMPLETED: CAI-DMM
  Results: 8 dates
  Errors: 0 dates
  Total Processed: 50 groups
============================================================

2026-01-25 07:41:11 | INFO     | [Worker_9227] Completed: CAI-DMM - 8 results, 0 errors

============================================================
[Worker_9227] Processing: ATZ-AJF
  Tier 0: Range 2, Chunk 3/4
  Dates: 8 days
  Date Range: 2026-03-11 to 2026-03-04
============================================================

2026-01-25 07:41:11 | INFO     | [Worker_9227] Processing: ATZ-AJF
2026-01-25 07:41:11 | INFO     |   Tier 0: Range 2, Chunk 3/4 (8 days)
2026-01-25 07:41:11 | INFO     | ======================================================================
2026-01-25 07:41:11 | INFO     | Load Factor Scraper Started - Route: ATZ-AJF
2026-01-25 07:41:11 | INFO     | Log file: D:\CODERED\LAB\Artifacts\outputs\run_generated_250126_at_07.06\logs\LF_ATZ-AJF_20260125_074111.log
2026-01-25 07:41:11 | INFO     | Enhanced logging: Capturing both logging.info() and print()
2026-01-25 07:41:11 | INFO     | ======================================================================
[LF] Processing dates (override): ['11MAR', '10MAR', '09MAR', '08MAR', '07MAR', '06MAR', '05MAR', '04MAR']
[LF] Attaching to Chrome for Altea access
2026-01-25 07:41:11 | INFO     | Starting LF search for route: ATZ-AJF
2026-01-25 07:41:11 | INFO     | [START] LF Search
[LF][[OK] SUCCESS] Connected to Chrome on 127.0.0.1:9227 (after 1 attempts)
2026-01-25 07:41:12 | INFO     | [HEALTH CHECK] [OK] Chrome connection is healthy
[LF][[OK] SUCCESS] Found Amadeus Altea window: Altéa Reservation Desktop
[LF][[INFO] INFO] URL: https://tc212.resdesktop.altea.amadeus.com/app_ard/apf/init/login?SITE=ESMPESMP&LANGUAGE=GB&MARKETS=ARDW_PROD_WBP&ACTION=clpLogin
2026-01-25 07:41:12 | INFO     | [DAY_START] Processing 11MAR
[LF] Processing ATZ-AJF for 11MAR
2026-01-25 07:41:12 | INFO     | [lf.day.start] Processing ATZ-AJF for 11MAR
[LF] Sending SN command: SN11MARATZAJF/ASM
[LF] No direct flights on 11MAR for ATZ-AJF
2026-01-25 07:41:13 | WARNING  | [lf.day.no_flights] No direct flights on 11MAR
2026-01-25 07:41:13 | INFO     | [SUCCESS] Day 11MAR
2026-01-25 07:41:13 | INFO     | [DAY_START] Processing 10MAR
[LF] Processing ATZ-AJF for 10MAR
2026-01-25 07:41:13 | INFO     | [lf.day.start] Processing ATZ-AJF for 10MAR
[LF] Sending SN command: SN10MARATZAJF/ASM
[LF] No direct flights on 10MAR for ATZ-AJF
2026-01-25 07:41:14 | WARNING  | [lf.day.no_flights] No direct flights on 10MAR
2026-01-25 07:41:14 | INFO     | [SUCCESS] Day 10MAR
2026-01-25 07:41:14 | INFO     | [DAY_START] Processing 09MAR
[LF] Processing ATZ-AJF for 09MAR
2026-01-25 07:41:14 | INFO     | [lf.day.start] Processing ATZ-AJF for 09MAR
[LF] Sending SN command: SN09MARATZAJF/ASM
[LF] No direct flights on 09MAR for ATZ-AJF
2026-01-25 07:41:16 | WARNING  | [lf.day.no_flights] No direct flights on 09MAR
2026-01-25 07:41:16 | INFO     | [SUCCESS] Day 09MAR
2026-01-25 07:41:16 | INFO     | [DAY_START] Processing 08MAR
[LF] Processing ATZ-AJF for 08MAR
2026-01-25 07:41:16 | INFO     | [lf.day.start] Processing ATZ-AJF for 08MAR
[LF] Sending SN command: SN08MARATZAJF/ASM
[LF] No direct flights on 08MAR for ATZ-AJF
2026-01-25 07:41:17 | WARNING  | [lf.day.no_flights] No direct flights on 08MAR
2026-01-25 07:41:17 | INFO     | [SUCCESS] Day 08MAR
2026-01-25 07:41:17 | INFO     | [DAY_START] Processing 07MAR
[LF] Processing ATZ-AJF for 07MAR
2026-01-25 07:41:17 | INFO     | [lf.day.start] Processing ATZ-AJF for 07MAR
[LF] Sending SN command: SN07MARATZAJF/ASM
[LF] No direct flights on 07MAR for ATZ-AJF
2026-01-25 07:41:18 | WARNING  | [lf.day.no_flights] No direct flights on 07MAR
2026-01-25 07:41:18 | INFO     | [SUCCESS] Day 07MAR
2026-01-25 07:41:18 | INFO     | [DAY_START] Processing 06MAR
[LF] Processing ATZ-AJF for 06MAR
2026-01-25 07:41:18 | INFO     | [lf.day.start] Processing ATZ-AJF for 06MAR
[LF] Sending SN command: SN06MARATZAJF/ASM
[LF] 06MAR: found 1 direct flights
2026-01-25 07:41:20 | INFO     | [lf.day.flights_found] Found 1 flights on 06MAR
2026-01-25 07:41:22 | INFO     | [lf.flight.extracted] SM323 on 06MAR: BKG=1, LF=0.6%
[LF] SM323 06MAR: BKG=1, GRP=0, CAP=179, LF%=0.6%, Brd-Off=ATZ-AJF, Classes: I:1
[LF] Getting WEEKLY/LASTSOLD data for 1 flights
[LF] SM323 06MAR: LASTSOLD=2026-01-24 00:00:00, WEEKLY=1, TODAY=0, YDAY=1
2026-01-25 07:41:26 | INFO     | [SUCCESS] Day 06MAR
2026-01-25 07:41:26 | INFO     | [DAY_START] Processing 05MAR
[LF] Processing ATZ-AJF for 05MAR
2026-01-25 07:41:26 | INFO     | [lf.day.start] Processing ATZ-AJF for 05MAR
[LF] Sending SN command: SN05MARATZAJF/ASM
[LF] No direct flights on 05MAR for ATZ-AJF
2026-01-25 07:41:27 | WARNING  | [lf.day.no_flights] No direct flights on 05MAR
2026-01-25 07:41:27 | INFO     | [SUCCESS] Day 05MAR
2026-01-25 07:41:27 | INFO     | [DAY_START] Processing 04MAR
[LF] Processing ATZ-AJF for 04MAR
2026-01-25 07:41:27 | INFO     | [lf.day.start] Processing ATZ-AJF for 04MAR
[LF] Sending SN command: SN04MARATZAJF/ASM
[LF] No direct flights on 04MAR for ATZ-AJF
2026-01-25 07:41:28 | WARNING  | [lf.day.no_flights] No direct flights on 04MAR
2026-01-25 07:41:28 | INFO     | [SUCCESS] Day 04MAR
[LF] Results summary:
  2026-03-11: 0 flights
  2026-03-10: 0 flights
  2026-03-09: 0 flights
  2026-03-08: 0 flights
  2026-03-07: 0 flights
  2026-03-06: 1 flights
  2026-03-05: 0 flights
  2026-03-04: 0 flights
2026-01-25 07:41:28 | INFO     | [SUCCESS] LF Search Complete

============================================================
[Worker_9227] ✓ COMPLETED: ATZ-AJF
  Results: 8 dates
  Errors: 0 dates
  Total Processed: 51 groups
============================================================

2026-01-25 07:41:28 | INFO     | [Worker_9227] Completed: ATZ-AJF - 8 results, 0 errors

============================================================
[Worker_9227] Processing: ATZ-AHB
  Tier 0: Range 2, Chunk 3/4
  Dates: 8 days
  Date Range: 2026-03-11 to 2026-03-04
============================================================

2026-01-25 07:41:28 | INFO     | [Worker_9227] Processing: ATZ-AHB
2026-01-25 07:41:28 | INFO     |   Tier 0: Range 2, Chunk 3/4 (8 days)
2026-01-25 07:41:28 | INFO     | ======================================================================
2026-01-25 07:41:28 | INFO     | Load Factor Scraper Started - Route: ATZ-AHB
2026-01-25 07:41:28 | INFO     | Log file: D:\CODERED\LAB\Artifacts\outputs\run_generated_250126_at_07.06\logs\LF_ATZ-AHB_20260125_074128.log
2026-01-25 07:41:28 | INFO     | Enhanced logging: Capturing both logging.info() and print()
2026-01-25 07:41:28 | INFO     | ======================================================================
[LF] Processing dates (override): ['11MAR', '10MAR', '09MAR', '08MAR', '07MAR', '06MAR', '05MAR', '04MAR']
[LF] Attaching to Chrome for Altea access
2026-01-25 07:41:28 | INFO     | Starting LF search for route: ATZ-AHB
2026-01-25 07:41:28 | INFO     | [START] LF Search
[LF][[OK] SUCCESS] Connected to Chrome on 127.0.0.1:9227 (after 1 attempts)
2026-01-25 07:41:29 | INFO     | [HEALTH CHECK] [OK] Chrome connection is healthy
[LF][[OK] SUCCESS] Found Amadeus Altea window: Altéa Reservation Desktop
[LF][[INFO] INFO] URL: https://tc212.resdesktop.altea.amadeus.com/app_ard/apf/init/login?SITE=ESMPESMP&LANGUAGE=GB&MARKETS=ARDW_PROD_WBP&ACTION=clpLogin
2026-01-25 07:41:29 | INFO     | [DAY_START] Processing 11MAR
[LF] Processing ATZ-AHB for 11MAR
2026-01-25 07:41:29 | INFO     | [lf.day.start] Processing ATZ-AHB for 11MAR
[LF] Sending SN command: SN11MARATZAHB/ASM
[LF] No direct flights on 11MAR for ATZ-AHB
2026-01-25 07:41:30 | WARNING  | [lf.day.no_flights] No direct flights on 11MAR
2026-01-25 07:41:30 | INFO     | [SUCCESS] Day 11MAR
2026-01-25 07:41:30 | INFO     | [DAY_START] Processing 10MAR
[LF] Processing ATZ-AHB for 10MAR
2026-01-25 07:41:30 | INFO     | [lf.day.start] Processing ATZ-AHB for 10MAR
[LF] Sending SN command: SN10MARATZAHB/ASM
[LF] No direct flights on 10MAR for ATZ-AHB
2026-01-25 07:41:31 | WARNING  | [lf.day.no_flights] No direct flights on 10MAR
2026-01-25 07:41:31 | INFO     | [SUCCESS] Day 10MAR
2026-01-25 07:41:31 | INFO     | [DAY_START] Processing 09MAR
[LF] Processing ATZ-AHB for 09MAR
2026-01-25 07:41:31 | INFO     | [lf.day.start] Processing ATZ-AHB for 09MAR
[LF] Sending SN command: SN09MARATZAHB/ASM
[LF] No direct flights on 09MAR for ATZ-AHB
2026-01-25 07:41:33 | WARNING  | [lf.day.no_flights] No direct flights on 09MAR
2026-01-25 07:41:33 | INFO     | [SUCCESS] Day 09MAR
2026-01-25 07:41:33 | INFO     | [DAY_START] Processing 08MAR
[LF] Processing ATZ-AHB for 08MAR
2026-01-25 07:41:33 | INFO     | [lf.day.start] Processing ATZ-AHB for 08MAR
[LF] Sending SN command: SN08MARATZAHB/ASM
[LF] No direct flights on 08MAR for ATZ-AHB
2026-01-25 07:41:34 | WARNING  | [lf.day.no_flights] No direct flights on 08MAR
2026-01-25 07:41:34 | INFO     | [SUCCESS] Day 08MAR
2026-01-25 07:41:34 | INFO     | [DAY_START] Processing 07MAR
[LF] Processing ATZ-AHB for 07MAR
2026-01-25 07:41:34 | INFO     | [lf.day.start] Processing ATZ-AHB for 07MAR
[LF] Sending SN command: SN07MARATZAHB/ASM
[LF] No direct flights on 07MAR for ATZ-AHB
2026-01-25 07:41:35 | WARNING  | [lf.day.no_flights] No direct flights on 07MAR
2026-01-25 07:41:35 | INFO     | [SUCCESS] Day 07MAR
2026-01-25 07:41:35 | INFO     | [DAY_START] Processing 06MAR
[LF] Processing ATZ-AHB for 06MAR
2026-01-25 07:41:35 | INFO     | [lf.day.start] Processing ATZ-AHB for 06MAR
[LF] Sending SN command: SN06MARATZAHB/ASM
[LF] 06MAR: found 1 direct flights
2026-01-25 07:41:36 | INFO     | [lf.day.flights_found] Found 1 flights on 06MAR
2026-01-25 07:41:38 | INFO     | [lf.flight.extracted] SM445 on 06MAR: BKG=3, LF=1.7%
[LF] SM445 06MAR: BKG=3, GRP=0, CAP=179, LF%=1.7%, Brd-Off=ATZ-AHB, Classes: I:3
[LF] Getting WEEKLY/LASTSOLD data for 1 flights
[LF] SM445 06MAR: LASTSOLD=2026-01-20 00:00:00, WEEKLY=1, TODAY=0, YDAY=0
2026-01-25 07:41:41 | INFO     | [SUCCESS] Day 06MAR
2026-01-25 07:41:41 | INFO     | [DAY_START] Processing 05MAR
[LF] Processing ATZ-AHB for 05MAR
2026-01-25 07:41:41 | INFO     | [lf.day.start] Processing ATZ-AHB for 05MAR
[LF] Sending SN command: SN05MARATZAHB/ASM
[LF] No direct flights on 05MAR for ATZ-AHB
2026-01-25 07:41:42 | WARNING  | [lf.day.no_flights] No direct flights on 05MAR
2026-01-25 07:41:42 | INFO     | [SUCCESS] Day 05MAR
2026-01-25 07:41:42 | INFO     | [DAY_START] Processing 04MAR
[LF] Processing ATZ-AHB for 04MAR
2026-01-25 07:41:42 | INFO     | [lf.day.start] Processing ATZ-AHB for 04MAR
[LF] Sending SN command: SN04MARATZAHB/ASM
[LF] No direct flights on 04MAR for ATZ-AHB
2026-01-25 07:41:43 | WARNING  | [lf.day.no_flights] No direct flights on 04MAR
2026-01-25 07:41:43 | INFO     | [SUCCESS] Day 04MAR
[LF] Results summary:
  2026-03-11: 0 flights
  2026-03-10: 0 flights
  2026-03-09: 0 flights
  2026-03-08: 0 flights
  2026-03-07: 0 flights
  2026-03-06: 1 flights
  2026-03-05: 0 flights
  2026-03-04: 0 flights
2026-01-25 07:41:43 | INFO     | [SUCCESS] LF Search Complete

============================================================
[Worker_9227] ✓ COMPLETED: ATZ-AHB
  Results: 8 dates
  Errors: 0 dates
  Total Processed: 52 groups
============================================================

2026-01-25 07:41:43 | INFO     | [Worker_9227] Completed: ATZ-AHB - 8 results, 0 errors

============================================================
[Worker_9227] Processing: CAI-GIZ
  Tier 0: Range 2, Chunk 3/4
  Dates: 8 days
  Date Range: 2026-03-11 to 2026-03-04
============================================================

2026-01-25 07:41:43 | INFO     | [Worker_9227] Processing: CAI-GIZ
2026-01-25 07:41:43 | INFO     |   Tier 0: Range 2, Chunk 3/4 (8 days)
2026-01-25 07:41:43 | INFO     | ======================================================================
2026-01-25 07:41:43 | INFO     | Load Factor Scraper Started - Route: CAI-GIZ
2026-01-25 07:41:43 | INFO     | Log file: D:\CODERED\LAB\Artifacts\outputs\run_generated_250126_at_07.06\logs\LF_CAI-GIZ_20260125_074143.log
2026-01-25 07:41:43 | INFO     | Enhanced logging: Capturing both logging.info() and print()
2026-01-25 07:41:43 | INFO     | ======================================================================
[LF] Processing dates (override): ['11MAR', '10MAR', '09MAR', '08MAR', '07MAR', '06MAR', '05MAR', '04MAR']
[LF] Attaching to Chrome for Altea access
2026-01-25 07:41:43 | INFO     | Starting LF search for route: CAI-GIZ
2026-01-25 07:41:43 | INFO     | [START] LF Search
[LF][[OK] SUCCESS] Connected to Chrome on 127.0.0.1:9227 (after 1 attempts)
2026-01-25 07:41:44 | INFO     | [HEALTH CHECK] [OK] Chrome connection is healthy
[LF][[OK] SUCCESS] Found Amadeus Altea window: Altéa Reservation Desktop
[LF][[INFO] INFO] URL: https://tc212.resdesktop.altea.amadeus.com/app_ard/apf/init/login?SITE=ESMPESMP&LANGUAGE=GB&MARKETS=ARDW_PROD_WBP&ACTION=clpLogin
2026-01-25 07:41:44 | INFO     | [DAY_START] Processing 11MAR
[LF] Processing CAI-GIZ for 11MAR
2026-01-25 07:41:44 | INFO     | [lf.day.start] Processing CAI-GIZ for 11MAR
[LF] Sending SN command: SN11MARCAIGIZ/ASM
[LF] No direct flights on 11MAR for CAI-GIZ
2026-01-25 07:41:45 | WARNING  | [lf.day.no_flights] No direct flights on 11MAR
2026-01-25 07:41:45 | INFO     | [SUCCESS] Day 11MAR
2026-01-25 07:41:45 | INFO     | [DAY_START] Processing 10MAR
[LF] Processing CAI-GIZ for 10MAR
2026-01-25 07:41:45 | INFO     | [lf.day.start] Processing CAI-GIZ for 10MAR
[LF] Sending SN command: SN10MARCAIGIZ/ASM
[LF] No direct flights on 10MAR for CAI-GIZ
2026-01-25 07:41:46 | WARNING  | [lf.day.no_flights] No direct flights on 10MAR
2026-01-25 07:41:46 | INFO     | [SUCCESS] Day 10MAR
2026-01-25 07:41:46 | INFO     | [DAY_START] Processing 09MAR
[LF] Processing CAI-GIZ for 09MAR
2026-01-25 07:41:46 | INFO     | [lf.day.start] Processing CAI-GIZ for 09MAR
[LF] Sending SN command: SN09MARCAIGIZ/ASM
[LF] No direct flights on 09MAR for CAI-GIZ
2026-01-25 07:41:48 | WARNING  | [lf.day.no_flights] No direct flights on 09MAR
2026-01-25 07:41:48 | INFO     | [SUCCESS] Day 09MAR
2026-01-25 07:41:48 | INFO     | [DAY_START] Processing 08MAR
[LF] Processing CAI-GIZ for 08MAR
2026-01-25 07:41:48 | INFO     | [lf.day.start] Processing CAI-GIZ for 08MAR
[LF] Sending SN command: SN08MARCAIGIZ/ASM
[LF] No direct flights on 08MAR for CAI-GIZ
2026-01-25 07:41:49 | WARNING  | [lf.day.no_flights] No direct flights on 08MAR
2026-01-25 07:41:49 | INFO     | [SUCCESS] Day 08MAR
2026-01-25 07:41:49 | INFO     | [DAY_START] Processing 07MAR
[LF] Processing CAI-GIZ for 07MAR
2026-01-25 07:41:49 | INFO     | [lf.day.start] Processing CAI-GIZ for 07MAR
[LF] Sending SN command: SN07MARCAIGIZ/ASM
[LF] 07MAR: found 1 direct flights
2026-01-25 07:41:50 | INFO     | [lf.day.flights_found] Found 1 flights on 07MAR
2026-01-25 07:41:52 | INFO     | [lf.flight.extracted] SM329 on 07MAR: BKG=4, LF=2.2%
[LF] SM329 07MAR: BKG=4, GRP=0, CAP=179, LF%=2.2%, Brd-Off=CAI-GIZ, Classes: I:3, U:1
[LF] Getting WEEKLY/LASTSOLD data for 1 flights
[LF] SM329 07MAR: LASTSOLD=2025-12-31 00:00:00, WEEKLY=0, TODAY=0, YDAY=0
2026-01-25 07:41:55 | INFO     | [SUCCESS] Day 07MAR
2026-01-25 07:41:55 | INFO     | [DAY_START] Processing 06MAR
[LF] Processing CAI-GIZ for 06MAR
2026-01-25 07:41:55 | INFO     | [lf.day.start] Processing CAI-GIZ for 06MAR
[LF] Sending SN command: SN06MARCAIGIZ/ASM
[LF] No direct flights on 06MAR for CAI-GIZ
2026-01-25 07:41:56 | WARNING  | [lf.day.no_flights] No direct flights on 06MAR
2026-01-25 07:41:56 | INFO     | [SUCCESS] Day 06MAR
2026-01-25 07:41:56 | INFO     | [DAY_START] Processing 05MAR
[LF] Processing CAI-GIZ for 05MAR
2026-01-25 07:41:56 | INFO     | [lf.day.start] Processing CAI-GIZ for 05MAR
[LF] Sending SN command: SN05MARCAIGIZ/ASM
[LF] 05MAR: found 1 direct flights
2026-01-25 07:41:58 | INFO     | [lf.day.flights_found] Found 1 flights on 05MAR
2026-01-25 07:42:00 | INFO     | [lf.flight.extracted] SM329 on 05MAR: BKG=3, LF=1.7%
[LF] SM329 05MAR: BKG=3, GRP=0, CAP=179, LF%=1.7%, Brd-Off=CAI-GIZ, Classes: I:1, O:2
[LF] Getting WEEKLY/LASTSOLD data for 1 flights
[LF] SM329 05MAR: LASTSOLD=2026-01-22 00:00:00, WEEKLY=1, TODAY=0, YDAY=0
2026-01-25 07:42:03 | INFO     | [SUCCESS] Day 05MAR
2026-01-25 07:42:03 | INFO     | [DAY_START] Processing 04MAR
[LF] Processing CAI-GIZ for 04MAR
2026-01-25 07:42:03 | INFO     | [lf.day.start] Processing CAI-GIZ for 04MAR
[LF] Sending SN command: SN04MARCAIGIZ/ASM
[LF] No direct flights on 04MAR for CAI-GIZ
2026-01-25 07:42:04 | WARNING  | [lf.day.no_flights] No direct flights on 04MAR
2026-01-25 07:42:04 | INFO     | [SUCCESS] Day 04MAR
[LF] Results summary:
  2026-03-11: 0 flights
  2026-03-10: 0 flights
  2026-03-09: 0 flights
  2026-03-08: 0 flights
  2026-03-07: 1 flights
  2026-03-06: 0 flights
  2026-03-05: 1 flights
  2026-03-04: 0 flights
2026-01-25 07:42:04 | INFO     | [SUCCESS] LF Search Complete

============================================================
[Worker_9227] ✓ COMPLETED: CAI-GIZ
  Results: 8 dates
  Errors: 0 dates
  Total Processed: 53 groups
============================================================

2026-01-25 07:42:04 | INFO     | [Worker_9227] Completed: CAI-GIZ - 8 results, 0 errors

============================================================
[Worker_9227] Processing: JED-HBE
  Tier 0: Range 2, Chunk 4/4
  Dates: 7 days
  Date Range: 2026-03-03 to 2026-02-25
============================================================

2026-01-25 07:42:04 | INFO     | [Worker_9227] Processing: JED-HBE
2026-01-25 07:42:04 | INFO     |   Tier 0: Range 2, Chunk 4/4 (7 days)
2026-01-25 07:42:04 | INFO     | ======================================================================
2026-01-25 07:42:04 | INFO     | Load Factor Scraper Started - Route: JED-HBE
2026-01-25 07:42:04 | INFO     | Log file: D:\CODERED\LAB\Artifacts\outputs\run_generated_250126_at_07.06\logs\LF_JED-HBE_20260125_074204.log
2026-01-25 07:42:04 | INFO     | Enhanced logging: Capturing both logging.info() and print()
2026-01-25 07:42:04 | INFO     | ======================================================================
[LF] Processing dates (override): ['03MAR', '02MAR', '01MAR', '28FEB', '27FEB', '26FEB', '25FEB']
[LF] Attaching to Chrome for Altea access
2026-01-25 07:42:04 | INFO     | Starting LF search for route: JED-HBE
2026-01-25 07:42:04 | INFO     | [START] LF Search
[LF][[OK] SUCCESS] Connected to Chrome on 127.0.0.1:9227 (after 1 attempts)
2026-01-25 07:42:05 | INFO     | [HEALTH CHECK] [OK] Chrome connection is healthy
[LF][[OK] SUCCESS] Found Amadeus Altea window: Altéa Reservation Desktop
[LF][[INFO] INFO] URL: https://tc212.resdesktop.altea.amadeus.com/app_ard/apf/init/login?SITE=ESMPESMP&LANGUAGE=GB&MARKETS=ARDW_PROD_WBP&ACTION=clpLogin
2026-01-25 07:42:05 | INFO     | [DAY_START] Processing 03MAR
[LF] Processing JED-HBE for 03MAR
2026-01-25 07:42:05 | INFO     | [lf.day.start] Processing JED-HBE for 03MAR
[LF] Sending SN command: SN03MARJEDHBE/ASM
[LF] 03MAR: found 1 direct flights
2026-01-25 07:42:06 | INFO     | [lf.day.flights_found] Found 1 flights on 03MAR
2026-01-25 07:42:08 | INFO     | [lf.flight.extracted] SM452 on 03MAR: BKG=49, LF=28.0%
[LF] SM452 03MAR: BKG=49, GRP=0, CAP=175, LF%=28.0%, Brd-Off=JED-HBE, Classes: I:9, O:7, U:10, X:8, T:13, W:1, S:1
[LF] Getting WEEKLY/LASTSOLD data for 1 flights
[LF] SM452 03MAR: LASTSOLD=2026-01-22 00:00:00, WEEKLY=6, TODAY=0, YDAY=0
2026-01-25 07:42:12 | INFO     | [SUCCESS] Day 03MAR
2026-01-25 07:42:12 | INFO     | [DAY_START] Processing 02MAR
[LF] Processing JED-HBE for 02MAR
2026-01-25 07:42:12 | INFO     | [lf.day.start] Processing JED-HBE for 02MAR
[LF] Sending SN command: SN02MARJEDHBE/ASM
[LF] 02MAR: found 2 direct flights
2026-01-25 07:42:14 | INFO     | [lf.day.flights_found] Found 2 flights on 02MAR
2026-01-25 07:42:16 | INFO     | [lf.flight.extracted] SM458 on 02MAR: BKG=38, LF=21.7%
[LF] SM458 02MAR: BKG=38, GRP=0, CAP=175, LF%=21.7%, Brd-Off=JED-HBE, Classes: I:9, O:8, U:9, X:8, T:3, K:1
2026-01-25 07:42:20 | INFO     | [lf.flight.extracted] SM452 on 02MAR: BKG=40, LF=22.9%
[LF] SM452 02MAR: BKG=40, GRP=0, CAP=175, LF%=22.9%, Brd-Off=JED-HBE, Classes: I:9, O:8, U:9, X:8, T:5, K:1
[LF] Getting WEEKLY/LASTSOLD data for 2 flights
[LF] SM458 02MAR: LASTSOLD=2026-01-24 00:00:00, WEEKLY=4, TODAY=0, YDAY=2
[LF] SM452 02MAR: LASTSOLD=2026-01-17 00:00:00, WEEKLY=0, TODAY=0, YDAY=0
2026-01-25 07:42:27 | INFO     | [SUCCESS] Day 02MAR
2026-01-25 07:42:27 | INFO     | [DAY_START] Processing 01MAR
[LF] Processing JED-HBE for 01MAR
2026-01-25 07:42:27 | INFO     | [lf.day.start] Processing JED-HBE for 01MAR
[LF] Sending SN command: SN01MARJEDHBE/ASM
[LF] 01MAR: found 2 direct flights
2026-01-25 07:42:28 | INFO     | [lf.day.flights_found] Found 2 flights on 01MAR
2026-01-25 07:42:30 | INFO     | [lf.flight.extracted] SM458 on 01MAR: BKG=168, LF=96.0%
[LF] SM458 01MAR: BKG=168, GRP=130, CAP=175, LF%=96.0%, Brd-Off=JED-HBE, Classes: P:130, I:9, O:8, U:9, X:8, K:4
2026-01-25 07:42:34 | INFO     | [lf.flight.extracted] SM452 on 01MAR: BKG=169, LF=96.6%
[LF] SM452 01MAR: BKG=169, GRP=135, CAP=175, LF%=96.6%, Brd-Off=JED-HBE, Classes: P:135, I:9, O:8, U:10, X:7
[LF] Getting WEEKLY/LASTSOLD data for 2 flights
[LF] SM458 01MAR: LASTSOLD=2026-01-13 00:00:00, WEEKLY=0, TODAY=0, YDAY=0
[LF] SM452 01MAR: LASTSOLD=2026-01-11 00:00:00, WEEKLY=0, TODAY=0, YDAY=0
2026-01-25 07:42:42 | INFO     | [SUCCESS] Day 01MAR
2026-01-25 07:42:42 | INFO     | [DAY_START] Processing 28FEB
[LF] Processing JED-HBE for 28FEB
2026-01-25 07:42:42 | INFO     | [lf.day.start] Processing JED-HBE for 28FEB
[LF] Sending SN command: SN28FEBJEDHBE/ASM
[LF] 28FEB: found 2 direct flights
2026-01-25 07:42:43 | INFO     | [lf.day.flights_found] Found 2 flights on 28FEB
2026-01-25 07:42:45 | INFO     | [lf.flight.extracted] SM458 on 28FEB: BKG=175, LF=104.8%
[LF] SM458 28FEB: BKG=175, GRP=160, CAP=167, LF%=104.8%, Brd-Off=JED-HBE, Classes: P:160, U:9, X:6
2026-01-25 07:42:49 | INFO     | [lf.flight.extracted] SM452 on 28FEB: BKG=177, LF=101.1%
[LF] SM452 28FEB: BKG=177, GRP=135, CAP=175, LF%=101.1%, Brd-Off=JED-HBE, Classes: P:135, I:9, O:8, U:10, X:7, T:6, S:1, K:1
[LF] Getting WEEKLY/LASTSOLD data for 2 flights
[LF] SM458 28FEB: LASTSOLD=2025-12-15 00:00:00, WEEKLY=0, TODAY=0, YDAY=0
[LF] SM452 28FEB: LASTSOLD=2025-12-30 00:00:00, WEEKLY=0, TODAY=0, YDAY=0
2026-01-25 07:42:59 | INFO     | [SUCCESS] Day 28FEB
2026-01-25 07:42:59 | INFO     | [DAY_START] Processing 27FEB
[LF] Processing JED-HBE for 27FEB
2026-01-25 07:42:59 | INFO     | [lf.day.start] Processing JED-HBE for 27FEB
[LF] Sending SN command: SN27FEBJEDHBE/ASM
[LF] 27FEB: found 1 direct flights
2026-01-25 07:43:01 | INFO     | [lf.day.flights_found] Found 1 flights on 27FEB
2026-01-25 07:43:03 | INFO     | [lf.flight.extracted] SM452 on 27FEB: BKG=189, LF=108.0%
[LF] SM452 27FEB: BKG=189, GRP=170, CAP=175, LF%=108.0%, Brd-Off=JED-HBE, Classes: P:170, I:8, U:6, X:4, S:1
[LF] Getting WEEKLY/LASTSOLD data for 1 flights
[LF] SM452 27FEB: LASTSOLD=2026-01-06 00:00:00, WEEKLY=0, TODAY=0, YDAY=0
2026-01-25 07:43:06 | INFO     | [SUCCESS] Day 27FEB
2026-01-25 07:43:06 | INFO     | [DAY_START] Processing 26FEB
[LF] Processing JED-HBE for 26FEB
2026-01-25 07:43:06 | INFO     | [lf.day.start] Processing JED-HBE for 26FEB
[LF] Sending SN command: SN26FEBJEDHBE/ASM
[LF] 26FEB: found 2 direct flights
2026-01-25 07:43:07 | INFO     | [lf.day.flights_found] Found 2 flights on 26FEB
2026-01-25 07:43:10 | INFO     | [lf.flight.extracted] SM452 on 26FEB: BKG=110, LF=62.9%
[LF] SM452 26FEB: BKG=110, GRP=85, CAP=175, LF%=62.9%, Brd-Off=JED-HBE, Classes: P:85, I:9, O:5, U:8, X:3
2026-01-25 07:43:13 | INFO     | [lf.flight.extracted] SM2460 on 26FEB: BKG=175, LF=100.0%
[LF] SM2460 26FEB: BKG=175, GRP=175, CAP=175, LF%=100.0%, Brd-Off=JED-HBE, Classes: P:175
[LF] Getting WEEKLY/LASTSOLD data for 2 flights
[LF] SM452 26FEB: LASTSOLD=2026-01-23 00:00:00, WEEKLY=14, TODAY=0, YDAY=0
[LF] SM2460 26FEB: LASTSOLD=2026-01-20 00:00:00, WEEKLY=2, TODAY=0, YDAY=0
2026-01-25 07:43:18 | INFO     | [SUCCESS] Day 26FEB
2026-01-25 07:43:18 | INFO     | [DAY_START] Processing 25FEB
[LF] Processing JED-HBE for 25FEB
2026-01-25 07:43:18 | INFO     | [lf.day.start] Processing JED-HBE for 25FEB
[LF] Sending SN command: SN25FEBJEDHBE/ASM
[LF] 25FEB: found 4 direct flights
2026-01-25 07:43:19 | INFO     | [lf.day.flights_found] Found 4 flights on 25FEB
2026-01-25 07:43:20 | INFO     | [lf.flight.extracted] SM2456 on 25FEB: BKG=0, LF=0.0%
[LF] SM2456 25FEB: BKG=0, GRP=0, CAP=168, LF%=0.0%, Brd-Off=JED-HBE
2026-01-25 07:43:23 | INFO     | [lf.flight.extracted] SM452 on 25FEB: BKG=149, LF=85.1%
[LF] SM452 25FEB: BKG=149, GRP=135, CAP=175, LF%=85.1%, Brd-Off=JED-HBE, Classes: P:135, I:10, U:3, S:1
2026-01-25 07:43:26 | INFO     | [lf.flight.extracted] SM474 on 25FEB: BKG=175, LF=100.0%
[LF] SM474 25FEB: BKG=175, GRP=175, CAP=175, LF%=100.0%, Brd-Off=JED-HBE, Classes: P:175
2026-01-25 07:43:30 | INFO     | [lf.flight.extracted] SM458 on 25FEB: BKG=174, LF=99.4%
[LF] SM458 25FEB: BKG=174, GRP=170, CAP=175, LF%=99.4%, Brd-Off=JED-HBE, Classes: P:170, U:4
[LF] Getting WEEKLY/LASTSOLD data for 3 flights
[LF] SM452 25FEB: LASTSOLD=2026-01-24 00:00:00, WEEKLY=13, TODAY=0, YDAY=4
[LF] SM474 25FEB: LASTSOLD=2026-01-20 00:00:00, WEEKLY=2, TODAY=0, YDAY=0
[LF] SM458 25FEB: LASTSOLD=2025-12-15 00:00:00, WEEKLY=0, TODAY=0, YDAY=0
2026-01-25 07:43:35 | INFO     | [SUCCESS] Day 25FEB
[LF] Results summary:
  2026-03-03: 1 flights
  2026-03-02: 2 flights
  2026-03-01: 2 flights
  2026-02-28: 2 flights
  2026-02-27: 1 flights
  2026-02-26: 2 flights
  2026-02-25: 4 flights
2026-01-25 07:43:35 | INFO     | [SUCCESS] LF Search Complete

============================================================
[Worker_9227] ✓ COMPLETED: JED-HBE
  Results: 7 dates
  Errors: 0 dates
  Total Processed: 54 groups
============================================================

2026-01-25 07:43:47 | INFO     | [Worker_9227] Completed: JED-HBE - 7 results, 0 errors

============================================================
[Worker_9227] Processing: HBE-MED
  Tier 0: Range 2, Chunk 4/4
  Dates: 7 days
  Date Range: 2026-03-03 to 2026-02-25
============================================================

2026-01-25 07:43:47 | INFO     | [Worker_9227] Processing: HBE-MED
2026-01-25 07:43:47 | INFO     |   Tier 0: Range 2, Chunk 4/4 (7 days)
2026-01-25 07:43:47 | INFO     | ======================================================================
2026-01-25 07:43:47 | INFO     | Load Factor Scraper Started - Route: HBE-MED
2026-01-25 07:43:47 | INFO     | Log file: D:\CODERED\LAB\Artifacts\outputs\run_generated_250126_at_07.06\logs\LF_HBE-MED_20260125_074347.log
2026-01-25 07:43:47 | INFO     | Enhanced logging: Capturing both logging.info() and print()
2026-01-25 07:43:47 | INFO     | ======================================================================
[LF] Processing dates (override): ['03MAR', '02MAR', '01MAR', '28FEB', '27FEB', '26FEB', '25FEB']
[LF] Attaching to Chrome for Altea access
2026-01-25 07:43:47 | INFO     | Starting LF search for route: HBE-MED
2026-01-25 07:43:47 | INFO     | [START] LF Search
[LF][[OK] SUCCESS] Connected to Chrome on 127.0.0.1:9227 (after 1 attempts)
2026-01-25 07:43:48 | INFO     | [HEALTH CHECK] [OK] Chrome connection is healthy
[LF][[OK] SUCCESS] Found Amadeus Altea window: Altéa Reservation Desktop
[LF][[INFO] INFO] URL: https://tc212.resdesktop.altea.amadeus.com/app_ard/apf/init/login?SITE=ESMPESMP&LANGUAGE=GB&MARKETS=ARDW_PROD_WBP&ACTION=clpLogin
2026-01-25 07:43:48 | INFO     | [DAY_START] Processing 03MAR
[LF] Processing HBE-MED for 03MAR
2026-01-25 07:43:48 | INFO     | [lf.day.start] Processing HBE-MED for 03MAR
[LF] Sending SN command: SN03MARHBEMED/ASM
[LF] 03MAR: found 1 direct flights
2026-01-25 07:43:49 | INFO     | [lf.day.flights_found] Found 1 flights on 03MAR
2026-01-25 07:43:51 | INFO     | [lf.flight.extracted] SM485 on 03MAR: BKG=111, LF=62.0%
[LF] SM485 03MAR: BKG=111, GRP=90, CAP=179, LF%=62.0%, Brd-Off=HBE-MED, Classes: P:90, V:5, K:16
[LF] Getting WEEKLY/LASTSOLD data for 1 flights
[LF] SM485 03MAR: LASTSOLD=2026-01-22 00:00:00, WEEKLY=4, TODAY=0, YDAY=0
2026-01-25 07:43:54 | INFO     | [SUCCESS] Day 03MAR
2026-01-25 07:43:54 | INFO     | [DAY_START] Processing 02MAR
[LF] Processing HBE-MED for 02MAR
2026-01-25 07:43:54 | INFO     | [lf.day.start] Processing HBE-MED for 02MAR
[LF] Sending SN command: SN02MARHBEMED/ASM
[LF] No direct flights on 02MAR for HBE-MED
2026-01-25 07:43:56 | WARNING  | [lf.day.no_flights] No direct flights on 02MAR
2026-01-25 07:43:56 | INFO     | [SUCCESS] Day 02MAR
2026-01-25 07:43:56 | INFO     | [DAY_START] Processing 01MAR
[LF] Processing HBE-MED for 01MAR
2026-01-25 07:43:56 | INFO     | [lf.day.start] Processing HBE-MED for 01MAR
[LF] Sending SN command: SN01MARHBEMED/ASM
[LF] 01MAR: found 1 direct flights
2026-01-25 07:43:57 | INFO     | [lf.day.flights_found] Found 1 flights on 01MAR
2026-01-25 07:43:59 | INFO     | [lf.flight.extracted] SM485 on 01MAR: BKG=11, LF=6.2%
[LF] SM485 01MAR: BKG=11, GRP=0, CAP=179, LF%=6.2%, Brd-Off=HBE-MED, Classes: V:10, K:1
[LF] Getting WEEKLY/LASTSOLD data for 1 flights
[LF] SM485 01MAR: LASTSOLD=2026-01-22 00:00:00, WEEKLY=2, TODAY=0, YDAY=0
2026-01-25 07:44:02 | INFO     | [SUCCESS] Day 01MAR
2026-01-25 07:44:02 | INFO     | [DAY_START] Processing 28FEB
[LF] Processing HBE-MED for 28FEB
2026-01-25 07:44:02 | INFO     | [lf.day.start] Processing HBE-MED for 28FEB
[LF] Sending SN command: SN28FEBHBEMED/ASM
[LF] No direct flights on 28FEB for HBE-MED
2026-01-25 07:44:03 | WARNING  | [lf.day.no_flights] No direct flights on 28FEB
2026-01-25 07:44:03 | INFO     | [SUCCESS] Day 28FEB
2026-01-25 07:44:03 | INFO     | [DAY_START] Processing 27FEB
[LF] Processing HBE-MED for 27FEB
2026-01-25 07:44:03 | INFO     | [lf.day.start] Processing HBE-MED for 27FEB
[LF] Sending SN command: SN27FEBHBEMED/ASM
[LF] No direct flights on 27FEB for HBE-MED
2026-01-25 07:44:04 | WARNING  | [lf.day.no_flights] No direct flights on 27FEB
2026-01-25 07:44:04 | INFO     | [SUCCESS] Day 27FEB
2026-01-25 07:44:04 | INFO     | [DAY_START] Processing 26FEB
[LF] Processing HBE-MED for 26FEB
2026-01-25 07:44:04 | INFO     | [lf.day.start] Processing HBE-MED for 26FEB
[LF] Sending SN command: SN26FEBHBEMED/ASM
[LF] 26FEB: found 1 direct flights
2026-01-25 07:44:05 | INFO     | [lf.day.flights_found] Found 1 flights on 26FEB
2026-01-25 07:44:07 | INFO     | [lf.flight.extracted] SM485 on 26FEB: BKG=177, LF=98.9%
[LF] SM485 26FEB: BKG=177, GRP=170, CAP=179, LF%=98.9%, Brd-Off=HBE-MED, Classes: P:170, V:5, K:2
[LF] Getting WEEKLY/LASTSOLD data for 1 flights
[LF] SM485 26FEB: LASTSOLD=2026-01-24 00:00:00, WEEKLY=3, TODAY=0, YDAY=3
2026-01-25 07:44:10 | INFO     | [SUCCESS] Day 26FEB
2026-01-25 07:44:10 | INFO     | [DAY_START] Processing 25FEB
[LF] Processing HBE-MED for 25FEB
2026-01-25 07:44:10 | INFO     | [lf.day.start] Processing HBE-MED for 25FEB
[LF] Sending SN command: SN25FEBHBEMED/ASM
[LF] 25FEB: found 1 direct flights
2026-01-25 07:44:11 | INFO     | [lf.day.flights_found] Found 1 flights on 25FEB
2026-01-25 07:44:13 | INFO     | [lf.flight.extracted] SM485 on 25FEB: BKG=176, LF=98.3%
[LF] SM485 25FEB: BKG=176, GRP=170, CAP=179, LF%=98.3%, Brd-Off=HBE-MED, Classes: P:170, V:5, K:1
[LF] Getting WEEKLY/LASTSOLD data for 1 flights
[LF] SM485 25FEB: LASTSOLD=2026-01-24 00:00:00, WEEKLY=1, TODAY=0, YDAY=1
2026-01-25 07:44:17 | INFO     | [SUCCESS] Day 25FEB
[LF] Results summary:
  2026-03-03: 1 flights
  2026-03-02: 0 flights
  2026-03-01: 1 flights
  2026-02-28: 0 flights
  2026-02-27: 0 flights
  2026-02-26: 1 flights
  2026-02-25: 1 flights
2026-01-25 07:44:17 | INFO     | [SUCCESS] LF Search Complete

============================================================
[Worker_9227] ✓ COMPLETED: HBE-MED
  Results: 7 dates
  Errors: 0 dates
  Total Processed: 55 groups
============================================================

2026-01-25 07:44:17 | INFO     | [Worker_9227] Completed: HBE-MED - 7 results, 0 errors

============================================================
[Worker_9227] Processing: ASW-JED
  Tier 0: Range 2, Chunk 4/4
  Dates: 7 days
  Date Range: 2026-03-03 to 2026-02-25
============================================================

2026-01-25 07:44:17 | INFO     | [Worker_9227] Processing: ASW-JED
2026-01-25 07:44:17 | INFO     |   Tier 0: Range 2, Chunk 4/4 (7 days)
2026-01-25 07:44:17 | INFO     | ======================================================================
2026-01-25 07:44:17 | INFO     | Load Factor Scraper Started - Route: ASW-JED
2026-01-25 07:44:17 | INFO     | Log file: D:\CODERED\LAB\Artifacts\outputs\run_generated_250126_at_07.06\logs\LF_ASW-JED_20260125_074417.log
2026-01-25 07:44:17 | INFO     | Enhanced logging: Capturing both logging.info() and print()
2026-01-25 07:44:17 | INFO     | ======================================================================
[LF] Processing dates (override): ['03MAR', '02MAR', '01MAR', '28FEB', '27FEB', '26FEB', '25FEB']
[LF] Attaching to Chrome for Altea access
2026-01-25 07:44:17 | INFO     | Starting LF search for route: ASW-JED
2026-01-25 07:44:17 | INFO     | [START] LF Search
[LF][[OK] SUCCESS] Connected to Chrome on 127.0.0.1:9227 (after 1 attempts)
2026-01-25 07:44:17 | INFO     | [HEALTH CHECK] [OK] Chrome connection is healthy
[LF][[OK] SUCCESS] Found Amadeus Altea window: Altéa Reservation Desktop
[LF][[INFO] INFO] URL: https://tc212.resdesktop.altea.amadeus.com/app_ard/apf/init/login?SITE=ESMPESMP&LANGUAGE=GB&MARKETS=ARDW_PROD_WBP&ACTION=clpLogin
2026-01-25 07:44:18 | INFO     | [DAY_START] Processing 03MAR
[LF] Processing ASW-JED for 03MAR
2026-01-25 07:44:18 | INFO     | [lf.day.start] Processing ASW-JED for 03MAR
[LF] Sending SN command: SN03MARASWJED/ASM
[LF] No direct flights on 03MAR for ASW-JED
2026-01-25 07:44:19 | WARNING  | [lf.day.no_flights] No direct flights on 03MAR
2026-01-25 07:44:19 | INFO     | [SUCCESS] Day 03MAR
2026-01-25 07:44:19 | INFO     | [DAY_START] Processing 02MAR
[LF] Processing ASW-JED for 02MAR
2026-01-25 07:44:19 | INFO     | [lf.day.start] Processing ASW-JED for 02MAR
[LF] Sending SN command: SN02MARASWJED/ASM
[LF] No direct flights on 02MAR for ASW-JED
2026-01-25 07:44:20 | WARNING  | [lf.day.no_flights] No direct flights on 02MAR
2026-01-25 07:44:20 | INFO     | [SUCCESS] Day 02MAR
2026-01-25 07:44:20 | INFO     | [DAY_START] Processing 01MAR
[LF] Processing ASW-JED for 01MAR
2026-01-25 07:44:20 | INFO     | [lf.day.start] Processing ASW-JED for 01MAR
[LF] Sending SN command: SN01MARASWJED/ASM
[LF] No direct flights on 01MAR for ASW-JED
2026-01-25 07:44:21 | WARNING  | [lf.day.no_flights] No direct flights on 01MAR
2026-01-25 07:44:21 | INFO     | [SUCCESS] Day 01MAR
2026-01-25 07:44:21 | INFO     | [DAY_START] Processing 28FEB
[LF] Processing ASW-JED for 28FEB
2026-01-25 07:44:21 | INFO     | [lf.day.start] Processing ASW-JED for 28FEB
[LF] Sending SN command: SN28FEBASWJED/ASM
[LF] No direct flights on 28FEB for ASW-JED
2026-01-25 07:44:22 | WARNING  | [lf.day.no_flights] No direct flights on 28FEB
2026-01-25 07:44:22 | INFO     | [SUCCESS] Day 28FEB
2026-01-25 07:44:22 | INFO     | [DAY_START] Processing 27FEB
[LF] Processing ASW-JED for 27FEB
2026-01-25 07:44:22 | INFO     | [lf.day.start] Processing ASW-JED for 27FEB
[LF] Sending SN command: SN27FEBASWJED/ASM
[LF] No direct flights on 27FEB for ASW-JED
2026-01-25 07:44:24 | WARNING  | [lf.day.no_flights] No direct flights on 27FEB
2026-01-25 07:44:24 | INFO     | [SUCCESS] Day 27FEB
2026-01-25 07:44:24 | INFO     | [DAY_START] Processing 26FEB
[LF] Processing ASW-JED for 26FEB
2026-01-25 07:44:24 | INFO     | [lf.day.start] Processing ASW-JED for 26FEB
[LF] Sending SN command: SN26FEBASWJED/ASM
[LF] No direct flights on 26FEB for ASW-JED
2026-01-25 07:44:25 | WARNING  | [lf.day.no_flights] No direct flights on 26FEB
2026-01-25 07:44:25 | INFO     | [SUCCESS] Day 26FEB
2026-01-25 07:44:25 | INFO     | [DAY_START] Processing 25FEB
[LF] Processing ASW-JED for 25FEB
2026-01-25 07:44:25 | INFO     | [lf.day.start] Processing ASW-JED for 25FEB
[LF] Sending SN command: SN25FEBASWJED/ASM
[LF] No direct flights on 25FEB for ASW-JED
2026-01-25 07:44:26 | WARNING  | [lf.day.no_flights] No direct flights on 25FEB
2026-01-25 07:44:26 | INFO     | [SUCCESS] Day 25FEB
[LF] Results summary:
  2026-03-03: 0 flights
  2026-03-02: 0 flights
  2026-03-01: 0 flights
  2026-02-28: 0 flights
  2026-02-27: 0 flights
  2026-02-26: 0 flights
  2026-02-25: 0 flights
2026-01-25 07:44:26 | INFO     | [SUCCESS] LF Search Complete

============================================================
[Worker_9227] ✓ COMPLETED: ASW-JED
  Results: 7 dates
  Errors: 0 dates
  Total Processed: 56 groups
============================================================

2026-01-25 07:44:26 | INFO     | [Worker_9227] Completed: ASW-JED - 7 results, 0 errors

============================================================
[Worker_9227] Processing: ATZ-DMM
  Tier 0: Range 2, Chunk 4/4
  Dates: 7 days
  Date Range: 2026-03-03 to 2026-02-25
============================================================

2026-01-25 07:44:26 | INFO     | [Worker_9227] Processing: ATZ-DMM
2026-01-25 07:44:26 | INFO     |   Tier 0: Range 2, Chunk 4/4 (7 days)
2026-01-25 07:44:26 | INFO     | ======================================================================
2026-01-25 07:44:26 | INFO     | Load Factor Scraper Started - Route: ATZ-DMM
2026-01-25 07:44:26 | INFO     | Log file: D:\CODERED\LAB\Artifacts\outputs\run_generated_250126_at_07.06\logs\LF_ATZ-DMM_20260125_074426.log
2026-01-25 07:44:26 | INFO     | Enhanced logging: Capturing both logging.info() and print()
2026-01-25 07:44:26 | INFO     | ======================================================================
[LF] Processing dates (override): ['03MAR', '02MAR', '01MAR', '28FEB', '27FEB', '26FEB', '25FEB']
[LF] Attaching to Chrome for Altea access
2026-01-25 07:44:26 | INFO     | Starting LF search for route: ATZ-DMM
2026-01-25 07:44:26 | INFO     | [START] LF Search
[LF][[OK] SUCCESS] Connected to Chrome on 127.0.0.1:9227 (after 1 attempts)
2026-01-25 07:44:27 | INFO     | [HEALTH CHECK] [OK] Chrome connection is healthy
[LF][[OK] SUCCESS] Found Amadeus Altea window: Altéa Reservation Desktop
[LF][[INFO] INFO] URL: https://tc212.resdesktop.altea.amadeus.com/app_ard/apf/init/login?SITE=ESMPESMP&LANGUAGE=GB&MARKETS=ARDW_PROD_WBP&ACTION=clpLogin
2026-01-25 07:44:27 | INFO     | [DAY_START] Processing 03MAR
[LF] Processing ATZ-DMM for 03MAR
2026-01-25 07:44:27 | INFO     | [lf.day.start] Processing ATZ-DMM for 03MAR
[LF] Sending SN command: SN03MARATZDMM/ASM
[LF] No direct flights on 03MAR for ATZ-DMM
2026-01-25 07:44:28 | WARNING  | [lf.day.no_flights] No direct flights on 03MAR
2026-01-25 07:44:28 | INFO     | [SUCCESS] Day 03MAR
2026-01-25 07:44:28 | INFO     | [DAY_START] Processing 02MAR
[LF] Processing ATZ-DMM for 02MAR
2026-01-25 07:44:28 | INFO     | [lf.day.start] Processing ATZ-DMM for 02MAR
[LF] Sending SN command: SN02MARATZDMM/ASM
[LF] 02MAR: found 1 direct flights
2026-01-25 07:44:30 | INFO     | [lf.day.flights_found] Found 1 flights on 02MAR
2026-01-25 07:44:32 | INFO     | [lf.flight.extracted] SM437 on 02MAR: BKG=9, LF=5.0%
[LF] SM437 02MAR: BKG=9, GRP=0, CAP=179, LF%=5.0%, Brd-Off=ATZ-DMM, Classes: I:6, O:1, X:2
[LF] Getting WEEKLY/LASTSOLD data for 1 flights
[LF] SM437 02MAR: LASTSOLD=2026-01-24 00:00:00, WEEKLY=1, TODAY=0, YDAY=1
2026-01-25 07:44:35 | INFO     | [SUCCESS] Day 02MAR
2026-01-25 07:44:35 | INFO     | [DAY_START] Processing 01MAR
[LF] Processing ATZ-DMM for 01MAR
2026-01-25 07:44:35 | INFO     | [lf.day.start] Processing ATZ-DMM for 01MAR
[LF] Sending SN command: SN01MARATZDMM/ASM
[LF] No direct flights on 01MAR for ATZ-DMM
2026-01-25 07:44:36 | WARNING  | [lf.day.no_flights] No direct flights on 01MAR
2026-01-25 07:44:36 | INFO     | [SUCCESS] Day 01MAR
2026-01-25 07:44:36 | INFO     | [DAY_START] Processing 28FEB
[LF] Processing ATZ-DMM for 28FEB
2026-01-25 07:44:36 | INFO     | [lf.day.start] Processing ATZ-DMM for 28FEB
[LF] Sending SN command: SN28FEBATZDMM/ASM
[LF] No direct flights on 28FEB for ATZ-DMM
2026-01-25 07:44:37 | WARNING  | [lf.day.no_flights] No direct flights on 28FEB
2026-01-25 07:44:37 | INFO     | [SUCCESS] Day 28FEB
2026-01-25 07:44:37 | INFO     | [DAY_START] Processing 27FEB
[LF] Processing ATZ-DMM for 27FEB
2026-01-25 07:44:37 | INFO     | [lf.day.start] Processing ATZ-DMM for 27FEB
[LF] Sending SN command: SN27FEBATZDMM/ASM
[LF] 27FEB: found 1 direct flights
2026-01-25 07:44:38 | INFO     | [lf.day.flights_found] Found 1 flights on 27FEB
2026-01-25 07:44:40 | INFO     | [lf.flight.extracted] SM437 on 27FEB: BKG=5, LF=2.8%
[LF] SM437 27FEB: BKG=5, GRP=0, CAP=179, LF%=2.8%, Brd-Off=ATZ-DMM, Classes: O:1, S:1, G:3
[LF] Getting WEEKLY/LASTSOLD data for 1 flights
[LF] SM437 27FEB: LASTSOLD=2026-01-13 00:00:00, WEEKLY=0, TODAY=0, YDAY=0
2026-01-25 07:44:43 | INFO     | [SUCCESS] Day 27FEB
2026-01-25 07:44:43 | INFO     | [DAY_START] Processing 26FEB
[LF] Processing ATZ-DMM for 26FEB
2026-01-25 07:44:43 | INFO     | [lf.day.start] Processing ATZ-DMM for 26FEB
[LF] Sending SN command: SN26FEBATZDMM/ASM
[LF] No direct flights on 26FEB for ATZ-DMM
2026-01-25 07:44:44 | WARNING  | [lf.day.no_flights] No direct flights on 26FEB
2026-01-25 07:44:44 | INFO     | [SUCCESS] Day 26FEB
2026-01-25 07:44:44 | INFO     | [DAY_START] Processing 25FEB
[LF] Processing ATZ-DMM for 25FEB
2026-01-25 07:44:44 | INFO     | [lf.day.start] Processing ATZ-DMM for 25FEB
[LF] Sending SN command: SN25FEBATZDMM/ASM
[LF] No direct flights on 25FEB for ATZ-DMM
2026-01-25 07:44:46 | WARNING  | [lf.day.no_flights] No direct flights on 25FEB
2026-01-25 07:44:46 | INFO     | [SUCCESS] Day 25FEB
[LF] Results summary:
  2026-03-03: 0 flights
  2026-03-02: 1 flights
  2026-03-01: 0 flights
  2026-02-28: 0 flights
  2026-02-27: 1 flights
  2026-02-26: 0 flights
  2026-02-25: 0 flights
2026-01-25 07:44:46 | INFO     | [SUCCESS] LF Search Complete

============================================================
[Worker_9227] ✓ COMPLETED: ATZ-DMM
  Results: 7 dates
  Errors: 0 dates
  Total Processed: 57 groups
============================================================

2026-01-25 07:44:46 | INFO     | [Worker_9227] Completed: ATZ-DMM - 7 results, 0 errors

============================================================
[Worker_9227] Processing: ATZ-TUU
  Tier 0: Range 2, Chunk 4/4
  Dates: 7 days
  Date Range: 2026-03-03 to 2026-02-25
============================================================

2026-01-25 07:44:46 | INFO     | [Worker_9227] Processing: ATZ-TUU
2026-01-25 07:44:46 | INFO     |   Tier 0: Range 2, Chunk 4/4 (7 days)
2026-01-25 07:44:46 | INFO     | ======================================================================
2026-01-25 07:44:46 | INFO     | Load Factor Scraper Started - Route: ATZ-TUU
2026-01-25 07:44:46 | INFO     | Log file: D:\CODERED\LAB\Artifacts\outputs\run_generated_250126_at_07.06\logs\LF_ATZ-TUU_20260125_074446.log
2026-01-25 07:44:46 | INFO     | Enhanced logging: Capturing both logging.info() and print()
2026-01-25 07:44:46 | INFO     | ======================================================================
[LF] Processing dates (override): ['03MAR', '02MAR', '01MAR', '28FEB', '27FEB', '26FEB', '25FEB']
[LF] Attaching to Chrome for Altea access
2026-01-25 07:44:46 | INFO     | Starting LF search for route: ATZ-TUU
2026-01-25 07:44:46 | INFO     | [START] LF Search
[LF][[OK] SUCCESS] Connected to Chrome on 127.0.0.1:9227 (after 1 attempts)
2026-01-25 07:44:46 | INFO     | [HEALTH CHECK] [OK] Chrome connection is healthy
[LF][[OK] SUCCESS] Found Amadeus Altea window: Altéa Reservation Desktop
[LF][[INFO] INFO] URL: https://tc212.resdesktop.altea.amadeus.com/app_ard/apf/init/login?SITE=ESMPESMP&LANGUAGE=GB&MARKETS=ARDW_PROD_WBP&ACTION=clpLogin
2026-01-25 07:44:46 | INFO     | [DAY_START] Processing 03MAR
[LF] Processing ATZ-TUU for 03MAR
2026-01-25 07:44:46 | INFO     | [lf.day.start] Processing ATZ-TUU for 03MAR
[LF] Sending SN command: SN03MARATZTUU/ASM
[LF] No direct flights on 03MAR for ATZ-TUU
2026-01-25 07:44:48 | WARNING  | [lf.day.no_flights] No direct flights on 03MAR
2026-01-25 07:44:48 | INFO     | [SUCCESS] Day 03MAR
2026-01-25 07:44:48 | INFO     | [DAY_START] Processing 02MAR
[LF] Processing ATZ-TUU for 02MAR
2026-01-25 07:44:48 | INFO     | [lf.day.start] Processing ATZ-TUU for 02MAR
[LF] Sending SN command: SN02MARATZTUU/ASM
[LF] No direct flights on 02MAR for ATZ-TUU
2026-01-25 07:44:49 | WARNING  | [lf.day.no_flights] No direct flights on 02MAR
2026-01-25 07:44:49 | INFO     | [SUCCESS] Day 02MAR
2026-01-25 07:44:49 | INFO     | [DAY_START] Processing 01MAR
[LF] Processing ATZ-TUU for 01MAR
2026-01-25 07:44:49 | INFO     | [lf.day.start] Processing ATZ-TUU for 01MAR
[LF] Sending SN command: SN01MARATZTUU/ASM
[LF] No direct flights on 01MAR for ATZ-TUU
2026-01-25 07:44:50 | WARNING  | [lf.day.no_flights] No direct flights on 01MAR
2026-01-25 07:44:50 | INFO     | [SUCCESS] Day 01MAR
2026-01-25 07:44:50 | INFO     | [DAY_START] Processing 28FEB
[LF] Processing ATZ-TUU for 28FEB
2026-01-25 07:44:50 | INFO     | [lf.day.start] Processing ATZ-TUU for 28FEB
[LF] Sending SN command: SN28FEBATZTUU/ASM
[LF] No direct flights on 28FEB for ATZ-TUU
2026-01-25 07:44:51 | WARNING  | [lf.day.no_flights] No direct flights on 28FEB
2026-01-25 07:44:51 | INFO     | [SUCCESS] Day 28FEB
2026-01-25 07:44:51 | INFO     | [DAY_START] Processing 27FEB
[LF] Processing ATZ-TUU for 27FEB
2026-01-25 07:44:51 | INFO     | [lf.day.start] Processing ATZ-TUU for 27FEB
[LF] Sending SN command: SN27FEBATZTUU/ASM
[LF] 27FEB: found 1 direct flights
2026-01-25 07:44:52 | INFO     | [lf.day.flights_found] Found 1 flights on 27FEB
2026-01-25 07:44:54 | INFO     | [lf.flight.extracted] SM327 on 27FEB: BKG=1, LF=0.6%
[LF] SM327 27FEB: BKG=1, GRP=0, CAP=179, LF%=0.6%, Brd-Off=ATZ-TUU, Classes: G:1
[LF] Getting WEEKLY/LASTSOLD data for 1 flights
[LF] SM327 27FEB: LASTSOLD=2026-01-13 00:00:00, WEEKLY=0, TODAY=0, YDAY=0
2026-01-25 07:44:57 | INFO     | [SUCCESS] Day 27FEB
2026-01-25 07:44:57 | INFO     | [DAY_START] Processing 26FEB
[LF] Processing ATZ-TUU for 26FEB
2026-01-25 07:44:57 | INFO     | [lf.day.start] Processing ATZ-TUU for 26FEB
[LF] Sending SN command: SN26FEBATZTUU/ASM
[LF] No direct flights on 26FEB for ATZ-TUU
2026-01-25 07:44:58 | WARNING  | [lf.day.no_flights] No direct flights on 26FEB
2026-01-25 07:44:58 | INFO     | [SUCCESS] Day 26FEB
2026-01-25 07:44:58 | INFO     | [DAY_START] Processing 25FEB
[LF] Processing ATZ-TUU for 25FEB
2026-01-25 07:44:58 | INFO     | [lf.day.start] Processing ATZ-TUU for 25FEB
[LF] Sending SN command: SN25FEBATZTUU/ASM
[LF] No direct flights on 25FEB for ATZ-TUU
2026-01-25 07:44:59 | WARNING  | [lf.day.no_flights] No direct flights on 25FEB
2026-01-25 07:44:59 | INFO     | [SUCCESS] Day 25FEB
[LF] Results summary:
  2026-03-03: 0 flights
  2026-03-02: 0 flights
  2026-03-01: 0 flights
  2026-02-28: 0 flights
  2026-02-27: 1 flights
  2026-02-26: 0 flights
  2026-02-25: 0 flights
2026-01-25 07:44:59 | INFO     | [SUCCESS] LF Search Complete

============================================================
[Worker_9227] ✓ COMPLETED: ATZ-TUU
  Results: 7 dates
  Errors: 0 dates
  Total Processed: 58 groups
============================================================

2026-01-25 07:44:59 | INFO     | [Worker_9227] Completed: ATZ-TUU - 7 results, 0 errors

============================================================
[Worker_9227] Processing: CAI-YNB
  Tier 0: Range 2, Chunk 4/4
  Dates: 7 days
  Date Range: 2026-03-03 to 2026-02-25
============================================================

2026-01-25 07:44:59 | INFO     | [Worker_9227] Processing: CAI-YNB
2026-01-25 07:44:59 | INFO     |   Tier 0: Range 2, Chunk 4/4 (7 days)
2026-01-25 07:44:59 | INFO     | ======================================================================
2026-01-25 07:44:59 | INFO     | Load Factor Scraper Started - Route: CAI-YNB
2026-01-25 07:44:59 | INFO     | Log file: D:\CODERED\LAB\Artifacts\outputs\run_generated_250126_at_07.06\logs\LF_CAI-YNB_20260125_074459.log
2026-01-25 07:44:59 | INFO     | Enhanced logging: Capturing both logging.info() and print()
2026-01-25 07:44:59 | INFO     | ======================================================================
[LF] Processing dates (override): ['03MAR', '02MAR', '01MAR', '28FEB', '27FEB', '26FEB', '25FEB']
[LF] Attaching to Chrome for Altea access
2026-01-25 07:44:59 | INFO     | Starting LF search for route: CAI-YNB
2026-01-25 07:44:59 | INFO     | [START] LF Search
[LF][[OK] SUCCESS] Connected to Chrome on 127.0.0.1:9227 (after 1 attempts)
2026-01-25 07:45:00 | INFO     | [HEALTH CHECK] [OK] Chrome connection is healthy
[LF][[OK] SUCCESS] Found Amadeus Altea window: Altéa Reservation Desktop
[LF][[INFO] INFO] URL: https://tc212.resdesktop.altea.amadeus.com/app_ard/apf/init/login?SITE=ESMPESMP&LANGUAGE=GB&MARKETS=ARDW_PROD_WBP&ACTION=clpLogin
2026-01-25 07:45:00 | INFO     | [DAY_START] Processing 03MAR
[LF] Processing CAI-YNB for 03MAR
2026-01-25 07:45:00 | INFO     | [lf.day.start] Processing CAI-YNB for 03MAR
[LF] Sending SN command: SN03MARCAIYNB/ASM
[LF] 03MAR: found 1 direct flights
2026-01-25 07:45:01 | INFO     | [lf.day.flights_found] Found 1 flights on 03MAR
2026-01-25 07:45:03 | INFO     | [lf.flight.extracted] SM441 on 03MAR: BKG=4, LF=2.2%
[LF] SM441 03MAR: BKG=4, GRP=0, CAP=179, LF%=2.2%, Brd-Off=CAI-YNB, Classes: X:1, T:3
[LF] Getting WEEKLY/LASTSOLD data for 1 flights
[LF] SM441 03MAR: LASTSOLD=2026-01-21 00:00:00, WEEKLY=1, TODAY=0, YDAY=0
2026-01-25 07:45:06 | INFO     | [SUCCESS] Day 03MAR
2026-01-25 07:45:06 | INFO     | [DAY_START] Processing 02MAR
[LF] Processing CAI-YNB for 02MAR
2026-01-25 07:45:06 | INFO     | [lf.day.start] Processing CAI-YNB for 02MAR
[LF] Sending SN command: SN02MARCAIYNB/ASM
[LF] 02MAR: found 1 direct flights
2026-01-25 07:45:08 | INFO     | [lf.day.flights_found] Found 1 flights on 02MAR
2026-01-25 07:45:10 | INFO     | [lf.flight.extracted] SM441 on 02MAR: BKG=2, LF=1.1%
[LF] SM441 02MAR: BKG=2, GRP=0, CAP=179, LF%=1.1%, Brd-Off=CAI-YNB, Classes: X:2
[LF] Getting WEEKLY/LASTSOLD data for 1 flights
[LF] SM441 02MAR: LASTSOLD=2026-01-23 00:00:00, WEEKLY=2, TODAY=0, YDAY=0
2026-01-25 07:45:12 | INFO     | [SUCCESS] Day 02MAR
2026-01-25 07:45:12 | INFO     | [DAY_START] Processing 01MAR
[LF] Processing CAI-YNB for 01MAR
2026-01-25 07:45:12 | INFO     | [lf.day.start] Processing CAI-YNB for 01MAR
[LF] Sending SN command: SN01MARCAIYNB/ASM
[LF] 01MAR: found 1 direct flights
2026-01-25 07:45:14 | INFO     | [lf.day.flights_found] Found 1 flights on 01MAR
2026-01-25 07:45:16 | INFO     | [lf.flight.extracted] SM441 on 01MAR: BKG=6, LF=3.4%
[LF] SM441 01MAR: BKG=6, GRP=0, CAP=179, LF%=3.4%, Brd-Off=CAI-YNB, Classes: X:2, T:4
[LF] Getting WEEKLY/LASTSOLD data for 1 flights
[LF] SM441 01MAR: LASTSOLD=2026-01-24 00:00:00, WEEKLY=3, TODAY=0, YDAY=1
2026-01-25 07:45:19 | INFO     | [SUCCESS] Day 01MAR
2026-01-25 07:45:19 | INFO     | [DAY_START] Processing 28FEB
[LF] Processing CAI-YNB for 28FEB
2026-01-25 07:45:19 | INFO     | [lf.day.start] Processing CAI-YNB for 28FEB
[LF] Sending SN command: SN28FEBCAIYNB/ASM
[LF] 28FEB: found 1 direct flights
2026-01-25 07:45:21 | INFO     | [lf.day.flights_found] Found 1 flights on 28FEB
2026-01-25 07:45:23 | INFO     | [lf.flight.extracted] SM441 on 28FEB: BKG=12, LF=6.7%
[LF] SM441 28FEB: BKG=12, GRP=0, CAP=179, LF%=6.7%, Brd-Off=CAI-YNB, Classes: O:5, U:5, X:2
[LF] Getting WEEKLY/LASTSOLD data for 1 flights
[LF] SM441 28FEB: LASTSOLD=2026-01-22 00:00:00, WEEKLY=4, TODAY=0, YDAY=0
2026-01-25 07:45:26 | INFO     | [SUCCESS] Day 28FEB
2026-01-25 07:45:26 | INFO     | [DAY_START] Processing 27FEB
[LF] Processing CAI-YNB for 27FEB
2026-01-25 07:45:26 | INFO     | [lf.day.start] Processing CAI-YNB for 27FEB
[LF] Sending SN command: SN27FEBCAIYNB/ASM
[LF] 27FEB: found 1 direct flights
2026-01-25 07:45:27 | INFO     | [lf.day.flights_found] Found 1 flights on 27FEB
2026-01-25 07:45:29 | INFO     | [lf.flight.extracted] SM441 on 27FEB: BKG=8, LF=4.5%
[LF] SM441 27FEB: BKG=8, GRP=0, CAP=179, LF%=4.5%, Brd-Off=CAI-YNB, Classes: O:3, U:5
[LF] Getting WEEKLY/LASTSOLD data for 1 flights
[LF] SM441 27FEB: LASTSOLD=2026-01-21 00:00:00, WEEKLY=1, TODAY=0, YDAY=0
2026-01-25 07:45:32 | INFO     | [SUCCESS] Day 27FEB
2026-01-25 07:45:32 | INFO     | [DAY_START] Processing 26FEB
[LF] Processing CAI-YNB for 26FEB
2026-01-25 07:45:32 | INFO     | [lf.day.start] Processing CAI-YNB for 26FEB
[LF] Sending SN command: SN26FEBCAIYNB/ASM
[LF] 26FEB: found 1 direct flights
2026-01-25 07:45:33 | INFO     | [lf.day.flights_found] Found 1 flights on 26FEB
2026-01-25 07:45:35 | INFO     | [lf.flight.extracted] SM441 on 26FEB: BKG=98, LF=54.8%
[LF] SM441 26FEB: BKG=98, GRP=90, CAP=179, LF%=54.8%, Brd-Off=CAI-YNB, Classes: P:90, O:4, U:2, X:2
[LF] Getting WEEKLY/LASTSOLD data for 1 flights
[LF] SM441 26FEB: LASTSOLD=2026-01-24 00:00:00, WEEKLY=5, TODAY=0, YDAY=2
2026-01-25 07:45:38 | INFO     | [SUCCESS] Day 26FEB
2026-01-25 07:45:38 | INFO     | [DAY_START] Processing 25FEB
[LF] Processing CAI-YNB for 25FEB
2026-01-25 07:45:38 | INFO     | [lf.day.start] Processing CAI-YNB for 25FEB
[LF] Sending SN command: SN25FEBCAIYNB/ASM
[LF] 25FEB: found 1 direct flights
2026-01-25 07:45:39 | INFO     | [lf.day.flights_found] Found 1 flights on 25FEB
2026-01-25 07:45:41 | INFO     | [lf.flight.extracted] SM441 on 25FEB: BKG=179, LF=100.0%
[LF] SM441 25FEB: BKG=179, GRP=175, CAP=179, LF%=100.0%, Brd-Off=CAI-YNB, Classes: P:175, O:4
[LF] Getting WEEKLY/LASTSOLD data for 1 flights
[LF] SM441 25FEB: LASTSOLD=2026-01-14 00:00:00, WEEKLY=0, TODAY=0, YDAY=0
2026-01-25 07:45:45 | INFO     | [SUCCESS] Day 25FEB
[LF] Results summary:
  2026-03-03: 1 flights
  2026-03-02: 1 flights
  2026-03-01: 1 flights
  2026-02-28: 1 flights
  2026-02-27: 1 flights
  2026-02-26: 1 flights
  2026-02-25: 1 flights
2026-01-25 07:45:45 | INFO     | [SUCCESS] LF Search Complete

============================================================
[Worker_9227] ✓ COMPLETED: CAI-YNB
  Results: 7 dates
  Errors: 0 dates
  Total Processed: 59 groups
============================================================

2026-01-25 07:45:45 | INFO     | [Worker_9227] Completed: CAI-YNB - 7 results, 0 errors

============================================================
[Worker_9227] Processing: JED-LXR
  Tier 0: Range 1, Chunk 1/4
  Dates: 8 days
  Date Range: 2026-02-24 to 2026-02-17
============================================================

2026-01-25 07:45:45 | INFO     | [Worker_9227] Processing: JED-LXR
2026-01-25 07:45:45 | INFO     |   Tier 0: Range 1, Chunk 1/4 (8 days)
2026-01-25 07:45:45 | INFO     | ======================================================================
2026-01-25 07:45:45 | INFO     | Load Factor Scraper Started - Route: JED-LXR
2026-01-25 07:45:45 | INFO     | Log file: D:\CODERED\LAB\Artifacts\outputs\run_generated_250126_at_07.06\logs\LF_JED-LXR_20260125_074545.log
2026-01-25 07:45:45 | INFO     | Enhanced logging: Capturing both logging.info() and print()
2026-01-25 07:45:45 | INFO     | ======================================================================
[LF] Processing dates (override): ['24FEB', '23FEB', '22FEB', '21FEB', '20FEB', '19FEB', '18FEB', '17FEB']
[LF] Attaching to Chrome for Altea access
2026-01-25 07:45:45 | INFO     | Starting LF search for route: JED-LXR
2026-01-25 07:45:45 | INFO     | [START] LF Search
[LF][[OK] SUCCESS] Connected to Chrome on 127.0.0.1:9227 (after 1 attempts)
2026-01-25 07:45:45 | INFO     | [HEALTH CHECK] [OK] Chrome connection is healthy
[LF][[OK] SUCCESS] Found Amadeus Altea window: Altéa Reservation Desktop
[LF][[INFO] INFO] URL: https://tc212.resdesktop.altea.amadeus.com/app_ard/apf/init/login?SITE=ESMPESMP&LANGUAGE=GB&MARKETS=ARDW_PROD_WBP&ACTION=clpLogin
2026-01-25 07:45:46 | INFO     | [DAY_START] Processing 24FEB
[LF] Processing JED-LXR for 24FEB
2026-01-25 07:45:46 | INFO     | [lf.day.start] Processing JED-LXR for 24FEB
[LF] Sending SN command: SN24FEBJEDLXR/ASM
[LF] 24FEB: 1 cancelled flight(s) detected from SN (JED-LXR)
[LF] 24FEB: found 5 direct flights
2026-01-25 07:45:47 | INFO     | [lf.day.flights_found] Found 5 flights on 24FEB
2026-01-25 07:45:49 | INFO     | [lf.flight.extracted] SM482 on 24FEB: BKG=0, LF=0.0%
[LF] SM482 24FEB: BKG=0, GRP=0, CAP=167, LF%=0.0%, Brd-Off=JED-LXR
2026-01-25 07:45:52 | INFO     | [lf.flight.extracted] SM974 on 24FEB: BKG=0, LF=0.0%
[LF] SM974 24FEB: BKG=0, GRP=0, CAP=175, LF%=0.0%, Brd-Off=JED-LXR
2026-01-25 07:45:56 | INFO     | [lf.flight.extracted] SM430 on 24FEB: BKG=0, LF=0.0%
[LF] SM430 24FEB: BKG=0, GRP=0, CAP=167, LF%=0.0%, Brd-Off=JED-LXR
2026-01-25 07:45:59 | INFO     | [lf.flight.extracted] SM982 on 24FEB: BKG=0, LF=0.0%
[LF] SM982 24FEB: BKG=0, GRP=0, CAP=167, LF%=0.0%, Brd-Off=JED-LXR
2026-01-25 07:46:03 | INFO     | [lf.flight.extracted] SM484 on 24FEB: BKG=0, LF=0.0%
[LF] SM484 24FEB: BKG=0, GRP=0, CAP=167, LF%=0.0%, Brd-Off=JED-LXR
2026-01-25 07:46:04 | INFO     | [SUCCESS] Day 24FEB
2026-01-25 07:46:04 | INFO     | [DAY_START] Processing 23FEB
[LF] Processing JED-LXR for 23FEB
2026-01-25 07:46:04 | INFO     | [lf.day.start] Processing JED-LXR for 23FEB
[LF] Sending SN command: SN23FEBJEDLXR/ASM
[LF] No direct flights on 23FEB for JED-LXR
2026-01-25 07:46:05 | WARNING  | [lf.day.no_flights] No direct flights on 23FEB
2026-01-25 07:46:05 | INFO     | [SUCCESS] Day 23FEB
2026-01-25 07:46:05 | INFO     | [DAY_START] Processing 22FEB
[LF] Processing JED-LXR for 22FEB
2026-01-25 07:46:05 | INFO     | [lf.day.start] Processing JED-LXR for 22FEB
[LF] Sending SN command: SN22FEBJEDLXR/ASM
[LF] No direct flights on 22FEB for JED-LXR
2026-01-25 07:46:07 | WARNING  | [lf.day.no_flights] No direct flights on 22FEB
2026-01-25 07:46:07 | INFO     | [SUCCESS] Day 22FEB
2026-01-25 07:46:07 | INFO     | [DAY_START] Processing 21FEB
[LF] Processing JED-LXR for 21FEB
2026-01-25 07:46:07 | INFO     | [lf.day.start] Processing JED-LXR for 21FEB
[LF] Sending SN command: SN21FEBJEDLXR/ASM
[LF] No direct flights on 21FEB for JED-LXR
2026-01-25 07:46:08 | WARNING  | [lf.day.no_flights] No direct flights on 21FEB
2026-01-25 07:46:08 | INFO     | [SUCCESS] Day 21FEB
2026-01-25 07:46:08 | INFO     | [DAY_START] Processing 20FEB
[LF] Processing JED-LXR for 20FEB
2026-01-25 07:46:08 | INFO     | [lf.day.start] Processing JED-LXR for 20FEB
[LF] Sending SN command: SN20FEBJEDLXR/ASM
[LF] No direct flights on 20FEB for JED-LXR
2026-01-25 07:46:09 | WARNING  | [lf.day.no_flights] No direct flights on 20FEB
2026-01-25 07:46:09 | INFO     | [SUCCESS] Day 20FEB
2026-01-25 07:46:09 | INFO     | [DAY_START] Processing 19FEB
[LF] Processing JED-LXR for 19FEB
2026-01-25 07:46:09 | INFO     | [lf.day.start] Processing JED-LXR for 19FEB
[LF] Sending SN command: SN19FEBJEDLXR/ASM
[LF] No direct flights on 19FEB for JED-LXR
2026-01-25 07:46:10 | WARNING  | [lf.day.no_flights] No direct flights on 19FEB
2026-01-25 07:46:10 | INFO     | [SUCCESS] Day 19FEB
2026-01-25 07:46:10 | INFO     | [DAY_START] Processing 18FEB
[LF] Processing JED-LXR for 18FEB
2026-01-25 07:46:10 | INFO     | [lf.day.start] Processing JED-LXR for 18FEB
[LF] Sending SN command: SN18FEBJEDLXR/ASM
[LF] 18FEB: found 1 direct flights
2026-01-25 07:46:11 | INFO     | [lf.day.flights_found] Found 1 flights on 18FEB
2026-01-25 07:46:14 | INFO     | [lf.flight.extracted] SM984 on 18FEB: BKG=14, LF=8.4%
[LF] SM984 18FEB: BKG=14, GRP=0, CAP=167, LF%=8.4%, Brd-Off=JED-LXR, Classes: I:14
[LF] Getting WEEKLY/LASTSOLD data for 1 flights
[LF] SM984 18FEB: LASTSOLD=2026-01-24 00:00:00, WEEKLY=14, TODAY=0, YDAY=1
2026-01-25 07:46:16 | INFO     | [SUCCESS] Day 18FEB
2026-01-25 07:46:16 | INFO     | [DAY_START] Processing 17FEB
[LF] Processing JED-LXR for 17FEB
2026-01-25 07:46:16 | INFO     | [lf.day.start] Processing JED-LXR for 17FEB
[LF] Sending SN command: SN17FEBJEDLXR/ASM
[LF] 17FEB: found 4 direct flights
2026-01-25 07:46:18 | INFO     | [lf.day.flights_found] Found 4 flights on 17FEB
2026-01-25 07:46:20 | INFO     | [lf.flight.extracted] SM482 on 17FEB: BKG=0, LF=0.0%
[LF] SM482 17FEB: BKG=0, GRP=0, CAP=167, LF%=0.0%, Brd-Off=JED-LXR
2026-01-25 07:46:23 | INFO     | [lf.flight.extracted] SM430 on 17FEB: BKG=0, LF=0.0%
[LF] SM430 17FEB: BKG=0, GRP=0, CAP=167, LF%=0.0%, Brd-Off=JED-LXR
2026-01-25 07:46:27 | INFO     | [lf.flight.extracted] SM982 on 17FEB: BKG=0, LF=0.0%
[LF] SM982 17FEB: BKG=0, GRP=0, CAP=167, LF%=0.0%, Brd-Off=JED-LXR
2026-01-25 07:46:30 | INFO     | [lf.flight.extracted] SM484 on 17FEB: BKG=43, LF=25.8%
[LF] SM484 17FEB: BKG=43, GRP=0, CAP=167, LF%=25.8%, Brd-Off=JED-LXR, Classes: I:15, O:15, U:13
[LF] Getting WEEKLY/LASTSOLD data for 1 flights
[LF] SM484 17FEB: LASTSOLD=2026-01-24 00:00:00, WEEKLY=35, TODAY=0, YDAY=6
2026-01-25 07:46:35 | INFO     | [SUCCESS] Day 17FEB
[LF] Results summary:
  2026-02-24: 5 flights
  2026-02-23: 0 flights
  2026-02-22: 0 flights
  2026-02-21: 0 flights
  2026-02-20: 0 flights
  2026-02-19: 0 flights
  2026-02-18: 1 flights
  2026-02-17: 4 flights
[LF] Cancelled flights found: 1
  - SM958 24FEB (SN)
2026-01-25 07:46:35 | INFO     | [SUCCESS] LF Search Complete
[Worker_9227] Cancelled flights collected: 1

============================================================
[Worker_9227] ✓ COMPLETED: JED-LXR
  Results: 8 dates
  Errors: 0 dates
  Total Processed: 60 groups
============================================================

2026-01-25 07:46:35 | INFO     | [Worker_9227] Completed: JED-LXR - 8 results, 0 errors

============================================================
[Worker_9227] Processing: RUH-ATZ
  Tier 0: Range 1, Chunk 1/4
  Dates: 8 days
  Date Range: 2026-02-24 to 2026-02-17
============================================================

2026-01-25 07:46:35 | INFO     | [Worker_9227] Processing: RUH-ATZ
2026-01-25 07:46:35 | INFO     |   Tier 0: Range 1, Chunk 1/4 (8 days)
2026-01-25 07:46:35 | INFO     | ======================================================================
2026-01-25 07:46:35 | INFO     | Load Factor Scraper Started - Route: RUH-ATZ
2026-01-25 07:46:35 | INFO     | Log file: D:\CODERED\LAB\Artifacts\outputs\run_generated_250126_at_07.06\logs\LF_RUH-ATZ_20260125_074635.log
2026-01-25 07:46:35 | INFO     | Enhanced logging: Capturing both logging.info() and print()
2026-01-25 07:46:35 | INFO     | ======================================================================
[LF] Processing dates (override): ['24FEB', '23FEB', '22FEB', '21FEB', '20FEB', '19FEB', '18FEB', '17FEB']
[LF] Attaching to Chrome for Altea access
2026-01-25 07:46:35 | INFO     | Starting LF search for route: RUH-ATZ
2026-01-25 07:46:35 | INFO     | [START] LF Search
[LF][[OK] SUCCESS] Connected to Chrome on 127.0.0.1:9227 (after 1 attempts)
2026-01-25 07:46:36 | INFO     | [HEALTH CHECK] [OK] Chrome connection is healthy
[LF][[OK] SUCCESS] Found Amadeus Altea window: Altéa Reservation Desktop
[LF][[INFO] INFO] URL: https://tc212.resdesktop.altea.amadeus.com/app_ard/apf/init/login?SITE=ESMPESMP&LANGUAGE=GB&MARKETS=ARDW_PROD_WBP&ACTION=clpLogin
2026-01-25 07:46:36 | INFO     | [DAY_START] Processing 24FEB
[LF] Processing RUH-ATZ for 24FEB
2026-01-25 07:46:36 | INFO     | [lf.day.start] Processing RUH-ATZ for 24FEB
[LF] Sending SN command: SN24FEBRUHATZ/ASM
[LF] 24FEB: found 1 direct flights
2026-01-25 07:46:37 | INFO     | [lf.day.flights_found] Found 1 flights on 24FEB
2026-01-25 07:46:39 | INFO     | [lf.flight.extracted] SM464 on 24FEB: BKG=37, LF=21.1%
[LF] SM464 24FEB: BKG=37, GRP=0, CAP=175, LF%=21.1%, Brd-Off=RUH-ATZ, Classes: O:5, U:4, X:14, T:9, W:2, G:3
[LF] Getting WEEKLY/LASTSOLD data for 1 flights
[LF] SM464 24FEB: LASTSOLD=2026-01-14 00:00:00, WEEKLY=0, TODAY=0, YDAY=0
2026-01-25 07:46:42 | INFO     | [SUCCESS] Day 24FEB
2026-01-25 07:46:42 | INFO     | [DAY_START] Processing 23FEB
[LF] Processing RUH-ATZ for 23FEB
2026-01-25 07:46:42 | INFO     | [lf.day.start] Processing RUH-ATZ for 23FEB
[LF] Sending SN command: SN23FEBRUHATZ/ASM
[LF] No direct flights on 23FEB for RUH-ATZ
2026-01-25 07:46:44 | WARNING  | [lf.day.no_flights] No direct flights on 23FEB
2026-01-25 07:46:44 | INFO     | [SUCCESS] Day 23FEB
2026-01-25 07:46:44 | INFO     | [DAY_START] Processing 22FEB
[LF] Processing RUH-ATZ for 22FEB
2026-01-25 07:46:44 | INFO     | [lf.day.start] Processing RUH-ATZ for 22FEB
[LF] Sending SN command: SN22FEBRUHATZ/ASM
[LF] 22FEB: found 1 direct flights
2026-01-25 07:46:45 | INFO     | [lf.day.flights_found] Found 1 flights on 22FEB
2026-01-25 07:46:47 | INFO     | [lf.flight.extracted] SM464 on 22FEB: BKG=60, LF=34.3%
[LF] SM464 22FEB: BKG=60, GRP=0, CAP=175, LF%=34.3%, Brd-Off=RUH-ATZ, Classes: I:2, O:17, U:17, X:12, T:8, G:1, L:1, K:2
[LF] Getting WEEKLY/LASTSOLD data for 1 flights
[LF] SM464 22FEB: LASTSOLD=2026-01-23 00:00:00, WEEKLY=13, TODAY=0, YDAY=0
2026-01-25 07:46:51 | INFO     | [SUCCESS] Day 22FEB
2026-01-25 07:46:51 | INFO     | [DAY_START] Processing 21FEB
[LF] Processing RUH-ATZ for 21FEB
2026-01-25 07:46:51 | INFO     | [lf.day.start] Processing RUH-ATZ for 21FEB
[LF] Sending SN command: SN21FEBRUHATZ/ASM
[LF] No direct flights on 21FEB for RUH-ATZ
2026-01-25 07:46:52 | WARNING  | [lf.day.no_flights] No direct flights on 21FEB
2026-01-25 07:46:52 | INFO     | [SUCCESS] Day 21FEB
2026-01-25 07:46:52 | INFO     | [DAY_START] Processing 20FEB
[LF] Processing RUH-ATZ for 20FEB
2026-01-25 07:46:52 | INFO     | [lf.day.start] Processing RUH-ATZ for 20FEB
[LF] Sending SN command: SN20FEBRUHATZ/ASM
[LF] No direct flights on 20FEB for RUH-ATZ
2026-01-25 07:46:54 | WARNING  | [lf.day.no_flights] No direct flights on 20FEB
2026-01-25 07:46:54 | INFO     | [SUCCESS] Day 20FEB
2026-01-25 07:46:54 | INFO     | [DAY_START] Processing 19FEB
[LF] Processing RUH-ATZ for 19FEB
2026-01-25 07:46:54 | INFO     | [lf.day.start] Processing RUH-ATZ for 19FEB
[LF] Sending SN command: SN19FEBRUHATZ/ASM
[LF] No direct flights on 19FEB for RUH-ATZ
2026-01-25 07:46:55 | WARNING  | [lf.day.no_flights] No direct flights on 19FEB
2026-01-25 07:46:55 | INFO     | [SUCCESS] Day 19FEB
2026-01-25 07:46:55 | INFO     | [DAY_START] Processing 18FEB
[LF] Processing RUH-ATZ for 18FEB
2026-01-25 07:46:55 | INFO     | [lf.day.start] Processing RUH-ATZ for 18FEB
[LF] Sending SN command: SN18FEBRUHATZ/ASM
[LF] 18FEB: found 1 direct flights
2026-01-25 07:46:56 | INFO     | [lf.day.flights_found] Found 1 flights on 18FEB
2026-01-25 07:46:58 | INFO     | [lf.flight.extracted] SM466 on 18FEB: BKG=24, LF=13.7%
[LF] SM466 18FEB: BKG=24, GRP=0, CAP=175, LF%=13.7%, Brd-Off=RUH-ATZ, Classes: O:1, U:15, X:2, T:1, S:2, G:2, K:1
[LF] Getting WEEKLY/LASTSOLD data for 1 flights
[LF] SM466 18FEB: LASTSOLD=2026-01-24 00:00:00, WEEKLY=9, TODAY=0, YDAY=4
2026-01-25 07:47:01 | INFO     | [SUCCESS] Day 18FEB
2026-01-25 07:47:01 | INFO     | [DAY_START] Processing 17FEB
[LF] Processing RUH-ATZ for 17FEB
2026-01-25 07:47:01 | INFO     | [lf.day.start] Processing RUH-ATZ for 17FEB
[LF] Sending SN command: SN17FEBRUHATZ/ASM
[LF] 17FEB: found 1 direct flights
2026-01-25 07:47:03 | INFO     | [lf.day.flights_found] Found 1 flights on 17FEB
2026-01-25 07:47:05 | INFO     | [lf.flight.extracted] SM464 on 17FEB: BKG=44, LF=25.1%
[LF] SM464 17FEB: BKG=44, GRP=0, CAP=175, LF%=25.1%, Brd-Off=RUH-ATZ, Classes: O:3, U:24, X:12, G:5
[LF] Getting WEEKLY/LASTSOLD data for 1 flights
[LF] SM464 17FEB: LASTSOLD=2026-01-24 00:00:00, WEEKLY=26, TODAY=0, YDAY=2
2026-01-25 07:47:10 | INFO     | [SUCCESS] Day 17FEB
[LF] Results summary:
  2026-02-24: 1 flights
  2026-02-23: 0 flights
  2026-02-22: 1 flights
  2026-02-21: 0 flights
  2026-02-20: 0 flights
  2026-02-19: 0 flights
  2026-02-18: 1 flights
  2026-02-17: 1 flights
2026-01-25 07:47:10 | INFO     | [SUCCESS] LF Search Complete

============================================================
[Worker_9227] ✓ COMPLETED: RUH-ATZ
  Results: 8 dates
  Errors: 0 dates
  Total Processed: 61 groups
============================================================

2026-01-25 07:47:10 | INFO     | [Worker_9227] Completed: RUH-ATZ - 8 results, 0 errors

============================================================
[Worker_9227] Processing: TUU-ATZ
  Tier 0: Range 1, Chunk 1/4
  Dates: 8 days
  Date Range: 2026-02-24 to 2026-02-17
============================================================

2026-01-25 07:47:10 | INFO     | [Worker_9227] Processing: TUU-ATZ
2026-01-25 07:47:10 | INFO     |   Tier 0: Range 1, Chunk 1/4 (8 days)
2026-01-25 07:47:10 | INFO     | ======================================================================
2026-01-25 07:47:10 | INFO     | Load Factor Scraper Started - Route: TUU-ATZ
2026-01-25 07:47:10 | INFO     | Log file: D:\CODERED\LAB\Artifacts\outputs\run_generated_250126_at_07.06\logs\LF_TUU-ATZ_20260125_074710.log
2026-01-25 07:47:10 | INFO     | Enhanced logging: Capturing both logging.info() and print()
2026-01-25 07:47:10 | INFO     | ======================================================================
[LF] Processing dates (override): ['24FEB', '23FEB', '22FEB', '21FEB', '20FEB', '19FEB', '18FEB', '17FEB']
[LF] Attaching to Chrome for Altea access
2026-01-25 07:47:10 | INFO     | Starting LF search for route: TUU-ATZ
2026-01-25 07:47:10 | INFO     | [START] LF Search
[LF][[OK] SUCCESS] Connected to Chrome on 127.0.0.1:9227 (after 1 attempts)
2026-01-25 07:47:12 | INFO     | [HEALTH CHECK] [OK] Chrome connection is healthy
[LF][[OK] SUCCESS] Found Amadeus Altea window: Altéa Reservation Desktop
[LF][[INFO] INFO] URL: https://tc212.resdesktop.altea.amadeus.com/app_ard/apf/init/login?SITE=ESMPESMP&LANGUAGE=GB&MARKETS=ARDW_PROD_WBP&ACTION=clpLogin
2026-01-25 07:47:12 | INFO     | [DAY_START] Processing 24FEB
[LF] Processing TUU-ATZ for 24FEB
2026-01-25 07:47:12 | INFO     | [lf.day.start] Processing TUU-ATZ for 24FEB
[LF] Sending SN command: SN24FEBTUUATZ/ASM
[LF] No direct flights on 24FEB for TUU-ATZ
2026-01-25 07:47:13 | WARNING  | [lf.day.no_flights] No direct flights on 24FEB
2026-01-25 07:47:13 | INFO     | [SUCCESS] Day 24FEB
2026-01-25 07:47:13 | INFO     | [DAY_START] Processing 23FEB
[LF] Processing TUU-ATZ for 23FEB
2026-01-25 07:47:13 | INFO     | [lf.day.start] Processing TUU-ATZ for 23FEB
[LF] Sending SN command: SN23FEBTUUATZ/ASM
[LF] No direct flights on 23FEB for TUU-ATZ
2026-01-25 07:47:15 | WARNING  | [lf.day.no_flights] No direct flights on 23FEB
2026-01-25 07:47:15 | INFO     | [SUCCESS] Day 23FEB
2026-01-25 07:47:15 | INFO     | [DAY_START] Processing 22FEB
[LF] Processing TUU-ATZ for 22FEB
2026-01-25 07:47:15 | INFO     | [lf.day.start] Processing TUU-ATZ for 22FEB
[LF] Sending SN command: SN22FEBTUUATZ/ASM
[LF] No direct flights on 22FEB for TUU-ATZ
2026-01-25 07:47:16 | WARNING  | [lf.day.no_flights] No direct flights on 22FEB
2026-01-25 07:47:16 | INFO     | [SUCCESS] Day 22FEB
2026-01-25 07:47:16 | INFO     | [DAY_START] Processing 21FEB
[LF] Processing TUU-ATZ for 21FEB
2026-01-25 07:47:16 | INFO     | [lf.day.start] Processing TUU-ATZ for 21FEB
[LF] Sending SN command: SN21FEBTUUATZ/ASM
[LF] No direct flights on 21FEB for TUU-ATZ
2026-01-25 07:47:19 | WARNING  | [lf.day.no_flights] No direct flights on 21FEB
2026-01-25 07:47:19 | INFO     | [SUCCESS] Day 21FEB
2026-01-25 07:47:19 | INFO     | [DAY_START] Processing 20FEB
[LF] Processing TUU-ATZ for 20FEB
2026-01-25 07:47:19 | INFO     | [lf.day.start] Processing TUU-ATZ for 20FEB
[LF] Sending SN command: SN20FEBTUUATZ/ASM
[LF] 20FEB: found 1 direct flights
2026-01-25 07:47:20 | INFO     | [lf.day.flights_found] Found 1 flights on 20FEB
2026-01-25 07:47:22 | INFO     | [lf.flight.extracted] SM328 on 20FEB: BKG=11, LF=6.3%
[LF] SM328 20FEB: BKG=11, GRP=0, CAP=175, LF%=6.3%, Brd-Off=TUU-ATZ, Classes: I:5, O:4, U:1, G:1
[LF] Getting WEEKLY/LASTSOLD data for 1 flights
[LF] SM328 20FEB: LASTSOLD=2026-01-24 00:00:00, WEEKLY=6, TODAY=0, YDAY=1
2026-01-25 07:47:25 | INFO     | [SUCCESS] Day 20FEB
2026-01-25 07:47:25 | INFO     | [DAY_START] Processing 19FEB
[LF] Processing TUU-ATZ for 19FEB
2026-01-25 07:47:25 | INFO     | [lf.day.start] Processing TUU-ATZ for 19FEB
[LF] Sending SN command: SN19FEBTUUATZ/ASM
[LF] No direct flights on 19FEB for TUU-ATZ
2026-01-25 07:47:27 | WARNING  | [lf.day.no_flights] No direct flights on 19FEB
2026-01-25 07:47:27 | INFO     | [SUCCESS] Day 19FEB
2026-01-25 07:47:27 | INFO     | [DAY_START] Processing 18FEB
[LF] Processing TUU-ATZ for 18FEB
2026-01-25 07:47:27 | INFO     | [lf.day.start] Processing TUU-ATZ for 18FEB
[LF] Sending SN command: SN18FEBTUUATZ/ASM
[LF] No direct flights on 18FEB for TUU-ATZ
2026-01-25 07:47:28 | WARNING  | [lf.day.no_flights] No direct flights on 18FEB
2026-01-25 07:47:28 | INFO     | [SUCCESS] Day 18FEB
2026-01-25 07:47:28 | INFO     | [DAY_START] Processing 17FEB
[LF] Processing TUU-ATZ for 17FEB
2026-01-25 07:47:28 | INFO     | [lf.day.start] Processing TUU-ATZ for 17FEB
[LF] Sending SN command: SN17FEBTUUATZ/ASM
[LF] No direct flights on 17FEB for TUU-ATZ
2026-01-25 07:47:29 | WARNING  | [lf.day.no_flights] No direct flights on 17FEB
2026-01-25 07:47:29 | INFO     | [SUCCESS] Day 17FEB
[LF] Results summary:
  2026-02-24: 0 flights
  2026-02-23: 0 flights
  2026-02-22: 0 flights
  2026-02-21: 0 flights
  2026-02-20: 1 flights
  2026-02-19: 0 flights
  2026-02-18: 0 flights
  2026-02-17: 0 flights
2026-01-25 07:47:29 | INFO     | [SUCCESS] LF Search Complete

============================================================
[Worker_9227] ✓ COMPLETED: TUU-ATZ
  Results: 8 dates
  Errors: 0 dates
  Total Processed: 62 groups
============================================================

2026-01-25 07:47:29 | INFO     | [Worker_9227] Completed: TUU-ATZ - 8 results, 0 errors

============================================================
[Worker_9227] Processing: AHB-ATZ
  Tier 0: Range 1, Chunk 1/4
  Dates: 8 days
  Date Range: 2026-02-24 to 2026-02-17
============================================================

2026-01-25 07:47:29 | INFO     | [Worker_9227] Processing: AHB-ATZ
2026-01-25 07:47:29 | INFO     |   Tier 0: Range 1, Chunk 1/4 (8 days)
2026-01-25 07:47:29 | INFO     | ======================================================================
2026-01-25 07:47:29 | INFO     | Load Factor Scraper Started - Route: AHB-ATZ
2026-01-25 07:47:29 | INFO     | Log file: D:\CODERED\LAB\Artifacts\outputs\run_generated_250126_at_07.06\logs\LF_AHB-ATZ_20260125_074729.log
2026-01-25 07:47:29 | INFO     | Enhanced logging: Capturing both logging.info() and print()
2026-01-25 07:47:29 | INFO     | ======================================================================
[LF] Processing dates (override): ['24FEB', '23FEB', '22FEB', '21FEB', '20FEB', '19FEB', '18FEB', '17FEB']
[LF] Attaching to Chrome for Altea access
2026-01-25 07:47:29 | INFO     | Starting LF search for route: AHB-ATZ
2026-01-25 07:47:29 | INFO     | [START] LF Search
[LF][[OK] SUCCESS] Connected to Chrome on 127.0.0.1:9227 (after 1 attempts)
2026-01-25 07:47:30 | INFO     | [HEALTH CHECK] [OK] Chrome connection is healthy
[LF][[OK] SUCCESS] Found Amadeus Altea window: Altéa Reservation Desktop
[LF][[INFO] INFO] URL: https://tc212.resdesktop.altea.amadeus.com/app_ard/apf/init/login?SITE=ESMPESMP&LANGUAGE=GB&MARKETS=ARDW_PROD_WBP&ACTION=clpLogin
2026-01-25 07:47:30 | INFO     | [DAY_START] Processing 24FEB
[LF] Processing AHB-ATZ for 24FEB
2026-01-25 07:47:30 | INFO     | [lf.day.start] Processing AHB-ATZ for 24FEB
[LF] Sending SN command: SN24FEBAHBATZ/ASM
[LF] No direct flights on 24FEB for AHB-ATZ
2026-01-25 07:47:32 | WARNING  | [lf.day.no_flights] No direct flights on 24FEB
2026-01-25 07:47:32 | INFO     | [SUCCESS] Day 24FEB
2026-01-25 07:47:32 | INFO     | [DAY_START] Processing 23FEB
[LF] Processing AHB-ATZ for 23FEB
2026-01-25 07:47:32 | INFO     | [lf.day.start] Processing AHB-ATZ for 23FEB
[LF] Sending SN command: SN23FEBAHBATZ/ASM
[LF] No direct flights on 23FEB for AHB-ATZ
2026-01-25 07:47:33 | WARNING  | [lf.day.no_flights] No direct flights on 23FEB
2026-01-25 07:47:33 | INFO     | [SUCCESS] Day 23FEB
2026-01-25 07:47:33 | INFO     | [DAY_START] Processing 22FEB
[LF] Processing AHB-ATZ for 22FEB
2026-01-25 07:47:33 | INFO     | [lf.day.start] Processing AHB-ATZ for 22FEB
[LF] Sending SN command: SN22FEBAHBATZ/ASM
[LF] No direct flights on 22FEB for AHB-ATZ
2026-01-25 07:47:34 | WARNING  | [lf.day.no_flights] No direct flights on 22FEB
2026-01-25 07:47:34 | INFO     | [SUCCESS] Day 22FEB
2026-01-25 07:47:34 | INFO     | [DAY_START] Processing 21FEB
[LF] Processing AHB-ATZ for 21FEB
2026-01-25 07:47:34 | INFO     | [lf.day.start] Processing AHB-ATZ for 21FEB
[LF] Sending SN command: SN21FEBAHBATZ/ASM
[LF] No direct flights on 21FEB for AHB-ATZ
2026-01-25 07:47:35 | WARNING  | [lf.day.no_flights] No direct flights on 21FEB
2026-01-25 07:47:35 | INFO     | [SUCCESS] Day 21FEB
2026-01-25 07:47:35 | INFO     | [DAY_START] Processing 20FEB
[LF] Processing AHB-ATZ for 20FEB
2026-01-25 07:47:35 | INFO     | [lf.day.start] Processing AHB-ATZ for 20FEB
[LF] Sending SN command: SN20FEBAHBATZ/ASM
[LF] 20FEB: found 1 direct flights
2026-01-25 07:47:37 | INFO     | [lf.day.flights_found] Found 1 flights on 20FEB
2026-01-25 07:47:39 | INFO     | [lf.flight.extracted] SM446 on 20FEB: BKG=17, LF=9.7%
[LF] SM446 20FEB: BKG=17, GRP=0, CAP=175, LF%=9.7%, Brd-Off=AHB-ATZ, Classes: G:16, L:1
[LF] Getting WEEKLY/LASTSOLD data for 1 flights
[LF] SM446 20FEB: LASTSOLD=2026-01-23 00:00:00, WEEKLY=4, TODAY=0, YDAY=0
2026-01-25 07:47:42 | INFO     | [SUCCESS] Day 20FEB
2026-01-25 07:47:42 | INFO     | [DAY_START] Processing 19FEB
[LF] Processing AHB-ATZ for 19FEB
2026-01-25 07:47:42 | INFO     | [lf.day.start] Processing AHB-ATZ for 19FEB
[LF] Sending SN command: SN19FEBAHBATZ/ASM
[LF] No direct flights on 19FEB for AHB-ATZ
2026-01-25 07:47:43 | WARNING  | [lf.day.no_flights] No direct flights on 19FEB
2026-01-25 07:47:43 | INFO     | [SUCCESS] Day 19FEB
2026-01-25 07:47:43 | INFO     | [DAY_START] Processing 18FEB
[LF] Processing AHB-ATZ for 18FEB
2026-01-25 07:47:43 | INFO     | [lf.day.start] Processing AHB-ATZ for 18FEB
[LF] Sending SN command: SN18FEBAHBATZ/ASM
[LF] No direct flights on 18FEB for AHB-ATZ
2026-01-25 07:47:45 | WARNING  | [lf.day.no_flights] No direct flights on 18FEB
2026-01-25 07:47:45 | INFO     | [SUCCESS] Day 18FEB
2026-01-25 07:47:45 | INFO     | [DAY_START] Processing 17FEB
[LF] Processing AHB-ATZ for 17FEB
2026-01-25 07:47:45 | INFO     | [lf.day.start] Processing AHB-ATZ for 17FEB
[LF] Sending SN command: SN17FEBAHBATZ/ASM
[LF] No direct flights on 17FEB for AHB-ATZ
2026-01-25 07:47:46 | WARNING  | [lf.day.no_flights] No direct flights on 17FEB
2026-01-25 07:47:46 | INFO     | [SUCCESS] Day 17FEB
[LF] Results summary:
  2026-02-24: 0 flights
  2026-02-23: 0 flights
  2026-02-22: 0 flights
  2026-02-21: 0 flights
  2026-02-20: 1 flights
  2026-02-19: 0 flights
  2026-02-18: 0 flights
  2026-02-17: 0 flights
2026-01-25 07:47:46 | INFO     | [SUCCESS] LF Search Complete

============================================================
[Worker_9227] ✓ COMPLETED: AHB-ATZ
  Results: 8 dates
  Errors: 0 dates
  Total Processed: 63 groups
============================================================

2026-01-25 07:47:46 | INFO     | [Worker_9227] Completed: AHB-ATZ - 8 results, 0 errors

============================================================
[Worker_9227] Processing: ELQ-ATZ
  Tier 0: Range 1, Chunk 1/4
  Dates: 8 days
  Date Range: 2026-02-24 to 2026-02-17
============================================================

2026-01-25 07:47:46 | INFO     | [Worker_9227] Processing: ELQ-ATZ
2026-01-25 07:47:46 | INFO     |   Tier 0: Range 1, Chunk 1/4 (8 days)
2026-01-25 07:47:46 | INFO     | ======================================================================
2026-01-25 07:47:46 | INFO     | Load Factor Scraper Started - Route: ELQ-ATZ
2026-01-25 07:47:46 | INFO     | Log file: D:\CODERED\LAB\Artifacts\outputs\run_generated_250126_at_07.06\logs\LF_ELQ-ATZ_20260125_074746.log
2026-01-25 07:47:46 | INFO     | Enhanced logging: Capturing both logging.info() and print()
2026-01-25 07:47:46 | INFO     | ======================================================================
[LF] Processing dates (override): ['24FEB', '23FEB', '22FEB', '21FEB', '20FEB', '19FEB', '18FEB', '17FEB']
[LF] Attaching to Chrome for Altea access
2026-01-25 07:47:46 | INFO     | Starting LF search for route: ELQ-ATZ
2026-01-25 07:47:46 | INFO     | [START] LF Search
[LF][[OK] SUCCESS] Connected to Chrome on 127.0.0.1:9227 (after 1 attempts)
2026-01-25 07:47:47 | INFO     | [HEALTH CHECK] [OK] Chrome connection is healthy
[LF][[OK] SUCCESS] Found Amadeus Altea window: Altéa Reservation Desktop
[LF][[INFO] INFO] URL: https://tc212.resdesktop.altea.amadeus.com/app_ard/apf/init/login?SITE=ESMPESMP&LANGUAGE=GB&MARKETS=ARDW_PROD_WBP&ACTION=clpLogin
2026-01-25 07:47:47 | INFO     | [DAY_START] Processing 24FEB
[LF] Processing ELQ-ATZ for 24FEB
2026-01-25 07:47:47 | INFO     | [lf.day.start] Processing ELQ-ATZ for 24FEB
[LF] Sending SN command: SN24FEBELQATZ/ASM
[LF] No direct flights on 24FEB for ELQ-ATZ
2026-01-25 07:47:48 | WARNING  | [lf.day.no_flights] No direct flights on 24FEB
2026-01-25 07:47:48 | INFO     | [SUCCESS] Day 24FEB
2026-01-25 07:47:48 | INFO     | [DAY_START] Processing 23FEB
[LF] Processing ELQ-ATZ for 23FEB
2026-01-25 07:47:48 | INFO     | [lf.day.start] Processing ELQ-ATZ for 23FEB
[LF] Sending SN command: SN23FEBELQATZ/ASM
[LF] No direct flights on 23FEB for ELQ-ATZ
2026-01-25 07:47:50 | WARNING  | [lf.day.no_flights] No direct flights on 23FEB
2026-01-25 07:47:50 | INFO     | [SUCCESS] Day 23FEB
2026-01-25 07:47:50 | INFO     | [DAY_START] Processing 22FEB
[LF] Processing ELQ-ATZ for 22FEB
2026-01-25 07:47:50 | INFO     | [lf.day.start] Processing ELQ-ATZ for 22FEB
[LF] Sending SN command: SN22FEBELQATZ/ASM
[LF] No direct flights on 22FEB for ELQ-ATZ
2026-01-25 07:47:51 | WARNING  | [lf.day.no_flights] No direct flights on 22FEB
2026-01-25 07:47:51 | INFO     | [SUCCESS] Day 22FEB
2026-01-25 07:47:51 | INFO     | [DAY_START] Processing 21FEB
[LF] Processing ELQ-ATZ for 21FEB
2026-01-25 07:47:51 | INFO     | [lf.day.start] Processing ELQ-ATZ for 21FEB
[LF] Sending SN command: SN21FEBELQATZ/ASM
[LF] 21FEB: found 1 direct flights
2026-01-25 07:47:52 | INFO     | [lf.day.flights_found] Found 1 flights on 21FEB
2026-01-25 07:47:54 | INFO     | [lf.flight.extracted] SM436 on 21FEB: BKG=41, LF=23.4%
[LF] SM436 21FEB: BKG=41, GRP=0, CAP=175, LF%=23.4%, Brd-Off=ELQ-ATZ, Classes: I:9, O:3, U:5, X:9, T:14, W:1
[LF] Getting WEEKLY/LASTSOLD data for 1 flights
[LF] SM436 21FEB: LASTSOLD=2026-01-23 00:00:00, WEEKLY=8, TODAY=0, YDAY=0
2026-01-25 07:47:58 | INFO     | [SUCCESS] Day 21FEB
2026-01-25 07:47:58 | INFO     | [DAY_START] Processing 20FEB
[LF] Processing ELQ-ATZ for 20FEB
2026-01-25 07:47:58 | INFO     | [lf.day.start] Processing ELQ-ATZ for 20FEB
[LF] Sending SN command: SN20FEBELQATZ/ASM
[LF] No direct flights on 20FEB for ELQ-ATZ
2026-01-25 07:47:59 | WARNING  | [lf.day.no_flights] No direct flights on 20FEB
2026-01-25 07:47:59 | INFO     | [SUCCESS] Day 20FEB
2026-01-25 07:47:59 | INFO     | [DAY_START] Processing 19FEB
[LF] Processing ELQ-ATZ for 19FEB
2026-01-25 07:47:59 | INFO     | [lf.day.start] Processing ELQ-ATZ for 19FEB
[LF] Sending SN command: SN19FEBELQATZ/ASM
[LF] No direct flights on 19FEB for ELQ-ATZ
2026-01-25 07:48:01 | WARNING  | [lf.day.no_flights] No direct flights on 19FEB
2026-01-25 07:48:01 | INFO     | [SUCCESS] Day 19FEB
2026-01-25 07:48:01 | INFO     | [DAY_START] Processing 18FEB
[LF] Processing ELQ-ATZ for 18FEB
2026-01-25 07:48:01 | INFO     | [lf.day.start] Processing ELQ-ATZ for 18FEB
[LF] Sending SN command: SN18FEBELQATZ/ASM
[LF] 18FEB: found 1 direct flights
2026-01-25 07:48:02 | INFO     | [lf.day.flights_found] Found 1 flights on 18FEB
2026-01-25 07:48:04 | INFO     | [lf.flight.extracted] SM436 on 18FEB: BKG=37, LF=21.1%
[LF] SM436 18FEB: BKG=37, GRP=0, CAP=175, LF%=21.1%, Brd-Off=ELQ-ATZ, Classes: I:5, O:10, U:10, X:10, T:2
[LF] Getting WEEKLY/LASTSOLD data for 1 flights
[LF] SM436 18FEB: LASTSOLD=2026-01-24 00:00:00, WEEKLY=10, TODAY=0, YDAY=4
2026-01-25 07:48:08 | INFO     | [SUCCESS] Day 18FEB
2026-01-25 07:48:08 | INFO     | [DAY_START] Processing 17FEB
[LF] Processing ELQ-ATZ for 17FEB
2026-01-25 07:48:08 | INFO     | [lf.day.start] Processing ELQ-ATZ for 17FEB
[LF] Sending SN command: SN17FEBELQATZ/ASM
[LF] No direct flights on 17FEB for ELQ-ATZ
2026-01-25 07:48:09 | WARNING  | [lf.day.no_flights] No direct flights on 17FEB
2026-01-25 07:48:09 | INFO     | [SUCCESS] Day 17FEB
[LF] Results summary:
  2026-02-24: 0 flights
  2026-02-23: 0 flights
  2026-02-22: 0 flights
  2026-02-21: 1 flights
  2026-02-20: 0 flights
  2026-02-19: 0 flights
  2026-02-18: 1 flights
  2026-02-17: 0 flights
2026-01-25 07:48:09 | INFO     | [SUCCESS] LF Search Complete

============================================================
[Worker_9227] ✓ COMPLETED: ELQ-ATZ
  Results: 8 dates
  Errors: 0 dates
  Total Processed: 64 groups
============================================================

2026-01-25 07:48:27 | INFO     | [Worker_9227] Completed: ELQ-ATZ - 8 results, 0 errors

============================================================
[Worker_9227] Processing: LXR-JED
  Tier 0: Range 1, Chunk 1/4
  Dates: 8 days
  Date Range: 2026-02-24 to 2026-02-17
============================================================

2026-01-25 07:48:27 | INFO     | [Worker_9227] Processing: LXR-JED
2026-01-25 07:48:27 | INFO     |   Tier 0: Range 1, Chunk 1/4 (8 days)
2026-01-25 07:48:27 | INFO     | ======================================================================
2026-01-25 07:48:27 | INFO     | Load Factor Scraper Started - Route: LXR-JED
2026-01-25 07:48:27 | INFO     | Log file: D:\CODERED\LAB\Artifacts\outputs\run_generated_250126_at_07.06\logs\LF_LXR-JED_20260125_074827.log
2026-01-25 07:48:27 | INFO     | Enhanced logging: Capturing both logging.info() and print()
2026-01-25 07:48:27 | INFO     | ======================================================================
[LF] Processing dates (override): ['24FEB', '23FEB', '22FEB', '21FEB', '20FEB', '19FEB', '18FEB', '17FEB']
[LF] Attaching to Chrome for Altea access
2026-01-25 07:48:27 | INFO     | Starting LF search for route: LXR-JED
2026-01-25 07:48:27 | INFO     | [START] LF Search
[LF][[OK] SUCCESS] Connected to Chrome on 127.0.0.1:9227 (after 1 attempts)
2026-01-25 07:48:28 | INFO     | [HEALTH CHECK] [OK] Chrome connection is healthy
[LF][[OK] SUCCESS] Found Amadeus Altea window: Altéa Reservation Desktop
[LF][[INFO] INFO] URL: https://tc212.resdesktop.altea.amadeus.com/app_ard/apf/init/login?SITE=ESMPESMP&LANGUAGE=GB&MARKETS=ARDW_PROD_WBP&ACTION=clpLogin
2026-01-25 07:48:28 | INFO     | [DAY_START] Processing 24FEB
[LF] Processing LXR-JED for 24FEB
2026-01-25 07:48:28 | INFO     | [lf.day.start] Processing LXR-JED for 24FEB
[LF] Sending SN command: SN24FEBLXRJED/ASM
[LF] 24FEB: found 4 direct flights
2026-01-25 07:48:30 | INFO     | [lf.day.flights_found] Found 4 flights on 24FEB
2026-01-25 07:48:32 | INFO     | [lf.flight.extracted] SM429 on 24FEB: BKG=0, LF=0.0%
[LF] SM429 24FEB: BKG=0, GRP=0, CAP=179, LF%=0.0%, Brd-Off=LXR-JED
2026-01-25 07:48:35 | INFO     | [lf.flight.extracted] SM483 on 24FEB: BKG=0, LF=0.0%
[LF] SM483 24FEB: BKG=0, GRP=0, CAP=179, LF%=0.0%, Brd-Off=LXR-JED
2026-01-25 07:48:39 | INFO     | [lf.flight.extracted] SM981 on 24FEB: BKG=0, LF=0.0%
[LF] SM981 24FEB: BKG=0, GRP=0, CAP=179, LF%=0.0%, Brd-Off=LXR-JED
2026-01-25 07:48:42 | INFO     | [lf.flight.extracted] SM959 on 24FEB: BKG=0, LF=0.0%
[LF] SM959 24FEB: BKG=0, GRP=0, CAP=179, LF%=0.0%, Brd-Off=LXR-JED
2026-01-25 07:48:43 | INFO     | [SUCCESS] Day 24FEB
2026-01-25 07:48:43 | INFO     | [DAY_START] Processing 23FEB
[LF] Processing LXR-JED for 23FEB
2026-01-25 07:48:43 | INFO     | [lf.day.start] Processing LXR-JED for 23FEB
[LF] Sending SN command: SN23FEBLXRJED/ASM
[LF] 23FEB: found 2 direct flights
2026-01-25 07:48:44 | INFO     | [lf.day.flights_found] Found 2 flights on 23FEB
2026-01-25 07:48:46 | INFO     | [lf.flight.extracted] SM981 on 23FEB: BKG=0, LF=0.0%
[LF] SM981 23FEB: BKG=0, GRP=0, CAP=179, LF%=0.0%, Brd-Off=LXR-JED
2026-01-25 07:48:50 | INFO     | [lf.flight.extracted] SM481 on 23FEB: BKG=0, LF=0.0%
[LF] SM481 23FEB: BKG=0, GRP=0, CAP=179, LF%=0.0%, Brd-Off=LXR-JED
2026-01-25 07:48:51 | INFO     | [SUCCESS] Day 23FEB
2026-01-25 07:48:51 | INFO     | [DAY_START] Processing 22FEB
[LF] Processing LXR-JED for 22FEB
2026-01-25 07:48:51 | INFO     | [lf.day.start] Processing LXR-JED for 22FEB
[LF] Sending SN command: SN22FEBLXRJED/ASM
[LF] No direct flights on 22FEB for LXR-JED
2026-01-25 07:48:53 | WARNING  | [lf.day.no_flights] No direct flights on 22FEB
2026-01-25 07:48:53 | INFO     | [SUCCESS] Day 22FEB
2026-01-25 07:48:53 | INFO     | [DAY_START] Processing 21FEB
[LF] Processing LXR-JED for 21FEB
2026-01-25 07:48:53 | INFO     | [lf.day.start] Processing LXR-JED for 21FEB
[LF] Sending SN command: SN21FEBLXRJED/ASM
[LF] No direct flights on 21FEB for LXR-JED
2026-01-25 07:48:54 | WARNING  | [lf.day.no_flights] No direct flights on 21FEB
2026-01-25 07:48:54 | INFO     | [SUCCESS] Day 21FEB
2026-01-25 07:48:54 | INFO     | [DAY_START] Processing 20FEB
[LF] Processing LXR-JED for 20FEB
2026-01-25 07:48:54 | INFO     | [lf.day.start] Processing LXR-JED for 20FEB
[LF] Sending SN command: SN20FEBLXRJED/ASM
[LF] No direct flights on 20FEB for LXR-JED
2026-01-25 07:48:55 | WARNING  | [lf.day.no_flights] No direct flights on 20FEB
2026-01-25 07:48:55 | INFO     | [SUCCESS] Day 20FEB
2026-01-25 07:48:55 | INFO     | [DAY_START] Processing 19FEB
[LF] Processing LXR-JED for 19FEB
2026-01-25 07:48:55 | INFO     | [lf.day.start] Processing LXR-JED for 19FEB
[LF] Sending SN command: SN19FEBLXRJED/ASM
[LF] No direct flights on 19FEB for LXR-JED
2026-01-25 07:48:56 | WARNING  | [lf.day.no_flights] No direct flights on 19FEB
2026-01-25 07:48:56 | INFO     | [SUCCESS] Day 19FEB
2026-01-25 07:48:56 | INFO     | [DAY_START] Processing 18FEB
[LF] Processing LXR-JED for 18FEB
2026-01-25 07:48:56 | INFO     | [lf.day.start] Processing LXR-JED for 18FEB
[LF] Sending SN command: SN18FEBLXRJED/ASM
[LF] No direct flights on 18FEB for LXR-JED
2026-01-25 07:48:58 | WARNING  | [lf.day.no_flights] No direct flights on 18FEB
2026-01-25 07:48:58 | INFO     | [SUCCESS] Day 18FEB
2026-01-25 07:48:58 | INFO     | [DAY_START] Processing 17FEB
[LF] Processing LXR-JED for 17FEB
2026-01-25 07:48:58 | INFO     | [lf.day.start] Processing LXR-JED for 17FEB
[LF] Sending SN command: SN17FEBLXRJED/ASM
[LF] 17FEB: found 4 direct flights
2026-01-25 07:48:59 | INFO     | [lf.day.flights_found] Found 4 flights on 17FEB
2026-01-25 07:49:01 | INFO     | [lf.flight.extracted] SM429 on 17FEB: BKG=0, LF=0.0%
[LF] SM429 17FEB: BKG=0, GRP=0, CAP=179, LF%=0.0%, Brd-Off=LXR-JED
2026-01-25 07:49:05 | INFO     | [lf.flight.extracted] SM483 on 17FEB: BKG=0, LF=0.0%
[LF] SM483 17FEB: BKG=0, GRP=0, CAP=179, LF%=0.0%, Brd-Off=LXR-JED
2026-01-25 07:49:08 | INFO     | [lf.flight.extracted] SM981 on 17FEB: BKG=0, LF=0.0%
[LF] SM981 17FEB: BKG=0, GRP=0, CAP=179, LF%=0.0%, Brd-Off=LXR-JED
2026-01-25 07:49:11 | INFO     | [lf.flight.extracted] SM983 on 17FEB: BKG=0, LF=0.0%
[LF] SM983 17FEB: BKG=0, GRP=0, CAP=179, LF%=0.0%, Brd-Off=LXR-JED
2026-01-25 07:49:12 | INFO     | [SUCCESS] Day 17FEB
[LF] Results summary:
  2026-02-24: 4 flights
  2026-02-23: 2 flights
  2026-02-22: 0 flights
  2026-02-21: 0 flights
  2026-02-20: 0 flights
  2026-02-19: 0 flights
  2026-02-18: 0 flights
  2026-02-17: 4 flights
2026-01-25 07:49:12 | INFO     | [SUCCESS] LF Search Complete

============================================================
[Worker_9227] ✓ COMPLETED: LXR-JED
  Results: 8 dates
  Errors: 0 dates
  Total Processed: 65 groups
============================================================

2026-01-25 07:49:12 | INFO     | [Worker_9227] Completed: LXR-JED - 8 results, 0 errors

============================================================
[Worker_9227] Processing: CAI-DMM
  Tier 0: Range 1, Chunk 1/4
  Dates: 8 days
  Date Range: 2026-02-24 to 2026-02-17
============================================================

2026-01-25 07:49:12 | INFO     | [Worker_9227] Processing: CAI-DMM
2026-01-25 07:49:12 | INFO     |   Tier 0: Range 1, Chunk 1/4 (8 days)
2026-01-25 07:49:12 | INFO     | ======================================================================
2026-01-25 07:49:12 | INFO     | Load Factor Scraper Started - Route: CAI-DMM
2026-01-25 07:49:12 | INFO     | Log file: D:\CODERED\LAB\Artifacts\outputs\run_generated_250126_at_07.06\logs\LF_CAI-DMM_20260125_074912.log
2026-01-25 07:49:13 | INFO     | Enhanced logging: Capturing both logging.info() and print()
2026-01-25 07:49:13 | INFO     | ======================================================================
[LF] Processing dates (override): ['24FEB', '23FEB', '22FEB', '21FEB', '20FEB', '19FEB', '18FEB', '17FEB']
[LF] Attaching to Chrome for Altea access
2026-01-25 07:49:13 | INFO     | Starting LF search for route: CAI-DMM
2026-01-25 07:49:13 | INFO     | [START] LF Search
[LF][[OK] SUCCESS] Connected to Chrome on 127.0.0.1:9227 (after 1 attempts)
2026-01-25 07:49:14 | INFO     | [HEALTH CHECK] [OK] Chrome connection is healthy
[LF][[OK] SUCCESS] Found Amadeus Altea window: Altéa Reservation Desktop
[LF][[INFO] INFO] URL: https://tc212.resdesktop.altea.amadeus.com/app_ard/apf/init/login?SITE=ESMPESMP&LANGUAGE=GB&MARKETS=ARDW_PROD_WBP&ACTION=clpLogin
2026-01-25 07:49:14 | INFO     | [DAY_START] Processing 24FEB
[LF] Processing CAI-DMM for 24FEB
2026-01-25 07:49:14 | INFO     | [lf.day.start] Processing CAI-DMM for 24FEB
[LF] Sending SN command: SN24FEBCAIDMM/ASM
[LF] 24FEB: found 1 direct flights
2026-01-25 07:49:15 | INFO     | [lf.day.flights_found] Found 1 flights on 24FEB
2026-01-25 07:49:17 | INFO     | [lf.flight.extracted] SM433 on 24FEB: BKG=4, LF=2.2%
[LF] SM433 24FEB: BKG=4, GRP=0, CAP=179, LF%=2.2%, Brd-Off=CAI-DMM, Classes: I:3, X:1
[LF] Getting WEEKLY/LASTSOLD data for 1 flights
[LF] SM433 24FEB: LASTSOLD=2026-01-18 00:00:00, WEEKLY=1, TODAY=0, YDAY=0
2026-01-25 07:49:20 | INFO     | [SUCCESS] Day 24FEB
2026-01-25 07:49:20 | INFO     | [DAY_START] Processing 23FEB
[LF] Processing CAI-DMM for 23FEB
2026-01-25 07:49:20 | INFO     | [lf.day.start] Processing CAI-DMM for 23FEB
[LF] Sending SN command: SN23FEBCAIDMM/ASM
[LF] No direct flights on 23FEB for CAI-DMM
2026-01-25 07:49:21 | WARNING  | [lf.day.no_flights] No direct flights on 23FEB
2026-01-25 07:49:21 | INFO     | [SUCCESS] Day 23FEB
2026-01-25 07:49:21 | INFO     | [DAY_START] Processing 22FEB
[LF] Processing CAI-DMM for 22FEB
2026-01-25 07:49:21 | INFO     | [lf.day.start] Processing CAI-DMM for 22FEB
[LF] Sending SN command: SN22FEBCAIDMM/ASM
[LF] No direct flights on 22FEB for CAI-DMM
2026-01-25 07:49:23 | WARNING  | [lf.day.no_flights] No direct flights on 22FEB
2026-01-25 07:49:23 | INFO     | [SUCCESS] Day 22FEB
2026-01-25 07:49:23 | INFO     | [DAY_START] Processing 21FEB
[LF] Processing CAI-DMM for 21FEB
2026-01-25 07:49:23 | INFO     | [lf.day.start] Processing CAI-DMM for 21FEB
[LF] Sending SN command: SN21FEBCAIDMM/ASM
[LF] 21FEB: found 1 direct flights
2026-01-25 07:49:24 | INFO     | [lf.day.flights_found] Found 1 flights on 21FEB
2026-01-25 07:49:26 | INFO     | [lf.flight.extracted] SM433 on 21FEB: BKG=12, LF=6.7%
[LF] SM433 21FEB: BKG=12, GRP=0, CAP=179, LF%=6.7%, Brd-Off=CAI-DMM, Classes: I:9, X:1, W:1, G:1
[LF] Getting WEEKLY/LASTSOLD data for 1 flights
[LF] SM433 21FEB: LASTSOLD=2026-01-24 00:00:00, WEEKLY=5, TODAY=0, YDAY=2
2026-01-25 07:49:29 | INFO     | [SUCCESS] Day 21FEB
2026-01-25 07:49:29 | INFO     | [DAY_START] Processing 20FEB
[LF] Processing CAI-DMM for 20FEB
2026-01-25 07:49:29 | INFO     | [lf.day.start] Processing CAI-DMM for 20FEB
[LF] Sending SN command: SN20FEBCAIDMM/ASM
[LF] 20FEB: found 1 direct flights
2026-01-25 07:49:30 | INFO     | [lf.day.flights_found] Found 1 flights on 20FEB
2026-01-25 07:49:32 | INFO     | [lf.flight.extracted] SM433 on 20FEB: BKG=13, LF=7.4%
[LF] SM433 20FEB: BKG=13, GRP=0, CAP=176, LF%=7.4%, Brd-Off=CAI-DMM, Classes: I:4, O:6, U:1, X:2
[LF] Getting WEEKLY/LASTSOLD data for 1 flights
[LF] SM433 20FEB: LASTSOLD=2026-01-24 00:00:00, WEEKLY=8, TODAY=0, YDAY=2
2026-01-25 07:49:35 | INFO     | [SUCCESS] Day 20FEB
2026-01-25 07:49:35 | INFO     | [DAY_START] Processing 19FEB
[LF] Processing CAI-DMM for 19FEB
2026-01-25 07:49:35 | INFO     | [lf.day.start] Processing CAI-DMM for 19FEB
[LF] Sending SN command: SN19FEBCAIDMM/ASM
[LF] 19FEB: found 1 direct flights
2026-01-25 07:49:36 | INFO     | [lf.day.flights_found] Found 1 flights on 19FEB
2026-01-25 07:49:38 | INFO     | [lf.flight.extracted] SM433 on 19FEB: BKG=3, LF=1.7%
[LF] SM433 19FEB: BKG=3, GRP=0, CAP=179, LF%=1.7%, Brd-Off=CAI-DMM, Classes: I:2, U:1
[LF] Getting WEEKLY/LASTSOLD data for 1 flights
[LF] SM433 19FEB: LASTSOLD=2026-01-19 00:00:00, WEEKLY=2, TODAY=0, YDAY=0
2026-01-25 07:49:41 | INFO     | [SUCCESS] Day 19FEB
2026-01-25 07:49:41 | INFO     | [DAY_START] Processing 18FEB
[LF] Processing CAI-DMM for 18FEB
2026-01-25 07:49:41 | INFO     | [lf.day.start] Processing CAI-DMM for 18FEB
[LF] Sending SN command: SN18FEBCAIDMM/ASM
[LF] No direct flights on 18FEB for CAI-DMM
2026-01-25 07:49:42 | WARNING  | [lf.day.no_flights] No direct flights on 18FEB
2026-01-25 07:49:42 | INFO     | [SUCCESS] Day 18FEB
2026-01-25 07:49:42 | INFO     | [DAY_START] Processing 17FEB
[LF] Processing CAI-DMM for 17FEB
2026-01-25 07:49:42 | INFO     | [lf.day.start] Processing CAI-DMM for 17FEB
[LF] Sending SN command: SN17FEBCAIDMM/ASM
[LF] 17FEB: found 1 direct flights
2026-01-25 07:49:43 | INFO     | [lf.day.flights_found] Found 1 flights on 17FEB
2026-01-25 07:49:46 | INFO     | [lf.flight.extracted] SM433 on 17FEB: BKG=10, LF=5.6%
[LF] SM433 17FEB: BKG=10, GRP=0, CAP=179, LF%=5.6%, Brd-Off=CAI-DMM, Classes: I:5, O:5
[LF] Getting WEEKLY/LASTSOLD data for 1 flights
[LF] SM433 17FEB: LASTSOLD=2026-01-20 00:00:00, WEEKLY=7, TODAY=0, YDAY=0
2026-01-25 07:49:48 | INFO     | [SUCCESS] Day 17FEB
[LF] Results summary:
  2026-02-24: 1 flights
  2026-02-23: 0 flights
  2026-02-22: 0 flights
  2026-02-21: 1 flights
  2026-02-20: 1 flights
  2026-02-19: 1 flights
  2026-02-18: 0 flights
  2026-02-17: 1 flights
2026-01-25 07:49:48 | INFO     | [SUCCESS] LF Search Complete

============================================================
[Worker_9227] ✓ COMPLETED: CAI-DMM
  Results: 8 dates
  Errors: 0 dates
  Total Processed: 66 groups
============================================================

2026-01-25 07:49:48 | INFO     | [Worker_9227] Completed: CAI-DMM - 8 results, 0 errors

============================================================
[Worker_9227] Processing: ATZ-AJF
  Tier 0: Range 1, Chunk 1/4
  Dates: 8 days
  Date Range: 2026-02-24 to 2026-02-17
============================================================

2026-01-25 07:49:48 | INFO     | [Worker_9227] Processing: ATZ-AJF
2026-01-25 07:49:48 | INFO     |   Tier 0: Range 1, Chunk 1/4 (8 days)
2026-01-25 07:49:48 | INFO     | ======================================================================
2026-01-25 07:49:48 | INFO     | Load Factor Scraper Started - Route: ATZ-AJF
2026-01-25 07:49:48 | INFO     | Log file: D:\CODERED\LAB\Artifacts\outputs\run_generated_250126_at_07.06\logs\LF_ATZ-AJF_20260125_074948.log
2026-01-25 07:49:48 | INFO     | Enhanced logging: Capturing both logging.info() and print()
2026-01-25 07:49:48 | INFO     | ======================================================================
[LF] Processing dates (override): ['24FEB', '23FEB', '22FEB', '21FEB', '20FEB', '19FEB', '18FEB', '17FEB']
[LF] Attaching to Chrome for Altea access
2026-01-25 07:49:48 | INFO     | Starting LF search for route: ATZ-AJF
2026-01-25 07:49:48 | INFO     | [START] LF Search
[LF][[OK] SUCCESS] Connected to Chrome on 127.0.0.1:9227 (after 1 attempts)
2026-01-25 07:49:50 | INFO     | [HEALTH CHECK] [OK] Chrome connection is healthy
[LF][[OK] SUCCESS] Found Amadeus Altea window: Altéa Reservation Desktop
[LF][[INFO] INFO] URL: https://tc212.resdesktop.altea.amadeus.com/app_ard/apf/init/login?SITE=ESMPESMP&LANGUAGE=GB&MARKETS=ARDW_PROD_WBP&ACTION=clpLogin
2026-01-25 07:49:50 | INFO     | [DAY_START] Processing 24FEB
[LF] Processing ATZ-AJF for 24FEB
2026-01-25 07:49:50 | INFO     | [lf.day.start] Processing ATZ-AJF for 24FEB
[LF] Sending SN command: SN24FEBATZAJF/ASM
[LF] No direct flights on 24FEB for ATZ-AJF
2026-01-25 07:49:51 | WARNING  | [lf.day.no_flights] No direct flights on 24FEB
2026-01-25 07:49:51 | INFO     | [SUCCESS] Day 24FEB
2026-01-25 07:49:51 | INFO     | [DAY_START] Processing 23FEB
[LF] Processing ATZ-AJF for 23FEB
2026-01-25 07:49:51 | INFO     | [lf.day.start] Processing ATZ-AJF for 23FEB
[LF] Sending SN command: SN23FEBATZAJF/ASM
[LF] No direct flights on 23FEB for ATZ-AJF
2026-01-25 07:49:52 | WARNING  | [lf.day.no_flights] No direct flights on 23FEB
2026-01-25 07:49:52 | INFO     | [SUCCESS] Day 23FEB
2026-01-25 07:49:52 | INFO     | [DAY_START] Processing 22FEB
[LF] Processing ATZ-AJF for 22FEB
2026-01-25 07:49:52 | INFO     | [lf.day.start] Processing ATZ-AJF for 22FEB
[LF] Sending SN command: SN22FEBATZAJF/ASM
[LF] No direct flights on 22FEB for ATZ-AJF
2026-01-25 07:49:54 | WARNING  | [lf.day.no_flights] No direct flights on 22FEB
2026-01-25 07:49:54 | INFO     | [SUCCESS] Day 22FEB
2026-01-25 07:49:54 | INFO     | [DAY_START] Processing 21FEB
[LF] Processing ATZ-AJF for 21FEB
2026-01-25 07:49:54 | INFO     | [lf.day.start] Processing ATZ-AJF for 21FEB
[LF] Sending SN command: SN21FEBATZAJF/ASM
[LF] No direct flights on 21FEB for ATZ-AJF
2026-01-25 07:49:55 | WARNING  | [lf.day.no_flights] No direct flights on 21FEB
2026-01-25 07:49:55 | INFO     | [SUCCESS] Day 21FEB
2026-01-25 07:49:55 | INFO     | [DAY_START] Processing 20FEB
[LF] Processing ATZ-AJF for 20FEB
2026-01-25 07:49:55 | INFO     | [lf.day.start] Processing ATZ-AJF for 20FEB
[LF] Sending SN command: SN20FEBATZAJF/ASM
[LF] 20FEB: found 1 direct flights
2026-01-25 07:49:56 | INFO     | [lf.day.flights_found] Found 1 flights on 20FEB
2026-01-25 07:49:58 | INFO     | [lf.flight.extracted] SM323 on 20FEB: BKG=3, LF=1.7%
[LF] SM323 20FEB: BKG=3, GRP=0, CAP=179, LF%=1.7%, Brd-Off=ATZ-AJF, Classes: I:3
[LF] Getting WEEKLY/LASTSOLD data for 1 flights
[LF] SM323 20FEB: LASTSOLD=2026-01-23 00:00:00, WEEKLY=2, TODAY=0, YDAY=0
2026-01-25 07:50:01 | INFO     | [SUCCESS] Day 20FEB
2026-01-25 07:50:01 | INFO     | [DAY_START] Processing 19FEB
[LF] Processing ATZ-AJF for 19FEB
2026-01-25 07:50:01 | INFO     | [lf.day.start] Processing ATZ-AJF for 19FEB
[LF] Sending SN command: SN19FEBATZAJF/ASM
[LF] No direct flights on 19FEB for ATZ-AJF
2026-01-25 07:50:02 | WARNING  | [lf.day.no_flights] No direct flights on 19FEB
2026-01-25 07:50:02 | INFO     | [SUCCESS] Day 19FEB
2026-01-25 07:50:02 | INFO     | [DAY_START] Processing 18FEB
[LF] Processing ATZ-AJF for 18FEB
2026-01-25 07:50:02 | INFO     | [lf.day.start] Processing ATZ-AJF for 18FEB
[LF] Sending SN command: SN18FEBATZAJF/ASM
[LF] No direct flights on 18FEB for ATZ-AJF
2026-01-25 07:50:04 | WARNING  | [lf.day.no_flights] No direct flights on 18FEB
2026-01-25 07:50:04 | INFO     | [SUCCESS] Day 18FEB
2026-01-25 07:50:04 | INFO     | [DAY_START] Processing 17FEB
[LF] Processing ATZ-AJF for 17FEB
2026-01-25 07:50:04 | INFO     | [lf.day.start] Processing ATZ-AJF for 17FEB
[LF] Sending SN command: SN17FEBATZAJF/ASM
[LF] No direct flights on 17FEB for ATZ-AJF
2026-01-25 07:50:05 | WARNING  | [lf.day.no_flights] No direct flights on 17FEB
2026-01-25 07:50:05 | INFO     | [SUCCESS] Day 17FEB
[LF] Results summary:
  2026-02-24: 0 flights
  2026-02-23: 0 flights
  2026-02-22: 0 flights
  2026-02-21: 0 flights
  2026-02-20: 1 flights
  2026-02-19: 0 flights
  2026-02-18: 0 flights
  2026-02-17: 0 flights
2026-01-25 07:50:05 | INFO     | [SUCCESS] LF Search Complete

============================================================
[Worker_9227] ✓ COMPLETED: ATZ-AJF
  Results: 8 dates
  Errors: 0 dates
  Total Processed: 67 groups
============================================================

2026-01-25 07:50:05 | INFO     | [Worker_9227] Completed: ATZ-AJF - 8 results, 0 errors

============================================================
[Worker_9227] Processing: ATZ-ELQ
  Tier 0: Range 1, Chunk 1/4
  Dates: 8 days
  Date Range: 2026-02-24 to 2026-02-17
============================================================

2026-01-25 07:50:05 | INFO     | [Worker_9227] Processing: ATZ-ELQ
2026-01-25 07:50:05 | INFO     |   Tier 0: Range 1, Chunk 1/4 (8 days)
2026-01-25 07:50:05 | INFO     | ======================================================================
2026-01-25 07:50:05 | INFO     | Load Factor Scraper Started - Route: ATZ-ELQ
2026-01-25 07:50:05 | INFO     | Log file: D:\CODERED\LAB\Artifacts\outputs\run_generated_250126_at_07.06\logs\LF_ATZ-ELQ_20260125_075005.log
2026-01-25 07:50:05 | INFO     | Enhanced logging: Capturing both logging.info() and print()
2026-01-25 07:50:05 | INFO     | ======================================================================
[LF] Processing dates (override): ['24FEB', '23FEB', '22FEB', '21FEB', '20FEB', '19FEB', '18FEB', '17FEB']
[LF] Attaching to Chrome for Altea access
2026-01-25 07:50:05 | INFO     | Starting LF search for route: ATZ-ELQ
2026-01-25 07:50:05 | INFO     | [START] LF Search
[LF][[OK] SUCCESS] Connected to Chrome on 127.0.0.1:9227 (after 1 attempts)
2026-01-25 07:50:06 | INFO     | [HEALTH CHECK] [OK] Chrome connection is healthy
[LF][[OK] SUCCESS] Found Amadeus Altea window: Altéa Reservation Desktop
[LF][[INFO] INFO] URL: https://tc212.resdesktop.altea.amadeus.com/app_ard/apf/init/login?SITE=ESMPESMP&LANGUAGE=GB&MARKETS=ARDW_PROD_WBP&ACTION=clpLogin
2026-01-25 07:50:06 | INFO     | [DAY_START] Processing 24FEB
[LF] Processing ATZ-ELQ for 24FEB
2026-01-25 07:50:06 | INFO     | [lf.day.start] Processing ATZ-ELQ for 24FEB
[LF] Sending SN command: SN24FEBATZELQ/ASM
[LF] 24FEB: found 1 direct flights
2026-01-25 07:50:09 | INFO     | [lf.day.flights_found] Found 1 flights on 24FEB
2026-01-25 07:50:11 | INFO     | [lf.flight.extracted] SM435 on 24FEB: BKG=94, LF=52.5%
[LF] SM435 24FEB: BKG=94, GRP=90, CAP=179, LF%=52.5%, Brd-Off=ATZ-ELQ, Classes: P:90, I:3, X:1
[LF] Getting WEEKLY/LASTSOLD data for 1 flights
[LF] SM435 24FEB: LASTSOLD=2026-01-22 00:00:00, WEEKLY=2, TODAY=0, YDAY=0
2026-01-25 07:50:13 | INFO     | [SUCCESS] Day 24FEB
2026-01-25 07:50:13 | INFO     | [DAY_START] Processing 23FEB
[LF] Processing ATZ-ELQ for 23FEB
2026-01-25 07:50:13 | INFO     | [lf.day.start] Processing ATZ-ELQ for 23FEB
[LF] Sending SN command: SN23FEBATZELQ/ASM
[LF] No direct flights on 23FEB for ATZ-ELQ
2026-01-25 07:50:15 | WARNING  | [lf.day.no_flights] No direct flights on 23FEB
2026-01-25 07:50:15 | INFO     | [SUCCESS] Day 23FEB
2026-01-25 07:50:15 | INFO     | [DAY_START] Processing 22FEB
[LF] Processing ATZ-ELQ for 22FEB
2026-01-25 07:50:15 | INFO     | [lf.day.start] Processing ATZ-ELQ for 22FEB
[LF] Sending SN command: SN22FEBATZELQ/ASM
[LF] No direct flights on 22FEB for ATZ-ELQ
2026-01-25 07:50:16 | WARNING  | [lf.day.no_flights] No direct flights on 22FEB
2026-01-25 07:50:16 | INFO     | [SUCCESS] Day 22FEB
2026-01-25 07:50:16 | INFO     | [DAY_START] Processing 21FEB
[LF] Processing ATZ-ELQ for 21FEB
2026-01-25 07:50:16 | INFO     | [lf.day.start] Processing ATZ-ELQ for 21FEB
[LF] Sending SN command: SN21FEBATZELQ/ASM
[LF] 21FEB: found 1 direct flights
2026-01-25 07:50:17 | INFO     | [lf.day.flights_found] Found 1 flights on 21FEB
2026-01-25 07:50:19 | INFO     | [lf.flight.extracted] SM435 on 21FEB: BKG=97, LF=54.2%
[LF] SM435 21FEB: BKG=97, GRP=90, CAP=179, LF%=54.2%, Brd-Off=ATZ-ELQ, Classes: P:90, I:4, X:1, G:2
[LF] Getting WEEKLY/LASTSOLD data for 1 flights
[LF] SM435 21FEB: LASTSOLD=2026-01-23 00:00:00, WEEKLY=3, TODAY=0, YDAY=0
2026-01-25 07:50:23 | INFO     | [SUCCESS] Day 21FEB
2026-01-25 07:50:23 | INFO     | [DAY_START] Processing 20FEB
[LF] Processing ATZ-ELQ for 20FEB
2026-01-25 07:50:23 | INFO     | [lf.day.start] Processing ATZ-ELQ for 20FEB
[LF] Sending SN command: SN20FEBATZELQ/ASM
[LF] No direct flights on 20FEB for ATZ-ELQ
2026-01-25 07:50:24 | WARNING  | [lf.day.no_flights] No direct flights on 20FEB
2026-01-25 07:50:24 | INFO     | [SUCCESS] Day 20FEB
2026-01-25 07:50:24 | INFO     | [DAY_START] Processing 19FEB
[LF] Processing ATZ-ELQ for 19FEB
2026-01-25 07:50:24 | INFO     | [lf.day.start] Processing ATZ-ELQ for 19FEB
[LF] Sending SN command: SN19FEBATZELQ/ASM
[LF] No direct flights on 19FEB for ATZ-ELQ
2026-01-25 07:50:26 | WARNING  | [lf.day.no_flights] No direct flights on 19FEB
2026-01-25 07:50:26 | INFO     | [SUCCESS] Day 19FEB
2026-01-25 07:50:26 | INFO     | [DAY_START] Processing 18FEB
[LF] Processing ATZ-ELQ for 18FEB
2026-01-25 07:50:26 | INFO     | [lf.day.start] Processing ATZ-ELQ for 18FEB
[LF] Sending SN command: SN18FEBATZELQ/ASM
[LF] No direct flights on 18FEB for ATZ-ELQ
2026-01-25 07:50:28 | WARNING  | [lf.day.no_flights] No direct flights on 18FEB
2026-01-25 07:50:28 | INFO     | [SUCCESS] Day 18FEB
2026-01-25 07:50:28 | INFO     | [DAY_START] Processing 17FEB
[LF] Processing ATZ-ELQ for 17FEB
2026-01-25 07:50:28 | INFO     | [lf.day.start] Processing ATZ-ELQ for 17FEB
[LF] Sending SN command: SN17FEBATZELQ/ASM
[LF] 17FEB: found 1 direct flights
2026-01-25 07:50:29 | INFO     | [lf.day.flights_found] Found 1 flights on 17FEB
2026-01-25 07:50:32 | INFO     | [lf.flight.extracted] SM435 on 17FEB: BKG=138, LF=77.1%
[LF] SM435 17FEB: BKG=138, GRP=135, CAP=179, LF%=77.1%, Brd-Off=ATZ-ELQ, Classes: P:135, I:2, X:1
[LF] Getting WEEKLY/LASTSOLD data for 1 flights
[LF] SM435 17FEB: LASTSOLD=2026-01-20 00:00:00, WEEKLY=1, TODAY=0, YDAY=0
2026-01-25 07:50:37 | INFO     | [SUCCESS] Day 17FEB
[LF] Results summary:
  2026-02-24: 1 flights
  2026-02-23: 0 flights
  2026-02-22: 0 flights
  2026-02-21: 1 flights
  2026-02-20: 0 flights
  2026-02-19: 0 flights
  2026-02-18: 0 flights
  2026-02-17: 1 flights
2026-01-25 07:50:37 | INFO     | [SUCCESS] LF Search Complete

============================================================
[Worker_9227] ✓ COMPLETED: ATZ-ELQ
  Results: 8 dates
  Errors: 0 dates
  Total Processed: 68 groups
============================================================

2026-01-25 07:50:37 | INFO     | [Worker_9227] Completed: ATZ-ELQ - 8 results, 0 errors

============================================================
[Worker_9227] Processing: JED-CAI
  Tier 0: Range 1, Chunk 2/4
  Dates: 8 days
  Date Range: 2026-02-16 to 2026-02-09
============================================================

2026-01-25 07:50:37 | INFO     | [Worker_9227] Processing: JED-CAI
2026-01-25 07:50:37 | INFO     |   Tier 0: Range 1, Chunk 2/4 (8 days)
2026-01-25 07:50:37 | INFO     | ======================================================================
2026-01-25 07:50:37 | INFO     | Load Factor Scraper Started - Route: JED-CAI
2026-01-25 07:50:37 | INFO     | Log file: D:\CODERED\LAB\Artifacts\outputs\run_generated_250126_at_07.06\logs\LF_JED-CAI_20260125_075037.log
2026-01-25 07:50:37 | INFO     | Enhanced logging: Capturing both logging.info() and print()
2026-01-25 07:50:37 | INFO     | ======================================================================
[LF] Processing dates (override): ['16FEB', '15FEB', '14FEB', '13FEB', '12FEB', '11FEB', '10FEB', '09FEB']
[LF] Attaching to Chrome for Altea access
2026-01-25 07:50:37 | INFO     | Starting LF search for route: JED-CAI
2026-01-25 07:50:37 | INFO     | [START] LF Search
[LF][[OK] SUCCESS] Connected to Chrome on 127.0.0.1:9227 (after 1 attempts)
2026-01-25 07:50:38 | INFO     | [HEALTH CHECK] [OK] Chrome connection is healthy
[LF][[OK] SUCCESS] Found Amadeus Altea window: Altéa Reservation Desktop
[LF][[INFO] INFO] URL: https://tc212.resdesktop.altea.amadeus.com/app_ard/apf/init/login?SITE=ESMPESMP&LANGUAGE=GB&MARKETS=ARDW_PROD_WBP&ACTION=clpLogin
2026-01-25 07:50:38 | INFO     | [DAY_START] Processing 16FEB
[LF] Processing JED-CAI for 16FEB
2026-01-25 07:50:38 | INFO     | [lf.day.start] Processing JED-CAI for 16FEB
[LF] JED↔Cairo route detected - querying both CAI and CCE airports
[LF] Sending SN command: SN16FEBJEDCAI/ASM
[LF] 16FEB: 1 cancelled flight(s) detected from SN (JED-CAI)
[LF] Sending SN command: SN16FEBJEDCCE/ASM
[LF] 16FEB: 1 cancelled flight(s) detected from SN (JED-CCE)
[LF] 16FEB: found 7 direct flights
2026-01-25 07:50:40 | INFO     | [lf.day.flights_found] Found 7 flights on 16FEB
2026-01-25 07:50:42 | INFO     | [lf.flight.extracted] SM480 on 16FEB: BKG=11, LF=6.3%
[LF] SM480 16FEB: BKG=11, GRP=1, CAP=175, LF%=6.3%, Brd-Off=JED-CAI, Classes: E:1, I:9, X:1
[LPC] SM480 16FEB: Found 2 outbound flights with connecting passengers
2026-01-25 07:50:49 | INFO     | [lf.flight.extracted] SM976 on 16FEB: BKG=1, LF=0.6%
[LF] SM976 16FEB: BKG=1, GRP=0, CAP=167, LF%=0.6%, Brd-Off=JED-CAI, Classes: I:1
2026-01-25 07:50:53 | INFO     | [lf.flight.extracted] SM476 on 16FEB: BKG=14, LF=8.1%
[LF] SM476 16FEB: BKG=14, GRP=0, CAP=174, LF%=8.1%, Brd-Off=JED-CAI, Classes: I:13, U:1
2026-01-25 07:50:56 | INFO     | [lf.flight.extracted] SM2458 on 16FEB: BKG=0, LF=0.0%
[LF] SM2458 16FEB: BKG=0, GRP=0, CAP=175, LF%=0.0%, Brd-Off=JED-CAI
2026-01-25 07:50:59 | INFO     | [lf.flight.extracted] SM460 on 16FEB: BKG=15, LF=8.6%
[LF] SM460 16FEB: BKG=15, GRP=0, CAP=175, LF%=8.6%, Brd-Off=JED-CAI, Classes: I:15
2026-01-25 07:51:03 | INFO     | [lf.flight.extracted] SM978 on 16FEB: BKG=9, LF=5.4%
[LF] SM978 16FEB: BKG=9, GRP=0, CAP=167, LF%=5.4%, Brd-Off=JED-CAI, Classes: I:9
2026-01-25 07:51:06 | INFO     | [lf.flight.extracted] SM478 on 16FEB: BKG=25, LF=14.3%
[LF] SM478 16FEB: BKG=25, GRP=0, CAP=175, LF%=14.3%, Brd-Off=JED-CAI, Classes: I:23, O:1, U:1
[LF] Getting WEEKLY/LASTSOLD data for 6 flights
[LF] SM480 16FEB: LASTSOLD=2026-01-22 00:00:00, WEEKLY=2, TODAY=0, YDAY=0
[LF] SM976 16FEB: LASTSOLD=2026-01-25 00:00:00, WEEKLY=1, TODAY=1, YDAY=0
[LF] SM476 16FEB: LASTSOLD=2026-01-22 00:00:00, WEEKLY=2, TODAY=0, YDAY=0
[LF] SM460 16FEB: LASTSOLD=2026-01-11 00:00:00, WEEKLY=0, TODAY=0, YDAY=0
[LF] SM978 16FEB: LASTSOLD=2026-01-12 00:00:00, WEEKLY=0, TODAY=0, YDAY=0
[LF] SM478 16FEB: LASTSOLD=2026-01-19 00:00:00, WEEKLY=25, TODAY=0, YDAY=0
2026-01-25 07:51:16 | INFO     | [SUCCESS] Day 16FEB
2026-01-25 07:51:16 | INFO     | [DAY_START] Processing 15FEB
[LF] Processing JED-CAI for 15FEB
2026-01-25 07:51:16 | INFO     | [lf.day.start] Processing JED-CAI for 15FEB
[LF] JED↔Cairo route detected - querying both CAI and CCE airports
[LF] Sending SN command: SN15FEBJEDCAI/ASM
[LF] Sending SN command: SN15FEBJEDCCE/ASM
[LF] 15FEB: found 7 direct flights
2026-01-25 07:51:18 | INFO     | [lf.day.flights_found] Found 7 flights on 15FEB
2026-01-25 07:51:20 | INFO     | [lf.flight.extracted] SM424 on 15FEB: BKG=62, LF=35.4%
[LF] SM424 15FEB: BKG=62, GRP=35, CAP=175, LF%=35.4%, Brd-Off=JED-CAI, Classes: E:35, I:27
[LPC] SM424 15FEB: Found 1 outbound flights with connecting passengers
2026-01-25 07:51:25 | INFO     | [lf.flight.extracted] SM476 on 15FEB: BKG=40, LF=22.9%
[LF] SM476 15FEB: BKG=40, GRP=0, CAP=175, LF%=22.9%, Brd-Off=JED-CAI, Classes: I:33, U:5, X:1, S:1
[LPC] SM476 15FEB: Found 1 outbound flights with connecting passengers
2026-01-25 07:51:29 | INFO     | [lf.flight.extracted] SM2484 on 15FEB: BKG=0, LF=0.0%
[LF] SM2484 15FEB: BKG=0, GRP=0, CAP=175, LF%=0.0%, Brd-Off=JED-CAI
2026-01-25 07:51:33 | INFO     | [lf.flight.extracted] SM460 on 15FEB: BKG=46, LF=26.7%
[LF] SM460 15FEB: BKG=46, GRP=0, CAP=172, LF%=26.7%, Brd-Off=JED-CAI, Classes: I:43, O:1, U:1, X:1
2026-01-25 07:51:36 | INFO     | [lf.flight.extracted] SM478 on 15FEB: BKG=50, LF=28.6%
[LF] SM478 15FEB: BKG=50, GRP=0, CAP=175, LF%=28.6%, Brd-Off=JED-CAI, Classes: I:44, O:5, U:1
2026-01-25 07:51:40 | INFO     | [lf.flight.extracted] SM958 on 15FEB: BKG=40, LF=23.9%
[LF] SM958 15FEB: BKG=40, GRP=0, CAP=167, LF%=23.9%, Brd-Off=JED-CAI, Classes: I:30, O:8, S:1, K:1
[LPC] SM958 15FEB: Found 1 outbound flights with connecting passengers
2026-01-25 07:51:45 | INFO     | [lf.flight.extracted] SM432 on 15FEB: BKG=20, LF=11.4%
[LF] SM432 15FEB: BKG=20, GRP=0, CAP=175, LF%=11.4%, Brd-Off=JED-CAI, Classes: I:20
[LF] Getting WEEKLY/LASTSOLD data for 6 flights
[LF] SM424 15FEB: LASTSOLD=2026-01-23 00:00:00, WEEKLY=11, TODAY=0, YDAY=0
[LF] SM476 15FEB: LASTSOLD=2026-01-24 00:00:00, WEEKLY=15, TODAY=0, YDAY=1
[LF] SM460 15FEB: LASTSOLD=2026-01-18 00:00:00, WEEKLY=7, TODAY=0, YDAY=0
[LF] SM478 15FEB: LASTSOLD=2026-01-22 00:00:00, WEEKLY=2, TODAY=0, YDAY=0
[LF] SM958 15FEB: LASTSOLD=2026-01-22 00:00:00, WEEKLY=5, TODAY=0, YDAY=0
[LF] SM432 15FEB: LASTSOLD=2026-01-21 00:00:00, WEEKLY=20, TODAY=0, YDAY=0
2026-01-25 07:52:07 | INFO     | [SUCCESS] Day 15FEB
2026-01-25 07:52:07 | INFO     | [DAY_START] Processing 14FEB
[LF] Processing JED-CAI for 14FEB
2026-01-25 07:52:07 | INFO     | [lf.day.start] Processing JED-CAI for 14FEB
[LF] JED↔Cairo route detected - querying both CAI and CCE airports
[LF] Sending SN command: SN14FEBJEDCAI/ASM
[LF] Sending SN command: SN14FEBJEDCCE/ASM
[LF] 14FEB: found 4 direct flights
2026-01-25 07:52:09 | INFO     | [lf.day.flights_found] Found 4 flights on 14FEB
2026-01-25 07:52:12 | INFO     | [lf.flight.extracted] SM976 on 14FEB: BKG=41, LF=24.6%
[LF] SM976 14FEB: BKG=41, GRP=0, CAP=167, LF%=24.6%, Brd-Off=JED-CAI, Classes: I:30, O:11
2026-01-25 07:52:15 | INFO     | [lf.flight.extracted] SM450 on 14FEB: BKG=46, LF=26.3%
[LF] SM450 14FEB: BKG=46, GRP=0, CAP=175, LF%=26.3%, Brd-Off=JED-CAI, Classes: I:43, O:3
2026-01-25 07:52:19 | INFO     | [lf.flight.extracted] SM478 on 14FEB: BKG=157, LF=91.3%
[LF] SM478 14FEB: BKG=157, GRP=70, CAP=172, LF%=91.3%, Brd-Off=JED-CAI, Classes: P:70, I:50, O:25, U:11, T:1
2026-01-25 07:52:23 | INFO     | [lf.flight.extracted] SM476 on 14FEB: BKG=27, LF=15.7%
[LF] SM476 14FEB: BKG=27, GRP=0, CAP=172, LF%=15.7%, Brd-Off=JED-CAI, Classes: I:22, O:5
[LF] Getting WEEKLY/LASTSOLD data for 4 flights
[LF] SM976 14FEB: LASTSOLD=2026-01-13 00:00:00, WEEKLY=0, TODAY=0, YDAY=0
[LF] SM450 14FEB: LASTSOLD=2026-01-24 00:00:00, WEEKLY=24, TODAY=0, YDAY=3
[LF] SM478 14FEB: LASTSOLD=2026-01-24 00:00:00, WEEKLY=15, TODAY=0, YDAY=2
[LF] SM476 14FEB: LASTSOLD=2026-01-20 00:00:00, WEEKLY=28, TODAY=0, YDAY=0
2026-01-25 07:52:40 | INFO     | [SUCCESS] Day 14FEB
2026-01-25 07:52:40 | INFO     | [DAY_START] Processing 13FEB
[LF] Processing JED-CAI for 13FEB
2026-01-25 07:52:40 | INFO     | [lf.day.start] Processing JED-CAI for 13FEB
[LF] JED↔Cairo route detected - querying both CAI and CCE airports
[LF] Sending SN command: SN13FEBJEDCAI/ASM
[LF] Sending SN command: SN13FEBJEDCCE/ASM
[LF] 13FEB: found 6 direct flights
2026-01-25 07:52:42 | INFO     | [lf.day.flights_found] Found 6 flights on 13FEB
2026-01-25 07:52:44 | INFO     | [lf.flight.extracted] SM424 on 13FEB: BKG=30, LF=17.4%
[LF] SM424 13FEB: BKG=30, GRP=0, CAP=172, LF%=17.4%, Brd-Off=JED-CAI, Classes: I:27, O:3
2026-01-25 07:52:48 | INFO     | [lf.flight.extracted] SM476 on 13FEB: BKG=35, LF=20.0%
[LF] SM476 13FEB: BKG=35, GRP=0, CAP=175, LF%=20.0%, Brd-Off=JED-CAI, Classes: I:34, O:1
2026-01-25 07:52:51 | INFO     | [lf.flight.extracted] SM480 on 13FEB: BKG=66, LF=38.4%
[LF] SM480 13FEB: BKG=66, GRP=0, CAP=172, LF%=38.4%, Brd-Off=JED-CAI, Classes: I:43, O:20, U:1, X:1, W:1
2026-01-25 07:52:55 | INFO     | [lf.flight.extracted] SM472 on 13FEB: BKG=65, LF=37.1%
[LF] SM472 13FEB: BKG=65, GRP=0, CAP=175, LF%=37.1%, Brd-Off=JED-CAI, Classes: I:44, O:18, U:3
2026-01-25 07:52:58 | INFO     | [lf.flight.extracted] SM460 on 13FEB: BKG=90, LF=51.4%
[LF] SM460 13FEB: BKG=90, GRP=38, CAP=175, LF%=51.4%, Brd-Off=JED-CAI, Classes: P:38, I:44, O:7, X:1
2026-01-25 07:53:02 | INFO     | [lf.flight.extracted] SM478 on 13FEB: BKG=28, LF=16.0%
[LF] SM478 13FEB: BKG=28, GRP=0, CAP=175, LF%=16.0%, Brd-Off=JED-CAI, Classes: I:25, O:3
[LF] Getting WEEKLY/LASTSOLD data for 6 flights
[LF] SM424 13FEB: LASTSOLD=2026-01-24 00:00:00, WEEKLY=7, TODAY=0, YDAY=1
[LF] SM476 13FEB: LASTSOLD=2026-01-24 00:00:00, WEEKLY=15, TODAY=0, YDAY=3
[LF] SM480 13FEB: LASTSOLD=2026-01-23 00:00:00, WEEKLY=17, TODAY=0, YDAY=0
[LF] SM472 13FEB: LASTSOLD=2026-01-23 00:00:00, WEEKLY=9, TODAY=0, YDAY=0
[LF] SM460 13FEB: LASTSOLD=2026-01-23 00:00:00, WEEKLY=21, TODAY=0, YDAY=0
[LF] SM478 13FEB: LASTSOLD=2026-01-22 00:00:00, WEEKLY=28, TODAY=0, YDAY=0
2026-01-25 07:53:25 | INFO     | [SUCCESS] Day 13FEB
2026-01-25 07:53:25 | INFO     | [DAY_START] Processing 12FEB
[LF] Processing JED-CAI for 12FEB
2026-01-25 07:53:25 | INFO     | [lf.day.start] Processing JED-CAI for 12FEB
[LF] JED↔Cairo route detected - querying both CAI and CCE airports
[LF] Sending SN command: SN12FEBJEDCAI/ASM
[LF] Sending SN command: SN12FEBJEDCCE/ASM
[LF] 12FEB: found 8 direct flights
2026-01-25 07:53:27 | INFO     | [lf.day.flights_found] Found 8 flights on 12FEB
2026-01-25 07:53:29 | INFO     | [lf.flight.extracted] SM424 on 12FEB: BKG=122, LF=69.7%
[LF] SM424 12FEB: BKG=122, GRP=85, CAP=175, LF%=69.7%, Brd-Off=JED-CAI, Classes: P:85, I:36, S:1
[LPC] SM424 12FEB: Found 1 outbound flights with connecting passengers
2026-01-25 07:53:34 | INFO     | [lf.flight.extracted] SM472 on 12FEB: BKG=105, LF=60.0%
[LF] SM472 12FEB: BKG=105, GRP=88, CAP=175, LF%=60.0%, Brd-Off=JED-CAI, Classes: P:45, E:43, I:17
2026-01-25 07:53:37 | INFO     | [lf.flight.extracted] SM450 on 12FEB: BKG=23, LF=13.1%
[LF] SM450 12FEB: BKG=23, GRP=0, CAP=175, LF%=13.1%, Brd-Off=JED-CAI, Classes: I:23
2026-01-25 07:53:41 | INFO     | [lf.flight.extracted] SM476 on 12FEB: BKG=118, LF=67.4%
[LF] SM476 12FEB: BKG=118, GRP=100, CAP=175, LF%=67.4%, Brd-Off=JED-CAI, Classes: P:100, I:18
2026-01-25 07:53:44 | INFO     | [lf.flight.extracted] SM478 on 12FEB: BKG=103, LF=58.9%
[LF] SM478 12FEB: BKG=103, GRP=49, CAP=175, LF%=58.9%, Brd-Off=JED-CAI, Classes: P:49, I:37, O:16, U:1
2026-01-25 07:53:48 | INFO     | [lf.flight.extracted] SM2458 on 12FEB: BKG=0, LF=0.0%
[LF] SM2458 12FEB: BKG=0, GRP=0, CAP=175, LF%=0.0%, Brd-Off=JED-CAI
2026-01-25 07:53:51 | INFO     | [lf.flight.extracted] SM480 on 12FEB: BKG=134, LF=80.2%
[LF] SM480 12FEB: BKG=134, GRP=66, CAP=167, LF%=80.2%, Brd-Off=JED-CAI, Classes: P:66, I:43, O:17, U:8
2026-01-25 07:53:54 | INFO     | [lf.flight.extracted] SM432 on 12FEB: BKG=22, LF=12.6%
[LF] SM432 12FEB: BKG=22, GRP=1, CAP=175, LF%=12.6%, Brd-Off=JED-CAI, Classes: P:1, I:21
[LF] Getting WEEKLY/LASTSOLD data for 7 flights
[LF] SM424 12FEB: LASTSOLD=2026-01-24 00:00:00, WEEKLY=11, TODAY=0, YDAY=2
[LF] SM472 12FEB: LASTSOLD=2026-01-24 00:00:00, WEEKLY=11, TODAY=0, YDAY=1
[LF] SM450 12FEB: LASTSOLD=2026-01-23 00:00:00, WEEKLY=9, TODAY=0, YDAY=0
[LF] SM476 12FEB: LASTSOLD=2026-01-23 00:00:00, WEEKLY=9, TODAY=0, YDAY=0
[LF] SM478 12FEB: LASTSOLD=2026-01-24 00:00:00, WEEKLY=13, TODAY=0, YDAY=3
[LF] SM480 12FEB: LASTSOLD=2026-01-22 00:00:00, WEEKLY=8, TODAY=0, YDAY=0
[LF] SM432 12FEB: LASTSOLD=2026-01-19 00:00:00, WEEKLY=23, TODAY=0, YDAY=0
2026-01-25 07:54:22 | INFO     | [SUCCESS] Day 12FEB
2026-01-25 07:54:22 | INFO     | [DAY_START] Processing 11FEB
[LF] Processing JED-CAI for 11FEB
2026-01-25 07:54:22 | INFO     | [lf.day.start] Processing JED-CAI for 11FEB
[LF] JED↔Cairo route detected - querying both CAI and CCE airports
[LF] Sending SN command: SN11FEBJEDCAI/ASM
[LF] Sending SN command: SN11FEBJEDCCE/ASM
[LF] 11FEB: found 5 direct flights
2026-01-25 07:54:24 | INFO     | [lf.day.flights_found] Found 5 flights on 11FEB
2026-01-25 07:54:26 | INFO     | [lf.flight.extracted] SM476 on 11FEB: BKG=47, LF=26.9%
[LF] SM476 11FEB: BKG=47, GRP=0, CAP=175, LF%=26.9%, Brd-Off=JED-CAI, Classes: I:42, O:5
2026-01-25 07:54:30 | INFO     | [lf.flight.extracted] SM460 on 11FEB: BKG=122, LF=69.7%
[LF] SM460 11FEB: BKG=122, GRP=75, CAP=175, LF%=69.7%, Brd-Off=JED-CAI, Classes: P:75, I:37, O:10
2026-01-25 07:54:33 | INFO     | [lf.flight.extracted] SM478 on 11FEB: BKG=124, LF=74.2%
[LF] SM478 11FEB: BKG=124, GRP=70, CAP=167, LF%=74.2%, Brd-Off=JED-CAI, Classes: P:70, I:39, O:9, U:6
2026-01-25 07:54:37 | INFO     | [lf.flight.extracted] SM980 on 11FEB: BKG=30, LF=17.4%
[LF] SM980 11FEB: BKG=30, GRP=0, CAP=172, LF%=17.4%, Brd-Off=JED-CAI, Classes: I:30
2026-01-25 07:54:40 | INFO     | [lf.flight.extracted] SM2454 on 11FEB: BKG=0, LF=0.0%
[LF] SM2454 11FEB: BKG=0, GRP=0, CAP=175, LF%=0.0%, Brd-Off=JED-CAI
[LF] Getting WEEKLY/LASTSOLD data for 4 flights
[LF] SM476 11FEB: LASTSOLD=2026-01-24 00:00:00, WEEKLY=10, TODAY=0, YDAY=1
[LF] SM460 11FEB: LASTSOLD=2026-01-24 00:00:00, WEEKLY=4, TODAY=0, YDAY=3
[LF] SM478 11FEB: LASTSOLD=2026-01-23 00:00:00, WEEKLY=24, TODAY=0, YDAY=0
[LF] SM980 11FEB: LASTSOLD=2026-01-24 00:00:00, WEEKLY=30, TODAY=0, YDAY=14
2026-01-25 07:54:55 | INFO     | [SUCCESS] Day 11FEB
2026-01-25 07:54:55 | INFO     | [DAY_START] Processing 10FEB
[LF] Processing JED-CAI for 10FEB
2026-01-25 07:54:55 | INFO     | [lf.day.start] Processing JED-CAI for 10FEB
[LF] JED↔Cairo route detected - querying both CAI and CCE airports
[LF] Sending SN command: SN10FEBJEDCAI/ASM
[LF] Sending SN command: SN10FEBJEDCCE/ASM
[LF] 10FEB: found 6 direct flights
2026-01-25 07:54:57 | INFO     | [lf.day.flights_found] Found 6 flights on 10FEB
2026-01-25 07:54:59 | INFO     | [lf.flight.extracted] SM972 on 10FEB: BKG=115, LF=64.6%
[LF] SM972 10FEB: BKG=115, GRP=103, CAP=178, LF%=64.6%, Brd-Off=JED-CAI, Classes: P:103, I:10, X:2
2026-01-25 07:55:02 | INFO     | [lf.flight.extracted] SM480 on 10FEB: BKG=112, LF=64.0%
[LF] SM480 10FEB: BKG=112, GRP=39, CAP=175, LF%=64.0%, Brd-Off=JED-CAI, Classes: P:39, I:37, O:22, U:11, K:3
2026-01-25 07:55:06 | INFO     | [lf.flight.extracted] SM460 on 10FEB: BKG=99, LF=56.6%
[LF] SM460 10FEB: BKG=99, GRP=25, CAP=175, LF%=56.6%, Brd-Off=JED-CAI, Classes: P:25, I:37, O:17, U:18, X:1, W:1
2026-01-25 07:55:09 | INFO     | [lf.flight.extracted] SM424 on 10FEB: BKG=84, LF=48.0%
[LF] SM424 10FEB: BKG=84, GRP=41, CAP=175, LF%=48.0%, Brd-Off=JED-CAI, Classes: P:41, I:5, O:25, U:5, X:4, T:4
2026-01-25 07:55:13 | INFO     | [lf.flight.extracted] SM476 on 10FEB: BKG=125, LF=71.4%
[LF] SM476 10FEB: BKG=125, GRP=85, CAP=175, LF%=71.4%, Brd-Off=JED-CAI, Classes: P:85, I:20, O:15, U:5
2026-01-25 07:55:16 | INFO     | [lf.flight.extracted] SM478 on 10FEB: BKG=74, LF=42.3%
[LF] SM478 10FEB: BKG=74, GRP=43, CAP=175, LF%=42.3%, Brd-Off=JED-CAI, Classes: P:43, I:17, O:10, U:4
[LF] Getting WEEKLY/LASTSOLD data for 6 flights
[LF] SM972 10FEB: LASTSOLD=2026-01-23 00:00:00, WEEKLY=10, TODAY=0, YDAY=0
[LF] SM480 10FEB: LASTSOLD=2026-01-23 00:00:00, WEEKLY=16, TODAY=0, YDAY=0
[LF] SM460 10FEB: LASTSOLD=2026-01-23 00:00:00, WEEKLY=11, TODAY=0, YDAY=0
[LF] SM424 10FEB: LASTSOLD=2026-01-24 00:00:00, WEEKLY=22, TODAY=0, YDAY=1
[LF] SM476 10FEB: LASTSOLD=2026-01-19 00:00:00, WEEKLY=4, TODAY=0, YDAY=0
[LF] SM478 10FEB: LASTSOLD=2026-01-19 00:00:00, WEEKLY=75, TODAY=0, YDAY=0
2026-01-25 07:55:54 | INFO     | [SUCCESS] Day 10FEB
2026-01-25 07:55:54 | INFO     | [DAY_START] Processing 09FEB
[LF] Processing JED-CAI for 09FEB
2026-01-25 07:55:54 | INFO     | [lf.day.start] Processing JED-CAI for 09FEB
[LF] JED↔Cairo route detected - querying both CAI and CCE airports
[LF] Sending SN command: SN09FEBJEDCAI/ASM
[LF] Sending SN command: SN09FEBJEDCCE/ASM
[LF] 09FEB: found 4 direct flights
2026-01-25 07:55:57 | INFO     | [lf.day.flights_found] Found 4 flights on 09FEB
2026-01-25 07:56:00 | INFO     | [lf.flight.extracted] SM480 on 09FEB: BKG=159, LF=90.9%
[LF] SM480 09FEB: BKG=159, GRP=86, CAP=175, LF%=90.9%, Brd-Off=JED-CAI, Classes: P:86, I:37, O:17, U:17, X:2
2026-01-25 07:56:04 | INFO     | [lf.flight.extracted] SM476 on 09FEB: BKG=163, LF=93.1%
[LF] SM476 09FEB: BKG=163, GRP=154, CAP=175, LF%=93.1%, Brd-Off=JED-CAI, Classes: P:154, I:9
2026-01-25 07:56:09 | INFO     | [lf.flight.extracted] SM972 on 09FEB: BKG=35, LF=20.0%
[LF] SM972 09FEB: BKG=35, GRP=0, CAP=175, LF%=20.0%, Brd-Off=JED-CAI, Classes: I:9, O:9, U:7, X:10
2026-01-25 07:56:13 | INFO     | [lf.flight.extracted] SM460 on 09FEB: BKG=167, LF=95.4%
[LF] SM460 09FEB: BKG=167, GRP=115, CAP=175, LF%=95.4%, Brd-Off=JED-CAI, Classes: P:65, E:50, I:22, O:17, U:13
[LPC] SM460 09FEB: Found 0 outbound flights with connecting passengers
[LF] Getting WEEKLY/LASTSOLD data for 4 flights
[LF] SM480 09FEB: LASTSOLD=2026-01-24 00:00:00, WEEKLY=11, TODAY=0, YDAY=1
[LF] SM476 09FEB: LASTSOLD=2026-01-24 00:00:00, WEEKLY=4, TODAY=0, YDAY=2
[LF] SM972 09FEB: LASTSOLD=2026-01-24 00:00:00, WEEKLY=35, TODAY=0, YDAY=4
[LF] SM460 09FEB: LASTSOLD=2026-01-19 00:00:00, WEEKLY=7, TODAY=0, YDAY=0
2026-01-25 07:56:35 | INFO     | [SUCCESS] Day 09FEB
[LF] Results summary:
  2026-02-16: 7 flights
  2026-02-15: 7 flights
  2026-02-14: 4 flights
  2026-02-13: 6 flights
  2026-02-12: 8 flights
  2026-02-11: 5 flights
  2026-02-10: 6 flights
  2026-02-09: 4 flights
[LF] Cancelled flights found: 2
  - SM974 16FEB (SN)
  - SM974 16FEB (SN)
2026-01-25 07:56:35 | INFO     | [SUCCESS] LF Search Complete
[Worker_9227] Cancelled flights collected: 2

============================================================
[Worker_9227] ✓ COMPLETED: JED-CAI
  Results: 8 dates
  Errors: 0 dates
  Total Processed: 69 groups
============================================================

2026-01-25 07:56:35 | INFO     | [Worker_9227] Completed: JED-CAI - 8 results, 0 errors

============================================================
[Worker_9227] Processing: JED-HBE
  Tier 0: Range 1, Chunk 3/4
  Dates: 8 days
  Date Range: 2026-02-08 to 2026-02-01
============================================================

2026-01-25 07:56:35 | INFO     | [Worker_9227] Processing: JED-HBE
2026-01-25 07:56:35 | INFO     |   Tier 0: Range 1, Chunk 3/4 (8 days)
2026-01-25 07:56:35 | INFO     | ======================================================================
2026-01-25 07:56:35 | INFO     | Load Factor Scraper Started - Route: JED-HBE
2026-01-25 07:56:35 | INFO     | Log file: D:\CODERED\LAB\Artifacts\outputs\run_generated_250126_at_07.06\logs\LF_JED-HBE_20260125_075635.log
2026-01-25 07:56:35 | INFO     | Enhanced logging: Capturing both logging.info() and print()
2026-01-25 07:56:35 | INFO     | ======================================================================
[LF] Processing dates (override): ['08FEB', '07FEB', '06FEB', '05FEB', '04FEB', '03FEB', '02FEB', '01FEB']
[LF] Attaching to Chrome for Altea access
2026-01-25 07:56:35 | INFO     | Starting LF search for route: JED-HBE
2026-01-25 07:56:35 | INFO     | [START] LF Search
[LF][[OK] SUCCESS] Connected to Chrome on 127.0.0.1:9227 (after 1 attempts)
2026-01-25 07:56:35 | INFO     | [HEALTH CHECK] [OK] Chrome connection is healthy
[LF][[OK] SUCCESS] Found Amadeus Altea window: Altéa Reservation Desktop
[LF][[INFO] INFO] URL: https://tc212.resdesktop.altea.amadeus.com/app_ard/apf/init/login?SITE=ESMPESMP&LANGUAGE=GB&MARKETS=ARDW_PROD_WBP&ACTION=clpLogin
2026-01-25 07:56:36 | INFO     | [DAY_START] Processing 08FEB
[LF] Processing JED-HBE for 08FEB
2026-01-25 07:56:36 | INFO     | [lf.day.start] Processing JED-HBE for 08FEB
[LF] Sending SN command: SN08FEBJEDHBE/ASM
[LF] 08FEB: found 2 direct flights
2026-01-25 07:56:37 | INFO     | [lf.day.flights_found] Found 2 flights on 08FEB
2026-01-25 07:56:39 | INFO     | [lf.flight.extracted] SM458 on 08FEB: BKG=156, LF=89.1%
[LF] SM458 08FEB: BKG=156, GRP=124, CAP=175, LF%=89.1%, Brd-Off=JED-HBE, Classes: P:124, I:17, O:7, U:5, G:3
2026-01-25 07:56:42 | INFO     | [lf.flight.extracted] SM452 on 08FEB: BKG=170, LF=97.1%
[LF] SM452 08FEB: BKG=170, GRP=159, CAP=175, LF%=97.1%, Brd-Off=JED-HBE, Classes: P:159, I:4, O:1, S:3, L:2, K:1
[LF] Getting WEEKLY/LASTSOLD data for 2 flights
[LF] SM458 08FEB: LASTSOLD=2026-01-22 00:00:00, WEEKLY=5, TODAY=0, YDAY=0
[LF] SM452 08FEB: LASTSOLD=2026-01-21 00:00:00, WEEKLY=3, TODAY=0, YDAY=0
2026-01-25 07:56:52 | INFO     | [SUCCESS] Day 08FEB
2026-01-25 07:56:52 | INFO     | [DAY_START] Processing 07FEB
[LF] Processing JED-HBE for 07FEB
2026-01-25 07:56:52 | INFO     | [lf.day.start] Processing JED-HBE for 07FEB
[LF] Sending SN command: SN07FEBJEDHBE/ASM
[LF] 07FEB: found 2 direct flights
2026-01-25 07:56:53 | INFO     | [lf.day.flights_found] Found 2 flights on 07FEB
2026-01-25 07:56:55 | INFO     | [lf.flight.extracted] SM458 on 07FEB: BKG=163, LF=93.1%
[LF] SM458 07FEB: BKG=163, GRP=126, CAP=175, LF%=93.1%, Brd-Off=JED-HBE, Classes: P:126, I:12, U:8, X:8, K:9
2026-01-25 07:56:58 | INFO     | [lf.flight.extracted] SM452 on 07FEB: BKG=162, LF=97.0%
[LF] SM452 07FEB: BKG=162, GRP=123, CAP=167, LF%=97.0%, Brd-Off=JED-HBE, Classes: P:123, I:18, O:11, U:10
[LF] Getting WEEKLY/LASTSOLD data for 2 flights
[LF] SM458 07FEB: LASTSOLD=2026-01-21 00:00:00, WEEKLY=4, TODAY=0, YDAY=0
[LF] SM452 07FEB: LASTSOLD=2026-01-18 00:00:00, WEEKLY=2, TODAY=0, YDAY=0
2026-01-25 07:57:13 | INFO     | [SUCCESS] Day 07FEB
2026-01-25 07:57:13 | INFO     | [DAY_START] Processing 06FEB
[LF] Processing JED-HBE for 06FEB
2026-01-25 07:57:13 | INFO     | [lf.day.start] Processing JED-HBE for 06FEB
[LF] Sending SN command: SN06FEBJEDHBE/ASM
[LF] 06FEB: found 1 direct flights
2026-01-25 07:57:15 | INFO     | [lf.day.flights_found] Found 1 flights on 06FEB
2026-01-25 07:57:17 | INFO     | [lf.flight.extracted] SM452 on 06FEB: BKG=175, LF=100.0%
[LF] SM452 06FEB: BKG=175, GRP=133, CAP=175, LF%=100.0%, Brd-Off=JED-HBE, Classes: P:133, I:10, O:5, U:7, X:8, S:1, K:11
[LF] Getting WEEKLY/LASTSOLD data for 1 flights
[LF] SM452 06FEB: LASTSOLD=2026-01-21 00:00:00, WEEKLY=14, TODAY=0, YDAY=0
2026-01-25 07:57:23 | INFO     | [SUCCESS] Day 06FEB
2026-01-25 07:57:23 | INFO     | [DAY_START] Processing 05FEB
[LF] Processing JED-HBE for 05FEB
2026-01-25 07:57:23 | INFO     | [lf.day.start] Processing JED-HBE for 05FEB
[LF] Sending SN command: SN05FEBJEDHBE/ASM
[LF] 05FEB: found 1 direct flights
2026-01-25 07:57:24 | INFO     | [lf.day.flights_found] Found 1 flights on 05FEB
2026-01-25 07:57:26 | INFO     | [lf.flight.extracted] SM452 on 05FEB: BKG=170, LF=95.5%
[LF] SM452 05FEB: BKG=170, GRP=131, CAP=178, LF%=95.5%, Brd-Off=JED-HBE, Classes: P:131, I:16, O:10, U:4, X:2, K:7
[LF] Getting WEEKLY/LASTSOLD data for 1 flights
[LF] SM452 05FEB: LASTSOLD=2026-01-21 00:00:00, WEEKLY=6, TODAY=0, YDAY=0
2026-01-25 07:57:31 | INFO     | [SUCCESS] Day 05FEB
2026-01-25 07:57:31 | INFO     | [DAY_START] Processing 04FEB
[LF] Processing JED-HBE for 04FEB
2026-01-25 07:57:31 | INFO     | [lf.day.start] Processing JED-HBE for 04FEB
[LF] Sending SN command: SN04FEBJEDHBE/ASM
[LF] 04FEB: found 3 direct flights
2026-01-25 07:57:32 | INFO     | [lf.day.flights_found] Found 3 flights on 04FEB
2026-01-25 07:57:34 | INFO     | [lf.flight.extracted] SM452 on 04FEB: BKG=173, LF=97.2%
[LF] SM452 04FEB: BKG=173, GRP=131, CAP=178, LF%=97.2%, Brd-Off=JED-HBE, Classes: P:131, I:17, O:13, U:4, T:6, K:2
2026-01-25 07:57:38 | INFO     | [lf.flight.extracted] SM474 on 04FEB: BKG=173, LF=98.9%
[LF] SM474 04FEB: BKG=173, GRP=130, CAP=175, LF%=98.9%, Brd-Off=JED-HBE, Classes: P:130, I:17, U:10, X:11, T:5
2026-01-25 07:57:41 | INFO     | [lf.flight.extracted] SM458 on 04FEB: BKG=172, LF=98.3%
[LF] SM458 04FEB: BKG=172, GRP=169, CAP=175, LF%=98.3%, Brd-Off=JED-HBE, Classes: P:169, W:3
[LF] Getting WEEKLY/LASTSOLD data for 3 flights
[LF] SM452 04FEB: LASTSOLD=2026-01-24 00:00:00, WEEKLY=15, TODAY=0, YDAY=5
[LF] SM474 04FEB: LASTSOLD=2026-01-24 00:00:00, WEEKLY=5, TODAY=0, YDAY=1
[LF] SM458 04FEB: LASTSOLD=2026-01-24 00:00:00, WEEKLY=3, TODAY=0, YDAY=1
2026-01-25 07:57:57 | INFO     | [SUCCESS] Day 04FEB
2026-01-25 07:57:57 | INFO     | [DAY_START] Processing 03FEB
[LF] Processing JED-HBE for 03FEB
2026-01-25 07:57:57 | INFO     | [lf.day.start] Processing JED-HBE for 03FEB
[LF] Sending SN command: SN03FEBJEDHBE/ASM
[LF] 03FEB: found 1 direct flights
2026-01-25 07:57:58 | INFO     | [lf.day.flights_found] Found 1 flights on 03FEB
2026-01-25 07:58:00 | INFO     | [lf.flight.extracted] SM452 on 03FEB: BKG=170, LF=95.5%
[LF] SM452 03FEB: BKG=170, GRP=130, CAP=178, LF%=95.5%, Brd-Off=JED-HBE, Classes: P:130, I:17, O:9, U:10, T:2, K:2
[LF] Getting WEEKLY/LASTSOLD data for 1 flights
[LF] SM452 03FEB: LASTSOLD=2026-01-23 00:00:00, WEEKLY=2, TODAY=0, YDAY=0
2026-01-25 07:58:06 | INFO     | [SUCCESS] Day 03FEB
2026-01-25 07:58:06 | INFO     | [DAY_START] Processing 02FEB
[LF] Processing JED-HBE for 02FEB
2026-01-25 07:58:06 | INFO     | [lf.day.start] Processing JED-HBE for 02FEB
[LF] Sending SN command: SN02FEBJEDHBE/ASM
[LF] 02FEB: found 2 direct flights
2026-01-25 07:58:07 | INFO     | [lf.day.flights_found] Found 2 flights on 02FEB
2026-01-25 07:58:09 | INFO     | [lf.flight.extracted] SM458 on 02FEB: BKG=168, LF=96.0%
[LF] SM458 02FEB: BKG=168, GRP=109, CAP=175, LF%=96.0%, Brd-Off=JED-HBE, Classes: P:109, I:17, O:17, U:17, X:8
2026-01-25 07:58:13 | INFO     | [lf.flight.extracted] SM452 on 02FEB: BKG=144, LF=82.3%
[LF] SM452 02FEB: BKG=144, GRP=47, CAP=175, LF%=82.3%, Brd-Off=JED-HBE, Classes: P:47, I:17, O:17, U:17, X:17, T:16, W:7, K:6
[LF] Getting WEEKLY/LASTSOLD data for 2 flights
[LF] SM458 02FEB: LASTSOLD=2026-01-20 00:00:00, WEEKLY=14, TODAY=0, YDAY=0
[LF] SM452 02FEB: LASTSOLD=2026-01-24 00:00:00, WEEKLY=21, TODAY=0, YDAY=4
2026-01-25 07:58:24 | INFO     | [SUCCESS] Day 02FEB
2026-01-25 07:58:24 | INFO     | [DAY_START] Processing 01FEB
[LF] Processing JED-HBE for 01FEB
2026-01-25 07:58:24 | INFO     | [lf.day.start] Processing JED-HBE for 01FEB
[LF] Sending SN command: SN01FEBJEDHBE/ASM
[LF] 01FEB: found 2 direct flights
2026-01-25 07:58:25 | INFO     | [lf.day.flights_found] Found 2 flights on 01FEB
2026-01-25 07:58:27 | INFO     | [lf.flight.extracted] SM458 on 01FEB: BKG=168, LF=96.0%
[LF] SM458 01FEB: BKG=168, GRP=134, CAP=175, LF%=96.0%, Brd-Off=JED-HBE, Classes: P:134, I:17, O:5, U:10, X:1, K:1
2026-01-25 07:58:30 | INFO     | [lf.flight.extracted] SM452 on 01FEB: BKG=168, LF=96.0%
[LF] SM452 01FEB: BKG=168, GRP=94, CAP=175, LF%=96.0%, Brd-Off=JED-HBE, Classes: P:94, I:17, O:17, U:17, X:16, W:1, K:6
[LF] Getting WEEKLY/LASTSOLD data for 2 flights
[LF] SM458 01FEB: LASTSOLD=2026-01-14 00:00:00, WEEKLY=0, TODAY=0, YDAY=0
[LF] SM452 01FEB: LASTSOLD=2026-01-21 00:00:00, WEEKLY=3, TODAY=0, YDAY=0
2026-01-25 07:58:40 | INFO     | [SUCCESS] Day 01FEB
[LF] Results summary:
  2026-02-08: 2 flights
  2026-02-07: 2 flights
  2026-02-06: 1 flights
  2026-02-05: 1 flights
  2026-02-04: 3 flights
  2026-02-03: 1 flights
  2026-02-02: 2 flights
  2026-02-01: 2 flights
2026-01-25 07:58:40 | INFO     | [SUCCESS] LF Search Complete

============================================================
[Worker_9227] ✓ COMPLETED: JED-HBE
  Results: 8 dates
  Errors: 0 dates
  Total Processed: 70 groups
============================================================

2026-01-25 07:58:40 | INFO     | [Worker_9227] Completed: JED-HBE - 8 results, 0 errors

============================================================
[Worker_9227] Processing: GIZ-CAI
  Tier 0: Range 1, Chunk 3/4
  Dates: 8 days
  Date Range: 2026-02-08 to 2026-02-01
============================================================

2026-01-25 07:58:40 | INFO     | [Worker_9227] Processing: GIZ-CAI
2026-01-25 07:58:40 | INFO     |   Tier 0: Range 1, Chunk 3/4 (8 days)
2026-01-25 07:58:40 | INFO     | ======================================================================
2026-01-25 07:58:40 | INFO     | Load Factor Scraper Started - Route: GIZ-CAI
2026-01-25 07:58:40 | INFO     | Log file: D:\CODERED\LAB\Artifacts\outputs\run_generated_250126_at_07.06\logs\LF_GIZ-CAI_20260125_075840.log
2026-01-25 07:58:40 | INFO     | Enhanced logging: Capturing both logging.info() and print()
2026-01-25 07:58:40 | INFO     | ======================================================================
[LF] Processing dates (override): ['08FEB', '07FEB', '06FEB', '05FEB', '04FEB', '03FEB', '02FEB', '01FEB']
[LF] Attaching to Chrome for Altea access
2026-01-25 07:58:40 | INFO     | Starting LF search for route: GIZ-CAI
2026-01-25 07:58:40 | INFO     | [START] LF Search
[LF][[OK] SUCCESS] Connected to Chrome on 127.0.0.1:9227 (after 1 attempts)
2026-01-25 07:58:41 | INFO     | [HEALTH CHECK] [OK] Chrome connection is healthy
[LF][[OK] SUCCESS] Found Amadeus Altea window: Altéa Reservation Desktop
[LF][[INFO] INFO] URL: https://tc212.resdesktop.altea.amadeus.com/app_ard/apf/init/login?SITE=ESMPESMP&LANGUAGE=GB&MARKETS=ARDW_PROD_WBP&ACTION=clpLogin
2026-01-25 07:58:41 | INFO     | [DAY_START] Processing 08FEB
[LF] Processing GIZ-CAI for 08FEB
2026-01-25 07:58:41 | INFO     | [lf.day.start] Processing GIZ-CAI for 08FEB
[LF] Sending SN command: SN08FEBGIZCAI/ASM
[LF] 08FEB: found 1 direct flights
2026-01-25 07:58:43 | INFO     | [lf.day.flights_found] Found 1 flights on 08FEB
2026-01-25 07:58:44 | INFO     | [lf.flight.extracted] SM330 on 08FEB: BKG=46, LF=26.3%
[LF] SM330 08FEB: BKG=46, GRP=0, CAP=175, LF%=26.3%, Brd-Off=GIZ-CAI, Classes: U:32, X:10, T:1, G:3
[LF] Getting WEEKLY/LASTSOLD data for 1 flights
[LF] SM330 08FEB: LASTSOLD=2026-01-24 00:00:00, WEEKLY=33, TODAY=0, YDAY=10
2026-01-25 07:58:48 | INFO     | [SUCCESS] Day 08FEB
2026-01-25 07:58:48 | INFO     | [DAY_START] Processing 07FEB
[LF] Processing GIZ-CAI for 07FEB
2026-01-25 07:58:48 | INFO     | [lf.day.start] Processing GIZ-CAI for 07FEB
[LF] Sending SN command: SN07FEBGIZCAI/ASM
[LF] No direct flights on 07FEB for GIZ-CAI
2026-01-25 07:58:50 | WARNING  | [lf.day.no_flights] No direct flights on 07FEB
2026-01-25 07:58:50 | INFO     | [SUCCESS] Day 07FEB
2026-01-25 07:58:50 | INFO     | [DAY_START] Processing 06FEB
[LF] Processing GIZ-CAI for 06FEB
2026-01-25 07:58:50 | INFO     | [lf.day.start] Processing GIZ-CAI for 06FEB
[LF] Sending SN command: SN06FEBGIZCAI/ASM
[LF] 06FEB: found 1 direct flights
2026-01-25 07:58:51 | INFO     | [lf.day.flights_found] Found 1 flights on 06FEB
2026-01-25 07:58:53 | INFO     | [lf.flight.extracted] SM330 on 06FEB: BKG=51, LF=29.1%
[LF] SM330 06FEB: BKG=51, GRP=0, CAP=175, LF%=29.1%, Brd-Off=GIZ-CAI, Classes: I:1, O:2, U:26, X:12, T:5, G:3, K:2
[LF] Getting WEEKLY/LASTSOLD data for 1 flights
[LF] SM330 06FEB: LASTSOLD=2026-01-24 00:00:00, WEEKLY=28, TODAY=0, YDAY=7
2026-01-25 07:58:57 | INFO     | [SUCCESS] Day 06FEB
2026-01-25 07:58:57 | INFO     | [DAY_START] Processing 05FEB
[LF] Processing GIZ-CAI for 05FEB
2026-01-25 07:58:57 | INFO     | [lf.day.start] Processing GIZ-CAI for 05FEB
[LF] Sending SN command: SN05FEBGIZCAI/ASM
[LF] No direct flights on 05FEB for GIZ-CAI
2026-01-25 07:58:58 | WARNING  | [lf.day.no_flights] No direct flights on 05FEB
2026-01-25 07:58:58 | INFO     | [SUCCESS] Day 05FEB
2026-01-25 07:58:58 | INFO     | [DAY_START] Processing 04FEB
[LF] Processing GIZ-CAI for 04FEB
2026-01-25 07:58:58 | INFO     | [lf.day.start] Processing GIZ-CAI for 04FEB
[LF] Sending SN command: SN04FEBGIZCAI/ASM
[LF] No direct flights on 04FEB for GIZ-CAI
2026-01-25 07:58:59 | WARNING  | [lf.day.no_flights] No direct flights on 04FEB
2026-01-25 07:58:59 | INFO     | [SUCCESS] Day 04FEB
2026-01-25 07:58:59 | INFO     | [DAY_START] Processing 03FEB
[LF] Processing GIZ-CAI for 03FEB
2026-01-25 07:58:59 | INFO     | [lf.day.start] Processing GIZ-CAI for 03FEB
[LF] Sending SN command: SN03FEBGIZCAI/ASM
[LF] No direct flights on 03FEB for GIZ-CAI
2026-01-25 07:59:00 | WARNING  | [lf.day.no_flights] No direct flights on 03FEB
2026-01-25 07:59:00 | INFO     | [SUCCESS] Day 03FEB
2026-01-25 07:59:00 | INFO     | [DAY_START] Processing 02FEB
[LF] Processing GIZ-CAI for 02FEB
2026-01-25 07:59:00 | INFO     | [lf.day.start] Processing GIZ-CAI for 02FEB
[LF] Sending SN command: SN02FEBGIZCAI/ASM
[LF] No direct flights on 02FEB for GIZ-CAI
2026-01-25 07:59:02 | WARNING  | [lf.day.no_flights] No direct flights on 02FEB
2026-01-25 07:59:02 | INFO     | [SUCCESS] Day 02FEB
2026-01-25 07:59:02 | INFO     | [DAY_START] Processing 01FEB
[LF] Processing GIZ-CAI for 01FEB
2026-01-25 07:59:02 | INFO     | [lf.day.start] Processing GIZ-CAI for 01FEB
[LF] Sending SN command: SN01FEBGIZCAI/ASM
[LF] 01FEB: found 1 direct flights
2026-01-25 07:59:03 | INFO     | [lf.day.flights_found] Found 1 flights on 01FEB
2026-01-25 07:59:05 | INFO     | [lf.flight.extracted] SM330 on 01FEB: BKG=28, LF=16.0%
[LF] SM330 01FEB: BKG=28, GRP=0, CAP=175, LF%=16.0%, Brd-Off=GIZ-CAI, Classes: U:26, G:2
[LF] Getting WEEKLY/LASTSOLD data for 1 flights
[LF] SM330 01FEB: LASTSOLD=2026-01-24 00:00:00, WEEKLY=12, TODAY=0, YDAY=1
2026-01-25 07:59:08 | INFO     | [SUCCESS] Day 01FEB
[LF] Results summary:
  2026-02-08: 1 flights
  2026-02-07: 0 flights
  2026-02-06: 1 flights
  2026-02-05: 0 flights
  2026-02-04: 0 flights
  2026-02-03: 0 flights
  2026-02-02: 0 flights
  2026-02-01: 1 flights
2026-01-25 07:59:08 | INFO     | [SUCCESS] LF Search Complete

============================================================
[Worker_9227] ✓ COMPLETED: GIZ-CAI
  Results: 8 dates
  Errors: 0 dates
  Total Processed: 71 groups
============================================================

2026-01-25 07:59:08 | INFO     | [Worker_9227] Completed: GIZ-CAI - 8 results, 0 errors

============================================================
[Worker_9227] Processing: ATZ-JED
  Tier 0: Range 1, Chunk 3/4
  Dates: 8 days
  Date Range: 2026-02-08 to 2026-02-01
============================================================

2026-01-25 07:59:08 | INFO     | [Worker_9227] Processing: ATZ-JED
2026-01-25 07:59:08 | INFO     |   Tier 0: Range 1, Chunk 3/4 (8 days)
2026-01-25 07:59:08 | INFO     | ======================================================================
2026-01-25 07:59:08 | INFO     | Load Factor Scraper Started - Route: ATZ-JED
2026-01-25 07:59:08 | INFO     | Log file: D:\CODERED\LAB\Artifacts\outputs\run_generated_250126_at_07.06\logs\LF_ATZ-JED_20260125_075908.log
2026-01-25 07:59:08 | INFO     | Enhanced logging: Capturing both logging.info() and print()
2026-01-25 07:59:08 | INFO     | ======================================================================
[LF] Processing dates (override): ['08FEB', '07FEB', '06FEB', '05FEB', '04FEB', '03FEB', '02FEB', '01FEB']
[LF] Attaching to Chrome for Altea access
2026-01-25 07:59:08 | INFO     | Starting LF search for route: ATZ-JED
2026-01-25 07:59:08 | INFO     | [START] LF Search
[LF][[OK] SUCCESS] Connected to Chrome on 127.0.0.1:9227 (after 1 attempts)
2026-01-25 07:59:09 | INFO     | [HEALTH CHECK] [OK] Chrome connection is healthy
[LF][[OK] SUCCESS] Found Amadeus Altea window: Altéa Reservation Desktop
[LF][[INFO] INFO] URL: https://tc212.resdesktop.altea.amadeus.com/app_ard/apf/init/login?SITE=ESMPESMP&LANGUAGE=GB&MARKETS=ARDW_PROD_WBP&ACTION=clpLogin
2026-01-25 07:59:09 | INFO     | [DAY_START] Processing 08FEB
[LF] Processing ATZ-JED for 08FEB
2026-01-25 07:59:09 | INFO     | [lf.day.start] Processing ATZ-JED for 08FEB
[LF] Sending SN command: SN08FEBATZJED/ASM
[LF] 08FEB: found 5 direct flights
2026-01-25 07:59:10 | INFO     | [lf.day.flights_found] Found 5 flights on 08FEB
2026-01-25 07:59:12 | INFO     | [lf.flight.extracted] SM961 on 08FEB: BKG=180, LF=100.6%
[LF] SM961 08FEB: BKG=180, GRP=180, CAP=179, LF%=100.6%, Brd-Off=ATZ-JED, Classes: P:180
2026-01-25 07:59:15 | INFO     | [lf.flight.extracted] SM491 on 08FEB: BKG=162, LF=90.5%
[LF] SM491 08FEB: BKG=162, GRP=135, CAP=179, LF%=90.5%, Brd-Off=ATZ-JED, Classes: P:135, O:9, U:4, X:10, T:3, W:1
2026-01-25 07:59:19 | INFO     | [lf.flight.extracted] SM455 on 08FEB: BKG=167, LF=93.3%
[LF] SM455 08FEB: BKG=167, GRP=135, CAP=179, LF%=93.3%, Brd-Off=ATZ-JED, Classes: P:135, O:9, U:4, X:5, T:9, W:4, G:1
2026-01-25 07:59:22 | INFO     | [lf.flight.extracted] SM2441 on 08FEB: BKG=180, LF=100.6%
[LF] SM2441 08FEB: BKG=180, GRP=180, CAP=179, LF%=100.6%, Brd-Off=ATZ-JED, Classes: P:180
2026-01-25 07:59:25 | INFO     | [lf.flight.extracted] SM973 on 08FEB: BKG=180, LF=100.6%
[LF] SM973 08FEB: BKG=180, GRP=180, CAP=179, LF%=100.6%, Brd-Off=ATZ-JED, Classes: P:180
[LF] Getting WEEKLY/LASTSOLD data for 5 flights
[LF] SM961 08FEB: LASTSOLD=2026-01-06 00:00:00, WEEKLY=0, TODAY=0, YDAY=0
[LF] SM491 08FEB: LASTSOLD=2026-01-24 00:00:00, WEEKLY=11, TODAY=0, YDAY=4
[LF] SM455 08FEB: LASTSOLD=2026-01-24 00:00:00, WEEKLY=12, TODAY=0, YDAY=1
[LF] SM2441 08FEB: LASTSOLD=2026-01-19 00:00:00, WEEKLY=4, TODAY=0, YDAY=0
[LF] SM973 08FEB: LASTSOLD=2025-12-29 00:00:00, WEEKLY=0, TODAY=0, YDAY=0
2026-01-25 07:59:35 | INFO     | [SUCCESS] Day 08FEB
2026-01-25 07:59:35 | INFO     | [DAY_START] Processing 07FEB
[LF] Processing ATZ-JED for 07FEB
2026-01-25 07:59:35 | INFO     | [lf.day.start] Processing ATZ-JED for 07FEB
[LF] Sending SN command: SN07FEBATZJED/ASM
[LF] 07FEB: found 4 direct flights
2026-01-25 07:59:36 | INFO     | [lf.day.flights_found] Found 4 flights on 07FEB
2026-01-25 07:59:38 | INFO     | [lf.flight.extracted] SM491 on 07FEB: BKG=155, LF=86.6%
[LF] SM491 07FEB: BKG=155, GRP=135, CAP=179, LF%=86.6%, Brd-Off=ATZ-JED, Classes: P:135, O:9, U:4, X:5, T:2
2026-01-25 07:59:42 | INFO     | [lf.flight.extracted] SM453 on 07FEB: BKG=155, LF=86.6%
[LF] SM453 07FEB: BKG=155, GRP=135, CAP=179, LF%=86.6%, Brd-Off=ATZ-JED, Classes: P:135, O:9, U:4, X:7
2026-01-25 07:59:45 | INFO     | [lf.flight.extracted] SM957 on 07FEB: BKG=180, LF=100.6%
[LF] SM957 07FEB: BKG=180, GRP=180, CAP=179, LF%=100.6%, Brd-Off=ATZ-JED, Classes: P:180
2026-01-25 07:59:48 | INFO     | [lf.flight.extracted] SM455 on 07FEB: BKG=167, LF=93.3%
[LF] SM455 07FEB: BKG=167, GRP=135, CAP=179, LF%=93.3%, Brd-Off=ATZ-JED, Classes: P:135, I:9, O:9, U:4, X:4, W:5, S:1
[LF] Getting WEEKLY/LASTSOLD data for 4 flights
[LF] SM491 07FEB: LASTSOLD=2026-01-24 00:00:00, WEEKLY=6, TODAY=0, YDAY=1
[LF] SM453 07FEB: LASTSOLD=2026-01-24 00:00:00, WEEKLY=6, TODAY=0, YDAY=1
[LF] SM957 07FEB: LASTSOLD=2025-12-31 00:00:00, WEEKLY=0, TODAY=0, YDAY=0
[LF] SM455 07FEB: LASTSOLD=2026-01-24 00:00:00, WEEKLY=8, TODAY=0, YDAY=1
2026-01-25 07:59:58 | INFO     | [SUCCESS] Day 07FEB
2026-01-25 07:59:58 | INFO     | [DAY_START] Processing 06FEB
[LF] Processing ATZ-JED for 06FEB
2026-01-25 07:59:58 | INFO     | [lf.day.start] Processing ATZ-JED for 06FEB
[LF] Sending SN command: SN06FEBATZJED/ASM
[LF] 06FEB: found 2 direct flights
2026-01-25 08:00:00 | INFO     | [lf.day.flights_found] Found 2 flights on 06FEB
2026-01-25 08:00:01 | INFO     | [lf.flight.extracted] SM491 on 06FEB: BKG=128, LF=71.5%
[LF] SM491 06FEB: BKG=128, GRP=90, CAP=179, LF%=71.5%, Brd-Off=ATZ-JED, Classes: P:90, O:19, U:15, X:3, W:1
2026-01-25 08:00:06 | INFO     | [lf.flight.extracted] SM955 on 06FEB: BKG=180, LF=100.6%
[LF] SM955 06FEB: BKG=180, GRP=180, CAP=179, LF%=100.6%, Brd-Off=ATZ-JED, Classes: P:180
[LF] Getting WEEKLY/LASTSOLD data for 2 flights
[LF] SM491 06FEB: LASTSOLD=2026-01-24 00:00:00, WEEKLY=22, TODAY=0, YDAY=4
[LF] SM955 06FEB: LASTSOLD=2025-12-28 00:00:00, WEEKLY=0, TODAY=0, YDAY=0
2026-01-25 08:00:12 | INFO     | [SUCCESS] Day 06FEB
2026-01-25 08:00:12 | INFO     | [DAY_START] Processing 05FEB
[LF] Processing ATZ-JED for 05FEB
2026-01-25 08:00:12 | INFO     | [lf.day.start] Processing ATZ-JED for 05FEB
[LF] Sending SN command: SN05FEBATZJED/ASM
[LF] 05FEB: found 3 direct flights
2026-01-25 08:00:13 | INFO     | [lf.day.flights_found] Found 3 flights on 05FEB
2026-01-25 08:00:15 | INFO     | [lf.flight.extracted] SM963 on 05FEB: BKG=140, LF=78.2%
[LF] SM963 05FEB: BKG=140, GRP=135, CAP=179, LF%=78.2%, Brd-Off=ATZ-JED, Classes: P:135, U:5
2026-01-25 08:00:18 | INFO     | [lf.flight.extracted] SM453 on 05FEB: BKG=59, LF=33.0%
[LF] SM453 05FEB: BKG=59, GRP=0, CAP=179, LF%=33.0%, Brd-Off=ATZ-JED, Classes: I:14, O:28, U:15, X:2
2026-01-25 08:00:22 | INFO     | [lf.flight.extracted] SM455 on 05FEB: BKG=40, LF=22.4%
[LF] SM455 05FEB: BKG=40, GRP=0, CAP=179, LF%=22.4%, Brd-Off=ATZ-JED, Classes: O:19, U:15, X:5, W:1
[LF] Getting WEEKLY/LASTSOLD data for 3 flights
[LF] SM963 05FEB: LASTSOLD=2026-01-25 00:00:00, WEEKLY=5, TODAY=1, YDAY=0
[LF] SM453 05FEB: LASTSOLD=2026-01-24 00:00:00, WEEKLY=34, TODAY=0, YDAY=6
[LF] SM455 05FEB: LASTSOLD=2026-01-24 00:00:00, WEEKLY=12, TODAY=0, YDAY=1
2026-01-25 08:00:30 | INFO     | [SUCCESS] Day 05FEB
2026-01-25 08:00:30 | INFO     | [DAY_START] Processing 04FEB
[LF] Processing ATZ-JED for 04FEB
2026-01-25 08:00:30 | INFO     | [lf.day.start] Processing ATZ-JED for 04FEB
[LF] Sending SN command: SN04FEBATZJED/ASM
[LF] 04FEB: found 3 direct flights
2026-01-25 08:00:31 | INFO     | [lf.day.flights_found] Found 3 flights on 04FEB
2026-01-25 08:00:33 | INFO     | [lf.flight.extracted] SM453 on 04FEB: BKG=18, LF=10.1%
[LF] SM453 04FEB: BKG=18, GRP=0, CAP=179, LF%=10.1%, Brd-Off=ATZ-JED, Classes: I:3, O:12, U:2, X:1
2026-01-25 08:00:37 | INFO     | [lf.flight.extracted] SM491 on 04FEB: BKG=22, LF=12.3%
[LF] SM491 04FEB: BKG=22, GRP=0, CAP=179, LF%=12.3%, Brd-Off=ATZ-JED, Classes: O:9, U:6, X:5, T:2
2026-01-25 08:00:40 | INFO     | [lf.flight.extracted] SM421 on 04FEB: BKG=15, LF=8.4%
[LF] SM421 04FEB: BKG=15, GRP=0, CAP=179, LF%=8.4%, Brd-Off=ATZ-JED, Classes: O:9, U:4, X:1, W:1
[LF] Getting WEEKLY/LASTSOLD data for 3 flights
[LF] SM453 04FEB: LASTSOLD=2026-01-24 00:00:00, WEEKLY=7, TODAY=0, YDAY=3
[LF] SM491 04FEB: LASTSOLD=2026-01-22 00:00:00, WEEKLY=5, TODAY=0, YDAY=0
[LF] SM421 04FEB: LASTSOLD=2026-01-19 00:00:00, WEEKLY=1, TODAY=0, YDAY=0
2026-01-25 08:00:47 | INFO     | [SUCCESS] Day 04FEB
2026-01-25 08:00:47 | INFO     | [DAY_START] Processing 03FEB
[LF] Processing ATZ-JED for 03FEB
2026-01-25 08:00:47 | INFO     | [lf.day.start] Processing ATZ-JED for 03FEB
[LF] Sending SN command: SN03FEBATZJED/ASM
[LF] 03FEB: found 2 direct flights
2026-01-25 08:00:48 | INFO     | [lf.day.flights_found] Found 2 flights on 03FEB
2026-01-25 08:00:50 | INFO     | [lf.flight.extracted] SM453 on 03FEB: BKG=180, LF=100.6%
[LF] SM453 03FEB: BKG=180, GRP=180, CAP=179, LF%=100.6%, Brd-Off=ATZ-JED, Classes: P:180
2026-01-25 08:00:53 | INFO     | [lf.flight.extracted] SM455 on 03FEB: BKG=116, LF=64.8%
[LF] SM455 03FEB: BKG=116, GRP=90, CAP=179, LF%=64.8%, Brd-Off=ATZ-JED, Classes: P:90, O:9, U:8, X:5, T:2, W:2
[LPC] SM455 03FEB: Found 0 outbound flights with connecting passengers
[LF] Getting WEEKLY/LASTSOLD data for 2 flights
[LF] SM453 03FEB: LASTSOLD=2026-01-02 00:00:00, WEEKLY=0, TODAY=0, YDAY=0
[LF] SM455 03FEB: LASTSOLD=2026-01-24 00:00:00, WEEKLY=19, TODAY=0, YDAY=5
2026-01-25 08:00:59 | INFO     | [SUCCESS] Day 03FEB
2026-01-25 08:00:59 | INFO     | [DAY_START] Processing 02FEB
[LF] Processing ATZ-JED for 02FEB
2026-01-25 08:00:59 | INFO     | [lf.day.start] Processing ATZ-JED for 02FEB
[LF] Sending SN command: SN02FEBATZJED/ASM
[LF] 02FEB: found 4 direct flights
2026-01-25 08:01:00 | INFO     | [lf.day.flights_found] Found 4 flights on 02FEB
2026-01-25 08:01:02 | INFO     | [lf.flight.extracted] SM491 on 02FEB: BKG=179, LF=100.0%
[LF] SM491 02FEB: BKG=179, GRP=175, CAP=179, LF%=100.0%, Brd-Off=ATZ-JED, Classes: P:175, X:4
2026-01-25 08:01:06 | INFO     | [lf.flight.extracted] SM455 on 02FEB: BKG=139, LF=77.6%
[LF] SM455 02FEB: BKG=139, GRP=135, CAP=179, LF%=77.6%, Brd-Off=ATZ-JED, Classes: P:135, X:4
2026-01-25 08:01:09 | INFO     | [lf.flight.extracted] SM421 on 02FEB: BKG=160, LF=89.4%
[LF] SM421 02FEB: BKG=160, GRP=130, CAP=179, LF%=89.4%, Brd-Off=ATZ-JED, Classes: P:130, I:8, O:10, U:9, X:3
2026-01-25 08:01:12 | INFO     | [lf.flight.extracted] SM453 on 02FEB: BKG=112, LF=62.6%
[LF] SM453 02FEB: BKG=112, GRP=90, CAP=179, LF%=62.6%, Brd-Off=ATZ-JED, Classes: P:90, O:3, U:5, X:6, T:4, W:4
[LF] Getting WEEKLY/LASTSOLD data for 4 flights
[LF] SM491 02FEB: LASTSOLD=2026-01-10 00:00:00, WEEKLY=0, TODAY=0, YDAY=0
[LF] SM455 02FEB: LASTSOLD=2026-01-23 00:00:00, WEEKLY=3, TODAY=0, YDAY=0
[LF] SM421 02FEB: LASTSOLD=2026-01-13 00:00:00, WEEKLY=0, TODAY=0, YDAY=0
[LF] SM453 02FEB: LASTSOLD=2026-01-22 00:00:00, WEEKLY=12, TODAY=0, YDAY=0
2026-01-25 08:01:21 | INFO     | [SUCCESS] Day 02FEB
2026-01-25 08:01:21 | INFO     | [DAY_START] Processing 01FEB
[LF] Processing ATZ-JED for 01FEB
2026-01-25 08:01:21 | INFO     | [lf.day.start] Processing ATZ-JED for 01FEB
[LF] Sending SN command: SN01FEBATZJED/ASM
[LF] 01FEB: found 2 direct flights
2026-01-25 08:01:22 | INFO     | [lf.day.flights_found] Found 2 flights on 01FEB
2026-01-25 08:01:24 | INFO     | [lf.flight.extracted] SM491 on 01FEB: BKG=113, LF=63.1%
[LF] SM491 01FEB: BKG=113, GRP=90, CAP=179, LF%=63.1%, Brd-Off=ATZ-JED, Classes: P:90, O:8, X:4, T:4, W:6, K:1
2026-01-25 08:01:28 | INFO     | [lf.flight.extracted] SM455 on 01FEB: BKG=139, LF=77.6%
[LF] SM455 01FEB: BKG=139, GRP=90, CAP=179, LF%=77.6%, Brd-Off=ATZ-JED, Classes: P:90, I:15, O:14, U:8, X:6, T:4, W:2
[LF] Getting WEEKLY/LASTSOLD data for 2 flights
[LF] SM491 01FEB: LASTSOLD=2026-01-24 00:00:00, WEEKLY=8, TODAY=0, YDAY=6
[LF] SM455 01FEB: LASTSOLD=2026-01-25 00:00:00, WEEKLY=41, TODAY=2, YDAY=10
2026-01-25 08:01:35 | INFO     | [SUCCESS] Day 01FEB
[LF] Results summary:
  2026-02-08: 5 flights
  2026-02-07: 4 flights
  2026-02-06: 2 flights
  2026-02-05: 3 flights
  2026-02-04: 3 flights
  2026-02-03: 2 flights
  2026-02-02: 4 flights
  2026-02-01: 2 flights
2026-01-25 08:01:35 | INFO     | [SUCCESS] LF Search Complete

============================================================
[Worker_9227] ✓ COMPLETED: ATZ-JED
  Results: 8 dates
  Errors: 0 dates
  Total Processed: 72 groups
============================================================

2026-01-25 08:01:35 | INFO     | [Worker_9227] Completed: ATZ-JED - 8 results, 0 errors

============================================================
[Worker_9227] Processing: JED-ATZ
  Tier 0: Range 1, Chunk 4/4
  Dates: 7 days
  Date Range: 2026-01-31 to 2026-01-25
============================================================

2026-01-25 08:01:35 | INFO     | [Worker_9227] Processing: JED-ATZ
2026-01-25 08:01:35 | INFO     |   Tier 0: Range 1, Chunk 4/4 (7 days)
2026-01-25 08:01:35 | INFO     | ======================================================================
2026-01-25 08:01:35 | INFO     | Load Factor Scraper Started - Route: JED-ATZ
2026-01-25 08:01:35 | INFO     | Log file: D:\CODERED\LAB\Artifacts\outputs\run_generated_250126_at_07.06\logs\LF_JED-ATZ_20260125_080135.log
2026-01-25 08:01:35 | INFO     | Enhanced logging: Capturing both logging.info() and print()
2026-01-25 08:01:35 | INFO     | ======================================================================
[LF] Processing dates (override): ['31JAN', '30JAN', '29JAN', '28JAN', '27JAN', '26JAN', '25JAN']
[LF] Attaching to Chrome for Altea access
2026-01-25 08:01:35 | INFO     | Starting LF search for route: JED-ATZ
2026-01-25 08:01:35 | INFO     | [START] LF Search
[LF][[OK] SUCCESS] Connected to Chrome on 127.0.0.1:9227 (after 1 attempts)
2026-01-25 08:01:36 | INFO     | [HEALTH CHECK] [OK] Chrome connection is healthy
[LF][[OK] SUCCESS] Found Amadeus Altea window: Altéa Reservation Desktop
[LF][[INFO] INFO] URL: https://tc212.resdesktop.altea.amadeus.com/app_ard/apf/init/login?SITE=ESMPESMP&LANGUAGE=GB&MARKETS=ARDW_PROD_WBP&ACTION=clpLogin
2026-01-25 08:01:36 | INFO     | [DAY_START] Processing 31JAN
[LF] Processing JED-ATZ for 31JAN
2026-01-25 08:01:36 | INFO     | [lf.day.start] Processing JED-ATZ for 31JAN
[LF] Sending SN command: SN31JANJEDATZ/ASM
[LF] 31JAN: found 3 direct flights
2026-01-25 08:01:37 | INFO     | [lf.day.flights_found] Found 3 flights on 31JAN
2026-01-25 08:01:39 | INFO     | [lf.flight.extracted] SM492 on 31JAN: BKG=178, LF=100.0%
[LF] SM492 31JAN: BKG=178, GRP=139, CAP=178, LF%=100.0%, Brd-Off=JED-ATZ, Classes: P:139, I:17, O:13, U:3, X:6
2026-01-25 08:01:42 | INFO     | [lf.flight.extracted] SM454 on 31JAN: BKG=178, LF=100.0%
[LF] SM454 31JAN: BKG=178, GRP=135, CAP=178, LF%=100.0%, Brd-Off=JED-ATZ, Classes: P:135, I:17, O:13, U:3, X:10
2026-01-25 08:01:46 | INFO     | [lf.flight.extracted] SM456 on 31JAN: BKG=157, LF=89.7%
[LF] SM456 31JAN: BKG=157, GRP=50, CAP=175, LF%=89.7%, Brd-Off=JED-ATZ, Classes: P:50, I:17, O:17, U:16, X:17, T:15, W:18, S:7
[LF] Getting WEEKLY/LASTSOLD data for 3 flights
[LF] SM492 31JAN: LASTSOLD=2026-01-22 00:00:00, WEEKLY=6, TODAY=0, YDAY=0
[LF] SM454 31JAN: LASTSOLD=2026-01-22 00:00:00, WEEKLY=10, TODAY=0, YDAY=0
[LF] SM456 31JAN: LASTSOLD=2026-01-24 00:00:00, WEEKLY=43, TODAY=0, YDAY=9
2026-01-25 08:02:02 | INFO     | [SUCCESS] Day 31JAN
2026-01-25 08:02:02 | INFO     | [DAY_START] Processing 30JAN
[LF] Processing JED-ATZ for 30JAN
2026-01-25 08:02:02 | INFO     | [lf.day.start] Processing JED-ATZ for 30JAN
[LF] Sending SN command: SN30JANJEDATZ/ASM
[LF] 30JAN: found 1 direct flights
2026-01-25 08:02:03 | INFO     | [lf.day.flights_found] Found 1 flights on 30JAN
2026-01-25 08:02:05 | INFO     | [lf.flight.extracted] SM492 on 30JAN: BKG=178, LF=100.0%
[LF] SM492 30JAN: BKG=178, GRP=105, CAP=178, LF%=100.0%, Brd-Off=JED-ATZ, Classes: P:100, E:5, I:25, O:27, U:14, T:1, L:2, K:4
[LF] Getting WEEKLY/LASTSOLD data for 1 flights
[LF] SM492 30JAN: LASTSOLD=2026-01-23 00:00:00, WEEKLY=1, TODAY=0, YDAY=0
2026-01-25 08:02:11 | INFO     | [SUCCESS] Day 30JAN
2026-01-25 08:02:11 | INFO     | [DAY_START] Processing 29JAN
[LF] Processing JED-ATZ for 29JAN
2026-01-25 08:02:11 | INFO     | [lf.day.start] Processing JED-ATZ for 29JAN
[LF] Sending SN command: SN29JANJEDATZ/ASM
[LF] 29JAN: found 4 direct flights
2026-01-25 08:02:12 | INFO     | [lf.day.flights_found] Found 4 flights on 29JAN
2026-01-25 08:02:14 | INFO     | [lf.flight.extracted] SM982 on 29JAN: BKG=178, LF=100.0%
[LF] SM982 29JAN: BKG=178, GRP=129, CAP=178, LF%=100.0%, Brd-Off=JED-ATZ, Classes: P:89, E:40, I:28, O:21
2026-01-25 08:02:17 | INFO     | [lf.flight.extracted] SM422 on 29JAN: BKG=178, LF=100.0%
[LF] SM422 29JAN: BKG=178, GRP=130, CAP=178, LF%=100.0%, Brd-Off=JED-ATZ, Classes: P:131, I:16, O:17, T:7, W:5, S:2
2026-01-25 08:02:20 | INFO     | [lf.flight.extracted] SM454 on 29JAN: BKG=178, LF=100.0%
[LF] SM454 29JAN: BKG=178, GRP=142, CAP=178, LF%=100.0%, Brd-Off=JED-ATZ, Classes: P:94, E:48, I:17, O:3, U:4, T:6, W:5, S:1
2026-01-25 08:02:24 | INFO     | [lf.flight.extracted] SM456 on 29JAN: BKG=178, LF=100.0%
[LF] SM456 29JAN: BKG=178, GRP=144, CAP=178, LF%=100.0%, Brd-Off=JED-ATZ, Classes: P:54, E:90, I:17, O:4, T:2, W:7, S:2, K:2
[LF] Getting WEEKLY/LASTSOLD data for 4 flights
[LF] SM982 29JAN: LASTSOLD=2026-01-20 00:00:00, WEEKLY=1, TODAY=0, YDAY=0
[LF] SM422 29JAN: LASTSOLD=2026-01-24 00:00:00, WEEKLY=15, TODAY=0, YDAY=1
[LF] SM454 29JAN: LASTSOLD=2026-01-21 00:00:00, WEEKLY=8, TODAY=0, YDAY=0
[LF] SM456 29JAN: LASTSOLD=2026-01-22 00:00:00, WEEKLY=19, TODAY=0, YDAY=0
2026-01-25 08:02:48 | INFO     | [SUCCESS] Day 29JAN
2026-01-25 08:02:48 | INFO     | [DAY_START] Processing 28JAN
[LF] Processing JED-ATZ for 28JAN
2026-01-25 08:02:48 | INFO     | [lf.day.start] Processing JED-ATZ for 28JAN
[LF] Sending SN command: SN28JANJEDATZ/ASM
[LF] 28JAN: found 2 direct flights
2026-01-25 08:02:50 | INFO     | [lf.day.flights_found] Found 2 flights on 28JAN
2026-01-25 08:02:51 | INFO     | [lf.flight.extracted] SM454 on 28JAN: BKG=178, LF=100.0%
[LF] SM454 28JAN: BKG=178, GRP=140, CAP=178, LF%=100.0%, Brd-Off=JED-ATZ, Classes: P:140, I:16, O:9, S:10, G:1, K:2
2026-01-25 08:02:55 | INFO     | [lf.flight.extracted] SM492 on 28JAN: BKG=178, LF=100.0%
[LF] SM492 28JAN: BKG=178, GRP=135, CAP=178, LF%=100.0%, Brd-Off=JED-ATZ, Classes: P:136, I:17, O:14, U:1, W:10
[LF] Getting WEEKLY/LASTSOLD data for 2 flights
[LF] SM454 28JAN: LASTSOLD=2026-01-23 00:00:00, WEEKLY=10, TODAY=0, YDAY=0
[LF] SM492 28JAN: LASTSOLD=2026-01-22 00:00:00, WEEKLY=9, TODAY=0, YDAY=0
2026-01-25 08:03:05 | INFO     | [SUCCESS] Day 28JAN
2026-01-25 08:03:05 | INFO     | [DAY_START] Processing 27JAN
[LF] Processing JED-ATZ for 27JAN
2026-01-25 08:03:05 | INFO     | [lf.day.start] Processing JED-ATZ for 27JAN
[LF] Sending SN command: SN27JANJEDATZ/ASM
[LF] 27JAN: found 2 direct flights
2026-01-25 08:03:06 | INFO     | [lf.day.flights_found] Found 2 flights on 27JAN
2026-01-25 08:03:08 | INFO     | [lf.flight.extracted] SM454 on 27JAN: BKG=178, LF=100.0%
[LF] SM454 27JAN: BKG=178, GRP=85, CAP=178, LF%=100.0%, Brd-Off=JED-ATZ, Classes: P:85, I:55, O:18, U:7, T:7, G:1, K:5
2026-01-25 08:03:12 | INFO     | [lf.flight.extracted] SM456 on 27JAN: BKG=181, LF=101.7%
[LF] SM456 27JAN: BKG=181, GRP=109, CAP=178, LF%=101.7%, Brd-Off=JED-ATZ, Classes: P:109, I:25, O:35, U:10, T:2
[LF] Getting WEEKLY/LASTSOLD data for 2 flights
[LF] SM454 27JAN: LASTSOLD=2026-01-21 00:00:00, WEEKLY=45, TODAY=0, YDAY=0
[LF] SM456 27JAN: LASTSOLD=2026-01-18 00:00:00, WEEKLY=41, TODAY=0, YDAY=0
2026-01-25 08:03:22 | INFO     | [SUCCESS] Day 27JAN
2026-01-25 08:03:22 | INFO     | [DAY_START] Processing 26JAN
[LF] Processing JED-ATZ for 26JAN
2026-01-25 08:03:22 | INFO     | [lf.day.start] Processing JED-ATZ for 26JAN
[LF] Sending SN command: SN26JANJEDATZ/ASM
[LF] 26JAN: found 3 direct flights
2026-01-25 08:03:23 | INFO     | [lf.day.flights_found] Found 3 flights on 26JAN
2026-01-25 08:03:25 | INFO     | [lf.flight.extracted] SM456 on 26JAN: BKG=188, LF=107.4%
[LF] SM456 26JAN: BKG=188, GRP=154, CAP=175, LF%=107.4%, Brd-Off=JED-ATZ, Classes: P:154, I:17, O:17
2026-01-25 08:03:28 | INFO     | [lf.flight.extracted] SM492 on 26JAN: BKG=168, LF=96.0%
[LF] SM492 26JAN: BKG=168, GRP=93, CAP=175, LF%=96.0%, Brd-Off=JED-ATZ, Classes: P:93, I:41, O:18, U:7, X:2, T:2, W:2, K:3
2026-01-25 08:03:32 | INFO     | [lf.flight.extracted] SM454 on 26JAN: BKG=173, LF=98.9%
[LF] SM454 26JAN: BKG=173, GRP=125, CAP=175, LF%=98.9%, Brd-Off=JED-ATZ, Classes: P:49, E:80, I:25, O:16, U:2, K:1
[LF] Getting WEEKLY/LASTSOLD data for 3 flights
[LF] SM456 26JAN: LASTSOLD=2026-01-11 00:00:00, WEEKLY=0, TODAY=0, YDAY=0
[LF] SM492 26JAN: LASTSOLD=2026-01-21 00:00:00, WEEKLY=31, TODAY=0, YDAY=0
[LF] SM454 26JAN: LASTSOLD=2026-01-17 00:00:00, WEEKLY=0, TODAY=0, YDAY=0
2026-01-25 08:03:46 | ERROR    | Atomic write failed for D:\CODERED\LAB\Artifacts\outputs\run_generated_250126_at_07.06\checkpoints\flight_booking_data.json: [WinError 5] Access is denied: 'D:\\CODERED\\LAB\\Artifacts\\outputs\\run_generated_250126_at_07.06\\checkpoints\\flight_booking_data.tmp_a3673fa3' -> 'D:\\CODERED\\LAB\\Artifacts\\outputs\\run_generated_250126_at_07.06\\checkpoints\\flight_booking_data.json'
2026-01-25 08:03:46 | INFO     | [SUCCESS] Day 26JAN
[LF] Skipping 25JAN (Today) - will be processed by supplement scan
[LF] Results summary:
  2026-01-31: 3 flights
  2026-01-30: 1 flights
  2026-01-29: 4 flights
  2026-01-28: 2 flights
  2026-01-27: 2 flights
  2026-01-26: 3 flights
2026-01-25 08:03:46 | INFO     | [SUCCESS] LF Search Complete

============================================================
[Worker_9227] ✓ COMPLETED: JED-ATZ
  Results: 6 dates
  Errors: 0 dates
  Total Processed: 73 groups
============================================================

2026-01-25 08:03:46 | INFO     | [Worker_9227] Completed: JED-ATZ - 6 results, 0 errors

============================================================
[Worker_9227] Processing: ATZ-JED
  Tier 0: Range 1, Chunk 4/4
  Dates: 7 days
  Date Range: 2026-01-31 to 2026-01-25
============================================================

2026-01-25 08:03:46 | INFO     | [Worker_9227] Processing: ATZ-JED
2026-01-25 08:03:46 | INFO     |   Tier 0: Range 1, Chunk 4/4 (7 days)
2026-01-25 08:03:46 | INFO     | ======================================================================
2026-01-25 08:03:46 | INFO     | Load Factor Scraper Started - Route: ATZ-JED
2026-01-25 08:03:46 | INFO     | Log file: D:\CODERED\LAB\Artifacts\outputs\run_generated_250126_at_07.06\logs\LF_ATZ-JED_20260125_080346.log
2026-01-25 08:03:46 | INFO     | Enhanced logging: Capturing both logging.info() and print()
2026-01-25 08:03:46 | INFO     | ======================================================================
[LF] Processing dates (override): ['31JAN', '30JAN', '29JAN', '28JAN', '27JAN', '26JAN', '25JAN']
[LF] Attaching to Chrome for Altea access
2026-01-25 08:03:46 | INFO     | Starting LF search for route: ATZ-JED
2026-01-25 08:03:46 | INFO     | [START] LF Search
[LF][[OK] SUCCESS] Connected to Chrome on 127.0.0.1:9227 (after 1 attempts)
2026-01-25 08:03:47 | INFO     | [HEALTH CHECK] [OK] Chrome connection is healthy
[LF][[OK] SUCCESS] Found Amadeus Altea window: Altéa Reservation Desktop
[LF][[INFO] INFO] URL: https://tc212.resdesktop.altea.amadeus.com/app_ard/apf/init/login?SITE=ESMPESMP&LANGUAGE=GB&MARKETS=ARDW_PROD_WBP&ACTION=clpLogin
2026-01-25 08:03:47 | INFO     | [DAY_START] Processing 31JAN
[LF] Processing ATZ-JED for 31JAN
2026-01-25 08:03:47 | INFO     | [lf.day.start] Processing ATZ-JED for 31JAN
[LF] Sending SN command: SN31JANATZJED/ASM
[LF] 31JAN: found 3 direct flights
2026-01-25 08:03:48 | INFO     | [lf.day.flights_found] Found 3 flights on 31JAN
2026-01-25 08:03:50 | INFO     | [lf.flight.extracted] SM491 on 31JAN: BKG=72, LF=40.2%
[LF] SM491 31JAN: BKG=72, GRP=0, CAP=179, LF%=40.2%, Brd-Off=ATZ-JED, Classes: I:18, O:18, U:27, X:6, T:1, K:2
2026-01-25 08:03:53 | INFO     | [lf.flight.extracted] SM453 on 31JAN: BKG=62, LF=34.6%
[LF] SM453 31JAN: BKG=62, GRP=0, CAP=179, LF%=34.6%, Brd-Off=ATZ-JED, Classes: I:13, O:6, U:11, X:25, T:2, W:5
2026-01-25 08:03:56 | INFO     | [lf.flight.extracted] SM455 on 31JAN: BKG=94, LF=52.5%
[LF] SM455 31JAN: BKG=94, GRP=0, CAP=179, LF%=52.5%, Brd-Off=ATZ-JED, Classes: I:18, O:18, U:18, X:23, T:12, W:4, S:1
[LF] Getting WEEKLY/LASTSOLD data for 3 flights
[LF] SM491 31JAN: LASTSOLD=2026-01-24 00:00:00, WEEKLY=17, TODAY=0, YDAY=1
[LF] SM453 31JAN: LASTSOLD=2026-01-24 00:00:00, WEEKLY=19, TODAY=0, YDAY=2
[LF] SM455 31JAN: LASTSOLD=2026-01-24 00:00:00, WEEKLY=10, TODAY=0, YDAY=5
2026-01-25 08:04:09 | INFO     | [SUCCESS] Day 31JAN
2026-01-25 08:04:09 | INFO     | [DAY_START] Processing 30JAN
[LF] Processing ATZ-JED for 30JAN
2026-01-25 08:04:09 | INFO     | [lf.day.start] Processing ATZ-JED for 30JAN
[LF] Sending SN command: SN30JANATZJED/ASM
[LF] 30JAN: found 1 direct flights
2026-01-25 08:04:10 | INFO     | [lf.day.flights_found] Found 1 flights on 30JAN
2026-01-25 08:04:12 | INFO     | [lf.flight.extracted] SM491 on 30JAN: BKG=131, LF=73.2%
[LF] SM491 30JAN: BKG=131, GRP=45, CAP=179, LF%=73.2%, Brd-Off=ATZ-JED, Classes: P:45, I:14, O:9, U:31, X:14, T:9, W:9
[LPC] SM491 30JAN: Found 0 outbound flights with connecting passengers
[LF] Getting WEEKLY/LASTSOLD data for 1 flights
[LF] SM491 30JAN: LASTSOLD=2026-01-23 00:00:00, WEEKLY=1, TODAY=0, YDAY=0
2026-01-25 08:04:15 | INFO     | [SUCCESS] Day 30JAN
2026-01-25 08:04:15 | INFO     | [DAY_START] Processing 29JAN
[LF] Processing ATZ-JED for 29JAN
2026-01-25 08:04:15 | INFO     | [lf.day.start] Processing ATZ-JED for 29JAN
[LF] Sending SN command: SN29JANATZJED/ASM
[LF] 29JAN: found 2 direct flights
2026-01-25 08:04:17 | INFO     | [lf.day.flights_found] Found 2 flights on 29JAN
2026-01-25 08:04:19 | INFO     | [lf.flight.extracted] SM453 on 29JAN: BKG=122, LF=68.2%
[LF] SM453 29JAN: BKG=122, GRP=0, CAP=179, LF%=68.2%, Brd-Off=ATZ-JED, Classes: I:15, O:30, U:30, X:30, T:10, W:7
[LPC] SM453 29JAN: Found 0 outbound flights with connecting passengers
2026-01-25 08:04:23 | INFO     | [lf.flight.extracted] SM455 on 29JAN: BKG=77, LF=43.0%
[LF] SM455 29JAN: BKG=77, GRP=0, CAP=179, LF%=43.0%, Brd-Off=ATZ-JED, Classes: I:15, O:15, U:15, X:15, T:11, W:6
[LF] Getting WEEKLY/LASTSOLD data for 2 flights
[LF] SM453 29JAN: LASTSOLD=2026-01-25 00:00:00, WEEKLY=62, TODAY=1, YDAY=9
[LF] SM455 29JAN: LASTSOLD=2026-01-25 00:00:00, WEEKLY=61, TODAY=2, YDAY=8
2026-01-25 08:04:32 | INFO     | [SUCCESS] Day 29JAN
2026-01-25 08:04:32 | INFO     | [DAY_START] Processing 28JAN
[LF] Processing ATZ-JED for 28JAN
2026-01-25 08:04:32 | INFO     | [lf.day.start] Processing ATZ-JED for 28JAN
[LF] Sending SN command: SN28JANATZJED/ASM
[LF] 28JAN: found 4 direct flights
2026-01-25 08:04:34 | INFO     | [lf.day.flights_found] Found 4 flights on 28JAN
2026-01-25 08:04:35 | INFO     | [lf.flight.extracted] SM453 on 28JAN: BKG=157, LF=87.7%
[LF] SM453 28JAN: BKG=157, GRP=94, CAP=179, LF%=87.7%, Brd-Off=ATZ-JED, Classes: P:94, I:11, O:9, U:13, X:21, T:3, W:6
[LPC] SM453 28JAN: Found 0 outbound flights with connecting passengers
2026-01-25 08:04:40 | INFO     | [lf.flight.extracted] SM491 on 28JAN: BKG=169, LF=94.4%
[LF] SM491 28JAN: BKG=169, GRP=45, CAP=179, LF%=94.4%, Brd-Off=ATZ-JED, Classes: P:45, I:12, O:13, U:35, X:30, T:15, W:15, S:3, V:1
2026-01-25 08:04:43 | INFO     | [lf.flight.extracted] SM981 on 28JAN: BKG=87, LF=48.6%
[LF] SM981 28JAN: BKG=87, GRP=0, CAP=179, LF%=48.6%, Brd-Off=ATZ-JED, Classes: O:29, U:29, X:19, T:7, W:3
2026-01-25 08:04:46 | INFO     | [lf.flight.extracted] SM421 on 28JAN: BKG=86, LF=48.0%
[LF] SM421 28JAN: BKG=86, GRP=0, CAP=179, LF%=48.0%, Brd-Off=ATZ-JED, Classes: I:15, O:15, U:15, X:24, T:17
[LF] Getting WEEKLY/LASTSOLD data for 4 flights
[LF] SM453 28JAN: LASTSOLD=2026-01-24 00:00:00, WEEKLY=53, TODAY=0, YDAY=9
[LF] SM491 28JAN: LASTSOLD=2026-01-24 00:00:00, WEEKLY=84, TODAY=0, YDAY=3
[LF] SM981 28JAN: LASTSOLD=2026-01-25 00:00:00, WEEKLY=67, TODAY=5, YDAY=20
[LF] SM421 28JAN: LASTSOLD=2026-01-25 00:00:00, WEEKLY=31, TODAY=1, YDAY=1
2026-01-25 08:05:04 | INFO     | [SUCCESS] Day 28JAN
2026-01-25 08:05:04 | INFO     | [DAY_START] Processing 27JAN
[LF] Processing ATZ-JED for 27JAN
2026-01-25 08:05:04 | INFO     | [lf.day.start] Processing ATZ-JED for 27JAN
[LF] Sending SN command: SN27JANATZJED/ASM
[LF] 27JAN: found 2 direct flights
2026-01-25 08:05:05 | INFO     | [lf.day.flights_found] Found 2 flights on 27JAN
2026-01-25 08:05:07 | INFO     | [lf.flight.extracted] SM453 on 27JAN: BKG=111, LF=62.0%
[LF] SM453 27JAN: BKG=111, GRP=45, CAP=179, LF%=62.0%, Brd-Off=ATZ-JED, Classes: P:45, X:29, T:23, W:10, S:2, G:2
[LPC] SM453 27JAN: Found 1 outbound flights with connecting passengers
2026-01-25 08:05:11 | INFO     | [lf.flight.extracted] SM455 on 27JAN: BKG=170, LF=95.0%
[LF] SM455 27JAN: BKG=170, GRP=75, CAP=179, LF%=95.0%, Brd-Off=ATZ-JED, Classes: P:75, X:17, T:33, W:25, S:15, G:5
[LPC] SM455 27JAN: Found 0 outbound flights with connecting passengers
[LF] Getting WEEKLY/LASTSOLD data for 2 flights
[LF] SM453 27JAN: LASTSOLD=2026-01-25 00:00:00, WEEKLY=45, TODAY=1, YDAY=8
[LF] SM455 27JAN: LASTSOLD=2026-01-24 00:00:00, WEEKLY=16, TODAY=0, YDAY=5
2026-01-25 08:05:22 | INFO     | [SUCCESS] Day 27JAN
2026-01-25 08:05:22 | INFO     | [DAY_START] Processing 26JAN
[LF] Processing ATZ-JED for 26JAN
2026-01-25 08:05:22 | INFO     | [lf.day.start] Processing ATZ-JED for 26JAN
[LF] Sending SN command: SN26JANATZJED/ASM
[LF] 26JAN: found 3 direct flights
2026-01-25 08:05:23 | INFO     | [lf.day.flights_found] Found 3 flights on 26JAN
2026-01-25 08:05:25 | INFO     | [lf.flight.extracted] SM491 on 26JAN: BKG=175, LF=97.8%
[LF] SM491 26JAN: BKG=175, GRP=90, CAP=179, LF%=97.8%, Brd-Off=ATZ-JED, Classes: P:90, X:20, T:15, W:14, S:15, G:21
2026-01-25 08:05:28 | INFO     | [lf.flight.extracted] SM455 on 26JAN: BKG=151, LF=84.4%
[LF] SM455 26JAN: BKG=151, GRP=120, CAP=179, LF%=84.4%, Brd-Off=ATZ-JED, Classes: P:120, I:10, O:10, U:4, X:6, W:1
[LPC] SM455 26JAN: Found 0 outbound flights with connecting passengers
2026-01-25 08:05:33 | INFO     | [lf.flight.extracted] SM453 on 26JAN: BKG=172, LF=96.1%
[LF] SM453 26JAN: BKG=172, GRP=91, CAP=179, LF%=96.1%, Brd-Off=ATZ-JED, Classes: P:91, X:5, T:19, W:28, S:11, G:15, L:3
[LPC] SM453 26JAN: Found 0 outbound flights with connecting passengers
[LF] Getting WEEKLY/LASTSOLD data for 3 flights
[LF] SM491 26JAN: LASTSOLD=2026-01-23 00:00:00, WEEKLY=27, TODAY=0, YDAY=0
[LF] SM455 26JAN: LASTSOLD=2026-01-24 00:00:00, WEEKLY=26, TODAY=0, YDAY=25
[LF] SM453 26JAN: LASTSOLD=2026-01-25 00:00:00, WEEKLY=76, TODAY=1, YDAY=1
2026-01-25 08:05:47 | INFO     | [SUCCESS] Day 26JAN
[LF] Skipping 25JAN (Today) - will be processed by supplement scan
[LF] Results summary:
  2026-01-31: 3 flights
  2026-01-30: 1 flights
  2026-01-29: 2 flights
  2026-01-28: 4 flights
  2026-01-27: 2 flights
  2026-01-26: 3 flights
2026-01-25 08:05:47 | INFO     | [SUCCESS] LF Search Complete

============================================================
[Worker_9227] ✓ COMPLETED: ATZ-JED
  Results: 6 dates
  Errors: 0 dates
  Total Processed: 74 groups
============================================================

2026-01-25 08:05:47 | INFO     | [Worker_9227] Completed: ATZ-JED - 6 results, 0 errors
[Worker_9227] Waiting for tasks...

============================================================
[Worker_9227] Shutdown signal received
Exiting...
============================================================
2026-01-25 09:00:03 | INFO     | [Worker_9227] Shutdown signal received, exiting...

============================================================
[Worker_9227] FINISHED
  Total Groups Processed: 74
============================================================

2026-01-25 09:00:03 | INFO     | [Worker_9227] Finished. Processed 74 groups.
