
============================================================
     LF WORKER - PORT 9233
============================================================
Worker: Worker_9233
Status: READY
Waiting for tasks...
============================================================


============================================================
[Worker_9233] Processing: JED-ASW
  Tier 0: Range 4, Chunk 1/4
  Dates: 8 days
  Date Range: 2026-05-30 to 2026-05-23
============================================================

2026-01-25 07:10:17 | INFO     | ======================================================================
2026-01-25 07:10:17 | INFO     | Load Factor Scraper Started - Route: JED-ASW
2026-01-25 07:10:17 | INFO     | Log file: D:\CODERED\LAB\Artifacts\outputs\run_generated_250126_at_07.06\logs\LF_JED-ASW_20260125_071017.log
2026-01-25 07:10:17 | INFO     | Enhanced logging: Capturing both logging.info() and print()
2026-01-25 07:10:17 | INFO     | ======================================================================
[LF] Processing dates (override): ['30MAY', '29MAY', '28MAY', '27MAY', '26MAY', '25MAY', '24MAY', '23MAY']
[LF] Attaching to Chrome for Altea access
[LF][[OK] SUCCESS] Connected to Chrome on 127.0.0.1:9233 (after 1 attempts)
[LF][[OK] SUCCESS] Found Amadeus Altea window: Altéa Reservation Desktop
[LF][[INFO] INFO] URL: https://tc212.resdesktop.altea.amadeus.com/app_ard/apf/init/login?SITE=ESMPESMP&LANGUAGE=GB&MARKETS=ARDW_PROD_WBP&ACTION=clpLogin
[LF] Processing JED-ASW for 30MAY
[LF] Sending SN command: SN30MAYJEDASW/ASM
[LF][ERROR] Amadeus command error detected: UNKNOWN TRANSACTION
[LF][ERROR] Command: SN30MAYJEDASW/ASM
[LF][RESYNC] Triggering immediate resync to last successful SN command
============================================================
[LF][RESYNC] Command 'SN30MAYJEDASW/ASM' failed: TECH_ERROR:UNKNOWN TRANSACTION
[LF][RESYNC] Re-running entire day from SN command for JED-ASW 30MAY
[LF][RESYNC] Attempt 1/50 (waiting 1.0s before retry...)
============================================================
[LF][RESYNC] Sending IG to clear session state...
[LF][RESYNC] Session cleared with IG
[LF] Processing JED-ASW for 30MAY
[LF] Sending SN command: SN30MAYJEDASW/ASM
[LF] No direct flights on 30MAY for JED-ASW
[LF] Processing JED-ASW for 29MAY
[LF] Sending SN command: SN29MAYJEDASW/ASM
[LF] No direct flights on 29MAY for JED-ASW
[LF] Processing JED-ASW for 28MAY
[LF] Sending SN command: SN28MAYJEDASW/ASM
[LF] No direct flights on 28MAY for JED-ASW
[LF] Processing JED-ASW for 27MAY
[LF] Sending SN command: SN27MAYJEDASW/ASM
[LF] No direct flights on 27MAY for JED-ASW
[LF] Processing JED-ASW for 26MAY
[LF] Sending SN command: SN26MAYJEDASW/ASM
[LF] No direct flights on 26MAY for JED-ASW
[LF] Processing JED-ASW for 25MAY
[LF] Sending SN command: SN25MAYJEDASW/ASM
[LF] No direct flights on 25MAY for JED-ASW
[LF] Processing JED-ASW for 24MAY
[LF] Sending SN command: SN24MAYJEDASW/ASM
[LF] No direct flights on 24MAY for JED-ASW
[LF] Processing JED-ASW for 23MAY
[LF] Sending SN command: SN23MAYJEDASW/ASM
[LF] No direct flights on 23MAY for JED-ASW
[LF] Results summary:
  2026-05-30: 0 flights
  2026-05-29: 0 flights
  2026-05-28: 0 flights
  2026-05-27: 0 flights
  2026-05-26: 0 flights
  2026-05-25: 0 flights
  2026-05-24: 0 flights
  2026-05-23: 0 flights

============================================================
[Worker_9233] ✓ COMPLETED: JED-ASW
  Results: 8 dates
  Errors: 0 dates
  Total Processed: 1 groups
============================================================


============================================================
[Worker_9233] Processing: DMM-CAI
  Tier 0: Range 4, Chunk 1/4
  Dates: 8 days
  Date Range: 2026-05-30 to 2026-05-23
============================================================

2026-01-25 07:10:36 | INFO     | ======================================================================
2026-01-25 07:10:36 | INFO     | Load Factor Scraper Started - Route: DMM-CAI
2026-01-25 07:10:36 | INFO     | Log file: D:\CODERED\LAB\Artifacts\outputs\run_generated_250126_at_07.06\logs\LF_DMM-CAI_20260125_071036.log
2026-01-25 07:10:36 | INFO     | Enhanced logging: Capturing both logging.info() and print()
2026-01-25 07:10:36 | INFO     | ======================================================================
[LF] Processing dates (override): ['30MAY', '29MAY', '28MAY', '27MAY', '26MAY', '25MAY', '24MAY', '23MAY']
[LF] Attaching to Chrome for Altea access
2026-01-25 07:10:36 | INFO     | Starting LF search for route: DMM-CAI
2026-01-25 07:10:36 | INFO     | [START] LF Search
[LF][[OK] SUCCESS] Connected to Chrome on 127.0.0.1:9233 (after 1 attempts)
2026-01-25 07:10:36 | INFO     | [HEALTH CHECK] [OK] Chrome connection is healthy
[LF][[OK] SUCCESS] Found Amadeus Altea window: Altéa Reservation Desktop
[LF][[INFO] INFO] URL: https://tc212.resdesktop.altea.amadeus.com/app_ard/apf/init/login?SITE=ESMPESMP&LANGUAGE=GB&MARKETS=ARDW_PROD_WBP&ACTION=clpLogin
2026-01-25 07:10:36 | INFO     | [DAY_START] Processing 30MAY
[LF] Processing DMM-CAI for 30MAY
2026-01-25 07:10:36 | INFO     | [lf.day.start] Processing DMM-CAI for 30MAY
[LF] Sending SN command: SN30MAYDMMCAI/ASM
[LF] No direct flights on 30MAY for DMM-CAI
2026-01-25 07:10:37 | WARNING  | [lf.day.no_flights] No direct flights on 30MAY
2026-01-25 07:10:37 | INFO     | [SUCCESS] Day 30MAY
2026-01-25 07:10:37 | INFO     | [DAY_START] Processing 29MAY
[LF] Processing DMM-CAI for 29MAY
2026-01-25 07:10:37 | INFO     | [lf.day.start] Processing DMM-CAI for 29MAY
[LF] Sending SN command: SN29MAYDMMCAI/ASM
[LF] 29MAY: found 2 direct flights
2026-01-25 07:10:39 | INFO     | [lf.day.flights_found] Found 2 flights on 29MAY
2026-01-25 07:10:40 | INFO     | [lf.flight.extracted] SM434 on 29MAY: BKG=10, LF=5.7%
[LF] SM434 29MAY: BKG=10, GRP=0, CAP=175, LF%=5.7%, Brd-Off=DMM-CAI, Classes: O:2, U:3, X:5
2026-01-25 07:10:44 | INFO     | [lf.flight.extracted] SM440 on 29MAY: BKG=6, LF=3.4%
[LF] SM440 29MAY: BKG=6, GRP=0, CAP=175, LF%=3.4%, Brd-Off=DMM-CAI, Classes: O:1, U:5
[LF] Getting WEEKLY/LASTSOLD data for 2 flights
[LF] SM434 29MAY: LASTSOLD=2026-01-21 00:00:00, WEEKLY=5, TODAY=0, YDAY=0
[LF] SM440 29MAY: LASTSOLD=2026-01-24 00:00:00, WEEKLY=2, TODAY=0, YDAY=2
2026-01-25 07:10:47 | INFO     | [SUCCESS] Day 29MAY
2026-01-25 07:10:47 | INFO     | [DAY_START] Processing 28MAY
[LF] Processing DMM-CAI for 28MAY
2026-01-25 07:10:47 | INFO     | [lf.day.start] Processing DMM-CAI for 28MAY
[LF] Sending SN command: SN28MAYDMMCAI/ASM
[LF] No direct flights on 28MAY for DMM-CAI
2026-01-25 07:10:48 | WARNING  | [lf.day.no_flights] No direct flights on 28MAY
2026-01-25 07:10:48 | INFO     | [SUCCESS] Day 28MAY
2026-01-25 07:10:48 | INFO     | [DAY_START] Processing 27MAY
[LF] Processing DMM-CAI for 27MAY
2026-01-25 07:10:48 | INFO     | [lf.day.start] Processing DMM-CAI for 27MAY
[LF] Sending SN command: SN27MAYDMMCAI/ASM
[LF] 27MAY: found 1 direct flights
2026-01-25 07:10:50 | INFO     | [lf.day.flights_found] Found 1 flights on 27MAY
2026-01-25 07:10:52 | INFO     | [lf.flight.extracted] SM434 on 27MAY: BKG=18, LF=10.3%
[LF] SM434 27MAY: BKG=18, GRP=0, CAP=175, LF%=10.3%, Brd-Off=DMM-CAI, Classes: O:1, X:10, T:7
[LF] Getting WEEKLY/LASTSOLD data for 1 flights
[LF] SM434 27MAY: LASTSOLD=2026-01-19 00:00:00, WEEKLY=1, TODAY=0, YDAY=0
2026-01-25 07:10:54 | INFO     | [SUCCESS] Day 27MAY
2026-01-25 07:10:54 | INFO     | [DAY_START] Processing 26MAY
[LF] Processing DMM-CAI for 26MAY
2026-01-25 07:10:54 | INFO     | [lf.day.start] Processing DMM-CAI for 26MAY
[LF] Sending SN command: SN26MAYDMMCAI/ASM
[LF] 26MAY: found 1 direct flights
2026-01-25 07:10:55 | INFO     | [lf.day.flights_found] Found 1 flights on 26MAY
2026-01-25 07:10:57 | INFO     | [lf.flight.extracted] SM434 on 26MAY: BKG=2, LF=1.1%
[LF] SM434 26MAY: BKG=2, GRP=0, CAP=175, LF%=1.1%, Brd-Off=DMM-CAI, Classes: G:2
[LF] Getting WEEKLY/LASTSOLD data for 1 flights
[LF] SM434 26MAY: LASTSOLD=2025-10-02 00:00:00, WEEKLY=0, TODAY=0, YDAY=0
2026-01-25 07:11:00 | INFO     | [SUCCESS] Day 26MAY
2026-01-25 07:11:00 | INFO     | [DAY_START] Processing 25MAY
[LF] Processing DMM-CAI for 25MAY
2026-01-25 07:11:00 | INFO     | [lf.day.start] Processing DMM-CAI for 25MAY
[LF] Sending SN command: SN25MAYDMMCAI/ASM
[LF] 25MAY: found 2 direct flights
2026-01-25 07:11:01 | INFO     | [lf.day.flights_found] Found 2 flights on 25MAY
2026-01-25 07:11:03 | INFO     | [lf.flight.extracted] SM440 on 25MAY: BKG=0, LF=0.0%
[LF] SM440 25MAY: BKG=0, GRP=0, CAP=175, LF%=0.0%, Brd-Off=DMM-CAI
2026-01-25 07:11:06 | INFO     | [lf.flight.extracted] SM434 on 25MAY: BKG=11, LF=6.3%
[LF] SM434 25MAY: BKG=11, GRP=0, CAP=175, LF%=6.3%, Brd-Off=DMM-CAI, Classes: X:7, T:4
[LF] Getting WEEKLY/LASTSOLD data for 1 flights
[LF] SM434 25MAY: LASTSOLD=2025-10-14 00:00:00, WEEKLY=0, TODAY=0, YDAY=0
2026-01-25 07:11:08 | INFO     | [SUCCESS] Day 25MAY
2026-01-25 07:11:08 | INFO     | [DAY_START] Processing 24MAY
[LF] Processing DMM-CAI for 24MAY
2026-01-25 07:11:08 | INFO     | [lf.day.start] Processing DMM-CAI for 24MAY
[LF] Sending SN command: SN24MAYDMMCAI/ASM
[LF] 24MAY: found 1 direct flights
2026-01-25 07:11:09 | INFO     | [lf.day.flights_found] Found 1 flights on 24MAY
2026-01-25 07:11:11 | INFO     | [lf.flight.extracted] SM434 on 24MAY: BKG=0, LF=0.0%
[LF] SM434 24MAY: BKG=0, GRP=0, CAP=175, LF%=0.0%, Brd-Off=DMM-CAI
2026-01-25 07:11:12 | INFO     | [SUCCESS] Day 24MAY
2026-01-25 07:11:12 | INFO     | [DAY_START] Processing 23MAY
[LF] Processing DMM-CAI for 23MAY
2026-01-25 07:11:12 | INFO     | [lf.day.start] Processing DMM-CAI for 23MAY
[LF] Sending SN command: SN23MAYDMMCAI/ASM
[LF] No direct flights on 23MAY for DMM-CAI
2026-01-25 07:11:13 | WARNING  | [lf.day.no_flights] No direct flights on 23MAY
2026-01-25 07:11:13 | INFO     | [SUCCESS] Day 23MAY
[LF] Results summary:
  2026-05-30: 0 flights
  2026-05-29: 2 flights
  2026-05-28: 0 flights
  2026-05-27: 1 flights
  2026-05-26: 1 flights
  2026-05-25: 2 flights
  2026-05-24: 1 flights
  2026-05-23: 0 flights
2026-01-25 07:11:13 | INFO     | [SUCCESS] LF Search Complete

============================================================
[Worker_9233] ✓ COMPLETED: DMM-CAI
  Results: 8 dates
  Errors: 0 dates
  Total Processed: 2 groups
============================================================

2026-01-25 07:11:13 | INFO     | [Worker_9233] Completed: DMM-CAI - 8 results, 0 errors

============================================================
[Worker_9233] Processing: CAI-JED
  Tier 0: Range 4, Chunk 1/4
  Dates: 8 days
  Date Range: 2026-05-30 to 2026-05-23
============================================================

2026-01-25 07:11:13 | INFO     | [Worker_9233] Processing: CAI-JED
2026-01-25 07:11:13 | INFO     |   Tier 0: Range 4, Chunk 1/4 (8 days)
2026-01-25 07:11:13 | INFO     | ======================================================================
2026-01-25 07:11:13 | INFO     | Load Factor Scraper Started - Route: CAI-JED
2026-01-25 07:11:13 | INFO     | Log file: D:\CODERED\LAB\Artifacts\outputs\run_generated_250126_at_07.06\logs\LF_CAI-JED_20260125_071113.log
2026-01-25 07:11:13 | INFO     | Enhanced logging: Capturing both logging.info() and print()
2026-01-25 07:11:13 | INFO     | ======================================================================
[LF] Processing dates (override): ['30MAY', '29MAY', '28MAY', '27MAY', '26MAY', '25MAY', '24MAY', '23MAY']
[LF] Attaching to Chrome for Altea access
2026-01-25 07:11:13 | INFO     | Starting LF search for route: CAI-JED
2026-01-25 07:11:13 | INFO     | [START] LF Search
[LF][[OK] SUCCESS] Connected to Chrome on 127.0.0.1:9233 (after 1 attempts)
2026-01-25 07:11:14 | INFO     | [HEALTH CHECK] [OK] Chrome connection is healthy
[LF][[OK] SUCCESS] Found Amadeus Altea window: Altéa Reservation Desktop
[LF][[INFO] INFO] URL: https://tc212.resdesktop.altea.amadeus.com/app_ard/apf/init/login?SITE=ESMPESMP&LANGUAGE=GB&MARKETS=ARDW_PROD_WBP&ACTION=clpLogin
2026-01-25 07:11:14 | INFO     | [DAY_START] Processing 30MAY
[LF] Processing CAI-JED for 30MAY
2026-01-25 07:11:14 | INFO     | [lf.day.start] Processing CAI-JED for 30MAY
[LF] JED↔Cairo route detected - querying both CAI and CCE airports
[LF] Sending SN command: SN30MAYCAIJED/ASM
[LF] Sending SN command: SN30MAYCCEJED/ASM
[LF] 30MAY: found 2 direct flights
2026-01-25 07:11:16 | INFO     | [lf.day.flights_found] Found 2 flights on 30MAY
2026-01-25 07:11:18 | INFO     | [lf.flight.extracted] SM477 on 30MAY: BKG=2, LF=1.1%
[LF] SM477 30MAY: BKG=2, GRP=0, CAP=179, LF%=1.1%, Brd-Off=CAI-JED, Classes: W:2
2026-01-25 07:11:21 | INFO     | [lf.flight.extracted] SM475 on 30MAY: BKG=6, LF=3.4%
[LF] SM475 30MAY: BKG=6, GRP=0, CAP=179, LF%=3.4%, Brd-Off=CAI-JED, Classes: W:6
[LF] Getting WEEKLY/LASTSOLD data for 2 flights
[LF] SM477 30MAY: LASTSOLD=2026-01-21 00:00:00, WEEKLY=1, TODAY=0, YDAY=0
[LF] SM475 30MAY: LASTSOLD=2026-01-22 00:00:00, WEEKLY=2, TODAY=0, YDAY=0
2026-01-25 07:11:25 | INFO     | [SUCCESS] Day 30MAY
2026-01-25 07:11:25 | INFO     | [DAY_START] Processing 29MAY
[LF] Processing CAI-JED for 29MAY
2026-01-25 07:11:25 | INFO     | [lf.day.start] Processing CAI-JED for 29MAY
[LF] JED↔Cairo route detected - querying both CAI and CCE airports
[LF] Sending SN command: SN29MAYCAIJED/ASM
[LF] Sending SN command: SN29MAYCCEJED/ASM
[LF] 29MAY: found 3 direct flights
2026-01-25 07:11:27 | INFO     | [lf.day.flights_found] Found 3 flights on 29MAY
2026-01-25 07:11:29 | INFO     | [lf.flight.extracted] SM477 on 29MAY: BKG=0, LF=0.0%
[LF] SM477 29MAY: BKG=0, GRP=0, CAP=179, LF%=0.0%, Brd-Off=CAI-JED
2026-01-25 07:11:33 | INFO     | [lf.flight.extracted] SM475 on 29MAY: BKG=0, LF=0.0%
[LF] SM475 29MAY: BKG=0, GRP=0, CAP=179, LF%=0.0%, Brd-Off=CAI-JED
2026-01-25 07:11:36 | INFO     | [lf.flight.extracted] SM479 on 29MAY: BKG=2, LF=1.1%
[LF] SM479 29MAY: BKG=2, GRP=0, CAP=179, LF%=1.1%, Brd-Off=CAI-JED, Classes: W:2
[LF] Getting WEEKLY/LASTSOLD data for 1 flights
[LF] SM479 29MAY: LASTSOLD=2025-12-12 00:00:00, WEEKLY=0, TODAY=0, YDAY=0
2026-01-25 07:11:38 | INFO     | [SUCCESS] Day 29MAY
2026-01-25 07:11:38 | INFO     | [DAY_START] Processing 28MAY
[LF] Processing CAI-JED for 28MAY
2026-01-25 07:11:38 | INFO     | [lf.day.start] Processing CAI-JED for 28MAY
[LF] JED↔Cairo route detected - querying both CAI and CCE airports
[LF] Sending SN command: SN28MAYCAIJED/ASM
[LF] Sending SN command: SN28MAYCCEJED/ASM
[LF] 28MAY: found 3 direct flights
2026-01-25 07:11:41 | INFO     | [lf.day.flights_found] Found 3 flights on 28MAY
2026-01-25 07:11:43 | INFO     | [lf.flight.extracted] SM477 on 28MAY: BKG=0, LF=0.0%
[LF] SM477 28MAY: BKG=0, GRP=0, CAP=179, LF%=0.0%, Brd-Off=CAI-JED
2026-01-25 07:11:46 | INFO     | [lf.flight.extracted] SM475 on 28MAY: BKG=0, LF=0.0%
[LF] SM475 28MAY: BKG=0, GRP=0, CAP=179, LF%=0.0%, Brd-Off=CAI-JED
2026-01-25 07:11:49 | INFO     | [lf.flight.extracted] SM459 on 28MAY: BKG=0, LF=0.0%
[LF] SM459 28MAY: BKG=0, GRP=0, CAP=179, LF%=0.0%, Brd-Off=CAI-JED
2026-01-25 07:11:50 | INFO     | [SUCCESS] Day 28MAY
2026-01-25 07:11:50 | INFO     | [DAY_START] Processing 27MAY
[LF] Processing CAI-JED for 27MAY
2026-01-25 07:11:50 | INFO     | [lf.day.start] Processing CAI-JED for 27MAY
[LF] JED↔Cairo route detected - querying both CAI and CCE airports
[LF] Sending SN command: SN27MAYCAIJED/ASM
[LF] Sending SN command: SN27MAYCCEJED/ASM
[LF] 27MAY: found 2 direct flights
2026-01-25 07:11:52 | INFO     | [lf.day.flights_found] Found 2 flights on 27MAY
2026-01-25 07:11:54 | INFO     | [lf.flight.extracted] SM477 on 27MAY: BKG=0, LF=0.0%
[LF] SM477 27MAY: BKG=0, GRP=0, CAP=179, LF%=0.0%, Brd-Off=CAI-JED
2026-01-25 07:11:57 | INFO     | [lf.flight.extracted] SM475 on 27MAY: BKG=0, LF=0.0%
[LF] SM475 27MAY: BKG=0, GRP=0, CAP=179, LF%=0.0%, Brd-Off=CAI-JED
2026-01-25 07:11:58 | INFO     | [SUCCESS] Day 27MAY
2026-01-25 07:11:58 | INFO     | [DAY_START] Processing 26MAY
[LF] Processing CAI-JED for 26MAY
2026-01-25 07:11:58 | INFO     | [lf.day.start] Processing CAI-JED for 26MAY
[LF] JED↔Cairo route detected - querying both CAI and CCE airports
[LF] Sending SN command: SN26MAYCAIJED/ASM
[LF] Sending SN command: SN26MAYCCEJED/ASM
[LF] 26MAY: found 3 direct flights
2026-01-25 07:12:00 | INFO     | [lf.day.flights_found] Found 3 flights on 26MAY
2026-01-25 07:12:02 | INFO     | [lf.flight.extracted] SM477 on 26MAY: BKG=0, LF=0.0%
[LF] SM477 26MAY: BKG=0, GRP=0, CAP=179, LF%=0.0%, Brd-Off=CAI-JED
2026-01-25 07:12:05 | INFO     | [lf.flight.extracted] SM475 on 26MAY: BKG=0, LF=0.0%
[LF] SM475 26MAY: BKG=0, GRP=0, CAP=179, LF%=0.0%, Brd-Off=CAI-JED
2026-01-25 07:12:08 | INFO     | [lf.flight.extracted] SM479 on 26MAY: BKG=0, LF=0.0%
[LF] SM479 26MAY: BKG=0, GRP=0, CAP=179, LF%=0.0%, Brd-Off=CAI-JED
2026-01-25 07:12:10 | INFO     | [SUCCESS] Day 26MAY
2026-01-25 07:12:10 | INFO     | [DAY_START] Processing 25MAY
[LF] Processing CAI-JED for 25MAY
2026-01-25 07:12:10 | INFO     | [lf.day.start] Processing CAI-JED for 25MAY
[LF] JED↔Cairo route detected - querying both CAI and CCE airports
[LF] Sending SN command: SN25MAYCAIJED/ASM
[LF] Sending SN command: SN25MAYCCEJED/ASM
[LF] 25MAY: found 3 direct flights
2026-01-25 07:12:12 | INFO     | [lf.day.flights_found] Found 3 flights on 25MAY
2026-01-25 07:12:14 | INFO     | [lf.flight.extracted] SM477 on 25MAY: BKG=0, LF=0.0%
[LF] SM477 25MAY: BKG=0, GRP=0, CAP=179, LF%=0.0%, Brd-Off=CAI-JED
2026-01-25 07:12:17 | INFO     | [lf.flight.extracted] SM475 on 25MAY: BKG=0, LF=0.0%
[LF] SM475 25MAY: BKG=0, GRP=0, CAP=179, LF%=0.0%, Brd-Off=CAI-JED
2026-01-25 07:12:20 | INFO     | [lf.flight.extracted] SM479 on 25MAY: BKG=0, LF=0.0%
[LF] SM479 25MAY: BKG=0, GRP=0, CAP=179, LF%=0.0%, Brd-Off=CAI-JED
2026-01-25 07:12:21 | INFO     | [SUCCESS] Day 25MAY
2026-01-25 07:12:21 | INFO     | [DAY_START] Processing 24MAY
[LF] Processing CAI-JED for 24MAY
2026-01-25 07:12:21 | INFO     | [lf.day.start] Processing CAI-JED for 24MAY
[LF] JED↔Cairo route detected - querying both CAI and CCE airports
[LF] Sending SN command: SN24MAYCAIJED/ASM
[LF] Sending SN command: SN24MAYCCEJED/ASM
[LF] 24MAY: found 3 direct flights
2026-01-25 07:12:23 | INFO     | [lf.day.flights_found] Found 3 flights on 24MAY
2026-01-25 07:12:25 | INFO     | [lf.flight.extracted] SM477 on 24MAY: BKG=4, LF=2.2%
[LF] SM477 24MAY: BKG=4, GRP=0, CAP=179, LF%=2.2%, Brd-Off=CAI-JED, Classes: I:4
2026-01-25 07:12:28 | INFO     | [lf.flight.extracted] SM475 on 24MAY: BKG=1, LF=0.6%
[LF] SM475 24MAY: BKG=1, GRP=0, CAP=179, LF%=0.6%, Brd-Off=CAI-JED, Classes: I:1
2026-01-25 07:12:31 | INFO     | [lf.flight.extracted] SM459 on 24MAY: BKG=0, LF=0.0%
[LF] SM459 24MAY: BKG=0, GRP=0, CAP=179, LF%=0.0%, Brd-Off=CAI-JED
[LF] Getting WEEKLY/LASTSOLD data for 2 flights
[LF] SM477 24MAY: LASTSOLD=2026-01-20 00:00:00, WEEKLY=1, TODAY=0, YDAY=0
[LF] SM475 24MAY: LASTSOLD=2026-01-14 00:00:00, WEEKLY=0, TODAY=0, YDAY=0
2026-01-25 07:12:35 | INFO     | [SUCCESS] Day 24MAY
2026-01-25 07:12:35 | INFO     | [DAY_START] Processing 23MAY
[LF] Processing CAI-JED for 23MAY
2026-01-25 07:12:35 | INFO     | [lf.day.start] Processing CAI-JED for 23MAY
[LF] JED↔Cairo route detected - querying both CAI and CCE airports
[LF] Sending SN command: SN23MAYCAIJED/ASM
[LF] Sending SN command: SN23MAYCCEJED/ASM
[LF] 23MAY: found 2 direct flights
2026-01-25 07:12:37 | INFO     | [lf.day.flights_found] Found 2 flights on 23MAY
2026-01-25 07:12:39 | INFO     | [lf.flight.extracted] SM477 on 23MAY: BKG=4, LF=2.2%
[LF] SM477 23MAY: BKG=4, GRP=0, CAP=179, LF%=2.2%, Brd-Off=CAI-JED, Classes: I:4
2026-01-25 07:12:42 | INFO     | [lf.flight.extracted] SM475 on 23MAY: BKG=2, LF=1.1%
[LF] SM475 23MAY: BKG=2, GRP=0, CAP=179, LF%=1.1%, Brd-Off=CAI-JED, Classes: I:2
[LF] Getting WEEKLY/LASTSOLD data for 2 flights
[LF] SM477 23MAY: LASTSOLD=2026-01-21 00:00:00, WEEKLY=1, TODAY=0, YDAY=0
[LF] SM475 23MAY: LASTSOLD=2026-01-16 00:00:00, WEEKLY=0, TODAY=0, YDAY=0
2026-01-25 07:12:50 | INFO     | [SUCCESS] Day 23MAY
[LF] Results summary:
  2026-05-30: 2 flights
  2026-05-29: 3 flights
  2026-05-28: 3 flights
  2026-05-27: 2 flights
  2026-05-26: 3 flights
  2026-05-25: 3 flights
  2026-05-24: 3 flights
  2026-05-23: 2 flights
2026-01-25 07:12:50 | INFO     | [SUCCESS] LF Search Complete

============================================================
[Worker_9233] ✓ COMPLETED: CAI-JED
  Results: 8 dates
  Errors: 0 dates
  Total Processed: 3 groups
============================================================

2026-01-25 07:12:50 | INFO     | [Worker_9233] Completed: CAI-JED - 8 results, 0 errors

============================================================
[Worker_9233] Processing: DMM-CAI
  Tier 0: Range 4, Chunk 2/4
  Dates: 8 days
  Date Range: 2026-05-22 to 2026-05-15
============================================================

2026-01-25 07:12:50 | INFO     | [Worker_9233] Processing: DMM-CAI
2026-01-25 07:12:50 | INFO     |   Tier 0: Range 4, Chunk 2/4 (8 days)
2026-01-25 07:12:50 | INFO     | ======================================================================
2026-01-25 07:12:50 | INFO     | Load Factor Scraper Started - Route: DMM-CAI
2026-01-25 07:12:50 | INFO     | Log file: D:\CODERED\LAB\Artifacts\outputs\run_generated_250126_at_07.06\logs\LF_DMM-CAI_20260125_071250.log
2026-01-25 07:12:50 | INFO     | Enhanced logging: Capturing both logging.info() and print()
2026-01-25 07:12:50 | INFO     | ======================================================================
[LF] Processing dates (override): ['22MAY', '21MAY', '20MAY', '19MAY', '18MAY', '17MAY', '16MAY', '15MAY']
[LF] Attaching to Chrome for Altea access
2026-01-25 07:12:50 | INFO     | Starting LF search for route: DMM-CAI
2026-01-25 07:12:50 | INFO     | [START] LF Search
[LF][[OK] SUCCESS] Connected to Chrome on 127.0.0.1:9233 (after 1 attempts)
2026-01-25 07:12:50 | INFO     | [HEALTH CHECK] [OK] Chrome connection is healthy
[LF][[OK] SUCCESS] Found Amadeus Altea window: Altéa Reservation Desktop
[LF][[INFO] INFO] URL: https://tc212.resdesktop.altea.amadeus.com/app_ard/apf/init/login?SITE=ESMPESMP&LANGUAGE=GB&MARKETS=ARDW_PROD_WBP&ACTION=clpLogin
2026-01-25 07:12:50 | INFO     | [DAY_START] Processing 22MAY
[LF] Processing DMM-CAI for 22MAY
2026-01-25 07:12:50 | INFO     | [lf.day.start] Processing DMM-CAI for 22MAY
[LF] Sending SN command: SN22MAYDMMCAI/ASM
[LF] 22MAY: found 2 direct flights
2026-01-25 07:12:51 | INFO     | [lf.day.flights_found] Found 2 flights on 22MAY
2026-01-25 07:12:53 | INFO     | [lf.flight.extracted] SM434 on 22MAY: BKG=15, LF=9.0%
[LF] SM434 22MAY: BKG=15, GRP=0, CAP=167, LF%=9.0%, Brd-Off=DMM-CAI, Classes: X:6, T:8, M:1
2026-01-25 07:12:57 | INFO     | [lf.flight.extracted] SM440 on 22MAY: BKG=13, LF=7.4%
[LF] SM440 22MAY: BKG=13, GRP=0, CAP=175, LF%=7.4%, Brd-Off=DMM-CAI, Classes: X:4, T:8, M:1
[LF] Getting WEEKLY/LASTSOLD data for 2 flights
[LF] SM434 22MAY: LASTSOLD=2025-11-28 00:00:00, WEEKLY=0, TODAY=0, YDAY=0
[LF] SM440 22MAY: LASTSOLD=2025-12-10 00:00:00, WEEKLY=0, TODAY=0, YDAY=0
2026-01-25 07:13:00 | INFO     | [SUCCESS] Day 22MAY
2026-01-25 07:13:00 | INFO     | [DAY_START] Processing 21MAY
[LF] Processing DMM-CAI for 21MAY
2026-01-25 07:13:00 | INFO     | [lf.day.start] Processing DMM-CAI for 21MAY
[LF] Sending SN command: SN21MAYDMMCAI/ASM
[LF] No direct flights on 21MAY for DMM-CAI
2026-01-25 07:13:02 | WARNING  | [lf.day.no_flights] No direct flights on 21MAY
2026-01-25 07:13:02 | INFO     | [SUCCESS] Day 21MAY
2026-01-25 07:13:02 | INFO     | [DAY_START] Processing 20MAY
[LF] Processing DMM-CAI for 20MAY
2026-01-25 07:13:02 | INFO     | [lf.day.start] Processing DMM-CAI for 20MAY
[LF] Sending SN command: SN20MAYDMMCAI/ASM
[LF] 20MAY: found 1 direct flights
2026-01-25 07:13:03 | INFO     | [lf.day.flights_found] Found 1 flights on 20MAY
2026-01-25 07:13:04 | INFO     | [lf.flight.extracted] SM434 on 20MAY: BKG=3, LF=1.7%
[LF] SM434 20MAY: BKG=3, GRP=0, CAP=175, LF%=1.7%, Brd-Off=DMM-CAI, Classes: X:3
[LF] Getting WEEKLY/LASTSOLD data for 1 flights
[LF] SM434 20MAY: LASTSOLD=2025-10-15 00:00:00, WEEKLY=0, TODAY=0, YDAY=0
2026-01-25 07:13:07 | INFO     | [SUCCESS] Day 20MAY
2026-01-25 07:13:07 | INFO     | [DAY_START] Processing 19MAY
[LF] Processing DMM-CAI for 19MAY
2026-01-25 07:13:07 | INFO     | [lf.day.start] Processing DMM-CAI for 19MAY
[LF] Sending SN command: SN19MAYDMMCAI/ASM
[LF] 19MAY: found 1 direct flights
2026-01-25 07:13:08 | INFO     | [lf.day.flights_found] Found 1 flights on 19MAY
2026-01-25 07:13:10 | INFO     | [lf.flight.extracted] SM434 on 19MAY: BKG=0, LF=0.0%
[LF] SM434 19MAY: BKG=0, GRP=0, CAP=175, LF%=0.0%, Brd-Off=DMM-CAI
2026-01-25 07:13:11 | INFO     | [SUCCESS] Day 19MAY
2026-01-25 07:13:11 | INFO     | [DAY_START] Processing 18MAY
[LF] Processing DMM-CAI for 18MAY
2026-01-25 07:13:11 | INFO     | [lf.day.start] Processing DMM-CAI for 18MAY
[LF] Sending SN command: SN18MAYDMMCAI/ASM
[LF] 18MAY: found 2 direct flights
2026-01-25 07:13:13 | INFO     | [lf.day.flights_found] Found 2 flights on 18MAY
2026-01-25 07:13:15 | INFO     | [lf.flight.extracted] SM440 on 18MAY: BKG=0, LF=0.0%
[LF] SM440 18MAY: BKG=0, GRP=0, CAP=175, LF%=0.0%, Brd-Off=DMM-CAI
2026-01-25 07:13:18 | INFO     | [lf.flight.extracted] SM434 on 18MAY: BKG=1, LF=0.6%
[LF] SM434 18MAY: BKG=1, GRP=0, CAP=175, LF%=0.6%, Brd-Off=DMM-CAI, Classes: X:1
[LF] Getting WEEKLY/LASTSOLD data for 1 flights
[LF] SM434 18MAY: LASTSOLD=2025-09-08 00:00:00, WEEKLY=0, TODAY=0, YDAY=0
2026-01-25 07:13:21 | INFO     | [SUCCESS] Day 18MAY
2026-01-25 07:13:21 | INFO     | [DAY_START] Processing 17MAY
[LF] Processing DMM-CAI for 17MAY
2026-01-25 07:13:21 | INFO     | [lf.day.start] Processing DMM-CAI for 17MAY
[LF] Sending SN command: SN17MAYDMMCAI/ASM
[LF] 17MAY: found 1 direct flights
2026-01-25 07:13:22 | INFO     | [lf.day.flights_found] Found 1 flights on 17MAY
2026-01-25 07:13:24 | INFO     | [lf.flight.extracted] SM434 on 17MAY: BKG=0, LF=0.0%
[LF] SM434 17MAY: BKG=0, GRP=0, CAP=175, LF%=0.0%, Brd-Off=DMM-CAI
2026-01-25 07:13:25 | INFO     | [SUCCESS] Day 17MAY
2026-01-25 07:13:25 | INFO     | [DAY_START] Processing 16MAY
[LF] Processing DMM-CAI for 16MAY
2026-01-25 07:13:25 | INFO     | [lf.day.start] Processing DMM-CAI for 16MAY
[LF] Sending SN command: SN16MAYDMMCAI/ASM
[LF] No direct flights on 16MAY for DMM-CAI
2026-01-25 07:13:26 | WARNING  | [lf.day.no_flights] No direct flights on 16MAY
2026-01-25 07:13:26 | INFO     | [SUCCESS] Day 16MAY
2026-01-25 07:13:26 | INFO     | [DAY_START] Processing 15MAY
[LF] Processing DMM-CAI for 15MAY
2026-01-25 07:13:26 | INFO     | [lf.day.start] Processing DMM-CAI for 15MAY
[LF] Sending SN command: SN15MAYDMMCAI/ASM
[LF] 15MAY: found 2 direct flights
2026-01-25 07:13:28 | INFO     | [lf.day.flights_found] Found 2 flights on 15MAY
2026-01-25 07:13:29 | INFO     | [lf.flight.extracted] SM434 on 15MAY: BKG=13, LF=7.4%
[LF] SM434 15MAY: BKG=13, GRP=0, CAP=175, LF%=7.4%, Brd-Off=DMM-CAI, Classes: I:5, O:6, U:2
2026-01-25 07:13:33 | INFO     | [lf.flight.extracted] SM440 on 15MAY: BKG=13, LF=7.4%
[LF] SM440 15MAY: BKG=13, GRP=0, CAP=175, LF%=7.4%, Brd-Off=DMM-CAI, Classes: I:3, O:7, U:1, X:2
[LF] Getting WEEKLY/LASTSOLD data for 2 flights
[LF] SM434 15MAY: LASTSOLD=2026-01-24 00:00:00, WEEKLY=5, TODAY=0, YDAY=2
[LF] SM440 15MAY: LASTSOLD=2026-01-18 00:00:00, WEEKLY=1, TODAY=0, YDAY=0
2026-01-25 07:13:36 | INFO     | [SUCCESS] Day 15MAY
[LF] Results summary:
  2026-05-22: 2 flights
  2026-05-21: 0 flights
  2026-05-20: 1 flights
  2026-05-19: 1 flights
  2026-05-18: 2 flights
  2026-05-17: 1 flights
  2026-05-16: 0 flights
  2026-05-15: 2 flights
2026-01-25 07:13:36 | INFO     | [SUCCESS] LF Search Complete

============================================================
[Worker_9233] ✓ COMPLETED: DMM-CAI
  Results: 8 dates
  Errors: 0 dates
  Total Processed: 4 groups
============================================================

2026-01-25 07:13:36 | INFO     | [Worker_9233] Completed: DMM-CAI - 8 results, 0 errors

============================================================
[Worker_9233] Processing: HBE-JED
  Tier 0: Range 4, Chunk 2/4
  Dates: 8 days
  Date Range: 2026-05-22 to 2026-05-15
============================================================

2026-01-25 07:13:36 | INFO     | [Worker_9233] Processing: HBE-JED
2026-01-25 07:13:36 | INFO     |   Tier 0: Range 4, Chunk 2/4 (8 days)
2026-01-25 07:13:36 | INFO     | ======================================================================
2026-01-25 07:13:36 | INFO     | Load Factor Scraper Started - Route: HBE-JED
2026-01-25 07:13:36 | INFO     | Log file: D:\CODERED\LAB\Artifacts\outputs\run_generated_250126_at_07.06\logs\LF_HBE-JED_20260125_071336.log
2026-01-25 07:13:36 | INFO     | Enhanced logging: Capturing both logging.info() and print()
2026-01-25 07:13:36 | INFO     | ======================================================================
[LF] Processing dates (override): ['22MAY', '21MAY', '20MAY', '19MAY', '18MAY', '17MAY', '16MAY', '15MAY']
[LF] Attaching to Chrome for Altea access
2026-01-25 07:13:36 | INFO     | Starting LF search for route: HBE-JED
2026-01-25 07:13:36 | INFO     | [START] LF Search
[LF][[OK] SUCCESS] Connected to Chrome on 127.0.0.1:9233 (after 1 attempts)
2026-01-25 07:13:37 | INFO     | [HEALTH CHECK] [OK] Chrome connection is healthy
[LF][[OK] SUCCESS] Found Amadeus Altea window: Altéa Reservation Desktop
[LF][[INFO] INFO] URL: https://tc212.resdesktop.altea.amadeus.com/app_ard/apf/init/login?SITE=ESMPESMP&LANGUAGE=GB&MARKETS=ARDW_PROD_WBP&ACTION=clpLogin
2026-01-25 07:13:37 | INFO     | [DAY_START] Processing 22MAY
[LF] Processing HBE-JED for 22MAY
2026-01-25 07:13:37 | INFO     | [lf.day.start] Processing HBE-JED for 22MAY
[LF] Sending SN command: SN22MAYHBEJED/ASM
[LF] No direct flights on 22MAY for HBE-JED
2026-01-25 07:13:38 | WARNING  | [lf.day.no_flights] No direct flights on 22MAY
2026-01-25 07:13:38 | INFO     | [SUCCESS] Day 22MAY
2026-01-25 07:13:38 | INFO     | [DAY_START] Processing 21MAY
[LF] Processing HBE-JED for 21MAY
2026-01-25 07:13:38 | INFO     | [lf.day.start] Processing HBE-JED for 21MAY
[LF] Sending SN command: SN21MAYHBEJED/ASM
[LF] 21MAY: found 1 direct flights
2026-01-25 07:13:39 | INFO     | [lf.day.flights_found] Found 1 flights on 21MAY
2026-01-25 07:13:42 | INFO     | [lf.flight.extracted] SM451 on 21MAY: BKG=3, LF=1.7%
[LF] SM451 21MAY: BKG=3, GRP=0, CAP=179, LF%=1.7%, Brd-Off=HBE-JED, Classes: L:3
[LF] Getting WEEKLY/LASTSOLD data for 1 flights
[LF] SM451 21MAY: LASTSOLD=2026-01-03 00:00:00, WEEKLY=0, TODAY=0, YDAY=0
2026-01-25 07:13:44 | INFO     | [SUCCESS] Day 21MAY
2026-01-25 07:13:44 | INFO     | [DAY_START] Processing 20MAY
[LF] Processing HBE-JED for 20MAY
2026-01-25 07:13:44 | INFO     | [lf.day.start] Processing HBE-JED for 20MAY
[LF] Sending SN command: SN20MAYHBEJED/ASM
[LF] 20MAY: found 1 direct flights
2026-01-25 07:13:45 | INFO     | [lf.day.flights_found] Found 1 flights on 20MAY
2026-01-25 07:13:47 | INFO     | [lf.flight.extracted] SM451 on 20MAY: BKG=0, LF=0.0%
[LF] SM451 20MAY: BKG=0, GRP=0, CAP=179, LF%=0.0%, Brd-Off=HBE-JED
2026-01-25 07:13:48 | INFO     | [SUCCESS] Day 20MAY
2026-01-25 07:13:48 | INFO     | [DAY_START] Processing 19MAY
[LF] Processing HBE-JED for 19MAY
2026-01-25 07:13:48 | INFO     | [lf.day.start] Processing HBE-JED for 19MAY
[LF] Sending SN command: SN19MAYHBEJED/ASM
[LF] No direct flights on 19MAY for HBE-JED
2026-01-25 07:13:49 | WARNING  | [lf.day.no_flights] No direct flights on 19MAY
2026-01-25 07:13:49 | INFO     | [SUCCESS] Day 19MAY
2026-01-25 07:13:49 | INFO     | [DAY_START] Processing 18MAY
[LF] Processing HBE-JED for 18MAY
2026-01-25 07:13:49 | INFO     | [lf.day.start] Processing HBE-JED for 18MAY
[LF] Sending SN command: SN18MAYHBEJED/ASM
[LF] 18MAY: found 1 direct flights
2026-01-25 07:13:50 | INFO     | [lf.day.flights_found] Found 1 flights on 18MAY
2026-01-25 07:13:53 | INFO     | [lf.flight.extracted] SM451 on 18MAY: BKG=0, LF=0.0%
[LF] SM451 18MAY: BKG=0, GRP=0, CAP=179, LF%=0.0%, Brd-Off=HBE-JED
2026-01-25 07:13:54 | INFO     | [SUCCESS] Day 18MAY
2026-01-25 07:13:54 | INFO     | [DAY_START] Processing 17MAY
[LF] Processing HBE-JED for 17MAY
2026-01-25 07:13:54 | INFO     | [lf.day.start] Processing HBE-JED for 17MAY
[LF] Sending SN command: SN17MAYHBEJED/ASM
[LF] 17MAY: found 1 direct flights
2026-01-25 07:13:55 | INFO     | [lf.day.flights_found] Found 1 flights on 17MAY
2026-01-25 07:13:57 | INFO     | [lf.flight.extracted] SM451 on 17MAY: BKG=3, LF=1.7%
[LF] SM451 17MAY: BKG=3, GRP=0, CAP=179, LF%=1.7%, Brd-Off=HBE-JED, Classes: L:3
[LF] Getting WEEKLY/LASTSOLD data for 1 flights
[LF] SM451 17MAY: LASTSOLD=2026-01-10 00:00:00, WEEKLY=0, TODAY=0, YDAY=0
2026-01-25 07:14:00 | INFO     | [SUCCESS] Day 17MAY
2026-01-25 07:14:00 | INFO     | [DAY_START] Processing 16MAY
[LF] Processing HBE-JED for 16MAY
2026-01-25 07:14:00 | INFO     | [lf.day.start] Processing HBE-JED for 16MAY
[LF] Sending SN command: SN16MAYHBEJED/ASM
[LF] 16MAY: found 1 direct flights
2026-01-25 07:14:01 | INFO     | [lf.day.flights_found] Found 1 flights on 16MAY
2026-01-25 07:14:03 | INFO     | [lf.flight.extracted] SM451 on 16MAY: BKG=3, LF=1.7%
[LF] SM451 16MAY: BKG=3, GRP=0, CAP=179, LF%=1.7%, Brd-Off=HBE-JED, Classes: L:3
[LF] Getting WEEKLY/LASTSOLD data for 1 flights
[LF] SM451 16MAY: LASTSOLD=2026-01-15 00:00:00, WEEKLY=0, TODAY=0, YDAY=0
2026-01-25 07:14:06 | INFO     | [SUCCESS] Day 16MAY
2026-01-25 07:14:06 | INFO     | [DAY_START] Processing 15MAY
[LF] Processing HBE-JED for 15MAY
2026-01-25 07:14:06 | INFO     | [lf.day.start] Processing HBE-JED for 15MAY
[LF] Sending SN command: SN15MAYHBEJED/ASM
[LF] No direct flights on 15MAY for HBE-JED
2026-01-25 07:14:07 | WARNING  | [lf.day.no_flights] No direct flights on 15MAY
2026-01-25 07:14:07 | INFO     | [SUCCESS] Day 15MAY
[LF] Results summary:
  2026-05-22: 0 flights
  2026-05-21: 1 flights
  2026-05-20: 1 flights
  2026-05-19: 0 flights
  2026-05-18: 1 flights
  2026-05-17: 1 flights
  2026-05-16: 1 flights
  2026-05-15: 0 flights
2026-01-25 07:14:07 | INFO     | [SUCCESS] LF Search Complete

============================================================
[Worker_9233] ✓ COMPLETED: HBE-JED
  Results: 8 dates
  Errors: 0 dates
  Total Processed: 5 groups
============================================================

2026-01-25 07:14:07 | INFO     | [Worker_9233] Completed: HBE-JED - 8 results, 0 errors

============================================================
[Worker_9233] Processing: ATZ-AJF
  Tier 0: Range 4, Chunk 2/4
  Dates: 8 days
  Date Range: 2026-05-22 to 2026-05-15
============================================================

2026-01-25 07:14:07 | INFO     | [Worker_9233] Processing: ATZ-AJF
2026-01-25 07:14:07 | INFO     |   Tier 0: Range 4, Chunk 2/4 (8 days)
2026-01-25 07:14:07 | INFO     | ======================================================================
2026-01-25 07:14:07 | INFO     | Load Factor Scraper Started - Route: ATZ-AJF
2026-01-25 07:14:07 | INFO     | Log file: D:\CODERED\LAB\Artifacts\outputs\run_generated_250126_at_07.06\logs\LF_ATZ-AJF_20260125_071407.log
2026-01-25 07:14:07 | INFO     | Enhanced logging: Capturing both logging.info() and print()
2026-01-25 07:14:07 | INFO     | ======================================================================
[LF] Processing dates (override): ['22MAY', '21MAY', '20MAY', '19MAY', '18MAY', '17MAY', '16MAY', '15MAY']
[LF] Attaching to Chrome for Altea access
2026-01-25 07:14:07 | INFO     | Starting LF search for route: ATZ-AJF
2026-01-25 07:14:07 | INFO     | [START] LF Search
[LF][[OK] SUCCESS] Connected to Chrome on 127.0.0.1:9233 (after 1 attempts)
2026-01-25 07:14:07 | INFO     | [HEALTH CHECK] [OK] Chrome connection is healthy
[LF][[OK] SUCCESS] Found Amadeus Altea window: Altéa Reservation Desktop
[LF][[INFO] INFO] URL: https://tc212.resdesktop.altea.amadeus.com/app_ard/apf/init/login?SITE=ESMPESMP&LANGUAGE=GB&MARKETS=ARDW_PROD_WBP&ACTION=clpLogin
2026-01-25 07:14:07 | INFO     | [DAY_START] Processing 22MAY
[LF] Processing ATZ-AJF for 22MAY
2026-01-25 07:14:07 | INFO     | [lf.day.start] Processing ATZ-AJF for 22MAY
[LF] Sending SN command: SN22MAYATZAJF/ASM
[LF] No direct flights on 22MAY for ATZ-AJF
2026-01-25 07:14:08 | WARNING  | [lf.day.no_flights] No direct flights on 22MAY
2026-01-25 07:14:08 | INFO     | [SUCCESS] Day 22MAY
2026-01-25 07:14:08 | INFO     | [DAY_START] Processing 21MAY
[LF] Processing ATZ-AJF for 21MAY
2026-01-25 07:14:08 | INFO     | [lf.day.start] Processing ATZ-AJF for 21MAY
[LF] Sending SN command: SN21MAYATZAJF/ASM
[LF] No direct flights on 21MAY for ATZ-AJF
2026-01-25 07:14:10 | WARNING  | [lf.day.no_flights] No direct flights on 21MAY
2026-01-25 07:14:10 | INFO     | [SUCCESS] Day 21MAY
2026-01-25 07:14:10 | INFO     | [DAY_START] Processing 20MAY
[LF] Processing ATZ-AJF for 20MAY
2026-01-25 07:14:10 | INFO     | [lf.day.start] Processing ATZ-AJF for 20MAY
[LF] Sending SN command: SN20MAYATZAJF/ASM
[LF] No direct flights on 20MAY for ATZ-AJF
2026-01-25 07:14:11 | WARNING  | [lf.day.no_flights] No direct flights on 20MAY
2026-01-25 07:14:11 | INFO     | [SUCCESS] Day 20MAY
2026-01-25 07:14:11 | INFO     | [DAY_START] Processing 19MAY
[LF] Processing ATZ-AJF for 19MAY
2026-01-25 07:14:11 | INFO     | [lf.day.start] Processing ATZ-AJF for 19MAY
[LF] Sending SN command: SN19MAYATZAJF/ASM
[LF] No direct flights on 19MAY for ATZ-AJF
2026-01-25 07:14:12 | WARNING  | [lf.day.no_flights] No direct flights on 19MAY
2026-01-25 07:14:12 | INFO     | [SUCCESS] Day 19MAY
2026-01-25 07:14:12 | INFO     | [DAY_START] Processing 18MAY
[LF] Processing ATZ-AJF for 18MAY
2026-01-25 07:14:12 | INFO     | [lf.day.start] Processing ATZ-AJF for 18MAY
[LF] Sending SN command: SN18MAYATZAJF/ASM
[LF] No direct flights on 18MAY for ATZ-AJF
2026-01-25 07:14:13 | WARNING  | [lf.day.no_flights] No direct flights on 18MAY
2026-01-25 07:14:13 | INFO     | [SUCCESS] Day 18MAY
2026-01-25 07:14:13 | INFO     | [DAY_START] Processing 17MAY
[LF] Processing ATZ-AJF for 17MAY
2026-01-25 07:14:13 | INFO     | [lf.day.start] Processing ATZ-AJF for 17MAY
[LF] Sending SN command: SN17MAYATZAJF/ASM
[LF] No direct flights on 17MAY for ATZ-AJF
2026-01-25 07:14:14 | WARNING  | [lf.day.no_flights] No direct flights on 17MAY
2026-01-25 07:14:14 | INFO     | [SUCCESS] Day 17MAY
2026-01-25 07:14:14 | INFO     | [DAY_START] Processing 16MAY
[LF] Processing ATZ-AJF for 16MAY
2026-01-25 07:14:14 | INFO     | [lf.day.start] Processing ATZ-AJF for 16MAY
[LF] Sending SN command: SN16MAYATZAJF/ASM
[LF] No direct flights on 16MAY for ATZ-AJF
2026-01-25 07:14:15 | WARNING  | [lf.day.no_flights] No direct flights on 16MAY
2026-01-25 07:14:15 | INFO     | [SUCCESS] Day 16MAY
2026-01-25 07:14:15 | INFO     | [DAY_START] Processing 15MAY
[LF] Processing ATZ-AJF for 15MAY
2026-01-25 07:14:15 | INFO     | [lf.day.start] Processing ATZ-AJF for 15MAY
[LF] Sending SN command: SN15MAYATZAJF/ASM
[LF] No direct flights on 15MAY for ATZ-AJF
2026-01-25 07:14:16 | WARNING  | [lf.day.no_flights] No direct flights on 15MAY
2026-01-25 07:14:16 | INFO     | [SUCCESS] Day 15MAY
[LF] Results summary:
  2026-05-22: 0 flights
  2026-05-21: 0 flights
  2026-05-20: 0 flights
  2026-05-19: 0 flights
  2026-05-18: 0 flights
  2026-05-17: 0 flights
  2026-05-16: 0 flights
  2026-05-15: 0 flights
2026-01-25 07:14:16 | INFO     | [SUCCESS] LF Search Complete

============================================================
[Worker_9233] ✓ COMPLETED: ATZ-AJF
  Results: 8 dates
  Errors: 0 dates
  Total Processed: 6 groups
============================================================

2026-01-25 07:14:16 | INFO     | [Worker_9233] Completed: ATZ-AJF - 8 results, 0 errors

============================================================
[Worker_9233] Processing: CAI-AHB
  Tier 0: Range 4, Chunk 2/4
  Dates: 8 days
  Date Range: 2026-05-22 to 2026-05-15
============================================================

2026-01-25 07:14:16 | INFO     | [Worker_9233] Processing: CAI-AHB
2026-01-25 07:14:16 | INFO     |   Tier 0: Range 4, Chunk 2/4 (8 days)
2026-01-25 07:14:16 | INFO     | ======================================================================
2026-01-25 07:14:16 | INFO     | Load Factor Scraper Started - Route: CAI-AHB
2026-01-25 07:14:16 | INFO     | Log file: D:\CODERED\LAB\Artifacts\outputs\run_generated_250126_at_07.06\logs\LF_CAI-AHB_20260125_071416.log
2026-01-25 07:14:16 | INFO     | Enhanced logging: Capturing both logging.info() and print()
2026-01-25 07:14:16 | INFO     | ======================================================================
[LF] Processing dates (override): ['22MAY', '21MAY', '20MAY', '19MAY', '18MAY', '17MAY', '16MAY', '15MAY']
[LF] Attaching to Chrome for Altea access
2026-01-25 07:14:16 | INFO     | Starting LF search for route: CAI-AHB
2026-01-25 07:14:16 | INFO     | [START] LF Search
[LF][[OK] SUCCESS] Connected to Chrome on 127.0.0.1:9233 (after 1 attempts)
2026-01-25 07:14:17 | INFO     | [HEALTH CHECK] [OK] Chrome connection is healthy
[LF][[OK] SUCCESS] Found Amadeus Altea window: Altéa Reservation Desktop
[LF][[INFO] INFO] URL: https://tc212.resdesktop.altea.amadeus.com/app_ard/apf/init/login?SITE=ESMPESMP&LANGUAGE=GB&MARKETS=ARDW_PROD_WBP&ACTION=clpLogin
2026-01-25 07:14:17 | INFO     | [DAY_START] Processing 22MAY
[LF] Processing CAI-AHB for 22MAY
2026-01-25 07:14:17 | INFO     | [lf.day.start] Processing CAI-AHB for 22MAY
[LF] Sending SN command: SN22MAYCAIAHB/ASM
[LF] No direct flights on 22MAY for CAI-AHB
2026-01-25 07:14:18 | WARNING  | [lf.day.no_flights] No direct flights on 22MAY
2026-01-25 07:14:18 | INFO     | [SUCCESS] Day 22MAY
2026-01-25 07:14:18 | INFO     | [DAY_START] Processing 21MAY
[LF] Processing CAI-AHB for 21MAY
2026-01-25 07:14:18 | INFO     | [lf.day.start] Processing CAI-AHB for 21MAY
[LF] Sending SN command: SN21MAYCAIAHB/ASM
[LF] 21MAY: found 1 direct flights
2026-01-25 07:14:19 | INFO     | [lf.day.flights_found] Found 1 flights on 21MAY
2026-01-25 07:14:21 | INFO     | [lf.flight.extracted] SM443 on 21MAY: BKG=0, LF=0.0%
[LF] SM443 21MAY: BKG=0, GRP=0, CAP=179, LF%=0.0%, Brd-Off=CAI-AHB
2026-01-25 07:14:23 | INFO     | [SUCCESS] Day 21MAY
2026-01-25 07:14:23 | INFO     | [DAY_START] Processing 20MAY
[LF] Processing CAI-AHB for 20MAY
2026-01-25 07:14:23 | INFO     | [lf.day.start] Processing CAI-AHB for 20MAY
[LF] Sending SN command: SN20MAYCAIAHB/ASM
[LF] 20MAY: found 1 direct flights
2026-01-25 07:14:24 | INFO     | [lf.day.flights_found] Found 1 flights on 20MAY
2026-01-25 07:14:27 | INFO     | [lf.flight.extracted] SM443 on 20MAY: BKG=0, LF=0.0%
[LF] SM443 20MAY: BKG=0, GRP=0, CAP=179, LF%=0.0%, Brd-Off=CAI-AHB
2026-01-25 07:14:28 | INFO     | [SUCCESS] Day 20MAY
2026-01-25 07:14:28 | INFO     | [DAY_START] Processing 19MAY
[LF] Processing CAI-AHB for 19MAY
2026-01-25 07:14:28 | INFO     | [lf.day.start] Processing CAI-AHB for 19MAY
[LF] Sending SN command: SN19MAYCAIAHB/ASM
[LF] No direct flights on 19MAY for CAI-AHB
2026-01-25 07:14:29 | WARNING  | [lf.day.no_flights] No direct flights on 19MAY
2026-01-25 07:14:29 | INFO     | [SUCCESS] Day 19MAY
2026-01-25 07:14:29 | INFO     | [DAY_START] Processing 18MAY
[LF] Processing CAI-AHB for 18MAY
2026-01-25 07:14:29 | INFO     | [lf.day.start] Processing CAI-AHB for 18MAY
[LF] Sending SN command: SN18MAYCAIAHB/ASM
[LF] 18MAY: found 1 direct flights
2026-01-25 07:14:30 | INFO     | [lf.day.flights_found] Found 1 flights on 18MAY
2026-01-25 07:14:32 | INFO     | [lf.flight.extracted] SM443 on 18MAY: BKG=0, LF=0.0%
[LF] SM443 18MAY: BKG=0, GRP=0, CAP=179, LF%=0.0%, Brd-Off=CAI-AHB
2026-01-25 07:14:33 | INFO     | [SUCCESS] Day 18MAY
2026-01-25 07:14:33 | INFO     | [DAY_START] Processing 17MAY
[LF] Processing CAI-AHB for 17MAY
2026-01-25 07:14:33 | INFO     | [lf.day.start] Processing CAI-AHB for 17MAY
[LF] Sending SN command: SN17MAYCAIAHB/ASM
[LF] No direct flights on 17MAY for CAI-AHB
2026-01-25 07:14:34 | WARNING  | [lf.day.no_flights] No direct flights on 17MAY
2026-01-25 07:14:34 | INFO     | [SUCCESS] Day 17MAY
2026-01-25 07:14:34 | INFO     | [DAY_START] Processing 16MAY
[LF] Processing CAI-AHB for 16MAY
2026-01-25 07:14:34 | INFO     | [lf.day.start] Processing CAI-AHB for 16MAY
[LF] Sending SN command: SN16MAYCAIAHB/ASM
[LF] 16MAY: found 1 direct flights
2026-01-25 07:14:36 | INFO     | [lf.day.flights_found] Found 1 flights on 16MAY
2026-01-25 07:14:38 | INFO     | [lf.flight.extracted] SM443 on 16MAY: BKG=2, LF=1.1%
[LF] SM443 16MAY: BKG=2, GRP=0, CAP=179, LF%=1.1%, Brd-Off=CAI-AHB, Classes: G:1, K:1
[LF] Getting WEEKLY/LASTSOLD data for 1 flights
[LF] SM443 16MAY: LASTSOLD=2026-01-05 00:00:00, WEEKLY=0, TODAY=0, YDAY=0
2026-01-25 07:14:40 | INFO     | [SUCCESS] Day 16MAY
2026-01-25 07:14:40 | INFO     | [DAY_START] Processing 15MAY
[LF] Processing CAI-AHB for 15MAY
2026-01-25 07:14:40 | INFO     | [lf.day.start] Processing CAI-AHB for 15MAY
[LF] Sending SN command: SN15MAYCAIAHB/ASM
[LF] No direct flights on 15MAY for CAI-AHB
2026-01-25 07:14:42 | WARNING  | [lf.day.no_flights] No direct flights on 15MAY
2026-01-25 07:14:42 | INFO     | [SUCCESS] Day 15MAY
[LF] Results summary:
  2026-05-22: 0 flights
  2026-05-21: 1 flights
  2026-05-20: 1 flights
  2026-05-19: 0 flights
  2026-05-18: 1 flights
  2026-05-17: 0 flights
  2026-05-16: 1 flights
  2026-05-15: 0 flights
2026-01-25 07:14:42 | INFO     | [SUCCESS] LF Search Complete

============================================================
[Worker_9233] ✓ COMPLETED: CAI-AHB
  Results: 8 dates
  Errors: 0 dates
  Total Processed: 7 groups
============================================================

2026-01-25 07:14:42 | INFO     | [Worker_9233] Completed: CAI-AHB - 8 results, 0 errors

============================================================
[Worker_9233] Processing: JED-HBE
  Tier 0: Range 4, Chunk 3/4
  Dates: 8 days
  Date Range: 2026-05-14 to 2026-05-07
============================================================

2026-01-25 07:14:42 | INFO     | [Worker_9233] Processing: JED-HBE
2026-01-25 07:14:42 | INFO     |   Tier 0: Range 4, Chunk 3/4 (8 days)
2026-01-25 07:14:42 | INFO     | ======================================================================
2026-01-25 07:14:42 | INFO     | Load Factor Scraper Started - Route: JED-HBE
2026-01-25 07:14:42 | INFO     | Log file: D:\CODERED\LAB\Artifacts\outputs\run_generated_250126_at_07.06\logs\LF_JED-HBE_20260125_071442.log
2026-01-25 07:14:42 | INFO     | Enhanced logging: Capturing both logging.info() and print()
2026-01-25 07:14:42 | INFO     | ======================================================================
[LF] Processing dates (override): ['14MAY', '13MAY', '12MAY', '11MAY', '10MAY', '09MAY', '08MAY', '07MAY']
[LF] Attaching to Chrome for Altea access
2026-01-25 07:14:42 | INFO     | Starting LF search for route: JED-HBE
2026-01-25 07:14:42 | INFO     | [START] LF Search
[LF][[OK] SUCCESS] Connected to Chrome on 127.0.0.1:9233 (after 1 attempts)
2026-01-25 07:14:42 | INFO     | [HEALTH CHECK] [OK] Chrome connection is healthy
[LF][[OK] SUCCESS] Found Amadeus Altea window: Altéa Reservation Desktop
[LF][[INFO] INFO] URL: https://tc212.resdesktop.altea.amadeus.com/app_ard/apf/init/login?SITE=ESMPESMP&LANGUAGE=GB&MARKETS=ARDW_PROD_WBP&ACTION=clpLogin
2026-01-25 07:14:42 | INFO     | [DAY_START] Processing 14MAY
[LF] Processing JED-HBE for 14MAY
2026-01-25 07:14:42 | INFO     | [lf.day.start] Processing JED-HBE for 14MAY
[LF] Sending SN command: SN14MAYJEDHBE/ASM
[LF] 14MAY: found 1 direct flights
2026-01-25 07:14:43 | INFO     | [lf.day.flights_found] Found 1 flights on 14MAY
2026-01-25 07:14:45 | INFO     | [lf.flight.extracted] SM452 on 14MAY: BKG=6, LF=3.6%
[LF] SM452 14MAY: BKG=6, GRP=0, CAP=167, LF%=3.6%, Brd-Off=JED-HBE, Classes: I:1, T:1, W:4
[LF] Getting WEEKLY/LASTSOLD data for 1 flights
[LF] SM452 14MAY: LASTSOLD=2026-01-19 00:00:00, WEEKLY=5, TODAY=0, YDAY=0
2026-01-25 07:14:49 | INFO     | [SUCCESS] Day 14MAY
2026-01-25 07:14:49 | INFO     | [DAY_START] Processing 13MAY
[LF] Processing JED-HBE for 13MAY
2026-01-25 07:14:49 | INFO     | [lf.day.start] Processing JED-HBE for 13MAY
[LF] Sending SN command: SN13MAYJEDHBE/ASM
[LF] 13MAY: found 1 direct flights
2026-01-25 07:14:51 | INFO     | [lf.day.flights_found] Found 1 flights on 13MAY
2026-01-25 07:14:52 | INFO     | [lf.flight.extracted] SM452 on 13MAY: BKG=1, LF=0.6%
[LF] SM452 13MAY: BKG=1, GRP=0, CAP=175, LF%=0.6%, Brd-Off=JED-HBE, Classes: T:1
[LF] Getting WEEKLY/LASTSOLD data for 1 flights
[LF] SM452 13MAY: LASTSOLD=2026-01-15 00:00:00, WEEKLY=0, TODAY=0, YDAY=0
2026-01-25 07:14:55 | INFO     | [SUCCESS] Day 13MAY
2026-01-25 07:14:55 | INFO     | [DAY_START] Processing 12MAY
[LF] Processing JED-HBE for 12MAY
2026-01-25 07:14:55 | INFO     | [lf.day.start] Processing JED-HBE for 12MAY
[LF] Sending SN command: SN12MAYJEDHBE/ASM
[LF] No direct flights on 12MAY for JED-HBE
2026-01-25 07:14:56 | WARNING  | [lf.day.no_flights] No direct flights on 12MAY
2026-01-25 07:14:56 | INFO     | [SUCCESS] Day 12MAY
2026-01-25 07:14:56 | INFO     | [DAY_START] Processing 11MAY
[LF] Processing JED-HBE for 11MAY
2026-01-25 07:14:56 | INFO     | [lf.day.start] Processing JED-HBE for 11MAY
[LF] Sending SN command: SN11MAYJEDHBE/ASM
[LF] 11MAY: found 1 direct flights
2026-01-25 07:14:58 | INFO     | [lf.day.flights_found] Found 1 flights on 11MAY
2026-01-25 07:14:59 | INFO     | [lf.flight.extracted] SM452 on 11MAY: BKG=0, LF=0.0%
[LF] SM452 11MAY: BKG=0, GRP=0, CAP=175, LF%=0.0%, Brd-Off=JED-HBE
2026-01-25 07:15:01 | INFO     | [SUCCESS] Day 11MAY
2026-01-25 07:15:01 | INFO     | [DAY_START] Processing 10MAY
[LF] Processing JED-HBE for 10MAY
2026-01-25 07:15:01 | INFO     | [lf.day.start] Processing JED-HBE for 10MAY
[LF] Sending SN command: SN10MAYJEDHBE/ASM
[LF] 10MAY: found 1 direct flights
2026-01-25 07:15:02 | INFO     | [lf.day.flights_found] Found 1 flights on 10MAY
2026-01-25 07:15:04 | INFO     | [lf.flight.extracted] SM452 on 10MAY: BKG=6, LF=3.4%
[LF] SM452 10MAY: BKG=6, GRP=0, CAP=175, LF%=3.4%, Brd-Off=JED-HBE, Classes: I:6
[LF] Getting WEEKLY/LASTSOLD data for 1 flights
[LF] SM452 10MAY: LASTSOLD=2026-01-24 00:00:00, WEEKLY=1, TODAY=0, YDAY=1
2026-01-25 07:15:07 | INFO     | [SUCCESS] Day 10MAY
2026-01-25 07:15:07 | INFO     | [DAY_START] Processing 09MAY
[LF] Processing JED-HBE for 09MAY
2026-01-25 07:15:07 | INFO     | [lf.day.start] Processing JED-HBE for 09MAY
[LF] Sending SN command: SN09MAYJEDHBE/ASM
[LF] 09MAY: found 1 direct flights
2026-01-25 07:15:08 | INFO     | [lf.day.flights_found] Found 1 flights on 09MAY
2026-01-25 07:15:10 | INFO     | [lf.flight.extracted] SM452 on 09MAY: BKG=0, LF=0.0%
[LF] SM452 09MAY: BKG=0, GRP=0, CAP=175, LF%=0.0%, Brd-Off=JED-HBE
2026-01-25 07:15:11 | INFO     | [SUCCESS] Day 09MAY
2026-01-25 07:15:11 | INFO     | [DAY_START] Processing 08MAY
[LF] Processing JED-HBE for 08MAY
2026-01-25 07:15:11 | INFO     | [lf.day.start] Processing JED-HBE for 08MAY
[LF] Sending SN command: SN08MAYJEDHBE/ASM
[LF] No direct flights on 08MAY for JED-HBE
2026-01-25 07:15:12 | WARNING  | [lf.day.no_flights] No direct flights on 08MAY
2026-01-25 07:15:12 | INFO     | [SUCCESS] Day 08MAY
2026-01-25 07:15:12 | INFO     | [DAY_START] Processing 07MAY
[LF] Processing JED-HBE for 07MAY
2026-01-25 07:15:12 | INFO     | [lf.day.start] Processing JED-HBE for 07MAY
[LF] Sending SN command: SN07MAYJEDHBE/ASM
[LF] 07MAY: found 1 direct flights
2026-01-25 07:15:13 | INFO     | [lf.day.flights_found] Found 1 flights on 07MAY
2026-01-25 07:15:15 | INFO     | [lf.flight.extracted] SM452 on 07MAY: BKG=1, LF=0.6%
[LF] SM452 07MAY: BKG=1, GRP=0, CAP=167, LF%=0.6%, Brd-Off=JED-HBE, Classes: I:1
[LF] Getting WEEKLY/LASTSOLD data for 1 flights
[LF] SM452 07MAY: LASTSOLD=2026-01-08 00:00:00, WEEKLY=0, TODAY=0, YDAY=0
2026-01-25 07:15:18 | INFO     | [SUCCESS] Day 07MAY
[LF] Results summary:
  2026-05-14: 1 flights
  2026-05-13: 1 flights
  2026-05-12: 0 flights
  2026-05-11: 1 flights
  2026-05-10: 1 flights
  2026-05-09: 1 flights
  2026-05-08: 0 flights
  2026-05-07: 1 flights
2026-01-25 07:15:18 | INFO     | [SUCCESS] LF Search Complete

============================================================
[Worker_9233] ✓ COMPLETED: JED-HBE
  Results: 8 dates
  Errors: 0 dates
  Total Processed: 8 groups
============================================================

2026-01-25 07:15:18 | INFO     | [Worker_9233] Completed: JED-HBE - 8 results, 0 errors

============================================================
[Worker_9233] Processing: YNB-CAI
  Tier 0: Range 4, Chunk 3/4
  Dates: 8 days
  Date Range: 2026-05-14 to 2026-05-07
============================================================

2026-01-25 07:15:18 | INFO     | [Worker_9233] Processing: YNB-CAI
2026-01-25 07:15:18 | INFO     |   Tier 0: Range 4, Chunk 3/4 (8 days)
2026-01-25 07:15:18 | INFO     | ======================================================================
2026-01-25 07:15:18 | INFO     | Load Factor Scraper Started - Route: YNB-CAI
2026-01-25 07:15:18 | INFO     | Log file: D:\CODERED\LAB\Artifacts\outputs\run_generated_250126_at_07.06\logs\LF_YNB-CAI_20260125_071518.log
2026-01-25 07:15:18 | INFO     | Enhanced logging: Capturing both logging.info() and print()
2026-01-25 07:15:18 | INFO     | ======================================================================
[LF] Processing dates (override): ['14MAY', '13MAY', '12MAY', '11MAY', '10MAY', '09MAY', '08MAY', '07MAY']
[LF] Attaching to Chrome for Altea access
2026-01-25 07:15:18 | INFO     | Starting LF search for route: YNB-CAI
2026-01-25 07:15:18 | INFO     | [START] LF Search
[LF][[OK] SUCCESS] Connected to Chrome on 127.0.0.1:9233 (after 1 attempts)
2026-01-25 07:15:18 | INFO     | [HEALTH CHECK] [OK] Chrome connection is healthy
[LF][[OK] SUCCESS] Found Amadeus Altea window: Altéa Reservation Desktop
[LF][[INFO] INFO] URL: https://tc212.resdesktop.altea.amadeus.com/app_ard/apf/init/login?SITE=ESMPESMP&LANGUAGE=GB&MARKETS=ARDW_PROD_WBP&ACTION=clpLogin
2026-01-25 07:15:18 | INFO     | [DAY_START] Processing 14MAY
[LF] Processing YNB-CAI for 14MAY
2026-01-25 07:15:18 | INFO     | [lf.day.start] Processing YNB-CAI for 14MAY
[LF] Sending SN command: SN14MAYYNBCAI/ASM
[LF] 14MAY: found 1 direct flights
2026-01-25 07:15:20 | INFO     | [lf.day.flights_found] Found 1 flights on 14MAY
2026-01-25 07:15:22 | INFO     | [lf.flight.extracted] SM442 on 14MAY: BKG=0, LF=0.0%
[LF] SM442 14MAY: BKG=0, GRP=0, CAP=175, LF%=0.0%, Brd-Off=YNB-CAI
2026-01-25 07:15:24 | INFO     | [SUCCESS] Day 14MAY
2026-01-25 07:15:24 | INFO     | [DAY_START] Processing 13MAY
[LF] Processing YNB-CAI for 13MAY
2026-01-25 07:15:24 | INFO     | [lf.day.start] Processing YNB-CAI for 13MAY
[LF] Sending SN command: SN13MAYYNBCAI/ASM
[LF] No direct flights on 13MAY for YNB-CAI
2026-01-25 07:15:25 | WARNING  | [lf.day.no_flights] No direct flights on 13MAY
2026-01-25 07:15:25 | INFO     | [SUCCESS] Day 13MAY
2026-01-25 07:15:25 | INFO     | [DAY_START] Processing 12MAY
[LF] Processing YNB-CAI for 12MAY
2026-01-25 07:15:25 | INFO     | [lf.day.start] Processing YNB-CAI for 12MAY
[LF] Sending SN command: SN12MAYYNBCAI/ASM
[LF] 12MAY: found 1 direct flights
2026-01-25 07:15:26 | INFO     | [lf.day.flights_found] Found 1 flights on 12MAY
2026-01-25 07:15:28 | INFO     | [lf.flight.extracted] SM442 on 12MAY: BKG=1, LF=0.6%
[LF] SM442 12MAY: BKG=1, GRP=0, CAP=167, LF%=0.6%, Brd-Off=YNB-CAI, Classes: T:1
[LF] Getting WEEKLY/LASTSOLD data for 1 flights
[LF] SM442 12MAY: LASTSOLD=2026-01-20 00:00:00, WEEKLY=1, TODAY=0, YDAY=0
2026-01-25 07:15:30 | INFO     | [SUCCESS] Day 12MAY
2026-01-25 07:15:30 | INFO     | [DAY_START] Processing 11MAY
[LF] Processing YNB-CAI for 11MAY
2026-01-25 07:15:30 | INFO     | [lf.day.start] Processing YNB-CAI for 11MAY
[LF] Sending SN command: SN11MAYYNBCAI/ASM
[LF] 11MAY: found 1 direct flights
2026-01-25 07:15:31 | INFO     | [lf.day.flights_found] Found 1 flights on 11MAY
2026-01-25 07:15:34 | INFO     | [lf.flight.extracted] SM442 on 11MAY: BKG=1, LF=0.6%
[LF] SM442 11MAY: BKG=1, GRP=0, CAP=175, LF%=0.6%, Brd-Off=YNB-CAI, Classes: T:1
[LF] Getting WEEKLY/LASTSOLD data for 1 flights
[LF] SM442 11MAY: LASTSOLD=2026-01-09 00:00:00, WEEKLY=0, TODAY=0, YDAY=0
2026-01-25 07:15:37 | INFO     | [SUCCESS] Day 11MAY
2026-01-25 07:15:37 | INFO     | [DAY_START] Processing 10MAY
[LF] Processing YNB-CAI for 10MAY
2026-01-25 07:15:37 | INFO     | [lf.day.start] Processing YNB-CAI for 10MAY
[LF] Sending SN command: SN10MAYYNBCAI/ASM
[LF] 10MAY: found 1 direct flights
2026-01-25 07:15:38 | INFO     | [lf.day.flights_found] Found 1 flights on 10MAY
2026-01-25 07:15:40 | INFO     | [lf.flight.extracted] SM442 on 10MAY: BKG=0, LF=0.0%
[LF] SM442 10MAY: BKG=0, GRP=0, CAP=175, LF%=0.0%, Brd-Off=YNB-CAI
2026-01-25 07:15:42 | INFO     | [SUCCESS] Day 10MAY
2026-01-25 07:15:42 | INFO     | [DAY_START] Processing 09MAY
[LF] Processing YNB-CAI for 09MAY
2026-01-25 07:15:42 | INFO     | [lf.day.start] Processing YNB-CAI for 09MAY
[LF] Sending SN command: SN09MAYYNBCAI/ASM
[LF] 09MAY: found 2 direct flights
2026-01-25 07:15:43 | INFO     | [lf.day.flights_found] Found 2 flights on 09MAY
2026-01-25 07:15:45 | INFO     | [lf.flight.extracted] SM442 on 09MAY: BKG=0, LF=0.0%
[LF] SM442 09MAY: BKG=0, GRP=0, CAP=167, LF%=0.0%, Brd-Off=YNB-CAI
2026-01-25 07:15:48 | INFO     | [lf.flight.extracted] SM448 on 09MAY: BKG=0, LF=0.0%
[LF] SM448 09MAY: BKG=0, GRP=0, CAP=167, LF%=0.0%, Brd-Off=YNB-CAI
2026-01-25 07:15:49 | INFO     | [SUCCESS] Day 09MAY
2026-01-25 07:15:49 | INFO     | [DAY_START] Processing 08MAY
[LF] Processing YNB-CAI for 08MAY
2026-01-25 07:15:49 | INFO     | [lf.day.start] Processing YNB-CAI for 08MAY
[LF] Sending SN command: SN08MAYYNBCAI/ASM
[LF] 08MAY: found 1 direct flights
2026-01-25 07:15:50 | INFO     | [lf.day.flights_found] Found 1 flights on 08MAY
2026-01-25 07:15:52 | INFO     | [lf.flight.extracted] SM442 on 08MAY: BKG=0, LF=0.0%
[LF] SM442 08MAY: BKG=0, GRP=0, CAP=175, LF%=0.0%, Brd-Off=YNB-CAI
2026-01-25 07:15:53 | INFO     | [SUCCESS] Day 08MAY
2026-01-25 07:15:53 | INFO     | [DAY_START] Processing 07MAY
[LF] Processing YNB-CAI for 07MAY
2026-01-25 07:15:53 | INFO     | [lf.day.start] Processing YNB-CAI for 07MAY
[LF] Sending SN command: SN07MAYYNBCAI/ASM
[LF] 07MAY: found 1 direct flights
2026-01-25 07:15:55 | INFO     | [lf.day.flights_found] Found 1 flights on 07MAY
2026-01-25 07:15:57 | INFO     | [lf.flight.extracted] SM442 on 07MAY: BKG=0, LF=0.0%
[LF] SM442 07MAY: BKG=0, GRP=0, CAP=175, LF%=0.0%, Brd-Off=YNB-CAI
2026-01-25 07:15:58 | INFO     | [SUCCESS] Day 07MAY
[LF] Results summary:
  2026-05-14: 1 flights
  2026-05-13: 0 flights
  2026-05-12: 1 flights
  2026-05-11: 1 flights
  2026-05-10: 1 flights
  2026-05-09: 2 flights
  2026-05-08: 1 flights
  2026-05-07: 1 flights
2026-01-25 07:15:58 | INFO     | [SUCCESS] LF Search Complete

============================================================
[Worker_9233] ✓ COMPLETED: YNB-CAI
  Results: 8 dates
  Errors: 0 dates
  Total Processed: 9 groups
============================================================

2026-01-25 07:15:58 | INFO     | [Worker_9233] Completed: YNB-CAI - 8 results, 0 errors

============================================================
[Worker_9233] Processing: ASW-JED
  Tier 0: Range 4, Chunk 3/4
  Dates: 8 days
  Date Range: 2026-05-14 to 2026-05-07
============================================================

2026-01-25 07:15:58 | INFO     | [Worker_9233] Processing: ASW-JED
2026-01-25 07:15:58 | INFO     |   Tier 0: Range 4, Chunk 3/4 (8 days)
2026-01-25 07:15:58 | INFO     | ======================================================================
2026-01-25 07:15:58 | INFO     | Load Factor Scraper Started - Route: ASW-JED
2026-01-25 07:15:58 | INFO     | Log file: D:\CODERED\LAB\Artifacts\outputs\run_generated_250126_at_07.06\logs\LF_ASW-JED_20260125_071558.log
2026-01-25 07:15:58 | INFO     | Enhanced logging: Capturing both logging.info() and print()
2026-01-25 07:15:58 | INFO     | ======================================================================
[LF] Processing dates (override): ['14MAY', '13MAY', '12MAY', '11MAY', '10MAY', '09MAY', '08MAY', '07MAY']
[LF] Attaching to Chrome for Altea access
2026-01-25 07:15:58 | INFO     | Starting LF search for route: ASW-JED
2026-01-25 07:15:58 | INFO     | [START] LF Search
[LF][[OK] SUCCESS] Connected to Chrome on 127.0.0.1:9233 (after 1 attempts)
2026-01-25 07:15:59 | INFO     | [HEALTH CHECK] [OK] Chrome connection is healthy
[LF][[OK] SUCCESS] Found Amadeus Altea window: Altéa Reservation Desktop
[LF][[INFO] INFO] URL: https://tc212.resdesktop.altea.amadeus.com/app_ard/apf/init/login?SITE=ESMPESMP&LANGUAGE=GB&MARKETS=ARDW_PROD_WBP&ACTION=clpLogin
2026-01-25 07:15:59 | INFO     | [DAY_START] Processing 14MAY
[LF] Processing ASW-JED for 14MAY
2026-01-25 07:15:59 | INFO     | [lf.day.start] Processing ASW-JED for 14MAY
[LF] Sending SN command: SN14MAYASWJED/ASM
[LF] No direct flights on 14MAY for ASW-JED
2026-01-25 07:16:00 | WARNING  | [lf.day.no_flights] No direct flights on 14MAY
2026-01-25 07:16:00 | INFO     | [SUCCESS] Day 14MAY
2026-01-25 07:16:00 | INFO     | [DAY_START] Processing 13MAY
[LF] Processing ASW-JED for 13MAY
2026-01-25 07:16:00 | INFO     | [lf.day.start] Processing ASW-JED for 13MAY
[LF] Sending SN command: SN13MAYASWJED/ASM
[LF] No direct flights on 13MAY for ASW-JED
2026-01-25 07:16:01 | WARNING  | [lf.day.no_flights] No direct flights on 13MAY
2026-01-25 07:16:01 | INFO     | [SUCCESS] Day 13MAY
2026-01-25 07:16:01 | INFO     | [DAY_START] Processing 12MAY
[LF] Processing ASW-JED for 12MAY
2026-01-25 07:16:01 | INFO     | [lf.day.start] Processing ASW-JED for 12MAY
[LF] Sending SN command: SN12MAYASWJED/ASM
[LF] No direct flights on 12MAY for ASW-JED
2026-01-25 07:16:02 | WARNING  | [lf.day.no_flights] No direct flights on 12MAY
2026-01-25 07:16:02 | INFO     | [SUCCESS] Day 12MAY
2026-01-25 07:16:02 | INFO     | [DAY_START] Processing 11MAY
[LF] Processing ASW-JED for 11MAY
2026-01-25 07:16:02 | INFO     | [lf.day.start] Processing ASW-JED for 11MAY
[LF] Sending SN command: SN11MAYASWJED/ASM
[LF] No direct flights on 11MAY for ASW-JED
2026-01-25 07:16:04 | WARNING  | [lf.day.no_flights] No direct flights on 11MAY
2026-01-25 07:16:04 | INFO     | [SUCCESS] Day 11MAY
2026-01-25 07:16:04 | INFO     | [DAY_START] Processing 10MAY
[LF] Processing ASW-JED for 10MAY
2026-01-25 07:16:04 | INFO     | [lf.day.start] Processing ASW-JED for 10MAY
[LF] Sending SN command: SN10MAYASWJED/ASM
[LF] No direct flights on 10MAY for ASW-JED
2026-01-25 07:16:05 | WARNING  | [lf.day.no_flights] No direct flights on 10MAY
2026-01-25 07:16:05 | INFO     | [SUCCESS] Day 10MAY
2026-01-25 07:16:05 | INFO     | [DAY_START] Processing 09MAY
[LF] Processing ASW-JED for 09MAY
2026-01-25 07:16:05 | INFO     | [lf.day.start] Processing ASW-JED for 09MAY
[LF] Sending SN command: SN09MAYASWJED/ASM
[LF] No direct flights on 09MAY for ASW-JED
2026-01-25 07:16:06 | WARNING  | [lf.day.no_flights] No direct flights on 09MAY
2026-01-25 07:16:06 | INFO     | [SUCCESS] Day 09MAY
2026-01-25 07:16:06 | INFO     | [DAY_START] Processing 08MAY
[LF] Processing ASW-JED for 08MAY
2026-01-25 07:16:06 | INFO     | [lf.day.start] Processing ASW-JED for 08MAY
[LF] Sending SN command: SN08MAYASWJED/ASM
[LF] No direct flights on 08MAY for ASW-JED
2026-01-25 07:16:07 | WARNING  | [lf.day.no_flights] No direct flights on 08MAY
2026-01-25 07:16:07 | INFO     | [SUCCESS] Day 08MAY
2026-01-25 07:16:07 | INFO     | [DAY_START] Processing 07MAY
[LF] Processing ASW-JED for 07MAY
2026-01-25 07:16:07 | INFO     | [lf.day.start] Processing ASW-JED for 07MAY
[LF] Sending SN command: SN07MAYASWJED/ASM
[LF] No direct flights on 07MAY for ASW-JED
2026-01-25 07:16:08 | WARNING  | [lf.day.no_flights] No direct flights on 07MAY
2026-01-25 07:16:08 | INFO     | [SUCCESS] Day 07MAY
[LF] Results summary:
  2026-05-14: 0 flights
  2026-05-13: 0 flights
  2026-05-12: 0 flights
  2026-05-11: 0 flights
  2026-05-10: 0 flights
  2026-05-09: 0 flights
  2026-05-08: 0 flights
  2026-05-07: 0 flights
2026-01-25 07:16:08 | INFO     | [SUCCESS] LF Search Complete

============================================================
[Worker_9233] ✓ COMPLETED: ASW-JED
  Results: 8 dates
  Errors: 0 dates
  Total Processed: 10 groups
============================================================

2026-01-25 07:16:08 | INFO     | [Worker_9233] Completed: ASW-JED - 8 results, 0 errors

============================================================
[Worker_9233] Processing: ATZ-DMM
  Tier 0: Range 4, Chunk 3/4
  Dates: 8 days
  Date Range: 2026-05-14 to 2026-05-07
============================================================

2026-01-25 07:16:08 | INFO     | [Worker_9233] Processing: ATZ-DMM
2026-01-25 07:16:08 | INFO     |   Tier 0: Range 4, Chunk 3/4 (8 days)
2026-01-25 07:16:08 | INFO     | ======================================================================
2026-01-25 07:16:08 | INFO     | Load Factor Scraper Started - Route: ATZ-DMM
2026-01-25 07:16:08 | INFO     | Log file: D:\CODERED\LAB\Artifacts\outputs\run_generated_250126_at_07.06\logs\LF_ATZ-DMM_20260125_071608.log
2026-01-25 07:16:08 | INFO     | Enhanced logging: Capturing both logging.info() and print()
2026-01-25 07:16:08 | INFO     | ======================================================================
[LF] Processing dates (override): ['14MAY', '13MAY', '12MAY', '11MAY', '10MAY', '09MAY', '08MAY', '07MAY']
[LF] Attaching to Chrome for Altea access
2026-01-25 07:16:08 | INFO     | Starting LF search for route: ATZ-DMM
2026-01-25 07:16:08 | INFO     | [START] LF Search
[LF][[OK] SUCCESS] Connected to Chrome on 127.0.0.1:9233 (after 1 attempts)
2026-01-25 07:16:09 | INFO     | [HEALTH CHECK] [OK] Chrome connection is healthy
[LF][[OK] SUCCESS] Found Amadeus Altea window: Altéa Reservation Desktop
[LF][[INFO] INFO] URL: https://tc212.resdesktop.altea.amadeus.com/app_ard/apf/init/login?SITE=ESMPESMP&LANGUAGE=GB&MARKETS=ARDW_PROD_WBP&ACTION=clpLogin
2026-01-25 07:16:09 | INFO     | [DAY_START] Processing 14MAY
[LF] Processing ATZ-DMM for 14MAY
2026-01-25 07:16:09 | INFO     | [lf.day.start] Processing ATZ-DMM for 14MAY
[LF] Sending SN command: SN14MAYATZDMM/ASM
[LF] No direct flights on 14MAY for ATZ-DMM
2026-01-25 07:16:10 | WARNING  | [lf.day.no_flights] No direct flights on 14MAY
2026-01-25 07:16:10 | INFO     | [SUCCESS] Day 14MAY
2026-01-25 07:16:10 | INFO     | [DAY_START] Processing 13MAY
[LF] Processing ATZ-DMM for 13MAY
2026-01-25 07:16:10 | INFO     | [lf.day.start] Processing ATZ-DMM for 13MAY
[LF] Sending SN command: SN13MAYATZDMM/ASM
[LF] No direct flights on 13MAY for ATZ-DMM
2026-01-25 07:16:11 | WARNING  | [lf.day.no_flights] No direct flights on 13MAY
2026-01-25 07:16:11 | INFO     | [SUCCESS] Day 13MAY
2026-01-25 07:16:11 | INFO     | [DAY_START] Processing 12MAY
[LF] Processing ATZ-DMM for 12MAY
2026-01-25 07:16:11 | INFO     | [lf.day.start] Processing ATZ-DMM for 12MAY
[LF] Sending SN command: SN12MAYATZDMM/ASM
[LF] No direct flights on 12MAY for ATZ-DMM
2026-01-25 07:16:12 | WARNING  | [lf.day.no_flights] No direct flights on 12MAY
2026-01-25 07:16:12 | INFO     | [SUCCESS] Day 12MAY
2026-01-25 07:16:12 | INFO     | [DAY_START] Processing 11MAY
[LF] Processing ATZ-DMM for 11MAY
2026-01-25 07:16:12 | INFO     | [lf.day.start] Processing ATZ-DMM for 11MAY
[LF] Sending SN command: SN11MAYATZDMM/ASM
[LF] No direct flights on 11MAY for ATZ-DMM
2026-01-25 07:16:13 | WARNING  | [lf.day.no_flights] No direct flights on 11MAY
2026-01-25 07:16:13 | INFO     | [SUCCESS] Day 11MAY
2026-01-25 07:16:13 | INFO     | [DAY_START] Processing 10MAY
[LF] Processing ATZ-DMM for 10MAY
2026-01-25 07:16:13 | INFO     | [lf.day.start] Processing ATZ-DMM for 10MAY
[LF] Sending SN command: SN10MAYATZDMM/ASM
[LF] No direct flights on 10MAY for ATZ-DMM
2026-01-25 07:16:15 | WARNING  | [lf.day.no_flights] No direct flights on 10MAY
2026-01-25 07:16:15 | INFO     | [SUCCESS] Day 10MAY
2026-01-25 07:16:15 | INFO     | [DAY_START] Processing 09MAY
[LF] Processing ATZ-DMM for 09MAY
2026-01-25 07:16:15 | INFO     | [lf.day.start] Processing ATZ-DMM for 09MAY
[LF] Sending SN command: SN09MAYATZDMM/ASM
[LF] No direct flights on 09MAY for ATZ-DMM
2026-01-25 07:16:16 | WARNING  | [lf.day.no_flights] No direct flights on 09MAY
2026-01-25 07:16:16 | INFO     | [SUCCESS] Day 09MAY
2026-01-25 07:16:16 | INFO     | [DAY_START] Processing 08MAY
[LF] Processing ATZ-DMM for 08MAY
2026-01-25 07:16:16 | INFO     | [lf.day.start] Processing ATZ-DMM for 08MAY
[LF] Sending SN command: SN08MAYATZDMM/ASM
[LF] No direct flights on 08MAY for ATZ-DMM
2026-01-25 07:16:17 | WARNING  | [lf.day.no_flights] No direct flights on 08MAY
2026-01-25 07:16:17 | INFO     | [SUCCESS] Day 08MAY
2026-01-25 07:16:17 | INFO     | [DAY_START] Processing 07MAY
[LF] Processing ATZ-DMM for 07MAY
2026-01-25 07:16:17 | INFO     | [lf.day.start] Processing ATZ-DMM for 07MAY
[LF] Sending SN command: SN07MAYATZDMM/ASM
[LF] No direct flights on 07MAY for ATZ-DMM
2026-01-25 07:16:18 | WARNING  | [lf.day.no_flights] No direct flights on 07MAY
2026-01-25 07:16:18 | INFO     | [SUCCESS] Day 07MAY
[LF] Results summary:
  2026-05-14: 0 flights
  2026-05-13: 0 flights
  2026-05-12: 0 flights
  2026-05-11: 0 flights
  2026-05-10: 0 flights
  2026-05-09: 0 flights
  2026-05-08: 0 flights
  2026-05-07: 0 flights
2026-01-25 07:16:18 | INFO     | [SUCCESS] LF Search Complete

============================================================
[Worker_9233] ✓ COMPLETED: ATZ-DMM
  Results: 8 dates
  Errors: 0 dates
  Total Processed: 11 groups
============================================================

2026-01-25 07:16:18 | INFO     | [Worker_9233] Completed: ATZ-DMM - 8 results, 0 errors

============================================================
[Worker_9233] Processing: ATZ-AJF
  Tier 0: Range 4, Chunk 3/4
  Dates: 8 days
  Date Range: 2026-05-14 to 2026-05-07
============================================================

2026-01-25 07:16:18 | INFO     | [Worker_9233] Processing: ATZ-AJF
2026-01-25 07:16:18 | INFO     |   Tier 0: Range 4, Chunk 3/4 (8 days)
2026-01-25 07:16:18 | INFO     | ======================================================================
2026-01-25 07:16:18 | INFO     | Load Factor Scraper Started - Route: ATZ-AJF
2026-01-25 07:16:18 | INFO     | Log file: D:\CODERED\LAB\Artifacts\outputs\run_generated_250126_at_07.06\logs\LF_ATZ-AJF_20260125_071618.log
2026-01-25 07:16:18 | INFO     | Enhanced logging: Capturing both logging.info() and print()
2026-01-25 07:16:18 | INFO     | ======================================================================
[LF] Processing dates (override): ['14MAY', '13MAY', '12MAY', '11MAY', '10MAY', '09MAY', '08MAY', '07MAY']
[LF] Attaching to Chrome for Altea access
2026-01-25 07:16:18 | INFO     | Starting LF search for route: ATZ-AJF
2026-01-25 07:16:18 | INFO     | [START] LF Search
[LF][[OK] SUCCESS] Connected to Chrome on 127.0.0.1:9233 (after 1 attempts)
2026-01-25 07:16:19 | INFO     | [HEALTH CHECK] [OK] Chrome connection is healthy
[LF][[OK] SUCCESS] Found Amadeus Altea window: Altéa Reservation Desktop
[LF][[INFO] INFO] URL: https://tc212.resdesktop.altea.amadeus.com/app_ard/apf/init/login?SITE=ESMPESMP&LANGUAGE=GB&MARKETS=ARDW_PROD_WBP&ACTION=clpLogin
2026-01-25 07:16:19 | INFO     | [DAY_START] Processing 14MAY
[LF] Processing ATZ-AJF for 14MAY
2026-01-25 07:16:19 | INFO     | [lf.day.start] Processing ATZ-AJF for 14MAY
[LF] Sending SN command: SN14MAYATZAJF/ASM
[LF] No direct flights on 14MAY for ATZ-AJF
2026-01-25 07:16:20 | WARNING  | [lf.day.no_flights] No direct flights on 14MAY
2026-01-25 07:16:20 | INFO     | [SUCCESS] Day 14MAY
2026-01-25 07:16:20 | INFO     | [DAY_START] Processing 13MAY
[LF] Processing ATZ-AJF for 13MAY
2026-01-25 07:16:20 | INFO     | [lf.day.start] Processing ATZ-AJF for 13MAY
[LF] Sending SN command: SN13MAYATZAJF/ASM
[LF] No direct flights on 13MAY for ATZ-AJF
2026-01-25 07:16:21 | WARNING  | [lf.day.no_flights] No direct flights on 13MAY
2026-01-25 07:16:21 | INFO     | [SUCCESS] Day 13MAY
2026-01-25 07:16:21 | INFO     | [DAY_START] Processing 12MAY
[LF] Processing ATZ-AJF for 12MAY
2026-01-25 07:16:21 | INFO     | [lf.day.start] Processing ATZ-AJF for 12MAY
[LF] Sending SN command: SN12MAYATZAJF/ASM
[LF] No direct flights on 12MAY for ATZ-AJF
2026-01-25 07:16:22 | WARNING  | [lf.day.no_flights] No direct flights on 12MAY
2026-01-25 07:16:22 | INFO     | [SUCCESS] Day 12MAY
2026-01-25 07:16:22 | INFO     | [DAY_START] Processing 11MAY
[LF] Processing ATZ-AJF for 11MAY
2026-01-25 07:16:22 | INFO     | [lf.day.start] Processing ATZ-AJF for 11MAY
[LF] Sending SN command: SN11MAYATZAJF/ASM
[LF] No direct flights on 11MAY for ATZ-AJF
2026-01-25 07:16:24 | WARNING  | [lf.day.no_flights] No direct flights on 11MAY
2026-01-25 07:16:24 | INFO     | [SUCCESS] Day 11MAY
2026-01-25 07:16:24 | INFO     | [DAY_START] Processing 10MAY
[LF] Processing ATZ-AJF for 10MAY
2026-01-25 07:16:24 | INFO     | [lf.day.start] Processing ATZ-AJF for 10MAY
[LF] Sending SN command: SN10MAYATZAJF/ASM
[LF] No direct flights on 10MAY for ATZ-AJF
2026-01-25 07:16:26 | WARNING  | [lf.day.no_flights] No direct flights on 10MAY
2026-01-25 07:16:26 | INFO     | [SUCCESS] Day 10MAY
2026-01-25 07:16:26 | INFO     | [DAY_START] Processing 09MAY
[LF] Processing ATZ-AJF for 09MAY
2026-01-25 07:16:26 | INFO     | [lf.day.start] Processing ATZ-AJF for 09MAY
[LF] Sending SN command: SN09MAYATZAJF/ASM
[LF] No direct flights on 09MAY for ATZ-AJF
2026-01-25 07:16:27 | WARNING  | [lf.day.no_flights] No direct flights on 09MAY
2026-01-25 07:16:27 | INFO     | [SUCCESS] Day 09MAY
2026-01-25 07:16:27 | INFO     | [DAY_START] Processing 08MAY
[LF] Processing ATZ-AJF for 08MAY
2026-01-25 07:16:27 | INFO     | [lf.day.start] Processing ATZ-AJF for 08MAY
[LF] Sending SN command: SN08MAYATZAJF/ASM
[LF] No direct flights on 08MAY for ATZ-AJF
2026-01-25 07:16:28 | WARNING  | [lf.day.no_flights] No direct flights on 08MAY
2026-01-25 07:16:28 | INFO     | [SUCCESS] Day 08MAY
2026-01-25 07:16:28 | INFO     | [DAY_START] Processing 07MAY
[LF] Processing ATZ-AJF for 07MAY
2026-01-25 07:16:28 | INFO     | [lf.day.start] Processing ATZ-AJF for 07MAY
[LF] Sending SN command: SN07MAYATZAJF/ASM
[LF] No direct flights on 07MAY for ATZ-AJF
2026-01-25 07:16:29 | WARNING  | [lf.day.no_flights] No direct flights on 07MAY
2026-01-25 07:16:29 | INFO     | [SUCCESS] Day 07MAY
[LF] Results summary:
  2026-05-14: 0 flights
  2026-05-13: 0 flights
  2026-05-12: 0 flights
  2026-05-11: 0 flights
  2026-05-10: 0 flights
  2026-05-09: 0 flights
  2026-05-08: 0 flights
  2026-05-07: 0 flights
2026-01-25 07:16:29 | INFO     | [SUCCESS] LF Search Complete

============================================================
[Worker_9233] ✓ COMPLETED: ATZ-AJF
  Results: 8 dates
  Errors: 0 dates
  Total Processed: 12 groups
============================================================

2026-01-25 07:16:29 | INFO     | [Worker_9233] Completed: ATZ-AJF - 8 results, 0 errors

============================================================
[Worker_9233] Processing: CAI-AHB
  Tier 0: Range 4, Chunk 3/4
  Dates: 8 days
  Date Range: 2026-05-14 to 2026-05-07
============================================================

2026-01-25 07:16:29 | INFO     | [Worker_9233] Processing: CAI-AHB
2026-01-25 07:16:29 | INFO     |   Tier 0: Range 4, Chunk 3/4 (8 days)
2026-01-25 07:16:29 | INFO     | ======================================================================
2026-01-25 07:16:29 | INFO     | Load Factor Scraper Started - Route: CAI-AHB
2026-01-25 07:16:29 | INFO     | Log file: D:\CODERED\LAB\Artifacts\outputs\run_generated_250126_at_07.06\logs\LF_CAI-AHB_20260125_071629.log
2026-01-25 07:16:29 | INFO     | Enhanced logging: Capturing both logging.info() and print()
2026-01-25 07:16:29 | INFO     | ======================================================================
[LF] Processing dates (override): ['14MAY', '13MAY', '12MAY', '11MAY', '10MAY', '09MAY', '08MAY', '07MAY']
[LF] Attaching to Chrome for Altea access
2026-01-25 07:16:29 | INFO     | Starting LF search for route: CAI-AHB
2026-01-25 07:16:29 | INFO     | [START] LF Search
[LF][[OK] SUCCESS] Connected to Chrome on 127.0.0.1:9233 (after 1 attempts)
2026-01-25 07:16:30 | INFO     | [HEALTH CHECK] [OK] Chrome connection is healthy
[LF][[OK] SUCCESS] Found Amadeus Altea window: Altéa Reservation Desktop
[LF][[INFO] INFO] URL: https://tc212.resdesktop.altea.amadeus.com/app_ard/apf/init/login?SITE=ESMPESMP&LANGUAGE=GB&MARKETS=ARDW_PROD_WBP&ACTION=clpLogin
2026-01-25 07:16:30 | INFO     | [DAY_START] Processing 14MAY
[LF] Processing CAI-AHB for 14MAY
2026-01-25 07:16:30 | INFO     | [lf.day.start] Processing CAI-AHB for 14MAY
[LF] Sending SN command: SN14MAYCAIAHB/ASM
[LF] 14MAY: found 1 direct flights
2026-01-25 07:16:31 | INFO     | [lf.day.flights_found] Found 1 flights on 14MAY
2026-01-25 07:16:33 | INFO     | [lf.flight.extracted] SM443 on 14MAY: BKG=0, LF=0.0%
[LF] SM443 14MAY: BKG=0, GRP=0, CAP=179, LF%=0.0%, Brd-Off=CAI-AHB
2026-01-25 07:16:34 | INFO     | [SUCCESS] Day 14MAY
2026-01-25 07:16:34 | INFO     | [DAY_START] Processing 13MAY
[LF] Processing CAI-AHB for 13MAY
2026-01-25 07:16:34 | INFO     | [lf.day.start] Processing CAI-AHB for 13MAY
[LF] Sending SN command: SN13MAYCAIAHB/ASM
[LF] 13MAY: found 1 direct flights
2026-01-25 07:16:35 | INFO     | [lf.day.flights_found] Found 1 flights on 13MAY
2026-01-25 07:16:37 | INFO     | [lf.flight.extracted] SM443 on 13MAY: BKG=0, LF=0.0%
[LF] SM443 13MAY: BKG=0, GRP=0, CAP=179, LF%=0.0%, Brd-Off=CAI-AHB
2026-01-25 07:16:38 | INFO     | [SUCCESS] Day 13MAY
2026-01-25 07:16:38 | INFO     | [DAY_START] Processing 12MAY
[LF] Processing CAI-AHB for 12MAY
2026-01-25 07:16:38 | INFO     | [lf.day.start] Processing CAI-AHB for 12MAY
[LF] Sending SN command: SN12MAYCAIAHB/ASM
[LF] No direct flights on 12MAY for CAI-AHB
2026-01-25 07:16:40 | WARNING  | [lf.day.no_flights] No direct flights on 12MAY
2026-01-25 07:16:40 | INFO     | [SUCCESS] Day 12MAY
2026-01-25 07:16:40 | INFO     | [DAY_START] Processing 11MAY
[LF] Processing CAI-AHB for 11MAY
2026-01-25 07:16:40 | INFO     | [lf.day.start] Processing CAI-AHB for 11MAY
[LF] Sending SN command: SN11MAYCAIAHB/ASM
[LF] 11MAY: found 1 direct flights
2026-01-25 07:16:41 | INFO     | [lf.day.flights_found] Found 1 flights on 11MAY
2026-01-25 07:16:43 | INFO     | [lf.flight.extracted] SM443 on 11MAY: BKG=0, LF=0.0%
[LF] SM443 11MAY: BKG=0, GRP=0, CAP=179, LF%=0.0%, Brd-Off=CAI-AHB
2026-01-25 07:16:44 | INFO     | [SUCCESS] Day 11MAY
2026-01-25 07:16:44 | INFO     | [DAY_START] Processing 10MAY
[LF] Processing CAI-AHB for 10MAY
2026-01-25 07:16:44 | INFO     | [lf.day.start] Processing CAI-AHB for 10MAY
[LF] Sending SN command: SN10MAYCAIAHB/ASM
[LF] No direct flights on 10MAY for CAI-AHB
2026-01-25 07:16:45 | WARNING  | [lf.day.no_flights] No direct flights on 10MAY
2026-01-25 07:16:45 | INFO     | [SUCCESS] Day 10MAY
2026-01-25 07:16:45 | INFO     | [DAY_START] Processing 09MAY
[LF] Processing CAI-AHB for 09MAY
2026-01-25 07:16:45 | INFO     | [lf.day.start] Processing CAI-AHB for 09MAY
[LF] Sending SN command: SN09MAYCAIAHB/ASM
[LF] 09MAY: found 1 direct flights
2026-01-25 07:16:46 | INFO     | [lf.day.flights_found] Found 1 flights on 09MAY
2026-01-25 07:16:48 | INFO     | [lf.flight.extracted] SM443 on 09MAY: BKG=7, LF=3.9%
[LF] SM443 09MAY: BKG=7, GRP=0, CAP=179, LF%=3.9%, Brd-Off=CAI-AHB, Classes: I:5, O:2
[LF] Getting WEEKLY/LASTSOLD data for 1 flights
[LF] SM443 09MAY: LASTSOLD=2026-01-18 00:00:00, WEEKLY=1, TODAY=0, YDAY=0
2026-01-25 07:16:50 | INFO     | [SUCCESS] Day 09MAY
2026-01-25 07:16:50 | INFO     | [DAY_START] Processing 08MAY
[LF] Processing CAI-AHB for 08MAY
2026-01-25 07:16:50 | INFO     | [lf.day.start] Processing CAI-AHB for 08MAY
[LF] Sending SN command: SN08MAYCAIAHB/ASM
[LF] No direct flights on 08MAY for CAI-AHB
2026-01-25 07:16:52 | WARNING  | [lf.day.no_flights] No direct flights on 08MAY
2026-01-25 07:16:52 | INFO     | [SUCCESS] Day 08MAY
2026-01-25 07:16:52 | INFO     | [DAY_START] Processing 07MAY
[LF] Processing CAI-AHB for 07MAY
2026-01-25 07:16:52 | INFO     | [lf.day.start] Processing CAI-AHB for 07MAY
[LF] Sending SN command: SN07MAYCAIAHB/ASM
[LF] 07MAY: found 1 direct flights
2026-01-25 07:16:53 | INFO     | [lf.day.flights_found] Found 1 flights on 07MAY
2026-01-25 07:16:55 | INFO     | [lf.flight.extracted] SM443 on 07MAY: BKG=0, LF=0.0%
[LF] SM443 07MAY: BKG=0, GRP=0, CAP=179, LF%=0.0%, Brd-Off=CAI-AHB
2026-01-25 07:16:56 | INFO     | [SUCCESS] Day 07MAY
[LF] Results summary:
  2026-05-14: 1 flights
  2026-05-13: 1 flights
  2026-05-12: 0 flights
  2026-05-11: 1 flights
  2026-05-10: 0 flights
  2026-05-09: 1 flights
  2026-05-08: 0 flights
  2026-05-07: 1 flights
2026-01-25 07:16:56 | INFO     | [SUCCESS] LF Search Complete

============================================================
[Worker_9233] ✓ COMPLETED: CAI-AHB
  Results: 8 dates
  Errors: 0 dates
  Total Processed: 13 groups
============================================================

2026-01-25 07:16:56 | INFO     | [Worker_9233] Completed: CAI-AHB - 8 results, 0 errors

============================================================
[Worker_9233] Processing: JED-CAI
  Tier 0: Range 4, Chunk 4/4
  Dates: 8 days
  Date Range: 2026-05-06 to 2026-04-29
============================================================

2026-01-25 07:16:56 | INFO     | [Worker_9233] Processing: JED-CAI
2026-01-25 07:16:56 | INFO     |   Tier 0: Range 4, Chunk 4/4 (8 days)
2026-01-25 07:16:56 | INFO     | ======================================================================
2026-01-25 07:16:56 | INFO     | Load Factor Scraper Started - Route: JED-CAI
2026-01-25 07:16:56 | INFO     | Log file: D:\CODERED\LAB\Artifacts\outputs\run_generated_250126_at_07.06\logs\LF_JED-CAI_20260125_071656.log
2026-01-25 07:16:56 | INFO     | Enhanced logging: Capturing both logging.info() and print()
2026-01-25 07:16:56 | INFO     | ======================================================================
[LF] Processing dates (override): ['06MAY', '05MAY', '04MAY', '03MAY', '02MAY', '01MAY', '30APR', '29APR']
[LF] Attaching to Chrome for Altea access
2026-01-25 07:16:56 | INFO     | Starting LF search for route: JED-CAI
2026-01-25 07:16:56 | INFO     | [START] LF Search
[LF][[OK] SUCCESS] Connected to Chrome on 127.0.0.1:9233 (after 1 attempts)
2026-01-25 07:16:57 | INFO     | [HEALTH CHECK] [OK] Chrome connection is healthy
[LF][[OK] SUCCESS] Found Amadeus Altea window: Altéa Reservation Desktop
[LF][[INFO] INFO] URL: https://tc212.resdesktop.altea.amadeus.com/app_ard/apf/init/login?SITE=ESMPESMP&LANGUAGE=GB&MARKETS=ARDW_PROD_WBP&ACTION=clpLogin
2026-01-25 07:16:57 | INFO     | [DAY_START] Processing 06MAY
[LF] Processing JED-CAI for 06MAY
2026-01-25 07:16:57 | INFO     | [lf.day.start] Processing JED-CAI for 06MAY
[LF] JED↔Cairo route detected - querying both CAI and CCE airports
[LF] Sending SN command: SN06MAYJEDCAI/ASM
[LF] Sending SN command: SN06MAYJEDCCE/ASM
[LF] 06MAY: found 2 direct flights
2026-01-25 07:16:59 | INFO     | [lf.day.flights_found] Found 2 flights on 06MAY
2026-01-25 07:17:01 | INFO     | [lf.flight.extracted] SM478 on 06MAY: BKG=0, LF=0.0%
[LF] SM478 06MAY: BKG=0, GRP=0, CAP=175, LF%=0.0%, Brd-Off=JED-CAI
2026-01-25 07:17:05 | INFO     | [lf.flight.extracted] SM476 on 06MAY: BKG=1, LF=0.6%
[LF] SM476 06MAY: BKG=1, GRP=0, CAP=175, LF%=0.6%, Brd-Off=JED-CAI, Classes: I:1
[LF] Getting WEEKLY/LASTSOLD data for 1 flights
[LF] SM476 06MAY: LASTSOLD=2026-01-14 00:00:00, WEEKLY=0, TODAY=0, YDAY=0
2026-01-25 07:17:07 | INFO     | [SUCCESS] Day 06MAY
2026-01-25 07:17:07 | INFO     | [DAY_START] Processing 05MAY
[LF] Processing JED-CAI for 05MAY
2026-01-25 07:17:07 | INFO     | [lf.day.start] Processing JED-CAI for 05MAY
[LF] JED↔Cairo route detected - querying both CAI and CCE airports
[LF] Sending SN command: SN05MAYJEDCAI/ASM
[LF] Sending SN command: SN05MAYJEDCCE/ASM
[LF] 05MAY: found 3 direct flights
2026-01-25 07:17:09 | INFO     | [lf.day.flights_found] Found 3 flights on 05MAY
2026-01-25 07:17:12 | INFO     | [lf.flight.extracted] SM478 on 05MAY: BKG=0, LF=0.0%
[LF] SM478 05MAY: BKG=0, GRP=0, CAP=167, LF%=0.0%, Brd-Off=JED-CAI
2026-01-25 07:17:15 | INFO     | [lf.flight.extracted] SM476 on 05MAY: BKG=0, LF=0.0%
[LF] SM476 05MAY: BKG=0, GRP=0, CAP=175, LF%=0.0%, Brd-Off=JED-CAI
2026-01-25 07:17:18 | INFO     | [lf.flight.extracted] SM480 on 05MAY: BKG=0, LF=0.0%
[LF] SM480 05MAY: BKG=0, GRP=0, CAP=175, LF%=0.0%, Brd-Off=JED-CAI
2026-01-25 07:17:20 | INFO     | [SUCCESS] Day 05MAY
2026-01-25 07:17:20 | INFO     | [DAY_START] Processing 04MAY
[LF] Processing JED-CAI for 04MAY
2026-01-25 07:17:20 | INFO     | [lf.day.start] Processing JED-CAI for 04MAY
[LF] JED↔Cairo route detected - querying both CAI and CCE airports
[LF] Sending SN command: SN04MAYJEDCAI/ASM
[LF] Sending SN command: SN04MAYJEDCCE/ASM
[LF] 04MAY: found 4 direct flights
2026-01-25 07:17:23 | INFO     | [lf.day.flights_found] Found 4 flights on 04MAY
2026-01-25 07:17:25 | INFO     | [lf.flight.extracted] SM460 on 04MAY: BKG=0, LF=0.0%
[LF] SM460 04MAY: BKG=0, GRP=0, CAP=167, LF%=0.0%, Brd-Off=JED-CAI
2026-01-25 07:17:28 | INFO     | [lf.flight.extracted] SM478 on 04MAY: BKG=0, LF=0.0%
[LF] SM478 04MAY: BKG=0, GRP=0, CAP=175, LF%=0.0%, Brd-Off=JED-CAI
2026-01-25 07:17:31 | INFO     | [lf.flight.extracted] SM476 on 04MAY: BKG=0, LF=0.0%
[LF] SM476 04MAY: BKG=0, GRP=0, CAP=175, LF%=0.0%, Brd-Off=JED-CAI
2026-01-25 07:17:35 | INFO     | [lf.flight.extracted] SM480 on 04MAY: BKG=0, LF=0.0%
[LF] SM480 04MAY: BKG=0, GRP=0, CAP=175, LF%=0.0%, Brd-Off=JED-CAI
2026-01-25 07:17:36 | INFO     | [SUCCESS] Day 04MAY
2026-01-25 07:17:36 | INFO     | [DAY_START] Processing 03MAY
[LF] Processing JED-CAI for 03MAY
2026-01-25 07:17:36 | INFO     | [lf.day.start] Processing JED-CAI for 03MAY
[LF] JED↔Cairo route detected - querying both CAI and CCE airports
[LF] Sending SN command: SN03MAYJEDCAI/ASM
[LF] Sending SN command: SN03MAYJEDCCE/ASM
[LF] 03MAY: found 2 direct flights
2026-01-25 07:17:38 | INFO     | [lf.day.flights_found] Found 2 flights on 03MAY
2026-01-25 07:17:40 | INFO     | [lf.flight.extracted] SM478 on 03MAY: BKG=0, LF=0.0%
[LF] SM478 03MAY: BKG=0, GRP=0, CAP=175, LF%=0.0%, Brd-Off=JED-CAI
2026-01-25 07:17:43 | INFO     | [lf.flight.extracted] SM476 on 03MAY: BKG=0, LF=0.0%
[LF] SM476 03MAY: BKG=0, GRP=0, CAP=175, LF%=0.0%, Brd-Off=JED-CAI
2026-01-25 07:17:44 | INFO     | [SUCCESS] Day 03MAY
2026-01-25 07:17:44 | INFO     | [DAY_START] Processing 02MAY
[LF] Processing JED-CAI for 02MAY
2026-01-25 07:17:44 | INFO     | [lf.day.start] Processing JED-CAI for 02MAY
[LF] JED↔Cairo route detected - querying both CAI and CCE airports
[LF] Sending SN command: SN02MAYJEDCAI/ASM
[LF] Sending SN command: SN02MAYJEDCCE/ASM
[LF] 02MAY: found 2 direct flights
2026-01-25 07:17:47 | INFO     | [lf.day.flights_found] Found 2 flights on 02MAY
2026-01-25 07:17:49 | INFO     | [lf.flight.extracted] SM478 on 02MAY: BKG=0, LF=0.0%
[LF] SM478 02MAY: BKG=0, GRP=0, CAP=175, LF%=0.0%, Brd-Off=JED-CAI
2026-01-25 07:17:52 | INFO     | [lf.flight.extracted] SM476 on 02MAY: BKG=2, LF=1.1%
[LF] SM476 02MAY: BKG=2, GRP=0, CAP=175, LF%=1.1%, Brd-Off=JED-CAI, Classes: I:2
[LF] Getting WEEKLY/LASTSOLD data for 1 flights
[LF] SM476 02MAY: LASTSOLD=2026-01-15 00:00:00, WEEKLY=0, TODAY=0, YDAY=0
2026-01-25 07:17:54 | INFO     | [SUCCESS] Day 02MAY
2026-01-25 07:17:54 | INFO     | [DAY_START] Processing 01MAY
[LF] Processing JED-CAI for 01MAY
2026-01-25 07:17:54 | INFO     | [lf.day.start] Processing JED-CAI for 01MAY
[LF] JED↔Cairo route detected - querying both CAI and CCE airports
[LF] Sending SN command: SN01MAYJEDCAI/ASM
[LF] Sending SN command: SN01MAYJEDCCE/ASM
[LF] 01MAY: found 4 direct flights
2026-01-25 07:17:56 | INFO     | [lf.day.flights_found] Found 4 flights on 01MAY
2026-01-25 07:17:58 | INFO     | [lf.flight.extracted] SM460 on 01MAY: BKG=1, LF=0.6%
[LF] SM460 01MAY: BKG=1, GRP=0, CAP=167, LF%=0.6%, Brd-Off=JED-CAI, Classes: I:1
2026-01-25 07:18:03 | INFO     | [lf.flight.extracted] SM478 on 01MAY: BKG=1, LF=0.6%
[LF] SM478 01MAY: BKG=1, GRP=0, CAP=175, LF%=0.6%, Brd-Off=JED-CAI, Classes: I:1
2026-01-25 07:18:27 | INFO     | [lf.flight.extracted] SM476 on 01MAY: BKG=0, LF=0.0%
[LF] SM476 01MAY: BKG=0, GRP=0, CAP=167, LF%=0.0%, Brd-Off=JED-CAI
2026-01-25 07:18:31 | INFO     | [lf.flight.extracted] SM480 on 01MAY: BKG=1, LF=0.6%
[LF] SM480 01MAY: BKG=1, GRP=0, CAP=175, LF%=0.6%, Brd-Off=JED-CAI, Classes: I:1
[LF] Getting WEEKLY/LASTSOLD data for 3 flights
[LF] SM460 01MAY: LASTSOLD=2026-01-22 00:00:00, WEEKLY=1, TODAY=0, YDAY=0
[LF] SM478 01MAY: LASTSOLD=2026-01-15 00:00:00, WEEKLY=0, TODAY=0, YDAY=0
[LF] SM480 01MAY: LASTSOLD=2025-11-11 00:00:00, WEEKLY=0, TODAY=0, YDAY=0
2026-01-25 07:18:36 | INFO     | [SUCCESS] Day 01MAY
2026-01-25 07:18:36 | INFO     | [DAY_START] Processing 30APR
[LF] Processing JED-CAI for 30APR
2026-01-25 07:18:36 | INFO     | [lf.day.start] Processing JED-CAI for 30APR
[LF] JED↔Cairo route detected - querying both CAI and CCE airports
[LF] Sending SN command: SN30APRJEDCAI/ASM
[LF] Sending SN command: SN30APRJEDCCE/ASM
[LF] 30APR: found 2 direct flights
2026-01-25 07:18:38 | INFO     | [lf.day.flights_found] Found 2 flights on 30APR
2026-01-25 07:18:40 | INFO     | [lf.flight.extracted] SM478 on 30APR: BKG=3, LF=1.7%
[LF] SM478 30APR: BKG=3, GRP=0, CAP=175, LF%=1.7%, Brd-Off=JED-CAI, Classes: I:3
2026-01-25 07:18:43 | INFO     | [lf.flight.extracted] SM476 on 30APR: BKG=1, LF=0.6%
[LF] SM476 30APR: BKG=1, GRP=0, CAP=175, LF%=0.6%, Brd-Off=JED-CAI, Classes: I:1
[LF] Getting WEEKLY/LASTSOLD data for 2 flights
[LF] SM478 30APR: LASTSOLD=2025-12-22 00:00:00, WEEKLY=0, TODAY=0, YDAY=0
[LF] SM476 30APR: LASTSOLD=2025-12-04 00:00:00, WEEKLY=0, TODAY=0, YDAY=0
2026-01-25 07:18:47 | INFO     | [SUCCESS] Day 30APR
2026-01-25 07:18:47 | INFO     | [DAY_START] Processing 29APR
[LF] Processing JED-CAI for 29APR
2026-01-25 07:18:47 | INFO     | [lf.day.start] Processing JED-CAI for 29APR
[LF] JED↔Cairo route detected - querying both CAI and CCE airports
[LF] Sending SN command: SN29APRJEDCAI/ASM
[LF] Sending SN command: SN29APRJEDCCE/ASM
[LF] 29APR: found 2 direct flights
2026-01-25 07:18:50 | INFO     | [lf.day.flights_found] Found 2 flights on 29APR
2026-01-25 07:18:52 | INFO     | [lf.flight.extracted] SM478 on 29APR: BKG=0, LF=0.0%
[LF] SM478 29APR: BKG=0, GRP=0, CAP=167, LF%=0.0%, Brd-Off=JED-CAI
2026-01-25 07:18:56 | INFO     | [lf.flight.extracted] SM476 on 29APR: BKG=0, LF=0.0%
[LF] SM476 29APR: BKG=0, GRP=0, CAP=175, LF%=0.0%, Brd-Off=JED-CAI
2026-01-25 07:18:57 | INFO     | [SUCCESS] Day 29APR
[LF] Results summary:
  2026-05-06: 2 flights
  2026-05-05: 3 flights
  2026-05-04: 4 flights
  2026-05-03: 2 flights
  2026-05-02: 2 flights
  2026-05-01: 4 flights
  2026-04-30: 2 flights
  2026-04-29: 2 flights
2026-01-25 07:18:57 | INFO     | [SUCCESS] LF Search Complete

============================================================
[Worker_9233] ✓ COMPLETED: JED-CAI
  Results: 8 dates
  Errors: 0 dates
  Total Processed: 14 groups
============================================================

2026-01-25 07:18:57 | INFO     | [Worker_9233] Completed: JED-CAI - 8 results, 0 errors

============================================================
[Worker_9233] Processing: ATZ-AJF
  Tier 0: Range 4, Chunk 4/4
  Dates: 8 days
  Date Range: 2026-05-06 to 2026-04-29
============================================================

2026-01-25 07:18:57 | INFO     | [Worker_9233] Processing: ATZ-AJF
2026-01-25 07:18:57 | INFO     |   Tier 0: Range 4, Chunk 4/4 (8 days)
2026-01-25 07:18:57 | INFO     | ======================================================================
2026-01-25 07:18:57 | INFO     | Load Factor Scraper Started - Route: ATZ-AJF
2026-01-25 07:18:57 | INFO     | Log file: D:\CODERED\LAB\Artifacts\outputs\run_generated_250126_at_07.06\logs\LF_ATZ-AJF_20260125_071857.log
2026-01-25 07:18:57 | INFO     | Enhanced logging: Capturing both logging.info() and print()
2026-01-25 07:18:57 | INFO     | ======================================================================
[LF] Processing dates (override): ['06MAY', '05MAY', '04MAY', '03MAY', '02MAY', '01MAY', '30APR', '29APR']
[LF] Attaching to Chrome for Altea access
2026-01-25 07:18:57 | INFO     | Starting LF search for route: ATZ-AJF
2026-01-25 07:18:57 | INFO     | [START] LF Search
[LF][[OK] SUCCESS] Connected to Chrome on 127.0.0.1:9233 (after 1 attempts)
2026-01-25 07:18:58 | INFO     | [HEALTH CHECK] [OK] Chrome connection is healthy
[LF][[OK] SUCCESS] Found Amadeus Altea window: Altéa Reservation Desktop
[LF][[INFO] INFO] URL: https://tc212.resdesktop.altea.amadeus.com/app_ard/apf/init/login?SITE=ESMPESMP&LANGUAGE=GB&MARKETS=ARDW_PROD_WBP&ACTION=clpLogin
2026-01-25 07:18:58 | INFO     | [DAY_START] Processing 06MAY
[LF] Processing ATZ-AJF for 06MAY
2026-01-25 07:18:58 | INFO     | [lf.day.start] Processing ATZ-AJF for 06MAY
[LF] Sending SN command: SN06MAYATZAJF/ASM
[LF] No direct flights on 06MAY for ATZ-AJF
2026-01-25 07:18:59 | WARNING  | [lf.day.no_flights] No direct flights on 06MAY
2026-01-25 07:18:59 | INFO     | [SUCCESS] Day 06MAY
2026-01-25 07:18:59 | INFO     | [DAY_START] Processing 05MAY
[LF] Processing ATZ-AJF for 05MAY
2026-01-25 07:18:59 | INFO     | [lf.day.start] Processing ATZ-AJF for 05MAY
[LF] Sending SN command: SN05MAYATZAJF/ASM
[LF] No direct flights on 05MAY for ATZ-AJF
2026-01-25 07:19:00 | WARNING  | [lf.day.no_flights] No direct flights on 05MAY
2026-01-25 07:19:00 | INFO     | [SUCCESS] Day 05MAY
2026-01-25 07:19:00 | INFO     | [DAY_START] Processing 04MAY
[LF] Processing ATZ-AJF for 04MAY
2026-01-25 07:19:00 | INFO     | [lf.day.start] Processing ATZ-AJF for 04MAY
[LF] Sending SN command: SN04MAYATZAJF/ASM
[LF] No direct flights on 04MAY for ATZ-AJF
2026-01-25 07:19:01 | WARNING  | [lf.day.no_flights] No direct flights on 04MAY
2026-01-25 07:19:01 | INFO     | [SUCCESS] Day 04MAY
2026-01-25 07:19:01 | INFO     | [DAY_START] Processing 03MAY
[LF] Processing ATZ-AJF for 03MAY
2026-01-25 07:19:01 | INFO     | [lf.day.start] Processing ATZ-AJF for 03MAY
[LF] Sending SN command: SN03MAYATZAJF/ASM
[LF] No direct flights on 03MAY for ATZ-AJF
2026-01-25 07:19:02 | WARNING  | [lf.day.no_flights] No direct flights on 03MAY
2026-01-25 07:19:02 | INFO     | [SUCCESS] Day 03MAY
2026-01-25 07:19:02 | INFO     | [DAY_START] Processing 02MAY
[LF] Processing ATZ-AJF for 02MAY
2026-01-25 07:19:02 | INFO     | [lf.day.start] Processing ATZ-AJF for 02MAY
[LF] Sending SN command: SN02MAYATZAJF/ASM
[LF] No direct flights on 02MAY for ATZ-AJF
2026-01-25 07:19:04 | WARNING  | [lf.day.no_flights] No direct flights on 02MAY
2026-01-25 07:19:04 | INFO     | [SUCCESS] Day 02MAY
2026-01-25 07:19:04 | INFO     | [DAY_START] Processing 01MAY
[LF] Processing ATZ-AJF for 01MAY
2026-01-25 07:19:04 | INFO     | [lf.day.start] Processing ATZ-AJF for 01MAY
[LF] Sending SN command: SN01MAYATZAJF/ASM
[LF] No direct flights on 01MAY for ATZ-AJF
2026-01-25 07:19:05 | WARNING  | [lf.day.no_flights] No direct flights on 01MAY
2026-01-25 07:19:05 | INFO     | [SUCCESS] Day 01MAY
2026-01-25 07:19:05 | INFO     | [DAY_START] Processing 30APR
[LF] Processing ATZ-AJF for 30APR
2026-01-25 07:19:05 | INFO     | [lf.day.start] Processing ATZ-AJF for 30APR
[LF] Sending SN command: SN30APRATZAJF/ASM
[LF] No direct flights on 30APR for ATZ-AJF
2026-01-25 07:19:06 | WARNING  | [lf.day.no_flights] No direct flights on 30APR
2026-01-25 07:19:06 | INFO     | [SUCCESS] Day 30APR
2026-01-25 07:19:06 | INFO     | [DAY_START] Processing 29APR
[LF] Processing ATZ-AJF for 29APR
2026-01-25 07:19:06 | INFO     | [lf.day.start] Processing ATZ-AJF for 29APR
[LF] Sending SN command: SN29APRATZAJF/ASM
[LF] No direct flights on 29APR for ATZ-AJF
2026-01-25 07:19:07 | WARNING  | [lf.day.no_flights] No direct flights on 29APR
2026-01-25 07:19:07 | INFO     | [SUCCESS] Day 29APR
[LF] Results summary:
  2026-05-06: 0 flights
  2026-05-05: 0 flights
  2026-05-04: 0 flights
  2026-05-03: 0 flights
  2026-05-02: 0 flights
  2026-05-01: 0 flights
  2026-04-30: 0 flights
  2026-04-29: 0 flights
2026-01-25 07:19:07 | INFO     | [SUCCESS] LF Search Complete

============================================================
[Worker_9233] ✓ COMPLETED: ATZ-AJF
  Results: 8 dates
  Errors: 0 dates
  Total Processed: 15 groups
============================================================

2026-01-25 07:19:07 | INFO     | [Worker_9233] Completed: ATZ-AJF - 8 results, 0 errors

============================================================
[Worker_9233] Processing: CAI-ELQ
  Tier 0: Range 4, Chunk 4/4
  Dates: 8 days
  Date Range: 2026-05-06 to 2026-04-29
============================================================

2026-01-25 07:19:07 | INFO     | [Worker_9233] Processing: CAI-ELQ
2026-01-25 07:19:07 | INFO     |   Tier 0: Range 4, Chunk 4/4 (8 days)
2026-01-25 07:19:07 | INFO     | ======================================================================
2026-01-25 07:19:07 | INFO     | Load Factor Scraper Started - Route: CAI-ELQ
2026-01-25 07:19:07 | INFO     | Log file: D:\CODERED\LAB\Artifacts\outputs\run_generated_250126_at_07.06\logs\LF_CAI-ELQ_20260125_071907.log
2026-01-25 07:19:07 | INFO     | Enhanced logging: Capturing both logging.info() and print()
2026-01-25 07:19:07 | INFO     | ======================================================================
[LF] Processing dates (override): ['06MAY', '05MAY', '04MAY', '03MAY', '02MAY', '01MAY', '30APR', '29APR']
[LF] Attaching to Chrome for Altea access
2026-01-25 07:19:07 | INFO     | Starting LF search for route: CAI-ELQ
2026-01-25 07:19:07 | INFO     | [START] LF Search
[LF][[OK] SUCCESS] Connected to Chrome on 127.0.0.1:9233 (after 1 attempts)
2026-01-25 07:19:08 | INFO     | [HEALTH CHECK] [OK] Chrome connection is healthy
[LF][[OK] SUCCESS] Found Amadeus Altea window: Altéa Reservation Desktop
[LF][[INFO] INFO] URL: https://tc212.resdesktop.altea.amadeus.com/app_ard/apf/init/login?SITE=ESMPESMP&LANGUAGE=GB&MARKETS=ARDW_PROD_WBP&ACTION=clpLogin
2026-01-25 07:19:08 | INFO     | [DAY_START] Processing 06MAY
[LF] Processing CAI-ELQ for 06MAY
2026-01-25 07:19:08 | INFO     | [lf.day.start] Processing CAI-ELQ for 06MAY
[LF] Sending SN command: SN06MAYCAIELQ/ASM
[LF] 06MAY: found 1 direct flights
2026-01-25 07:19:09 | INFO     | [lf.day.flights_found] Found 1 flights on 06MAY
2026-01-25 07:19:11 | INFO     | [lf.flight.extracted] SM427 on 06MAY: BKG=1, LF=0.6%
[LF] SM427 06MAY: BKG=1, GRP=0, CAP=179, LF%=0.6%, Brd-Off=CAI-ELQ, Classes: I:1
[LF] Getting WEEKLY/LASTSOLD data for 1 flights
[LF] SM427 06MAY: LASTSOLD=2026-01-06 00:00:00, WEEKLY=0, TODAY=0, YDAY=0
2026-01-25 07:19:14 | INFO     | [SUCCESS] Day 06MAY
2026-01-25 07:19:14 | INFO     | [DAY_START] Processing 05MAY
[LF] Processing CAI-ELQ for 05MAY
2026-01-25 07:19:14 | INFO     | [lf.day.start] Processing CAI-ELQ for 05MAY
[LF] Sending SN command: SN05MAYCAIELQ/ASM
[LF] 05MAY: found 1 direct flights
2026-01-25 07:19:15 | INFO     | [lf.day.flights_found] Found 1 flights on 05MAY
2026-01-25 07:19:18 | INFO     | [lf.flight.extracted] SM427 on 05MAY: BKG=1, LF=0.6%
[LF] SM427 05MAY: BKG=1, GRP=0, CAP=179, LF%=0.6%, Brd-Off=CAI-ELQ, Classes: I:1
[LF] Getting WEEKLY/LASTSOLD data for 1 flights
[LF] SM427 05MAY: LASTSOLD=2025-12-22 00:00:00, WEEKLY=0, TODAY=0, YDAY=0
2026-01-25 07:19:20 | INFO     | [SUCCESS] Day 05MAY
2026-01-25 07:19:20 | INFO     | [DAY_START] Processing 04MAY
[LF] Processing CAI-ELQ for 04MAY
2026-01-25 07:19:20 | INFO     | [lf.day.start] Processing CAI-ELQ for 04MAY
[LF] Sending SN command: SN04MAYCAIELQ/ASM
[LF] No direct flights on 04MAY for CAI-ELQ
2026-01-25 07:19:22 | WARNING  | [lf.day.no_flights] No direct flights on 04MAY
2026-01-25 07:19:22 | INFO     | [SUCCESS] Day 04MAY
2026-01-25 07:19:22 | INFO     | [DAY_START] Processing 03MAY
[LF] Processing CAI-ELQ for 03MAY
2026-01-25 07:19:22 | INFO     | [lf.day.start] Processing CAI-ELQ for 03MAY
[LF] Sending SN command: SN03MAYCAIELQ/ASM
[LF] No direct flights on 03MAY for CAI-ELQ
2026-01-25 07:19:23 | WARNING  | [lf.day.no_flights] No direct flights on 03MAY
2026-01-25 07:19:23 | INFO     | [SUCCESS] Day 03MAY
2026-01-25 07:19:23 | INFO     | [DAY_START] Processing 02MAY
[LF] Processing CAI-ELQ for 02MAY
2026-01-25 07:19:23 | INFO     | [lf.day.start] Processing CAI-ELQ for 02MAY
[LF] Sending SN command: SN02MAYCAIELQ/ASM
[LF] No direct flights on 02MAY for CAI-ELQ
2026-01-25 07:19:25 | WARNING  | [lf.day.no_flights] No direct flights on 02MAY
2026-01-25 07:19:25 | INFO     | [SUCCESS] Day 02MAY
2026-01-25 07:19:25 | INFO     | [DAY_START] Processing 01MAY
[LF] Processing CAI-ELQ for 01MAY
2026-01-25 07:19:25 | INFO     | [lf.day.start] Processing CAI-ELQ for 01MAY
[LF] Sending SN command: SN01MAYCAIELQ/ASM
[LF] 01MAY: found 1 direct flights
2026-01-25 07:19:26 | INFO     | [lf.day.flights_found] Found 1 flights on 01MAY
2026-01-25 07:19:28 | INFO     | [lf.flight.extracted] SM427 on 01MAY: BKG=8, LF=4.5%
[LF] SM427 01MAY: BKG=8, GRP=0, CAP=179, LF%=4.5%, Brd-Off=CAI-ELQ, Classes: I:5, O:3
[LF] Getting WEEKLY/LASTSOLD data for 1 flights
[LF] SM427 01MAY: LASTSOLD=2026-01-10 00:00:00, WEEKLY=0, TODAY=0, YDAY=0
2026-01-25 07:19:31 | INFO     | [SUCCESS] Day 01MAY
2026-01-25 07:19:31 | INFO     | [DAY_START] Processing 30APR
[LF] Processing CAI-ELQ for 30APR
2026-01-25 07:19:31 | INFO     | [lf.day.start] Processing CAI-ELQ for 30APR
[LF] Sending SN command: SN30APRCAIELQ/ASM
[LF] No direct flights on 30APR for CAI-ELQ
2026-01-25 07:19:32 | WARNING  | [lf.day.no_flights] No direct flights on 30APR
2026-01-25 07:19:32 | INFO     | [SUCCESS] Day 30APR
2026-01-25 07:19:32 | INFO     | [DAY_START] Processing 29APR
[LF] Processing CAI-ELQ for 29APR
2026-01-25 07:19:32 | INFO     | [lf.day.start] Processing CAI-ELQ for 29APR
[LF] Sending SN command: SN29APRCAIELQ/ASM
[LF] 29APR: found 1 direct flights
2026-01-25 07:19:33 | INFO     | [lf.day.flights_found] Found 1 flights on 29APR
2026-01-25 07:19:35 | INFO     | [lf.flight.extracted] SM427 on 29APR: BKG=5, LF=2.8%
[LF] SM427 29APR: BKG=5, GRP=0, CAP=179, LF%=2.8%, Brd-Off=CAI-ELQ, Classes: I:5
[LF] Getting WEEKLY/LASTSOLD data for 1 flights
[LF] SM427 29APR: LASTSOLD=2026-01-24 00:00:00, WEEKLY=4, TODAY=0, YDAY=1
2026-01-25 07:19:38 | INFO     | [SUCCESS] Day 29APR
[LF] Results summary:
  2026-05-06: 1 flights
  2026-05-05: 1 flights
  2026-05-04: 0 flights
  2026-05-03: 0 flights
  2026-05-02: 0 flights
  2026-05-01: 1 flights
  2026-04-30: 0 flights
  2026-04-29: 1 flights
2026-01-25 07:19:38 | INFO     | [SUCCESS] LF Search Complete

============================================================
[Worker_9233] ✓ COMPLETED: CAI-ELQ
  Results: 8 dates
  Errors: 0 dates
  Total Processed: 16 groups
============================================================

2026-01-25 07:19:38 | INFO     | [Worker_9233] Completed: CAI-ELQ - 8 results, 0 errors

============================================================
[Worker_9233] Processing: JED-LXR
  Tier 0: Range 3, Chunk 1/4
  Dates: 8 days
  Date Range: 2026-04-28 to 2026-04-21
============================================================

2026-01-25 07:19:38 | INFO     | [Worker_9233] Processing: JED-LXR
2026-01-25 07:19:38 | INFO     |   Tier 0: Range 3, Chunk 1/4 (8 days)
2026-01-25 07:19:38 | INFO     | ======================================================================
2026-01-25 07:19:38 | INFO     | Load Factor Scraper Started - Route: JED-LXR
2026-01-25 07:19:38 | INFO     | Log file: D:\CODERED\LAB\Artifacts\outputs\run_generated_250126_at_07.06\logs\LF_JED-LXR_20260125_071938.log
2026-01-25 07:19:38 | INFO     | Enhanced logging: Capturing both logging.info() and print()
2026-01-25 07:19:38 | INFO     | ======================================================================
[LF] Processing dates (override): ['28APR', '27APR', '26APR', '25APR', '24APR', '23APR', '22APR', '21APR']
[LF] Attaching to Chrome for Altea access
2026-01-25 07:19:38 | INFO     | Starting LF search for route: JED-LXR
2026-01-25 07:19:38 | INFO     | [START] LF Search
[LF][[OK] SUCCESS] Connected to Chrome on 127.0.0.1:9233 (after 1 attempts)
2026-01-25 07:19:38 | INFO     | [HEALTH CHECK] [OK] Chrome connection is healthy
[LF][[OK] SUCCESS] Found Amadeus Altea window: Altéa Reservation Desktop
[LF][[INFO] INFO] URL: https://tc212.resdesktop.altea.amadeus.com/app_ard/apf/init/login?SITE=ESMPESMP&LANGUAGE=GB&MARKETS=ARDW_PROD_WBP&ACTION=clpLogin
2026-01-25 07:19:38 | INFO     | [DAY_START] Processing 28APR
[LF] Processing JED-LXR for 28APR
2026-01-25 07:19:38 | INFO     | [lf.day.start] Processing JED-LXR for 28APR
[LF] Sending SN command: SN28APRJEDLXR/ASM
[LF] No direct flights on 28APR for JED-LXR
2026-01-25 07:19:39 | WARNING  | [lf.day.no_flights] No direct flights on 28APR
2026-01-25 07:19:39 | INFO     | [SUCCESS] Day 28APR
2026-01-25 07:19:39 | INFO     | [DAY_START] Processing 27APR
[LF] Processing JED-LXR for 27APR
2026-01-25 07:19:39 | INFO     | [lf.day.start] Processing JED-LXR for 27APR
[LF] Sending SN command: SN27APRJEDLXR/ASM
[LF] No direct flights on 27APR for JED-LXR
2026-01-25 07:19:40 | WARNING  | [lf.day.no_flights] No direct flights on 27APR
2026-01-25 07:19:40 | INFO     | [SUCCESS] Day 27APR
2026-01-25 07:19:40 | INFO     | [DAY_START] Processing 26APR
[LF] Processing JED-LXR for 26APR
2026-01-25 07:19:40 | INFO     | [lf.day.start] Processing JED-LXR for 26APR
[LF] Sending SN command: SN26APRJEDLXR/ASM
[LF] No direct flights on 26APR for JED-LXR
2026-01-25 07:19:42 | WARNING  | [lf.day.no_flights] No direct flights on 26APR
2026-01-25 07:19:42 | INFO     | [SUCCESS] Day 26APR
2026-01-25 07:19:42 | INFO     | [DAY_START] Processing 25APR
[LF] Processing JED-LXR for 25APR
2026-01-25 07:19:42 | INFO     | [lf.day.start] Processing JED-LXR for 25APR
[LF] Sending SN command: SN25APRJEDLXR/ASM
[LF] No direct flights on 25APR for JED-LXR
2026-01-25 07:19:43 | WARNING  | [lf.day.no_flights] No direct flights on 25APR
2026-01-25 07:19:43 | INFO     | [SUCCESS] Day 25APR
2026-01-25 07:19:43 | INFO     | [DAY_START] Processing 24APR
[LF] Processing JED-LXR for 24APR
2026-01-25 07:19:43 | INFO     | [lf.day.start] Processing JED-LXR for 24APR
[LF] Sending SN command: SN24APRJEDLXR/ASM
[LF] No direct flights on 24APR for JED-LXR
2026-01-25 07:19:44 | WARNING  | [lf.day.no_flights] No direct flights on 24APR
2026-01-25 07:19:44 | INFO     | [SUCCESS] Day 24APR
2026-01-25 07:19:44 | INFO     | [DAY_START] Processing 23APR
[LF] Processing JED-LXR for 23APR
2026-01-25 07:19:44 | INFO     | [lf.day.start] Processing JED-LXR for 23APR
[LF] Sending SN command: SN23APRJEDLXR/ASM
[LF] No direct flights on 23APR for JED-LXR
2026-01-25 07:19:45 | WARNING  | [lf.day.no_flights] No direct flights on 23APR
2026-01-25 07:19:45 | INFO     | [SUCCESS] Day 23APR
2026-01-25 07:19:45 | INFO     | [DAY_START] Processing 22APR
[LF] Processing JED-LXR for 22APR
2026-01-25 07:19:45 | INFO     | [lf.day.start] Processing JED-LXR for 22APR
[LF] Sending SN command: SN22APRJEDLXR/ASM
[LF] No direct flights on 22APR for JED-LXR
2026-01-25 07:19:47 | WARNING  | [lf.day.no_flights] No direct flights on 22APR
2026-01-25 07:19:47 | INFO     | [SUCCESS] Day 22APR
2026-01-25 07:19:47 | INFO     | [DAY_START] Processing 21APR
[LF] Processing JED-LXR for 21APR
2026-01-25 07:19:47 | INFO     | [lf.day.start] Processing JED-LXR for 21APR
[LF] Sending SN command: SN21APRJEDLXR/ASM
[LF] No direct flights on 21APR for JED-LXR
2026-01-25 07:19:48 | WARNING  | [lf.day.no_flights] No direct flights on 21APR
2026-01-25 07:19:48 | INFO     | [SUCCESS] Day 21APR
[LF] Results summary:
  2026-04-28: 0 flights
  2026-04-27: 0 flights
  2026-04-26: 0 flights
  2026-04-25: 0 flights
  2026-04-24: 0 flights
  2026-04-23: 0 flights
  2026-04-22: 0 flights
  2026-04-21: 0 flights
2026-01-25 07:19:48 | INFO     | [SUCCESS] LF Search Complete

============================================================
[Worker_9233] ✓ COMPLETED: JED-LXR
  Results: 8 dates
  Errors: 0 dates
  Total Processed: 17 groups
============================================================

2026-01-25 07:19:48 | INFO     | [Worker_9233] Completed: JED-LXR - 8 results, 0 errors

============================================================
[Worker_9233] Processing: DMM-ATZ
  Tier 0: Range 3, Chunk 1/4
  Dates: 8 days
  Date Range: 2026-04-28 to 2026-04-21
============================================================

2026-01-25 07:19:48 | INFO     | [Worker_9233] Processing: DMM-ATZ
2026-01-25 07:19:48 | INFO     |   Tier 0: Range 3, Chunk 1/4 (8 days)
2026-01-25 07:19:48 | INFO     | ======================================================================
2026-01-25 07:19:48 | INFO     | Load Factor Scraper Started - Route: DMM-ATZ
2026-01-25 07:19:48 | INFO     | Log file: D:\CODERED\LAB\Artifacts\outputs\run_generated_250126_at_07.06\logs\LF_DMM-ATZ_20260125_071948.log
2026-01-25 07:19:48 | INFO     | Enhanced logging: Capturing both logging.info() and print()
2026-01-25 07:19:48 | INFO     | ======================================================================
[LF] Processing dates (override): ['28APR', '27APR', '26APR', '25APR', '24APR', '23APR', '22APR', '21APR']
[LF] Attaching to Chrome for Altea access
2026-01-25 07:19:48 | INFO     | Starting LF search for route: DMM-ATZ
2026-01-25 07:19:48 | INFO     | [START] LF Search
[LF][[OK] SUCCESS] Connected to Chrome on 127.0.0.1:9233 (after 1 attempts)
2026-01-25 07:19:48 | INFO     | [HEALTH CHECK] [OK] Chrome connection is healthy
[LF][[OK] SUCCESS] Found Amadeus Altea window: Altéa Reservation Desktop
[LF][[INFO] INFO] URL: https://tc212.resdesktop.altea.amadeus.com/app_ard/apf/init/login?SITE=ESMPESMP&LANGUAGE=GB&MARKETS=ARDW_PROD_WBP&ACTION=clpLogin
2026-01-25 07:19:48 | INFO     | [DAY_START] Processing 28APR
[LF] Processing DMM-ATZ for 28APR
2026-01-25 07:19:48 | INFO     | [lf.day.start] Processing DMM-ATZ for 28APR
[LF] Sending SN command: SN28APRDMMATZ/ASM
[LF] No direct flights on 28APR for DMM-ATZ
2026-01-25 07:19:49 | WARNING  | [lf.day.no_flights] No direct flights on 28APR
2026-01-25 07:19:49 | INFO     | [SUCCESS] Day 28APR
2026-01-25 07:19:49 | INFO     | [DAY_START] Processing 27APR
[LF] Processing DMM-ATZ for 27APR
2026-01-25 07:19:49 | INFO     | [lf.day.start] Processing DMM-ATZ for 27APR
[LF] Sending SN command: SN27APRDMMATZ/ASM
[LF] No direct flights on 27APR for DMM-ATZ
2026-01-25 07:19:51 | WARNING  | [lf.day.no_flights] No direct flights on 27APR
2026-01-25 07:19:51 | INFO     | [SUCCESS] Day 27APR
2026-01-25 07:19:51 | INFO     | [DAY_START] Processing 26APR
[LF] Processing DMM-ATZ for 26APR
2026-01-25 07:19:51 | INFO     | [lf.day.start] Processing DMM-ATZ for 26APR
[LF] Sending SN command: SN26APRDMMATZ/ASM
[LF] No direct flights on 26APR for DMM-ATZ
2026-01-25 07:19:52 | WARNING  | [lf.day.no_flights] No direct flights on 26APR
2026-01-25 07:19:52 | INFO     | [SUCCESS] Day 26APR
2026-01-25 07:19:52 | INFO     | [DAY_START] Processing 25APR
[LF] Processing DMM-ATZ for 25APR
2026-01-25 07:19:52 | INFO     | [lf.day.start] Processing DMM-ATZ for 25APR
[LF] Sending SN command: SN25APRDMMATZ/ASM
[LF] No direct flights on 25APR for DMM-ATZ
2026-01-25 07:19:54 | WARNING  | [lf.day.no_flights] No direct flights on 25APR
2026-01-25 07:19:54 | INFO     | [SUCCESS] Day 25APR
2026-01-25 07:19:54 | INFO     | [DAY_START] Processing 24APR
[LF] Processing DMM-ATZ for 24APR
2026-01-25 07:19:54 | INFO     | [lf.day.start] Processing DMM-ATZ for 24APR
[LF] Sending SN command: SN24APRDMMATZ/ASM
[LF] No direct flights on 24APR for DMM-ATZ
2026-01-25 07:19:56 | WARNING  | [lf.day.no_flights] No direct flights on 24APR
2026-01-25 07:19:56 | INFO     | [SUCCESS] Day 24APR
2026-01-25 07:19:56 | INFO     | [DAY_START] Processing 23APR
[LF] Processing DMM-ATZ for 23APR
2026-01-25 07:19:56 | INFO     | [lf.day.start] Processing DMM-ATZ for 23APR
[LF] Sending SN command: SN23APRDMMATZ/ASM
[LF] No direct flights on 23APR for DMM-ATZ
2026-01-25 07:19:57 | WARNING  | [lf.day.no_flights] No direct flights on 23APR
2026-01-25 07:19:57 | INFO     | [SUCCESS] Day 23APR
2026-01-25 07:19:57 | INFO     | [DAY_START] Processing 22APR
[LF] Processing DMM-ATZ for 22APR
2026-01-25 07:19:57 | INFO     | [lf.day.start] Processing DMM-ATZ for 22APR
[LF] Sending SN command: SN22APRDMMATZ/ASM
[LF] No direct flights on 22APR for DMM-ATZ
2026-01-25 07:19:58 | WARNING  | [lf.day.no_flights] No direct flights on 22APR
2026-01-25 07:19:58 | INFO     | [SUCCESS] Day 22APR
2026-01-25 07:19:58 | INFO     | [DAY_START] Processing 21APR
[LF] Processing DMM-ATZ for 21APR
2026-01-25 07:19:58 | INFO     | [lf.day.start] Processing DMM-ATZ for 21APR
[LF] Sending SN command: SN21APRDMMATZ/ASM
[LF] No direct flights on 21APR for DMM-ATZ
2026-01-25 07:19:59 | WARNING  | [lf.day.no_flights] No direct flights on 21APR
2026-01-25 07:19:59 | INFO     | [SUCCESS] Day 21APR
[LF] Results summary:
  2026-04-28: 0 flights
  2026-04-27: 0 flights
  2026-04-26: 0 flights
  2026-04-25: 0 flights
  2026-04-24: 0 flights
  2026-04-23: 0 flights
  2026-04-22: 0 flights
  2026-04-21: 0 flights
2026-01-25 07:19:59 | INFO     | [SUCCESS] LF Search Complete

============================================================
[Worker_9233] ✓ COMPLETED: DMM-ATZ
  Results: 8 dates
  Errors: 0 dates
  Total Processed: 18 groups
============================================================

2026-01-25 07:19:59 | INFO     | [Worker_9233] Completed: DMM-ATZ - 8 results, 0 errors

============================================================
[Worker_9233] Processing: TUU-ATZ
  Tier 0: Range 3, Chunk 1/4
  Dates: 8 days
  Date Range: 2026-04-28 to 2026-04-21
============================================================

2026-01-25 07:19:59 | INFO     | [Worker_9233] Processing: TUU-ATZ
2026-01-25 07:19:59 | INFO     |   Tier 0: Range 3, Chunk 1/4 (8 days)
2026-01-25 07:19:59 | INFO     | ======================================================================
2026-01-25 07:19:59 | INFO     | Load Factor Scraper Started - Route: TUU-ATZ
2026-01-25 07:19:59 | INFO     | Log file: D:\CODERED\LAB\Artifacts\outputs\run_generated_250126_at_07.06\logs\LF_TUU-ATZ_20260125_071959.log
2026-01-25 07:19:59 | INFO     | Enhanced logging: Capturing both logging.info() and print()
2026-01-25 07:19:59 | INFO     | ======================================================================
[LF] Processing dates (override): ['28APR', '27APR', '26APR', '25APR', '24APR', '23APR', '22APR', '21APR']
[LF] Attaching to Chrome for Altea access
2026-01-25 07:19:59 | INFO     | Starting LF search for route: TUU-ATZ
2026-01-25 07:19:59 | INFO     | [START] LF Search
[LF][[OK] SUCCESS] Connected to Chrome on 127.0.0.1:9233 (after 1 attempts)
2026-01-25 07:20:00 | INFO     | [HEALTH CHECK] [OK] Chrome connection is healthy
[LF][[OK] SUCCESS] Found Amadeus Altea window: Altéa Reservation Desktop
[LF][[INFO] INFO] URL: https://tc212.resdesktop.altea.amadeus.com/app_ard/apf/init/login?SITE=ESMPESMP&LANGUAGE=GB&MARKETS=ARDW_PROD_WBP&ACTION=clpLogin
2026-01-25 07:20:00 | INFO     | [DAY_START] Processing 28APR
[LF] Processing TUU-ATZ for 28APR
2026-01-25 07:20:00 | INFO     | [lf.day.start] Processing TUU-ATZ for 28APR
[LF] Sending SN command: SN28APRTUUATZ/ASM
[LF] No direct flights on 28APR for TUU-ATZ
2026-01-25 07:20:01 | WARNING  | [lf.day.no_flights] No direct flights on 28APR
2026-01-25 07:20:01 | INFO     | [SUCCESS] Day 28APR
2026-01-25 07:20:01 | INFO     | [DAY_START] Processing 27APR
[LF] Processing TUU-ATZ for 27APR
2026-01-25 07:20:01 | INFO     | [lf.day.start] Processing TUU-ATZ for 27APR
[LF] Sending SN command: SN27APRTUUATZ/ASM
[LF] No direct flights on 27APR for TUU-ATZ
2026-01-25 07:20:02 | WARNING  | [lf.day.no_flights] No direct flights on 27APR
2026-01-25 07:20:02 | INFO     | [SUCCESS] Day 27APR
2026-01-25 07:20:02 | INFO     | [DAY_START] Processing 26APR
[LF] Processing TUU-ATZ for 26APR
2026-01-25 07:20:02 | INFO     | [lf.day.start] Processing TUU-ATZ for 26APR
[LF] Sending SN command: SN26APRTUUATZ/ASM
[LF] No direct flights on 26APR for TUU-ATZ
2026-01-25 07:20:03 | WARNING  | [lf.day.no_flights] No direct flights on 26APR
2026-01-25 07:20:03 | INFO     | [SUCCESS] Day 26APR
2026-01-25 07:20:03 | INFO     | [DAY_START] Processing 25APR
[LF] Processing TUU-ATZ for 25APR
2026-01-25 07:20:03 | INFO     | [lf.day.start] Processing TUU-ATZ for 25APR
[LF] Sending SN command: SN25APRTUUATZ/ASM
[LF] No direct flights on 25APR for TUU-ATZ
2026-01-25 07:20:05 | WARNING  | [lf.day.no_flights] No direct flights on 25APR
2026-01-25 07:20:05 | INFO     | [SUCCESS] Day 25APR
2026-01-25 07:20:05 | INFO     | [DAY_START] Processing 24APR
[LF] Processing TUU-ATZ for 24APR
2026-01-25 07:20:05 | INFO     | [lf.day.start] Processing TUU-ATZ for 24APR
[LF] Sending SN command: SN24APRTUUATZ/ASM
[LF] No direct flights on 24APR for TUU-ATZ
2026-01-25 07:20:06 | WARNING  | [lf.day.no_flights] No direct flights on 24APR
2026-01-25 07:20:06 | INFO     | [SUCCESS] Day 24APR
2026-01-25 07:20:06 | INFO     | [DAY_START] Processing 23APR
[LF] Processing TUU-ATZ for 23APR
2026-01-25 07:20:06 | INFO     | [lf.day.start] Processing TUU-ATZ for 23APR
[LF] Sending SN command: SN23APRTUUATZ/ASM
[LF] No direct flights on 23APR for TUU-ATZ
2026-01-25 07:20:07 | WARNING  | [lf.day.no_flights] No direct flights on 23APR
2026-01-25 07:20:07 | INFO     | [SUCCESS] Day 23APR
2026-01-25 07:20:07 | INFO     | [DAY_START] Processing 22APR
[LF] Processing TUU-ATZ for 22APR
2026-01-25 07:20:07 | INFO     | [lf.day.start] Processing TUU-ATZ for 22APR
[LF] Sending SN command: SN22APRTUUATZ/ASM
[LF] No direct flights on 22APR for TUU-ATZ
2026-01-25 07:20:09 | WARNING  | [lf.day.no_flights] No direct flights on 22APR
2026-01-25 07:20:09 | INFO     | [SUCCESS] Day 22APR
2026-01-25 07:20:09 | INFO     | [DAY_START] Processing 21APR
[LF] Processing TUU-ATZ for 21APR
2026-01-25 07:20:09 | INFO     | [lf.day.start] Processing TUU-ATZ for 21APR
[LF] Sending SN command: SN21APRTUUATZ/ASM
[LF] No direct flights on 21APR for TUU-ATZ
2026-01-25 07:20:10 | WARNING  | [lf.day.no_flights] No direct flights on 21APR
2026-01-25 07:20:10 | INFO     | [SUCCESS] Day 21APR
[LF] Results summary:
  2026-04-28: 0 flights
  2026-04-27: 0 flights
  2026-04-26: 0 flights
  2026-04-25: 0 flights
  2026-04-24: 0 flights
  2026-04-23: 0 flights
  2026-04-22: 0 flights
  2026-04-21: 0 flights
2026-01-25 07:20:10 | INFO     | [SUCCESS] LF Search Complete

============================================================
[Worker_9233] ✓ COMPLETED: TUU-ATZ
  Results: 8 dates
  Errors: 0 dates
  Total Processed: 19 groups
============================================================

2026-01-25 07:20:10 | INFO     | [Worker_9233] Completed: TUU-ATZ - 8 results, 0 errors

============================================================
[Worker_9233] Processing: AHB-CAI
  Tier 0: Range 3, Chunk 1/4
  Dates: 8 days
  Date Range: 2026-04-28 to 2026-04-21
============================================================

2026-01-25 07:20:10 | INFO     | [Worker_9233] Processing: AHB-CAI
2026-01-25 07:20:10 | INFO     |   Tier 0: Range 3, Chunk 1/4 (8 days)
2026-01-25 07:20:10 | INFO     | ======================================================================
2026-01-25 07:20:10 | INFO     | Load Factor Scraper Started - Route: AHB-CAI
2026-01-25 07:20:10 | INFO     | Log file: D:\CODERED\LAB\Artifacts\outputs\run_generated_250126_at_07.06\logs\LF_AHB-CAI_20260125_072010.log
2026-01-25 07:20:10 | INFO     | Enhanced logging: Capturing both logging.info() and print()
2026-01-25 07:20:10 | INFO     | ======================================================================
[LF] Processing dates (override): ['28APR', '27APR', '26APR', '25APR', '24APR', '23APR', '22APR', '21APR']
[LF] Attaching to Chrome for Altea access
2026-01-25 07:20:10 | INFO     | Starting LF search for route: AHB-CAI
2026-01-25 07:20:10 | INFO     | [START] LF Search
[LF][[OK] SUCCESS] Connected to Chrome on 127.0.0.1:9233 (after 1 attempts)
2026-01-25 07:20:11 | INFO     | [HEALTH CHECK] [OK] Chrome connection is healthy
[LF][[OK] SUCCESS] Found Amadeus Altea window: Altéa Reservation Desktop
[LF][[INFO] INFO] URL: https://tc212.resdesktop.altea.amadeus.com/app_ard/apf/init/login?SITE=ESMPESMP&LANGUAGE=GB&MARKETS=ARDW_PROD_WBP&ACTION=clpLogin
2026-01-25 07:20:12 | INFO     | [DAY_START] Processing 28APR
[LF] Processing AHB-CAI for 28APR
2026-01-25 07:20:12 | INFO     | [lf.day.start] Processing AHB-CAI for 28APR
[LF] Sending SN command: SN28APRAHBCAI/ASM
[LF] No direct flights on 28APR for AHB-CAI
2026-01-25 07:20:13 | WARNING  | [lf.day.no_flights] No direct flights on 28APR
2026-01-25 07:20:13 | INFO     | [SUCCESS] Day 28APR
2026-01-25 07:20:13 | INFO     | [DAY_START] Processing 27APR
[LF] Processing AHB-CAI for 27APR
2026-01-25 07:20:13 | INFO     | [lf.day.start] Processing AHB-CAI for 27APR
[LF] Sending SN command: SN27APRAHBCAI/ASM
[LF] 27APR: found 1 direct flights
2026-01-25 07:20:14 | INFO     | [lf.day.flights_found] Found 1 flights on 27APR
2026-01-25 07:20:16 | INFO     | [lf.flight.extracted] SM444 on 27APR: BKG=1, LF=0.6%
[LF] SM444 27APR: BKG=1, GRP=0, CAP=175, LF%=0.6%, Brd-Off=AHB-CAI, Classes: I:1
[LF] Getting WEEKLY/LASTSOLD data for 1 flights
[LF] SM444 27APR: LASTSOLD=2025-12-26 00:00:00, WEEKLY=0, TODAY=0, YDAY=0
2026-01-25 07:20:19 | INFO     | [SUCCESS] Day 27APR
2026-01-25 07:20:19 | INFO     | [DAY_START] Processing 26APR
[LF] Processing AHB-CAI for 26APR
2026-01-25 07:20:19 | INFO     | [lf.day.start] Processing AHB-CAI for 26APR
[LF] Sending SN command: SN26APRAHBCAI/ASM
[LF] No direct flights on 26APR for AHB-CAI
2026-01-25 07:20:20 | WARNING  | [lf.day.no_flights] No direct flights on 26APR
2026-01-25 07:20:20 | INFO     | [SUCCESS] Day 26APR
2026-01-25 07:20:20 | INFO     | [DAY_START] Processing 25APR
[LF] Processing AHB-CAI for 25APR
2026-01-25 07:20:20 | INFO     | [lf.day.start] Processing AHB-CAI for 25APR
[LF] Sending SN command: SN25APRAHBCAI/ASM
[LF] 25APR: found 1 direct flights
2026-01-25 07:20:21 | INFO     | [lf.day.flights_found] Found 1 flights on 25APR
2026-01-25 07:20:23 | INFO     | [lf.flight.extracted] SM444 on 25APR: BKG=2, LF=1.1%
[LF] SM444 25APR: BKG=2, GRP=0, CAP=175, LF%=1.1%, Brd-Off=AHB-CAI, Classes: I:2
[LF] Getting WEEKLY/LASTSOLD data for 1 flights
[LF] SM444 25APR: LASTSOLD=2026-01-13 00:00:00, WEEKLY=0, TODAY=0, YDAY=0
2026-01-25 07:20:25 | INFO     | [SUCCESS] Day 25APR
2026-01-25 07:20:25 | INFO     | [DAY_START] Processing 24APR
[LF] Processing AHB-CAI for 24APR
2026-01-25 07:20:25 | INFO     | [lf.day.start] Processing AHB-CAI for 24APR
[LF] Sending SN command: SN24APRAHBCAI/ASM
[LF] No direct flights on 24APR for AHB-CAI
2026-01-25 07:20:26 | WARNING  | [lf.day.no_flights] No direct flights on 24APR
2026-01-25 07:20:26 | INFO     | [SUCCESS] Day 24APR
2026-01-25 07:20:26 | INFO     | [DAY_START] Processing 23APR
[LF] Processing AHB-CAI for 23APR
2026-01-25 07:20:26 | INFO     | [lf.day.start] Processing AHB-CAI for 23APR
[LF] Sending SN command: SN23APRAHBCAI/ASM
[LF] 23APR: found 1 direct flights
2026-01-25 07:20:28 | INFO     | [lf.day.flights_found] Found 1 flights on 23APR
2026-01-25 07:20:30 | INFO     | [lf.flight.extracted] SM444 on 23APR: BKG=2, LF=1.1%
[LF] SM444 23APR: BKG=2, GRP=0, CAP=175, LF%=1.1%, Brd-Off=AHB-CAI, Classes: I:1, X:1
[LF] Getting WEEKLY/LASTSOLD data for 1 flights
[LF] SM444 23APR: LASTSOLD=2025-11-17 00:00:00, WEEKLY=0, TODAY=0, YDAY=0
2026-01-25 07:20:32 | INFO     | [SUCCESS] Day 23APR
2026-01-25 07:20:32 | INFO     | [DAY_START] Processing 22APR
[LF] Processing AHB-CAI for 22APR
2026-01-25 07:20:32 | INFO     | [lf.day.start] Processing AHB-CAI for 22APR
[LF] Sending SN command: SN22APRAHBCAI/ASM
[LF] 22APR: found 1 direct flights
2026-01-25 07:20:34 | INFO     | [lf.day.flights_found] Found 1 flights on 22APR
2026-01-25 07:20:36 | INFO     | [lf.flight.extracted] SM444 on 22APR: BKG=0, LF=0.0%
[LF] SM444 22APR: BKG=0, GRP=0, CAP=167, LF%=0.0%, Brd-Off=AHB-CAI
2026-01-25 07:20:37 | INFO     | [SUCCESS] Day 22APR
2026-01-25 07:20:37 | INFO     | [DAY_START] Processing 21APR
[LF] Processing AHB-CAI for 21APR
2026-01-25 07:20:37 | INFO     | [lf.day.start] Processing AHB-CAI for 21APR
[LF] Sending SN command: SN21APRAHBCAI/ASM
[LF] No direct flights on 21APR for AHB-CAI
2026-01-25 07:20:38 | WARNING  | [lf.day.no_flights] No direct flights on 21APR
2026-01-25 07:20:38 | INFO     | [SUCCESS] Day 21APR
[LF] Results summary:
  2026-04-28: 0 flights
  2026-04-27: 1 flights
  2026-04-26: 0 flights
  2026-04-25: 1 flights
  2026-04-24: 0 flights
  2026-04-23: 1 flights
  2026-04-22: 1 flights
  2026-04-21: 0 flights
2026-01-25 07:20:38 | INFO     | [SUCCESS] LF Search Complete

============================================================
[Worker_9233] ✓ COMPLETED: AHB-CAI
  Results: 8 dates
  Errors: 0 dates
  Total Processed: 20 groups
============================================================

2026-01-25 07:20:38 | INFO     | [Worker_9233] Completed: AHB-CAI - 8 results, 0 errors

============================================================
[Worker_9233] Processing: HBE-JED
  Tier 0: Range 3, Chunk 1/4
  Dates: 8 days
  Date Range: 2026-04-28 to 2026-04-21
============================================================

2026-01-25 07:20:38 | INFO     | [Worker_9233] Processing: HBE-JED
2026-01-25 07:20:38 | INFO     |   Tier 0: Range 3, Chunk 1/4 (8 days)
2026-01-25 07:20:38 | INFO     | ======================================================================
2026-01-25 07:20:38 | INFO     | Load Factor Scraper Started - Route: HBE-JED
2026-01-25 07:20:38 | INFO     | Log file: D:\CODERED\LAB\Artifacts\outputs\run_generated_250126_at_07.06\logs\LF_HBE-JED_20260125_072038.log
2026-01-25 07:20:38 | INFO     | Enhanced logging: Capturing both logging.info() and print()
2026-01-25 07:20:38 | INFO     | ======================================================================
[LF] Processing dates (override): ['28APR', '27APR', '26APR', '25APR', '24APR', '23APR', '22APR', '21APR']
[LF] Attaching to Chrome for Altea access
2026-01-25 07:20:38 | INFO     | Starting LF search for route: HBE-JED
2026-01-25 07:20:38 | INFO     | [START] LF Search
[LF][[OK] SUCCESS] Connected to Chrome on 127.0.0.1:9233 (after 1 attempts)
2026-01-25 07:20:39 | INFO     | [HEALTH CHECK] [OK] Chrome connection is healthy
[LF][[OK] SUCCESS] Found Amadeus Altea window: Altéa Reservation Desktop
[LF][[INFO] INFO] URL: https://tc212.resdesktop.altea.amadeus.com/app_ard/apf/init/login?SITE=ESMPESMP&LANGUAGE=GB&MARKETS=ARDW_PROD_WBP&ACTION=clpLogin
2026-01-25 07:20:39 | INFO     | [DAY_START] Processing 28APR
[LF] Processing HBE-JED for 28APR
2026-01-25 07:20:39 | INFO     | [lf.day.start] Processing HBE-JED for 28APR
[LF] Sending SN command: SN28APRHBEJED/ASM
[LF] No direct flights on 28APR for HBE-JED
2026-01-25 07:20:40 | WARNING  | [lf.day.no_flights] No direct flights on 28APR
2026-01-25 07:20:40 | INFO     | [SUCCESS] Day 28APR
2026-01-25 07:20:40 | INFO     | [DAY_START] Processing 27APR
[LF] Processing HBE-JED for 27APR
2026-01-25 07:20:40 | INFO     | [lf.day.start] Processing HBE-JED for 27APR
[LF] Sending SN command: SN27APRHBEJED/ASM
[LF] 27APR: found 1 direct flights
2026-01-25 07:20:41 | INFO     | [lf.day.flights_found] Found 1 flights on 27APR
2026-01-25 07:20:43 | INFO     | [lf.flight.extracted] SM451 on 27APR: BKG=1, LF=0.6%
[LF] SM451 27APR: BKG=1, GRP=0, CAP=179, LF%=0.6%, Brd-Off=HBE-JED, Classes: I:1
[LF] Getting WEEKLY/LASTSOLD data for 1 flights
[LF] SM451 27APR: LASTSOLD=2025-12-14 00:00:00, WEEKLY=0, TODAY=0, YDAY=0
2026-01-25 07:20:46 | INFO     | [SUCCESS] Day 27APR
2026-01-25 07:20:46 | INFO     | [DAY_START] Processing 26APR
[LF] Processing HBE-JED for 26APR
2026-01-25 07:20:46 | INFO     | [lf.day.start] Processing HBE-JED for 26APR
[LF] Sending SN command: SN26APRHBEJED/ASM
[LF] 26APR: found 1 direct flights
2026-01-25 07:20:47 | INFO     | [lf.day.flights_found] Found 1 flights on 26APR
2026-01-25 07:20:49 | INFO     | [lf.flight.extracted] SM451 on 26APR: BKG=2, LF=1.1%
[LF] SM451 26APR: BKG=2, GRP=0, CAP=179, LF%=1.1%, Brd-Off=HBE-JED, Classes: I:2
[LF] Getting WEEKLY/LASTSOLD data for 1 flights
[LF] SM451 26APR: LASTSOLD=2025-12-07 00:00:00, WEEKLY=0, TODAY=0, YDAY=0
2026-01-25 07:20:52 | INFO     | [SUCCESS] Day 26APR
2026-01-25 07:20:52 | INFO     | [DAY_START] Processing 25APR
[LF] Processing HBE-JED for 25APR
2026-01-25 07:20:52 | INFO     | [lf.day.start] Processing HBE-JED for 25APR
[LF] Sending SN command: SN25APRHBEJED/ASM
[LF] 25APR: found 1 direct flights
2026-01-25 07:20:53 | INFO     | [lf.day.flights_found] Found 1 flights on 25APR
2026-01-25 07:20:55 | INFO     | [lf.flight.extracted] SM451 on 25APR: BKG=6, LF=3.4%
[LF] SM451 25APR: BKG=6, GRP=0, CAP=179, LF%=3.4%, Brd-Off=HBE-JED, Classes: I:6
[LF] Getting WEEKLY/LASTSOLD data for 1 flights
[LF] SM451 25APR: LASTSOLD=2025-12-28 00:00:00, WEEKLY=0, TODAY=0, YDAY=0
2026-01-25 07:20:57 | INFO     | [SUCCESS] Day 25APR
2026-01-25 07:20:57 | INFO     | [DAY_START] Processing 24APR
[LF] Processing HBE-JED for 24APR
2026-01-25 07:20:57 | INFO     | [lf.day.start] Processing HBE-JED for 24APR
[LF] Sending SN command: SN24APRHBEJED/ASM
[LF] No direct flights on 24APR for HBE-JED
2026-01-25 07:20:59 | WARNING  | [lf.day.no_flights] No direct flights on 24APR
2026-01-25 07:20:59 | INFO     | [SUCCESS] Day 24APR
2026-01-25 07:20:59 | INFO     | [DAY_START] Processing 23APR
[LF] Processing HBE-JED for 23APR
2026-01-25 07:20:59 | INFO     | [lf.day.start] Processing HBE-JED for 23APR
[LF] Sending SN command: SN23APRHBEJED/ASM
[LF] 23APR: found 1 direct flights
2026-01-25 07:21:00 | INFO     | [lf.day.flights_found] Found 1 flights on 23APR
2026-01-25 07:21:02 | INFO     | [lf.flight.extracted] SM451 on 23APR: BKG=2, LF=1.1%
[LF] SM451 23APR: BKG=2, GRP=0, CAP=179, LF%=1.1%, Brd-Off=HBE-JED, Classes: I:2
[LF] Getting WEEKLY/LASTSOLD data for 1 flights
[LF] SM451 23APR: LASTSOLD=2026-01-11 00:00:00, WEEKLY=0, TODAY=0, YDAY=0
2026-01-25 07:21:04 | INFO     | [SUCCESS] Day 23APR
2026-01-25 07:21:04 | INFO     | [DAY_START] Processing 22APR
[LF] Processing HBE-JED for 22APR
2026-01-25 07:21:04 | INFO     | [lf.day.start] Processing HBE-JED for 22APR
[LF] Sending SN command: SN22APRHBEJED/ASM
[LF] 22APR: found 1 direct flights
2026-01-25 07:21:06 | INFO     | [lf.day.flights_found] Found 1 flights on 22APR
2026-01-25 07:21:08 | INFO     | [lf.flight.extracted] SM451 on 22APR: BKG=2, LF=1.1%
[LF] SM451 22APR: BKG=2, GRP=0, CAP=179, LF%=1.1%, Brd-Off=HBE-JED, Classes: I:2
[LF] Getting WEEKLY/LASTSOLD data for 1 flights
[LF] SM451 22APR: LASTSOLD=2026-01-21 00:00:00, WEEKLY=2, TODAY=0, YDAY=0
2026-01-25 07:21:10 | INFO     | [SUCCESS] Day 22APR
2026-01-25 07:21:10 | INFO     | [DAY_START] Processing 21APR
[LF] Processing HBE-JED for 21APR
2026-01-25 07:21:10 | INFO     | [lf.day.start] Processing HBE-JED for 21APR
[LF] Sending SN command: SN21APRHBEJED/ASM
[LF] No direct flights on 21APR for HBE-JED
2026-01-25 07:21:11 | WARNING  | [lf.day.no_flights] No direct flights on 21APR
2026-01-25 07:21:11 | INFO     | [SUCCESS] Day 21APR
[LF] Results summary:
  2026-04-28: 0 flights
  2026-04-27: 1 flights
  2026-04-26: 1 flights
  2026-04-25: 1 flights
  2026-04-24: 0 flights
  2026-04-23: 1 flights
  2026-04-22: 1 flights
  2026-04-21: 0 flights
2026-01-25 07:21:11 | INFO     | [SUCCESS] LF Search Complete

============================================================
[Worker_9233] ✓ COMPLETED: HBE-JED
  Results: 8 dates
  Errors: 0 dates
  Total Processed: 21 groups
============================================================

2026-01-25 07:21:11 | INFO     | [Worker_9233] Completed: HBE-JED - 8 results, 0 errors

============================================================
[Worker_9233] Processing: CAI-YNB
  Tier 0: Range 3, Chunk 1/4
  Dates: 8 days
  Date Range: 2026-04-28 to 2026-04-21
============================================================

2026-01-25 07:21:11 | INFO     | [Worker_9233] Processing: CAI-YNB
2026-01-25 07:21:11 | INFO     |   Tier 0: Range 3, Chunk 1/4 (8 days)
2026-01-25 07:21:11 | INFO     | ======================================================================
2026-01-25 07:21:11 | INFO     | Load Factor Scraper Started - Route: CAI-YNB
2026-01-25 07:21:11 | INFO     | Log file: D:\CODERED\LAB\Artifacts\outputs\run_generated_250126_at_07.06\logs\LF_CAI-YNB_20260125_072111.log
2026-01-25 07:21:11 | INFO     | Enhanced logging: Capturing both logging.info() and print()
2026-01-25 07:21:11 | INFO     | ======================================================================
[LF] Processing dates (override): ['28APR', '27APR', '26APR', '25APR', '24APR', '23APR', '22APR', '21APR']
[LF] Attaching to Chrome for Altea access
2026-01-25 07:21:11 | INFO     | Starting LF search for route: CAI-YNB
2026-01-25 07:21:11 | INFO     | [START] LF Search
[LF][[OK] SUCCESS] Connected to Chrome on 127.0.0.1:9233 (after 1 attempts)
2026-01-25 07:21:12 | INFO     | [HEALTH CHECK] [OK] Chrome connection is healthy
[LF][[OK] SUCCESS] Found Amadeus Altea window: Altéa Reservation Desktop
[LF][[INFO] INFO] URL: https://tc212.resdesktop.altea.amadeus.com/app_ard/apf/init/login?SITE=ESMPESMP&LANGUAGE=GB&MARKETS=ARDW_PROD_WBP&ACTION=clpLogin
2026-01-25 07:21:12 | INFO     | [DAY_START] Processing 28APR
[LF] Processing CAI-YNB for 28APR
2026-01-25 07:21:12 | INFO     | [lf.day.start] Processing CAI-YNB for 28APR
[LF] Sending SN command: SN28APRCAIYNB/ASM
[LF] 28APR: found 1 direct flights
2026-01-25 07:21:13 | INFO     | [lf.day.flights_found] Found 1 flights on 28APR
2026-01-25 07:21:15 | INFO     | [lf.flight.extracted] SM441 on 28APR: BKG=0, LF=0.0%
[LF] SM441 28APR: BKG=0, GRP=0, CAP=179, LF%=0.0%, Brd-Off=CAI-YNB
2026-01-25 07:21:17 | INFO     | [SUCCESS] Day 28APR
2026-01-25 07:21:17 | INFO     | [DAY_START] Processing 27APR
[LF] Processing CAI-YNB for 27APR
2026-01-25 07:21:17 | INFO     | [lf.day.start] Processing CAI-YNB for 27APR
[LF] Sending SN command: SN27APRCAIYNB/ASM
[LF] 27APR: found 1 direct flights
2026-01-25 07:21:18 | INFO     | [lf.day.flights_found] Found 1 flights on 27APR
2026-01-25 07:21:20 | INFO     | [lf.flight.extracted] SM441 on 27APR: BKG=1, LF=0.6%
[LF] SM441 27APR: BKG=1, GRP=0, CAP=179, LF%=0.6%, Brd-Off=CAI-YNB, Classes: I:1
[LF] Getting WEEKLY/LASTSOLD data for 1 flights
[LF] SM441 27APR: LASTSOLD=2026-01-06 00:00:00, WEEKLY=0, TODAY=0, YDAY=0
2026-01-25 07:21:23 | INFO     | [SUCCESS] Day 27APR
2026-01-25 07:21:23 | INFO     | [DAY_START] Processing 26APR
[LF] Processing CAI-YNB for 26APR
2026-01-25 07:21:23 | INFO     | [lf.day.start] Processing CAI-YNB for 26APR
[LF] Sending SN command: SN26APRCAIYNB/ASM
[LF] 26APR: found 1 direct flights
2026-01-25 07:21:24 | INFO     | [lf.day.flights_found] Found 1 flights on 26APR
2026-01-25 07:21:26 | INFO     | [lf.flight.extracted] SM441 on 26APR: BKG=0, LF=0.0%
[LF] SM441 26APR: BKG=0, GRP=0, CAP=179, LF%=0.0%, Brd-Off=CAI-YNB
2026-01-25 07:21:27 | INFO     | [SUCCESS] Day 26APR
2026-01-25 07:21:27 | INFO     | [DAY_START] Processing 25APR
[LF] Processing CAI-YNB for 25APR
2026-01-25 07:21:27 | INFO     | [lf.day.start] Processing CAI-YNB for 25APR
[LF] Sending SN command: SN25APRCAIYNB/ASM
[LF] 25APR: found 1 direct flights
2026-01-25 07:21:29 | INFO     | [lf.day.flights_found] Found 1 flights on 25APR
2026-01-25 07:21:30 | INFO     | [lf.flight.extracted] SM447 on 25APR: BKG=1, LF=0.6%
[LF] SM447 25APR: BKG=1, GRP=0, CAP=179, LF%=0.6%, Brd-Off=CAI-YNB, Classes: I:1
[LF] Getting WEEKLY/LASTSOLD data for 1 flights
[LF] SM447 25APR: LASTSOLD=2025-12-22 00:00:00, WEEKLY=0, TODAY=0, YDAY=0
2026-01-25 07:21:33 | INFO     | [SUCCESS] Day 25APR
2026-01-25 07:21:33 | INFO     | [DAY_START] Processing 24APR
[LF] Processing CAI-YNB for 24APR
2026-01-25 07:21:33 | INFO     | [lf.day.start] Processing CAI-YNB for 24APR
[LF] Sending SN command: SN24APRCAIYNB/ASM
[LF] 24APR: found 1 direct flights
2026-01-25 07:21:34 | INFO     | [lf.day.flights_found] Found 1 flights on 24APR
2026-01-25 07:21:36 | INFO     | [lf.flight.extracted] SM441 on 24APR: BKG=4, LF=2.2%
[LF] SM441 24APR: BKG=4, GRP=0, CAP=179, LF%=2.2%, Brd-Off=CAI-YNB, Classes: I:4
[LF] Getting WEEKLY/LASTSOLD data for 1 flights
[LF] SM441 24APR: LASTSOLD=2026-01-21 00:00:00, WEEKLY=1, TODAY=0, YDAY=0
2026-01-25 07:21:39 | INFO     | [SUCCESS] Day 24APR
2026-01-25 07:21:39 | INFO     | [DAY_START] Processing 23APR
[LF] Processing CAI-YNB for 23APR
2026-01-25 07:21:39 | INFO     | [lf.day.start] Processing CAI-YNB for 23APR
[LF] Sending SN command: SN23APRCAIYNB/ASM
[LF] 23APR: found 1 direct flights
2026-01-25 07:21:41 | INFO     | [lf.day.flights_found] Found 1 flights on 23APR
2026-01-25 07:21:43 | INFO     | [lf.flight.extracted] SM441 on 23APR: BKG=4, LF=2.2%
[LF] SM441 23APR: BKG=4, GRP=0, CAP=179, LF%=2.2%, Brd-Off=CAI-YNB, Classes: I:4
[LF] Getting WEEKLY/LASTSOLD data for 1 flights
[LF] SM441 23APR: LASTSOLD=2026-01-15 00:00:00, WEEKLY=0, TODAY=0, YDAY=0
2026-01-25 07:21:45 | INFO     | [SUCCESS] Day 23APR
2026-01-25 07:21:45 | INFO     | [DAY_START] Processing 22APR
[LF] Processing CAI-YNB for 22APR
2026-01-25 07:21:45 | INFO     | [lf.day.start] Processing CAI-YNB for 22APR
[LF] Sending SN command: SN22APRCAIYNB/ASM
[LF] 22APR: found 1 direct flights
2026-01-25 07:21:46 | INFO     | [lf.day.flights_found] Found 1 flights on 22APR
2026-01-25 07:21:48 | INFO     | [lf.flight.extracted] SM441 on 22APR: BKG=7, LF=3.9%
[LF] SM441 22APR: BKG=7, GRP=0, CAP=179, LF%=3.9%, Brd-Off=CAI-YNB, Classes: I:7
[LF] Getting WEEKLY/LASTSOLD data for 1 flights
[LF] SM441 22APR: LASTSOLD=2026-01-21 00:00:00, WEEKLY=1, TODAY=0, YDAY=0
2026-01-25 07:21:52 | INFO     | [SUCCESS] Day 22APR
2026-01-25 07:21:52 | INFO     | [DAY_START] Processing 21APR
[LF] Processing CAI-YNB for 21APR
2026-01-25 07:21:52 | INFO     | [lf.day.start] Processing CAI-YNB for 21APR
[LF] Sending SN command: SN21APRCAIYNB/ASM
[LF] 21APR: found 1 direct flights
2026-01-25 07:21:53 | INFO     | [lf.day.flights_found] Found 1 flights on 21APR
2026-01-25 07:21:55 | INFO     | [lf.flight.extracted] SM441 on 21APR: BKG=11, LF=6.2%
[LF] SM441 21APR: BKG=11, GRP=0, CAP=179, LF%=6.2%, Brd-Off=CAI-YNB, Classes: I:9, O:2
[LF] Getting WEEKLY/LASTSOLD data for 1 flights
[LF] SM441 21APR: LASTSOLD=2026-01-22 00:00:00, WEEKLY=1, TODAY=0, YDAY=0
2026-01-25 07:21:58 | INFO     | [SUCCESS] Day 21APR
[LF] Results summary:
  2026-04-28: 1 flights
  2026-04-27: 1 flights
  2026-04-26: 1 flights
  2026-04-25: 1 flights
  2026-04-24: 1 flights
  2026-04-23: 1 flights
  2026-04-22: 1 flights
  2026-04-21: 1 flights
2026-01-25 07:21:58 | INFO     | [SUCCESS] LF Search Complete

============================================================
[Worker_9233] ✓ COMPLETED: CAI-YNB
  Results: 8 dates
  Errors: 0 dates
  Total Processed: 22 groups
============================================================

2026-01-25 07:21:58 | INFO     | [Worker_9233] Completed: CAI-YNB - 8 results, 0 errors

============================================================
[Worker_9233] Processing: RUH-CAI
  Tier 0: Range 3, Chunk 2/4
  Dates: 8 days
  Date Range: 2026-04-20 to 2026-04-13
============================================================

2026-01-25 07:21:58 | INFO     | [Worker_9233] Processing: RUH-CAI
2026-01-25 07:21:58 | INFO     |   Tier 0: Range 3, Chunk 2/4 (8 days)
2026-01-25 07:21:58 | INFO     | ======================================================================
2026-01-25 07:21:58 | INFO     | Load Factor Scraper Started - Route: RUH-CAI
2026-01-25 07:21:58 | INFO     | Log file: D:\CODERED\LAB\Artifacts\outputs\run_generated_250126_at_07.06\logs\LF_RUH-CAI_20260125_072158.log
2026-01-25 07:21:58 | INFO     | Enhanced logging: Capturing both logging.info() and print()
2026-01-25 07:21:58 | INFO     | ======================================================================
[LF] Processing dates (override): ['20APR', '19APR', '18APR', '17APR', '16APR', '15APR', '14APR', '13APR']
[LF] Attaching to Chrome for Altea access
2026-01-25 07:21:58 | INFO     | Starting LF search for route: RUH-CAI
2026-01-25 07:21:58 | INFO     | [START] LF Search
[LF][[OK] SUCCESS] Connected to Chrome on 127.0.0.1:9233 (after 1 attempts)
2026-01-25 07:21:58 | INFO     | [HEALTH CHECK] [OK] Chrome connection is healthy
[LF][[OK] SUCCESS] Found Amadeus Altea window: Altéa Reservation Desktop
[LF][[INFO] INFO] URL: https://tc212.resdesktop.altea.amadeus.com/app_ard/apf/init/login?SITE=ESMPESMP&LANGUAGE=GB&MARKETS=ARDW_PROD_WBP&ACTION=clpLogin
2026-01-25 07:21:58 | INFO     | [DAY_START] Processing 20APR
[LF] Processing RUH-CAI for 20APR
2026-01-25 07:21:58 | INFO     | [lf.day.start] Processing RUH-CAI for 20APR
[LF] Sending SN command: SN20APRRUHCAI/ASM
[LF] 20APR: found 1 direct flights
2026-01-25 07:21:59 | INFO     | [lf.day.flights_found] Found 1 flights on 20APR
2026-01-25 07:22:01 | INFO     | [lf.flight.extracted] SM462 on 20APR: BKG=0, LF=0.0%
[LF] SM462 20APR: BKG=0, GRP=0, CAP=167, LF%=0.0%, Brd-Off=RUH-CAI
2026-01-25 07:22:03 | INFO     | [SUCCESS] Day 20APR
2026-01-25 07:22:03 | INFO     | [DAY_START] Processing 19APR
[LF] Processing RUH-CAI for 19APR
2026-01-25 07:22:03 | INFO     | [lf.day.start] Processing RUH-CAI for 19APR
[LF] Sending SN command: SN19APRRUHCAI/ASM
[LF] 19APR: found 1 direct flights
2026-01-25 07:22:04 | INFO     | [lf.day.flights_found] Found 1 flights on 19APR
2026-01-25 07:22:06 | INFO     | [lf.flight.extracted] SM462 on 19APR: BKG=0, LF=0.0%
[LF] SM462 19APR: BKG=0, GRP=0, CAP=167, LF%=0.0%, Brd-Off=RUH-CAI
2026-01-25 07:22:07 | INFO     | [SUCCESS] Day 19APR
2026-01-25 07:22:07 | INFO     | [DAY_START] Processing 18APR
[LF] Processing RUH-CAI for 18APR
2026-01-25 07:22:07 | INFO     | [lf.day.start] Processing RUH-CAI for 18APR
[LF] Sending SN command: SN18APRRUHCAI/ASM
[LF] 18APR: found 1 direct flights
2026-01-25 07:22:09 | INFO     | [lf.day.flights_found] Found 1 flights on 18APR
2026-01-25 07:22:10 | INFO     | [lf.flight.extracted] SM462 on 18APR: BKG=0, LF=0.0%
[LF] SM462 18APR: BKG=0, GRP=0, CAP=167, LF%=0.0%, Brd-Off=RUH-CAI
2026-01-25 07:22:12 | INFO     | [SUCCESS] Day 18APR
2026-01-25 07:22:12 | INFO     | [DAY_START] Processing 17APR
[LF] Processing RUH-CAI for 17APR
2026-01-25 07:22:12 | INFO     | [lf.day.start] Processing RUH-CAI for 17APR
[LF] Sending SN command: SN17APRRUHCAI/ASM
[LF] 17APR: found 1 direct flights
2026-01-25 07:22:13 | INFO     | [lf.day.flights_found] Found 1 flights on 17APR
2026-01-25 07:22:15 | INFO     | [lf.flight.extracted] SM462 on 17APR: BKG=0, LF=0.0%
[LF] SM462 17APR: BKG=0, GRP=0, CAP=167, LF%=0.0%, Brd-Off=RUH-CAI
2026-01-25 07:22:16 | INFO     | [SUCCESS] Day 17APR
2026-01-25 07:22:16 | INFO     | [DAY_START] Processing 16APR
[LF] Processing RUH-CAI for 16APR
2026-01-25 07:22:16 | INFO     | [lf.day.start] Processing RUH-CAI for 16APR
[LF] Sending SN command: SN16APRRUHCAI/ASM
[LF] 16APR: found 1 direct flights
2026-01-25 07:22:17 | INFO     | [lf.day.flights_found] Found 1 flights on 16APR
2026-01-25 07:22:19 | INFO     | [lf.flight.extracted] SM462 on 16APR: BKG=0, LF=0.0%
[LF] SM462 16APR: BKG=0, GRP=0, CAP=167, LF%=0.0%, Brd-Off=RUH-CAI
2026-01-25 07:22:20 | INFO     | [SUCCESS] Day 16APR
2026-01-25 07:22:20 | INFO     | [DAY_START] Processing 15APR
[LF] Processing RUH-CAI for 15APR
2026-01-25 07:22:20 | INFO     | [lf.day.start] Processing RUH-CAI for 15APR
[LF] Sending SN command: SN15APRRUHCAI/ASM
[LF] 15APR: found 1 direct flights
2026-01-25 07:22:22 | INFO     | [lf.day.flights_found] Found 1 flights on 15APR
2026-01-25 07:22:23 | INFO     | [lf.flight.extracted] SM462 on 15APR: BKG=0, LF=0.0%
[LF] SM462 15APR: BKG=0, GRP=0, CAP=167, LF%=0.0%, Brd-Off=RUH-CAI
2026-01-25 07:22:25 | INFO     | [SUCCESS] Day 15APR
2026-01-25 07:22:25 | INFO     | [DAY_START] Processing 14APR
[LF] Processing RUH-CAI for 14APR
2026-01-25 07:22:25 | INFO     | [lf.day.start] Processing RUH-CAI for 14APR
[LF] Sending SN command: SN14APRRUHCAI/ASM
[LF] 14APR: found 1 direct flights
2026-01-25 07:22:26 | INFO     | [lf.day.flights_found] Found 1 flights on 14APR
2026-01-25 07:22:28 | INFO     | [lf.flight.extracted] SM462 on 14APR: BKG=0, LF=0.0%
[LF] SM462 14APR: BKG=0, GRP=0, CAP=167, LF%=0.0%, Brd-Off=RUH-CAI
2026-01-25 07:22:29 | INFO     | [SUCCESS] Day 14APR
2026-01-25 07:22:29 | INFO     | [DAY_START] Processing 13APR
[LF] Processing RUH-CAI for 13APR
2026-01-25 07:22:29 | INFO     | [lf.day.start] Processing RUH-CAI for 13APR
[LF] Sending SN command: SN13APRRUHCAI/ASM
[LF] 13APR: found 1 direct flights
2026-01-25 07:22:30 | INFO     | [lf.day.flights_found] Found 1 flights on 13APR
2026-01-25 07:22:32 | INFO     | [lf.flight.extracted] SM462 on 13APR: BKG=0, LF=0.0%
[LF] SM462 13APR: BKG=0, GRP=0, CAP=167, LF%=0.0%, Brd-Off=RUH-CAI
2026-01-25 07:22:34 | INFO     | [SUCCESS] Day 13APR
[LF] Results summary:
  2026-04-20: 1 flights
  2026-04-19: 1 flights
  2026-04-18: 1 flights
  2026-04-17: 1 flights
  2026-04-16: 1 flights
  2026-04-15: 1 flights
  2026-04-14: 1 flights
  2026-04-13: 1 flights
2026-01-25 07:22:34 | INFO     | [SUCCESS] LF Search Complete

============================================================
[Worker_9233] ✓ COMPLETED: RUH-CAI
  Results: 8 dates
  Errors: 0 dates
  Total Processed: 23 groups
============================================================

2026-01-25 07:22:34 | INFO     | [Worker_9233] Completed: RUH-CAI - 8 results, 0 errors

============================================================
[Worker_9233] Processing: AJF-ATZ
  Tier 0: Range 3, Chunk 2/4
  Dates: 8 days
  Date Range: 2026-04-20 to 2026-04-13
============================================================

2026-01-25 07:22:34 | INFO     | [Worker_9233] Processing: AJF-ATZ
2026-01-25 07:22:34 | INFO     |   Tier 0: Range 3, Chunk 2/4 (8 days)
2026-01-25 07:22:34 | INFO     | ======================================================================
2026-01-25 07:22:34 | INFO     | Load Factor Scraper Started - Route: AJF-ATZ
2026-01-25 07:22:34 | INFO     | Log file: D:\CODERED\LAB\Artifacts\outputs\run_generated_250126_at_07.06\logs\LF_AJF-ATZ_20260125_072234.log
2026-01-25 07:22:34 | INFO     | Enhanced logging: Capturing both logging.info() and print()
2026-01-25 07:22:34 | INFO     | ======================================================================
[LF] Processing dates (override): ['20APR', '19APR', '18APR', '17APR', '16APR', '15APR', '14APR', '13APR']
[LF] Attaching to Chrome for Altea access
2026-01-25 07:22:34 | INFO     | Starting LF search for route: AJF-ATZ
2026-01-25 07:22:34 | INFO     | [START] LF Search
[LF][[OK] SUCCESS] Connected to Chrome on 127.0.0.1:9233 (after 1 attempts)
2026-01-25 07:22:35 | INFO     | [HEALTH CHECK] [OK] Chrome connection is healthy
[LF][[OK] SUCCESS] Found Amadeus Altea window: Altéa Reservation Desktop
[LF][[INFO] INFO] URL: https://tc212.resdesktop.altea.amadeus.com/app_ard/apf/init/login?SITE=ESMPESMP&LANGUAGE=GB&MARKETS=ARDW_PROD_WBP&ACTION=clpLogin
2026-01-25 07:22:35 | INFO     | [DAY_START] Processing 20APR
[LF] Processing AJF-ATZ for 20APR
2026-01-25 07:22:35 | INFO     | [lf.day.start] Processing AJF-ATZ for 20APR
[LF] Sending SN command: SN20APRAJFATZ/ASM
[LF] No direct flights on 20APR for AJF-ATZ
2026-01-25 07:22:36 | WARNING  | [lf.day.no_flights] No direct flights on 20APR
2026-01-25 07:22:36 | INFO     | [SUCCESS] Day 20APR
2026-01-25 07:22:36 | INFO     | [DAY_START] Processing 19APR
[LF] Processing AJF-ATZ for 19APR
2026-01-25 07:22:36 | INFO     | [lf.day.start] Processing AJF-ATZ for 19APR
[LF] Sending SN command: SN19APRAJFATZ/ASM
[LF] No direct flights on 19APR for AJF-ATZ
2026-01-25 07:22:37 | WARNING  | [lf.day.no_flights] No direct flights on 19APR
2026-01-25 07:22:37 | INFO     | [SUCCESS] Day 19APR
2026-01-25 07:22:37 | INFO     | [DAY_START] Processing 18APR
[LF] Processing AJF-ATZ for 18APR
2026-01-25 07:22:37 | INFO     | [lf.day.start] Processing AJF-ATZ for 18APR
[LF] Sending SN command: SN18APRAJFATZ/ASM
[LF] No direct flights on 18APR for AJF-ATZ
2026-01-25 07:22:39 | WARNING  | [lf.day.no_flights] No direct flights on 18APR
2026-01-25 07:22:39 | INFO     | [SUCCESS] Day 18APR
2026-01-25 07:22:39 | INFO     | [DAY_START] Processing 17APR
[LF] Processing AJF-ATZ for 17APR
2026-01-25 07:22:39 | INFO     | [lf.day.start] Processing AJF-ATZ for 17APR
[LF] Sending SN command: SN17APRAJFATZ/ASM
[LF] No direct flights on 17APR for AJF-ATZ
2026-01-25 07:22:40 | WARNING  | [lf.day.no_flights] No direct flights on 17APR
2026-01-25 07:22:40 | INFO     | [SUCCESS] Day 17APR
2026-01-25 07:22:40 | INFO     | [DAY_START] Processing 16APR
[LF] Processing AJF-ATZ for 16APR
2026-01-25 07:22:40 | INFO     | [lf.day.start] Processing AJF-ATZ for 16APR
[LF] Sending SN command: SN16APRAJFATZ/ASM
[LF] No direct flights on 16APR for AJF-ATZ
2026-01-25 07:22:41 | WARNING  | [lf.day.no_flights] No direct flights on 16APR
2026-01-25 07:22:41 | INFO     | [SUCCESS] Day 16APR
2026-01-25 07:22:41 | INFO     | [DAY_START] Processing 15APR
[LF] Processing AJF-ATZ for 15APR
2026-01-25 07:22:41 | INFO     | [lf.day.start] Processing AJF-ATZ for 15APR
[LF] Sending SN command: SN15APRAJFATZ/ASM
[LF] No direct flights on 15APR for AJF-ATZ
2026-01-25 07:22:43 | WARNING  | [lf.day.no_flights] No direct flights on 15APR
2026-01-25 07:22:43 | INFO     | [SUCCESS] Day 15APR
2026-01-25 07:22:43 | INFO     | [DAY_START] Processing 14APR
[LF] Processing AJF-ATZ for 14APR
2026-01-25 07:22:43 | INFO     | [lf.day.start] Processing AJF-ATZ for 14APR
[LF] Sending SN command: SN14APRAJFATZ/ASM
[LF] No direct flights on 14APR for AJF-ATZ
2026-01-25 07:22:44 | WARNING  | [lf.day.no_flights] No direct flights on 14APR
2026-01-25 07:22:44 | INFO     | [SUCCESS] Day 14APR
2026-01-25 07:22:44 | INFO     | [DAY_START] Processing 13APR
[LF] Processing AJF-ATZ for 13APR
2026-01-25 07:22:44 | INFO     | [lf.day.start] Processing AJF-ATZ for 13APR
[LF] Sending SN command: SN13APRAJFATZ/ASM
[LF] No direct flights on 13APR for AJF-ATZ
2026-01-25 07:22:45 | WARNING  | [lf.day.no_flights] No direct flights on 13APR
2026-01-25 07:22:45 | INFO     | [SUCCESS] Day 13APR
[LF] Results summary:
  2026-04-20: 0 flights
  2026-04-19: 0 flights
  2026-04-18: 0 flights
  2026-04-17: 0 flights
  2026-04-16: 0 flights
  2026-04-15: 0 flights
  2026-04-14: 0 flights
  2026-04-13: 0 flights
2026-01-25 07:22:45 | INFO     | [SUCCESS] LF Search Complete

============================================================
[Worker_9233] ✓ COMPLETED: AJF-ATZ
  Results: 8 dates
  Errors: 0 dates
  Total Processed: 24 groups
============================================================

2026-01-25 07:23:03 | INFO     | [Worker_9233] Completed: AJF-ATZ - 8 results, 0 errors

============================================================
[Worker_9233] Processing: CAI-MED
  Tier 0: Range 3, Chunk 2/4
  Dates: 8 days
  Date Range: 2026-04-20 to 2026-04-13
============================================================

2026-01-25 07:23:03 | INFO     | [Worker_9233] Processing: CAI-MED
2026-01-25 07:23:03 | INFO     |   Tier 0: Range 3, Chunk 2/4 (8 days)
2026-01-25 07:23:03 | INFO     | ======================================================================
2026-01-25 07:23:03 | INFO     | Load Factor Scraper Started - Route: CAI-MED
2026-01-25 07:23:03 | INFO     | Log file: D:\CODERED\LAB\Artifacts\outputs\run_generated_250126_at_07.06\logs\LF_CAI-MED_20260125_072303.log
2026-01-25 07:23:03 | INFO     | Enhanced logging: Capturing both logging.info() and print()
2026-01-25 07:23:03 | INFO     | ======================================================================
[LF] Processing dates (override): ['20APR', '19APR', '18APR', '17APR', '16APR', '15APR', '14APR', '13APR']
[LF] Attaching to Chrome for Altea access
2026-01-25 07:23:03 | INFO     | Starting LF search for route: CAI-MED
2026-01-25 07:23:03 | INFO     | [START] LF Search
[LF][[OK] SUCCESS] Connected to Chrome on 127.0.0.1:9233 (after 1 attempts)
2026-01-25 07:23:04 | INFO     | [HEALTH CHECK] [OK] Chrome connection is healthy
[LF][[OK] SUCCESS] Found Amadeus Altea window: Altéa Reservation Desktop
[LF][[INFO] INFO] URL: https://tc212.resdesktop.altea.amadeus.com/app_ard/apf/init/login?SITE=ESMPESMP&LANGUAGE=GB&MARKETS=ARDW_PROD_WBP&ACTION=clpLogin
2026-01-25 07:23:04 | INFO     | [DAY_START] Processing 20APR
[LF] Processing CAI-MED for 20APR
2026-01-25 07:23:04 | INFO     | [lf.day.start] Processing CAI-MED for 20APR
[LF] Sending SN command: SN20APRCAIMED/ASM
[LF] No direct flights on 20APR for CAI-MED
2026-01-25 07:23:06 | WARNING  | [lf.day.no_flights] No direct flights on 20APR
2026-01-25 07:23:06 | INFO     | [SUCCESS] Day 20APR
2026-01-25 07:23:06 | INFO     | [DAY_START] Processing 19APR
[LF] Processing CAI-MED for 19APR
2026-01-25 07:23:06 | INFO     | [lf.day.start] Processing CAI-MED for 19APR
[LF] Sending SN command: SN19APRCAIMED/ASM
[LF] 19APR: found 1 direct flights
2026-01-25 07:23:07 | INFO     | [lf.day.flights_found] Found 1 flights on 19APR
2026-01-25 07:23:09 | INFO     | [lf.flight.extracted] SM493 on 19APR: BKG=1, LF=0.6%
[LF] SM493 19APR: BKG=1, GRP=0, CAP=179, LF%=0.6%, Brd-Off=CAI-MED, Classes: I:1
[LF] Getting WEEKLY/LASTSOLD data for 1 flights
[LF] SM493 19APR: LASTSOLD=2026-01-22 00:00:00, WEEKLY=1, TODAY=0, YDAY=0
2026-01-25 07:23:12 | INFO     | [SUCCESS] Day 19APR
2026-01-25 07:23:12 | INFO     | [DAY_START] Processing 18APR
[LF] Processing CAI-MED for 18APR
2026-01-25 07:23:12 | INFO     | [lf.day.start] Processing CAI-MED for 18APR
[LF] Sending SN command: SN18APRCAIMED/ASM
[LF] No direct flights on 18APR for CAI-MED
2026-01-25 07:23:13 | WARNING  | [lf.day.no_flights] No direct flights on 18APR
2026-01-25 07:23:13 | INFO     | [SUCCESS] Day 18APR
2026-01-25 07:23:13 | INFO     | [DAY_START] Processing 17APR
[LF] Processing CAI-MED for 17APR
2026-01-25 07:23:13 | INFO     | [lf.day.start] Processing CAI-MED for 17APR
[LF] Sending SN command: SN17APRCAIMED/ASM
[LF] No direct flights on 17APR for CAI-MED
2026-01-25 07:23:14 | WARNING  | [lf.day.no_flights] No direct flights on 17APR
2026-01-25 07:23:14 | INFO     | [SUCCESS] Day 17APR
2026-01-25 07:23:14 | INFO     | [DAY_START] Processing 16APR
[LF] Processing CAI-MED for 16APR
2026-01-25 07:23:14 | INFO     | [lf.day.start] Processing CAI-MED for 16APR
[LF] Sending SN command: SN16APRCAIMED/ASM
[LF] 16APR: found 1 direct flights
2026-01-25 07:23:16 | INFO     | [lf.day.flights_found] Found 1 flights on 16APR
2026-01-25 07:23:18 | INFO     | [lf.flight.extracted] SM493 on 16APR: BKG=0, LF=0.0%
[LF] SM493 16APR: BKG=0, GRP=0, CAP=179, LF%=0.0%, Brd-Off=CAI-MED
2026-01-25 07:23:19 | INFO     | [SUCCESS] Day 16APR
2026-01-25 07:23:19 | INFO     | [DAY_START] Processing 15APR
[LF] Processing CAI-MED for 15APR
2026-01-25 07:23:19 | INFO     | [lf.day.start] Processing CAI-MED for 15APR
[LF] Sending SN command: SN15APRCAIMED/ASM
[LF] 15APR: found 1 direct flights
2026-01-25 07:23:20 | INFO     | [lf.day.flights_found] Found 1 flights on 15APR
2026-01-25 07:23:23 | INFO     | [lf.flight.extracted] SM493 on 15APR: BKG=6, LF=3.4%
[LF] SM493 15APR: BKG=6, GRP=0, CAP=179, LF%=3.4%, Brd-Off=CAI-MED, Classes: I:3, O:3
[LF] Getting WEEKLY/LASTSOLD data for 1 flights
[LF] SM493 15APR: LASTSOLD=2026-01-14 00:00:00, WEEKLY=0, TODAY=0, YDAY=0
2026-01-25 07:23:26 | INFO     | [SUCCESS] Day 15APR
2026-01-25 07:23:26 | INFO     | [DAY_START] Processing 14APR
[LF] Processing CAI-MED for 14APR
2026-01-25 07:23:26 | INFO     | [lf.day.start] Processing CAI-MED for 14APR
[LF] Sending SN command: SN14APRCAIMED/ASM
[LF] 14APR: found 1 direct flights
2026-01-25 07:23:27 | INFO     | [lf.day.flights_found] Found 1 flights on 14APR
2026-01-25 07:23:29 | INFO     | [lf.flight.extracted] SM493 on 14APR: BKG=0, LF=0.0%
[LF] SM493 14APR: BKG=0, GRP=0, CAP=179, LF%=0.0%, Brd-Off=CAI-MED
2026-01-25 07:23:30 | INFO     | [SUCCESS] Day 14APR
2026-01-25 07:23:30 | INFO     | [DAY_START] Processing 13APR
[LF] Processing CAI-MED for 13APR
2026-01-25 07:23:30 | INFO     | [lf.day.start] Processing CAI-MED for 13APR
[LF] Sending SN command: SN13APRCAIMED/ASM
[LF] No direct flights on 13APR for CAI-MED
2026-01-25 07:23:31 | WARNING  | [lf.day.no_flights] No direct flights on 13APR
2026-01-25 07:23:31 | INFO     | [SUCCESS] Day 13APR
[LF] Results summary:
  2026-04-20: 0 flights
  2026-04-19: 1 flights
  2026-04-18: 0 flights
  2026-04-17: 0 flights
  2026-04-16: 1 flights
  2026-04-15: 1 flights
  2026-04-14: 1 flights
  2026-04-13: 0 flights
2026-01-25 07:23:31 | INFO     | [SUCCESS] LF Search Complete

============================================================
[Worker_9233] ✓ COMPLETED: CAI-MED
  Results: 8 dates
  Errors: 0 dates
  Total Processed: 25 groups
============================================================

2026-01-25 07:23:31 | INFO     | [Worker_9233] Completed: CAI-MED - 8 results, 0 errors

============================================================
[Worker_9233] Processing: ATZ-DMM
  Tier 0: Range 3, Chunk 2/4
  Dates: 8 days
  Date Range: 2026-04-20 to 2026-04-13
============================================================

2026-01-25 07:23:31 | INFO     | [Worker_9233] Processing: ATZ-DMM
2026-01-25 07:23:31 | INFO     |   Tier 0: Range 3, Chunk 2/4 (8 days)
2026-01-25 07:23:31 | INFO     | ======================================================================
2026-01-25 07:23:31 | INFO     | Load Factor Scraper Started - Route: ATZ-DMM
2026-01-25 07:23:31 | INFO     | Log file: D:\CODERED\LAB\Artifacts\outputs\run_generated_250126_at_07.06\logs\LF_ATZ-DMM_20260125_072331.log
2026-01-25 07:23:31 | INFO     | Enhanced logging: Capturing both logging.info() and print()
2026-01-25 07:23:31 | INFO     | ======================================================================
[LF] Processing dates (override): ['20APR', '19APR', '18APR', '17APR', '16APR', '15APR', '14APR', '13APR']
[LF] Attaching to Chrome for Altea access
2026-01-25 07:23:31 | INFO     | Starting LF search for route: ATZ-DMM
2026-01-25 07:23:31 | INFO     | [START] LF Search
[LF][[OK] SUCCESS] Connected to Chrome on 127.0.0.1:9233 (after 1 attempts)
2026-01-25 07:23:32 | INFO     | [HEALTH CHECK] [OK] Chrome connection is healthy
[LF][[OK] SUCCESS] Found Amadeus Altea window: Altéa Reservation Desktop
[LF][[INFO] INFO] URL: https://tc212.resdesktop.altea.amadeus.com/app_ard/apf/init/login?SITE=ESMPESMP&LANGUAGE=GB&MARKETS=ARDW_PROD_WBP&ACTION=clpLogin
2026-01-25 07:23:32 | INFO     | [DAY_START] Processing 20APR
[LF] Processing ATZ-DMM for 20APR
2026-01-25 07:23:32 | INFO     | [lf.day.start] Processing ATZ-DMM for 20APR
[LF] Sending SN command: SN20APRATZDMM/ASM
[LF] No direct flights on 20APR for ATZ-DMM
2026-01-25 07:23:33 | WARNING  | [lf.day.no_flights] No direct flights on 20APR
2026-01-25 07:23:33 | INFO     | [SUCCESS] Day 20APR
2026-01-25 07:23:33 | INFO     | [DAY_START] Processing 19APR
[LF] Processing ATZ-DMM for 19APR
2026-01-25 07:23:33 | INFO     | [lf.day.start] Processing ATZ-DMM for 19APR
[LF] Sending SN command: SN19APRATZDMM/ASM
[LF] No direct flights on 19APR for ATZ-DMM
2026-01-25 07:23:35 | WARNING  | [lf.day.no_flights] No direct flights on 19APR
2026-01-25 07:23:35 | INFO     | [SUCCESS] Day 19APR
2026-01-25 07:23:35 | INFO     | [DAY_START] Processing 18APR
[LF] Processing ATZ-DMM for 18APR
2026-01-25 07:23:35 | INFO     | [lf.day.start] Processing ATZ-DMM for 18APR
[LF] Sending SN command: SN18APRATZDMM/ASM
[LF] No direct flights on 18APR for ATZ-DMM
2026-01-25 07:23:36 | WARNING  | [lf.day.no_flights] No direct flights on 18APR
2026-01-25 07:23:36 | INFO     | [SUCCESS] Day 18APR
2026-01-25 07:23:36 | INFO     | [DAY_START] Processing 17APR
[LF] Processing ATZ-DMM for 17APR
2026-01-25 07:23:36 | INFO     | [lf.day.start] Processing ATZ-DMM for 17APR
[LF] Sending SN command: SN17APRATZDMM/ASM
[LF] No direct flights on 17APR for ATZ-DMM
2026-01-25 07:23:38 | WARNING  | [lf.day.no_flights] No direct flights on 17APR
2026-01-25 07:23:38 | INFO     | [SUCCESS] Day 17APR
2026-01-25 07:23:38 | INFO     | [DAY_START] Processing 16APR
[LF] Processing ATZ-DMM for 16APR
2026-01-25 07:23:38 | INFO     | [lf.day.start] Processing ATZ-DMM for 16APR
[LF] Sending SN command: SN16APRATZDMM/ASM
[LF] No direct flights on 16APR for ATZ-DMM
2026-01-25 07:23:39 | WARNING  | [lf.day.no_flights] No direct flights on 16APR
2026-01-25 07:23:39 | INFO     | [SUCCESS] Day 16APR
2026-01-25 07:23:39 | INFO     | [DAY_START] Processing 15APR
[LF] Processing ATZ-DMM for 15APR
2026-01-25 07:23:39 | INFO     | [lf.day.start] Processing ATZ-DMM for 15APR
[LF] Sending SN command: SN15APRATZDMM/ASM
[LF] No direct flights on 15APR for ATZ-DMM
2026-01-25 07:23:40 | WARNING  | [lf.day.no_flights] No direct flights on 15APR
2026-01-25 07:23:40 | INFO     | [SUCCESS] Day 15APR
2026-01-25 07:23:40 | INFO     | [DAY_START] Processing 14APR
[LF] Processing ATZ-DMM for 14APR
2026-01-25 07:23:40 | INFO     | [lf.day.start] Processing ATZ-DMM for 14APR
[LF] Sending SN command: SN14APRATZDMM/ASM
[LF] No direct flights on 14APR for ATZ-DMM
2026-01-25 07:23:41 | WARNING  | [lf.day.no_flights] No direct flights on 14APR
2026-01-25 07:23:41 | INFO     | [SUCCESS] Day 14APR
2026-01-25 07:23:41 | INFO     | [DAY_START] Processing 13APR
[LF] Processing ATZ-DMM for 13APR
2026-01-25 07:23:41 | INFO     | [lf.day.start] Processing ATZ-DMM for 13APR
[LF] Sending SN command: SN13APRATZDMM/ASM
[LF] No direct flights on 13APR for ATZ-DMM
2026-01-25 07:23:42 | WARNING  | [lf.day.no_flights] No direct flights on 13APR
2026-01-25 07:23:42 | INFO     | [SUCCESS] Day 13APR
[LF] Results summary:
  2026-04-20: 0 flights
  2026-04-19: 0 flights
  2026-04-18: 0 flights
  2026-04-17: 0 flights
  2026-04-16: 0 flights
  2026-04-15: 0 flights
  2026-04-14: 0 flights
  2026-04-13: 0 flights
2026-01-25 07:23:42 | INFO     | [SUCCESS] LF Search Complete

============================================================
[Worker_9233] ✓ COMPLETED: ATZ-DMM
  Results: 8 dates
  Errors: 0 dates
  Total Processed: 26 groups
============================================================

2026-01-25 07:23:42 | INFO     | [Worker_9233] Completed: ATZ-DMM - 8 results, 0 errors

============================================================
[Worker_9233] Processing: CAI-AJF
  Tier 0: Range 3, Chunk 2/4
  Dates: 8 days
  Date Range: 2026-04-20 to 2026-04-13
============================================================

2026-01-25 07:23:42 | INFO     | [Worker_9233] Processing: CAI-AJF
2026-01-25 07:23:42 | INFO     |   Tier 0: Range 3, Chunk 2/4 (8 days)
2026-01-25 07:23:42 | INFO     | ======================================================================
2026-01-25 07:23:42 | INFO     | Load Factor Scraper Started - Route: CAI-AJF
2026-01-25 07:23:42 | INFO     | Log file: D:\CODERED\LAB\Artifacts\outputs\run_generated_250126_at_07.06\logs\LF_CAI-AJF_20260125_072342.log
2026-01-25 07:23:42 | INFO     | Enhanced logging: Capturing both logging.info() and print()
2026-01-25 07:23:42 | INFO     | ======================================================================
[LF] Processing dates (override): ['20APR', '19APR', '18APR', '17APR', '16APR', '15APR', '14APR', '13APR']
[LF] Attaching to Chrome for Altea access
2026-01-25 07:23:42 | INFO     | Starting LF search for route: CAI-AJF
2026-01-25 07:23:42 | INFO     | [START] LF Search
[LF][[OK] SUCCESS] Connected to Chrome on 127.0.0.1:9233 (after 1 attempts)
2026-01-25 07:23:43 | INFO     | [HEALTH CHECK] [OK] Chrome connection is healthy
[LF][[OK] SUCCESS] Found Amadeus Altea window: Altéa Reservation Desktop
[LF][[INFO] INFO] URL: https://tc212.resdesktop.altea.amadeus.com/app_ard/apf/init/login?SITE=ESMPESMP&LANGUAGE=GB&MARKETS=ARDW_PROD_WBP&ACTION=clpLogin
2026-01-25 07:23:43 | INFO     | [DAY_START] Processing 20APR
[LF] Processing CAI-AJF for 20APR
2026-01-25 07:23:43 | INFO     | [lf.day.start] Processing CAI-AJF for 20APR
[LF] Sending SN command: SN20APRCAIAJF/ASM
[LF] No direct flights on 20APR for CAI-AJF
2026-01-25 07:23:44 | WARNING  | [lf.day.no_flights] No direct flights on 20APR
2026-01-25 07:23:44 | INFO     | [SUCCESS] Day 20APR
2026-01-25 07:23:44 | INFO     | [DAY_START] Processing 19APR
[LF] Processing CAI-AJF for 19APR
2026-01-25 07:23:44 | INFO     | [lf.day.start] Processing CAI-AJF for 19APR
[LF] Sending SN command: SN19APRCAIAJF/ASM
[LF] No direct flights on 19APR for CAI-AJF
2026-01-25 07:23:45 | WARNING  | [lf.day.no_flights] No direct flights on 19APR
2026-01-25 07:23:45 | INFO     | [SUCCESS] Day 19APR
2026-01-25 07:23:45 | INFO     | [DAY_START] Processing 18APR
[LF] Processing CAI-AJF for 18APR
2026-01-25 07:23:45 | INFO     | [lf.day.start] Processing CAI-AJF for 18APR
[LF] Sending SN command: SN18APRCAIAJF/ASM
[LF] 18APR: found 1 direct flights
2026-01-25 07:23:46 | INFO     | [lf.day.flights_found] Found 1 flights on 18APR
2026-01-25 07:23:48 | INFO     | [lf.flight.extracted] SM321 on 18APR: BKG=4, LF=2.2%
[LF] SM321 18APR: BKG=4, GRP=0, CAP=179, LF%=2.2%, Brd-Off=CAI-AJF, Classes: I:4
[LF] Getting WEEKLY/LASTSOLD data for 1 flights
[LF] SM321 18APR: LASTSOLD=2026-01-17 00:00:00, WEEKLY=0, TODAY=0, YDAY=0
2026-01-25 07:23:51 | INFO     | [SUCCESS] Day 18APR
2026-01-25 07:23:51 | INFO     | [DAY_START] Processing 17APR
[LF] Processing CAI-AJF for 17APR
2026-01-25 07:23:51 | INFO     | [lf.day.start] Processing CAI-AJF for 17APR
[LF] Sending SN command: SN17APRCAIAJF/ASM
[LF] No direct flights on 17APR for CAI-AJF
2026-01-25 07:23:52 | WARNING  | [lf.day.no_flights] No direct flights on 17APR
2026-01-25 07:23:52 | INFO     | [SUCCESS] Day 17APR
2026-01-25 07:23:52 | INFO     | [DAY_START] Processing 16APR
[LF] Processing CAI-AJF for 16APR
2026-01-25 07:23:52 | INFO     | [lf.day.start] Processing CAI-AJF for 16APR
[LF] Sending SN command: SN16APRCAIAJF/ASM
[LF] 16APR: found 1 direct flights
2026-01-25 07:23:53 | INFO     | [lf.day.flights_found] Found 1 flights on 16APR
2026-01-25 07:23:55 | INFO     | [lf.flight.extracted] SM321 on 16APR: BKG=0, LF=0.0%
[LF] SM321 16APR: BKG=0, GRP=0, CAP=179, LF%=0.0%, Brd-Off=CAI-AJF
2026-01-25 07:23:56 | INFO     | [SUCCESS] Day 16APR
2026-01-25 07:23:56 | INFO     | [DAY_START] Processing 15APR
[LF] Processing CAI-AJF for 15APR
2026-01-25 07:23:56 | INFO     | [lf.day.start] Processing CAI-AJF for 15APR
[LF] Sending SN command: SN15APRCAIAJF/ASM
[LF] 15APR: found 1 direct flights
2026-01-25 07:23:58 | INFO     | [lf.day.flights_found] Found 1 flights on 15APR
2026-01-25 07:24:00 | INFO     | [lf.flight.extracted] SM321 on 15APR: BKG=7, LF=3.9%
[LF] SM321 15APR: BKG=7, GRP=0, CAP=179, LF%=3.9%, Brd-Off=CAI-AJF, Classes: I:5, O:2
[LF] Getting WEEKLY/LASTSOLD data for 1 flights
[LF] SM321 15APR: LASTSOLD=2026-01-24 00:00:00, WEEKLY=1, TODAY=0, YDAY=1
2026-01-25 07:24:03 | INFO     | [SUCCESS] Day 15APR
2026-01-25 07:24:03 | INFO     | [DAY_START] Processing 14APR
[LF] Processing CAI-AJF for 14APR
2026-01-25 07:24:03 | INFO     | [lf.day.start] Processing CAI-AJF for 14APR
[LF] Sending SN command: SN14APRCAIAJF/ASM
[LF] No direct flights on 14APR for CAI-AJF
2026-01-25 07:24:04 | WARNING  | [lf.day.no_flights] No direct flights on 14APR
2026-01-25 07:24:04 | INFO     | [SUCCESS] Day 14APR
2026-01-25 07:24:04 | INFO     | [DAY_START] Processing 13APR
[LF] Processing CAI-AJF for 13APR
2026-01-25 07:24:04 | INFO     | [lf.day.start] Processing CAI-AJF for 13APR
[LF] Sending SN command: SN13APRCAIAJF/ASM
[LF] No direct flights on 13APR for CAI-AJF
2026-01-25 07:24:05 | WARNING  | [lf.day.no_flights] No direct flights on 13APR
2026-01-25 07:24:05 | INFO     | [SUCCESS] Day 13APR
[LF] Results summary:
  2026-04-20: 0 flights
  2026-04-19: 0 flights
  2026-04-18: 1 flights
  2026-04-17: 0 flights
  2026-04-16: 1 flights
  2026-04-15: 1 flights
  2026-04-14: 0 flights
  2026-04-13: 0 flights
2026-01-25 07:24:05 | INFO     | [SUCCESS] LF Search Complete

============================================================
[Worker_9233] ✓ COMPLETED: CAI-AJF
  Results: 8 dates
  Errors: 0 dates
  Total Processed: 27 groups
============================================================

2026-01-25 07:24:05 | INFO     | [Worker_9233] Completed: CAI-AJF - 8 results, 0 errors

============================================================
[Worker_9233] Processing: CAI-GIZ
  Tier 0: Range 3, Chunk 2/4
  Dates: 8 days
  Date Range: 2026-04-20 to 2026-04-13
============================================================

2026-01-25 07:24:05 | INFO     | [Worker_9233] Processing: CAI-GIZ
2026-01-25 07:24:05 | INFO     |   Tier 0: Range 3, Chunk 2/4 (8 days)
2026-01-25 07:24:05 | INFO     | ======================================================================
2026-01-25 07:24:05 | INFO     | Load Factor Scraper Started - Route: CAI-GIZ
2026-01-25 07:24:05 | INFO     | Log file: D:\CODERED\LAB\Artifacts\outputs\run_generated_250126_at_07.06\logs\LF_CAI-GIZ_20260125_072405.log
2026-01-25 07:24:05 | INFO     | Enhanced logging: Capturing both logging.info() and print()
2026-01-25 07:24:05 | INFO     | ======================================================================
[LF] Processing dates (override): ['20APR', '19APR', '18APR', '17APR', '16APR', '15APR', '14APR', '13APR']
[LF] Attaching to Chrome for Altea access
2026-01-25 07:24:05 | INFO     | Starting LF search for route: CAI-GIZ
2026-01-25 07:24:05 | INFO     | [START] LF Search
[LF][[OK] SUCCESS] Connected to Chrome on 127.0.0.1:9233 (after 1 attempts)
2026-01-25 07:24:06 | INFO     | [HEALTH CHECK] [OK] Chrome connection is healthy
[LF][[OK] SUCCESS] Found Amadeus Altea window: Altéa Reservation Desktop
[LF][[INFO] INFO] URL: https://tc212.resdesktop.altea.amadeus.com/app_ard/apf/init/login?SITE=ESMPESMP&LANGUAGE=GB&MARKETS=ARDW_PROD_WBP&ACTION=clpLogin
2026-01-25 07:24:06 | INFO     | [DAY_START] Processing 20APR
[LF] Processing CAI-GIZ for 20APR
2026-01-25 07:24:06 | INFO     | [lf.day.start] Processing CAI-GIZ for 20APR
[LF] Sending SN command: SN20APRCAIGIZ/ASM
[LF] No direct flights on 20APR for CAI-GIZ
2026-01-25 07:24:07 | WARNING  | [lf.day.no_flights] No direct flights on 20APR
2026-01-25 07:24:07 | INFO     | [SUCCESS] Day 20APR
2026-01-25 07:24:07 | INFO     | [DAY_START] Processing 19APR
[LF] Processing CAI-GIZ for 19APR
2026-01-25 07:24:07 | INFO     | [lf.day.start] Processing CAI-GIZ for 19APR
[LF] Sending SN command: SN19APRCAIGIZ/ASM
[LF] No direct flights on 19APR for CAI-GIZ
2026-01-25 07:24:08 | WARNING  | [lf.day.no_flights] No direct flights on 19APR
2026-01-25 07:24:08 | INFO     | [SUCCESS] Day 19APR
2026-01-25 07:24:08 | INFO     | [DAY_START] Processing 18APR
[LF] Processing CAI-GIZ for 18APR
2026-01-25 07:24:08 | INFO     | [lf.day.start] Processing CAI-GIZ for 18APR
[LF] Sending SN command: SN18APRCAIGIZ/ASM
[LF] 18APR: found 1 direct flights
2026-01-25 07:24:09 | INFO     | [lf.day.flights_found] Found 1 flights on 18APR
2026-01-25 07:24:11 | INFO     | [lf.flight.extracted] SM329 on 18APR: BKG=9, LF=5.0%
[LF] SM329 18APR: BKG=9, GRP=0, CAP=179, LF%=5.0%, Brd-Off=CAI-GIZ, Classes: I:7, O:2
[LF] Getting WEEKLY/LASTSOLD data for 1 flights
[LF] SM329 18APR: LASTSOLD=2026-01-20 00:00:00, WEEKLY=3, TODAY=0, YDAY=0
2026-01-25 07:24:14 | INFO     | [SUCCESS] Day 18APR
2026-01-25 07:24:14 | INFO     | [DAY_START] Processing 17APR
[LF] Processing CAI-GIZ for 17APR
2026-01-25 07:24:14 | INFO     | [lf.day.start] Processing CAI-GIZ for 17APR
[LF] Sending SN command: SN17APRCAIGIZ/ASM
[LF] No direct flights on 17APR for CAI-GIZ
2026-01-25 07:24:15 | WARNING  | [lf.day.no_flights] No direct flights on 17APR
2026-01-25 07:24:15 | INFO     | [SUCCESS] Day 17APR
2026-01-25 07:24:15 | INFO     | [DAY_START] Processing 16APR
[LF] Processing CAI-GIZ for 16APR
2026-01-25 07:24:15 | INFO     | [lf.day.start] Processing CAI-GIZ for 16APR
[LF] Sending SN command: SN16APRCAIGIZ/ASM
[LF] 16APR: found 1 direct flights
2026-01-25 07:24:16 | INFO     | [lf.day.flights_found] Found 1 flights on 16APR
2026-01-25 07:24:18 | INFO     | [lf.flight.extracted] SM329 on 16APR: BKG=2, LF=1.1%
[LF] SM329 16APR: BKG=2, GRP=0, CAP=179, LF%=1.1%, Brd-Off=CAI-GIZ, Classes: I:2
[LF] Getting WEEKLY/LASTSOLD data for 1 flights
[LF] SM329 16APR: LASTSOLD=2026-01-19 00:00:00, WEEKLY=1, TODAY=0, YDAY=0
2026-01-25 07:24:21 | INFO     | [SUCCESS] Day 16APR
2026-01-25 07:24:21 | INFO     | [DAY_START] Processing 15APR
[LF] Processing CAI-GIZ for 15APR
2026-01-25 07:24:21 | INFO     | [lf.day.start] Processing CAI-GIZ for 15APR
[LF] Sending SN command: SN15APRCAIGIZ/ASM
[LF] 15APR: found 1 direct flights
2026-01-25 07:24:22 | INFO     | [lf.day.flights_found] Found 1 flights on 15APR
2026-01-25 07:24:24 | INFO     | [lf.flight.extracted] SM329 on 15APR: BKG=7, LF=3.9%
[LF] SM329 15APR: BKG=7, GRP=0, CAP=179, LF%=3.9%, Brd-Off=CAI-GIZ, Classes: I:7
[LF] Getting WEEKLY/LASTSOLD data for 1 flights
[LF] SM329 15APR: LASTSOLD=2026-01-23 00:00:00, WEEKLY=1, TODAY=0, YDAY=0
2026-01-25 07:24:27 | INFO     | [SUCCESS] Day 15APR
2026-01-25 07:24:27 | INFO     | [DAY_START] Processing 14APR
[LF] Processing CAI-GIZ for 14APR
2026-01-25 07:24:27 | INFO     | [lf.day.start] Processing CAI-GIZ for 14APR
[LF] Sending SN command: SN14APRCAIGIZ/ASM
[LF] No direct flights on 14APR for CAI-GIZ
2026-01-25 07:24:28 | WARNING  | [lf.day.no_flights] No direct flights on 14APR
2026-01-25 07:24:28 | INFO     | [SUCCESS] Day 14APR
2026-01-25 07:24:28 | INFO     | [DAY_START] Processing 13APR
[LF] Processing CAI-GIZ for 13APR
2026-01-25 07:24:28 | INFO     | [lf.day.start] Processing CAI-GIZ for 13APR
[LF] Sending SN command: SN13APRCAIGIZ/ASM
[LF] No direct flights on 13APR for CAI-GIZ
2026-01-25 07:24:29 | WARNING  | [lf.day.no_flights] No direct flights on 13APR
2026-01-25 07:24:29 | INFO     | [SUCCESS] Day 13APR
[LF] Results summary:
  2026-04-20: 0 flights
  2026-04-19: 0 flights
  2026-04-18: 1 flights
  2026-04-17: 0 flights
  2026-04-16: 1 flights
  2026-04-15: 1 flights
  2026-04-14: 0 flights
  2026-04-13: 0 flights
2026-01-25 07:24:29 | INFO     | [SUCCESS] LF Search Complete

============================================================
[Worker_9233] ✓ COMPLETED: CAI-GIZ
  Results: 8 dates
  Errors: 0 dates
  Total Processed: 28 groups
============================================================

2026-01-25 07:24:29 | INFO     | [Worker_9233] Completed: CAI-GIZ - 8 results, 0 errors

============================================================
[Worker_9233] Processing: JED-LXR
  Tier 0: Range 3, Chunk 3/4
  Dates: 8 days
  Date Range: 2026-04-12 to 2026-04-05
============================================================

2026-01-25 07:24:29 | INFO     | [Worker_9233] Processing: JED-LXR
2026-01-25 07:24:29 | INFO     |   Tier 0: Range 3, Chunk 3/4 (8 days)
2026-01-25 07:24:29 | INFO     | ======================================================================
2026-01-25 07:24:29 | INFO     | Load Factor Scraper Started - Route: JED-LXR
2026-01-25 07:24:29 | INFO     | Log file: D:\CODERED\LAB\Artifacts\outputs\run_generated_250126_at_07.06\logs\LF_JED-LXR_20260125_072429.log
2026-01-25 07:24:29 | INFO     | Enhanced logging: Capturing both logging.info() and print()
2026-01-25 07:24:29 | INFO     | ======================================================================
[LF] Processing dates (override): ['12APR', '11APR', '10APR', '09APR', '08APR', '07APR', '06APR', '05APR']
[LF] Attaching to Chrome for Altea access
2026-01-25 07:24:29 | INFO     | Starting LF search for route: JED-LXR
2026-01-25 07:24:29 | INFO     | [START] LF Search
[LF][[OK] SUCCESS] Connected to Chrome on 127.0.0.1:9233 (after 1 attempts)
2026-01-25 07:24:30 | INFO     | [HEALTH CHECK] [OK] Chrome connection is healthy
[LF][[OK] SUCCESS] Found Amadeus Altea window: Altéa Reservation Desktop
[LF][[INFO] INFO] URL: https://tc212.resdesktop.altea.amadeus.com/app_ard/apf/init/login?SITE=ESMPESMP&LANGUAGE=GB&MARKETS=ARDW_PROD_WBP&ACTION=clpLogin
2026-01-25 07:24:30 | INFO     | [DAY_START] Processing 12APR
[LF] Processing JED-LXR for 12APR
2026-01-25 07:24:30 | INFO     | [lf.day.start] Processing JED-LXR for 12APR
[LF] Sending SN command: SN12APRJEDLXR/ASM
[LF] No direct flights on 12APR for JED-LXR
2026-01-25 07:24:31 | WARNING  | [lf.day.no_flights] No direct flights on 12APR
2026-01-25 07:24:31 | INFO     | [SUCCESS] Day 12APR
2026-01-25 07:24:31 | INFO     | [DAY_START] Processing 11APR
[LF] Processing JED-LXR for 11APR
2026-01-25 07:24:31 | INFO     | [lf.day.start] Processing JED-LXR for 11APR
[LF] Sending SN command: SN11APRJEDLXR/ASM
[LF] No direct flights on 11APR for JED-LXR
2026-01-25 07:24:32 | WARNING  | [lf.day.no_flights] No direct flights on 11APR
2026-01-25 07:24:32 | INFO     | [SUCCESS] Day 11APR
2026-01-25 07:24:32 | INFO     | [DAY_START] Processing 10APR
[LF] Processing JED-LXR for 10APR
2026-01-25 07:24:32 | INFO     | [lf.day.start] Processing JED-LXR for 10APR
[LF] Sending SN command: SN10APRJEDLXR/ASM
[LF] No direct flights on 10APR for JED-LXR
2026-01-25 07:24:34 | WARNING  | [lf.day.no_flights] No direct flights on 10APR
2026-01-25 07:24:34 | INFO     | [SUCCESS] Day 10APR
2026-01-25 07:24:34 | INFO     | [DAY_START] Processing 09APR
[LF] Processing JED-LXR for 09APR
2026-01-25 07:24:34 | INFO     | [lf.day.start] Processing JED-LXR for 09APR
[LF] Sending SN command: SN09APRJEDLXR/ASM
[LF] No direct flights on 09APR for JED-LXR
2026-01-25 07:24:35 | WARNING  | [lf.day.no_flights] No direct flights on 09APR
2026-01-25 07:24:35 | INFO     | [SUCCESS] Day 09APR
2026-01-25 07:24:35 | INFO     | [DAY_START] Processing 08APR
[LF] Processing JED-LXR for 08APR
2026-01-25 07:24:35 | INFO     | [lf.day.start] Processing JED-LXR for 08APR
[LF] Sending SN command: SN08APRJEDLXR/ASM
[LF] No direct flights on 08APR for JED-LXR
2026-01-25 07:24:36 | WARNING  | [lf.day.no_flights] No direct flights on 08APR
2026-01-25 07:24:36 | INFO     | [SUCCESS] Day 08APR
2026-01-25 07:24:36 | INFO     | [DAY_START] Processing 07APR
[LF] Processing JED-LXR for 07APR
2026-01-25 07:24:36 | INFO     | [lf.day.start] Processing JED-LXR for 07APR
[LF] Sending SN command: SN07APRJEDLXR/ASM
[LF] No direct flights on 07APR for JED-LXR
2026-01-25 07:24:37 | WARNING  | [lf.day.no_flights] No direct flights on 07APR
2026-01-25 07:24:37 | INFO     | [SUCCESS] Day 07APR
2026-01-25 07:24:37 | INFO     | [DAY_START] Processing 06APR
[LF] Processing JED-LXR for 06APR
2026-01-25 07:24:37 | INFO     | [lf.day.start] Processing JED-LXR for 06APR
[LF] Sending SN command: SN06APRJEDLXR/ASM
[LF] No direct flights on 06APR for JED-LXR
2026-01-25 07:24:39 | WARNING  | [lf.day.no_flights] No direct flights on 06APR
2026-01-25 07:24:39 | INFO     | [SUCCESS] Day 06APR
2026-01-25 07:24:39 | INFO     | [DAY_START] Processing 05APR
[LF] Processing JED-LXR for 05APR
2026-01-25 07:24:39 | INFO     | [lf.day.start] Processing JED-LXR for 05APR
[LF] Sending SN command: SN05APRJEDLXR/ASM
[LF] No direct flights on 05APR for JED-LXR
2026-01-25 07:24:40 | WARNING  | [lf.day.no_flights] No direct flights on 05APR
2026-01-25 07:24:40 | INFO     | [SUCCESS] Day 05APR
[LF] Results summary:
  2026-04-12: 0 flights
  2026-04-11: 0 flights
  2026-04-10: 0 flights
  2026-04-09: 0 flights
  2026-04-08: 0 flights
  2026-04-07: 0 flights
  2026-04-06: 0 flights
  2026-04-05: 0 flights
2026-01-25 07:24:40 | INFO     | [SUCCESS] LF Search Complete

============================================================
[Worker_9233] ✓ COMPLETED: JED-LXR
  Results: 8 dates
  Errors: 0 dates
  Total Processed: 29 groups
============================================================

2026-01-25 07:24:40 | INFO     | [Worker_9233] Completed: JED-LXR - 8 results, 0 errors

============================================================
[Worker_9233] Processing: RUH-ATZ
  Tier 0: Range 3, Chunk 3/4
  Dates: 8 days
  Date Range: 2026-04-12 to 2026-04-05
============================================================

2026-01-25 07:24:40 | INFO     | [Worker_9233] Processing: RUH-ATZ
2026-01-25 07:24:40 | INFO     |   Tier 0: Range 3, Chunk 3/4 (8 days)
2026-01-25 07:24:40 | INFO     | ======================================================================
2026-01-25 07:24:40 | INFO     | Load Factor Scraper Started - Route: RUH-ATZ
2026-01-25 07:24:40 | INFO     | Log file: D:\CODERED\LAB\Artifacts\outputs\run_generated_250126_at_07.06\logs\LF_RUH-ATZ_20260125_072440.log
2026-01-25 07:24:40 | INFO     | Enhanced logging: Capturing both logging.info() and print()
2026-01-25 07:24:40 | INFO     | ======================================================================
[LF] Processing dates (override): ['12APR', '11APR', '10APR', '09APR', '08APR', '07APR', '06APR', '05APR']
[LF] Attaching to Chrome for Altea access
2026-01-25 07:24:40 | INFO     | Starting LF search for route: RUH-ATZ
2026-01-25 07:24:40 | INFO     | [START] LF Search
[LF][[OK] SUCCESS] Connected to Chrome on 127.0.0.1:9233 (after 1 attempts)
2026-01-25 07:24:41 | INFO     | [HEALTH CHECK] [OK] Chrome connection is healthy
[LF][[OK] SUCCESS] Found Amadeus Altea window: Altéa Reservation Desktop
[LF][[INFO] INFO] URL: https://tc212.resdesktop.altea.amadeus.com/app_ard/apf/init/login?SITE=ESMPESMP&LANGUAGE=GB&MARKETS=ARDW_PROD_WBP&ACTION=clpLogin
2026-01-25 07:24:41 | INFO     | [DAY_START] Processing 12APR
[LF] Processing RUH-ATZ for 12APR
2026-01-25 07:24:41 | INFO     | [lf.day.start] Processing RUH-ATZ for 12APR
[LF] Sending SN command: SN12APRRUHATZ/ASM
[LF] No direct flights on 12APR for RUH-ATZ
2026-01-25 07:24:42 | WARNING  | [lf.day.no_flights] No direct flights on 12APR
2026-01-25 07:24:42 | INFO     | [SUCCESS] Day 12APR
2026-01-25 07:24:42 | INFO     | [DAY_START] Processing 11APR
[LF] Processing RUH-ATZ for 11APR
2026-01-25 07:24:42 | INFO     | [lf.day.start] Processing RUH-ATZ for 11APR
[LF] Sending SN command: SN11APRRUHATZ/ASM
[LF] No direct flights on 11APR for RUH-ATZ
2026-01-25 07:24:43 | WARNING  | [lf.day.no_flights] No direct flights on 11APR
2026-01-25 07:24:43 | INFO     | [SUCCESS] Day 11APR
2026-01-25 07:24:43 | INFO     | [DAY_START] Processing 10APR
[LF] Processing RUH-ATZ for 10APR
2026-01-25 07:24:43 | INFO     | [lf.day.start] Processing RUH-ATZ for 10APR
[LF] Sending SN command: SN10APRRUHATZ/ASM
[LF] No direct flights on 10APR for RUH-ATZ
2026-01-25 07:24:44 | WARNING  | [lf.day.no_flights] No direct flights on 10APR
2026-01-25 07:24:44 | INFO     | [SUCCESS] Day 10APR
2026-01-25 07:24:44 | INFO     | [DAY_START] Processing 09APR
[LF] Processing RUH-ATZ for 09APR
2026-01-25 07:24:44 | INFO     | [lf.day.start] Processing RUH-ATZ for 09APR
[LF] Sending SN command: SN09APRRUHATZ/ASM
[LF] No direct flights on 09APR for RUH-ATZ
2026-01-25 07:24:45 | WARNING  | [lf.day.no_flights] No direct flights on 09APR
2026-01-25 07:24:45 | INFO     | [SUCCESS] Day 09APR
2026-01-25 07:24:45 | INFO     | [DAY_START] Processing 08APR
[LF] Processing RUH-ATZ for 08APR
2026-01-25 07:24:45 | INFO     | [lf.day.start] Processing RUH-ATZ for 08APR
[LF] Sending SN command: SN08APRRUHATZ/ASM
[LF] 08APR: found 1 direct flights
2026-01-25 07:24:47 | INFO     | [lf.day.flights_found] Found 1 flights on 08APR
2026-01-25 07:24:49 | INFO     | [lf.flight.extracted] SM466 on 08APR: BKG=19, LF=10.9%
[LF] SM466 08APR: BKG=19, GRP=0, CAP=175, LF%=10.9%, Brd-Off=RUH-ATZ, Classes: I:7, O:6, U:5, K:1
[LF] Getting WEEKLY/LASTSOLD data for 1 flights
[LF] SM466 08APR: LASTSOLD=2026-01-24 00:00:00, WEEKLY=6, TODAY=0, YDAY=3
2026-01-25 07:24:51 | INFO     | [SUCCESS] Day 08APR
2026-01-25 07:24:51 | INFO     | [DAY_START] Processing 07APR
[LF] Processing RUH-ATZ for 07APR
2026-01-25 07:24:51 | INFO     | [lf.day.start] Processing RUH-ATZ for 07APR
[LF] Sending SN command: SN07APRRUHATZ/ASM
[LF] No direct flights on 07APR for RUH-ATZ
2026-01-25 07:24:53 | WARNING  | [lf.day.no_flights] No direct flights on 07APR
2026-01-25 07:24:53 | INFO     | [SUCCESS] Day 07APR
2026-01-25 07:24:53 | INFO     | [DAY_START] Processing 06APR
[LF] Processing RUH-ATZ for 06APR
2026-01-25 07:24:53 | INFO     | [lf.day.start] Processing RUH-ATZ for 06APR
[LF] Sending SN command: SN06APRRUHATZ/ASM
[LF] No direct flights on 06APR for RUH-ATZ
2026-01-25 07:24:54 | WARNING  | [lf.day.no_flights] No direct flights on 06APR
2026-01-25 07:24:54 | INFO     | [SUCCESS] Day 06APR
2026-01-25 07:24:54 | INFO     | [DAY_START] Processing 05APR
[LF] Processing RUH-ATZ for 05APR
2026-01-25 07:24:54 | INFO     | [lf.day.start] Processing RUH-ATZ for 05APR
[LF] Sending SN command: SN05APRRUHATZ/ASM
[LF] No direct flights on 05APR for RUH-ATZ
2026-01-25 07:24:55 | WARNING  | [lf.day.no_flights] No direct flights on 05APR
2026-01-25 07:24:55 | INFO     | [SUCCESS] Day 05APR
[LF] Results summary:
  2026-04-12: 0 flights
  2026-04-11: 0 flights
  2026-04-10: 0 flights
  2026-04-09: 0 flights
  2026-04-08: 1 flights
  2026-04-07: 0 flights
  2026-04-06: 0 flights
  2026-04-05: 0 flights
2026-01-25 07:24:55 | INFO     | [SUCCESS] LF Search Complete

============================================================
[Worker_9233] ✓ COMPLETED: RUH-ATZ
  Results: 8 dates
  Errors: 0 dates
  Total Processed: 30 groups
============================================================

2026-01-25 07:24:55 | INFO     | [Worker_9233] Completed: RUH-ATZ - 8 results, 0 errors

============================================================
[Worker_9233] Processing: AJF-CAI
  Tier 0: Range 3, Chunk 3/4
  Dates: 8 days
  Date Range: 2026-04-12 to 2026-04-05
============================================================

2026-01-25 07:24:55 | INFO     | [Worker_9233] Processing: AJF-CAI
2026-01-25 07:24:55 | INFO     |   Tier 0: Range 3, Chunk 3/4 (8 days)
2026-01-25 07:24:55 | INFO     | ======================================================================
2026-01-25 07:24:55 | INFO     | Load Factor Scraper Started - Route: AJF-CAI
2026-01-25 07:24:55 | INFO     | Log file: D:\CODERED\LAB\Artifacts\outputs\run_generated_250126_at_07.06\logs\LF_AJF-CAI_20260125_072455.log
2026-01-25 07:24:55 | INFO     | Enhanced logging: Capturing both logging.info() and print()
2026-01-25 07:24:55 | INFO     | ======================================================================
[LF] Processing dates (override): ['12APR', '11APR', '10APR', '09APR', '08APR', '07APR', '06APR', '05APR']
[LF] Attaching to Chrome for Altea access
2026-01-25 07:24:55 | INFO     | Starting LF search for route: AJF-CAI
2026-01-25 07:24:55 | INFO     | [START] LF Search
[LF][[OK] SUCCESS] Connected to Chrome on 127.0.0.1:9233 (after 1 attempts)
2026-01-25 07:24:56 | INFO     | [HEALTH CHECK] [OK] Chrome connection is healthy
[LF][[OK] SUCCESS] Found Amadeus Altea window: Altéa Reservation Desktop
[LF][[INFO] INFO] URL: https://tc212.resdesktop.altea.amadeus.com/app_ard/apf/init/login?SITE=ESMPESMP&LANGUAGE=GB&MARKETS=ARDW_PROD_WBP&ACTION=clpLogin
2026-01-25 07:24:56 | INFO     | [DAY_START] Processing 12APR
[LF] Processing AJF-CAI for 12APR
2026-01-25 07:24:56 | INFO     | [lf.day.start] Processing AJF-CAI for 12APR
[LF] Sending SN command: SN12APRAJFCAI/ASM
[LF] 12APR: found 1 direct flights
2026-01-25 07:24:57 | INFO     | [lf.day.flights_found] Found 1 flights on 12APR
2026-01-25 07:25:00 | INFO     | [lf.flight.extracted] SM322 on 12APR: BKG=3, LF=1.7%
[LF] SM322 12APR: BKG=3, GRP=0, CAP=175, LF%=1.7%, Brd-Off=AJF-CAI, Classes: N:2, S:1
[LF] Getting WEEKLY/LASTSOLD data for 1 flights
[LF] SM322 12APR: LASTSOLD=2025-12-21 00:00:00, WEEKLY=0, TODAY=0, YDAY=0
2026-01-25 07:25:02 | INFO     | [SUCCESS] Day 12APR
2026-01-25 07:25:02 | INFO     | [DAY_START] Processing 11APR
[LF] Processing AJF-CAI for 11APR
2026-01-25 07:25:02 | INFO     | [lf.day.start] Processing AJF-CAI for 11APR
[LF] Sending SN command: SN11APRAJFCAI/ASM
[LF] No direct flights on 11APR for AJF-CAI
2026-01-25 07:25:04 | WARNING  | [lf.day.no_flights] No direct flights on 11APR
2026-01-25 07:25:04 | INFO     | [SUCCESS] Day 11APR
2026-01-25 07:25:04 | INFO     | [DAY_START] Processing 10APR
[LF] Processing AJF-CAI for 10APR
2026-01-25 07:25:04 | INFO     | [lf.day.start] Processing AJF-CAI for 10APR
[LF] Sending SN command: SN10APRAJFCAI/ASM
[LF] 10APR: found 1 direct flights
2026-01-25 07:25:05 | INFO     | [lf.day.flights_found] Found 1 flights on 10APR
2026-01-25 07:25:07 | INFO     | [lf.flight.extracted] SM322 on 10APR: BKG=0, LF=0.0%
[LF] SM322 10APR: BKG=0, GRP=0, CAP=175, LF%=0.0%, Brd-Off=AJF-CAI
2026-01-25 07:25:08 | INFO     | [SUCCESS] Day 10APR
2026-01-25 07:25:08 | INFO     | [DAY_START] Processing 09APR
[LF] Processing AJF-CAI for 09APR
2026-01-25 07:25:08 | INFO     | [lf.day.start] Processing AJF-CAI for 09APR
[LF] Sending SN command: SN09APRAJFCAI/ASM
[LF] 09APR: found 1 direct flights
2026-01-25 07:25:09 | INFO     | [lf.day.flights_found] Found 1 flights on 09APR
2026-01-25 07:25:11 | INFO     | [lf.flight.extracted] SM322 on 09APR: BKG=4, LF=2.3%
[LF] SM322 09APR: BKG=4, GRP=0, CAP=175, LF%=2.3%, Brd-Off=AJF-CAI, Classes: I:4
[LF] Getting WEEKLY/LASTSOLD data for 1 flights
[LF] SM322 09APR: LASTSOLD=2026-01-22 00:00:00, WEEKLY=3, TODAY=0, YDAY=0
2026-01-25 07:25:14 | INFO     | [SUCCESS] Day 09APR
2026-01-25 07:25:14 | INFO     | [DAY_START] Processing 08APR
[LF] Processing AJF-CAI for 08APR
2026-01-25 07:25:14 | INFO     | [lf.day.start] Processing AJF-CAI for 08APR
[LF] Sending SN command: SN08APRAJFCAI/ASM
[LF] No direct flights on 08APR for AJF-CAI
2026-01-25 07:25:16 | WARNING  | [lf.day.no_flights] No direct flights on 08APR
2026-01-25 07:25:16 | INFO     | [SUCCESS] Day 08APR
2026-01-25 07:25:16 | INFO     | [DAY_START] Processing 07APR
[LF] Processing AJF-CAI for 07APR
2026-01-25 07:25:16 | INFO     | [lf.day.start] Processing AJF-CAI for 07APR
[LF] Sending SN command: SN07APRAJFCAI/ASM
[LF] No direct flights on 07APR for AJF-CAI
2026-01-25 07:25:17 | WARNING  | [lf.day.no_flights] No direct flights on 07APR
2026-01-25 07:25:17 | INFO     | [SUCCESS] Day 07APR
2026-01-25 07:25:17 | INFO     | [DAY_START] Processing 06APR
[LF] Processing AJF-CAI for 06APR
2026-01-25 07:25:17 | INFO     | [lf.day.start] Processing AJF-CAI for 06APR
[LF] Sending SN command: SN06APRAJFCAI/ASM
[LF] No direct flights on 06APR for AJF-CAI
2026-01-25 07:25:18 | WARNING  | [lf.day.no_flights] No direct flights on 06APR
2026-01-25 07:25:18 | INFO     | [SUCCESS] Day 06APR
2026-01-25 07:25:18 | INFO     | [DAY_START] Processing 05APR
[LF] Processing AJF-CAI for 05APR
2026-01-25 07:25:18 | INFO     | [lf.day.start] Processing AJF-CAI for 05APR
[LF] Sending SN command: SN05APRAJFCAI/ASM
[LF] 05APR: found 1 direct flights
2026-01-25 07:25:19 | INFO     | [lf.day.flights_found] Found 1 flights on 05APR
2026-01-25 07:25:21 | INFO     | [lf.flight.extracted] SM322 on 05APR: BKG=5, LF=2.9%
[LF] SM322 05APR: BKG=5, GRP=0, CAP=175, LF%=2.9%, Brd-Off=AJF-CAI, Classes: I:5
[LF] Getting WEEKLY/LASTSOLD data for 1 flights
[LF] SM322 05APR: LASTSOLD=2026-01-07 00:00:00, WEEKLY=0, TODAY=0, YDAY=0
2026-01-25 07:25:24 | INFO     | [SUCCESS] Day 05APR
[LF] Results summary:
  2026-04-12: 1 flights
  2026-04-11: 0 flights
  2026-04-10: 1 flights
  2026-04-09: 1 flights
  2026-04-08: 0 flights
  2026-04-07: 0 flights
  2026-04-06: 0 flights
  2026-04-05: 1 flights
2026-01-25 07:25:24 | INFO     | [SUCCESS] LF Search Complete

============================================================
[Worker_9233] ✓ COMPLETED: AJF-CAI
  Results: 8 dates
  Errors: 0 dates
  Total Processed: 31 groups
============================================================

2026-01-25 07:25:24 | INFO     | [Worker_9233] Completed: AJF-CAI - 8 results, 0 errors

============================================================
[Worker_9233] Processing: HBE-MED
  Tier 0: Range 3, Chunk 3/4
  Dates: 8 days
  Date Range: 2026-04-12 to 2026-04-05
============================================================

2026-01-25 07:25:24 | INFO     | [Worker_9233] Processing: HBE-MED
2026-01-25 07:25:24 | INFO     |   Tier 0: Range 3, Chunk 3/4 (8 days)
2026-01-25 07:25:24 | INFO     | ======================================================================
2026-01-25 07:25:24 | INFO     | Load Factor Scraper Started - Route: HBE-MED
2026-01-25 07:25:24 | INFO     | Log file: D:\CODERED\LAB\Artifacts\outputs\run_generated_250126_at_07.06\logs\LF_HBE-MED_20260125_072524.log
2026-01-25 07:25:24 | INFO     | Enhanced logging: Capturing both logging.info() and print()
2026-01-25 07:25:24 | INFO     | ======================================================================
[LF] Processing dates (override): ['12APR', '11APR', '10APR', '09APR', '08APR', '07APR', '06APR', '05APR']
[LF] Attaching to Chrome for Altea access
2026-01-25 07:25:24 | INFO     | Starting LF search for route: HBE-MED
2026-01-25 07:25:24 | INFO     | [START] LF Search
[LF][[OK] SUCCESS] Connected to Chrome on 127.0.0.1:9233 (after 1 attempts)
2026-01-25 07:25:24 | INFO     | [HEALTH CHECK] [OK] Chrome connection is healthy
[LF][[OK] SUCCESS] Found Amadeus Altea window: Altéa Reservation Desktop
[LF][[INFO] INFO] URL: https://tc212.resdesktop.altea.amadeus.com/app_ard/apf/init/login?SITE=ESMPESMP&LANGUAGE=GB&MARKETS=ARDW_PROD_WBP&ACTION=clpLogin
2026-01-25 07:25:24 | INFO     | [DAY_START] Processing 12APR
[LF] Processing HBE-MED for 12APR
2026-01-25 07:25:24 | INFO     | [lf.day.start] Processing HBE-MED for 12APR
[LF] Sending SN command: SN12APRHBEMED/ASM
[LF] 12APR: found 1 direct flights
2026-01-25 07:25:26 | INFO     | [lf.day.flights_found] Found 1 flights on 12APR
2026-01-25 07:25:28 | INFO     | [lf.flight.extracted] SM485 on 12APR: BKG=2, LF=1.1%
[LF] SM485 12APR: BKG=2, GRP=0, CAP=179, LF%=1.1%, Brd-Off=HBE-MED, Classes: I:2
[LF] Getting WEEKLY/LASTSOLD data for 1 flights
[LF] SM485 12APR: LASTSOLD=2026-01-06 00:00:00, WEEKLY=0, TODAY=0, YDAY=0
2026-01-25 07:25:30 | INFO     | [SUCCESS] Day 12APR
2026-01-25 07:25:30 | INFO     | [DAY_START] Processing 11APR
[LF] Processing HBE-MED for 11APR
2026-01-25 07:25:30 | INFO     | [lf.day.start] Processing HBE-MED for 11APR
[LF] Sending SN command: SN11APRHBEMED/ASM
[LF] No direct flights on 11APR for HBE-MED
2026-01-25 07:25:32 | WARNING  | [lf.day.no_flights] No direct flights on 11APR
2026-01-25 07:25:32 | INFO     | [SUCCESS] Day 11APR
2026-01-25 07:25:32 | INFO     | [DAY_START] Processing 10APR
[LF] Processing HBE-MED for 10APR
2026-01-25 07:25:32 | INFO     | [lf.day.start] Processing HBE-MED for 10APR
[LF] Sending SN command: SN10APRHBEMED/ASM
[LF] No direct flights on 10APR for HBE-MED
2026-01-25 07:25:33 | WARNING  | [lf.day.no_flights] No direct flights on 10APR
2026-01-25 07:25:33 | INFO     | [SUCCESS] Day 10APR
2026-01-25 07:25:33 | INFO     | [DAY_START] Processing 09APR
[LF] Processing HBE-MED for 09APR
2026-01-25 07:25:33 | INFO     | [lf.day.start] Processing HBE-MED for 09APR
[LF] Sending SN command: SN09APRHBEMED/ASM
[LF] 09APR: found 1 direct flights
2026-01-25 07:25:34 | INFO     | [lf.day.flights_found] Found 1 flights on 09APR
2026-01-25 07:25:36 | INFO     | [lf.flight.extracted] SM485 on 09APR: BKG=2, LF=1.1%
[LF] SM485 09APR: BKG=2, GRP=0, CAP=179, LF%=1.1%, Brd-Off=HBE-MED, Classes: I:2
[LF] Getting WEEKLY/LASTSOLD data for 1 flights
[LF] SM485 09APR: LASTSOLD=2026-01-14 00:00:00, WEEKLY=0, TODAY=0, YDAY=0
2026-01-25 07:25:39 | INFO     | [SUCCESS] Day 09APR
2026-01-25 07:25:39 | INFO     | [DAY_START] Processing 08APR
[LF] Processing HBE-MED for 08APR
2026-01-25 07:25:39 | INFO     | [lf.day.start] Processing HBE-MED for 08APR
[LF] Sending SN command: SN08APRHBEMED/ASM
[LF] No direct flights on 08APR for HBE-MED
2026-01-25 07:25:40 | WARNING  | [lf.day.no_flights] No direct flights on 08APR
2026-01-25 07:25:40 | INFO     | [SUCCESS] Day 08APR
2026-01-25 07:25:40 | INFO     | [DAY_START] Processing 07APR
[LF] Processing HBE-MED for 07APR
2026-01-25 07:25:40 | INFO     | [lf.day.start] Processing HBE-MED for 07APR
[LF] Sending SN command: SN07APRHBEMED/ASM
[LF] No direct flights on 07APR for HBE-MED
2026-01-25 07:25:41 | WARNING  | [lf.day.no_flights] No direct flights on 07APR
2026-01-25 07:25:41 | INFO     | [SUCCESS] Day 07APR
2026-01-25 07:25:41 | INFO     | [DAY_START] Processing 06APR
[LF] Processing HBE-MED for 06APR
2026-01-25 07:25:41 | INFO     | [lf.day.start] Processing HBE-MED for 06APR
[LF] Sending SN command: SN06APRHBEMED/ASM
[LF] No direct flights on 06APR for HBE-MED
2026-01-25 07:25:42 | WARNING  | [lf.day.no_flights] No direct flights on 06APR
2026-01-25 07:25:42 | INFO     | [SUCCESS] Day 06APR
2026-01-25 07:25:42 | INFO     | [DAY_START] Processing 05APR
[LF] Processing HBE-MED for 05APR
2026-01-25 07:25:42 | INFO     | [lf.day.start] Processing HBE-MED for 05APR
[LF] Sending SN command: SN05APRHBEMED/ASM
[LF] 05APR: found 1 direct flights
2026-01-25 07:25:44 | INFO     | [lf.day.flights_found] Found 1 flights on 05APR
2026-01-25 07:25:45 | INFO     | [lf.flight.extracted] SM485 on 05APR: BKG=16, LF=8.9%
[LF] SM485 05APR: BKG=16, GRP=0, CAP=179, LF%=8.9%, Brd-Off=HBE-MED, Classes: I:9, O:4, U:3
[LF] Getting WEEKLY/LASTSOLD data for 1 flights
[LF] SM485 05APR: LASTSOLD=2026-01-22 00:00:00, WEEKLY=5, TODAY=0, YDAY=0
2026-01-25 07:25:48 | INFO     | [SUCCESS] Day 05APR
[LF] Results summary:
  2026-04-12: 1 flights
  2026-04-11: 0 flights
  2026-04-10: 0 flights
  2026-04-09: 1 flights
  2026-04-08: 0 flights
  2026-04-07: 0 flights
  2026-04-06: 0 flights
  2026-04-05: 1 flights
2026-01-25 07:25:48 | INFO     | [SUCCESS] LF Search Complete

============================================================
[Worker_9233] ✓ COMPLETED: HBE-MED
  Results: 8 dates
  Errors: 0 dates
  Total Processed: 32 groups
============================================================

2026-01-25 07:25:48 | INFO     | [Worker_9233] Completed: HBE-MED - 8 results, 0 errors

============================================================
[Worker_9233] Processing: LXR-JED
  Tier 0: Range 3, Chunk 3/4
  Dates: 8 days
  Date Range: 2026-04-12 to 2026-04-05
============================================================

2026-01-25 07:25:48 | INFO     | [Worker_9233] Processing: LXR-JED
2026-01-25 07:25:48 | INFO     |   Tier 0: Range 3, Chunk 3/4 (8 days)
2026-01-25 07:25:48 | INFO     | ======================================================================
2026-01-25 07:25:48 | INFO     | Load Factor Scraper Started - Route: LXR-JED
2026-01-25 07:25:48 | INFO     | Log file: D:\CODERED\LAB\Artifacts\outputs\run_generated_250126_at_07.06\logs\LF_LXR-JED_20260125_072548.log
2026-01-25 07:25:48 | INFO     | Enhanced logging: Capturing both logging.info() and print()
2026-01-25 07:25:48 | INFO     | ======================================================================
[LF] Processing dates (override): ['12APR', '11APR', '10APR', '09APR', '08APR', '07APR', '06APR', '05APR']
[LF] Attaching to Chrome for Altea access
2026-01-25 07:25:48 | INFO     | Starting LF search for route: LXR-JED
2026-01-25 07:25:48 | INFO     | [START] LF Search
[LF][[OK] SUCCESS] Connected to Chrome on 127.0.0.1:9233 (after 1 attempts)
2026-01-25 07:25:49 | INFO     | [HEALTH CHECK] [OK] Chrome connection is healthy
[LF][[OK] SUCCESS] Found Amadeus Altea window: Altéa Reservation Desktop
[LF][[INFO] INFO] URL: https://tc212.resdesktop.altea.amadeus.com/app_ard/apf/init/login?SITE=ESMPESMP&LANGUAGE=GB&MARKETS=ARDW_PROD_WBP&ACTION=clpLogin
2026-01-25 07:25:49 | INFO     | [DAY_START] Processing 12APR
[LF] Processing LXR-JED for 12APR
2026-01-25 07:25:49 | INFO     | [lf.day.start] Processing LXR-JED for 12APR
[LF] Sending SN command: SN12APRLXRJED/ASM
[LF] No direct flights on 12APR for LXR-JED
2026-01-25 07:25:50 | WARNING  | [lf.day.no_flights] No direct flights on 12APR
2026-01-25 07:25:50 | INFO     | [SUCCESS] Day 12APR
2026-01-25 07:25:50 | INFO     | [DAY_START] Processing 11APR
[LF] Processing LXR-JED for 11APR
2026-01-25 07:25:50 | INFO     | [lf.day.start] Processing LXR-JED for 11APR
[LF] Sending SN command: SN11APRLXRJED/ASM
[LF] No direct flights on 11APR for LXR-JED
2026-01-25 07:25:51 | WARNING  | [lf.day.no_flights] No direct flights on 11APR
2026-01-25 07:25:51 | INFO     | [SUCCESS] Day 11APR
2026-01-25 07:25:51 | INFO     | [DAY_START] Processing 10APR
[LF] Processing LXR-JED for 10APR
2026-01-25 07:25:51 | INFO     | [lf.day.start] Processing LXR-JED for 10APR
[LF] Sending SN command: SN10APRLXRJED/ASM
[LF] No direct flights on 10APR for LXR-JED
2026-01-25 07:25:52 | WARNING  | [lf.day.no_flights] No direct flights on 10APR
2026-01-25 07:25:52 | INFO     | [SUCCESS] Day 10APR
2026-01-25 07:25:52 | INFO     | [DAY_START] Processing 09APR
[LF] Processing LXR-JED for 09APR
2026-01-25 07:25:52 | INFO     | [lf.day.start] Processing LXR-JED for 09APR
[LF] Sending SN command: SN09APRLXRJED/ASM
[LF] No direct flights on 09APR for LXR-JED
2026-01-25 07:25:53 | WARNING  | [lf.day.no_flights] No direct flights on 09APR
2026-01-25 07:25:53 | INFO     | [SUCCESS] Day 09APR
2026-01-25 07:25:53 | INFO     | [DAY_START] Processing 08APR
[LF] Processing LXR-JED for 08APR
2026-01-25 07:25:53 | INFO     | [lf.day.start] Processing LXR-JED for 08APR
[LF] Sending SN command: SN08APRLXRJED/ASM
[LF] No direct flights on 08APR for LXR-JED
2026-01-25 07:25:55 | WARNING  | [lf.day.no_flights] No direct flights on 08APR
2026-01-25 07:25:55 | INFO     | [SUCCESS] Day 08APR
2026-01-25 07:25:55 | INFO     | [DAY_START] Processing 07APR
[LF] Processing LXR-JED for 07APR
2026-01-25 07:25:55 | INFO     | [lf.day.start] Processing LXR-JED for 07APR
[LF] Sending SN command: SN07APRLXRJED/ASM
[LF] No direct flights on 07APR for LXR-JED
2026-01-25 07:25:56 | WARNING  | [lf.day.no_flights] No direct flights on 07APR
2026-01-25 07:25:56 | INFO     | [SUCCESS] Day 07APR
2026-01-25 07:25:56 | INFO     | [DAY_START] Processing 06APR
[LF] Processing LXR-JED for 06APR
2026-01-25 07:25:56 | INFO     | [lf.day.start] Processing LXR-JED for 06APR
[LF] Sending SN command: SN06APRLXRJED/ASM
[LF] No direct flights on 06APR for LXR-JED
2026-01-25 07:25:57 | WARNING  | [lf.day.no_flights] No direct flights on 06APR
2026-01-25 07:25:57 | INFO     | [SUCCESS] Day 06APR
2026-01-25 07:25:57 | INFO     | [DAY_START] Processing 05APR
[LF] Processing LXR-JED for 05APR
2026-01-25 07:25:57 | INFO     | [lf.day.start] Processing LXR-JED for 05APR
[LF] Sending SN command: SN05APRLXRJED/ASM
[LF] No direct flights on 05APR for LXR-JED
2026-01-25 07:25:58 | WARNING  | [lf.day.no_flights] No direct flights on 05APR
2026-01-25 07:25:58 | INFO     | [SUCCESS] Day 05APR
[LF] Results summary:
  2026-04-12: 0 flights
  2026-04-11: 0 flights
  2026-04-10: 0 flights
  2026-04-09: 0 flights
  2026-04-08: 0 flights
  2026-04-07: 0 flights
  2026-04-06: 0 flights
  2026-04-05: 0 flights
2026-01-25 07:25:58 | INFO     | [SUCCESS] LF Search Complete

============================================================
[Worker_9233] ✓ COMPLETED: LXR-JED
  Results: 8 dates
  Errors: 0 dates
  Total Processed: 33 groups
============================================================

2026-01-25 07:25:58 | INFO     | [Worker_9233] Completed: LXR-JED - 8 results, 0 errors

============================================================
[Worker_9233] Processing: ATZ-DMM
  Tier 0: Range 3, Chunk 3/4
  Dates: 8 days
  Date Range: 2026-04-12 to 2026-04-05
============================================================

2026-01-25 07:25:58 | INFO     | [Worker_9233] Processing: ATZ-DMM
2026-01-25 07:25:58 | INFO     |   Tier 0: Range 3, Chunk 3/4 (8 days)
2026-01-25 07:25:58 | INFO     | ======================================================================
2026-01-25 07:25:58 | INFO     | Load Factor Scraper Started - Route: ATZ-DMM
2026-01-25 07:25:58 | INFO     | Log file: D:\CODERED\LAB\Artifacts\outputs\run_generated_250126_at_07.06\logs\LF_ATZ-DMM_20260125_072558.log
2026-01-25 07:25:58 | INFO     | Enhanced logging: Capturing both logging.info() and print()
2026-01-25 07:25:58 | INFO     | ======================================================================
[LF] Processing dates (override): ['12APR', '11APR', '10APR', '09APR', '08APR', '07APR', '06APR', '05APR']
[LF] Attaching to Chrome for Altea access
2026-01-25 07:25:58 | INFO     | Starting LF search for route: ATZ-DMM
2026-01-25 07:25:58 | INFO     | [START] LF Search
[LF][[OK] SUCCESS] Connected to Chrome on 127.0.0.1:9233 (after 1 attempts)
2026-01-25 07:25:59 | INFO     | [HEALTH CHECK] [OK] Chrome connection is healthy
[LF][[OK] SUCCESS] Found Amadeus Altea window: Altéa Reservation Desktop
[LF][[INFO] INFO] URL: https://tc212.resdesktop.altea.amadeus.com/app_ard/apf/init/login?SITE=ESMPESMP&LANGUAGE=GB&MARKETS=ARDW_PROD_WBP&ACTION=clpLogin
2026-01-25 07:25:59 | INFO     | [DAY_START] Processing 12APR
[LF] Processing ATZ-DMM for 12APR
2026-01-25 07:25:59 | INFO     | [lf.day.start] Processing ATZ-DMM for 12APR
[LF] Sending SN command: SN12APRATZDMM/ASM
[LF] No direct flights on 12APR for ATZ-DMM
2026-01-25 07:26:00 | WARNING  | [lf.day.no_flights] No direct flights on 12APR
2026-01-25 07:26:00 | INFO     | [SUCCESS] Day 12APR
2026-01-25 07:26:00 | INFO     | [DAY_START] Processing 11APR
[LF] Processing ATZ-DMM for 11APR
2026-01-25 07:26:00 | INFO     | [lf.day.start] Processing ATZ-DMM for 11APR
[LF] Sending SN command: SN11APRATZDMM/ASM
[LF] No direct flights on 11APR for ATZ-DMM
2026-01-25 07:26:01 | WARNING  | [lf.day.no_flights] No direct flights on 11APR
2026-01-25 07:26:01 | INFO     | [SUCCESS] Day 11APR
2026-01-25 07:26:01 | INFO     | [DAY_START] Processing 10APR
[LF] Processing ATZ-DMM for 10APR
2026-01-25 07:26:01 | INFO     | [lf.day.start] Processing ATZ-DMM for 10APR
[LF] Sending SN command: SN10APRATZDMM/ASM
[LF] No direct flights on 10APR for ATZ-DMM
2026-01-25 07:26:03 | WARNING  | [lf.day.no_flights] No direct flights on 10APR
2026-01-25 07:26:03 | INFO     | [SUCCESS] Day 10APR
2026-01-25 07:26:03 | INFO     | [DAY_START] Processing 09APR
[LF] Processing ATZ-DMM for 09APR
2026-01-25 07:26:03 | INFO     | [lf.day.start] Processing ATZ-DMM for 09APR
[LF] Sending SN command: SN09APRATZDMM/ASM
[LF] No direct flights on 09APR for ATZ-DMM
2026-01-25 07:26:04 | WARNING  | [lf.day.no_flights] No direct flights on 09APR
2026-01-25 07:26:04 | INFO     | [SUCCESS] Day 09APR
2026-01-25 07:26:04 | INFO     | [DAY_START] Processing 08APR
[LF] Processing ATZ-DMM for 08APR
2026-01-25 07:26:04 | INFO     | [lf.day.start] Processing ATZ-DMM for 08APR
[LF] Sending SN command: SN08APRATZDMM/ASM
[LF] No direct flights on 08APR for ATZ-DMM
2026-01-25 07:26:05 | WARNING  | [lf.day.no_flights] No direct flights on 08APR
2026-01-25 07:26:05 | INFO     | [SUCCESS] Day 08APR
2026-01-25 07:26:05 | INFO     | [DAY_START] Processing 07APR
[LF] Processing ATZ-DMM for 07APR
2026-01-25 07:26:05 | INFO     | [lf.day.start] Processing ATZ-DMM for 07APR
[LF] Sending SN command: SN07APRATZDMM/ASM
[LF] No direct flights on 07APR for ATZ-DMM
2026-01-25 07:26:06 | WARNING  | [lf.day.no_flights] No direct flights on 07APR
2026-01-25 07:26:06 | INFO     | [SUCCESS] Day 07APR
2026-01-25 07:26:06 | INFO     | [DAY_START] Processing 06APR
[LF] Processing ATZ-DMM for 06APR
2026-01-25 07:26:06 | INFO     | [lf.day.start] Processing ATZ-DMM for 06APR
[LF] Sending SN command: SN06APRATZDMM/ASM
[LF] No direct flights on 06APR for ATZ-DMM
2026-01-25 07:26:07 | WARNING  | [lf.day.no_flights] No direct flights on 06APR
2026-01-25 07:26:07 | INFO     | [SUCCESS] Day 06APR
2026-01-25 07:26:07 | INFO     | [DAY_START] Processing 05APR
[LF] Processing ATZ-DMM for 05APR
2026-01-25 07:26:07 | INFO     | [lf.day.start] Processing ATZ-DMM for 05APR
[LF] Sending SN command: SN05APRATZDMM/ASM
[LF] No direct flights on 05APR for ATZ-DMM
2026-01-25 07:26:09 | WARNING  | [lf.day.no_flights] No direct flights on 05APR
2026-01-25 07:26:09 | INFO     | [SUCCESS] Day 05APR
[LF] Results summary:
  2026-04-12: 0 flights
  2026-04-11: 0 flights
  2026-04-10: 0 flights
  2026-04-09: 0 flights
  2026-04-08: 0 flights
  2026-04-07: 0 flights
  2026-04-06: 0 flights
  2026-04-05: 0 flights
2026-01-25 07:26:09 | INFO     | [SUCCESS] LF Search Complete

============================================================
[Worker_9233] ✓ COMPLETED: ATZ-DMM
  Results: 8 dates
  Errors: 0 dates
  Total Processed: 34 groups
============================================================

2026-01-25 07:26:09 | INFO     | [Worker_9233] Completed: ATZ-DMM - 8 results, 0 errors

============================================================
[Worker_9233] Processing: ATZ-TUU
  Tier 0: Range 3, Chunk 3/4
  Dates: 8 days
  Date Range: 2026-04-12 to 2026-04-05
============================================================

2026-01-25 07:26:09 | INFO     | [Worker_9233] Processing: ATZ-TUU
2026-01-25 07:26:09 | INFO     |   Tier 0: Range 3, Chunk 3/4 (8 days)
2026-01-25 07:26:09 | INFO     | ======================================================================
2026-01-25 07:26:09 | INFO     | Load Factor Scraper Started - Route: ATZ-TUU
2026-01-25 07:26:09 | INFO     | Log file: D:\CODERED\LAB\Artifacts\outputs\run_generated_250126_at_07.06\logs\LF_ATZ-TUU_20260125_072609.log
2026-01-25 07:26:09 | INFO     | Enhanced logging: Capturing both logging.info() and print()
2026-01-25 07:26:09 | INFO     | ======================================================================
[LF] Processing dates (override): ['12APR', '11APR', '10APR', '09APR', '08APR', '07APR', '06APR', '05APR']
[LF] Attaching to Chrome for Altea access
2026-01-25 07:26:09 | INFO     | Starting LF search for route: ATZ-TUU
2026-01-25 07:26:09 | INFO     | [START] LF Search
[LF][[OK] SUCCESS] Connected to Chrome on 127.0.0.1:9233 (after 1 attempts)
2026-01-25 07:26:10 | INFO     | [HEALTH CHECK] [OK] Chrome connection is healthy
[LF][[OK] SUCCESS] Found Amadeus Altea window: Altéa Reservation Desktop
[LF][[INFO] INFO] URL: https://tc212.resdesktop.altea.amadeus.com/app_ard/apf/init/login?SITE=ESMPESMP&LANGUAGE=GB&MARKETS=ARDW_PROD_WBP&ACTION=clpLogin
2026-01-25 07:26:10 | INFO     | [DAY_START] Processing 12APR
[LF] Processing ATZ-TUU for 12APR
2026-01-25 07:26:10 | INFO     | [lf.day.start] Processing ATZ-TUU for 12APR
[LF] Sending SN command: SN12APRATZTUU/ASM
[LF] No direct flights on 12APR for ATZ-TUU
2026-01-25 07:26:11 | WARNING  | [lf.day.no_flights] No direct flights on 12APR
2026-01-25 07:26:11 | INFO     | [SUCCESS] Day 12APR
2026-01-25 07:26:11 | INFO     | [DAY_START] Processing 11APR
[LF] Processing ATZ-TUU for 11APR
2026-01-25 07:26:11 | INFO     | [lf.day.start] Processing ATZ-TUU for 11APR
[LF] Sending SN command: SN11APRATZTUU/ASM
[LF] No direct flights on 11APR for ATZ-TUU
2026-01-25 07:26:12 | WARNING  | [lf.day.no_flights] No direct flights on 11APR
2026-01-25 07:26:12 | INFO     | [SUCCESS] Day 11APR
2026-01-25 07:26:12 | INFO     | [DAY_START] Processing 10APR
[LF] Processing ATZ-TUU for 10APR
2026-01-25 07:26:12 | INFO     | [lf.day.start] Processing ATZ-TUU for 10APR
[LF] Sending SN command: SN10APRATZTUU/ASM
[LF] No direct flights on 10APR for ATZ-TUU
2026-01-25 07:26:13 | WARNING  | [lf.day.no_flights] No direct flights on 10APR
2026-01-25 07:26:13 | INFO     | [SUCCESS] Day 10APR
2026-01-25 07:26:13 | INFO     | [DAY_START] Processing 09APR
[LF] Processing ATZ-TUU for 09APR
2026-01-25 07:26:13 | INFO     | [lf.day.start] Processing ATZ-TUU for 09APR
[LF] Sending SN command: SN09APRATZTUU/ASM
[LF] No direct flights on 09APR for ATZ-TUU
2026-01-25 07:26:15 | WARNING  | [lf.day.no_flights] No direct flights on 09APR
2026-01-25 07:26:15 | INFO     | [SUCCESS] Day 09APR
2026-01-25 07:26:15 | INFO     | [DAY_START] Processing 08APR
[LF] Processing ATZ-TUU for 08APR
2026-01-25 07:26:15 | INFO     | [lf.day.start] Processing ATZ-TUU for 08APR
[LF] Sending SN command: SN08APRATZTUU/ASM
[LF] No direct flights on 08APR for ATZ-TUU
2026-01-25 07:26:16 | WARNING  | [lf.day.no_flights] No direct flights on 08APR
2026-01-25 07:26:16 | INFO     | [SUCCESS] Day 08APR
2026-01-25 07:26:16 | INFO     | [DAY_START] Processing 07APR
[LF] Processing ATZ-TUU for 07APR
2026-01-25 07:26:16 | INFO     | [lf.day.start] Processing ATZ-TUU for 07APR
[LF] Sending SN command: SN07APRATZTUU/ASM
[LF] No direct flights on 07APR for ATZ-TUU
2026-01-25 07:26:17 | WARNING  | [lf.day.no_flights] No direct flights on 07APR
2026-01-25 07:26:17 | INFO     | [SUCCESS] Day 07APR
2026-01-25 07:26:17 | INFO     | [DAY_START] Processing 06APR
[LF] Processing ATZ-TUU for 06APR
2026-01-25 07:26:17 | INFO     | [lf.day.start] Processing ATZ-TUU for 06APR
[LF] Sending SN command: SN06APRATZTUU/ASM
[LF] No direct flights on 06APR for ATZ-TUU
2026-01-25 07:26:18 | WARNING  | [lf.day.no_flights] No direct flights on 06APR
2026-01-25 07:26:18 | INFO     | [SUCCESS] Day 06APR
2026-01-25 07:26:18 | INFO     | [DAY_START] Processing 05APR
[LF] Processing ATZ-TUU for 05APR
2026-01-25 07:26:18 | INFO     | [lf.day.start] Processing ATZ-TUU for 05APR
[LF] Sending SN command: SN05APRATZTUU/ASM
[LF] No direct flights on 05APR for ATZ-TUU
2026-01-25 07:26:19 | WARNING  | [lf.day.no_flights] No direct flights on 05APR
2026-01-25 07:26:19 | INFO     | [SUCCESS] Day 05APR
[LF] Results summary:
  2026-04-12: 0 flights
  2026-04-11: 0 flights
  2026-04-10: 0 flights
  2026-04-09: 0 flights
  2026-04-08: 0 flights
  2026-04-07: 0 flights
  2026-04-06: 0 flights
  2026-04-05: 0 flights
2026-01-25 07:26:19 | INFO     | [SUCCESS] LF Search Complete

============================================================
[Worker_9233] ✓ COMPLETED: ATZ-TUU
  Results: 8 dates
  Errors: 0 dates
  Total Processed: 35 groups
============================================================

2026-01-25 07:26:19 | INFO     | [Worker_9233] Completed: ATZ-TUU - 8 results, 0 errors

============================================================
[Worker_9233] Processing: CAI-YNB
  Tier 0: Range 3, Chunk 3/4
  Dates: 8 days
  Date Range: 2026-04-12 to 2026-04-05
============================================================

2026-01-25 07:26:19 | INFO     | [Worker_9233] Processing: CAI-YNB
2026-01-25 07:26:19 | INFO     |   Tier 0: Range 3, Chunk 3/4 (8 days)
2026-01-25 07:26:19 | INFO     | ======================================================================
2026-01-25 07:26:19 | INFO     | Load Factor Scraper Started - Route: CAI-YNB
2026-01-25 07:26:19 | INFO     | Log file: D:\CODERED\LAB\Artifacts\outputs\run_generated_250126_at_07.06\logs\LF_CAI-YNB_20260125_072619.log
2026-01-25 07:26:19 | INFO     | Enhanced logging: Capturing both logging.info() and print()
2026-01-25 07:26:19 | INFO     | ======================================================================
[LF] Processing dates (override): ['12APR', '11APR', '10APR', '09APR', '08APR', '07APR', '06APR', '05APR']
[LF] Attaching to Chrome for Altea access
2026-01-25 07:26:19 | INFO     | Starting LF search for route: CAI-YNB
2026-01-25 07:26:19 | INFO     | [START] LF Search
[LF][[OK] SUCCESS] Connected to Chrome on 127.0.0.1:9233 (after 1 attempts)
2026-01-25 07:26:20 | INFO     | [HEALTH CHECK] [OK] Chrome connection is healthy
[LF][[OK] SUCCESS] Found Amadeus Altea window: Altéa Reservation Desktop
[LF][[INFO] INFO] URL: https://tc212.resdesktop.altea.amadeus.com/app_ard/apf/init/login?SITE=ESMPESMP&LANGUAGE=GB&MARKETS=ARDW_PROD_WBP&ACTION=clpLogin
2026-01-25 07:26:20 | INFO     | [DAY_START] Processing 12APR
[LF] Processing CAI-YNB for 12APR
2026-01-25 07:26:20 | INFO     | [lf.day.start] Processing CAI-YNB for 12APR
[LF] Sending SN command: SN12APRCAIYNB/ASM
[LF] 12APR: found 1 direct flights
2026-01-25 07:26:22 | INFO     | [lf.day.flights_found] Found 1 flights on 12APR
2026-01-25 07:26:24 | INFO     | [lf.flight.extracted] SM441 on 12APR: BKG=4, LF=2.2%
[LF] SM441 12APR: BKG=4, GRP=0, CAP=179, LF%=2.2%, Brd-Off=CAI-YNB, Classes: I:4
[LF] Getting WEEKLY/LASTSOLD data for 1 flights
[LF] SM441 12APR: LASTSOLD=2026-01-22 00:00:00, WEEKLY=1, TODAY=0, YDAY=0
2026-01-25 07:26:27 | INFO     | [SUCCESS] Day 12APR
2026-01-25 07:26:27 | INFO     | [DAY_START] Processing 11APR
[LF] Processing CAI-YNB for 11APR
2026-01-25 07:26:27 | INFO     | [lf.day.start] Processing CAI-YNB for 11APR
[LF] Sending SN command: SN11APRCAIYNB/ASM
[LF] 11APR: found 1 direct flights
2026-01-25 07:26:28 | INFO     | [lf.day.flights_found] Found 1 flights on 11APR
2026-01-25 07:26:52 | INFO     | [lf.flight.extracted] SM447 on 11APR: BKG=9, LF=5.0%
[LF] SM447 11APR: BKG=9, GRP=0, CAP=179, LF%=5.0%, Brd-Off=CAI-YNB, Classes: I:7, T:2
[LF] Getting WEEKLY/LASTSOLD data for 1 flights
[LF] SM447 11APR: LASTSOLD=2026-01-15 00:00:00, WEEKLY=0, TODAY=0, YDAY=0
2026-01-25 07:26:55 | INFO     | [SUCCESS] Day 11APR
2026-01-25 07:26:55 | INFO     | [DAY_START] Processing 10APR
[LF] Processing CAI-YNB for 10APR
2026-01-25 07:26:55 | INFO     | [lf.day.start] Processing CAI-YNB for 10APR
[LF] Sending SN command: SN10APRCAIYNB/ASM
[LF] 10APR: found 1 direct flights
2026-01-25 07:26:56 | INFO     | [lf.day.flights_found] Found 1 flights on 10APR
2026-01-25 07:26:58 | INFO     | [lf.flight.extracted] SM441 on 10APR: BKG=12, LF=6.7%
[LF] SM441 10APR: BKG=12, GRP=0, CAP=179, LF%=6.7%, Brd-Off=CAI-YNB, Classes: I:9, O:3
[LF] Getting WEEKLY/LASTSOLD data for 1 flights
[LF] SM441 10APR: LASTSOLD=2026-01-18 00:00:00, WEEKLY=1, TODAY=0, YDAY=0
2026-01-25 07:27:01 | INFO     | [SUCCESS] Day 10APR
2026-01-25 07:27:01 | INFO     | [DAY_START] Processing 09APR
[LF] Processing CAI-YNB for 09APR
2026-01-25 07:27:01 | INFO     | [lf.day.start] Processing CAI-YNB for 09APR
[LF] Sending SN command: SN09APRCAIYNB/ASM
[LF] 09APR: found 1 direct flights
2026-01-25 07:27:02 | INFO     | [lf.day.flights_found] Found 1 flights on 09APR
2026-01-25 07:27:04 | INFO     | [lf.flight.extracted] SM441 on 09APR: BKG=8, LF=4.5%
[LF] SM441 09APR: BKG=8, GRP=0, CAP=179, LF%=4.5%, Brd-Off=CAI-YNB, Classes: I:8
[LF] Getting WEEKLY/LASTSOLD data for 1 flights
[LF] SM441 09APR: LASTSOLD=2026-01-23 00:00:00, WEEKLY=1, TODAY=0, YDAY=0
2026-01-25 07:27:06 | INFO     | [SUCCESS] Day 09APR
2026-01-25 07:27:06 | INFO     | [DAY_START] Processing 08APR
[LF] Processing CAI-YNB for 08APR
2026-01-25 07:27:06 | INFO     | [lf.day.start] Processing CAI-YNB for 08APR
[LF] Sending SN command: SN08APRCAIYNB/ASM
[LF] 08APR: found 1 direct flights
2026-01-25 07:27:08 | INFO     | [lf.day.flights_found] Found 1 flights on 08APR
2026-01-25 07:27:09 | INFO     | [lf.flight.extracted] SM441 on 08APR: BKG=2, LF=1.1%
[LF] SM441 08APR: BKG=2, GRP=0, CAP=179, LF%=1.1%, Brd-Off=CAI-YNB, Classes: I:2
[LF] Getting WEEKLY/LASTSOLD data for 1 flights
[LF] SM441 08APR: LASTSOLD=2026-01-05 00:00:00, WEEKLY=0, TODAY=0, YDAY=0
2026-01-25 07:27:12 | INFO     | [SUCCESS] Day 08APR
2026-01-25 07:27:12 | INFO     | [DAY_START] Processing 07APR
[LF] Processing CAI-YNB for 07APR
2026-01-25 07:27:12 | INFO     | [lf.day.start] Processing CAI-YNB for 07APR
[LF] Sending SN command: SN07APRCAIYNB/ASM
[LF] 07APR: found 1 direct flights
2026-01-25 07:27:13 | INFO     | [lf.day.flights_found] Found 1 flights on 07APR
2026-01-25 07:27:15 | INFO     | [lf.flight.extracted] SM441 on 07APR: BKG=1, LF=0.6%
[LF] SM441 07APR: BKG=1, GRP=0, CAP=179, LF%=0.6%, Brd-Off=CAI-YNB, Classes: I:1
[LF] Getting WEEKLY/LASTSOLD data for 1 flights
[LF] SM441 07APR: LASTSOLD=2026-01-23 00:00:00, WEEKLY=1, TODAY=0, YDAY=0
2026-01-25 07:27:18 | INFO     | [SUCCESS] Day 07APR
2026-01-25 07:27:18 | INFO     | [DAY_START] Processing 06APR
[LF] Processing CAI-YNB for 06APR
2026-01-25 07:27:18 | INFO     | [lf.day.start] Processing CAI-YNB for 06APR
[LF] Sending SN command: SN06APRCAIYNB/ASM
[LF] 06APR: found 1 direct flights
2026-01-25 07:27:19 | INFO     | [lf.day.flights_found] Found 1 flights on 06APR
2026-01-25 07:27:21 | INFO     | [lf.flight.extracted] SM441 on 06APR: BKG=0, LF=0.0%
[LF] SM441 06APR: BKG=0, GRP=0, CAP=179, LF%=0.0%, Brd-Off=CAI-YNB
2026-01-25 07:27:22 | INFO     | [SUCCESS] Day 06APR
2026-01-25 07:27:22 | INFO     | [DAY_START] Processing 05APR
[LF] Processing CAI-YNB for 05APR
2026-01-25 07:27:22 | INFO     | [lf.day.start] Processing CAI-YNB for 05APR
[LF] Sending SN command: SN05APRCAIYNB/ASM
[LF] 05APR: found 1 direct flights
2026-01-25 07:27:23 | INFO     | [lf.day.flights_found] Found 1 flights on 05APR
2026-01-25 07:27:26 | INFO     | [lf.flight.extracted] SM441 on 05APR: BKG=7, LF=3.9%
[LF] SM441 05APR: BKG=7, GRP=0, CAP=179, LF%=3.9%, Brd-Off=CAI-YNB, Classes: I:7
[LF] Getting WEEKLY/LASTSOLD data for 1 flights
[LF] SM441 05APR: LASTSOLD=2026-01-14 00:00:00, WEEKLY=0, TODAY=0, YDAY=0
2026-01-25 07:27:28 | INFO     | [SUCCESS] Day 05APR
[LF] Results summary:
  2026-04-12: 1 flights
  2026-04-11: 1 flights
  2026-04-10: 1 flights
  2026-04-09: 1 flights
  2026-04-08: 1 flights
  2026-04-07: 1 flights
  2026-04-06: 1 flights
  2026-04-05: 1 flights
2026-01-25 07:27:28 | INFO     | [SUCCESS] LF Search Complete

============================================================
[Worker_9233] ✓ COMPLETED: CAI-YNB
  Results: 8 dates
  Errors: 0 dates
  Total Processed: 36 groups
============================================================

2026-01-25 07:27:28 | INFO     | [Worker_9233] Completed: CAI-YNB - 8 results, 0 errors

============================================================
[Worker_9233] Processing: DMM-ATZ
  Tier 0: Range 3, Chunk 4/4
  Dates: 8 days
  Date Range: 2026-04-04 to 2026-03-28
============================================================

2026-01-25 07:27:28 | INFO     | [Worker_9233] Processing: DMM-ATZ
2026-01-25 07:27:28 | INFO     |   Tier 0: Range 3, Chunk 4/4 (8 days)
2026-01-25 07:27:28 | INFO     | ======================================================================
2026-01-25 07:27:28 | INFO     | Load Factor Scraper Started - Route: DMM-ATZ
2026-01-25 07:27:28 | INFO     | Log file: D:\CODERED\LAB\Artifacts\outputs\run_generated_250126_at_07.06\logs\LF_DMM-ATZ_20260125_072728.log
2026-01-25 07:27:28 | INFO     | Enhanced logging: Capturing both logging.info() and print()
2026-01-25 07:27:28 | INFO     | ======================================================================
[LF] Processing dates (override): ['04APR', '03APR', '02APR', '01APR', '31MAR', '30MAR', '29MAR', '28MAR']
[LF] Attaching to Chrome for Altea access
2026-01-25 07:27:28 | INFO     | Starting LF search for route: DMM-ATZ
2026-01-25 07:27:28 | INFO     | [START] LF Search
[LF][[OK] SUCCESS] Connected to Chrome on 127.0.0.1:9233 (after 1 attempts)
2026-01-25 07:27:29 | INFO     | [HEALTH CHECK] [OK] Chrome connection is healthy
[LF][[OK] SUCCESS] Found Amadeus Altea window: Altéa Reservation Desktop
[LF][[INFO] INFO] URL: https://tc212.resdesktop.altea.amadeus.com/app_ard/apf/init/login?SITE=ESMPESMP&LANGUAGE=GB&MARKETS=ARDW_PROD_WBP&ACTION=clpLogin
2026-01-25 07:27:29 | INFO     | [DAY_START] Processing 04APR
[LF] Processing DMM-ATZ for 04APR
2026-01-25 07:27:29 | INFO     | [lf.day.start] Processing DMM-ATZ for 04APR
[LF] Sending SN command: SN04APRDMMATZ/ASM
[LF] No direct flights on 04APR for DMM-ATZ
2026-01-25 07:27:30 | WARNING  | [lf.day.no_flights] No direct flights on 04APR
2026-01-25 07:27:30 | INFO     | [SUCCESS] Day 04APR
2026-01-25 07:27:30 | INFO     | [DAY_START] Processing 03APR
[LF] Processing DMM-ATZ for 03APR
2026-01-25 07:27:30 | INFO     | [lf.day.start] Processing DMM-ATZ for 03APR
[LF] Sending SN command: SN03APRDMMATZ/ASM
[LF] No direct flights on 03APR for DMM-ATZ
2026-01-25 07:27:31 | WARNING  | [lf.day.no_flights] No direct flights on 03APR
2026-01-25 07:27:31 | INFO     | [SUCCESS] Day 03APR
2026-01-25 07:27:31 | INFO     | [DAY_START] Processing 02APR
[LF] Processing DMM-ATZ for 02APR
2026-01-25 07:27:31 | INFO     | [lf.day.start] Processing DMM-ATZ for 02APR
[LF] Sending SN command: SN02APRDMMATZ/ASM
[LF] No direct flights on 02APR for DMM-ATZ
2026-01-25 07:27:32 | WARNING  | [lf.day.no_flights] No direct flights on 02APR
2026-01-25 07:27:32 | INFO     | [SUCCESS] Day 02APR
2026-01-25 07:27:32 | INFO     | [DAY_START] Processing 01APR
[LF] Processing DMM-ATZ for 01APR
2026-01-25 07:27:32 | INFO     | [lf.day.start] Processing DMM-ATZ for 01APR
[LF] Sending SN command: SN01APRDMMATZ/ASM
[LF] No direct flights on 01APR for DMM-ATZ
2026-01-25 07:27:33 | WARNING  | [lf.day.no_flights] No direct flights on 01APR
2026-01-25 07:27:33 | INFO     | [SUCCESS] Day 01APR
2026-01-25 07:27:33 | INFO     | [DAY_START] Processing 31MAR
[LF] Processing DMM-ATZ for 31MAR
2026-01-25 07:27:33 | INFO     | [lf.day.start] Processing DMM-ATZ for 31MAR
[LF] Sending SN command: SN31MARDMMATZ/ASM
[LF] No direct flights on 31MAR for DMM-ATZ
2026-01-25 07:27:35 | WARNING  | [lf.day.no_flights] No direct flights on 31MAR
2026-01-25 07:27:35 | INFO     | [SUCCESS] Day 31MAR
2026-01-25 07:27:35 | INFO     | [DAY_START] Processing 30MAR
[LF] Processing DMM-ATZ for 30MAR
2026-01-25 07:27:35 | INFO     | [lf.day.start] Processing DMM-ATZ for 30MAR
[LF] Sending SN command: SN30MARDMMATZ/ASM
[LF] No direct flights on 30MAR for DMM-ATZ
2026-01-25 07:27:36 | WARNING  | [lf.day.no_flights] No direct flights on 30MAR
2026-01-25 07:27:36 | INFO     | [SUCCESS] Day 30MAR
2026-01-25 07:27:36 | INFO     | [DAY_START] Processing 29MAR
[LF] Processing DMM-ATZ for 29MAR
2026-01-25 07:27:36 | INFO     | [lf.day.start] Processing DMM-ATZ for 29MAR
[LF] Sending SN command: SN29MARDMMATZ/ASM
[LF] No direct flights on 29MAR for DMM-ATZ
2026-01-25 07:27:37 | WARNING  | [lf.day.no_flights] No direct flights on 29MAR
2026-01-25 07:27:37 | INFO     | [SUCCESS] Day 29MAR
2026-01-25 07:27:37 | INFO     | [DAY_START] Processing 28MAR
[LF] Processing DMM-ATZ for 28MAR
2026-01-25 07:27:37 | INFO     | [lf.day.start] Processing DMM-ATZ for 28MAR
[LF] Sending SN command: SN28MARDMMATZ/ASM
[LF] No direct flights on 28MAR for DMM-ATZ
2026-01-25 07:27:38 | WARNING  | [lf.day.no_flights] No direct flights on 28MAR
2026-01-25 07:27:38 | INFO     | [SUCCESS] Day 28MAR
[LF] Results summary:
  2026-04-04: 0 flights
  2026-04-03: 0 flights
  2026-04-02: 0 flights
  2026-04-01: 0 flights
  2026-03-31: 0 flights
  2026-03-30: 0 flights
  2026-03-29: 0 flights
  2026-03-28: 0 flights
2026-01-25 07:27:38 | INFO     | [SUCCESS] LF Search Complete

============================================================
[Worker_9233] ✓ COMPLETED: DMM-ATZ
  Results: 8 dates
  Errors: 0 dates
  Total Processed: 37 groups
============================================================

2026-01-25 07:27:38 | INFO     | [Worker_9233] Completed: DMM-ATZ - 8 results, 0 errors

============================================================
[Worker_9233] Processing: AJF-CAI
  Tier 0: Range 3, Chunk 4/4
  Dates: 8 days
  Date Range: 2026-04-04 to 2026-03-28
============================================================

2026-01-25 07:27:38 | INFO     | [Worker_9233] Processing: AJF-CAI
2026-01-25 07:27:38 | INFO     |   Tier 0: Range 3, Chunk 4/4 (8 days)
2026-01-25 07:27:38 | INFO     | ======================================================================
2026-01-25 07:27:38 | INFO     | Load Factor Scraper Started - Route: AJF-CAI
2026-01-25 07:27:38 | INFO     | Log file: D:\CODERED\LAB\Artifacts\outputs\run_generated_250126_at_07.06\logs\LF_AJF-CAI_20260125_072738.log
2026-01-25 07:27:38 | INFO     | Enhanced logging: Capturing both logging.info() and print()
2026-01-25 07:27:38 | INFO     | ======================================================================
[LF] Processing dates (override): ['04APR', '03APR', '02APR', '01APR', '31MAR', '30MAR', '29MAR', '28MAR']
[LF] Attaching to Chrome for Altea access
2026-01-25 07:27:38 | INFO     | Starting LF search for route: AJF-CAI
2026-01-25 07:27:38 | INFO     | [START] LF Search
[LF][[OK] SUCCESS] Connected to Chrome on 127.0.0.1:9233 (after 1 attempts)
2026-01-25 07:27:39 | INFO     | [HEALTH CHECK] [OK] Chrome connection is healthy
[LF][[OK] SUCCESS] Found Amadeus Altea window: Altéa Reservation Desktop
[LF][[INFO] INFO] URL: https://tc212.resdesktop.altea.amadeus.com/app_ard/apf/init/login?SITE=ESMPESMP&LANGUAGE=GB&MARKETS=ARDW_PROD_WBP&ACTION=clpLogin
2026-01-25 07:27:39 | INFO     | [DAY_START] Processing 04APR
[LF] Processing AJF-CAI for 04APR
2026-01-25 07:27:39 | INFO     | [lf.day.start] Processing AJF-CAI for 04APR
[LF] Sending SN command: SN04APRAJFCAI/ASM
[LF] No direct flights on 04APR for AJF-CAI
2026-01-25 07:27:40 | WARNING  | [lf.day.no_flights] No direct flights on 04APR
2026-01-25 07:27:40 | INFO     | [SUCCESS] Day 04APR
2026-01-25 07:27:40 | INFO     | [DAY_START] Processing 03APR
[LF] Processing AJF-CAI for 03APR
2026-01-25 07:27:40 | INFO     | [lf.day.start] Processing AJF-CAI for 03APR
[LF] Sending SN command: SN03APRAJFCAI/ASM
[LF] 03APR: found 1 direct flights
2026-01-25 07:27:42 | INFO     | [lf.day.flights_found] Found 1 flights on 03APR
2026-01-25 07:27:44 | INFO     | [lf.flight.extracted] SM322 on 03APR: BKG=5, LF=2.9%
[LF] SM322 03APR: BKG=5, GRP=0, CAP=175, LF%=2.9%, Brd-Off=AJF-CAI, Classes: I:5
[LF] Getting WEEKLY/LASTSOLD data for 1 flights
[LF] SM322 03APR: LASTSOLD=2026-01-15 00:00:00, WEEKLY=0, TODAY=0, YDAY=0
2026-01-25 07:27:46 | INFO     | [SUCCESS] Day 03APR
2026-01-25 07:27:46 | INFO     | [DAY_START] Processing 02APR
[LF] Processing AJF-CAI for 02APR
2026-01-25 07:27:46 | INFO     | [lf.day.start] Processing AJF-CAI for 02APR
[LF] Sending SN command: SN02APRAJFCAI/ASM
[LF] 02APR: found 1 direct flights
2026-01-25 07:27:47 | INFO     | [lf.day.flights_found] Found 1 flights on 02APR
2026-01-25 07:27:49 | INFO     | [lf.flight.extracted] SM322 on 02APR: BKG=14, LF=8.0%
[LF] SM322 02APR: BKG=14, GRP=0, CAP=175, LF%=8.0%, Brd-Off=AJF-CAI, Classes: I:10, O:4
[LF] Getting WEEKLY/LASTSOLD data for 1 flights
[LF] SM322 02APR: LASTSOLD=2026-01-24 00:00:00, WEEKLY=1, TODAY=0, YDAY=1
2026-01-25 07:27:52 | INFO     | [SUCCESS] Day 02APR
2026-01-25 07:27:52 | INFO     | [DAY_START] Processing 01APR
[LF] Processing AJF-CAI for 01APR
2026-01-25 07:27:52 | INFO     | [lf.day.start] Processing AJF-CAI for 01APR
[LF] Sending SN command: SN01APRAJFCAI/ASM
[LF] No direct flights on 01APR for AJF-CAI
2026-01-25 07:27:53 | WARNING  | [lf.day.no_flights] No direct flights on 01APR
2026-01-25 07:27:53 | INFO     | [SUCCESS] Day 01APR
2026-01-25 07:27:53 | INFO     | [DAY_START] Processing 31MAR
[LF] Processing AJF-CAI for 31MAR
2026-01-25 07:27:53 | INFO     | [lf.day.start] Processing AJF-CAI for 31MAR
[LF] Sending SN command: SN31MARAJFCAI/ASM
[LF] No direct flights on 31MAR for AJF-CAI
2026-01-25 07:27:55 | WARNING  | [lf.day.no_flights] No direct flights on 31MAR
2026-01-25 07:27:55 | INFO     | [SUCCESS] Day 31MAR
2026-01-25 07:27:55 | INFO     | [DAY_START] Processing 30MAR
[LF] Processing AJF-CAI for 30MAR
2026-01-25 07:27:55 | INFO     | [lf.day.start] Processing AJF-CAI for 30MAR
[LF] Sending SN command: SN30MARAJFCAI/ASM
[LF] No direct flights on 30MAR for AJF-CAI
2026-01-25 07:27:56 | WARNING  | [lf.day.no_flights] No direct flights on 30MAR
2026-01-25 07:27:56 | INFO     | [SUCCESS] Day 30MAR
2026-01-25 07:27:56 | INFO     | [DAY_START] Processing 29MAR
[LF] Processing AJF-CAI for 29MAR
2026-01-25 07:27:56 | INFO     | [lf.day.start] Processing AJF-CAI for 29MAR
[LF] Sending SN command: SN29MARAJFCAI/ASM
[LF] No direct flights on 29MAR for AJF-CAI
2026-01-25 07:27:57 | WARNING  | [lf.day.no_flights] No direct flights on 29MAR
2026-01-25 07:27:57 | INFO     | [SUCCESS] Day 29MAR
2026-01-25 07:27:57 | INFO     | [DAY_START] Processing 28MAR
[LF] Processing AJF-CAI for 28MAR
2026-01-25 07:27:57 | INFO     | [lf.day.start] Processing AJF-CAI for 28MAR
[LF] Sending SN command: SN28MARAJFCAI/ASM
[LF] 28MAR: found 1 direct flights
2026-01-25 07:27:58 | INFO     | [lf.day.flights_found] Found 1 flights on 28MAR
2026-01-25 07:28:00 | INFO     | [lf.flight.extracted] SM322 on 28MAR: BKG=7, LF=4.0%
[LF] SM322 28MAR: BKG=7, GRP=0, CAP=175, LF%=4.0%, Brd-Off=AJF-CAI, Classes: X:4, W:1, S:2
[LF] Getting WEEKLY/LASTSOLD data for 1 flights
[LF] SM322 28MAR: LASTSOLD=2026-01-20 00:00:00, WEEKLY=4, TODAY=0, YDAY=0
2026-01-25 07:28:03 | INFO     | [SUCCESS] Day 28MAR
[LF] Results summary:
  2026-04-04: 0 flights
  2026-04-03: 1 flights
  2026-04-02: 1 flights
  2026-04-01: 0 flights
  2026-03-31: 0 flights
  2026-03-30: 0 flights
  2026-03-29: 0 flights
  2026-03-28: 1 flights
2026-01-25 07:28:03 | INFO     | [SUCCESS] LF Search Complete

============================================================
[Worker_9233] ✓ COMPLETED: AJF-CAI
  Results: 8 dates
  Errors: 0 dates
  Total Processed: 38 groups
============================================================

2026-01-25 07:28:03 | INFO     | [Worker_9233] Completed: AJF-CAI - 8 results, 0 errors

============================================================
[Worker_9233] Processing: GIZ-CAI
  Tier 0: Range 3, Chunk 4/4
  Dates: 8 days
  Date Range: 2026-04-04 to 2026-03-28
============================================================

2026-01-25 07:28:03 | INFO     | [Worker_9233] Processing: GIZ-CAI
2026-01-25 07:28:03 | INFO     |   Tier 0: Range 3, Chunk 4/4 (8 days)
2026-01-25 07:28:03 | INFO     | ======================================================================
2026-01-25 07:28:03 | INFO     | Load Factor Scraper Started - Route: GIZ-CAI
2026-01-25 07:28:03 | INFO     | Log file: D:\CODERED\LAB\Artifacts\outputs\run_generated_250126_at_07.06\logs\LF_GIZ-CAI_20260125_072803.log
2026-01-25 07:28:03 | INFO     | Enhanced logging: Capturing both logging.info() and print()
2026-01-25 07:28:03 | INFO     | ======================================================================
[LF] Processing dates (override): ['04APR', '03APR', '02APR', '01APR', '31MAR', '30MAR', '29MAR', '28MAR']
[LF] Attaching to Chrome for Altea access
2026-01-25 07:28:03 | INFO     | Starting LF search for route: GIZ-CAI
2026-01-25 07:28:03 | INFO     | [START] LF Search
[LF][[OK] SUCCESS] Connected to Chrome on 127.0.0.1:9233 (after 1 attempts)
2026-01-25 07:28:04 | INFO     | [HEALTH CHECK] [OK] Chrome connection is healthy
[LF][[OK] SUCCESS] Found Amadeus Altea window: Altéa Reservation Desktop
[LF][[INFO] INFO] URL: https://tc212.resdesktop.altea.amadeus.com/app_ard/apf/init/login?SITE=ESMPESMP&LANGUAGE=GB&MARKETS=ARDW_PROD_WBP&ACTION=clpLogin
2026-01-25 07:28:04 | INFO     | [DAY_START] Processing 04APR
[LF] Processing GIZ-CAI for 04APR
2026-01-25 07:28:04 | INFO     | [lf.day.start] Processing GIZ-CAI for 04APR
[LF] Sending SN command: SN04APRGIZCAI/ASM
[LF] No direct flights on 04APR for GIZ-CAI
2026-01-25 07:28:05 | WARNING  | [lf.day.no_flights] No direct flights on 04APR
2026-01-25 07:28:05 | INFO     | [SUCCESS] Day 04APR
2026-01-25 07:28:05 | INFO     | [DAY_START] Processing 03APR
[LF] Processing GIZ-CAI for 03APR
2026-01-25 07:28:05 | INFO     | [lf.day.start] Processing GIZ-CAI for 03APR
[LF] Sending SN command: SN03APRGIZCAI/ASM
[LF] 03APR: found 1 direct flights
2026-01-25 07:28:06 | INFO     | [lf.day.flights_found] Found 1 flights on 03APR
2026-01-25 07:28:08 | INFO     | [lf.flight.extracted] SM330 on 03APR: BKG=10, LF=5.7%
[LF] SM330 03APR: BKG=10, GRP=0, CAP=175, LF%=5.7%, Brd-Off=GIZ-CAI, Classes: I:5, O:5
[LF] Getting WEEKLY/LASTSOLD data for 1 flights
[LF] SM330 03APR: LASTSOLD=2026-01-23 00:00:00, WEEKLY=3, TODAY=0, YDAY=0
2026-01-25 07:28:11 | INFO     | [SUCCESS] Day 03APR
2026-01-25 07:28:11 | INFO     | [DAY_START] Processing 02APR
[LF] Processing GIZ-CAI for 02APR
2026-01-25 07:28:11 | INFO     | [lf.day.start] Processing GIZ-CAI for 02APR
[LF] Sending SN command: SN02APRGIZCAI/ASM
[LF] 02APR: found 1 direct flights
2026-01-25 07:28:12 | INFO     | [lf.day.flights_found] Found 1 flights on 02APR
2026-01-25 07:28:14 | INFO     | [lf.flight.extracted] SM330 on 02APR: BKG=15, LF=8.6%
[LF] SM330 02APR: BKG=15, GRP=0, CAP=175, LF%=8.6%, Brd-Off=GIZ-CAI, Classes: I:5, O:5, U:4, L:1
[LF] Getting WEEKLY/LASTSOLD data for 1 flights
[LF] SM330 02APR: LASTSOLD=2026-01-24 00:00:00, WEEKLY=4, TODAY=0, YDAY=4
2026-01-25 07:28:17 | INFO     | [SUCCESS] Day 02APR
2026-01-25 07:28:17 | INFO     | [DAY_START] Processing 01APR
[LF] Processing GIZ-CAI for 01APR
2026-01-25 07:28:17 | INFO     | [lf.day.start] Processing GIZ-CAI for 01APR
[LF] Sending SN command: SN01APRGIZCAI/ASM
[LF] No direct flights on 01APR for GIZ-CAI
2026-01-25 07:28:19 | WARNING  | [lf.day.no_flights] No direct flights on 01APR
2026-01-25 07:28:19 | INFO     | [SUCCESS] Day 01APR
2026-01-25 07:28:19 | INFO     | [DAY_START] Processing 31MAR
[LF] Processing GIZ-CAI for 31MAR
2026-01-25 07:28:19 | INFO     | [lf.day.start] Processing GIZ-CAI for 31MAR
[LF] Sending SN command: SN31MARGIZCAI/ASM
[LF] No direct flights on 31MAR for GIZ-CAI
2026-01-25 07:28:20 | WARNING  | [lf.day.no_flights] No direct flights on 31MAR
2026-01-25 07:28:20 | INFO     | [SUCCESS] Day 31MAR
2026-01-25 07:28:20 | INFO     | [DAY_START] Processing 30MAR
[LF] Processing GIZ-CAI for 30MAR
2026-01-25 07:28:20 | INFO     | [lf.day.start] Processing GIZ-CAI for 30MAR
[LF] Sending SN command: SN30MARGIZCAI/ASM
[LF] No direct flights on 30MAR for GIZ-CAI
2026-01-25 07:28:21 | WARNING  | [lf.day.no_flights] No direct flights on 30MAR
2026-01-25 07:28:21 | INFO     | [SUCCESS] Day 30MAR
2026-01-25 07:28:21 | INFO     | [DAY_START] Processing 29MAR
[LF] Processing GIZ-CAI for 29MAR
2026-01-25 07:28:21 | INFO     | [lf.day.start] Processing GIZ-CAI for 29MAR
[LF] Sending SN command: SN29MARGIZCAI/ASM
[LF] 29MAR: found 1 direct flights
2026-01-25 07:28:23 | INFO     | [lf.day.flights_found] Found 1 flights on 29MAR
2026-01-25 07:28:24 | INFO     | [lf.flight.extracted] SM330 on 29MAR: BKG=0, LF=0.0%
[LF] SM330 29MAR: BKG=0, GRP=0, CAP=175, LF%=0.0%, Brd-Off=GIZ-CAI
2026-01-25 07:28:26 | INFO     | [SUCCESS] Day 29MAR
2026-01-25 07:28:26 | INFO     | [DAY_START] Processing 28MAR
[LF] Processing GIZ-CAI for 28MAR
2026-01-25 07:28:26 | INFO     | [lf.day.start] Processing GIZ-CAI for 28MAR
[LF] Sending SN command: SN28MARGIZCAI/ASM
[LF] No direct flights on 28MAR for GIZ-CAI
2026-01-25 07:28:27 | WARNING  | [lf.day.no_flights] No direct flights on 28MAR
2026-01-25 07:28:27 | INFO     | [SUCCESS] Day 28MAR
[LF] Results summary:
  2026-04-04: 0 flights
  2026-04-03: 1 flights
  2026-04-02: 1 flights
  2026-04-01: 0 flights
  2026-03-31: 0 flights
  2026-03-30: 0 flights
  2026-03-29: 1 flights
  2026-03-28: 0 flights
2026-01-25 07:28:27 | INFO     | [SUCCESS] LF Search Complete

============================================================
[Worker_9233] ✓ COMPLETED: GIZ-CAI
  Results: 8 dates
  Errors: 0 dates
  Total Processed: 39 groups
============================================================

2026-01-25 07:28:27 | INFO     | [Worker_9233] Completed: GIZ-CAI - 8 results, 0 errors

============================================================
[Worker_9233] Processing: CAI-JED
  Tier 0: Range 3, Chunk 4/4
  Dates: 8 days
  Date Range: 2026-04-04 to 2026-03-28
============================================================

2026-01-25 07:28:27 | INFO     | [Worker_9233] Processing: CAI-JED
2026-01-25 07:28:27 | INFO     |   Tier 0: Range 3, Chunk 4/4 (8 days)
2026-01-25 07:28:27 | INFO     | ======================================================================
2026-01-25 07:28:27 | INFO     | Load Factor Scraper Started - Route: CAI-JED
2026-01-25 07:28:27 | INFO     | Log file: D:\CODERED\LAB\Artifacts\outputs\run_generated_250126_at_07.06\logs\LF_CAI-JED_20260125_072827.log
2026-01-25 07:28:27 | INFO     | Enhanced logging: Capturing both logging.info() and print()
2026-01-25 07:28:27 | INFO     | ======================================================================
[LF] Processing dates (override): ['04APR', '03APR', '02APR', '01APR', '31MAR', '30MAR', '29MAR', '28MAR']
[LF] Attaching to Chrome for Altea access
2026-01-25 07:28:27 | INFO     | Starting LF search for route: CAI-JED
2026-01-25 07:28:27 | INFO     | [START] LF Search
[LF][[OK] SUCCESS] Connected to Chrome on 127.0.0.1:9233 (after 1 attempts)
2026-01-25 07:28:27 | INFO     | [HEALTH CHECK] [OK] Chrome connection is healthy
[LF][[OK] SUCCESS] Found Amadeus Altea window: Altéa Reservation Desktop
[LF][[INFO] INFO] URL: https://tc212.resdesktop.altea.amadeus.com/app_ard/apf/init/login?SITE=ESMPESMP&LANGUAGE=GB&MARKETS=ARDW_PROD_WBP&ACTION=clpLogin
2026-01-25 07:28:28 | INFO     | [DAY_START] Processing 04APR
[LF] Processing CAI-JED for 04APR
2026-01-25 07:28:28 | INFO     | [lf.day.start] Processing CAI-JED for 04APR
[LF] JED↔Cairo route detected - querying both CAI and CCE airports
[LF] Sending SN command: SN04APRCAIJED/ASM
[LF] Sending SN command: SN04APRCCEJED/ASM
[LF] 04APR: found 2 direct flights
2026-01-25 07:28:30 | INFO     | [lf.day.flights_found] Found 2 flights on 04APR
2026-01-25 07:28:32 | INFO     | [lf.flight.extracted] SM477 on 04APR: BKG=30, LF=16.8%
[LF] SM477 04APR: BKG=30, GRP=0, CAP=179, LF%=16.8%, Brd-Off=CAI-JED, Classes: I:9, O:9, U:9, X:3
2026-01-25 07:28:36 | INFO     | [lf.flight.extracted] SM475 on 04APR: BKG=36, LF=20.1%
[LF] SM475 04APR: BKG=36, GRP=0, CAP=179, LF%=20.1%, Brd-Off=CAI-JED, Classes: I:9, O:9, U:9, X:9
[LF] Getting WEEKLY/LASTSOLD data for 2 flights
[LF] SM477 04APR: LASTSOLD=2026-01-24 00:00:00, WEEKLY=3, TODAY=0, YDAY=3
[LF] SM475 04APR: LASTSOLD=2026-01-24 00:00:00, WEEKLY=8, TODAY=0, YDAY=4
2026-01-25 07:28:42 | INFO     | [SUCCESS] Day 04APR
2026-01-25 07:28:42 | INFO     | [DAY_START] Processing 03APR
[LF] Processing CAI-JED for 03APR
2026-01-25 07:28:42 | INFO     | [lf.day.start] Processing CAI-JED for 03APR
[LF] JED↔Cairo route detected - querying both CAI and CCE airports
[LF] Sending SN command: SN03APRCAIJED/ASM
[LF] Sending SN command: SN03APRCCEJED/ASM
[LF] 03APR: found 3 direct flights
2026-01-25 07:28:45 | INFO     | [lf.day.flights_found] Found 3 flights on 03APR
2026-01-25 07:28:47 | INFO     | [lf.flight.extracted] SM477 on 03APR: BKG=15, LF=8.4%
[LF] SM477 03APR: BKG=15, GRP=0, CAP=179, LF%=8.4%, Brd-Off=CAI-JED, Classes: I:9, O:6
2026-01-25 07:28:50 | INFO     | [lf.flight.extracted] SM475 on 03APR: BKG=18, LF=10.1%
[LF] SM475 03APR: BKG=18, GRP=0, CAP=179, LF%=10.1%, Brd-Off=CAI-JED, Classes: I:9, O:9
2026-01-25 07:28:54 | INFO     | [lf.flight.extracted] SM479 on 03APR: BKG=32, LF=17.9%
[LF] SM479 03APR: BKG=32, GRP=0, CAP=179, LF%=17.9%, Brd-Off=CAI-JED, Classes: I:9, O:9, U:9, X:5
[LF] Getting WEEKLY/LASTSOLD data for 3 flights
[LF] SM477 03APR: LASTSOLD=2026-01-19 00:00:00, WEEKLY=1, TODAY=0, YDAY=0
[LF] SM475 03APR: LASTSOLD=2026-01-09 00:00:00, WEEKLY=0, TODAY=0, YDAY=0
[LF] SM479 03APR: LASTSOLD=2026-01-19 00:00:00, WEEKLY=1, TODAY=0, YDAY=0
2026-01-25 07:29:00 | INFO     | [SUCCESS] Day 03APR
2026-01-25 07:29:00 | INFO     | [DAY_START] Processing 02APR
[LF] Processing CAI-JED for 02APR
2026-01-25 07:29:00 | INFO     | [lf.day.start] Processing CAI-JED for 02APR
[LF] JED↔Cairo route detected - querying both CAI and CCE airports
[LF] Sending SN command: SN02APRCAIJED/ASM
[LF] Sending SN command: SN02APRCCEJED/ASM
[LF] 02APR: found 3 direct flights
2026-01-25 07:29:03 | INFO     | [lf.day.flights_found] Found 3 flights on 02APR
2026-01-25 07:29:05 | INFO     | [lf.flight.extracted] SM477 on 02APR: BKG=13, LF=7.3%
[LF] SM477 02APR: BKG=13, GRP=0, CAP=179, LF%=7.3%, Brd-Off=CAI-JED, Classes: I:9, O:4
2026-01-25 07:29:08 | INFO     | [lf.flight.extracted] SM475 on 02APR: BKG=18, LF=10.1%
[LF] SM475 02APR: BKG=18, GRP=0, CAP=179, LF%=10.1%, Brd-Off=CAI-JED, Classes: I:9, O:9
2026-01-25 07:29:11 | INFO     | [lf.flight.extracted] SM459 on 02APR: BKG=16, LF=8.9%
[LF] SM459 02APR: BKG=16, GRP=0, CAP=179, LF%=8.9%, Brd-Off=CAI-JED, Classes: I:9, O:6, G:1
[LF] Getting WEEKLY/LASTSOLD data for 3 flights
[LF] SM477 02APR: LASTSOLD=2026-01-22 00:00:00, WEEKLY=2, TODAY=0, YDAY=0
[LF] SM475 02APR: LASTSOLD=2026-01-20 00:00:00, WEEKLY=2, TODAY=0, YDAY=0
[LF] SM459 02APR: LASTSOLD=2026-01-14 00:00:00, WEEKLY=0, TODAY=0, YDAY=0
2026-01-25 07:29:17 | INFO     | [SUCCESS] Day 02APR
2026-01-25 07:29:17 | INFO     | [DAY_START] Processing 01APR
[LF] Processing CAI-JED for 01APR
2026-01-25 07:29:17 | INFO     | [lf.day.start] Processing CAI-JED for 01APR
[LF] JED↔Cairo route detected - querying both CAI and CCE airports
[LF] Sending SN command: SN01APRCAIJED/ASM
[LF] Sending SN command: SN01APRCCEJED/ASM
[LF] 01APR: found 2 direct flights
2026-01-25 07:29:20 | INFO     | [lf.day.flights_found] Found 2 flights on 01APR
2026-01-25 07:29:22 | INFO     | [lf.flight.extracted] SM477 on 01APR: BKG=19, LF=10.6%
[LF] SM477 01APR: BKG=19, GRP=0, CAP=179, LF%=10.6%, Brd-Off=CAI-JED, Classes: I:9, O:9, U:1
2026-01-25 07:29:26 | INFO     | [lf.flight.extracted] SM475 on 01APR: BKG=23, LF=12.8%
[LF] SM475 01APR: BKG=23, GRP=0, CAP=179, LF%=12.8%, Brd-Off=CAI-JED, Classes: I:9, O:9, U:5
[LF] Getting WEEKLY/LASTSOLD data for 2 flights
[LF] SM477 01APR: LASTSOLD=2026-01-20 00:00:00, WEEKLY=2, TODAY=0, YDAY=0
[LF] SM475 01APR: LASTSOLD=2026-01-16 00:00:00, WEEKLY=0, TODAY=0, YDAY=0
2026-01-25 07:29:34 | INFO     | [SUCCESS] Day 01APR
2026-01-25 07:29:34 | INFO     | [DAY_START] Processing 31MAR
[LF] Processing CAI-JED for 31MAR
2026-01-25 07:29:34 | INFO     | [lf.day.start] Processing CAI-JED for 31MAR
[LF] JED↔Cairo route detected - querying both CAI and CCE airports
[LF] Sending SN command: SN31MARCAIJED/ASM
[LF] Sending SN command: SN31MARCCEJED/ASM
[LF] 31MAR: found 3 direct flights
2026-01-25 07:29:37 | INFO     | [lf.day.flights_found] Found 3 flights on 31MAR
2026-01-25 07:29:40 | INFO     | [lf.flight.extracted] SM477 on 31MAR: BKG=1, LF=0.6%
[LF] SM477 31MAR: BKG=1, GRP=0, CAP=179, LF%=0.6%, Brd-Off=CAI-JED, Classes: W:1
2026-01-25 07:29:44 | INFO     | [lf.flight.extracted] SM475 on 31MAR: BKG=3, LF=1.7%
[LF] SM475 31MAR: BKG=3, GRP=0, CAP=179, LF%=1.7%, Brd-Off=CAI-JED, Classes: W:3
2026-01-25 07:29:48 | INFO     | [lf.flight.extracted] SM479 on 31MAR: BKG=10, LF=5.6%
[LF] SM479 31MAR: BKG=10, GRP=0, CAP=179, LF%=5.6%, Brd-Off=CAI-JED, Classes: W:10
[LF] Getting WEEKLY/LASTSOLD data for 3 flights
[LF] SM477 31MAR: LASTSOLD=2025-12-28 00:00:00, WEEKLY=0, TODAY=0, YDAY=0
[LF] SM475 31MAR: LASTSOLD=2026-01-12 00:00:00, WEEKLY=0, TODAY=0, YDAY=0
[LF] SM479 31MAR: LASTSOLD=2026-01-18 00:00:00, WEEKLY=1, TODAY=0, YDAY=0
2026-01-25 07:29:55 | INFO     | [SUCCESS] Day 31MAR
2026-01-25 07:29:55 | INFO     | [DAY_START] Processing 30MAR
[LF] Processing CAI-JED for 30MAR
2026-01-25 07:29:55 | INFO     | [lf.day.start] Processing CAI-JED for 30MAR
[LF] JED↔Cairo route detected - querying both CAI and CCE airports
[LF] Sending SN command: SN30MARCAIJED/ASM
[LF] Sending SN command: SN30MARCCEJED/ASM
[LF] 30MAR: found 3 direct flights
2026-01-25 07:29:59 | INFO     | [lf.day.flights_found] Found 3 flights on 30MAR
2026-01-25 07:30:01 | INFO     | [lf.flight.extracted] SM477 on 30MAR: BKG=4, LF=2.2%
[LF] SM477 30MAR: BKG=4, GRP=0, CAP=179, LF%=2.2%, Brd-Off=CAI-JED, Classes: W:4
2026-01-25 07:30:05 | INFO     | [lf.flight.extracted] SM475 on 30MAR: BKG=5, LF=2.8%
[LF] SM475 30MAR: BKG=5, GRP=0, CAP=179, LF%=2.8%, Brd-Off=CAI-JED, Classes: W:5
2026-01-25 07:30:10 | INFO     | [lf.flight.extracted] SM479 on 30MAR: BKG=8, LF=4.5%
[LF] SM479 30MAR: BKG=8, GRP=0, CAP=179, LF%=4.5%, Brd-Off=CAI-JED, Classes: W:8
[LF] Getting WEEKLY/LASTSOLD data for 3 flights
[LF] SM477 30MAR: LASTSOLD=2026-01-24 00:00:00, WEEKLY=1, TODAY=0, YDAY=1
[LF] SM475 30MAR: LASTSOLD=2026-01-20 00:00:00, WEEKLY=2, TODAY=0, YDAY=0
[LF] SM479 30MAR: LASTSOLD=2026-01-11 00:00:00, WEEKLY=0, TODAY=0, YDAY=0
2026-01-25 07:30:15 | INFO     | [SUCCESS] Day 30MAR
2026-01-25 07:30:15 | INFO     | [DAY_START] Processing 29MAR
[LF] Processing CAI-JED for 29MAR
2026-01-25 07:30:15 | INFO     | [lf.day.start] Processing CAI-JED for 29MAR
[LF] JED↔Cairo route detected - querying both CAI and CCE airports
[LF] Sending SN command: SN29MARCAIJED/ASM
[LF] Sending SN command: SN29MARCCEJED/ASM
[LF] 29MAR: found 3 direct flights
2026-01-25 07:30:17 | INFO     | [lf.day.flights_found] Found 3 flights on 29MAR
2026-01-25 07:30:20 | INFO     | [lf.flight.extracted] SM477 on 29MAR: BKG=57, LF=31.8%
[LF] SM477 29MAR: BKG=57, GRP=0, CAP=179, LF%=31.8%, Brd-Off=CAI-JED, Classes: W:13, S:14, G:15, L:12, V:3
2026-01-25 07:30:24 | INFO     | [lf.flight.extracted] SM475 on 29MAR: BKG=33, LF=18.4%
[LF] SM475 29MAR: BKG=33, GRP=0, CAP=179, LF%=18.4%, Brd-Off=CAI-JED, Classes: W:13, S:14, G:6
2026-01-25 07:30:29 | INFO     | [lf.flight.extracted] SM459 on 29MAR: BKG=23, LF=12.8%
[LF] SM459 29MAR: BKG=23, GRP=0, CAP=179, LF%=12.8%, Brd-Off=CAI-JED, Classes: W:13, S:10
[LF] Getting WEEKLY/LASTSOLD data for 3 flights
[LF] SM477 29MAR: LASTSOLD=2026-01-13 00:00:00, WEEKLY=0, TODAY=0, YDAY=0
[LF] SM475 29MAR: LASTSOLD=2026-01-21 00:00:00, WEEKLY=1, TODAY=0, YDAY=0
[LF] SM459 29MAR: LASTSOLD=2026-01-21 00:00:00, WEEKLY=2, TODAY=0, YDAY=0
2026-01-25 07:30:45 | INFO     | [SUCCESS] Day 29MAR
2026-01-25 07:30:45 | INFO     | [DAY_START] Processing 28MAR
[LF] Processing CAI-JED for 28MAR
2026-01-25 07:30:45 | INFO     | [lf.day.start] Processing CAI-JED for 28MAR
[LF] JED↔Cairo route detected - querying both CAI and CCE airports
[LF] Sending SN command: SN28MARCAIJED/ASM
[LF] Sending SN command: SN28MARCCEJED/ASM
[LF] 28MAR: found 6 direct flights
2026-01-25 07:30:47 | INFO     | [lf.day.flights_found] Found 6 flights on 28MAR
2026-01-25 07:30:50 | INFO     | [lf.flight.extracted] SM449 on 28MAR: BKG=81, LF=45.2%
[LF] SM449 28MAR: BKG=81, GRP=0, CAP=179, LF%=45.2%, Brd-Off=CAI-JED, Classes: L:57, V:19, K:5
2026-01-25 07:30:54 | INFO     | [lf.flight.extracted] SM475 on 28MAR: BKG=76, LF=42.5%
[LF] SM475 28MAR: BKG=76, GRP=0, CAP=179, LF%=42.5%, Brd-Off=CAI-JED, Classes: L:54, V:18, K:4
2026-01-25 07:30:59 | INFO     | [lf.flight.extracted] SM2465 on 28MAR: BKG=0, LF=0.0%
[LF] SM2465 28MAR: BKG=0, GRP=0, CAP=179, LF%=0.0%, Brd-Off=CAI-JED
2026-01-25 07:31:04 | INFO     | [lf.flight.extracted] SM477 on 28MAR: BKG=94, LF=52.5%
[LF] SM477 28MAR: BKG=94, GRP=0, CAP=179, LF%=52.5%, Brd-Off=CAI-JED, Classes: L:54, V:18, K:18, Q:4
2026-01-25 07:31:08 | INFO     | [lf.flight.extracted] SM951 on 28MAR: BKG=117, LF=65.4%
[LF] SM951 28MAR: BKG=117, GRP=0, CAP=179, LF%=65.4%, Brd-Off=CAI-JED, Classes: I:18, O:18, U:18, X:18, T:18, W:16, S:11
2026-01-25 07:31:11 | INFO     | [lf.flight.extracted] SM423 on 28MAR: BKG=102, LF=57.0%
[LF] SM423 28MAR: BKG=102, GRP=0, CAP=179, LF%=57.0%, Brd-Off=CAI-JED, Classes: L:54, V:18, K:18, Q:12
[LF] Getting WEEKLY/LASTSOLD data for 5 flights
[LF] SM449 28MAR: LASTSOLD=2026-01-20 00:00:00, WEEKLY=3, TODAY=0, YDAY=0
[LF] SM475 28MAR: LASTSOLD=2026-01-14 00:00:00, WEEKLY=0, TODAY=0, YDAY=0
[LF] SM477 28MAR: LASTSOLD=2026-01-12 00:00:00, WEEKLY=0, TODAY=0, YDAY=0
[LF] SM951 28MAR: WEEKLY=99 → LP/T MANDATORY
[DEBUG] SM951 28MAR: Match #1: HK 24JAN | Line: 001  01AYOUB/MAHMOUD MR           	8MXQA6 S  HK 24JAN JEDSM08AA
[DEBUG] SM951 28MAR: Match #2: HK 22JAN | Line: 002  01BERNGA/MOSTAFA M           	7S9N5C W  HK 22JAN RUHAA28WH
[DEBUG] SM951 28MAR: Match #3: HK 22JAN | Line: 003  01BOGHDADY/AHMED HE          	7RAUOP W  HK 22JAN JEDSM07TP
[DEBUG] SM951 28MAR: Match #4: HK 24JAN | Line: 004  01EL TABEY/SHEYAM M          	8TQ8U7 W  HK 24JAN JEDSM08AA
[DEBUG] SM951 28MAR: Match #5: HK 25JAN | Line: 005  01ELBADAWY/ESLAM MR          	8YEDNA W  HK 25JAN JEDSM08MB
[DEBUG] SM951 28MAR: Match #6: HK 22JAN | Line: 006  01GALBAN/ADEL MR             	7KPD5P W  HK 22JAN JEDS228LW
[DEBUG] SM951 28MAR: DUPLICATE #1: 001 HK 24JAN | Skipping
[DEBUG] SM951 28MAR: DUPLICATE #2: 002 HK 22JAN | Skipping
[DEBUG] SM951 28MAR: DUPLICATE #3: 003 HK 22JAN | Skipping
[DEBUG] SM951 28MAR: DUPLICATE #4: 004 HK 24JAN | Skipping
[DEBUG] SM951 28MAR: DUPLICATE #5: 005 HK 25JAN | Skipping
[DEBUG] SM951 28MAR: DUPLICATE #6: 006 HK 22JAN | Skipping
[DEBUG] SM951 28MAR: Match #7: HK 23JAN | Line: 007  01HUSSEIN/SAFIELDIN          	8BEAXF W  HK 23JAN JEDSM08AA
[DEBUG] SM951 28MAR: Match #8: HK 22JAN | Line: 008  01KHAIRALLA/ABDELAZ          	7TJR5K W  HK 22JAN RUHAA28WH
[DEBUG] SM951 28MAR: Match #9: HK 22JAN | Line: 009  04MOHAMED/ABDELRAMA          	7PODHZ W  HK 22JAN RUHAA28WH
[DEBUG] SM951 28MAR: Match #10: HK 22JAN | Line: 010  04MOHAMED/ASER M             	7PODHZ W  HK 22JAN RUHAA28WH
[DEBUG] SM951 28MAR: Match #11: HK 22JAN | Line: 011  04MOHAMED/RAGHAD M           	7PODHZ W  HK 22JAN RUHAA28WH
[DEBUG] SM951 28MAR: Match #12: HK 22JAN | Line: 012  04MOKEBIL/DALIA M            	7PODHZ W  HK 22JAN RUHAA28WH
[DEBUG] SM951 28MAR: Match #13: HK 24JAN | Line: 013  01OKBA/AMAR Y                	8UDL8H W  HK 24JAN RUHAA28WH
[DEBUG] SM951 28MAR: Match #14: HK 23JAN | Line: 014  01SHARAF/AHMED MR            	89B72B W  HK 23JAN ISTSM07TP
[DEBUG] SM951 28MAR: Match #15: HK 21JAN | Line: 015  01ABDEL SALAM/SHAIM          	7CWQXH T  HK 21JAN RUHAA28WH
[DEBUG] SM951 28MAR: Match #16: HK 22JAN | Line: 016  01ABDELSALAM/MOHAME          	7PETS3 T  HK 22JAN ISTSM07TP
[DEBUG] SM951 28MAR: Match #17: HK 24JAN | Line: 017  01AHMED/HUSSIN MR            	8LJ6A7 T  HK 24JAN RUHSG38AA
[DEBUG] SM951 28MAR: Match #18: HK 22JAN | Line: 018  01ELATTAR/MOHAMED A          	7REF5N T  HK 22JAN RUHAA28WH
[DEBUG] SM951 28MAR: Match #19: HK 22JAN | Line: 019  01ELHADARY/MAHMOUD           	7T4SFH T  HK 22JAN RUHAA28WH
[DEBUG] SM951 28MAR: Match #20: HK 22JAN | Line: 020  01ELSHIMY/GHAZAL Y           	7T7VWH T  HK 22JAN RUHAA28WH
[DEBUG] SM951 28MAR: Match #21: HK 22JAN | Line: 021  01ELZEINI/ABDELSATT          	7F3E7T T  HK 22JAN JEDSM07TP
[DEBUG] SM951 28MAR: Match #22: HK 22JAN | Line: 022  03FATHELBAB/MOHAMED          	7IKQQM T  HK 22JAN RUHS228ZW
[DEBUG] SM951 28MAR: Match #23: HK 22JAN | Line: 023  01HASSAN/AHMEDRAMAD          	XK38Y7 T  HK 22JAN MUCRM3100
[DEBUG] SM951 28MAR: Match #24: HK 22JAN | Line: 024  03HELWA/MOHAMED FAT          	7IKQQM T  HK 22JAN RUHS228ZW
[DEBUG] SM951 28MAR: Match #25: HK 21JAN | Line: 025  01ISSA/TAREK M               	7CMIJS T  HK 21JAN RUHAA28WH
[DEBUG] SM951 28MAR: Match #26: HK 22JAN | Line: 026  01KESHKA/IBRAHIM F           	7I3HN2 T  HK 22JAN RUHAA28WH
[DEBUG] SM951 28MAR: Match #27: HK 22JAN | Line: 027  01MOHAMED/AHMED MR           	7ITH6G T  HK 22JAN FRASM07NI
[DEBUG] SM951 28MAR: Match #28: HK 22JAN | Line: 028  03MOHAMED/MOHAMED A          	7IKQQM T  HK 22JAN RUHS228ZW
[DEBUG] SM951 28MAR: Match #29: HK 21JAN | Line: 029  01ABDELATTY/SAMIR S          	78XKM2 X  HK 21JAN RUHS228ZW
[DEBUG] SM951 28MAR: Match #30: HK 21JAN | Line: 030  01ABDELHAFEZ/ASHRAF          	77NYL8 X  HK 21JAN RUHAA28WH
[DEBUG] SM951 28MAR: Match #31: HK 24JAN | Line: 031  01ABOU ELAZM/MOHAME          	8QDA8S X  HK 24JAN RUHAA28WH
[DEBUG] SM951 28MAR: Match #32: HK 21JAN | Line: 032  01AHMED/MOHAMED              	7AJPNC X  HK 21JAN RUHS228YD
[DEBUG] SM951 28MAR: Match #33: HK 21JAN | Line: 033  01ALBARKY/MOHAMED A          	7B4B36 X  HK 21JAN RUHAA28WH
[DEBUG] SM951 28MAR: Match #34: HK 21JAN | Line: 034  01AWWAD/MAHMOUD MR           	78UK9E X  HK 21JAN FRASM07NI
[DEBUG] SM951 28MAR: Match #35: HK 21JAN | Line: 035  01AZIZ/MOHAMMED MR           	77UGKV X  HK 21JAN FRASM07NI
[DEBUG] SM951 28MAR: Match #36: HK 21JAN | Line: 036  01BEHAIRY/MOUSTAFA           	792QT6 X  HK 21JAN RUHS228YD
[DEBUG] SM951 28MAR: Match #37: HK 22JAN | Line: 037  01ELNEZAMY/MOHAMED           	7IGAOB X  HK 22JAN RUHS228YD
[DEBUG] SM951 28MAR: Match #38: HK 21JAN | Line: 038  01ELZEINI/ABDELSATT          	77L66L X  HK 21JAN JEDSM07TP
[DEBUG] SM951 28MAR: Match #39: HK 21JAN | Line: 039  01FERGANI/RAAFAT MA          	78YD38 X  HK 21JAN RUHS228YD
[DEBUG] SM951 28MAR: Match #40: HK 21JAN | Line: 040  01MAHMOUD/HOSSAM H           	77TIA3 X  HK 21JAN RUHAA28WH
[DEBUG] SM951 28MAR: Match #41: HK 22JAN | Line: 041  01MEKI/KHALED                	7I7PC3 X  HK 22JAN RUHS228YD
[DEBUG] SM951 28MAR: Match #42: HK 21JAN | Line: 042  01NADA/ELSAYED               	79R7BX X  HK 21JAN RUHS228YD
[DEBUG] SM951 28MAR: Match #43: HK 21JAN | Line: 043  01OMAR/NAGY MR               	78YJNA X  HK 21JAN JEDSM08AA
[DEBUG] SM951 28MAR: Match #44: HK 21JAN | Line: 044  01OSMAN/MAHMOUD M            	7B44CP X  HK 21JAN RUHAA28WH
[DEBUG] SM951 28MAR: Match #45: HK 21JAN | Line: 045  01AHMED/MOHAMED A            	77O58A U  HK 21JAN RUHAA28WH
[DEBUG] SM951 28MAR: Match #46: HK 21JAN | Line: 046  01AHMED/MOHAMED M            	77WCD4 U  HK 21JAN RUHAA28WH
[DEBUG] SM951 28MAR: Match #47: HK 21JAN | Line: 047  01AHMED/RAGAB F              	77FZ8Z U  HK 21JAN RUHAA28WH
[DEBUG] SM951 28MAR: Match #48: HK 21JAN | Line: 048  01BASSIONY/ESAM MR           	76LB6N U  HK 21JAN JEDSM08AA
[DEBUG] SM951 28MAR: Match #49: HK 21JAN | Line: 049  01ELASHRY/MOHAMED M          	77RZFU U  HK 21JAN RUHS228ZW
[DEBUG] SM951 28MAR: Match #50: HK 21JAN | Line: 050  02ELBELTAGY/ABDELRA          	76F7YD U  HK 21JAN RUHS228YD
[DEBUG] SM951 28MAR: Match #51: HK 21JAN | Line: 051  01ELSAMOULY/MAHMOUD          	76TUAF U  HK 21JAN JEDSM08MB
[DEBUG] SM951 28MAR: Match #52: HK 21JAN | Line: 052  01MOHAMED/AHMED S            	77LKRZ U  HK 21JAN RUHAA28WH
[DEBUG] SM951 28MAR: Match #53: HK 21JAN | Line: 053  01MOHAMED/MAHMOUD O          	76Z8OO U  HK 21JAN RUHAA28WH
[DEBUG] SM951 28MAR: Match #54: HK 21JAN | Line: 054  01MOHAMED/MOHAMED R          	77CZN6 U  HK 21JAN RUHAA28WH
[DEBUG] SM951 28MAR: Match #55: HK 21JAN | Line: 055  02MOHAMED/MOSTAFA            	76F7YD U  HK 21JAN RUHS228YD
[DEBUG] SM951 28MAR: Match #56: HK 21JAN | Line: 056  01NEGM/MOHAMED ALI           	76Q8NB U  HK 21JAN FRASM07NI
[DEBUG] SM951 28MAR: Match #57: HK 21JAN | Line: 057  01OMAR/MOHAMMED              	76ROT9 U  HK 21JAN RUHAA28WH
[DEBUG] SM951 28MAR: Match #58: HK 21JAN | Line: 058  01OMRAN/DIAA MR              	ZXXY66 U  HK 21JAN CPHSG34AA
[DEBUG] SM951 28MAR: Match #59: HK 21JAN | Line: 059  01SALEM/AHMED MR             	75W6HU U  HK 21JAN ISTSM07TP
[DEBUG] SM951 28MAR: Match #60: HK 21JAN | Line: 060  01SHEBL/WAEL MR              	763ONU U  HK 21JAN JEDSM08AA
[DEBUG] SM951 28MAR: Match #61: HK 21JAN | Line: 061  01SUMAYLI/MARI MR            	7985P7 U  HK 21JAN JEDSM07TP
[DEBUG] SM951 28MAR: Match #62: HK 21JAN | Line: 062  01TOHAMY/KAMAL MR            	7B54WP U  HK 21JAN ISTSM07TP
[DEBUG] SM951 28MAR: Match #63: HK 21JAN | Line: 063  02ABDELHADY/ABDALLA          	76A6AL O  HK 21JAN RUHS228YD
[DEBUG] SM951 28MAR: Match #64: HK 21JAN | Line: 064  01ABDELHALIM/AHMED           	ZYUJPB O  HK 21JAN CPHSG34AA
[DEBUG] SM951 28MAR: Match #65: HK 21JAN | Line: 065  02ABDELLATIF/ALI MR          	ZX2MVD O  HK 21JAN CPHSG34AA
[DEBUG] SM951 28MAR: Match #66: HK 21JAN | Line: 066  01ABDELLATIF/ASHRAF          	75ILO6 O  HK 21JAN JEDSM08MB
[DEBUG] SM951 28MAR: Match #67: HK 21JAN | Line: 067  02ABDELLATIF/SALAH           	ZX2MVD O  HK 21JAN CPHSG34AA
[DEBUG] SM951 28MAR: Match #68: HK 21JAN | Line: 068  01ABDELSALAM/WALEED          	77AGBN O  HK 21JAN RUHS228YD
[DEBUG] SM951 28MAR: Match #69: HK 21JAN | Line: 069  01AHMED/MEDHAT YEHY          	75Q32N O  HK 21JAN RUHS228ZW
[DEBUG] SM951 28MAR: Match #70: HK 21JAN | Line: 070  01ATTIA/AYMAN                	77B3VR O  HK 21JAN RUHS228YD
[DEBUG] SM951 28MAR: Match #71: HK 21JAN | Line: 071  01ELDANA/SAAD                	762FLW O  HK 21JAN RUHS228YD
[DEBUG] SM951 28MAR: Match #72: HK 21JAN | Line: 072  01ELDESOUKI/ISSAM            	7756QF O  HK 21JAN RUHS228YD
[DEBUG] SM951 28MAR: Match #73: HK 21JAN | Line: 073  01ELSAYED WATWAT/AM          	75X2EY O  HK 21JAN RUHAA28WH
[DEBUG] SM951 28MAR: Match #74: HK 21JAN | Line: 074  01HENIDY/ESRAA MS            	76VNW9 O  HK 21JAN ALYEG359Z
[DEBUG] SM951 28MAR: Match #75: HK 21JAN | Line: 075  02KHALIFA/MOHAMED            	76A6AL O  HK 21JAN RUHS228YD
[DEBUG] SM951 28MAR: Match #76: HK 21JAN | Line: 076  01MOHAMED/ALI MR             	75F6RL O  HK 21JAN JEDSM08AA
[DEBUG] SM951 28MAR: Match #77: HK 21JAN | Line: 077  01OTHMAN/MOHAMMED R          	76GROL O  HK 21JAN RUHAA28WH
[DEBUG] SM951 28MAR: Match #78: HK 21JAN | Line: 078  01REZK/SHAABAN S             	76FO45 O  HK 21JAN RUHAA28WH
[DEBUG] SM951 28MAR: Match #79: HK 21JAN | Line: 079  01SALEH/AHMED S              	75SYCE O  HK 21JAN RUHAA28WH
[DEBUG] SM951 28MAR: Match #80: HK 21JAN | Line: 080  01SOLIMAN/AHMED              	75YFHL O  HK 21JAN RUHS228YD
[DEBUG] SM951 28MAR: Match #81: HK 21JAN | Line: 081  01ABDELHALIM/ELBADA          	75OPBM I  HK 21JAN JEDSM08AA
[DEBUG] SM951 28MAR: Match #82: HK 21JAN | Line: 082  01ABDELHAMID/MOHAME          	75REIS I  HK 21JAN RUHS228YD
[DEBUG] SM951 28MAR: Match #83: HK 21JAN | Line: 083  01ABDELNABI/AHMED            	76WFUA I  HK 21JAN RUHS228YD
[DEBUG] SM951 28MAR: Match #84: HK 21JAN | Line: 084  03ABDELSALAM/WALID           	74ZSPO I  HK 21JAN RUHS228YD
[DEBUG] SM951 28MAR: Match #85: HK 21JAN | Line: 085  01AWAD/ABDELHADY I           	754JAZ I  HK 21JAN RUHAA28WH
[DEBUG] SM951 28MAR: Match #86: HK 21JAN | Line: 086  01AWADALLA/MOHAMED           	76DP3I I  HK 21JAN CAIEG25W0
[DEBUG] SM951 28MAR: Match #87: HK 21JAN | Line: 087  01BADR/MOHAMED MR            	755SM8 I  HK 21JAN RUHS228ZW
[DEBUG] SM951 28MAR: Match #88: HK 21JAN | Line: 088  01ELGEDDAWI/MOHAMED          	75TXHM I  HK 21JAN JEDSM08MB
[DEBUG] SM951 28MAR: Match #89: HK 21JAN | Line: 089  01FAHIM/MAHMOUD E            	74PVOH I  HK 21JAN RUHAA28WH
[DEBUG] SM951 28MAR: Match #90: HK 21JAN | Line: 090  03GADALLA/HATEM              	74ZSPO I  HK 21JAN RUHS228YD
[DEBUG] SM951 28MAR: Match #91: HK 21JAN | Line: 091  04HASSANEIN/NADA MR          	74ZRWL I  HK 21JAN ISTT128AM
[DEBUG] SM951 28MAR: Match #92: HK 21JAN | Line: 092  04HEMEDA/NADIA MISS          	74ZRWL I  HK 21JAN ISTT128AM
[DEBUG] SM951 28MAR: Match #93: HK 21JAN | Line: 093  04HEMEDA/NADY MR             	74ZRWL I  HK 21JAN ISTT128AM
[DEBUG] SM951 28MAR: Match #94: HK 21JAN | Line: 094  04HEMEDA/NOUH MSTR           	74ZRWL I  HK 21JAN ISTT128AM
[DEBUG] SM951 28MAR: Match #95: HK 21JAN | Line: 095  01HEZEMA/EMAD MR             	756RS5 I  HK 21JAN ISTSM07TP
[DEBUG] SM951 28MAR: DUPLICATE #7: 092 HK 21JAN | Skipping
[DEBUG] SM951 28MAR: DUPLICATE #8: 093 HK 21JAN | Skipping
[DEBUG] SM951 28MAR: DUPLICATE #9: 094 HK 21JAN | Skipping
[DEBUG] SM951 28MAR: DUPLICATE #10: 095 HK 21JAN | Skipping
[DEBUG] SM951 28MAR: Match #96: HK 21JAN | Line: 096  01MABROUK/MOHAMED M          	76FBLC I  HK 21JAN CAISM08AA
[DEBUG] SM951 28MAR: Match #97: HK 21JAN | Line: 097  03TAIMA/AHMED                	74ZSPO I  HK 21JAN RUHS228YD
[DEBUG] SM951 28MAR: Match #98: HK 21JAN | Line: 098  01ZAYAN/FARID F              	74YJ8R I  HK 21JAN RUHAA28WH
[LF] SM951 28MAR: LP/T count complete. True WEEKLY: 98, TODAY: 1, YDAY: 5 | Removed 10 duplicates
[LF] SM951 28MAR: LP/T result: WEEKLY=98, TODAY=1, YDAY=5
[LF] SM951 28MAR: LASTSOLD=2026-01-25 00:00:00, WEEKLY=98, TODAY=1, YDAY=5
[LF] SM423 28MAR: LASTSOLD=2026-01-11 00:00:00, WEEKLY=0, TODAY=0, YDAY=0
2026-01-25 07:31:46 | INFO     | [SUCCESS] Day 28MAR
[LF] Results summary:
  2026-04-04: 2 flights
  2026-04-03: 3 flights
  2026-04-02: 3 flights
  2026-04-01: 2 flights
  2026-03-31: 3 flights
  2026-03-30: 3 flights
  2026-03-29: 3 flights
  2026-03-28: 6 flights
2026-01-25 07:31:46 | INFO     | [SUCCESS] LF Search Complete

============================================================
[Worker_9233] ✓ COMPLETED: CAI-JED
  Results: 8 dates
  Errors: 0 dates
  Total Processed: 40 groups
============================================================

2026-01-25 07:31:46 | INFO     | [Worker_9233] Completed: CAI-JED - 8 results, 0 errors

============================================================
[Worker_9233] Processing: AHB-ATZ
  Tier 0: Range 2, Chunk 1/4
  Dates: 8 days
  Date Range: 2026-03-27 to 2026-03-20
============================================================

2026-01-25 07:31:46 | INFO     | [Worker_9233] Processing: AHB-ATZ
2026-01-25 07:31:46 | INFO     |   Tier 0: Range 2, Chunk 1/4 (8 days)
2026-01-25 07:31:46 | INFO     | ======================================================================
2026-01-25 07:31:46 | INFO     | Load Factor Scraper Started - Route: AHB-ATZ
2026-01-25 07:31:46 | INFO     | Log file: D:\CODERED\LAB\Artifacts\outputs\run_generated_250126_at_07.06\logs\LF_AHB-ATZ_20260125_073146.log
2026-01-25 07:31:46 | INFO     | Enhanced logging: Capturing both logging.info() and print()
2026-01-25 07:31:46 | INFO     | ======================================================================
[LF] Processing dates (override): ['27MAR', '26MAR', '25MAR', '24MAR', '23MAR', '22MAR', '21MAR', '20MAR']
[LF] Attaching to Chrome for Altea access
2026-01-25 07:31:46 | INFO     | Starting LF search for route: AHB-ATZ
2026-01-25 07:31:46 | INFO     | [START] LF Search
[LF][[OK] SUCCESS] Connected to Chrome on 127.0.0.1:9233 (after 1 attempts)
2026-01-25 07:31:47 | INFO     | [HEALTH CHECK] [OK] Chrome connection is healthy
[LF][[OK] SUCCESS] Found Amadeus Altea window: Altéa Reservation Desktop
[LF][[INFO] INFO] URL: https://tc212.resdesktop.altea.amadeus.com/app_ard/apf/init/login?SITE=ESMPESMP&LANGUAGE=GB&MARKETS=ARDW_PROD_WBP&ACTION=clpLogin
2026-01-25 07:31:47 | INFO     | [DAY_START] Processing 27MAR
[LF] Processing AHB-ATZ for 27MAR
2026-01-25 07:31:47 | INFO     | [lf.day.start] Processing AHB-ATZ for 27MAR
[LF] Sending SN command: SN27MARAHBATZ/ASM
[LF] 27MAR: found 1 direct flights
2026-01-25 07:31:48 | INFO     | [lf.day.flights_found] Found 1 flights on 27MAR
2026-01-25 07:31:50 | INFO     | [lf.flight.extracted] SM446 on 27MAR: BKG=8, LF=4.8%
[LF] SM446 27MAR: BKG=8, GRP=0, CAP=167, LF%=4.8%, Brd-Off=AHB-ATZ, Classes: W:1, S:4, G:1, L:2
[LF] Getting WEEKLY/LASTSOLD data for 1 flights
[LF] SM446 27MAR: LASTSOLD=2026-01-01 00:00:00, WEEKLY=0, TODAY=0, YDAY=0
2026-01-25 07:31:52 | INFO     | [SUCCESS] Day 27MAR
2026-01-25 07:31:52 | INFO     | [DAY_START] Processing 26MAR
[LF] Processing AHB-ATZ for 26MAR
2026-01-25 07:31:52 | INFO     | [lf.day.start] Processing AHB-ATZ for 26MAR
[LF] Sending SN command: SN26MARAHBATZ/ASM
[LF] No direct flights on 26MAR for AHB-ATZ
2026-01-25 07:31:54 | WARNING  | [lf.day.no_flights] No direct flights on 26MAR
2026-01-25 07:31:54 | INFO     | [SUCCESS] Day 26MAR
2026-01-25 07:31:54 | INFO     | [DAY_START] Processing 25MAR
[LF] Processing AHB-ATZ for 25MAR
2026-01-25 07:31:54 | INFO     | [lf.day.start] Processing AHB-ATZ for 25MAR
[LF] Sending SN command: SN25MARAHBATZ/ASM
[LF] No direct flights on 25MAR for AHB-ATZ
2026-01-25 07:31:55 | WARNING  | [lf.day.no_flights] No direct flights on 25MAR
2026-01-25 07:31:55 | INFO     | [SUCCESS] Day 25MAR
2026-01-25 07:31:55 | INFO     | [DAY_START] Processing 24MAR
[LF] Processing AHB-ATZ for 24MAR
2026-01-25 07:31:55 | INFO     | [lf.day.start] Processing AHB-ATZ for 24MAR
[LF] Sending SN command: SN24MARAHBATZ/ASM
[LF] No direct flights on 24MAR for AHB-ATZ
2026-01-25 07:31:56 | WARNING  | [lf.day.no_flights] No direct flights on 24MAR
2026-01-25 07:31:56 | INFO     | [SUCCESS] Day 24MAR
2026-01-25 07:31:56 | INFO     | [DAY_START] Processing 23MAR
[LF] Processing AHB-ATZ for 23MAR
2026-01-25 07:31:56 | INFO     | [lf.day.start] Processing AHB-ATZ for 23MAR
[LF] Sending SN command: SN23MARAHBATZ/ASM
[LF] No direct flights on 23MAR for AHB-ATZ
2026-01-25 07:31:57 | WARNING  | [lf.day.no_flights] No direct flights on 23MAR
2026-01-25 07:31:57 | INFO     | [SUCCESS] Day 23MAR
2026-01-25 07:31:57 | INFO     | [DAY_START] Processing 22MAR
[LF] Processing AHB-ATZ for 22MAR
2026-01-25 07:31:57 | INFO     | [lf.day.start] Processing AHB-ATZ for 22MAR
[LF] Sending SN command: SN22MARAHBATZ/ASM
[LF] No direct flights on 22MAR for AHB-ATZ
2026-01-25 07:31:58 | WARNING  | [lf.day.no_flights] No direct flights on 22MAR
2026-01-25 07:31:58 | INFO     | [SUCCESS] Day 22MAR
2026-01-25 07:31:58 | INFO     | [DAY_START] Processing 21MAR
[LF] Processing AHB-ATZ for 21MAR
2026-01-25 07:31:58 | INFO     | [lf.day.start] Processing AHB-ATZ for 21MAR
[LF] Sending SN command: SN21MARAHBATZ/ASM
[LF] No direct flights on 21MAR for AHB-ATZ
2026-01-25 07:31:59 | WARNING  | [lf.day.no_flights] No direct flights on 21MAR
2026-01-25 07:31:59 | INFO     | [SUCCESS] Day 21MAR
2026-01-25 07:31:59 | INFO     | [DAY_START] Processing 20MAR
[LF] Processing AHB-ATZ for 20MAR
2026-01-25 07:31:59 | INFO     | [lf.day.start] Processing AHB-ATZ for 20MAR
[LF] Sending SN command: SN20MARAHBATZ/ASM
[LF] 20MAR: found 1 direct flights
2026-01-25 07:32:01 | INFO     | [lf.day.flights_found] Found 1 flights on 20MAR
2026-01-25 07:32:03 | INFO     | [lf.flight.extracted] SM446 on 20MAR: BKG=1, LF=0.6%
[LF] SM446 20MAR: BKG=1, GRP=0, CAP=175, LF%=0.6%, Brd-Off=AHB-ATZ, Classes: M:1
[LF] Getting WEEKLY/LASTSOLD data for 1 flights
[LF] SM446 20MAR: LASTSOLD=2025-12-24 00:00:00, WEEKLY=0, TODAY=0, YDAY=0
2026-01-25 07:32:05 | INFO     | [SUCCESS] Day 20MAR
[LF] Results summary:
  2026-03-27: 1 flights
  2026-03-26: 0 flights
  2026-03-25: 0 flights
  2026-03-24: 0 flights
  2026-03-23: 0 flights
  2026-03-22: 0 flights
  2026-03-21: 0 flights
  2026-03-20: 1 flights
2026-01-25 07:32:05 | INFO     | [SUCCESS] LF Search Complete

============================================================
[Worker_9233] ✓ COMPLETED: AHB-ATZ
  Results: 8 dates
  Errors: 0 dates
  Total Processed: 41 groups
============================================================

2026-01-25 07:32:05 | INFO     | [Worker_9233] Completed: AHB-ATZ - 8 results, 0 errors

============================================================
[Worker_9233] Processing: HBE-MED
  Tier 0: Range 2, Chunk 1/4
  Dates: 8 days
  Date Range: 2026-03-27 to 2026-03-20
============================================================

2026-01-25 07:32:05 | INFO     | [Worker_9233] Processing: HBE-MED
2026-01-25 07:32:05 | INFO     |   Tier 0: Range 2, Chunk 1/4 (8 days)
2026-01-25 07:32:05 | INFO     | ======================================================================
2026-01-25 07:32:05 | INFO     | Load Factor Scraper Started - Route: HBE-MED
2026-01-25 07:32:05 | INFO     | Log file: D:\CODERED\LAB\Artifacts\outputs\run_generated_250126_at_07.06\logs\LF_HBE-MED_20260125_073205.log
2026-01-25 07:32:05 | INFO     | Enhanced logging: Capturing both logging.info() and print()
2026-01-25 07:32:05 | INFO     | ======================================================================
[LF] Processing dates (override): ['27MAR', '26MAR', '25MAR', '24MAR', '23MAR', '22MAR', '21MAR', '20MAR']
[LF] Attaching to Chrome for Altea access
2026-01-25 07:32:05 | INFO     | Starting LF search for route: HBE-MED
2026-01-25 07:32:05 | INFO     | [START] LF Search
[LF][[OK] SUCCESS] Connected to Chrome on 127.0.0.1:9233 (after 1 attempts)
2026-01-25 07:32:06 | INFO     | [HEALTH CHECK] [OK] Chrome connection is healthy
[LF][[OK] SUCCESS] Found Amadeus Altea window: Altéa Reservation Desktop
[LF][[INFO] INFO] URL: https://tc212.resdesktop.altea.amadeus.com/app_ard/apf/init/login?SITE=ESMPESMP&LANGUAGE=GB&MARKETS=ARDW_PROD_WBP&ACTION=clpLogin
2026-01-25 07:32:06 | INFO     | [DAY_START] Processing 27MAR
[LF] Processing HBE-MED for 27MAR
2026-01-25 07:32:06 | INFO     | [lf.day.start] Processing HBE-MED for 27MAR
[LF] Sending SN command: SN27MARHBEMED/ASM
[LF] No direct flights on 27MAR for HBE-MED
2026-01-25 07:32:07 | WARNING  | [lf.day.no_flights] No direct flights on 27MAR
2026-01-25 07:32:07 | INFO     | [SUCCESS] Day 27MAR
2026-01-25 07:32:07 | INFO     | [DAY_START] Processing 26MAR
[LF] Processing HBE-MED for 26MAR
2026-01-25 07:32:07 | INFO     | [lf.day.start] Processing HBE-MED for 26MAR
[LF] Sending SN command: SN26MARHBEMED/ASM
[LF] 26MAR: found 1 direct flights
2026-01-25 07:32:08 | INFO     | [lf.day.flights_found] Found 1 flights on 26MAR
2026-01-25 07:32:10 | INFO     | [lf.flight.extracted] SM485 on 26MAR: BKG=68, LF=38.0%
[LF] SM485 26MAR: BKG=68, GRP=45, CAP=179, LF%=38.0%, Brd-Off=HBE-MED, Classes: P:45, X:9, T:7, W:7
[LF] Getting WEEKLY/LASTSOLD data for 1 flights
[LF] SM485 26MAR: LASTSOLD=2026-01-23 00:00:00, WEEKLY=7, TODAY=0, YDAY=0
2026-01-25 07:32:13 | INFO     | [SUCCESS] Day 26MAR
2026-01-25 07:32:13 | INFO     | [DAY_START] Processing 25MAR
[LF] Processing HBE-MED for 25MAR
2026-01-25 07:32:13 | INFO     | [lf.day.start] Processing HBE-MED for 25MAR
[LF] Sending SN command: SN25MARHBEMED/ASM
[LF] 25MAR: found 1 direct flights
2026-01-25 07:32:15 | INFO     | [lf.day.flights_found] Found 1 flights on 25MAR
2026-01-25 07:32:17 | INFO     | [lf.flight.extracted] SM485 on 25MAR: BKG=7, LF=3.9%
[LF] SM485 25MAR: BKG=7, GRP=0, CAP=179, LF%=3.9%, Brd-Off=HBE-MED, Classes: X:7
[LF] Getting WEEKLY/LASTSOLD data for 1 flights
[LF] SM485 25MAR: LASTSOLD=2026-01-21 00:00:00, WEEKLY=1, TODAY=0, YDAY=0
2026-01-25 07:32:19 | INFO     | [SUCCESS] Day 25MAR
2026-01-25 07:32:19 | INFO     | [DAY_START] Processing 24MAR
[LF] Processing HBE-MED for 24MAR
2026-01-25 07:32:19 | INFO     | [lf.day.start] Processing HBE-MED for 24MAR
[LF] Sending SN command: SN24MARHBEMED/ASM
[LF] 24MAR: found 3 direct flights
2026-01-25 07:32:20 | INFO     | [lf.day.flights_found] Found 3 flights on 24MAR
2026-01-25 07:32:22 | INFO     | [lf.flight.extracted] SM485 on 24MAR: BKG=4, LF=2.2%
[LF] SM485 24MAR: BKG=4, GRP=0, CAP=179, LF%=2.2%, Brd-Off=HBE-MED, Classes: X:4
2026-01-25 07:32:26 | INFO     | [lf.flight.extracted] SM973 on 24MAR: BKG=0, LF=0.0%
[LF] SM973 24MAR: BKG=0, GRP=0, CAP=179, LF%=0.0%, Brd-Off=HBE-MED
2026-01-25 07:32:29 | INFO     | [lf.flight.extracted] SM983 on 24MAR: BKG=0, LF=0.0%
[LF] SM983 24MAR: BKG=0, GRP=0, CAP=179, LF%=0.0%, Brd-Off=HBE-MED
[LF] Getting WEEKLY/LASTSOLD data for 1 flights
[LF] SM485 24MAR: LASTSOLD=2026-01-19 00:00:00, WEEKLY=1, TODAY=0, YDAY=0
2026-01-25 07:32:31 | INFO     | [SUCCESS] Day 24MAR
2026-01-25 07:32:31 | INFO     | [DAY_START] Processing 23MAR
[LF] Processing HBE-MED for 23MAR
2026-01-25 07:32:31 | INFO     | [lf.day.start] Processing HBE-MED for 23MAR
[LF] Sending SN command: SN23MARHBEMED/ASM
[LF] No direct flights on 23MAR for HBE-MED
2026-01-25 07:32:32 | WARNING  | [lf.day.no_flights] No direct flights on 23MAR
2026-01-25 07:32:32 | INFO     | [SUCCESS] Day 23MAR
2026-01-25 07:32:32 | INFO     | [DAY_START] Processing 22MAR
[LF] Processing HBE-MED for 22MAR
2026-01-25 07:32:32 | INFO     | [lf.day.start] Processing HBE-MED for 22MAR
[LF] Sending SN command: SN22MARHBEMED/ASM
[LF] 22MAR: found 3 direct flights
2026-01-25 07:32:33 | INFO     | [lf.day.flights_found] Found 3 flights on 22MAR
2026-01-25 07:32:35 | INFO     | [lf.flight.extracted] SM485 on 22MAR: BKG=1, LF=0.6%
[LF] SM485 22MAR: BKG=1, GRP=0, CAP=179, LF%=0.6%, Brd-Off=HBE-MED, Classes: V:1
2026-01-25 07:32:39 | INFO     | [lf.flight.extracted] SM973 on 22MAR: BKG=0, LF=0.0%
[LF] SM973 22MAR: BKG=0, GRP=0, CAP=179, LF%=0.0%, Brd-Off=HBE-MED
2026-01-25 07:32:42 | INFO     | [lf.flight.extracted] SM983 on 22MAR: BKG=0, LF=0.0%
[LF] SM983 22MAR: BKG=0, GRP=0, CAP=179, LF%=0.0%, Brd-Off=HBE-MED
[LF] Getting WEEKLY/LASTSOLD data for 1 flights
[LF] SM485 22MAR: LASTSOLD=2026-01-15 00:00:00, WEEKLY=0, TODAY=0, YDAY=0
2026-01-25 07:32:44 | INFO     | [SUCCESS] Day 22MAR
2026-01-25 07:32:44 | INFO     | [DAY_START] Processing 21MAR
[LF] Processing HBE-MED for 21MAR
2026-01-25 07:32:44 | INFO     | [lf.day.start] Processing HBE-MED for 21MAR
[LF] Sending SN command: SN21MARHBEMED/ASM
[LF] No direct flights on 21MAR for HBE-MED
2026-01-25 07:32:55 | WARNING  | [lf.day.no_flights] No direct flights on 21MAR
2026-01-25 07:32:55 | INFO     | [SUCCESS] Day 21MAR
2026-01-25 07:32:55 | INFO     | [DAY_START] Processing 20MAR
[LF] Processing HBE-MED for 20MAR
2026-01-25 07:32:55 | INFO     | [lf.day.start] Processing HBE-MED for 20MAR
[LF] Sending SN command: SN20MARHBEMED/ASM
[LF] No direct flights on 20MAR for HBE-MED
2026-01-25 07:32:56 | WARNING  | [lf.day.no_flights] No direct flights on 20MAR
2026-01-25 07:32:56 | INFO     | [SUCCESS] Day 20MAR
[LF] Results summary:
  2026-03-27: 0 flights
  2026-03-26: 1 flights
  2026-03-25: 1 flights
  2026-03-24: 3 flights
  2026-03-23: 0 flights
  2026-03-22: 3 flights
  2026-03-21: 0 flights
  2026-03-20: 0 flights
2026-01-25 07:32:56 | INFO     | [SUCCESS] LF Search Complete

============================================================
[Worker_9233] ✓ COMPLETED: HBE-MED
  Results: 8 dates
  Errors: 0 dates
  Total Processed: 42 groups
============================================================

2026-01-25 07:32:56 | INFO     | [Worker_9233] Completed: HBE-MED - 8 results, 0 errors

============================================================
[Worker_9233] Processing: CAI-DMM
  Tier 0: Range 2, Chunk 1/4
  Dates: 8 days
  Date Range: 2026-03-27 to 2026-03-20
============================================================

2026-01-25 07:32:56 | INFO     | [Worker_9233] Processing: CAI-DMM
2026-01-25 07:32:56 | INFO     |   Tier 0: Range 2, Chunk 1/4 (8 days)
2026-01-25 07:32:56 | INFO     | ======================================================================
2026-01-25 07:32:56 | INFO     | Load Factor Scraper Started - Route: CAI-DMM
2026-01-25 07:32:56 | INFO     | Log file: D:\CODERED\LAB\Artifacts\outputs\run_generated_250126_at_07.06\logs\LF_CAI-DMM_20260125_073256.log
2026-01-25 07:32:56 | INFO     | Enhanced logging: Capturing both logging.info() and print()
2026-01-25 07:32:56 | INFO     | ======================================================================
[LF] Processing dates (override): ['27MAR', '26MAR', '25MAR', '24MAR', '23MAR', '22MAR', '21MAR', '20MAR']
[LF] Attaching to Chrome for Altea access
2026-01-25 07:32:56 | INFO     | Starting LF search for route: CAI-DMM
2026-01-25 07:32:56 | INFO     | [START] LF Search
[LF][[OK] SUCCESS] Connected to Chrome on 127.0.0.1:9233 (after 1 attempts)
2026-01-25 07:32:57 | INFO     | [HEALTH CHECK] [OK] Chrome connection is healthy
[LF][[OK] SUCCESS] Found Amadeus Altea window: Altéa Reservation Desktop
[LF][[INFO] INFO] URL: https://tc212.resdesktop.altea.amadeus.com/app_ard/apf/init/login?SITE=ESMPESMP&LANGUAGE=GB&MARKETS=ARDW_PROD_WBP&ACTION=clpLogin
2026-01-25 07:32:57 | INFO     | [DAY_START] Processing 27MAR
[LF] Processing CAI-DMM for 27MAR
2026-01-25 07:32:57 | INFO     | [lf.day.start] Processing CAI-DMM for 27MAR
[LF] Sending SN command: SN27MARCAIDMM/ASM
[LF] 27MAR: found 1 direct flights
2026-01-25 07:32:59 | INFO     | [lf.day.flights_found] Found 1 flights on 27MAR
2026-01-25 07:33:01 | INFO     | [lf.flight.extracted] SM433 on 27MAR: BKG=79, LF=44.1%
[LF] SM433 27MAR: BKG=79, GRP=0, CAP=179, LF%=44.1%, Brd-Off=CAI-DMM, Classes: S:4, G:4, L:9, V:10, K:17, Q:20, H:10, M:1, B:4
[LF] Getting WEEKLY/LASTSOLD data for 1 flights
[LF] SM433 27MAR: LASTSOLD=2026-01-22 00:00:00, WEEKLY=14, TODAY=0, YDAY=0
2026-01-25 07:33:07 | INFO     | [SUCCESS] Day 27MAR
2026-01-25 07:33:07 | INFO     | [DAY_START] Processing 26MAR
[LF] Processing CAI-DMM for 26MAR
2026-01-25 07:33:07 | INFO     | [lf.day.start] Processing CAI-DMM for 26MAR
[LF] Sending SN command: SN26MARCAIDMM/ASM
[LF] 26MAR: found 1 direct flights
2026-01-25 07:33:08 | INFO     | [lf.day.flights_found] Found 1 flights on 26MAR
2026-01-25 07:33:10 | INFO     | [lf.flight.extracted] SM433 on 26MAR: BKG=44, LF=24.6%
[LF] SM433 26MAR: BKG=44, GRP=0, CAP=179, LF%=24.6%, Brd-Off=CAI-DMM, Classes: W:1, S:4, G:2, L:9, K:11, Q:10, H:3, M:3, B:1
[LF] Getting WEEKLY/LASTSOLD data for 1 flights
[LF] SM433 26MAR: LASTSOLD=2026-01-24 00:00:00, WEEKLY=10, TODAY=0, YDAY=3
2026-01-25 07:33:15 | INFO     | [SUCCESS] Day 26MAR
2026-01-25 07:33:15 | INFO     | [DAY_START] Processing 25MAR
[LF] Processing CAI-DMM for 25MAR
2026-01-25 07:33:15 | INFO     | [lf.day.start] Processing CAI-DMM for 25MAR
[LF] Sending SN command: SN25MARCAIDMM/ASM
[LF] No direct flights on 25MAR for CAI-DMM
2026-01-25 07:33:16 | WARNING  | [lf.day.no_flights] No direct flights on 25MAR
2026-01-25 07:33:16 | INFO     | [SUCCESS] Day 25MAR
2026-01-25 07:33:16 | INFO     | [DAY_START] Processing 24MAR
[LF] Processing CAI-DMM for 24MAR
2026-01-25 07:33:16 | INFO     | [lf.day.start] Processing CAI-DMM for 24MAR
[LF] Sending SN command: SN24MARCAIDMM/ASM
[LF] 24MAR: found 1 direct flights
2026-01-25 07:33:17 | INFO     | [lf.day.flights_found] Found 1 flights on 24MAR
2026-01-25 07:33:19 | INFO     | [lf.flight.extracted] SM433 on 24MAR: BKG=25, LF=14.0%
[LF] SM433 24MAR: BKG=25, GRP=0, CAP=179, LF%=14.0%, Brd-Off=CAI-DMM, Classes: W:1, S:1, G:7, L:6, V:9, Y:1
[LF] Getting WEEKLY/LASTSOLD data for 1 flights
[LF] SM433 24MAR: LASTSOLD=2026-01-23 00:00:00, WEEKLY=8, TODAY=0, YDAY=0
2026-01-25 07:33:23 | INFO     | [SUCCESS] Day 24MAR
2026-01-25 07:33:23 | INFO     | [DAY_START] Processing 23MAR
[LF] Processing CAI-DMM for 23MAR
2026-01-25 07:33:23 | INFO     | [lf.day.start] Processing CAI-DMM for 23MAR
[LF] Sending SN command: SN23MARCAIDMM/ASM
[LF] No direct flights on 23MAR for CAI-DMM
2026-01-25 07:33:24 | WARNING  | [lf.day.no_flights] No direct flights on 23MAR
2026-01-25 07:33:24 | INFO     | [SUCCESS] Day 23MAR
2026-01-25 07:33:24 | INFO     | [DAY_START] Processing 22MAR
[LF] Processing CAI-DMM for 22MAR
2026-01-25 07:33:24 | INFO     | [lf.day.start] Processing CAI-DMM for 22MAR
[LF] Sending SN command: SN22MARCAIDMM/ASM
[LF] No direct flights on 22MAR for CAI-DMM
2026-01-25 07:33:26 | WARNING  | [lf.day.no_flights] No direct flights on 22MAR
2026-01-25 07:33:26 | INFO     | [SUCCESS] Day 22MAR
2026-01-25 07:33:26 | INFO     | [DAY_START] Processing 21MAR
[LF] Processing CAI-DMM for 21MAR
2026-01-25 07:33:26 | INFO     | [lf.day.start] Processing CAI-DMM for 21MAR
[LF] Sending SN command: SN21MARCAIDMM/ASM
[LF] 21MAR: found 1 direct flights
2026-01-25 07:33:27 | INFO     | [lf.day.flights_found] Found 1 flights on 21MAR
2026-01-25 07:33:29 | INFO     | [lf.flight.extracted] SM433 on 21MAR: BKG=51, LF=28.5%
[LF] SM433 21MAR: BKG=51, GRP=0, CAP=179, LF%=28.5%, Brd-Off=CAI-DMM, Classes: I:4, O:10, U:17, X:9, T:7, W:4
[LF] Getting WEEKLY/LASTSOLD data for 1 flights
[LF] SM433 21MAR: LASTSOLD=2026-01-24 00:00:00, WEEKLY=20, TODAY=0, YDAY=2
2026-01-25 07:33:33 | INFO     | [SUCCESS] Day 21MAR
2026-01-25 07:33:33 | INFO     | [DAY_START] Processing 20MAR
[LF] Processing CAI-DMM for 20MAR
2026-01-25 07:33:33 | INFO     | [lf.day.start] Processing CAI-DMM for 20MAR
[LF] Sending SN command: SN20MARCAIDMM/ASM
[LF] 20MAR: found 1 direct flights
2026-01-25 07:33:34 | INFO     | [lf.day.flights_found] Found 1 flights on 20MAR
2026-01-25 07:33:36 | INFO     | [lf.flight.extracted] SM433 on 20MAR: BKG=5, LF=2.8%
[LF] SM433 20MAR: BKG=5, GRP=0, CAP=179, LF%=2.8%, Brd-Off=CAI-DMM, Classes: I:5
[LF] Getting WEEKLY/LASTSOLD data for 1 flights
[LF] SM433 20MAR: LASTSOLD=2026-01-12 00:00:00, WEEKLY=0, TODAY=0, YDAY=0
2026-01-25 07:33:39 | INFO     | [SUCCESS] Day 20MAR
[LF] Results summary:
  2026-03-27: 1 flights
  2026-03-26: 1 flights
  2026-03-25: 0 flights
  2026-03-24: 1 flights
  2026-03-23: 0 flights
  2026-03-22: 0 flights
  2026-03-21: 1 flights
  2026-03-20: 1 flights
2026-01-25 07:33:39 | INFO     | [SUCCESS] LF Search Complete

============================================================
[Worker_9233] ✓ COMPLETED: CAI-DMM
  Results: 8 dates
  Errors: 0 dates
  Total Processed: 43 groups
============================================================

2026-01-25 07:33:39 | INFO     | [Worker_9233] Completed: CAI-DMM - 8 results, 0 errors

============================================================
[Worker_9233] Processing: CAI-YNB
  Tier 0: Range 2, Chunk 1/4
  Dates: 8 days
  Date Range: 2026-03-27 to 2026-03-20
============================================================

2026-01-25 07:33:39 | INFO     | [Worker_9233] Processing: CAI-YNB
2026-01-25 07:33:39 | INFO     |   Tier 0: Range 2, Chunk 1/4 (8 days)
2026-01-25 07:33:39 | INFO     | ======================================================================
2026-01-25 07:33:39 | INFO     | Load Factor Scraper Started - Route: CAI-YNB
2026-01-25 07:33:39 | INFO     | Log file: D:\CODERED\LAB\Artifacts\outputs\run_generated_250126_at_07.06\logs\LF_CAI-YNB_20260125_073339.log
2026-01-25 07:33:39 | INFO     | Enhanced logging: Capturing both logging.info() and print()
2026-01-25 07:33:39 | INFO     | ======================================================================
[LF] Processing dates (override): ['27MAR', '26MAR', '25MAR', '24MAR', '23MAR', '22MAR', '21MAR', '20MAR']
[LF] Attaching to Chrome for Altea access
2026-01-25 07:33:39 | INFO     | Starting LF search for route: CAI-YNB
2026-01-25 07:33:39 | INFO     | [START] LF Search
[LF][[OK] SUCCESS] Connected to Chrome on 127.0.0.1:9233 (after 1 attempts)
2026-01-25 07:33:40 | INFO     | [HEALTH CHECK] [OK] Chrome connection is healthy
[LF][[OK] SUCCESS] Found Amadeus Altea window: Altéa Reservation Desktop
[LF][[INFO] INFO] URL: https://tc212.resdesktop.altea.amadeus.com/app_ard/apf/init/login?SITE=ESMPESMP&LANGUAGE=GB&MARKETS=ARDW_PROD_WBP&ACTION=clpLogin
2026-01-25 07:33:40 | INFO     | [DAY_START] Processing 27MAR
[LF] Processing CAI-YNB for 27MAR
2026-01-25 07:33:40 | INFO     | [lf.day.start] Processing CAI-YNB for 27MAR
[LF] Sending SN command: SN27MARCAIYNB/ASM
[LF] 27MAR: 1 cancelled flight(s) detected from SN (CAI-YNB)
[LF] 27MAR: found 1 direct flights
2026-01-25 07:33:41 | INFO     | [lf.day.flights_found] Found 1 flights on 27MAR
2026-01-25 07:33:43 | INFO     | [lf.flight.extracted] SM441 on 27MAR: BKG=57, LF=31.8%
[LF] SM441 27MAR: BKG=57, GRP=0, CAP=179, LF%=31.8%, Brd-Off=CAI-YNB, Classes: X:2, T:4, W:3, S:9, G:18, L:17, V:4
[LF] Getting WEEKLY/LASTSOLD data for 1 flights
[LF] SM441 27MAR: LASTSOLD=2026-01-22 00:00:00, WEEKLY=5, TODAY=0, YDAY=0
2026-01-25 07:33:47 | INFO     | [SUCCESS] Day 27MAR
2026-01-25 07:33:47 | INFO     | [DAY_START] Processing 26MAR
[LF] Processing CAI-YNB for 26MAR
2026-01-25 07:33:47 | INFO     | [lf.day.start] Processing CAI-YNB for 26MAR
[LF] Sending SN command: SN26MARCAIYNB/ASM
[LF] 26MAR: found 2 direct flights
2026-01-25 07:33:48 | INFO     | [lf.day.flights_found] Found 2 flights on 26MAR
2026-01-25 07:33:51 | INFO     | [lf.flight.extracted] SM987 on 26MAR: BKG=0, LF=0.0%
[LF] SM987 26MAR: BKG=0, GRP=0, CAP=179, LF%=0.0%, Brd-Off=CAI-YNB
2026-01-25 07:33:54 | INFO     | [lf.flight.extracted] SM441 on 26MAR: BKG=27, LF=15.1%
[LF] SM441 26MAR: BKG=27, GRP=0, CAP=179, LF%=15.1%, Brd-Off=CAI-YNB, Classes: I:3, T:3, W:3, S:9, G:9
[LF] Getting WEEKLY/LASTSOLD data for 1 flights
[LF] SM441 26MAR: LASTSOLD=2026-01-20 00:00:00, WEEKLY=7, TODAY=0, YDAY=0
2026-01-25 07:33:57 | INFO     | [SUCCESS] Day 26MAR
2026-01-25 07:33:57 | INFO     | [DAY_START] Processing 25MAR
[LF] Processing CAI-YNB for 25MAR
2026-01-25 07:33:57 | INFO     | [lf.day.start] Processing CAI-YNB for 25MAR
[LF] Sending SN command: SN25MARCAIYNB/ASM
[LF] 25MAR: found 2 direct flights
2026-01-25 07:33:58 | INFO     | [lf.day.flights_found] Found 2 flights on 25MAR
2026-01-25 07:34:00 | INFO     | [lf.flight.extracted] SM987 on 25MAR: BKG=0, LF=0.0%
[LF] SM987 25MAR: BKG=0, GRP=0, CAP=179, LF%=0.0%, Brd-Off=CAI-YNB
2026-01-25 07:34:03 | INFO     | [lf.flight.extracted] SM441 on 25MAR: BKG=21, LF=11.7%
[LF] SM441 25MAR: BKG=21, GRP=0, CAP=179, LF%=11.7%, Brd-Off=CAI-YNB, Classes: X:1, T:5, W:4, S:9, G:2
[LF] Getting WEEKLY/LASTSOLD data for 1 flights
[LF] SM441 25MAR: LASTSOLD=2026-01-24 00:00:00, WEEKLY=1, TODAY=0, YDAY=1
2026-01-25 07:34:06 | INFO     | [SUCCESS] Day 25MAR
2026-01-25 07:34:06 | INFO     | [DAY_START] Processing 24MAR
[LF] Processing CAI-YNB for 24MAR
2026-01-25 07:34:06 | INFO     | [lf.day.start] Processing CAI-YNB for 24MAR
[LF] Sending SN command: SN24MARCAIYNB/ASM
[LF] 24MAR: 1 cancelled flight(s) detected from SN (CAI-YNB)
[LF] 24MAR: found 3 direct flights
2026-01-25 07:34:08 | INFO     | [lf.day.flights_found] Found 3 flights on 24MAR
2026-01-25 07:34:10 | INFO     | [lf.flight.extracted] SM943 on 24MAR: BKG=0, LF=0.0%
[LF] SM943 24MAR: BKG=0, GRP=0, CAP=179, LF%=0.0%, Brd-Off=CAI-YNB
2026-01-25 07:34:13 | INFO     | [lf.flight.extracted] SM947 on 24MAR: BKG=0, LF=0.0%
[LF] SM947 24MAR: BKG=0, GRP=0, CAP=179, LF%=0.0%, Brd-Off=CAI-YNB
2026-01-25 07:34:16 | INFO     | [lf.flight.extracted] SM441 on 24MAR: BKG=18, LF=10.1%
[LF] SM441 24MAR: BKG=18, GRP=0, CAP=179, LF%=10.1%, Brd-Off=CAI-YNB, Classes: X:2, T:4, W:3, S:8, G:1
[LF] Getting WEEKLY/LASTSOLD data for 1 flights
[LF] SM441 24MAR: LASTSOLD=2026-01-22 00:00:00, WEEKLY=1, TODAY=0, YDAY=0
2026-01-25 07:34:19 | INFO     | [SUCCESS] Day 24MAR
2026-01-25 07:34:19 | INFO     | [DAY_START] Processing 23MAR
[LF] Processing CAI-YNB for 23MAR
2026-01-25 07:34:19 | INFO     | [lf.day.start] Processing CAI-YNB for 23MAR
[LF] Sending SN command: SN23MARCAIYNB/ASM
[LF] 23MAR: found 3 direct flights
2026-01-25 07:34:20 | INFO     | [lf.day.flights_found] Found 3 flights on 23MAR
2026-01-25 07:34:22 | INFO     | [lf.flight.extracted] SM941 on 23MAR: BKG=0, LF=0.0%
[LF] SM941 23MAR: BKG=0, GRP=0, CAP=179, LF%=0.0%, Brd-Off=CAI-YNB
2026-01-25 07:34:25 | INFO     | [lf.flight.extracted] SM985 on 23MAR: BKG=0, LF=0.0%
[LF] SM985 23MAR: BKG=0, GRP=0, CAP=179, LF%=0.0%, Brd-Off=CAI-YNB
2026-01-25 07:34:28 | INFO     | [lf.flight.extracted] SM441 on 23MAR: BKG=10, LF=5.6%
[LF] SM441 23MAR: BKG=10, GRP=0, CAP=179, LF%=5.6%, Brd-Off=CAI-YNB, Classes: X:2, T:4, W:3, S:1
[LF] Getting WEEKLY/LASTSOLD data for 1 flights
[LF] SM441 23MAR: LASTSOLD=2026-01-22 00:00:00, WEEKLY=2, TODAY=0, YDAY=0
2026-01-25 07:34:31 | INFO     | [SUCCESS] Day 23MAR
2026-01-25 07:34:31 | INFO     | [DAY_START] Processing 22MAR
[LF] Processing CAI-YNB for 22MAR
2026-01-25 07:34:31 | INFO     | [lf.day.start] Processing CAI-YNB for 22MAR
[LF] Sending SN command: SN22MARCAIYNB/ASM
[LF] 22MAR: found 2 direct flights
2026-01-25 07:34:32 | INFO     | [lf.day.flights_found] Found 2 flights on 22MAR
2026-01-25 07:34:34 | INFO     | [lf.flight.extracted] SM441 on 22MAR: BKG=11, LF=6.2%
[LF] SM441 22MAR: BKG=11, GRP=0, CAP=179, LF%=6.2%, Brd-Off=CAI-YNB, Classes: X:2, T:4, W:3, S:2
2026-01-25 07:34:38 | INFO     | [lf.flight.extracted] SM987 on 22MAR: BKG=0, LF=0.0%
[LF] SM987 22MAR: BKG=0, GRP=0, CAP=179, LF%=0.0%, Brd-Off=CAI-YNB
[LF] Getting WEEKLY/LASTSOLD data for 1 flights
[LF] SM441 22MAR: LASTSOLD=2026-01-21 00:00:00, WEEKLY=5, TODAY=0, YDAY=0
2026-01-25 07:34:40 | INFO     | [SUCCESS] Day 22MAR
2026-01-25 07:34:40 | INFO     | [DAY_START] Processing 21MAR
[LF] Processing CAI-YNB for 21MAR
2026-01-25 07:34:40 | INFO     | [lf.day.start] Processing CAI-YNB for 21MAR
[LF] Sending SN command: SN21MARCAIYNB/ASM
[LF] 21MAR: found 2 direct flights
2026-01-25 07:34:41 | INFO     | [lf.day.flights_found] Found 2 flights on 21MAR
2026-01-25 07:34:43 | INFO     | [lf.flight.extracted] SM941 on 21MAR: BKG=0, LF=0.0%
[LF] SM941 21MAR: BKG=0, GRP=0, CAP=179, LF%=0.0%, Brd-Off=CAI-YNB
2026-01-25 07:34:47 | INFO     | [lf.flight.extracted] SM441 on 21MAR: BKG=0, LF=0.0%
[LF] SM441 21MAR: BKG=0, GRP=0, CAP=179, LF%=0.0%, Brd-Off=CAI-YNB
2026-01-25 07:34:49 | INFO     | [SUCCESS] Day 21MAR
2026-01-25 07:34:49 | INFO     | [DAY_START] Processing 20MAR
[LF] Processing CAI-YNB for 20MAR
2026-01-25 07:34:49 | INFO     | [lf.day.start] Processing CAI-YNB for 20MAR
[LF] Sending SN command: SN20MARCAIYNB/ASM
[LF] 20MAR: found 2 direct flights
2026-01-25 07:34:50 | INFO     | [lf.day.flights_found] Found 2 flights on 20MAR
2026-01-25 07:34:52 | INFO     | [lf.flight.extracted] SM941 on 20MAR: BKG=0, LF=0.0%
[LF] SM941 20MAR: BKG=0, GRP=0, CAP=179, LF%=0.0%, Brd-Off=CAI-YNB
2026-01-25 07:34:55 | INFO     | [lf.flight.extracted] SM441 on 20MAR: BKG=0, LF=0.0%
[LF] SM441 20MAR: BKG=0, GRP=0, CAP=179, LF%=0.0%, Brd-Off=CAI-YNB
2026-01-25 07:34:56 | INFO     | [SUCCESS] Day 20MAR
[LF] Results summary:
  2026-03-27: 1 flights
  2026-03-26: 2 flights
  2026-03-25: 2 flights
  2026-03-24: 3 flights
  2026-03-23: 3 flights
  2026-03-22: 2 flights
  2026-03-21: 2 flights
  2026-03-20: 2 flights
[LF] Cancelled flights found: 2
  - SM949 27MAR (SN)
  - SM987 24MAR (SN)
2026-01-25 07:34:56 | INFO     | [SUCCESS] LF Search Complete
[Worker_9233] Cancelled flights collected: 2

============================================================
[Worker_9233] ✓ COMPLETED: CAI-YNB
  Results: 8 dates
  Errors: 0 dates
  Total Processed: 44 groups
============================================================

2026-01-25 07:34:56 | INFO     | [Worker_9233] Completed: CAI-YNB - 8 results, 0 errors

============================================================
[Worker_9233] Processing: RUH-CAI
  Tier 0: Range 2, Chunk 2/4
  Dates: 8 days
  Date Range: 2026-03-19 to 2026-03-12
============================================================

2026-01-25 07:34:56 | INFO     | [Worker_9233] Processing: RUH-CAI
2026-01-25 07:34:56 | INFO     |   Tier 0: Range 2, Chunk 2/4 (8 days)
2026-01-25 07:34:57 | INFO     | ======================================================================
2026-01-25 07:34:57 | INFO     | Load Factor Scraper Started - Route: RUH-CAI
2026-01-25 07:34:57 | INFO     | Log file: D:\CODERED\LAB\Artifacts\outputs\run_generated_250126_at_07.06\logs\LF_RUH-CAI_20260125_073456.log
2026-01-25 07:34:57 | INFO     | Enhanced logging: Capturing both logging.info() and print()
2026-01-25 07:34:57 | INFO     | ======================================================================
[LF] Processing dates (override): ['19MAR', '18MAR', '17MAR', '16MAR', '15MAR', '14MAR', '13MAR', '12MAR']
[LF] Attaching to Chrome for Altea access
2026-01-25 07:34:57 | INFO     | Starting LF search for route: RUH-CAI
2026-01-25 07:34:57 | INFO     | [START] LF Search
[LF][[OK] SUCCESS] Connected to Chrome on 127.0.0.1:9233 (after 1 attempts)
2026-01-25 07:34:57 | INFO     | [HEALTH CHECK] [OK] Chrome connection is healthy
[LF][[OK] SUCCESS] Found Amadeus Altea window: Altéa Reservation Desktop
[LF][[INFO] INFO] URL: https://tc212.resdesktop.altea.amadeus.com/app_ard/apf/init/login?SITE=ESMPESMP&LANGUAGE=GB&MARKETS=ARDW_PROD_WBP&ACTION=clpLogin
2026-01-25 07:34:57 | INFO     | [DAY_START] Processing 19MAR
[LF] Processing RUH-CAI for 19MAR
2026-01-25 07:34:57 | INFO     | [lf.day.start] Processing RUH-CAI for 19MAR
[LF] Sending SN command: SN19MARRUHCAI/ASM
[LF] 19MAR: found 1 direct flights
2026-01-25 07:34:59 | INFO     | [lf.day.flights_found] Found 1 flights on 19MAR
2026-01-25 07:35:00 | INFO     | [lf.flight.extracted] SM462 on 19MAR: BKG=23, LF=13.1%
[LF] SM462 19MAR: BKG=23, GRP=0, CAP=175, LF%=13.1%, Brd-Off=RUH-CAI, Classes: X:7, T:2, L:2, Q:5, H:1, M:2, Y:4
[LF] Getting WEEKLY/LASTSOLD data for 1 flights
[LF] SM462 19MAR: LASTSOLD=2026-01-18 00:00:00, WEEKLY=1, TODAY=0, YDAY=0
2026-01-25 07:35:04 | INFO     | [SUCCESS] Day 19MAR
2026-01-25 07:35:04 | INFO     | [DAY_START] Processing 18MAR
[LF] Processing RUH-CAI for 18MAR
2026-01-25 07:35:04 | INFO     | [lf.day.start] Processing RUH-CAI for 18MAR
[LF] Sending SN command: SN18MARRUHCAI/ASM
[LF] 18MAR: found 2 direct flights
2026-01-25 07:35:05 | INFO     | [lf.day.flights_found] Found 2 flights on 18MAR
2026-01-25 07:35:07 | INFO     | [lf.flight.extracted] SM462 on 18MAR: BKG=25, LF=14.3%
[LF] SM462 18MAR: BKG=25, GRP=0, CAP=175, LF%=14.3%, Brd-Off=RUH-CAI, Classes: X:8, Q:5, H:6, M:6
2026-01-25 07:35:10 | INFO     | [lf.flight.extracted] SM470 on 18MAR: BKG=18, LF=10.8%
[LF] SM470 18MAR: BKG=18, GRP=0, CAP=167, LF%=10.8%, Brd-Off=RUH-CAI, Classes: X:5, V:1, K:1, Q:5, H:5, M:1
[LPC] SM470 18MAR: Found 0 outbound flights with connecting passengers
[LF] Getting WEEKLY/LASTSOLD data for 2 flights
[LF] SM462 18MAR: LASTSOLD=2026-01-21 00:00:00, WEEKLY=3, TODAY=0, YDAY=0
[LF] SM470 18MAR: LASTSOLD=2026-01-23 00:00:00, WEEKLY=5, TODAY=0, YDAY=0
2026-01-25 07:35:16 | INFO     | [SUCCESS] Day 18MAR
2026-01-25 07:35:16 | INFO     | [DAY_START] Processing 17MAR
[LF] Processing RUH-CAI for 17MAR
2026-01-25 07:35:16 | INFO     | [lf.day.start] Processing RUH-CAI for 17MAR
[LF] Sending SN command: SN17MARRUHCAI/ASM
[LF] 17MAR: found 1 direct flights
2026-01-25 07:35:17 | INFO     | [lf.day.flights_found] Found 1 flights on 17MAR
2026-01-25 07:35:19 | INFO     | [lf.flight.extracted] SM470 on 17MAR: BKG=7, LF=4.2%
[LF] SM470 17MAR: BKG=7, GRP=0, CAP=167, LF%=4.2%, Brd-Off=RUH-CAI, Classes: X:2, Q:5
[LF] Getting WEEKLY/LASTSOLD data for 1 flights
[LF] SM470 17MAR: LASTSOLD=2026-01-18 00:00:00, WEEKLY=4, TODAY=0, YDAY=0
2026-01-25 07:35:22 | INFO     | [SUCCESS] Day 17MAR
2026-01-25 07:35:22 | INFO     | [DAY_START] Processing 16MAR
[LF] Processing RUH-CAI for 16MAR
2026-01-25 07:35:22 | INFO     | [lf.day.start] Processing RUH-CAI for 16MAR
[LF] Sending SN command: SN16MARRUHCAI/ASM
[LF] 16MAR: found 1 direct flights
2026-01-25 07:35:23 | INFO     | [lf.day.flights_found] Found 1 flights on 16MAR
2026-01-25 07:35:25 | INFO     | [lf.flight.extracted] SM470 on 16MAR: BKG=1, LF=0.6%
[LF] SM470 16MAR: BKG=1, GRP=0, CAP=167, LF%=0.6%, Brd-Off=RUH-CAI, Classes: L:1
[LF] Getting WEEKLY/LASTSOLD data for 1 flights
[LF] SM470 16MAR: LASTSOLD=2025-09-09 00:00:00, WEEKLY=0, TODAY=0, YDAY=0
2026-01-25 07:35:28 | INFO     | [SUCCESS] Day 16MAR
2026-01-25 07:35:28 | INFO     | [DAY_START] Processing 15MAR
[LF] Processing RUH-CAI for 15MAR
2026-01-25 07:35:28 | INFO     | [lf.day.start] Processing RUH-CAI for 15MAR
[LF] Sending SN command: SN15MARRUHCAI/ASM
[LF] 15MAR: found 1 direct flights
2026-01-25 07:35:29 | INFO     | [lf.day.flights_found] Found 1 flights on 15MAR
2026-01-25 07:35:31 | INFO     | [lf.flight.extracted] SM462 on 15MAR: BKG=2, LF=1.1%
[LF] SM462 15MAR: BKG=2, GRP=0, CAP=175, LF%=1.1%, Brd-Off=RUH-CAI, Classes: X:2
[LF] Getting WEEKLY/LASTSOLD data for 1 flights
[LF] SM462 15MAR: LASTSOLD=2026-01-14 00:00:00, WEEKLY=0, TODAY=0, YDAY=0
2026-01-25 07:35:33 | INFO     | [SUCCESS] Day 15MAR
2026-01-25 07:35:33 | INFO     | [DAY_START] Processing 14MAR
[LF] Processing RUH-CAI for 14MAR
2026-01-25 07:35:33 | INFO     | [lf.day.start] Processing RUH-CAI for 14MAR
[LF] Sending SN command: SN14MARRUHCAI/ASM
[LF] 14MAR: found 1 direct flights
2026-01-25 07:35:35 | INFO     | [lf.day.flights_found] Found 1 flights on 14MAR
2026-01-25 07:35:37 | INFO     | [lf.flight.extracted] SM462 on 14MAR: BKG=7, LF=4.0%
[LF] SM462 14MAR: BKG=7, GRP=0, CAP=175, LF%=4.0%, Brd-Off=RUH-CAI, Classes: X:1, L:1, Q:5
[LF] Getting WEEKLY/LASTSOLD data for 1 flights
[LF] SM462 14MAR: LASTSOLD=2026-01-12 00:00:00, WEEKLY=0, TODAY=0, YDAY=0
2026-01-25 07:35:39 | INFO     | [SUCCESS] Day 14MAR
2026-01-25 07:35:39 | INFO     | [DAY_START] Processing 13MAR
[LF] Processing RUH-CAI for 13MAR
2026-01-25 07:35:39 | INFO     | [lf.day.start] Processing RUH-CAI for 13MAR
[LF] Sending SN command: SN13MARRUHCAI/ASM
[LF] 13MAR: found 2 direct flights
2026-01-25 07:35:40 | INFO     | [lf.day.flights_found] Found 2 flights on 13MAR
2026-01-25 07:35:42 | INFO     | [lf.flight.extracted] SM462 on 13MAR: BKG=4, LF=2.3%
[LF] SM462 13MAR: BKG=4, GRP=0, CAP=175, LF%=2.3%, Brd-Off=RUH-CAI, Classes: W:1, S:2, M:1
[LPC] SM462 13MAR: Found 1 outbound flights with connecting passengers
2026-01-25 07:35:47 | INFO     | [lf.flight.extracted] SM470 on 13MAR: BKG=29, LF=17.4%
[LF] SM470 13MAR: BKG=29, GRP=0, CAP=167, LF%=17.4%, Brd-Off=RUH-CAI, Classes: X:1, G:17, L:11
[LF] Getting WEEKLY/LASTSOLD data for 2 flights
[LF] SM462 13MAR: LASTSOLD=2026-01-14 00:00:00, WEEKLY=0, TODAY=0, YDAY=0
[LF] SM470 13MAR: LASTSOLD=2026-01-24 00:00:00, WEEKLY=13, TODAY=0, YDAY=1
2026-01-25 07:35:52 | INFO     | [SUCCESS] Day 13MAR
2026-01-25 07:35:52 | INFO     | [DAY_START] Processing 12MAR
[LF] Processing RUH-CAI for 12MAR
2026-01-25 07:35:52 | INFO     | [lf.day.start] Processing RUH-CAI for 12MAR
[LF] Sending SN command: SN12MARRUHCAI/ASM
[LF] 12MAR: found 1 direct flights
2026-01-25 07:35:53 | INFO     | [lf.day.flights_found] Found 1 flights on 12MAR
2026-01-25 07:35:55 | INFO     | [lf.flight.extracted] SM462 on 12MAR: BKG=13, LF=7.4%
[LF] SM462 12MAR: BKG=13, GRP=0, CAP=175, LF%=7.4%, Brd-Off=RUH-CAI, Classes: S:4, Q:9
[LF] Getting WEEKLY/LASTSOLD data for 1 flights
[LF] SM462 12MAR: LASTSOLD=2026-01-22 00:00:00, WEEKLY=4, TODAY=0, YDAY=0
2026-01-25 07:35:58 | INFO     | [SUCCESS] Day 12MAR
[LF] Results summary:
  2026-03-19: 1 flights
  2026-03-18: 2 flights
  2026-03-17: 1 flights
  2026-03-16: 1 flights
  2026-03-15: 1 flights
  2026-03-14: 1 flights
  2026-03-13: 2 flights
  2026-03-12: 1 flights
2026-01-25 07:35:58 | INFO     | [SUCCESS] LF Search Complete

============================================================
[Worker_9233] ✓ COMPLETED: RUH-CAI
  Results: 8 dates
  Errors: 0 dates
  Total Processed: 45 groups
============================================================

2026-01-25 07:35:58 | INFO     | [Worker_9233] Completed: RUH-CAI - 8 results, 0 errors

============================================================
[Worker_9233] Processing: ELQ-CAI
  Tier 0: Range 2, Chunk 2/4
  Dates: 8 days
  Date Range: 2026-03-19 to 2026-03-12
============================================================

2026-01-25 07:35:58 | INFO     | [Worker_9233] Processing: ELQ-CAI
2026-01-25 07:35:58 | INFO     |   Tier 0: Range 2, Chunk 2/4 (8 days)
2026-01-25 07:35:58 | INFO     | ======================================================================
2026-01-25 07:35:58 | INFO     | Load Factor Scraper Started - Route: ELQ-CAI
2026-01-25 07:35:58 | INFO     | Log file: D:\CODERED\LAB\Artifacts\outputs\run_generated_250126_at_07.06\logs\LF_ELQ-CAI_20260125_073558.log
2026-01-25 07:35:58 | INFO     | Enhanced logging: Capturing both logging.info() and print()
2026-01-25 07:35:58 | INFO     | ======================================================================
[LF] Processing dates (override): ['19MAR', '18MAR', '17MAR', '16MAR', '15MAR', '14MAR', '13MAR', '12MAR']
[LF] Attaching to Chrome for Altea access
2026-01-25 07:35:58 | INFO     | Starting LF search for route: ELQ-CAI
2026-01-25 07:35:58 | INFO     | [START] LF Search
[LF][[OK] SUCCESS] Connected to Chrome on 127.0.0.1:9233 (after 1 attempts)
2026-01-25 07:35:59 | INFO     | [HEALTH CHECK] [OK] Chrome connection is healthy
[LF][[OK] SUCCESS] Found Amadeus Altea window: Altéa Reservation Desktop
[LF][[INFO] INFO] URL: https://tc212.resdesktop.altea.amadeus.com/app_ard/apf/init/login?SITE=ESMPESMP&LANGUAGE=GB&MARKETS=ARDW_PROD_WBP&ACTION=clpLogin
2026-01-25 07:35:59 | INFO     | [DAY_START] Processing 19MAR
[LF] Processing ELQ-CAI for 19MAR
2026-01-25 07:35:59 | INFO     | [lf.day.start] Processing ELQ-CAI for 19MAR
[LF] Sending SN command: SN19MARELQCAI/ASM
[LF] 19MAR: found 1 direct flights
2026-01-25 07:36:00 | INFO     | [lf.day.flights_found] Found 1 flights on 19MAR
2026-01-25 07:36:02 | INFO     | [lf.flight.extracted] SM428 on 19MAR: BKG=33, LF=18.9%
[LF] SM428 19MAR: BKG=33, GRP=0, CAP=175, LF%=18.9%, Brd-Off=ELQ-CAI, Classes: W:1, S:3, G:3, L:6, V:5, K:9, Q:3, M:3
[LF] Getting WEEKLY/LASTSOLD data for 1 flights
[LF] SM428 19MAR: LASTSOLD=2026-01-21 00:00:00, WEEKLY=1, TODAY=0, YDAY=0
2026-01-25 07:36:05 | INFO     | [SUCCESS] Day 19MAR
2026-01-25 07:36:05 | INFO     | [DAY_START] Processing 18MAR
[LF] Processing ELQ-CAI for 18MAR
2026-01-25 07:36:05 | INFO     | [lf.day.start] Processing ELQ-CAI for 18MAR
[LF] Sending SN command: SN18MARELQCAI/ASM
[LF] No direct flights on 18MAR for ELQ-CAI
2026-01-25 07:36:07 | WARNING  | [lf.day.no_flights] No direct flights on 18MAR
2026-01-25 07:36:07 | INFO     | [SUCCESS] Day 18MAR
2026-01-25 07:36:07 | INFO     | [DAY_START] Processing 17MAR
[LF] Processing ELQ-CAI for 17MAR
2026-01-25 07:36:07 | INFO     | [lf.day.start] Processing ELQ-CAI for 17MAR
[LF] Sending SN command: SN17MARELQCAI/ASM
[LF] No direct flights on 17MAR for ELQ-CAI
2026-01-25 07:36:08 | WARNING  | [lf.day.no_flights] No direct flights on 17MAR
2026-01-25 07:36:08 | INFO     | [SUCCESS] Day 17MAR
2026-01-25 07:36:08 | INFO     | [DAY_START] Processing 16MAR
[LF] Processing ELQ-CAI for 16MAR
2026-01-25 07:36:08 | INFO     | [lf.day.start] Processing ELQ-CAI for 16MAR
[LF] Sending SN command: SN16MARELQCAI/ASM
[LF] No direct flights on 16MAR for ELQ-CAI
2026-01-25 07:36:09 | WARNING  | [lf.day.no_flights] No direct flights on 16MAR
2026-01-25 07:36:09 | INFO     | [SUCCESS] Day 16MAR
2026-01-25 07:36:09 | INFO     | [DAY_START] Processing 15MAR
[LF] Processing ELQ-CAI for 15MAR
2026-01-25 07:36:09 | INFO     | [lf.day.start] Processing ELQ-CAI for 15MAR
[LF] Sending SN command: SN15MARELQCAI/ASM
[LF] 15MAR: found 1 direct flights
2026-01-25 07:36:10 | INFO     | [lf.day.flights_found] Found 1 flights on 15MAR
2026-01-25 07:36:12 | INFO     | [lf.flight.extracted] SM428 on 15MAR: BKG=21, LF=12.0%
[LF] SM428 15MAR: BKG=21, GRP=0, CAP=175, LF%=12.0%, Brd-Off=ELQ-CAI, Classes: W:1, L:8, V:9, K:3
[LF] Getting WEEKLY/LASTSOLD data for 1 flights
[LF] SM428 15MAR: LASTSOLD=2026-01-22 00:00:00, WEEKLY=12, TODAY=0, YDAY=0
2026-01-25 07:36:16 | INFO     | [SUCCESS] Day 15MAR
2026-01-25 07:36:16 | INFO     | [DAY_START] Processing 14MAR
[LF] Processing ELQ-CAI for 14MAR
2026-01-25 07:36:16 | INFO     | [lf.day.start] Processing ELQ-CAI for 14MAR
[LF] Sending SN command: SN14MARELQCAI/ASM
[LF] 14MAR: found 1 direct flights
2026-01-25 07:36:17 | INFO     | [lf.day.flights_found] Found 1 flights on 14MAR
2026-01-25 07:36:19 | INFO     | [lf.flight.extracted] SM428 on 14MAR: BKG=54, LF=30.9%
[LF] SM428 14MAR: BKG=54, GRP=0, CAP=175, LF%=30.9%, Brd-Off=ELQ-CAI, Classes: S:18, G:18, L:18
[LF] Getting WEEKLY/LASTSOLD data for 1 flights
[LF] SM428 14MAR: LASTSOLD=2026-01-24 00:00:00, WEEKLY=7, TODAY=0, YDAY=1
2026-01-25 07:36:23 | INFO     | [SUCCESS] Day 14MAR
2026-01-25 07:36:23 | INFO     | [DAY_START] Processing 13MAR
[LF] Processing ELQ-CAI for 13MAR
2026-01-25 07:36:23 | INFO     | [lf.day.start] Processing ELQ-CAI for 13MAR
[LF] Sending SN command: SN13MARELQCAI/ASM
[LF] No direct flights on 13MAR for ELQ-CAI
2026-01-25 07:36:24 | WARNING  | [lf.day.no_flights] No direct flights on 13MAR
2026-01-25 07:36:24 | INFO     | [SUCCESS] Day 13MAR
2026-01-25 07:36:24 | INFO     | [DAY_START] Processing 12MAR
[LF] Processing ELQ-CAI for 12MAR
2026-01-25 07:36:24 | INFO     | [lf.day.start] Processing ELQ-CAI for 12MAR
[LF] Sending SN command: SN12MARELQCAI/ASM
[LF] 12MAR: found 1 direct flights
2026-01-25 07:36:25 | INFO     | [lf.day.flights_found] Found 1 flights on 12MAR
2026-01-25 07:36:27 | INFO     | [lf.flight.extracted] SM428 on 12MAR: BKG=72, LF=41.1%
[LF] SM428 12MAR: BKG=72, GRP=0, CAP=175, LF%=41.1%, Brd-Off=ELQ-CAI, Classes: W:1, S:17, G:18, L:18, V:16, M:2
[LF] Getting WEEKLY/LASTSOLD data for 1 flights
[LF] SM428 12MAR: LASTSOLD=2026-01-24 00:00:00, WEEKLY=33, TODAY=0, YDAY=16
2026-01-25 07:36:32 | INFO     | [SUCCESS] Day 12MAR
[LF] Results summary:
  2026-03-19: 1 flights
  2026-03-18: 0 flights
  2026-03-17: 0 flights
  2026-03-16: 0 flights
  2026-03-15: 1 flights
  2026-03-14: 1 flights
  2026-03-13: 0 flights
  2026-03-12: 1 flights
2026-01-25 07:36:32 | INFO     | [SUCCESS] LF Search Complete

============================================================
[Worker_9233] ✓ COMPLETED: ELQ-CAI
  Results: 8 dates
  Errors: 0 dates
  Total Processed: 46 groups
============================================================

2026-01-25 07:36:32 | INFO     | [Worker_9233] Completed: ELQ-CAI - 8 results, 0 errors

============================================================
[Worker_9233] Processing: ASW-JED
  Tier 0: Range 2, Chunk 2/4
  Dates: 8 days
  Date Range: 2026-03-19 to 2026-03-12
============================================================

2026-01-25 07:36:32 | INFO     | [Worker_9233] Processing: ASW-JED
2026-01-25 07:36:32 | INFO     |   Tier 0: Range 2, Chunk 2/4 (8 days)
2026-01-25 07:36:32 | INFO     | ======================================================================
2026-01-25 07:36:32 | INFO     | Load Factor Scraper Started - Route: ASW-JED
2026-01-25 07:36:32 | INFO     | Log file: D:\CODERED\LAB\Artifacts\outputs\run_generated_250126_at_07.06\logs\LF_ASW-JED_20260125_073632.log
2026-01-25 07:36:32 | INFO     | Enhanced logging: Capturing both logging.info() and print()
2026-01-25 07:36:32 | INFO     | ======================================================================
[LF] Processing dates (override): ['19MAR', '18MAR', '17MAR', '16MAR', '15MAR', '14MAR', '13MAR', '12MAR']
[LF] Attaching to Chrome for Altea access
2026-01-25 07:36:32 | INFO     | Starting LF search for route: ASW-JED
2026-01-25 07:36:32 | INFO     | [START] LF Search
[LF][[OK] SUCCESS] Connected to Chrome on 127.0.0.1:9233 (after 1 attempts)
2026-01-25 07:36:33 | INFO     | [HEALTH CHECK] [OK] Chrome connection is healthy
[LF][[OK] SUCCESS] Found Amadeus Altea window: Altéa Reservation Desktop
[LF][[INFO] INFO] URL: https://tc212.resdesktop.altea.amadeus.com/app_ard/apf/init/login?SITE=ESMPESMP&LANGUAGE=GB&MARKETS=ARDW_PROD_WBP&ACTION=clpLogin
2026-01-25 07:36:33 | INFO     | [DAY_START] Processing 19MAR
[LF] Processing ASW-JED for 19MAR
2026-01-25 07:36:33 | INFO     | [lf.day.start] Processing ASW-JED for 19MAR
[LF] Sending SN command: SN19MARASWJED/ASM
[LF] No direct flights on 19MAR for ASW-JED
2026-01-25 07:36:34 | WARNING  | [lf.day.no_flights] No direct flights on 19MAR
2026-01-25 07:36:34 | INFO     | [SUCCESS] Day 19MAR
2026-01-25 07:36:34 | INFO     | [DAY_START] Processing 18MAR
[LF] Processing ASW-JED for 18MAR
2026-01-25 07:36:34 | INFO     | [lf.day.start] Processing ASW-JED for 18MAR
[LF] Sending SN command: SN18MARASWJED/ASM
[LF] No direct flights on 18MAR for ASW-JED
2026-01-25 07:36:35 | WARNING  | [lf.day.no_flights] No direct flights on 18MAR
2026-01-25 07:36:35 | INFO     | [SUCCESS] Day 18MAR
2026-01-25 07:36:35 | INFO     | [DAY_START] Processing 17MAR
[LF] Processing ASW-JED for 17MAR
2026-01-25 07:36:35 | INFO     | [lf.day.start] Processing ASW-JED for 17MAR
[LF] Sending SN command: SN17MARASWJED/ASM
[LF] No direct flights on 17MAR for ASW-JED
2026-01-25 07:36:36 | WARNING  | [lf.day.no_flights] No direct flights on 17MAR
2026-01-25 07:36:36 | INFO     | [SUCCESS] Day 17MAR
2026-01-25 07:36:36 | INFO     | [DAY_START] Processing 16MAR
[LF] Processing ASW-JED for 16MAR
2026-01-25 07:36:36 | INFO     | [lf.day.start] Processing ASW-JED for 16MAR
[LF] Sending SN command: SN16MARASWJED/ASM
[LF] No direct flights on 16MAR for ASW-JED
2026-01-25 07:36:38 | WARNING  | [lf.day.no_flights] No direct flights on 16MAR
2026-01-25 07:36:38 | INFO     | [SUCCESS] Day 16MAR
2026-01-25 07:36:38 | INFO     | [DAY_START] Processing 15MAR
[LF] Processing ASW-JED for 15MAR
2026-01-25 07:36:38 | INFO     | [lf.day.start] Processing ASW-JED for 15MAR
[LF] Sending SN command: SN15MARASWJED/ASM
[LF] No direct flights on 15MAR for ASW-JED
2026-01-25 07:36:39 | WARNING  | [lf.day.no_flights] No direct flights on 15MAR
2026-01-25 07:36:39 | INFO     | [SUCCESS] Day 15MAR
2026-01-25 07:36:39 | INFO     | [DAY_START] Processing 14MAR
[LF] Processing ASW-JED for 14MAR
2026-01-25 07:36:39 | INFO     | [lf.day.start] Processing ASW-JED for 14MAR
[LF] Sending SN command: SN14MARASWJED/ASM
[LF] No direct flights on 14MAR for ASW-JED
2026-01-25 07:36:40 | WARNING  | [lf.day.no_flights] No direct flights on 14MAR
2026-01-25 07:36:40 | INFO     | [SUCCESS] Day 14MAR
2026-01-25 07:36:40 | INFO     | [DAY_START] Processing 13MAR
[LF] Processing ASW-JED for 13MAR
2026-01-25 07:36:40 | INFO     | [lf.day.start] Processing ASW-JED for 13MAR
[LF] Sending SN command: SN13MARASWJED/ASM
[LF] No direct flights on 13MAR for ASW-JED
2026-01-25 07:36:41 | WARNING  | [lf.day.no_flights] No direct flights on 13MAR
2026-01-25 07:36:41 | INFO     | [SUCCESS] Day 13MAR
2026-01-25 07:36:41 | INFO     | [DAY_START] Processing 12MAR
[LF] Processing ASW-JED for 12MAR
2026-01-25 07:36:41 | INFO     | [lf.day.start] Processing ASW-JED for 12MAR
[LF] Sending SN command: SN12MARASWJED/ASM
[LF] No direct flights on 12MAR for ASW-JED
2026-01-25 07:36:42 | WARNING  | [lf.day.no_flights] No direct flights on 12MAR
2026-01-25 07:36:42 | INFO     | [SUCCESS] Day 12MAR
[LF] Results summary:
  2026-03-19: 0 flights
  2026-03-18: 0 flights
  2026-03-17: 0 flights
  2026-03-16: 0 flights
  2026-03-15: 0 flights
  2026-03-14: 0 flights
  2026-03-13: 0 flights
  2026-03-12: 0 flights
2026-01-25 07:36:42 | INFO     | [SUCCESS] LF Search Complete

============================================================
[Worker_9233] ✓ COMPLETED: ASW-JED
  Results: 8 dates
  Errors: 0 dates
  Total Processed: 47 groups
============================================================

2026-01-25 07:36:42 | INFO     | [Worker_9233] Completed: ASW-JED - 8 results, 0 errors

============================================================
[Worker_9233] Processing: ATZ-RUH
  Tier 0: Range 2, Chunk 2/4
  Dates: 8 days
  Date Range: 2026-03-19 to 2026-03-12
============================================================

2026-01-25 07:36:42 | INFO     | [Worker_9233] Processing: ATZ-RUH
2026-01-25 07:36:42 | INFO     |   Tier 0: Range 2, Chunk 2/4 (8 days)
2026-01-25 07:36:42 | INFO     | ======================================================================
2026-01-25 07:36:42 | INFO     | Load Factor Scraper Started - Route: ATZ-RUH
2026-01-25 07:36:42 | INFO     | Log file: D:\CODERED\LAB\Artifacts\outputs\run_generated_250126_at_07.06\logs\LF_ATZ-RUH_20260125_073642.log
2026-01-25 07:36:42 | INFO     | Enhanced logging: Capturing both logging.info() and print()
2026-01-25 07:36:42 | INFO     | ======================================================================
[LF] Processing dates (override): ['19MAR', '18MAR', '17MAR', '16MAR', '15MAR', '14MAR', '13MAR', '12MAR']
[LF] Attaching to Chrome for Altea access
2026-01-25 07:36:42 | INFO     | Starting LF search for route: ATZ-RUH
2026-01-25 07:36:42 | INFO     | [START] LF Search
[LF][[OK] SUCCESS] Connected to Chrome on 127.0.0.1:9233 (after 1 attempts)
2026-01-25 07:36:43 | INFO     | [HEALTH CHECK] [OK] Chrome connection is healthy
[LF][[OK] SUCCESS] Found Amadeus Altea window: Altéa Reservation Desktop
[LF][[INFO] INFO] URL: https://tc212.resdesktop.altea.amadeus.com/app_ard/apf/init/login?SITE=ESMPESMP&LANGUAGE=GB&MARKETS=ARDW_PROD_WBP&ACTION=clpLogin
2026-01-25 07:36:43 | INFO     | [DAY_START] Processing 19MAR
[LF] Processing ATZ-RUH for 19MAR
2026-01-25 07:36:43 | INFO     | [lf.day.start] Processing ATZ-RUH for 19MAR
[LF] Sending SN command: SN19MARATZRUH/ASM
[LF] No direct flights on 19MAR for ATZ-RUH
2026-01-25 07:36:44 | WARNING  | [lf.day.no_flights] No direct flights on 19MAR
2026-01-25 07:36:44 | INFO     | [SUCCESS] Day 19MAR
2026-01-25 07:36:44 | INFO     | [DAY_START] Processing 18MAR
[LF] Processing ATZ-RUH for 18MAR
2026-01-25 07:36:44 | INFO     | [lf.day.start] Processing ATZ-RUH for 18MAR
[LF] Sending SN command: SN18MARATZRUH/ASM
[LF] 18MAR: found 1 direct flights
2026-01-25 07:36:45 | INFO     | [lf.day.flights_found] Found 1 flights on 18MAR
2026-01-25 07:36:47 | INFO     | [lf.flight.extracted] SM465 on 18MAR: BKG=1, LF=0.6%
[LF] SM465 18MAR: BKG=1, GRP=0, CAP=179, LF%=0.6%, Brd-Off=ATZ-RUH, Classes: I:1
[LF] Getting WEEKLY/LASTSOLD data for 1 flights
[LF] SM465 18MAR: LASTSOLD=2025-12-16 00:00:00, WEEKLY=0, TODAY=0, YDAY=0
2026-01-25 07:36:50 | INFO     | [SUCCESS] Day 18MAR
2026-01-25 07:36:50 | INFO     | [DAY_START] Processing 17MAR
[LF] Processing ATZ-RUH for 17MAR
2026-01-25 07:36:50 | INFO     | [lf.day.start] Processing ATZ-RUH for 17MAR
[LF] Sending SN command: SN17MARATZRUH/ASM
[LF] 17MAR: found 1 direct flights
2026-01-25 07:36:51 | INFO     | [lf.day.flights_found] Found 1 flights on 17MAR
2026-01-25 07:36:53 | INFO     | [lf.flight.extracted] SM463 on 17MAR: BKG=5, LF=2.8%
[LF] SM463 17MAR: BKG=5, GRP=0, CAP=179, LF%=2.8%, Brd-Off=ATZ-RUH, Classes: I:5
[LF] Getting WEEKLY/LASTSOLD data for 1 flights
[LF] SM463 17MAR: LASTSOLD=2026-01-09 00:00:00, WEEKLY=0, TODAY=0, YDAY=0
2026-01-25 07:36:56 | INFO     | [SUCCESS] Day 17MAR
2026-01-25 07:36:56 | INFO     | [DAY_START] Processing 16MAR
[LF] Processing ATZ-RUH for 16MAR
2026-01-25 07:36:56 | INFO     | [lf.day.start] Processing ATZ-RUH for 16MAR
[LF] Sending SN command: SN16MARATZRUH/ASM
[LF] No direct flights on 16MAR for ATZ-RUH
2026-01-25 07:36:57 | WARNING  | [lf.day.no_flights] No direct flights on 16MAR
2026-01-25 07:36:57 | INFO     | [SUCCESS] Day 16MAR
2026-01-25 07:36:57 | INFO     | [DAY_START] Processing 15MAR
[LF] Processing ATZ-RUH for 15MAR
2026-01-25 07:36:57 | INFO     | [lf.day.start] Processing ATZ-RUH for 15MAR
[LF] Sending SN command: SN15MARATZRUH/ASM
[LF] 15MAR: found 1 direct flights
2026-01-25 07:36:58 | INFO     | [lf.day.flights_found] Found 1 flights on 15MAR
2026-01-25 07:37:00 | INFO     | [lf.flight.extracted] SM463 on 15MAR: BKG=3, LF=1.7%
[LF] SM463 15MAR: BKG=3, GRP=0, CAP=176, LF%=1.7%, Brd-Off=ATZ-RUH, Classes: I:3
[LF] Getting WEEKLY/LASTSOLD data for 1 flights
[LF] SM463 15MAR: LASTSOLD=2026-01-11 00:00:00, WEEKLY=0, TODAY=0, YDAY=0
2026-01-25 07:37:03 | INFO     | [SUCCESS] Day 15MAR
2026-01-25 07:37:03 | INFO     | [DAY_START] Processing 14MAR
[LF] Processing ATZ-RUH for 14MAR
2026-01-25 07:37:03 | INFO     | [lf.day.start] Processing ATZ-RUH for 14MAR
[LF] Sending SN command: SN14MARATZRUH/ASM
[LF] No direct flights on 14MAR for ATZ-RUH
2026-01-25 07:37:04 | WARNING  | [lf.day.no_flights] No direct flights on 14MAR
2026-01-25 07:37:04 | INFO     | [SUCCESS] Day 14MAR
2026-01-25 07:37:04 | INFO     | [DAY_START] Processing 13MAR
[LF] Processing ATZ-RUH for 13MAR
2026-01-25 07:37:04 | INFO     | [lf.day.start] Processing ATZ-RUH for 13MAR
[LF] Sending SN command: SN13MARATZRUH/ASM
[LF] No direct flights on 13MAR for ATZ-RUH
2026-01-25 07:37:05 | WARNING  | [lf.day.no_flights] No direct flights on 13MAR
2026-01-25 07:37:05 | INFO     | [SUCCESS] Day 13MAR
2026-01-25 07:37:05 | INFO     | [DAY_START] Processing 12MAR
[LF] Processing ATZ-RUH for 12MAR
2026-01-25 07:37:05 | INFO     | [lf.day.start] Processing ATZ-RUH for 12MAR
[LF] Sending SN command: SN12MARATZRUH/ASM
[LF] No direct flights on 12MAR for ATZ-RUH
2026-01-25 07:37:06 | WARNING  | [lf.day.no_flights] No direct flights on 12MAR
2026-01-25 07:37:06 | INFO     | [SUCCESS] Day 12MAR
[LF] Results summary:
  2026-03-19: 0 flights
  2026-03-18: 1 flights
  2026-03-17: 1 flights
  2026-03-16: 0 flights
  2026-03-15: 1 flights
  2026-03-14: 0 flights
  2026-03-13: 0 flights
  2026-03-12: 0 flights
2026-01-25 07:37:06 | INFO     | [SUCCESS] LF Search Complete

============================================================
[Worker_9233] ✓ COMPLETED: ATZ-RUH
  Results: 8 dates
  Errors: 0 dates
  Total Processed: 48 groups
============================================================

2026-01-25 07:37:06 | INFO     | [Worker_9233] Completed: ATZ-RUH - 8 results, 0 errors

============================================================
[Worker_9233] Processing: CAI-AJF
  Tier 0: Range 2, Chunk 2/4
  Dates: 8 days
  Date Range: 2026-03-19 to 2026-03-12
============================================================

2026-01-25 07:37:06 | INFO     | [Worker_9233] Processing: CAI-AJF
2026-01-25 07:37:06 | INFO     |   Tier 0: Range 2, Chunk 2/4 (8 days)
2026-01-25 07:37:06 | INFO     | ======================================================================
2026-01-25 07:37:06 | INFO     | Load Factor Scraper Started - Route: CAI-AJF
2026-01-25 07:37:06 | INFO     | Log file: D:\CODERED\LAB\Artifacts\outputs\run_generated_250126_at_07.06\logs\LF_CAI-AJF_20260125_073706.log
2026-01-25 07:37:06 | INFO     | Enhanced logging: Capturing both logging.info() and print()
2026-01-25 07:37:06 | INFO     | ======================================================================
[LF] Processing dates (override): ['19MAR', '18MAR', '17MAR', '16MAR', '15MAR', '14MAR', '13MAR', '12MAR']
[LF] Attaching to Chrome for Altea access
2026-01-25 07:37:06 | INFO     | Starting LF search for route: CAI-AJF
2026-01-25 07:37:06 | INFO     | [START] LF Search
[LF][[OK] SUCCESS] Connected to Chrome on 127.0.0.1:9233 (after 1 attempts)
2026-01-25 07:37:07 | INFO     | [HEALTH CHECK] [OK] Chrome connection is healthy
[LF][[OK] SUCCESS] Found Amadeus Altea window: Altéa Reservation Desktop
[LF][[INFO] INFO] URL: https://tc212.resdesktop.altea.amadeus.com/app_ard/apf/init/login?SITE=ESMPESMP&LANGUAGE=GB&MARKETS=ARDW_PROD_WBP&ACTION=clpLogin
2026-01-25 07:37:07 | INFO     | [DAY_START] Processing 19MAR
[LF] Processing CAI-AJF for 19MAR
2026-01-25 07:37:07 | INFO     | [lf.day.start] Processing CAI-AJF for 19MAR
[LF] Sending SN command: SN19MARCAIAJF/ASM
[LF] 19MAR: found 1 direct flights
2026-01-25 07:37:08 | INFO     | [lf.day.flights_found] Found 1 flights on 19MAR
2026-01-25 07:37:11 | INFO     | [lf.flight.extracted] SM321 on 19MAR: BKG=3, LF=1.7%
[LF] SM321 19MAR: BKG=3, GRP=0, CAP=179, LF%=1.7%, Brd-Off=CAI-AJF, Classes: I:3
[LF] Getting WEEKLY/LASTSOLD data for 1 flights
[LF] SM321 19MAR: LASTSOLD=2025-12-28 00:00:00, WEEKLY=0, TODAY=0, YDAY=0
2026-01-25 07:37:13 | INFO     | [SUCCESS] Day 19MAR
2026-01-25 07:37:13 | INFO     | [DAY_START] Processing 18MAR
[LF] Processing CAI-AJF for 18MAR
2026-01-25 07:37:13 | INFO     | [lf.day.start] Processing CAI-AJF for 18MAR
[LF] Sending SN command: SN18MARCAIAJF/ASM
[LF] No direct flights on 18MAR for CAI-AJF
2026-01-25 07:37:14 | WARNING  | [lf.day.no_flights] No direct flights on 18MAR
2026-01-25 07:37:14 | INFO     | [SUCCESS] Day 18MAR
2026-01-25 07:37:14 | INFO     | [DAY_START] Processing 17MAR
[LF] Processing CAI-AJF for 17MAR
2026-01-25 07:37:14 | INFO     | [lf.day.start] Processing CAI-AJF for 17MAR
[LF] Sending SN command: SN17MARCAIAJF/ASM
[LF] 17MAR: found 1 direct flights
2026-01-25 07:37:16 | INFO     | [lf.day.flights_found] Found 1 flights on 17MAR
2026-01-25 07:37:18 | INFO     | [lf.flight.extracted] SM321 on 17MAR: BKG=4, LF=2.2%
[LF] SM321 17MAR: BKG=4, GRP=0, CAP=179, LF%=2.2%, Brd-Off=CAI-AJF, Classes: I:4
[LF] Getting WEEKLY/LASTSOLD data for 1 flights
[LF] SM321 17MAR: LASTSOLD=2026-01-10 00:00:00, WEEKLY=0, TODAY=0, YDAY=0
2026-01-25 07:37:20 | INFO     | [SUCCESS] Day 17MAR
2026-01-25 07:37:20 | INFO     | [DAY_START] Processing 16MAR
[LF] Processing CAI-AJF for 16MAR
2026-01-25 07:37:20 | INFO     | [lf.day.start] Processing CAI-AJF for 16MAR
[LF] Sending SN command: SN16MARCAIAJF/ASM
[LF] No direct flights on 16MAR for CAI-AJF
2026-01-25 07:37:22 | WARNING  | [lf.day.no_flights] No direct flights on 16MAR
2026-01-25 07:37:22 | INFO     | [SUCCESS] Day 16MAR
2026-01-25 07:37:22 | INFO     | [DAY_START] Processing 15MAR
[LF] Processing CAI-AJF for 15MAR
2026-01-25 07:37:22 | INFO     | [lf.day.start] Processing CAI-AJF for 15MAR
[LF] Sending SN command: SN15MARCAIAJF/ASM
[LF] No direct flights on 15MAR for CAI-AJF
2026-01-25 07:37:23 | WARNING  | [lf.day.no_flights] No direct flights on 15MAR
2026-01-25 07:37:23 | INFO     | [SUCCESS] Day 15MAR
2026-01-25 07:37:23 | INFO     | [DAY_START] Processing 14MAR
[LF] Processing CAI-AJF for 14MAR
2026-01-25 07:37:23 | INFO     | [lf.day.start] Processing CAI-AJF for 14MAR
[LF] Sending SN command: SN14MARCAIAJF/ASM
[LF] 14MAR: found 1 direct flights
2026-01-25 07:37:24 | INFO     | [lf.day.flights_found] Found 1 flights on 14MAR
2026-01-25 07:37:26 | INFO     | [lf.flight.extracted] SM321 on 14MAR: BKG=0, LF=0.0%
[LF] SM321 14MAR: BKG=0, GRP=0, CAP=179, LF%=0.0%, Brd-Off=CAI-AJF
2026-01-25 07:37:27 | INFO     | [SUCCESS] Day 14MAR
2026-01-25 07:37:27 | INFO     | [DAY_START] Processing 13MAR
[LF] Processing CAI-AJF for 13MAR
2026-01-25 07:37:27 | INFO     | [lf.day.start] Processing CAI-AJF for 13MAR
[LF] Sending SN command: SN13MARCAIAJF/ASM
[LF] No direct flights on 13MAR for CAI-AJF
2026-01-25 07:37:29 | WARNING  | [lf.day.no_flights] No direct flights on 13MAR
2026-01-25 07:37:29 | INFO     | [SUCCESS] Day 13MAR
2026-01-25 07:37:29 | INFO     | [DAY_START] Processing 12MAR
[LF] Processing CAI-AJF for 12MAR
2026-01-25 07:37:29 | INFO     | [lf.day.start] Processing CAI-AJF for 12MAR
[LF] Sending SN command: SN12MARCAIAJF/ASM
[LF] 12MAR: found 1 direct flights
2026-01-25 07:37:30 | INFO     | [lf.day.flights_found] Found 1 flights on 12MAR
2026-01-25 07:37:32 | INFO     | [lf.flight.extracted] SM321 on 12MAR: BKG=6, LF=3.4%
[LF] SM321 12MAR: BKG=6, GRP=0, CAP=179, LF%=3.4%, Brd-Off=CAI-AJF, Classes: I:4, O:2
[LF] Getting WEEKLY/LASTSOLD data for 1 flights
[LF] SM321 12MAR: LASTSOLD=2026-01-21 00:00:00, WEEKLY=2, TODAY=0, YDAY=0
2026-01-25 07:37:34 | INFO     | [SUCCESS] Day 12MAR
[LF] Results summary:
  2026-03-19: 1 flights
  2026-03-18: 0 flights
  2026-03-17: 1 flights
  2026-03-16: 0 flights
  2026-03-15: 0 flights
  2026-03-14: 1 flights
  2026-03-13: 0 flights
  2026-03-12: 1 flights
2026-01-25 07:37:34 | INFO     | [SUCCESS] LF Search Complete

============================================================
[Worker_9233] ✓ COMPLETED: CAI-AJF
  Results: 8 dates
  Errors: 0 dates
  Total Processed: 49 groups
============================================================

2026-01-25 07:37:34 | INFO     | [Worker_9233] Completed: CAI-AJF - 8 results, 0 errors

============================================================
[Worker_9233] Processing: CAI-ELQ
  Tier 0: Range 2, Chunk 2/4
  Dates: 8 days
  Date Range: 2026-03-19 to 2026-03-12
============================================================

2026-01-25 07:37:34 | INFO     | [Worker_9233] Processing: CAI-ELQ
2026-01-25 07:37:34 | INFO     |   Tier 0: Range 2, Chunk 2/4 (8 days)
2026-01-25 07:37:34 | INFO     | ======================================================================
2026-01-25 07:37:34 | INFO     | Load Factor Scraper Started - Route: CAI-ELQ
2026-01-25 07:37:34 | INFO     | Log file: D:\CODERED\LAB\Artifacts\outputs\run_generated_250126_at_07.06\logs\LF_CAI-ELQ_20260125_073734.log
2026-01-25 07:37:34 | INFO     | Enhanced logging: Capturing both logging.info() and print()
2026-01-25 07:37:34 | INFO     | ======================================================================
[LF] Processing dates (override): ['19MAR', '18MAR', '17MAR', '16MAR', '15MAR', '14MAR', '13MAR', '12MAR']
[LF] Attaching to Chrome for Altea access
2026-01-25 07:37:34 | INFO     | Starting LF search for route: CAI-ELQ
2026-01-25 07:37:34 | INFO     | [START] LF Search
[LF][[OK] SUCCESS] Connected to Chrome on 127.0.0.1:9233 (after 1 attempts)
2026-01-25 07:37:35 | INFO     | [HEALTH CHECK] [OK] Chrome connection is healthy
[LF][[OK] SUCCESS] Found Amadeus Altea window: Altéa Reservation Desktop
[LF][[INFO] INFO] URL: https://tc212.resdesktop.altea.amadeus.com/app_ard/apf/init/login?SITE=ESMPESMP&LANGUAGE=GB&MARKETS=ARDW_PROD_WBP&ACTION=clpLogin
2026-01-25 07:37:35 | INFO     | [DAY_START] Processing 19MAR
[LF] Processing CAI-ELQ for 19MAR
2026-01-25 07:37:35 | INFO     | [lf.day.start] Processing CAI-ELQ for 19MAR
[LF] Sending SN command: SN19MARCAIELQ/ASM
[LF] 19MAR: found 1 direct flights
2026-01-25 07:37:36 | INFO     | [lf.day.flights_found] Found 1 flights on 19MAR
2026-01-25 07:37:38 | INFO     | [lf.flight.extracted] SM427 on 19MAR: BKG=2, LF=1.1%
[LF] SM427 19MAR: BKG=2, GRP=0, CAP=179, LF%=1.1%, Brd-Off=CAI-ELQ, Classes: W:2
[LF] Getting WEEKLY/LASTSOLD data for 1 flights
[LF] SM427 19MAR: LASTSOLD=2026-01-08 00:00:00, WEEKLY=0, TODAY=0, YDAY=0
2026-01-25 07:37:41 | INFO     | [SUCCESS] Day 19MAR
2026-01-25 07:37:41 | INFO     | [DAY_START] Processing 18MAR
[LF] Processing CAI-ELQ for 18MAR
2026-01-25 07:37:41 | INFO     | [lf.day.start] Processing CAI-ELQ for 18MAR
[LF] Sending SN command: SN18MARCAIELQ/ASM
[LF] No direct flights on 18MAR for CAI-ELQ
2026-01-25 07:37:42 | WARNING  | [lf.day.no_flights] No direct flights on 18MAR
2026-01-25 07:37:42 | INFO     | [SUCCESS] Day 18MAR
2026-01-25 07:37:42 | INFO     | [DAY_START] Processing 17MAR
[LF] Processing CAI-ELQ for 17MAR
2026-01-25 07:37:42 | INFO     | [lf.day.start] Processing CAI-ELQ for 17MAR
[LF] Sending SN command: SN17MARCAIELQ/ASM
[LF] No direct flights on 17MAR for CAI-ELQ
2026-01-25 07:37:43 | WARNING  | [lf.day.no_flights] No direct flights on 17MAR
2026-01-25 07:37:43 | INFO     | [SUCCESS] Day 17MAR
2026-01-25 07:37:43 | INFO     | [DAY_START] Processing 16MAR
[LF] Processing CAI-ELQ for 16MAR
2026-01-25 07:37:43 | INFO     | [lf.day.start] Processing CAI-ELQ for 16MAR
[LF] Sending SN command: SN16MARCAIELQ/ASM
[LF] No direct flights on 16MAR for CAI-ELQ
2026-01-25 07:37:45 | WARNING  | [lf.day.no_flights] No direct flights on 16MAR
2026-01-25 07:37:45 | INFO     | [SUCCESS] Day 16MAR
2026-01-25 07:37:45 | INFO     | [DAY_START] Processing 15MAR
[LF] Processing CAI-ELQ for 15MAR
2026-01-25 07:37:45 | INFO     | [lf.day.start] Processing CAI-ELQ for 15MAR
[LF] Sending SN command: SN15MARCAIELQ/ASM
[LF] 15MAR: found 1 direct flights
2026-01-25 07:37:46 | INFO     | [lf.day.flights_found] Found 1 flights on 15MAR
2026-01-25 07:37:48 | INFO     | [lf.flight.extracted] SM427 on 15MAR: BKG=5, LF=2.8%
[LF] SM427 15MAR: BKG=5, GRP=0, CAP=179, LF%=2.8%, Brd-Off=CAI-ELQ, Classes: I:1, W:4
[LF] Getting WEEKLY/LASTSOLD data for 1 flights
[LF] SM427 15MAR: LASTSOLD=2026-01-11 00:00:00, WEEKLY=0, TODAY=0, YDAY=0
2026-01-25 07:37:50 | INFO     | [SUCCESS] Day 15MAR
2026-01-25 07:37:50 | INFO     | [DAY_START] Processing 14MAR
[LF] Processing CAI-ELQ for 14MAR
2026-01-25 07:37:50 | INFO     | [lf.day.start] Processing CAI-ELQ for 14MAR
[LF] Sending SN command: SN14MARCAIELQ/ASM
[LF] No direct flights on 14MAR for CAI-ELQ
2026-01-25 07:37:52 | WARNING  | [lf.day.no_flights] No direct flights on 14MAR
2026-01-25 07:37:52 | INFO     | [SUCCESS] Day 14MAR
2026-01-25 07:37:52 | INFO     | [DAY_START] Processing 13MAR
[LF] Processing CAI-ELQ for 13MAR
2026-01-25 07:37:52 | INFO     | [lf.day.start] Processing CAI-ELQ for 13MAR
[LF] Sending SN command: SN13MARCAIELQ/ASM
[LF] 13MAR: found 1 direct flights
2026-01-25 07:37:53 | INFO     | [lf.day.flights_found] Found 1 flights on 13MAR
2026-01-25 07:37:55 | INFO     | [lf.flight.extracted] SM427 on 13MAR: BKG=4, LF=2.2%
[LF] SM427 13MAR: BKG=4, GRP=0, CAP=179, LF%=2.2%, Brd-Off=CAI-ELQ, Classes: I:3, W:1
[LF] Getting WEEKLY/LASTSOLD data for 1 flights
[LF] SM427 13MAR: LASTSOLD=2026-01-24 00:00:00, WEEKLY=1, TODAY=0, YDAY=1
2026-01-25 07:37:57 | INFO     | [SUCCESS] Day 13MAR
2026-01-25 07:37:57 | INFO     | [DAY_START] Processing 12MAR
[LF] Processing CAI-ELQ for 12MAR
2026-01-25 07:37:57 | INFO     | [lf.day.start] Processing CAI-ELQ for 12MAR
[LF] Sending SN command: SN12MARCAIELQ/ASM
[LF] 12MAR: found 1 direct flights
2026-01-25 07:37:58 | INFO     | [lf.day.flights_found] Found 1 flights on 12MAR
2026-01-25 07:38:14 | INFO     | [lf.flight.extracted] SM427 on 12MAR: BKG=0, LF=0.0%
[LF] SM427 12MAR: BKG=0, GRP=0, CAP=179, LF%=0.0%, Brd-Off=CAI-ELQ
2026-01-25 07:38:15 | INFO     | [SUCCESS] Day 12MAR
[LF] Results summary:
  2026-03-19: 1 flights
  2026-03-18: 0 flights
  2026-03-17: 0 flights
  2026-03-16: 0 flights
  2026-03-15: 1 flights
  2026-03-14: 0 flights
  2026-03-13: 1 flights
  2026-03-12: 1 flights
2026-01-25 07:38:15 | INFO     | [SUCCESS] LF Search Complete

============================================================
[Worker_9233] ✓ COMPLETED: CAI-ELQ
  Results: 8 dates
  Errors: 0 dates
  Total Processed: 50 groups
============================================================

2026-01-25 07:38:15 | INFO     | [Worker_9233] Completed: CAI-ELQ - 8 results, 0 errors

============================================================
[Worker_9233] Processing: JED-ATZ
  Tier 0: Range 2, Chunk 3/4
  Dates: 8 days
  Date Range: 2026-03-11 to 2026-03-04
============================================================

2026-01-25 07:38:15 | INFO     | [Worker_9233] Processing: JED-ATZ
2026-01-25 07:38:15 | INFO     |   Tier 0: Range 2, Chunk 3/4 (8 days)
2026-01-25 07:38:15 | INFO     | ======================================================================
2026-01-25 07:38:15 | INFO     | Load Factor Scraper Started - Route: JED-ATZ
2026-01-25 07:38:15 | INFO     | Log file: D:\CODERED\LAB\Artifacts\outputs\run_generated_250126_at_07.06\logs\LF_JED-ATZ_20260125_073815.log
2026-01-25 07:38:15 | INFO     | Enhanced logging: Capturing both logging.info() and print()
2026-01-25 07:38:15 | INFO     | ======================================================================
[LF] Processing dates (override): ['11MAR', '10MAR', '09MAR', '08MAR', '07MAR', '06MAR', '05MAR', '04MAR']
[LF] Attaching to Chrome for Altea access
2026-01-25 07:38:15 | INFO     | Starting LF search for route: JED-ATZ
2026-01-25 07:38:15 | INFO     | [START] LF Search
[LF][[OK] SUCCESS] Connected to Chrome on 127.0.0.1:9233 (after 1 attempts)
2026-01-25 07:38:16 | INFO     | [HEALTH CHECK] [OK] Chrome connection is healthy
[LF][[OK] SUCCESS] Found Amadeus Altea window: Altéa Reservation Desktop
[LF][[INFO] INFO] URL: https://tc212.resdesktop.altea.amadeus.com/app_ard/apf/init/login?SITE=ESMPESMP&LANGUAGE=GB&MARKETS=ARDW_PROD_WBP&ACTION=clpLogin
2026-01-25 07:38:16 | INFO     | [DAY_START] Processing 11MAR
[LF] Processing JED-ATZ for 11MAR
2026-01-25 07:38:16 | INFO     | [lf.day.start] Processing JED-ATZ for 11MAR
[LF] Sending SN command: SN11MARJEDATZ/ASM
[LF] 11MAR: found 2 direct flights
2026-01-25 07:38:17 | INFO     | [lf.day.flights_found] Found 2 flights on 11MAR
2026-01-25 07:38:20 | INFO     | [lf.flight.extracted] SM454 on 11MAR: BKG=17, LF=10.2%
[LF] SM454 11MAR: BKG=17, GRP=0, CAP=167, LF%=10.2%, Brd-Off=JED-ATZ, Classes: T:9, W:8
2026-01-25 07:38:23 | INFO     | [lf.flight.extracted] SM492 on 11MAR: BKG=17, LF=9.7%
[LF] SM492 11MAR: BKG=17, GRP=0, CAP=175, LF%=9.7%, Brd-Off=JED-ATZ, Classes: T:9, W:8
[LF] Getting WEEKLY/LASTSOLD data for 2 flights
[LF] SM454 11MAR: LASTSOLD=2026-01-24 00:00:00, WEEKLY=5, TODAY=0, YDAY=1
[LF] SM492 11MAR: LASTSOLD=2026-01-15 00:00:00, WEEKLY=0, TODAY=0, YDAY=0
2026-01-25 07:38:26 | INFO     | [SUCCESS] Day 11MAR
2026-01-25 07:38:26 | INFO     | [DAY_START] Processing 10MAR
[LF] Processing JED-ATZ for 10MAR
2026-01-25 07:38:26 | INFO     | [lf.day.start] Processing JED-ATZ for 10MAR
[LF] Sending SN command: SN10MARJEDATZ/ASM
[LF] 10MAR: found 2 direct flights
2026-01-25 07:38:28 | INFO     | [lf.day.flights_found] Found 2 flights on 10MAR
2026-01-25 07:38:29 | INFO     | [lf.flight.extracted] SM454 on 10MAR: BKG=21, LF=12.0%
[LF] SM454 10MAR: BKG=21, GRP=0, CAP=175, LF%=12.0%, Brd-Off=JED-ATZ, Classes: T:9, W:8, S:3, G:1
2026-01-25 07:38:33 | INFO     | [lf.flight.extracted] SM456 on 10MAR: BKG=15, LF=8.6%
[LF] SM456 10MAR: BKG=15, GRP=0, CAP=175, LF%=8.6%, Brd-Off=JED-ATZ, Classes: T:9, W:6
[LF] Getting WEEKLY/LASTSOLD data for 2 flights
[LF] SM454 10MAR: LASTSOLD=2026-01-23 00:00:00, WEEKLY=4, TODAY=0, YDAY=0
[LF] SM456 10MAR: LASTSOLD=2026-01-22 00:00:00, WEEKLY=3, TODAY=0, YDAY=0
2026-01-25 07:38:38 | INFO     | [SUCCESS] Day 10MAR
2026-01-25 07:38:38 | INFO     | [DAY_START] Processing 09MAR
[LF] Processing JED-ATZ for 09MAR
2026-01-25 07:38:38 | INFO     | [lf.day.start] Processing JED-ATZ for 09MAR
[LF] Sending SN command: SN09MARJEDATZ/ASM
[LF] 09MAR: found 4 direct flights
2026-01-25 07:38:39 | INFO     | [lf.day.flights_found] Found 4 flights on 09MAR
2026-01-25 07:38:41 | INFO     | [lf.flight.extracted] SM492 on 09MAR: BKG=10, LF=5.7%
[LF] SM492 09MAR: BKG=10, GRP=0, CAP=175, LF%=5.7%, Brd-Off=JED-ATZ, Classes: X:1, T:7, W:1, K:1
2026-01-25 07:38:44 | INFO     | [lf.flight.extracted] SM456 on 09MAR: BKG=12, LF=6.9%
[LF] SM456 09MAR: BKG=12, GRP=0, CAP=175, LF%=6.9%, Brd-Off=JED-ATZ, Classes: X:2, T:7, W:3
2026-01-25 07:38:47 | INFO     | [lf.flight.extracted] SM422 on 09MAR: BKG=15, LF=8.6%
[LF] SM422 09MAR: BKG=15, GRP=0, CAP=175, LF%=8.6%, Brd-Off=JED-ATZ, Classes: X:6, T:3, W:6
2026-01-25 07:38:51 | INFO     | [lf.flight.extracted] SM454 on 09MAR: BKG=12, LF=6.9%
[LF] SM454 09MAR: BKG=12, GRP=0, CAP=175, LF%=6.9%, Brd-Off=JED-ATZ, Classes: X:7, T:2, W:3
[LF] Getting WEEKLY/LASTSOLD data for 4 flights
[LF] SM492 09MAR: LASTSOLD=2026-01-21 00:00:00, WEEKLY=1, TODAY=0, YDAY=0
[LF] SM456 09MAR: LASTSOLD=2026-01-13 00:00:00, WEEKLY=0, TODAY=0, YDAY=0
[LF] SM422 09MAR: LASTSOLD=2026-01-20 00:00:00, WEEKLY=1, TODAY=0, YDAY=0
[LF] SM454 09MAR: LASTSOLD=2026-01-23 00:00:00, WEEKLY=1, TODAY=0, YDAY=0
2026-01-25 07:38:57 | INFO     | [SUCCESS] Day 09MAR
2026-01-25 07:38:57 | INFO     | [DAY_START] Processing 08MAR
[LF] Processing JED-ATZ for 08MAR
2026-01-25 07:38:57 | INFO     | [lf.day.start] Processing JED-ATZ for 08MAR
[LF] Sending SN command: SN08MARJEDATZ/ASM
[LF] 08MAR: found 2 direct flights
2026-01-25 07:38:58 | INFO     | [lf.day.flights_found] Found 2 flights on 08MAR
2026-01-25 07:39:00 | INFO     | [lf.flight.extracted] SM492 on 08MAR: BKG=9, LF=5.1%
[LF] SM492 08MAR: BKG=9, GRP=0, CAP=175, LF%=5.1%, Brd-Off=JED-ATZ, Classes: X:1, T:8
2026-01-25 07:39:04 | INFO     | [lf.flight.extracted] SM456 on 08MAR: BKG=9, LF=5.4%
[LF] SM456 08MAR: BKG=9, GRP=0, CAP=167, LF%=5.4%, Brd-Off=JED-ATZ, Classes: X:1, T:8
[LF] Getting WEEKLY/LASTSOLD data for 2 flights
[LF] SM492 08MAR: LASTSOLD=2026-01-22 00:00:00, WEEKLY=2, TODAY=0, YDAY=0
[LF] SM456 08MAR: LASTSOLD=2026-01-19 00:00:00, WEEKLY=4, TODAY=0, YDAY=0
2026-01-25 07:39:08 | INFO     | [SUCCESS] Day 08MAR
2026-01-25 07:39:08 | INFO     | [DAY_START] Processing 07MAR
[LF] Processing JED-ATZ for 07MAR
2026-01-25 07:39:08 | INFO     | [lf.day.start] Processing JED-ATZ for 07MAR
[LF] Sending SN command: SN07MARJEDATZ/ASM
[LF] 07MAR: found 3 direct flights
2026-01-25 07:39:09 | INFO     | [lf.day.flights_found] Found 3 flights on 07MAR
2026-01-25 07:39:12 | INFO     | [lf.flight.extracted] SM492 on 07MAR: BKG=13, LF=7.4%
[LF] SM492 07MAR: BKG=13, GRP=0, CAP=175, LF%=7.4%, Brd-Off=JED-ATZ, Classes: X:4, T:5, W:4
2026-01-25 07:39:16 | INFO     | [lf.flight.extracted] SM454 on 07MAR: BKG=13, LF=7.4%
[LF] SM454 07MAR: BKG=13, GRP=0, CAP=175, LF%=7.4%, Brd-Off=JED-ATZ, Classes: X:12, W:1
2026-01-25 07:39:19 | INFO     | [lf.flight.extracted] SM456 on 07MAR: BKG=12, LF=6.9%
[LF] SM456 07MAR: BKG=12, GRP=0, CAP=175, LF%=6.9%, Brd-Off=JED-ATZ, Classes: X:5, T:4, W:1, K:2
[LF] Getting WEEKLY/LASTSOLD data for 3 flights
[LF] SM492 07MAR: LASTSOLD=2026-01-24 00:00:00, WEEKLY=3, TODAY=0, YDAY=1
[LF] SM454 07MAR: LASTSOLD=2026-01-16 00:00:00, WEEKLY=0, TODAY=0, YDAY=0
[LF] SM456 07MAR: LASTSOLD=2026-01-19 00:00:00, WEEKLY=1, TODAY=0, YDAY=0
2026-01-25 07:39:25 | INFO     | [SUCCESS] Day 07MAR
2026-01-25 07:39:25 | INFO     | [DAY_START] Processing 06MAR
[LF] Processing JED-ATZ for 06MAR
2026-01-25 07:39:25 | INFO     | [lf.day.start] Processing JED-ATZ for 06MAR
[LF] Sending SN command: SN06MARJEDATZ/ASM
[LF] 06MAR: found 1 direct flights
2026-01-25 07:39:26 | INFO     | [lf.day.flights_found] Found 1 flights on 06MAR
2026-01-25 07:39:29 | INFO     | [lf.flight.extracted] SM492 on 06MAR: BKG=22, LF=12.6%
[LF] SM492 06MAR: BKG=22, GRP=0, CAP=175, LF%=12.6%, Brd-Off=JED-ATZ, Classes: X:4, T:5, W:6, S:7
[LF] Getting WEEKLY/LASTSOLD data for 1 flights
[LF] SM492 06MAR: LASTSOLD=2026-01-24 00:00:00, WEEKLY=3, TODAY=0, YDAY=1
2026-01-25 07:39:32 | INFO     | [SUCCESS] Day 06MAR
2026-01-25 07:39:32 | INFO     | [DAY_START] Processing 05MAR
[LF] Processing JED-ATZ for 05MAR
2026-01-25 07:39:32 | INFO     | [lf.day.start] Processing JED-ATZ for 05MAR
[LF] Sending SN command: SN05MARJEDATZ/ASM
[LF] 05MAR: found 3 direct flights
2026-01-25 07:39:34 | INFO     | [lf.day.flights_found] Found 3 flights on 05MAR
2026-01-25 07:39:36 | INFO     | [lf.flight.extracted] SM422 on 05MAR: BKG=73, LF=41.7%
[LF] SM422 05MAR: BKG=73, GRP=0, CAP=175, LF%=41.7%, Brd-Off=JED-ATZ, Classes: I:17, O:17, U:18, X:15, T:6
2026-01-25 07:39:40 | INFO     | [lf.flight.extracted] SM454 on 05MAR: BKG=96, LF=54.9%
[LF] SM454 05MAR: BKG=96, GRP=0, CAP=175, LF%=54.9%, Brd-Off=JED-ATZ, Classes: I:18, O:17, U:14, X:19, T:11, W:14, S:1, G:1, K:1
2026-01-25 07:39:43 | INFO     | [lf.flight.extracted] SM456 on 05MAR: BKG=94, LF=53.7%
[LF] SM456 05MAR: BKG=94, GRP=0, CAP=175, LF%=53.7%, Brd-Off=JED-ATZ, Classes: I:18, O:17, U:18, X:17, T:14, W:6, S:3, K:1
[LF] Getting WEEKLY/LASTSOLD data for 3 flights
[LF] SM422 05MAR: LASTSOLD=2026-01-24 00:00:00, WEEKLY=32, TODAY=0, YDAY=1
[LF] SM454 05MAR: LASTSOLD=2026-01-22 00:00:00, WEEKLY=7, TODAY=0, YDAY=0
[LF] SM456 05MAR: LASTSOLD=2026-01-23 00:00:00, WEEKLY=12, TODAY=0, YDAY=0
2026-01-25 07:39:59 | INFO     | [SUCCESS] Day 05MAR
2026-01-25 07:39:59 | INFO     | [DAY_START] Processing 04MAR
[LF] Processing JED-ATZ for 04MAR
2026-01-25 07:39:59 | INFO     | [lf.day.start] Processing JED-ATZ for 04MAR
[LF] Sending SN command: SN04MARJEDATZ/ASM
[LF] 04MAR: found 2 direct flights
2026-01-25 07:40:00 | INFO     | [lf.day.flights_found] Found 2 flights on 04MAR
2026-01-25 07:40:02 | INFO     | [lf.flight.extracted] SM454 on 04MAR: BKG=37, LF=21.1%
[LF] SM454 04MAR: BKG=37, GRP=0, CAP=175, LF%=21.1%, Brd-Off=JED-ATZ, Classes: I:9, O:8, U:9, X:8, T:2, K:1
2026-01-25 07:40:06 | INFO     | [lf.flight.extracted] SM492 on 04MAR: BKG=46, LF=26.3%
[LF] SM492 04MAR: BKG=46, GRP=0, CAP=175, LF%=26.3%, Brd-Off=JED-ATZ, Classes: I:9, O:8, U:9, X:14, T:6
[LF] Getting WEEKLY/LASTSOLD data for 2 flights
[LF] SM454 04MAR: LASTSOLD=2026-01-23 00:00:00, WEEKLY=11, TODAY=0, YDAY=0
[LF] SM492 04MAR: LASTSOLD=2026-01-25 00:00:00, WEEKLY=1, TODAY=1, YDAY=0
2026-01-25 07:40:14 | INFO     | [SUCCESS] Day 04MAR
[LF] Results summary:
  2026-03-11: 2 flights
  2026-03-10: 2 flights
  2026-03-09: 4 flights
  2026-03-08: 2 flights
  2026-03-07: 3 flights
  2026-03-06: 1 flights
  2026-03-05: 3 flights
  2026-03-04: 2 flights
2026-01-25 07:40:14 | INFO     | [SUCCESS] LF Search Complete

============================================================
[Worker_9233] ✓ COMPLETED: JED-ATZ
  Results: 8 dates
  Errors: 0 dates
  Total Processed: 51 groups
============================================================

2026-01-25 07:40:14 | INFO     | [Worker_9233] Completed: JED-ATZ - 8 results, 0 errors

============================================================
[Worker_9233] Processing: ATZ-JED
  Tier 0: Range 2, Chunk 3/4
  Dates: 8 days
  Date Range: 2026-03-11 to 2026-03-04
============================================================

2026-01-25 07:40:14 | INFO     | [Worker_9233] Processing: ATZ-JED
2026-01-25 07:40:14 | INFO     |   Tier 0: Range 2, Chunk 3/4 (8 days)
2026-01-25 07:40:14 | INFO     | ======================================================================
2026-01-25 07:40:14 | INFO     | Load Factor Scraper Started - Route: ATZ-JED
2026-01-25 07:40:14 | INFO     | Log file: D:\CODERED\LAB\Artifacts\outputs\run_generated_250126_at_07.06\logs\LF_ATZ-JED_20260125_074014.log
2026-01-25 07:40:14 | INFO     | Enhanced logging: Capturing both logging.info() and print()
2026-01-25 07:40:14 | INFO     | ======================================================================
[LF] Processing dates (override): ['11MAR', '10MAR', '09MAR', '08MAR', '07MAR', '06MAR', '05MAR', '04MAR']
[LF] Attaching to Chrome for Altea access
2026-01-25 07:40:14 | INFO     | Starting LF search for route: ATZ-JED
2026-01-25 07:40:14 | INFO     | [START] LF Search
[LF][[OK] SUCCESS] Connected to Chrome on 127.0.0.1:9233 (after 1 attempts)
2026-01-25 07:40:15 | INFO     | [HEALTH CHECK] [OK] Chrome connection is healthy
[LF][[OK] SUCCESS] Found Amadeus Altea window: Altéa Reservation Desktop
[LF][[INFO] INFO] URL: https://tc212.resdesktop.altea.amadeus.com/app_ard/apf/init/login?SITE=ESMPESMP&LANGUAGE=GB&MARKETS=ARDW_PROD_WBP&ACTION=clpLogin
2026-01-25 07:40:15 | INFO     | [DAY_START] Processing 11MAR
[LF] Processing ATZ-JED for 11MAR
2026-01-25 07:40:15 | INFO     | [lf.day.start] Processing ATZ-JED for 11MAR
[LF] Sending SN command: SN11MARATZJED/ASM
[LF] 11MAR: found 3 direct flights
2026-01-25 07:40:17 | INFO     | [lf.day.flights_found] Found 3 flights on 11MAR
2026-01-25 07:40:20 | INFO     | [lf.flight.extracted] SM453 on 11MAR: BKG=0, LF=0.0%
[LF] SM453 11MAR: BKG=0, GRP=0, CAP=179, LF%=0.0%, Brd-Off=ATZ-JED
2026-01-25 07:40:24 | INFO     | [lf.flight.extracted] SM491 on 11MAR: BKG=1, LF=0.6%
[LF] SM491 11MAR: BKG=1, GRP=0, CAP=179, LF%=0.6%, Brd-Off=ATZ-JED, Classes: K:1
2026-01-25 07:40:27 | INFO     | [lf.flight.extracted] SM421 on 11MAR: BKG=1, LF=0.6%
[LF] SM421 11MAR: BKG=1, GRP=0, CAP=179, LF%=0.6%, Brd-Off=ATZ-JED, Classes: L:1
[LF] Getting WEEKLY/LASTSOLD data for 2 flights
[LF] SM491 11MAR: LASTSOLD=2026-01-03 00:00:00, WEEKLY=0, TODAY=0, YDAY=0
[LF] SM421 11MAR: LASTSOLD=2025-12-18 00:00:00, WEEKLY=0, TODAY=0, YDAY=0
2026-01-25 07:40:31 | INFO     | [SUCCESS] Day 11MAR
2026-01-25 07:40:31 | INFO     | [DAY_START] Processing 10MAR
[LF] Processing ATZ-JED for 10MAR
2026-01-25 07:40:31 | INFO     | [lf.day.start] Processing ATZ-JED for 10MAR
[LF] Sending SN command: SN10MARATZJED/ASM
[LF] 10MAR: found 2 direct flights
2026-01-25 07:40:32 | INFO     | [lf.day.flights_found] Found 2 flights on 10MAR
2026-01-25 07:40:34 | INFO     | [lf.flight.extracted] SM453 on 10MAR: BKG=0, LF=0.0%
[LF] SM453 10MAR: BKG=0, GRP=0, CAP=179, LF%=0.0%, Brd-Off=ATZ-JED
2026-01-25 07:40:37 | INFO     | [lf.flight.extracted] SM455 on 10MAR: BKG=0, LF=0.0%
[LF] SM455 10MAR: BKG=0, GRP=0, CAP=179, LF%=0.0%, Brd-Off=ATZ-JED
2026-01-25 07:40:38 | INFO     | [SUCCESS] Day 10MAR
2026-01-25 07:40:38 | INFO     | [DAY_START] Processing 09MAR
[LF] Processing ATZ-JED for 09MAR
2026-01-25 07:40:38 | INFO     | [lf.day.start] Processing ATZ-JED for 09MAR
[LF] Sending SN command: SN09MARATZJED/ASM
[LF] 09MAR: found 4 direct flights
2026-01-25 07:40:40 | INFO     | [lf.day.flights_found] Found 4 flights on 09MAR
2026-01-25 07:40:42 | INFO     | [lf.flight.extracted] SM491 on 09MAR: BKG=2, LF=1.1%
[LF] SM491 09MAR: BKG=2, GRP=0, CAP=179, LF%=1.1%, Brd-Off=ATZ-JED, Classes: L:2
2026-01-25 07:40:46 | INFO     | [lf.flight.extracted] SM455 on 09MAR: BKG=0, LF=0.0%
[LF] SM455 09MAR: BKG=0, GRP=0, CAP=179, LF%=0.0%, Brd-Off=ATZ-JED
2026-01-25 07:40:50 | INFO     | [lf.flight.extracted] SM421 on 09MAR: BKG=8, LF=4.5%
[LF] SM421 09MAR: BKG=8, GRP=0, CAP=179, LF%=4.5%, Brd-Off=ATZ-JED, Classes: L:7, K:1
2026-01-25 07:40:54 | INFO     | [lf.flight.extracted] SM453 on 09MAR: BKG=0, LF=0.0%
[LF] SM453 09MAR: BKG=0, GRP=0, CAP=179, LF%=0.0%, Brd-Off=ATZ-JED
[LF] Getting WEEKLY/LASTSOLD data for 2 flights
[LF] SM491 09MAR: LASTSOLD=2025-11-19 00:00:00, WEEKLY=0, TODAY=0, YDAY=0
[LF] SM421 09MAR: LASTSOLD=2026-01-11 00:00:00, WEEKLY=0, TODAY=0, YDAY=0
2026-01-25 07:40:58 | INFO     | [SUCCESS] Day 09MAR
2026-01-25 07:40:58 | INFO     | [DAY_START] Processing 08MAR
[LF] Processing ATZ-JED for 08MAR
2026-01-25 07:40:58 | INFO     | [lf.day.start] Processing ATZ-JED for 08MAR
[LF] Sending SN command: SN08MARATZJED/ASM
[LF] 08MAR: found 2 direct flights
2026-01-25 07:40:59 | INFO     | [lf.day.flights_found] Found 2 flights on 08MAR
2026-01-25 07:41:01 | INFO     | [lf.flight.extracted] SM491 on 08MAR: BKG=3, LF=1.7%
[LF] SM491 08MAR: BKG=3, GRP=0, CAP=179, LF%=1.7%, Brd-Off=ATZ-JED, Classes: W:1, L:2
2026-01-25 07:41:05 | INFO     | [lf.flight.extracted] SM455 on 08MAR: BKG=2, LF=1.1%
[LF] SM455 08MAR: BKG=2, GRP=0, CAP=179, LF%=1.1%, Brd-Off=ATZ-JED, Classes: K:2
[LF] Getting WEEKLY/LASTSOLD data for 2 flights
[LF] SM491 08MAR: LASTSOLD=2026-01-08 00:00:00, WEEKLY=0, TODAY=0, YDAY=0
[LF] SM455 08MAR: LASTSOLD=2026-01-17 00:00:00, WEEKLY=0, TODAY=0, YDAY=0
2026-01-25 07:41:09 | INFO     | [SUCCESS] Day 08MAR
2026-01-25 07:41:09 | INFO     | [DAY_START] Processing 07MAR
[LF] Processing ATZ-JED for 07MAR
2026-01-25 07:41:09 | INFO     | [lf.day.start] Processing ATZ-JED for 07MAR
[LF] Sending SN command: SN07MARATZJED/ASM
[LF] 07MAR: found 3 direct flights
2026-01-25 07:41:10 | INFO     | [lf.day.flights_found] Found 3 flights on 07MAR
2026-01-25 07:41:13 | INFO     | [lf.flight.extracted] SM491 on 07MAR: BKG=1, LF=0.6%
[LF] SM491 07MAR: BKG=1, GRP=0, CAP=179, LF%=0.6%, Brd-Off=ATZ-JED, Classes: L:1
2026-01-25 07:41:16 | INFO     | [lf.flight.extracted] SM453 on 07MAR: BKG=1, LF=0.6%
[LF] SM453 07MAR: BKG=1, GRP=0, CAP=179, LF%=0.6%, Brd-Off=ATZ-JED, Classes: L:1
2026-01-25 07:41:20 | INFO     | [lf.flight.extracted] SM455 on 07MAR: BKG=9, LF=5.0%
[LF] SM455 07MAR: BKG=9, GRP=0, CAP=179, LF%=5.0%, Brd-Off=ATZ-JED, Classes: L:9
[LF] Getting WEEKLY/LASTSOLD data for 3 flights
[LF] SM491 07MAR: LASTSOLD=2026-01-13 00:00:00, WEEKLY=0, TODAY=0, YDAY=0
[LF] SM453 07MAR: LASTSOLD=2025-08-20 00:00:00, WEEKLY=0, TODAY=0, YDAY=0
[LF] SM455 07MAR: LASTSOLD=2026-01-07 00:00:00, WEEKLY=0, TODAY=0, YDAY=0
2026-01-25 07:41:26 | INFO     | [SUCCESS] Day 07MAR
2026-01-25 07:41:26 | INFO     | [DAY_START] Processing 06MAR
[LF] Processing ATZ-JED for 06MAR
2026-01-25 07:41:26 | INFO     | [lf.day.start] Processing ATZ-JED for 06MAR
[LF] Sending SN command: SN06MARATZJED/ASM
[LF] 06MAR: found 1 direct flights
2026-01-25 07:41:28 | INFO     | [lf.day.flights_found] Found 1 flights on 06MAR
2026-01-25 07:41:30 | INFO     | [lf.flight.extracted] SM491 on 06MAR: BKG=1, LF=0.6%
[LF] SM491 06MAR: BKG=1, GRP=0, CAP=179, LF%=0.6%, Brd-Off=ATZ-JED, Classes: L:1
[LF] Getting WEEKLY/LASTSOLD data for 1 flights
[LF] SM491 06MAR: LASTSOLD=2025-11-26 00:00:00, WEEKLY=0, TODAY=0, YDAY=0
2026-01-25 07:41:33 | INFO     | [SUCCESS] Day 06MAR
2026-01-25 07:41:33 | INFO     | [DAY_START] Processing 05MAR
[LF] Processing ATZ-JED for 05MAR
2026-01-25 07:41:33 | INFO     | [lf.day.start] Processing ATZ-JED for 05MAR
[LF] Sending SN command: SN05MARATZJED/ASM
[LF] 05MAR: found 2 direct flights
2026-01-25 07:41:34 | INFO     | [lf.day.flights_found] Found 2 flights on 05MAR
2026-01-25 07:41:36 | INFO     | [lf.flight.extracted] SM453 on 05MAR: BKG=177, LF=98.9%
[LF] SM453 05MAR: BKG=177, GRP=175, CAP=179, LF%=98.9%, Brd-Off=ATZ-JED, Classes: P:175, L:2
2026-01-25 07:41:39 | INFO     | [lf.flight.extracted] SM455 on 05MAR: BKG=112, LF=62.6%
[LF] SM455 05MAR: BKG=112, GRP=110, CAP=179, LF%=62.6%, Brd-Off=ATZ-JED, Classes: P:90, E:20, L:2
[LF] Getting WEEKLY/LASTSOLD data for 2 flights
[LF] SM453 05MAR: LASTSOLD=2026-01-14 00:00:00, WEEKLY=0, TODAY=0, YDAY=0
[LF] SM455 05MAR: LASTSOLD=2026-01-22 00:00:00, WEEKLY=1, TODAY=0, YDAY=0
2026-01-25 07:41:43 | INFO     | [SUCCESS] Day 05MAR
2026-01-25 07:41:43 | INFO     | [DAY_START] Processing 04MAR
[LF] Processing ATZ-JED for 04MAR
2026-01-25 07:41:43 | INFO     | [lf.day.start] Processing ATZ-JED for 04MAR
[LF] Sending SN command: SN04MARATZJED/ASM
[LF] 04MAR: found 3 direct flights
2026-01-25 07:41:44 | INFO     | [lf.day.flights_found] Found 3 flights on 04MAR
2026-01-25 07:41:46 | INFO     | [lf.flight.extracted] SM453 on 04MAR: BKG=45, LF=25.1%
[LF] SM453 04MAR: BKG=45, GRP=45, CAP=179, LF%=25.1%, Brd-Off=ATZ-JED, Classes: P:45
2026-01-25 07:41:49 | INFO     | [lf.flight.extracted] SM491 on 04MAR: BKG=5, LF=2.8%
[LF] SM491 04MAR: BKG=5, GRP=0, CAP=179, LF%=2.8%, Brd-Off=ATZ-JED, Classes: L:1, K:4
2026-01-25 07:41:53 | INFO     | [lf.flight.extracted] SM421 on 04MAR: BKG=2, LF=1.1%
[LF] SM421 04MAR: BKG=2, GRP=0, CAP=179, LF%=1.1%, Brd-Off=ATZ-JED, Classes: L:1, K:1
[LF] Getting WEEKLY/LASTSOLD data for 3 flights
[LF] SM453 04MAR: LASTSOLD=2026-01-13 00:00:00, WEEKLY=0, TODAY=0, YDAY=0
[LF] SM491 04MAR: LASTSOLD=2026-01-24 00:00:00, WEEKLY=5, TODAY=0, YDAY=5
[LF] SM421 04MAR: LASTSOLD=2026-01-06 00:00:00, WEEKLY=0, TODAY=0, YDAY=0
2026-01-25 07:41:58 | INFO     | [SUCCESS] Day 04MAR
[LF] Results summary:
  2026-03-11: 3 flights
  2026-03-10: 2 flights
  2026-03-09: 4 flights
  2026-03-08: 2 flights
  2026-03-07: 3 flights
  2026-03-06: 1 flights
  2026-03-05: 2 flights
  2026-03-04: 3 flights
2026-01-25 07:41:58 | INFO     | [SUCCESS] LF Search Complete

============================================================
[Worker_9233] ✓ COMPLETED: ATZ-JED
  Results: 8 dates
  Errors: 0 dates
  Total Processed: 52 groups
============================================================

2026-01-25 07:41:58 | INFO     | [Worker_9233] Completed: ATZ-JED - 8 results, 0 errors

============================================================
[Worker_9233] Processing: MED-ATZ
  Tier 0: Range 2, Chunk 4/4
  Dates: 7 days
  Date Range: 2026-03-03 to 2026-02-25
============================================================

2026-01-25 07:41:58 | INFO     | [Worker_9233] Processing: MED-ATZ
2026-01-25 07:41:58 | INFO     |   Tier 0: Range 2, Chunk 4/4 (7 days)
2026-01-25 07:41:58 | INFO     | ======================================================================
2026-01-25 07:41:58 | INFO     | Load Factor Scraper Started - Route: MED-ATZ
2026-01-25 07:41:58 | INFO     | Log file: D:\CODERED\LAB\Artifacts\outputs\run_generated_250126_at_07.06\logs\LF_MED-ATZ_20260125_074158.log
2026-01-25 07:41:58 | INFO     | Enhanced logging: Capturing both logging.info() and print()
2026-01-25 07:41:58 | INFO     | ======================================================================
[LF] Processing dates (override): ['03MAR', '02MAR', '01MAR', '28FEB', '27FEB', '26FEB', '25FEB']
[LF] Attaching to Chrome for Altea access
2026-01-25 07:41:58 | INFO     | Starting LF search for route: MED-ATZ
2026-01-25 07:41:58 | INFO     | [START] LF Search
[LF][[OK] SUCCESS] Connected to Chrome on 127.0.0.1:9233 (after 1 attempts)
2026-01-25 07:41:59 | INFO     | [HEALTH CHECK] [OK] Chrome connection is healthy
[LF][[OK] SUCCESS] Found Amadeus Altea window: Altéa Reservation Desktop
[LF][[INFO] INFO] URL: https://tc212.resdesktop.altea.amadeus.com/app_ard/apf/init/login?SITE=ESMPESMP&LANGUAGE=GB&MARKETS=ARDW_PROD_WBP&ACTION=clpLogin
2026-01-25 07:41:59 | INFO     | [DAY_START] Processing 03MAR
[LF] Processing MED-ATZ for 03MAR
2026-01-25 07:41:59 | INFO     | [lf.day.start] Processing MED-ATZ for 03MAR
[LF] Sending SN command: SN03MARMEDATZ/ASM
[LF] 03MAR: found 1 direct flights
2026-01-25 07:42:01 | INFO     | [lf.day.flights_found] Found 1 flights on 03MAR
2026-01-25 07:42:03 | INFO     | [lf.flight.extracted] SM488 on 03MAR: BKG=34, LF=20.4%
[LF] SM488 03MAR: BKG=34, GRP=0, CAP=167, LF%=20.4%, Brd-Off=MED-ATZ, Classes: I:9, O:8, U:9, X:8
[LF] Getting WEEKLY/LASTSOLD data for 1 flights
[LF] SM488 03MAR: LASTSOLD=2026-01-25 00:00:00, WEEKLY=16, TODAY=6, YDAY=3
2026-01-25 07:42:07 | INFO     | [SUCCESS] Day 03MAR
2026-01-25 07:42:07 | INFO     | [DAY_START] Processing 02MAR
[LF] Processing MED-ATZ for 02MAR
2026-01-25 07:42:07 | INFO     | [lf.day.start] Processing MED-ATZ for 02MAR
[LF] Sending SN command: SN02MARMEDATZ/ASM
[LF] 02MAR: found 1 direct flights
2026-01-25 07:42:08 | INFO     | [lf.day.flights_found] Found 1 flights on 02MAR
2026-01-25 07:42:10 | INFO     | [lf.flight.extracted] SM488 on 02MAR: BKG=37, LF=21.1%
[LF] SM488 02MAR: BKG=37, GRP=0, CAP=175, LF%=21.1%, Brd-Off=MED-ATZ, Classes: I:9, O:8, U:9, X:9, T:1, K:1
[LF] Getting WEEKLY/LASTSOLD data for 1 flights
[LF] SM488 02MAR: LASTSOLD=2026-01-22 00:00:00, WEEKLY=10, TODAY=0, YDAY=0
2026-01-25 07:42:14 | INFO     | [SUCCESS] Day 02MAR
2026-01-25 07:42:14 | INFO     | [DAY_START] Processing 01MAR
[LF] Processing MED-ATZ for 01MAR
2026-01-25 07:42:14 | INFO     | [lf.day.start] Processing MED-ATZ for 01MAR
[LF] Sending SN command: SN01MARMEDATZ/ASM
[LF] No direct flights on 01MAR for MED-ATZ
2026-01-25 07:42:15 | WARNING  | [lf.day.no_flights] No direct flights on 01MAR
2026-01-25 07:42:15 | INFO     | [SUCCESS] Day 01MAR
2026-01-25 07:42:15 | INFO     | [DAY_START] Processing 28FEB
[LF] Processing MED-ATZ for 28FEB
2026-01-25 07:42:15 | INFO     | [lf.day.start] Processing MED-ATZ for 28FEB
[LF] Sending SN command: SN28FEBMEDATZ/ASM
[LF] 28FEB: found 1 direct flights
2026-01-25 07:42:17 | INFO     | [lf.day.flights_found] Found 1 flights on 28FEB
2026-01-25 07:42:19 | INFO     | [lf.flight.extracted] SM488 on 28FEB: BKG=168, LF=96.0%
[LF] SM488 28FEB: BKG=168, GRP=135, CAP=175, LF%=96.0%, Brd-Off=MED-ATZ, Classes: P:135, I:9, O:6, X:14, K:4
[LF] Getting WEEKLY/LASTSOLD data for 1 flights
[LF] SM488 28FEB: LASTSOLD=2026-01-17 00:00:00, WEEKLY=0, TODAY=0, YDAY=0
2026-01-25 07:42:23 | INFO     | [SUCCESS] Day 28FEB
2026-01-25 07:42:23 | INFO     | [DAY_START] Processing 27FEB
[LF] Processing MED-ATZ for 27FEB
2026-01-25 07:42:23 | INFO     | [lf.day.start] Processing MED-ATZ for 27FEB
[LF] Sending SN command: SN27FEBMEDATZ/ASM
[LF] No direct flights on 27FEB for MED-ATZ
2026-01-25 07:42:24 | WARNING  | [lf.day.no_flights] No direct flights on 27FEB
2026-01-25 07:42:24 | INFO     | [SUCCESS] Day 27FEB
2026-01-25 07:42:24 | INFO     | [DAY_START] Processing 26FEB
[LF] Processing MED-ATZ for 26FEB
2026-01-25 07:42:24 | INFO     | [lf.day.start] Processing MED-ATZ for 26FEB
[LF] Sending SN command: SN26FEBMEDATZ/ASM
[LF] No direct flights on 26FEB for MED-ATZ
2026-01-25 07:42:25 | WARNING  | [lf.day.no_flights] No direct flights on 26FEB
2026-01-25 07:42:25 | INFO     | [SUCCESS] Day 26FEB
2026-01-25 07:42:25 | INFO     | [DAY_START] Processing 25FEB
[LF] Processing MED-ATZ for 25FEB
2026-01-25 07:42:25 | INFO     | [lf.day.start] Processing MED-ATZ for 25FEB
[LF] Sending SN command: SN25FEBMEDATZ/ASM
[LF] 25FEB: found 1 direct flights
2026-01-25 07:42:26 | INFO     | [lf.day.flights_found] Found 1 flights on 25FEB
2026-01-25 07:42:28 | INFO     | [lf.flight.extracted] SM490 on 25FEB: BKG=168, LF=96.0%
[LF] SM490 25FEB: BKG=168, GRP=135, CAP=175, LF%=96.0%, Brd-Off=MED-ATZ, Classes: P:135, I:9, O:8, U:9, X:5, K:2
[LF] Getting WEEKLY/LASTSOLD data for 1 flights
[LF] SM490 25FEB: LASTSOLD=2026-01-23 00:00:00, WEEKLY=19, TODAY=0, YDAY=0
2026-01-25 07:42:32 | INFO     | [SUCCESS] Day 25FEB
[LF] Results summary:
  2026-03-03: 1 flights
  2026-03-02: 1 flights
  2026-03-01: 0 flights
  2026-02-28: 1 flights
  2026-02-27: 0 flights
  2026-02-26: 0 flights
  2026-02-25: 1 flights
2026-01-25 07:42:32 | INFO     | [SUCCESS] LF Search Complete

============================================================
[Worker_9233] ✓ COMPLETED: MED-ATZ
  Results: 7 dates
  Errors: 0 dates
  Total Processed: 53 groups
============================================================

2026-01-25 07:42:32 | INFO     | [Worker_9233] Completed: MED-ATZ - 7 results, 0 errors

============================================================
[Worker_9233] Processing: RUH-CAI
  Tier 0: Range 2, Chunk 4/4
  Dates: 7 days
  Date Range: 2026-03-03 to 2026-02-25
============================================================

2026-01-25 07:42:32 | INFO     | [Worker_9233] Processing: RUH-CAI
2026-01-25 07:42:32 | INFO     |   Tier 0: Range 2, Chunk 4/4 (7 days)
2026-01-25 07:42:32 | INFO     | ======================================================================
2026-01-25 07:42:32 | INFO     | Load Factor Scraper Started - Route: RUH-CAI
2026-01-25 07:42:32 | INFO     | Log file: D:\CODERED\LAB\Artifacts\outputs\run_generated_250126_at_07.06\logs\LF_RUH-CAI_20260125_074232.log
2026-01-25 07:42:32 | INFO     | Enhanced logging: Capturing both logging.info() and print()
2026-01-25 07:42:32 | INFO     | ======================================================================
[LF] Processing dates (override): ['03MAR', '02MAR', '01MAR', '28FEB', '27FEB', '26FEB', '25FEB']
[LF] Attaching to Chrome for Altea access
2026-01-25 07:42:32 | INFO     | Starting LF search for route: RUH-CAI
2026-01-25 07:42:32 | INFO     | [START] LF Search
[LF][[OK] SUCCESS] Connected to Chrome on 127.0.0.1:9233 (after 1 attempts)
2026-01-25 07:42:33 | INFO     | [HEALTH CHECK] [OK] Chrome connection is healthy
[LF][[OK] SUCCESS] Found Amadeus Altea window: Altéa Reservation Desktop
[LF][[INFO] INFO] URL: https://tc212.resdesktop.altea.amadeus.com/app_ard/apf/init/login?SITE=ESMPESMP&LANGUAGE=GB&MARKETS=ARDW_PROD_WBP&ACTION=clpLogin
2026-01-25 07:42:33 | INFO     | [DAY_START] Processing 03MAR
[LF] Processing RUH-CAI for 03MAR
2026-01-25 07:42:33 | INFO     | [lf.day.start] Processing RUH-CAI for 03MAR
[LF] Sending SN command: SN03MARRUHCAI/ASM
[LF] 03MAR: found 1 direct flights
2026-01-25 07:42:35 | INFO     | [lf.day.flights_found] Found 1 flights on 03MAR
2026-01-25 07:42:37 | INFO     | [lf.flight.extracted] SM470 on 03MAR: BKG=13, LF=7.8%
[LF] SM470 03MAR: BKG=13, GRP=0, CAP=167, LF%=7.8%, Brd-Off=RUH-CAI, Classes: O:2, U:6, W:1, S:4
[LF] Getting WEEKLY/LASTSOLD data for 1 flights
[LF] SM470 03MAR: LASTSOLD=2026-01-23 00:00:00, WEEKLY=1, TODAY=0, YDAY=0
2026-01-25 07:42:40 | INFO     | [SUCCESS] Day 03MAR
2026-01-25 07:42:40 | INFO     | [DAY_START] Processing 02MAR
[LF] Processing RUH-CAI for 02MAR
2026-01-25 07:42:40 | INFO     | [lf.day.start] Processing RUH-CAI for 02MAR
[LF] Sending SN command: SN02MARRUHCAI/ASM
[LF] 02MAR: found 1 direct flights
2026-01-25 07:42:41 | INFO     | [lf.day.flights_found] Found 1 flights on 02MAR
2026-01-25 07:42:43 | INFO     | [lf.flight.extracted] SM470 on 02MAR: BKG=12, LF=7.2%
[LF] SM470 02MAR: BKG=12, GRP=0, CAP=167, LF%=7.2%, Brd-Off=RUH-CAI, Classes: O:2, W:10
[LF] Getting WEEKLY/LASTSOLD data for 1 flights
[LF] SM470 02MAR: LASTSOLD=2026-01-24 00:00:00, WEEKLY=4, TODAY=0, YDAY=1
2026-01-25 07:42:46 | INFO     | [SUCCESS] Day 02MAR
2026-01-25 07:42:46 | INFO     | [DAY_START] Processing 01MAR
[LF] Processing RUH-CAI for 01MAR
2026-01-25 07:42:46 | INFO     | [lf.day.start] Processing RUH-CAI for 01MAR
[LF] Sending SN command: SN01MARRUHCAI/ASM
[LF] 01MAR: found 1 direct flights
2026-01-25 07:42:47 | INFO     | [lf.day.flights_found] Found 1 flights on 01MAR
2026-01-25 07:42:49 | INFO     | [lf.flight.extracted] SM462 on 01MAR: BKG=12, LF=6.9%
[LF] SM462 01MAR: BKG=12, GRP=0, CAP=175, LF%=6.9%, Brd-Off=RUH-CAI, Classes: O:1, W:11
[LF] Getting WEEKLY/LASTSOLD data for 1 flights
[LF] SM462 01MAR: LASTSOLD=2026-01-20 00:00:00, WEEKLY=6, TODAY=0, YDAY=0
2026-01-25 07:42:52 | INFO     | [SUCCESS] Day 01MAR
2026-01-25 07:42:52 | INFO     | [DAY_START] Processing 28FEB
[LF] Processing RUH-CAI for 28FEB
2026-01-25 07:42:52 | INFO     | [lf.day.start] Processing RUH-CAI for 28FEB
[LF] Sending SN command: SN28FEBRUHCAI/ASM
[LF] 28FEB: found 1 direct flights
2026-01-25 07:42:54 | INFO     | [lf.day.flights_found] Found 1 flights on 28FEB
2026-01-25 07:42:56 | INFO     | [lf.flight.extracted] SM462 on 28FEB: BKG=24, LF=13.7%
[LF] SM462 28FEB: BKG=24, GRP=0, CAP=175, LF%=13.7%, Brd-Off=RUH-CAI, Classes: X:5, T:12, W:5, S:2
[LPC] SM462 28FEB: Found 2 outbound flights with connecting passengers
[LF] Getting WEEKLY/LASTSOLD data for 1 flights
[LF] SM462 28FEB: LASTSOLD=2026-01-23 00:00:00, WEEKLY=7, TODAY=0, YDAY=0
2026-01-25 07:43:01 | INFO     | [SUCCESS] Day 28FEB
2026-01-25 07:43:01 | INFO     | [DAY_START] Processing 27FEB
[LF] Processing RUH-CAI for 27FEB
2026-01-25 07:43:01 | INFO     | [lf.day.start] Processing RUH-CAI for 27FEB
[LF] Sending SN command: SN27FEBRUHCAI/ASM
[LF] 27FEB: found 2 direct flights
2026-01-25 07:43:03 | INFO     | [lf.day.flights_found] Found 2 flights on 27FEB
2026-01-25 07:43:05 | INFO     | [lf.flight.extracted] SM462 on 27FEB: BKG=28, LF=16.0%
[LF] SM462 27FEB: BKG=28, GRP=0, CAP=175, LF%=16.0%, Brd-Off=RUH-CAI, Classes: U:10, X:15, T:1, W:1, K:1
2026-01-25 07:43:08 | INFO     | [lf.flight.extracted] SM470 on 27FEB: BKG=34, LF=20.4%
[LF] SM470 27FEB: BKG=34, GRP=0, CAP=167, LF%=20.4%, Brd-Off=RUH-CAI, Classes: X:20, T:13, W:1
[LF] Getting WEEKLY/LASTSOLD data for 2 flights
[LF] SM462 27FEB: LASTSOLD=2026-01-22 00:00:00, WEEKLY=7, TODAY=0, YDAY=0
[LF] SM470 27FEB: LASTSOLD=2026-01-20 00:00:00, WEEKLY=4, TODAY=0, YDAY=0
2026-01-25 07:43:15 | INFO     | [SUCCESS] Day 27FEB
2026-01-25 07:43:15 | INFO     | [DAY_START] Processing 26FEB
[LF] Processing RUH-CAI for 26FEB
2026-01-25 07:43:15 | INFO     | [lf.day.start] Processing RUH-CAI for 26FEB
[LF] Sending SN command: SN26FEBRUHCAI/ASM
[LF] 26FEB: found 1 direct flights
2026-01-25 07:43:16 | INFO     | [lf.day.flights_found] Found 1 flights on 26FEB
2026-01-25 07:43:18 | INFO     | [lf.flight.extracted] SM462 on 26FEB: BKG=13, LF=7.4%
[LF] SM462 26FEB: BKG=13, GRP=0, CAP=175, LF%=7.4%, Brd-Off=RUH-CAI, Classes: X:9, W:3, K:1
[LF] Getting WEEKLY/LASTSOLD data for 1 flights
[LF] SM462 26FEB: LASTSOLD=2026-01-19 00:00:00, WEEKLY=7, TODAY=0, YDAY=0
2026-01-25 07:43:21 | INFO     | [SUCCESS] Day 26FEB
2026-01-25 07:43:21 | INFO     | [DAY_START] Processing 25FEB
[LF] Processing RUH-CAI for 25FEB
2026-01-25 07:43:21 | INFO     | [lf.day.start] Processing RUH-CAI for 25FEB
[LF] Sending SN command: SN25FEBRUHCAI/ASM
[LF] 25FEB: found 2 direct flights
2026-01-25 07:43:22 | INFO     | [lf.day.flights_found] Found 2 flights on 25FEB
2026-01-25 07:43:24 | INFO     | [lf.flight.extracted] SM462 on 25FEB: BKG=23, LF=13.1%
[LF] SM462 25FEB: BKG=23, GRP=0, CAP=175, LF%=13.1%, Brd-Off=RUH-CAI, Classes: O:1, U:19, K:3
2026-01-25 07:43:27 | INFO     | [lf.flight.extracted] SM470 on 25FEB: BKG=31, LF=18.6%
[LF] SM470 25FEB: BKG=31, GRP=0, CAP=167, LF%=18.6%, Brd-Off=RUH-CAI, Classes: O:6, U:20, X:5
[LF] Getting WEEKLY/LASTSOLD data for 2 flights
[LF] SM462 25FEB: LASTSOLD=2026-01-23 00:00:00, WEEKLY=9, TODAY=0, YDAY=0
[LF] SM470 25FEB: LASTSOLD=2026-01-20 00:00:00, WEEKLY=9, TODAY=0, YDAY=0
2026-01-25 07:43:34 | INFO     | [SUCCESS] Day 25FEB
[LF] Results summary:
  2026-03-03: 1 flights
  2026-03-02: 1 flights
  2026-03-01: 1 flights
  2026-02-28: 1 flights
  2026-02-27: 2 flights
  2026-02-26: 1 flights
  2026-02-25: 2 flights
2026-01-25 07:43:34 | INFO     | [SUCCESS] LF Search Complete

============================================================
[Worker_9233] ✓ COMPLETED: RUH-CAI
  Results: 7 dates
  Errors: 0 dates
  Total Processed: 54 groups
============================================================

2026-01-25 07:43:40 | INFO     | [Worker_9233] Completed: RUH-CAI - 7 results, 0 errors

============================================================
[Worker_9233] Processing: GIZ-CAI
  Tier 0: Range 2, Chunk 4/4
  Dates: 7 days
  Date Range: 2026-03-03 to 2026-02-25
============================================================

2026-01-25 07:43:40 | INFO     | [Worker_9233] Processing: GIZ-CAI
2026-01-25 07:43:40 | INFO     |   Tier 0: Range 2, Chunk 4/4 (7 days)
2026-01-25 07:43:40 | INFO     | ======================================================================
2026-01-25 07:43:40 | INFO     | Load Factor Scraper Started - Route: GIZ-CAI
2026-01-25 07:43:40 | INFO     | Log file: D:\CODERED\LAB\Artifacts\outputs\run_generated_250126_at_07.06\logs\LF_GIZ-CAI_20260125_074340.log
2026-01-25 07:43:40 | INFO     | Enhanced logging: Capturing both logging.info() and print()
2026-01-25 07:43:40 | INFO     | ======================================================================
[LF] Processing dates (override): ['03MAR', '02MAR', '01MAR', '28FEB', '27FEB', '26FEB', '25FEB']
[LF] Attaching to Chrome for Altea access
2026-01-25 07:43:40 | INFO     | Starting LF search for route: GIZ-CAI
2026-01-25 07:43:40 | INFO     | [START] LF Search
[LF][[OK] SUCCESS] Connected to Chrome on 127.0.0.1:9233 (after 1 attempts)
2026-01-25 07:43:41 | INFO     | [HEALTH CHECK] [OK] Chrome connection is healthy
[LF][[OK] SUCCESS] Found Amadeus Altea window: Altéa Reservation Desktop
[LF][[INFO] INFO] URL: https://tc212.resdesktop.altea.amadeus.com/app_ard/apf/init/login?SITE=ESMPESMP&LANGUAGE=GB&MARKETS=ARDW_PROD_WBP&ACTION=clpLogin
2026-01-25 07:43:41 | INFO     | [DAY_START] Processing 03MAR
[LF] Processing GIZ-CAI for 03MAR
2026-01-25 07:43:41 | INFO     | [lf.day.start] Processing GIZ-CAI for 03MAR
[LF] Sending SN command: SN03MARGIZCAI/ASM
[LF] No direct flights on 03MAR for GIZ-CAI
2026-01-25 07:43:42 | WARNING  | [lf.day.no_flights] No direct flights on 03MAR
2026-01-25 07:43:42 | INFO     | [SUCCESS] Day 03MAR
2026-01-25 07:43:42 | INFO     | [DAY_START] Processing 02MAR
[LF] Processing GIZ-CAI for 02MAR
2026-01-25 07:43:42 | INFO     | [lf.day.start] Processing GIZ-CAI for 02MAR
[LF] Sending SN command: SN02MARGIZCAI/ASM
[LF] No direct flights on 02MAR for GIZ-CAI
2026-01-25 07:43:43 | WARNING  | [lf.day.no_flights] No direct flights on 02MAR
2026-01-25 07:43:43 | INFO     | [SUCCESS] Day 02MAR
2026-01-25 07:43:43 | INFO     | [DAY_START] Processing 01MAR
[LF] Processing GIZ-CAI for 01MAR
2026-01-25 07:43:43 | INFO     | [lf.day.start] Processing GIZ-CAI for 01MAR
[LF] Sending SN command: SN01MARGIZCAI/ASM
[LF] 01MAR: found 1 direct flights
2026-01-25 07:43:44 | INFO     | [lf.day.flights_found] Found 1 flights on 01MAR
2026-01-25 07:43:46 | INFO     | [lf.flight.extracted] SM330 on 01MAR: BKG=27, LF=15.4%
[LF] SM330 01MAR: BKG=27, GRP=0, CAP=175, LF%=15.4%, Brd-Off=GIZ-CAI, Classes: I:3, U:12, X:1, T:5, W:1, S:1, G:4
[LF] Getting WEEKLY/LASTSOLD data for 1 flights
[LF] SM330 01MAR: LASTSOLD=2026-01-24 00:00:00, WEEKLY=10, TODAY=0, YDAY=2
2026-01-25 07:43:50 | INFO     | [SUCCESS] Day 01MAR
2026-01-25 07:43:50 | INFO     | [DAY_START] Processing 28FEB
[LF] Processing GIZ-CAI for 28FEB
2026-01-25 07:43:50 | INFO     | [lf.day.start] Processing GIZ-CAI for 28FEB
[LF] Sending SN command: SN28FEBGIZCAI/ASM
[LF] No direct flights on 28FEB for GIZ-CAI
2026-01-25 07:43:51 | WARNING  | [lf.day.no_flights] No direct flights on 28FEB
2026-01-25 07:43:51 | INFO     | [SUCCESS] Day 28FEB
2026-01-25 07:43:51 | INFO     | [DAY_START] Processing 27FEB
[LF] Processing GIZ-CAI for 27FEB
2026-01-25 07:43:51 | INFO     | [lf.day.start] Processing GIZ-CAI for 27FEB
[LF] Sending SN command: SN27FEBGIZCAI/ASM
[LF] 27FEB: found 1 direct flights
2026-01-25 07:43:52 | INFO     | [lf.day.flights_found] Found 1 flights on 27FEB
2026-01-25 07:43:54 | INFO     | [lf.flight.extracted] SM330 on 27FEB: BKG=21, LF=12.0%
[LF] SM330 27FEB: BKG=21, GRP=0, CAP=175, LF%=12.0%, Brd-Off=GIZ-CAI, Classes: I:8, O:7, U:2, W:1, S:3
[LF] Getting WEEKLY/LASTSOLD data for 1 flights
[LF] SM330 27FEB: LASTSOLD=2026-01-20 00:00:00, WEEKLY=1, TODAY=0, YDAY=0
2026-01-25 07:43:58 | INFO     | [SUCCESS] Day 27FEB
2026-01-25 07:43:58 | INFO     | [DAY_START] Processing 26FEB
[LF] Processing GIZ-CAI for 26FEB
2026-01-25 07:43:58 | INFO     | [lf.day.start] Processing GIZ-CAI for 26FEB
[LF] Sending SN command: SN26FEBGIZCAI/ASM
[LF] No direct flights on 26FEB for GIZ-CAI
2026-01-25 07:43:59 | WARNING  | [lf.day.no_flights] No direct flights on 26FEB
2026-01-25 07:43:59 | INFO     | [SUCCESS] Day 26FEB
2026-01-25 07:43:59 | INFO     | [DAY_START] Processing 25FEB
[LF] Processing GIZ-CAI for 25FEB
2026-01-25 07:43:59 | INFO     | [lf.day.start] Processing GIZ-CAI for 25FEB
[LF] Sending SN command: SN25FEBGIZCAI/ASM
[LF] No direct flights on 25FEB for GIZ-CAI
2026-01-25 07:44:00 | WARNING  | [lf.day.no_flights] No direct flights on 25FEB
2026-01-25 07:44:00 | INFO     | [SUCCESS] Day 25FEB
[LF] Results summary:
  2026-03-03: 0 flights
  2026-03-02: 0 flights
  2026-03-01: 1 flights
  2026-02-28: 0 flights
  2026-02-27: 1 flights
  2026-02-26: 0 flights
  2026-02-25: 0 flights
2026-01-25 07:44:00 | INFO     | [SUCCESS] LF Search Complete

============================================================
[Worker_9233] ✓ COMPLETED: GIZ-CAI
  Results: 7 dates
  Errors: 0 dates
  Total Processed: 55 groups
============================================================

2026-01-25 07:44:00 | INFO     | [Worker_9233] Completed: GIZ-CAI - 7 results, 0 errors

============================================================
[Worker_9233] Processing: ATZ-JED
  Tier 0: Range 2, Chunk 4/4
  Dates: 7 days
  Date Range: 2026-03-03 to 2026-02-25
============================================================

2026-01-25 07:44:00 | INFO     | [Worker_9233] Processing: ATZ-JED
2026-01-25 07:44:00 | INFO     |   Tier 0: Range 2, Chunk 4/4 (7 days)
2026-01-25 07:44:00 | INFO     | ======================================================================
2026-01-25 07:44:00 | INFO     | Load Factor Scraper Started - Route: ATZ-JED
2026-01-25 07:44:00 | INFO     | Log file: D:\CODERED\LAB\Artifacts\outputs\run_generated_250126_at_07.06\logs\LF_ATZ-JED_20260125_074400.log
2026-01-25 07:44:00 | INFO     | Enhanced logging: Capturing both logging.info() and print()
2026-01-25 07:44:00 | INFO     | ======================================================================
[LF] Processing dates (override): ['03MAR', '02MAR', '01MAR', '28FEB', '27FEB', '26FEB', '25FEB']
[LF] Attaching to Chrome for Altea access
2026-01-25 07:44:00 | INFO     | Starting LF search for route: ATZ-JED
2026-01-25 07:44:00 | INFO     | [START] LF Search
[LF][[OK] SUCCESS] Connected to Chrome on 127.0.0.1:9233 (after 1 attempts)
2026-01-25 07:44:01 | INFO     | [HEALTH CHECK] [OK] Chrome connection is healthy
[LF][[OK] SUCCESS] Found Amadeus Altea window: Altéa Reservation Desktop
[LF][[INFO] INFO] URL: https://tc212.resdesktop.altea.amadeus.com/app_ard/apf/init/login?SITE=ESMPESMP&LANGUAGE=GB&MARKETS=ARDW_PROD_WBP&ACTION=clpLogin
2026-01-25 07:44:01 | INFO     | [DAY_START] Processing 03MAR
[LF] Processing ATZ-JED for 03MAR
2026-01-25 07:44:01 | INFO     | [lf.day.start] Processing ATZ-JED for 03MAR
[LF] Sending SN command: SN03MARATZJED/ASM
[LF] 03MAR: found 2 direct flights
2026-01-25 07:44:02 | INFO     | [lf.day.flights_found] Found 2 flights on 03MAR
2026-01-25 07:44:04 | INFO     | [lf.flight.extracted] SM453 on 03MAR: BKG=0, LF=0.0%
[LF] SM453 03MAR: BKG=0, GRP=0, CAP=179, LF%=0.0%, Brd-Off=ATZ-JED
2026-01-25 07:44:07 | INFO     | [lf.flight.extracted] SM455 on 03MAR: BKG=2, LF=1.1%
[LF] SM455 03MAR: BKG=2, GRP=0, CAP=179, LF%=1.1%, Brd-Off=ATZ-JED, Classes: L:1, K:1
[LF] Getting WEEKLY/LASTSOLD data for 1 flights
[LF] SM455 03MAR: LASTSOLD=2026-01-13 00:00:00, WEEKLY=0, TODAY=0, YDAY=0
2026-01-25 07:44:10 | INFO     | [SUCCESS] Day 03MAR
2026-01-25 07:44:10 | INFO     | [DAY_START] Processing 02MAR
[LF] Processing ATZ-JED for 02MAR
2026-01-25 07:44:10 | INFO     | [lf.day.start] Processing ATZ-JED for 02MAR
[LF] Sending SN command: SN02MARATZJED/ASM
[LF] 02MAR: found 4 direct flights
2026-01-25 07:44:11 | INFO     | [lf.day.flights_found] Found 4 flights on 02MAR
2026-01-25 07:44:13 | INFO     | [lf.flight.extracted] SM491 on 02MAR: BKG=0, LF=0.0%
[LF] SM491 02MAR: BKG=0, GRP=0, CAP=179, LF%=0.0%, Brd-Off=ATZ-JED
2026-01-25 07:44:18 | INFO     | [lf.flight.extracted] SM455 on 02MAR: BKG=0, LF=0.0%
[LF] SM455 02MAR: BKG=0, GRP=0, CAP=179, LF%=0.0%, Brd-Off=ATZ-JED
2026-01-25 07:44:21 | INFO     | [lf.flight.extracted] SM421 on 02MAR: BKG=3, LF=1.7%
[LF] SM421 02MAR: BKG=3, GRP=0, CAP=179, LF%=1.7%, Brd-Off=ATZ-JED, Classes: K:3
2026-01-25 07:44:24 | INFO     | [lf.flight.extracted] SM453 on 02MAR: BKG=1, LF=0.6%
[LF] SM453 02MAR: BKG=1, GRP=0, CAP=179, LF%=0.6%, Brd-Off=ATZ-JED, Classes: L:1
[LF] Getting WEEKLY/LASTSOLD data for 2 flights
[LF] SM421 02MAR: LASTSOLD=2025-12-21 00:00:00, WEEKLY=0, TODAY=0, YDAY=0
[LF] SM453 02MAR: LASTSOLD=2025-12-15 00:00:00, WEEKLY=0, TODAY=0, YDAY=0
2026-01-25 07:44:28 | INFO     | [SUCCESS] Day 02MAR
2026-01-25 07:44:28 | INFO     | [DAY_START] Processing 01MAR
[LF] Processing ATZ-JED for 01MAR
2026-01-25 07:44:28 | INFO     | [lf.day.start] Processing ATZ-JED for 01MAR
[LF] Sending SN command: SN01MARATZJED/ASM
[LF] 01MAR: found 2 direct flights
2026-01-25 07:44:30 | INFO     | [lf.day.flights_found] Found 2 flights on 01MAR
2026-01-25 07:44:32 | INFO     | [lf.flight.extracted] SM491 on 01MAR: BKG=6, LF=3.4%
[LF] SM491 01MAR: BKG=6, GRP=0, CAP=179, LF%=3.4%, Brd-Off=ATZ-JED, Classes: L:2, K:4
2026-01-25 07:44:36 | INFO     | [lf.flight.extracted] SM455 on 01MAR: BKG=0, LF=0.0%
[LF] SM455 01MAR: BKG=0, GRP=0, CAP=179, LF%=0.0%, Brd-Off=ATZ-JED
[LF] Getting WEEKLY/LASTSOLD data for 1 flights
[LF] SM491 01MAR: LASTSOLD=2026-01-01 00:00:00, WEEKLY=0, TODAY=0, YDAY=0
2026-01-25 07:44:38 | INFO     | [SUCCESS] Day 01MAR
2026-01-25 07:44:38 | INFO     | [DAY_START] Processing 28FEB
[LF] Processing ATZ-JED for 28FEB
2026-01-25 07:44:38 | INFO     | [lf.day.start] Processing ATZ-JED for 28FEB
[LF] Sending SN command: SN28FEBATZJED/ASM
[LF] 28FEB: found 3 direct flights
2026-01-25 07:44:39 | INFO     | [lf.day.flights_found] Found 3 flights on 28FEB
2026-01-25 07:44:41 | INFO     | [lf.flight.extracted] SM491 on 28FEB: BKG=1, LF=0.6%
[LF] SM491 28FEB: BKG=1, GRP=0, CAP=179, LF%=0.6%, Brd-Off=ATZ-JED, Classes: I:1
2026-01-25 07:44:45 | INFO     | [lf.flight.extracted] SM453 on 28FEB: BKG=2, LF=1.1%
[LF] SM453 28FEB: BKG=2, GRP=0, CAP=179, LF%=1.1%, Brd-Off=ATZ-JED, Classes: W:2
[LPC] SM453 28FEB: Found 1 outbound flights with connecting passengers
2026-01-25 07:44:49 | INFO     | [lf.flight.extracted] SM455 on 28FEB: BKG=9, LF=5.0%
[LF] SM455 28FEB: BKG=9, GRP=0, CAP=179, LF%=5.0%, Brd-Off=ATZ-JED, Classes: W:8, S:1
[LF] Getting WEEKLY/LASTSOLD data for 3 flights
[LF] SM491 28FEB: LASTSOLD=2026-01-24 00:00:00, WEEKLY=1, TODAY=0, YDAY=1
[LF] SM453 28FEB: LASTSOLD=2026-01-07 00:00:00, WEEKLY=0, TODAY=0, YDAY=0
[LF] SM455 28FEB: LASTSOLD=2026-01-09 00:00:00, WEEKLY=0, TODAY=0, YDAY=0
2026-01-25 07:44:54 | INFO     | [SUCCESS] Day 28FEB
2026-01-25 07:44:54 | INFO     | [DAY_START] Processing 27FEB
[LF] Processing ATZ-JED for 27FEB
2026-01-25 07:44:54 | INFO     | [lf.day.start] Processing ATZ-JED for 27FEB
[LF] Sending SN command: SN27FEBATZJED/ASM
[LF] 27FEB: found 2 direct flights
2026-01-25 07:44:56 | INFO     | [lf.day.flights_found] Found 2 flights on 27FEB
2026-01-25 07:44:58 | INFO     | [lf.flight.extracted] SM491 on 27FEB: BKG=10, LF=5.6%
[LF] SM491 27FEB: BKG=10, GRP=0, CAP=179, LF%=5.6%, Brd-Off=ATZ-JED, Classes: W:10
2026-01-25 07:45:01 | INFO     | [lf.flight.extracted] SM2479 on 27FEB: BKG=0, LF=0.0%
[LF] SM2479 27FEB: BKG=0, GRP=0, CAP=179, LF%=0.0%, Brd-Off=ATZ-JED
[LF] Getting WEEKLY/LASTSOLD data for 1 flights
[LF] SM491 27FEB: LASTSOLD=2026-01-15 00:00:00, WEEKLY=0, TODAY=0, YDAY=0
2026-01-25 07:45:04 | INFO     | [SUCCESS] Day 27FEB
2026-01-25 07:45:04 | INFO     | [DAY_START] Processing 26FEB
[LF] Processing ATZ-JED for 26FEB
2026-01-25 07:45:04 | INFO     | [lf.day.start] Processing ATZ-JED for 26FEB
[LF] Sending SN command: SN26FEBATZJED/ASM
[LF] 26FEB: found 4 direct flights
2026-01-25 07:45:05 | INFO     | [lf.day.flights_found] Found 4 flights on 26FEB
2026-01-25 07:45:06 | INFO     | [lf.flight.extracted] SM2469 on 26FEB: BKG=0, LF=0.0%
[LF] SM2469 26FEB: BKG=0, GRP=0, CAP=168, LF%=0.0%, Brd-Off=ATZ-JED
2026-01-25 07:45:09 | INFO     | [lf.flight.extracted] SM2467 on 26FEB: BKG=180, LF=100.6%
[LF] SM2467 26FEB: BKG=180, GRP=180, CAP=179, LF%=100.6%, Brd-Off=ATZ-JED, Classes: P:180
2026-01-25 07:45:13 | INFO     | [lf.flight.extracted] SM453 on 26FEB: BKG=97, LF=54.2%
[LF] SM453 26FEB: BKG=97, GRP=90, CAP=179, LF%=54.2%, Brd-Off=ATZ-JED, Classes: P:90, W:4, K:3
2026-01-25 07:45:17 | INFO     | [lf.flight.extracted] SM455 on 26FEB: BKG=45, LF=25.1%
[LF] SM455 26FEB: BKG=45, GRP=45, CAP=179, LF%=25.1%, Brd-Off=ATZ-JED, Classes: P:45
[LF] Getting WEEKLY/LASTSOLD data for 3 flights
[LF] SM2467 26FEB: LASTSOLD=2026-01-20 00:00:00, WEEKLY=1, TODAY=0, YDAY=0
[LF] SM453 26FEB: LASTSOLD=2026-01-21 00:00:00, WEEKLY=5, TODAY=0, YDAY=0
[LF] SM455 26FEB: LASTSOLD=2026-01-11 00:00:00, WEEKLY=0, TODAY=0, YDAY=0
2026-01-25 07:45:23 | INFO     | [SUCCESS] Day 26FEB
2026-01-25 07:45:23 | INFO     | [DAY_START] Processing 25FEB
[LF] Processing ATZ-JED for 25FEB
2026-01-25 07:45:23 | INFO     | [lf.day.start] Processing ATZ-JED for 25FEB
[LF] Sending SN command: SN25FEBATZJED/ASM
[LF] 25FEB: found 4 direct flights
2026-01-25 07:45:24 | INFO     | [lf.day.flights_found] Found 4 flights on 25FEB
2026-01-25 07:45:26 | INFO     | [lf.flight.extracted] SM453 on 25FEB: BKG=180, LF=100.6%
[LF] SM453 25FEB: BKG=180, GRP=180, CAP=179, LF%=100.6%, Brd-Off=ATZ-JED, Classes: P:180
2026-01-25 07:45:30 | INFO     | [lf.flight.extracted] SM491 on 25FEB: BKG=184, LF=102.8%
[LF] SM491 25FEB: BKG=184, GRP=180, CAP=179, LF%=102.8%, Brd-Off=ATZ-JED, Classes: P:135, E:45, W:4
2026-01-25 07:45:33 | INFO     | [lf.flight.extracted] SM2459 on 25FEB: BKG=90, LF=50.3%
[LF] SM2459 25FEB: BKG=90, GRP=90, CAP=179, LF%=50.3%, Brd-Off=ATZ-JED, Classes: P:90
2026-01-25 07:45:37 | INFO     | [lf.flight.extracted] SM421 on 25FEB: BKG=181, LF=101.1%
[LF] SM421 25FEB: BKG=181, GRP=180, CAP=179, LF%=101.1%, Brd-Off=ATZ-JED, Classes: P:180, W:1
[LF] Getting WEEKLY/LASTSOLD data for 4 flights
[LF] SM453 25FEB: LASTSOLD=2026-01-06 00:00:00, WEEKLY=0, TODAY=0, YDAY=0
[LF] SM491 25FEB: LASTSOLD=2026-01-13 00:00:00, WEEKLY=0, TODAY=0, YDAY=0
[LF] SM2459 25FEB: LASTSOLD=2026-01-20 00:00:00, WEEKLY=1, TODAY=0, YDAY=0
[LF] SM421 25FEB: LASTSOLD=2026-01-22 00:00:00, WEEKLY=1, TODAY=0, YDAY=0
2026-01-25 07:45:44 | INFO     | [SUCCESS] Day 25FEB
[LF] Results summary:
  2026-03-03: 2 flights
  2026-03-02: 4 flights
  2026-03-01: 2 flights
  2026-02-28: 3 flights
  2026-02-27: 2 flights
  2026-02-26: 4 flights
  2026-02-25: 4 flights
2026-01-25 07:45:44 | INFO     | [SUCCESS] LF Search Complete

============================================================
[Worker_9233] ✓ COMPLETED: ATZ-JED
  Results: 7 dates
  Errors: 0 dates
  Total Processed: 56 groups
============================================================

2026-01-25 07:45:44 | INFO     | [Worker_9233] Completed: ATZ-JED - 7 results, 0 errors

============================================================
[Worker_9233] Processing: JED-ATZ
  Tier 0: Range 1, Chunk 1/4
  Dates: 8 days
  Date Range: 2026-02-24 to 2026-02-17
============================================================

2026-01-25 07:45:44 | INFO     | [Worker_9233] Processing: JED-ATZ
2026-01-25 07:45:44 | INFO     |   Tier 0: Range 1, Chunk 1/4 (8 days)
2026-01-25 07:45:44 | INFO     | ======================================================================
2026-01-25 07:45:44 | INFO     | Load Factor Scraper Started - Route: JED-ATZ
2026-01-25 07:45:44 | INFO     | Log file: D:\CODERED\LAB\Artifacts\outputs\run_generated_250126_at_07.06\logs\LF_JED-ATZ_20260125_074544.log
2026-01-25 07:45:44 | INFO     | Enhanced logging: Capturing both logging.info() and print()
2026-01-25 07:45:44 | INFO     | ======================================================================
[LF] Processing dates (override): ['24FEB', '23FEB', '22FEB', '21FEB', '20FEB', '19FEB', '18FEB', '17FEB']
[LF] Attaching to Chrome for Altea access
2026-01-25 07:45:44 | INFO     | Starting LF search for route: JED-ATZ
2026-01-25 07:45:44 | INFO     | [START] LF Search
[LF][[OK] SUCCESS] Connected to Chrome on 127.0.0.1:9233 (after 1 attempts)
2026-01-25 07:45:45 | INFO     | [HEALTH CHECK] [OK] Chrome connection is healthy
[LF][[OK] SUCCESS] Found Amadeus Altea window: Altéa Reservation Desktop
[LF][[INFO] INFO] URL: https://tc212.resdesktop.altea.amadeus.com/app_ard/apf/init/login?SITE=ESMPESMP&LANGUAGE=GB&MARKETS=ARDW_PROD_WBP&ACTION=clpLogin
2026-01-25 07:45:45 | INFO     | [DAY_START] Processing 24FEB
[LF] Processing JED-ATZ for 24FEB
2026-01-25 07:45:45 | INFO     | [lf.day.start] Processing JED-ATZ for 24FEB
[LF] Sending SN command: SN24FEBJEDATZ/ASM
[LF] 24FEB: found 3 direct flights
2026-01-25 07:45:47 | INFO     | [lf.day.flights_found] Found 3 flights on 24FEB
2026-01-25 07:45:49 | INFO     | [lf.flight.extracted] SM454 on 24FEB: BKG=176, LF=101.2%
[LF] SM454 24FEB: BKG=176, GRP=175, CAP=174, LF%=101.2%, Brd-Off=JED-ATZ, Classes: P:175, K:1
2026-01-25 07:45:52 | INFO     | [lf.flight.extracted] SM2472 on 24FEB: BKG=180, LF=102.9%
[LF] SM2472 24FEB: BKG=180, GRP=180, CAP=175, LF%=102.9%, Brd-Off=JED-ATZ, Classes: P:180
2026-01-25 07:45:55 | INFO     | [lf.flight.extracted] SM456 on 24FEB: BKG=184, LF=105.1%
[LF] SM456 24FEB: BKG=184, GRP=180, CAP=175, LF%=105.1%, Brd-Off=JED-ATZ, Classes: P:180, I:3, W:1
[LF] Getting WEEKLY/LASTSOLD data for 3 flights
[LF] SM454 24FEB: LASTSOLD=2026-01-01 00:00:00, WEEKLY=0, TODAY=0, YDAY=0
[LF] SM2472 24FEB: LASTSOLD=2026-01-06 00:00:00, WEEKLY=0, TODAY=0, YDAY=0
[LF] SM456 24FEB: LASTSOLD=2026-01-19 00:00:00, WEEKLY=1, TODAY=0, YDAY=0
2026-01-25 07:46:01 | INFO     | [SUCCESS] Day 24FEB
2026-01-25 07:46:01 | INFO     | [DAY_START] Processing 23FEB
[LF] Processing JED-ATZ for 23FEB
2026-01-25 07:46:01 | INFO     | [lf.day.start] Processing JED-ATZ for 23FEB
[LF] Sending SN command: SN23FEBJEDATZ/ASM
[LF] 23FEB: 2 cancelled flight(s) detected from SN (JED-ATZ)
[LF] 23FEB: found 7 direct flights
2026-01-25 07:46:02 | INFO     | [lf.day.flights_found] Found 7 flights on 23FEB
2026-01-25 07:46:04 | INFO     | [lf.flight.extracted] SM954 on 23FEB: BKG=180, LF=107.8%
[LF] SM954 23FEB: BKG=180, GRP=180, CAP=167, LF%=107.8%, Brd-Off=JED-ATZ, Classes: P:180
2026-01-25 07:46:08 | INFO     | [lf.flight.extracted] SM2446 on 23FEB: BKG=180, LF=102.9%
[LF] SM2446 23FEB: BKG=180, GRP=180, CAP=175, LF%=102.9%, Brd-Off=JED-ATZ, Classes: P:180
2026-01-25 07:46:11 | INFO     | [lf.flight.extracted] SM456 on 23FEB: BKG=168, LF=100.6%
[LF] SM456 23FEB: BKG=168, GRP=135, CAP=167, LF%=100.6%, Brd-Off=JED-ATZ, Classes: P:135, I:9, O:8, U:8, X:3, W:3, S:1, K:1
2026-01-25 07:46:15 | INFO     | [lf.flight.extracted] SM958 on 23FEB: BKG=180, LF=102.9%
[LF] SM958 23FEB: BKG=180, GRP=180, CAP=175, LF%=102.9%, Brd-Off=JED-ATZ, Classes: P:180
2026-01-25 07:46:19 | INFO     | [lf.flight.extracted] SM492 on 23FEB: BKG=188, LF=107.4%
[LF] SM492 23FEB: BKG=188, GRP=180, CAP=175, LF%=107.4%, Brd-Off=JED-ATZ, Classes: P:135, E:45, I:7, W:1
2026-01-25 07:46:22 | INFO     | [lf.flight.extracted] SM962 on 23FEB: BKG=180, LF=102.9%
[LF] SM962 23FEB: BKG=180, GRP=180, CAP=175, LF%=102.9%, Brd-Off=JED-ATZ, Classes: P:180
2026-01-25 07:46:27 | INFO     | [lf.flight.extracted] SM454 on 23FEB: BKG=181, LF=103.4%
[LF] SM454 23FEB: BKG=181, GRP=180, CAP=175, LF%=103.4%, Brd-Off=JED-ATZ, Classes: P:180, I:1
[LF] Getting WEEKLY/LASTSOLD data for 7 flights
[LF] SM954 23FEB: LASTSOLD=2026-01-19 00:00:00, WEEKLY=1, TODAY=0, YDAY=0
[LF] SM2446 23FEB: LASTSOLD=2026-01-19 00:00:00, WEEKLY=4, TODAY=0, YDAY=0
[LF] SM456 23FEB: LASTSOLD=2026-01-24 00:00:00, WEEKLY=1, TODAY=0, YDAY=1
[LF] SM958 23FEB: LASTSOLD=2026-01-12 00:00:00, WEEKLY=0, TODAY=0, YDAY=0
[LF] SM492 23FEB: LASTSOLD=2026-01-01 00:00:00, WEEKLY=0, TODAY=0, YDAY=0
[LF] SM962 23FEB: LASTSOLD=2026-01-01 00:00:00, WEEKLY=0, TODAY=0, YDAY=0
[LF] SM454 23FEB: LASTSOLD=2026-01-01 00:00:00, WEEKLY=0, TODAY=0, YDAY=0
2026-01-25 07:46:39 | INFO     | [SUCCESS] Day 23FEB
2026-01-25 07:46:39 | INFO     | [DAY_START] Processing 22FEB
[LF] Processing JED-ATZ for 22FEB
2026-01-25 07:46:39 | INFO     | [lf.day.start] Processing JED-ATZ for 22FEB
[LF] Sending SN command: SN22FEBJEDATZ/ASM
[LF] 22FEB: found 3 direct flights
2026-01-25 07:46:40 | INFO     | [lf.day.flights_found] Found 3 flights on 22FEB
2026-01-25 07:46:41 | INFO     | [lf.flight.extracted] SM2448 on 22FEB: BKG=0, LF=0.0%
[LF] SM2448 22FEB: BKG=0, GRP=0, CAP=168, LF%=0.0%, Brd-Off=JED-ATZ
2026-01-25 07:46:44 | INFO     | [lf.flight.extracted] SM492 on 22FEB: BKG=182, LF=104.0%
[LF] SM492 22FEB: BKG=182, GRP=180, CAP=175, LF%=104.0%, Brd-Off=JED-ATZ, Classes: P:180, X:1, W:1
2026-01-25 07:46:48 | INFO     | [lf.flight.extracted] SM456 on 22FEB: BKG=155, LF=92.8%
[LF] SM456 22FEB: BKG=155, GRP=135, CAP=167, LF%=92.8%, Brd-Off=JED-ATZ, Classes: P:135, X:6, W:2, L:7, V:2, K:3
[LF] Getting WEEKLY/LASTSOLD data for 2 flights
[LF] SM492 22FEB: LASTSOLD=2025-12-29 00:00:00, WEEKLY=0, TODAY=0, YDAY=0
[LF] SM456 22FEB: LASTSOLD=2026-01-20 00:00:00, WEEKLY=2, TODAY=0, YDAY=0
2026-01-25 07:46:53 | INFO     | [SUCCESS] Day 22FEB
2026-01-25 07:46:53 | INFO     | [DAY_START] Processing 21FEB
[LF] Processing JED-ATZ for 21FEB
2026-01-25 07:46:53 | INFO     | [lf.day.start] Processing JED-ATZ for 21FEB
[LF] Sending SN command: SN21FEBJEDATZ/ASM
[LF] 21FEB: 1 cancelled flight(s) detected from SN (JED-ATZ)
[LF] 21FEB: found 4 direct flights
2026-01-25 07:46:54 | INFO     | [lf.day.flights_found] Found 4 flights on 21FEB
2026-01-25 07:46:57 | INFO     | [lf.flight.extracted] SM956 on 21FEB: BKG=108, LF=64.7%
[LF] SM956 21FEB: BKG=108, GRP=90, CAP=167, LF%=64.7%, Brd-Off=JED-ATZ, Classes: P:90, I:17, U:1
2026-01-25 07:47:00 | INFO     | [lf.flight.extracted] SM492 on 21FEB: BKG=181, LF=103.4%
[LF] SM492 21FEB: BKG=181, GRP=180, CAP=175, LF%=103.4%, Brd-Off=JED-ATZ, Classes: P:180, S:1
2026-01-25 07:47:03 | INFO     | [lf.flight.extracted] SM454 on 21FEB: BKG=175, LF=100.0%
[LF] SM454 21FEB: BKG=175, GRP=175, CAP=175, LF%=100.0%, Brd-Off=JED-ATZ, Classes: P:175
2026-01-25 07:47:07 | INFO     | [lf.flight.extracted] SM456 on 21FEB: BKG=178, LF=101.7%
[LF] SM456 21FEB: BKG=178, GRP=175, CAP=175, LF%=101.7%, Brd-Off=JED-ATZ, Classes: P:175, X:3
[LF] Getting WEEKLY/LASTSOLD data for 4 flights
[LF] SM956 21FEB: LASTSOLD=2026-01-24 00:00:00, WEEKLY=18, TODAY=0, YDAY=2
[LF] SM492 21FEB: LASTSOLD=2026-01-06 00:00:00, WEEKLY=0, TODAY=0, YDAY=0
[LF] SM454 21FEB: LASTSOLD=2026-01-04 00:00:00, WEEKLY=0, TODAY=0, YDAY=0
[LF] SM456 21FEB: LASTSOLD=2026-01-04 00:00:00, WEEKLY=0, TODAY=0, YDAY=0
2026-01-25 07:47:16 | INFO     | [SUCCESS] Day 21FEB
2026-01-25 07:47:16 | INFO     | [DAY_START] Processing 20FEB
[LF] Processing JED-ATZ for 20FEB
2026-01-25 07:47:16 | INFO     | [lf.day.start] Processing JED-ATZ for 20FEB
[LF] Sending SN command: SN20FEBJEDATZ/ASM
[LF] 20FEB: 1 cancelled flight(s) detected from SN (JED-ATZ)
[LF] 20FEB: found 1 direct flights
2026-01-25 07:47:19 | INFO     | [lf.day.flights_found] Found 1 flights on 20FEB
2026-01-25 07:47:22 | INFO     | [lf.flight.extracted] SM492 on 20FEB: BKG=27, LF=15.4%
[LF] SM492 20FEB: BKG=27, GRP=0, CAP=175, LF%=15.4%, Brd-Off=JED-ATZ, Classes: I:7, X:1, S:2, L:14, V:2, K:1
[LF] Getting WEEKLY/LASTSOLD data for 1 flights
[LF] SM492 20FEB: LASTSOLD=2026-01-24 00:00:00, WEEKLY=17, TODAY=0, YDAY=1
2026-01-25 07:47:27 | INFO     | [SUCCESS] Day 20FEB
2026-01-25 07:47:27 | INFO     | [DAY_START] Processing 19FEB
[LF] Processing JED-ATZ for 19FEB
2026-01-25 07:47:27 | INFO     | [lf.day.start] Processing JED-ATZ for 19FEB
[LF] Sending SN command: SN19FEBJEDATZ/ASM
[LF] 19FEB: found 3 direct flights
2026-01-25 07:47:28 | INFO     | [lf.day.flights_found] Found 3 flights on 19FEB
2026-01-25 07:47:31 | INFO     | [lf.flight.extracted] SM422 on 19FEB: BKG=0, LF=0.0%
[LF] SM422 19FEB: BKG=0, GRP=0, CAP=175, LF%=0.0%, Brd-Off=JED-ATZ
2026-01-25 07:47:35 | INFO     | [lf.flight.extracted] SM454 on 19FEB: BKG=3, LF=1.7%
[LF] SM454 19FEB: BKG=3, GRP=0, CAP=175, LF%=1.7%, Brd-Off=JED-ATZ, Classes: L:3
2026-01-25 07:47:39 | INFO     | [lf.flight.extracted] SM456 on 19FEB: BKG=4, LF=2.3%
[LF] SM456 19FEB: BKG=4, GRP=0, CAP=175, LF%=2.3%, Brd-Off=JED-ATZ, Classes: I:2, S:2
[LF] Getting WEEKLY/LASTSOLD data for 2 flights
[LF] SM454 19FEB: LASTSOLD=2026-01-19 00:00:00, WEEKLY=1, TODAY=0, YDAY=0
[LF] SM456 19FEB: LASTSOLD=2026-01-24 00:00:00, WEEKLY=4, TODAY=0, YDAY=1
2026-01-25 07:47:44 | INFO     | [SUCCESS] Day 19FEB
2026-01-25 07:47:44 | INFO     | [DAY_START] Processing 18FEB
[LF] Processing JED-ATZ for 18FEB
2026-01-25 07:47:44 | INFO     | [lf.day.start] Processing JED-ATZ for 18FEB
[LF] Sending SN command: SN18FEBJEDATZ/ASM
[LF] 18FEB: found 2 direct flights
2026-01-25 07:47:46 | INFO     | [lf.day.flights_found] Found 2 flights on 18FEB
2026-01-25 07:47:48 | INFO     | [lf.flight.extracted] SM454 on 18FEB: BKG=25, LF=14.3%
[LF] SM454 18FEB: BKG=25, GRP=0, CAP=175, LF%=14.3%, Brd-Off=JED-ATZ, Classes: I:18, O:4, T:1, W:1, K:1
2026-01-25 07:47:52 | INFO     | [lf.flight.extracted] SM492 on 18FEB: BKG=25, LF=14.3%
[LF] SM492 18FEB: BKG=25, GRP=0, CAP=175, LF%=14.3%, Brd-Off=JED-ATZ, Classes: I:18, O:2, W:2, S:1, V:1, K:1
[LF] Getting WEEKLY/LASTSOLD data for 2 flights
[LF] SM454 18FEB: LASTSOLD=2026-01-23 00:00:00, WEEKLY=7, TODAY=0, YDAY=0
[LF] SM492 18FEB: LASTSOLD=2026-01-22 00:00:00, WEEKLY=5, TODAY=0, YDAY=0
2026-01-25 07:48:00 | INFO     | [SUCCESS] Day 18FEB
2026-01-25 07:48:00 | INFO     | [DAY_START] Processing 17FEB
[LF] Processing JED-ATZ for 17FEB
2026-01-25 07:48:00 | INFO     | [lf.day.start] Processing JED-ATZ for 17FEB
[LF] Sending SN command: SN17FEBJEDATZ/ASM
[LF] 17FEB: found 4 direct flights
2026-01-25 07:48:01 | INFO     | [lf.day.flights_found] Found 4 flights on 17FEB
2026-01-25 07:48:02 | INFO     | [lf.flight.extracted] SM2450 on 17FEB: BKG=0, LF=0.0%
[LF] SM2450 17FEB: BKG=0, GRP=0, CAP=168, LF%=0.0%, Brd-Off=JED-ATZ
2026-01-25 07:48:06 | INFO     | [lf.flight.extracted] SM454 on 17FEB: BKG=41, LF=23.4%
[LF] SM454 17FEB: BKG=41, GRP=0, CAP=175, LF%=23.4%, Brd-Off=JED-ATZ, Classes: I:17, O:13, X:9, W:1, K:1
2026-01-25 07:48:10 | INFO     | [lf.flight.extracted] SM2452 on 17FEB: BKG=0, LF=0.0%
[LF] SM2452 17FEB: BKG=0, GRP=0, CAP=175, LF%=0.0%, Brd-Off=JED-ATZ
2026-01-25 07:48:13 | INFO     | [lf.flight.extracted] SM456 on 17FEB: BKG=22, LF=12.6%
[LF] SM456 17FEB: BKG=22, GRP=0, CAP=175, LF%=12.6%, Brd-Off=JED-ATZ, Classes: I:17, O:5
[LF] Getting WEEKLY/LASTSOLD data for 2 flights
[LF] SM454 17FEB: LASTSOLD=2026-01-22 00:00:00, WEEKLY=7, TODAY=0, YDAY=0
[LF] SM456 17FEB: LASTSOLD=2026-01-22 00:00:00, WEEKLY=2, TODAY=0, YDAY=0
2026-01-25 07:48:20 | INFO     | [SUCCESS] Day 17FEB
[LF] Results summary:
  2026-02-24: 3 flights
  2026-02-23: 7 flights
  2026-02-22: 3 flights
  2026-02-21: 4 flights
  2026-02-20: 1 flights
  2026-02-19: 3 flights
  2026-02-18: 2 flights
  2026-02-17: 4 flights
[LF] Cancelled flights found: 4
  - SM956 23FEB (SN)
  - SM963 23FEB (SN)
  - SM976 21FEB (SN)
  - SM982 20FEB (SN)
2026-01-25 07:48:20 | INFO     | [SUCCESS] LF Search Complete
[Worker_9233] Cancelled flights collected: 4

============================================================
[Worker_9233] ✓ COMPLETED: JED-ATZ
  Results: 8 dates
  Errors: 0 dates
  Total Processed: 57 groups
============================================================

2026-01-25 07:48:20 | INFO     | [Worker_9233] Completed: JED-ATZ - 8 results, 0 errors

============================================================
[Worker_9233] Processing: ATZ-JED
  Tier 0: Range 1, Chunk 1/4
  Dates: 8 days
  Date Range: 2026-02-24 to 2026-02-17
============================================================

2026-01-25 07:48:20 | INFO     | [Worker_9233] Processing: ATZ-JED
2026-01-25 07:48:20 | INFO     |   Tier 0: Range 1, Chunk 1/4 (8 days)
2026-01-25 07:48:20 | INFO     | ======================================================================
2026-01-25 07:48:20 | INFO     | Load Factor Scraper Started - Route: ATZ-JED
2026-01-25 07:48:20 | INFO     | Log file: D:\CODERED\LAB\Artifacts\outputs\run_generated_250126_at_07.06\logs\LF_ATZ-JED_20260125_074820.log
2026-01-25 07:48:20 | INFO     | Enhanced logging: Capturing both logging.info() and print()
2026-01-25 07:48:20 | INFO     | ======================================================================
[LF] Processing dates (override): ['24FEB', '23FEB', '22FEB', '21FEB', '20FEB', '19FEB', '18FEB', '17FEB']
[LF] Attaching to Chrome for Altea access
2026-01-25 07:48:20 | INFO     | Starting LF search for route: ATZ-JED
2026-01-25 07:48:20 | INFO     | [START] LF Search
[LF][[OK] SUCCESS] Connected to Chrome on 127.0.0.1:9233 (after 1 attempts)
2026-01-25 07:48:21 | INFO     | [HEALTH CHECK] [OK] Chrome connection is healthy
[LF][[OK] SUCCESS] Found Amadeus Altea window: Altéa Reservation Desktop
[LF][[INFO] INFO] URL: https://tc212.resdesktop.altea.amadeus.com/app_ard/apf/init/login?SITE=ESMPESMP&LANGUAGE=GB&MARKETS=ARDW_PROD_WBP&ACTION=clpLogin
2026-01-25 07:48:21 | INFO     | [DAY_START] Processing 24FEB
[LF] Processing ATZ-JED for 24FEB
2026-01-25 07:48:21 | INFO     | [lf.day.start] Processing ATZ-JED for 24FEB
[LF] Sending SN command: SN24FEBATZJED/ASM
[LF] 24FEB: found 4 direct flights
2026-01-25 07:48:23 | INFO     | [lf.day.flights_found] Found 4 flights on 24FEB
2026-01-25 07:48:26 | INFO     | [lf.flight.extracted] SM453 on 24FEB: BKG=185, LF=103.4%
[LF] SM453 24FEB: BKG=185, GRP=180, CAP=179, LF%=103.4%, Brd-Off=ATZ-JED, Classes: P:135, E:45, W:5
2026-01-25 07:48:30 | INFO     | [lf.flight.extracted] SM2471 on 24FEB: BKG=180, LF=100.6%
[LF] SM2471 24FEB: BKG=180, GRP=180, CAP=179, LF%=100.6%, Brd-Off=ATZ-JED, Classes: P:180
2026-01-25 07:48:34 | INFO     | [lf.flight.extracted] SM455 on 24FEB: BKG=181, LF=101.1%
[LF] SM455 24FEB: BKG=181, GRP=180, CAP=179, LF%=101.1%, Brd-Off=ATZ-JED, Classes: P:90, E:90, W:1
2026-01-25 07:48:37 | INFO     | [lf.flight.extracted] SM961 on 24FEB: BKG=180, LF=100.6%
[LF] SM961 24FEB: BKG=180, GRP=180, CAP=179, LF%=100.6%, Brd-Off=ATZ-JED, Classes: P:180
[LF] Getting WEEKLY/LASTSOLD data for 4 flights
[LF] SM453 24FEB: LASTSOLD=2026-01-12 00:00:00, WEEKLY=0, TODAY=0, YDAY=0
[LF] SM2471 24FEB: LASTSOLD=2026-01-05 00:00:00, WEEKLY=0, TODAY=0, YDAY=0
[LF] SM455 24FEB: LASTSOLD=2026-01-20 00:00:00, WEEKLY=2, TODAY=0, YDAY=0
[LF] SM961 24FEB: LASTSOLD=2026-01-13 00:00:00, WEEKLY=0, TODAY=0, YDAY=0
2026-01-25 07:48:44 | INFO     | [SUCCESS] Day 24FEB
2026-01-25 07:48:44 | INFO     | [DAY_START] Processing 23FEB
[LF] Processing ATZ-JED for 23FEB
2026-01-25 07:48:44 | INFO     | [lf.day.start] Processing ATZ-JED for 23FEB
[LF] Sending SN command: SN23FEBATZJED/ASM
[LF] 23FEB: 1 cancelled flight(s) detected from SN (ATZ-JED)
[LF] 23FEB: found 6 direct flights
2026-01-25 07:48:45 | INFO     | [lf.day.flights_found] Found 6 flights on 23FEB
2026-01-25 07:48:48 | INFO     | [lf.flight.extracted] SM491 on 23FEB: BKG=180, LF=100.6%
[LF] SM491 23FEB: BKG=180, GRP=180, CAP=179, LF%=100.6%, Brd-Off=ATZ-JED, Classes: P:180
2026-01-25 07:48:52 | INFO     | [lf.flight.extracted] SM2469 on 23FEB: BKG=180, LF=100.6%
[LF] SM2469 23FEB: BKG=180, GRP=180, CAP=179, LF%=100.6%, Brd-Off=ATZ-JED, Classes: P:180
2026-01-25 07:48:55 | INFO     | [lf.flight.extracted] SM455 on 23FEB: BKG=180, LF=100.6%
[LF] SM455 23FEB: BKG=180, GRP=180, CAP=179, LF%=100.6%, Brd-Off=ATZ-JED, Classes: P:180
2026-01-25 07:48:59 | INFO     | [lf.flight.extracted] SM453 on 23FEB: BKG=180, LF=100.6%
[LF] SM453 23FEB: BKG=180, GRP=180, CAP=179, LF%=100.6%, Brd-Off=ATZ-JED, Classes: P:90, E:90
2026-01-25 07:49:03 | INFO     | [lf.flight.extracted] SM961 on 23FEB: BKG=180, LF=100.6%
[LF] SM961 23FEB: BKG=180, GRP=180, CAP=179, LF%=100.6%, Brd-Off=ATZ-JED, Classes: P:135, E:45
2026-01-25 07:49:07 | INFO     | [lf.flight.extracted] SM979 on 23FEB: BKG=180, LF=100.6%
[LF] SM979 23FEB: BKG=180, GRP=180, CAP=179, LF%=100.6%, Brd-Off=ATZ-JED, Classes: P:180
[LF] Getting WEEKLY/LASTSOLD data for 6 flights
[LF] SM491 23FEB: LASTSOLD=2026-01-05 00:00:00, WEEKLY=0, TODAY=0, YDAY=0
[LF] SM2469 23FEB: LASTSOLD=2026-01-19 00:00:00, WEEKLY=2, TODAY=0, YDAY=0
[LF] SM455 23FEB: LASTSOLD=2026-01-05 00:00:00, WEEKLY=0, TODAY=0, YDAY=0
[LF] SM453 23FEB: LASTSOLD=2026-01-09 00:00:00, WEEKLY=0, TODAY=0, YDAY=0
[LF] SM961 23FEB: LASTSOLD=2026-01-12 00:00:00, WEEKLY=0, TODAY=0, YDAY=0
[LF] SM979 23FEB: LASTSOLD=2026-01-13 00:00:00, WEEKLY=0, TODAY=0, YDAY=0
2026-01-25 07:49:17 | INFO     | [SUCCESS] Day 23FEB
2026-01-25 07:49:17 | INFO     | [DAY_START] Processing 22FEB
[LF] Processing ATZ-JED for 22FEB
2026-01-25 07:49:17 | INFO     | [lf.day.start] Processing ATZ-JED for 22FEB
[LF] Sending SN command: SN22FEBATZJED/ASM
[LF] 22FEB: found 4 direct flights
2026-01-25 07:49:18 | INFO     | [lf.day.flights_found] Found 4 flights on 22FEB
2026-01-25 07:49:19 | INFO     | [lf.flight.extracted] SM2447 on 22FEB: BKG=0, LF=0.0%
[LF] SM2447 22FEB: BKG=0, GRP=0, CAP=168, LF%=0.0%, Brd-Off=ATZ-JED
2026-01-25 07:49:23 | INFO     | [lf.flight.extracted] SM491 on 22FEB: BKG=188, LF=105.0%
[LF] SM491 22FEB: BKG=188, GRP=180, CAP=179, LF%=105.0%, Brd-Off=ATZ-JED, Classes: P:180, W:4, K:4
2026-01-25 07:49:27 | INFO     | [lf.flight.extracted] SM455 on 22FEB: BKG=184, LF=102.8%
[LF] SM455 22FEB: BKG=184, GRP=180, CAP=179, LF%=102.8%, Brd-Off=ATZ-JED, Classes: P:90, E:90, W:4
2026-01-25 07:49:30 | INFO     | [lf.flight.extracted] SM953 on 22FEB: BKG=180, LF=100.6%
[LF] SM953 22FEB: BKG=180, GRP=180, CAP=179, LF%=100.6%, Brd-Off=ATZ-JED, Classes: P:180
[LF] Getting WEEKLY/LASTSOLD data for 3 flights
[LF] SM491 22FEB: LASTSOLD=2026-01-10 00:00:00, WEEKLY=0, TODAY=0, YDAY=0
[LF] SM455 22FEB: LASTSOLD=2026-01-12 00:00:00, WEEKLY=0, TODAY=0, YDAY=0
[LF] SM953 22FEB: LASTSOLD=2026-01-05 00:00:00, WEEKLY=0, TODAY=0, YDAY=0
2026-01-25 07:49:42 | INFO     | [SUCCESS] Day 22FEB
2026-01-25 07:49:42 | INFO     | [DAY_START] Processing 21FEB
[LF] Processing ATZ-JED for 21FEB
2026-01-25 07:49:42 | INFO     | [lf.day.start] Processing ATZ-JED for 21FEB
[LF] Sending SN command: SN21FEBATZJED/ASM
[LF] 21FEB: found 3 direct flights
2026-01-25 07:49:43 | INFO     | [lf.day.flights_found] Found 3 flights on 21FEB
2026-01-25 07:49:45 | INFO     | [lf.flight.extracted] SM491 on 21FEB: BKG=181, LF=101.1%
[LF] SM491 21FEB: BKG=181, GRP=175, CAP=179, LF%=101.1%, Brd-Off=ATZ-JED, Classes: P:130, E:45, W:6
2026-01-25 07:49:49 | INFO     | [lf.flight.extracted] SM453 on 21FEB: BKG=156, LF=87.2%
[LF] SM453 21FEB: BKG=156, GRP=135, CAP=179, LF%=87.2%, Brd-Off=ATZ-JED, Classes: P:135, X:3, T:3, W:15
2026-01-25 07:49:53 | INFO     | [lf.flight.extracted] SM455 on 21FEB: BKG=183, LF=102.2%
[LF] SM455 21FEB: BKG=183, GRP=180, CAP=179, LF%=102.2%, Brd-Off=ATZ-JED, Classes: P:180, W:3
[LF] Getting WEEKLY/LASTSOLD data for 3 flights
[LF] SM491 21FEB: LASTSOLD=2026-01-16 00:00:00, WEEKLY=0, TODAY=0, YDAY=0
[LF] SM453 21FEB: LASTSOLD=2026-01-24 00:00:00, WEEKLY=11, TODAY=0, YDAY=1
[LF] SM455 21FEB: LASTSOLD=2026-01-05 00:00:00, WEEKLY=0, TODAY=0, YDAY=0
2026-01-25 07:50:00 | INFO     | [SUCCESS] Day 21FEB
2026-01-25 07:50:00 | INFO     | [DAY_START] Processing 20FEB
[LF] Processing ATZ-JED for 20FEB
2026-01-25 07:50:00 | INFO     | [lf.day.start] Processing ATZ-JED for 20FEB
[LF] Sending SN command: SN20FEBATZJED/ASM
[LF] 20FEB: 1 cancelled flight(s) detected from SN (ATZ-JED)
[LF] 20FEB: found 2 direct flights
2026-01-25 07:50:02 | INFO     | [lf.day.flights_found] Found 2 flights on 20FEB
2026-01-25 07:50:04 | INFO     | [lf.flight.extracted] SM491 on 20FEB: BKG=192, LF=107.3%
[LF] SM491 20FEB: BKG=192, GRP=180, CAP=179, LF%=107.3%, Brd-Off=ATZ-JED, Classes: P:90, E:90, W:12
2026-01-25 07:50:09 | INFO     | [lf.flight.extracted] SM955 on 20FEB: BKG=183, LF=102.2%
[LF] SM955 20FEB: BKG=183, GRP=180, CAP=179, LF%=102.2%, Brd-Off=ATZ-JED, Classes: P:180, Y:3
[LF] Getting WEEKLY/LASTSOLD data for 2 flights
[LF] SM491 20FEB: LASTSOLD=2026-01-13 00:00:00, WEEKLY=0, TODAY=0, YDAY=0
[LF] SM955 20FEB: LASTSOLD=2026-01-22 00:00:00, WEEKLY=4, TODAY=0, YDAY=0
2026-01-25 07:50:13 | INFO     | [SUCCESS] Day 20FEB
2026-01-25 07:50:13 | INFO     | [DAY_START] Processing 19FEB
[LF] Processing ATZ-JED for 19FEB
2026-01-25 07:50:13 | INFO     | [lf.day.start] Processing ATZ-JED for 19FEB
[LF] Sending SN command: SN19FEBATZJED/ASM
[LF] 19FEB: found 2 direct flights
2026-01-25 07:50:14 | INFO     | [lf.day.flights_found] Found 2 flights on 19FEB
2026-01-25 07:50:16 | INFO     | [lf.flight.extracted] SM453 on 19FEB: BKG=183, LF=102.2%
[LF] SM453 19FEB: BKG=183, GRP=180, CAP=179, LF%=102.2%, Brd-Off=ATZ-JED, Classes: P:90, E:90, I:2, W:1
2026-01-25 07:50:20 | INFO     | [lf.flight.extracted] SM455 on 19FEB: BKG=183, LF=102.2%
[LF] SM455 19FEB: BKG=183, GRP=180, CAP=179, LF%=102.2%, Brd-Off=ATZ-JED, Classes: P:180, W:3
[LF] Getting WEEKLY/LASTSOLD data for 2 flights
[LF] SM453 19FEB: LASTSOLD=2026-01-09 00:00:00, WEEKLY=0, TODAY=0, YDAY=0
[LF] SM455 19FEB: LASTSOLD=2026-01-13 00:00:00, WEEKLY=0, TODAY=0, YDAY=0
2026-01-25 07:50:25 | INFO     | [SUCCESS] Day 19FEB
2026-01-25 07:50:25 | INFO     | [DAY_START] Processing 18FEB
[LF] Processing ATZ-JED for 18FEB
2026-01-25 07:50:25 | INFO     | [lf.day.start] Processing ATZ-JED for 18FEB
[LF] Sending SN command: SN18FEBATZJED/ASM
[LF] 18FEB: found 3 direct flights
2026-01-25 07:50:27 | INFO     | [lf.day.flights_found] Found 3 flights on 18FEB
2026-01-25 07:50:29 | INFO     | [lf.flight.extracted] SM453 on 18FEB: BKG=138, LF=77.1%
[LF] SM453 18FEB: BKG=138, GRP=135, CAP=179, LF%=77.1%, Brd-Off=ATZ-JED, Classes: P:45, E:90, W:3
2026-01-25 07:50:34 | INFO     | [lf.flight.extracted] SM491 on 18FEB: BKG=181, LF=101.1%
[LF] SM491 18FEB: BKG=181, GRP=180, CAP=179, LF%=101.1%, Brd-Off=ATZ-JED, Classes: P:180, W:1
2026-01-25 07:50:39 | INFO     | [lf.flight.extracted] SM421 on 18FEB: BKG=182, LF=101.7%
[LF] SM421 18FEB: BKG=182, GRP=180, CAP=179, LF%=101.7%, Brd-Off=ATZ-JED, Classes: P:180, W:2
[LF] Getting WEEKLY/LASTSOLD data for 3 flights
[LF] SM453 18FEB: LASTSOLD=2026-01-22 00:00:00, WEEKLY=1, TODAY=0, YDAY=0
[LF] SM491 18FEB: LASTSOLD=2026-01-13 00:00:00, WEEKLY=0, TODAY=0, YDAY=0
[LF] SM421 18FEB: LASTSOLD=2026-01-06 00:00:00, WEEKLY=0, TODAY=0, YDAY=0
2026-01-25 07:50:46 | INFO     | [SUCCESS] Day 18FEB
2026-01-25 07:50:46 | INFO     | [DAY_START] Processing 17FEB
[LF] Processing ATZ-JED for 17FEB
2026-01-25 07:50:46 | INFO     | [lf.day.start] Processing ATZ-JED for 17FEB
[LF] Sending SN command: SN17FEBATZJED/ASM
[LF] 17FEB: found 4 direct flights
2026-01-25 07:50:47 | INFO     | [lf.day.flights_found] Found 4 flights on 17FEB
2026-01-25 07:50:48 | INFO     | [lf.flight.extracted] SM2449 on 17FEB: BKG=0, LF=0.0%
[LF] SM2449 17FEB: BKG=0, GRP=0, CAP=168, LF%=0.0%, Brd-Off=ATZ-JED
2026-01-25 07:50:52 | INFO     | [lf.flight.extracted] SM453 on 17FEB: BKG=225, LF=125.7%
[LF] SM453 17FEB: BKG=225, GRP=220, CAP=179, LF%=125.7%, Brd-Off=ATZ-JED, Classes: P:220, W:5
2026-01-25 07:50:55 | INFO     | [lf.flight.extracted] SM2451 on 17FEB: BKG=180, LF=100.6%
[LF] SM2451 17FEB: BKG=180, GRP=180, CAP=179, LF%=100.6%, Brd-Off=ATZ-JED, Classes: P:180
2026-01-25 07:50:58 | INFO     | [lf.flight.extracted] SM455 on 17FEB: BKG=153, LF=85.5%
[LF] SM455 17FEB: BKG=153, GRP=135, CAP=179, LF%=85.5%, Brd-Off=ATZ-JED, Classes: P:135, W:15, K:3
[LF] Getting WEEKLY/LASTSOLD data for 3 flights
[LF] SM453 17FEB: LASTSOLD=2026-01-14 00:00:00, WEEKLY=0, TODAY=0, YDAY=0
[LF] SM2451 17FEB: LASTSOLD=2026-01-13 00:00:00, WEEKLY=0, TODAY=0, YDAY=0
[LF] SM455 17FEB: LASTSOLD=2026-01-24 00:00:00, WEEKLY=8, TODAY=0, YDAY=5
2026-01-25 07:51:05 | INFO     | [SUCCESS] Day 17FEB
[LF] Results summary:
  2026-02-24: 4 flights
  2026-02-23: 6 flights
  2026-02-22: 4 flights
  2026-02-21: 3 flights
  2026-02-20: 2 flights
  2026-02-19: 2 flights
  2026-02-18: 3 flights
  2026-02-17: 4 flights
[LF] Cancelled flights found: 2
  - SM955 23FEB (SN)
  - SM985 20FEB (SN)
2026-01-25 07:51:05 | INFO     | [SUCCESS] LF Search Complete
[Worker_9233] Cancelled flights collected: 2

============================================================
[Worker_9233] ✓ COMPLETED: ATZ-JED
  Results: 8 dates
  Errors: 0 dates
  Total Processed: 58 groups
============================================================

2026-01-25 07:51:05 | INFO     | [Worker_9233] Completed: ATZ-JED - 8 results, 0 errors

============================================================
[Worker_9233] Processing: JED-ATZ
  Tier 0: Range 1, Chunk 2/4
  Dates: 8 days
  Date Range: 2026-02-16 to 2026-02-09
============================================================

2026-01-25 07:51:05 | INFO     | [Worker_9233] Processing: JED-ATZ
2026-01-25 07:51:05 | INFO     |   Tier 0: Range 1, Chunk 2/4 (8 days)
2026-01-25 07:51:05 | INFO     | ======================================================================
2026-01-25 07:51:05 | INFO     | Load Factor Scraper Started - Route: JED-ATZ
2026-01-25 07:51:05 | INFO     | Log file: D:\CODERED\LAB\Artifacts\outputs\run_generated_250126_at_07.06\logs\LF_JED-ATZ_20260125_075105.log
2026-01-25 07:51:05 | INFO     | Enhanced logging: Capturing both logging.info() and print()
2026-01-25 07:51:05 | INFO     | ======================================================================
[LF] Processing dates (override): ['16FEB', '15FEB', '14FEB', '13FEB', '12FEB', '11FEB', '10FEB', '09FEB']
[LF] Attaching to Chrome for Altea access
2026-01-25 07:51:05 | INFO     | Starting LF search for route: JED-ATZ
2026-01-25 07:51:05 | INFO     | [START] LF Search
[LF][[OK] SUCCESS] Connected to Chrome on 127.0.0.1:9233 (after 1 attempts)
2026-01-25 07:51:05 | INFO     | [HEALTH CHECK] [OK] Chrome connection is healthy
[LF][[OK] SUCCESS] Found Amadeus Altea window: Altéa Reservation Desktop
[LF][[INFO] INFO] URL: https://tc212.resdesktop.altea.amadeus.com/app_ard/apf/init/login?SITE=ESMPESMP&LANGUAGE=GB&MARKETS=ARDW_PROD_WBP&ACTION=clpLogin
2026-01-25 07:51:05 | INFO     | [DAY_START] Processing 16FEB
[LF] Processing JED-ATZ for 16FEB
2026-01-25 07:51:05 | INFO     | [lf.day.start] Processing JED-ATZ for 16FEB
[LF] Sending SN command: SN16FEBJEDATZ/ASM
[LF] 16FEB: 1 cancelled flight(s) detected from SN (JED-ATZ)
[LF] 16FEB: found 6 direct flights
2026-01-25 07:51:07 | INFO     | [lf.day.flights_found] Found 6 flights on 16FEB
2026-01-25 07:51:09 | INFO     | [lf.flight.extracted] SM954 on 16FEB: BKG=13, LF=7.8%
[LF] SM954 16FEB: BKG=13, GRP=0, CAP=167, LF%=7.8%, Brd-Off=JED-ATZ, Classes: I:13
2026-01-25 07:51:12 | INFO     | [lf.flight.extracted] SM492 on 16FEB: BKG=38, LF=21.7%
[LF] SM492 16FEB: BKG=38, GRP=0, CAP=175, LF%=21.7%, Brd-Off=JED-ATZ, Classes: I:17, O:17, U:3, S:1
2026-01-25 07:51:15 | INFO     | [lf.flight.extracted] SM456 on 16FEB: BKG=41, LF=23.4%
[LF] SM456 16FEB: BKG=41, GRP=0, CAP=175, LF%=23.4%, Brd-Off=JED-ATZ, Classes: I:17, O:17, U:5, X:2
2026-01-25 07:51:19 | INFO     | [lf.flight.extracted] SM422 on 16FEB: BKG=42, LF=24.0%
[LF] SM422 16FEB: BKG=42, GRP=0, CAP=175, LF%=24.0%, Brd-Off=JED-ATZ, Classes: I:17, O:17, U:8
2026-01-25 07:51:23 | INFO     | [lf.flight.extracted] SM454 on 16FEB: BKG=51, LF=29.1%
[LF] SM454 16FEB: BKG=51, GRP=0, CAP=175, LF%=29.1%, Brd-Off=JED-ATZ, Classes: I:17, O:17, U:14, X:2, K:1
2026-01-25 07:51:26 | INFO     | [lf.flight.extracted] SM956 on 16FEB: BKG=18, LF=10.8%
[LF] SM956 16FEB: BKG=18, GRP=0, CAP=167, LF%=10.8%, Brd-Off=JED-ATZ, Classes: I:17, O:1
[LF] Getting WEEKLY/LASTSOLD data for 6 flights
[LF] SM954 16FEB: LASTSOLD=2026-01-24 00:00:00, WEEKLY=13, TODAY=0, YDAY=1
[LF] SM492 16FEB: LASTSOLD=2026-01-20 00:00:00, WEEKLY=2, TODAY=0, YDAY=0
[LF] SM456 16FEB: LASTSOLD=2026-01-22 00:00:00, WEEKLY=5, TODAY=0, YDAY=0
[LF] SM422 16FEB: LASTSOLD=2026-01-19 00:00:00, WEEKLY=3, TODAY=0, YDAY=0
[LF] SM454 16FEB: LASTSOLD=2026-01-24 00:00:00, WEEKLY=11, TODAY=0, YDAY=1
[LF] SM956 16FEB: LASTSOLD=2026-01-24 00:00:00, WEEKLY=18, TODAY=0, YDAY=1
2026-01-25 07:51:42 | INFO     | [SUCCESS] Day 16FEB
2026-01-25 07:51:42 | INFO     | [DAY_START] Processing 15FEB
[LF] Processing JED-ATZ for 15FEB
2026-01-25 07:51:42 | INFO     | [lf.day.start] Processing JED-ATZ for 15FEB
[LF] Sending SN command: SN15FEBJEDATZ/ASM
[LF] 15FEB: found 2 direct flights
2026-01-25 07:51:43 | INFO     | [lf.day.flights_found] Found 2 flights on 15FEB
2026-01-25 07:51:45 | INFO     | [lf.flight.extracted] SM492 on 15FEB: BKG=87, LF=49.7%
[LF] SM492 15FEB: BKG=87, GRP=0, CAP=175, LF%=49.7%, Brd-Off=JED-ATZ, Classes: I:17, O:17, U:17, X:17, T:1, W:16, S:2
2026-01-25 07:51:49 | INFO     | [lf.flight.extracted] SM456 on 15FEB: BKG=71, LF=40.6%
[LF] SM456 15FEB: BKG=71, GRP=0, CAP=175, LF%=40.6%, Brd-Off=JED-ATZ, Classes: I:17, O:17, U:17, X:11, T:2, W:5, S:1, K:1
[LF] Getting WEEKLY/LASTSOLD data for 2 flights
[LF] SM492 15FEB: LASTSOLD=2026-01-25 00:00:00, WEEKLY=13, TODAY=1, YDAY=1
[LF] SM456 15FEB: LASTSOLD=2026-01-23 00:00:00, WEEKLY=8, TODAY=0, YDAY=0
2026-01-25 07:52:01 | INFO     | [SUCCESS] Day 15FEB
2026-01-25 07:52:01 | INFO     | [DAY_START] Processing 14FEB
[LF] Processing JED-ATZ for 14FEB
2026-01-25 07:52:01 | INFO     | [lf.day.start] Processing JED-ATZ for 14FEB
[LF] Sending SN command: SN14FEBJEDATZ/ASM
[LF] 14FEB: found 3 direct flights
2026-01-25 07:52:02 | INFO     | [lf.day.flights_found] Found 3 flights on 14FEB
2026-01-25 07:52:05 | INFO     | [lf.flight.extracted] SM492 on 14FEB: BKG=155, LF=88.6%
[LF] SM492 14FEB: BKG=155, GRP=90, CAP=175, LF%=88.6%, Brd-Off=JED-ATZ, Classes: P:90, I:17, O:17, U:17, X:12, W:2
2026-01-25 07:52:08 | INFO     | [lf.flight.extracted] SM454 on 14FEB: BKG=68, LF=38.9%
[LF] SM454 14FEB: BKG=68, GRP=0, CAP=175, LF%=38.9%, Brd-Off=JED-ATZ, Classes: I:17, O:17, U:17, X:16, W:1
2026-01-25 07:52:12 | INFO     | [lf.flight.extracted] SM456 on 14FEB: BKG=76, LF=43.4%
[LF] SM456 14FEB: BKG=76, GRP=0, CAP=175, LF%=43.4%, Brd-Off=JED-ATZ, Classes: I:17, O:17, U:16, X:17, T:5, W:4
[LF] Getting WEEKLY/LASTSOLD data for 3 flights
[LF] SM492 14FEB: LASTSOLD=2026-01-24 00:00:00, WEEKLY=10, TODAY=0, YDAY=5
[LF] SM454 14FEB: LASTSOLD=2026-01-24 00:00:00, WEEKLY=5, TODAY=0, YDAY=2
[LF] SM456 14FEB: LASTSOLD=2026-01-24 00:00:00, WEEKLY=6, TODAY=0, YDAY=3
2026-01-25 07:52:27 | INFO     | [SUCCESS] Day 14FEB
2026-01-25 07:52:27 | INFO     | [DAY_START] Processing 13FEB
[LF] Processing JED-ATZ for 13FEB
2026-01-25 07:52:27 | INFO     | [lf.day.start] Processing JED-ATZ for 13FEB
[LF] Sending SN command: SN13FEBJEDATZ/ASM
[LF] 13FEB: found 1 direct flights
2026-01-25 07:52:28 | INFO     | [lf.day.flights_found] Found 1 flights on 13FEB
2026-01-25 07:52:30 | INFO     | [lf.flight.extracted] SM492 on 13FEB: BKG=129, LF=73.7%
[LF] SM492 13FEB: BKG=129, GRP=45, CAP=175, LF%=73.7%, Brd-Off=JED-ATZ, Classes: P:45, I:17, O:17, U:24, X:16, T:4, W:2, S:1, K:3
[LF] Getting WEEKLY/LASTSOLD data for 1 flights
[LF] SM492 13FEB: LASTSOLD=2026-01-24 00:00:00, WEEKLY=11, TODAY=0, YDAY=4
2026-01-25 07:52:36 | INFO     | [SUCCESS] Day 13FEB
2026-01-25 07:52:36 | INFO     | [DAY_START] Processing 12FEB
[LF] Processing JED-ATZ for 12FEB
2026-01-25 07:52:36 | INFO     | [lf.day.start] Processing JED-ATZ for 12FEB
[LF] Sending SN command: SN12FEBJEDATZ/ASM
[LF] 12FEB: found 6 direct flights
2026-01-25 07:52:38 | INFO     | [lf.day.flights_found] Found 6 flights on 12FEB
2026-01-25 07:52:40 | INFO     | [lf.flight.extracted] SM982 on 12FEB: BKG=78, LF=46.7%
[LF] SM982 12FEB: BKG=78, GRP=45, CAP=167, LF%=46.7%, Brd-Off=JED-ATZ, Classes: P:45, I:15, O:9, U:8, X:1
2026-01-25 07:52:44 | INFO     | [lf.flight.extracted] SM422 on 12FEB: BKG=92, LF=51.7%
[LF] SM422 12FEB: BKG=92, GRP=0, CAP=178, LF%=51.7%, Brd-Off=JED-ATZ, Classes: I:25, O:22, U:17, X:17, T:2, W:9
2026-01-25 07:52:48 | INFO     | [lf.flight.extracted] SM2466 on 12FEB: BKG=0, LF=0.0%
[LF] SM2466 12FEB: BKG=0, GRP=0, CAP=175, LF%=0.0%, Brd-Off=JED-ATZ
2026-01-25 07:52:51 | INFO     | [lf.flight.extracted] SM2464 on 12FEB: BKG=0, LF=0.0%
[LF] SM2464 12FEB: BKG=0, GRP=0, CAP=175, LF%=0.0%, Brd-Off=JED-ATZ
2026-01-25 07:52:54 | INFO     | [lf.flight.extracted] SM454 on 12FEB: BKG=66, LF=37.7%
[LF] SM454 12FEB: BKG=66, GRP=0, CAP=175, LF%=37.7%, Brd-Off=JED-ATZ, Classes: I:30, O:15, U:15, X:5, W:1
2026-01-25 07:52:58 | INFO     | [lf.flight.extracted] SM456 on 12FEB: BKG=85, LF=47.8%
[LF] SM456 12FEB: BKG=85, GRP=0, CAP=178, LF%=47.8%, Brd-Off=JED-ATZ, Classes: I:25, O:25, U:25, X:8, W:1, K:1
[LF] Getting WEEKLY/LASTSOLD data for 4 flights
[LF] SM982 12FEB: LASTSOLD=2026-01-19 00:00:00, WEEKLY=8, TODAY=0, YDAY=0
[LF] SM422 12FEB: LASTSOLD=2026-01-24 00:00:00, WEEKLY=14, TODAY=0, YDAY=2
[LF] SM454 12FEB: LASTSOLD=2026-01-24 00:00:00, WEEKLY=33, TODAY=0, YDAY=6
[LF] SM456 12FEB: LASTSOLD=2026-01-24 00:00:00, WEEKLY=27, TODAY=0, YDAY=1
2026-01-25 07:53:17 | INFO     | [SUCCESS] Day 12FEB
2026-01-25 07:53:17 | INFO     | [DAY_START] Processing 11FEB
[LF] Processing JED-ATZ for 11FEB
2026-01-25 07:53:17 | INFO     | [lf.day.start] Processing JED-ATZ for 11FEB
[LF] Sending SN command: SN11FEBJEDATZ/ASM
[LF] 11FEB: found 3 direct flights
2026-01-25 07:53:19 | INFO     | [lf.day.flights_found] Found 3 flights on 11FEB
2026-01-25 07:53:22 | INFO     | [lf.flight.extracted] SM454 on 11FEB: BKG=92, LF=52.6%
[LF] SM454 11FEB: BKG=92, GRP=49, CAP=175, LF%=52.6%, Brd-Off=JED-ATZ, Classes: P:49, I:17, O:14, U:5, X:4, W:3
2026-01-25 07:53:26 | INFO     | [lf.flight.extracted] SM2452 on 11FEB: BKG=139, LF=79.4%
[LF] SM2452 11FEB: BKG=139, GRP=139, CAP=175, LF%=79.4%, Brd-Off=JED-ATZ, Classes: P:139
2026-01-25 07:53:30 | INFO     | [lf.flight.extracted] SM492 on 11FEB: BKG=60, LF=34.3%
[LF] SM492 11FEB: BKG=60, GRP=0, CAP=175, LF%=34.3%, Brd-Off=JED-ATZ, Classes: I:30, O:19, U:4, X:6, G:1
[LF] Getting WEEKLY/LASTSOLD data for 3 flights
[LF] SM454 11FEB: LASTSOLD=2026-01-24 00:00:00, WEEKLY=6, TODAY=0, YDAY=5
[LF] SM2452 11FEB: LASTSOLD=2026-01-24 00:00:00, WEEKLY=98, TODAY=0, YDAY=98
[LF] SM492 11FEB: LASTSOLD=2026-01-24 00:00:00, WEEKLY=28, TODAY=0, YDAY=6
2026-01-25 07:53:43 | INFO     | [SUCCESS] Day 11FEB
2026-01-25 07:53:43 | INFO     | [DAY_START] Processing 10FEB
[LF] Processing JED-ATZ for 10FEB
2026-01-25 07:53:43 | INFO     | [lf.day.start] Processing JED-ATZ for 10FEB
[LF] Sending SN command: SN10FEBJEDATZ/ASM
[LF] 10FEB: found 4 direct flights
2026-01-25 07:53:45 | INFO     | [lf.day.flights_found] Found 4 flights on 10FEB
2026-01-25 07:53:47 | INFO     | [lf.flight.extracted] SM976 on 10FEB: BKG=17, LF=9.7%
[LF] SM976 10FEB: BKG=17, GRP=0, CAP=175, LF%=9.7%, Brd-Off=JED-ATZ, Classes: I:17
2026-01-25 07:53:51 | INFO     | [lf.flight.extracted] SM454 on 10FEB: BKG=42, LF=24.0%
[LF] SM454 10FEB: BKG=42, GRP=0, CAP=175, LF%=24.0%, Brd-Off=JED-ATZ, Classes: I:30, O:11, V:1
2026-01-25 07:53:54 | INFO     | [lf.flight.extracted] SM2448 on 10FEB: BKG=45, LF=25.7%
[LF] SM2448 10FEB: BKG=45, GRP=45, CAP=175, LF%=25.7%, Brd-Off=JED-ATZ, Classes: P:45
2026-01-25 07:53:58 | INFO     | [lf.flight.extracted] SM456 on 10FEB: BKG=100, LF=57.1%
[LF] SM456 10FEB: BKG=100, GRP=45, CAP=175, LF%=57.1%, Brd-Off=JED-ATZ, Classes: P:45, I:30, O:16, X:8, K:1
[LF] Getting WEEKLY/LASTSOLD data for 4 flights
[LF] SM976 10FEB: LASTSOLD=2026-01-24 00:00:00, WEEKLY=17, TODAY=0, YDAY=1
[LF] SM454 10FEB: LASTSOLD=2026-01-25 00:00:00, WEEKLY=41, TODAY=2, YDAY=6
[LF] SM2448 10FEB: LASTSOLD=2026-01-24 00:00:00, WEEKLY=46, TODAY=0, YDAY=46
[LF] SM456 10FEB: LASTSOLD=2026-01-24 00:00:00, WEEKLY=22, TODAY=0, YDAY=2
2026-01-25 07:54:10 | INFO     | [SUCCESS] Day 10FEB
2026-01-25 07:54:10 | INFO     | [DAY_START] Processing 09FEB
[LF] Processing JED-ATZ for 09FEB
2026-01-25 07:54:10 | INFO     | [lf.day.start] Processing JED-ATZ for 09FEB
[LF] Sending SN command: SN09FEBJEDATZ/ASM
[LF] 09FEB: found 5 direct flights
2026-01-25 07:54:12 | INFO     | [lf.day.flights_found] Found 5 flights on 09FEB
2026-01-25 07:54:14 | INFO     | [lf.flight.extracted] SM974 on 09FEB: BKG=45, LF=27.0%
[LF] SM974 09FEB: BKG=45, GRP=45, CAP=167, LF%=27.0%, Brd-Off=JED-ATZ, Classes: P:45
2026-01-25 07:54:18 | INFO     | [lf.flight.extracted] SM456 on 09FEB: BKG=106, LF=60.6%
[LF] SM456 09FEB: BKG=106, GRP=70, CAP=175, LF%=60.6%, Brd-Off=JED-ATZ, Classes: P:70, I:17, O:17, U:2
2026-01-25 07:54:21 | INFO     | [lf.flight.extracted] SM984 on 09FEB: BKG=65, LF=37.1%
[LF] SM984 09FEB: BKG=65, GRP=35, CAP=175, LF%=37.1%, Brd-Off=JED-ATZ, Classes: P:35, I:18, O:12
2026-01-25 07:54:25 | INFO     | [lf.flight.extracted] SM492 on 09FEB: BKG=149, LF=85.1%
[LF] SM492 09FEB: BKG=149, GRP=90, CAP=175, LF%=85.1%, Brd-Off=JED-ATZ, Classes: P:90, I:25, O:31, U:1, X:2
2026-01-25 07:54:29 | INFO     | [lf.flight.extracted] SM454 on 09FEB: BKG=89, LF=50.9%
[LF] SM454 09FEB: BKG=89, GRP=45, CAP=175, LF%=50.9%, Brd-Off=JED-ATZ, Classes: P:45, I:34, O:9, X:1
[LF] Getting WEEKLY/LASTSOLD data for 5 flights
[LF] SM974 09FEB: LASTSOLD=2025-12-01 00:00:00, WEEKLY=0, TODAY=0, YDAY=0
[LF] SM456 09FEB: LASTSOLD=2026-01-24 00:00:00, WEEKLY=4, TODAY=0, YDAY=2
[LF] SM984 09FEB: LASTSOLD=2026-01-24 00:00:00, WEEKLY=63, TODAY=0, YDAY=3
[LF] SM492 09FEB: LASTSOLD=2026-01-23 00:00:00, WEEKLY=26, TODAY=0, YDAY=0
[LF] SM454 09FEB: LASTSOLD=2026-01-24 00:00:00, WEEKLY=20, TODAY=0, YDAY=5
2026-01-25 07:54:46 | INFO     | [SUCCESS] Day 09FEB
[LF] Results summary:
  2026-02-16: 6 flights
  2026-02-15: 2 flights
  2026-02-14: 3 flights
  2026-02-13: 1 flights
  2026-02-12: 6 flights
  2026-02-11: 3 flights
  2026-02-10: 4 flights
  2026-02-09: 5 flights
[LF] Cancelled flights found: 1
  - SM963 16FEB (SN)
2026-01-25 07:54:46 | INFO     | [SUCCESS] LF Search Complete
[Worker_9233] Cancelled flights collected: 1

============================================================
[Worker_9233] ✓ COMPLETED: JED-ATZ
  Results: 8 dates
  Errors: 0 dates
  Total Processed: 59 groups
============================================================

2026-01-25 07:54:46 | INFO     | [Worker_9233] Completed: JED-ATZ - 8 results, 0 errors

============================================================
[Worker_9233] Processing: ATZ-DMM
  Tier 0: Range 1, Chunk 2/4
  Dates: 8 days
  Date Range: 2026-02-16 to 2026-02-09
============================================================

2026-01-25 07:54:46 | INFO     | [Worker_9233] Processing: ATZ-DMM
2026-01-25 07:54:46 | INFO     |   Tier 0: Range 1, Chunk 2/4 (8 days)
2026-01-25 07:54:46 | INFO     | ======================================================================
2026-01-25 07:54:46 | INFO     | Load Factor Scraper Started - Route: ATZ-DMM
2026-01-25 07:54:46 | INFO     | Log file: D:\CODERED\LAB\Artifacts\outputs\run_generated_250126_at_07.06\logs\LF_ATZ-DMM_20260125_075446.log
2026-01-25 07:54:46 | INFO     | Enhanced logging: Capturing both logging.info() and print()
2026-01-25 07:54:46 | INFO     | ======================================================================
[LF] Processing dates (override): ['16FEB', '15FEB', '14FEB', '13FEB', '12FEB', '11FEB', '10FEB', '09FEB']
[LF] Attaching to Chrome for Altea access
2026-01-25 07:54:46 | INFO     | Starting LF search for route: ATZ-DMM
2026-01-25 07:54:46 | INFO     | [START] LF Search
[LF][[OK] SUCCESS] Connected to Chrome on 127.0.0.1:9233 (after 1 attempts)
2026-01-25 07:54:47 | INFO     | [HEALTH CHECK] [OK] Chrome connection is healthy
[LF][[OK] SUCCESS] Found Amadeus Altea window: Altéa Reservation Desktop
[LF][[INFO] INFO] URL: https://tc212.resdesktop.altea.amadeus.com/app_ard/apf/init/login?SITE=ESMPESMP&LANGUAGE=GB&MARKETS=ARDW_PROD_WBP&ACTION=clpLogin
2026-01-25 07:54:47 | INFO     | [DAY_START] Processing 16FEB
[LF] Processing ATZ-DMM for 16FEB
2026-01-25 07:54:47 | INFO     | [lf.day.start] Processing ATZ-DMM for 16FEB
[LF] Sending SN command: SN16FEBATZDMM/ASM
[LF] 16FEB: found 1 direct flights
2026-01-25 07:54:49 | INFO     | [lf.day.flights_found] Found 1 flights on 16FEB
2026-01-25 07:54:51 | INFO     | [lf.flight.extracted] SM437 on 16FEB: BKG=14, LF=7.8%
[LF] SM437 16FEB: BKG=14, GRP=0, CAP=179, LF%=7.8%, Brd-Off=ATZ-DMM, Classes: I:9, S:3, G:2
[LF] Getting WEEKLY/LASTSOLD data for 1 flights
[LF] SM437 16FEB: LASTSOLD=2026-01-24 00:00:00, WEEKLY=9, TODAY=0, YDAY=3
2026-01-25 07:54:54 | INFO     | [SUCCESS] Day 16FEB
2026-01-25 07:54:54 | INFO     | [DAY_START] Processing 15FEB
[LF] Processing ATZ-DMM for 15FEB
2026-01-25 07:54:54 | INFO     | [lf.day.start] Processing ATZ-DMM for 15FEB
[LF] Sending SN command: SN15FEBATZDMM/ASM
[LF] No direct flights on 15FEB for ATZ-DMM
2026-01-25 07:54:55 | WARNING  | [lf.day.no_flights] No direct flights on 15FEB
2026-01-25 07:54:55 | INFO     | [SUCCESS] Day 15FEB
2026-01-25 07:54:55 | INFO     | [DAY_START] Processing 14FEB
[LF] Processing ATZ-DMM for 14FEB
2026-01-25 07:54:55 | INFO     | [lf.day.start] Processing ATZ-DMM for 14FEB
[LF] Sending SN command: SN14FEBATZDMM/ASM
[LF] No direct flights on 14FEB for ATZ-DMM
2026-01-25 07:54:56 | WARNING  | [lf.day.no_flights] No direct flights on 14FEB
2026-01-25 07:54:56 | INFO     | [SUCCESS] Day 14FEB
2026-01-25 07:54:56 | INFO     | [DAY_START] Processing 13FEB
[LF] Processing ATZ-DMM for 13FEB
2026-01-25 07:54:56 | INFO     | [lf.day.start] Processing ATZ-DMM for 13FEB
[LF] Sending SN command: SN13FEBATZDMM/ASM
[LF] 13FEB: found 1 direct flights
2026-01-25 07:54:58 | INFO     | [lf.day.flights_found] Found 1 flights on 13FEB
2026-01-25 07:55:00 | INFO     | [lf.flight.extracted] SM437 on 13FEB: BKG=20, LF=11.2%
[LF] SM437 13FEB: BKG=20, GRP=0, CAP=179, LF%=11.2%, Brd-Off=ATZ-DMM, Classes: I:10, T:1, S:2, G:7
[LF] Getting WEEKLY/LASTSOLD data for 1 flights
[LF] SM437 13FEB: LASTSOLD=2026-01-24 00:00:00, WEEKLY=8, TODAY=0, YDAY=2
2026-01-25 07:55:03 | INFO     | [SUCCESS] Day 13FEB
2026-01-25 07:55:03 | INFO     | [DAY_START] Processing 12FEB
[LF] Processing ATZ-DMM for 12FEB
2026-01-25 07:55:03 | INFO     | [lf.day.start] Processing ATZ-DMM for 12FEB
[LF] Sending SN command: SN12FEBATZDMM/ASM
[LF] No direct flights on 12FEB for ATZ-DMM
2026-01-25 07:55:05 | WARNING  | [lf.day.no_flights] No direct flights on 12FEB
2026-01-25 07:55:05 | INFO     | [SUCCESS] Day 12FEB
2026-01-25 07:55:05 | INFO     | [DAY_START] Processing 11FEB
[LF] Processing ATZ-DMM for 11FEB
2026-01-25 07:55:05 | INFO     | [lf.day.start] Processing ATZ-DMM for 11FEB
[LF] Sending SN command: SN11FEBATZDMM/ASM
[LF] No direct flights on 11FEB for ATZ-DMM
2026-01-25 07:55:06 | WARNING  | [lf.day.no_flights] No direct flights on 11FEB
2026-01-25 07:55:06 | INFO     | [SUCCESS] Day 11FEB
2026-01-25 07:55:06 | INFO     | [DAY_START] Processing 10FEB
[LF] Processing ATZ-DMM for 10FEB
2026-01-25 07:55:06 | INFO     | [lf.day.start] Processing ATZ-DMM for 10FEB
[LF] Sending SN command: SN10FEBATZDMM/ASM
[LF] No direct flights on 10FEB for ATZ-DMM
2026-01-25 07:55:07 | WARNING  | [lf.day.no_flights] No direct flights on 10FEB
2026-01-25 07:55:07 | INFO     | [SUCCESS] Day 10FEB
2026-01-25 07:55:07 | INFO     | [DAY_START] Processing 09FEB
[LF] Processing ATZ-DMM for 09FEB
2026-01-25 07:55:07 | INFO     | [lf.day.start] Processing ATZ-DMM for 09FEB
[LF] Sending SN command: SN09FEBATZDMM/ASM
[LF] 09FEB: found 1 direct flights
2026-01-25 07:55:08 | INFO     | [lf.day.flights_found] Found 1 flights on 09FEB
2026-01-25 07:55:11 | INFO     | [lf.flight.extracted] SM437 on 09FEB: BKG=49, LF=27.4%
[LF] SM437 09FEB: BKG=49, GRP=0, CAP=179, LF%=27.4%, Brd-Off=ATZ-DMM, Classes: I:24, O:13, U:1, X:4, T:5, L:2
[LF] Getting WEEKLY/LASTSOLD data for 1 flights
[LF] SM437 09FEB: LASTSOLD=2026-01-25 00:00:00, WEEKLY=31, TODAY=2, YDAY=5
2026-01-25 07:55:15 | ERROR    | Atomic write failed for D:\CODERED\LAB\Artifacts\outputs\run_generated_250126_at_07.06\checkpoints\flight_booking_data.json: [WinError 5] Access is denied: 'D:\\CODERED\\LAB\\Artifacts\\outputs\\run_generated_250126_at_07.06\\checkpoints\\flight_booking_data.tmp_a4bf4608' -> 'D:\\CODERED\\LAB\\Artifacts\\outputs\\run_generated_250126_at_07.06\\checkpoints\\flight_booking_data.json'
2026-01-25 07:55:15 | INFO     | [SUCCESS] Day 09FEB
[LF] Results summary:
  2026-02-16: 1 flights
  2026-02-15: 0 flights
  2026-02-14: 0 flights
  2026-02-13: 1 flights
  2026-02-12: 0 flights
  2026-02-11: 0 flights
  2026-02-10: 0 flights
  2026-02-09: 1 flights
2026-01-25 07:55:15 | INFO     | [SUCCESS] LF Search Complete

============================================================
[Worker_9233] ✓ COMPLETED: ATZ-DMM
  Results: 8 dates
  Errors: 0 dates
  Total Processed: 60 groups
============================================================

2026-01-25 07:55:15 | INFO     | [Worker_9233] Completed: ATZ-DMM - 8 results, 0 errors

============================================================
[Worker_9233] Processing: CAI-AJF
  Tier 0: Range 1, Chunk 2/4
  Dates: 8 days
  Date Range: 2026-02-16 to 2026-02-09
============================================================

2026-01-25 07:55:15 | INFO     | [Worker_9233] Processing: CAI-AJF
2026-01-25 07:55:15 | INFO     |   Tier 0: Range 1, Chunk 2/4 (8 days)
2026-01-25 07:55:15 | INFO     | ======================================================================
2026-01-25 07:55:15 | INFO     | Load Factor Scraper Started - Route: CAI-AJF
2026-01-25 07:55:15 | INFO     | Log file: D:\CODERED\LAB\Artifacts\outputs\run_generated_250126_at_07.06\logs\LF_CAI-AJF_20260125_075515.log
2026-01-25 07:55:15 | INFO     | Enhanced logging: Capturing both logging.info() and print()
2026-01-25 07:55:15 | INFO     | ======================================================================
[LF] Processing dates (override): ['16FEB', '15FEB', '14FEB', '13FEB', '12FEB', '11FEB', '10FEB', '09FEB']
[LF] Attaching to Chrome for Altea access
2026-01-25 07:55:15 | INFO     | Starting LF search for route: CAI-AJF
2026-01-25 07:55:15 | INFO     | [START] LF Search
[LF][[OK] SUCCESS] Connected to Chrome on 127.0.0.1:9233 (after 1 attempts)
2026-01-25 07:55:16 | INFO     | [HEALTH CHECK] [OK] Chrome connection is healthy
[LF][[OK] SUCCESS] Found Amadeus Altea window: Altéa Reservation Desktop
[LF][[INFO] INFO] URL: https://tc212.resdesktop.altea.amadeus.com/app_ard/apf/init/login?SITE=ESMPESMP&LANGUAGE=GB&MARKETS=ARDW_PROD_WBP&ACTION=clpLogin
2026-01-25 07:55:16 | INFO     | [DAY_START] Processing 16FEB
[LF] Processing CAI-AJF for 16FEB
2026-01-25 07:55:16 | INFO     | [lf.day.start] Processing CAI-AJF for 16FEB
[LF] Sending SN command: SN16FEBCAIAJF/ASM
[LF] No direct flights on 16FEB for CAI-AJF
2026-01-25 07:55:18 | WARNING  | [lf.day.no_flights] No direct flights on 16FEB
2026-01-25 07:55:18 | INFO     | [SUCCESS] Day 16FEB
2026-01-25 07:55:18 | INFO     | [DAY_START] Processing 15FEB
[LF] Processing CAI-AJF for 15FEB
2026-01-25 07:55:18 | INFO     | [lf.day.start] Processing CAI-AJF for 15FEB
[LF] Sending SN command: SN15FEBCAIAJF/ASM
[LF] No direct flights on 15FEB for CAI-AJF
2026-01-25 07:55:19 | WARNING  | [lf.day.no_flights] No direct flights on 15FEB
2026-01-25 07:55:19 | INFO     | [SUCCESS] Day 15FEB
2026-01-25 07:55:19 | INFO     | [DAY_START] Processing 14FEB
[LF] Processing CAI-AJF for 14FEB
2026-01-25 07:55:19 | INFO     | [lf.day.start] Processing CAI-AJF for 14FEB
[LF] Sending SN command: SN14FEBCAIAJF/ASM
[LF] 14FEB: found 1 direct flights
2026-01-25 07:55:20 | INFO     | [lf.day.flights_found] Found 1 flights on 14FEB
2026-01-25 07:55:22 | INFO     | [lf.flight.extracted] SM321 on 14FEB: BKG=12, LF=6.8%
[LF] SM321 14FEB: BKG=12, GRP=0, CAP=176, LF%=6.8%, Brd-Off=CAI-AJF, Classes: O:7, U:4, G:1
[LF] Getting WEEKLY/LASTSOLD data for 1 flights
[LF] SM321 14FEB: LASTSOLD=2026-01-25 00:00:00, WEEKLY=7, TODAY=1, YDAY=2
2026-01-25 07:55:25 | INFO     | [SUCCESS] Day 14FEB
2026-01-25 07:55:25 | INFO     | [DAY_START] Processing 13FEB
[LF] Processing CAI-AJF for 13FEB
2026-01-25 07:55:25 | INFO     | [lf.day.start] Processing CAI-AJF for 13FEB
[LF] Sending SN command: SN13FEBCAIAJF/ASM
[LF] No direct flights on 13FEB for CAI-AJF
2026-01-25 07:55:27 | WARNING  | [lf.day.no_flights] No direct flights on 13FEB
2026-01-25 07:55:27 | INFO     | [SUCCESS] Day 13FEB
2026-01-25 07:55:27 | INFO     | [DAY_START] Processing 12FEB
[LF] Processing CAI-AJF for 12FEB
2026-01-25 07:55:27 | INFO     | [lf.day.start] Processing CAI-AJF for 12FEB
[LF] Sending SN command: SN12FEBCAIAJF/ASM
[LF] 12FEB: found 1 direct flights
2026-01-25 07:55:28 | INFO     | [lf.day.flights_found] Found 1 flights on 12FEB
2026-01-25 07:55:30 | INFO     | [lf.flight.extracted] SM321 on 12FEB: BKG=14, LF=7.8%
[LF] SM321 12FEB: BKG=14, GRP=0, CAP=179, LF%=7.8%, Brd-Off=CAI-AJF, Classes: U:11, G:3
[LF] Getting WEEKLY/LASTSOLD data for 1 flights
[LF] SM321 12FEB: LASTSOLD=2026-01-21 00:00:00, WEEKLY=5, TODAY=0, YDAY=0
2026-01-25 07:55:33 | INFO     | [SUCCESS] Day 12FEB
2026-01-25 07:55:33 | INFO     | [DAY_START] Processing 11FEB
[LF] Processing CAI-AJF for 11FEB
2026-01-25 07:55:33 | INFO     | [lf.day.start] Processing CAI-AJF for 11FEB
[LF] Sending SN command: SN11FEBCAIAJF/ASM
[LF] No direct flights on 11FEB for CAI-AJF
2026-01-25 07:55:34 | WARNING  | [lf.day.no_flights] No direct flights on 11FEB
2026-01-25 07:55:34 | INFO     | [SUCCESS] Day 11FEB
2026-01-25 07:55:34 | INFO     | [DAY_START] Processing 10FEB
[LF] Processing CAI-AJF for 10FEB
2026-01-25 07:55:34 | INFO     | [lf.day.start] Processing CAI-AJF for 10FEB
[LF] Sending SN command: SN10FEBCAIAJF/ASM
[LF] 10FEB: found 1 direct flights
2026-01-25 07:55:36 | INFO     | [lf.day.flights_found] Found 1 flights on 10FEB
2026-01-25 07:55:38 | INFO     | [lf.flight.extracted] SM321 on 10FEB: BKG=6, LF=3.4%
[LF] SM321 10FEB: BKG=6, GRP=0, CAP=179, LF%=3.4%, Brd-Off=CAI-AJF, Classes: I:1, U:5
[LF] Getting WEEKLY/LASTSOLD data for 1 flights
[LF] SM321 10FEB: LASTSOLD=2026-01-20 00:00:00, WEEKLY=1, TODAY=0, YDAY=0
2026-01-25 07:55:41 | INFO     | [SUCCESS] Day 10FEB
2026-01-25 07:55:41 | INFO     | [DAY_START] Processing 09FEB
[LF] Processing CAI-AJF for 09FEB
2026-01-25 07:55:41 | INFO     | [lf.day.start] Processing CAI-AJF for 09FEB
[LF] Sending SN command: SN09FEBCAIAJF/ASM
[LF] No direct flights on 09FEB for CAI-AJF
2026-01-25 07:55:43 | WARNING  | [lf.day.no_flights] No direct flights on 09FEB
2026-01-25 07:55:43 | INFO     | [SUCCESS] Day 09FEB
[LF] Results summary:
  2026-02-16: 0 flights
  2026-02-15: 0 flights
  2026-02-14: 1 flights
  2026-02-13: 0 flights
  2026-02-12: 1 flights
  2026-02-11: 0 flights
  2026-02-10: 1 flights
  2026-02-09: 0 flights
2026-01-25 07:55:43 | INFO     | [SUCCESS] LF Search Complete

============================================================
[Worker_9233] ✓ COMPLETED: CAI-AJF
  Results: 8 dates
  Errors: 0 dates
  Total Processed: 61 groups
============================================================

2026-01-25 07:55:43 | INFO     | [Worker_9233] Completed: CAI-AJF - 8 results, 0 errors

============================================================
[Worker_9233] Processing: ATZ-ELQ
  Tier 0: Range 1, Chunk 2/4
  Dates: 8 days
  Date Range: 2026-02-16 to 2026-02-09
============================================================

2026-01-25 07:55:43 | INFO     | [Worker_9233] Processing: ATZ-ELQ
2026-01-25 07:55:43 | INFO     |   Tier 0: Range 1, Chunk 2/4 (8 days)
2026-01-25 07:55:43 | INFO     | ======================================================================
2026-01-25 07:55:43 | INFO     | Load Factor Scraper Started - Route: ATZ-ELQ
2026-01-25 07:55:43 | INFO     | Log file: D:\CODERED\LAB\Artifacts\outputs\run_generated_250126_at_07.06\logs\LF_ATZ-ELQ_20260125_075543.log
2026-01-25 07:55:43 | INFO     | Enhanced logging: Capturing both logging.info() and print()
2026-01-25 07:55:43 | INFO     | ======================================================================
[LF] Processing dates (override): ['16FEB', '15FEB', '14FEB', '13FEB', '12FEB', '11FEB', '10FEB', '09FEB']
[LF] Attaching to Chrome for Altea access
2026-01-25 07:55:43 | INFO     | Starting LF search for route: ATZ-ELQ
2026-01-25 07:55:43 | INFO     | [START] LF Search
[LF][[OK] SUCCESS] Connected to Chrome on 127.0.0.1:9233 (after 1 attempts)
2026-01-25 07:55:44 | INFO     | [HEALTH CHECK] [OK] Chrome connection is healthy
[LF][[OK] SUCCESS] Found Amadeus Altea window: Altéa Reservation Desktop
[LF][[INFO] INFO] URL: https://tc212.resdesktop.altea.amadeus.com/app_ard/apf/init/login?SITE=ESMPESMP&LANGUAGE=GB&MARKETS=ARDW_PROD_WBP&ACTION=clpLogin
2026-01-25 07:55:44 | INFO     | [DAY_START] Processing 16FEB
[LF] Processing ATZ-ELQ for 16FEB
2026-01-25 07:55:44 | INFO     | [lf.day.start] Processing ATZ-ELQ for 16FEB
[LF] Sending SN command: SN16FEBATZELQ/ASM
[LF] No direct flights on 16FEB for ATZ-ELQ
2026-01-25 07:55:45 | WARNING  | [lf.day.no_flights] No direct flights on 16FEB
2026-01-25 07:55:45 | INFO     | [SUCCESS] Day 16FEB
2026-01-25 07:55:45 | INFO     | [DAY_START] Processing 15FEB
[LF] Processing ATZ-ELQ for 15FEB
2026-01-25 07:55:45 | INFO     | [lf.day.start] Processing ATZ-ELQ for 15FEB
[LF] Sending SN command: SN15FEBATZELQ/ASM
[LF] No direct flights on 15FEB for ATZ-ELQ
2026-01-25 07:55:47 | WARNING  | [lf.day.no_flights] No direct flights on 15FEB
2026-01-25 07:55:47 | INFO     | [SUCCESS] Day 15FEB
2026-01-25 07:55:47 | INFO     | [DAY_START] Processing 14FEB
[LF] Processing ATZ-ELQ for 14FEB
2026-01-25 07:55:47 | INFO     | [lf.day.start] Processing ATZ-ELQ for 14FEB
[LF] Sending SN command: SN14FEBATZELQ/ASM
[LF] 14FEB: found 1 direct flights
2026-01-25 07:55:49 | INFO     | [lf.day.flights_found] Found 1 flights on 14FEB
2026-01-25 07:55:53 | INFO     | [lf.flight.extracted] SM435 on 14FEB: BKG=97, LF=54.2%
[LF] SM435 14FEB: BKG=97, GRP=90, CAP=179, LF%=54.2%, Brd-Off=ATZ-ELQ, Classes: P:90, I:4, X:1, G:2
[LF] Getting WEEKLY/LASTSOLD data for 1 flights
[LF] SM435 14FEB: LASTSOLD=2026-01-24 00:00:00, WEEKLY=5, TODAY=0, YDAY=1
2026-01-25 07:55:57 | INFO     | [SUCCESS] Day 14FEB
2026-01-25 07:55:57 | INFO     | [DAY_START] Processing 13FEB
[LF] Processing ATZ-ELQ for 13FEB
2026-01-25 07:55:57 | INFO     | [lf.day.start] Processing ATZ-ELQ for 13FEB
[LF] Sending SN command: SN13FEBATZELQ/ASM
[LF] No direct flights on 13FEB for ATZ-ELQ
2026-01-25 07:55:59 | WARNING  | [lf.day.no_flights] No direct flights on 13FEB
2026-01-25 07:55:59 | INFO     | [SUCCESS] Day 13FEB
2026-01-25 07:55:59 | INFO     | [DAY_START] Processing 12FEB
[LF] Processing ATZ-ELQ for 12FEB
2026-01-25 07:55:59 | INFO     | [lf.day.start] Processing ATZ-ELQ for 12FEB
[LF] Sending SN command: SN12FEBATZELQ/ASM
[LF] No direct flights on 12FEB for ATZ-ELQ
2026-01-25 07:56:00 | WARNING  | [lf.day.no_flights] No direct flights on 12FEB
2026-01-25 07:56:00 | INFO     | [SUCCESS] Day 12FEB
2026-01-25 07:56:00 | INFO     | [DAY_START] Processing 11FEB
[LF] Processing ATZ-ELQ for 11FEB
2026-01-25 07:56:00 | INFO     | [lf.day.start] Processing ATZ-ELQ for 11FEB
[LF] Sending SN command: SN11FEBATZELQ/ASM
[LF] No direct flights on 11FEB for ATZ-ELQ
2026-01-25 07:56:02 | WARNING  | [lf.day.no_flights] No direct flights on 11FEB
2026-01-25 07:56:02 | INFO     | [SUCCESS] Day 11FEB
2026-01-25 07:56:02 | INFO     | [DAY_START] Processing 10FEB
[LF] Processing ATZ-ELQ for 10FEB
2026-01-25 07:56:02 | INFO     | [lf.day.start] Processing ATZ-ELQ for 10FEB
[LF] Sending SN command: SN10FEBATZELQ/ASM
[LF] 10FEB: found 1 direct flights
2026-01-25 07:56:04 | INFO     | [lf.day.flights_found] Found 1 flights on 10FEB
2026-01-25 07:56:07 | INFO     | [lf.flight.extracted] SM435 on 10FEB: BKG=28, LF=15.6%
[LF] SM435 10FEB: BKG=28, GRP=0, CAP=179, LF%=15.6%, Brd-Off=ATZ-ELQ, Classes: I:20, O:5, X:2, G:1
[LF] Getting WEEKLY/LASTSOLD data for 1 flights
[LF] SM435 10FEB: LASTSOLD=2026-01-24 00:00:00, WEEKLY=18, TODAY=0, YDAY=9
2026-01-25 07:56:11 | INFO     | [SUCCESS] Day 10FEB
2026-01-25 07:56:11 | INFO     | [DAY_START] Processing 09FEB
[LF] Processing ATZ-ELQ for 09FEB
2026-01-25 07:56:11 | INFO     | [lf.day.start] Processing ATZ-ELQ for 09FEB
[LF] Sending SN command: SN09FEBATZELQ/ASM
[LF] No direct flights on 09FEB for ATZ-ELQ
2026-01-25 07:56:13 | WARNING  | [lf.day.no_flights] No direct flights on 09FEB
2026-01-25 07:56:13 | INFO     | [SUCCESS] Day 09FEB
[LF] Results summary:
  2026-02-16: 0 flights
  2026-02-15: 0 flights
  2026-02-14: 1 flights
  2026-02-13: 0 flights
  2026-02-12: 0 flights
  2026-02-11: 0 flights
  2026-02-10: 1 flights
  2026-02-09: 0 flights
2026-01-25 07:56:13 | INFO     | [SUCCESS] LF Search Complete

============================================================
[Worker_9233] ✓ COMPLETED: ATZ-ELQ
  Results: 8 dates
  Errors: 0 dates
  Total Processed: 62 groups
============================================================

2026-01-25 07:56:19 | INFO     | [Worker_9233] Completed: ATZ-ELQ - 8 results, 0 errors

============================================================
[Worker_9233] Processing: JED-CAI
  Tier 0: Range 1, Chunk 3/4
  Dates: 8 days
  Date Range: 2026-02-08 to 2026-02-01
============================================================

2026-01-25 07:56:19 | INFO     | [Worker_9233] Processing: JED-CAI
2026-01-25 07:56:19 | INFO     |   Tier 0: Range 1, Chunk 3/4 (8 days)
2026-01-25 07:56:19 | INFO     | ======================================================================
2026-01-25 07:56:19 | INFO     | Load Factor Scraper Started - Route: JED-CAI
2026-01-25 07:56:19 | INFO     | Log file: D:\CODERED\LAB\Artifacts\outputs\run_generated_250126_at_07.06\logs\LF_JED-CAI_20260125_075619.log
2026-01-25 07:56:19 | INFO     | Enhanced logging: Capturing both logging.info() and print()
2026-01-25 07:56:19 | INFO     | ======================================================================
[LF] Processing dates (override): ['08FEB', '07FEB', '06FEB', '05FEB', '04FEB', '03FEB', '02FEB', '01FEB']
[LF] Attaching to Chrome for Altea access
2026-01-25 07:56:19 | INFO     | Starting LF search for route: JED-CAI
2026-01-25 07:56:19 | INFO     | [START] LF Search
[LF][[OK] SUCCESS] Connected to Chrome on 127.0.0.1:9233 (after 1 attempts)
2026-01-25 07:56:20 | INFO     | [HEALTH CHECK] [OK] Chrome connection is healthy
[LF][[OK] SUCCESS] Found Amadeus Altea window: Altéa Reservation Desktop
[LF][[INFO] INFO] URL: https://tc212.resdesktop.altea.amadeus.com/app_ard/apf/init/login?SITE=ESMPESMP&LANGUAGE=GB&MARKETS=ARDW_PROD_WBP&ACTION=clpLogin
2026-01-25 07:56:20 | INFO     | [DAY_START] Processing 08FEB
[LF] Processing JED-CAI for 08FEB
2026-01-25 07:56:20 | INFO     | [lf.day.start] Processing JED-CAI for 08FEB
[LF] JED↔Cairo route detected - querying both CAI and CCE airports
[LF] Sending SN command: SN08FEBJEDCAI/ASM
[LF] Sending SN command: SN08FEBJEDCCE/ASM
[LF] 08FEB: found 6 direct flights
2026-01-25 07:56:22 | INFO     | [lf.day.flights_found] Found 6 flights on 08FEB
2026-01-25 07:56:24 | INFO     | [lf.flight.extracted] SM424 on 08FEB: BKG=167, LF=95.4%
[LF] SM424 08FEB: BKG=167, GRP=135, CAP=175, LF%=95.4%, Brd-Off=JED-CAI, Classes: P:135, I:17, O:8, X:5, T:2
2026-01-25 07:56:28 | INFO     | [lf.flight.extracted] SM476 on 08FEB: BKG=134, LF=76.6%
[LF] SM476 08FEB: BKG=134, GRP=78, CAP=175, LF%=76.6%, Brd-Off=JED-CAI, Classes: P:78, I:20, O:20, U:12, X:4
2026-01-25 07:56:32 | INFO     | [lf.flight.extracted] SM948 on 08FEB: BKG=158, LF=90.3%
[LF] SM948 08FEB: BKG=158, GRP=68, CAP=175, LF%=90.3%, Brd-Off=JED-CAI, Classes: P:68, I:19, O:18, U:36, X:17
2026-01-25 07:56:35 | INFO     | [lf.flight.extracted] SM460 on 08FEB: BKG=157, LF=89.7%
[LF] SM460 08FEB: BKG=157, GRP=121, CAP=175, LF%=89.7%, Brd-Off=JED-CAI, Classes: P:121, I:20, O:14, U:2
2026-01-25 07:56:39 | INFO     | [lf.flight.extracted] SM478 on 08FEB: BKG=133, LF=79.6%
[LF] SM478 08FEB: BKG=133, GRP=103, CAP=167, LF%=79.6%, Brd-Off=JED-CAI, Classes: P:103, I:17, O:3, U:10
2026-01-25 07:56:42 | INFO     | [lf.flight.extracted] SM432 on 08FEB: BKG=146, LF=83.4%
[LF] SM432 08FEB: BKG=146, GRP=86, CAP=175, LF%=83.4%, Brd-Off=JED-CAI, Classes: E:86, I:29, O:17, U:12, G:2
[LF] Getting WEEKLY/LASTSOLD data for 6 flights
[LF] SM424 08FEB: LASTSOLD=2026-01-24 00:00:00, WEEKLY=12, TODAY=0, YDAY=1
[LF] SM476 08FEB: LASTSOLD=2026-01-23 00:00:00, WEEKLY=22, TODAY=0, YDAY=0
[LF] SM948 08FEB: LASTSOLD=2026-01-23 00:00:00, WEEKLY=64, TODAY=0, YDAY=0
[LF] SM460 08FEB: LASTSOLD=2026-01-15 00:00:00, WEEKLY=0, TODAY=0, YDAY=0
[LF] SM478 08FEB: LASTSOLD=2026-01-16 00:00:00, WEEKLY=0, TODAY=0, YDAY=0
[LF] SM432 08FEB: WEEKLY=99 → LP/T MANDATORY
[DEBUG] SM432 08FEB: Match #1: HK 21JAN | Line: 001  01AMIN/MAHMOUD MOHA          	78XPCM G  HK 21JAN ELQS228WE
[DEBUG] SM432 08FEB: Match #2: HK 23JAN | Line: 002  01EISSA/AYA EMAM MR          	8DVVB3 G  HK 23JAN CAIEG28L2
[DEBUG] SM432 08FEB: Match #3: TK 19JAN | Line: 003  01ABDELSAMIE/HOSSAM          	7RWK68 U  TK 19JAN FRASM07NI
[DEBUG] SM432 08FEB: Match #4: TK 19JAN | Line: 004  01ABDI/ABDIMALIK MO          	79G647 U  TK 19JAN CAIEG3772
[DEBUG] SM432 08FEB: Match #5: TK 19JAN | Line: 005  01ALJOHANI/ALJASIR           	927UQ5 U  TK 19JAN RUHS228YD
[DEBUG] SM432 08FEB: Match #6: TK 19JAN | Line: 006  05BID/RAWIA HAMID M          	8NK4HC U  TK 19JAN CAIEG26L3
[DEBUG] SM432 08FEB: Match #7: TK 19JAN | Line: 007  02ELKADY/SAAD SHAKE          	78TP5J U  TK 19JAN CAIEG26O0
[DEBUG] SM432 08FEB: DUPLICATE #1: 001 HK 21JAN | Skipping
[DEBUG] SM432 08FEB: DUPLICATE #2: 002 HK 23JAN | Skipping
[DEBUG] SM432 08FEB: DUPLICATE #3: 003 TK 19JAN | Skipping
[DEBUG] SM432 08FEB: DUPLICATE #4: 004 TK 19JAN | Skipping
[DEBUG] SM432 08FEB: DUPLICATE #5: 005 TK 19JAN | Skipping
[DEBUG] SM432 08FEB: DUPLICATE #6: 006 TK 19JAN | Skipping
[DEBUG] SM432 08FEB: DUPLICATE #7: 007 TK 19JAN | Skipping
[DEBUG] SM432 08FEB: Match #8: TK 19JAN | Line: 008  01IBRAHIM/MOAMMED            	922RLJ U  TK 19JAN RUHS228YD
[DEBUG] SM432 08FEB: Match #9: TK 19JAN | Line: 009  02IBRAHIM/SANAA NOU          	78TP5J U  TK 19JAN CAIEG26O0
[DEBUG] SM432 08FEB: Match #10: TK 19JAN | Line: 010  05TAKALA/YAMIN SHUK          	8NK4HC U  TK 19JAN CAIEG26L3
[DEBUG] SM432 08FEB: Match #11: TK 19JAN | Line: 011  05TAKALA/YASIN MR            	8NK4HC U  TK 19JAN CAIEG26L3
[DEBUG] SM432 08FEB: Match #12: TK 19JAN | Line: 012  05TAKALA/YOUSIF SHU          	8NK4HC U  TK 19JAN CAIEG26L3
[DEBUG] SM432 08FEB: Match #13: TK 19JAN | Line: 013  05TAKALA/YUSRA SHUK          	8NK4HC U  TK 19JAN CAIEG26L3
[DEBUG] SM432 08FEB: Match #14: TK 19JAN | Line: 014  01UTURA/SHUKRI TAKA          	8NM82I U  TK 19JAN CAIEG26L3
[DEBUG] SM432 08FEB: Match #15: HK 19JAN | Line: 015  01ABDI/MOHAMED               	79FRSA O  HK 19JAN CAIEG3772
[DEBUG] SM432 08FEB: Match #16: TK 19JAN | Line: 016  05ABOUAMER/ABDELRAH          	9KLK6N O  TK 19JAN RUHAA28WH
[DEBUG] SM432 08FEB: Match #17: TK 19JAN | Line: 017  05ABOUAMER/MOUAZ             	9KLK6N O  TK 19JAN RUHAA28WH
[DEBUG] SM432 08FEB: Match #18: TK 19JAN | Line: 018  05ABOUAMER/OMAR              	9KLK6N O  TK 19JAN RUHAA28WH
[DEBUG] SM432 08FEB: Match #19: TK 19JAN | Line: 019  05ABUOAMER/AHMED             	9KLK6N O  TK 19JAN RUHAA28WH
[DEBUG] SM432 08FEB: Match #20: TK 19JAN | Line: 020  03ALI/GHADA FATHY M          	7M2VXK O  TK 19JAN CAISM07TP
[DEBUG] SM432 08FEB: Match #21: TK 19JAN | Line: 021  02ATTIA/FATMA                	8MDGMU O  TK 19JAN RUHAA28WH
[DEBUG] SM432 08FEB: Match #22: TK 19JAN | Line: 022  03ELGHAMERY/SARA SO          	7M2VXK O  TK 19JAN CAISM07TP
[DEBUG] SM432 08FEB: Match #23: TK 19JAN | Line: 023  03ELQADY/AHMED FATH          	7M2VXK O  TK 19JAN CAISM07TP
[DEBUG] SM432 08FEB: Match #24: TK 19JAN | Line: 024  02ELSHEKH/SAMIA MRS          	97925C O  TK 19JAN LAXSM08AA
[DEBUG] SM432 08FEB: Match #25: TK 19JAN | Line: 025  05GHONEIM/AMAL               	9KLK6N O  TK 19JAN RUHAA28WH
[DEBUG] SM432 08FEB: Match #26: TK 19JAN | Line: 026  02HEGAZI/HAGAR H             	8MDGMU O  TK 19JAN RUHAA28WH
[DEBUG] SM432 08FEB: Match #27: HK 19JAN | Line: 027  02MOHAMED/AHMED MR           	8I6AGO O  HK 19JAN RUHAA2352
[DEBUG] SM432 08FEB: Match #28: TK 19JAN | Line: 028  02MOHAMED/AMRO MR            	97925C O  TK 19JAN LAXSM08AA
[DEBUG] SM432 08FEB: Match #29: HK 19JAN | Line: 029  02MOHAMED/LAMA MS            	8I6AGO O  HK 19JAN RUHAA2352
[DEBUG] SM432 08FEB: Match #30: TK 19JAN | Line: 030  01MOHAMED/SHYMAA MS          	7Z7RDA O  TK 19JAN CAISM07TP
[DEBUG] SM432 08FEB: Match #31: TK 19JAN | Line: 031  01MUHAMMED/AFRIN MR          	9ZIT34 O  TK 19JAN JEDSM08AA
[DEBUG] SM432 08FEB: Match #32: TK 19JAN | Line: 032  02ABDELHAMID/GAMAL           	9LXDK7 I  TK 19JAN QCAS22124
[DEBUG] SM432 08FEB: Match #33: TK 19JAN | Line: 033  04ABDELKADER/DOAA A          	8GMA2B I  TK 19JAN RUHAA28WH
[DEBUG] SM432 08FEB: Match #34: HK 19JAN | Line: 034  06ABDI/ABDIHAFID MO          	79F64T I  HK 19JAN CAIEG3772
[DEBUG] SM432 08FEB: Match #35: HK 19JAN | Line: 035  06ABDI/DEEQA MOHAME          	79F64T I  HK 19JAN CAIEG3772
[DEBUG] SM432 08FEB: Match #36: HK 19JAN | Line: 036  06ABDI/MARWA MOHAME          	79F64T I  HK 19JAN CAIEG3772
[DEBUG] SM432 08FEB: Match #37: HK 19JAN | Line: 037  06ABDI/SABIRIIN MOM          	79F64T I  HK 19JAN CAIEG3772
[DEBUG] SM432 08FEB: Match #38: HK 19JAN | Line: 038  06ABDI/SAFA MOHAMED          	79F64T I  HK 19JAN CAIEG3772
[DEBUG] SM432 08FEB: Match #39: TK 19JAN | Line: 039  02AHMED/GHADA MRS            	9LXDK7 I  TK 19JAN QCAS22124
[DEBUG] SM432 08FEB: Match #40: TK 19JAN | Line: 040  03ALEMAM/ABLA MS             	77RRZE I  TK 19JAN RUHAK38AB
[DEBUG] SM432 08FEB: Match #41: TK 19JAN | Line: 041  03ALEMAM/RAGAB MR            	77RRZE I  TK 19JAN RUHAK38AB
[DEBUG] SM432 08FEB: Match #42: TK 19JAN | Line: 042  01BERIKA/MAHFOUZ MR          	85H9VO I  TK 19JAN CAIEG28WT
[DEBUG] SM432 08FEB: Match #43: HK 19JAN | Line: 043  02CHIGUER LEMONNIER          	ZDBBT7 I  HK 19JAN CPHSG34AA
[DEBUG] SM432 08FEB: Match #44: TK 19JAN | Line: 044  01ELGENDY/ADAM MR            	8K26SA I  TK 19JAN ISTSM07TP
[DEBUG] SM432 08FEB: Match #45: TK 19JAN | Line: 045  01FARRAG/MOHAMED SH          	9QKZZS I  TK 19JAN RUHAK38AB
[DEBUG] SM432 08FEB: Match #46: TK 19JAN | Line: 046  01HASHEM/HANY MOHAM          	97RBDC I  TK 19JAN JEDLW28FD
[DEBUG] SM432 08FEB: Match #47: HK 19JAN | Line: 047  02KASSAB/MENNAALLAH          	72DCUQ I  HK 19JAN RUHAA2352
[DEBUG] SM432 08FEB: Match #48: HK 19JAN | Line: 048  02LEMONNIER/FLORENT          	ZDBBT7 I  HK 19JAN CPHSG34AA
[DEBUG] SM432 08FEB: Match #49: HK 19JAN | Line: 049  02MADIAN/ABDALLA BA          	72DCUQ I  HK 19JAN RUHAA2352
[DEBUG] SM432 08FEB: Match #50: HK 19JAN | Line: 050  06MALOW/SAFIA IBRAH          	79F64T I  HK 19JAN CAIEG3772
[DEBUG] SM432 08FEB: Match #51: TK 19JAN | Line: 051  01METWALLI/MOHAMED           	9IVIV8 I  TK 19JAN JEDSM07TP
[DEBUG] SM432 08FEB: Match #52: TK 19JAN | Line: 052  04MOHAMED/AHMED MAH          	8GMA2B I  TK 19JAN RUHAA28WH
[DEBUG] SM432 08FEB: Match #53: TK 19JAN | Line: 053  04MOHAMED/EYAD MAHM          	8GMA2B I  TK 19JAN RUHAA28WH
[DEBUG] SM432 08FEB: Match #54: TK 19JAN | Line: 054  04MOHAMED/MAHMOUD A          	8GMA2B I  TK 19JAN RUHAA28WH
[DEBUG] SM432 08FEB: Match #55: TK 19JAN | Line: 055  04OMAR/MARWA                 	75NPJX I  TK 19JAN RUHS228YD
[DEBUG] SM432 08FEB: Match #56: TK 19JAN | Line: 056  01REFAT RAGAB/MAHMO          	9SU8YB I  TK 19JAN RUHAA28WH
[DEBUG] SM432 08FEB: Match #57: TK 19JAN | Line: 057  04SAADAT/AHMED               	75NPJX I  TK 19JAN RUHS228YD
[DEBUG] SM432 08FEB: Match #58: TK 19JAN | Line: 058  04SAADAT/SAGED               	75NPJX I  TK 19JAN RUHS228YD
[DEBUG] SM432 08FEB: Match #59: TK 19JAN | Line: 059  04SAADAT/YAZAN               	75NPJX I  TK 19JAN RUHS228YD
[DEBUG] SM432 08FEB: Match #60: TK 19JAN | Line: 060  03SALEM/SABAH MRS            	77RRZE I  TK 19JAN RUHAK38AB
[DEBUG] SM432 08FEB: Match #61: HK 19JAN | Line: 061N 01ABDALLA/RANIA MRS          	72ZXZE E  HK 19JAN QSUSM0100
[DEBUG] SM432 08FEB: Match #62: HK 19JAN | Line: 062N 01ABDELALIM/SHAIMAA          	72ZWSM E  HK 19JAN QSUSM0100
[DEBUG] SM432 08FEB: Match #63: HK 19JAN | Line: 063N 01ABDELGAWAD/HODA M          	72ZXZE E  HK 19JAN QSUSM0100
[DEBUG] SM432 08FEB: Match #64: HK 19JAN | Line: 064N 01ABDELHALIM/SHEREN          	72ZXZE E  HK 19JAN QSUSM0100
[DEBUG] SM432 08FEB: Match #65: HK 19JAN | Line: 065N 01ABDELHAMID/NOHA M          	72ZWSM E  HK 19JAN QSUSM0100
[DEBUG] SM432 08FEB: Match #66: HK 19JAN | Line: 066N 01ABDELLATIF/SAYEDA          	72ZWSM E  HK 19JAN QSUSM0100
[DEBUG] SM432 08FEB: Match #67: HK 19JAN | Line: 067N 01ABDELMOATY/MOHAME          	72ZXZE E  HK 19JAN QSUSM0100
[DEBUG] SM432 08FEB: Match #68: HK 19JAN | Line: 068N 01ABDELMOTELEB/ABDE          	72ZXZE E  HK 19JAN QSUSM0100
[DEBUG] SM432 08FEB: Match #69: HK 19JAN | Line: 069N 01ABDELRAHMAN/TAREK          	72ZXZE E  HK 19JAN QSUSM0100
[DEBUG] SM432 08FEB: Match #70: HK 19JAN | Line: 070N 01ABDELSALAM/ADEL M          	72ZXZE E  HK 19JAN QSUSM0100
[DEBUG] SM432 08FEB: Match #71: HK 19JAN | Line: 071N 01ABDELSALAM/ENTSAR          	72ZXZE E  HK 19JAN QSUSM0100
[DEBUG] SM432 08FEB: Match #72: HK 19JAN | Line: 072N 01ABDELSALAM/NOURA           	72ZXZE E  HK 19JAN QSUSM0100
[DEBUG] SM432 08FEB: Match #73: HK 19JAN | Line: 073N 01ABDELSALAM/WARDA           	72ZXZE E  HK 19JAN QSUSM0100
[DEBUG] SM432 08FEB: Match #74: HK 19JAN | Line: 074N 01ABDELSHAFY/ESRAA           	72ZWSM E  HK 19JAN QSUSM0100
[DEBUG] SM432 08FEB: Match #75: HK 19JAN | Line: 075N 01ABOUELWAFA/ALIA M          	72ZWSM E  HK 19JAN QSUSM0100
[DEBUG] SM432 08FEB: Match #76: HK 19JAN | Line: 076N 01AFIFI/AFIFI MR             	72ZXZE E  HK 19JAN QSUSM0100
[DEBUG] SM432 08FEB: Match #77: HK 19JAN | Line: 077N 01AHMED/MOKHTAR MR           	72ZXZE E  HK 19JAN QSUSM0100
[DEBUG] SM432 08FEB: Match #78: HK 19JAN | Line: 078N 01AHMED/SHIMAA MRS           	72ZXZE E  HK 19JAN QSUSM0100
[DEBUG] SM432 08FEB: Match #79: HK 19JAN | Line: 079N 01ALI/AHMED MR               	72ZWSM E  HK 19JAN QSUSM0100
[DEBUG] SM432 08FEB: Match #80: HK 19JAN | Line: 080N 01ALI/ANAAM MRS              	72ZWSM E  HK 19JAN QSUSM0100
[DEBUG] SM432 08FEB: Match #81: HK 19JAN | Line: 081N 01ALY/KHALED MR              	72ZXZE E  HK 19JAN QSUSM0100
[DEBUG] SM432 08FEB: Match #82: HK 19JAN | Line: 082N 01ALY/MAHA MRS               	72ZWSM E  HK 19JAN QSUSM0100
[DEBUG] SM432 08FEB: Match #83: HK 19JAN | Line: 083N 01ALY/SHAIMAA MRS            	72ZWSM E  HK 19JAN QSUSM0100
[DEBUG] SM432 08FEB: Match #84: HK 19JAN | Line: 084N 01AMIN/HANAN MRS             	72ZWSM E  HK 19JAN QSUSM0100
[DEBUG] SM432 08FEB: Match #85: HK 19JAN | Line: 085N 01ARAFA/LAMIAA MRS           	72ZXZE E  HK 19JAN QSUSM0100
[DEBUG] SM432 08FEB: Match #86: HK 19JAN | Line: 086N 01BADAWY/ZAMZAM MRS          	72ZWSM E  HK 19JAN QSUSM0100
[DEBUG] SM432 08FEB: Match #87: HK 19JAN | Line: 087N 01BATN/SABER MR              	72ZXZE E  HK 19JAN QSUSM0100
[DEBUG] SM432 08FEB: Match #88: HK 19JAN | Line: 088N 01DAWOUD/AZZA MRS            	72ZXZE E  HK 19JAN QSUSM0100
[DEBUG] SM432 08FEB: Match #89: HK 19JAN | Line: 089N 01DESOUKY/EYAD MR            	72ZXZE E  HK 19JAN QSUSM0100
[DEBUG] SM432 08FEB: Match #90: HK 19JAN | Line: 090N 01ELATTAR/AMAL MRS           	72ZXZE E  HK 19JAN QSUSM0100
[DEBUG] SM432 08FEB: Match #91: HK 19JAN | Line: 091N 01ELDAWOUDI/GHALIA           	72ZWSM E  HK 19JAN QSUSM0100
[DEBUG] SM432 08FEB: Match #92: HK 19JAN | Line: 092N 01ELDEBIKY/YOUSSEF           	72ZXZE E  HK 19JAN QSUSM0100
[DEBUG] SM432 08FEB: Match #93: HK 19JAN | Line: 093N 01ELFEKI/SABIHA MRS          	72ZWSM E  HK 19JAN QSUSM0100
[DEBUG] SM432 08FEB: Match #94: HK 19JAN | Line: 094N 01ELGENDY/SAMIA MRS          	72ZXZE E  HK 19JAN QSUSM0100
[DEBUG] SM432 08FEB: Match #95: HK 19JAN | Line: 095N 01ELHEGAZY/NAGLAA M          	72ZXZE E  HK 19JAN QSUSM0100
[DEBUG] SM432 08FEB: Match #96: HK 19JAN | Line: 096N 01ELKADI/ABDALLA MR          	72ZWSM E  HK 19JAN QSUSM0100
[DEBUG] SM432 08FEB: Match #97: HK 19JAN | Line: 097N 01ELKADI/SAMAR MRS           	72ZWSM E  HK 19JAN QSUSM0100
[DEBUG] SM432 08FEB: Match #98: HK 19JAN | Line: 098N 01ELKHOLY/GAMELAT M          	72ZXZE E  HK 19JAN QSUSM0100
[DEBUG] SM432 08FEB: Match #99: HK 19JAN | Line: 099N 01ELMENBAWY/MAGDA M          	72ZXZE E  HK 19JAN QSUSM0100
[DEBUG] SM432 08FEB: Match #100: HK 19JAN | Line: 100N 01ELSANBAWY/SABER M          	72ZXZE E  HK 19JAN QSUSM0100
[DEBUG] SM432 08FEB: Match #101: HK 19JAN | Line: 101N 01FADEL/TAHIA MRS            	72ZXZE E  HK 19JAN QSUSM0100
[DEBUG] SM432 08FEB: Match #102: HK 19JAN | Line: 102N 01HASSAN/BORHAM MRS          	72ZXZE E  HK 19JAN QSUSM0100
[DEBUG] SM432 08FEB: Match #103: HK 19JAN | Line: 103N 01HASSAN/ELSAYED MR          	72ZXZE E  HK 19JAN QSUSM0100
[DEBUG] SM432 08FEB: Match #104: HK 19JAN | Line: 104N 01HASSAN/ELSHAYMAA           	72ZWSM E  HK 19JAN QSUSM0100
[DEBUG] SM432 08FEB: Match #105: HK 19JAN | Line: 105N 01HASSAN/RAGAA MRS           	72ZWSM E  HK 19JAN QSUSM0100
[DEBUG] SM432 08FEB: Match #106: HK 19JAN | Line: 106N 01HASSANEIN/SAFAA M          	72ZWSM E  HK 19JAN QSUSM0100
[DEBUG] SM432 08FEB: Match #107: HK 19JAN | Line: 107N 01HUSSEIN/GHADA MRS          	72ZXZE E  HK 19JAN QSUSM0100
[DEBUG] SM432 08FEB: Match #108: HK 19JAN | Line: 108N 01HUSSEIN/MAHMOUD M          	72ZWSM E  HK 19JAN QSUSM0100
[DEBUG] SM432 08FEB: Match #109: HK 19JAN | Line: 109N 01IBRAHIM/HEBA MRS           	72ZXZE E  HK 19JAN QSUSM0100
[DEBUG] SM432 08FEB: Match #110: HK 19JAN | Line: 110N 01KHAFAGY/EKRAM MRS          	72ZWSM E  HK 19JAN QSUSM0100
[DEBUG] SM432 08FEB: Match #111: HK 19JAN | Line: 111N 01MAHMOUD/FATMAELZA          	72ZWSM E  HK 19JAN QSUSM0100
[DEBUG] SM432 08FEB: Match #112: HK 19JAN | Line: 112N 01MAHMOUD/MONA MRS           	72ZXZE E  HK 19JAN QSUSM0100
[DEBUG] SM432 08FEB: Match #113: HK 19JAN | Line: 113N 01MANSOUR/ABDALLA M          	72ZXZE E  HK 19JAN QSUSM0100
[DEBUG] SM432 08FEB: Match #114: HK 19JAN | Line: 114N 01MASHALI/NESMA MRS          	72ZWSM E  HK 19JAN QSUSM0100
[DEBUG] SM432 08FEB: Match #115: HK 19JAN | Line: 115N 01MASHALI/SAMAH MRS          	72ZWSM E  HK 19JAN QSUSM0100
[DEBUG] SM432 08FEB: Match #116: HK 19JAN | Line: 116N 01MESALAM/EMAN MRS           	72ZXZE E  HK 19JAN QSUSM0100
[DEBUG] SM432 08FEB: Match #117: HK 19JAN | Line: 117N 01MOHAMED/ABDALLAH           	72ZWSM E  HK 19JAN QSUSM0100
[DEBUG] SM432 08FEB: Match #118: HK 19JAN | Line: 118N 01MOHAMED/AMIRA MRS          	72ZWSM E  HK 19JAN QSUSM0100
[DEBUG] SM432 08FEB: Match #119: HK 19JAN | Line: 119N 01MOHAMED/AMIRA MRS          	72ZXZE E  HK 19JAN QSUSM0100
[DEBUG] SM432 08FEB: Match #120: HK 19JAN | Line: 120N 01MOHAMED/AYA MRS            	72ZXZE E  HK 19JAN QSUSM0100
[DEBUG] SM432 08FEB: Match #121: HK 19JAN | Line: 121N 01MOHAMED/DALIA MRS          	72ZWSM E  HK 19JAN QSUSM0100
[DEBUG] SM432 08FEB: Match #122: HK 19JAN | Line: 122N 01MOHAMED/EHDAA MRS          	72ZWSM E  HK 19JAN QSUSM0100
[DEBUG] SM432 08FEB: Match #123: HK 19JAN | Line: 123N 01MOHAMED/HAGER MRS          	72ZWSM E  HK 19JAN QSUSM0100
[DEBUG] SM432 08FEB: Match #124: HK 19JAN | Line: 124N 01MOHAMED/HOUR MRS           	72ZXZE E  HK 19JAN QSUSM0100
[DEBUG] SM432 08FEB: Match #125: HK 19JAN | Line: 125N 01MOHAMED/MOSTAFA M          	72ZXZE E  HK 19JAN QSUSM0100
[DEBUG] SM432 08FEB: Match #126: HK 19JAN | Line: 126N 01MOHAMED/NAWAL MRS          	72ZWSM E  HK 19JAN QSUSM0100
[DEBUG] SM432 08FEB: Match #127: HK 19JAN | Line: 127N 01MOHAMED/RASHA MRS          	72ZWSM E  HK 19JAN QSUSM0100
[DEBUG] SM432 08FEB: Match #128: HK 19JAN | Line: 128N 01MOHAMED/SONDOS MR          	72ZXZE E  HK 19JAN QSUSM0100
[DEBUG] SM432 08FEB: Match #129: HK 19JAN | Line: 129N 01MOKHTAR/SAMIRA MR          	72ZXZE E  HK 19JAN QSUSM0100
[DEBUG] SM432 08FEB: Match #130: HK 19JAN | Line: 130N 01MOUSTAFA/NERMIN M          	72ZWSM E  HK 19JAN QSUSM0100
[DEBUG] SM432 08FEB: Match #131: HK 19JAN | Line: 131N 01ORABY/GIEHAN MRS           	72ZWSM E  HK 19JAN QSUSM0100
[DEBUG] SM432 08FEB: Match #132: HK 19JAN | Line: 132N 01RAGAB/OSSAMA MR            	72ZWSM E  HK 19JAN QSUSM0100
[DEBUG] SM432 08FEB: Match #133: HK 19JAN | Line: 133N 01SAID AHMED/AZZA M          	72ZWSM E  HK 19JAN QSUSM0100
[DEBUG] SM432 08FEB: Match #134: HK 19JAN | Line: 134N 01SALAMA/AHLAM MRS           	72ZWSM E  HK 19JAN QSUSM0100
[DEBUG] SM432 08FEB: Match #135: HK 19JAN | Line: 135N 01SALAMA/NEAMA MRS           	72ZWSM E  HK 19JAN QSUSM0100
[DEBUG] SM432 08FEB: Match #136: HK 19JAN | Line: 136N 01SALAMA/RASHA MRS           	72ZXZE E  HK 19JAN QSUSM0100
[DEBUG] SM432 08FEB: Match #137: HK 19JAN | Line: 137N 01SALAMA/SAMIA MRS           	72ZWSM E  HK 19JAN QSUSM0100
[DEBUG] SM432 08FEB: Match #138: HK 19JAN | Line: 138N 01SALEH/SHADYA MRS           	72ZWSM E  HK 19JAN QSUSM0100
[DEBUG] SM432 08FEB: Match #139: HK 19JAN | Line: 139N 01SALLAM/AHMED MR            	72ZXZE E  HK 19JAN QSUSM0100
[DEBUG] SM432 08FEB: Match #140: HK 19JAN | Line: 140N 01SAYED/TAHA MR              	72ZWSM E  HK 19JAN QSUSM0100
[DEBUG] SM432 08FEB: DUPLICATE #8: 140N HK 19JAN | Skipping
[DEBUG] SM432 08FEB: Match #141: HK 19JAN | Line: 141N 01SAYED/TAHANY MRS           	72ZWSM E  HK 19JAN QSUSM0100
[DEBUG] SM432 08FEB: Match #142: HK 19JAN | Line: 142N 01SELIM/ELSAYEDA MR          	72ZXZE E  HK 19JAN QSUSM0100
[DEBUG] SM432 08FEB: Match #143: HK 19JAN | Line: 143N 01SOLIMAN/FATMA MRS          	72ZWSM E  HK 19JAN QSUSM0100
[DEBUG] SM432 08FEB: Match #144: HK 19JAN | Line: 144N 01SOLIMAN/MAHMOUD M          	72ZXZE E  HK 19JAN QSUSM0100
[DEBUG] SM432 08FEB: Match #145: HK 19JAN | Line: 145N 01TAWFIK/ASHRAF MR           	72ZWSM E  HK 19JAN QSUSM0100
[DEBUG] SM432 08FEB: Match #146: HK 19JAN | Line: 146N 01TAWFIK/EZZAT MR            	72ZWSM E  HK 19JAN QSUSM0100
[LF] SM432 08FEB: LP/T count complete. True WEEKLY: 146, TODAY: 0, YDAY: 0 | Removed 8 duplicates
[LF] SM432 08FEB: LP/T result: WEEKLY=146, TODAY=0, YDAY=0
[LF] SM432 08FEB: LASTSOLD=2026-01-23 00:00:00, WEEKLY=146, TODAY=0, YDAY=0
2026-01-25 07:57:28 | INFO     | [SUCCESS] Day 08FEB
2026-01-25 07:57:28 | INFO     | [DAY_START] Processing 07FEB
[LF] Processing JED-CAI for 07FEB
2026-01-25 07:57:28 | INFO     | [lf.day.start] Processing JED-CAI for 07FEB
[LF] JED↔Cairo route detected - querying both CAI and CCE airports
[LF] Sending SN command: SN07FEBJEDCAI/ASM
[LF] Sending SN command: SN07FEBJEDCCE/ASM
[LF] 07FEB: found 3 direct flights
2026-01-25 07:57:30 | INFO     | [lf.day.flights_found] Found 3 flights on 07FEB
2026-01-25 07:57:32 | INFO     | [lf.flight.extracted] SM450 on 07FEB: BKG=163, LF=94.8%
[LF] SM450 07FEB: BKG=163, GRP=129, CAP=172, LF%=94.8%, Brd-Off=JED-CAI, Classes: P:86, E:43, I:16, O:9, U:8, X:1
[LPC] SM450 07FEB: Found 1 outbound flights with connecting passengers
2026-01-25 07:57:37 | INFO     | [lf.flight.extracted] SM478 on 07FEB: BKG=177, LF=101.1%
[LF] SM478 07FEB: BKG=177, GRP=125, CAP=175, LF%=101.1%, Brd-Off=JED-CAI, Classes: N:3, P:125, I:15, O:17, U:13, X:3, K:1
2026-01-25 07:57:41 | INFO     | [lf.flight.extracted] SM476 on 07FEB: BKG=167, LF=95.4%
[LF] SM476 07FEB: BKG=167, GRP=122, CAP=175, LF%=95.4%, Brd-Off=JED-CAI, Classes: N:1, P:122, I:17, O:6, U:21
[LF] Getting WEEKLY/LASTSOLD data for 3 flights
[LF] SM450 07FEB: LASTSOLD=2026-01-21 00:00:00, WEEKLY=92, TODAY=0, YDAY=0
[LF] SM478 07FEB: LASTSOLD=2026-01-18 00:00:00, WEEKLY=37, TODAY=0, YDAY=0
[LF] SM476 07FEB: WEEKLY=99 → LP/T MANDATORY
[DEBUG] SM476 07FEB: Match #1: HK 21JAN | Line: 001  01ALI/ZAINELABEDIN           	9YPZWZ U  HK 21JAN CAIEG28WT
[DEBUG] SM476 07FEB: Match #2: TK 19JAN | Line: 002  01ASSRAN RADWAN/MOH          	9JMDCL U  TK 19JAN RUHAA28WH
[DEBUG] SM476 07FEB: Match #3: HK 22JAN | Line: 003  02ATITO/MOHAMED AHM          	7QDYPE U  HK 22JAN CAISM0001
[DEBUG] SM476 07FEB: Match #4: HK 22JAN | Line: 004  02ATITO/WAEL AHMED           	7QDYPE U  HK 22JAN CAISM0001
[DEBUG] SM476 07FEB: Match #5: TK 19JAN | Line: 005  01AWAD/EMAN MOHAMED          	7LW9EY U  TK 19JAN CAISM07TP
[DEBUG] SM476 07FEB: Match #6: HK 23JAN | Line: 006  04AYED/ABDULLAH MR           	Y5NKE8 U  HK 23JAN CPHSG34AA
[DEBUG] SM476 07FEB: DUPLICATE #1: 001 HK 21JAN | Skipping
[DEBUG] SM476 07FEB: DUPLICATE #2: 002 TK 19JAN | Skipping
[DEBUG] SM476 07FEB: DUPLICATE #3: 003 HK 22JAN | Skipping
[DEBUG] SM476 07FEB: DUPLICATE #4: 004 HK 22JAN | Skipping
[DEBUG] SM476 07FEB: DUPLICATE #5: 005 TK 19JAN | Skipping
[DEBUG] SM476 07FEB: DUPLICATE #6: 006 HK 23JAN | Skipping
[DEBUG] SM476 07FEB: Match #7: HK 23JAN | Line: 007  04AYED/AHMED MR              	Y5NKE8 U  HK 23JAN CPHSG34AA
[DEBUG] SM476 07FEB: Match #8: HK 23JAN | Line: 008  04AYED/MAHMOUD MR            	Y5NKE8 U  HK 23JAN CPHSG34AA
[DEBUG] SM476 07FEB: Match #9: HK 23JAN | Line: 009  01ELDIB/JANNAH MS            	9B4MEO U  HK 23JAN ISTSM07TP
[DEBUG] SM476 07FEB: Match #10: TK 19JAN | Line: 010  01ELKHADRAGY/AYA SA          	9BEFYR U  TK 19JAN ISTSM07TP
[DEBUG] SM476 07FEB: Match #11: HK 23JAN | Line: 011  04ELMOSLIMANY/BASSM          	Y5NKE8 U  HK 23JAN CPHSG34AA
[DEBUG] SM476 07FEB: Match #12: HK 22JAN | Line: 012  02GOHAR/RABAB MRS            	7U5SKV U  HK 22JAN CAISM07TP
[DEBUG] SM476 07FEB: Match #13: HK 24JAN | Line: 013  03HASSAN/OLFAT MRS           	8RE267 U  HK 24JAN CAIEG345C
[DEBUG] SM476 07FEB: Match #14: HK 22JAN | Line: 014  02IBRAHIM/IBRAHIM K          	7U5SKV U  HK 22JAN CAISM07TP
[DEBUG] SM476 07FEB: Match #15: HK 24JAN | Line: 015  03IBRAHIM/RABIE MR           	8RE267 U  HK 24JAN CAIEG345C
[DEBUG] SM476 07FEB: Match #16: HK 24JAN | Line: 016  01MOHAMED/HASSAN MA          	8NN8XK U  HK 24JAN CAIEG28L2
[DEBUG] SM476 07FEB: Match #17: HK 23JAN | Line: 017  01OSMAN/HEBA MOHAME          	8BC4NO U  HK 23JAN CAIEG28L2
[DEBUG] SM476 07FEB: Match #18: HK 24JAN | Line: 018  03SAYED/MAHMOUD MR           	8RE267 U  HK 24JAN CAIEG345C
[DEBUG] SM476 07FEB: Match #19: HK 23JAN | Line: 019  02SWELM/AMR MR               	8AE2VF U  HK 23JAN CAISM08AA
[DEBUG] SM476 07FEB: Match #20: HK 23JAN | Line: 020  02SWELM/NOHA MS              	8AE2VF U  HK 23JAN CAISM08AA
[DEBUG] SM476 07FEB: Match #21: HK 24JAN | Line: 021  01ZAAFAN/HEND MRS            	8TJK4O U  HK 24JAN JEDSM08AA
[DEBUG] SM476 07FEB: Match #22: TK 19JAN | Line: 022  01ABDELHAFEZ/AHMED           	9UXSBG O  TK 19JAN CAISM0727
[DEBUG] SM476 07FEB: Match #23: TK 19JAN | Line: 023  02ALZAINY/FATMA              	96B9RG O  TK 19JAN RUHS228YD
[DEBUG] SM476 07FEB: Match #24: TK 19JAN | Line: 024  01ELSAYED/EMAN MS            	ZQL8UL O  TK 19JAN CPHSG34AA
[DEBUG] SM476 07FEB: Match #25: TK 19JAN | Line: 025  01MOHAMED/MENNA MRS          	84Q52X O  TK 19JAN JEDAK38AC
[DEBUG] SM476 07FEB: Match #26: TK 19JAN | Line: 026  01SEDDIK/ABDELRAHMA          	946SJD O  TK 19JAN LAXSM07NI
[DEBUG] SM476 07FEB: Match #27: TK 19JAN | Line: 027  02ZEIN/OMNIA                 	96B9RG O  TK 19JAN RUHS228YD
[DEBUG] SM476 07FEB: Match #28: TK 19JAN | Line: 028  01ABDELAAL/DAHY KHA          	8GD3AL I  TK 19JAN RUHAA28WH
[DEBUG] SM476 07FEB: Match #29: TK 19JAN | Line: 029  01ABDELMONEM/MARWA           	78KJ3G I  TK 19JAN ISTSM07TP
[DEBUG] SM476 07FEB: Match #30: TK 19JAN | Line: 030  02ABDELNAIEM MOHAME          	8VKQ7U I  TK 19JAN JEDAK38AC
[DEBUG] SM476 07FEB: Match #31: TK 19JAN | Line: 031  02AGIBA/MOHAMED              	9HKZCF I  TK 19JAN RUHS228YD
[DEBUG] SM476 07FEB: Match #32: TK 19JAN | Line: 032  02AHMED HASSAN/TALA          	8VKQ7U I  TK 19JAN JEDAK38AC
[DEBUG] SM476 07FEB: Match #33: TK 19JAN | Line: 033  02DIAB/MOHAMED MR            	8VNQC2 I  TK 19JAN CAISM07TP
[DEBUG] SM476 07FEB: Match #34: TK 19JAN | Line: 034  01ELNAWWAM/MOHAMED           	8FND98 I  TK 19JAN RUHAA28WH
[DEBUG] SM476 07FEB: Match #35: TK 19JAN | Line: 035  02HUSSEIN/AAN IBRAH          	8E4A6N I  TK 19JAN CAIEG2797
[DEBUG] SM476 07FEB: Match #36: TK 19JAN | Line: 036  01MOHAMED/ASMAA AZA          	7X5E56 I  TK 19JAN CAI3C28CL
[DEBUG] SM476 07FEB: Match #37: TK 19JAN | Line: 037  01MOHAMED/DINA MRS           	9G7H7F I  TK 19JAN JEDAK38AC
[DEBUG] SM476 07FEB: Match #38: TK 19JAN | Line: 038  02MOHAMED/HOSNIA MS          	8VNQC2 I  TK 19JAN CAISM07TP
[DEBUG] SM476 07FEB: Match #39: TK 19JAN | Line: 039  02MOHAMED/LAILA MS           	9XLRMN I  TK 19JAN JEDS22217
[DEBUG] SM476 07FEB: Match #40: TK 19JAN | Line: 040  02RAMADAN/ATTIAT             	9HKZCF I  TK 19JAN RUHS228YD
[DEBUG] SM476 07FEB: Match #41: TK 19JAN | Line: 041  01REFAI/ABDULLAH MR          	7D6T6D I  TK 19JAN ISTSM07TP
[DEBUG] SM476 07FEB: Match #42: TK 19JAN | Line: 042  02SABAH/HUSSEIN MOH          	8E4A6N I  TK 19JAN CAIEG2797
[DEBUG] SM476 07FEB: Match #43: TK 19JAN | Line: 043  02SALEM/SHIMAA MRS           	9XLRMN I  TK 19JAN JEDS22217
[DEBUG] SM476 07FEB: Match #44: TK 19JAN | Line: 044  01SHABOUR/FATEMAH E          	9F5JJJ I  TK 19JAN RUHAA28WH
[DEBUG] SM476 07FEB: Match #45: HK 19JAN | Line: 045N 01ABDALLA/AFAF ABDE          	82UDJ3 P  HK 19JAN CAISM0100
[DEBUG] SM476 07FEB: Match #46: HK 19JAN | Line: 046N 01ABDALLA/BADAWEYA           	82TQYG P  HK 19JAN CAISM0100
[DEBUG] SM476 07FEB: Match #47: HK 19JAN | Line: 047N 01ABDALLA/MARAM ALA          	82TQYG P  HK 19JAN CAISM0100
[DEBUG] SM476 07FEB: Match #48: HK 19JAN | Line: 048N 01ABDELAAL/EMAN FOU          	82TQYG P  HK 19JAN CAISM0100
[DEBUG] SM476 07FEB: Match #49: HK 19JAN | Line: 049N 01ABDELAAL/KOMTHRA           	82UDJ3 P  HK 19JAN CAISM0100
[DEBUG] SM476 07FEB: Match #50: HK 19JAN | Line: 050N 01ABDELAZIZ/ABDELME          	82UDJ3 P  HK 19JAN CAISM0100
[DEBUG] SM476 07FEB: Match #51: HK 19JAN | Line: 051N 01ABDELAZIZ/AYA ALA          	82X4Q4 P  HK 19JAN CAISM0100
[DEBUG] SM476 07FEB: Match #52: HK 19JAN | Line: 052N 01ABDELFATTAH/ASMAA          	82TQYG P  HK 19JAN CAISM0100
[DEBUG] SM476 07FEB: Match #53: HK 19JAN | Line: 053N 01ABDELGHANI/AMANI           	82UDJ3 P  HK 19JAN CAISM0100
[DEBUG] SM476 07FEB: Match #54: HK 19JAN | Line: 054N 01ABDELRAZEK/SALMA           	82UDJ3 P  HK 19JAN CAISM0100
[DEBUG] SM476 07FEB: Match #55: HK 19JAN | Line: 055N 01ABDELSALAM/LAMIAA          	82UDJ3 P  HK 19JAN CAISM0100
[DEBUG] SM476 07FEB: Match #56: HK 19JAN | Line: 056N 01ABDRABBOU/HODA RA          	82X4Q4 P  HK 19JAN CAISM0100
[DEBUG] SM476 07FEB: Match #57: HK 19JAN | Line: 057N 01ABDRABOU/MONA ELS          	82X4Q4 P  HK 19JAN CAISM0100
[DEBUG] SM476 07FEB: Match #58: HK 19JAN | Line: 058N 01ABOHATAB/ASMAA MO          	82UDJ3 P  HK 19JAN CAISM0100
[DEBUG] SM476 07FEB: Match #59: HK 19JAN | Line: 059N 01ABOKHALID/NASRA T          	82TQYG P  HK 19JAN CAISM0100
[DEBUG] SM476 07FEB: Match #60: HK 19JAN | Line: 060N 01ABOUABDALLA/WEDAD          	82TQYG P  HK 19JAN CAISM0100
[DEBUG] SM476 07FEB: Match #61: HK 19JAN | Line: 061N 01ABOUELELA/NASHWA           	82TQYG P  HK 19JAN CAISM0100
[DEBUG] SM476 07FEB: Match #62: HK 19JAN | Line: 062N 01ABOUELELA/SAMAH A          	82X4Q4 P  HK 19JAN CAISM0100
[DEBUG] SM476 07FEB: Match #63: HK 19JAN | Line: 063N 01ABOUZAID/TALYA FA          	82X4Q4 P  HK 19JAN CAISM0100
[DEBUG] SM476 07FEB: Match #64: HK 19JAN | Line: 064N 01ABOYOUSSEF/SOMAIA          	82TQYG P  HK 19JAN CAISM0100
[DEBUG] SM476 07FEB: Match #65: HK 19JAN | Line: 065N 01ACHOURI/ADHAM HUS          	82TQYG P  HK 19JAN CAISM0100
[DEBUG] SM476 07FEB: Match #66: HK 19JAN | Line: 066N 01AHMED/AIDA RAMADA          	82TQYG P  HK 19JAN CAISM0100
[DEBUG] SM476 07FEB: Match #67: HK 19JAN | Line: 067N 01AHMED/HADIR OTHMA          	82X4Q4 P  HK 19JAN CAISM0100
[DEBUG] SM476 07FEB: Match #68: HK 19JAN | Line: 068N 01AHMED/HANA MOHAME          	82UDJ3 P  HK 19JAN CAISM0100
[DEBUG] SM476 07FEB: Match #69: HK 19JAN | Line: 069N 01AHMED/HANAN AHMED          	82TQYG P  HK 19JAN CAISM0100
[DEBUG] SM476 07FEB: Match #70: HK 19JAN | Line: 070N 01AHMED/MOHAMED MOH          	82UDJ3 P  HK 19JAN CAISM0100
[DEBUG] SM476 07FEB: Match #71: HK 19JAN | Line: 071N 01AHMED/MOHAMED SHA          	82UDJ3 P  HK 19JAN CAISM0100
[DEBUG] SM476 07FEB: Match #72: HK 19JAN | Line: 072N 01AHMED/NAGAT ABOUE          	82TQYG P  HK 19JAN CAISM0100
[DEBUG] SM476 07FEB: Match #73: HK 19JAN | Line: 073N 01AHMED/NOURHAN MOH          	82UDJ3 P  HK 19JAN CAISM0100
[DEBUG] SM476 07FEB: Match #74: HK 19JAN | Line: 074N 01AHMED/RANIA SALAH          	82TQYG P  HK 19JAN CAISM0100
[DEBUG] SM476 07FEB: Match #75: HK 19JAN | Line: 075N 01AHMED/REDA MOHAME          	82UDJ3 P  HK 19JAN CAISM0100
[DEBUG] SM476 07FEB: Match #76: HK 19JAN | Line: 076N 01AHMED/SHAIMAA SAL          	82TQYG P  HK 19JAN CAISM0100
[DEBUG] SM476 07FEB: Match #77: HK 19JAN | Line: 077N 01ALGEBALY/MAHYTAB           	82TQYG P  HK 19JAN CAISM0100
[DEBUG] SM476 07FEB: Match #78: HK 19JAN | Line: 078N 01ALY/FAIKA ABBAS            	82TQYG P  HK 19JAN CAISM0100
[DEBUG] SM476 07FEB: Match #79: HK 19JAN | Line: 079N 01AMER/AHMED MOUSTA          	82TQYG P  HK 19JAN CAISM0100
[DEBUG] SM476 07FEB: Match #80: HK 19JAN | Line: 080N 01AMMAR/TOKA MAMDOU          	8EJU5F P  HK 19JAN CAISM0100
[DEBUG] SM476 07FEB: Match #81: HK 19JAN | Line: 081N 01BAKRY/NAFISA MOHA          	82TQYG P  HK 19JAN CAISM0100
[DEBUG] SM476 07FEB: Match #82: HK 19JAN | Line: 082N 01DAABOUS/ZEINAB AB          	82X4Q4 P  HK 19JAN CAISM0100
[DEBUG] SM476 07FEB: Match #83: HK 19JAN | Line: 083N 01EBID/SAMAR ISMAIL          	82TQYG P  HK 19JAN CAISM0100
[DEBUG] SM476 07FEB: Match #84: HK 19JAN | Line: 084N 01ELAALOUMI/RAGAA A          	82X4Q4 P  HK 19JAN CAISM0100
[DEBUG] SM476 07FEB: Match #85: HK 19JAN | Line: 085N 01ELAFNI/IBRAHIM HA          	82TQYG P  HK 19JAN CAISM0100
[DEBUG] SM476 07FEB: Match #86: HK 19JAN | Line: 086N 01ELAFNI/KARIMA HAS          	82TQYG P  HK 19JAN CAISM0100
[DEBUG] SM476 07FEB: Match #87: HK 19JAN | Line: 087N 01ELBOGDADY/ASMAA A          	82UDJ3 P  HK 19JAN CAISM0100
[DEBUG] SM476 07FEB: Match #88: HK 19JAN | Line: 088N 01ELBOGHDADY/AHMED           	82UDJ3 P  HK 19JAN CAISM0100
[DEBUG] SM476 07FEB: Match #89: HK 19JAN | Line: 089N 01ELDEMERDASH/AHMED          	82X4Q4 P  HK 19JAN CAISM0100
[DEBUG] SM476 07FEB: Match #90: HK 19JAN | Line: 090N 01ELDEYARBI/SHOKRIA          	82X4Q4 P  HK 19JAN CAISM0100
[DEBUG] SM476 07FEB: Match #91: HK 19JAN | Line: 091N 01ELGHALABA/ASMAA E          	82X4Q4 P  HK 19JAN CAISM0100
[DEBUG] SM476 07FEB: Match #92: HK 19JAN | Line: 092N 01ELGHARIB/MONA SAI          	82X4Q4 P  HK 19JAN CAISM0100
[DEBUG] SM476 07FEB: Match #93: HK 19JAN | Line: 093N 01ELGHAWALBI/MAGDA           	82X4Q4 P  HK 19JAN CAISM0100
[DEBUG] SM476 07FEB: Match #94: HK 19JAN | Line: 094N 01ELGOUHARI/BAHAA H          	82X4Q4 P  HK 19JAN CAISM0100
[DEBUG] SM476 07FEB: Match #95: HK 19JAN | Line: 095N 01ELHADIDY/AHMED KO          	82UDJ3 P  HK 19JAN CAISM0100
[DEBUG] SM476 07FEB: Match #96: HK 19JAN | Line: 096N 01ELKANDOUS/FAYROYZ          	82X4Q4 P  HK 19JAN CAISM0100
[DEBUG] SM476 07FEB: Match #97: HK 19JAN | Line: 097N 01ELKANDOUZ/ALI FAY          	82X4Q4 P  HK 19JAN CAISM0100
[DEBUG] SM476 07FEB: Match #98: HK 19JAN | Line: 098N 01ELKARARGI/KAMEL M          	82X4Q4 P  HK 19JAN CAISM0100
[DEBUG] SM476 07FEB: Match #99: HK 19JAN | Line: 099N 01ELKARARGI/RAGAB K          	82X4Q4 P  HK 19JAN CAISM0100
[DEBUG] SM476 07FEB: Match #100: HK 19JAN | Line: 100N 01ELKASABI/MANAL SA          	82UDJ3 P  HK 19JAN CAISM0100
[DEBUG] SM476 07FEB: Match #101: HK 19JAN | Line: 101N 01ELKRARGI/MADIHA K          	82X4Q4 P  HK 19JAN CAISM0100
[DEBUG] SM476 07FEB: Match #102: HK 19JAN | Line: 102N 01ELNADI/ALIA ELGHA          	82X4Q4 P  HK 19JAN CAISM0100
[DEBUG] SM476 07FEB: Match #103: HK 19JAN | Line: 103N 01ELSAYED/AMAL ABDE          	82TQYG P  HK 19JAN CAISM0100
[DEBUG] SM476 07FEB: Match #104: HK 19JAN | Line: 104N 01ELSAYED/FADIA ASH          	82UDJ3 P  HK 19JAN CAISM0100
[DEBUG] SM476 07FEB: Match #105: HK 19JAN | Line: 105N 01ELSAYED/MERFAT MO          	82X4Q4 P  HK 19JAN CAISM0100
[DEBUG] SM476 07FEB: Match #106: HK 19JAN | Line: 106N 01ELSAYED/MOSTAFA Y          	82TQYG P  HK 19JAN CAISM0100
[DEBUG] SM476 07FEB: Match #107: HK 19JAN | Line: 107N 01ELTANTAWI/HEBA EL          	82UDJ3 P  HK 19JAN CAISM0100
[DEBUG] SM476 07FEB: Match #108: HK 19JAN | Line: 108N 01ELWALILY/AZIZA AB          	82TQYG P  HK 19JAN CAISM0100
[DEBUG] SM476 07FEB: Match #109: HK 19JAN | Line: 109N 01FADLON/AMAL GALAL          	82TQYG P  HK 19JAN CAISM0100
[DEBUG] SM476 07FEB: Match #110: HK 19JAN | Line: 110N 01FADLOUN/NOUSA GAL          	82TQYG P  HK 19JAN CAISM0100
[DEBUG] SM476 07FEB: Match #111: HK 19JAN | Line: 111N 01FARAG/AYDA MOHAME          	82X4Q4 P  HK 19JAN CAISM0100
[DEBUG] SM476 07FEB: Match #112: HK 19JAN | Line: 112N 01FAYYAD/MONA SHAWK          	82UDJ3 P  HK 19JAN CAISM0100
[DEBUG] SM476 07FEB: Match #113: HK 19JAN | Line: 113N 01GABR/NAGAT ALI             	82X4Q4 P  HK 19JAN CAISM0100
[DEBUG] SM476 07FEB: Match #114: HK 19JAN | Line: 114N 01GAD/NAGLAA GAMAL           	82X4Q4 P  HK 19JAN CAISM0100
[DEBUG] SM476 07FEB: Match #115: HK 19JAN | Line: 115N 01HAMED/AHMED ATTIA          	82X4Q4 P  HK 19JAN CAISM0100
[DEBUG] SM476 07FEB: Match #116: HK 19JAN | Line: 116N 01HAMED/GEHAD ATTIA          	82X4Q4 P  HK 19JAN CAISM0100
[DEBUG] SM476 07FEB: Match #117: HK 19JAN | Line: 117N 01HAMMAD/AHMED AHME          	82X4Q4 P  HK 19JAN CAISM0100
[DEBUG] SM476 07FEB: Match #118: HK 19JAN | Line: 118N 01HASSANIN/MAHER AH          	82UDJ3 P  HK 19JAN CAISM0100
[DEBUG] SM476 07FEB: Match #119: HK 19JAN | Line: 119N 01HEBISHE/ATIAT ABD          	82UDJ3 P  HK 19JAN CAISM0100
[DEBUG] SM476 07FEB: Match #120: HK 19JAN | Line: 120N 01HEGAB/ABOELMAGD B          	82TQYG P  HK 19JAN CAISM0100
[DEBUG] SM476 07FEB: Match #121: HK 19JAN | Line: 121N 01HEGAB/MOHAMED ABO          	82TQYG P  HK 19JAN CAISM0100
[DEBUG] SM476 07FEB: Match #122: HK 19JAN | Line: 122N 01HENDI/KHALED AHME          	82TQYG P  HK 19JAN CAISM0100
[DEBUG] SM476 07FEB: Match #123: HK 19JAN | Line: 123N 01IBRAHIM/AHMED IHA          	82UDJ3 P  HK 19JAN CAISM0100
[DEBUG] SM476 07FEB: Match #124: HK 19JAN | Line: 124N 01IBRAHIM/AMAAL YOU          	82TQYG P  HK 19JAN CAISM0100
[DEBUG] SM476 07FEB: Match #125: HK 19JAN | Line: 125N 01IBRAHIM/RAWAA BED          	82TQYG P  HK 19JAN CAISM0100
[DEBUG] SM476 07FEB: Match #126: HK 19JAN | Line: 126N 01ISMAIL/AMAL HUSSE          	82TQYG P  HK 19JAN CAISM0100
[DEBUG] SM476 07FEB: Match #127: HK 19JAN | Line: 127N 01ISMAIL/MAYADA GOM          	82X4Q4 P  HK 19JAN CAISM0100
[DEBUG] SM476 07FEB: Match #128: HK 19JAN | Line: 128N 01KELANY/FATMA MAHM          	82UDJ3 P  HK 19JAN CAISM0100
[DEBUG] SM476 07FEB: Match #129: HK 19JAN | Line: 129N 01KHALAF/EMAN MOHAM          	82UDJ3 P  HK 19JAN CAISM0100
[DEBUG] SM476 07FEB: Match #130: HK 19JAN | Line: 130N 01KHALIL/HEBA MOHAM          	82X4Q4 P  HK 19JAN CAISM0100
[DEBUG] SM476 07FEB: Match #131: HK 19JAN | Line: 131N 01MANSOUR/TAREK MAH          	82UDJ3 P  HK 19JAN CAISM0100
[DEBUG] SM476 07FEB: Match #132: HK 19JAN | Line: 132N 01MAREI/SHAIMAA OTH          	82X4Q4 P  HK 19JAN CAISM0100
[DEBUG] SM476 07FEB: Match #133: HK 19JAN | Line: 133N 01MARZOUK/ALI ABDEL          	82TQYG P  HK 19JAN CAISM0100
[DEBUG] SM476 07FEB: Match #134: HK 19JAN | Line: 134N 01MARZOUK/ALI ALI            	82TQYG P  HK 19JAN CAISM0100
[DEBUG] SM476 07FEB: Match #135: HK 19JAN | Line: 135N 01MARZOUK/MOHAMED A          	82TQYG P  HK 19JAN CAISM0100
[DEBUG] SM476 07FEB: Match #136: HK 19JAN | Line: 136N 01METAWEA/MOHAMED E          	82X4Q4 P  HK 19JAN CAISM0100
[DEBUG] SM476 07FEB: Match #137: HK 19JAN | Line: 137N 01MOGHAZI/AHMED GAM          	82TQYG P  HK 19JAN CAISM0100
[DEBUG] SM476 07FEB: Match #138: HK 19JAN | Line: 138N 01MOHAMED/AZZA MOHA          	82X4Q4 P  HK 19JAN CAISM0100
[DEBUG] SM476 07FEB: Match #139: HK 19JAN | Line: 139N 01MOHAMED/MANAL MAH          	82UDJ3 P  HK 19JAN CAISM0100
[DEBUG] SM476 07FEB: Match #140: HK 19JAN | Line: 140N 01MOHAMED/NADIA ABD          	82TQYG P  HK 19JAN CAISM0100
[DEBUG] SM476 07FEB: Match #141: HK 19JAN | Line: 141N 01MOHAMED/RABAB HEL          	82UDJ3 P  HK 19JAN CAISM0100
[DEBUG] SM476 07FEB: Match #142: HK 19JAN | Line: 142N 01MOHAMED/RAMADAN I          	82UDJ3 P  HK 19JAN CAISM0100
[DEBUG] SM476 07FEB: Match #143: HK 19JAN | Line: 143N 01MOSTAFA/NASER FAT          	82TQYG P  HK 19JAN CAISM0100
[DEBUG] SM476 07FEB: Match #144: HK 19JAN | Line: 144N 01MOUSSA/ASMAA ABOU          	82UDJ3 P  HK 19JAN CAISM0100
[DEBUG] SM476 07FEB: Match #145: HK 19JAN | Line: 145N 01MOUSTAFA/OMAR KHA          	82X4Q4 P  HK 19JAN CAISM0100
[DEBUG] SM476 07FEB: Match #146: HK 19JAN | Line: 146N 01NABATA/KHALED SHA          	82UDJ3 P  HK 19JAN CAISM0100
[DEBUG] SM476 07FEB: Match #147: HK 19JAN | Line: 147N 01NASRELDIN/ATEF HU          	82X4Q4 P  HK 19JAN CAISM0100
[DEBUG] SM476 07FEB: Match #148: HK 19JAN | Line: 148N 01ORBAN/AMAL SALAH           	82X4Q4 P  HK 19JAN CAISM0100
[DEBUG] SM476 07FEB: Match #149: HK 19JAN | Line: 149N 01SAAFAN/ELSAYED MO          	82X4Q4 P  HK 19JAN CAISM0100
[DEBUG] SM476 07FEB: Match #150: HK 19JAN | Line: 150N 01SAID/MAHMOUD MOHA          	82TQYG P  HK 19JAN CAISM0100
[DEBUG] SM476 07FEB: Match #151: HK 19JAN | Line: 151N 01SALAMA/ANAS MOHAM          	82X4Q4 P  HK 19JAN CAISM0100
[DEBUG] SM476 07FEB: Match #152: HK 19JAN | Line: 152N 01SALAMA/AZZA ELSAY          	82TQYG P  HK 19JAN CAISM0100
[DEBUG] SM476 07FEB: Match #153: HK 19JAN | Line: 153N 01SALAMA/SAMAR MOSB          	82X4Q4 P  HK 19JAN CAISM0100
[DEBUG] SM476 07FEB: Match #154: HK 19JAN | Line: 154N 01SALEH/FAHMI ANWAR          	82TQYG P  HK 19JAN CAISM0100
[DEBUG] SM476 07FEB: Match #155: HK 19JAN | Line: 155N 01SALEM/SAMAR MOHAM          	82X4Q4 P  HK 19JAN CAISM0100
[DEBUG] SM476 07FEB: Match #156: HK 19JAN | Line: 156N 01SEDIK/MOHAMED ABD          	82UDJ3 P  HK 19JAN CAISM0100
[DEBUG] SM476 07FEB: Match #157: HK 19JAN | Line: 157N 01SHAABAN/AMAL SAAD          	82TQYG P  HK 19JAN CAISM0100
[DEBUG] SM476 07FEB: Match #158: HK 19JAN | Line: 158N 01SHALABI/MAHMOUD A          	82X4Q4 P  HK 19JAN CAISM0100
[DEBUG] SM476 07FEB: Match #159: HK 19JAN | Line: 159N 01SOLIMAN/MOHAMED S          	82TQYG P  HK 19JAN CAISM0100
[DEBUG] SM476 07FEB: Match #160: HK 19JAN | Line: 160N 01SOLIMAN/SALMAN MO          	82TQYG P  HK 19JAN CAISM0100
[DEBUG] SM476 07FEB: Match #161: HK 19JAN | Line: 161N 01SOLIMAN/SOHIR ABD          	82UDJ3 P  HK 19JAN CAISM0100
[DEBUG] SM476 07FEB: Match #162: HK 19JAN | Line: 162N 01YOUSSEF/MAHA ELSA          	82X4Q4 P  HK 19JAN CAISM0100
[DEBUG] SM476 07FEB: Match #163: HK 19JAN | Line: 163N 01YOUSSEF/MAHMOUD M          	82X4Q4 P  HK 19JAN CAISM0100
[DEBUG] SM476 07FEB: Match #164: HK 19JAN | Line: 164N 01YOUSSEF/MOHAMED A          	82X4Q4 P  HK 19JAN CAISM0100
[DEBUG] SM476 07FEB: Match #165: HK 19JAN | Line: 165N 01YOUSSEF/MOHAMED A          	82UDJ3 P  HK 19JAN CAISM0100
[DEBUG] SM476 07FEB: Match #166: HK 19JAN | Line: 166N 01YOUSSEF/NOURIN AS          	82UDJ3 P  HK 19JAN CAISM0100
[DEBUG] SM476 07FEB: Match #167: TK 19JAN | Line: 167  01SELIM/DINA MOHAME          	9N2GT8 N  TK 19JAN CAISM05IN
[LF] SM476 07FEB: LP/T count complete. True WEEKLY: 167, TODAY: 0, YDAY: 5 | Removed 6 duplicates
[LF] SM476 07FEB: LP/T result: WEEKLY=167, TODAY=0, YDAY=5
[LF] SM476 07FEB: LASTSOLD=2026-01-24 00:00:00, WEEKLY=167, TODAY=0, YDAY=5
2026-01-25 07:58:11 | INFO     | [SUCCESS] Day 07FEB
2026-01-25 07:58:11 | INFO     | [DAY_START] Processing 06FEB
[LF] Processing JED-CAI for 06FEB
2026-01-25 07:58:11 | INFO     | [lf.day.start] Processing JED-CAI for 06FEB
[LF] JED↔Cairo route detected - querying both CAI and CCE airports
[LF] Sending SN command: SN06FEBJEDCAI/ASM
[LF] Sending SN command: SN06FEBJEDCCE/ASM
[LF] 06FEB: found 6 direct flights
2026-01-25 07:58:13 | INFO     | [lf.day.flights_found] Found 6 flights on 06FEB
2026-01-25 07:58:15 | INFO     | [lf.flight.extracted] SM424 on 06FEB: BKG=156, LF=90.7%
[LF] SM424 06FEB: BKG=156, GRP=71, CAP=172, LF%=90.7%, Brd-Off=JED-CAI, Classes: P:71, I:15, O:16, U:17, X:16, T:17, G:1, K:3
2026-01-25 07:58:19 | INFO     | [lf.flight.extracted] SM476 on 06FEB: BKG=105, LF=62.9%
[LF] SM476 06FEB: BKG=105, GRP=1, CAP=167, LF%=62.9%, Brd-Off=JED-CAI, Classes: N:2, P:1, I:17, O:17, U:17, X:17, T:31, S:3
[LPC] SM476 06FEB: Found 2 outbound flights with connecting passengers
2026-01-25 07:58:24 | INFO     | [lf.flight.extracted] SM480 on 06FEB: BKG=159, LF=90.9%
[LF] SM480 06FEB: BKG=159, GRP=66, CAP=175, LF%=90.9%, Brd-Off=JED-CAI, Classes: P:66, I:17, O:14, U:19, X:16, T:17, W:10
2026-01-25 07:58:28 | INFO     | [lf.flight.extracted] SM472 on 06FEB: BKG=172, LF=98.3%
[LF] SM472 06FEB: BKG=172, GRP=138, CAP=175, LF%=98.3%, Brd-Off=JED-CAI, Classes: P:139, I:14, O:5, U:13, K:1
2026-01-25 07:58:31 | INFO     | [lf.flight.extracted] SM460 on 06FEB: BKG=144, LF=86.2%
[LF] SM460 06FEB: BKG=144, GRP=105, CAP=167, LF%=86.2%, Brd-Off=JED-CAI, Classes: P:105, I:17, O:5, U:9, S:5, K:3
2026-01-25 07:58:35 | INFO     | [lf.flight.extracted] SM478 on 06FEB: BKG=162, LF=92.6%
[LF] SM478 06FEB: BKG=162, GRP=89, CAP=175, LF%=92.6%, Brd-Off=JED-CAI, Classes: P:89, I:16, O:17, U:27, X:13
[LF] Getting WEEKLY/LASTSOLD data for 6 flights
[LF] SM424 06FEB: LASTSOLD=2026-01-21 00:00:00, WEEKLY=3, TODAY=0, YDAY=0
[LF] SM476 06FEB: LASTSOLD=2026-01-24 00:00:00, WEEKLY=18, TODAY=0, YDAY=1
[LF] SM480 06FEB: LASTSOLD=2026-01-23 00:00:00, WEEKLY=22, TODAY=0, YDAY=0
[LF] SM472 06FEB: LASTSOLD=2026-01-24 00:00:00, WEEKLY=1, TODAY=0, YDAY=1
[LF] SM460 06FEB: LASTSOLD=2026-01-24 00:00:00, WEEKLY=14, TODAY=0, YDAY=2
[LF] SM478 06FEB: WEEKLY=99 → LP/T MANDATORY
[DEBUG] SM478 06FEB: Match #1: HK 24JAN | Line: 001  01AHMED/NAGLAA E             	8S5XZM X  HK 24JAN RUHAA28WH
[DEBUG] SM478 06FEB: Match #2: HK 23JAN | Line: 002  01ALAWLAQI/MOHAMMED          	8B3SCI X  HK 23JAN JEDSM08AA
[DEBUG] SM478 06FEB: Match #3: HK 22JAN | Line: 003  03ALEMRAN/EMRAN              	7JKSMQ X  HK 22JAN RUHAA28WH
[DEBUG] SM478 06FEB: Match #4: HK 22JAN | Line: 004  03ALEMRAN/SAAD               	7JKSMQ X  HK 22JAN RUHAA28WH
[DEBUG] SM478 06FEB: Match #5: HK 19JAN | Line: 005  02ALHARBI/TARIK GHU          	Z8JTTR X  HK 19JAN OSLSG34AA
[DEBUG] SM478 06FEB: Match #6: HK 24JAN | Line: 006  01ALMAJEASHI/MOHAMM          	8QG224 X  HK 24JAN JEDAK38AC
[DEBUG] SM478 06FEB: DUPLICATE #1: 001 HK 24JAN | Skipping
[DEBUG] SM478 06FEB: DUPLICATE #2: 002 HK 23JAN | Skipping
[DEBUG] SM478 06FEB: DUPLICATE #3: 003 HK 22JAN | Skipping
[DEBUG] SM478 06FEB: DUPLICATE #4: 004 HK 22JAN | Skipping
[DEBUG] SM478 06FEB: DUPLICATE #5: 005 HK 19JAN | Skipping
[DEBUG] SM478 06FEB: DUPLICATE #6: 006 HK 24JAN | Skipping
[DEBUG] SM478 06FEB: Match #7: HK 22JAN | Line: 007  03ALSHARIF/AZIZA             	7JKSMQ X  HK 22JAN RUHAA28WH
[DEBUG] SM478 06FEB: Match #8: HK 22JAN | Line: 008  03ELSAID/RIMAS MOHA          	7QYGDA X  HK 22JAN ALYEG3722
[DEBUG] SM478 06FEB: Match #9: HK 22JAN | Line: 009  03ELSAID/RIVAN MOHA          	7QYGDA X  HK 22JAN ALYEG3722
[DEBUG] SM478 06FEB: Match #10: HK 22JAN | Line: 010  02MAHMOUD/MOHAMED            	7TCGI3 X  HK 22JAN RUHAA2218
[DEBUG] SM478 06FEB: Match #11: HK 22JAN | Line: 011  03YEHYA/HADIR MOHEB          	7QYGDA X  HK 22JAN ALYEG3722
[DEBUG] SM478 06FEB: Match #12: HK 22JAN | Line: 012  02YOUNES/ZAHRAA              	7TCGI3 X  HK 22JAN RUHAA2218
[DEBUG] SM478 06FEB: Match #13: HK 19JAN | Line: 013  02ZENG/ZISHAN MS             	Z8JTTR X  HK 19JAN OSLSG34AA
[DEBUG] SM478 06FEB: Match #14: HK 21JAN | Line: 014  04ABDELNABI/KINDA O          	78IPV5 U  HK 21JAN CAIEG28WT
[DEBUG] SM478 06FEB: Match #15: HK 21JAN | Line: 015  04ABDELNABI/OSAMA M          	78IPV5 U  HK 21JAN CAIEG28WT
[DEBUG] SM478 06FEB: Match #16: HK 21JAN | Line: 016  04ABDELNABY/YOUSSEF          	78IPV5 U  HK 21JAN CAIEG28WT
[DEBUG] SM478 06FEB: Match #17: HK 22JAN | Line: 017  02ABDOU/RANDA MS             	XHMDZU U  HK 22JAN CPHSG34AA
[DEBUG] SM478 06FEB: Match #18: TK 19JAN | Line: 018  04ALJOHANI/NAJWA             	9QHIRD U  TK 19JAN RUHS228YD
[DEBUG] SM478 06FEB: Match #19: TK 19JAN | Line: 019  04ALJOHANI/NUJUD             	9QHIRD U  TK 19JAN RUHS228YD
[DEBUG] SM478 06FEB: Match #20: HK 20JAN | Line: 020  01ALMAGHMSI/MOHAMED          	9RAKVF U  HK 20JAN RUHAA28WH
[DEBUG] SM478 06FEB: Match #21: TK 19JAN | Line: 021  04ALSHAMMARI/SAJA            	9QHIRD U  TK 19JAN RUHS228YD
[DEBUG] SM478 06FEB: Match #22: TK 19JAN | Line: 022  04ALSHAMMARI/YAZAN           	9QHIRD U  TK 19JAN RUHS228YD
[DEBUG] SM478 06FEB: Match #23: TK 19JAN | Line: 023  04ALY/HEND MS                	9JOXJP U  TK 19JAN CAISM08AA
[DEBUG] SM478 06FEB: Match #24: TK 19JAN | Line: 024  04ALY/MOHAMED MR             	9JOXJP U  TK 19JAN CAISM08AA
[DEBUG] SM478 06FEB: Match #25: TK 19JAN | Line: 025  04ALY/YOUSSEF MR             	9JOXJP U  TK 19JAN CAISM08AA
[DEBUG] SM478 06FEB: Match #26: TK 19JAN | Line: 026  01ELGINDY/BASANT MS          	9A6RWZ U  TK 19JAN JEDSM08AA
[DEBUG] SM478 06FEB: Match #27: HK 22JAN | Line: 027  02ELSAID/MAZEN MOHA          	7R4WAL U  HK 22JAN ALYEG3722
[DEBUG] SM478 06FEB: Match #28: HK 22JAN | Line: 028  02ELSAID/MOHAMED EL          	7R4WAL U  HK 22JAN ALYEG3722
[DEBUG] SM478 06FEB: Match #29: HK 21JAN | Line: 029  01GOMAA/MOHAMED IBR          	7BAYP9 U  HK 21JAN YNBS228W2
[DEBUG] SM478 06FEB: Match #30: HK 19JAN | Line: 030  02LI/ZHUOWEI MR              	8XNO4D U  HK 19JAN AMSN228TP
[DEBUG] SM478 06FEB: Match #31: HK 19JAN | Line: 031  01LI/ZHUOYAN MSTR            	9F5FA3 U  HK 19JAN AMSN228TP
[DEBUG] SM478 06FEB: Match #32: HK 22JAN | Line: 032  02MAREY/MOHAMED MR           	XHMDZU U  HK 22JAN CPHSG34AA
[DEBUG] SM478 06FEB: Match #33: TK 19JAN | Line: 033  04MOHAMED/SAMAH MRS          	9JOXJP U  TK 19JAN CAISM08AA
[DEBUG] SM478 06FEB: Match #34: HK 21JAN | Line: 034  04NAZMEY/SAMAR ADEL          	78IPV5 U  HK 21JAN CAIEG28WT
[DEBUG] SM478 06FEB: Match #35: TK 19JAN | Line: 035  02RAMADAN/FAHIMA MR          	9FLVN6 U  TK 19JAN CAIEG28WT
[DEBUG] SM478 06FEB: Match #36: HK 19JAN | Line: 036  02RAMADAN/MANAL              	8VJM7H U  HK 19JAN RUHAA28WH
[DEBUG] SM478 06FEB: Match #37: TK 19JAN | Line: 037  02RAMADAN/SAADIA MR          	9FLVN6 U  TK 19JAN CAIEG28WT
[DEBUG] SM478 06FEB: Match #38: HK 19JAN | Line: 038  02SALEM/SHEROUK              	8VJM7H U  HK 19JAN RUHAA28WH
[DEBUG] SM478 06FEB: Match #39: HK 22JAN | Line: 039  01TAHON/NOOR GAMAL           	7O8F7O U  HK 22JAN CAIEG28P3
[DEBUG] SM478 06FEB: Match #40: HK 19JAN | Line: 040  02ZENG/ZILING MS             	8XNO4D U  HK 19JAN AMSN228TP
[DEBUG] SM478 06FEB: Match #41: TK 19JAN | Line: 041  01ABADA/HAWANEM MS           	78WUGD O  TK 19JAN ISTSM07TP
[DEBUG] SM478 06FEB: Match #42: TK 19JAN | Line: 042  01AMER/FATMA                 	9IO6SI O  TK 19JAN RUHS2232V
[DEBUG] SM478 06FEB: Match #43: TK 19JAN | Line: 043  02ASKAR/SALWA MS             	8TEM9E O  TK 19JAN ISTSM07TP
[DEBUG] SM478 06FEB: Match #44: TK 19JAN | Line: 044  01AWAD/ABDELHAMID M          	8ZIRQW O  TK 19JAN JEDAK38AC
[DEBUG] SM478 06FEB: Match #45: TK 19JAN | Line: 045  02EL HENNAWY/MARYAM          	7HTAKN O  TK 19JAN JEDSM08AA
[DEBUG] SM478 06FEB: Match #46: TK 19JAN | Line: 046  02EL HENNAWY/MENNA           	7HTAKN O  TK 19JAN JEDSM08AA
[DEBUG] SM478 06FEB: Match #47: HK 19JAN | Line: 047  03ELMIKAWY/ADAM S            	7ZAZ4F O  HK 19JAN RUHAA28WH
[DEBUG] SM478 06FEB: Match #48: HK 19JAN | Line: 048  03ELMIKAWY/MALEK S           	7ZAZ4F O  HK 19JAN RUHAA28WH
[DEBUG] SM478 06FEB: Match #49: TK 19JAN | Line: 049  02EMBABY/JUDY MS             	8TEM9E O  TK 19JAN ISTSM07TP
[DEBUG] SM478 06FEB: Match #50: TK 19JAN | Line: 050  02HASSAN/ANAS                	9EP4JW O  TK 19JAN RUHAA28WH
[DEBUG] SM478 06FEB: Match #51: TK 19JAN | Line: 051  02HASSAN/WAFAA               	9EP4JW O  TK 19JAN RUHAA28WH
[DEBUG] SM478 06FEB: Match #52: TK 19JAN | Line: 052  05MOHAMED/WALAA MS           	8XQ32T O  TK 19JAN ISTSM07TP
[DEBUG] SM478 06FEB: Match #53: TK 19JAN | Line: 053  05RAAFAT/JOUDY MS            	8XQ32T O  TK 19JAN ISTSM07TP
[DEBUG] SM478 06FEB: Match #54: TK 19JAN | Line: 054  05RAAFAT/MOHAMED MR          	8XQ32T O  TK 19JAN ISTSM07TP
[DEBUG] SM478 06FEB: Match #55: TK 19JAN | Line: 055  05RAAFAT/NOOR MS             	8XQ32T O  TK 19JAN ISTSM07TP
[DEBUG] SM478 06FEB: Match #56: TK 19JAN | Line: 056  05RAAFAT/ROKAIA MS           	8XQ32T O  TK 19JAN ISTSM07TP
[DEBUG] SM478 06FEB: Match #57: HK 19JAN | Line: 057  03SAYED AHMED/REHAM          	7ZAZ4F O  HK 19JAN RUHAA28WH
[DEBUG] SM478 06FEB: Match #58: TK 19JAN | Line: 058  02ABDELSALAM/MOUSTA          	735L59 I  TK 19JAN JEDSM08AA
[DEBUG] SM478 06FEB: Match #59: TK 19JAN | Line: 059  02AHMED/WAFAA REFAA          	9V7H8H I  TK 19JAN CAI3C28CL
[DEBUG] SM478 06FEB: Match #60: TK 19JAN | Line: 060  05AHMED/YASSEIN MR           	7DNLON I  TK 19JAN JEDS228MR
[DEBUG] SM478 06FEB: Match #61: TK 19JAN | Line: 061  02ELKATEB/TASNIM AH          	9V7H8H I  TK 19JAN CAI3C28CL
[DEBUG] SM478 06FEB: Match #62: TK 19JAN | Line: 062  02ELSHESHTAWY/MOHAM          	735L59 I  TK 19JAN JEDSM08AA
[DEBUG] SM478 06FEB: Match #63: TK 19JAN | Line: 063  01ELZARKA/SAFA               	9GEKRO I  TK 19JAN RUHS228YD
[DEBUG] SM478 06FEB: Match #64: TK 19JAN | Line: 064  05GABER/MOHAMED MR           	7DNLON I  TK 19JAN JEDS228MR
[DEBUG] SM478 06FEB: Match #65: TK 19JAN | Line: 065  03HASSAN/ASMAA               	9EQ6ZS I  TK 19JAN RUHAA28WH
[DEBUG] SM478 06FEB: Match #66: TK 19JAN | Line: 066  03HASSAN/MENNA               	9EQ6ZS I  TK 19JAN RUHAA28WH
[DEBUG] SM478 06FEB: Match #67: TK 19JAN | Line: 067  03HASSAN/OMAR                	9EQ6ZS I  TK 19JAN RUHAA28WH
[DEBUG] SM478 06FEB: Match #68: TK 19JAN | Line: 068  01HOSSAM ELDIN IBRA          	ZVS55R I  TK 19JAN CPHSG34AA
[DEBUG] SM478 06FEB: Match #69: TK 19JAN | Line: 069  01MIRZA/ABDULRAHIM           	8WEX37 I  TK 19JAN RUHS228YD
[DEBUG] SM478 06FEB: Match #70: TK 19JAN | Line: 070  05MOHAMED/TAHA MR            	7DNLON I  TK 19JAN JEDS228MR
[DEBUG] SM478 06FEB: Match #71: TK 19JAN | Line: 071  01MOHAMED OTIFY/GOM          	7C3EDJ I  TK 19JAN JEDAK38AC
[DEBUG] SM478 06FEB: Match #72: TK 19JAN | Line: 072  05ORABY/MOHAMED MR           	7DNLON I  TK 19JAN JEDS228MR
[DEBUG] SM478 06FEB: Match #73: TK 19JAN | Line: 073  05YOUSSEF/ALI MR             	7DNLON I  TK 19JAN JEDS228MR
[DEBUG] SM478 06FEB: Match #74: HK 19JAN | Line: 074N 01ABDELAAL/ZAINAB M          	9T594C P  HK 19JAN CAISM0100
[DEBUG] SM478 06FEB: Match #75: HK 19JAN | Line: 075N 01ABDELAZIZ/SAADA M          	9T594C P  HK 19JAN CAISM0100
[DEBUG] SM478 06FEB: Match #76: HK 19JAN | Line: 076N 01AHMAD/HADEEL SAAD          	9T594C P  HK 19JAN CAISM0100
[DEBUG] SM478 06FEB: Match #77: HK 19JAN | Line: 077N 01AHMED/FATMA ABDEL          	9T594C P  HK 19JAN CAISM0100
[DEBUG] SM478 06FEB: Match #78: HK 19JAN | Line: 078N 01ALI/GHADA SALLAM           	9T594C P  HK 19JAN CAISM0100
[DEBUG] SM478 06FEB: Match #79: HK 19JAN | Line: 079N 01ALI/SALWA MAHMOUD          	9T594C P  HK 19JAN CAISM0100
[DEBUG] SM478 06FEB: Match #80: HK 19JAN | Line: 080N 01ALY/AMAL MAGDY             	9T594C P  HK 19JAN CAISM0100
[DEBUG] SM478 06FEB: Match #81: HK 19JAN | Line: 081N 01AWADALLA/NADIA EL          	9T594C P  HK 19JAN CAISM0100
[DEBUG] SM478 06FEB: Match #82: HK 19JAN | Line: 082N 01EBRAHIM/SOHA MOHA          	9T594C P  HK 19JAN CAISM0100
[DEBUG] SM478 06FEB: Match #83: HK 19JAN | Line: 083N 01ELBAHNASAWY/SAMAH          	9T594C P  HK 19JAN CAISM0100
[DEBUG] SM478 06FEB: Match #84: HK 19JAN | Line: 084N 01ELSAADANY/MONA HU          	9T594C P  HK 19JAN CAISM0100
[DEBUG] SM478 06FEB: Match #85: HK 19JAN | Line: 085N 01ELSAKKA/HANADI HU          	9T594C P  HK 19JAN CAISM0100
[DEBUG] SM478 06FEB: Match #86: HK 19JAN | Line: 086N 01ENANI/MAHA HOSNI           	9T594C P  HK 19JAN CAISM0100
[DEBUG] SM478 06FEB: Match #87: HK 19JAN | Line: 087N 01FARRAG/HALIMA FAT          	9T594C P  HK 19JAN CAISM0100
[DEBUG] SM478 06FEB: Match #88: HK 19JAN | Line: 088N 01HASSAN/ALI MOHAME          	9T594C P  HK 19JAN CAISM0100
[DEBUG] SM478 06FEB: Match #89: HK 19JAN | Line: 089N 01HASSANIN/THARWAT           	9T594C P  HK 19JAN CAISM0100
[DEBUG] SM478 06FEB: Match #90: HK 19JAN | Line: 090N 01HOSA/MOHAMED SAID          	9T594C P  HK 19JAN CAISM0100
[DEBUG] SM478 06FEB: Match #91: HK 19JAN | Line: 091N 01HUSSEIN/OMAR MAHM          	9T594C P  HK 19JAN CAISM0100
[DEBUG] SM478 06FEB: Match #92: HK 19JAN | Line: 092N 01IBRAHIM/SARA MAGE          	9T594C P  HK 19JAN CAISM0100
[DEBUG] SM478 06FEB: Match #93: HK 19JAN | Line: 093N 01ISMAIEL/ZEINAB AH          	9T594C P  HK 19JAN CAISM0100
[DEBUG] SM478 06FEB: Match #94: HK 19JAN | Line: 094N 01MAHMOUD/FATEN ELS          	9T594C P  HK 19JAN CAISM0100
[DEBUG] SM478 06FEB: Match #95: HK 19JAN | Line: 095N 01MAHMOUD/MOHAMED A          	9T594C P  HK 19JAN CAISM0100
[DEBUG] SM478 06FEB: Match #96: HK 19JAN | Line: 096N 01MOHAMED/FADILA AB          	9T594C P  HK 19JAN CAISM0100
[DEBUG] SM478 06FEB: Match #97: HK 19JAN | Line: 097N 01MOHAMED/OMIMA ABD          	9T594C P  HK 19JAN CAISM0100
[DEBUG] SM478 06FEB: Match #98: HK 19JAN | Line: 098N 01OMARA/ALI TAREK            	9T594C P  HK 19JAN CAISM0100
[DEBUG] SM478 06FEB: Match #99: HK 19JAN | Line: 099N 01OSMAN/GEHAN ABDEL          	9T594C P  HK 19JAN CAISM0100
[DEBUG] SM478 06FEB: Match #100: HK 19JAN | Line: 100N 01OSMAN/NOURA SAYED          	9T594C P  HK 19JAN CAISM0100
[DEBUG] SM478 06FEB: Match #101: HK 19JAN | Line: 101N 01RADWAN/AHMED SAAD          	9T594C P  HK 19JAN CAISM0100
[DEBUG] SM478 06FEB: Match #102: HK 19JAN | Line: 102N 01RADWAN/HADIAT ABD          	9T594C P  HK 19JAN CAISM0100
[DEBUG] SM478 06FEB: Match #103: HK 19JAN | Line: 103N 01RADWAN/OMAR MAHMO          	9T594C P  HK 19JAN CAISM0100
[DEBUG] SM478 06FEB: Match #104: HK 19JAN | Line: 104N 01REFAEY/AMIRA ALI           	9T594C P  HK 19JAN CAISM0100
[DEBUG] SM478 06FEB: Match #105: HK 19JAN | Line: 105N 01SABLA/FAHMI MAHMO          	9T594C P  HK 19JAN CAISM0100
[DEBUG] SM478 06FEB: Match #106: HK 19JAN | Line: 106N 01SABLA/MAYADA FAHM          	9T594C P  HK 19JAN CAISM0100
[DEBUG] SM478 06FEB: Match #107: HK 19JAN | Line: 107N 01SAID/MOHAMED FAHM          	9T594C P  HK 19JAN CAISM0100
[DEBUG] SM478 06FEB: Match #108: HK 19JAN | Line: 108N 01SALEM/FARDOUS SOL          	9T594C P  HK 19JAN CAISM0100
[DEBUG] SM478 06FEB: Match #109: HK 19JAN | Line: 109N 01SALEM/NAGLAA SOLI          	9T594C P  HK 19JAN CAISM0100
[DEBUG] SM478 06FEB: Match #110: HK 19JAN | Line: 110N 01SALEM/SAFAA SOLIM          	9T594C P  HK 19JAN CAISM0100
[DEBUG] SM478 06FEB: Match #111: HK 19JAN | Line: 111N 01SALIM/MOHAMED SOL          	9T594C P  HK 19JAN CAISM0100
[DEBUG] SM478 06FEB: Match #112: HK 19JAN | Line: 112N 01SALIM/RANIA SOLIM          	9T594C P  HK 19JAN CAISM0100
[DEBUG] SM478 06FEB: DUPLICATE #7: 111N HK 19JAN | Skipping
[DEBUG] SM478 06FEB: DUPLICATE #8: 112N HK 19JAN | Skipping
[DEBUG] SM478 06FEB: Match #113: HK 19JAN | Line: 113N 01SALLAM/ALTAF HASS          	9T594C P  HK 19JAN CAISM0100
[DEBUG] SM478 06FEB: Match #114: HK 19JAN | Line: 114N 01SHAHBA/EMAN MOHAM          	9T594C P  HK 19JAN CAISM0100
[DEBUG] SM478 06FEB: Match #115: HK 19JAN | Line: 115N 01TMRAZ/MERVAT MOHA          	9T594C P  HK 19JAN CAISM0100
[DEBUG] SM478 06FEB: Match #116: HK 19JAN | Line: 116N 01YOUNES/RABEA MOHA          	9T594C P  HK 19JAN CAISM0100
[DEBUG] SM478 06FEB: Match #117: HK 19JAN | Line: 117N 01ZAHRAN/OMNIA FATH          	9T594C P  HK 19JAN CAISM0100
[LF] SM478 06FEB: LP/T count complete. True WEEKLY: 117, TODAY: 0, YDAY: 2 | Removed 8 duplicates
[LF] SM478 06FEB: LP/T result: WEEKLY=117, TODAY=0, YDAY=2
[LF] SM478 06FEB: LASTSOLD=2026-01-24 00:00:00, WEEKLY=117, TODAY=0, YDAY=2
2026-01-25 07:59:14 | INFO     | [SUCCESS] Day 06FEB
2026-01-25 07:59:14 | INFO     | [DAY_START] Processing 05FEB
[LF] Processing JED-CAI for 05FEB
2026-01-25 07:59:14 | INFO     | [lf.day.start] Processing JED-CAI for 05FEB
[LF] JED↔Cairo route detected - querying both CAI and CCE airports
[LF] Sending SN command: SN05FEBJEDCAI/ASM
[LF] Sending SN command: SN05FEBJEDCCE/ASM
[LF] 05FEB: found 8 direct flights
2026-01-25 07:59:16 | INFO     | [lf.day.flights_found] Found 8 flights on 05FEB
2026-01-25 07:59:18 | INFO     | [lf.flight.extracted] SM424 on 05FEB: BKG=160, LF=91.4%
[LF] SM424 05FEB: BKG=160, GRP=90, CAP=175, LF%=91.4%, Brd-Off=JED-CAI, Classes: N:2, P:50, E:40, I:18, O:18, U:18, X:12, S:1, K:1
[LPC] SM424 05FEB: Found 1 outbound flights with connecting passengers
2026-01-25 07:59:23 | INFO     | [lf.flight.extracted] SM472 on 05FEB: BKG=131, LF=74.9%
[LF] SM472 05FEB: BKG=131, GRP=90, CAP=175, LF%=74.9%, Brd-Off=JED-CAI, Classes: P:90, I:3, U:30, X:7, S:1
[LPC] SM472 05FEB: Found 1 outbound flights with connecting passengers
2026-01-25 07:59:28 | INFO     | [lf.flight.extracted] SM450 on 05FEB: BKG=140, LF=80.0%
[LF] SM450 05FEB: BKG=140, GRP=125, CAP=175, LF%=80.0%, Brd-Off=JED-CAI, Classes: P:125, I:9, O:5, U:1
2026-01-25 07:59:31 | INFO     | [lf.flight.extracted] SM476 on 05FEB: BKG=147, LF=84.0%
[LF] SM476 05FEB: BKG=147, GRP=115, CAP=175, LF%=84.0%, Brd-Off=JED-CAI, Classes: P:115, I:15, O:10, U:5, S:1, V:1
[LPC] SM476 05FEB: Found 1 outbound flights with connecting passengers
2026-01-25 07:59:36 | INFO     | [lf.flight.extracted] SM962 on 05FEB: BKG=163, LF=93.1%
[LF] SM962 05FEB: BKG=163, GRP=38, CAP=175, LF%=93.1%, Brd-Off=JED-CAI, Classes: P:38, I:30, O:30, U:32, X:28, T:3, K:2
2026-01-25 07:59:39 | INFO     | [lf.flight.extracted] SM478 on 05FEB: BKG=184, LF=105.1%
[LF] SM478 05FEB: BKG=184, GRP=139, CAP=175, LF%=105.1%, Brd-Off=JED-CAI, Classes: P:139, I:15, O:6, U:14, X:8, W:1, K:1
2026-01-25 07:59:43 | INFO     | [lf.flight.extracted] SM480 on 05FEB: BKG=174, LF=97.8%
[LF] SM480 05FEB: BKG=174, GRP=127, CAP=178, LF%=97.8%, Brd-Off=JED-CAI, Classes: P:127, I:17, O:10, U:9, X:9, S:1, G:1
2026-01-25 07:59:47 | INFO     | [lf.flight.extracted] SM432 on 05FEB: BKG=155, LF=88.6%
[LF] SM432 05FEB: BKG=155, GRP=112, CAP=175, LF%=88.6%, Brd-Off=JED-CAI, Classes: P:112, I:16, O:9, U:11, X:6, K:1
[LF] Getting WEEKLY/LASTSOLD data for 8 flights
[LF] SM424 05FEB: LASTSOLD=2026-01-25 00:00:00, WEEKLY=23, TODAY=1, YDAY=1
[LF] SM472 05FEB: LASTSOLD=2026-01-24 00:00:00, WEEKLY=8, TODAY=0, YDAY=2
[LF] SM450 05FEB: LASTSOLD=2026-01-24 00:00:00, WEEKLY=6, TODAY=0, YDAY=4
[LF] SM476 05FEB: LASTSOLD=2026-01-24 00:00:00, WEEKLY=16, TODAY=0, YDAY=2
[LF] SM962 05FEB: LASTSOLD=2026-01-24 00:00:00, WEEKLY=18, TODAY=0, YDAY=1
2026-01-25 08:00:12 | ERROR    | Atomic write failed for D:\CODERED\LAB\Artifacts\outputs\run_generated_250126_at_07.06\checkpoints\flight_booking_data.json: [WinError 5] Access is denied: 'D:\\CODERED\\LAB\\Artifacts\\outputs\\run_generated_250126_at_07.06\\checkpoints\\flight_booking_data.tmp_d75d8447' -> 'D:\\CODERED\\LAB\\Artifacts\\outputs\\run_generated_250126_at_07.06\\checkpoints\\flight_booking_data.json'
[LF] SM478 05FEB: LASTSOLD=2026-01-23 00:00:00, WEEKLY=38, TODAY=0, YDAY=0
[LF] SM480 05FEB: LASTSOLD=2026-01-17 00:00:00, WEEKLY=0, TODAY=0, YDAY=0
[LF] SM432 05FEB: WEEKLY=99 → LP/T MANDATORY
[DEBUG] SM432 05FEB: Match #1: TK 19JAN | Line: 001  01MOWAFY/MOHAMED MR          	84G7HH K  TK 19JAN CAISM08AA
[DEBUG] SM432 05FEB: Match #2: TK 19JAN | Line: 002  01ELSAYED/WALID MR           	95TFGP X  TK 19JAN JEDSM08AA
[DEBUG] SM432 05FEB: Match #3: HK 21JAN | Line: 003  01ELSONBATY/AHMED M          	79HKFR X  HK 21JAN CAIEG28IW
[DEBUG] SM432 05FEB: Match #4: HK 21JAN | Line: 004  01ELSONBATY/MOATASE          	79KFG8 X  HK 21JAN CAIEG28IW
[DEBUG] SM432 05FEB: Match #5: HK 21JAN | Line: 005  02ELSONBATY/MOHAMED          	7AM7C2 X  HK 21JAN CAIEG28IW
[DEBUG] SM432 05FEB: Match #6: HK 21JAN | Line: 006  02ELSONBATY/MOSAB M          	7AM7C2 X  HK 21JAN CAIEG28IW
[DEBUG] SM432 05FEB: DUPLICATE #1: 001 TK 19JAN | Skipping
[DEBUG] SM432 05FEB: DUPLICATE #2: 002 TK 19JAN | Skipping
[DEBUG] SM432 05FEB: DUPLICATE #3: 003 HK 21JAN | Skipping
[DEBUG] SM432 05FEB: DUPLICATE #4: 004 HK 21JAN | Skipping
[DEBUG] SM432 05FEB: DUPLICATE #5: 005 HK 21JAN | Skipping
[DEBUG] SM432 05FEB: DUPLICATE #6: 006 HK 21JAN | Skipping
[DEBUG] SM432 05FEB: Match #7: HK 21JAN | Line: 007  01RASHED/EMAN MRS            	79HPS5 X  HK 21JAN CAIEG28IW
[DEBUG] SM432 05FEB: Match #8: TK 19JAN | Line: 008  01ABDEL KHALEK/KHAI          	99G8NS U  TK 19JAN CAISM08AA
[DEBUG] SM432 05FEB: Match #9: TK 19JAN | Line: 009  01ABDELMEGUID/MOHAM          	84HTJB U  TK 19JAN JEDAK38AC
[DEBUG] SM432 05FEB: Match #10: TK 19JAN | Line: 010  03ABDELRAHIM/AHMED           	87WB56 U  TK 19JAN CAISM07TP
[DEBUG] SM432 05FEB: Match #11: TK 19JAN | Line: 011  03ABDELRAHIM/FOULY           	87WB56 U  TK 19JAN CAISM07TP
[DEBUG] SM432 05FEB: Match #12: TK 19JAN | Line: 012  01ELSAYES/MOHAMED S          	72A23X U  TK 19JAN RUHAA28WH
[DEBUG] SM432 05FEB: Match #13: TK 19JAN | Line: 013  01ELSHAHAWY/HISHAM           	8J3MFU U  TK 19JAN CAISM08MB
[DEBUG] SM432 05FEB: Match #14: TK 19JAN | Line: 014  03GALAL/RASHA MRS            	87WB56 U  TK 19JAN CAISM07TP
[DEBUG] SM432 05FEB: Match #15: TK 19JAN | Line: 015  01IBRAHIM/MOHAB M            	9ZOMKF U  TK 19JAN RUHAA28WH
[DEBUG] SM432 05FEB: Match #16: TK 19JAN | Line: 016  01MEGAHED/HUSSEIN F          	7NP7HM U  TK 19JAN RUHSG38AA
[DEBUG] SM432 05FEB: Match #17: TK 19JAN | Line: 017  01REZK/ABDELRAHMAN           	9ZAZBK U  TK 19JAN ISTSM07TP
[DEBUG] SM432 05FEB: Match #18: TK 19JAN | Line: 018  01SHARAFELDEN/BARAA          	722KBN U  TK 19JAN RUHAA28WH
[DEBUG] SM432 05FEB: Match #19: TK 19JAN | Line: 019  01AHMED/MOHAMED ISS          	8LYVX2 O  TK 19JAN LONSM07TP
[DEBUG] SM432 05FEB: Match #20: TK 19JAN | Line: 020  01AHMED/SHAIMAA ZAK          	8YGG7Y O  TK 19JAN LONSM07TP
[DEBUG] SM432 05FEB: Match #21: TK 19JAN | Line: 021  01ELMEZAYN/RASHA MS          	8MCMET O  TK 19JAN LONSM07TP
[DEBUG] SM432 05FEB: Match #22: HK 19JAN | Line: 022  04ELSHIKH/AMAL AHME          	XGAI7J O  HK 19JAN OSLSG34AA
[DEBUG] SM432 05FEB: Match #23: HK 19JAN | Line: 023  04IBRAHIM/AYSEL MOH          	XGAI7J O  HK 19JAN OSLSG34AA
[DEBUG] SM432 05FEB: Match #24: HK 19JAN | Line: 024  04IBRAHIM/NOUR MOHA          	XGAI7J O  HK 19JAN OSLSG34AA
[DEBUG] SM432 05FEB: Match #25: HK 19JAN | Line: 025  04IBRAHIM/RAGHAD MO          	XGAI7J O  HK 19JAN OSLSG34AA
[DEBUG] SM432 05FEB: Match #26: TK 19JAN | Line: 026  01MOKHTAR/MONA MS            	8IJULW O  TK 19JAN RUHAA2352
[DEBUG] SM432 05FEB: Match #27: TK 19JAN | Line: 027  01OKASHA/HOWIDA IBR          	8WCAFJ O  TK 19JAN RUHS228YD
[DEBUG] SM432 05FEB: Match #28: TK 19JAN | Line: 028  03ABDELAZEEM/RANA M          	8PF3JH I  TK 19JAN CAISM08MB
[DEBUG] SM432 05FEB: Match #29: TK 19JAN | Line: 029  01ABDELSAMAD/ABDALL          	7EB4ZP I  TK 19JAN RUHSG38AA
[DEBUG] SM432 05FEB: Match #30: TK 19JAN | Line: 030  04AHMED/MOHAMED Y            	8FT3P3 I  TK 19JAN RUHAA28WH
[DEBUG] SM432 05FEB: Match #31: TK 19JAN | Line: 031  04AHMED/REHANA Y             	8FT3P3 I  TK 19JAN RUHAA28WH
[DEBUG] SM432 05FEB: Match #32: TK 19JAN | Line: 032  04AHMED/SOMIA Y              	8FT3P3 I  TK 19JAN RUHAA28WH
[DEBUG] SM432 05FEB: Match #33: TK 19JAN | Line: 033  01ALI/AMR A                  	93HIQ3 I  TK 19JAN RUHAA28WH
[DEBUG] SM432 05FEB: Match #34: TK 19JAN | Line: 034  03AYADI/AYMEN MR             	8NX2GW I  TK 19JAN LONSM07TP
[DEBUG] SM432 05FEB: Match #35: TK 19JAN | Line: 035  03AYADIEPAYED/RANA           	8NX2GW I  TK 19JAN LONSM07TP
[DEBUG] SM432 05FEB: Match #36: TK 19JAN | Line: 036  03AYED/ABDELKARIM M          	8NX2GW I  TK 19JAN LONSM07TP
[DEBUG] SM432 05FEB: Match #37: TK 19JAN | Line: 037  03HASABALLA/MAZEN M          	8PF3JH I  TK 19JAN CAISM08MB
[DEBUG] SM432 05FEB: Match #38: TK 19JAN | Line: 038  03HASSABALAH/CARMEN          	8PF3JH I  TK 19JAN CAISM08MB
[DEBUG] SM432 05FEB: Match #39: TK 19JAN | Line: 039  01HASSABALAH/KHALED          	8PKS3O I  TK 19JAN CAISM08MB
[DEBUG] SM432 05FEB: Match #40: TK 19JAN | Line: 040  01MOHAMED/REDA M             	9L5T3U I  TK 19JAN RUHAA28WH
[DEBUG] SM432 05FEB: Match #41: TK 19JAN | Line: 041  04MOSTAFA/SARA S             	8FT3P3 I  TK 19JAN RUHAA28WH
[DEBUG] SM432 05FEB: Match #42: TK 19JAN | Line: 042  01SAAD ABDELSADEK/M          	8ZSBDG I  TK 19JAN JEDSM08AA
[DEBUG] SM432 05FEB: Match #43: TK 19JAN | Line: 043  01SALEM ABDELAZIZ/S          	937S9R I  TK 19JAN JEDAK38AC
[DEBUG] SM432 05FEB: Match #44: HK 19JAN | Line: 044N 01ABDALLA/SAID ZAKY          	8ZNHTM P  HK 19JAN CAISM0100
[DEBUG] SM432 05FEB: Match #45: HK 19JAN | Line: 045N 01ABDELAZEM/AMR MOH          	8XPQHB P  HK 19JAN CAISM0100
[DEBUG] SM432 05FEB: Match #46: HK 19JAN | Line: 046N 01ABDELAZIM/ESLAM S          	8XPQHB P  HK 19JAN CAISM0100
[DEBUG] SM432 05FEB: Match #47: HK 19JAN | Line: 047N 01ABDELGAWAD/WESSAM          	8ZNHTM P  HK 19JAN CAISM0100
[DEBUG] SM432 05FEB: Match #48: HK 19JAN | Line: 048N 01ABDELKADER/MOHAME          	8ZMNUO P  HK 19JAN CAISM0100
[DEBUG] SM432 05FEB: Match #49: HK 19JAN | Line: 049N 01ABDELKAMEL/ALIHAN          	8ZMNUO P  HK 19JAN CAISM0100
[DEBUG] SM432 05FEB: Match #50: HK 19JAN | Line: 050N 01ABDELKARIM/AHMED           	8ZNHTM P  HK 19JAN CAISM0100
[DEBUG] SM432 05FEB: Match #51: HK 19JAN | Line: 051N 01ABDELKARIM/ELSHAH          	8ZNHTM P  HK 19JAN CAISM0100
[DEBUG] SM432 05FEB: Match #52: HK 19JAN | Line: 052N 01ABDELKHALEK/EIMAN          	8ZMNUO P  HK 19JAN CAISM0100
[DEBUG] SM432 05FEB: Match #53: HK 19JAN | Line: 053N 01ABDELKHALEK/MONAH          	8ZMNUO P  HK 19JAN CAISM0100
[DEBUG] SM432 05FEB: Match #54: HK 19JAN | Line: 054N 01ABDELKHALEK/NAEIM          	8ZMNUO P  HK 19JAN CAISM0100
[DEBUG] SM432 05FEB: Match #55: HK 19JAN | Line: 055N 01ABDELMAWLA/SABAH           	8ZNHTM P  HK 19JAN CAISM0100
[DEBUG] SM432 05FEB: Match #56: HK 19JAN | Line: 056N 01ABDELNABBI/NAGAHA          	8ZMNUO P  HK 19JAN CAISM0100
[DEBUG] SM432 05FEB: Match #57: HK 19JAN | Line: 057N 01ABDOU/NADIA FARAH          	8XPQHB P  HK 19JAN CAISM0100
[DEBUG] SM432 05FEB: Match #58: HK 19JAN | Line: 058N 01ABOELELLA/MONASAY          	8ZMNUO P  HK 19JAN CAISM0100
[DEBUG] SM432 05FEB: Match #59: HK 19JAN | Line: 059N 01AHMED/AMANY AHMED          	8XPQHB P  HK 19JAN CAISM0100
[DEBUG] SM432 05FEB: Match #60: HK 19JAN | Line: 060N 01AHMED/MAHMOUDHASS          	8ZMNUO P  HK 19JAN CAISM0100
[DEBUG] SM432 05FEB: Match #61: HK 19JAN | Line: 061N 01AHMED/SANAAMOHAME          	8ZMNUO P  HK 19JAN CAISM0100
[DEBUG] SM432 05FEB: Match #62: HK 19JAN | Line: 062N 01ALASHRAM/ESLAM MO          	8ZNHTM P  HK 19JAN CAISM0100
[DEBUG] SM432 05FEB: Match #63: HK 19JAN | Line: 063N 01ALI/MAHMOUDSALAHE          	8ZMNUO P  HK 19JAN CAISM0100
[DEBUG] SM432 05FEB: Match #64: HK 19JAN | Line: 064N 01ALI/NOURA MOHAMED          	8XPQHB P  HK 19JAN CAISM0100
[DEBUG] SM432 05FEB: Match #65: HK 19JAN | Line: 065N 01ALLAM/ASHRAF ABDE          	92SMUE P  HK 19JAN CAISM0100
[DEBUG] SM432 05FEB: Match #66: HK 19JAN | Line: 066N 01ALLAM/EKRAM ELSAY          	92SMUE P  HK 19JAN CAISM0100
[DEBUG] SM432 05FEB: Match #67: HK 19JAN | Line: 067N 01ALLAM/HEND ASHRAF          	92SMUE P  HK 19JAN CAISM0100
[DEBUG] SM432 05FEB: Match #68: HK 19JAN | Line: 068N 01AMIN/GEHANABDELHA          	8ZMNUO P  HK 19JAN CAISM0100
[DEBUG] SM432 05FEB: Match #69: HK 19JAN | Line: 069N 01ASHRY/ELSAYED HOH          	8ZNHTM P  HK 19JAN CAISM0100
[DEBUG] SM432 05FEB: Match #70: HK 19JAN | Line: 070N 01ASHRY/KAMAL MOHAM          	8ZNHTM P  HK 19JAN CAISM0100
[DEBUG] SM432 05FEB: Match #71: HK 19JAN | Line: 071N 01ASHRY/MAHMOUD ABD          	8ZNHTM P  HK 19JAN CAISM0100
[DEBUG] SM432 05FEB: Match #72: HK 19JAN | Line: 072N 01BAHGAT/AWATEF ZAK          	92SMUE P  HK 19JAN CAISM0100
[DEBUG] SM432 05FEB: Match #73: HK 19JAN | Line: 073N 01BAYOUMY/HASSANIN           	8XPQHB P  HK 19JAN CAISM0100
[DEBUG] SM432 05FEB: Match #74: HK 19JAN | Line: 074N 01EID/AHMEDMOHAMED           	8ZMNUO P  HK 19JAN CAISM0100
[DEBUG] SM432 05FEB: Match #75: HK 19JAN | Line: 075N 01EID/ALISAYED               	8ZMNUO P  HK 19JAN CAISM0100
[DEBUG] SM432 05FEB: Match #76: HK 19JAN | Line: 076N 01EID/HODAFAHMY              	8ZMNUO P  HK 19JAN CAISM0100
[DEBUG] SM432 05FEB: Match #77: HK 19JAN | Line: 077N 01EID/RIHANASAYED            	8ZMNUO P  HK 19JAN CAISM0100
[DEBUG] SM432 05FEB: Match #78: HK 19JAN | Line: 078N 01EID/WAFAASALAH             	8ZMNUO P  HK 19JAN CAISM0100
[DEBUG] SM432 05FEB: Match #79: HK 19JAN | Line: 079N 01ELASHRAM/GAMILA E          	8ZNHTM P  HK 19JAN CAISM0100
[DEBUG] SM432 05FEB: Match #80: HK 19JAN | Line: 080N 01ELAWADY/MAHA GHAM          	8ZNHTM P  HK 19JAN CAISM0100
[DEBUG] SM432 05FEB: Match #81: HK 19JAN | Line: 081N 01ELBATAL/MERVAT FA          	8ZNHTM P  HK 19JAN CAISM0100
[DEBUG] SM432 05FEB: Match #82: HK 19JAN | Line: 082N 01ELHAGARY/AHMED MO          	8ZNHTM P  HK 19JAN CAISM0100
[DEBUG] SM432 05FEB: Match #83: HK 19JAN | Line: 083N 01ELKMNOREY/BOSHRA           	8ZNHTM P  HK 19JAN CAISM0100
[DEBUG] SM432 05FEB: Match #84: HK 19JAN | Line: 084N 01ELMOAAMLI/ASHGAN           	8XPQHB P  HK 19JAN CAISM0100
[DEBUG] SM432 05FEB: Match #85: HK 19JAN | Line: 085N 01ELNAGDY/FATMA MAH          	8ZNHTM P  HK 19JAN CAISM0100
[DEBUG] SM432 05FEB: Match #86: HK 19JAN | Line: 086N 01ELNAKIB/DONIA SAA          	8XPQHB P  HK 19JAN CAISM0100
[DEBUG] SM432 05FEB: Match #87: HK 19JAN | Line: 087N 01ELNEGMY/AZIZA HEL          	8ZNHTM P  HK 19JAN CAISM0100
[DEBUG] SM432 05FEB: Match #88: HK 19JAN | Line: 088N 01ELROMY/REDA MOHAM          	8ZNHTM P  HK 19JAN CAISM0100
[DEBUG] SM432 05FEB: Match #89: HK 19JAN | Line: 089N 01ELSAYED/DINA MAGD          	8XPQHB P  HK 19JAN CAISM0100
[DEBUG] SM432 05FEB: Match #90: HK 19JAN | Line: 090N 01ELSAYED/DINA RAAF          	8XPQHB P  HK 19JAN CAISM0100
[DEBUG] SM432 05FEB: Match #91: HK 19JAN | Line: 091N 01ELSAYED/FATMA ELA          	8XPQHB P  HK 19JAN CAISM0100
[DEBUG] SM432 05FEB: Match #92: HK 19JAN | Line: 092N 01ELSHAFEI/LOBNA AB          	8XPQHB P  HK 19JAN CAISM0100
[DEBUG] SM432 05FEB: Match #93: HK 19JAN | Line: 093N 01ELSHAL/ABDALLA AB          	92SMUE P  HK 19JAN CAISM0100
[DEBUG] SM432 05FEB: Match #94: HK 19JAN | Line: 094N 01EWIDA/FATMAMAHMOU          	8ZMNUO P  HK 19JAN CAISM0100
[DEBUG] SM432 05FEB: Match #95: HK 19JAN | Line: 095N 01FADEL/AMIRAZOHREL          	8ZMNUO P  HK 19JAN CAISM0100
[DEBUG] SM432 05FEB: Match #96: HK 19JAN | Line: 096N 01HADHOD/MONA SALEH          	8XPQHB P  HK 19JAN CAISM0100
[DEBUG] SM432 05FEB: Match #97: HK 19JAN | Line: 097N 01HANAFI/SOHIRFAROU          	8ZMNUO P  HK 19JAN CAISM0100
[DEBUG] SM432 05FEB: Match #98: HK 19JAN | Line: 098N 01HARRAZ/SALEH MOHA          	8ZNHTM P  HK 19JAN CAISM0100
[DEBUG] SM432 05FEB: Match #99: HK 19JAN | Line: 099N 01HASSAN/AYDA FAROU          	8XPQHB P  HK 19JAN CAISM0100
[DEBUG] SM432 05FEB: Match #100: HK 19JAN | Line: 100N 01HASSAN/HAYAM GOMA          	8ZNHTM P  HK 19JAN CAISM0100
[DEBUG] SM432 05FEB: Match #101: HK 19JAN | Line: 101N 01HASSAN/MARWA ABDE          	8ZNHTM P  HK 19JAN CAISM0100
[DEBUG] SM432 05FEB: Match #102: HK 19JAN | Line: 102N 01HASSANEEN/ABDELSA          	8ZNHTM P  HK 19JAN CAISM0100
[DEBUG] SM432 05FEB: Match #103: HK 19JAN | Line: 103N 01HUSSEIN/ABDULLAHA          	8ZMNUO P  HK 19JAN CAISM0100
[DEBUG] SM432 05FEB: Match #104: HK 19JAN | Line: 104N 01HUSSEIN/ABDULRHMA          	8ZMNUO P  HK 19JAN CAISM0100
[DEBUG] SM432 05FEB: Match #105: HK 19JAN | Line: 105N 01HUSSIEN/AHMEDMOHA          	8ZMNUO P  HK 19JAN CAISM0100
[DEBUG] SM432 05FEB: Match #106: HK 19JAN | Line: 106N 01IBRAHIM/DOAAKAMEL          	8ZMNUO P  HK 19JAN CAISM0100
[DEBUG] SM432 05FEB: Match #107: HK 19JAN | Line: 107N 01IBRAHIM/GAMAL MOH          	8XPQHB P  HK 19JAN CAISM0100
[DEBUG] SM432 05FEB: Match #108: HK 19JAN | Line: 108N 01IBRAHIM/LOLA MOHA          	8ZNHTM P  HK 19JAN CAISM0100
[DEBUG] SM432 05FEB: Match #109: HK 19JAN | Line: 109N 01IBRAHIM/OSAMA MOH          	8ZNHTM P  HK 19JAN CAISM0100
[DEBUG] SM432 05FEB: Match #110: HK 19JAN | Line: 110N 01ISMAIEL/SAMIA MOW          	8ZNHTM P  HK 19JAN CAISM0100
[DEBUG] SM432 05FEB: Match #111: HK 19JAN | Line: 111N 01ISSA/MOHAMED AHME          	8ZNHTM P  HK 19JAN CAISM0100
[DEBUG] SM432 05FEB: Match #112: HK 19JAN | Line: 112N 01KHALIFA/MOGEDA SA          	8XPQHB P  HK 19JAN CAISM0100
[DEBUG] SM432 05FEB: Match #113: HK 19JAN | Line: 113N 01KOTB/NADABADR              	8ZMNUO P  HK 19JAN CAISM0100
[DEBUG] SM432 05FEB: Match #114: HK 19JAN | Line: 114N 01MADANI/MOHAMEDNAS          	8ZMNUO P  HK 19JAN CAISM0100
[DEBUG] SM432 05FEB: Match #115: HK 19JAN | Line: 115N 01MAHDY/HAGARSAID            	8ZMNUO P  HK 19JAN CAISM0100
[DEBUG] SM432 05FEB: Match #116: HK 19JAN | Line: 116N 01MAHMOUD/MAHMOUDMO          	8ZMNUO P  HK 19JAN CAISM0100
[DEBUG] SM432 05FEB: Match #117: HK 19JAN | Line: 117N 01MAHMOUD/TAREK MOS          	8XPQHB P  HK 19JAN CAISM0100
[DEBUG] SM432 05FEB: Match #118: HK 19JAN | Line: 118N 01MANSOUR/FARAGALLA          	8ZNHTM P  HK 19JAN CAISM0100
[DEBUG] SM432 05FEB: Match #119: HK 19JAN | Line: 119N 01METWALLY/ZAINAB I          	8ZNHTM P  HK 19JAN CAISM0100
[DEBUG] SM432 05FEB: Match #120: HK 19JAN | Line: 120N 01MOATAMED/AHMEDMOH          	8ZMNUO P  HK 19JAN CAISM0100
[DEBUG] SM432 05FEB: Match #121: HK 19JAN | Line: 121N 01MOHAMED/DOAA RAAF          	8XPQHB P  HK 19JAN CAISM0100
[DEBUG] SM432 05FEB: Match #122: HK 19JAN | Line: 122N 01MOHAMED/HANAN MAG          	8ZNHTM P  HK 19JAN CAISM0100
[DEBUG] SM432 05FEB: Match #123: HK 19JAN | Line: 123N 01MOHAMED/HODA MOHA          	8XPQHB P  HK 19JAN CAISM0100
[DEBUG] SM432 05FEB: Match #124: HK 19JAN | Line: 124N 01MOHAMED/MOHAMEDAB          	8ZMNUO P  HK 19JAN CAISM0100
[DEBUG] SM432 05FEB: Match #125: HK 19JAN | Line: 125N 01MOHAMED/MOHAMEDSA          	8ZMNUO P  HK 19JAN CAISM0100
[DEBUG] SM432 05FEB: Match #126: HK 19JAN | Line: 126N 01MOHAMED/MOHAMEDSO          	8ZMNUO P  HK 19JAN CAISM0100
[DEBUG] SM432 05FEB: Match #127: HK 19JAN | Line: 127N 01MOHAMED/SAHAR MOS          	8ZNHTM P  HK 19JAN CAISM0100
[DEBUG] SM432 05FEB: Match #128: HK 19JAN | Line: 128N 01MOHAMED/TAGHREED           	8XPQHB P  HK 19JAN CAISM0100
[DEBUG] SM432 05FEB: Match #129: HK 19JAN | Line: 129N 01MOHAREB/ABDELSATT          	8ZNHTM P  HK 19JAN CAISM0100
[DEBUG] SM432 05FEB: Match #130: HK 19JAN | Line: 130N 01MOHAREB/SALMA ABD          	8ZNHTM P  HK 19JAN CAISM0100
[DEBUG] SM432 05FEB: Match #131: HK 19JAN | Line: 131N 01MOHASEB/HEBASAAD           	8ZMNUO P  HK 19JAN CAISM0100
[DEBUG] SM432 05FEB: Match #132: HK 19JAN | Line: 132N 01MOSTAFA/SARA MOHA          	8ZNHTM P  HK 19JAN CAISM0100
[DEBUG] SM432 05FEB: Match #133: HK 19JAN | Line: 133N 01MOTAWEA/DINA YOUS          	8ZNHTM P  HK 19JAN CAISM0100
[DEBUG] SM432 05FEB: Match #134: HK 19JAN | Line: 134N 01MOTAWEA/HANI ALY           	8ZNHTM P  HK 19JAN CAISM0100
[DEBUG] SM432 05FEB: Match #135: HK 19JAN | Line: 135N 01MOUSSA/MOHAMEDAHM          	8ZMNUO P  HK 19JAN CAISM0100
[DEBUG] SM432 05FEB: Match #136: HK 19JAN | Line: 136N 01NASR/HAMZA MOHAME          	8XPQHB P  HK 19JAN CAISM0100
[DEBUG] SM432 05FEB: Match #137: HK 19JAN | Line: 137N 01NASR/ROQAIA MOHAM          	8XPQHB P  HK 19JAN CAISM0100
[DEBUG] SM432 05FEB: Match #138: HK 19JAN | Line: 138N 01RADY/SAMASAEED             	8ZMNUO P  HK 19JAN CAISM0100
[DEBUG] SM432 05FEB: Match #139: HK 19JAN | Line: 139N 01RAMADAN/NAGAT GAL          	8ZNHTM P  HK 19JAN CAISM0100
[DEBUG] SM432 05FEB: Match #140: HK 19JAN | Line: 140N 01RIFAEY/ABIERHAMDY          	8ZMNUO P  HK 19JAN CAISM0100
[DEBUG] SM432 05FEB: Match #141: HK 19JAN | Line: 141N 01SAID/EISHASAID             	8ZMNUO P  HK 19JAN CAISM0100
[DEBUG] SM432 05FEB: Match #142: HK 19JAN | Line: 142N 01SALEM/FATMA ALY            	8ZNHTM P  HK 19JAN CAISM0100
[DEBUG] SM432 05FEB: Match #143: HK 19JAN | Line: 143N 01SALEM/FATMA SALEM          	8ZNHTM P  HK 19JAN CAISM0100
[DEBUG] SM432 05FEB: Match #144: HK 19JAN | Line: 144N 01SALMAN/MAGDASHADD          	8ZMNUO P  HK 19JAN CAISM0100
[DEBUG] SM432 05FEB: Match #145: HK 19JAN | Line: 145N 01SAYED/DINARIYAD            	8ZMNUO P  HK 19JAN CAISM0100
[DEBUG] SM432 05FEB: Match #146: HK 19JAN | Line: 146N 01SAYED/HODAMOHAMED          	8ZMNUO P  HK 19JAN CAISM0100
[DEBUG] SM432 05FEB: Match #147: HK 19JAN | Line: 147N 01SAYED/MOHAMEDABDE          	8ZMNUO P  HK 19JAN CAISM0100
[DEBUG] SM432 05FEB: Match #148: HK 19JAN | Line: 148N 01SAYED/MOSTAFAABDE          	8ZMNUO P  HK 19JAN CAISM0100
[DEBUG] SM432 05FEB: Match #149: HK 19JAN | Line: 149N 01SAYED/SAMIASADEK           	8ZMNUO P  HK 19JAN CAISM0100
[DEBUG] SM432 05FEB: Match #150: HK 19JAN | Line: 150N 01SHAHIN/AYDA HAMMA          	8ZNHTM P  HK 19JAN CAISM0100
[DEBUG] SM432 05FEB: Match #151: HK 19JAN | Line: 151N 01SOLIMAN/SAMIA MOS          	8ZNHTM P  HK 19JAN CAISM0100
[DEBUG] SM432 05FEB: Match #152: HK 19JAN | Line: 152N 01SOULIMAN/FATMA EL          	8ZNHTM P  HK 19JAN CAISM0100
[DEBUG] SM432 05FEB: Match #153: HK 19JAN | Line: 153N 01TAHA/HAMDYAHMED            	8ZMNUO P  HK 19JAN CAISM0100
[DEBUG] SM432 05FEB: Match #154: HK 19JAN | Line: 154N 01YOUSSEF/AYASAMI            	8ZMNUO P  HK 19JAN CAISM0100
[DEBUG] SM432 05FEB: Match #155: HK 19JAN | Line: 155N 01YOUSSEF/SAMIASOUB          	8ZMNUO P  HK 19JAN CAISM0100
[LF] SM432 05FEB: LP/T count complete. True WEEKLY: 155, TODAY: 0, YDAY: 0 | Removed 6 duplicates
[LF] SM432 05FEB: LP/T result: WEEKLY=155, TODAY=0, YDAY=0
[LF] SM432 05FEB: LASTSOLD=2026-01-21 00:00:00, WEEKLY=155, TODAY=0, YDAY=0
2026-01-25 08:00:38 | INFO     | [SUCCESS] Day 05FEB
2026-01-25 08:00:38 | INFO     | [DAY_START] Processing 04FEB
[LF] Processing JED-CAI for 04FEB
2026-01-25 08:00:38 | INFO     | [lf.day.start] Processing JED-CAI for 04FEB
[LF] JED↔Cairo route detected - querying both CAI and CCE airports
[LF] Sending SN command: SN04FEBJEDCAI/ASM
[LF] Sending SN command: SN04FEBJEDCCE/ASM
[LF] 04FEB: found 3 direct flights
2026-01-25 08:00:40 | INFO     | [lf.day.flights_found] Found 3 flights on 04FEB
2026-01-25 08:00:42 | INFO     | [lf.flight.extracted] SM476 on 04FEB: BKG=171, LF=96.1%
[LF] SM476 04FEB: BKG=171, GRP=135, CAP=178, LF%=96.1%, Brd-Off=JED-CAI, Classes: N:1, P:135, I:17, O:15, U:1, T:2
2026-01-25 08:00:46 | INFO     | [lf.flight.extracted] SM460 on 04FEB: BKG=170, LF=95.5%
[LF] SM460 04FEB: BKG=170, GRP=135, CAP=178, LF%=95.5%, Brd-Off=JED-CAI, Classes: P:135, I:18, O:10, U:5, T:2
2026-01-25 08:00:49 | INFO     | [lf.flight.extracted] SM478 on 04FEB: BKG=168, LF=94.4%
[LF] SM478 04FEB: BKG=168, GRP=118, CAP=178, LF%=94.4%, Brd-Off=JED-CAI, Classes: P:93, E:25, I:17, O:17, U:12, W:1, G:1, V:2
[LF] Getting WEEKLY/LASTSOLD data for 3 flights
[LF] SM476 04FEB: LASTSOLD=2026-01-23 00:00:00, WEEKLY=3, TODAY=0, YDAY=0
[LF] SM460 04FEB: LASTSOLD=2026-01-24 00:00:00, WEEKLY=2, TODAY=0, YDAY=2
[LF] SM478 04FEB: LASTSOLD=2026-01-23 00:00:00, WEEKLY=3, TODAY=0, YDAY=0
2026-01-25 08:01:04 | INFO     | [SUCCESS] Day 04FEB
2026-01-25 08:01:04 | INFO     | [DAY_START] Processing 03FEB
[LF] Processing JED-CAI for 03FEB
2026-01-25 08:01:04 | INFO     | [lf.day.start] Processing JED-CAI for 03FEB
[LF] JED↔Cairo route detected - querying both CAI and CCE airports
[LF] Sending SN command: SN03FEBJEDCAI/ASM
[LF] Sending SN command: SN03FEBJEDCCE/ASM
[LF] 03FEB: found 7 direct flights
2026-01-25 08:01:07 | INFO     | [lf.day.flights_found] Found 7 flights on 03FEB
2026-01-25 08:01:09 | INFO     | [lf.flight.extracted] SM472 on 03FEB: BKG=136, LF=77.7%
[LF] SM472 03FEB: BKG=136, GRP=130, CAP=175, LF%=77.7%, Brd-Off=JED-CAI, Classes: P:130, I:6
2026-01-25 08:01:12 | INFO     | [lf.flight.extracted] SM954 on 03FEB: BKG=165, LF=92.7%
[LF] SM954 03FEB: BKG=165, GRP=76, CAP=178, LF%=92.7%, Brd-Off=JED-CAI, Classes: P:76, I:13, O:36, U:39, S:1
[LPC] SM954 03FEB: Found 1 outbound flights with connecting passengers
2026-01-25 08:01:17 | INFO     | [lf.flight.extracted] SM480 on 03FEB: BKG=127, LF=72.6%
[LF] SM480 03FEB: BKG=127, GRP=91, CAP=175, LF%=72.6%, Brd-Off=JED-CAI, Classes: P:44, E:47, I:16, U:8, X:12
2026-01-25 08:01:21 | INFO     | [lf.flight.extracted] SM460 on 03FEB: BKG=121, LF=70.3%
[LF] SM460 03FEB: BKG=121, GRP=31, CAP=172, LF%=70.3%, Brd-Off=JED-CAI, Classes: N:2, P:31, I:20, O:22, U:22, X:20, T:3, K:1
2026-01-25 08:01:25 | INFO     | [lf.flight.extracted] SM424 on 03FEB: BKG=135, LF=77.1%
[LF] SM424 03FEB: BKG=135, GRP=128, CAP=175, LF%=77.1%, Brd-Off=JED-CAI, Classes: P:128, I:6, U:1
2026-01-25 08:01:28 | INFO     | [lf.flight.extracted] SM476 on 03FEB: BKG=142, LF=81.1%
[LF] SM476 03FEB: BKG=142, GRP=126, CAP=175, LF%=81.1%, Brd-Off=JED-CAI, Classes: P:126, I:11, U:4, V:1
2026-01-25 08:01:32 | INFO     | [lf.flight.extracted] SM478 on 03FEB: BKG=158, LF=90.3%
[LF] SM478 03FEB: BKG=158, GRP=115, CAP=175, LF%=90.3%, Brd-Off=JED-CAI, Classes: P:115, I:16, O:14, U:12, X:1
[LF] Getting WEEKLY/LASTSOLD data for 7 flights
[LF] SM472 03FEB: LASTSOLD=2025-12-31 00:00:00, WEEKLY=0, TODAY=0, YDAY=0
[LF] SM954 03FEB: LASTSOLD=2026-01-20 00:00:00, WEEKLY=5, TODAY=0, YDAY=0
[LF] SM480 03FEB: LASTSOLD=2026-01-22 00:00:00, WEEKLY=9, TODAY=0, YDAY=0
[LF] SM460 03FEB: LASTSOLD=2026-01-22 00:00:00, WEEKLY=19, TODAY=0, YDAY=0
[LF] SM424 03FEB: LASTSOLD=2026-01-19 00:00:00, WEEKLY=40, TODAY=0, YDAY=0
[LF] SM476 03FEB: LASTSOLD=2026-01-19 00:00:00, WEEKLY=1, TODAY=0, YDAY=0
[LF] SM478 03FEB: WEEKLY=99 → LP/T MANDATORY
[DEBUG] SM478 03FEB: Match #1: HK 22JAN | Line: 001  01HEGAZY/MAGDY METW          	7P7K3L X  HK 22JAN CAISM07TP
[DEBUG] SM478 03FEB: Match #2: TK 19JAN | Line: 002  01ABDELGWAD/RANIA M          	89BFXJ U  TK 19JAN CAIEG28WT
[DEBUG] SM478 03FEB: Match #3: TK 19JAN | Line: 003  01ALBSHRI/MOHAMMAD           	82CKZY U  TK 19JAN JEDS22326
[DEBUG] SM478 03FEB: Match #4: TK 19JAN | Line: 004  02ALY/WAFAA MRS              	9UHC5B U  TK 19JAN CAIEG3321
[DEBUG] SM478 03FEB: Match #5: TK 19JAN | Line: 005  01EISSA/HOSSAM MR            	9SD99I U  TK 19JAN CAISM07TP
[DEBUG] SM478 03FEB: Match #6: TK 19JAN | Line: 006  01EL GOURANI/KAOUTA          	7O8PGR U  TK 19JAN RUHAA28WH
[DEBUG] SM478 03FEB: Match #7: TK 19JAN | Line: 007  01ELRABWA/ASHRAF MR          	8WAILO U  TK 19JAN CAIEG278J
[DEBUG] SM478 03FEB: Match #8: HK 19JAN | Line: 008  01ELSHERIF/OMAR ALI          	XLUYE2 U  HK 19JAN OSLSG34AA
[DEBUG] SM478 03FEB: DUPLICATE #1: 001 HK 22JAN | Skipping
[DEBUG] SM478 03FEB: DUPLICATE #2: 002 TK 19JAN | Skipping
[DEBUG] SM478 03FEB: DUPLICATE #3: 003 TK 19JAN | Skipping
[DEBUG] SM478 03FEB: DUPLICATE #4: 004 TK 19JAN | Skipping
[DEBUG] SM478 03FEB: DUPLICATE #5: 005 TK 19JAN | Skipping
[DEBUG] SM478 03FEB: DUPLICATE #6: 006 TK 19JAN | Skipping
[DEBUG] SM478 03FEB: DUPLICATE #7: 007 TK 19JAN | Skipping
[DEBUG] SM478 03FEB: DUPLICATE #8: 008 HK 19JAN | Skipping
[DEBUG] SM478 03FEB: Match #9: HK 19JAN | Line: 009  01MABROUK/MOHAMED M          	XX9DEI U  HK 19JAN CPHSG34AA
[DEBUG] SM478 03FEB: Match #10: TK 19JAN | Line: 010  02MARZOUK/SABAH MRS          	9UHC5B U  TK 19JAN CAIEG3321
[DEBUG] SM478 03FEB: Match #11: TK 19JAN | Line: 011  01MOHAMED/ISMAIL MR          	9CKMJM U  TK 19JAN ISTSM07TP
[DEBUG] SM478 03FEB: Match #12: HK 19JAN | Line: 012  01OMAR/YASMINE KHAL          	85XBXN U  HK 19JAN RUHAA2352
[DEBUG] SM478 03FEB: Match #13: HK 19JAN | Line: 013  01YASSEIN/MOHAMED M          	8G7EBX U  HK 19JAN JEDSM08AA
[DEBUG] SM478 03FEB: Match #14: TK 19JAN | Line: 014  01ALPESHRE/HAMAD AT          	82ELZQ O  TK 19JAN JEDS22326
[DEBUG] SM478 03FEB: Match #15: TK 19JAN | Line: 015  05BORAYEK/ABDELTAWW          	7QSTGX O  TK 19JAN JEDS228MR
[DEBUG] SM478 03FEB: Match #16: TK 19JAN | Line: 016  05BORAYEK/HOUR MS            	7QSTGX O  TK 19JAN JEDS228MR
[DEBUG] SM478 03FEB: Match #17: TK 19JAN | Line: 017  01ELKARYM/BASSAM G           	7SYEYQ O  TK 19JAN RUHAA28WH
[DEBUG] SM478 03FEB: Match #18: TK 19JAN | Line: 018  05ELSAYED/HASSAN MR          	7QSTGX O  TK 19JAN JEDS228MR
[DEBUG] SM478 03FEB: Match #19: TK 19JAN | Line: 019  02HEGAZY/HOSNA               	7MDARR O  TK 19JAN CAISM08AA
[DEBUG] SM478 03FEB: Match #20: TK 19JAN | Line: 020  05KHALED/MADIHA MRS          	7QSTGX O  TK 19JAN JEDS228MR
[DEBUG] SM478 03FEB: Match #21: TK 19JAN | Line: 021  02MAHMOUD/ALI KHEDR          	857SDH O  TK 19JAN JEDLW28FD
[DEBUG] SM478 03FEB: Match #22: TK 19JAN | Line: 022  02MAHMOUD/HAMADA EL          	857SDH O  TK 19JAN JEDLW28FD
[DEBUG] SM478 03FEB: Match #23: TK 19JAN | Line: 023  01MAHMOUD/MOHAMED M          	865P43 O  TK 19JAN RUHAA28WH
[DEBUG] SM478 03FEB: Match #24: TK 19JAN | Line: 024  01ODEH/MAHMOUD MR            	8GWNWQ O  TK 19JAN JEDSM08AA
[DEBUG] SM478 03FEB: Match #25: TK 19JAN | Line: 025  02SELIM/LOBNA                	7MDARR O  TK 19JAN CAISM08AA
[DEBUG] SM478 03FEB: Match #26: TK 19JAN | Line: 026  01SHALTOUT/YASER AL          	88V73R O  TK 19JAN JEDSM08MB
[DEBUG] SM478 03FEB: Match #27: TK 19JAN | Line: 027  05SOLIMAN/HANAN MRS          	7QSTGX O  TK 19JAN JEDS228MR
[DEBUG] SM478 03FEB: Match #28: TK 19JAN | Line: 028  02ABDELMEGUID/MOHAM          	7U62X4 I  TK 19JAN RUHS2232V
[DEBUG] SM478 03FEB: Match #29: TK 19JAN | Line: 029  01AFIFI/KARIMA               	7EK56G I  TK 19JAN RUHAA28WH
[DEBUG] SM478 03FEB: Match #30: TK 19JAN | Line: 030  05BADAWY/NEVEN MRS           	9OYFJA I  TK 19JAN JEDSM07TP
[DEBUG] SM478 03FEB: Match #31: TK 19JAN | Line: 031  05BEDIR/NEHAD MRS            	9OYFJA I  TK 19JAN JEDSM07TP
[DEBUG] SM478 03FEB: Match #32: TK 19JAN | Line: 032  01ELBARBARY/YATHREB          	77RQCE I  TK 19JAN CAISM08MB
[DEBUG] SM478 03FEB: Match #33: TK 19JAN | Line: 033  01ELMOGHAZI/MOHAMED          	744EIQ I  TK 19JAN RUHAA28WH
[DEBUG] SM478 03FEB: Match #34: TK 19JAN | Line: 034  02HAMMAD/HAMDI               	7U62X4 I  TK 19JAN RUHS2232V
[DEBUG] SM478 03FEB: Match #35: TK 19JAN | Line: 035  02HAN/YOUFU MR               	8C3QCE I  TK 19JAN FRASM07NI
[DEBUG] SM478 03FEB: Match #36: TK 19JAN | Line: 036  01HANI/MOHAMED ISMA          	73F7PE I  TK 19JAN JEDS2240L
[DEBUG] SM478 03FEB: Match #37: TK 19JAN | Line: 037  02HE/JIANFENG MR             	8C3QCE I  TK 19JAN FRASM07NI
[DEBUG] SM478 03FEB: Match #38: TK 19JAN | Line: 038  01MAHMOUD/IBRAHIM M          	7RFLR2 I  TK 19JAN FRASM07NI
[DEBUG] SM478 03FEB: Match #39: TK 19JAN | Line: 039  05OTHMAN/ADEL MR             	9OYFJA I  TK 19JAN JEDSM07TP
[DEBUG] SM478 03FEB: Match #40: TK 19JAN | Line: 040  05OTHMAN/HAGER MS            	9OYFJA I  TK 19JAN JEDSM07TP
[DEBUG] SM478 03FEB: Match #41: TK 19JAN | Line: 041  05OTHMAN/MOAMEN MR           	9OYFJA I  TK 19JAN JEDSM07TP
[DEBUG] SM478 03FEB: Match #42: TK 19JAN | Line: 042  02RAGAB/MAHMOUD MR           	84L9XR I  TK 19JAN CAISM08AA
[DEBUG] SM478 03FEB: Match #43: TK 19JAN | Line: 043  02SHEHAB/ELTAHRA MR          	84L9XR I  TK 19JAN CAISM08AA
[DEBUG] SM478 03FEB: Match #44: HK 19JAN | Line: 044N 01ABD ALLA/MERVAT A          	83IFXI P  HK 19JAN CAISM0100
[DEBUG] SM478 03FEB: Match #45: TK 19JAN | Line: 045N 01ABDELGAWAD/RANIA           	83KBY6 P  TK 19JAN CAISM0100
[DEBUG] SM478 03FEB: Match #46: HK 19JAN | Line: 046N 01ABDELGHANY/GOMAA           	83IFXI P  HK 19JAN CAISM0100
[DEBUG] SM478 03FEB: Match #47: HK 19JAN | Line: 047N 01ABDELHAMID/MOHAME          	83KC42 P  HK 19JAN CAISM0100
[DEBUG] SM478 03FEB: Match #48: HK 19JAN | Line: 048N 01ABDELKHALEK/AMINA          	83KC42 P  HK 19JAN CAISM0100
[DEBUG] SM478 03FEB: Match #49: TK 19JAN | Line: 049N 01ABDELLATIF/MOHAME          	83KBY6 P  TK 19JAN CAISM0100
[DEBUG] SM478 03FEB: Match #50: HK 19JAN | Line: 050N 01ABDELMAKSOUD/MANA          	83IFXI P  HK 19JAN CAISM0100
[DEBUG] SM478 03FEB: Match #51: HK 19JAN | Line: 051N 01ABDELRAHIM/AHMED           	83KC42 P  HK 19JAN CAISM0100
[DEBUG] SM478 03FEB: Match #52: HK 19JAN | Line: 052N 01ABDELRAHMAN/SABAH          	83KC42 P  HK 19JAN CAISM0100
[DEBUG] SM478 03FEB: Match #53: HK 19JAN | Line: 053N 01ABDELSALAM/ALI KH          	9BPSL3 P  HK 19JAN CAISM0100
[DEBUG] SM478 03FEB: Match #54: HK 19JAN | Line: 054N 01ABDELSALAM/JANA K          	83IFXI P  HK 19JAN CAISM0100
[DEBUG] SM478 03FEB: Match #55: HK 19JAN | Line: 055N 01ABDELSALAM/KHALED          	83IFXI P  HK 19JAN CAISM0100
[DEBUG] SM478 03FEB: Match #56: TK 19JAN | Line: 056N 01ABOEGILA/AWAD RAF          	83KBY6 P  TK 19JAN CAISM0100
[DEBUG] SM478 03FEB: Match #57: TK 19JAN | Line: 057N 01ABOUAMNA/SAMY ELD          	83KBY6 P  TK 19JAN CAISM0100
[DEBUG] SM478 03FEB: Match #58: HK 19JAN | Line: 058N 01AHMED/ABDELSHAFI           	83IFXI P  HK 19JAN CAISM0100
[DEBUG] SM478 03FEB: Match #59: TK 19JAN | Line: 059N 01AHMED/MAHMOUD IBR          	83KBY6 P  TK 19JAN CAISM0100
[DEBUG] SM478 03FEB: Match #60: TK 19JAN | Line: 060N 01AHMED/MOHAMED ABD          	83KBY6 P  TK 19JAN CAISM0100
[DEBUG] SM478 03FEB: Match #61: TK 19JAN | Line: 061N 01AHMED/NAWAL YASSI          	83KBY6 P  TK 19JAN CAISM0100
[DEBUG] SM478 03FEB: Match #62: HK 19JAN | Line: 062N 01ALI/HANEM MAHMOUD          	83KC42 P  HK 19JAN CAISM0100
[DEBUG] SM478 03FEB: Match #63: HK 19JAN | Line: 063N 01ALI/SAMIA ABBAS            	83KC42 P  HK 19JAN CAISM0100
[DEBUG] SM478 03FEB: Match #64: HK 19JAN | Line: 064N 01ALI/SAYED ABDELHA          	83IFXI P  HK 19JAN CAISM0100
[DEBUG] SM478 03FEB: Match #65: TK 19JAN | Line: 065N 01ALI/TAREK AHMED            	83KBY6 P  TK 19JAN CAISM0100
[DEBUG] SM478 03FEB: Match #66: TK 19JAN | Line: 066N 01ALY/NAWAL ABDELAZ          	83KBY6 P  TK 19JAN CAISM0100
[DEBUG] SM478 03FEB: Match #67: HK 19JAN | Line: 067N 01ALYAN/ABDELTAWAB           	83IFXI P  HK 19JAN CAISM0100
[DEBUG] SM478 03FEB: Match #68: TK 19JAN | Line: 068N 01AREF/TAHANY ABDEL          	83KBY6 P  TK 19JAN CAISM0100
[DEBUG] SM478 03FEB: Match #69: HK 19JAN | Line: 069N 01ASHOUR/HAMDIA ASH          	83IFXI P  HK 19JAN CAISM0100
[DEBUG] SM478 03FEB: Match #70: HK 19JAN | Line: 070N 01ASHOUR/NOURHAN MO          	83IFXI P  HK 19JAN CAISM0100
[DEBUG] SM478 03FEB: Match #71: HK 19JAN | Line: 071N 01AZZAB/HOWAIDA FAR          	83IFXI P  HK 19JAN CAISM0100
[DEBUG] SM478 03FEB: Match #72: TK 19JAN | Line: 072N 01BAZ/MOHAMED MANSO          	83KBY6 P  TK 19JAN CAISM0100
[DEBUG] SM478 03FEB: Match #73: HK 19JAN | Line: 073N 01DAAMOUS/REHAM OMA          	83IFXI P  HK 19JAN CAISM0100
[DEBUG] SM478 03FEB: Match #74: TK 19JAN | Line: 074N 01DEWEDAR/HORYA HAS          	83KBY6 P  TK 19JAN CAISM0100
[DEBUG] SM478 03FEB: Match #75: TK 19JAN | Line: 075N 01DOWIDAR/FATMA MOS          	83KBY6 P  TK 19JAN CAISM0100
[DEBUG] SM478 03FEB: Match #76: HK 19JAN | Line: 076N 01EID/AZZA FARAG             	83IFXI P  HK 19JAN CAISM0100
[DEBUG] SM478 03FEB: Match #77: HK 19JAN | Line: 077N 01EID/SAHR ABDELSAL          	83IFXI P  HK 19JAN CAISM0100
[DEBUG] SM478 03FEB: Match #78: HK 19JAN | Line: 078N 01EISSA/AHMED SAMY           	97XV2A P  HK 19JAN CAISM0100
[DEBUG] SM478 03FEB: Match #79: HK 19JAN | Line: 079N 01EISSA/YAMEN AHMED          	83KC42 P  HK 19JAN CAISM0100
[DEBUG] SM478 03FEB: Match #80: HK 19JAN | Line: 080N 01ELAWADI/AMAN ELSA          	83KC42 P  HK 19JAN CAISM0100
[DEBUG] SM478 03FEB: Match #81: HK 19JAN | Line: 081N 01ELBEHWASHI/OMAR H          	83KC42 P  HK 19JAN CAISM0100
[DEBUG] SM478 03FEB: Match #82: TK 19JAN | Line: 082N 01ELDOMITI/BADAWIA           	83KBY6 P  TK 19JAN CAISM0100
[DEBUG] SM478 03FEB: Match #83: HK 19JAN | Line: 083N 01ELHELB/AMNA MOHAM          	83IFXI P  HK 19JAN CAISM0100
[DEBUG] SM478 03FEB: Match #84: TK 19JAN | Line: 084N 01ELMENIFY/ELSADAT           	83KBY6 P  TK 19JAN CAISM0100
[DEBUG] SM478 03FEB: Match #85: HK 19JAN | Line: 085N 01ELROKH/ENSHRAH KH          	83IFXI P  HK 19JAN CAISM0100
[DEBUG] SM478 03FEB: Match #86: TK 19JAN | Line: 086N 01ELSEWEFI/MOHAMED           	83KBY6 P  TK 19JAN CAISM0100
[DEBUG] SM478 03FEB: Match #87: HK 19JAN | Line: 087N 01ELSHARKAWY/FAWZI           	83IFXI P  HK 19JAN CAISM0100
[DEBUG] SM478 03FEB: Match #88: TK 19JAN | Line: 088N 01ELSHIMY/MERVAT AB          	83KBY6 P  TK 19JAN CAISM0100
[DEBUG] SM478 03FEB: Match #89: TK 19JAN | Line: 089N 01FADL/MOHAMED MOST          	83KBY6 P  TK 19JAN CAISM0100
[DEBUG] SM478 03FEB: Match #90: TK 19JAN | Line: 090N 01GHARIBA/HODA ABDE          	83KBY6 P  TK 19JAN CAISM0100
[DEBUG] SM478 03FEB: Match #91: TK 19JAN | Line: 091N 01GHOBASHY/IBRAHIM           	83KBY6 P  TK 19JAN CAISM0100
[DEBUG] SM478 03FEB: Match #92: TK 19JAN | Line: 092N 01GOMAA/SABREEN RED          	83KBY6 P  TK 19JAN CAISM0100
[DEBUG] SM478 03FEB: Match #93: TK 19JAN | Line: 093N 01GOMAA/SAWSN                	83KBY6 P  TK 19JAN CAISM0100
[DEBUG] SM478 03FEB: Match #94: HK 19JAN | Line: 094N 01HAK/HORIA ABDELRE          	83KC42 P  HK 19JAN CAISM0100
[DEBUG] SM478 03FEB: Match #95: HK 19JAN | Line: 095N 01HAMED/GEHAN HAMED          	83IFXI P  HK 19JAN CAISM0100
[DEBUG] SM478 03FEB: Match #96: HK 19JAN | Line: 096N 01HASSAN/DONIA RAGA          	83KC42 P  HK 19JAN CAISM0100
[DEBUG] SM478 03FEB: Match #97: HK 19JAN | Line: 097N 01HASSAN/ESSMAT MOH          	83KC42 P  HK 19JAN CAISM0100
[DEBUG] SM478 03FEB: Match #98: HK 19JAN | Line: 098N 01HASSAN/HOWAIDA MO          	83KC42 P  HK 19JAN CAISM0100
[DEBUG] SM478 03FEB: Match #99: TK 19JAN | Line: 099N 01HASSANEEN/SOHAIR           	83KBY6 P  TK 19JAN CAISM0100
[DEBUG] SM478 03FEB: Match #100: HK 19JAN | Line: 100N 01HAWASH/SAYED ALI           	83IFXI P  HK 19JAN CAISM0100
[DEBUG] SM478 03FEB: Match #101: HK 19JAN | Line: 101N 01HEMDAN/SALAMA EHM          	83KC42 P  HK 19JAN CAISM0100
[DEBUG] SM478 03FEB: Match #102: TK 19JAN | Line: 102N 01HEMEIDA/SANAA MOH          	83KBY6 P  TK 19JAN CAISM0100
[DEBUG] SM478 03FEB: Match #103: HK 19JAN | Line: 103N 01IBRAHIM/NAEIMA HE          	83KC42 P  HK 19JAN CAISM0100
[DEBUG] SM478 03FEB: Match #104: HK 19JAN | Line: 104N 01KAMEL/NEAMAT DARW          	83IFXI P  HK 19JAN CAISM0100
[DEBUG] SM478 03FEB: Match #105: HK 19JAN | Line: 105N 01KHAIRALLA/FATMA S          	83IFXI P  HK 19JAN CAISM0100
[DEBUG] SM478 03FEB: Match #106: TK 19JAN | Line: 106N 01KHALIFA/ABDELHALI          	83KBY6 P  TK 19JAN CAISM0100
[DEBUG] SM478 03FEB: Match #107: TK 19JAN | Line: 107N 01KHALIFA/IBRAHIM I          	83KBY6 P  TK 19JAN CAISM0100
[DEBUG] SM478 03FEB: Match #108: TK 19JAN | Line: 108N 01KHALIFA/ISMAIL MO          	83KBY6 P  TK 19JAN CAISM0100
[DEBUG] SM478 03FEB: Match #109: TK 19JAN | Line: 109N 01KHALIL/NAGAT KORA          	83KBY6 P  TK 19JAN CAISM0100
[DEBUG] SM478 03FEB: Match #110: HK 19JAN | Line: 110N 01KHATTAB/AZZA HESH          	83KC42 P  HK 19JAN CAISM0100
[DEBUG] SM478 03FEB: Match #111: HK 19JAN | Line: 111N 01KHEIRALLA/REEM HA          	83IFXI P  HK 19JAN CAISM0100
[DEBUG] SM478 03FEB: Match #112: HK 19JAN | Line: 112N 01KHEIRALLA/YASSEIN          	83IFXI P  HK 19JAN CAISM0100
[DEBUG] SM478 03FEB: Match #113: HK 19JAN | Line: 113N 01KHEIRALLA/YOUSSEF          	83IFXI P  HK 19JAN CAISM0100
[DEBUG] SM478 03FEB: Match #114: HK 19JAN | Line: 114N 01KHER/NESMA HANDL           	83IFXI P  HK 19JAN CAISM0100
[DEBUG] SM478 03FEB: Match #115: HK 19JAN | Line: 115N 01LEILA/AMANY HAMZA          	83KC42 P  HK 19JAN CAISM0100
[DEBUG] SM478 03FEB: Match #116: HK 19JAN | Line: 116N 01LEILA/AML HAMZA            	83KC42 P  HK 19JAN CAISM0100
[DEBUG] SM478 03FEB: Match #117: HK 19JAN | Line: 117N 01LILA/AMIRA HAMZA           	83KC42 P  HK 19JAN CAISM0100
[DEBUG] SM478 03FEB: Match #118: HK 19JAN | Line: 118N 01MAATOUG/ANAAM SAL          	83IFXI P  HK 19JAN CAISM0100
[DEBUG] SM478 03FEB: Match #119: HK 19JAN | Line: 119N 01MADY/SAADIA MOHAM          	83KC42 P  HK 19JAN CAISM0100
[DEBUG] SM478 03FEB: Match #120: TK 19JAN | Line: 120N 01MAGED/MANAL ABOUB          	83KBY6 P  TK 19JAN CAISM0100
[DEBUG] SM478 03FEB: Match #121: HK 19JAN | Line: 121N 01MANSOUR/AFAF IBRA          	83IFXI P  HK 19JAN CAISM0100
[DEBUG] SM478 03FEB: Match #122: TK 19JAN | Line: 122N 01MASOUD/ASAAD MASO          	83KBY6 P  TK 19JAN CAISM0100
[DEBUG] SM478 03FEB: Match #123: HK 19JAN | Line: 123N 01MERSSAL/FAWZIA MO          	83IFXI P  HK 19JAN CAISM0100
[DEBUG] SM478 03FEB: Match #124: HK 19JAN | Line: 124N 01MESELHI/ELSAYED M          	83IFXI P  HK 19JAN CAISM0100
[DEBUG] SM478 03FEB: Match #125: HK 19JAN | Line: 125N 01MESELHY/FAYZA MOH          	83IFXI P  HK 19JAN CAISM0100
[DEBUG] SM478 03FEB: Match #126: HK 19JAN | Line: 126N 01METWALLY/MAHASEN           	83IFXI P  HK 19JAN CAISM0100
[DEBUG] SM478 03FEB: Match #127: HK 19JAN | Line: 127N 01MOBARAK/SAHAR SAY          	83KC42 P  HK 19JAN CAISM0100
[DEBUG] SM478 03FEB: Match #128: TK 19JAN | Line: 128N 01MOFTAH/ABDELRAHIM          	83KBY6 P  TK 19JAN CAISM0100
[DEBUG] SM478 03FEB: Match #129: TK 19JAN | Line: 129N 01MOHAMED/AFAF ALY           	83KBY6 P  TK 19JAN CAISM0100
[DEBUG] SM478 03FEB: Match #130: TK 19JAN | Line: 130N 01MOHAMED/AHMED ABD          	83KBY6 P  TK 19JAN CAISM0100
[DEBUG] SM478 03FEB: Match #131: TK 19JAN | Line: 131N 01MOHAMED/FATMA SAL          	83KBY6 P  TK 19JAN CAISM0100
[DEBUG] SM478 03FEB: Match #132: HK 19JAN | Line: 132N 01MOHAMED/HEFNI ALI          	83KC42 P  HK 19JAN CAISM0100
[DEBUG] SM478 03FEB: Match #133: HK 19JAN | Line: 133N 01MOHAMED/HODA ALI           	83KC42 P  HK 19JAN CAISM0100
[DEBUG] SM478 03FEB: Match #134: TK 19JAN | Line: 134N 01MOHAMED/HODA MAHM          	83KBY6 P  TK 19JAN CAISM0100
[DEBUG] SM478 03FEB: Match #135: TK 19JAN | Line: 135N 01MOHAMED/MARWA MAH          	83KBY6 P  TK 19JAN CAISM0100
[DEBUG] SM478 03FEB: Match #136: HK 19JAN | Line: 136N 01MOHAMED/NAEIMA GA          	83IFXI P  HK 19JAN CAISM0100
[DEBUG] SM478 03FEB: Match #137: HK 19JAN | Line: 137N 01MOHAMED/NAGLAA MO          	83KC42 P  HK 19JAN CAISM0100
[DEBUG] SM478 03FEB: Match #138: TK 19JAN | Line: 138N 01MOHAMED/RANIA MOH          	83KBY6 P  TK 19JAN CAISM0100
[DEBUG] SM478 03FEB: Match #139: HK 19JAN | Line: 139N 01MOHAMED/SAADIA MO          	9BPSL3 P  HK 19JAN CAISM0100
[DEBUG] SM478 03FEB: Match #140: TK 19JAN | Line: 140N 01MOHAMED/SHAKER FA          	83KBY6 P  TK 19JAN CAISM0100
[DEBUG] SM478 03FEB: Match #141: HK 19JAN | Line: 141N 01MOHAMMED/EMAN ALI          	83KC42 P  HK 19JAN CAISM0100
[DEBUG] SM478 03FEB: Match #142: HK 19JAN | Line: 142N 01MOSALLAM/EID SOLI          	83KC42 P  HK 19JAN CAISM0100
[DEBUG] SM478 03FEB: Match #143: TK 19JAN | Line: 143N 01MOSTAFA/THANAA MO          	83KBY6 P  TK 19JAN CAISM0100
[DEBUG] SM478 03FEB: Match #144: HK 19JAN | Line: 144N 01MOUBARAK/SAMIA SA          	83KC42 P  HK 19JAN CAISM0100
[DEBUG] SM478 03FEB: Match #145: TK 19JAN | Line: 145N 01MOUSSA/SOUAD SHAA          	83KBY6 P  TK 19JAN CAISM0100
[DEBUG] SM478 03FEB: Match #146: TK 19JAN | Line: 146N 01NEAMA/AHMED MOHAM          	83KBY6 P  TK 19JAN CAISM0100
[DEBUG] SM478 03FEB: Match #147: TK 19JAN | Line: 147N 01OTHMAN/SAFAA MOHA          	83KBY6 P  TK 19JAN CAISM0100
[DEBUG] SM478 03FEB: Match #148: HK 19JAN | Line: 148N 01SALEH/ABDALLA NAB          	83KC42 P  HK 19JAN CAISM0100
[DEBUG] SM478 03FEB: Match #149: HK 19JAN | Line: 149N 01SALEH/NABIL ELSAY          	83KC42 P  HK 19JAN CAISM0100
[DEBUG] SM478 03FEB: Match #150: TK 19JAN | Line: 150N 01SALEM/ZAYED ABDEL          	83KBY6 P  TK 19JAN CAISM0100
[DEBUG] SM478 03FEB: Match #151: HK 19JAN | Line: 151N 01SAWY/HASNAA ZAKAR          	83KC42 P  HK 19JAN CAISM0100
[DEBUG] SM478 03FEB: DUPLICATE #9: 150N TK 19JAN | Skipping
[DEBUG] SM478 03FEB: DUPLICATE #10: 151N HK 19JAN | Skipping
[DEBUG] SM478 03FEB: Match #152: HK 19JAN | Line: 152N 01SHALABY/NABAWIA I          	83IFXI P  HK 19JAN CAISM0100
[DEBUG] SM478 03FEB: Match #153: TK 19JAN | Line: 153N 01SOLIMAN/HANY RAGA          	83KBY6 P  TK 19JAN CAISM0100
[DEBUG] SM478 03FEB: Match #154: HK 19JAN | Line: 154N 01SULTAN/ROAA MOHAM          	83IFXI P  HK 19JAN CAISM0100
[DEBUG] SM478 03FEB: Match #155: HK 19JAN | Line: 155N 01WARDANI/ABDALLA S          	83KC42 P  HK 19JAN CAISM0100
[DEBUG] SM478 03FEB: Match #156: HK 19JAN | Line: 156N 01WARDANI/ABDELRAHM          	83KC42 P  HK 19JAN CAISM0100
[DEBUG] SM478 03FEB: Match #157: HK 19JAN | Line: 157N 01YOUSSEF/ABDELHAMI          	83KC42 P  HK 19JAN CAISM0100
[DEBUG] SM478 03FEB: Match #158: HK 19JAN | Line: 158N 01YOUSSEF/SAID MAGD          	83IFXI P  HK 19JAN CAISM0100
[LF] SM478 03FEB: LP/T count complete. True WEEKLY: 158, TODAY: 0, YDAY: 0 | Removed 10 duplicates
[LF] SM478 03FEB: LP/T result: WEEKLY=158, TODAY=0, YDAY=0
[LF] SM478 03FEB: LASTSOLD=2026-01-22 00:00:00, WEEKLY=158, TODAY=0, YDAY=0
2026-01-25 08:02:16 | INFO     | [SUCCESS] Day 03FEB
2026-01-25 08:02:16 | INFO     | [DAY_START] Processing 02FEB
[LF] Processing JED-CAI for 02FEB
2026-01-25 08:02:16 | INFO     | [lf.day.start] Processing JED-CAI for 02FEB
[LF] JED↔Cairo route detected - querying both CAI and CCE airports
[LF] Sending SN command: SN02FEBJEDCAI/ASM
[LF] Sending SN command: SN02FEBJEDCCE/ASM
[LF] 02FEB: found 4 direct flights
2026-01-25 08:02:18 | INFO     | [lf.day.flights_found] Found 4 flights on 02FEB
2026-01-25 08:02:20 | INFO     | [lf.flight.extracted] SM480 on 02FEB: BKG=159, LF=95.2%
[LF] SM480 02FEB: BKG=159, GRP=137, CAP=167, LF%=95.2%, Brd-Off=JED-CAI, Classes: N:1, P:137, I:12, U:7, K:2
2026-01-25 08:02:23 | INFO     | [lf.flight.extracted] SM476 on 02FEB: BKG=168, LF=96.0%
[LF] SM476 02FEB: BKG=168, GRP=134, CAP=175, LF%=96.0%, Brd-Off=JED-CAI, Classes: P:134, I:17, O:5, U:9, X:3
2026-01-25 08:02:27 | INFO     | [lf.flight.extracted] SM460 on 02FEB: BKG=169, LF=96.6%
[LF] SM460 02FEB: BKG=169, GRP=103, CAP=175, LF%=96.6%, Brd-Off=JED-CAI, Classes: P:92, I:18, O:16, U:15, X:17, T:4, W:7
2026-01-25 08:02:30 | INFO     | [lf.flight.extracted] SM478 on 02FEB: BKG=162, LF=92.6%
[LF] SM478 02FEB: BKG=162, GRP=143, CAP=175, LF%=92.6%, Brd-Off=JED-CAI, Classes: P:143, I:2, U:14, X:3
[LF] Getting WEEKLY/LASTSOLD data for 4 flights
[LF] SM480 02FEB: LASTSOLD=2026-01-22 00:00:00, WEEKLY=3, TODAY=0, YDAY=0
[LF] SM476 02FEB: LASTSOLD=2026-01-18 00:00:00, WEEKLY=1, TODAY=0, YDAY=0
[LF] SM460 02FEB: LASTSOLD=2026-01-18 00:00:00, WEEKLY=8, TODAY=0, YDAY=0
[LF] SM478 02FEB: WEEKLY=99 → LP/T MANDATORY
[DEBUG] SM478 02FEB: Match #1: HK 21JAN | Line: 001  03ABDELMOHSEN/EHAB           	9N7P85 X  HK 21JAN CAIEG3495
[DEBUG] SM478 02FEB: Match #2: HK 21JAN | Line: 002  03ABDELMOHSEN/OMAR           	9N7P85 X  HK 21JAN CAIEG3495
[DEBUG] SM478 02FEB: Match #3: HK 21JAN | Line: 003  03HASSAN/NAGLAA MRS          	9N7P85 X  HK 21JAN CAIEG3495
[DEBUG] SM478 02FEB: Match #4: TK 19JAN | Line: 004  01ABDELRAHMAN/HAGAR          	9CJ5UB U  TK 19JAN RUHS2232V
[DEBUG] SM478 02FEB: Match #5: HK 21JAN | Line: 005  01AL GHAMDI/JAMAN S          	7A2ZHR U  HK 21JAN RUHAA28WH
[DEBUG] SM478 02FEB: DUPLICATE #1: 001 HK 21JAN | Skipping
[DEBUG] SM478 02FEB: DUPLICATE #2: 002 HK 21JAN | Skipping
[DEBUG] SM478 02FEB: DUPLICATE #3: 003 HK 21JAN | Skipping
[DEBUG] SM478 02FEB: DUPLICATE #4: 004 TK 19JAN | Skipping
[DEBUG] SM478 02FEB: DUPLICATE #5: 005 HK 21JAN | Skipping
[DEBUG] SM478 02FEB: Match #6: HK 21JAN | Line: 006  01DAKROURY/AHMED MR          	728ZDG U  HK 21JAN TIFS22102
[DEBUG] SM478 02FEB: Match #7: HK 25JAN | Line: 007  01HAMOUDA/YASER MR           	8VUY52 U  HK 25JAN JEDSM07TP
[DEBUG] SM478 02FEB: Match #8: HK 19JAN | Line: 008  02HASSAN/HANAN AHME          	7CA3L5 U  HK 19JAN RUHAA2352
[DEBUG] SM478 02FEB: Match #9: TK 19JAN | Line: 009  02HASSAN/MOHAMMED M          	8TM5RK U  TK 19JAN CAISM08MB
[DEBUG] SM478 02FEB: Match #10: TK 19JAN | Line: 010  01HASSAN/NAGAT MS            	7GF9I6 U  TK 19JAN CAISM07TP
[DEBUG] SM478 02FEB: Match #11: TK 19JAN | Line: 011  02HASSANIEN/SARAH M          	8TM5RK U  TK 19JAN CAISM08MB
[DEBUG] SM478 02FEB: Match #12: TK 19JAN | Line: 012  01KASEM/KASEM AHMED          	7E7667 U  TK 19JAN CAIEG28FH
[DEBUG] SM478 02FEB: Match #13: TK 19JAN | Line: 013  02MAHMOUD TELEB/SEH          	99ALDS U  TK 19JAN ISTSM07TP
[DEBUG] SM478 02FEB: Match #14: HK 19JAN | Line: 014  02MOHAMED/YOMNA MOH          	7CA3L5 U  HK 19JAN RUHAA2352
[DEBUG] SM478 02FEB: Match #15: TK 19JAN | Line: 015  02MOHAMED NOURELDIN          	99ALDS U  TK 19JAN ISTSM07TP
[DEBUG] SM478 02FEB: Match #16: TK 19JAN | Line: 016  01RIZK/MAYADA MRS            	9TSGYZ U  TK 19JAN JEDAK38AC
[DEBUG] SM478 02FEB: Match #17: HK 24JAN | Line: 017  01SHOEB/MOSTAFA MR           	YOMK3V U  HK 24JAN CPHSG34AA
[DEBUG] SM478 02FEB: Match #18: TK 19JAN | Line: 018  02ABDELMAGEED/AHMED          	7HKDLC I  TK 19JAN CAIEG28WT
[DEBUG] SM478 02FEB: Match #19: TK 19JAN | Line: 019  02WAHABALLAH/ABDELM          	7HKDLC I  TK 19JAN CAIEG28WT
[DEBUG] SM478 02FEB: Match #20: HK 19JAN | Line: 020N 01ABDELALIM/SARAHAM          	8ZDMB9 P  HK 19JAN CAISM0100
[DEBUG] SM478 02FEB: Match #21: HK 19JAN | Line: 021N 01ABDELBAKY/MONAMOH          	8ZDMB9 P  HK 19JAN CAISM0100
[DEBUG] SM478 02FEB: Match #22: HK 19JAN | Line: 022N 01ABDELGAWAD/AHMED           	8ZDJJU P  HK 19JAN CAISM0100
[DEBUG] SM478 02FEB: Match #23: HK 19JAN | Line: 023N 01ABDELGAWAD/HABIBA          	8ZDJJU P  HK 19JAN CAISM0100
[DEBUG] SM478 02FEB: Match #24: HK 19JAN | Line: 024N 01ABDELGAWAD/MENA S          	8ZDJJU P  HK 19JAN CAISM0100
[DEBUG] SM478 02FEB: Match #25: HK 19JAN | Line: 025N 01ABDELGAWAD/NADA S          	8ZDJJU P  HK 19JAN CAISM0100
[DEBUG] SM478 02FEB: Match #26: HK 19JAN | Line: 026N 01ABDELHAMID/MOSTAF          	8PEJNZ P  HK 19JAN CAISM0100
[DEBUG] SM478 02FEB: Match #27: HK 19JAN | Line: 027N 01ABDELHAMID/YASSER          	8ZDMB9 P  HK 19JAN CAISM0100
[DEBUG] SM478 02FEB: Match #28: HK 19JAN | Line: 028N 01ABDELKARIM/MOHAME          	8PEJNZ P  HK 19JAN CAISM0100
[DEBUG] SM478 02FEB: Match #29: HK 19JAN | Line: 029N 01ABDELLAH/AYA ELDI          	8PEJNZ P  HK 19JAN CAISM0100
[DEBUG] SM478 02FEB: Match #30: HK 19JAN | Line: 030N 01ABDELMAGID/GAMILA          	8ZDJJU P  HK 19JAN CAISM0100
[DEBUG] SM478 02FEB: Match #31: HK 19JAN | Line: 031N 01ABDELMAGUID/AHMED          	8PEJNZ P  HK 19JAN CAISM0100
[DEBUG] SM478 02FEB: Match #32: HK 19JAN | Line: 032N 01ABDELMEGED/FATMA           	8LJM78 P  HK 19JAN CAISM0100
[DEBUG] SM478 02FEB: Match #33: HK 19JAN | Line: 033N 01ABDELNABY/SAAD FO          	8ZDJJU P  HK 19JAN CAISM0100
[DEBUG] SM478 02FEB: Match #34: HK 19JAN | Line: 034N 01ABDELSAMAD/KARIM           	8LJM78 P  HK 19JAN CAISM0100
[DEBUG] SM478 02FEB: Match #35: HK 19JAN | Line: 035N 01ABDELWAHAB/OMIMA           	8ZDJJU P  HK 19JAN CAISM0100
[DEBUG] SM478 02FEB: Match #36: HK 19JAN | Line: 036N 01ABDOU/MOHAMED SAI          	8PEJNZ P  HK 19JAN CAISM0100
[DEBUG] SM478 02FEB: Match #37: HK 19JAN | Line: 037N 01ABOELAKRAA/GEHAD           	8ZDJJU P  HK 19JAN CAISM0100
[DEBUG] SM478 02FEB: Match #38: HK 19JAN | Line: 038N 01ABOUELNOUR/ASHRIG          	8ZDMB9 P  HK 19JAN CAISM0100
[DEBUG] SM478 02FEB: Match #39: HK 19JAN | Line: 039N 01ABOUELNOUR/EIDAMA          	8ZDMB9 P  HK 19JAN CAISM0100
[DEBUG] SM478 02FEB: Match #40: HK 19JAN | Line: 040N 01ABOUELSEOUD/REDAE          	8ZDMB9 P  HK 19JAN CAISM0100
[DEBUG] SM478 02FEB: Match #41: HK 19JAN | Line: 041N 01ABOUGOUDA/HEBA HA          	8ZDJJU P  HK 19JAN CAISM0100
[DEBUG] SM478 02FEB: Match #42: HK 19JAN | Line: 042N 01ABOUHADEED/ABDUAL          	8ZDJJU P  HK 19JAN CAISM0100
[DEBUG] SM478 02FEB: Match #43: HK 19JAN | Line: 043N 01AHMED/ABDELRAHMAN          	8ZDMB9 P  HK 19JAN CAISM0100
[DEBUG] SM478 02FEB: Match #44: HK 19JAN | Line: 044N 01AHMED/AMANYAHMED           	8ZDMB9 P  HK 19JAN CAISM0100
[DEBUG] SM478 02FEB: Match #45: HK 19JAN | Line: 045N 01AHMED/ELDEEB FAHM          	8PEJNZ P  HK 19JAN CAISM0100
[DEBUG] SM478 02FEB: Match #46: HK 19JAN | Line: 046N 01AHMED/ELSAYEDA EL          	8LJM78 P  HK 19JAN CAISM0100
[DEBUG] SM478 02FEB: Match #47: HK 19JAN | Line: 047N 01AHMED/EMAN MAMDOU          	8ZDJJU P  HK 19JAN CAISM0100
[DEBUG] SM478 02FEB: Match #48: HK 19JAN | Line: 048N 01AHMED/ISLAM MOHAM          	8PEJNZ P  HK 19JAN CAISM0100
[DEBUG] SM478 02FEB: Match #49: HK 19JAN | Line: 049N 01AHMED/MAHMOUD MOH          	8PEJNZ P  HK 19JAN CAISM0100
[DEBUG] SM478 02FEB: Match #50: HK 19JAN | Line: 050N 01AHMED/MOHAMEDBELA          	8ZDMB9 P  HK 19JAN CAISM0100
[DEBUG] SM478 02FEB: Match #51: HK 19JAN | Line: 051N 01AHMED/SAMIRA MOHA          	8PEJNZ P  HK 19JAN CAISM0100
[DEBUG] SM478 02FEB: Match #52: HK 19JAN | Line: 052N 01AHMED/WAEL MOHAME          	8PEJNZ P  HK 19JAN CAISM0100
[DEBUG] SM478 02FEB: Match #53: HK 19JAN | Line: 053N 01ALI/ABDALLAH SAMI          	8LJM78 P  HK 19JAN CAISM0100
[DEBUG] SM478 02FEB: Match #54: HK 19JAN | Line: 054N 01ALI/ADEL MAHMOUD           	8PEJNZ P  HK 19JAN CAISM0100
[DEBUG] SM478 02FEB: Match #55: HK 19JAN | Line: 055N 01ALI/ALI ELSAYED M          	8LJM78 P  HK 19JAN CAISM0100
[DEBUG] SM478 02FEB: Match #56: HK 19JAN | Line: 056N 01ALI/ALIAATALAAT            	8ZDMB9 P  HK 19JAN CAISM0100
[DEBUG] SM478 02FEB: Match #57: HK 19JAN | Line: 057N 01ALI/ELGARHYMOHAME          	8ZDMB9 P  HK 19JAN CAISM0100
[DEBUG] SM478 02FEB: Match #58: HK 19JAN | Line: 058N 01ALI/ELSAYED NOURE          	8ZDJJU P  HK 19JAN CAISM0100
[DEBUG] SM478 02FEB: Match #59: HK 19JAN | Line: 059N 01ALI/HAZEMMOHAMED           	8ZDMB9 P  HK 19JAN CAISM0100
[DEBUG] SM478 02FEB: Match #60: HK 19JAN | Line: 060N 01ALI/MOHAMED ABDUL          	8PEJNZ P  HK 19JAN CAISM0100
[DEBUG] SM478 02FEB: Match #61: HK 19JAN | Line: 061N 01ALI/SAADIA HEINY           	8ZDJJU P  HK 19JAN CAISM0100
[DEBUG] SM478 02FEB: Match #62: HK 19JAN | Line: 062N 01ALJARF/ASMAAZAKAR          	8ZDMB9 P  HK 19JAN CAISM0100
[DEBUG] SM478 02FEB: Match #63: HK 19JAN | Line: 063N 01ALY/ABIR GALAL             	8PEJNZ P  HK 19JAN CAISM0100
[DEBUG] SM478 02FEB: Match #64: HK 19JAN | Line: 064N 01ALY/YASMIN ABDELS          	8PEJNZ P  HK 19JAN CAISM0100
[DEBUG] SM478 02FEB: Match #65: HK 19JAN | Line: 065N 01ALZAHBY/MAHASEN I          	8PEJNZ P  HK 19JAN CAISM0100
[DEBUG] SM478 02FEB: Match #66: HK 19JAN | Line: 066N 01ARKAZ/SALMA YOUSS          	8ZDJJU P  HK 19JAN CAISM0100
[DEBUG] SM478 02FEB: Match #67: HK 19JAN | Line: 067N 01ASHOUR/LAILA MOST          	8PEJNZ P  HK 19JAN CAISM0100
[DEBUG] SM478 02FEB: Match #68: HK 19JAN | Line: 068N 01ATTIA/IBRAHIM ELS          	8PEJNZ P  HK 19JAN CAISM0100
[DEBUG] SM478 02FEB: Match #69: HK 19JAN | Line: 069N 01BADAWY/OLA YEHYA           	8PEJNZ P  HK 19JAN CAISM0100
[DEBUG] SM478 02FEB: Match #70: HK 19JAN | Line: 070N 01BELTAGY/ANSAF ARA          	8ZDJJU P  HK 19JAN CAISM0100
[DEBUG] SM478 02FEB: Match #71: HK 19JAN | Line: 071N 01BESHER/WAFAA ABDE          	8PEJNZ P  HK 19JAN CAISM0100
[DEBUG] SM478 02FEB: Match #72: HK 19JAN | Line: 072N 01BORHAM/MEGAHED ES          	8LJM78 P  HK 19JAN CAISM0100
[DEBUG] SM478 02FEB: Match #73: HK 19JAN | Line: 073N 01DAROUISH/EIDAA AH          	8PEJNZ P  HK 19JAN CAISM0100
[DEBUG] SM478 02FEB: Match #74: HK 19JAN | Line: 074N 01DEABES/RAAFATOMAR          	8ZDMB9 P  HK 19JAN CAISM0100
[DEBUG] SM478 02FEB: Match #75: HK 19JAN | Line: 075N 01EBAYA/SAID HASSAN          	8PEJNZ P  HK 19JAN CAISM0100
[DEBUG] SM478 02FEB: Match #76: HK 19JAN | Line: 076N 01ELDERGHAM/HEWAIDA          	8ZDMB9 P  HK 19JAN CAISM0100
[DEBUG] SM478 02FEB: Match #77: HK 19JAN | Line: 077N 01ELDERY/ALAA ABDEL          	8ZDJJU P  HK 19JAN CAISM0100
[DEBUG] SM478 02FEB: Match #78: HK 19JAN | Line: 078N 01ELDIRI/HAYAM ABDA          	8ZDJJU P  HK 19JAN CAISM0100
[DEBUG] SM478 02FEB: Match #79: HK 19JAN | Line: 079N 01ELDIRY/ABDALLA MA          	8ZDJJU P  HK 19JAN CAISM0100
[DEBUG] SM478 02FEB: Match #80: HK 19JAN | Line: 080N 01ELGALAMA/HEBA ABD          	8ZDJJU P  HK 19JAN CAISM0100
[DEBUG] SM478 02FEB: Match #81: HK 19JAN | Line: 081N 01ELHOSARY/AYMAN EL          	8PEJNZ P  HK 19JAN CAISM0100
[DEBUG] SM478 02FEB: Match #82: HK 19JAN | Line: 082N 01ELKELFAT/AHMED SA          	8ZDJJU P  HK 19JAN CAISM0100
[DEBUG] SM478 02FEB: Match #83: HK 19JAN | Line: 083N 01ELMADAWY/ESRAA YO          	8ZDJJU P  HK 19JAN CAISM0100
[DEBUG] SM478 02FEB: Match #84: HK 19JAN | Line: 084N 01ELMESSIRY/TAHYA E          	8ZDJJU P  HK 19JAN CAISM0100
[DEBUG] SM478 02FEB: Match #85: HK 19JAN | Line: 085N 01ELMOLED/ELSAYEDMO          	8ZDMB9 P  HK 19JAN CAISM0100
[DEBUG] SM478 02FEB: Match #86: HK 19JAN | Line: 086N 01ELROUBI/RAYAABDEL          	8ZDMB9 P  HK 19JAN CAISM0100
[DEBUG] SM478 02FEB: Match #87: HK 19JAN | Line: 087N 01ELROUBY/AHMEDMOHA          	8ZDMB9 P  HK 19JAN CAISM0100
[DEBUG] SM478 02FEB: Match #88: HK 19JAN | Line: 088N 01ELSARWY/HUSSEIN A          	8PEJNZ P  HK 19JAN CAISM0100
[DEBUG] SM478 02FEB: Match #89: HK 19JAN | Line: 089N 01ELSAYED/ASMAA MOH          	8LJM78 P  HK 19JAN CAISM0100
[DEBUG] SM478 02FEB: Match #90: HK 19JAN | Line: 090N 01ELSAYED/EMAN SAAD          	8ZDJJU P  HK 19JAN CAISM0100
[DEBUG] SM478 02FEB: Match #91: HK 19JAN | Line: 091N 01ELSAYED/MOSHIRA S          	8ZDJJU P  HK 19JAN CAISM0100
[DEBUG] SM478 02FEB: Match #92: HK 19JAN | Line: 092N 01ELSAYYAD/RANIA GA          	8LJM78 P  HK 19JAN CAISM0100
[DEBUG] SM478 02FEB: Match #93: HK 19JAN | Line: 093N 01ELSHAMY/SOBHYHASS          	8ZDMB9 P  HK 19JAN CAISM0100
[DEBUG] SM478 02FEB: Match #94: HK 19JAN | Line: 094N 01ELSHEMY/HANAN KHA          	8PEJNZ P  HK 19JAN CAISM0100
[DEBUG] SM478 02FEB: Match #95: HK 19JAN | Line: 095N 01ELZAMAR/SAMIHA AB          	8ZDJJU P  HK 19JAN CAISM0100
[DEBUG] SM478 02FEB: Match #96: HK 19JAN | Line: 096N 01ELZENINY/AHMED HU          	8PEJNZ P  HK 19JAN CAISM0100
[DEBUG] SM478 02FEB: Match #97: HK 19JAN | Line: 097N 01FAROUKH/ESSAM AHM          	8PEJNZ P  HK 19JAN CAISM0100
[DEBUG] SM478 02FEB: Match #98: HK 19JAN | Line: 098N 01FARRAG/IBRAHIMABD          	8ZDMB9 P  HK 19JAN CAISM0100
[DEBUG] SM478 02FEB: Match #99: HK 19JAN | Line: 099N 01FOLY/MOHAMED NOOR          	8ZDJJU P  HK 19JAN CAISM0100
[DEBUG] SM478 02FEB: Match #100: HK 19JAN | Line: 100N 01GOMAA/HEBAHAMDI            	8ZDMB9 P  HK 19JAN CAISM0100
[DEBUG] SM478 02FEB: Match #101: HK 19JAN | Line: 101N 01GOUDA/AYAMAHMOUD           	8ZDMB9 P  HK 19JAN CAISM0100
[DEBUG] SM478 02FEB: Match #102: HK 19JAN | Line: 102N 01GOUDA/LAILASHERIF          	8ZDMB9 P  HK 19JAN CAISM0100
[DEBUG] SM478 02FEB: Match #103: HK 19JAN | Line: 103N 01GOUDA/MAHMOUDSHER          	8ZDMB9 P  HK 19JAN CAISM0100
[DEBUG] SM478 02FEB: Match #104: HK 19JAN | Line: 104N 01GOUDA/RAYANMAHMOU          	8ZDMB9 P  HK 19JAN CAISM0100
[DEBUG] SM478 02FEB: Match #105: HK 19JAN | Line: 105N 01HANY/HANAA GOMAA           	8ZDJJU P  HK 19JAN CAISM0100
[DEBUG] SM478 02FEB: Match #106: HK 19JAN | Line: 106N 01HASSAN/AMALOSSAMA          	8ZDMB9 P  HK 19JAN CAISM0100
[DEBUG] SM478 02FEB: Match #107: HK 19JAN | Line: 107N 01HASSAN/EYAD HASSA          	8ZDJJU P  HK 19JAN CAISM0100
[DEBUG] SM478 02FEB: Match #108: HK 19JAN | Line: 108N 01HASSAN/MONA ABDEL          	8PEJNZ P  HK 19JAN CAISM0100
[DEBUG] SM478 02FEB: Match #109: HK 19JAN | Line: 109N 01HASSAN/WEDAD HUSS          	8PEJNZ P  HK 19JAN CAISM0100
[DEBUG] SM478 02FEB: Match #110: HK 19JAN | Line: 110N 01HEFNY/MAHMOUD ELS          	8ZDJJU P  HK 19JAN CAISM0100
[DEBUG] SM478 02FEB: Match #111: HK 19JAN | Line: 111N 01HELAL/SALAH MOHAM          	8PEJNZ P  HK 19JAN CAISM0100
[DEBUG] SM478 02FEB: Match #112: HK 19JAN | Line: 112N 01HUSSEIN/AHMED MOS          	8LJM78 P  HK 19JAN CAISM0100
[DEBUG] SM478 02FEB: Match #113: HK 19JAN | Line: 113N 01IBRAHIM/HOSSAM SA          	8PEJNZ P  HK 19JAN CAISM0100
[DEBUG] SM478 02FEB: Match #114: HK 19JAN | Line: 114N 01IBRAHIM/MERVAT MO          	8ZDJJU P  HK 19JAN CAISM0100
[DEBUG] SM478 02FEB: Match #115: HK 19JAN | Line: 115N 01IBRAHIM/MOHAMED S          	8PEJNZ P  HK 19JAN CAISM0100
[DEBUG] SM478 02FEB: Match #116: HK 19JAN | Line: 116N 01IBRAHIM/RASHID IB          	8LJM78 P  HK 19JAN CAISM0100
[DEBUG] SM478 02FEB: Match #117: HK 19JAN | Line: 117N 01ISMAIL/ELSAYEDMOH          	8ZDMB9 P  HK 19JAN CAISM0100
[DEBUG] SM478 02FEB: Match #118: HK 19JAN | Line: 118N 01ISMAIL/MAHASEN MO          	8PEJNZ P  HK 19JAN CAISM0100
[DEBUG] SM478 02FEB: Match #119: HK 19JAN | Line: 119N 01KANDIL/HEBA RABIE          	8PEJNZ P  HK 19JAN CAISM0100
[DEBUG] SM478 02FEB: Match #120: HK 19JAN | Line: 120N 01KHAIRALLA/KHAIRIA          	8ZDMB9 P  HK 19JAN CAISM0100
[DEBUG] SM478 02FEB: Match #121: HK 19JAN | Line: 121N 01KHALED/GAMALAT MO          	8ZDJJU P  HK 19JAN CAISM0100
[DEBUG] SM478 02FEB: Match #122: HK 19JAN | Line: 122N 01KHALIFA/AHMEDABDE          	8ZDMB9 P  HK 19JAN CAISM0100
[DEBUG] SM478 02FEB: Match #123: HK 19JAN | Line: 123N 01KHALIL/MAGDAKHALI          	8ZDMB9 P  HK 19JAN CAISM0100
[DEBUG] SM478 02FEB: Match #124: HK 19JAN | Line: 124N 01KHEDR/BADRELDOGA           	8ZDJJU P  HK 19JAN CAISM0100
[DEBUG] SM478 02FEB: Match #125: HK 19JAN | Line: 125N 01KHEDR/FATHYHEMIDA          	8ZDMB9 P  HK 19JAN CAISM0100
[DEBUG] SM478 02FEB: Match #126: HK 19JAN | Line: 126N 01KOTB/HABIBA MAMDO          	8PEJNZ P  HK 19JAN CAISM0100
[DEBUG] SM478 02FEB: Match #127: HK 19JAN | Line: 127N 01KOTB/HAGAR MAMDOU          	8PEJNZ P  HK 19JAN CAISM0100
[DEBUG] SM478 02FEB: Match #128: HK 19JAN | Line: 128N 01MAHMOUD/SAMAR AYM          	8PEJNZ P  HK 19JAN CAISM0100
[DEBUG] SM478 02FEB: Match #129: HK 19JAN | Line: 129N 01MAHMOUD/SHADYAMAH          	8ZDMB9 P  HK 19JAN CAISM0100
[DEBUG] SM478 02FEB: Match #130: HK 19JAN | Line: 130N 01MANSOUR/SAMAH SAI          	8ZDJJU P  HK 19JAN CAISM0100
[DEBUG] SM478 02FEB: Match #131: HK 19JAN | Line: 131N 01MAZEN/SAMIRAAHMED          	8ZDMB9 P  HK 19JAN CAISM0100
[DEBUG] SM478 02FEB: Match #132: HK 19JAN | Line: 132N 01MEGAHED/KHALED MO          	8IKJRA P  HK 19JAN CAISM0100
[DEBUG] SM478 02FEB: Match #133: HK 19JAN | Line: 133N 01MOHAMED/AHMED GAM          	8PEJNZ P  HK 19JAN CAISM0100
[DEBUG] SM478 02FEB: Match #134: HK 19JAN | Line: 134N 01MOHAMED/ASMAA BAD          	8PEJNZ P  HK 19JAN CAISM0100
[DEBUG] SM478 02FEB: Match #135: HK 19JAN | Line: 135N 01MOHAMED/ATAAREF            	8ZDMB9 P  HK 19JAN CAISM0100
[DEBUG] SM478 02FEB: Match #136: HK 19JAN | Line: 136N 01MOHAMED/BADRIAMOH          	8ZDMB9 P  HK 19JAN CAISM0100
[DEBUG] SM478 02FEB: Match #137: HK 19JAN | Line: 137N 01MOHAMED/BASMALA N          	8ZDJJU P  HK 19JAN CAISM0100
[DEBUG] SM478 02FEB: Match #138: HK 19JAN | Line: 138N 01MOHAMED/JOMANA SA          	8ZDJJU P  HK 19JAN CAISM0100
[DEBUG] SM478 02FEB: Match #139: HK 19JAN | Line: 139N 01MOHAMED/MAREY ABO          	8PEJNZ P  HK 19JAN CAISM0100
[DEBUG] SM478 02FEB: Match #140: HK 19JAN | Line: 140N 01MORAD/ASMAAMAHMOU          	8ZDMB9 P  HK 19JAN CAISM0100
[DEBUG] SM478 02FEB: Match #141: HK 19JAN | Line: 141N 01MOUSTAFA/WAGIH MO          	8ZDJJU P  HK 19JAN CAISM0100
[DEBUG] SM478 02FEB: Match #142: HK 19JAN | Line: 142N 01NOAMAN/EMAN ABDEL          	8ZDJJU P  HK 19JAN CAISM0100
[DEBUG] SM478 02FEB: Match #143: HK 19JAN | Line: 143N 01OKASHA/BASHAIRABD          	8ZDMB9 P  HK 19JAN CAISM0100
[DEBUG] SM478 02FEB: Match #144: HK 19JAN | Line: 144N 01RABIE/ASMAA ASHOU          	8LJM78 P  HK 19JAN CAISM0100
[DEBUG] SM478 02FEB: Match #145: HK 19JAN | Line: 145N 01REFAY/DOAA ABDELG          	8PEJNZ P  HK 19JAN CAISM0100
[DEBUG] SM478 02FEB: Match #146: HK 19JAN | Line: 146N 01SAIF/MARWASAIF             	8ZDMB9 P  HK 19JAN CAISM0100
[DEBUG] SM478 02FEB: Match #147: HK 19JAN | Line: 147N 01SAIYD/AMAL RMADAN          	8PEJNZ P  HK 19JAN CAISM0100
[DEBUG] SM478 02FEB: Match #148: HK 19JAN | Line: 148N 01SALEH/HAMZAOMAR            	8ZDMB9 P  HK 19JAN CAISM0100
[DEBUG] SM478 02FEB: Match #149: HK 19JAN | Line: 149N 01SALEH/OMARSOBHY            	8ZDMB9 P  HK 19JAN CAISM0100
[DEBUG] SM478 02FEB: Match #150: HK 19JAN | Line: 150N 01SALEH/ZEINABHASSA          	8ZDMB9 P  HK 19JAN CAISM0100
[DEBUG] SM478 02FEB: Match #151: HK 19JAN | Line: 151N 01SALEM/MONAALI              	8ZDMB9 P  HK 19JAN CAISM0100
[DEBUG] SM478 02FEB: Match #152: HK 19JAN | Line: 152N 01SALLAM/MAHA RASHA          	8ZDJJU P  HK 19JAN CAISM0100
[DEBUG] SM478 02FEB: Match #153: HK 19JAN | Line: 153N 01SALLAM/YOUSSEF AD          	8ZDJJU P  HK 19JAN CAISM0100
[DEBUG] SM478 02FEB: Match #154: HK 19JAN | Line: 154N 01SAYAH/ASMAA ABDEL          	8ZDJJU P  HK 19JAN CAISM0100
[DEBUG] SM478 02FEB: Match #155: HK 19JAN | Line: 155N 01SAYED/NABAWIA HUS          	8PEJNZ P  HK 19JAN CAISM0100
[DEBUG] SM478 02FEB: Match #156: HK 19JAN | Line: 156N 01SHEHATA/SANAA FAT          	8PEJNZ P  HK 19JAN CAISM0100
[DEBUG] SM478 02FEB: Match #157: HK 19JAN | Line: 157N 01SOLIMAN/NOURASAAD          	8ZDMB9 P  HK 19JAN CAISM0100
[DEBUG] SM478 02FEB: DUPLICATE #6: 153N HK 19JAN | Skipping
[DEBUG] SM478 02FEB: DUPLICATE #7: 154N HK 19JAN | Skipping
[DEBUG] SM478 02FEB: DUPLICATE #8: 155N HK 19JAN | Skipping
[DEBUG] SM478 02FEB: DUPLICATE #9: 156N HK 19JAN | Skipping
[DEBUG] SM478 02FEB: DUPLICATE #10: 157N HK 19JAN | Skipping
[DEBUG] SM478 02FEB: Match #158: HK 19JAN | Line: 158N 01YADEM/ASMAAAMIN            	8ZDMB9 P  HK 19JAN CAISM0100
[DEBUG] SM478 02FEB: Match #159: HK 19JAN | Line: 159N 01YAHIA/AFNAN SAID           	8ZDJJU P  HK 19JAN CAISM0100
[DEBUG] SM478 02FEB: Match #160: HK 19JAN | Line: 160N 01YOUSSEF/ISAAAHMED          	8ZDMB9 P  HK 19JAN CAISM0100
[DEBUG] SM478 02FEB: Match #161: HK 19JAN | Line: 161N 01YOUSSEF/NEHAD MOH          	8PEJNZ P  HK 19JAN CAISM0100
[DEBUG] SM478 02FEB: Match #162: HK 19JAN | Line: 162N 01YOUSSEF/ROKAIA MO          	8PEJNZ P  HK 19JAN CAISM0100
[LF] SM478 02FEB: LP/T count complete. True WEEKLY: 162, TODAY: 1, YDAY: 1 | Removed 10 duplicates
[LF] SM478 02FEB: LP/T result: WEEKLY=162, TODAY=1, YDAY=1
[LF] SM478 02FEB: LASTSOLD=2026-01-25 00:00:00, WEEKLY=162, TODAY=1, YDAY=1
2026-01-25 08:02:59 | INFO     | [SUCCESS] Day 02FEB
2026-01-25 08:02:59 | INFO     | [DAY_START] Processing 01FEB
[LF] Processing JED-CAI for 01FEB
2026-01-25 08:02:59 | INFO     | [lf.day.start] Processing JED-CAI for 01FEB
[LF] JED↔Cairo route detected - querying both CAI and CCE airports
[LF] Sending SN command: SN01FEBJEDCAI/ASM
[LF] Sending SN command: SN01FEBJEDCCE/ASM
[LF] 01FEB: found 5 direct flights
2026-01-25 08:03:01 | INFO     | [lf.day.flights_found] Found 5 flights on 01FEB
2026-01-25 08:03:03 | INFO     | [lf.flight.extracted] SM424 on 01FEB: BKG=139, LF=79.4%
[LF] SM424 01FEB: BKG=139, GRP=117, CAP=175, LF%=79.4%, Brd-Off=JED-CAI, Classes: N:1, P:90, E:26, O:9, U:4, X:4, T:1, S:4
[LPC] SM424 01FEB: Found 1 outbound flights with connecting passengers
2026-01-25 08:03:09 | INFO     | [lf.flight.extracted] SM476 on 01FEB: BKG=128, LF=74.4%
[LF] SM476 01FEB: BKG=128, GRP=90, CAP=172, LF%=74.4%, Brd-Off=JED-CAI, Classes: P:90, I:18, O:1, U:5, X:14
2026-01-25 08:03:12 | INFO     | [lf.flight.extracted] SM460 on 01FEB: BKG=140, LF=80.0%
[LF] SM460 01FEB: BKG=140, GRP=89, CAP=175, LF%=80.0%, Brd-Off=JED-CAI, Classes: P:89, I:17, O:10, U:15, X:8, K:1
2026-01-25 08:03:16 | INFO     | [lf.flight.extracted] SM478 on 01FEB: BKG=136, LF=77.7%
[LF] SM478 01FEB: BKG=136, GRP=84, CAP=175, LF%=77.7%, Brd-Off=JED-CAI, Classes: N:5, P:84, I:11, U:10, X:23, S:1, K:2
2026-01-25 08:03:19 | INFO     | [lf.flight.extracted] SM432 on 01FEB: BKG=152, LF=86.9%
[LF] SM432 01FEB: BKG=152, GRP=131, CAP=175, LF%=86.9%, Brd-Off=JED-CAI, Classes: P:132, I:13, O:4, X:3
[LF] Getting WEEKLY/LASTSOLD data for 5 flights
[LF] SM424 01FEB: LASTSOLD=2026-01-24 00:00:00, WEEKLY=3, TODAY=0, YDAY=1
[LF] SM476 01FEB: LASTSOLD=2026-01-22 00:00:00, WEEKLY=4, TODAY=0, YDAY=0
[LF] SM460 01FEB: LASTSOLD=2026-01-22 00:00:00, WEEKLY=17, TODAY=0, YDAY=0
[LF] SM478 01FEB: LASTSOLD=2026-01-24 00:00:00, WEEKLY=6, TODAY=0, YDAY=6
[LF] SM432 01FEB: WEEKLY=99 → LP/T MANDATORY
[DEBUG] SM432 01FEB: Match #1: TK 19JAN | Line: 001  02ABDELBAKY/MOHAMED          	9MYISU X  TK 19JAN CAISM08AA
[DEBUG] SM432 01FEB: Match #2: HK 19JAN | Line: 002  01GAD/NEHAL MISS             	7IR4DO X  HK 19JAN CAIEG28IW
[DEBUG] SM432 01FEB: Match #3: TK 19JAN | Line: 003  02GHALI/SAMIRA MRS           	9MYISU X  TK 19JAN CAISM08AA
[DEBUG] SM432 01FEB: Match #4: HK 19JAN | Line: 004  04ABUELROOS/OMAR EH          	XII7VW O  HK 19JAN OSLSG34AA
[DEBUG] SM432 01FEB: Match #5: HK 19JAN | Line: 005  04ADAM/NADINE AHMED          	XII7VW O  HK 19JAN OSLSG34AA
[DEBUG] SM432 01FEB: Match #6: HK 19JAN | Line: 006  04ADAM/NOURALLAH AH          	XII7VW O  HK 19JAN OSLSG34AA
[DEBUG] SM432 01FEB: Match #7: HK 19JAN | Line: 007  04ADAM/RODAYNA AHME          	XII7VW O  HK 19JAN OSLSG34AA
[DEBUG] SM432 01FEB: Match #8: TK 19JAN | Line: 008  01ABDELFATTAH MOHAM          	7EJJUN I  TK 19JAN ISTSM07TP
[DEBUG] SM432 01FEB: DUPLICATE #1: 001 TK 19JAN | Skipping
[DEBUG] SM432 01FEB: DUPLICATE #2: 002 HK 19JAN | Skipping
[DEBUG] SM432 01FEB: DUPLICATE #3: 003 TK 19JAN | Skipping
[DEBUG] SM432 01FEB: DUPLICATE #4: 004 HK 19JAN | Skipping
[DEBUG] SM432 01FEB: DUPLICATE #5: 005 HK 19JAN | Skipping
[DEBUG] SM432 01FEB: DUPLICATE #6: 006 HK 19JAN | Skipping
[DEBUG] SM432 01FEB: DUPLICATE #7: 007 HK 19JAN | Skipping
[DEBUG] SM432 01FEB: DUPLICATE #8: 008 TK 19JAN | Skipping
[DEBUG] SM432 01FEB: Match #9: TK 19JAN | Line: 009  02ABDELHAMID/SALLY           	7OEDBI I  TK 19JAN JEDSM08AA
[DEBUG] SM432 01FEB: Match #10: TK 19JAN | Line: 010  02ADENDORFF/WENDY S          	7VJ42F I  TK 19JAN PARSM07TP
[DEBUG] SM432 01FEB: Match #11: TK 19JAN | Line: 011  01AHMED/SAMAR NASIM          	72RRFD I  TK 19JAN CAIEG28FF
[DEBUG] SM432 01FEB: Match #12: TK 19JAN | Line: 012  02DUKHAN/MARJORIE P          	7VJ42F I  TK 19JAN PARSM07TP
[DEBUG] SM432 01FEB: Match #13: TK 19JAN | Line: 013  04ELBAHGY/ASMAA FAR          	7ZD9IN I  TK 19JAN CAIEG28FF
[DEBUG] SM432 01FEB: Match #14: TK 19JAN | Line: 014  04GHAZY/MOHAMED SHE          	7ZD9IN I  TK 19JAN CAIEG28FF
[DEBUG] SM432 01FEB: Match #15: TK 19JAN | Line: 015  04GHAZY/SHOROUK ASH          	7ZD9IN I  TK 19JAN CAIEG28FF
[DEBUG] SM432 01FEB: Match #16: TK 19JAN | Line: 016  02MANSOUR/AHMED MR           	7JVK2H I  TK 19JAN CAI3C28CL
[DEBUG] SM432 01FEB: Match #17: TK 19JAN | Line: 017  01RAMADAN/AMIRA E            	748MM3 I  TK 19JAN RUHAA28WH
[DEBUG] SM432 01FEB: Match #18: TK 19JAN | Line: 018  02SAID/AZZA MRS              	7OEDBI I  TK 19JAN JEDSM08AA
[DEBUG] SM432 01FEB: Match #19: TK 19JAN | Line: 019  02SALEM/LOBNA MRS            	7JVK2H I  TK 19JAN CAI3C28CL
[DEBUG] SM432 01FEB: Match #20: TK 19JAN | Line: 020  04SHOAIB/FATMA SHOA          	7ZD9IN I  TK 19JAN CAIEG28FF
[DEBUG] SM432 01FEB: Match #21: HK 19JAN | Line: 021N 01ABDELATTY/MANAL            	84FKQE P  HK 19JAN CAISM0100
[DEBUG] SM432 01FEB: Match #22: HK 19JAN | Line: 022N 01ABDELHADY/REDA             	84FKQE P  HK 19JAN CAISM0100
[DEBUG] SM432 01FEB: Match #23: TK 19JAN | Line: 023N 01ABDELKHALEK/MABRO          	8ZSOJ4 P  TK 19JAN CAISM0100
[DEBUG] SM432 01FEB: Match #24: TK 19JAN | Line: 024N 01ABDELMOHSEN/MARWA          	8ZSOJ4 P  TK 19JAN CAISM0100
[DEBUG] SM432 01FEB: Match #25: TK 19JAN | Line: 025N 01ABDELMOHSEN/RASHA          	8ZSOJ4 P  TK 19JAN CAISM0100
[DEBUG] SM432 01FEB: Match #26: HK 19JAN | Line: 026N 01ABDELSADEK/GHADA           	84FKQE P  HK 19JAN CAISM0100
[DEBUG] SM432 01FEB: Match #27: HK 19JAN | Line: 027N 01ABDELSADEK/REDA            	84FKQE P  HK 19JAN CAISM0100
[DEBUG] SM432 01FEB: Match #28: HK 19JAN | Line: 028N 01ABDELWAHED/AYDA I          	8ZRYZG P  HK 19JAN CAISM0100
[DEBUG] SM432 01FEB: Match #29: HK 19JAN | Line: 029N 01ABDELWAHED/NAEIMA          	8ZRYZG P  HK 19JAN CAISM0100
[DEBUG] SM432 01FEB: Match #30: HK 19JAN | Line: 030N 01ABOUHASHISH/AHMED          	84FKQE P  HK 19JAN CAISM0100
[DEBUG] SM432 01FEB: Match #31: TK 19JAN | Line: 031N 01ABOUKESHK/MOHAMED          	8ZSOJ4 P  TK 19JAN CAISM0100
[DEBUG] SM432 01FEB: Match #32: TK 19JAN | Line: 032N 01ABOUKHALIL/ALAA H          	8ZSOJ4 P  TK 19JAN CAISM0100
[DEBUG] SM432 01FEB: Match #33: TK 19JAN | Line: 033N 01ABOUKHALIL/AZZA I          	8ZSOJ4 P  TK 19JAN CAISM0100
[DEBUG] SM432 01FEB: Match #34: TK 19JAN | Line: 034N 01ABOUKHALIL/MOHAME          	8ZSOJ4 P  TK 19JAN CAISM0100
[DEBUG] SM432 01FEB: Match #35: HK 19JAN | Line: 035N 01ABOUNAR/FATHY HAS          	8ZRYZG P  HK 19JAN CAISM0100
[DEBUG] SM432 01FEB: Match #36: HK 19JAN | Line: 036N 01ABOUNASR/MOHAMED           	8ZRYZG P  HK 19JAN CAISM0100
[DEBUG] SM432 01FEB: Match #37: TK 19JAN | Line: 037N 01AHMED/GHADA MOHAM          	8ZSOJ4 P  TK 19JAN CAISM0100
[DEBUG] SM432 01FEB: Match #38: HK 19JAN | Line: 038N 01AHMED/RABAB AHMED          	8ZRYZG P  HK 19JAN CAISM0100
[DEBUG] SM432 01FEB: Match #39: HK 19JAN | Line: 039N 01ALBARAK/AMAL               	84FKQE P  HK 19JAN CAISM0100
[DEBUG] SM432 01FEB: Match #40: HK 19JAN | Line: 040N 01ALI/MARWA                  	84FKQE P  HK 19JAN CAISM0100
[DEBUG] SM432 01FEB: Match #41: TK 19JAN | Line: 041N 01ALNAKROUD/HOUDA S          	8ZSOJ4 P  TK 19JAN CAISM0100
[DEBUG] SM432 01FEB: Match #42: HK 19JAN | Line: 042N 01ATTIA/ENAS FADL            	8ZRYZG P  HK 19JAN CAISM0100
[DEBUG] SM432 01FEB: Match #43: HK 19JAN | Line: 043N 01AWAD/MAHMOUD               	84FKQE P  HK 19JAN CAISM0100
[DEBUG] SM432 01FEB: Match #44: TK 19JAN | Line: 044N 01BADAWY/ASMAA SOBH          	8ZSOJ4 P  TK 19JAN CAISM0100
[DEBUG] SM432 01FEB: Match #45: HK 19JAN | Line: 045N 01BALATA/SOUAD ABDA          	8ZRYZG P  HK 19JAN CAISM0100
[DEBUG] SM432 01FEB: Match #46: HK 19JAN | Line: 046N 01BARAKAT/RAMY               	84FKQE P  HK 19JAN CAISM0100
[DEBUG] SM432 01FEB: Match #47: HK 19JAN | Line: 047N 01BASYOUNI/SAADIA            	84FKQE P  HK 19JAN CAISM0100
[DEBUG] SM432 01FEB: Match #48: HK 19JAN | Line: 048N 01DEWDAR/FAYZA               	84FKQE P  HK 19JAN CAISM0100
[DEBUG] SM432 01FEB: Match #49: HK 19JAN | Line: 049N 01ELATAR/SHAYMAA HA          	8ZRYZG P  HK 19JAN CAISM0100
[DEBUG] SM432 01FEB: Match #50: HK 19JAN | Line: 050N 01ELBENIDY/SAID MAH          	8ZRYZG P  HK 19JAN CAISM0100
[DEBUG] SM432 01FEB: Match #51: HK 19JAN | Line: 051N 01ELDAHAN/MOHAMID            	84FKQE P  HK 19JAN CAISM0100
[DEBUG] SM432 01FEB: Match #52: TK 19JAN | Line: 052N 01ELDAKIKY/EMAN ATE          	8ZSOJ4 P  TK 19JAN CAISM0100
[DEBUG] SM432 01FEB: Match #53: HK 19JAN | Line: 053N 01ELEMAM/ASHRAF MOH          	8ZRYZG P  HK 19JAN CAISM0100
[DEBUG] SM432 01FEB: Match #54: HK 19JAN | Line: 054N 01ELFAR/KARIMA ABDE          	8ZRYZG P  HK 19JAN CAISM0100
[DEBUG] SM432 01FEB: Match #55: HK 19JAN | Line: 055N 01ELFAR/MOHAMED GAL          	8ZRYZG P  HK 19JAN CAISM0100
[DEBUG] SM432 01FEB: Match #56: TK 19JAN | Line: 056N 01ELGEBALY/RAYAN AH          	8ZSOJ4 P  TK 19JAN CAISM0100
[DEBUG] SM432 01FEB: Match #57: TK 19JAN | Line: 057N 01ELHADDAD/MOHAMED           	8ZSOJ4 P  TK 19JAN CAISM0100
[DEBUG] SM432 01FEB: Match #58: HK 19JAN | Line: 058N 01ELHANAFY/AHMED             	84FKQE P  HK 19JAN CAISM0100
[DEBUG] SM432 01FEB: Match #59: HK 19JAN | Line: 059N 01ELHEBAB/MOHAMED            	84FKQE P  HK 19JAN CAISM0100
[DEBUG] SM432 01FEB: Match #60: HK 19JAN | Line: 060N 01ELKAFOURI/ZEINAB           	84FKQE P  HK 19JAN CAISM0100
[DEBUG] SM432 01FEB: Match #61: TK 19JAN | Line: 061N 01ELKHAWAGA/SAFIA A          	8ZSOJ4 P  TK 19JAN CAISM0100
[DEBUG] SM432 01FEB: Match #62: TK 19JAN | Line: 062N 01ELKHOULY/ALI MOHA          	8ZSOJ4 P  TK 19JAN CAISM0100
[DEBUG] SM432 01FEB: Match #63: TK 19JAN | Line: 063N 01ELKHOULY/HAMDY MO          	8ZSOJ4 P  TK 19JAN CAISM0100
[DEBUG] SM432 01FEB: Match #64: TK 19JAN | Line: 064N 01ELKHOULY/HANAN EL          	8ZSOJ4 P  TK 19JAN CAISM0100
[DEBUG] SM432 01FEB: Match #65: TK 19JAN | Line: 065N 01ELNAHHAL/HANAN AB          	8ZSOJ4 P  TK 19JAN CAISM0100
[DEBUG] SM432 01FEB: Match #66: HK 19JAN | Line: 066N 01ELNASHAR/HAYAT             	84FKQE P  HK 19JAN CAISM0100
[DEBUG] SM432 01FEB: Match #67: HK 19JAN | Line: 067N 01ELNASHAR/SABAH             	84FKQE P  HK 19JAN CAISM0100
[DEBUG] SM432 01FEB: Match #68: HK 19JAN | Line: 068N 01ELSAADANY/TAMER I          	8ZRYZG P  HK 19JAN CAISM0100
[DEBUG] SM432 01FEB: Match #69: HK 19JAN | Line: 069N 01ELSADANY/SABAH AH          	8ZRYZG P  HK 19JAN CAISM0100
[DEBUG] SM432 01FEB: Match #70: HK 19JAN | Line: 070N 01ELSAEIDY/AML               	84FKQE P  HK 19JAN CAISM0100
[DEBUG] SM432 01FEB: Match #71: HK 19JAN | Line: 071N 01ELSHAHAT/SABAH             	84FKQE P  HK 19JAN CAISM0100
[DEBUG] SM432 01FEB: Match #72: HK 19JAN | Line: 072N 01ELSHARKAWY/AWATEF          	8ZRYZG P  HK 19JAN CAISM0100
[DEBUG] SM432 01FEB: Match #73: HK 19JAN | Line: 073N 01ELSHARKAWY/MOHAME          	8ZRYZG P  HK 19JAN CAISM0100
[DEBUG] SM432 01FEB: Match #74: HK 19JAN | Line: 074N 01ELSHARKAWY/SAAD M          	8ZRYZG P  HK 19JAN CAISM0100
[DEBUG] SM432 01FEB: Match #75: HK 19JAN | Line: 075N 01ELSHARKAWY/SAIDA           	8ZRYZG P  HK 19JAN CAISM0100
[DEBUG] SM432 01FEB: Match #76: HK 19JAN | Line: 076N 01ELSHARKAWY/SOAD M          	8ZRYZG P  HK 19JAN CAISM0100
[DEBUG] SM432 01FEB: Match #77: HK 19JAN | Line: 077N 01ELSHIMY/SABRY              	84FKQE P  HK 19JAN CAISM0100
[DEBUG] SM432 01FEB: Match #78: HK 19JAN | Line: 078N 01ELSHIMY/SAMIR              	84FKQE P  HK 19JAN CAISM0100
[DEBUG] SM432 01FEB: Match #79: HK 19JAN | Line: 079N 01ELSOKROMY/SAMAH S          	8ZRYZG P  HK 19JAN CAISM0100
[DEBUG] SM432 01FEB: Match #80: HK 19JAN | Line: 080N 01ELWAN/HODA ABDULH          	8ZRYZG P  HK 19JAN CAISM0100
[DEBUG] SM432 01FEB: Match #81: HK 19JAN | Line: 081N 01EMARH/AHMED MOHAM          	8ZRYZG P  HK 19JAN CAISM0100
[DEBUG] SM432 01FEB: Match #82: TK 19JAN | Line: 082N 01EMIRA/SAMY RABIE           	8ZSOJ4 P  TK 19JAN CAISM0100
[DEBUG] SM432 01FEB: Match #83: TK 19JAN | Line: 083N 01EWID/ABDALLAH MOH          	8ZSOJ4 P  TK 19JAN CAISM0100
[DEBUG] SM432 01FEB: Match #84: TK 19JAN | Line: 084N 01EWID/HALA MOHAMED          	8ZSOJ4 P  TK 19JAN CAISM0100
[DEBUG] SM432 01FEB: Match #85: HK 19JAN | Line: 085N 01FAYED/MESHMESHA E          	8ZRYZG P  HK 19JAN CAISM0100
[DEBUG] SM432 01FEB: Match #86: HK 19JAN | Line: 086N 01FAYED/SOAD AHMED           	8ZRYZG P  HK 19JAN CAISM0100
[DEBUG] SM432 01FEB: Match #87: TK 19JAN | Line: 087N 01FOUDA/EMAN FATHY           	8ZSOJ4 P  TK 19JAN CAISM0100
[DEBUG] SM432 01FEB: Match #88: HK 19JAN | Line: 088N 01GAD/NEHAD ABDALLA          	8ZRYZG P  HK 19JAN CAISM0100
[DEBUG] SM432 01FEB: Match #89: HK 19JAN | Line: 089N 01GADALLA/AHMED MAN          	8ZRYZG P  HK 19JAN CAISM0100
[DEBUG] SM432 01FEB: Match #90: HK 19JAN | Line: 090N 01GAMALELDIN/ELSAYE          	8ZRYZG P  HK 19JAN CAISM0100
[DEBUG] SM432 01FEB: Match #91: HK 19JAN | Line: 091N 01GHANEM/SAMEH               	84FKQE P  HK 19JAN CAISM0100
[DEBUG] SM432 01FEB: Match #92: HK 19JAN | Line: 092N 01GHITH/RAWAN                	84FKQE P  HK 19JAN CAISM0100
[DEBUG] SM432 01FEB: Match #93: HK 19JAN | Line: 093N 01HAGGAG/ABDELHAKAM          	8ZRYZG P  HK 19JAN CAISM0100
[DEBUG] SM432 01FEB: Match #94: HK 19JAN | Line: 094N 01HAGGAG/AHMED MOHA          	8ZRYZG P  HK 19JAN CAISM0100
[DEBUG] SM432 01FEB: Match #95: HK 19JAN | Line: 095N 01HALLOUL/AHMED              	84FKQE P  HK 19JAN CAISM0100
[DEBUG] SM432 01FEB: Match #96: HK 19JAN | Line: 096N 01HAMED/WAFAA                	84FKQE P  HK 19JAN CAISM0100
[DEBUG] SM432 01FEB: Match #97: HK 19JAN | Line: 097N 01HAMMAD/ASMAA ALY           	8ZRYZG P  HK 19JAN CAISM0100
[DEBUG] SM432 01FEB: Match #98: TK 19JAN | Line: 098N 01HANNOURA/HAMADA S          	8ZSOJ4 P  TK 19JAN CAISM0100
[DEBUG] SM432 01FEB: Match #99: HK 19JAN | Line: 099  01HASSAN/OMNYA               	9WHX3N P  HK 19JAN CAISM0100
[DEBUG] SM432 01FEB: Match #100: TK 19JAN | Line: 100N 01HASSOUNA/ASMAA SH          	8ZSOJ4 P  TK 19JAN CAISM0100
[DEBUG] SM432 01FEB: Match #101: HK 19JAN | Line: 101N 01IBRAHIEM/BASMA             	84FKQE P  HK 19JAN CAISM0100
[DEBUG] SM432 01FEB: Match #102: HK 19JAN | Line: 102N 01ISMAEIL/ELSAYED I          	8ZRYZG P  HK 19JAN CAISM0100
[DEBUG] SM432 01FEB: Match #103: HK 19JAN | Line: 103N 01ISMAIL/HANEM ABDE          	8ZRYZG P  HK 19JAN CAISM0100
[DEBUG] SM432 01FEB: Match #104: TK 19JAN | Line: 104N 01KERIDA/EHSAN MOHA          	8ZSOJ4 P  TK 19JAN CAISM0100
[DEBUG] SM432 01FEB: Match #105: TK 19JAN | Line: 105N 01KHATTAB/RADWAN AH          	8ZSOJ4 P  TK 19JAN CAISM0100
[DEBUG] SM432 01FEB: Match #106: HK 19JAN | Line: 106N 01KHEDR/BASMA                	84FKQE P  HK 19JAN CAISM0100
[DEBUG] SM432 01FEB: Match #107: HK 19JAN | Line: 107N 01KHOLIF/GAMALAT MO          	8ZRYZG P  HK 19JAN CAISM0100
[DEBUG] SM432 01FEB: Match #108: TK 19JAN | Line: 108N 01KORAYEM/ABDELSALA          	8ZSOJ4 P  TK 19JAN CAISM0100
[DEBUG] SM432 01FEB: Match #109: TK 19JAN | Line: 109N 01KORAYEM/AHMED MOH          	8ZSOJ4 P  TK 19JAN CAISM0100
[DEBUG] SM432 01FEB: Match #110: TK 19JAN | Line: 110N 01KORAYEM/ASMA MOHA          	8ZSOJ4 P  TK 19JAN CAISM0100
[DEBUG] SM432 01FEB: Match #111: HK 19JAN | Line: 111N 01MABROUK/MOAMEN MO          	8ZRYZG P  HK 19JAN CAISM0100
[DEBUG] SM432 01FEB: Match #112: HK 19JAN | Line: 112N 01MAEN/FATHY ABDELM          	8ZRYZG P  HK 19JAN CAISM0100
[DEBUG] SM432 01FEB: Match #113: HK 19JAN | Line: 113N 01MAHDY/HEND ABDELF          	8ZRYZG P  HK 19JAN CAISM0100
[DEBUG] SM432 01FEB: Match #114: HK 19JAN | Line: 114N 01MAHFOUZ/AHMED              	84FKQE P  HK 19JAN CAISM0100
[DEBUG] SM432 01FEB: Match #115: HK 19JAN | Line: 115N 01MAHFOUZ/NEMAA              	84FKQE P  HK 19JAN CAISM0100
[DEBUG] SM432 01FEB: Match #116: HK 19JAN | Line: 116N 01MAHFOUZ/RAHMA              	84FKQE P  HK 19JAN CAISM0100
[DEBUG] SM432 01FEB: Match #117: HK 19JAN | Line: 117N 01MAHFOUZ/SANAA              	84FKQE P  HK 19JAN CAISM0100
[DEBUG] SM432 01FEB: Match #118: HK 19JAN | Line: 118N 01MAHFOUZ/SHADIA             	84FKQE P  HK 19JAN CAISM0100
[DEBUG] SM432 01FEB: Match #119: TK 19JAN | Line: 119N 01MAHMOUD/HABIBA MO          	8ZSOJ4 P  TK 19JAN CAISM0100
[DEBUG] SM432 01FEB: Match #120: HK 19JAN | Line: 120N 01MAHMOUD/MENNTALLA          	8ZRYZG P  HK 19JAN CAISM0100
[DEBUG] SM432 01FEB: Match #121: TK 19JAN | Line: 121N 01MAHROUS/MAHA SABR          	8ZSOJ4 P  TK 19JAN CAISM0100
[DEBUG] SM432 01FEB: Match #122: TK 19JAN | Line: 122N 01MERIZIK/AYA TAWFI          	8ZSOJ4 P  TK 19JAN CAISM0100
[DEBUG] SM432 01FEB: Match #123: TK 19JAN | Line: 123N 01MOHAMED/ALIA ABDE          	8ZSOJ4 P  TK 19JAN CAISM0100
[DEBUG] SM432 01FEB: Match #124: HK 19JAN | Line: 124N 01MOHAMED/FATMA RAA          	8ZRYZG P  HK 19JAN CAISM0100
[DEBUG] SM432 01FEB: Match #125: HK 19JAN | Line: 125N 01MOHAMED/KENDA              	9G3DF4 P  HK 19JAN CAISM0100
[DEBUG] SM432 01FEB: Match #126: HK 19JAN | Line: 126N 01MOHAMED/SABAH              	84FKQE P  HK 19JAN CAISM0100
[DEBUG] SM432 01FEB: Match #127: HK 19JAN | Line: 127N 01MOHAMMED/JAMILA            	84FKQE P  HK 19JAN CAISM0100
[DEBUG] SM432 01FEB: Match #128: TK 19JAN | Line: 128N 01MORSY/ABEER                	8J3CQ8 P  TK 19JAN CAISM0100
[DEBUG] SM432 01FEB: Match #129: HK 19JAN | Line: 129N 01MOSTAFA/MARWA              	84FKQE P  HK 19JAN CAISM0100
[DEBUG] SM432 01FEB: Match #130: HK 19JAN | Line: 130N 01MOSTAFA/MONA               	84FKQE P  HK 19JAN CAISM0100
[DEBUG] SM432 01FEB: Match #131: TK 19JAN | Line: 131N 01MOSTAFA/ZAINAB MO          	8ZSOJ4 P  TK 19JAN CAISM0100
[DEBUG] SM432 01FEB: Match #132: HK 19JAN | Line: 132N 01MOUSSA/RANAL               	84FKQE P  HK 19JAN CAISM0100
[DEBUG] SM432 01FEB: Match #133: HK 19JAN | Line: 133N 01NAGY/ABDELRAHMAN           	8ZRYZG P  HK 19JAN CAISM0100
[DEBUG] SM432 01FEB: Match #134: TK 19JAN | Line: 134N 01NOUH/NADIA SAAD            	8ZSOJ4 P  TK 19JAN CAISM0100
[DEBUG] SM432 01FEB: Match #135: TK 19JAN | Line: 135N 01RAIHAN/AMAL SHAFI          	8ZSOJ4 P  TK 19JAN CAISM0100
[DEBUG] SM432 01FEB: Match #136: HK 19JAN | Line: 136N 01RASHED/AHMED TALA          	8ZRYZG P  HK 19JAN CAISM0100
[DEBUG] SM432 01FEB: Match #137: HK 19JAN | Line: 137N 01RASHED/ALAA                	84FKQE P  HK 19JAN CAISM0100
[DEBUG] SM432 01FEB: Match #138: HK 19JAN | Line: 138N 01RASHED/REDA                	84FKQE P  HK 19JAN CAISM0100
[DEBUG] SM432 01FEB: Match #139: TK 19JAN | Line: 139N 01REZK/SANIA HASSAN          	8ZSOJ4 P  TK 19JAN CAISM0100
[DEBUG] SM432 01FEB: Match #140: TK 19JAN | Line: 140N 01SAAD/KHELOUD KHAL          	8ZSOJ4 P  TK 19JAN CAISM0100
[DEBUG] SM432 01FEB: Match #141: TK 19JAN | Line: 141N 01SALEH/AZIZA MOHAM          	8ZSOJ4 P  TK 19JAN CAISM0100
[DEBUG] SM432 01FEB: Match #142: TK 19JAN | Line: 142N 01SALEH/THANAA SALA          	8ZSOJ4 P  TK 19JAN CAISM0100
[DEBUG] SM432 01FEB: Match #143: HK 19JAN | Line: 143N 01SALLAM/HANAA GOMA          	8ZRYZG P  HK 19JAN CAISM0100
[DEBUG] SM432 01FEB: Match #144: TK 19JAN | Line: 144N 01SHAABAN/EMAN MOHA          	8ZSOJ4 P  TK 19JAN CAISM0100
[DEBUG] SM432 01FEB: Match #145: TK 19JAN | Line: 145N 01SHAMS/OSAMA MOHAM          	8ZSOJ4 P  TK 19JAN CAISM0100
[DEBUG] SM432 01FEB: Match #146: HK 19JAN | Line: 146N 01SHEHATA/TAHYA ELS          	8ZRYZG P  HK 19JAN CAISM0100
[DEBUG] SM432 01FEB: DUPLICATE #9: 142N TK 19JAN | Skipping
[DEBUG] SM432 01FEB: DUPLICATE #10: 143N HK 19JAN | Skipping
[DEBUG] SM432 01FEB: DUPLICATE #11: 144N TK 19JAN | Skipping
[DEBUG] SM432 01FEB: DUPLICATE #12: 145N TK 19JAN | Skipping
[DEBUG] SM432 01FEB: DUPLICATE #13: 146N HK 19JAN | Skipping
[DEBUG] SM432 01FEB: Match #147: TK 19JAN | Line: 147N 01SHOAIB/OMAR MOHAM          	8ZSOJ4 P  TK 19JAN CAISM0100
[DEBUG] SM432 01FEB: Match #148: TK 19JAN | Line: 148N 01SHOAIB/RODAYNA MO          	8ZSOJ4 P  TK 19JAN CAISM0100
[DEBUG] SM432 01FEB: Match #149: TK 19JAN | Line: 149N 01SHOAIB/SARA FAWZY          	8ZSOJ4 P  TK 19JAN CAISM0100
[DEBUG] SM432 01FEB: Match #150: HK 19JAN | Line: 150N 01YOUSSEF/HOWIDA             	84FKQE P  HK 19JAN CAISM0100
[DEBUG] SM432 01FEB: Match #151: HK 19JAN | Line: 151N 01ZAYED/WAFAA ABDEL          	8ZRYZG P  HK 19JAN CAISM0100
[DEBUG] SM432 01FEB: Match #152: HK 19JAN | Line: 152N 01ZIDAN/DOAA SAFYEL          	8ZRYZG P  HK 19JAN CAISM0100
[LF] SM432 01FEB: LP/T count complete. True WEEKLY: 152, TODAY: 0, YDAY: 0 | Removed 13 duplicates
[LF] SM432 01FEB: LP/T result: WEEKLY=152, TODAY=0, YDAY=0
[LF] SM432 01FEB: LASTSOLD=2026-01-19 00:00:00, WEEKLY=152, TODAY=0, YDAY=0
2026-01-25 08:03:52 | INFO     | [SUCCESS] Day 01FEB
[LF] Results summary:
  2026-02-08: 6 flights
  2026-02-07: 3 flights
  2026-02-06: 6 flights
  2026-02-05: 8 flights
  2026-02-04: 3 flights
  2026-02-03: 7 flights
  2026-02-02: 4 flights
  2026-02-01: 5 flights
2026-01-25 08:03:52 | INFO     | [SUCCESS] LF Search Complete

============================================================
[Worker_9233] ✓ COMPLETED: JED-CAI
  Results: 8 dates
  Errors: 0 dates
  Total Processed: 63 groups
============================================================

2026-01-25 08:03:52 | INFO     | [Worker_9233] Completed: JED-CAI - 8 results, 0 errors

============================================================
[Worker_9233] Processing: LXR-JED
  Tier 0: Range 1, Chunk 4/4
  Dates: 7 days
  Date Range: 2026-01-31 to 2026-01-25
============================================================

2026-01-25 08:03:52 | INFO     | [Worker_9233] Processing: LXR-JED
2026-01-25 08:03:52 | INFO     |   Tier 0: Range 1, Chunk 4/4 (7 days)
2026-01-25 08:03:52 | INFO     | ======================================================================
2026-01-25 08:03:52 | INFO     | Load Factor Scraper Started - Route: LXR-JED
2026-01-25 08:03:52 | INFO     | Log file: D:\CODERED\LAB\Artifacts\outputs\run_generated_250126_at_07.06\logs\LF_LXR-JED_20260125_080352.log
2026-01-25 08:03:52 | INFO     | Enhanced logging: Capturing both logging.info() and print()
2026-01-25 08:03:52 | INFO     | ======================================================================
[LF] Processing dates (override): ['31JAN', '30JAN', '29JAN', '28JAN', '27JAN', '26JAN', '25JAN']
[LF] Attaching to Chrome for Altea access
2026-01-25 08:03:52 | INFO     | Starting LF search for route: LXR-JED
2026-01-25 08:03:52 | INFO     | [START] LF Search
[LF][[OK] SUCCESS] Connected to Chrome on 127.0.0.1:9233 (after 1 attempts)
2026-01-25 08:03:53 | INFO     | [HEALTH CHECK] [OK] Chrome connection is healthy
[LF][[OK] SUCCESS] Found Amadeus Altea window: Altéa Reservation Desktop
[LF][[INFO] INFO] URL: https://tc212.resdesktop.altea.amadeus.com/app_ard/apf/init/login?SITE=ESMPESMP&LANGUAGE=GB&MARKETS=ARDW_PROD_WBP&ACTION=clpLogin
2026-01-25 08:03:53 | INFO     | [DAY_START] Processing 31JAN
[LF] Processing LXR-JED for 31JAN
2026-01-25 08:03:53 | INFO     | [lf.day.start] Processing LXR-JED for 31JAN
[LF] Sending SN command: SN31JANLXRJED/ASM
[LF] No direct flights on 31JAN for LXR-JED
2026-01-25 08:03:54 | WARNING  | [lf.day.no_flights] No direct flights on 31JAN
2026-01-25 08:03:54 | INFO     | [SUCCESS] Day 31JAN
2026-01-25 08:03:54 | INFO     | [DAY_START] Processing 30JAN
[LF] Processing LXR-JED for 30JAN
2026-01-25 08:03:54 | INFO     | [lf.day.start] Processing LXR-JED for 30JAN
[LF] Sending SN command: SN30JANLXRJED/ASM
[LF] No direct flights on 30JAN for LXR-JED
2026-01-25 08:03:55 | WARNING  | [lf.day.no_flights] No direct flights on 30JAN
2026-01-25 08:03:55 | INFO     | [SUCCESS] Day 30JAN
2026-01-25 08:03:55 | INFO     | [DAY_START] Processing 29JAN
[LF] Processing LXR-JED for 29JAN
2026-01-25 08:03:55 | INFO     | [lf.day.start] Processing LXR-JED for 29JAN
[LF] Sending SN command: SN29JANLXRJED/ASM
[LF] No direct flights on 29JAN for LXR-JED
2026-01-25 08:03:56 | WARNING  | [lf.day.no_flights] No direct flights on 29JAN
2026-01-25 08:03:56 | INFO     | [SUCCESS] Day 29JAN
2026-01-25 08:03:56 | INFO     | [DAY_START] Processing 28JAN
[LF] Processing LXR-JED for 28JAN
2026-01-25 08:03:56 | INFO     | [lf.day.start] Processing LXR-JED for 28JAN
[LF] Sending SN command: SN28JANLXRJED/ASM
[LF] No direct flights on 28JAN for LXR-JED
2026-01-25 08:03:57 | WARNING  | [lf.day.no_flights] No direct flights on 28JAN
2026-01-25 08:03:57 | INFO     | [SUCCESS] Day 28JAN
2026-01-25 08:03:57 | INFO     | [DAY_START] Processing 27JAN
[LF] Processing LXR-JED for 27JAN
2026-01-25 08:03:57 | INFO     | [lf.day.start] Processing LXR-JED for 27JAN
[LF] Sending SN command: SN27JANLXRJED/ASM
[LF] 27JAN: found 5 direct flights
2026-01-25 08:03:59 | INFO     | [lf.day.flights_found] Found 5 flights on 27JAN
2026-01-25 08:04:01 | INFO     | [lf.flight.extracted] SM429 on 27JAN: BKG=180, LF=100.6%
[LF] SM429 27JAN: BKG=180, GRP=180, CAP=179, LF%=100.6%, Brd-Off=LXR-JED, Classes: P:180
2026-01-25 08:04:04 | INFO     | [lf.flight.extracted] SM483 on 27JAN: BKG=180, LF=100.6%
[LF] SM483 27JAN: BKG=180, GRP=180, CAP=179, LF%=100.6%, Brd-Off=LXR-JED, Classes: P:180
2026-01-25 08:04:07 | INFO     | [lf.flight.extracted] SM959 on 27JAN: BKG=180, LF=100.6%
[LF] SM959 27JAN: BKG=180, GRP=180, CAP=179, LF%=100.6%, Brd-Off=LXR-JED, Classes: P:180
2026-01-25 08:04:10 | INFO     | [lf.flight.extracted] SM981 on 27JAN: BKG=180, LF=100.6%
[LF] SM981 27JAN: BKG=180, GRP=180, CAP=179, LF%=100.6%, Brd-Off=LXR-JED, Classes: P:180
2026-01-25 08:04:14 | INFO     | [lf.flight.extracted] SM961 on 27JAN: BKG=180, LF=100.6%
[LF] SM961 27JAN: BKG=180, GRP=180, CAP=179, LF%=100.6%, Brd-Off=LXR-JED, Classes: P:180
[LF] Getting WEEKLY/LASTSOLD data for 5 flights
[LF] SM429 27JAN: LASTSOLD=2026-01-23 00:00:00, WEEKLY=2, TODAY=0, YDAY=0
[LF] SM483 27JAN: LASTSOLD=2026-01-23 00:00:00, WEEKLY=2, TODAY=0, YDAY=0
[LF] SM959 27JAN: LASTSOLD=2026-01-23 00:00:00, WEEKLY=2, TODAY=0, YDAY=0
[LF] SM981 27JAN: LASTSOLD=2026-01-23 00:00:00, WEEKLY=2, TODAY=0, YDAY=0
[LF] SM961 27JAN: LASTSOLD=2026-01-23 00:00:00, WEEKLY=2, TODAY=0, YDAY=0
2026-01-25 08:04:21 | INFO     | [SUCCESS] Day 27JAN
2026-01-25 08:04:21 | INFO     | [DAY_START] Processing 26JAN
[LF] Processing LXR-JED for 26JAN
2026-01-25 08:04:21 | INFO     | [lf.day.start] Processing LXR-JED for 26JAN
[LF] Sending SN command: SN26JANLXRJED/ASM
[LF] 26JAN: found 2 direct flights
2026-01-25 08:04:22 | INFO     | [lf.day.flights_found] Found 2 flights on 26JAN
2026-01-25 08:04:24 | INFO     | [lf.flight.extracted] SM975 on 26JAN: BKG=180, LF=100.6%
[LF] SM975 26JAN: BKG=180, GRP=180, CAP=179, LF%=100.6%, Brd-Off=LXR-JED, Classes: P:180
2026-01-25 08:04:28 | INFO     | [lf.flight.extracted] SM481 on 26JAN: BKG=180, LF=100.6%
[LF] SM481 26JAN: BKG=180, GRP=180, CAP=179, LF%=100.6%, Brd-Off=LXR-JED, Classes: P:180
[LF] Getting WEEKLY/LASTSOLD data for 2 flights
[LF] SM975 26JAN: LASTSOLD=2026-01-23 00:00:00, WEEKLY=2, TODAY=0, YDAY=0
[LF] SM481 26JAN: LASTSOLD=2026-01-23 00:00:00, WEEKLY=2, TODAY=0, YDAY=0
2026-01-25 08:04:31 | INFO     | [SUCCESS] Day 26JAN
[LF] Skipping 25JAN (Today) - will be processed by supplement scan
[LF] Results summary:
  2026-01-31: 0 flights
  2026-01-30: 0 flights
  2026-01-29: 0 flights
  2026-01-28: 0 flights
  2026-01-27: 5 flights
  2026-01-26: 2 flights
2026-01-25 08:04:31 | INFO     | [SUCCESS] LF Search Complete

============================================================
[Worker_9233] ✓ COMPLETED: LXR-JED
  Results: 6 dates
  Errors: 0 dates
  Total Processed: 64 groups
============================================================

2026-01-25 08:04:31 | INFO     | [Worker_9233] Completed: LXR-JED - 6 results, 0 errors

============================================================
[Worker_9233] Processing: ATZ-TUU
  Tier 0: Range 1, Chunk 4/4
  Dates: 7 days
  Date Range: 2026-01-31 to 2026-01-25
============================================================

2026-01-25 08:04:31 | INFO     | [Worker_9233] Processing: ATZ-TUU
2026-01-25 08:04:31 | INFO     |   Tier 0: Range 1, Chunk 4/4 (7 days)
2026-01-25 08:04:31 | INFO     | ======================================================================
2026-01-25 08:04:31 | INFO     | Load Factor Scraper Started - Route: ATZ-TUU
2026-01-25 08:04:31 | INFO     | Log file: D:\CODERED\LAB\Artifacts\outputs\run_generated_250126_at_07.06\logs\LF_ATZ-TUU_20260125_080431.log
2026-01-25 08:04:31 | INFO     | Enhanced logging: Capturing both logging.info() and print()
2026-01-25 08:04:31 | INFO     | ======================================================================
[LF] Processing dates (override): ['31JAN', '30JAN', '29JAN', '28JAN', '27JAN', '26JAN', '25JAN']
[LF] Attaching to Chrome for Altea access
2026-01-25 08:04:31 | INFO     | Starting LF search for route: ATZ-TUU
2026-01-25 08:04:31 | INFO     | [START] LF Search
[LF][[OK] SUCCESS] Connected to Chrome on 127.0.0.1:9233 (after 1 attempts)
2026-01-25 08:04:32 | INFO     | [HEALTH CHECK] [OK] Chrome connection is healthy
[LF][[OK] SUCCESS] Found Amadeus Altea window: Altéa Reservation Desktop
[LF][[INFO] INFO] URL: https://tc212.resdesktop.altea.amadeus.com/app_ard/apf/init/login?SITE=ESMPESMP&LANGUAGE=GB&MARKETS=ARDW_PROD_WBP&ACTION=clpLogin
2026-01-25 08:04:32 | INFO     | [DAY_START] Processing 31JAN
[LF] Processing ATZ-TUU for 31JAN
2026-01-25 08:04:32 | INFO     | [lf.day.start] Processing ATZ-TUU for 31JAN
[LF] Sending SN command: SN31JANATZTUU/ASM
[LF] No direct flights on 31JAN for ATZ-TUU
2026-01-25 08:04:33 | WARNING  | [lf.day.no_flights] No direct flights on 31JAN
2026-01-25 08:04:33 | INFO     | [SUCCESS] Day 31JAN
2026-01-25 08:04:33 | INFO     | [DAY_START] Processing 30JAN
[LF] Processing ATZ-TUU for 30JAN
2026-01-25 08:04:33 | INFO     | [lf.day.start] Processing ATZ-TUU for 30JAN
[LF] Sending SN command: SN30JANATZTUU/ASM
[LF] 30JAN: found 1 direct flights
2026-01-25 08:04:34 | INFO     | [lf.day.flights_found] Found 1 flights on 30JAN
2026-01-25 08:04:36 | INFO     | [lf.flight.extracted] SM327 on 30JAN: BKG=61, LF=34.1%
[LF] SM327 30JAN: BKG=61, GRP=0, CAP=179, LF%=34.1%, Brd-Off=ATZ-TUU, Classes: I:56, O:3, X:2
[LF] Getting WEEKLY/LASTSOLD data for 1 flights
[LF] SM327 30JAN: LASTSOLD=2026-01-24 00:00:00, WEEKLY=29, TODAY=0, YDAY=5
2026-01-25 08:04:40 | INFO     | [SUCCESS] Day 30JAN
2026-01-25 08:04:40 | INFO     | [DAY_START] Processing 29JAN
[LF] Processing ATZ-TUU for 29JAN
2026-01-25 08:04:40 | INFO     | [lf.day.start] Processing ATZ-TUU for 29JAN
[LF] Sending SN command: SN29JANATZTUU/ASM
[LF] No direct flights on 29JAN for ATZ-TUU
2026-01-25 08:04:41 | WARNING  | [lf.day.no_flights] No direct flights on 29JAN
2026-01-25 08:04:41 | INFO     | [SUCCESS] Day 29JAN
2026-01-25 08:04:41 | INFO     | [DAY_START] Processing 28JAN
[LF] Processing ATZ-TUU for 28JAN
2026-01-25 08:04:41 | INFO     | [lf.day.start] Processing ATZ-TUU for 28JAN
[LF] Sending SN command: SN28JANATZTUU/ASM
[LF] No direct flights on 28JAN for ATZ-TUU
2026-01-25 08:04:42 | WARNING  | [lf.day.no_flights] No direct flights on 28JAN
2026-01-25 08:04:42 | INFO     | [SUCCESS] Day 28JAN
2026-01-25 08:04:42 | INFO     | [DAY_START] Processing 27JAN
[LF] Processing ATZ-TUU for 27JAN
2026-01-25 08:04:42 | INFO     | [lf.day.start] Processing ATZ-TUU for 27JAN
[LF] Sending SN command: SN27JANATZTUU/ASM
[LF] No direct flights on 27JAN for ATZ-TUU
2026-01-25 08:04:44 | WARNING  | [lf.day.no_flights] No direct flights on 27JAN
2026-01-25 08:04:44 | INFO     | [SUCCESS] Day 27JAN
2026-01-25 08:04:44 | INFO     | [DAY_START] Processing 26JAN
[LF] Processing ATZ-TUU for 26JAN
2026-01-25 08:04:44 | INFO     | [lf.day.start] Processing ATZ-TUU for 26JAN
[LF] Sending SN command: SN26JANATZTUU/ASM
[LF] No direct flights on 26JAN for ATZ-TUU
2026-01-25 08:04:45 | WARNING  | [lf.day.no_flights] No direct flights on 26JAN
2026-01-25 08:04:45 | INFO     | [SUCCESS] Day 26JAN
[LF] Skipping 25JAN (Today) - will be processed by supplement scan
[LF] Results summary:
  2026-01-31: 0 flights
  2026-01-30: 1 flights
  2026-01-29: 0 flights
  2026-01-28: 0 flights
  2026-01-27: 0 flights
  2026-01-26: 0 flights
2026-01-25 08:04:45 | INFO     | [SUCCESS] LF Search Complete

============================================================
[Worker_9233] ✓ COMPLETED: ATZ-TUU
  Results: 6 dates
  Errors: 0 dates
  Total Processed: 65 groups
============================================================

2026-01-25 08:04:49 | INFO     | [Worker_9233] Completed: ATZ-TUU - 6 results, 0 errors

============================================================
[Worker_9233] Processing: CAI-AJF
  Tier 0: Range 1, Chunk 4/4
  Dates: 7 days
  Date Range: 2026-01-31 to 2026-01-25
============================================================

2026-01-25 08:04:49 | INFO     | [Worker_9233] Processing: CAI-AJF
2026-01-25 08:04:49 | INFO     |   Tier 0: Range 1, Chunk 4/4 (7 days)
2026-01-25 08:04:49 | INFO     | ======================================================================
2026-01-25 08:04:49 | INFO     | Load Factor Scraper Started - Route: CAI-AJF
2026-01-25 08:04:49 | INFO     | Log file: D:\CODERED\LAB\Artifacts\outputs\run_generated_250126_at_07.06\logs\LF_CAI-AJF_20260125_080449.log
2026-01-25 08:04:49 | INFO     | Enhanced logging: Capturing both logging.info() and print()
2026-01-25 08:04:49 | INFO     | ======================================================================
[LF] Processing dates (override): ['31JAN', '30JAN', '29JAN', '28JAN', '27JAN', '26JAN', '25JAN']
[LF] Attaching to Chrome for Altea access
2026-01-25 08:04:49 | INFO     | Starting LF search for route: CAI-AJF
2026-01-25 08:04:49 | INFO     | [START] LF Search
[LF][[OK] SUCCESS] Connected to Chrome on 127.0.0.1:9233 (after 1 attempts)
2026-01-25 08:04:50 | INFO     | [HEALTH CHECK] [OK] Chrome connection is healthy
[LF][[OK] SUCCESS] Found Amadeus Altea window: Altéa Reservation Desktop
[LF][[INFO] INFO] URL: https://tc212.resdesktop.altea.amadeus.com/app_ard/apf/init/login?SITE=ESMPESMP&LANGUAGE=GB&MARKETS=ARDW_PROD_WBP&ACTION=clpLogin
2026-01-25 08:04:50 | INFO     | [DAY_START] Processing 31JAN
[LF] Processing CAI-AJF for 31JAN
2026-01-25 08:04:50 | INFO     | [lf.day.start] Processing CAI-AJF for 31JAN
[LF] Sending SN command: SN31JANCAIAJF/ASM
[LF] 31JAN: found 1 direct flights
2026-01-25 08:04:51 | INFO     | [lf.day.flights_found] Found 1 flights on 31JAN
2026-01-25 08:04:53 | INFO     | [lf.flight.extracted] SM321 on 31JAN: BKG=82, LF=45.8%
[LF] SM321 31JAN: BKG=82, GRP=0, CAP=179, LF%=45.8%, Brd-Off=CAI-AJF, Classes: I:49, O:28, U:1, X:1, W:1, S:1, G:1
[LF] Getting WEEKLY/LASTSOLD data for 1 flights
[LF] SM321 31JAN: LASTSOLD=2026-01-25 00:00:00, WEEKLY=42, TODAY=2, YDAY=12
2026-01-25 08:04:58 | INFO     | [SUCCESS] Day 31JAN
2026-01-25 08:04:58 | INFO     | [DAY_START] Processing 30JAN
[LF] Processing CAI-AJF for 30JAN
2026-01-25 08:04:58 | INFO     | [lf.day.start] Processing CAI-AJF for 30JAN
[LF] Sending SN command: SN30JANCAIAJF/ASM
[LF] No direct flights on 30JAN for CAI-AJF
2026-01-25 08:04:59 | WARNING  | [lf.day.no_flights] No direct flights on 30JAN
2026-01-25 08:04:59 | INFO     | [SUCCESS] Day 30JAN
2026-01-25 08:04:59 | INFO     | [DAY_START] Processing 29JAN
[LF] Processing CAI-AJF for 29JAN
2026-01-25 08:04:59 | INFO     | [lf.day.start] Processing CAI-AJF for 29JAN
[LF] Sending SN command: SN29JANCAIAJF/ASM
[LF] 29JAN: found 1 direct flights
2026-01-25 08:05:00 | INFO     | [lf.day.flights_found] Found 1 flights on 29JAN
2026-01-25 08:05:02 | INFO     | [lf.flight.extracted] SM321 on 29JAN: BKG=79, LF=44.1%
[LF] SM321 29JAN: BKG=79, GRP=0, CAP=179, LF%=44.1%, Brd-Off=CAI-AJF, Classes: I:39, O:20, U:8, X:4, T:1, S:5, K:2
[LF] Getting WEEKLY/LASTSOLD data for 1 flights
[LF] SM321 29JAN: LASTSOLD=2026-01-24 00:00:00, WEEKLY=29, TODAY=0, YDAY=1
2026-01-25 08:05:07 | INFO     | [SUCCESS] Day 29JAN
2026-01-25 08:05:07 | INFO     | [DAY_START] Processing 28JAN
[LF] Processing CAI-AJF for 28JAN
2026-01-25 08:05:07 | INFO     | [lf.day.start] Processing CAI-AJF for 28JAN
[LF] Sending SN command: SN28JANCAIAJF/ASM
[LF] No direct flights on 28JAN for CAI-AJF
2026-01-25 08:05:08 | WARNING  | [lf.day.no_flights] No direct flights on 28JAN
2026-01-25 08:05:08 | INFO     | [SUCCESS] Day 28JAN
2026-01-25 08:05:08 | INFO     | [DAY_START] Processing 27JAN
[LF] Processing CAI-AJF for 27JAN
2026-01-25 08:05:08 | INFO     | [lf.day.start] Processing CAI-AJF for 27JAN
[LF] Sending SN command: SN27JANCAIAJF/ASM
[LF] 27JAN: found 1 direct flights
2026-01-25 08:05:09 | INFO     | [lf.day.flights_found] Found 1 flights on 27JAN
2026-01-25 08:05:11 | INFO     | [lf.flight.extracted] SM321 on 27JAN: BKG=118, LF=65.9%
[LF] SM321 27JAN: BKG=118, GRP=0, CAP=179, LF%=65.9%, Brd-Off=CAI-AJF, Classes: I:50, O:29, U:20, X:9, T:6, S:2, G:2
[LF] Getting WEEKLY/LASTSOLD data for 1 flights
[LF] SM321 27JAN: LASTSOLD=2026-01-25 00:00:00, WEEKLY=75, TODAY=2, YDAY=16
2026-01-25 08:05:17 | INFO     | [SUCCESS] Day 27JAN
2026-01-25 08:05:17 | INFO     | [DAY_START] Processing 26JAN
[LF] Processing CAI-AJF for 26JAN
2026-01-25 08:05:17 | INFO     | [lf.day.start] Processing CAI-AJF for 26JAN
[LF] Sending SN command: SN26JANCAIAJF/ASM
[LF] No direct flights on 26JAN for CAI-AJF
2026-01-25 08:05:18 | WARNING  | [lf.day.no_flights] No direct flights on 26JAN
2026-01-25 08:05:18 | INFO     | [SUCCESS] Day 26JAN
[LF] Skipping 25JAN (Today) - will be processed by supplement scan
[LF] Results summary:
  2026-01-31: 1 flights
  2026-01-30: 0 flights
  2026-01-29: 1 flights
  2026-01-28: 0 flights
  2026-01-27: 1 flights
  2026-01-26: 0 flights
2026-01-25 08:05:18 | INFO     | [SUCCESS] LF Search Complete

============================================================
[Worker_9233] ✓ COMPLETED: CAI-AJF
  Results: 6 dates
  Errors: 0 dates
  Total Processed: 66 groups
============================================================

2026-01-25 08:05:18 | INFO     | [Worker_9233] Completed: CAI-AJF - 6 results, 0 errors

============================================================
[Worker_9233] Processing: CAI-ELQ
  Tier 0: Range 1, Chunk 4/4
  Dates: 7 days
  Date Range: 2026-01-31 to 2026-01-25
============================================================

2026-01-25 08:05:18 | INFO     | [Worker_9233] Processing: CAI-ELQ
2026-01-25 08:05:18 | INFO     |   Tier 0: Range 1, Chunk 4/4 (7 days)
2026-01-25 08:05:18 | INFO     | ======================================================================
2026-01-25 08:05:18 | INFO     | Load Factor Scraper Started - Route: CAI-ELQ
2026-01-25 08:05:18 | INFO     | Log file: D:\CODERED\LAB\Artifacts\outputs\run_generated_250126_at_07.06\logs\LF_CAI-ELQ_20260125_080518.log
2026-01-25 08:05:18 | INFO     | Enhanced logging: Capturing both logging.info() and print()
2026-01-25 08:05:18 | INFO     | ======================================================================
[LF] Processing dates (override): ['31JAN', '30JAN', '29JAN', '28JAN', '27JAN', '26JAN', '25JAN']
[LF] Attaching to Chrome for Altea access
2026-01-25 08:05:18 | INFO     | Starting LF search for route: CAI-ELQ
2026-01-25 08:05:18 | INFO     | [START] LF Search
[LF][[OK] SUCCESS] Connected to Chrome on 127.0.0.1:9233 (after 1 attempts)
2026-01-25 08:05:19 | INFO     | [HEALTH CHECK] [OK] Chrome connection is healthy
[LF][[OK] SUCCESS] Found Amadeus Altea window: Altéa Reservation Desktop
[LF][[INFO] INFO] URL: https://tc212.resdesktop.altea.amadeus.com/app_ard/apf/init/login?SITE=ESMPESMP&LANGUAGE=GB&MARKETS=ARDW_PROD_WBP&ACTION=clpLogin
2026-01-25 08:05:19 | INFO     | [DAY_START] Processing 31JAN
[LF] Processing CAI-ELQ for 31JAN
2026-01-25 08:05:19 | INFO     | [lf.day.start] Processing CAI-ELQ for 31JAN
[LF] Sending SN command: SN31JANCAIELQ/ASM
[LF] No direct flights on 31JAN for CAI-ELQ
2026-01-25 08:05:20 | WARNING  | [lf.day.no_flights] No direct flights on 31JAN
2026-01-25 08:05:20 | INFO     | [SUCCESS] Day 31JAN
2026-01-25 08:05:20 | INFO     | [DAY_START] Processing 30JAN
[LF] Processing CAI-ELQ for 30JAN
2026-01-25 08:05:20 | INFO     | [lf.day.start] Processing CAI-ELQ for 30JAN
[LF] Sending SN command: SN30JANCAIELQ/ASM
[LF] 30JAN: found 1 direct flights
2026-01-25 08:05:21 | INFO     | [lf.day.flights_found] Found 1 flights on 30JAN
2026-01-25 08:05:23 | INFO     | [lf.flight.extracted] SM427 on 30JAN: BKG=98, LF=54.8%
[LF] SM427 30JAN: BKG=98, GRP=0, CAP=179, LF%=54.8%, Brd-Off=CAI-ELQ, Classes: O:4, U:6, X:39, T:12, W:34, G:3
[LF] Getting WEEKLY/LASTSOLD data for 1 flights
[LF] SM427 30JAN: LASTSOLD=2026-01-24 00:00:00, WEEKLY=56, TODAY=0, YDAY=11
2026-01-25 08:05:28 | INFO     | [SUCCESS] Day 30JAN
2026-01-25 08:05:28 | INFO     | [DAY_START] Processing 29JAN
[LF] Processing CAI-ELQ for 29JAN
2026-01-25 08:05:28 | INFO     | [lf.day.start] Processing CAI-ELQ for 29JAN
[LF] Sending SN command: SN29JANCAIELQ/ASM
[LF] 29JAN: found 1 direct flights
2026-01-25 08:05:29 | INFO     | [lf.day.flights_found] Found 1 flights on 29JAN
2026-01-25 08:05:31 | INFO     | [lf.flight.extracted] SM427 on 29JAN: BKG=72, LF=40.9%
[LF] SM427 29JAN: BKG=72, GRP=0, CAP=176, LF%=40.9%, Brd-Off=CAI-ELQ, Classes: I:1, O:5, X:17, T:4, W:44, S:1
[LF] Getting WEEKLY/LASTSOLD data for 1 flights
[LF] SM427 29JAN: LASTSOLD=2026-01-24 00:00:00, WEEKLY=29, TODAY=0, YDAY=3
2026-01-25 08:05:36 | INFO     | [SUCCESS] Day 29JAN
2026-01-25 08:05:36 | INFO     | [DAY_START] Processing 28JAN
[LF] Processing CAI-ELQ for 28JAN
2026-01-25 08:05:36 | INFO     | [lf.day.start] Processing CAI-ELQ for 28JAN
[LF] Sending SN command: SN28JANCAIELQ/ASM
[LF] No direct flights on 28JAN for CAI-ELQ
2026-01-25 08:05:37 | WARNING  | [lf.day.no_flights] No direct flights on 28JAN
2026-01-25 08:05:37 | INFO     | [SUCCESS] Day 28JAN
2026-01-25 08:05:37 | INFO     | [DAY_START] Processing 27JAN
[LF] Processing CAI-ELQ for 27JAN
2026-01-25 08:05:37 | INFO     | [lf.day.start] Processing CAI-ELQ for 27JAN
[LF] Sending SN command: SN27JANCAIELQ/ASM
[LF] No direct flights on 27JAN for CAI-ELQ
2026-01-25 08:05:38 | WARNING  | [lf.day.no_flights] No direct flights on 27JAN
2026-01-25 08:05:38 | INFO     | [SUCCESS] Day 27JAN
2026-01-25 08:05:38 | INFO     | [DAY_START] Processing 26JAN
[LF] Processing CAI-ELQ for 26JAN
2026-01-25 08:05:38 | INFO     | [lf.day.start] Processing CAI-ELQ for 26JAN
[LF] Sending SN command: SN26JANCAIELQ/ASM
[LF] No direct flights on 26JAN for CAI-ELQ
2026-01-25 08:05:39 | WARNING  | [lf.day.no_flights] No direct flights on 26JAN
2026-01-25 08:05:39 | INFO     | [SUCCESS] Day 26JAN
[LF] Skipping 25JAN (Today) - will be processed by supplement scan
[LF] Results summary:
  2026-01-31: 0 flights
  2026-01-30: 1 flights
  2026-01-29: 1 flights
  2026-01-28: 0 flights
  2026-01-27: 0 flights
  2026-01-26: 0 flights
2026-01-25 08:05:39 | INFO     | [SUCCESS] LF Search Complete

============================================================
[Worker_9233] ✓ COMPLETED: CAI-ELQ
  Results: 6 dates
  Errors: 0 dates
  Total Processed: 67 groups
============================================================

2026-01-25 08:05:39 | INFO     | [Worker_9233] Completed: CAI-ELQ - 6 results, 0 errors
[Worker_9233] Waiting for tasks...

============================================================
[Worker_9233] Shutdown signal received
Exiting...
============================================================
2026-01-25 09:00:05 | INFO     | [Worker_9233] Shutdown signal received, exiting...

============================================================
[Worker_9233] FINISHED
  Total Groups Processed: 67
============================================================

2026-01-25 09:00:05 | INFO     | [Worker_9233] Finished. Processed 67 groups.
