
============================================================
     LF WORKER - PORT 9227
============================================================
Worker: Worker_9227
Status: READY
Waiting for tasks...
============================================================


============================================================
[Worker_9227] Processing: JED-LXR
  Tier 0: Range 4, Chunk 1/3
  Dates: 9 days
  Date Range: 2026-04-27 to 2026-04-19
============================================================

2026-01-17 08:48:22 | INFO     | ======================================================================
2026-01-17 08:48:22 | INFO     | Load Factor Scraper Started - Route: JED-LXR
2026-01-17 08:48:22 | INFO     | Log file: D:\CODERED\LAB\Artifacts\outputs\run_generated_170126_at_08.47_RETRY\logs\LF_JED-LXR_20260117_084822.log
2026-01-17 08:48:22 | INFO     | Enhanced logging: Capturing both logging.info() and print()
2026-01-17 08:48:22 | INFO     | ======================================================================
[LF] Processing dates (override): ['27APR', '26APR', '25APR', '24APR', '23APR', '22APR', '21APR', '20APR', '19APR']
[LF] Attaching to Chrome for Altea access
[LF][[OK] SUCCESS] Connected to Chrome on 127.0.0.1:9227 (after 1 attempts)
[LF][[OK] SUCCESS] Found Amadeus Altea window: Altéa Reservation Desktop
[LF][[INFO] INFO] URL: https://tc212.resdesktop.altea.amadeus.com/app_ard/apf/init/login?SITE=ESMPESMP&LANGUAGE=GB&MARKETS=ARDW_PROD_WBP&ACTION=clpLogin
[LF] Processing JED-LXR for 27APR
[LF][ERROR] Amadeus command error detected: UNKNOWN TRANSACTION
[LF][ERROR] Command: SN27APRJEDLXR/ASM
[LF][RESYNC] Triggering immediate resync to last successful SN command
============================================================
[LF][RESYNC] Command 'SN27APRJEDLXR/ASM' failed: TECH_ERROR:UNKNOWN TRANSACTION
[LF][RESYNC] Re-running entire day from SN command for JED-LXR 27APR
[LF][RESYNC] Attempt 1/50 (waiting 1.0s before retry...)
============================================================
[LF][RESYNC] Sending IG to clear session state...
[LF][RESYNC] Session cleared with IG
[LF] Processing JED-LXR for 27APR
[LF] No direct flights on 27APR for JED-LXR
[LF] Processing JED-LXR for 26APR
[LF] No direct flights on 26APR for JED-LXR
[LF] Processing JED-LXR for 25APR
[LF] No direct flights on 25APR for JED-LXR
[LF] Processing JED-LXR for 24APR
[LF] No direct flights on 24APR for JED-LXR
[LF] Processing JED-LXR for 23APR
[LF] No direct flights on 23APR for JED-LXR
[LF] Processing JED-LXR for 22APR
[LF] No direct flights on 22APR for JED-LXR
[LF] Processing JED-LXR for 21APR
[LF] No direct flights on 21APR for JED-LXR
[LF] Processing JED-LXR for 20APR
[LF] No direct flights on 20APR for JED-LXR
[LF] Processing JED-LXR for 19APR
[LF] No direct flights on 19APR for JED-LXR
[LF] Results summary:
  2026-04-27: 0 flights
  2026-04-26: 0 flights
  2026-04-25: 0 flights
  2026-04-24: 0 flights
  2026-04-23: 0 flights
  2026-04-22: 0 flights
  2026-04-21: 0 flights
  2026-04-20: 0 flights
  2026-04-19: 0 flights

============================================================
[Worker_9227] ✓ COMPLETED: JED-LXR
  Results: 9 dates
  Errors: 0 dates
  Total Processed: 1 groups
============================================================


============================================================
[Worker_9227] Processing: RUH-ATZ
  Tier 0: Range 4, Chunk 1/3
  Dates: 9 days
  Date Range: 2026-04-27 to 2026-04-19
============================================================

2026-01-17 08:48:40 | INFO     | ======================================================================
2026-01-17 08:48:40 | INFO     | Load Factor Scraper Started - Route: RUH-ATZ
2026-01-17 08:48:40 | INFO     | Log file: D:\CODERED\LAB\Artifacts\outputs\run_generated_170126_at_08.47_RETRY\logs\LF_RUH-ATZ_20260117_084840.log
2026-01-17 08:48:40 | INFO     | Enhanced logging: Capturing both logging.info() and print()
2026-01-17 08:48:40 | INFO     | ======================================================================
[LF] Processing dates (override): ['27APR', '26APR', '25APR', '24APR', '23APR', '22APR', '21APR', '20APR', '19APR']
[LF] Attaching to Chrome for Altea access
2026-01-17 08:48:40 | INFO     | Starting LF search for route: RUH-ATZ
2026-01-17 08:48:40 | INFO     | [START] LF Search
[LF][[OK] SUCCESS] Connected to Chrome on 127.0.0.1:9227 (after 1 attempts)
2026-01-17 08:48:41 | INFO     | [HEALTH CHECK] [OK] Chrome connection is healthy
[LF][[OK] SUCCESS] Found Amadeus Altea window: Altéa Reservation Desktop
[LF][[INFO] INFO] URL: https://tc212.resdesktop.altea.amadeus.com/app_ard/apf/init/login?SITE=ESMPESMP&LANGUAGE=GB&MARKETS=ARDW_PROD_WBP&ACTION=clpLogin
2026-01-17 08:48:41 | INFO     | [DAY_START] Processing 27APR
[LF] Processing RUH-ATZ for 27APR
2026-01-17 08:48:41 | INFO     | [lf.day.start] Processing RUH-ATZ for 27APR
[LF] No direct flights on 27APR for RUH-ATZ
2026-01-17 08:48:42 | WARNING  | [lf.day.no_flights] No direct flights on 27APR
2026-01-17 08:48:42 | INFO     | [SUCCESS] Day 27APR
2026-01-17 08:48:42 | INFO     | [DAY_START] Processing 26APR
[LF] Processing RUH-ATZ for 26APR
2026-01-17 08:48:42 | INFO     | [lf.day.start] Processing RUH-ATZ for 26APR
[LF] No direct flights on 26APR for RUH-ATZ
2026-01-17 08:48:43 | WARNING  | [lf.day.no_flights] No direct flights on 26APR
2026-01-17 08:48:43 | INFO     | [SUCCESS] Day 26APR
2026-01-17 08:48:43 | INFO     | [DAY_START] Processing 25APR
[LF] Processing RUH-ATZ for 25APR
2026-01-17 08:48:43 | INFO     | [lf.day.start] Processing RUH-ATZ for 25APR
[LF] No direct flights on 25APR for RUH-ATZ
2026-01-17 08:48:44 | WARNING  | [lf.day.no_flights] No direct flights on 25APR
2026-01-17 08:48:44 | INFO     | [SUCCESS] Day 25APR
2026-01-17 08:48:44 | INFO     | [DAY_START] Processing 24APR
[LF] Processing RUH-ATZ for 24APR
2026-01-17 08:48:44 | INFO     | [lf.day.start] Processing RUH-ATZ for 24APR
[LF] No direct flights on 24APR for RUH-ATZ
2026-01-17 08:48:45 | WARNING  | [lf.day.no_flights] No direct flights on 24APR
2026-01-17 08:48:46 | INFO     | [SUCCESS] Day 24APR
2026-01-17 08:48:46 | INFO     | [DAY_START] Processing 23APR
[LF] Processing RUH-ATZ for 23APR
2026-01-17 08:48:46 | INFO     | [lf.day.start] Processing RUH-ATZ for 23APR
[LF] No direct flights on 23APR for RUH-ATZ
2026-01-17 08:48:47 | WARNING  | [lf.day.no_flights] No direct flights on 23APR
2026-01-17 08:48:47 | INFO     | [SUCCESS] Day 23APR
2026-01-17 08:48:47 | INFO     | [DAY_START] Processing 22APR
[LF] Processing RUH-ATZ for 22APR
2026-01-17 08:48:47 | INFO     | [lf.day.start] Processing RUH-ATZ for 22APR
[LF] 22APR: found 1 direct flights
2026-01-17 08:48:48 | INFO     | [lf.day.flights_found] Found 1 flights on 22APR
2026-01-17 08:48:49 | INFO     | [lf.flight.extracted] SM466 on 22APR: BKG=6, LF=3.4%
[LF] SM466 22APR: BKG=6, GRP=0, CAP=175, LF%=3.4%, Brd-Off=RUH-ATZ, Classes: I:6
[LF] Getting WEEKLY/LASTSOLD data for 1 flights
[LF] SM466 22APR: LASTSOLD=2026-01-10 00:00:00, WEEKLY=1, TODAY=0, YDAY=0
2026-01-17 08:48:52 | INFO     | [SUCCESS] Day 22APR
2026-01-17 08:48:52 | INFO     | [DAY_START] Processing 21APR
[LF] Processing RUH-ATZ for 21APR
2026-01-17 08:48:52 | INFO     | [lf.day.start] Processing RUH-ATZ for 21APR
[LF] No direct flights on 21APR for RUH-ATZ
2026-01-17 08:48:53 | WARNING  | [lf.day.no_flights] No direct flights on 21APR
2026-01-17 08:48:53 | INFO     | [SUCCESS] Day 21APR
2026-01-17 08:48:53 | INFO     | [DAY_START] Processing 20APR
[LF] Processing RUH-ATZ for 20APR
2026-01-17 08:48:53 | INFO     | [lf.day.start] Processing RUH-ATZ for 20APR
[LF] No direct flights on 20APR for RUH-ATZ
2026-01-17 08:48:54 | WARNING  | [lf.day.no_flights] No direct flights on 20APR
2026-01-17 08:48:54 | INFO     | [SUCCESS] Day 20APR
2026-01-17 08:48:54 | INFO     | [DAY_START] Processing 19APR
[LF] Processing RUH-ATZ for 19APR
2026-01-17 08:48:54 | INFO     | [lf.day.start] Processing RUH-ATZ for 19APR
[LF] No direct flights on 19APR for RUH-ATZ
2026-01-17 08:48:55 | WARNING  | [lf.day.no_flights] No direct flights on 19APR
2026-01-17 08:48:55 | INFO     | [SUCCESS] Day 19APR
[LF] Results summary:
  2026-04-27: 0 flights
  2026-04-26: 0 flights
  2026-04-25: 0 flights
  2026-04-24: 0 flights
  2026-04-23: 0 flights
  2026-04-22: 1 flights
  2026-04-21: 0 flights
  2026-04-20: 0 flights
  2026-04-19: 0 flights
2026-01-17 08:48:55 | INFO     | [SUCCESS] LF Search Complete

============================================================
[Worker_9227] ✓ COMPLETED: RUH-ATZ
  Results: 9 dates
  Errors: 0 dates
  Total Processed: 2 groups
============================================================

2026-01-17 08:48:55 | INFO     | [Worker_9227] Completed: RUH-ATZ - 9 results, 0 errors

============================================================
[Worker_9227] Processing: TUU-ATZ
  Tier 0: Range 4, Chunk 1/3
  Dates: 9 days
  Date Range: 2026-04-27 to 2026-04-19
============================================================

2026-01-17 08:48:55 | INFO     | [Worker_9227] Processing: TUU-ATZ
2026-01-17 08:48:55 | INFO     |   Tier 0: Range 4, Chunk 1/3 (9 days)
2026-01-17 08:48:55 | INFO     | ======================================================================
2026-01-17 08:48:55 | INFO     | Load Factor Scraper Started - Route: TUU-ATZ
2026-01-17 08:48:55 | INFO     | Log file: D:\CODERED\LAB\Artifacts\outputs\run_generated_170126_at_08.47_RETRY\logs\LF_TUU-ATZ_20260117_084855.log
2026-01-17 08:48:55 | INFO     | Enhanced logging: Capturing both logging.info() and print()
2026-01-17 08:48:55 | INFO     | ======================================================================
[LF] Processing dates (override): ['27APR', '26APR', '25APR', '24APR', '23APR', '22APR', '21APR', '20APR', '19APR']
[LF] Attaching to Chrome for Altea access
2026-01-17 08:48:55 | INFO     | Starting LF search for route: TUU-ATZ
2026-01-17 08:48:55 | INFO     | [START] LF Search
[LF][[OK] SUCCESS] Connected to Chrome on 127.0.0.1:9227 (after 1 attempts)
2026-01-17 08:48:56 | INFO     | [HEALTH CHECK] [OK] Chrome connection is healthy
[LF][[OK] SUCCESS] Found Amadeus Altea window: Altéa Reservation Desktop
[LF][[INFO] INFO] URL: https://tc212.resdesktop.altea.amadeus.com/app_ard/apf/init/login?SITE=ESMPESMP&LANGUAGE=GB&MARKETS=ARDW_PROD_WBP&ACTION=clpLogin
2026-01-17 08:48:56 | INFO     | [DAY_START] Processing 27APR
[LF] Processing TUU-ATZ for 27APR
2026-01-17 08:48:56 | INFO     | [lf.day.start] Processing TUU-ATZ for 27APR
[LF] No direct flights on 27APR for TUU-ATZ
2026-01-17 08:48:57 | WARNING  | [lf.day.no_flights] No direct flights on 27APR
2026-01-17 08:48:57 | INFO     | [SUCCESS] Day 27APR
2026-01-17 08:48:57 | INFO     | [DAY_START] Processing 26APR
[LF] Processing TUU-ATZ for 26APR
2026-01-17 08:48:57 | INFO     | [lf.day.start] Processing TUU-ATZ for 26APR
[LF] No direct flights on 26APR for TUU-ATZ
2026-01-17 08:48:58 | WARNING  | [lf.day.no_flights] No direct flights on 26APR
2026-01-17 08:48:58 | INFO     | [SUCCESS] Day 26APR
2026-01-17 08:48:58 | INFO     | [DAY_START] Processing 25APR
[LF] Processing TUU-ATZ for 25APR
2026-01-17 08:48:58 | INFO     | [lf.day.start] Processing TUU-ATZ for 25APR
[LF] No direct flights on 25APR for TUU-ATZ
2026-01-17 08:48:59 | WARNING  | [lf.day.no_flights] No direct flights on 25APR
2026-01-17 08:48:59 | INFO     | [SUCCESS] Day 25APR
2026-01-17 08:48:59 | INFO     | [DAY_START] Processing 24APR
[LF] Processing TUU-ATZ for 24APR
2026-01-17 08:48:59 | INFO     | [lf.day.start] Processing TUU-ATZ for 24APR
[LF] No direct flights on 24APR for TUU-ATZ
2026-01-17 08:49:00 | WARNING  | [lf.day.no_flights] No direct flights on 24APR
2026-01-17 08:49:00 | INFO     | [SUCCESS] Day 24APR
2026-01-17 08:49:00 | INFO     | [DAY_START] Processing 23APR
[LF] Processing TUU-ATZ for 23APR
2026-01-17 08:49:00 | INFO     | [lf.day.start] Processing TUU-ATZ for 23APR
[LF] No direct flights on 23APR for TUU-ATZ
2026-01-17 08:49:01 | WARNING  | [lf.day.no_flights] No direct flights on 23APR
2026-01-17 08:49:01 | INFO     | [SUCCESS] Day 23APR
2026-01-17 08:49:01 | INFO     | [DAY_START] Processing 22APR
[LF] Processing TUU-ATZ for 22APR
2026-01-17 08:49:01 | INFO     | [lf.day.start] Processing TUU-ATZ for 22APR
[LF] No direct flights on 22APR for TUU-ATZ
2026-01-17 08:49:02 | WARNING  | [lf.day.no_flights] No direct flights on 22APR
2026-01-17 08:49:02 | INFO     | [SUCCESS] Day 22APR
2026-01-17 08:49:02 | INFO     | [DAY_START] Processing 21APR
[LF] Processing TUU-ATZ for 21APR
2026-01-17 08:49:02 | INFO     | [lf.day.start] Processing TUU-ATZ for 21APR
[LF] No direct flights on 21APR for TUU-ATZ
2026-01-17 08:49:03 | WARNING  | [lf.day.no_flights] No direct flights on 21APR
2026-01-17 08:49:03 | INFO     | [SUCCESS] Day 21APR
2026-01-17 08:49:03 | INFO     | [DAY_START] Processing 20APR
[LF] Processing TUU-ATZ for 20APR
2026-01-17 08:49:03 | INFO     | [lf.day.start] Processing TUU-ATZ for 20APR
[LF] No direct flights on 20APR for TUU-ATZ
2026-01-17 08:49:04 | WARNING  | [lf.day.no_flights] No direct flights on 20APR
2026-01-17 08:49:05 | INFO     | [SUCCESS] Day 20APR
2026-01-17 08:49:05 | INFO     | [DAY_START] Processing 19APR
[LF] Processing TUU-ATZ for 19APR
2026-01-17 08:49:05 | INFO     | [lf.day.start] Processing TUU-ATZ for 19APR
[LF] No direct flights on 19APR for TUU-ATZ
2026-01-17 08:49:06 | WARNING  | [lf.day.no_flights] No direct flights on 19APR
2026-01-17 08:49:06 | INFO     | [SUCCESS] Day 19APR
[LF] Results summary:
  2026-04-27: 0 flights
  2026-04-26: 0 flights
  2026-04-25: 0 flights
  2026-04-24: 0 flights
  2026-04-23: 0 flights
  2026-04-22: 0 flights
  2026-04-21: 0 flights
  2026-04-20: 0 flights
  2026-04-19: 0 flights
2026-01-17 08:49:06 | INFO     | [SUCCESS] LF Search Complete

============================================================
[Worker_9227] ✓ COMPLETED: TUU-ATZ
  Results: 9 dates
  Errors: 0 dates
  Total Processed: 3 groups
============================================================

2026-01-17 08:49:06 | INFO     | [Worker_9227] Completed: TUU-ATZ - 9 results, 0 errors

============================================================
[Worker_9227] Processing: AHB-CAI
  Tier 0: Range 4, Chunk 1/3
  Dates: 9 days
  Date Range: 2026-04-27 to 2026-04-19
============================================================

2026-01-17 08:49:06 | INFO     | [Worker_9227] Processing: AHB-CAI
2026-01-17 08:49:06 | INFO     |   Tier 0: Range 4, Chunk 1/3 (9 days)
2026-01-17 08:49:06 | INFO     | ======================================================================
2026-01-17 08:49:06 | INFO     | Load Factor Scraper Started - Route: AHB-CAI
2026-01-17 08:49:06 | INFO     | Log file: D:\CODERED\LAB\Artifacts\outputs\run_generated_170126_at_08.47_RETRY\logs\LF_AHB-CAI_20260117_084906.log
2026-01-17 08:49:06 | INFO     | Enhanced logging: Capturing both logging.info() and print()
2026-01-17 08:49:06 | INFO     | ======================================================================
[LF] Processing dates (override): ['27APR', '26APR', '25APR', '24APR', '23APR', '22APR', '21APR', '20APR', '19APR']
[LF] Attaching to Chrome for Altea access
2026-01-17 08:49:06 | INFO     | Starting LF search for route: AHB-CAI
2026-01-17 08:49:06 | INFO     | [START] LF Search
[LF][[OK] SUCCESS] Connected to Chrome on 127.0.0.1:9227 (after 1 attempts)
2026-01-17 08:49:07 | INFO     | [HEALTH CHECK] [OK] Chrome connection is healthy
[LF][[OK] SUCCESS] Found Amadeus Altea window: Altéa Reservation Desktop
[LF][[INFO] INFO] URL: https://tc212.resdesktop.altea.amadeus.com/app_ard/apf/init/login?SITE=ESMPESMP&LANGUAGE=GB&MARKETS=ARDW_PROD_WBP&ACTION=clpLogin
2026-01-17 08:49:07 | INFO     | [DAY_START] Processing 27APR
[LF] Processing AHB-CAI for 27APR
2026-01-17 08:49:07 | INFO     | [lf.day.start] Processing AHB-CAI for 27APR
[LF] 27APR: found 1 direct flights
2026-01-17 08:49:09 | INFO     | [lf.day.flights_found] Found 1 flights on 27APR
2026-01-17 08:49:11 | INFO     | [lf.flight.extracted] SM444 on 27APR: BKG=1, LF=0.6%
[LF] SM444 27APR: BKG=1, GRP=0, CAP=175, LF%=0.6%, Brd-Off=AHB-CAI, Classes: I:1
[LF] Getting WEEKLY/LASTSOLD data for 1 flights
[LF] SM444 27APR: LASTSOLD=2025-12-26 00:00:00, WEEKLY=0, TODAY=0, YDAY=0
2026-01-17 08:49:14 | INFO     | [SUCCESS] Day 27APR
2026-01-17 08:49:14 | INFO     | [DAY_START] Processing 26APR
[LF] Processing AHB-CAI for 26APR
2026-01-17 08:49:14 | INFO     | [lf.day.start] Processing AHB-CAI for 26APR
[LF] No direct flights on 26APR for AHB-CAI
2026-01-17 08:49:16 | WARNING  | [lf.day.no_flights] No direct flights on 26APR
2026-01-17 08:49:16 | INFO     | [SUCCESS] Day 26APR
2026-01-17 08:49:16 | INFO     | [DAY_START] Processing 25APR
[LF] Processing AHB-CAI for 25APR
2026-01-17 08:49:16 | INFO     | [lf.day.start] Processing AHB-CAI for 25APR
[LF] 25APR: found 1 direct flights
2026-01-17 08:49:17 | INFO     | [lf.day.flights_found] Found 1 flights on 25APR
2026-01-17 08:49:19 | INFO     | [lf.flight.extracted] SM444 on 25APR: BKG=2, LF=1.1%
[LF] SM444 25APR: BKG=2, GRP=0, CAP=175, LF%=1.1%, Brd-Off=AHB-CAI, Classes: I:2
[LF] Getting WEEKLY/LASTSOLD data for 1 flights
[LF] SM444 25APR: LASTSOLD=2026-01-13 00:00:00, WEEKLY=1, TODAY=0, YDAY=0
2026-01-17 08:49:22 | INFO     | [SUCCESS] Day 25APR
2026-01-17 08:49:22 | INFO     | [DAY_START] Processing 24APR
[LF] Processing AHB-CAI for 24APR
2026-01-17 08:49:22 | INFO     | [lf.day.start] Processing AHB-CAI for 24APR
[LF] No direct flights on 24APR for AHB-CAI
2026-01-17 08:49:23 | WARNING  | [lf.day.no_flights] No direct flights on 24APR
2026-01-17 08:49:23 | INFO     | [SUCCESS] Day 24APR
2026-01-17 08:49:23 | INFO     | [DAY_START] Processing 23APR
[LF] Processing AHB-CAI for 23APR
2026-01-17 08:49:23 | INFO     | [lf.day.start] Processing AHB-CAI for 23APR
[LF] 23APR: found 1 direct flights
2026-01-17 08:49:24 | INFO     | [lf.day.flights_found] Found 1 flights on 23APR
2026-01-17 08:49:26 | INFO     | [lf.flight.extracted] SM444 on 23APR: BKG=2, LF=1.1%
[LF] SM444 23APR: BKG=2, GRP=0, CAP=175, LF%=1.1%, Brd-Off=AHB-CAI, Classes: I:1, X:1
[LF] Getting WEEKLY/LASTSOLD data for 1 flights
[LF] SM444 23APR: LASTSOLD=2025-11-17 00:00:00, WEEKLY=0, TODAY=0, YDAY=0
2026-01-17 08:49:29 | INFO     | [SUCCESS] Day 23APR
2026-01-17 08:49:29 | INFO     | [DAY_START] Processing 22APR
[LF] Processing AHB-CAI for 22APR
2026-01-17 08:49:29 | INFO     | [lf.day.start] Processing AHB-CAI for 22APR
[LF] 22APR: found 1 direct flights
2026-01-17 08:49:30 | INFO     | [lf.day.flights_found] Found 1 flights on 22APR
2026-01-17 08:49:32 | INFO     | [lf.flight.extracted] SM444 on 22APR: BKG=0, LF=0.0%
[LF] SM444 22APR: BKG=0, GRP=0, CAP=167, LF%=0.0%, Brd-Off=AHB-CAI
2026-01-17 08:49:33 | INFO     | [SUCCESS] Day 22APR
2026-01-17 08:49:33 | INFO     | [DAY_START] Processing 21APR
[LF] Processing AHB-CAI for 21APR
2026-01-17 08:49:33 | INFO     | [lf.day.start] Processing AHB-CAI for 21APR
[LF] No direct flights on 21APR for AHB-CAI
2026-01-17 08:49:34 | WARNING  | [lf.day.no_flights] No direct flights on 21APR
2026-01-17 08:49:34 | INFO     | [SUCCESS] Day 21APR
2026-01-17 08:49:34 | INFO     | [DAY_START] Processing 20APR
[LF] Processing AHB-CAI for 20APR
2026-01-17 08:49:34 | INFO     | [lf.day.start] Processing AHB-CAI for 20APR
[LF] 20APR: found 1 direct flights
2026-01-17 08:49:35 | INFO     | [lf.day.flights_found] Found 1 flights on 20APR
2026-01-17 08:49:37 | INFO     | [lf.flight.extracted] SM444 on 20APR: BKG=0, LF=0.0%
[LF] SM444 20APR: BKG=0, GRP=0, CAP=175, LF%=0.0%, Brd-Off=AHB-CAI
2026-01-17 08:49:38 | INFO     | [SUCCESS] Day 20APR
2026-01-17 08:49:38 | INFO     | [DAY_START] Processing 19APR
[LF] Processing AHB-CAI for 19APR
2026-01-17 08:49:38 | INFO     | [lf.day.start] Processing AHB-CAI for 19APR
[LF] No direct flights on 19APR for AHB-CAI
2026-01-17 08:49:39 | WARNING  | [lf.day.no_flights] No direct flights on 19APR
2026-01-17 08:49:39 | INFO     | [SUCCESS] Day 19APR
[LF] Results summary:
  2026-04-27: 1 flights
  2026-04-26: 0 flights
  2026-04-25: 1 flights
  2026-04-24: 0 flights
  2026-04-23: 1 flights
  2026-04-22: 1 flights
  2026-04-21: 0 flights
  2026-04-20: 1 flights
  2026-04-19: 0 flights
2026-01-17 08:49:39 | INFO     | [SUCCESS] LF Search Complete

============================================================
[Worker_9227] ✓ COMPLETED: AHB-CAI
  Results: 9 dates
  Errors: 0 dates
  Total Processed: 4 groups
============================================================

2026-01-17 08:49:39 | INFO     | [Worker_9227] Completed: AHB-CAI - 9 results, 0 errors

============================================================
[Worker_9227] Processing: ATZ-JED
  Tier 0: Range 4, Chunk 1/3
  Dates: 9 days
  Date Range: 2026-04-27 to 2026-04-19
============================================================

2026-01-17 08:49:39 | INFO     | [Worker_9227] Processing: ATZ-JED
2026-01-17 08:49:39 | INFO     |   Tier 0: Range 4, Chunk 1/3 (9 days)
2026-01-17 08:49:39 | INFO     | ======================================================================
2026-01-17 08:49:39 | INFO     | Load Factor Scraper Started - Route: ATZ-JED
2026-01-17 08:49:39 | INFO     | Log file: D:\CODERED\LAB\Artifacts\outputs\run_generated_170126_at_08.47_RETRY\logs\LF_ATZ-JED_20260117_084939.log
2026-01-17 08:49:39 | INFO     | Enhanced logging: Capturing both logging.info() and print()
2026-01-17 08:49:39 | INFO     | ======================================================================
[LF] Processing dates (override): ['27APR', '26APR', '25APR', '24APR', '23APR', '22APR', '21APR', '20APR', '19APR']
[LF] Attaching to Chrome for Altea access
2026-01-17 08:49:39 | INFO     | Starting LF search for route: ATZ-JED
2026-01-17 08:49:39 | INFO     | [START] LF Search
[LF][[OK] SUCCESS] Connected to Chrome on 127.0.0.1:9227 (after 1 attempts)
2026-01-17 08:49:40 | INFO     | [HEALTH CHECK] [OK] Chrome connection is healthy
[LF][[OK] SUCCESS] Found Amadeus Altea window: Altéa Reservation Desktop
[LF][[INFO] INFO] URL: https://tc212.resdesktop.altea.amadeus.com/app_ard/apf/init/login?SITE=ESMPESMP&LANGUAGE=GB&MARKETS=ARDW_PROD_WBP&ACTION=clpLogin
2026-01-17 08:49:40 | INFO     | [DAY_START] Processing 27APR
[LF] Processing ATZ-JED for 27APR
2026-01-17 08:49:40 | INFO     | [lf.day.start] Processing ATZ-JED for 27APR
[LF] 27APR: found 1 direct flights
2026-01-17 08:49:41 | INFO     | [lf.day.flights_found] Found 1 flights on 27APR
2026-01-17 08:49:43 | INFO     | [lf.flight.extracted] SM455 on 27APR: BKG=0, LF=0.0%
[LF] SM455 27APR: BKG=0, GRP=0, CAP=179, LF%=0.0%, Brd-Off=ATZ-JED
2026-01-17 08:49:44 | INFO     | [SUCCESS] Day 27APR
2026-01-17 08:49:44 | INFO     | [DAY_START] Processing 26APR
[LF] Processing ATZ-JED for 26APR
2026-01-17 08:49:44 | INFO     | [lf.day.start] Processing ATZ-JED for 26APR
[LF] 26APR: found 1 direct flights
2026-01-17 08:49:45 | INFO     | [lf.day.flights_found] Found 1 flights on 26APR
2026-01-17 08:49:49 | INFO     | [lf.flight.extracted] SM455 on 26APR: BKG=1, LF=0.6%
[LF] SM455 26APR: BKG=1, GRP=0, CAP=179, LF%=0.6%, Brd-Off=ATZ-JED, Classes: I:1
[LF] Getting WEEKLY/LASTSOLD data for 1 flights
[LF] SM455 26APR: LASTSOLD=2026-01-08 00:00:00, WEEKLY=0, TODAY=0, YDAY=0
2026-01-17 08:49:52 | INFO     | [SUCCESS] Day 26APR
2026-01-17 08:49:52 | INFO     | [DAY_START] Processing 25APR
[LF] Processing ATZ-JED for 25APR
2026-01-17 08:49:52 | INFO     | [lf.day.start] Processing ATZ-JED for 25APR
[LF] 25APR: found 1 direct flights
2026-01-17 08:50:01 | INFO     | [lf.day.flights_found] Found 1 flights on 25APR
2026-01-17 08:50:03 | INFO     | [lf.flight.extracted] SM455 on 25APR: BKG=4, LF=2.2%
[LF] SM455 25APR: BKG=4, GRP=0, CAP=179, LF%=2.2%, Brd-Off=ATZ-JED, Classes: I:3, T:1
[LF] Getting WEEKLY/LASTSOLD data for 1 flights
[LF] SM455 25APR: LASTSOLD=2026-01-14 00:00:00, WEEKLY=2, TODAY=0, YDAY=0
2026-01-17 08:50:05 | INFO     | [SUCCESS] Day 25APR
2026-01-17 08:50:05 | INFO     | [DAY_START] Processing 24APR
[LF] Processing ATZ-JED for 24APR
2026-01-17 08:50:05 | INFO     | [lf.day.start] Processing ATZ-JED for 24APR
[LF] 24APR: found 1 direct flights
2026-01-17 08:50:07 | INFO     | [lf.day.flights_found] Found 1 flights on 24APR
2026-01-17 08:50:10 | INFO     | [lf.flight.extracted] SM455 on 24APR: BKG=5, LF=2.8%
[LF] SM455 24APR: BKG=5, GRP=0, CAP=179, LF%=2.8%, Brd-Off=ATZ-JED, Classes: I:4, W:1
[LF] Getting WEEKLY/LASTSOLD data for 1 flights
[LF] SM455 24APR: LASTSOLD=2026-01-13 00:00:00, WEEKLY=1, TODAY=0, YDAY=0
2026-01-17 08:50:12 | INFO     | [SUCCESS] Day 24APR
2026-01-17 08:50:12 | INFO     | [DAY_START] Processing 23APR
[LF] Processing ATZ-JED for 23APR
2026-01-17 08:50:12 | INFO     | [lf.day.start] Processing ATZ-JED for 23APR
[LF] 23APR: found 1 direct flights
2026-01-17 08:50:13 | INFO     | [lf.day.flights_found] Found 1 flights on 23APR
2026-01-17 08:50:15 | INFO     | [lf.flight.extracted] SM455 on 23APR: BKG=0, LF=0.0%
[LF] SM455 23APR: BKG=0, GRP=0, CAP=179, LF%=0.0%, Brd-Off=ATZ-JED
2026-01-17 08:50:16 | INFO     | [SUCCESS] Day 23APR
2026-01-17 08:50:16 | INFO     | [DAY_START] Processing 22APR
[LF] Processing ATZ-JED for 22APR
2026-01-17 08:50:16 | INFO     | [lf.day.start] Processing ATZ-JED for 22APR
[LF] 22APR: found 1 direct flights
2026-01-17 08:50:17 | INFO     | [lf.day.flights_found] Found 1 flights on 22APR
2026-01-17 08:50:19 | INFO     | [lf.flight.extracted] SM455 on 22APR: BKG=2, LF=1.1%
[LF] SM455 22APR: BKG=2, GRP=0, CAP=179, LF%=1.1%, Brd-Off=ATZ-JED, Classes: I:2
[LPC] SM455 22APR: Found 1 outbound flights with connecting passengers
[LF] Getting WEEKLY/LASTSOLD data for 1 flights
[LF] SM455 22APR: LASTSOLD=2025-12-07 00:00:00, WEEKLY=0, TODAY=0, YDAY=0
2026-01-17 08:50:22 | INFO     | [SUCCESS] Day 22APR
2026-01-17 08:50:22 | INFO     | [DAY_START] Processing 21APR
[LF] Processing ATZ-JED for 21APR
2026-01-17 08:50:22 | INFO     | [lf.day.start] Processing ATZ-JED for 21APR
[LF] 21APR: found 1 direct flights
2026-01-17 08:50:23 | INFO     | [lf.day.flights_found] Found 1 flights on 21APR
2026-01-17 08:50:25 | INFO     | [lf.flight.extracted] SM455 on 21APR: BKG=4, LF=2.2%
[LF] SM455 21APR: BKG=4, GRP=0, CAP=179, LF%=2.2%, Brd-Off=ATZ-JED, Classes: I:3, W:1
[LF] Getting WEEKLY/LASTSOLD data for 1 flights
[LF] SM455 21APR: LASTSOLD=2026-01-11 00:00:00, WEEKLY=2, TODAY=0, YDAY=0
2026-01-17 08:50:27 | INFO     | [SUCCESS] Day 21APR
2026-01-17 08:50:27 | INFO     | [DAY_START] Processing 20APR
[LF] Processing ATZ-JED for 20APR
2026-01-17 08:50:27 | INFO     | [lf.day.start] Processing ATZ-JED for 20APR
[LF] 20APR: found 1 direct flights
2026-01-17 08:50:28 | INFO     | [lf.day.flights_found] Found 1 flights on 20APR
2026-01-17 08:50:30 | INFO     | [lf.flight.extracted] SM455 on 20APR: BKG=3, LF=1.7%
[LF] SM455 20APR: BKG=3, GRP=0, CAP=179, LF%=1.7%, Brd-Off=ATZ-JED, Classes: I:3
[LF] Getting WEEKLY/LASTSOLD data for 1 flights
[LF] SM455 20APR: LASTSOLD=2026-01-14 00:00:00, WEEKLY=3, TODAY=0, YDAY=0
2026-01-17 08:50:32 | INFO     | [SUCCESS] Day 20APR
2026-01-17 08:50:32 | INFO     | [DAY_START] Processing 19APR
[LF] Processing ATZ-JED for 19APR
2026-01-17 08:50:32 | INFO     | [lf.day.start] Processing ATZ-JED for 19APR
[LF] 19APR: found 1 direct flights
2026-01-17 08:50:33 | INFO     | [lf.day.flights_found] Found 1 flights on 19APR
2026-01-17 08:50:35 | INFO     | [lf.flight.extracted] SM455 on 19APR: BKG=6, LF=3.4%
[LF] SM455 19APR: BKG=6, GRP=0, CAP=179, LF%=3.4%, Brd-Off=ATZ-JED, Classes: I:6
[LF] Getting WEEKLY/LASTSOLD data for 1 flights
[LF] SM455 19APR: LASTSOLD=2026-01-15 00:00:00, WEEKLY=2, TODAY=0, YDAY=0
2026-01-17 08:50:38 | INFO     | [SUCCESS] Day 19APR
[LF] Results summary:
  2026-04-27: 1 flights
  2026-04-26: 1 flights
  2026-04-25: 1 flights
  2026-04-24: 1 flights
  2026-04-23: 1 flights
  2026-04-22: 1 flights
  2026-04-21: 1 flights
  2026-04-20: 1 flights
  2026-04-19: 1 flights
2026-01-17 08:50:38 | INFO     | [SUCCESS] LF Search Complete

============================================================
[Worker_9227] ✓ COMPLETED: ATZ-JED
  Results: 9 dates
  Errors: 0 dates
  Total Processed: 5 groups
============================================================

2026-01-17 08:50:38 | INFO     | [Worker_9227] Completed: ATZ-JED - 9 results, 0 errors

============================================================
[Worker_9227] Processing: MED-CAI
  Tier 0: Range 4, Chunk 2/3
  Dates: 9 days
  Date Range: 2026-04-18 to 2026-04-10
============================================================

2026-01-17 08:50:38 | INFO     | [Worker_9227] Processing: MED-CAI
2026-01-17 08:50:38 | INFO     |   Tier 0: Range 4, Chunk 2/3 (9 days)
2026-01-17 08:50:38 | INFO     | ======================================================================
2026-01-17 08:50:38 | INFO     | Load Factor Scraper Started - Route: MED-CAI
2026-01-17 08:50:38 | INFO     | Log file: D:\CODERED\LAB\Artifacts\outputs\run_generated_170126_at_08.47_RETRY\logs\LF_MED-CAI_20260117_085038.log
2026-01-17 08:50:38 | INFO     | Enhanced logging: Capturing both logging.info() and print()
2026-01-17 08:50:38 | INFO     | ======================================================================
[LF] Processing dates (override): ['18APR', '17APR', '16APR', '15APR', '14APR', '13APR', '12APR', '11APR', '10APR']
[LF] Attaching to Chrome for Altea access
2026-01-17 08:50:38 | INFO     | Starting LF search for route: MED-CAI
2026-01-17 08:50:38 | INFO     | [START] LF Search
[LF][[OK] SUCCESS] Connected to Chrome on 127.0.0.1:9227 (after 1 attempts)
2026-01-17 08:50:38 | INFO     | [HEALTH CHECK] [OK] Chrome connection is healthy
[LF][[OK] SUCCESS] Found Amadeus Altea window: Altéa Reservation Desktop
[LF][[INFO] INFO] URL: https://tc212.resdesktop.altea.amadeus.com/app_ard/apf/init/login?SITE=ESMPESMP&LANGUAGE=GB&MARKETS=ARDW_PROD_WBP&ACTION=clpLogin
2026-01-17 08:50:39 | INFO     | [DAY_START] Processing 18APR
[LF] Processing MED-CAI for 18APR
2026-01-17 08:50:39 | INFO     | [lf.day.start] Processing MED-CAI for 18APR
[LF] No direct flights on 18APR for MED-CAI
2026-01-17 08:50:39 | WARNING  | [lf.day.no_flights] No direct flights on 18APR
2026-01-17 08:50:40 | INFO     | [SUCCESS] Day 18APR
2026-01-17 08:50:40 | INFO     | [DAY_START] Processing 17APR
[LF] Processing MED-CAI for 17APR
2026-01-17 08:50:40 | INFO     | [lf.day.start] Processing MED-CAI for 17APR
[LF] No direct flights on 17APR for MED-CAI
2026-01-17 08:50:41 | WARNING  | [lf.day.no_flights] No direct flights on 17APR
2026-01-17 08:50:41 | INFO     | [SUCCESS] Day 17APR
2026-01-17 08:50:41 | INFO     | [DAY_START] Processing 16APR
[LF] Processing MED-CAI for 16APR
2026-01-17 08:50:41 | INFO     | [lf.day.start] Processing MED-CAI for 16APR
[LF] 16APR: found 1 direct flights
2026-01-17 08:50:42 | INFO     | [lf.day.flights_found] Found 1 flights on 16APR
2026-01-17 08:50:44 | INFO     | [lf.flight.extracted] SM494 on 16APR: BKG=0, LF=0.0%
[LF] SM494 16APR: BKG=0, GRP=0, CAP=175, LF%=0.0%, Brd-Off=MED-CAI
2026-01-17 08:50:45 | INFO     | [SUCCESS] Day 16APR
2026-01-17 08:50:45 | INFO     | [DAY_START] Processing 15APR
[LF] Processing MED-CAI for 15APR
2026-01-17 08:50:45 | INFO     | [lf.day.start] Processing MED-CAI for 15APR
[LF] 15APR: found 1 direct flights
2026-01-17 08:50:46 | INFO     | [lf.day.flights_found] Found 1 flights on 15APR
2026-01-17 08:50:48 | INFO     | [lf.flight.extracted] SM494 on 15APR: BKG=5, LF=2.9%
[LF] SM494 15APR: BKG=5, GRP=0, CAP=175, LF%=2.9%, Brd-Off=MED-CAI, Classes: I:5
[LF] Getting WEEKLY/LASTSOLD data for 1 flights
[LF] SM494 15APR: LASTSOLD=2026-01-15 00:00:00, WEEKLY=1, TODAY=0, YDAY=0
2026-01-17 08:50:51 | INFO     | [SUCCESS] Day 15APR
2026-01-17 08:50:51 | INFO     | [DAY_START] Processing 14APR
[LF] Processing MED-CAI for 14APR
2026-01-17 08:50:51 | INFO     | [lf.day.start] Processing MED-CAI for 14APR
[LF] 14APR: found 1 direct flights
2026-01-17 08:50:51 | INFO     | [lf.day.flights_found] Found 1 flights on 14APR
2026-01-17 08:50:53 | INFO     | [lf.flight.extracted] SM494 on 14APR: BKG=2, LF=1.1%
[LF] SM494 14APR: BKG=2, GRP=0, CAP=175, LF%=1.1%, Brd-Off=MED-CAI, Classes: I:2
[LF] Getting WEEKLY/LASTSOLD data for 1 flights
[LF] SM494 14APR: LASTSOLD=2026-01-14 00:00:00, WEEKLY=2, TODAY=0, YDAY=0
2026-01-17 08:50:56 | INFO     | [SUCCESS] Day 14APR
2026-01-17 08:50:56 | INFO     | [DAY_START] Processing 13APR
[LF] Processing MED-CAI for 13APR
2026-01-17 08:50:56 | INFO     | [lf.day.start] Processing MED-CAI for 13APR
[LF] 13APR: found 1 direct flights
2026-01-17 08:51:01 | INFO     | [lf.day.flights_found] Found 1 flights on 13APR
2026-01-17 08:51:06 | INFO     | [lf.flight.extracted] SM494 on 13APR: BKG=1, LF=0.6%
[LF] SM494 13APR: BKG=1, GRP=0, CAP=175, LF%=0.6%, Brd-Off=MED-CAI, Classes: I:1
[LF] Getting WEEKLY/LASTSOLD data for 1 flights
[LF] SM494 13APR: LASTSOLD=2026-01-07 00:00:00, WEEKLY=0, TODAY=0, YDAY=0
2026-01-17 08:51:09 | INFO     | [SUCCESS] Day 13APR
2026-01-17 08:51:09 | INFO     | [DAY_START] Processing 12APR
[LF] Processing MED-CAI for 12APR
2026-01-17 08:51:09 | INFO     | [lf.day.start] Processing MED-CAI for 12APR
[LF] No direct flights on 12APR for MED-CAI
2026-01-17 08:51:10 | WARNING  | [lf.day.no_flights] No direct flights on 12APR
2026-01-17 08:51:10 | INFO     | [SUCCESS] Day 12APR
2026-01-17 08:51:10 | INFO     | [DAY_START] Processing 11APR
[LF] Processing MED-CAI for 11APR
2026-01-17 08:51:10 | INFO     | [lf.day.start] Processing MED-CAI for 11APR
[LF] No direct flights on 11APR for MED-CAI
2026-01-17 08:51:11 | WARNING  | [lf.day.no_flights] No direct flights on 11APR
2026-01-17 08:51:11 | INFO     | [SUCCESS] Day 11APR
2026-01-17 08:51:11 | INFO     | [DAY_START] Processing 10APR
[LF] Processing MED-CAI for 10APR
2026-01-17 08:51:11 | INFO     | [lf.day.start] Processing MED-CAI for 10APR
[LF] No direct flights on 10APR for MED-CAI
2026-01-17 08:51:12 | WARNING  | [lf.day.no_flights] No direct flights on 10APR
2026-01-17 08:51:12 | INFO     | [SUCCESS] Day 10APR
[LF] Results summary:
  2026-04-18: 0 flights
  2026-04-17: 0 flights
  2026-04-16: 1 flights
  2026-04-15: 1 flights
  2026-04-14: 1 flights
  2026-04-13: 1 flights
  2026-04-12: 0 flights
  2026-04-11: 0 flights
  2026-04-10: 0 flights
2026-01-17 08:51:12 | INFO     | [SUCCESS] LF Search Complete

============================================================
[Worker_9227] ✓ COMPLETED: MED-CAI
  Results: 9 dates
  Errors: 0 dates
  Total Processed: 6 groups
============================================================

2026-01-17 08:51:12 | INFO     | [Worker_9227] Completed: MED-CAI - 9 results, 0 errors

============================================================
[Worker_9227] Processing: DMM-CAI
  Tier 0: Range 4, Chunk 2/3
  Dates: 9 days
  Date Range: 2026-04-18 to 2026-04-10
============================================================

2026-01-17 08:51:12 | INFO     | [Worker_9227] Processing: DMM-CAI
2026-01-17 08:51:12 | INFO     |   Tier 0: Range 4, Chunk 2/3 (9 days)
2026-01-17 08:51:12 | INFO     | ======================================================================
2026-01-17 08:51:12 | INFO     | Load Factor Scraper Started - Route: DMM-CAI
2026-01-17 08:51:12 | INFO     | Log file: D:\CODERED\LAB\Artifacts\outputs\run_generated_170126_at_08.47_RETRY\logs\LF_DMM-CAI_20260117_085112.log
2026-01-17 08:51:12 | INFO     | Enhanced logging: Capturing both logging.info() and print()
2026-01-17 08:51:12 | INFO     | ======================================================================
[LF] Processing dates (override): ['18APR', '17APR', '16APR', '15APR', '14APR', '13APR', '12APR', '11APR', '10APR']
[LF] Attaching to Chrome for Altea access
2026-01-17 08:51:12 | INFO     | Starting LF search for route: DMM-CAI
2026-01-17 08:51:12 | INFO     | [START] LF Search
[LF][[OK] SUCCESS] Connected to Chrome on 127.0.0.1:9227 (after 1 attempts)
2026-01-17 08:51:13 | INFO     | [HEALTH CHECK] [OK] Chrome connection is healthy
[LF][[OK] SUCCESS] Found Amadeus Altea window: Altéa Reservation Desktop
[LF][[INFO] INFO] URL: https://tc212.resdesktop.altea.amadeus.com/app_ard/apf/init/login?SITE=ESMPESMP&LANGUAGE=GB&MARKETS=ARDW_PROD_WBP&ACTION=clpLogin
2026-01-17 08:51:13 | INFO     | [DAY_START] Processing 18APR
[LF] Processing DMM-CAI for 18APR
2026-01-17 08:51:13 | INFO     | [lf.day.start] Processing DMM-CAI for 18APR
[LF] No direct flights on 18APR for DMM-CAI
2026-01-17 08:51:14 | WARNING  | [lf.day.no_flights] No direct flights on 18APR
2026-01-17 08:51:14 | INFO     | [SUCCESS] Day 18APR
2026-01-17 08:51:14 | INFO     | [DAY_START] Processing 17APR
[LF] Processing DMM-CAI for 17APR
2026-01-17 08:51:14 | INFO     | [lf.day.start] Processing DMM-CAI for 17APR
[LF] 17APR: found 2 direct flights
2026-01-17 08:51:15 | INFO     | [lf.day.flights_found] Found 2 flights on 17APR
2026-01-17 08:51:17 | INFO     | [lf.flight.extracted] SM434 on 17APR: BKG=0, LF=0.0%
[LF] SM434 17APR: BKG=0, GRP=0, CAP=168, LF%=0.0%, Brd-Off=DMM-CAI
2026-01-17 08:51:20 | INFO     | [lf.flight.extracted] SM440 on 17APR: BKG=0, LF=0.0%
[LF] SM440 17APR: BKG=0, GRP=0, CAP=175, LF%=0.0%, Brd-Off=DMM-CAI
2026-01-17 08:51:21 | INFO     | [SUCCESS] Day 17APR
2026-01-17 08:51:21 | INFO     | [DAY_START] Processing 16APR
[LF] Processing DMM-CAI for 16APR
2026-01-17 08:51:21 | INFO     | [lf.day.start] Processing DMM-CAI for 16APR
[LF] No direct flights on 16APR for DMM-CAI
2026-01-17 08:51:22 | WARNING  | [lf.day.no_flights] No direct flights on 16APR
2026-01-17 08:51:22 | INFO     | [SUCCESS] Day 16APR
2026-01-17 08:51:22 | INFO     | [DAY_START] Processing 15APR
[LF] Processing DMM-CAI for 15APR
2026-01-17 08:51:22 | INFO     | [lf.day.start] Processing DMM-CAI for 15APR
[LF] 15APR: found 1 direct flights
2026-01-17 08:51:23 | INFO     | [lf.day.flights_found] Found 1 flights on 15APR
2026-01-17 08:51:25 | INFO     | [lf.flight.extracted] SM434 on 15APR: BKG=7, LF=4.0%
[LF] SM434 15APR: BKG=7, GRP=0, CAP=175, LF%=4.0%, Brd-Off=DMM-CAI, Classes: I:7
[LF] Getting WEEKLY/LASTSOLD data for 1 flights
[LF] SM434 15APR: LASTSOLD=2026-01-16 00:00:00, WEEKLY=3, TODAY=0, YDAY=3
2026-01-17 08:51:28 | INFO     | [SUCCESS] Day 15APR
2026-01-17 08:51:28 | INFO     | [DAY_START] Processing 14APR
[LF] Processing DMM-CAI for 14APR
2026-01-17 08:51:28 | INFO     | [lf.day.start] Processing DMM-CAI for 14APR
[LF] 14APR: found 1 direct flights
2026-01-17 08:51:28 | INFO     | [lf.day.flights_found] Found 1 flights on 14APR
2026-01-17 08:51:30 | INFO     | [lf.flight.extracted] SM434 on 14APR: BKG=0, LF=0.0%
[LF] SM434 14APR: BKG=0, GRP=0, CAP=168, LF%=0.0%, Brd-Off=DMM-CAI
2026-01-17 08:51:32 | INFO     | [SUCCESS] Day 14APR
2026-01-17 08:51:32 | INFO     | [DAY_START] Processing 13APR
[LF] Processing DMM-CAI for 13APR
2026-01-17 08:51:32 | INFO     | [lf.day.start] Processing DMM-CAI for 13APR
[LF] 13APR: found 2 direct flights
2026-01-17 08:51:32 | INFO     | [lf.day.flights_found] Found 2 flights on 13APR
2026-01-17 08:51:34 | INFO     | [lf.flight.extracted] SM440 on 13APR: BKG=0, LF=0.0%
[LF] SM440 13APR: BKG=0, GRP=0, CAP=175, LF%=0.0%, Brd-Off=DMM-CAI
2026-01-17 08:51:37 | INFO     | [lf.flight.extracted] SM434 on 13APR: BKG=1, LF=0.6%
[LF] SM434 13APR: BKG=1, GRP=0, CAP=175, LF%=0.6%, Brd-Off=DMM-CAI, Classes: I:1
[LF] Getting WEEKLY/LASTSOLD data for 1 flights
[LF] SM434 13APR: LASTSOLD=2026-01-13 00:00:00, WEEKLY=1, TODAY=0, YDAY=0
2026-01-17 08:51:40 | INFO     | [SUCCESS] Day 13APR
2026-01-17 08:51:40 | INFO     | [DAY_START] Processing 12APR
[LF] Processing DMM-CAI for 12APR
2026-01-17 08:51:40 | INFO     | [lf.day.start] Processing DMM-CAI for 12APR
[LF] 12APR: found 1 direct flights
2026-01-17 08:51:41 | INFO     | [lf.day.flights_found] Found 1 flights on 12APR
2026-01-17 08:51:43 | INFO     | [lf.flight.extracted] SM434 on 12APR: BKG=0, LF=0.0%
[LF] SM434 12APR: BKG=0, GRP=0, CAP=175, LF%=0.0%, Brd-Off=DMM-CAI
2026-01-17 08:51:44 | INFO     | [SUCCESS] Day 12APR
2026-01-17 08:51:44 | INFO     | [DAY_START] Processing 11APR
[LF] Processing DMM-CAI for 11APR
2026-01-17 08:51:44 | INFO     | [lf.day.start] Processing DMM-CAI for 11APR
[LF] No direct flights on 11APR for DMM-CAI
2026-01-17 08:51:45 | WARNING  | [lf.day.no_flights] No direct flights on 11APR
2026-01-17 08:51:45 | INFO     | [SUCCESS] Day 11APR
2026-01-17 08:51:45 | INFO     | [DAY_START] Processing 10APR
[LF] Processing DMM-CAI for 10APR
2026-01-17 08:51:45 | INFO     | [lf.day.start] Processing DMM-CAI for 10APR
[LF] 10APR: found 2 direct flights
2026-01-17 08:51:46 | INFO     | [lf.day.flights_found] Found 2 flights on 10APR
2026-01-17 08:51:48 | INFO     | [lf.flight.extracted] SM434 on 10APR: BKG=4, LF=2.3%
[LF] SM434 10APR: BKG=4, GRP=0, CAP=175, LF%=2.3%, Brd-Off=DMM-CAI, Classes: I:4
2026-01-17 08:51:51 | INFO     | [lf.flight.extracted] SM440 on 10APR: BKG=8, LF=4.6%
[LF] SM440 10APR: BKG=8, GRP=0, CAP=175, LF%=4.6%, Brd-Off=DMM-CAI, Classes: I:7, O:1
[LF] Getting WEEKLY/LASTSOLD data for 2 flights
[LF] SM434 10APR: LASTSOLD=2026-01-16 00:00:00, WEEKLY=1, TODAY=0, YDAY=1
[LF] SM440 10APR: LASTSOLD=2026-01-15 00:00:00, WEEKLY=1, TODAY=0, YDAY=0
2026-01-17 08:51:55 | INFO     | [SUCCESS] Day 10APR
[LF] Results summary:
  2026-04-18: 0 flights
  2026-04-17: 2 flights
  2026-04-16: 0 flights
  2026-04-15: 1 flights
  2026-04-14: 1 flights
  2026-04-13: 2 flights
  2026-04-12: 1 flights
  2026-04-11: 0 flights
  2026-04-10: 2 flights
2026-01-17 08:51:55 | INFO     | [SUCCESS] LF Search Complete

============================================================
[Worker_9227] ✓ COMPLETED: DMM-CAI
  Results: 9 dates
  Errors: 0 dates
  Total Processed: 7 groups
============================================================

2026-01-17 08:51:55 | INFO     | [Worker_9227] Completed: DMM-CAI - 9 results, 0 errors

============================================================
[Worker_9227] Processing: CAI-MED
  Tier 0: Range 4, Chunk 2/3
  Dates: 9 days
  Date Range: 2026-04-18 to 2026-04-10
============================================================

2026-01-17 08:51:55 | INFO     | [Worker_9227] Processing: CAI-MED
2026-01-17 08:51:55 | INFO     |   Tier 0: Range 4, Chunk 2/3 (9 days)
2026-01-17 08:51:55 | INFO     | ======================================================================
2026-01-17 08:51:55 | INFO     | Load Factor Scraper Started - Route: CAI-MED
2026-01-17 08:51:55 | INFO     | Log file: D:\CODERED\LAB\Artifacts\outputs\run_generated_170126_at_08.47_RETRY\logs\LF_CAI-MED_20260117_085155.log
2026-01-17 08:51:55 | INFO     | Enhanced logging: Capturing both logging.info() and print()
2026-01-17 08:51:55 | INFO     | ======================================================================
[LF] Processing dates (override): ['18APR', '17APR', '16APR', '15APR', '14APR', '13APR', '12APR', '11APR', '10APR']
[LF] Attaching to Chrome for Altea access
2026-01-17 08:51:55 | INFO     | Starting LF search for route: CAI-MED
2026-01-17 08:51:55 | INFO     | [START] LF Search
[LF][[OK] SUCCESS] Connected to Chrome on 127.0.0.1:9227 (after 1 attempts)
2026-01-17 08:51:56 | INFO     | [HEALTH CHECK] [OK] Chrome connection is healthy
[LF][[OK] SUCCESS] Found Amadeus Altea window: Altéa Reservation Desktop
[LF][[INFO] INFO] URL: https://tc212.resdesktop.altea.amadeus.com/app_ard/apf/init/login?SITE=ESMPESMP&LANGUAGE=GB&MARKETS=ARDW_PROD_WBP&ACTION=clpLogin
2026-01-17 08:51:56 | INFO     | [DAY_START] Processing 18APR
[LF] Processing CAI-MED for 18APR
2026-01-17 08:51:56 | INFO     | [lf.day.start] Processing CAI-MED for 18APR
[LF] No direct flights on 18APR for CAI-MED
2026-01-17 08:51:57 | WARNING  | [lf.day.no_flights] No direct flights on 18APR
2026-01-17 08:51:57 | INFO     | [SUCCESS] Day 18APR
2026-01-17 08:51:57 | INFO     | [DAY_START] Processing 17APR
[LF] Processing CAI-MED for 17APR
2026-01-17 08:51:57 | INFO     | [lf.day.start] Processing CAI-MED for 17APR
[LF] No direct flights on 17APR for CAI-MED
2026-01-17 08:51:58 | WARNING  | [lf.day.no_flights] No direct flights on 17APR
2026-01-17 08:51:58 | INFO     | [SUCCESS] Day 17APR
2026-01-17 08:51:58 | INFO     | [DAY_START] Processing 16APR
[LF] Processing CAI-MED for 16APR
2026-01-17 08:51:58 | INFO     | [lf.day.start] Processing CAI-MED for 16APR
[LF] 16APR: found 1 direct flights
2026-01-17 08:52:00 | INFO     | [lf.day.flights_found] Found 1 flights on 16APR
2026-01-17 08:52:02 | INFO     | [lf.flight.extracted] SM493 on 16APR: BKG=0, LF=0.0%
[LF] SM493 16APR: BKG=0, GRP=0, CAP=179, LF%=0.0%, Brd-Off=CAI-MED
2026-01-17 08:52:03 | INFO     | [SUCCESS] Day 16APR
2026-01-17 08:52:03 | INFO     | [DAY_START] Processing 15APR
[LF] Processing CAI-MED for 15APR
2026-01-17 08:52:03 | INFO     | [lf.day.start] Processing CAI-MED for 15APR
[LF] 15APR: found 1 direct flights
2026-01-17 08:52:04 | INFO     | [lf.day.flights_found] Found 1 flights on 15APR
2026-01-17 08:52:06 | INFO     | [lf.flight.extracted] SM493 on 15APR: BKG=6, LF=3.4%
[LF] SM493 15APR: BKG=6, GRP=0, CAP=179, LF%=3.4%, Brd-Off=CAI-MED, Classes: I:3, O:3
[LF] Getting WEEKLY/LASTSOLD data for 1 flights
[LF] SM493 15APR: LASTSOLD=2026-01-14 00:00:00, WEEKLY=2, TODAY=0, YDAY=0
2026-01-17 08:52:09 | INFO     | [SUCCESS] Day 15APR
2026-01-17 08:52:09 | INFO     | [DAY_START] Processing 14APR
[LF] Processing CAI-MED for 14APR
2026-01-17 08:52:09 | INFO     | [lf.day.start] Processing CAI-MED for 14APR
[LF] 14APR: found 1 direct flights
2026-01-17 08:52:10 | INFO     | [lf.day.flights_found] Found 1 flights on 14APR
2026-01-17 08:52:12 | INFO     | [lf.flight.extracted] SM493 on 14APR: BKG=0, LF=0.0%
[LF] SM493 14APR: BKG=0, GRP=0, CAP=179, LF%=0.0%, Brd-Off=CAI-MED
2026-01-17 08:52:14 | INFO     | [SUCCESS] Day 14APR
2026-01-17 08:52:14 | INFO     | [DAY_START] Processing 13APR
[LF] Processing CAI-MED for 13APR
2026-01-17 08:52:14 | INFO     | [lf.day.start] Processing CAI-MED for 13APR
[LF] No direct flights on 13APR for CAI-MED
2026-01-17 08:52:16 | WARNING  | [lf.day.no_flights] No direct flights on 13APR
2026-01-17 08:52:16 | INFO     | [SUCCESS] Day 13APR
2026-01-17 08:52:16 | INFO     | [DAY_START] Processing 12APR
[LF] Processing CAI-MED for 12APR
2026-01-17 08:52:16 | INFO     | [lf.day.start] Processing CAI-MED for 12APR
[LF] 12APR: found 1 direct flights
2026-01-17 08:52:17 | INFO     | [lf.day.flights_found] Found 1 flights on 12APR
2026-01-17 08:52:19 | INFO     | [lf.flight.extracted] SM493 on 12APR: BKG=3, LF=1.7%
[LF] SM493 12APR: BKG=3, GRP=0, CAP=179, LF%=1.7%, Brd-Off=CAI-MED, Classes: I:2, O:1
[LF] Getting WEEKLY/LASTSOLD data for 1 flights
[LF] SM493 12APR: LASTSOLD=2026-01-01 00:00:00, WEEKLY=0, TODAY=0, YDAY=0
2026-01-17 08:52:23 | INFO     | [SUCCESS] Day 12APR
2026-01-17 08:52:23 | INFO     | [DAY_START] Processing 11APR
[LF] Processing CAI-MED for 11APR
2026-01-17 08:52:23 | INFO     | [lf.day.start] Processing CAI-MED for 11APR
[LF] No direct flights on 11APR for CAI-MED
2026-01-17 08:52:24 | WARNING  | [lf.day.no_flights] No direct flights on 11APR
2026-01-17 08:52:25 | INFO     | [SUCCESS] Day 11APR
2026-01-17 08:52:25 | INFO     | [DAY_START] Processing 10APR
[LF] Processing CAI-MED for 10APR
2026-01-17 08:52:25 | INFO     | [lf.day.start] Processing CAI-MED for 10APR
[LF] No direct flights on 10APR for CAI-MED
2026-01-17 08:52:36 | WARNING  | [lf.day.no_flights] No direct flights on 10APR
2026-01-17 08:52:36 | INFO     | [SUCCESS] Day 10APR
[LF] Results summary:
  2026-04-18: 0 flights
  2026-04-17: 0 flights
  2026-04-16: 1 flights
  2026-04-15: 1 flights
  2026-04-14: 1 flights
  2026-04-13: 0 flights
  2026-04-12: 1 flights
  2026-04-11: 0 flights
  2026-04-10: 0 flights
2026-01-17 08:52:36 | INFO     | [SUCCESS] LF Search Complete

============================================================
[Worker_9227] ✓ COMPLETED: CAI-MED
  Results: 9 dates
  Errors: 0 dates
  Total Processed: 8 groups
============================================================

2026-01-17 08:52:36 | INFO     | [Worker_9227] Completed: CAI-MED - 9 results, 0 errors

============================================================
[Worker_9227] Processing: CAI-DMM
  Tier 0: Range 4, Chunk 2/3
  Dates: 9 days
  Date Range: 2026-04-18 to 2026-04-10
============================================================

2026-01-17 08:52:36 | INFO     | [Worker_9227] Processing: CAI-DMM
2026-01-17 08:52:36 | INFO     |   Tier 0: Range 4, Chunk 2/3 (9 days)
2026-01-17 08:52:36 | INFO     | ======================================================================
2026-01-17 08:52:36 | INFO     | Load Factor Scraper Started - Route: CAI-DMM
2026-01-17 08:52:36 | INFO     | Log file: D:\CODERED\LAB\Artifacts\outputs\run_generated_170126_at_08.47_RETRY\logs\LF_CAI-DMM_20260117_085236.log
2026-01-17 08:52:36 | INFO     | Enhanced logging: Capturing both logging.info() and print()
2026-01-17 08:52:36 | INFO     | ======================================================================
[LF] Processing dates (override): ['18APR', '17APR', '16APR', '15APR', '14APR', '13APR', '12APR', '11APR', '10APR']
[LF] Attaching to Chrome for Altea access
2026-01-17 08:52:36 | INFO     | Starting LF search for route: CAI-DMM
2026-01-17 08:52:36 | INFO     | [START] LF Search
[LF][[OK] SUCCESS] Connected to Chrome on 127.0.0.1:9227 (after 1 attempts)
2026-01-17 08:52:37 | INFO     | [HEALTH CHECK] [OK] Chrome connection is healthy
[LF][[OK] SUCCESS] Found Amadeus Altea window: Altéa Reservation Desktop
[LF][[INFO] INFO] URL: https://tc212.resdesktop.altea.amadeus.com/app_ard/apf/init/login?SITE=ESMPESMP&LANGUAGE=GB&MARKETS=ARDW_PROD_WBP&ACTION=clpLogin
2026-01-17 08:52:37 | INFO     | [DAY_START] Processing 18APR
[LF] Processing CAI-DMM for 18APR
2026-01-17 08:52:37 | INFO     | [lf.day.start] Processing CAI-DMM for 18APR
[LF] 18APR: found 1 direct flights
2026-01-17 08:52:39 | INFO     | [lf.day.flights_found] Found 1 flights on 18APR
2026-01-17 08:52:43 | INFO     | [lf.flight.extracted] SM433 on 18APR: BKG=9, LF=5.0%
[LF] SM433 18APR: BKG=9, GRP=0, CAP=179, LF%=5.0%, Brd-Off=CAI-DMM, Classes: I:5, O:4
[LF] Getting WEEKLY/LASTSOLD data for 1 flights
[LF] SM433 18APR: LASTSOLD=2026-01-16 00:00:00, WEEKLY=1, TODAY=0, YDAY=1
2026-01-17 08:52:46 | INFO     | [SUCCESS] Day 18APR
2026-01-17 08:52:46 | INFO     | [DAY_START] Processing 17APR
[LF] Processing CAI-DMM for 17APR
2026-01-17 08:52:46 | INFO     | [lf.day.start] Processing CAI-DMM for 17APR
[LF] 17APR: found 1 direct flights
2026-01-17 08:52:48 | INFO     | [lf.day.flights_found] Found 1 flights on 17APR
2026-01-17 08:52:52 | INFO     | [lf.flight.extracted] SM439 on 17APR: BKG=11, LF=6.2%
[LF] SM439 17APR: BKG=11, GRP=0, CAP=179, LF%=6.2%, Brd-Off=CAI-DMM, Classes: I:6, O:5
[LF] Getting WEEKLY/LASTSOLD data for 1 flights
[LF] SM439 17APR: LASTSOLD=2026-01-14 00:00:00, WEEKLY=3, TODAY=0, YDAY=0
2026-01-17 08:53:00 | INFO     | [SUCCESS] Day 17APR
2026-01-17 08:53:00 | INFO     | [DAY_START] Processing 16APR
[LF] Processing CAI-DMM for 16APR
2026-01-17 08:53:00 | INFO     | [lf.day.start] Processing CAI-DMM for 16APR
[LF] 16APR: found 1 direct flights
2026-01-17 08:53:02 | INFO     | [lf.day.flights_found] Found 1 flights on 16APR
2026-01-17 08:53:04 | INFO     | [lf.flight.extracted] SM433 on 16APR: BKG=8, LF=4.5%
[LF] SM433 16APR: BKG=8, GRP=0, CAP=179, LF%=4.5%, Brd-Off=CAI-DMM, Classes: I:7, O:1
[LF] Getting WEEKLY/LASTSOLD data for 1 flights
[LF] SM433 16APR: LASTSOLD=2026-01-15 00:00:00, WEEKLY=1, TODAY=0, YDAY=0
2026-01-17 08:53:08 | INFO     | [SUCCESS] Day 16APR
2026-01-17 08:53:08 | INFO     | [DAY_START] Processing 15APR
[LF] Processing CAI-DMM for 15APR
2026-01-17 08:53:08 | INFO     | [lf.day.start] Processing CAI-DMM for 15APR
[LF] 15APR: found 1 direct flights
2026-01-17 08:53:09 | INFO     | [lf.day.flights_found] Found 1 flights on 15APR
2026-01-17 08:53:11 | INFO     | [lf.flight.extracted] SM433 on 15APR: BKG=9, LF=5.0%
[LF] SM433 15APR: BKG=9, GRP=0, CAP=179, LF%=5.0%, Brd-Off=CAI-DMM, Classes: I:5, O:4
[LF] Getting WEEKLY/LASTSOLD data for 1 flights
[LF] SM433 15APR: LASTSOLD=2026-01-13 00:00:00, WEEKLY=1, TODAY=0, YDAY=0
2026-01-17 08:53:14 | INFO     | [SUCCESS] Day 15APR
2026-01-17 08:53:14 | INFO     | [DAY_START] Processing 14APR
[LF] Processing CAI-DMM for 14APR
2026-01-17 08:53:14 | INFO     | [lf.day.start] Processing CAI-DMM for 14APR
[LF] 14APR: found 1 direct flights
2026-01-17 08:53:15 | INFO     | [lf.day.flights_found] Found 1 flights on 14APR
2026-01-17 08:53:17 | INFO     | [lf.flight.extracted] SM433 on 14APR: BKG=14, LF=7.8%
[LF] SM433 14APR: BKG=14, GRP=0, CAP=179, LF%=7.8%, Brd-Off=CAI-DMM, Classes: I:5, O:9
[LF] Getting WEEKLY/LASTSOLD data for 1 flights
[LF] SM433 14APR: LASTSOLD=2026-01-08 00:00:00, WEEKLY=0, TODAY=0, YDAY=0
2026-01-17 08:53:20 | INFO     | [SUCCESS] Day 14APR
2026-01-17 08:53:20 | INFO     | [DAY_START] Processing 13APR
[LF] Processing CAI-DMM for 13APR
2026-01-17 08:53:20 | INFO     | [lf.day.start] Processing CAI-DMM for 13APR
[LF] 13APR: found 1 direct flights
2026-01-17 08:53:21 | INFO     | [lf.day.flights_found] Found 1 flights on 13APR
2026-01-17 08:53:23 | INFO     | [lf.flight.extracted] SM433 on 13APR: BKG=12, LF=6.7%
[LF] SM433 13APR: BKG=12, GRP=0, CAP=179, LF%=6.7%, Brd-Off=CAI-DMM, Classes: I:5, O:7
[LF] Getting WEEKLY/LASTSOLD data for 1 flights
[LF] SM433 13APR: LASTSOLD=2026-01-15 00:00:00, WEEKLY=5, TODAY=0, YDAY=0
2026-01-17 08:53:25 | INFO     | [SUCCESS] Day 13APR
2026-01-17 08:53:25 | INFO     | [DAY_START] Processing 12APR
[LF] Processing CAI-DMM for 12APR
2026-01-17 08:53:25 | INFO     | [lf.day.start] Processing CAI-DMM for 12APR
[LF] 12APR: found 1 direct flights
2026-01-17 08:53:26 | INFO     | [lf.day.flights_found] Found 1 flights on 12APR
2026-01-17 08:53:28 | INFO     | [lf.flight.extracted] SM439 on 12APR: BKG=12, LF=6.7%
[LF] SM439 12APR: BKG=12, GRP=0, CAP=179, LF%=6.7%, Brd-Off=CAI-DMM, Classes: I:5, O:5, X:2
[LF] Getting WEEKLY/LASTSOLD data for 1 flights
[LF] SM439 12APR: LASTSOLD=2026-01-11 00:00:00, WEEKLY=1, TODAY=0, YDAY=0
2026-01-17 08:53:31 | INFO     | [SUCCESS] Day 12APR
2026-01-17 08:53:31 | INFO     | [DAY_START] Processing 11APR
[LF] Processing CAI-DMM for 11APR
2026-01-17 08:53:31 | INFO     | [lf.day.start] Processing CAI-DMM for 11APR
[LF] 11APR: found 1 direct flights
2026-01-17 08:53:32 | INFO     | [lf.day.flights_found] Found 1 flights on 11APR
2026-01-17 08:53:34 | INFO     | [lf.flight.extracted] SM433 on 11APR: BKG=18, LF=10.1%
[LF] SM433 11APR: BKG=18, GRP=0, CAP=179, LF%=10.1%, Brd-Off=CAI-DMM, Classes: I:5, O:9, U:4
[LF] Getting WEEKLY/LASTSOLD data for 1 flights
[LF] SM433 11APR: LASTSOLD=2026-01-15 00:00:00, WEEKLY=3, TODAY=0, YDAY=0
2026-01-17 08:53:37 | INFO     | [SUCCESS] Day 11APR
2026-01-17 08:53:37 | INFO     | [DAY_START] Processing 10APR
[LF] Processing CAI-DMM for 10APR
2026-01-17 08:53:37 | INFO     | [lf.day.start] Processing CAI-DMM for 10APR
[LF] 10APR: found 1 direct flights
2026-01-17 08:53:38 | INFO     | [lf.day.flights_found] Found 1 flights on 10APR
2026-01-17 08:53:40 | INFO     | [lf.flight.extracted] SM439 on 10APR: BKG=13, LF=7.3%
[LF] SM439 10APR: BKG=13, GRP=0, CAP=179, LF%=7.3%, Brd-Off=CAI-DMM, Classes: I:2, O:11
[LF] Getting WEEKLY/LASTSOLD data for 1 flights
[LF] SM439 10APR: LASTSOLD=2026-01-16 00:00:00, WEEKLY=4, TODAY=0, YDAY=2
2026-01-17 08:53:43 | INFO     | [SUCCESS] Day 10APR
[LF] Results summary:
  2026-04-18: 1 flights
  2026-04-17: 1 flights
  2026-04-16: 1 flights
  2026-04-15: 1 flights
  2026-04-14: 1 flights
  2026-04-13: 1 flights
  2026-04-12: 1 flights
  2026-04-11: 1 flights
  2026-04-10: 1 flights
2026-01-17 08:53:43 | INFO     | [SUCCESS] LF Search Complete

============================================================
[Worker_9227] ✓ COMPLETED: CAI-DMM
  Results: 9 dates
  Errors: 0 dates
  Total Processed: 9 groups
============================================================

2026-01-17 08:53:43 | INFO     | [Worker_9227] Completed: CAI-DMM - 9 results, 0 errors

============================================================
[Worker_9227] Processing: JED-CAI
  Tier 0: Range 4, Chunk 3/3
  Dates: 8 days
  Date Range: 2026-04-09 to 2026-04-02
============================================================

2026-01-17 08:53:43 | INFO     | [Worker_9227] Processing: JED-CAI
2026-01-17 08:53:43 | INFO     |   Tier 0: Range 4, Chunk 3/3 (8 days)
2026-01-17 08:53:43 | INFO     | ======================================================================
2026-01-17 08:53:43 | INFO     | Load Factor Scraper Started - Route: JED-CAI
2026-01-17 08:53:43 | INFO     | Log file: D:\CODERED\LAB\Artifacts\outputs\run_generated_170126_at_08.47_RETRY\logs\LF_JED-CAI_20260117_085343.log
2026-01-17 08:53:43 | INFO     | Enhanced logging: Capturing both logging.info() and print()
2026-01-17 08:53:43 | INFO     | ======================================================================
[LF] Processing dates (override): ['09APR', '08APR', '07APR', '06APR', '05APR', '04APR', '03APR', '02APR']
[LF] Attaching to Chrome for Altea access
2026-01-17 08:53:43 | INFO     | Starting LF search for route: JED-CAI
2026-01-17 08:53:43 | INFO     | [START] LF Search
[LF][[OK] SUCCESS] Connected to Chrome on 127.0.0.1:9227 (after 1 attempts)
2026-01-17 08:53:44 | INFO     | [HEALTH CHECK] [OK] Chrome connection is healthy
[LF][[OK] SUCCESS] Found Amadeus Altea window: Altéa Reservation Desktop
[LF][[INFO] INFO] URL: https://tc212.resdesktop.altea.amadeus.com/app_ard/apf/init/login?SITE=ESMPESMP&LANGUAGE=GB&MARKETS=ARDW_PROD_WBP&ACTION=clpLogin
2026-01-17 08:53:44 | INFO     | [DAY_START] Processing 09APR
[LF] Processing JED-CAI for 09APR
2026-01-17 08:53:44 | INFO     | [lf.day.start] Processing JED-CAI for 09APR
[LF] 09APR: found 2 direct flights
2026-01-17 08:53:45 | INFO     | [lf.day.flights_found] Found 2 flights on 09APR
2026-01-17 08:53:47 | INFO     | [lf.flight.extracted] SM478 on 09APR: BKG=74, LF=44.0%
[LF] SM478 09APR: BKG=74, GRP=60, CAP=168, LF%=44.0%, Brd-Off=JED-CAI, Classes: E:60, I:14
[LPC] SM478 09APR: Found 1 outbound flights with connecting passengers
2026-01-17 08:53:51 | INFO     | [lf.flight.extracted] SM476 on 09APR: BKG=11, LF=6.3%
[LF] SM476 09APR: BKG=11, GRP=0, CAP=175, LF%=6.3%, Brd-Off=JED-CAI, Classes: I:11
[LF] Getting WEEKLY/LASTSOLD data for 2 flights
[LF] SM478 09APR: LASTSOLD=2026-01-15 00:00:00, WEEKLY=9, TODAY=0, YDAY=0
[LF] SM476 09APR: LASTSOLD=2026-01-15 00:00:00, WEEKLY=3, TODAY=0, YDAY=0
2026-01-17 08:53:55 | INFO     | [SUCCESS] Day 09APR
2026-01-17 08:53:55 | INFO     | [DAY_START] Processing 08APR
[LF] Processing JED-CAI for 08APR
2026-01-17 08:53:55 | INFO     | [lf.day.start] Processing JED-CAI for 08APR
[LF] 08APR: found 2 direct flights
2026-01-17 08:53:56 | INFO     | [lf.day.flights_found] Found 2 flights on 08APR
2026-01-17 08:53:58 | INFO     | [lf.flight.extracted] SM478 on 08APR: BKG=124, LF=70.9%
[LF] SM478 08APR: BKG=124, GRP=90, CAP=175, LF%=70.9%, Brd-Off=JED-CAI, Classes: P:90, I:16, O:18
2026-01-17 08:54:01 | INFO     | [lf.flight.extracted] SM476 on 08APR: BKG=20, LF=11.4%
[LF] SM476 08APR: BKG=20, GRP=0, CAP=175, LF%=11.4%, Brd-Off=JED-CAI, Classes: I:17, O:3
[LF] Getting WEEKLY/LASTSOLD data for 2 flights
[LF] SM478 08APR: LASTSOLD=2026-01-13 00:00:00, WEEKLY=3, TODAY=0, YDAY=0
[LF] SM476 08APR: LASTSOLD=2026-01-15 00:00:00, WEEKLY=9, TODAY=0, YDAY=0
2026-01-17 08:54:07 | INFO     | [SUCCESS] Day 08APR
2026-01-17 08:54:07 | INFO     | [DAY_START] Processing 07APR
[LF] Processing JED-CAI for 07APR
2026-01-17 08:54:07 | INFO     | [lf.day.start] Processing JED-CAI for 07APR
[LF] 07APR: found 3 direct flights
2026-01-17 08:54:08 | INFO     | [lf.day.flights_found] Found 3 flights on 07APR
2026-01-17 08:54:10 | INFO     | [lf.flight.extracted] SM478 on 07APR: BKG=21, LF=12.0%
[LF] SM478 07APR: BKG=21, GRP=0, CAP=175, LF%=12.0%, Brd-Off=JED-CAI, Classes: I:17, O:4
2026-01-17 08:54:13 | INFO     | [lf.flight.extracted] SM476 on 07APR: BKG=131, LF=74.9%
[LF] SM476 07APR: BKG=131, GRP=90, CAP=175, LF%=74.9%, Brd-Off=JED-CAI, Classes: P:90, I:17, O:17, U:7
2026-01-17 08:54:17 | INFO     | [lf.flight.extracted] SM480 on 07APR: BKG=199, LF=118.5%
[LF] SM480 07APR: BKG=199, GRP=180, CAP=168, LF%=118.5%, Brd-Off=JED-CAI, Classes: P:180, I:17, O:2
[LF] Getting WEEKLY/LASTSOLD data for 3 flights
[LF] SM478 07APR: LASTSOLD=2026-01-16 00:00:00, WEEKLY=5, TODAY=0, YDAY=3
[LF] SM476 07APR: LASTSOLD=2026-01-16 00:00:00, WEEKLY=13, TODAY=0, YDAY=8
[LF] SM480 07APR: LASTSOLD=2026-01-12 00:00:00, WEEKLY=4, TODAY=0, YDAY=0
2026-01-17 08:54:26 | INFO     | [SUCCESS] Day 07APR
2026-01-17 08:54:26 | INFO     | [DAY_START] Processing 06APR
[LF] Processing JED-CAI for 06APR
2026-01-17 08:54:26 | INFO     | [lf.day.start] Processing JED-CAI for 06APR
[LF] 06APR: found 4 direct flights
2026-01-17 08:54:27 | INFO     | [lf.day.flights_found] Found 4 flights on 06APR
2026-01-17 08:54:29 | INFO     | [lf.flight.extracted] SM460 on 06APR: BKG=185, LF=110.8%
[LF] SM460 06APR: BKG=185, GRP=180, CAP=167, LF%=110.8%, Brd-Off=JED-CAI, Classes: P:180, I:5
2026-01-17 08:54:33 | INFO     | [lf.flight.extracted] SM478 on 06APR: BKG=176, LF=100.6%
[LF] SM478 06APR: BKG=176, GRP=170, CAP=175, LF%=100.6%, Brd-Off=JED-CAI, Classes: P:170, I:6
2026-01-17 08:54:36 | INFO     | [lf.flight.extracted] SM476 on 06APR: BKG=162, LF=92.6%
[LF] SM476 06APR: BKG=162, GRP=135, CAP=175, LF%=92.6%, Brd-Off=JED-CAI, Classes: P:135, I:17, O:10
2026-01-17 08:54:39 | INFO     | [lf.flight.extracted] SM480 on 06APR: BKG=169, LF=96.6%
[LF] SM480 06APR: BKG=169, GRP=160, CAP=175, LF%=96.6%, Brd-Off=JED-CAI, Classes: P:160, I:8, O:1
[LF] Getting WEEKLY/LASTSOLD data for 4 flights
[LF] SM460 06APR: LASTSOLD=2026-01-04 00:00:00, WEEKLY=0, TODAY=0, YDAY=0
[LF] SM478 06APR: LASTSOLD=2026-01-07 00:00:00, WEEKLY=0, TODAY=0, YDAY=0
[LF] SM476 06APR: LASTSOLD=2026-01-16 00:00:00, WEEKLY=9, TODAY=0, YDAY=7
[LF] SM480 06APR: LASTSOLD=2026-01-12 00:00:00, WEEKLY=1, TODAY=0, YDAY=0
2026-01-17 08:54:46 | INFO     | [SUCCESS] Day 06APR
2026-01-17 08:54:46 | INFO     | [DAY_START] Processing 05APR
[LF] Processing JED-CAI for 05APR
2026-01-17 08:54:46 | INFO     | [lf.day.start] Processing JED-CAI for 05APR
[LF] 05APR: found 2 direct flights
2026-01-17 08:54:47 | INFO     | [lf.day.flights_found] Found 2 flights on 05APR
2026-01-17 08:54:50 | INFO     | [lf.flight.extracted] SM478 on 05APR: BKG=156, LF=89.1%
[LF] SM478 05APR: BKG=156, GRP=135, CAP=175, LF%=89.1%, Brd-Off=JED-CAI, Classes: P:135, I:17, O:4
2026-01-17 08:54:53 | INFO     | [lf.flight.extracted] SM476 on 05APR: BKG=168, LF=96.0%
[LF] SM476 05APR: BKG=168, GRP=135, CAP=175, LF%=96.0%, Brd-Off=JED-CAI, Classes: P:135, I:17, O:16
[LF] Getting WEEKLY/LASTSOLD data for 2 flights
[LF] SM478 05APR: LASTSOLD=2026-01-16 00:00:00, WEEKLY=13, TODAY=0, YDAY=4
[LF] SM476 05APR: LASTSOLD=2026-01-16 00:00:00, WEEKLY=13, TODAY=0, YDAY=4
2026-01-17 08:54:59 | INFO     | [SUCCESS] Day 05APR
2026-01-17 08:54:59 | INFO     | [DAY_START] Processing 04APR
[LF] Processing JED-CAI for 04APR
2026-01-17 08:54:59 | INFO     | [lf.day.start] Processing JED-CAI for 04APR
[LF] 04APR: found 2 direct flights
2026-01-17 08:55:00 | INFO     | [lf.day.flights_found] Found 2 flights on 04APR
2026-01-17 08:55:02 | INFO     | [lf.flight.extracted] SM478 on 04APR: BKG=169, LF=96.6%
[LF] SM478 04APR: BKG=169, GRP=140, CAP=175, LF%=96.6%, Brd-Off=JED-CAI, Classes: P:140, I:17, O:11, T:1
2026-01-17 08:55:05 | INFO     | [lf.flight.extracted] SM476 on 04APR: BKG=191, LF=109.1%
[LF] SM476 04APR: BKG=191, GRP=180, CAP=175, LF%=109.1%, Brd-Off=JED-CAI, Classes: P:180, I:10, X:1
[LPC] SM476 04APR: Found 1 outbound flights with connecting passengers
[LF] Getting WEEKLY/LASTSOLD data for 2 flights
[LF] SM478 04APR: LASTSOLD=2026-01-14 00:00:00, WEEKLY=9, TODAY=0, YDAY=0
[LF] SM476 04APR: LASTSOLD=2026-01-06 00:00:00, WEEKLY=0, TODAY=0, YDAY=0
2026-01-17 08:55:12 | INFO     | [SUCCESS] Day 04APR
2026-01-17 08:55:12 | INFO     | [DAY_START] Processing 03APR
[LF] Processing JED-CAI for 03APR
2026-01-17 08:55:12 | INFO     | [lf.day.start] Processing JED-CAI for 03APR
[LF] 03APR: found 4 direct flights
2026-01-17 08:55:13 | INFO     | [lf.day.flights_found] Found 4 flights on 03APR
2026-01-17 08:55:15 | INFO     | [lf.flight.extracted] SM460 on 03APR: BKG=167, LF=100.0%
[LF] SM460 03APR: BKG=167, GRP=135, CAP=167, LF%=100.0%, Brd-Off=JED-CAI, Classes: P:135, I:17, O:15
2026-01-17 08:55:18 | INFO     | [lf.flight.extracted] SM478 on 03APR: BKG=168, LF=96.0%
[LF] SM478 03APR: BKG=168, GRP=135, CAP=175, LF%=96.0%, Brd-Off=JED-CAI, Classes: P:135, I:17, O:16
2026-01-17 08:55:21 | INFO     | [lf.flight.extracted] SM476 on 03APR: BKG=168, LF=96.0%
[LF] SM476 03APR: BKG=168, GRP=135, CAP=175, LF%=96.0%, Brd-Off=JED-CAI, Classes: P:135, I:17, O:16
2026-01-17 08:55:25 | INFO     | [lf.flight.extracted] SM480 on 03APR: BKG=162, LF=92.6%
[LF] SM480 03APR: BKG=162, GRP=135, CAP=175, LF%=92.6%, Brd-Off=JED-CAI, Classes: P:135, I:14, O:2, U:5, X:3, T:2, S:1
[LPC] SM480 03APR: Found 0 outbound flights with connecting passengers
[LF] Getting WEEKLY/LASTSOLD data for 4 flights
[LF] SM460 03APR: LASTSOLD=2026-01-13 00:00:00, WEEKLY=15, TODAY=0, YDAY=0
[LF] SM478 03APR: LASTSOLD=2026-01-15 00:00:00, WEEKLY=14, TODAY=0, YDAY=0
[LF] SM476 03APR: LASTSOLD=2026-01-14 00:00:00, WEEKLY=13, TODAY=0, YDAY=0
[LF] SM480 03APR: LASTSOLD=2026-01-16 00:00:00, WEEKLY=13, TODAY=0, YDAY=2
2026-01-17 08:55:46 | INFO     | [SUCCESS] Day 03APR
2026-01-17 08:55:46 | INFO     | [DAY_START] Processing 02APR
[LF] Processing JED-CAI for 02APR
2026-01-17 08:55:46 | INFO     | [lf.day.start] Processing JED-CAI for 02APR
[LF] 02APR: found 2 direct flights
2026-01-17 08:55:47 | INFO     | [lf.day.flights_found] Found 2 flights on 02APR
2026-01-17 08:55:49 | INFO     | [lf.flight.extracted] SM478 on 02APR: BKG=168, LF=96.0%
[LF] SM478 02APR: BKG=168, GRP=135, CAP=175, LF%=96.0%, Brd-Off=JED-CAI, Classes: P:135, I:17, O:16
2026-01-17 08:55:53 | INFO     | [lf.flight.extracted] SM476 on 02APR: BKG=197, LF=112.6%
[LF] SM476 02APR: BKG=197, GRP=180, CAP=175, LF%=112.6%, Brd-Off=JED-CAI, Classes: P:180, I:17
[LF] Getting WEEKLY/LASTSOLD data for 2 flights
[LF] SM478 02APR: LASTSOLD=2026-01-09 00:00:00, WEEKLY=0, TODAY=0, YDAY=0
[LF] SM476 02APR: LASTSOLD=2026-01-11 00:00:00, WEEKLY=1, TODAY=0, YDAY=0
2026-01-17 08:55:58 | INFO     | [SUCCESS] Day 02APR
[LF] Results summary:
  2026-04-09: 2 flights
  2026-04-08: 2 flights
  2026-04-07: 3 flights
  2026-04-06: 4 flights
  2026-04-05: 2 flights
  2026-04-04: 2 flights
  2026-04-03: 4 flights
  2026-04-02: 2 flights
2026-01-17 08:55:58 | INFO     | [SUCCESS] LF Search Complete

============================================================
[Worker_9227] ✓ COMPLETED: JED-CAI
  Results: 8 dates
  Errors: 0 dates
  Total Processed: 10 groups
============================================================

2026-01-17 08:55:58 | INFO     | [Worker_9227] Completed: JED-CAI - 8 results, 0 errors

============================================================
[Worker_9227] Processing: CAI-ELQ
  Tier 0: Range 4, Chunk 3/3
  Dates: 8 days
  Date Range: 2026-04-09 to 2026-04-02
============================================================

2026-01-17 08:55:58 | INFO     | [Worker_9227] Processing: CAI-ELQ
2026-01-17 08:55:58 | INFO     |   Tier 0: Range 4, Chunk 3/3 (8 days)
2026-01-17 08:55:58 | INFO     | ======================================================================
2026-01-17 08:55:58 | INFO     | Load Factor Scraper Started - Route: CAI-ELQ
2026-01-17 08:55:58 | INFO     | Log file: D:\CODERED\LAB\Artifacts\outputs\run_generated_170126_at_08.47_RETRY\logs\LF_CAI-ELQ_20260117_085558.log
2026-01-17 08:55:58 | INFO     | Enhanced logging: Capturing both logging.info() and print()
2026-01-17 08:55:58 | INFO     | ======================================================================
[LF] Processing dates (override): ['09APR', '08APR', '07APR', '06APR', '05APR', '04APR', '03APR', '02APR']
[LF] Attaching to Chrome for Altea access
2026-01-17 08:55:58 | INFO     | Starting LF search for route: CAI-ELQ
2026-01-17 08:55:58 | INFO     | [START] LF Search
[LF][[OK] SUCCESS] Connected to Chrome on 127.0.0.1:9227 (after 1 attempts)
2026-01-17 08:55:59 | INFO     | [HEALTH CHECK] [OK] Chrome connection is healthy
[LF][[OK] SUCCESS] Found Amadeus Altea window: Altéa Reservation Desktop
[LF][[INFO] INFO] URL: https://tc212.resdesktop.altea.amadeus.com/app_ard/apf/init/login?SITE=ESMPESMP&LANGUAGE=GB&MARKETS=ARDW_PROD_WBP&ACTION=clpLogin
2026-01-17 08:55:59 | INFO     | [DAY_START] Processing 09APR
[LF] Processing CAI-ELQ for 09APR
2026-01-17 08:55:59 | INFO     | [lf.day.start] Processing CAI-ELQ for 09APR
[LF] No direct flights on 09APR for CAI-ELQ
2026-01-17 08:56:01 | WARNING  | [lf.day.no_flights] No direct flights on 09APR
2026-01-17 08:56:01 | INFO     | [SUCCESS] Day 09APR
2026-01-17 08:56:01 | INFO     | [DAY_START] Processing 08APR
[LF] Processing CAI-ELQ for 08APR
2026-01-17 08:56:01 | INFO     | [lf.day.start] Processing CAI-ELQ for 08APR
[LF] 08APR: found 1 direct flights
2026-01-17 08:56:02 | INFO     | [lf.day.flights_found] Found 1 flights on 08APR
2026-01-17 08:56:04 | INFO     | [lf.flight.extracted] SM427 on 08APR: BKG=5, LF=2.8%
[LF] SM427 08APR: BKG=5, GRP=0, CAP=179, LF%=2.8%, Brd-Off=CAI-ELQ, Classes: I:5
[LF] Getting WEEKLY/LASTSOLD data for 1 flights
[LF] SM427 08APR: LASTSOLD=2026-01-15 00:00:00, WEEKLY=3, TODAY=0, YDAY=0
2026-01-17 08:56:06 | INFO     | [SUCCESS] Day 08APR
2026-01-17 08:56:06 | INFO     | [DAY_START] Processing 07APR
[LF] Processing CAI-ELQ for 07APR
2026-01-17 08:56:06 | INFO     | [lf.day.start] Processing CAI-ELQ for 07APR
[LF] 07APR: found 1 direct flights
2026-01-17 08:56:07 | INFO     | [lf.day.flights_found] Found 1 flights on 07APR
2026-01-17 08:56:09 | INFO     | [lf.flight.extracted] SM427 on 07APR: BKG=7, LF=3.9%
[LF] SM427 07APR: BKG=7, GRP=0, CAP=179, LF%=3.9%, Brd-Off=CAI-ELQ, Classes: I:7
[LF] Getting WEEKLY/LASTSOLD data for 1 flights
[LF] SM427 07APR: LASTSOLD=2026-01-14 00:00:00, WEEKLY=2, TODAY=0, YDAY=0
2026-01-17 08:56:13 | INFO     | [SUCCESS] Day 07APR
2026-01-17 08:56:13 | INFO     | [DAY_START] Processing 06APR
[LF] Processing CAI-ELQ for 06APR
2026-01-17 08:56:13 | INFO     | [lf.day.start] Processing CAI-ELQ for 06APR
[LF] No direct flights on 06APR for CAI-ELQ
2026-01-17 08:56:14 | WARNING  | [lf.day.no_flights] No direct flights on 06APR
2026-01-17 08:56:14 | INFO     | [SUCCESS] Day 06APR
2026-01-17 08:56:14 | INFO     | [DAY_START] Processing 05APR
[LF] Processing CAI-ELQ for 05APR
2026-01-17 08:56:14 | INFO     | [lf.day.start] Processing CAI-ELQ for 05APR
[LF] No direct flights on 05APR for CAI-ELQ
2026-01-17 08:56:15 | WARNING  | [lf.day.no_flights] No direct flights on 05APR
2026-01-17 08:56:15 | INFO     | [SUCCESS] Day 05APR
2026-01-17 08:56:15 | INFO     | [DAY_START] Processing 04APR
[LF] Processing CAI-ELQ for 04APR
2026-01-17 08:56:15 | INFO     | [lf.day.start] Processing CAI-ELQ for 04APR
[LF] No direct flights on 04APR for CAI-ELQ
2026-01-17 08:56:16 | WARNING  | [lf.day.no_flights] No direct flights on 04APR
2026-01-17 08:56:16 | INFO     | [SUCCESS] Day 04APR
2026-01-17 08:56:16 | INFO     | [DAY_START] Processing 03APR
[LF] Processing CAI-ELQ for 03APR
2026-01-17 08:56:16 | INFO     | [lf.day.start] Processing CAI-ELQ for 03APR
[LF] 03APR: found 1 direct flights
2026-01-17 08:56:17 | INFO     | [lf.day.flights_found] Found 1 flights on 03APR
2026-01-17 08:56:19 | INFO     | [lf.flight.extracted] SM427 on 03APR: BKG=31, LF=17.3%
[LF] SM427 03APR: BKG=31, GRP=0, CAP=179, LF%=17.3%, Brd-Off=CAI-ELQ, Classes: I:5, O:9, U:4, X:12, T:1
[LF] Getting WEEKLY/LASTSOLD data for 1 flights
[LF] SM427 03APR: LASTSOLD=2026-01-14 00:00:00, WEEKLY=8, TODAY=0, YDAY=0
2026-01-17 08:56:22 | INFO     | [SUCCESS] Day 03APR
2026-01-17 08:56:22 | INFO     | [DAY_START] Processing 02APR
[LF] Processing CAI-ELQ for 02APR
2026-01-17 08:56:22 | INFO     | [lf.day.start] Processing CAI-ELQ for 02APR
[LF] No direct flights on 02APR for CAI-ELQ
2026-01-17 08:56:23 | WARNING  | [lf.day.no_flights] No direct flights on 02APR
2026-01-17 08:56:23 | INFO     | [SUCCESS] Day 02APR
[LF] Results summary:
  2026-04-09: 0 flights
  2026-04-08: 1 flights
  2026-04-07: 1 flights
  2026-04-06: 0 flights
  2026-04-05: 0 flights
  2026-04-04: 0 flights
  2026-04-03: 1 flights
  2026-04-02: 0 flights
2026-01-17 08:56:23 | INFO     | [SUCCESS] LF Search Complete

============================================================
[Worker_9227] ✓ COMPLETED: CAI-ELQ
  Results: 8 dates
  Errors: 0 dates
  Total Processed: 11 groups
============================================================

2026-01-17 08:56:23 | INFO     | [Worker_9227] Completed: CAI-ELQ - 8 results, 0 errors

============================================================
[Worker_9227] Processing: JED-CAI
  Tier 0: Range 3, Chunk 1/3
  Dates: 9 days
  Date Range: 2026-04-01 to 2026-03-24
============================================================

2026-01-17 08:56:23 | INFO     | [Worker_9227] Processing: JED-CAI
2026-01-17 08:56:23 | INFO     |   Tier 0: Range 3, Chunk 1/3 (9 days)
2026-01-17 08:56:23 | INFO     | ======================================================================
2026-01-17 08:56:23 | INFO     | Load Factor Scraper Started - Route: JED-CAI
2026-01-17 08:56:23 | INFO     | Log file: D:\CODERED\LAB\Artifacts\outputs\run_generated_170126_at_08.47_RETRY\logs\LF_JED-CAI_20260117_085623.log
2026-01-17 08:56:23 | INFO     | Enhanced logging: Capturing both logging.info() and print()
2026-01-17 08:56:23 | INFO     | ======================================================================
[LF] Processing dates (override): ['01APR', '31MAR', '30MAR', '29MAR', '28MAR', '27MAR', '26MAR', '25MAR', '24MAR']
[LF] Attaching to Chrome for Altea access
2026-01-17 08:56:23 | INFO     | Starting LF search for route: JED-CAI
2026-01-17 08:56:23 | INFO     | [START] LF Search
[LF][[OK] SUCCESS] Connected to Chrome on 127.0.0.1:9227 (after 1 attempts)
2026-01-17 08:56:24 | INFO     | [HEALTH CHECK] [OK] Chrome connection is healthy
[LF][[OK] SUCCESS] Found Amadeus Altea window: Altéa Reservation Desktop
[LF][[INFO] INFO] URL: https://tc212.resdesktop.altea.amadeus.com/app_ard/apf/init/login?SITE=ESMPESMP&LANGUAGE=GB&MARKETS=ARDW_PROD_WBP&ACTION=clpLogin
2026-01-17 08:56:24 | INFO     | [DAY_START] Processing 01APR
[LF] Processing JED-CAI for 01APR
2026-01-17 08:56:24 | INFO     | [lf.day.start] Processing JED-CAI for 01APR
[LF] 01APR: found 2 direct flights
2026-01-17 08:56:25 | INFO     | [lf.day.flights_found] Found 2 flights on 01APR
2026-01-17 08:56:27 | INFO     | [lf.flight.extracted] SM478 on 01APR: BKG=168, LF=96.0%
[LF] SM478 01APR: BKG=168, GRP=135, CAP=175, LF%=96.0%, Brd-Off=JED-CAI, Classes: P:135, I:17, O:16
2026-01-17 08:56:31 | INFO     | [lf.flight.extracted] SM476 on 01APR: BKG=168, LF=96.0%
[LF] SM476 01APR: BKG=168, GRP=135, CAP=175, LF%=96.0%, Brd-Off=JED-CAI, Classes: P:135, I:17, O:5, T:4, W:4, S:3
[LF] Getting WEEKLY/LASTSOLD data for 2 flights
[LF] SM478 01APR: LASTSOLD=2026-01-07 00:00:00, WEEKLY=0, TODAY=0, YDAY=0
[LF] SM476 01APR: LASTSOLD=2026-01-14 00:00:00, WEEKLY=3, TODAY=0, YDAY=0
2026-01-17 08:56:37 | INFO     | [SUCCESS] Day 01APR
2026-01-17 08:56:37 | INFO     | [DAY_START] Processing 31MAR
[LF] Processing JED-CAI for 31MAR
2026-01-17 08:56:37 | INFO     | [lf.day.start] Processing JED-CAI for 31MAR
[LF] 31MAR: found 3 direct flights
2026-01-17 08:56:38 | INFO     | [lf.day.flights_found] Found 3 flights on 31MAR
2026-01-17 08:56:40 | INFO     | [lf.flight.extracted] SM478 on 31MAR: BKG=168, LF=96.0%
[LF] SM478 31MAR: BKG=168, GRP=125, CAP=175, LF%=96.0%, Brd-Off=JED-CAI, Classes: P:125, I:17, O:17, U:8, K:1
2026-01-17 08:56:43 | INFO     | [lf.flight.extracted] SM476 on 31MAR: BKG=167, LF=95.4%
[LF] SM476 31MAR: BKG=167, GRP=135, CAP=175, LF%=95.4%, Brd-Off=JED-CAI, Classes: P:135, I:16, O:15, H:1
2026-01-17 08:56:46 | INFO     | [lf.flight.extracted] SM480 on 31MAR: BKG=165, LF=94.3%
[LF] SM480 31MAR: BKG=165, GRP=135, CAP=175, LF%=94.3%, Brd-Off=JED-CAI, Classes: P:135, I:16, O:12, Q:2
[LF] Getting WEEKLY/LASTSOLD data for 3 flights
[LF] SM478 31MAR: LASTSOLD=2026-01-09 00:00:00, WEEKLY=0, TODAY=0, YDAY=0
[LF] SM476 31MAR: LASTSOLD=2026-01-08 00:00:00, WEEKLY=0, TODAY=0, YDAY=0
[LF] SM480 31MAR: LASTSOLD=2026-01-15 00:00:00, WEEKLY=2, TODAY=0, YDAY=0
2026-01-17 08:56:57 | INFO     | [SUCCESS] Day 31MAR
2026-01-17 08:56:57 | INFO     | [DAY_START] Processing 30MAR
[LF] Processing JED-CAI for 30MAR
2026-01-17 08:56:57 | INFO     | [lf.day.start] Processing JED-CAI for 30MAR
[LF] 30MAR: found 4 direct flights
2026-01-17 08:56:58 | INFO     | [lf.day.flights_found] Found 4 flights on 30MAR
2026-01-17 08:57:01 | INFO     | [lf.flight.extracted] SM460 on 30MAR: BKG=167, LF=100.0%
[LF] SM460 30MAR: BKG=167, GRP=90, CAP=167, LF%=100.0%, Brd-Off=JED-CAI, Classes: P:90, I:17, O:17, U:17, X:17, T:4, G:5
[LPC] SM460 30MAR: Found 1 outbound flights with connecting passengers
2026-01-17 08:57:06 | INFO     | [lf.flight.extracted] SM478 on 30MAR: BKG=168, LF=96.0%
[LF] SM478 30MAR: BKG=168, GRP=90, CAP=175, LF%=96.0%, Brd-Off=JED-CAI, Classes: P:90, I:17, O:17, U:17, X:17, T:6, G:4
2026-01-17 08:57:10 | INFO     | [lf.flight.extracted] SM476 on 30MAR: BKG=257, LF=146.9%
[LF] SM476 30MAR: BKG=257, GRP=180, CAP=175, LF%=146.9%, Brd-Off=JED-CAI, Classes: P:180, I:17, O:17, U:17, X:17, K:9
[LPC] SM476 30MAR: Found 1 outbound flights with connecting passengers
2026-01-17 08:57:15 | INFO     | [lf.flight.extracted] SM480 on 30MAR: BKG=169, LF=96.6%
[LF] SM480 30MAR: BKG=169, GRP=135, CAP=175, LF%=96.6%, Brd-Off=JED-CAI, Classes: P:135, I:17, O:14, U:3
[LF] Getting WEEKLY/LASTSOLD data for 4 flights
[LF] SM460 30MAR: LASTSOLD=2026-01-09 00:00:00, WEEKLY=0, TODAY=0, YDAY=0
[LF] SM478 30MAR: LASTSOLD=2026-01-14 00:00:00, WEEKLY=4, TODAY=0, YDAY=0
[LF] SM476 30MAR: LASTSOLD=2026-01-06 00:00:00, WEEKLY=0, TODAY=0, YDAY=0
[LF] SM480 30MAR: LASTSOLD=2026-01-07 00:00:00, WEEKLY=0, TODAY=0, YDAY=0
2026-01-17 08:57:35 | INFO     | [SUCCESS] Day 30MAR
2026-01-17 08:57:35 | INFO     | [DAY_START] Processing 29MAR
[LF] Processing JED-CAI for 29MAR
2026-01-17 08:57:35 | INFO     | [lf.day.start] Processing JED-CAI for 29MAR
[LF] 29MAR: found 3 direct flights
2026-01-17 08:57:37 | INFO     | [lf.day.flights_found] Found 3 flights on 29MAR
2026-01-17 08:57:39 | INFO     | [lf.flight.extracted] SM424 on 29MAR: BKG=153, LF=87.4%
[LF] SM424 29MAR: BKG=153, GRP=53, CAP=175, LF%=87.4%, Brd-Off=JED-CAI, Classes: P:50, I:17, O:17, U:16, X:18, T:16, W:11, S:8
2026-01-17 08:57:43 | INFO     | [lf.flight.extracted] SM478 on 29MAR: BKG=168, LF=96.0%
[LF] SM478 29MAR: BKG=168, GRP=90, CAP=175, LF%=96.0%, Brd-Off=JED-CAI, Classes: P:90, I:17, O:17, U:16, X:18, T:9, G:1
2026-01-17 08:57:46 | INFO     | [lf.flight.extracted] SM476 on 29MAR: BKG=168, LF=96.0%
[LF] SM476 29MAR: BKG=168, GRP=90, CAP=175, LF%=96.0%, Brd-Off=JED-CAI, Classes: P:90, I:17, O:17, U:17, X:17, T:10
[LF] Getting WEEKLY/LASTSOLD data for 3 flights
[LF] SM424 29MAR: LASTSOLD=2026-01-07 00:00:00, WEEKLY=0, TODAY=0, YDAY=0
[LF] SM478 29MAR: LASTSOLD=2026-01-06 00:00:00, WEEKLY=0, TODAY=0, YDAY=0
[LF] SM476 29MAR: LASTSOLD=2026-01-10 00:00:00, WEEKLY=1, TODAY=0, YDAY=0
2026-01-17 08:58:00 | INFO     | [SUCCESS] Day 29MAR
2026-01-17 08:58:00 | INFO     | [DAY_START] Processing 28MAR
[LF] Processing JED-CAI for 28MAR
2026-01-17 08:58:00 | INFO     | [lf.day.start] Processing JED-CAI for 28MAR
[LF] 28MAR: found 7 direct flights
2026-01-17 08:58:01 | INFO     | [lf.day.flights_found] Found 7 flights on 28MAR
2026-01-17 08:58:03 | INFO     | [lf.flight.extracted] SM976 on 28MAR: BKG=170, LF=97.1%
[LF] SM976 28MAR: BKG=170, GRP=170, CAP=175, LF%=97.1%, Brd-Off=JED-CAI, Classes: P:170
2026-01-17 08:58:06 | INFO     | [lf.flight.extracted] SM450 on 28MAR: BKG=175, LF=100.0%
[LF] SM450 28MAR: BKG=175, GRP=170, CAP=175, LF%=100.0%, Brd-Off=JED-CAI, Classes: P:170, L:5
2026-01-17 08:58:09 | INFO     | [lf.flight.extracted] SM476 on 28MAR: BKG=144, LF=82.3%
[LF] SM476 28MAR: BKG=144, GRP=135, CAP=175, LF%=82.3%, Brd-Off=JED-CAI, Classes: P:135, L:9
2026-01-17 08:58:12 | INFO     | [lf.flight.extracted] SM2464 on 28MAR: BKG=175, LF=100.0%
[LF] SM2464 28MAR: BKG=175, GRP=175, CAP=175, LF%=100.0%, Brd-Off=JED-CAI, Classes: P:175
2026-01-17 08:58:16 | INFO     | [lf.flight.extracted] SM2466 on 28MAR: BKG=175, LF=100.0%
[LF] SM2466 28MAR: BKG=175, GRP=175, CAP=175, LF%=100.0%, Brd-Off=JED-CAI, Classes: P:175
2026-01-17 08:58:19 | INFO     | [lf.flight.extracted] SM478 on 28MAR: BKG=149, LF=85.1%
[LF] SM478 28MAR: BKG=149, GRP=135, CAP=175, LF%=85.1%, Brd-Off=JED-CAI, Classes: P:135, L:9, V:4, M:1
2026-01-17 08:58:22 | INFO     | [lf.flight.extracted] SM952 on 28MAR: BKG=170, LF=97.1%
[LF] SM952 28MAR: BKG=170, GRP=170, CAP=175, LF%=97.1%, Brd-Off=JED-CAI, Classes: P:170
[LF] Getting WEEKLY/LASTSOLD data for 7 flights
[LF] SM976 28MAR: LASTSOLD=2026-01-07 00:00:00, WEEKLY=0, TODAY=0, YDAY=0
[LF] SM450 28MAR: LASTSOLD=2026-01-12 00:00:00, WEEKLY=5, TODAY=0, YDAY=0
[LF] SM476 28MAR: LASTSOLD=2026-01-12 00:00:00, WEEKLY=8, TODAY=0, YDAY=0
[LF] SM2464 28MAR: LASTSOLD=2026-01-02 00:00:00, WEEKLY=0, TODAY=0, YDAY=0
[LF] SM2466 28MAR: LASTSOLD=2026-01-13 00:00:00, WEEKLY=2, TODAY=0, YDAY=0
[LF] SM478 28MAR: LASTSOLD=2026-01-16 00:00:00, WEEKLY=7, TODAY=0, YDAY=3
[LF] SM952 28MAR: LASTSOLD=2026-01-07 00:00:00, WEEKLY=0, TODAY=0, YDAY=0
2026-01-17 08:58:32 | INFO     | [SUCCESS] Day 28MAR
2026-01-17 08:58:32 | INFO     | [DAY_START] Processing 27MAR
[LF] Processing JED-CAI for 27MAR
2026-01-17 08:58:32 | INFO     | [lf.day.start] Processing JED-CAI for 27MAR
[LF] 27MAR: found 6 direct flights
2026-01-17 08:58:33 | INFO     | [lf.day.flights_found] Found 6 flights on 27MAR
2026-01-17 08:58:35 | INFO     | [lf.flight.extracted] SM424 on 27MAR: BKG=149, LF=85.1%
[LF] SM424 27MAR: BKG=149, GRP=135, CAP=175, LF%=85.1%, Brd-Off=JED-CAI, Classes: P:135, L:9, K:5
[LPC] SM424 27MAR: Found 3 outbound flights with connecting passengers
2026-01-17 08:58:40 | INFO     | [lf.flight.extracted] SM476 on 27MAR: BKG=144, LF=82.3%
[LF] SM476 27MAR: BKG=144, GRP=135, CAP=175, LF%=82.3%, Brd-Off=JED-CAI, Classes: P:135, L:9
2026-01-17 08:58:43 | INFO     | [lf.flight.extracted] SM478 on 27MAR: BKG=144, LF=82.3%
[LF] SM478 27MAR: BKG=144, GRP=135, CAP=175, LF%=82.3%, Brd-Off=JED-CAI, Classes: P:135, L:9
2026-01-17 08:58:46 | INFO     | [lf.flight.extracted] SM480 on 27MAR: BKG=175, LF=100.0%
[LF] SM480 27MAR: BKG=175, GRP=165, CAP=175, LF%=100.0%, Brd-Off=JED-CAI, Classes: P:165, L:9, K:1
2026-01-17 08:58:49 | INFO     | [lf.flight.extracted] SM472 on 27MAR: BKG=148, LF=84.6%
[LF] SM472 27MAR: BKG=148, GRP=135, CAP=175, LF%=84.6%, Brd-Off=JED-CAI, Classes: P:135, L:9, V:4
2026-01-17 08:58:52 | INFO     | [lf.flight.extracted] SM460 on 27MAR: BKG=144, LF=86.2%
[LF] SM460 27MAR: BKG=144, GRP=135, CAP=167, LF%=86.2%, Brd-Off=JED-CAI, Classes: P:135, L:9
[LF] Getting WEEKLY/LASTSOLD data for 6 flights
[LF] SM424 27MAR: LASTSOLD=2026-01-15 00:00:00, WEEKLY=8, TODAY=0, YDAY=0
[LF] SM476 27MAR: LASTSOLD=2026-01-15 00:00:00, WEEKLY=8, TODAY=0, YDAY=0
[LF] SM478 27MAR: LASTSOLD=2026-01-13 00:00:00, WEEKLY=9, TODAY=0, YDAY=0
[LF] SM480 27MAR: LASTSOLD=2026-01-12 00:00:00, WEEKLY=1, TODAY=0, YDAY=0
[LF] SM472 27MAR: LASTSOLD=2026-01-15 00:00:00, WEEKLY=7, TODAY=0, YDAY=0
[LF] SM460 27MAR: LASTSOLD=2026-01-13 00:00:00, WEEKLY=1, TODAY=0, YDAY=0
2026-01-17 08:59:01 | INFO     | [SUCCESS] Day 27MAR
2026-01-17 08:59:01 | INFO     | [DAY_START] Processing 26MAR
[LF] Processing JED-CAI for 26MAR
2026-01-17 08:59:01 | INFO     | [lf.day.start] Processing JED-CAI for 26MAR
[LF] 26MAR: found 8 direct flights
2026-01-17 08:59:02 | INFO     | [lf.day.flights_found] Found 8 flights on 26MAR
2026-01-17 08:59:04 | INFO     | [lf.flight.extracted] SM424 on 26MAR: BKG=174, LF=99.4%
[LF] SM424 26MAR: BKG=174, GRP=165, CAP=175, LF%=99.4%, Brd-Off=JED-CAI, Classes: P:165, L:9
2026-01-17 08:59:08 | INFO     | [lf.flight.extracted] SM472 on 26MAR: BKG=183, LF=104.6%
[LF] SM472 26MAR: BKG=183, GRP=180, CAP=175, LF%=104.6%, Brd-Off=JED-CAI, Classes: P:180, L:3
2026-01-17 08:59:11 | INFO     | [lf.flight.extracted] SM450 on 26MAR: BKG=171, LF=97.7%
[LF] SM450 26MAR: BKG=171, GRP=170, CAP=175, LF%=97.7%, Brd-Off=JED-CAI, Classes: P:170, L:1
2026-01-17 08:59:14 | INFO     | [lf.flight.extracted] SM2476 on 26MAR: BKG=175, LF=100.0%
[LF] SM2476 26MAR: BKG=175, GRP=175, CAP=175, LF%=100.0%, Brd-Off=JED-CAI, Classes: P:175
2026-01-17 08:59:17 | INFO     | [lf.flight.extracted] SM476 on 26MAR: BKG=170, LF=97.1%
[LF] SM476 26MAR: BKG=170, GRP=170, CAP=175, LF%=97.1%, Brd-Off=JED-CAI, Classes: P:170
2026-01-17 08:59:20 | INFO     | [lf.flight.extracted] SM432 on 26MAR: BKG=171, LF=97.7%
[LF] SM432 26MAR: BKG=171, GRP=170, CAP=175, LF%=97.7%, Brd-Off=JED-CAI, Classes: P:170, L:1
2026-01-17 08:59:24 | INFO     | [lf.flight.extracted] SM478 on 26MAR: BKG=159, LF=90.9%
[LF] SM478 26MAR: BKG=159, GRP=135, CAP=175, LF%=90.9%, Brd-Off=JED-CAI, Classes: P:135, L:9, V:7, K:8
[LPC] SM478 26MAR: Found 1 outbound flights with connecting passengers
2026-01-17 08:59:29 | INFO     | [lf.flight.extracted] SM480 on 26MAR: BKG=152, LF=86.9%
[LF] SM480 26MAR: BKG=152, GRP=135, CAP=175, LF%=86.9%, Brd-Off=JED-CAI, Classes: P:135, L:9, V:7, K:1
[LPC] SM480 26MAR: Found 0 outbound flights with connecting passengers
[LF] Getting WEEKLY/LASTSOLD data for 8 flights
[LF] SM424 26MAR: LASTSOLD=2026-01-12 00:00:00, WEEKLY=1, TODAY=0, YDAY=0
[LF] SM472 26MAR: LASTSOLD=2026-01-07 00:00:00, WEEKLY=0, TODAY=0, YDAY=0
[LF] SM450 26MAR: LASTSOLD=2026-01-07 00:00:00, WEEKLY=0, TODAY=0, YDAY=0
[LF] SM2476 26MAR: LASTSOLD=2026-01-14 00:00:00, WEEKLY=4, TODAY=0, YDAY=0
[LF] SM476 26MAR: LASTSOLD=2026-01-07 00:00:00, WEEKLY=0, TODAY=0, YDAY=0
[LF] SM432 26MAR: LASTSOLD=2026-01-07 00:00:00, WEEKLY=0, TODAY=0, YDAY=0
[LF] SM478 26MAR: LASTSOLD=2026-01-16 00:00:00, WEEKLY=12, TODAY=0, YDAY=5
[LF] SM480 26MAR: LASTSOLD=2026-01-13 00:00:00, WEEKLY=7, TODAY=0, YDAY=0
2026-01-17 08:59:44 | INFO     | [SUCCESS] Day 26MAR
2026-01-17 08:59:44 | INFO     | [DAY_START] Processing 25MAR
[LF] Processing JED-CAI for 25MAR
2026-01-17 08:59:44 | INFO     | [lf.day.start] Processing JED-CAI for 25MAR
[LF] 25MAR: found 7 direct flights
2026-01-17 08:59:45 | INFO     | [lf.day.flights_found] Found 7 flights on 25MAR
2026-01-17 08:59:47 | INFO     | [lf.flight.extracted] SM976 on 25MAR: BKG=170, LF=101.8%
[LF] SM976 25MAR: BKG=170, GRP=170, CAP=167, LF%=101.8%, Brd-Off=JED-CAI, Classes: P:170
2026-01-17 08:59:51 | INFO     | [lf.flight.extracted] SM2478 on 25MAR: BKG=175, LF=100.0%
[LF] SM2478 25MAR: BKG=175, GRP=175, CAP=175, LF%=100.0%, Brd-Off=JED-CAI, Classes: P:175
2026-01-17 08:59:54 | INFO     | [lf.flight.extracted] SM476 on 25MAR: BKG=156, LF=89.1%
[LF] SM476 25MAR: BKG=156, GRP=135, CAP=175, LF%=89.1%, Brd-Off=JED-CAI, Classes: P:135, L:9, V:8, K:4
2026-01-17 08:59:57 | INFO     | [lf.flight.extracted] SM460 on 25MAR: BKG=152, LF=91.0%
[LF] SM460 25MAR: BKG=152, GRP=135, CAP=167, LF%=91.0%, Brd-Off=JED-CAI, Classes: P:135, L:9, V:8
2026-01-17 09:00:00 | INFO     | [lf.flight.extracted] SM478 on 25MAR: BKG=154, LF=88.0%
[LF] SM478 25MAR: BKG=154, GRP=135, CAP=175, LF%=88.0%, Brd-Off=JED-CAI, Classes: P:135, L:9, V:8, K:2
[LPC] SM478 25MAR: Found 1 outbound flights with connecting passengers
2026-01-17 09:00:05 | INFO     | [lf.flight.extracted] SM2480 on 25MAR: BKG=175, LF=100.0%
[LF] SM2480 25MAR: BKG=175, GRP=175, CAP=175, LF%=100.0%, Brd-Off=JED-CAI, Classes: P:175
2026-01-17 09:00:08 | INFO     | [lf.flight.extracted] SM2462 on 25MAR: BKG=175, LF=100.0%
[LF] SM2462 25MAR: BKG=175, GRP=175, CAP=175, LF%=100.0%, Brd-Off=JED-CAI, Classes: P:175
[LF] Getting WEEKLY/LASTSOLD data for 7 flights
[LF] SM976 25MAR: LASTSOLD=2026-01-07 00:00:00, WEEKLY=0, TODAY=0, YDAY=0
[LF] SM2478 25MAR: LASTSOLD=2026-01-02 00:00:00, WEEKLY=0, TODAY=0, YDAY=0
[LF] SM476 25MAR: LASTSOLD=2026-01-16 00:00:00, WEEKLY=6, TODAY=0, YDAY=4
[LF] SM460 25MAR: LASTSOLD=2026-01-16 00:00:00, WEEKLY=1, TODAY=0, YDAY=1
[LF] SM478 25MAR: LASTSOLD=2026-01-16 00:00:00, WEEKLY=5, TODAY=0, YDAY=1
[LF] SM2480 25MAR: LASTSOLD=2026-01-02 00:00:00, WEEKLY=0, TODAY=0, YDAY=0
[LF] SM2462 25MAR: LASTSOLD=2026-01-02 00:00:00, WEEKLY=0, TODAY=0, YDAY=0
2026-01-17 09:00:22 | INFO     | [SUCCESS] Day 25MAR
2026-01-17 09:00:22 | INFO     | [DAY_START] Processing 24MAR
[LF] Processing JED-CAI for 24MAR
2026-01-17 09:00:22 | INFO     | [lf.day.start] Processing JED-CAI for 24MAR
[LF] 24MAR: found 7 direct flights
2026-01-17 09:00:23 | INFO     | [lf.day.flights_found] Found 7 flights on 24MAR
2026-01-17 09:00:25 | INFO     | [lf.flight.extracted] SM472 on 24MAR: BKG=172, LF=98.3%
[LF] SM472 24MAR: BKG=172, GRP=170, CAP=175, LF%=98.3%, Brd-Off=JED-CAI, Classes: P:170, L:2
2026-01-17 09:00:28 | INFO     | [lf.flight.extracted] SM2482 on 24MAR: BKG=180, LF=102.9%
[LF] SM2482 24MAR: BKG=180, GRP=180, CAP=175, LF%=102.9%, Brd-Off=JED-CAI, Classes: P:180
2026-01-17 09:00:31 | INFO     | [lf.flight.extracted] SM480 on 24MAR: BKG=177, LF=101.1%
[LF] SM480 24MAR: BKG=177, GRP=175, CAP=175, LF%=101.1%, Brd-Off=JED-CAI, Classes: P:175, L:1, K:1
2026-01-17 09:00:34 | INFO     | [lf.flight.extracted] SM478 on 24MAR: BKG=154, LF=88.0%
[LF] SM478 24MAR: BKG=154, GRP=135, CAP=175, LF%=88.0%, Brd-Off=JED-CAI, Classes: P:135, L:9, V:8, K:2
[LPC] SM478 24MAR: Found 1 outbound flights with connecting passengers
2026-01-17 09:00:38 | INFO     | [lf.flight.extracted] SM460 on 24MAR: BKG=154, LF=92.2%
[LF] SM460 24MAR: BKG=154, GRP=135, CAP=167, LF%=92.2%, Brd-Off=JED-CAI, Classes: P:135, L:9, V:8, K:2
2026-01-17 09:00:41 | INFO     | [lf.flight.extracted] SM424 on 24MAR: BKG=157, LF=89.7%
[LF] SM424 24MAR: BKG=157, GRP=135, CAP=175, LF%=89.7%, Brd-Off=JED-CAI, Classes: P:135, L:9, V:8, K:5
[LPC] SM424 24MAR: Found 0 outbound flights with connecting passengers
2026-01-17 09:00:46 | INFO     | [lf.flight.extracted] SM476 on 24MAR: BKG=151, LF=86.3%
[LF] SM476 24MAR: BKG=151, GRP=135, CAP=175, LF%=86.3%, Brd-Off=JED-CAI, Classes: P:135, L:9, V:6, B:1
[LPC] SM476 24MAR: Found 0 outbound flights with connecting passengers
[LF] Getting WEEKLY/LASTSOLD data for 7 flights
[LF] SM472 24MAR: LASTSOLD=2026-01-07 00:00:00, WEEKLY=0, TODAY=0, YDAY=0
[LF] SM2482 24MAR: LASTSOLD=2026-01-13 00:00:00, WEEKLY=4, TODAY=0, YDAY=0
[LF] SM480 24MAR: LASTSOLD=2026-01-06 00:00:00, WEEKLY=0, TODAY=0, YDAY=0
[LF] SM478 24MAR: LASTSOLD=2026-01-17 00:00:00, WEEKLY=5, TODAY=2, YDAY=0
[LF] SM460 24MAR: LASTSOLD=2026-01-11 00:00:00, WEEKLY=1, TODAY=0, YDAY=0
[LF] SM424 24MAR: LASTSOLD=2026-01-16 00:00:00, WEEKLY=9, TODAY=0, YDAY=1
[LF] SM476 24MAR: LASTSOLD=2026-01-17 00:00:00, WEEKLY=4, TODAY=1, YDAY=0
2026-01-17 09:01:01 | INFO     | [SUCCESS] Day 24MAR
[LF] Results summary:
  2026-04-01: 2 flights
  2026-03-31: 3 flights
  2026-03-30: 4 flights
  2026-03-29: 3 flights
  2026-03-28: 7 flights
  2026-03-27: 6 flights
  2026-03-26: 8 flights
  2026-03-25: 7 flights
  2026-03-24: 7 flights
2026-01-17 09:01:01 | INFO     | [SUCCESS] LF Search Complete

============================================================
[Worker_9227] ✓ COMPLETED: JED-CAI
  Results: 9 dates
  Errors: 0 dates
  Total Processed: 12 groups
============================================================

2026-01-17 09:01:01 | INFO     | [Worker_9227] Completed: JED-CAI - 9 results, 0 errors

============================================================
[Worker_9227] Processing: DMM-CAI
  Tier 0: Range 3, Chunk 2/3
  Dates: 8 days
  Date Range: 2026-03-23 to 2026-03-16
============================================================

2026-01-17 09:01:01 | INFO     | [Worker_9227] Processing: DMM-CAI
2026-01-17 09:01:01 | INFO     |   Tier 0: Range 3, Chunk 2/3 (8 days)
2026-01-17 09:01:01 | INFO     | ======================================================================
2026-01-17 09:01:01 | INFO     | Load Factor Scraper Started - Route: DMM-CAI
2026-01-17 09:01:01 | INFO     | Log file: D:\CODERED\LAB\Artifacts\outputs\run_generated_170126_at_08.47_RETRY\logs\LF_DMM-CAI_20260117_090101.log
2026-01-17 09:01:01 | INFO     | Enhanced logging: Capturing both logging.info() and print()
2026-01-17 09:01:01 | INFO     | ======================================================================
[LF] Processing dates (override): ['23MAR', '22MAR', '21MAR', '20MAR', '19MAR', '18MAR', '17MAR', '16MAR']
[LF] Attaching to Chrome for Altea access
2026-01-17 09:01:01 | INFO     | Starting LF search for route: DMM-CAI
2026-01-17 09:01:01 | INFO     | [START] LF Search
[LF][[OK] SUCCESS] Connected to Chrome on 127.0.0.1:9227 (after 1 attempts)
2026-01-17 09:01:02 | INFO     | [HEALTH CHECK] [OK] Chrome connection is healthy
[LF][[OK] SUCCESS] Found Amadeus Altea window: Altéa Reservation Desktop
[LF][[INFO] INFO] URL: https://tc212.resdesktop.altea.amadeus.com/app_ard/apf/init/login?SITE=ESMPESMP&LANGUAGE=GB&MARKETS=ARDW_PROD_WBP&ACTION=clpLogin
2026-01-17 09:01:02 | INFO     | [DAY_START] Processing 23MAR
[LF] Processing DMM-CAI for 23MAR
2026-01-17 09:01:02 | INFO     | [lf.day.start] Processing DMM-CAI for 23MAR
[LF] No direct flights on 23MAR for DMM-CAI
2026-01-17 09:01:07 | WARNING  | [lf.day.no_flights] No direct flights on 23MAR
2026-01-17 09:01:07 | INFO     | [SUCCESS] Day 23MAR
2026-01-17 09:01:07 | INFO     | [DAY_START] Processing 22MAR
[LF] Processing DMM-CAI for 22MAR
2026-01-17 09:01:07 | INFO     | [lf.day.start] Processing DMM-CAI for 22MAR
[LF] No direct flights on 22MAR for DMM-CAI
2026-01-17 09:01:08 | WARNING  | [lf.day.no_flights] No direct flights on 22MAR
2026-01-17 09:01:08 | INFO     | [SUCCESS] Day 22MAR
2026-01-17 09:01:08 | INFO     | [DAY_START] Processing 21MAR
[LF] Processing DMM-CAI for 21MAR
2026-01-17 09:01:08 | INFO     | [lf.day.start] Processing DMM-CAI for 21MAR
[LF] 21MAR: found 1 direct flights
2026-01-17 09:01:09 | INFO     | [lf.day.flights_found] Found 1 flights on 21MAR
2026-01-17 09:01:11 | INFO     | [lf.flight.extracted] SM434 on 21MAR: BKG=20, LF=11.9%
[LF] SM434 21MAR: BKG=20, GRP=0, CAP=168, LF%=11.9%, Brd-Off=DMM-CAI, Classes: W:4, S:5, G:11
[LF] Getting WEEKLY/LASTSOLD data for 1 flights
[LF] SM434 21MAR: LASTSOLD=2026-01-16 00:00:00, WEEKLY=1, TODAY=0, YDAY=1
2026-01-17 09:01:14 | INFO     | [SUCCESS] Day 21MAR
2026-01-17 09:01:14 | INFO     | [DAY_START] Processing 20MAR
[LF] Processing DMM-CAI for 20MAR
2026-01-17 09:01:14 | INFO     | [lf.day.start] Processing DMM-CAI for 20MAR
[LF] 20MAR: found 1 direct flights
2026-01-17 09:01:15 | INFO     | [lf.day.flights_found] Found 1 flights on 20MAR
2026-01-17 09:01:17 | INFO     | [lf.flight.extracted] SM434 on 20MAR: BKG=0, LF=0.0%
[LF] SM434 20MAR: BKG=0, GRP=0, CAP=175, LF%=0.0%, Brd-Off=DMM-CAI
2026-01-17 09:01:18 | INFO     | [SUCCESS] Day 20MAR
2026-01-17 09:01:18 | INFO     | [DAY_START] Processing 19MAR
[LF] Processing DMM-CAI for 19MAR
2026-01-17 09:01:18 | INFO     | [lf.day.start] Processing DMM-CAI for 19MAR
[LF] 19MAR: found 1 direct flights
2026-01-17 09:01:19 | INFO     | [lf.day.flights_found] Found 1 flights on 19MAR
2026-01-17 09:01:21 | INFO     | [lf.flight.extracted] SM434 on 19MAR: BKG=10, LF=5.7%
[LF] SM434 19MAR: BKG=10, GRP=0, CAP=175, LF%=5.7%, Brd-Off=DMM-CAI, Classes: X:3, S:2, K:5
[LF] Getting WEEKLY/LASTSOLD data for 1 flights
[LF] SM434 19MAR: LASTSOLD=2026-01-15 00:00:00, WEEKLY=5, TODAY=0, YDAY=0
2026-01-17 09:01:24 | INFO     | [SUCCESS] Day 19MAR
2026-01-17 09:01:24 | INFO     | [DAY_START] Processing 18MAR
[LF] Processing DMM-CAI for 18MAR
2026-01-17 09:01:24 | INFO     | [lf.day.start] Processing DMM-CAI for 18MAR
[LF] No direct flights on 18MAR for DMM-CAI
2026-01-17 09:01:25 | WARNING  | [lf.day.no_flights] No direct flights on 18MAR
2026-01-17 09:01:25 | INFO     | [SUCCESS] Day 18MAR
2026-01-17 09:01:25 | INFO     | [DAY_START] Processing 17MAR
[LF] Processing DMM-CAI for 17MAR
2026-01-17 09:01:25 | INFO     | [lf.day.start] Processing DMM-CAI for 17MAR
[LF] 17MAR: found 1 direct flights
2026-01-17 09:01:26 | INFO     | [lf.day.flights_found] Found 1 flights on 17MAR
2026-01-17 09:01:28 | INFO     | [lf.flight.extracted] SM434 on 17MAR: BKG=6, LF=3.6%
[LF] SM434 17MAR: BKG=6, GRP=0, CAP=168, LF%=3.6%, Brd-Off=DMM-CAI, Classes: W:1, K:4, Q:1
[LPC] SM434 17MAR: Found 1 outbound flights with connecting passengers
[LF] Getting WEEKLY/LASTSOLD data for 1 flights
[LF] SM434 17MAR: LASTSOLD=2026-01-16 00:00:00, WEEKLY=4, TODAY=0, YDAY=1
2026-01-17 09:01:31 | INFO     | [SUCCESS] Day 17MAR
2026-01-17 09:01:31 | INFO     | [DAY_START] Processing 16MAR
[LF] Processing DMM-CAI for 16MAR
2026-01-17 09:01:31 | INFO     | [lf.day.start] Processing DMM-CAI for 16MAR
[LF] No direct flights on 16MAR for DMM-CAI
2026-01-17 09:01:32 | WARNING  | [lf.day.no_flights] No direct flights on 16MAR
2026-01-17 09:01:32 | INFO     | [SUCCESS] Day 16MAR
[LF] Results summary:
  2026-03-23: 0 flights
  2026-03-22: 0 flights
  2026-03-21: 1 flights
  2026-03-20: 1 flights
  2026-03-19: 1 flights
  2026-03-18: 0 flights
  2026-03-17: 1 flights
  2026-03-16: 0 flights
2026-01-17 09:01:32 | INFO     | [SUCCESS] LF Search Complete

============================================================
[Worker_9227] ✓ COMPLETED: DMM-CAI
  Results: 8 dates
  Errors: 0 dates
  Total Processed: 13 groups
============================================================

2026-01-17 09:01:32 | INFO     | [Worker_9227] Completed: DMM-CAI - 8 results, 0 errors

============================================================
[Worker_9227] Processing: AJF-CAI
  Tier 0: Range 3, Chunk 2/3
  Dates: 8 days
  Date Range: 2026-03-23 to 2026-03-16
============================================================

2026-01-17 09:01:32 | INFO     | [Worker_9227] Processing: AJF-CAI
2026-01-17 09:01:32 | INFO     |   Tier 0: Range 3, Chunk 2/3 (8 days)
2026-01-17 09:01:32 | INFO     | ======================================================================
2026-01-17 09:01:32 | INFO     | Load Factor Scraper Started - Route: AJF-CAI
2026-01-17 09:01:32 | INFO     | Log file: D:\CODERED\LAB\Artifacts\outputs\run_generated_170126_at_08.47_RETRY\logs\LF_AJF-CAI_20260117_090132.log
2026-01-17 09:01:32 | INFO     | Enhanced logging: Capturing both logging.info() and print()
2026-01-17 09:01:32 | INFO     | ======================================================================
[LF] Processing dates (override): ['23MAR', '22MAR', '21MAR', '20MAR', '19MAR', '18MAR', '17MAR', '16MAR']
[LF] Attaching to Chrome for Altea access
2026-01-17 09:01:32 | INFO     | Starting LF search for route: AJF-CAI
2026-01-17 09:01:32 | INFO     | [START] LF Search
[LF][[OK] SUCCESS] Connected to Chrome on 127.0.0.1:9227 (after 1 attempts)
2026-01-17 09:01:33 | INFO     | [HEALTH CHECK] [OK] Chrome connection is healthy
[LF][[OK] SUCCESS] Found Amadeus Altea window: Altéa Reservation Desktop
[LF][[INFO] INFO] URL: https://tc212.resdesktop.altea.amadeus.com/app_ard/apf/init/login?SITE=ESMPESMP&LANGUAGE=GB&MARKETS=ARDW_PROD_WBP&ACTION=clpLogin
2026-01-17 09:01:33 | INFO     | [DAY_START] Processing 23MAR
[LF] Processing AJF-CAI for 23MAR
2026-01-17 09:01:33 | INFO     | [lf.day.start] Processing AJF-CAI for 23MAR
[LF] No direct flights on 23MAR for AJF-CAI
2026-01-17 09:01:34 | WARNING  | [lf.day.no_flights] No direct flights on 23MAR
2026-01-17 09:01:34 | INFO     | [SUCCESS] Day 23MAR
2026-01-17 09:01:34 | INFO     | [DAY_START] Processing 22MAR
[LF] Processing AJF-CAI for 22MAR
2026-01-17 09:01:34 | INFO     | [lf.day.start] Processing AJF-CAI for 22MAR
[LF] No direct flights on 22MAR for AJF-CAI
2026-01-17 09:01:35 | WARNING  | [lf.day.no_flights] No direct flights on 22MAR
2026-01-17 09:01:36 | INFO     | [SUCCESS] Day 22MAR
2026-01-17 09:01:36 | INFO     | [DAY_START] Processing 21MAR
[LF] Processing AJF-CAI for 21MAR
2026-01-17 09:01:36 | INFO     | [lf.day.start] Processing AJF-CAI for 21MAR
[LF] 21MAR: found 1 direct flights
2026-01-17 09:01:37 | INFO     | [lf.day.flights_found] Found 1 flights on 21MAR
2026-01-17 09:01:38 | INFO     | [lf.flight.extracted] SM322 on 21MAR: BKG=8, LF=4.6%
[LF] SM322 21MAR: BKG=8, GRP=0, CAP=175, LF%=4.6%, Brd-Off=AJF-CAI, Classes: W:1, S:7
[LF] Getting WEEKLY/LASTSOLD data for 1 flights
[LF] SM322 21MAR: LASTSOLD=2026-01-12 00:00:00, WEEKLY=2, TODAY=0, YDAY=0
2026-01-17 09:01:41 | INFO     | [SUCCESS] Day 21MAR
2026-01-17 09:01:41 | INFO     | [DAY_START] Processing 20MAR
[LF] Processing AJF-CAI for 20MAR
2026-01-17 09:01:41 | INFO     | [lf.day.start] Processing AJF-CAI for 20MAR
[LF] No direct flights on 20MAR for AJF-CAI
2026-01-17 09:01:42 | WARNING  | [lf.day.no_flights] No direct flights on 20MAR
2026-01-17 09:01:42 | INFO     | [SUCCESS] Day 20MAR
2026-01-17 09:01:42 | INFO     | [DAY_START] Processing 19MAR
[LF] Processing AJF-CAI for 19MAR
2026-01-17 09:01:42 | INFO     | [lf.day.start] Processing AJF-CAI for 19MAR
[LF] 19MAR: found 1 direct flights
2026-01-17 09:01:43 | INFO     | [lf.day.flights_found] Found 1 flights on 19MAR
2026-01-17 09:01:45 | INFO     | [lf.flight.extracted] SM322 on 19MAR: BKG=5, LF=2.9%
[LF] SM322 19MAR: BKG=5, GRP=0, CAP=175, LF%=2.9%, Brd-Off=AJF-CAI, Classes: V:4, M:1
[LF] Getting WEEKLY/LASTSOLD data for 1 flights
[LF] SM322 19MAR: LASTSOLD=2026-01-12 00:00:00, WEEKLY=1, TODAY=0, YDAY=0
2026-01-17 09:01:47 | INFO     | [SUCCESS] Day 19MAR
2026-01-17 09:01:47 | INFO     | [DAY_START] Processing 18MAR
[LF] Processing AJF-CAI for 18MAR
2026-01-17 09:01:47 | INFO     | [lf.day.start] Processing AJF-CAI for 18MAR
[LF] No direct flights on 18MAR for AJF-CAI
2026-01-17 09:01:48 | WARNING  | [lf.day.no_flights] No direct flights on 18MAR
2026-01-17 09:01:48 | INFO     | [SUCCESS] Day 18MAR
2026-01-17 09:01:48 | INFO     | [DAY_START] Processing 17MAR
[LF] Processing AJF-CAI for 17MAR
2026-01-17 09:01:48 | INFO     | [lf.day.start] Processing AJF-CAI for 17MAR
[LF] 17MAR: found 1 direct flights
2026-01-17 09:01:49 | INFO     | [lf.day.flights_found] Found 1 flights on 17MAR
2026-01-17 09:01:51 | INFO     | [lf.flight.extracted] SM322 on 17MAR: BKG=8, LF=4.6%
[LF] SM322 17MAR: BKG=8, GRP=0, CAP=175, LF%=4.6%, Brd-Off=AJF-CAI, Classes: W:1, K:5, M:2
[LPC] SM322 17MAR: Found 1 outbound flights with connecting passengers
[LF] Getting WEEKLY/LASTSOLD data for 1 flights
[LF] SM322 17MAR: LASTSOLD=2025-09-25 00:00:00, WEEKLY=0, TODAY=0, YDAY=0
2026-01-17 09:01:54 | INFO     | [SUCCESS] Day 17MAR
2026-01-17 09:01:54 | INFO     | [DAY_START] Processing 16MAR
[LF] Processing AJF-CAI for 16MAR
2026-01-17 09:01:54 | INFO     | [lf.day.start] Processing AJF-CAI for 16MAR
[LF] No direct flights on 16MAR for AJF-CAI
2026-01-17 09:01:56 | WARNING  | [lf.day.no_flights] No direct flights on 16MAR
2026-01-17 09:01:56 | INFO     | [SUCCESS] Day 16MAR
[LF] Results summary:
  2026-03-23: 0 flights
  2026-03-22: 0 flights
  2026-03-21: 1 flights
  2026-03-20: 0 flights
  2026-03-19: 1 flights
  2026-03-18: 0 flights
  2026-03-17: 1 flights
  2026-03-16: 0 flights
2026-01-17 09:01:56 | INFO     | [SUCCESS] LF Search Complete

============================================================
[Worker_9227] ✓ COMPLETED: AJF-CAI
  Results: 8 dates
  Errors: 0 dates
  Total Processed: 14 groups
============================================================

2026-01-17 09:01:56 | INFO     | [Worker_9227] Completed: AJF-CAI - 8 results, 0 errors

============================================================
[Worker_9227] Processing: ELQ-ATZ
  Tier 0: Range 3, Chunk 2/3
  Dates: 8 days
  Date Range: 2026-03-23 to 2026-03-16
============================================================

2026-01-17 09:01:56 | INFO     | [Worker_9227] Processing: ELQ-ATZ
2026-01-17 09:01:56 | INFO     |   Tier 0: Range 3, Chunk 2/3 (8 days)
2026-01-17 09:01:56 | INFO     | ======================================================================
2026-01-17 09:01:56 | INFO     | Load Factor Scraper Started - Route: ELQ-ATZ
2026-01-17 09:01:56 | INFO     | Log file: D:\CODERED\LAB\Artifacts\outputs\run_generated_170126_at_08.47_RETRY\logs\LF_ELQ-ATZ_20260117_090156.log
2026-01-17 09:01:56 | INFO     | Enhanced logging: Capturing both logging.info() and print()
2026-01-17 09:01:56 | INFO     | ======================================================================
[LF] Processing dates (override): ['23MAR', '22MAR', '21MAR', '20MAR', '19MAR', '18MAR', '17MAR', '16MAR']
[LF] Attaching to Chrome for Altea access
2026-01-17 09:01:56 | INFO     | Starting LF search for route: ELQ-ATZ
2026-01-17 09:01:56 | INFO     | [START] LF Search
[LF][[OK] SUCCESS] Connected to Chrome on 127.0.0.1:9227 (after 1 attempts)
2026-01-17 09:01:57 | INFO     | [HEALTH CHECK] [OK] Chrome connection is healthy
[LF][[OK] SUCCESS] Found Amadeus Altea window: Altéa Reservation Desktop
[LF][[INFO] INFO] URL: https://tc212.resdesktop.altea.amadeus.com/app_ard/apf/init/login?SITE=ESMPESMP&LANGUAGE=GB&MARKETS=ARDW_PROD_WBP&ACTION=clpLogin
2026-01-17 09:01:57 | INFO     | [DAY_START] Processing 23MAR
[LF] Processing ELQ-ATZ for 23MAR
2026-01-17 09:01:57 | INFO     | [lf.day.start] Processing ELQ-ATZ for 23MAR
[LF] No direct flights on 23MAR for ELQ-ATZ
2026-01-17 09:01:58 | WARNING  | [lf.day.no_flights] No direct flights on 23MAR
2026-01-17 09:01:58 | INFO     | [SUCCESS] Day 23MAR
2026-01-17 09:01:58 | INFO     | [DAY_START] Processing 22MAR
[LF] Processing ELQ-ATZ for 22MAR
2026-01-17 09:01:58 | INFO     | [lf.day.start] Processing ELQ-ATZ for 22MAR
[LF] No direct flights on 22MAR for ELQ-ATZ
2026-01-17 09:01:59 | WARNING  | [lf.day.no_flights] No direct flights on 22MAR
2026-01-17 09:01:59 | INFO     | [SUCCESS] Day 22MAR
2026-01-17 09:01:59 | INFO     | [DAY_START] Processing 21MAR
[LF] Processing ELQ-ATZ for 21MAR
2026-01-17 09:01:59 | INFO     | [lf.day.start] Processing ELQ-ATZ for 21MAR
[LF] 21MAR: found 1 direct flights
2026-01-17 09:02:00 | INFO     | [lf.day.flights_found] Found 1 flights on 21MAR
2026-01-17 09:02:02 | INFO     | [lf.flight.extracted] SM436 on 21MAR: BKG=19, LF=10.9%
[LF] SM436 21MAR: BKG=19, GRP=0, CAP=175, LF%=10.9%, Brd-Off=ELQ-ATZ, Classes: I:8, O:6, U:1, W:1, S:3
[LPC] SM436 21MAR: Found 0 outbound flights with connecting passengers
[LF] Getting WEEKLY/LASTSOLD data for 1 flights
[LF] SM436 21MAR: LASTSOLD=2026-01-13 00:00:00, WEEKLY=11, TODAY=0, YDAY=0
2026-01-17 09:02:06 | INFO     | [SUCCESS] Day 21MAR
2026-01-17 09:02:06 | INFO     | [DAY_START] Processing 20MAR
[LF] Processing ELQ-ATZ for 20MAR
2026-01-17 09:02:06 | INFO     | [lf.day.start] Processing ELQ-ATZ for 20MAR
[LF] No direct flights on 20MAR for ELQ-ATZ
2026-01-17 09:02:07 | WARNING  | [lf.day.no_flights] No direct flights on 20MAR
2026-01-17 09:02:07 | INFO     | [SUCCESS] Day 20MAR
2026-01-17 09:02:07 | INFO     | [DAY_START] Processing 19MAR
[LF] Processing ELQ-ATZ for 19MAR
2026-01-17 09:02:07 | INFO     | [lf.day.start] Processing ELQ-ATZ for 19MAR
[LF] No direct flights on 19MAR for ELQ-ATZ
2026-01-17 09:02:08 | WARNING  | [lf.day.no_flights] No direct flights on 19MAR
2026-01-17 09:02:08 | INFO     | [SUCCESS] Day 19MAR
2026-01-17 09:02:08 | INFO     | [DAY_START] Processing 18MAR
[LF] Processing ELQ-ATZ for 18MAR
2026-01-17 09:02:08 | INFO     | [lf.day.start] Processing ELQ-ATZ for 18MAR
[LF] 18MAR: found 1 direct flights
2026-01-17 09:02:09 | INFO     | [lf.day.flights_found] Found 1 flights on 18MAR
2026-01-17 09:02:11 | INFO     | [lf.flight.extracted] SM436 on 18MAR: BKG=20, LF=11.4%
[LF] SM436 18MAR: BKG=20, GRP=0, CAP=175, LF%=11.4%, Brd-Off=ELQ-ATZ, Classes: X:10, T:5, G:2, K:3
[LF] Getting WEEKLY/LASTSOLD data for 1 flights
[LF] SM436 18MAR: LASTSOLD=2026-01-15 00:00:00, WEEKLY=12, TODAY=0, YDAY=0
2026-01-17 09:02:14 | INFO     | [SUCCESS] Day 18MAR
2026-01-17 09:02:14 | INFO     | [DAY_START] Processing 17MAR
[LF] Processing ELQ-ATZ for 17MAR
2026-01-17 09:02:14 | INFO     | [lf.day.start] Processing ELQ-ATZ for 17MAR
[LF] No direct flights on 17MAR for ELQ-ATZ
2026-01-17 09:02:15 | WARNING  | [lf.day.no_flights] No direct flights on 17MAR
2026-01-17 09:02:15 | INFO     | [SUCCESS] Day 17MAR
2026-01-17 09:02:15 | INFO     | [DAY_START] Processing 16MAR
[LF] Processing ELQ-ATZ for 16MAR
2026-01-17 09:02:15 | INFO     | [lf.day.start] Processing ELQ-ATZ for 16MAR
[LF] No direct flights on 16MAR for ELQ-ATZ
2026-01-17 09:02:16 | WARNING  | [lf.day.no_flights] No direct flights on 16MAR
2026-01-17 09:02:17 | INFO     | [SUCCESS] Day 16MAR
[LF] Results summary:
  2026-03-23: 0 flights
  2026-03-22: 0 flights
  2026-03-21: 1 flights
  2026-03-20: 0 flights
  2026-03-19: 0 flights
  2026-03-18: 1 flights
  2026-03-17: 0 flights
  2026-03-16: 0 flights
2026-01-17 09:02:17 | INFO     | [SUCCESS] LF Search Complete

============================================================
[Worker_9227] ✓ COMPLETED: ELQ-ATZ
  Results: 8 dates
  Errors: 0 dates
  Total Processed: 15 groups
============================================================

2026-01-17 09:02:17 | INFO     | [Worker_9227] Completed: ELQ-ATZ - 8 results, 0 errors

============================================================
[Worker_9227] Processing: ATZ-JED
  Tier 0: Range 3, Chunk 2/3
  Dates: 8 days
  Date Range: 2026-03-23 to 2026-03-16
============================================================

2026-01-17 09:02:17 | INFO     | [Worker_9227] Processing: ATZ-JED
2026-01-17 09:02:17 | INFO     |   Tier 0: Range 3, Chunk 2/3 (8 days)
2026-01-17 09:02:17 | INFO     | ======================================================================
2026-01-17 09:02:17 | INFO     | Load Factor Scraper Started - Route: ATZ-JED
2026-01-17 09:02:17 | INFO     | Log file: D:\CODERED\LAB\Artifacts\outputs\run_generated_170126_at_08.47_RETRY\logs\LF_ATZ-JED_20260117_090217.log
2026-01-17 09:02:17 | INFO     | Enhanced logging: Capturing both logging.info() and print()
2026-01-17 09:02:17 | INFO     | ======================================================================
[LF] Processing dates (override): ['23MAR', '22MAR', '21MAR', '20MAR', '19MAR', '18MAR', '17MAR', '16MAR']
[LF] Attaching to Chrome for Altea access
2026-01-17 09:02:17 | INFO     | Starting LF search for route: ATZ-JED
2026-01-17 09:02:17 | INFO     | [START] LF Search
[LF][[OK] SUCCESS] Connected to Chrome on 127.0.0.1:9227 (after 1 attempts)
2026-01-17 09:02:17 | INFO     | [HEALTH CHECK] [OK] Chrome connection is healthy
[LF][[OK] SUCCESS] Found Amadeus Altea window: Altéa Reservation Desktop
[LF][[INFO] INFO] URL: https://tc212.resdesktop.altea.amadeus.com/app_ard/apf/init/login?SITE=ESMPESMP&LANGUAGE=GB&MARKETS=ARDW_PROD_WBP&ACTION=clpLogin
2026-01-17 09:02:17 | INFO     | [DAY_START] Processing 23MAR
[LF] Processing ATZ-JED for 23MAR
2026-01-17 09:02:17 | INFO     | [lf.day.start] Processing ATZ-JED for 23MAR
[LF] 23MAR: found 5 direct flights
2026-01-17 09:02:19 | INFO     | [lf.day.flights_found] Found 5 flights on 23MAR
2026-01-17 09:02:21 | INFO     | [lf.flight.extracted] SM491 on 23MAR: BKG=0, LF=0.0%
[LF] SM491 23MAR: BKG=0, GRP=0, CAP=179, LF%=0.0%, Brd-Off=ATZ-JED
2026-01-17 09:02:24 | INFO     | [lf.flight.extracted] SM455 on 23MAR: BKG=0, LF=0.0%
[LF] SM455 23MAR: BKG=0, GRP=0, CAP=179, LF%=0.0%, Brd-Off=ATZ-JED
2026-01-17 09:02:27 | INFO     | [lf.flight.extracted] SM421 on 23MAR: BKG=2, LF=1.1%
[LF] SM421 23MAR: BKG=2, GRP=0, CAP=179, LF%=1.1%, Brd-Off=ATZ-JED, Classes: L:2
2026-01-17 09:02:30 | INFO     | [lf.flight.extracted] SM453 on 23MAR: BKG=2, LF=1.1%
[LF] SM453 23MAR: BKG=2, GRP=0, CAP=179, LF%=1.1%, Brd-Off=ATZ-JED, Classes: L:2
2026-01-17 09:02:33 | INFO     | [lf.flight.extracted] SM955 on 23MAR: BKG=0, LF=0.0%
[LF] SM955 23MAR: BKG=0, GRP=0, CAP=176, LF%=0.0%, Brd-Off=ATZ-JED
[LF] Getting WEEKLY/LASTSOLD data for 2 flights
[LF] SM421 23MAR: LASTSOLD=2026-01-16 00:00:00, WEEKLY=1, TODAY=0, YDAY=1
[LF] SM453 23MAR: LASTSOLD=2025-12-06 00:00:00, WEEKLY=0, TODAY=0, YDAY=0
2026-01-17 09:02:37 | INFO     | [SUCCESS] Day 23MAR
2026-01-17 09:02:37 | INFO     | [DAY_START] Processing 22MAR
[LF] Processing ATZ-JED for 22MAR
2026-01-17 09:02:37 | INFO     | [lf.day.start] Processing ATZ-JED for 22MAR
[LF] 22MAR: found 3 direct flights
2026-01-17 09:02:38 | INFO     | [lf.day.flights_found] Found 3 flights on 22MAR
2026-01-17 09:02:40 | INFO     | [lf.flight.extracted] SM491 on 22MAR: BKG=0, LF=0.0%
[LF] SM491 22MAR: BKG=0, GRP=0, CAP=179, LF%=0.0%, Brd-Off=ATZ-JED
2026-01-17 09:02:43 | INFO     | [lf.flight.extracted] SM455 on 22MAR: BKG=2, LF=1.1%
[LF] SM455 22MAR: BKG=2, GRP=0, CAP=176, LF%=1.1%, Brd-Off=ATZ-JED, Classes: L:2
2026-01-17 09:02:47 | INFO     | [lf.flight.extracted] SM953 on 22MAR: BKG=0, LF=0.0%
[LF] SM953 22MAR: BKG=0, GRP=0, CAP=179, LF%=0.0%, Brd-Off=ATZ-JED
[LF] Getting WEEKLY/LASTSOLD data for 1 flights
[LF] SM455 22MAR: LASTSOLD=2026-01-04 00:00:00, WEEKLY=0, TODAY=0, YDAY=0
2026-01-17 09:02:49 | INFO     | [SUCCESS] Day 22MAR
2026-01-17 09:02:49 | INFO     | [DAY_START] Processing 21MAR
[LF] Processing ATZ-JED for 21MAR
2026-01-17 09:02:49 | INFO     | [lf.day.start] Processing ATZ-JED for 21MAR
[LF] 21MAR: found 4 direct flights
2026-01-17 09:02:50 | INFO     | [lf.day.flights_found] Found 4 flights on 21MAR
2026-01-17 09:02:53 | INFO     | [lf.flight.extracted] SM491 on 21MAR: BKG=0, LF=0.0%
[LF] SM491 21MAR: BKG=0, GRP=0, CAP=179, LF%=0.0%, Brd-Off=ATZ-JED
2026-01-17 09:02:56 | INFO     | [lf.flight.extracted] SM453 on 21MAR: BKG=0, LF=0.0%
[LF] SM453 21MAR: BKG=0, GRP=0, CAP=179, LF%=0.0%, Brd-Off=ATZ-JED
2026-01-17 09:02:59 | INFO     | [lf.flight.extracted] SM455 on 21MAR: BKG=2, LF=1.1%
[LF] SM455 21MAR: BKG=2, GRP=0, CAP=176, LF%=1.1%, Brd-Off=ATZ-JED, Classes: L:2
2026-01-17 09:03:02 | INFO     | [lf.flight.extracted] SM955 on 21MAR: BKG=0, LF=0.0%
[LF] SM955 21MAR: BKG=0, GRP=0, CAP=180, LF%=0.0%, Brd-Off=ATZ-JED
[LF] Getting WEEKLY/LASTSOLD data for 1 flights
[LF] SM455 21MAR: LASTSOLD=2026-01-13 00:00:00, WEEKLY=2, TODAY=0, YDAY=0
2026-01-17 09:03:05 | INFO     | [SUCCESS] Day 21MAR
2026-01-17 09:03:05 | INFO     | [DAY_START] Processing 20MAR
[LF] Processing ATZ-JED for 20MAR
2026-01-17 09:03:05 | INFO     | [lf.day.start] Processing ATZ-JED for 20MAR
[LF] 20MAR: found 1 direct flights
2026-01-17 09:03:06 | INFO     | [lf.day.flights_found] Found 1 flights on 20MAR
2026-01-17 09:03:08 | INFO     | [lf.flight.extracted] SM491 on 20MAR: BKG=0, LF=0.0%
[LF] SM491 20MAR: BKG=0, GRP=0, CAP=179, LF%=0.0%, Brd-Off=ATZ-JED
2026-01-17 09:03:09 | INFO     | [SUCCESS] Day 20MAR
2026-01-17 09:03:09 | INFO     | [DAY_START] Processing 19MAR
[LF] Processing ATZ-JED for 19MAR
2026-01-17 09:03:09 | INFO     | [lf.day.start] Processing ATZ-JED for 19MAR
[LF] 19MAR: found 2 direct flights
2026-01-17 09:03:10 | INFO     | [lf.day.flights_found] Found 2 flights on 19MAR
2026-01-17 09:03:12 | INFO     | [lf.flight.extracted] SM453 on 19MAR: BKG=0, LF=0.0%
[LF] SM453 19MAR: BKG=0, GRP=0, CAP=179, LF%=0.0%, Brd-Off=ATZ-JED
2026-01-17 09:03:15 | INFO     | [lf.flight.extracted] SM455 on 19MAR: BKG=0, LF=0.0%
[LF] SM455 19MAR: BKG=0, GRP=0, CAP=179, LF%=0.0%, Brd-Off=ATZ-JED
2026-01-17 09:03:16 | INFO     | [SUCCESS] Day 19MAR
2026-01-17 09:03:16 | INFO     | [DAY_START] Processing 18MAR
[LF] Processing ATZ-JED for 18MAR
2026-01-17 09:03:16 | INFO     | [lf.day.start] Processing ATZ-JED for 18MAR
[LF] 18MAR: found 3 direct flights
2026-01-17 09:03:17 | INFO     | [lf.day.flights_found] Found 3 flights on 18MAR
2026-01-17 09:03:19 | INFO     | [lf.flight.extracted] SM453 on 18MAR: BKG=0, LF=0.0%
[LF] SM453 18MAR: BKG=0, GRP=0, CAP=179, LF%=0.0%, Brd-Off=ATZ-JED
2026-01-17 09:03:22 | INFO     | [lf.flight.extracted] SM491 on 18MAR: BKG=0, LF=0.0%
[LF] SM491 18MAR: BKG=0, GRP=0, CAP=176, LF%=0.0%, Brd-Off=ATZ-JED
2026-01-17 09:03:25 | INFO     | [lf.flight.extracted] SM421 on 18MAR: BKG=0, LF=0.0%
[LF] SM421 18MAR: BKG=0, GRP=0, CAP=179, LF%=0.0%, Brd-Off=ATZ-JED
2026-01-17 09:03:27 | INFO     | [SUCCESS] Day 18MAR
2026-01-17 09:03:27 | INFO     | [DAY_START] Processing 17MAR
[LF] Processing ATZ-JED for 17MAR
2026-01-17 09:03:27 | INFO     | [lf.day.start] Processing ATZ-JED for 17MAR
[LF] 17MAR: found 2 direct flights
2026-01-17 09:03:28 | INFO     | [lf.day.flights_found] Found 2 flights on 17MAR
2026-01-17 09:03:30 | INFO     | [lf.flight.extracted] SM453 on 17MAR: BKG=0, LF=0.0%
[LF] SM453 17MAR: BKG=0, GRP=0, CAP=179, LF%=0.0%, Brd-Off=ATZ-JED
2026-01-17 09:03:33 | INFO     | [lf.flight.extracted] SM455 on 17MAR: BKG=0, LF=0.0%
[LF] SM455 17MAR: BKG=0, GRP=0, CAP=179, LF%=0.0%, Brd-Off=ATZ-JED
2026-01-17 09:03:34 | INFO     | [SUCCESS] Day 17MAR
2026-01-17 09:03:34 | INFO     | [DAY_START] Processing 16MAR
[LF] Processing ATZ-JED for 16MAR
2026-01-17 09:03:34 | INFO     | [lf.day.start] Processing ATZ-JED for 16MAR
[LF] 16MAR: found 4 direct flights
2026-01-17 09:03:35 | INFO     | [lf.day.flights_found] Found 4 flights on 16MAR
2026-01-17 09:03:37 | INFO     | [lf.flight.extracted] SM491 on 16MAR: BKG=0, LF=0.0%
[LF] SM491 16MAR: BKG=0, GRP=0, CAP=179, LF%=0.0%, Brd-Off=ATZ-JED
2026-01-17 09:03:40 | INFO     | [lf.flight.extracted] SM455 on 16MAR: BKG=0, LF=0.0%
[LF] SM455 16MAR: BKG=0, GRP=0, CAP=179, LF%=0.0%, Brd-Off=ATZ-JED
2026-01-17 09:03:44 | INFO     | [lf.flight.extracted] SM421 on 16MAR: BKG=0, LF=0.0%
[LF] SM421 16MAR: BKG=0, GRP=0, CAP=179, LF%=0.0%, Brd-Off=ATZ-JED
2026-01-17 09:03:47 | INFO     | [lf.flight.extracted] SM453 on 16MAR: BKG=0, LF=0.0%
[LF] SM453 16MAR: BKG=0, GRP=0, CAP=179, LF%=0.0%, Brd-Off=ATZ-JED
2026-01-17 09:03:48 | INFO     | [SUCCESS] Day 16MAR
[LF] Results summary:
  2026-03-23: 5 flights
  2026-03-22: 3 flights
  2026-03-21: 4 flights
  2026-03-20: 1 flights
  2026-03-19: 2 flights
  2026-03-18: 3 flights
  2026-03-17: 2 flights
  2026-03-16: 4 flights
2026-01-17 09:03:48 | INFO     | [SUCCESS] LF Search Complete

============================================================
[Worker_9227] ✓ COMPLETED: ATZ-JED
  Results: 8 dates
  Errors: 0 dates
  Total Processed: 16 groups
============================================================

2026-01-17 09:03:48 | INFO     | [Worker_9227] Completed: ATZ-JED - 8 results, 0 errors

============================================================
[Worker_9227] Processing: MED-ATZ
  Tier 0: Range 3, Chunk 3/3
  Dates: 8 days
  Date Range: 2026-03-15 to 2026-03-08
============================================================

2026-01-17 09:03:48 | INFO     | [Worker_9227] Processing: MED-ATZ
2026-01-17 09:03:48 | INFO     |   Tier 0: Range 3, Chunk 3/3 (8 days)
2026-01-17 09:03:48 | INFO     | ======================================================================
2026-01-17 09:03:48 | INFO     | Load Factor Scraper Started - Route: MED-ATZ
2026-01-17 09:03:48 | INFO     | Log file: D:\CODERED\LAB\Artifacts\outputs\run_generated_170126_at_08.47_RETRY\logs\LF_MED-ATZ_20260117_090348.log
2026-01-17 09:03:48 | INFO     | Enhanced logging: Capturing both logging.info() and print()
2026-01-17 09:03:48 | INFO     | ======================================================================
[LF] Processing dates (override): ['15MAR', '14MAR', '13MAR', '12MAR', '11MAR', '10MAR', '09MAR', '08MAR']
[LF] Attaching to Chrome for Altea access
2026-01-17 09:03:48 | INFO     | Starting LF search for route: MED-ATZ
2026-01-17 09:03:48 | INFO     | [START] LF Search
[LF][[OK] SUCCESS] Connected to Chrome on 127.0.0.1:9227 (after 1 attempts)
2026-01-17 09:03:49 | INFO     | [HEALTH CHECK] [OK] Chrome connection is healthy
[LF][[OK] SUCCESS] Found Amadeus Altea window: Altéa Reservation Desktop
[LF][[INFO] INFO] URL: https://tc212.resdesktop.altea.amadeus.com/app_ard/apf/init/login?SITE=ESMPESMP&LANGUAGE=GB&MARKETS=ARDW_PROD_WBP&ACTION=clpLogin
2026-01-17 09:03:49 | INFO     | [DAY_START] Processing 15MAR
[LF] Processing MED-ATZ for 15MAR
2026-01-17 09:03:49 | INFO     | [lf.day.start] Processing MED-ATZ for 15MAR
[LF] No direct flights on 15MAR for MED-ATZ
2026-01-17 09:03:50 | WARNING  | [lf.day.no_flights] No direct flights on 15MAR
2026-01-17 09:03:50 | INFO     | [SUCCESS] Day 15MAR
2026-01-17 09:03:50 | INFO     | [DAY_START] Processing 14MAR
[LF] Processing MED-ATZ for 14MAR
2026-01-17 09:03:50 | INFO     | [lf.day.start] Processing MED-ATZ for 14MAR
[LF] 14MAR: found 1 direct flights
2026-01-17 09:03:51 | INFO     | [lf.day.flights_found] Found 1 flights on 14MAR
2026-01-17 09:03:53 | INFO     | [lf.flight.extracted] SM488 on 14MAR: BKG=8, LF=4.8%
[LF] SM488 14MAR: BKG=8, GRP=0, CAP=168, LF%=4.8%, Brd-Off=MED-ATZ, Classes: S:3, K:5
[LF] Getting WEEKLY/LASTSOLD data for 1 flights
[LF] SM488 14MAR: LASTSOLD=2026-01-11 00:00:00, WEEKLY=1, TODAY=0, YDAY=0
2026-01-17 09:03:56 | INFO     | [SUCCESS] Day 14MAR
2026-01-17 09:03:56 | INFO     | [DAY_START] Processing 13MAR
[LF] Processing MED-ATZ for 13MAR
2026-01-17 09:03:56 | INFO     | [lf.day.start] Processing MED-ATZ for 13MAR
[LF] No direct flights on 13MAR for MED-ATZ
2026-01-17 09:03:57 | WARNING  | [lf.day.no_flights] No direct flights on 13MAR
2026-01-17 09:03:58 | INFO     | [SUCCESS] Day 13MAR
2026-01-17 09:03:58 | INFO     | [DAY_START] Processing 12MAR
[LF] Processing MED-ATZ for 12MAR
2026-01-17 09:03:58 | INFO     | [lf.day.start] Processing MED-ATZ for 12MAR
[LF] No direct flights on 12MAR for MED-ATZ
2026-01-17 09:03:59 | WARNING  | [lf.day.no_flights] No direct flights on 12MAR
2026-01-17 09:03:59 | INFO     | [SUCCESS] Day 12MAR
2026-01-17 09:03:59 | INFO     | [DAY_START] Processing 11MAR
[LF] Processing MED-ATZ for 11MAR
2026-01-17 09:03:59 | INFO     | [lf.day.start] Processing MED-ATZ for 11MAR
[LF] 11MAR: found 1 direct flights
2026-01-17 09:04:00 | INFO     | [lf.day.flights_found] Found 1 flights on 11MAR
2026-01-17 09:04:02 | INFO     | [lf.flight.extracted] SM490 on 11MAR: BKG=31, LF=17.7%
[LF] SM490 11MAR: BKG=31, GRP=0, CAP=175, LF%=17.7%, Brd-Off=MED-ATZ, Classes: T:9, W:8, S:10, K:4
[LF] Getting WEEKLY/LASTSOLD data for 1 flights
[LF] SM490 11MAR: LASTSOLD=2026-01-13 00:00:00, WEEKLY=5, TODAY=0, YDAY=0
2026-01-17 09:04:05 | INFO     | [SUCCESS] Day 11MAR
2026-01-17 09:04:05 | INFO     | [DAY_START] Processing 10MAR
[LF] Processing MED-ATZ for 10MAR
2026-01-17 09:04:05 | INFO     | [lf.day.start] Processing MED-ATZ for 10MAR
[LF] 10MAR: found 1 direct flights
2026-01-17 09:04:06 | INFO     | [lf.day.flights_found] Found 1 flights on 10MAR
2026-01-17 09:04:08 | INFO     | [lf.flight.extracted] SM488 on 10MAR: BKG=17, LF=9.7%
[LF] SM488 10MAR: BKG=17, GRP=0, CAP=175, LF%=9.7%, Brd-Off=MED-ATZ, Classes: T:9, W:8
[LF] Getting WEEKLY/LASTSOLD data for 1 flights
[LF] SM488 10MAR: LASTSOLD=2026-01-13 00:00:00, WEEKLY=1, TODAY=0, YDAY=0
2026-01-17 09:04:11 | INFO     | [SUCCESS] Day 10MAR
2026-01-17 09:04:11 | INFO     | [DAY_START] Processing 09MAR
[LF] Processing MED-ATZ for 09MAR
2026-01-17 09:04:11 | INFO     | [lf.day.start] Processing MED-ATZ for 09MAR
[LF] 09MAR: found 1 direct flights
2026-01-17 09:04:12 | INFO     | [lf.day.flights_found] Found 1 flights on 09MAR
2026-01-17 09:04:13 | INFO     | [lf.flight.extracted] SM488 on 09MAR: BKG=11, LF=6.3%
[LF] SM488 09MAR: BKG=11, GRP=0, CAP=175, LF%=6.3%, Brd-Off=MED-ATZ, Classes: T:9, W:2
[LF] Getting WEEKLY/LASTSOLD data for 1 flights
[LF] SM488 09MAR: LASTSOLD=2026-01-16 00:00:00, WEEKLY=5, TODAY=0, YDAY=1
2026-01-17 09:04:16 | INFO     | [SUCCESS] Day 09MAR
2026-01-17 09:04:16 | INFO     | [DAY_START] Processing 08MAR
[LF] Processing MED-ATZ for 08MAR
2026-01-17 09:04:16 | INFO     | [lf.day.start] Processing MED-ATZ for 08MAR
[LF] No direct flights on 08MAR for MED-ATZ
2026-01-17 09:04:17 | WARNING  | [lf.day.no_flights] No direct flights on 08MAR
2026-01-17 09:04:17 | INFO     | [SUCCESS] Day 08MAR
[LF] Results summary:
  2026-03-15: 0 flights
  2026-03-14: 1 flights
  2026-03-13: 0 flights
  2026-03-12: 0 flights
  2026-03-11: 1 flights
  2026-03-10: 1 flights
  2026-03-09: 1 flights
  2026-03-08: 0 flights
2026-01-17 09:04:17 | INFO     | [SUCCESS] LF Search Complete

============================================================
[Worker_9227] ✓ COMPLETED: MED-ATZ
  Results: 8 dates
  Errors: 0 dates
  Total Processed: 17 groups
============================================================

2026-01-17 09:04:17 | INFO     | [Worker_9227] Completed: MED-ATZ - 8 results, 0 errors

============================================================
[Worker_9227] Processing: JED-ASW
  Tier 0: Range 3, Chunk 3/3
  Dates: 8 days
  Date Range: 2026-03-15 to 2026-03-08
============================================================

2026-01-17 09:04:17 | INFO     | [Worker_9227] Processing: JED-ASW
2026-01-17 09:04:17 | INFO     |   Tier 0: Range 3, Chunk 3/3 (8 days)
2026-01-17 09:04:17 | INFO     | ======================================================================
2026-01-17 09:04:17 | INFO     | Load Factor Scraper Started - Route: JED-ASW
2026-01-17 09:04:17 | INFO     | Log file: D:\CODERED\LAB\Artifacts\outputs\run_generated_170126_at_08.47_RETRY\logs\LF_JED-ASW_20260117_090417.log
2026-01-17 09:04:17 | INFO     | Enhanced logging: Capturing both logging.info() and print()
2026-01-17 09:04:17 | INFO     | ======================================================================
[LF] Processing dates (override): ['15MAR', '14MAR', '13MAR', '12MAR', '11MAR', '10MAR', '09MAR', '08MAR']
[LF] Attaching to Chrome for Altea access
2026-01-17 09:04:17 | INFO     | Starting LF search for route: JED-ASW
2026-01-17 09:04:17 | INFO     | [START] LF Search
[LF][[OK] SUCCESS] Connected to Chrome on 127.0.0.1:9227 (after 1 attempts)
2026-01-17 09:04:18 | INFO     | [HEALTH CHECK] [OK] Chrome connection is healthy
[LF][[OK] SUCCESS] Found Amadeus Altea window: Altéa Reservation Desktop
[LF][[INFO] INFO] URL: https://tc212.resdesktop.altea.amadeus.com/app_ard/apf/init/login?SITE=ESMPESMP&LANGUAGE=GB&MARKETS=ARDW_PROD_WBP&ACTION=clpLogin
2026-01-17 09:04:18 | INFO     | [DAY_START] Processing 15MAR
[LF] Processing JED-ASW for 15MAR
2026-01-17 09:04:18 | INFO     | [lf.day.start] Processing JED-ASW for 15MAR
[LF] No direct flights on 15MAR for JED-ASW
2026-01-17 09:04:19 | WARNING  | [lf.day.no_flights] No direct flights on 15MAR
2026-01-17 09:04:19 | INFO     | [SUCCESS] Day 15MAR
2026-01-17 09:04:19 | INFO     | [DAY_START] Processing 14MAR
[LF] Processing JED-ASW for 14MAR
2026-01-17 09:04:19 | INFO     | [lf.day.start] Processing JED-ASW for 14MAR
[LF] No direct flights on 14MAR for JED-ASW
2026-01-17 09:04:20 | WARNING  | [lf.day.no_flights] No direct flights on 14MAR
2026-01-17 09:04:20 | INFO     | [SUCCESS] Day 14MAR
2026-01-17 09:04:20 | INFO     | [DAY_START] Processing 13MAR
[LF] Processing JED-ASW for 13MAR
2026-01-17 09:04:20 | INFO     | [lf.day.start] Processing JED-ASW for 13MAR
[LF] No direct flights on 13MAR for JED-ASW
2026-01-17 09:04:21 | WARNING  | [lf.day.no_flights] No direct flights on 13MAR
2026-01-17 09:04:21 | INFO     | [SUCCESS] Day 13MAR
2026-01-17 09:04:21 | INFO     | [DAY_START] Processing 12MAR
[LF] Processing JED-ASW for 12MAR
2026-01-17 09:04:21 | INFO     | [lf.day.start] Processing JED-ASW for 12MAR
[LF] No direct flights on 12MAR for JED-ASW
2026-01-17 09:04:22 | WARNING  | [lf.day.no_flights] No direct flights on 12MAR
2026-01-17 09:04:23 | INFO     | [SUCCESS] Day 12MAR
2026-01-17 09:04:23 | INFO     | [DAY_START] Processing 11MAR
[LF] Processing JED-ASW for 11MAR
2026-01-17 09:04:23 | INFO     | [lf.day.start] Processing JED-ASW for 11MAR
[LF] No direct flights on 11MAR for JED-ASW
2026-01-17 09:04:23 | WARNING  | [lf.day.no_flights] No direct flights on 11MAR
2026-01-17 09:04:24 | INFO     | [SUCCESS] Day 11MAR
2026-01-17 09:04:24 | INFO     | [DAY_START] Processing 10MAR
[LF] Processing JED-ASW for 10MAR
2026-01-17 09:04:24 | INFO     | [lf.day.start] Processing JED-ASW for 10MAR
[LF] No direct flights on 10MAR for JED-ASW
2026-01-17 09:04:25 | WARNING  | [lf.day.no_flights] No direct flights on 10MAR
2026-01-17 09:04:25 | INFO     | [SUCCESS] Day 10MAR
2026-01-17 09:04:25 | INFO     | [DAY_START] Processing 09MAR
[LF] Processing JED-ASW for 09MAR
2026-01-17 09:04:25 | INFO     | [lf.day.start] Processing JED-ASW for 09MAR
[LF] No direct flights on 09MAR for JED-ASW
2026-01-17 09:04:26 | WARNING  | [lf.day.no_flights] No direct flights on 09MAR
2026-01-17 09:04:26 | INFO     | [SUCCESS] Day 09MAR
2026-01-17 09:04:26 | INFO     | [DAY_START] Processing 08MAR
[LF] Processing JED-ASW for 08MAR
2026-01-17 09:04:26 | INFO     | [lf.day.start] Processing JED-ASW for 08MAR
[LF] No direct flights on 08MAR for JED-ASW
2026-01-17 09:04:27 | WARNING  | [lf.day.no_flights] No direct flights on 08MAR
2026-01-17 09:04:27 | INFO     | [SUCCESS] Day 08MAR
[LF] Results summary:
  2026-03-15: 0 flights
  2026-03-14: 0 flights
  2026-03-13: 0 flights
  2026-03-12: 0 flights
  2026-03-11: 0 flights
  2026-03-10: 0 flights
  2026-03-09: 0 flights
  2026-03-08: 0 flights
2026-01-17 09:04:27 | INFO     | [SUCCESS] LF Search Complete

============================================================
[Worker_9227] ✓ COMPLETED: JED-ASW
  Results: 8 dates
  Errors: 0 dates
  Total Processed: 18 groups
============================================================

2026-01-17 09:04:27 | INFO     | [Worker_9227] Completed: JED-ASW - 8 results, 0 errors

============================================================
[Worker_9227] Processing: DMM-CAI
  Tier 0: Range 3, Chunk 3/3
  Dates: 8 days
  Date Range: 2026-03-15 to 2026-03-08
============================================================

2026-01-17 09:04:27 | INFO     | [Worker_9227] Processing: DMM-CAI
2026-01-17 09:04:27 | INFO     |   Tier 0: Range 3, Chunk 3/3 (8 days)
2026-01-17 09:04:27 | INFO     | ======================================================================
2026-01-17 09:04:27 | INFO     | Load Factor Scraper Started - Route: DMM-CAI
2026-01-17 09:04:27 | INFO     | Log file: D:\CODERED\LAB\Artifacts\outputs\run_generated_170126_at_08.47_RETRY\logs\LF_DMM-CAI_20260117_090427.log
2026-01-17 09:04:27 | INFO     | Enhanced logging: Capturing both logging.info() and print()
2026-01-17 09:04:27 | INFO     | ======================================================================
[LF] Processing dates (override): ['15MAR', '14MAR', '13MAR', '12MAR', '11MAR', '10MAR', '09MAR', '08MAR']
[LF] Attaching to Chrome for Altea access
2026-01-17 09:04:27 | INFO     | Starting LF search for route: DMM-CAI
2026-01-17 09:04:27 | INFO     | [START] LF Search
[LF][[OK] SUCCESS] Connected to Chrome on 127.0.0.1:9227 (after 1 attempts)
2026-01-17 09:04:28 | INFO     | [HEALTH CHECK] [OK] Chrome connection is healthy
[LF][[OK] SUCCESS] Found Amadeus Altea window: Altéa Reservation Desktop
[LF][[INFO] INFO] URL: https://tc212.resdesktop.altea.amadeus.com/app_ard/apf/init/login?SITE=ESMPESMP&LANGUAGE=GB&MARKETS=ARDW_PROD_WBP&ACTION=clpLogin
2026-01-17 09:04:28 | INFO     | [DAY_START] Processing 15MAR
[LF] Processing DMM-CAI for 15MAR
2026-01-17 09:04:28 | INFO     | [lf.day.start] Processing DMM-CAI for 15MAR
[LF] No direct flights on 15MAR for DMM-CAI
2026-01-17 09:04:29 | WARNING  | [lf.day.no_flights] No direct flights on 15MAR
2026-01-17 09:04:29 | INFO     | [SUCCESS] Day 15MAR
2026-01-17 09:04:29 | INFO     | [DAY_START] Processing 14MAR
[LF] Processing DMM-CAI for 14MAR
2026-01-17 09:04:29 | INFO     | [lf.day.start] Processing DMM-CAI for 14MAR
[LF] 14MAR: found 1 direct flights
2026-01-17 09:04:30 | INFO     | [lf.day.flights_found] Found 1 flights on 14MAR
2026-01-17 09:04:32 | INFO     | [lf.flight.extracted] SM434 on 14MAR: BKG=3, LF=1.7%
[LF] SM434 14MAR: BKG=3, GRP=0, CAP=175, LF%=1.7%, Brd-Off=DMM-CAI, Classes: X:2, S:1
[LF] Getting WEEKLY/LASTSOLD data for 1 flights
[LF] SM434 14MAR: LASTSOLD=2025-08-10 00:00:00, WEEKLY=0, TODAY=0, YDAY=0
2026-01-17 09:04:35 | INFO     | [SUCCESS] Day 14MAR
2026-01-17 09:04:35 | INFO     | [DAY_START] Processing 13MAR
[LF] Processing DMM-CAI for 13MAR
2026-01-17 09:04:35 | INFO     | [lf.day.start] Processing DMM-CAI for 13MAR
[LF] 13MAR: found 1 direct flights
2026-01-17 09:04:36 | INFO     | [lf.day.flights_found] Found 1 flights on 13MAR
2026-01-17 09:04:37 | INFO     | [lf.flight.extracted] SM434 on 13MAR: BKG=10, LF=5.7%
[LF] SM434 13MAR: BKG=10, GRP=0, CAP=175, LF%=5.7%, Brd-Off=DMM-CAI, Classes: X:6, Q:1, M:3
[LF] Getting WEEKLY/LASTSOLD data for 1 flights
[LF] SM434 13MAR: LASTSOLD=2026-01-01 00:00:00, WEEKLY=0, TODAY=0, YDAY=0
2026-01-17 09:04:40 | INFO     | [SUCCESS] Day 13MAR
2026-01-17 09:04:40 | INFO     | [DAY_START] Processing 12MAR
[LF] Processing DMM-CAI for 12MAR
2026-01-17 09:04:40 | INFO     | [lf.day.start] Processing DMM-CAI for 12MAR
[LF] 12MAR: found 1 direct flights
2026-01-17 09:04:41 | INFO     | [lf.day.flights_found] Found 1 flights on 12MAR
2026-01-17 09:04:43 | INFO     | [lf.flight.extracted] SM434 on 12MAR: BKG=18, LF=10.3%
[LF] SM434 12MAR: BKG=18, GRP=0, CAP=175, LF%=10.3%, Brd-Off=DMM-CAI, Classes: X:3, S:1, G:2, K:10, Q:2
[LF] Getting WEEKLY/LASTSOLD data for 1 flights
[LF] SM434 12MAR: LASTSOLD=2026-01-15 00:00:00, WEEKLY=12, TODAY=0, YDAY=0
2026-01-17 09:04:46 | INFO     | [SUCCESS] Day 12MAR
2026-01-17 09:04:46 | INFO     | [DAY_START] Processing 11MAR
[LF] Processing DMM-CAI for 11MAR
2026-01-17 09:04:46 | INFO     | [lf.day.start] Processing DMM-CAI for 11MAR
[LF] No direct flights on 11MAR for DMM-CAI
2026-01-17 09:04:47 | WARNING  | [lf.day.no_flights] No direct flights on 11MAR
2026-01-17 09:04:47 | INFO     | [SUCCESS] Day 11MAR
2026-01-17 09:04:47 | INFO     | [DAY_START] Processing 10MAR
[LF] Processing DMM-CAI for 10MAR
2026-01-17 09:04:47 | INFO     | [lf.day.start] Processing DMM-CAI for 10MAR
[LF] 10MAR: found 1 direct flights
2026-01-17 09:04:48 | INFO     | [lf.day.flights_found] Found 1 flights on 10MAR
2026-01-17 09:04:50 | INFO     | [lf.flight.extracted] SM434 on 10MAR: BKG=37, LF=35.2%
[LF] SM434 10MAR: BKG=37, GRP=0, CAP=105, LF%=35.2%, Brd-Off=DMM-CAI, Classes: W:10, S:5, G:8, L:11, V:2, K:1
[LPC] SM434 10MAR: Found 1 outbound flights with connecting passengers
[LF] Getting WEEKLY/LASTSOLD data for 1 flights
[LF] SM434 10MAR: LASTSOLD=2026-01-14 00:00:00, WEEKLY=9, TODAY=0, YDAY=0
2026-01-17 09:04:55 | INFO     | [SUCCESS] Day 10MAR
2026-01-17 09:04:55 | INFO     | [DAY_START] Processing 09MAR
[LF] Processing DMM-CAI for 09MAR
2026-01-17 09:04:55 | INFO     | [lf.day.start] Processing DMM-CAI for 09MAR
[LF] No direct flights on 09MAR for DMM-CAI
2026-01-17 09:04:56 | WARNING  | [lf.day.no_flights] No direct flights on 09MAR
2026-01-17 09:04:56 | INFO     | [SUCCESS] Day 09MAR
2026-01-17 09:04:56 | INFO     | [DAY_START] Processing 08MAR
[LF] Processing DMM-CAI for 08MAR
2026-01-17 09:04:56 | INFO     | [lf.day.start] Processing DMM-CAI for 08MAR
[LF] No direct flights on 08MAR for DMM-CAI
2026-01-17 09:04:57 | WARNING  | [lf.day.no_flights] No direct flights on 08MAR
2026-01-17 09:04:58 | INFO     | [SUCCESS] Day 08MAR
[LF] Results summary:
  2026-03-15: 0 flights
  2026-03-14: 1 flights
  2026-03-13: 1 flights
  2026-03-12: 1 flights
  2026-03-11: 0 flights
  2026-03-10: 1 flights
  2026-03-09: 0 flights
  2026-03-08: 0 flights
2026-01-17 09:04:58 | INFO     | [SUCCESS] LF Search Complete

============================================================
[Worker_9227] ✓ COMPLETED: DMM-CAI
  Results: 8 dates
  Errors: 0 dates
  Total Processed: 19 groups
============================================================

2026-01-17 09:04:58 | INFO     | [Worker_9227] Completed: DMM-CAI - 8 results, 0 errors

============================================================
[Worker_9227] Processing: TUU-ATZ
  Tier 0: Range 3, Chunk 3/3
  Dates: 8 days
  Date Range: 2026-03-15 to 2026-03-08
============================================================

2026-01-17 09:04:58 | INFO     | [Worker_9227] Processing: TUU-ATZ
2026-01-17 09:04:58 | INFO     |   Tier 0: Range 3, Chunk 3/3 (8 days)
2026-01-17 09:04:58 | INFO     | ======================================================================
2026-01-17 09:04:58 | INFO     | Load Factor Scraper Started - Route: TUU-ATZ
2026-01-17 09:04:58 | INFO     | Log file: D:\CODERED\LAB\Artifacts\outputs\run_generated_170126_at_08.47_RETRY\logs\LF_TUU-ATZ_20260117_090458.log
2026-01-17 09:04:58 | INFO     | Enhanced logging: Capturing both logging.info() and print()
2026-01-17 09:04:58 | INFO     | ======================================================================
[LF] Processing dates (override): ['15MAR', '14MAR', '13MAR', '12MAR', '11MAR', '10MAR', '09MAR', '08MAR']
[LF] Attaching to Chrome for Altea access
2026-01-17 09:04:58 | INFO     | Starting LF search for route: TUU-ATZ
2026-01-17 09:04:58 | INFO     | [START] LF Search
[LF][[OK] SUCCESS] Connected to Chrome on 127.0.0.1:9227 (after 1 attempts)
2026-01-17 09:04:59 | INFO     | [HEALTH CHECK] [OK] Chrome connection is healthy
[LF][[OK] SUCCESS] Found Amadeus Altea window: Altéa Reservation Desktop
[LF][[INFO] INFO] URL: https://tc212.resdesktop.altea.amadeus.com/app_ard/apf/init/login?SITE=ESMPESMP&LANGUAGE=GB&MARKETS=ARDW_PROD_WBP&ACTION=clpLogin
2026-01-17 09:04:59 | INFO     | [DAY_START] Processing 15MAR
[LF] Processing TUU-ATZ for 15MAR
2026-01-17 09:04:59 | INFO     | [lf.day.start] Processing TUU-ATZ for 15MAR
[LF] No direct flights on 15MAR for TUU-ATZ
2026-01-17 09:05:00 | WARNING  | [lf.day.no_flights] No direct flights on 15MAR
2026-01-17 09:05:00 | INFO     | [SUCCESS] Day 15MAR
2026-01-17 09:05:00 | INFO     | [DAY_START] Processing 14MAR
[LF] Processing TUU-ATZ for 14MAR
2026-01-17 09:05:00 | INFO     | [lf.day.start] Processing TUU-ATZ for 14MAR
[LF] No direct flights on 14MAR for TUU-ATZ
2026-01-17 09:05:01 | WARNING  | [lf.day.no_flights] No direct flights on 14MAR
2026-01-17 09:05:02 | INFO     | [SUCCESS] Day 14MAR
2026-01-17 09:05:02 | INFO     | [DAY_START] Processing 13MAR
[LF] Processing TUU-ATZ for 13MAR
2026-01-17 09:05:02 | INFO     | [lf.day.start] Processing TUU-ATZ for 13MAR
[LF] 13MAR: found 1 direct flights
2026-01-17 09:05:03 | INFO     | [lf.day.flights_found] Found 1 flights on 13MAR
2026-01-17 09:05:05 | INFO     | [lf.flight.extracted] SM328 on 13MAR: BKG=11, LF=6.6%
[LF] SM328 13MAR: BKG=11, GRP=0, CAP=167, LF%=6.6%, Brd-Off=TUU-ATZ, Classes: K:4, M:7
[LF] Getting WEEKLY/LASTSOLD data for 1 flights
[LF] SM328 13MAR: LASTSOLD=2026-01-15 00:00:00, WEEKLY=4, TODAY=0, YDAY=0
2026-01-17 09:05:09 | INFO     | [SUCCESS] Day 13MAR
2026-01-17 09:05:09 | INFO     | [DAY_START] Processing 12MAR
[LF] Processing TUU-ATZ for 12MAR
2026-01-17 09:05:09 | INFO     | [lf.day.start] Processing TUU-ATZ for 12MAR
[LF] No direct flights on 12MAR for TUU-ATZ
2026-01-17 09:05:10 | WARNING  | [lf.day.no_flights] No direct flights on 12MAR
2026-01-17 09:05:10 | INFO     | [SUCCESS] Day 12MAR
2026-01-17 09:05:10 | INFO     | [DAY_START] Processing 11MAR
[LF] Processing TUU-ATZ for 11MAR
2026-01-17 09:05:10 | INFO     | [lf.day.start] Processing TUU-ATZ for 11MAR
[LF] No direct flights on 11MAR for TUU-ATZ
2026-01-17 09:05:12 | WARNING  | [lf.day.no_flights] No direct flights on 11MAR
2026-01-17 09:05:12 | INFO     | [SUCCESS] Day 11MAR
2026-01-17 09:05:12 | INFO     | [DAY_START] Processing 10MAR
[LF] Processing TUU-ATZ for 10MAR
2026-01-17 09:05:12 | INFO     | [lf.day.start] Processing TUU-ATZ for 10MAR
[LF] No direct flights on 10MAR for TUU-ATZ
2026-01-17 09:05:13 | WARNING  | [lf.day.no_flights] No direct flights on 10MAR
2026-01-17 09:05:13 | INFO     | [SUCCESS] Day 10MAR
2026-01-17 09:05:13 | INFO     | [DAY_START] Processing 09MAR
[LF] Processing TUU-ATZ for 09MAR
2026-01-17 09:05:13 | INFO     | [lf.day.start] Processing TUU-ATZ for 09MAR
[LF] No direct flights on 09MAR for TUU-ATZ
2026-01-17 09:05:15 | WARNING  | [lf.day.no_flights] No direct flights on 09MAR
2026-01-17 09:05:15 | INFO     | [SUCCESS] Day 09MAR
2026-01-17 09:05:15 | INFO     | [DAY_START] Processing 08MAR
[LF] Processing TUU-ATZ for 08MAR
2026-01-17 09:05:15 | INFO     | [lf.day.start] Processing TUU-ATZ for 08MAR
[LF] No direct flights on 08MAR for TUU-ATZ
2026-01-17 09:05:19 | WARNING  | [lf.day.no_flights] No direct flights on 08MAR
2026-01-17 09:05:19 | INFO     | [SUCCESS] Day 08MAR
[LF] Results summary:
  2026-03-15: 0 flights
  2026-03-14: 0 flights
  2026-03-13: 1 flights
  2026-03-12: 0 flights
  2026-03-11: 0 flights
  2026-03-10: 0 flights
  2026-03-09: 0 flights
  2026-03-08: 0 flights
2026-01-17 09:05:19 | INFO     | [SUCCESS] LF Search Complete

============================================================
[Worker_9227] ✓ COMPLETED: TUU-ATZ
  Results: 8 dates
  Errors: 0 dates
  Total Processed: 20 groups
============================================================

2026-01-17 09:05:19 | INFO     | [Worker_9227] Completed: TUU-ATZ - 8 results, 0 errors

============================================================
[Worker_9227] Processing: YNB-CAI
  Tier 0: Range 3, Chunk 3/3
  Dates: 8 days
  Date Range: 2026-03-15 to 2026-03-08
============================================================

2026-01-17 09:05:19 | INFO     | [Worker_9227] Processing: YNB-CAI
2026-01-17 09:05:19 | INFO     |   Tier 0: Range 3, Chunk 3/3 (8 days)
2026-01-17 09:05:19 | INFO     | ======================================================================
2026-01-17 09:05:19 | INFO     | Load Factor Scraper Started - Route: YNB-CAI
2026-01-17 09:05:19 | INFO     | Log file: D:\CODERED\LAB\Artifacts\outputs\run_generated_170126_at_08.47_RETRY\logs\LF_YNB-CAI_20260117_090519.log
2026-01-17 09:05:19 | INFO     | Enhanced logging: Capturing both logging.info() and print()
2026-01-17 09:05:19 | INFO     | ======================================================================
[LF] Processing dates (override): ['15MAR', '14MAR', '13MAR', '12MAR', '11MAR', '10MAR', '09MAR', '08MAR']
[LF] Attaching to Chrome for Altea access
2026-01-17 09:05:19 | INFO     | Starting LF search for route: YNB-CAI
2026-01-17 09:05:19 | INFO     | [START] LF Search
[LF][[OK] SUCCESS] Connected to Chrome on 127.0.0.1:9227 (after 1 attempts)
2026-01-17 09:05:20 | INFO     | [HEALTH CHECK] [OK] Chrome connection is healthy
[LF][[OK] SUCCESS] Found Amadeus Altea window: Altéa Reservation Desktop
[LF][[INFO] INFO] URL: https://tc212.resdesktop.altea.amadeus.com/app_ard/apf/init/login?SITE=ESMPESMP&LANGUAGE=GB&MARKETS=ARDW_PROD_WBP&ACTION=clpLogin
2026-01-17 09:05:20 | INFO     | [DAY_START] Processing 15MAR
[LF] Processing YNB-CAI for 15MAR
2026-01-17 09:05:20 | INFO     | [lf.day.start] Processing YNB-CAI for 15MAR
[LF] 15MAR: found 1 direct flights
2026-01-17 09:05:21 | INFO     | [lf.day.flights_found] Found 1 flights on 15MAR
2026-01-17 09:05:29 | INFO     | [lf.flight.extracted] SM442 on 15MAR: BKG=3, LF=1.7%
[LF] SM442 15MAR: BKG=3, GRP=0, CAP=175, LF%=1.7%, Brd-Off=YNB-CAI, Classes: W:2, K:1
[LF] Getting WEEKLY/LASTSOLD data for 1 flights
[LF] SM442 15MAR: LASTSOLD=2026-01-11 00:00:00, WEEKLY=1, TODAY=0, YDAY=0
2026-01-17 09:05:33 | INFO     | [SUCCESS] Day 15MAR
2026-01-17 09:05:33 | INFO     | [DAY_START] Processing 14MAR
[LF] Processing YNB-CAI for 14MAR
2026-01-17 09:05:33 | INFO     | [lf.day.start] Processing YNB-CAI for 14MAR
[LF] 14MAR: found 1 direct flights
2026-01-17 09:05:34 | INFO     | [lf.day.flights_found] Found 1 flights on 14MAR
2026-01-17 09:05:37 | INFO     | [lf.flight.extracted] SM442 on 14MAR: BKG=5, LF=2.9%
[LF] SM442 14MAR: BKG=5, GRP=0, CAP=175, LF%=2.9%, Brd-Off=YNB-CAI, Classes: W:5
[LF] Getting WEEKLY/LASTSOLD data for 1 flights
[LF] SM442 14MAR: LASTSOLD=2025-10-28 00:00:00, WEEKLY=0, TODAY=0, YDAY=0
2026-01-17 09:05:40 | INFO     | [SUCCESS] Day 14MAR
2026-01-17 09:05:40 | INFO     | [DAY_START] Processing 13MAR
[LF] Processing YNB-CAI for 13MAR
2026-01-17 09:05:40 | INFO     | [lf.day.start] Processing YNB-CAI for 13MAR
[LF] 13MAR: found 1 direct flights
2026-01-17 09:05:42 | INFO     | [lf.day.flights_found] Found 1 flights on 13MAR
2026-01-17 09:05:46 | INFO     | [lf.flight.extracted] SM442 on 13MAR: BKG=38, LF=21.7%
[LF] SM442 13MAR: BKG=38, GRP=0, CAP=175, LF%=21.7%, Brd-Off=YNB-CAI, Classes: T:9, W:8, S:16, G:4, V:1
[LF] Getting WEEKLY/LASTSOLD data for 1 flights
[LF] SM442 13MAR: LASTSOLD=2026-01-15 00:00:00, WEEKLY=7, TODAY=0, YDAY=0
2026-01-17 09:05:51 | INFO     | [SUCCESS] Day 13MAR
2026-01-17 09:05:51 | INFO     | [DAY_START] Processing 12MAR
[LF] Processing YNB-CAI for 12MAR
2026-01-17 09:05:51 | INFO     | [lf.day.start] Processing YNB-CAI for 12MAR
[LF] 12MAR: found 1 direct flights
2026-01-17 09:05:52 | INFO     | [lf.day.flights_found] Found 1 flights on 12MAR
2026-01-17 09:05:54 | INFO     | [lf.flight.extracted] SM442 on 12MAR: BKG=49, LF=28.0%
[LF] SM442 12MAR: BKG=49, GRP=0, CAP=175, LF%=28.0%, Brd-Off=YNB-CAI, Classes: T:9, W:8, S:17, G:10, L:5
[LF] Getting WEEKLY/LASTSOLD data for 1 flights
[LF] SM442 12MAR: LASTSOLD=2026-01-13 00:00:00, WEEKLY=10, TODAY=0, YDAY=0
2026-01-17 09:05:59 | INFO     | [SUCCESS] Day 12MAR
2026-01-17 09:05:59 | INFO     | [DAY_START] Processing 11MAR
[LF] Processing YNB-CAI for 11MAR
2026-01-17 09:05:59 | INFO     | [lf.day.start] Processing YNB-CAI for 11MAR
[LF] 11MAR: found 1 direct flights
2026-01-17 09:06:01 | INFO     | [lf.day.flights_found] Found 1 flights on 11MAR
2026-01-17 09:06:02 | INFO     | [lf.flight.extracted] SM442 on 11MAR: BKG=19, LF=10.9%
[LF] SM442 11MAR: BKG=19, GRP=0, CAP=175, LF%=10.9%, Brd-Off=YNB-CAI, Classes: T:9, W:8, S:2
[LF] Getting WEEKLY/LASTSOLD data for 1 flights
[LF] SM442 11MAR: LASTSOLD=2026-01-13 00:00:00, WEEKLY=3, TODAY=0, YDAY=0
2026-01-17 09:06:05 | INFO     | [SUCCESS] Day 11MAR
2026-01-17 09:06:05 | INFO     | [DAY_START] Processing 10MAR
[LF] Processing YNB-CAI for 10MAR
2026-01-17 09:06:05 | INFO     | [lf.day.start] Processing YNB-CAI for 10MAR
[LF] 10MAR: found 1 direct flights
2026-01-17 09:06:06 | INFO     | [lf.day.flights_found] Found 1 flights on 10MAR
2026-01-17 09:06:08 | INFO     | [lf.flight.extracted] SM442 on 10MAR: BKG=24, LF=13.7%
[LF] SM442 10MAR: BKG=24, GRP=0, CAP=175, LF%=13.7%, Brd-Off=YNB-CAI, Classes: T:9, W:7, S:5, L:2, K:1
[LF] Getting WEEKLY/LASTSOLD data for 1 flights
[LF] SM442 10MAR: LASTSOLD=2026-01-16 00:00:00, WEEKLY=5, TODAY=0, YDAY=2
2026-01-17 09:06:11 | INFO     | [SUCCESS] Day 10MAR
2026-01-17 09:06:11 | INFO     | [DAY_START] Processing 09MAR
[LF] Processing YNB-CAI for 09MAR
2026-01-17 09:06:11 | INFO     | [lf.day.start] Processing YNB-CAI for 09MAR
[LF] 09MAR: found 1 direct flights
2026-01-17 09:06:12 | INFO     | [lf.day.flights_found] Found 1 flights on 09MAR
2026-01-17 09:06:14 | INFO     | [lf.flight.extracted] SM442 on 09MAR: BKG=14, LF=8.0%
[LF] SM442 09MAR: BKG=14, GRP=0, CAP=175, LF%=8.0%, Brd-Off=YNB-CAI, Classes: T:9, W:4, L:1
[LF] Getting WEEKLY/LASTSOLD data for 1 flights
[LF] SM442 09MAR: LASTSOLD=2026-01-16 00:00:00, WEEKLY=6, TODAY=0, YDAY=2
2026-01-17 09:06:17 | INFO     | [SUCCESS] Day 09MAR
2026-01-17 09:06:17 | INFO     | [DAY_START] Processing 08MAR
[LF] Processing YNB-CAI for 08MAR
2026-01-17 09:06:17 | INFO     | [lf.day.start] Processing YNB-CAI for 08MAR
[LF] 08MAR: found 1 direct flights
2026-01-17 09:06:18 | INFO     | [lf.day.flights_found] Found 1 flights on 08MAR
2026-01-17 09:06:20 | INFO     | [lf.flight.extracted] SM442 on 08MAR: BKG=6, LF=3.5%
[LF] SM442 08MAR: BKG=6, GRP=0, CAP=172, LF%=3.5%, Brd-Off=YNB-CAI, Classes: T:6
[LF] Getting WEEKLY/LASTSOLD data for 1 flights
[LF] SM442 08MAR: LASTSOLD=2026-01-14 00:00:00, WEEKLY=4, TODAY=0, YDAY=0
2026-01-17 09:06:23 | INFO     | [SUCCESS] Day 08MAR
[LF] Results summary:
  2026-03-15: 1 flights
  2026-03-14: 1 flights
  2026-03-13: 1 flights
  2026-03-12: 1 flights
  2026-03-11: 1 flights
  2026-03-10: 1 flights
  2026-03-09: 1 flights
  2026-03-08: 1 flights
2026-01-17 09:06:23 | INFO     | [SUCCESS] LF Search Complete

============================================================
[Worker_9227] ✓ COMPLETED: YNB-CAI
  Results: 8 dates
  Errors: 0 dates
  Total Processed: 21 groups
============================================================

2026-01-17 09:06:23 | INFO     | [Worker_9227] Completed: YNB-CAI - 8 results, 0 errors

============================================================
[Worker_9227] Processing: LXR-JED
  Tier 0: Range 3, Chunk 3/3
  Dates: 8 days
  Date Range: 2026-03-15 to 2026-03-08
============================================================

2026-01-17 09:06:23 | INFO     | [Worker_9227] Processing: LXR-JED
2026-01-17 09:06:23 | INFO     |   Tier 0: Range 3, Chunk 3/3 (8 days)
2026-01-17 09:06:23 | INFO     | ======================================================================
2026-01-17 09:06:23 | INFO     | Load Factor Scraper Started - Route: LXR-JED
2026-01-17 09:06:23 | INFO     | Log file: D:\CODERED\LAB\Artifacts\outputs\run_generated_170126_at_08.47_RETRY\logs\LF_LXR-JED_20260117_090623.log
2026-01-17 09:06:23 | INFO     | Enhanced logging: Capturing both logging.info() and print()
2026-01-17 09:06:23 | INFO     | ======================================================================
[LF] Processing dates (override): ['15MAR', '14MAR', '13MAR', '12MAR', '11MAR', '10MAR', '09MAR', '08MAR']
[LF] Attaching to Chrome for Altea access
2026-01-17 09:06:23 | INFO     | Starting LF search for route: LXR-JED
2026-01-17 09:06:23 | INFO     | [START] LF Search
[LF][[OK] SUCCESS] Connected to Chrome on 127.0.0.1:9227 (after 1 attempts)
2026-01-17 09:06:24 | INFO     | [HEALTH CHECK] [OK] Chrome connection is healthy
[LF][[OK] SUCCESS] Found Amadeus Altea window: Altéa Reservation Desktop
[LF][[INFO] INFO] URL: https://tc212.resdesktop.altea.amadeus.com/app_ard/apf/init/login?SITE=ESMPESMP&LANGUAGE=GB&MARKETS=ARDW_PROD_WBP&ACTION=clpLogin
2026-01-17 09:06:24 | INFO     | [DAY_START] Processing 15MAR
[LF] Processing LXR-JED for 15MAR
2026-01-17 09:06:24 | INFO     | [lf.day.start] Processing LXR-JED for 15MAR
[LF] No direct flights on 15MAR for LXR-JED
2026-01-17 09:06:25 | WARNING  | [lf.day.no_flights] No direct flights on 15MAR
2026-01-17 09:06:26 | INFO     | [SUCCESS] Day 15MAR
2026-01-17 09:06:26 | INFO     | [DAY_START] Processing 14MAR
[LF] Processing LXR-JED for 14MAR
2026-01-17 09:06:26 | INFO     | [lf.day.start] Processing LXR-JED for 14MAR
[LF] No direct flights on 14MAR for LXR-JED
2026-01-17 09:06:27 | WARNING  | [lf.day.no_flights] No direct flights on 14MAR
2026-01-17 09:06:27 | INFO     | [SUCCESS] Day 14MAR
2026-01-17 09:06:27 | INFO     | [DAY_START] Processing 13MAR
[LF] Processing LXR-JED for 13MAR
2026-01-17 09:06:27 | INFO     | [lf.day.start] Processing LXR-JED for 13MAR
[LF] No direct flights on 13MAR for LXR-JED
2026-01-17 09:06:29 | WARNING  | [lf.day.no_flights] No direct flights on 13MAR
2026-01-17 09:06:30 | INFO     | [SUCCESS] Day 13MAR
2026-01-17 09:06:30 | INFO     | [DAY_START] Processing 12MAR
[LF] Processing LXR-JED for 12MAR
2026-01-17 09:06:30 | INFO     | [lf.day.start] Processing LXR-JED for 12MAR
[LF] No direct flights on 12MAR for LXR-JED
2026-01-17 09:06:31 | WARNING  | [lf.day.no_flights] No direct flights on 12MAR
2026-01-17 09:06:31 | INFO     | [SUCCESS] Day 12MAR
2026-01-17 09:06:31 | INFO     | [DAY_START] Processing 11MAR
[LF] Processing LXR-JED for 11MAR
2026-01-17 09:06:31 | INFO     | [lf.day.start] Processing LXR-JED for 11MAR
[LF] No direct flights on 11MAR for LXR-JED
2026-01-17 09:06:32 | WARNING  | [lf.day.no_flights] No direct flights on 11MAR
2026-01-17 09:06:32 | INFO     | [SUCCESS] Day 11MAR
2026-01-17 09:06:32 | INFO     | [DAY_START] Processing 10MAR
[LF] Processing LXR-JED for 10MAR
2026-01-17 09:06:32 | INFO     | [lf.day.start] Processing LXR-JED for 10MAR
[LF] 10MAR: found 3 direct flights
2026-01-17 09:06:33 | INFO     | [lf.day.flights_found] Found 3 flights on 10MAR
2026-01-17 09:06:35 | INFO     | [lf.flight.extracted] SM429 on 10MAR: BKG=0, LF=0.0%
[LF] SM429 10MAR: BKG=0, GRP=0, CAP=179, LF%=0.0%, Brd-Off=LXR-JED
2026-01-17 09:06:38 | INFO     | [lf.flight.extracted] SM483 on 10MAR: BKG=0, LF=0.0%
[LF] SM483 10MAR: BKG=0, GRP=0, CAP=179, LF%=0.0%, Brd-Off=LXR-JED
2026-01-17 09:06:42 | INFO     | [lf.flight.extracted] SM981 on 10MAR: BKG=0, LF=0.0%
[LF] SM981 10MAR: BKG=0, GRP=0, CAP=179, LF%=0.0%, Brd-Off=LXR-JED
2026-01-17 09:06:43 | INFO     | [SUCCESS] Day 10MAR
2026-01-17 09:06:43 | INFO     | [DAY_START] Processing 09MAR
[LF] Processing LXR-JED for 09MAR
2026-01-17 09:06:43 | INFO     | [lf.day.start] Processing LXR-JED for 09MAR
[LF] 09MAR: found 1 direct flights
2026-01-17 09:06:44 | INFO     | [lf.day.flights_found] Found 1 flights on 09MAR
2026-01-17 09:06:46 | INFO     | [lf.flight.extracted] SM481 on 09MAR: BKG=0, LF=0.0%
[LF] SM481 09MAR: BKG=0, GRP=0, CAP=179, LF%=0.0%, Brd-Off=LXR-JED
2026-01-17 09:06:47 | INFO     | [SUCCESS] Day 09MAR
2026-01-17 09:06:47 | INFO     | [DAY_START] Processing 08MAR
[LF] Processing LXR-JED for 08MAR
2026-01-17 09:06:47 | INFO     | [lf.day.start] Processing LXR-JED for 08MAR
[LF] No direct flights on 08MAR for LXR-JED
2026-01-17 09:06:48 | WARNING  | [lf.day.no_flights] No direct flights on 08MAR
2026-01-17 09:06:49 | INFO     | [SUCCESS] Day 08MAR
[LF] Results summary:
  2026-03-15: 0 flights
  2026-03-14: 0 flights
  2026-03-13: 0 flights
  2026-03-12: 0 flights
  2026-03-11: 0 flights
  2026-03-10: 3 flights
  2026-03-09: 1 flights
  2026-03-08: 0 flights
2026-01-17 09:06:49 | INFO     | [SUCCESS] LF Search Complete

============================================================
[Worker_9227] ✓ COMPLETED: LXR-JED
  Results: 8 dates
  Errors: 0 dates
  Total Processed: 22 groups
============================================================

2026-01-17 09:07:06 | INFO     | [Worker_9227] Completed: LXR-JED - 8 results, 0 errors

============================================================
[Worker_9227] Processing: CAI-TUU
  Tier 0: Range 3, Chunk 3/3
  Dates: 8 days
  Date Range: 2026-03-15 to 2026-03-08
============================================================

2026-01-17 09:07:06 | INFO     | [Worker_9227] Processing: CAI-TUU
2026-01-17 09:07:06 | INFO     |   Tier 0: Range 3, Chunk 3/3 (8 days)
2026-01-17 09:07:06 | INFO     | ======================================================================
2026-01-17 09:07:06 | INFO     | Load Factor Scraper Started - Route: CAI-TUU
2026-01-17 09:07:06 | INFO     | Log file: D:\CODERED\LAB\Artifacts\outputs\run_generated_170126_at_08.47_RETRY\logs\LF_CAI-TUU_20260117_090706.log
2026-01-17 09:07:06 | INFO     | Enhanced logging: Capturing both logging.info() and print()
2026-01-17 09:07:06 | INFO     | ======================================================================
[LF] Processing dates (override): ['15MAR', '14MAR', '13MAR', '12MAR', '11MAR', '10MAR', '09MAR', '08MAR']
[LF] Attaching to Chrome for Altea access
2026-01-17 09:07:06 | INFO     | Starting LF search for route: CAI-TUU
2026-01-17 09:07:06 | INFO     | [START] LF Search
[LF][[OK] SUCCESS] Connected to Chrome on 127.0.0.1:9227 (after 1 attempts)
2026-01-17 09:07:07 | INFO     | [HEALTH CHECK] [OK] Chrome connection is healthy
[LF][[OK] SUCCESS] Found Amadeus Altea window: Altéa Reservation Desktop
[LF][[INFO] INFO] URL: https://tc212.resdesktop.altea.amadeus.com/app_ard/apf/init/login?SITE=ESMPESMP&LANGUAGE=GB&MARKETS=ARDW_PROD_WBP&ACTION=clpLogin
2026-01-17 09:07:07 | INFO     | [DAY_START] Processing 15MAR
[LF] Processing CAI-TUU for 15MAR
2026-01-17 09:07:07 | INFO     | [lf.day.start] Processing CAI-TUU for 15MAR
[LF] No direct flights on 15MAR for CAI-TUU
2026-01-17 09:07:08 | WARNING  | [lf.day.no_flights] No direct flights on 15MAR
2026-01-17 09:07:08 | INFO     | [SUCCESS] Day 15MAR
2026-01-17 09:07:08 | INFO     | [DAY_START] Processing 14MAR
[LF] Processing CAI-TUU for 14MAR
2026-01-17 09:07:08 | INFO     | [lf.day.start] Processing CAI-TUU for 14MAR
[LF] 14MAR: found 1 direct flights
2026-01-17 09:07:09 | INFO     | [lf.day.flights_found] Found 1 flights on 14MAR
2026-01-17 09:07:11 | INFO     | [lf.flight.extracted] SM325 on 14MAR: BKG=1, LF=0.9%
[LF] SM325 14MAR: BKG=1, GRP=0, CAP=109, LF%=0.9%, Brd-Off=CAI-TUU, Classes: I:1
[LF] Getting WEEKLY/LASTSOLD data for 1 flights
[LF] SM325 14MAR: LASTSOLD=2025-12-24 00:00:00, WEEKLY=0, TODAY=0, YDAY=0
2026-01-17 09:07:14 | INFO     | [SUCCESS] Day 14MAR
2026-01-17 09:07:14 | INFO     | [DAY_START] Processing 13MAR
[LF] Processing CAI-TUU for 13MAR
2026-01-17 09:07:14 | INFO     | [lf.day.start] Processing CAI-TUU for 13MAR
[LF] No direct flights on 13MAR for CAI-TUU
2026-01-17 09:07:15 | WARNING  | [lf.day.no_flights] No direct flights on 13MAR
2026-01-17 09:07:15 | INFO     | [SUCCESS] Day 13MAR
2026-01-17 09:07:15 | INFO     | [DAY_START] Processing 12MAR
[LF] Processing CAI-TUU for 12MAR
2026-01-17 09:07:15 | INFO     | [lf.day.start] Processing CAI-TUU for 12MAR
[LF] 12MAR: found 1 direct flights
2026-01-17 09:07:17 | INFO     | [lf.day.flights_found] Found 1 flights on 12MAR
2026-01-17 09:07:19 | INFO     | [lf.flight.extracted] SM325 on 12MAR: BKG=0, LF=0.0%
[LF] SM325 12MAR: BKG=0, GRP=0, CAP=179, LF%=0.0%, Brd-Off=CAI-TUU
2026-01-17 09:07:20 | INFO     | [SUCCESS] Day 12MAR
2026-01-17 09:07:20 | INFO     | [DAY_START] Processing 11MAR
[LF] Processing CAI-TUU for 11MAR
2026-01-17 09:07:20 | INFO     | [lf.day.start] Processing CAI-TUU for 11MAR
[LF] 11MAR: found 1 direct flights
2026-01-17 09:07:21 | INFO     | [lf.day.flights_found] Found 1 flights on 11MAR
2026-01-17 09:07:23 | INFO     | [lf.flight.extracted] SM325 on 11MAR: BKG=2, LF=1.1%
[LF] SM325 11MAR: BKG=2, GRP=0, CAP=179, LF%=1.1%, Brd-Off=CAI-TUU, Classes: I:2
[LF] Getting WEEKLY/LASTSOLD data for 1 flights
[LF] SM325 11MAR: LASTSOLD=2026-01-07 00:00:00, WEEKLY=0, TODAY=0, YDAY=0
2026-01-17 09:07:26 | INFO     | [SUCCESS] Day 11MAR
2026-01-17 09:07:26 | INFO     | [DAY_START] Processing 10MAR
[LF] Processing CAI-TUU for 10MAR
2026-01-17 09:07:26 | INFO     | [lf.day.start] Processing CAI-TUU for 10MAR
[LF] No direct flights on 10MAR for CAI-TUU
2026-01-17 09:07:27 | WARNING  | [lf.day.no_flights] No direct flights on 10MAR
2026-01-17 09:07:27 | INFO     | [SUCCESS] Day 10MAR
2026-01-17 09:07:27 | INFO     | [DAY_START] Processing 09MAR
[LF] Processing CAI-TUU for 09MAR
2026-01-17 09:07:27 | INFO     | [lf.day.start] Processing CAI-TUU for 09MAR
[LF] No direct flights on 09MAR for CAI-TUU
2026-01-17 09:07:28 | WARNING  | [lf.day.no_flights] No direct flights on 09MAR
2026-01-17 09:07:28 | INFO     | [SUCCESS] Day 09MAR
2026-01-17 09:07:28 | INFO     | [DAY_START] Processing 08MAR
[LF] Processing CAI-TUU for 08MAR
2026-01-17 09:07:28 | INFO     | [lf.day.start] Processing CAI-TUU for 08MAR
[LF] No direct flights on 08MAR for CAI-TUU
2026-01-17 09:07:29 | WARNING  | [lf.day.no_flights] No direct flights on 08MAR
2026-01-17 09:07:29 | INFO     | [SUCCESS] Day 08MAR
[LF] Results summary:
  2026-03-15: 0 flights
  2026-03-14: 1 flights
  2026-03-13: 0 flights
  2026-03-12: 1 flights
  2026-03-11: 1 flights
  2026-03-10: 0 flights
  2026-03-09: 0 flights
  2026-03-08: 0 flights
2026-01-17 09:07:29 | INFO     | [SUCCESS] LF Search Complete

============================================================
[Worker_9227] ✓ COMPLETED: CAI-TUU
  Results: 8 dates
  Errors: 0 dates
  Total Processed: 23 groups
============================================================

2026-01-17 09:07:29 | INFO     | [Worker_9227] Completed: CAI-TUU - 8 results, 0 errors

============================================================
[Worker_9227] Processing: ATZ-AHB
  Tier 0: Range 3, Chunk 3/3
  Dates: 8 days
  Date Range: 2026-03-15 to 2026-03-08
============================================================

2026-01-17 09:07:29 | INFO     | [Worker_9227] Processing: ATZ-AHB
2026-01-17 09:07:29 | INFO     |   Tier 0: Range 3, Chunk 3/3 (8 days)
2026-01-17 09:07:29 | INFO     | ======================================================================
2026-01-17 09:07:29 | INFO     | Load Factor Scraper Started - Route: ATZ-AHB
2026-01-17 09:07:29 | INFO     | Log file: D:\CODERED\LAB\Artifacts\outputs\run_generated_170126_at_08.47_RETRY\logs\LF_ATZ-AHB_20260117_090729.log
2026-01-17 09:07:29 | INFO     | Enhanced logging: Capturing both logging.info() and print()
2026-01-17 09:07:29 | INFO     | ======================================================================
[LF] Processing dates (override): ['15MAR', '14MAR', '13MAR', '12MAR', '11MAR', '10MAR', '09MAR', '08MAR']
[LF] Attaching to Chrome for Altea access
2026-01-17 09:07:29 | INFO     | Starting LF search for route: ATZ-AHB
2026-01-17 09:07:29 | INFO     | [START] LF Search
[LF][[OK] SUCCESS] Connected to Chrome on 127.0.0.1:9227 (after 1 attempts)
2026-01-17 09:07:30 | INFO     | [HEALTH CHECK] [OK] Chrome connection is healthy
[LF][[OK] SUCCESS] Found Amadeus Altea window: Altéa Reservation Desktop
[LF][[INFO] INFO] URL: https://tc212.resdesktop.altea.amadeus.com/app_ard/apf/init/login?SITE=ESMPESMP&LANGUAGE=GB&MARKETS=ARDW_PROD_WBP&ACTION=clpLogin
2026-01-17 09:07:30 | INFO     | [DAY_START] Processing 15MAR
[LF] Processing ATZ-AHB for 15MAR
2026-01-17 09:07:30 | INFO     | [lf.day.start] Processing ATZ-AHB for 15MAR
[LF] No direct flights on 15MAR for ATZ-AHB
2026-01-17 09:07:31 | WARNING  | [lf.day.no_flights] No direct flights on 15MAR
2026-01-17 09:07:31 | INFO     | [SUCCESS] Day 15MAR
2026-01-17 09:07:31 | INFO     | [DAY_START] Processing 14MAR
[LF] Processing ATZ-AHB for 14MAR
2026-01-17 09:07:31 | INFO     | [lf.day.start] Processing ATZ-AHB for 14MAR
[LF] No direct flights on 14MAR for ATZ-AHB
2026-01-17 09:07:32 | WARNING  | [lf.day.no_flights] No direct flights on 14MAR
2026-01-17 09:07:33 | INFO     | [SUCCESS] Day 14MAR
2026-01-17 09:07:33 | INFO     | [DAY_START] Processing 13MAR
[LF] Processing ATZ-AHB for 13MAR
2026-01-17 09:07:33 | INFO     | [lf.day.start] Processing ATZ-AHB for 13MAR
[LF] 13MAR: found 1 direct flights
2026-01-17 09:07:34 | INFO     | [lf.day.flights_found] Found 1 flights on 13MAR
2026-01-17 09:07:36 | INFO     | [lf.flight.extracted] SM445 on 13MAR: BKG=6, LF=3.4%
[LF] SM445 13MAR: BKG=6, GRP=0, CAP=179, LF%=3.4%, Brd-Off=ATZ-AHB, Classes: I:5, O:1
[LF] Getting WEEKLY/LASTSOLD data for 1 flights
[LF] SM445 13MAR: LASTSOLD=2026-01-14 00:00:00, WEEKLY=1, TODAY=0, YDAY=0
2026-01-17 09:07:38 | INFO     | [SUCCESS] Day 13MAR
2026-01-17 09:07:38 | INFO     | [DAY_START] Processing 12MAR
[LF] Processing ATZ-AHB for 12MAR
2026-01-17 09:07:38 | INFO     | [lf.day.start] Processing ATZ-AHB for 12MAR
[LF] No direct flights on 12MAR for ATZ-AHB
2026-01-17 09:07:39 | WARNING  | [lf.day.no_flights] No direct flights on 12MAR
2026-01-17 09:07:40 | INFO     | [SUCCESS] Day 12MAR
2026-01-17 09:07:40 | INFO     | [DAY_START] Processing 11MAR
[LF] Processing ATZ-AHB for 11MAR
2026-01-17 09:07:40 | INFO     | [lf.day.start] Processing ATZ-AHB for 11MAR
[LF] No direct flights on 11MAR for ATZ-AHB
2026-01-17 09:07:41 | WARNING  | [lf.day.no_flights] No direct flights on 11MAR
2026-01-17 09:07:41 | INFO     | [SUCCESS] Day 11MAR
2026-01-17 09:07:41 | INFO     | [DAY_START] Processing 10MAR
[LF] Processing ATZ-AHB for 10MAR
2026-01-17 09:07:41 | INFO     | [lf.day.start] Processing ATZ-AHB for 10MAR
[LF] No direct flights on 10MAR for ATZ-AHB
2026-01-17 09:07:42 | WARNING  | [lf.day.no_flights] No direct flights on 10MAR
2026-01-17 09:07:42 | INFO     | [SUCCESS] Day 10MAR
2026-01-17 09:07:42 | INFO     | [DAY_START] Processing 09MAR
[LF] Processing ATZ-AHB for 09MAR
2026-01-17 09:07:42 | INFO     | [lf.day.start] Processing ATZ-AHB for 09MAR
[LF] No direct flights on 09MAR for ATZ-AHB
2026-01-17 09:07:43 | WARNING  | [lf.day.no_flights] No direct flights on 09MAR
2026-01-17 09:07:43 | INFO     | [SUCCESS] Day 09MAR
2026-01-17 09:07:43 | INFO     | [DAY_START] Processing 08MAR
[LF] Processing ATZ-AHB for 08MAR
2026-01-17 09:07:43 | INFO     | [lf.day.start] Processing ATZ-AHB for 08MAR
[LF] No direct flights on 08MAR for ATZ-AHB
2026-01-17 09:07:44 | WARNING  | [lf.day.no_flights] No direct flights on 08MAR
2026-01-17 09:07:44 | INFO     | [SUCCESS] Day 08MAR
[LF] Results summary:
  2026-03-15: 0 flights
  2026-03-14: 0 flights
  2026-03-13: 1 flights
  2026-03-12: 0 flights
  2026-03-11: 0 flights
  2026-03-10: 0 flights
  2026-03-09: 0 flights
  2026-03-08: 0 flights
2026-01-17 09:07:44 | INFO     | [SUCCESS] LF Search Complete

============================================================
[Worker_9227] ✓ COMPLETED: ATZ-AHB
  Results: 8 dates
  Errors: 0 dates
  Total Processed: 24 groups
============================================================

2026-01-17 09:07:44 | INFO     | [Worker_9227] Completed: ATZ-AHB - 8 results, 0 errors

============================================================
[Worker_9227] Processing: MED-CAI
  Tier 0: Range 2, Chunk 1/3
  Dates: 9 days
  Date Range: 2026-03-07 to 2026-02-27
============================================================

2026-01-17 09:07:44 | INFO     | [Worker_9227] Processing: MED-CAI
2026-01-17 09:07:44 | INFO     |   Tier 0: Range 2, Chunk 1/3 (9 days)
2026-01-17 09:07:44 | INFO     | ======================================================================
2026-01-17 09:07:44 | INFO     | Load Factor Scraper Started - Route: MED-CAI
2026-01-17 09:07:44 | INFO     | Log file: D:\CODERED\LAB\Artifacts\outputs\run_generated_170126_at_08.47_RETRY\logs\LF_MED-CAI_20260117_090744.log
2026-01-17 09:07:44 | INFO     | Enhanced logging: Capturing both logging.info() and print()
2026-01-17 09:07:44 | INFO     | ======================================================================
[LF] Processing dates (override): ['07MAR', '06MAR', '05MAR', '04MAR', '03MAR', '02MAR', '01MAR', '28FEB', '27FEB']
[LF] Attaching to Chrome for Altea access
2026-01-17 09:07:44 | INFO     | Starting LF search for route: MED-CAI
2026-01-17 09:07:44 | INFO     | [START] LF Search
[LF][[OK] SUCCESS] Connected to Chrome on 127.0.0.1:9227 (after 1 attempts)
2026-01-17 09:07:45 | INFO     | [HEALTH CHECK] [OK] Chrome connection is healthy
[LF][[OK] SUCCESS] Found Amadeus Altea window: Altéa Reservation Desktop
[LF][[INFO] INFO] URL: https://tc212.resdesktop.altea.amadeus.com/app_ard/apf/init/login?SITE=ESMPESMP&LANGUAGE=GB&MARKETS=ARDW_PROD_WBP&ACTION=clpLogin
2026-01-17 09:07:45 | INFO     | [DAY_START] Processing 07MAR
[LF] Processing MED-CAI for 07MAR
2026-01-17 09:07:45 | INFO     | [lf.day.start] Processing MED-CAI for 07MAR
[LF] 07MAR: found 1 direct flights
2026-01-17 09:07:46 | INFO     | [lf.day.flights_found] Found 1 flights on 07MAR
2026-01-17 09:07:48 | INFO     | [lf.flight.extracted] SM494 on 07MAR: BKG=19, LF=10.9%
[LF] SM494 07MAR: BKG=19, GRP=0, CAP=175, LF%=10.9%, Brd-Off=MED-CAI, Classes: X:2, T:7, S:5, K:5
[LF] Getting WEEKLY/LASTSOLD data for 1 flights
[LF] SM494 07MAR: LASTSOLD=2026-01-06 00:00:00, WEEKLY=0, TODAY=0, YDAY=0
2026-01-17 09:07:51 | INFO     | [SUCCESS] Day 07MAR
2026-01-17 09:07:51 | INFO     | [DAY_START] Processing 06MAR
[LF] Processing MED-CAI for 06MAR
2026-01-17 09:07:51 | INFO     | [lf.day.start] Processing MED-CAI for 06MAR
[LF] No direct flights on 06MAR for MED-CAI
2026-01-17 09:07:52 | WARNING  | [lf.day.no_flights] No direct flights on 06MAR
2026-01-17 09:07:52 | INFO     | [SUCCESS] Day 06MAR
2026-01-17 09:07:52 | INFO     | [DAY_START] Processing 05MAR
[LF] Processing MED-CAI for 05MAR
2026-01-17 09:07:52 | INFO     | [lf.day.start] Processing MED-CAI for 05MAR
[LF] 05MAR: found 1 direct flights
2026-01-17 09:07:53 | INFO     | [lf.day.flights_found] Found 1 flights on 05MAR
2026-01-17 09:07:55 | INFO     | [lf.flight.extracted] SM494 on 05MAR: BKG=62, LF=36.0%
[LF] SM494 05MAR: BKG=62, GRP=0, CAP=172, LF%=36.0%, Brd-Off=MED-CAI, Classes: I:9, O:8, U:8, X:8, T:17, W:4, S:8
[LF] Getting WEEKLY/LASTSOLD data for 1 flights
[LF] SM494 05MAR: LASTSOLD=2026-01-08 00:00:00, WEEKLY=0, TODAY=0, YDAY=0
2026-01-17 09:08:00 | INFO     | [SUCCESS] Day 05MAR
2026-01-17 09:08:00 | INFO     | [DAY_START] Processing 04MAR
[LF] Processing MED-CAI for 04MAR
2026-01-17 09:08:00 | INFO     | [lf.day.start] Processing MED-CAI for 04MAR
[LF] No direct flights on 04MAR for MED-CAI
2026-01-17 09:08:01 | WARNING  | [lf.day.no_flights] No direct flights on 04MAR
2026-01-17 09:08:01 | INFO     | [SUCCESS] Day 04MAR
2026-01-17 09:08:01 | INFO     | [DAY_START] Processing 03MAR
[LF] Processing MED-CAI for 03MAR
2026-01-17 09:08:01 | INFO     | [lf.day.start] Processing MED-CAI for 03MAR
[LF] 03MAR: found 2 direct flights
2026-01-17 09:08:02 | INFO     | [lf.day.flights_found] Found 2 flights on 03MAR
2026-01-17 09:08:04 | INFO     | [lf.flight.extracted] SM496 on 03MAR: BKG=77, LF=44.0%
[LF] SM496 03MAR: BKG=77, GRP=40, CAP=175, LF%=44.0%, Brd-Off=MED-CAI, Classes: E:40, I:9, O:8, U:9, X:7, T:3, S:1
[LPC] SM496 03MAR: Found 1 outbound flights with connecting passengers
2026-01-17 09:08:09 | INFO     | [lf.flight.extracted] SM494 on 03MAR: BKG=43, LF=24.6%
[LF] SM494 03MAR: BKG=43, GRP=0, CAP=175, LF%=24.6%, Brd-Off=MED-CAI, Classes: I:8, O:9, U:8, X:9, T:7, W:1, S:1
[LF] Getting WEEKLY/LASTSOLD data for 2 flights
[LF] SM496 03MAR: LASTSOLD=2026-01-15 00:00:00, WEEKLY=8, TODAY=0, YDAY=0
[LF] SM494 03MAR: LASTSOLD=2026-01-12 00:00:00, WEEKLY=1, TODAY=0, YDAY=0
2026-01-17 09:08:17 | INFO     | [SUCCESS] Day 03MAR
2026-01-17 09:08:17 | INFO     | [DAY_START] Processing 02MAR
[LF] Processing MED-CAI for 02MAR
2026-01-17 09:08:17 | INFO     | [lf.day.start] Processing MED-CAI for 02MAR
[LF] No direct flights on 02MAR for MED-CAI
2026-01-17 09:08:18 | WARNING  | [lf.day.no_flights] No direct flights on 02MAR
2026-01-17 09:08:18 | INFO     | [SUCCESS] Day 02MAR
2026-01-17 09:08:18 | INFO     | [DAY_START] Processing 01MAR
[LF] Processing MED-CAI for 01MAR
2026-01-17 09:08:18 | INFO     | [lf.day.start] Processing MED-CAI for 01MAR
[LF] 01MAR: found 1 direct flights
2026-01-17 09:08:19 | INFO     | [lf.day.flights_found] Found 1 flights on 01MAR
2026-01-17 09:08:21 | INFO     | [lf.flight.extracted] SM494 on 01MAR: BKG=66, LF=37.7%
[LF] SM494 01MAR: BKG=66, GRP=0, CAP=175, LF%=37.7%, Brd-Off=MED-CAI, Classes: I:17, O:7, U:8, X:17, T:8, W:7, K:2
[LF] Getting WEEKLY/LASTSOLD data for 1 flights
[LF] SM494 01MAR: LASTSOLD=2026-01-06 00:00:00, WEEKLY=0, TODAY=0, YDAY=0
2026-01-17 09:08:26 | INFO     | [SUCCESS] Day 01MAR
2026-01-17 09:08:26 | INFO     | [DAY_START] Processing 28FEB
[LF] Processing MED-CAI for 28FEB
2026-01-17 09:08:26 | INFO     | [lf.day.start] Processing MED-CAI for 28FEB
[LF] 28FEB: found 1 direct flights
2026-01-17 09:08:27 | INFO     | [lf.day.flights_found] Found 1 flights on 28FEB
2026-01-17 09:08:30 | INFO     | [lf.flight.extracted] SM494 on 28FEB: BKG=83, LF=47.4%
[LF] SM494 28FEB: BKG=83, GRP=0, CAP=175, LF%=47.4%, Brd-Off=MED-CAI, Classes: I:13, O:8, U:9, X:17, T:9, W:12, S:14, G:1
[LF] Getting WEEKLY/LASTSOLD data for 1 flights
[LF] SM494 28FEB: LASTSOLD=2026-01-15 00:00:00, WEEKLY=13, TODAY=0, YDAY=0
2026-01-17 09:08:35 | INFO     | [SUCCESS] Day 28FEB
2026-01-17 09:08:35 | INFO     | [DAY_START] Processing 27FEB
[LF] Processing MED-CAI for 27FEB
2026-01-17 09:08:35 | INFO     | [lf.day.start] Processing MED-CAI for 27FEB
[LF] No direct flights on 27FEB for MED-CAI
2026-01-17 09:08:36 | WARNING  | [lf.day.no_flights] No direct flights on 27FEB
2026-01-17 09:08:36 | INFO     | [SUCCESS] Day 27FEB
[LF] Results summary:
  2026-03-07: 1 flights
  2026-03-06: 0 flights
  2026-03-05: 1 flights
  2026-03-04: 0 flights
  2026-03-03: 2 flights
  2026-03-02: 0 flights
  2026-03-01: 1 flights
  2026-02-28: 1 flights
  2026-02-27: 0 flights
2026-01-17 09:08:36 | INFO     | [SUCCESS] LF Search Complete

============================================================
[Worker_9227] ✓ COMPLETED: MED-CAI
  Results: 9 dates
  Errors: 0 dates
  Total Processed: 25 groups
============================================================

2026-01-17 09:08:36 | INFO     | [Worker_9227] Completed: MED-CAI - 9 results, 0 errors

============================================================
[Worker_9227] Processing: DMM-ATZ
  Tier 0: Range 2, Chunk 1/3
  Dates: 9 days
  Date Range: 2026-03-07 to 2026-02-27
============================================================

2026-01-17 09:08:36 | INFO     | [Worker_9227] Processing: DMM-ATZ
2026-01-17 09:08:36 | INFO     |   Tier 0: Range 2, Chunk 1/3 (9 days)
2026-01-17 09:08:36 | INFO     | ======================================================================
2026-01-17 09:08:36 | INFO     | Load Factor Scraper Started - Route: DMM-ATZ
2026-01-17 09:08:36 | INFO     | Log file: D:\CODERED\LAB\Artifacts\outputs\run_generated_170126_at_08.47_RETRY\logs\LF_DMM-ATZ_20260117_090836.log
2026-01-17 09:08:36 | INFO     | Enhanced logging: Capturing both logging.info() and print()
2026-01-17 09:08:36 | INFO     | ======================================================================
[LF] Processing dates (override): ['07MAR', '06MAR', '05MAR', '04MAR', '03MAR', '02MAR', '01MAR', '28FEB', '27FEB']
[LF] Attaching to Chrome for Altea access
2026-01-17 09:08:36 | INFO     | Starting LF search for route: DMM-ATZ
2026-01-17 09:08:36 | INFO     | [START] LF Search
[LF][[OK] SUCCESS] Connected to Chrome on 127.0.0.1:9227 (after 1 attempts)
2026-01-17 09:08:37 | INFO     | [HEALTH CHECK] [OK] Chrome connection is healthy
[LF][[OK] SUCCESS] Found Amadeus Altea window: Altéa Reservation Desktop
[LF][[INFO] INFO] URL: https://tc212.resdesktop.altea.amadeus.com/app_ard/apf/init/login?SITE=ESMPESMP&LANGUAGE=GB&MARKETS=ARDW_PROD_WBP&ACTION=clpLogin
2026-01-17 09:08:37 | INFO     | [DAY_START] Processing 07MAR
[LF] Processing DMM-ATZ for 07MAR
2026-01-17 09:08:37 | INFO     | [lf.day.start] Processing DMM-ATZ for 07MAR
[LF] No direct flights on 07MAR for DMM-ATZ
2026-01-17 09:08:38 | WARNING  | [lf.day.no_flights] No direct flights on 07MAR
2026-01-17 09:08:38 | INFO     | [SUCCESS] Day 07MAR
2026-01-17 09:08:38 | INFO     | [DAY_START] Processing 06MAR
[LF] Processing DMM-ATZ for 06MAR
2026-01-17 09:08:38 | INFO     | [lf.day.start] Processing DMM-ATZ for 06MAR
[LF] 06MAR: found 1 direct flights
2026-01-17 09:08:39 | INFO     | [lf.day.flights_found] Found 1 flights on 06MAR
2026-01-17 09:08:41 | INFO     | [lf.flight.extracted] SM438 on 06MAR: BKG=59, LF=33.7%
[LF] SM438 06MAR: BKG=59, GRP=0, CAP=175, LF%=33.7%, Brd-Off=DMM-ATZ, Classes: X:1, S:4, G:3, L:29, V:13, K:8, Q:1
[LF] Getting WEEKLY/LASTSOLD data for 1 flights
[LF] SM438 06MAR: LASTSOLD=2026-01-16 00:00:00, WEEKLY=9, TODAY=0, YDAY=1
2026-01-17 09:08:45 | INFO     | [SUCCESS] Day 06MAR
2026-01-17 09:08:45 | INFO     | [DAY_START] Processing 05MAR
[LF] Processing DMM-ATZ for 05MAR
2026-01-17 09:08:45 | INFO     | [lf.day.start] Processing DMM-ATZ for 05MAR
[LF] No direct flights on 05MAR for DMM-ATZ
2026-01-17 09:08:46 | WARNING  | [lf.day.no_flights] No direct flights on 05MAR
2026-01-17 09:08:46 | INFO     | [SUCCESS] Day 05MAR
2026-01-17 09:08:46 | INFO     | [DAY_START] Processing 04MAR
[LF] Processing DMM-ATZ for 04MAR
2026-01-17 09:08:46 | INFO     | [lf.day.start] Processing DMM-ATZ for 04MAR
[LF] No direct flights on 04MAR for DMM-ATZ
2026-01-17 09:08:47 | WARNING  | [lf.day.no_flights] No direct flights on 04MAR
2026-01-17 09:08:47 | INFO     | [SUCCESS] Day 04MAR
2026-01-17 09:08:47 | INFO     | [DAY_START] Processing 03MAR
[LF] Processing DMM-ATZ for 03MAR
2026-01-17 09:08:47 | INFO     | [lf.day.start] Processing DMM-ATZ for 03MAR
[LF] No direct flights on 03MAR for DMM-ATZ
2026-01-17 09:08:48 | WARNING  | [lf.day.no_flights] No direct flights on 03MAR
2026-01-17 09:08:49 | INFO     | [SUCCESS] Day 03MAR
2026-01-17 09:08:49 | INFO     | [DAY_START] Processing 02MAR
[LF] Processing DMM-ATZ for 02MAR
2026-01-17 09:08:49 | INFO     | [lf.day.start] Processing DMM-ATZ for 02MAR
[LF] 02MAR: found 1 direct flights
2026-01-17 09:08:50 | INFO     | [lf.day.flights_found] Found 1 flights on 02MAR
2026-01-17 09:08:52 | INFO     | [lf.flight.extracted] SM438 on 02MAR: BKG=41, LF=24.4%
[LF] SM438 02MAR: BKG=41, GRP=0, CAP=168, LF%=24.4%, Brd-Off=DMM-ATZ, Classes: X:15, T:9, W:6, S:1, G:7, L:3
[LF] Getting WEEKLY/LASTSOLD data for 1 flights
[LF] SM438 02MAR: LASTSOLD=2026-01-16 00:00:00, WEEKLY=14, TODAY=0, YDAY=2
2026-01-17 09:08:55 | INFO     | [SUCCESS] Day 02MAR
2026-01-17 09:08:55 | INFO     | [DAY_START] Processing 01MAR
[LF] Processing DMM-ATZ for 01MAR
2026-01-17 09:08:55 | INFO     | [lf.day.start] Processing DMM-ATZ for 01MAR
[LF] No direct flights on 01MAR for DMM-ATZ
2026-01-17 09:08:56 | WARNING  | [lf.day.no_flights] No direct flights on 01MAR
2026-01-17 09:08:57 | INFO     | [SUCCESS] Day 01MAR
2026-01-17 09:08:57 | INFO     | [DAY_START] Processing 28FEB
[LF] Processing DMM-ATZ for 28FEB
2026-01-17 09:08:57 | INFO     | [lf.day.start] Processing DMM-ATZ for 28FEB
[LF] No direct flights on 28FEB for DMM-ATZ
2026-01-17 09:08:58 | WARNING  | [lf.day.no_flights] No direct flights on 28FEB
2026-01-17 09:08:58 | INFO     | [SUCCESS] Day 28FEB
2026-01-17 09:08:58 | INFO     | [DAY_START] Processing 27FEB
[LF] Processing DMM-ATZ for 27FEB
2026-01-17 09:08:58 | INFO     | [lf.day.start] Processing DMM-ATZ for 27FEB
[LF] 27FEB: found 1 direct flights
2026-01-17 09:08:59 | INFO     | [lf.day.flights_found] Found 1 flights on 27FEB
2026-01-17 09:09:01 | INFO     | [lf.flight.extracted] SM438 on 27FEB: BKG=26, LF=14.9%
[LF] SM438 27FEB: BKG=26, GRP=0, CAP=175, LF%=14.9%, Brd-Off=DMM-ATZ, Classes: X:15, W:1, S:2, G:5, L:3
[LF] Getting WEEKLY/LASTSOLD data for 1 flights
[LF] SM438 27FEB: LASTSOLD=2026-01-16 00:00:00, WEEKLY=7, TODAY=0, YDAY=1
2026-01-17 09:09:05 | INFO     | [SUCCESS] Day 27FEB
[LF] Results summary:
  2026-03-07: 0 flights
  2026-03-06: 1 flights
  2026-03-05: 0 flights
  2026-03-04: 0 flights
  2026-03-03: 0 flights
  2026-03-02: 1 flights
  2026-03-01: 0 flights
  2026-02-28: 0 flights
  2026-02-27: 1 flights
2026-01-17 09:09:05 | INFO     | [SUCCESS] LF Search Complete

============================================================
[Worker_9227] ✓ COMPLETED: DMM-ATZ
  Results: 9 dates
  Errors: 0 dates
  Total Processed: 26 groups
============================================================

2026-01-17 09:09:05 | INFO     | [Worker_9227] Completed: DMM-ATZ - 9 results, 0 errors

============================================================
[Worker_9227] Processing: AJF-ATZ
  Tier 0: Range 2, Chunk 1/3
  Dates: 9 days
  Date Range: 2026-03-07 to 2026-02-27
============================================================

2026-01-17 09:09:05 | INFO     | [Worker_9227] Processing: AJF-ATZ
2026-01-17 09:09:05 | INFO     |   Tier 0: Range 2, Chunk 1/3 (9 days)
2026-01-17 09:09:05 | INFO     | ======================================================================
2026-01-17 09:09:05 | INFO     | Load Factor Scraper Started - Route: AJF-ATZ
2026-01-17 09:09:05 | INFO     | Log file: D:\CODERED\LAB\Artifacts\outputs\run_generated_170126_at_08.47_RETRY\logs\LF_AJF-ATZ_20260117_090905.log
2026-01-17 09:09:05 | INFO     | Enhanced logging: Capturing both logging.info() and print()
2026-01-17 09:09:05 | INFO     | ======================================================================
[LF] Processing dates (override): ['07MAR', '06MAR', '05MAR', '04MAR', '03MAR', '02MAR', '01MAR', '28FEB', '27FEB']
[LF] Attaching to Chrome for Altea access
2026-01-17 09:09:05 | INFO     | Starting LF search for route: AJF-ATZ
2026-01-17 09:09:05 | INFO     | [START] LF Search
[LF][[OK] SUCCESS] Connected to Chrome on 127.0.0.1:9227 (after 1 attempts)
2026-01-17 09:09:06 | INFO     | [HEALTH CHECK] [OK] Chrome connection is healthy
[LF][[OK] SUCCESS] Found Amadeus Altea window: Altéa Reservation Desktop
[LF][[INFO] INFO] URL: https://tc212.resdesktop.altea.amadeus.com/app_ard/apf/init/login?SITE=ESMPESMP&LANGUAGE=GB&MARKETS=ARDW_PROD_WBP&ACTION=clpLogin
2026-01-17 09:09:06 | INFO     | [DAY_START] Processing 07MAR
[LF] Processing AJF-ATZ for 07MAR
2026-01-17 09:09:06 | INFO     | [lf.day.start] Processing AJF-ATZ for 07MAR
[LF] No direct flights on 07MAR for AJF-ATZ
2026-01-17 09:09:07 | WARNING  | [lf.day.no_flights] No direct flights on 07MAR
2026-01-17 09:09:07 | INFO     | [SUCCESS] Day 07MAR
2026-01-17 09:09:07 | INFO     | [DAY_START] Processing 06MAR
[LF] Processing AJF-ATZ for 06MAR
2026-01-17 09:09:07 | INFO     | [lf.day.start] Processing AJF-ATZ for 06MAR
[LF] 06MAR: found 1 direct flights
2026-01-17 09:09:08 | INFO     | [lf.day.flights_found] Found 1 flights on 06MAR
2026-01-17 09:09:10 | INFO     | [lf.flight.extracted] SM324 on 06MAR: BKG=54, LF=32.3%
[LF] SM324 06MAR: BKG=54, GRP=0, CAP=167, LF%=32.3%, Brd-Off=AJF-ATZ, Classes: I:13, O:13, U:13, X:4, T:3, W:4, G:4
[LF] Getting WEEKLY/LASTSOLD data for 1 flights
[LF] SM324 06MAR: LASTSOLD=2026-01-15 00:00:00, WEEKLY=14, TODAY=0, YDAY=0
2026-01-17 09:09:14 | INFO     | [SUCCESS] Day 06MAR
2026-01-17 09:09:14 | INFO     | [DAY_START] Processing 05MAR
[LF] Processing AJF-ATZ for 05MAR
2026-01-17 09:09:14 | INFO     | [lf.day.start] Processing AJF-ATZ for 05MAR
[LF] No direct flights on 05MAR for AJF-ATZ
2026-01-17 09:09:15 | WARNING  | [lf.day.no_flights] No direct flights on 05MAR
2026-01-17 09:09:15 | INFO     | [SUCCESS] Day 05MAR
2026-01-17 09:09:15 | INFO     | [DAY_START] Processing 04MAR
[LF] Processing AJF-ATZ for 04MAR
2026-01-17 09:09:15 | INFO     | [lf.day.start] Processing AJF-ATZ for 04MAR
[LF] No direct flights on 04MAR for AJF-ATZ
2026-01-17 09:09:16 | WARNING  | [lf.day.no_flights] No direct flights on 04MAR
2026-01-17 09:09:16 | INFO     | [SUCCESS] Day 04MAR
2026-01-17 09:09:16 | INFO     | [DAY_START] Processing 03MAR
[LF] Processing AJF-ATZ for 03MAR
2026-01-17 09:09:16 | INFO     | [lf.day.start] Processing AJF-ATZ for 03MAR
[LF] No direct flights on 03MAR for AJF-ATZ
2026-01-17 09:09:17 | WARNING  | [lf.day.no_flights] No direct flights on 03MAR
2026-01-17 09:09:17 | INFO     | [SUCCESS] Day 03MAR
2026-01-17 09:09:17 | INFO     | [DAY_START] Processing 02MAR
[LF] Processing AJF-ATZ for 02MAR
2026-01-17 09:09:17 | INFO     | [lf.day.start] Processing AJF-ATZ for 02MAR
[LF] No direct flights on 02MAR for AJF-ATZ
2026-01-17 09:09:18 | WARNING  | [lf.day.no_flights] No direct flights on 02MAR
2026-01-17 09:09:18 | INFO     | [SUCCESS] Day 02MAR
2026-01-17 09:09:18 | INFO     | [DAY_START] Processing 01MAR
[LF] Processing AJF-ATZ for 01MAR
2026-01-17 09:09:18 | INFO     | [lf.day.start] Processing AJF-ATZ for 01MAR
[LF] No direct flights on 01MAR for AJF-ATZ
2026-01-17 09:09:19 | WARNING  | [lf.day.no_flights] No direct flights on 01MAR
2026-01-17 09:09:20 | INFO     | [SUCCESS] Day 01MAR
2026-01-17 09:09:20 | INFO     | [DAY_START] Processing 28FEB
[LF] Processing AJF-ATZ for 28FEB
2026-01-17 09:09:20 | INFO     | [lf.day.start] Processing AJF-ATZ for 28FEB
[LF] No direct flights on 28FEB for AJF-ATZ
2026-01-17 09:09:21 | WARNING  | [lf.day.no_flights] No direct flights on 28FEB
2026-01-17 09:09:21 | INFO     | [SUCCESS] Day 28FEB
2026-01-17 09:09:21 | INFO     | [DAY_START] Processing 27FEB
[LF] Processing AJF-ATZ for 27FEB
2026-01-17 09:09:21 | INFO     | [lf.day.start] Processing AJF-ATZ for 27FEB
[LF] 27FEB: found 1 direct flights
2026-01-17 09:09:22 | INFO     | [lf.day.flights_found] Found 1 flights on 27FEB
2026-01-17 09:09:24 | INFO     | [lf.flight.extracted] SM324 on 27FEB: BKG=17, LF=9.7%
[LF] SM324 27FEB: BKG=17, GRP=0, CAP=175, LF%=9.7%, Brd-Off=AJF-ATZ, Classes: I:11, X:4, S:2
[LF] Getting WEEKLY/LASTSOLD data for 1 flights
[LF] SM324 27FEB: LASTSOLD=2026-01-14 00:00:00, WEEKLY=6, TODAY=0, YDAY=0
2026-01-17 09:09:26 | INFO     | [SUCCESS] Day 27FEB
[LF] Results summary:
  2026-03-07: 0 flights
  2026-03-06: 1 flights
  2026-03-05: 0 flights
  2026-03-04: 0 flights
  2026-03-03: 0 flights
  2026-03-02: 0 flights
  2026-03-01: 0 flights
  2026-02-28: 0 flights
  2026-02-27: 1 flights
2026-01-17 09:09:26 | INFO     | [SUCCESS] LF Search Complete

============================================================
[Worker_9227] ✓ COMPLETED: AJF-ATZ
  Results: 9 dates
  Errors: 0 dates
  Total Processed: 27 groups
============================================================

2026-01-17 09:09:26 | INFO     | [Worker_9227] Completed: AJF-ATZ - 9 results, 0 errors

============================================================
[Worker_9227] Processing: ELQ-CAI
  Tier 0: Range 2, Chunk 1/3
  Dates: 9 days
  Date Range: 2026-03-07 to 2026-02-27
============================================================

2026-01-17 09:09:26 | INFO     | [Worker_9227] Processing: ELQ-CAI
2026-01-17 09:09:26 | INFO     |   Tier 0: Range 2, Chunk 1/3 (9 days)
2026-01-17 09:09:26 | INFO     | ======================================================================
2026-01-17 09:09:26 | INFO     | Load Factor Scraper Started - Route: ELQ-CAI
2026-01-17 09:09:26 | INFO     | Log file: D:\CODERED\LAB\Artifacts\outputs\run_generated_170126_at_08.47_RETRY\logs\LF_ELQ-CAI_20260117_090926.log
2026-01-17 09:09:26 | INFO     | Enhanced logging: Capturing both logging.info() and print()
2026-01-17 09:09:26 | INFO     | ======================================================================
[LF] Processing dates (override): ['07MAR', '06MAR', '05MAR', '04MAR', '03MAR', '02MAR', '01MAR', '28FEB', '27FEB']
[LF] Attaching to Chrome for Altea access
2026-01-17 09:09:26 | INFO     | Starting LF search for route: ELQ-CAI
2026-01-17 09:09:26 | INFO     | [START] LF Search
[LF][[OK] SUCCESS] Connected to Chrome on 127.0.0.1:9227 (after 1 attempts)
2026-01-17 09:09:27 | INFO     | [HEALTH CHECK] [OK] Chrome connection is healthy
[LF][[OK] SUCCESS] Found Amadeus Altea window: Altéa Reservation Desktop
[LF][[INFO] INFO] URL: https://tc212.resdesktop.altea.amadeus.com/app_ard/apf/init/login?SITE=ESMPESMP&LANGUAGE=GB&MARKETS=ARDW_PROD_WBP&ACTION=clpLogin
2026-01-17 09:09:27 | INFO     | [DAY_START] Processing 07MAR
[LF] Processing ELQ-CAI for 07MAR
2026-01-17 09:09:27 | INFO     | [lf.day.start] Processing ELQ-CAI for 07MAR
[LF] 07MAR: found 1 direct flights
2026-01-17 09:09:28 | INFO     | [lf.day.flights_found] Found 1 flights on 07MAR
2026-01-17 09:09:30 | INFO     | [lf.flight.extracted] SM428 on 07MAR: BKG=35, LF=20.0%
[LF] SM428 07MAR: BKG=35, GRP=0, CAP=175, LF%=20.0%, Brd-Off=ELQ-CAI, Classes: W:3, S:15, G:13, L:4
[LF] Getting WEEKLY/LASTSOLD data for 1 flights
[LF] SM428 07MAR: LASTSOLD=2026-01-13 00:00:00, WEEKLY=8, TODAY=0, YDAY=0
2026-01-17 09:09:34 | INFO     | [SUCCESS] Day 07MAR
2026-01-17 09:09:34 | INFO     | [DAY_START] Processing 06MAR
[LF] Processing ELQ-CAI for 06MAR
2026-01-17 09:09:34 | INFO     | [lf.day.start] Processing ELQ-CAI for 06MAR
[LF] No direct flights on 06MAR for ELQ-CAI
2026-01-17 09:09:35 | WARNING  | [lf.day.no_flights] No direct flights on 06MAR
2026-01-17 09:09:35 | INFO     | [SUCCESS] Day 06MAR
2026-01-17 09:09:35 | INFO     | [DAY_START] Processing 05MAR
[LF] Processing ELQ-CAI for 05MAR
2026-01-17 09:09:35 | INFO     | [lf.day.start] Processing ELQ-CAI for 05MAR
[LF] 05MAR: found 1 direct flights
2026-01-17 09:09:36 | INFO     | [lf.day.flights_found] Found 1 flights on 05MAR
2026-01-17 09:09:38 | INFO     | [lf.flight.extracted] SM428 on 05MAR: BKG=42, LF=24.4%
[LF] SM428 05MAR: BKG=42, GRP=0, CAP=172, LF%=24.4%, Brd-Off=ELQ-CAI, Classes: X:1, S:4, G:5, L:16, V:16
[LF] Getting WEEKLY/LASTSOLD data for 1 flights
[LF] SM428 05MAR: LASTSOLD=2026-01-15 00:00:00, WEEKLY=5, TODAY=0, YDAY=0
2026-01-17 09:09:42 | INFO     | [SUCCESS] Day 05MAR
2026-01-17 09:09:42 | INFO     | [DAY_START] Processing 04MAR
[LF] Processing ELQ-CAI for 04MAR
2026-01-17 09:09:42 | INFO     | [lf.day.start] Processing ELQ-CAI for 04MAR
[LF] No direct flights on 04MAR for ELQ-CAI
2026-01-17 09:09:43 | WARNING  | [lf.day.no_flights] No direct flights on 04MAR
2026-01-17 09:09:43 | INFO     | [SUCCESS] Day 04MAR
2026-01-17 09:09:43 | INFO     | [DAY_START] Processing 03MAR
[LF] Processing ELQ-CAI for 03MAR
2026-01-17 09:09:43 | INFO     | [lf.day.start] Processing ELQ-CAI for 03MAR
[LF] No direct flights on 03MAR for ELQ-CAI
2026-01-17 09:09:44 | WARNING  | [lf.day.no_flights] No direct flights on 03MAR
2026-01-17 09:09:45 | INFO     | [SUCCESS] Day 03MAR
2026-01-17 09:09:45 | INFO     | [DAY_START] Processing 02MAR
[LF] Processing ELQ-CAI for 02MAR
2026-01-17 09:09:45 | INFO     | [lf.day.start] Processing ELQ-CAI for 02MAR
[LF] No direct flights on 02MAR for ELQ-CAI
2026-01-17 09:09:46 | WARNING  | [lf.day.no_flights] No direct flights on 02MAR
2026-01-17 09:09:46 | INFO     | [SUCCESS] Day 02MAR
2026-01-17 09:09:46 | INFO     | [DAY_START] Processing 01MAR
[LF] Processing ELQ-CAI for 01MAR
2026-01-17 09:09:46 | INFO     | [lf.day.start] Processing ELQ-CAI for 01MAR
[LF] 01MAR: found 1 direct flights
2026-01-17 09:09:47 | INFO     | [lf.day.flights_found] Found 1 flights on 01MAR
2026-01-17 09:09:49 | INFO     | [lf.flight.extracted] SM428 on 01MAR: BKG=21, LF=12.0%
[LF] SM428 01MAR: BKG=21, GRP=0, CAP=175, LF%=12.0%, Brd-Off=ELQ-CAI, Classes: T:3, W:10, S:2, G:2, L:1, V:1, K:2
[LF] Getting WEEKLY/LASTSOLD data for 1 flights
[LF] SM428 01MAR: LASTSOLD=2026-01-11 00:00:00, WEEKLY=1, TODAY=0, YDAY=0
2026-01-17 09:09:53 | INFO     | [SUCCESS] Day 01MAR
2026-01-17 09:09:53 | INFO     | [DAY_START] Processing 28FEB
[LF] Processing ELQ-CAI for 28FEB
2026-01-17 09:09:53 | INFO     | [lf.day.start] Processing ELQ-CAI for 28FEB
[LF] 28FEB: found 1 direct flights
2026-01-17 09:09:54 | INFO     | [lf.day.flights_found] Found 1 flights on 28FEB
2026-01-17 09:09:56 | INFO     | [lf.flight.extracted] SM428 on 28FEB: BKG=42, LF=40.0%
[LF] SM428 28FEB: BKG=42, GRP=0, CAP=105, LF%=40.0%, Brd-Off=ELQ-CAI, Classes: O:11, U:11, X:9, W:6, S:5
[LF] Getting WEEKLY/LASTSOLD data for 1 flights
[LF] SM428 28FEB: LASTSOLD=2026-01-13 00:00:00, WEEKLY=8, TODAY=0, YDAY=0
2026-01-17 09:09:59 | INFO     | [SUCCESS] Day 28FEB
2026-01-17 09:09:59 | INFO     | [DAY_START] Processing 27FEB
[LF] Processing ELQ-CAI for 27FEB
2026-01-17 09:09:59 | INFO     | [lf.day.start] Processing ELQ-CAI for 27FEB
[LF] No direct flights on 27FEB for ELQ-CAI
2026-01-17 09:10:00 | WARNING  | [lf.day.no_flights] No direct flights on 27FEB
2026-01-17 09:10:00 | INFO     | [SUCCESS] Day 27FEB
[LF] Results summary:
  2026-03-07: 1 flights
  2026-03-06: 0 flights
  2026-03-05: 1 flights
  2026-03-04: 0 flights
  2026-03-03: 0 flights
  2026-03-02: 0 flights
  2026-03-01: 1 flights
  2026-02-28: 1 flights
  2026-02-27: 0 flights
2026-01-17 09:10:00 | INFO     | [SUCCESS] LF Search Complete

============================================================
[Worker_9227] ✓ COMPLETED: ELQ-CAI
  Results: 9 dates
  Errors: 0 dates
  Total Processed: 28 groups
============================================================

2026-01-17 09:10:00 | INFO     | [Worker_9227] Completed: ELQ-CAI - 9 results, 0 errors

============================================================
[Worker_9227] Processing: CAI-JED
  Tier 0: Range 2, Chunk 1/3
  Dates: 9 days
  Date Range: 2026-03-07 to 2026-02-27
============================================================

2026-01-17 09:10:00 | INFO     | [Worker_9227] Processing: CAI-JED
2026-01-17 09:10:00 | INFO     |   Tier 0: Range 2, Chunk 1/3 (9 days)
2026-01-17 09:10:00 | INFO     | ======================================================================
2026-01-17 09:10:00 | INFO     | Load Factor Scraper Started - Route: CAI-JED
2026-01-17 09:10:00 | INFO     | Log file: D:\CODERED\LAB\Artifacts\outputs\run_generated_170126_at_08.47_RETRY\logs\LF_CAI-JED_20260117_091000.log
2026-01-17 09:10:00 | INFO     | Enhanced logging: Capturing both logging.info() and print()
2026-01-17 09:10:00 | INFO     | ======================================================================
[LF] Processing dates (override): ['07MAR', '06MAR', '05MAR', '04MAR', '03MAR', '02MAR', '01MAR', '28FEB', '27FEB']
[LF] Attaching to Chrome for Altea access
2026-01-17 09:10:00 | INFO     | Starting LF search for route: CAI-JED
2026-01-17 09:10:00 | INFO     | [START] LF Search
[LF][[OK] SUCCESS] Connected to Chrome on 127.0.0.1:9227 (after 1 attempts)
2026-01-17 09:10:01 | INFO     | [HEALTH CHECK] [OK] Chrome connection is healthy
[LF][[OK] SUCCESS] Found Amadeus Altea window: Altéa Reservation Desktop
[LF][[INFO] INFO] URL: https://tc212.resdesktop.altea.amadeus.com/app_ard/apf/init/login?SITE=ESMPESMP&LANGUAGE=GB&MARKETS=ARDW_PROD_WBP&ACTION=clpLogin
2026-01-17 09:10:01 | INFO     | [DAY_START] Processing 07MAR
[LF] Processing CAI-JED for 07MAR
2026-01-17 09:10:01 | INFO     | [lf.day.start] Processing CAI-JED for 07MAR
[LF] 07MAR: found 4 direct flights
2026-01-17 09:10:02 | INFO     | [lf.day.flights_found] Found 4 flights on 07MAR
2026-01-17 09:10:04 | INFO     | [lf.flight.extracted] SM449 on 07MAR: BKG=2, LF=1.1%
[LF] SM449 07MAR: BKG=2, GRP=0, CAP=179, LF%=1.1%, Brd-Off=CAI-JED, Classes: K:2
2026-01-17 09:10:09 | INFO     | [lf.flight.extracted] SM475 on 07MAR: BKG=7, LF=3.9%
[LF] SM475 07MAR: BKG=7, GRP=0, CAP=180, LF%=3.9%, Brd-Off=CAI-JED, Classes: L:7
2026-01-17 09:10:12 | INFO     | [lf.flight.extracted] SM477 on 07MAR: BKG=0, LF=0.0%
[LF] SM477 07MAR: BKG=0, GRP=0, CAP=179, LF%=0.0%, Brd-Off=CAI-JED
2026-01-17 09:10:15 | INFO     | [lf.flight.extracted] SM423 on 07MAR: BKG=0, LF=0.0%
[LF] SM423 07MAR: BKG=0, GRP=0, CAP=179, LF%=0.0%, Brd-Off=CAI-JED
[LF] Getting WEEKLY/LASTSOLD data for 2 flights
[LF] SM449 07MAR: LASTSOLD=2025-11-13 00:00:00, WEEKLY=0, TODAY=0, YDAY=0
[LF] SM475 07MAR: LASTSOLD=2025-12-29 00:00:00, WEEKLY=0, TODAY=0, YDAY=0
2026-01-17 09:10:19 | INFO     | [SUCCESS] Day 07MAR
2026-01-17 09:10:19 | INFO     | [DAY_START] Processing 06MAR
[LF] Processing CAI-JED for 06MAR
2026-01-17 09:10:19 | INFO     | [lf.day.start] Processing CAI-JED for 06MAR
[LF] 06MAR: found 5 direct flights
2026-01-17 09:10:20 | INFO     | [lf.day.flights_found] Found 5 flights on 06MAR
2026-01-17 09:10:22 | INFO     | [lf.flight.extracted] SM475 on 06MAR: BKG=2, LF=1.1%
[LF] SM475 06MAR: BKG=2, GRP=0, CAP=179, LF%=1.1%, Brd-Off=CAI-JED, Classes: L:2
2026-01-17 09:10:26 | INFO     | [lf.flight.extracted] SM477 on 06MAR: BKG=56, LF=31.3%
[LF] SM477 06MAR: BKG=56, GRP=45, CAP=179, LF%=31.3%, Brd-Off=CAI-JED, Classes: P:45, L:10, K:1
2026-01-17 09:10:29 | INFO     | [lf.flight.extracted] SM479 on 06MAR: BKG=2, LF=1.1%
[LF] SM479 06MAR: BKG=2, GRP=0, CAP=179, LF%=1.1%, Brd-Off=CAI-JED, Classes: L:2
2026-01-17 09:10:32 | INFO     | [lf.flight.extracted] SM471 on 06MAR: BKG=1, LF=0.6%
[LF] SM471 06MAR: BKG=1, GRP=0, CAP=179, LF%=0.6%, Brd-Off=CAI-JED, Classes: L:1
2026-01-17 09:10:36 | INFO     | [lf.flight.extracted] SM459 on 06MAR: BKG=0, LF=0.0%
[LF] SM459 06MAR: BKG=0, GRP=0, CAP=179, LF%=0.0%, Brd-Off=CAI-JED
[LF] Getting WEEKLY/LASTSOLD data for 4 flights
[LF] SM475 06MAR: LASTSOLD=2025-10-23 00:00:00, WEEKLY=0, TODAY=0, YDAY=0
[LF] SM477 06MAR: LASTSOLD=2026-01-14 00:00:00, WEEKLY=1, TODAY=0, YDAY=0
[LF] SM479 06MAR: LASTSOLD=2025-12-25 00:00:00, WEEKLY=0, TODAY=0, YDAY=0
[LF] SM471 06MAR: LASTSOLD=2026-01-02 00:00:00, WEEKLY=0, TODAY=0, YDAY=0
2026-01-17 09:10:42 | INFO     | [SUCCESS] Day 06MAR
2026-01-17 09:10:42 | INFO     | [DAY_START] Processing 05MAR
[LF] Processing CAI-JED for 05MAR
2026-01-17 09:10:42 | INFO     | [lf.day.start] Processing CAI-JED for 05MAR
[LF] 05MAR: found 6 direct flights
2026-01-17 09:10:43 | INFO     | [lf.day.flights_found] Found 6 flights on 05MAR
2026-01-17 09:10:45 | INFO     | [lf.flight.extracted] SM449 on 05MAR: BKG=1, LF=0.6%
[LF] SM449 05MAR: BKG=1, GRP=0, CAP=179, LF%=0.6%, Brd-Off=CAI-JED, Classes: L:1
2026-01-17 09:10:48 | INFO     | [lf.flight.extracted] SM475 on 05MAR: BKG=2, LF=1.1%
[LF] SM475 05MAR: BKG=2, GRP=0, CAP=179, LF%=1.1%, Brd-Off=CAI-JED, Classes: L:2
2026-01-17 09:10:51 | INFO     | [lf.flight.extracted] SM431 on 05MAR: BKG=2, LF=1.1%
[LF] SM431 05MAR: BKG=2, GRP=0, CAP=179, LF%=1.1%, Brd-Off=CAI-JED, Classes: L:2
2026-01-17 09:10:54 | INFO     | [lf.flight.extracted] SM477 on 05MAR: BKG=0, LF=0.0%
[LF] SM477 05MAR: BKG=0, GRP=0, CAP=179, LF%=0.0%, Brd-Off=CAI-JED
2026-01-17 09:10:57 | INFO     | [lf.flight.extracted] SM479 on 05MAR: BKG=3, LF=1.7%
[LF] SM479 05MAR: BKG=3, GRP=0, CAP=179, LF%=1.7%, Brd-Off=CAI-JED, Classes: L:3
2026-01-17 09:11:01 | INFO     | [lf.flight.extracted] SM423 on 05MAR: BKG=41, LF=23.3%
[LF] SM423 05MAR: BKG=41, GRP=40, CAP=176, LF%=23.3%, Brd-Off=CAI-JED, Classes: E:40, L:1
[LF] Getting WEEKLY/LASTSOLD data for 5 flights
[LF] SM449 05MAR: LASTSOLD=2025-12-29 00:00:00, WEEKLY=0, TODAY=0, YDAY=0
[LF] SM475 05MAR: LASTSOLD=2025-12-22 00:00:00, WEEKLY=0, TODAY=0, YDAY=0
[LF] SM431 05MAR: LASTSOLD=2026-01-12 00:00:00, WEEKLY=2, TODAY=0, YDAY=0
[LF] SM479 05MAR: LASTSOLD=2026-01-03 00:00:00, WEEKLY=0, TODAY=0, YDAY=0
[LF] SM423 05MAR: LASTSOLD=2026-01-14 00:00:00, WEEKLY=1, TODAY=0, YDAY=0
2026-01-17 09:11:08 | INFO     | [SUCCESS] Day 05MAR
2026-01-17 09:11:08 | INFO     | [DAY_START] Processing 04MAR
[LF] Processing CAI-JED for 04MAR
2026-01-17 09:11:08 | INFO     | [lf.day.start] Processing CAI-JED for 04MAR
[LF] 04MAR: found 5 direct flights
2026-01-17 09:11:09 | INFO     | [lf.day.flights_found] Found 5 flights on 04MAR
2026-01-17 09:11:11 | INFO     | [lf.flight.extracted] SM423 on 04MAR: BKG=0, LF=0.0%
[LF] SM423 04MAR: BKG=0, GRP=0, CAP=179, LF%=0.0%, Brd-Off=CAI-JED
2026-01-17 09:11:14 | INFO     | [lf.flight.extracted] SM475 on 04MAR: BKG=3, LF=1.7%
[LF] SM475 04MAR: BKG=3, GRP=0, CAP=179, LF%=1.7%, Brd-Off=CAI-JED, Classes: L:3
2026-01-17 09:11:17 | INFO     | [lf.flight.extracted] SM459 on 04MAR: BKG=0, LF=0.0%
[LF] SM459 04MAR: BKG=0, GRP=0, CAP=179, LF%=0.0%, Brd-Off=CAI-JED
2026-01-17 09:11:20 | INFO     | [lf.flight.extracted] SM477 on 04MAR: BKG=9, LF=5.0%
[LF] SM477 04MAR: BKG=9, GRP=0, CAP=179, LF%=5.0%, Brd-Off=CAI-JED, Classes: L:9
2026-01-17 09:11:23 | INFO     | [lf.flight.extracted] SM471 on 04MAR: BKG=2, LF=1.1%
[LF] SM471 04MAR: BKG=2, GRP=0, CAP=176, LF%=1.1%, Brd-Off=CAI-JED, Classes: L:2
[LF] Getting WEEKLY/LASTSOLD data for 3 flights
[LF] SM475 04MAR: LASTSOLD=2025-08-27 00:00:00, WEEKLY=0, TODAY=0, YDAY=0
[LF] SM477 04MAR: LASTSOLD=2025-12-30 00:00:00, WEEKLY=0, TODAY=0, YDAY=0
[LF] SM471 04MAR: LASTSOLD=2025-12-23 00:00:00, WEEKLY=0, TODAY=0, YDAY=0
2026-01-17 09:11:28 | INFO     | [SUCCESS] Day 04MAR
2026-01-17 09:11:28 | INFO     | [DAY_START] Processing 03MAR
[LF] Processing CAI-JED for 03MAR
2026-01-17 09:11:28 | INFO     | [lf.day.start] Processing CAI-JED for 03MAR
[LF] 03MAR: found 6 direct flights
2026-01-17 09:11:29 | INFO     | [lf.day.flights_found] Found 6 flights on 03MAR
2026-01-17 09:11:31 | INFO     | [lf.flight.extracted] SM471 on 03MAR: BKG=1, LF=0.6%
[LF] SM471 03MAR: BKG=1, GRP=0, CAP=179, LF%=0.6%, Brd-Off=CAI-JED, Classes: L:1
2026-01-17 09:11:34 | INFO     | [lf.flight.extracted] SM479 on 03MAR: BKG=0, LF=0.0%
[LF] SM479 03MAR: BKG=0, GRP=0, CAP=179, LF%=0.0%, Brd-Off=CAI-JED
2026-01-17 09:11:37 | INFO     | [lf.flight.extracted] SM477 on 03MAR: BKG=0, LF=0.0%
[LF] SM477 03MAR: BKG=0, GRP=0, CAP=179, LF%=0.0%, Brd-Off=CAI-JED
2026-01-17 09:11:40 | INFO     | [lf.flight.extracted] SM459 on 03MAR: BKG=1, LF=0.6%
[LF] SM459 03MAR: BKG=1, GRP=0, CAP=179, LF%=0.6%, Brd-Off=CAI-JED, Classes: L:1
2026-01-17 09:11:43 | INFO     | [lf.flight.extracted] SM423 on 03MAR: BKG=0, LF=0.0%
[LF] SM423 03MAR: BKG=0, GRP=0, CAP=179, LF%=0.0%, Brd-Off=CAI-JED
2026-01-17 09:11:47 | INFO     | [lf.flight.extracted] SM475 on 03MAR: BKG=0, LF=0.0%
[LF] SM475 03MAR: BKG=0, GRP=0, CAP=179, LF%=0.0%, Brd-Off=CAI-JED
[LF] Getting WEEKLY/LASTSOLD data for 2 flights
[LF] SM471 03MAR: LASTSOLD=2025-12-18 00:00:00, WEEKLY=0, TODAY=0, YDAY=0
[LF] SM459 03MAR: LASTSOLD=2025-11-18 00:00:00, WEEKLY=0, TODAY=0, YDAY=0
2026-01-17 09:11:51 | INFO     | [SUCCESS] Day 03MAR
2026-01-17 09:11:51 | INFO     | [DAY_START] Processing 02MAR
[LF] Processing CAI-JED for 02MAR
2026-01-17 09:11:51 | INFO     | [lf.day.start] Processing CAI-JED for 02MAR
[LF] 02MAR: found 3 direct flights
2026-01-17 09:11:52 | INFO     | [lf.day.flights_found] Found 3 flights on 02MAR
2026-01-17 09:11:54 | INFO     | [lf.flight.extracted] SM475 on 02MAR: BKG=3, LF=1.7%
[LF] SM475 02MAR: BKG=3, GRP=0, CAP=179, LF%=1.7%, Brd-Off=CAI-JED, Classes: L:3
2026-01-17 09:11:57 | INFO     | [lf.flight.extracted] SM477 on 02MAR: BKG=3, LF=1.7%
[LF] SM477 02MAR: BKG=3, GRP=0, CAP=179, LF%=1.7%, Brd-Off=CAI-JED, Classes: L:3
2026-01-17 09:12:00 | INFO     | [lf.flight.extracted] SM459 on 02MAR: BKG=3, LF=1.7%
[LF] SM459 02MAR: BKG=3, GRP=0, CAP=179, LF%=1.7%, Brd-Off=CAI-JED, Classes: L:3
[LF] Getting WEEKLY/LASTSOLD data for 3 flights
[LF] SM475 02MAR: LASTSOLD=2026-01-15 00:00:00, WEEKLY=1, TODAY=0, YDAY=0
[LF] SM477 02MAR: LASTSOLD=2025-12-20 00:00:00, WEEKLY=0, TODAY=0, YDAY=0
[LF] SM459 02MAR: LASTSOLD=2025-12-17 00:00:00, WEEKLY=0, TODAY=0, YDAY=0
2026-01-17 09:12:05 | INFO     | [SUCCESS] Day 02MAR
2026-01-17 09:12:05 | INFO     | [DAY_START] Processing 01MAR
[LF] Processing CAI-JED for 01MAR
2026-01-17 09:12:05 | INFO     | [lf.day.start] Processing CAI-JED for 01MAR
[LF] 01MAR: found 5 direct flights
2026-01-17 09:12:18 | INFO     | [lf.day.flights_found] Found 5 flights on 01MAR
2026-01-17 09:12:20 | INFO     | [lf.flight.extracted] SM475 on 01MAR: BKG=0, LF=0.0%
[LF] SM475 01MAR: BKG=0, GRP=0, CAP=176, LF%=0.0%, Brd-Off=CAI-JED
2026-01-17 09:12:23 | INFO     | [lf.flight.extracted] SM431 on 01MAR: BKG=0, LF=0.0%
[LF] SM431 01MAR: BKG=0, GRP=0, CAP=180, LF%=0.0%, Brd-Off=CAI-JED
2026-01-17 09:12:26 | INFO     | [lf.flight.extracted] SM459 on 01MAR: BKG=0, LF=0.0%
[LF] SM459 01MAR: BKG=0, GRP=0, CAP=179, LF%=0.0%, Brd-Off=CAI-JED
2026-01-17 09:12:29 | INFO     | [lf.flight.extracted] SM477 on 01MAR: BKG=0, LF=0.0%
[LF] SM477 01MAR: BKG=0, GRP=0, CAP=179, LF%=0.0%, Brd-Off=CAI-JED
2026-01-17 09:12:32 | INFO     | [lf.flight.extracted] SM479 on 01MAR: BKG=3, LF=1.7%
[LF] SM479 01MAR: BKG=3, GRP=0, CAP=176, LF%=1.7%, Brd-Off=CAI-JED, Classes: L:3
[LF] Getting WEEKLY/LASTSOLD data for 1 flights
[LF] SM479 01MAR: LASTSOLD=2026-01-06 00:00:00, WEEKLY=0, TODAY=0, YDAY=0
2026-01-17 09:12:34 | INFO     | [SUCCESS] Day 01MAR
2026-01-17 09:12:34 | INFO     | [DAY_START] Processing 28FEB
[LF] Processing CAI-JED for 28FEB
2026-01-17 09:12:34 | INFO     | [lf.day.start] Processing CAI-JED for 28FEB
[LF] 28FEB: found 4 direct flights
2026-01-17 09:12:35 | INFO     | [lf.day.flights_found] Found 4 flights on 28FEB
2026-01-17 09:12:37 | INFO     | [lf.flight.extracted] SM449 on 28FEB: BKG=24, LF=13.6%
[LF] SM449 28FEB: BKG=24, GRP=0, CAP=176, LF%=13.6%, Brd-Off=CAI-JED, Classes: U:10, X:13, T:1
2026-01-17 09:12:41 | INFO     | [lf.flight.extracted] SM475 on 28FEB: BKG=14, LF=7.8%
[LF] SM475 28FEB: BKG=14, GRP=0, CAP=179, LF%=7.8%, Brd-Off=CAI-JED, Classes: U:6, X:7, T:1
2026-01-17 09:12:44 | INFO     | [lf.flight.extracted] SM477 on 28FEB: BKG=26, LF=14.5%
[LF] SM477 28FEB: BKG=26, GRP=0, CAP=179, LF%=14.5%, Brd-Off=CAI-JED, Classes: U:10, X:13, T:3
2026-01-17 09:12:47 | INFO     | [lf.flight.extracted] SM423 on 28FEB: BKG=28, LF=15.6%
[LF] SM423 28FEB: BKG=28, GRP=0, CAP=179, LF%=15.6%, Brd-Off=CAI-JED, Classes: U:10, X:13, T:4, S:1
[LF] Getting WEEKLY/LASTSOLD data for 4 flights
[LF] SM449 28FEB: LASTSOLD=2026-01-03 00:00:00, WEEKLY=0, TODAY=0, YDAY=0
[LF] SM475 28FEB: LASTSOLD=2026-01-14 00:00:00, WEEKLY=1, TODAY=0, YDAY=0
[LF] SM477 28FEB: LASTSOLD=2026-01-15 00:00:00, WEEKLY=1, TODAY=0, YDAY=0
[LF] SM423 28FEB: LASTSOLD=2026-01-10 00:00:00, WEEKLY=1, TODAY=0, YDAY=0
2026-01-17 09:12:57 | INFO     | [SUCCESS] Day 28FEB
2026-01-17 09:12:57 | INFO     | [DAY_START] Processing 27FEB
[LF] Processing CAI-JED for 27FEB
2026-01-17 09:12:57 | INFO     | [lf.day.start] Processing CAI-JED for 27FEB
[LF] 27FEB: found 6 direct flights
2026-01-17 09:12:58 | INFO     | [lf.day.flights_found] Found 6 flights on 27FEB
2026-01-17 09:13:00 | INFO     | [lf.flight.extracted] SM475 on 27FEB: BKG=19, LF=10.6%
[LF] SM475 27FEB: BKG=19, GRP=0, CAP=179, LF%=10.6%, Brd-Off=CAI-JED, Classes: U:8, X:5, T:6
2026-01-17 09:13:04 | INFO     | [lf.flight.extracted] SM477 on 27FEB: BKG=22, LF=12.3%
[LF] SM477 27FEB: BKG=22, GRP=0, CAP=179, LF%=12.3%, Brd-Off=CAI-JED, Classes: U:10, X:12
2026-01-17 09:13:07 | INFO     | [lf.flight.extracted] SM479 on 27FEB: BKG=22, LF=12.3%
[LF] SM479 27FEB: BKG=22, GRP=0, CAP=179, LF%=12.3%, Brd-Off=CAI-JED, Classes: U:10, X:12
2026-01-17 09:13:10 | INFO     | [lf.flight.extracted] SM471 on 27FEB: BKG=17, LF=9.5%
[LF] SM471 27FEB: BKG=17, GRP=0, CAP=179, LF%=9.5%, Brd-Off=CAI-JED, Classes: U:10, X:7
2026-01-17 09:13:13 | INFO     | [lf.flight.extracted] SM459 on 27FEB: BKG=19, LF=10.6%
[LF] SM459 27FEB: BKG=19, GRP=0, CAP=179, LF%=10.6%, Brd-Off=CAI-JED, Classes: U:10, X:9
2026-01-17 09:13:17 | INFO     | [lf.flight.extracted] SM2481 on 27FEB: BKG=0, LF=0.0%
[LF] SM2481 27FEB: BKG=0, GRP=0, CAP=179, LF%=0.0%, Brd-Off=CAI-JED
[LF] Getting WEEKLY/LASTSOLD data for 5 flights
[LF] SM475 27FEB: LASTSOLD=2026-01-01 00:00:00, WEEKLY=0, TODAY=0, YDAY=0
[LF] SM477 27FEB: LASTSOLD=2026-01-07 00:00:00, WEEKLY=0, TODAY=0, YDAY=0
[LF] SM479 27FEB: LASTSOLD=2026-01-12 00:00:00, WEEKLY=4, TODAY=0, YDAY=0
[LF] SM471 27FEB: LASTSOLD=2026-01-16 00:00:00, WEEKLY=4, TODAY=0, YDAY=3
[LF] SM459 27FEB: LASTSOLD=2026-01-14 00:00:00, WEEKLY=1, TODAY=0, YDAY=0
2026-01-17 09:13:27 | INFO     | [SUCCESS] Day 27FEB
[LF] Results summary:
  2026-03-07: 4 flights
  2026-03-06: 5 flights
  2026-03-05: 6 flights
  2026-03-04: 5 flights
  2026-03-03: 6 flights
  2026-03-02: 3 flights
  2026-03-01: 5 flights
  2026-02-28: 4 flights
  2026-02-27: 6 flights
2026-01-17 09:13:27 | INFO     | [SUCCESS] LF Search Complete

============================================================
[Worker_9227] ✓ COMPLETED: CAI-JED
  Results: 9 dates
  Errors: 0 dates
  Total Processed: 29 groups
============================================================

2026-01-17 09:13:27 | INFO     | [Worker_9227] Completed: CAI-JED - 9 results, 0 errors

============================================================
[Worker_9227] Processing: ELQ-CAI
  Tier 0: Range 2, Chunk 2/3
  Dates: 8 days
  Date Range: 2026-02-26 to 2026-02-19
============================================================

2026-01-17 09:13:27 | INFO     | [Worker_9227] Processing: ELQ-CAI
2026-01-17 09:13:27 | INFO     |   Tier 0: Range 2, Chunk 2/3 (8 days)
2026-01-17 09:13:27 | INFO     | ======================================================================
2026-01-17 09:13:27 | INFO     | Load Factor Scraper Started - Route: ELQ-CAI
2026-01-17 09:13:27 | INFO     | Log file: D:\CODERED\LAB\Artifacts\outputs\run_generated_170126_at_08.47_RETRY\logs\LF_ELQ-CAI_20260117_091327.log
2026-01-17 09:13:27 | INFO     | Enhanced logging: Capturing both logging.info() and print()
2026-01-17 09:13:27 | INFO     | ======================================================================
[LF] Processing dates (override): ['26FEB', '25FEB', '24FEB', '23FEB', '22FEB', '21FEB', '20FEB', '19FEB']
[LF] Attaching to Chrome for Altea access
2026-01-17 09:13:27 | INFO     | Starting LF search for route: ELQ-CAI
2026-01-17 09:13:27 | INFO     | [START] LF Search
[LF][[OK] SUCCESS] Connected to Chrome on 127.0.0.1:9227 (after 1 attempts)
2026-01-17 09:13:28 | INFO     | [HEALTH CHECK] [OK] Chrome connection is healthy
[LF][[OK] SUCCESS] Found Amadeus Altea window: Altéa Reservation Desktop
[LF][[INFO] INFO] URL: https://tc212.resdesktop.altea.amadeus.com/app_ard/apf/init/login?SITE=ESMPESMP&LANGUAGE=GB&MARKETS=ARDW_PROD_WBP&ACTION=clpLogin
2026-01-17 09:13:28 | INFO     | [DAY_START] Processing 26FEB
[LF] Processing ELQ-CAI for 26FEB
2026-01-17 09:13:28 | INFO     | [lf.day.start] Processing ELQ-CAI for 26FEB
[LF] 26FEB: found 1 direct flights
2026-01-17 09:13:29 | INFO     | [lf.day.flights_found] Found 1 flights on 26FEB
2026-01-17 09:13:31 | INFO     | [lf.flight.extracted] SM428 on 26FEB: BKG=31, LF=29.5%
[LF] SM428 26FEB: BKG=31, GRP=0, CAP=105, LF%=29.5%, Brd-Off=ELQ-CAI, Classes: O:10, U:12, X:5, S:1, G:3
[LF] Getting WEEKLY/LASTSOLD data for 1 flights
[LF] SM428 26FEB: LASTSOLD=2026-01-15 00:00:00, WEEKLY=4, TODAY=0, YDAY=0
2026-01-17 09:13:34 | INFO     | [SUCCESS] Day 26FEB
2026-01-17 09:13:34 | INFO     | [DAY_START] Processing 25FEB
[LF] Processing ELQ-CAI for 25FEB
2026-01-17 09:13:34 | INFO     | [lf.day.start] Processing ELQ-CAI for 25FEB
[LF] No direct flights on 25FEB for ELQ-CAI
2026-01-17 09:13:35 | WARNING  | [lf.day.no_flights] No direct flights on 25FEB
2026-01-17 09:13:36 | INFO     | [SUCCESS] Day 25FEB
2026-01-17 09:13:36 | INFO     | [DAY_START] Processing 24FEB
[LF] Processing ELQ-CAI for 24FEB
2026-01-17 09:13:36 | INFO     | [lf.day.start] Processing ELQ-CAI for 24FEB
[LF] No direct flights on 24FEB for ELQ-CAI
2026-01-17 09:13:36 | WARNING  | [lf.day.no_flights] No direct flights on 24FEB
2026-01-17 09:13:37 | INFO     | [SUCCESS] Day 24FEB
2026-01-17 09:13:37 | INFO     | [DAY_START] Processing 23FEB
[LF] Processing ELQ-CAI for 23FEB
2026-01-17 09:13:37 | INFO     | [lf.day.start] Processing ELQ-CAI for 23FEB
[LF] No direct flights on 23FEB for ELQ-CAI
2026-01-17 09:13:38 | WARNING  | [lf.day.no_flights] No direct flights on 23FEB
2026-01-17 09:13:38 | INFO     | [SUCCESS] Day 23FEB
2026-01-17 09:13:38 | INFO     | [DAY_START] Processing 22FEB
[LF] Processing ELQ-CAI for 22FEB
2026-01-17 09:13:38 | INFO     | [lf.day.start] Processing ELQ-CAI for 22FEB
[LF] 22FEB: found 1 direct flights
2026-01-17 09:13:39 | INFO     | [lf.day.flights_found] Found 1 flights on 22FEB
2026-01-17 09:13:41 | INFO     | [lf.flight.extracted] SM428 on 22FEB: BKG=29, LF=16.6%
[LF] SM428 22FEB: BKG=29, GRP=0, CAP=175, LF%=16.6%, Brd-Off=ELQ-CAI, Classes: I:1, O:8, U:12, X:7, S:1
[LF] Getting WEEKLY/LASTSOLD data for 1 flights
[LF] SM428 22FEB: LASTSOLD=2026-01-16 00:00:00, WEEKLY=5, TODAY=0, YDAY=3
2026-01-17 09:13:44 | INFO     | [SUCCESS] Day 22FEB
2026-01-17 09:13:44 | INFO     | [DAY_START] Processing 21FEB
[LF] Processing ELQ-CAI for 21FEB
2026-01-17 09:13:44 | INFO     | [lf.day.start] Processing ELQ-CAI for 21FEB
[LF] 21FEB: found 1 direct flights
2026-01-17 09:13:45 | INFO     | [lf.day.flights_found] Found 1 flights on 21FEB
2026-01-17 09:13:47 | INFO     | [lf.flight.extracted] SM428 on 21FEB: BKG=26, LF=24.8%
[LF] SM428 21FEB: BKG=26, GRP=0, CAP=105, LF%=24.8%, Brd-Off=ELQ-CAI, Classes: O:9, U:9, X:4, T:4
[LF] Getting WEEKLY/LASTSOLD data for 1 flights
[LF] SM428 21FEB: LASTSOLD=2026-01-16 00:00:00, WEEKLY=7, TODAY=0, YDAY=6
2026-01-17 09:13:50 | INFO     | [SUCCESS] Day 21FEB
2026-01-17 09:13:50 | INFO     | [DAY_START] Processing 20FEB
[LF] Processing ELQ-CAI for 20FEB
2026-01-17 09:13:50 | INFO     | [lf.day.start] Processing ELQ-CAI for 20FEB
[LF] No direct flights on 20FEB for ELQ-CAI
2026-01-17 09:13:51 | WARNING  | [lf.day.no_flights] No direct flights on 20FEB
2026-01-17 09:13:51 | INFO     | [SUCCESS] Day 20FEB
2026-01-17 09:13:51 | INFO     | [DAY_START] Processing 19FEB
[LF] Processing ELQ-CAI for 19FEB
2026-01-17 09:13:51 | INFO     | [lf.day.start] Processing ELQ-CAI for 19FEB
[LF] 19FEB: found 1 direct flights
2026-01-17 09:13:52 | INFO     | [lf.day.flights_found] Found 1 flights on 19FEB
2026-01-17 09:13:54 | INFO     | [lf.flight.extracted] SM428 on 19FEB: BKG=13, LF=12.4%
[LF] SM428 19FEB: BKG=13, GRP=0, CAP=105, LF%=12.4%, Brd-Off=ELQ-CAI, Classes: O:10, U:2, X:1
[LF] Getting WEEKLY/LASTSOLD data for 1 flights
[LF] SM428 19FEB: LASTSOLD=2026-01-16 00:00:00, WEEKLY=8, TODAY=0, YDAY=2
2026-01-17 09:13:57 | INFO     | [SUCCESS] Day 19FEB
[LF] Results summary:
  2026-02-26: 1 flights
  2026-02-25: 0 flights
  2026-02-24: 0 flights
  2026-02-23: 0 flights
  2026-02-22: 1 flights
  2026-02-21: 1 flights
  2026-02-20: 0 flights
  2026-02-19: 1 flights
2026-01-17 09:13:57 | INFO     | [SUCCESS] LF Search Complete

============================================================
[Worker_9227] ✓ COMPLETED: ELQ-CAI
  Results: 8 dates
  Errors: 0 dates
  Total Processed: 30 groups
============================================================

2026-01-17 09:13:57 | INFO     | [Worker_9227] Completed: ELQ-CAI - 8 results, 0 errors

============================================================
[Worker_9227] Processing: ATZ-JED
  Tier 0: Range 2, Chunk 2/3
  Dates: 8 days
  Date Range: 2026-02-26 to 2026-02-19
============================================================

2026-01-17 09:13:57 | INFO     | [Worker_9227] Processing: ATZ-JED
2026-01-17 09:13:57 | INFO     |   Tier 0: Range 2, Chunk 2/3 (8 days)
2026-01-17 09:13:57 | INFO     | ======================================================================
2026-01-17 09:13:57 | INFO     | Load Factor Scraper Started - Route: ATZ-JED
2026-01-17 09:13:57 | INFO     | Log file: D:\CODERED\LAB\Artifacts\outputs\run_generated_170126_at_08.47_RETRY\logs\LF_ATZ-JED_20260117_091357.log
2026-01-17 09:13:57 | INFO     | Enhanced logging: Capturing both logging.info() and print()
2026-01-17 09:13:57 | INFO     | ======================================================================
[LF] Processing dates (override): ['26FEB', '25FEB', '24FEB', '23FEB', '22FEB', '21FEB', '20FEB', '19FEB']
[LF] Attaching to Chrome for Altea access
2026-01-17 09:13:57 | INFO     | Starting LF search for route: ATZ-JED
2026-01-17 09:13:57 | INFO     | [START] LF Search
[LF][[OK] SUCCESS] Connected to Chrome on 127.0.0.1:9227 (after 1 attempts)
2026-01-17 09:13:58 | INFO     | [HEALTH CHECK] [OK] Chrome connection is healthy
[LF][[OK] SUCCESS] Found Amadeus Altea window: Altéa Reservation Desktop
[LF][[INFO] INFO] URL: https://tc212.resdesktop.altea.amadeus.com/app_ard/apf/init/login?SITE=ESMPESMP&LANGUAGE=GB&MARKETS=ARDW_PROD_WBP&ACTION=clpLogin
2026-01-17 09:13:58 | INFO     | [DAY_START] Processing 26FEB
[LF] Processing ATZ-JED for 26FEB
2026-01-17 09:13:58 | INFO     | [lf.day.start] Processing ATZ-JED for 26FEB
[LF] 26FEB: found 4 direct flights
2026-01-17 09:13:59 | INFO     | [lf.day.flights_found] Found 4 flights on 26FEB
2026-01-17 09:13:59 | INFO     | [lf.flight.extracted] SM2469 on 26FEB: BKG=0, LF=0.0%
[LF] SM2469 26FEB: BKG=0, GRP=0, CAP=168, LF%=0.0%, Brd-Off=ATZ-JED
2026-01-17 09:14:02 | INFO     | [lf.flight.extracted] SM2467 on 26FEB: BKG=135, LF=75.4%
[LF] SM2467 26FEB: BKG=135, GRP=135, CAP=179, LF%=75.4%, Brd-Off=ATZ-JED, Classes: P:135
2026-01-17 09:14:05 | INFO     | [lf.flight.extracted] SM453 on 26FEB: BKG=92, LF=51.4%
[LF] SM453 26FEB: BKG=92, GRP=90, CAP=179, LF%=51.4%, Brd-Off=ATZ-JED, Classes: P:90, W:2
2026-01-17 09:14:09 | INFO     | [lf.flight.extracted] SM455 on 26FEB: BKG=45, LF=25.1%
[LF] SM455 26FEB: BKG=45, GRP=45, CAP=179, LF%=25.1%, Brd-Off=ATZ-JED, Classes: P:45
[LF] Getting WEEKLY/LASTSOLD data for 3 flights
[LF] SM2467 26FEB: LASTSOLD=2026-01-13 00:00:00, WEEKLY=2, TODAY=0, YDAY=0
[LF] SM453 26FEB: LASTSOLD=2026-01-14 00:00:00, WEEKLY=2, TODAY=0, YDAY=0
[LF] SM455 26FEB: LASTSOLD=2026-01-11 00:00:00, WEEKLY=1, TODAY=0, YDAY=0
2026-01-17 09:14:13 | INFO     | [SUCCESS] Day 26FEB
2026-01-17 09:14:13 | INFO     | [DAY_START] Processing 25FEB
[LF] Processing ATZ-JED for 25FEB
2026-01-17 09:14:13 | INFO     | [lf.day.start] Processing ATZ-JED for 25FEB
[LF] 25FEB: found 3 direct flights
2026-01-17 09:14:14 | INFO     | [lf.day.flights_found] Found 3 flights on 25FEB
2026-01-17 09:14:16 | INFO     | [lf.flight.extracted] SM453 on 25FEB: BKG=180, LF=100.6%
[LF] SM453 25FEB: BKG=180, GRP=180, CAP=179, LF%=100.6%, Brd-Off=ATZ-JED, Classes: P:180
2026-01-17 09:14:19 | INFO     | [lf.flight.extracted] SM491 on 25FEB: BKG=184, LF=102.8%
[LF] SM491 25FEB: BKG=184, GRP=180, CAP=179, LF%=102.8%, Brd-Off=ATZ-JED, Classes: P:135, E:45, W:4
2026-01-17 09:14:23 | INFO     | [lf.flight.extracted] SM421 on 25FEB: BKG=181, LF=101.1%
[LF] SM421 25FEB: BKG=181, GRP=180, CAP=179, LF%=101.1%, Brd-Off=ATZ-JED, Classes: P:180, W:1
[LF] Getting WEEKLY/LASTSOLD data for 3 flights
[LF] SM453 25FEB: LASTSOLD=2026-01-06 00:00:00, WEEKLY=0, TODAY=0, YDAY=0
[LF] SM491 25FEB: LASTSOLD=2026-01-13 00:00:00, WEEKLY=4, TODAY=0, YDAY=0
[LF] SM421 25FEB: LASTSOLD=2026-01-05 00:00:00, WEEKLY=0, TODAY=0, YDAY=0
2026-01-17 09:14:27 | INFO     | [SUCCESS] Day 25FEB
2026-01-17 09:14:27 | INFO     | [DAY_START] Processing 24FEB
[LF] Processing ATZ-JED for 24FEB
2026-01-17 09:14:27 | INFO     | [lf.day.start] Processing ATZ-JED for 24FEB
[LF] 24FEB: found 4 direct flights
2026-01-17 09:14:28 | INFO     | [lf.day.flights_found] Found 4 flights on 24FEB
2026-01-17 09:14:30 | INFO     | [lf.flight.extracted] SM453 on 24FEB: BKG=185, LF=103.4%
[LF] SM453 24FEB: BKG=185, GRP=180, CAP=179, LF%=103.4%, Brd-Off=ATZ-JED, Classes: P:135, E:45, W:5
2026-01-17 09:14:33 | INFO     | [lf.flight.extracted] SM2471 on 24FEB: BKG=180, LF=100.6%
[LF] SM2471 24FEB: BKG=180, GRP=180, CAP=179, LF%=100.6%, Brd-Off=ATZ-JED, Classes: P:180
2026-01-17 09:14:36 | INFO     | [lf.flight.extracted] SM455 on 24FEB: BKG=181, LF=101.1%
[LF] SM455 24FEB: BKG=181, GRP=180, CAP=179, LF%=101.1%, Brd-Off=ATZ-JED, Classes: P:90, E:90, W:1
2026-01-17 09:14:40 | INFO     | [lf.flight.extracted] SM961 on 24FEB: BKG=180, LF=100.6%
[LF] SM961 24FEB: BKG=180, GRP=180, CAP=179, LF%=100.6%, Brd-Off=ATZ-JED, Classes: P:180
[LF] Getting WEEKLY/LASTSOLD data for 4 flights
[LF] SM453 24FEB: LASTSOLD=2026-01-12 00:00:00, WEEKLY=1, TODAY=0, YDAY=0
[LF] SM2471 24FEB: LASTSOLD=2026-01-05 00:00:00, WEEKLY=0, TODAY=0, YDAY=0
[LF] SM455 24FEB: LASTSOLD=2026-01-13 00:00:00, WEEKLY=3, TODAY=0, YDAY=0
[LF] SM961 24FEB: LASTSOLD=2026-01-13 00:00:00, WEEKLY=3, TODAY=0, YDAY=0
2026-01-17 09:14:46 | INFO     | [SUCCESS] Day 24FEB
2026-01-17 09:14:46 | INFO     | [DAY_START] Processing 23FEB
[LF] Processing ATZ-JED for 23FEB
2026-01-17 09:14:46 | INFO     | [lf.day.start] Processing ATZ-JED for 23FEB
[LF] 23FEB: 1 cancelled flight(s) detected from SN
[LF] 23FEB: found 5 direct flights
2026-01-17 09:14:47 | INFO     | [lf.day.flights_found] Found 5 flights on 23FEB
2026-01-17 09:14:49 | INFO     | [lf.flight.extracted] SM491 on 23FEB: BKG=180, LF=100.6%
[LF] SM491 23FEB: BKG=180, GRP=180, CAP=179, LF%=100.6%, Brd-Off=ATZ-JED, Classes: P:180
2026-01-17 09:14:52 | INFO     | [lf.flight.extracted] SM455 on 23FEB: BKG=180, LF=100.6%
[LF] SM455 23FEB: BKG=180, GRP=180, CAP=179, LF%=100.6%, Brd-Off=ATZ-JED, Classes: P:180
2026-01-17 09:14:55 | INFO     | [lf.flight.extracted] SM453 on 23FEB: BKG=180, LF=100.6%
[LF] SM453 23FEB: BKG=180, GRP=180, CAP=179, LF%=100.6%, Brd-Off=ATZ-JED, Classes: P:90, E:90
2026-01-17 09:14:59 | INFO     | [lf.flight.extracted] SM961 on 23FEB: BKG=180, LF=100.6%
[LF] SM961 23FEB: BKG=180, GRP=180, CAP=179, LF%=100.6%, Brd-Off=ATZ-JED, Classes: P:135, E:45
2026-01-17 09:15:02 | INFO     | [lf.flight.extracted] SM979 on 23FEB: BKG=180, LF=100.6%
[LF] SM979 23FEB: BKG=180, GRP=180, CAP=179, LF%=100.6%, Brd-Off=ATZ-JED, Classes: P:180
[LF] Getting WEEKLY/LASTSOLD data for 5 flights
[LF] SM491 23FEB: LASTSOLD=2026-01-05 00:00:00, WEEKLY=0, TODAY=0, YDAY=0
[LF] SM455 23FEB: LASTSOLD=2026-01-05 00:00:00, WEEKLY=0, TODAY=0, YDAY=0
[LF] SM453 23FEB: LASTSOLD=2026-01-09 00:00:00, WEEKLY=0, TODAY=0, YDAY=0
[LF] SM961 23FEB: LASTSOLD=2026-01-12 00:00:00, WEEKLY=1, TODAY=0, YDAY=0
[LF] SM979 23FEB: LASTSOLD=2026-01-13 00:00:00, WEEKLY=2, TODAY=0, YDAY=0
2026-01-17 09:15:09 | INFO     | [SUCCESS] Day 23FEB
2026-01-17 09:15:09 | INFO     | [DAY_START] Processing 22FEB
[LF] Processing ATZ-JED for 22FEB
2026-01-17 09:15:09 | INFO     | [lf.day.start] Processing ATZ-JED for 22FEB
[LF] 22FEB: found 4 direct flights
2026-01-17 09:15:10 | INFO     | [lf.day.flights_found] Found 4 flights on 22FEB
2026-01-17 09:15:11 | INFO     | [lf.flight.extracted] SM2447 on 22FEB: BKG=0, LF=0.0%
[LF] SM2447 22FEB: BKG=0, GRP=0, CAP=168, LF%=0.0%, Brd-Off=ATZ-JED
2026-01-17 09:15:14 | INFO     | [lf.flight.extracted] SM491 on 22FEB: BKG=188, LF=105.0%
[LF] SM491 22FEB: BKG=188, GRP=180, CAP=179, LF%=105.0%, Brd-Off=ATZ-JED, Classes: P:180, W:4, K:4
2026-01-17 09:15:18 | INFO     | [lf.flight.extracted] SM455 on 22FEB: BKG=184, LF=102.8%
[LF] SM455 22FEB: BKG=184, GRP=180, CAP=179, LF%=102.8%, Brd-Off=ATZ-JED, Classes: P:90, E:90, W:4
2026-01-17 09:15:21 | INFO     | [lf.flight.extracted] SM953 on 22FEB: BKG=180, LF=100.6%
[LF] SM953 22FEB: BKG=180, GRP=180, CAP=179, LF%=100.6%, Brd-Off=ATZ-JED, Classes: P:180
[LF] Getting WEEKLY/LASTSOLD data for 3 flights
[LF] SM491 22FEB: LASTSOLD=2026-01-10 00:00:00, WEEKLY=1, TODAY=0, YDAY=0
[LF] SM455 22FEB: LASTSOLD=2026-01-12 00:00:00, WEEKLY=2, TODAY=0, YDAY=0
[LF] SM953 22FEB: LASTSOLD=2026-01-05 00:00:00, WEEKLY=0, TODAY=0, YDAY=0
2026-01-17 09:15:26 | INFO     | [SUCCESS] Day 22FEB
2026-01-17 09:15:26 | INFO     | [DAY_START] Processing 21FEB
[LF] Processing ATZ-JED for 21FEB
2026-01-17 09:15:26 | INFO     | [lf.day.start] Processing ATZ-JED for 21FEB
[LF] 21FEB: found 3 direct flights
2026-01-17 09:15:27 | INFO     | [lf.day.flights_found] Found 3 flights on 21FEB
2026-01-17 09:15:30 | INFO     | [lf.flight.extracted] SM491 on 21FEB: BKG=181, LF=101.1%
[LF] SM491 21FEB: BKG=181, GRP=175, CAP=179, LF%=101.1%, Brd-Off=ATZ-JED, Classes: P:130, E:45, W:6
2026-01-17 09:15:33 | INFO     | [lf.flight.extracted] SM453 on 21FEB: BKG=145, LF=81.0%
[LF] SM453 21FEB: BKG=145, GRP=135, CAP=179, LF%=81.0%, Brd-Off=ATZ-JED, Classes: P:135, W:10
2026-01-17 09:15:36 | INFO     | [lf.flight.extracted] SM455 on 21FEB: BKG=183, LF=102.2%
[LF] SM455 21FEB: BKG=183, GRP=180, CAP=179, LF%=102.2%, Brd-Off=ATZ-JED, Classes: P:180, W:3
[LF] Getting WEEKLY/LASTSOLD data for 3 flights
[LF] SM491 21FEB: LASTSOLD=2026-01-16 00:00:00, WEEKLY=2, TODAY=0, YDAY=1
[LF] SM453 21FEB: LASTSOLD=2026-01-13 00:00:00, WEEKLY=6, TODAY=0, YDAY=0
[LF] SM455 21FEB: LASTSOLD=2026-01-05 00:00:00, WEEKLY=0, TODAY=0, YDAY=0
2026-01-17 09:15:41 | INFO     | [SUCCESS] Day 21FEB
2026-01-17 09:15:41 | INFO     | [DAY_START] Processing 20FEB
[LF] Processing ATZ-JED for 20FEB
2026-01-17 09:15:41 | INFO     | [lf.day.start] Processing ATZ-JED for 20FEB
[LF] 20FEB: 1 cancelled flight(s) detected from SN
[LF] 20FEB: found 2 direct flights
2026-01-17 09:15:42 | INFO     | [lf.day.flights_found] Found 2 flights on 20FEB
2026-01-17 09:15:44 | INFO     | [lf.flight.extracted] SM491 on 20FEB: BKG=192, LF=107.3%
[LF] SM491 20FEB: BKG=192, GRP=180, CAP=179, LF%=107.3%, Brd-Off=ATZ-JED, Classes: P:90, E:90, W:12
2026-01-17 09:15:48 | INFO     | [lf.flight.extracted] SM955 on 20FEB: BKG=135, LF=75.4%
[LF] SM955 20FEB: BKG=135, GRP=135, CAP=179, LF%=75.4%, Brd-Off=ATZ-JED, Classes: P:135
[LF] Getting WEEKLY/LASTSOLD data for 2 flights
[LF] SM491 20FEB: LASTSOLD=2026-01-13 00:00:00, WEEKLY=7, TODAY=0, YDAY=0
[LF] SM955 20FEB: LASTSOLD=2026-01-05 00:00:00, WEEKLY=0, TODAY=0, YDAY=0
2026-01-17 09:15:51 | INFO     | [SUCCESS] Day 20FEB
2026-01-17 09:15:51 | INFO     | [DAY_START] Processing 19FEB
[LF] Processing ATZ-JED for 19FEB
2026-01-17 09:15:51 | INFO     | [lf.day.start] Processing ATZ-JED for 19FEB
[LF] 19FEB: found 2 direct flights
2026-01-17 09:15:52 | INFO     | [lf.day.flights_found] Found 2 flights on 19FEB
2026-01-17 09:15:54 | INFO     | [lf.flight.extracted] SM453 on 19FEB: BKG=183, LF=102.2%
[LF] SM453 19FEB: BKG=183, GRP=180, CAP=179, LF%=102.2%, Brd-Off=ATZ-JED, Classes: P:90, E:90, I:2, W:1
2026-01-17 09:15:58 | INFO     | [lf.flight.extracted] SM455 on 19FEB: BKG=183, LF=102.2%
[LF] SM455 19FEB: BKG=183, GRP=180, CAP=179, LF%=102.2%, Brd-Off=ATZ-JED, Classes: P:180, W:3
[LF] Getting WEEKLY/LASTSOLD data for 2 flights
[LF] SM453 19FEB: LASTSOLD=2026-01-09 00:00:00, WEEKLY=0, TODAY=0, YDAY=0
[LF] SM455 19FEB: LASTSOLD=2026-01-13 00:00:00, WEEKLY=1, TODAY=0, YDAY=0
2026-01-17 09:16:01 | INFO     | [SUCCESS] Day 19FEB
[LF] Results summary:
  2026-02-26: 4 flights
  2026-02-25: 3 flights
  2026-02-24: 4 flights
  2026-02-23: 5 flights
  2026-02-22: 4 flights
  2026-02-21: 3 flights
  2026-02-20: 2 flights
  2026-02-19: 2 flights
[LF] Cancelled flights found: 2
  - SM955 23FEB (SN)
  - SM985 20FEB (SN)
2026-01-17 09:16:01 | INFO     | [SUCCESS] LF Search Complete
[Worker_9227] Cancelled flights collected: 2

============================================================
[Worker_9227] ✓ COMPLETED: ATZ-JED
  Results: 8 dates
  Errors: 0 dates
  Total Processed: 31 groups
============================================================

2026-01-17 09:16:01 | INFO     | [Worker_9227] Completed: ATZ-JED - 8 results, 0 errors

============================================================
[Worker_9227] Processing: JED-HBE
  Tier 0: Range 2, Chunk 3/3
  Dates: 8 days
  Date Range: 2026-02-18 to 2026-02-11
============================================================

2026-01-17 09:16:01 | INFO     | [Worker_9227] Processing: JED-HBE
2026-01-17 09:16:01 | INFO     |   Tier 0: Range 2, Chunk 3/3 (8 days)
2026-01-17 09:16:01 | INFO     | ======================================================================
2026-01-17 09:16:01 | INFO     | Load Factor Scraper Started - Route: JED-HBE
2026-01-17 09:16:01 | INFO     | Log file: D:\CODERED\LAB\Artifacts\outputs\run_generated_170126_at_08.47_RETRY\logs\LF_JED-HBE_20260117_091601.log
2026-01-17 09:16:01 | INFO     | Enhanced logging: Capturing both logging.info() and print()
2026-01-17 09:16:01 | INFO     | ======================================================================
[LF] Processing dates (override): ['18FEB', '17FEB', '16FEB', '15FEB', '14FEB', '13FEB', '12FEB', '11FEB']
[LF] Attaching to Chrome for Altea access
2026-01-17 09:16:01 | INFO     | Starting LF search for route: JED-HBE
2026-01-17 09:16:01 | INFO     | [START] LF Search
[LF][[OK] SUCCESS] Connected to Chrome on 127.0.0.1:9227 (after 1 attempts)
2026-01-17 09:16:02 | INFO     | [HEALTH CHECK] [OK] Chrome connection is healthy
[LF][[OK] SUCCESS] Found Amadeus Altea window: Altéa Reservation Desktop
[LF][[INFO] INFO] URL: https://tc212.resdesktop.altea.amadeus.com/app_ard/apf/init/login?SITE=ESMPESMP&LANGUAGE=GB&MARKETS=ARDW_PROD_WBP&ACTION=clpLogin
2026-01-17 09:16:02 | INFO     | [DAY_START] Processing 18FEB
[LF] Processing JED-HBE for 18FEB
2026-01-17 09:16:02 | INFO     | [lf.day.start] Processing JED-HBE for 18FEB
[LF] 18FEB: 1 cancelled flight(s) detected from SN
[LF] 18FEB: found 4 direct flights
2026-01-17 09:16:03 | INFO     | [lf.day.flights_found] Found 4 flights on 18FEB
2026-01-17 09:16:06 | INFO     | [lf.flight.extracted] SM958 on 18FEB: BKG=1, LF=0.6%
[LF] SM958 18FEB: BKG=1, GRP=0, CAP=167, LF%=0.6%, Brd-Off=JED-HBE, Classes: I:1
2026-01-17 09:16:09 | INFO     | [lf.flight.extracted] SM452 on 18FEB: BKG=4, LF=2.4%
[LF] SM452 18FEB: BKG=4, GRP=0, CAP=168, LF%=2.4%, Brd-Off=JED-HBE, Classes: I:3, K:1
2026-01-17 09:16:12 | INFO     | [lf.flight.extracted] SM474 on 18FEB: BKG=164, LF=95.3%
[LF] SM474 18FEB: BKG=164, GRP=160, CAP=172, LF%=95.3%, Brd-Off=JED-HBE, Classes: P:160, I:3, O:1
2026-01-17 09:16:15 | INFO     | [lf.flight.extracted] SM458 on 18FEB: BKG=11, LF=6.7%
[LF] SM458 18FEB: BKG=11, GRP=0, CAP=165, LF%=6.7%, Brd-Off=JED-HBE, Classes: I:10, U:1
[LF] Getting WEEKLY/LASTSOLD data for 4 flights
[LF] SM958 18FEB: LASTSOLD=2026-01-14 00:00:00, WEEKLY=1, TODAY=0, YDAY=0
[LF] SM452 18FEB: LASTSOLD=2026-01-13 00:00:00, WEEKLY=2, TODAY=0, YDAY=0
[LF] SM474 18FEB: LASTSOLD=2025-12-25 00:00:00, WEEKLY=0, TODAY=0, YDAY=0
[LF] SM458 18FEB: LASTSOLD=2026-01-16 00:00:00, WEEKLY=5, TODAY=0, YDAY=3
2026-01-17 09:16:22 | INFO     | [SUCCESS] Day 18FEB
2026-01-17 09:16:22 | INFO     | [DAY_START] Processing 17FEB
[LF] Processing JED-HBE for 17FEB
2026-01-17 09:16:22 | INFO     | [lf.day.start] Processing JED-HBE for 17FEB
[LF] 17FEB: 1 cancelled flight(s) detected from SN
[LF] 17FEB: found 2 direct flights
2026-01-17 09:16:23 | INFO     | [lf.day.flights_found] Found 2 flights on 17FEB
2026-01-17 09:16:24 | INFO     | [lf.flight.extracted] SM974 on 17FEB: BKG=2, LF=1.2%
[LF] SM974 17FEB: BKG=2, GRP=0, CAP=167, LF%=1.2%, Brd-Off=JED-HBE, Classes: I:2
2026-01-17 09:16:28 | INFO     | [lf.flight.extracted] SM452 on 17FEB: BKG=99, LF=56.6%
[LF] SM452 17FEB: BKG=99, GRP=85, CAP=175, LF%=56.6%, Brd-Off=JED-HBE, Classes: P:85, I:9, O:1, U:3, S:1
[LF] Getting WEEKLY/LASTSOLD data for 2 flights
[LF] SM974 17FEB: LASTSOLD=2025-12-31 00:00:00, WEEKLY=0, TODAY=0, YDAY=0
[LF] SM452 17FEB: LASTSOLD=2026-01-15 00:00:00, WEEKLY=3, TODAY=0, YDAY=0
2026-01-17 09:16:31 | INFO     | [SUCCESS] Day 17FEB
2026-01-17 09:16:31 | INFO     | [DAY_START] Processing 16FEB
[LF] Processing JED-HBE for 16FEB
2026-01-17 09:16:31 | INFO     | [lf.day.start] Processing JED-HBE for 16FEB
[LF] 16FEB: found 4 direct flights
2026-01-17 09:16:32 | INFO     | [lf.day.flights_found] Found 4 flights on 16FEB
2026-01-17 09:16:33 | INFO     | [lf.flight.extracted] SM2454 on 16FEB: BKG=0, LF=0.0%
[LF] SM2454 16FEB: BKG=0, GRP=0, CAP=168, LF%=0.0%, Brd-Off=JED-HBE
2026-01-17 09:16:36 | INFO     | [lf.flight.extracted] SM458 on 16FEB: BKG=14, LF=8.0%
[LF] SM458 16FEB: BKG=14, GRP=0, CAP=175, LF%=8.0%, Brd-Off=JED-HBE, Classes: I:11, O:2, U:1
2026-01-17 09:16:39 | INFO     | [lf.flight.extracted] SM2456 on 16FEB: BKG=0, LF=0.0%
[LF] SM2456 16FEB: BKG=0, GRP=0, CAP=175, LF%=0.0%, Brd-Off=JED-HBE
2026-01-17 09:16:43 | INFO     | [lf.flight.extracted] SM452 on 16FEB: BKG=19, LF=10.9%
[LF] SM452 16FEB: BKG=19, GRP=0, CAP=175, LF%=10.9%, Brd-Off=JED-HBE, Classes: I:17, O:2
[LF] Getting WEEKLY/LASTSOLD data for 2 flights
[LF] SM458 16FEB: LASTSOLD=2026-01-16 00:00:00, WEEKLY=7, TODAY=0, YDAY=2
[LF] SM452 16FEB: LASTSOLD=2026-01-15 00:00:00, WEEKLY=3, TODAY=0, YDAY=0
2026-01-17 09:16:46 | INFO     | [SUCCESS] Day 16FEB
2026-01-17 09:16:46 | INFO     | [DAY_START] Processing 15FEB
[LF] Processing JED-HBE for 15FEB
2026-01-17 09:16:46 | INFO     | [lf.day.start] Processing JED-HBE for 15FEB
[LF] 15FEB: 1 cancelled flight(s) detected from SN
[LF] 15FEB: found 3 direct flights
2026-01-17 09:16:47 | INFO     | [lf.day.flights_found] Found 3 flights on 15FEB
2026-01-17 09:16:49 | INFO     | [lf.flight.extracted] SM458 on 15FEB: BKG=69, LF=39.4%
[LF] SM458 15FEB: BKG=69, GRP=45, CAP=175, LF%=39.4%, Brd-Off=JED-HBE, Classes: E:45, I:17, O:5, U:1, S:1
2026-01-17 09:16:53 | INFO     | [lf.flight.extracted] SM452 on 15FEB: BKG=27, LF=15.4%
[LF] SM452 15FEB: BKG=27, GRP=0, CAP=175, LF%=15.4%, Brd-Off=JED-HBE, Classes: I:17, O:10
2026-01-17 09:16:56 | INFO     | [lf.flight.extracted] SM974 on 15FEB: BKG=28, LF=16.8%
[LF] SM974 15FEB: BKG=28, GRP=0, CAP=167, LF%=16.8%, Brd-Off=JED-HBE, Classes: I:28
[LF] Getting WEEKLY/LASTSOLD data for 3 flights
[LF] SM458 15FEB: LASTSOLD=2026-01-13 00:00:00, WEEKLY=5, TODAY=0, YDAY=0
[LF] SM452 15FEB: LASTSOLD=2026-01-14 00:00:00, WEEKLY=7, TODAY=0, YDAY=0
[LF] SM974 15FEB: LASTSOLD=2026-01-16 00:00:00, WEEKLY=21, TODAY=0, YDAY=3
2026-01-17 09:17:05 | INFO     | [SUCCESS] Day 15FEB
2026-01-17 09:17:05 | INFO     | [DAY_START] Processing 14FEB
[LF] Processing JED-HBE for 14FEB
2026-01-17 09:17:05 | INFO     | [lf.day.start] Processing JED-HBE for 14FEB
[LF] 14FEB: 1 cancelled flight(s) detected from SN
[LF] 14FEB: found 4 direct flights
2026-01-17 09:17:06 | INFO     | [lf.day.flights_found] Found 4 flights on 14FEB
2026-01-17 09:17:08 | INFO     | [lf.flight.extracted] SM978 on 14FEB: BKG=22, LF=13.2%
[LF] SM978 14FEB: BKG=22, GRP=0, CAP=167, LF%=13.2%, Brd-Off=JED-HBE, Classes: I:21, U:1
2026-01-17 09:17:12 | INFO     | [lf.flight.extracted] SM458 on 14FEB: BKG=95, LF=54.3%
[LF] SM458 14FEB: BKG=95, GRP=75, CAP=175, LF%=54.3%, Brd-Off=JED-HBE, Classes: P:75, I:17, O:2, U:1
2026-01-17 09:17:15 | INFO     | [lf.flight.extracted] SM452 on 14FEB: BKG=110, LF=65.5%
[LF] SM452 14FEB: BKG=110, GRP=88, CAP=168, LF%=65.5%, Brd-Off=JED-HBE, Classes: P:88, I:17, O:3, U:1, S:1
2026-01-17 09:17:18 | INFO     | [lf.flight.extracted] SM980 on 14FEB: BKG=52, LF=31.1%
[LF] SM980 14FEB: BKG=52, GRP=40, CAP=167, LF%=31.1%, Brd-Off=JED-HBE, Classes: P:40, I:12
[LF] Getting WEEKLY/LASTSOLD data for 4 flights
[LF] SM978 14FEB: LASTSOLD=2026-01-15 00:00:00, WEEKLY=11, TODAY=0, YDAY=0
[LF] SM458 14FEB: LASTSOLD=2026-01-16 00:00:00, WEEKLY=6, TODAY=0, YDAY=1
[LF] SM452 14FEB: LASTSOLD=2026-01-14 00:00:00, WEEKLY=3, TODAY=0, YDAY=0
[LF] SM980 14FEB: LASTSOLD=2026-01-16 00:00:00, WEEKLY=4, TODAY=0, YDAY=1
2026-01-17 09:17:28 | INFO     | [SUCCESS] Day 14FEB
2026-01-17 09:17:28 | INFO     | [DAY_START] Processing 13FEB
[LF] Processing JED-HBE for 13FEB
2026-01-17 09:17:28 | INFO     | [lf.day.start] Processing JED-HBE for 13FEB
[LF] 13FEB: found 2 direct flights
2026-01-17 09:17:29 | INFO     | [lf.day.flights_found] Found 2 flights on 13FEB
2026-01-17 09:17:31 | INFO     | [lf.flight.extracted] SM452 on 13FEB: BKG=87, LF=49.7%
[LF] SM452 13FEB: BKG=87, GRP=40, CAP=175, LF%=49.7%, Brd-Off=JED-HBE, Classes: P:40, I:17, O:16, U:9, K:5
2026-01-17 09:17:35 | INFO     | [lf.flight.extracted] SM952 on 13FEB: BKG=31, LF=18.6%
[LF] SM952 13FEB: BKG=31, GRP=0, CAP=167, LF%=18.6%, Brd-Off=JED-HBE, Classes: I:10, O:21
[LF] Getting WEEKLY/LASTSOLD data for 2 flights
[LF] SM452 13FEB: LASTSOLD=2026-01-15 00:00:00, WEEKLY=6, TODAY=0, YDAY=0
[LF] SM952 13FEB: LASTSOLD=2026-01-16 00:00:00, WEEKLY=17, TODAY=0, YDAY=3
2026-01-17 09:17:42 | INFO     | [SUCCESS] Day 13FEB
2026-01-17 09:17:42 | INFO     | [DAY_START] Processing 12FEB
[LF] Processing JED-HBE for 12FEB
2026-01-17 09:17:42 | INFO     | [lf.day.start] Processing JED-HBE for 12FEB
[LF] 12FEB: found 2 direct flights
2026-01-17 09:17:47 | INFO     | [lf.day.flights_found] Found 2 flights on 12FEB
2026-01-17 09:17:48 | INFO     | [lf.flight.extracted] SM452 on 12FEB: BKG=168, LF=96.0%
[LF] SM452 12FEB: BKG=168, GRP=135, CAP=175, LF%=96.0%, Brd-Off=JED-HBE, Classes: P:135, I:17, O:5, U:3, K:8
2026-01-17 09:17:52 | INFO     | [lf.flight.extracted] SM2456 on 12FEB: BKG=0, LF=0.0%
[LF] SM2456 12FEB: BKG=0, GRP=0, CAP=175, LF%=0.0%, Brd-Off=JED-HBE
[LF] Getting WEEKLY/LASTSOLD data for 1 flights
[LF] SM452 12FEB: LASTSOLD=2026-01-07 00:00:00, WEEKLY=0, TODAY=0, YDAY=0
2026-01-17 09:17:55 | INFO     | [SUCCESS] Day 12FEB
2026-01-17 09:17:55 | INFO     | [DAY_START] Processing 11FEB
[LF] Processing JED-HBE for 11FEB
2026-01-17 09:17:55 | INFO     | [lf.day.start] Processing JED-HBE for 11FEB
[LF] 11FEB: found 5 direct flights
2026-01-17 09:17:56 | INFO     | [lf.day.flights_found] Found 5 flights on 11FEB
2026-01-17 09:17:57 | INFO     | [lf.flight.extracted] SM2450 on 11FEB: BKG=0, LF=0.0%
[LF] SM2450 11FEB: BKG=0, GRP=0, CAP=168, LF%=0.0%, Brd-Off=JED-HBE
2026-01-17 09:18:00 | INFO     | [lf.flight.extracted] SM452 on 11FEB: BKG=168, LF=96.0%
[LF] SM452 11FEB: BKG=168, GRP=165, CAP=175, LF%=96.0%, Brd-Off=JED-HBE, Classes: P:165, I:3
2026-01-17 09:18:03 | INFO     | [lf.flight.extracted] SM474 on 11FEB: BKG=168, LF=96.0%
[LF] SM474 11FEB: BKG=168, GRP=135, CAP=175, LF%=96.0%, Brd-Off=JED-HBE, Classes: P:135, I:17, O:10, U:1, K:5
2026-01-17 09:18:06 | INFO     | [lf.flight.extracted] SM2452 on 11FEB: BKG=0, LF=0.0%
[LF] SM2452 11FEB: BKG=0, GRP=0, CAP=175, LF%=0.0%, Brd-Off=JED-HBE
2026-01-17 09:18:09 | INFO     | [lf.flight.extracted] SM458 on 11FEB: BKG=178, LF=101.7%
[LF] SM458 11FEB: BKG=178, GRP=170, CAP=175, LF%=101.7%, Brd-Off=JED-HBE, Classes: P:170, O:8
[LF] Getting WEEKLY/LASTSOLD data for 3 flights
[LF] SM452 11FEB: LASTSOLD=2026-01-08 00:00:00, WEEKLY=0, TODAY=0, YDAY=0
[LF] SM474 11FEB: LASTSOLD=2026-01-11 00:00:00, WEEKLY=5, TODAY=0, YDAY=0
[LF] SM458 11FEB: LASTSOLD=2025-11-21 00:00:00, WEEKLY=0, TODAY=0, YDAY=0
2026-01-17 09:18:18 | INFO     | [SUCCESS] Day 11FEB
[LF] Results summary:
  2026-02-18: 4 flights
  2026-02-17: 2 flights
  2026-02-16: 4 flights
  2026-02-15: 3 flights
  2026-02-14: 4 flights
  2026-02-13: 2 flights
  2026-02-12: 2 flights
  2026-02-11: 5 flights
[LF] Cancelled flights found: 4
  - SM976 18FEB (SN)
  - SM958 17FEB (SN)
  - SM952 15FEB (SN)
  - SM982 14FEB (SN)
2026-01-17 09:18:18 | INFO     | [SUCCESS] LF Search Complete
[Worker_9227] Cancelled flights collected: 4

============================================================
[Worker_9227] ✓ COMPLETED: JED-HBE
  Results: 8 dates
  Errors: 0 dates
  Total Processed: 32 groups
============================================================

2026-01-17 09:18:18 | INFO     | [Worker_9227] Completed: JED-HBE - 8 results, 0 errors

============================================================
[Worker_9227] Processing: CAI-JED
  Tier 0: Range 2, Chunk 3/3
  Dates: 8 days
  Date Range: 2026-02-18 to 2026-02-11
============================================================

2026-01-17 09:18:18 | INFO     | [Worker_9227] Processing: CAI-JED
2026-01-17 09:18:18 | INFO     |   Tier 0: Range 2, Chunk 3/3 (8 days)
2026-01-17 09:18:18 | INFO     | ======================================================================
2026-01-17 09:18:18 | INFO     | Load Factor Scraper Started - Route: CAI-JED
2026-01-17 09:18:18 | INFO     | Log file: D:\CODERED\LAB\Artifacts\outputs\run_generated_170126_at_08.47_RETRY\logs\LF_CAI-JED_20260117_091818.log
2026-01-17 09:18:18 | INFO     | Enhanced logging: Capturing both logging.info() and print()
2026-01-17 09:18:18 | INFO     | ======================================================================
[LF] Processing dates (override): ['18FEB', '17FEB', '16FEB', '15FEB', '14FEB', '13FEB', '12FEB', '11FEB']
[LF] Attaching to Chrome for Altea access
2026-01-17 09:18:18 | INFO     | Starting LF search for route: CAI-JED
2026-01-17 09:18:18 | INFO     | [START] LF Search
[LF][[OK] SUCCESS] Connected to Chrome on 127.0.0.1:9227 (after 1 attempts)
2026-01-17 09:18:19 | INFO     | [HEALTH CHECK] [OK] Chrome connection is healthy
[LF][[OK] SUCCESS] Found Amadeus Altea window: Altéa Reservation Desktop
[LF][[INFO] INFO] URL: https://tc212.resdesktop.altea.amadeus.com/app_ard/apf/init/login?SITE=ESMPESMP&LANGUAGE=GB&MARKETS=ARDW_PROD_WBP&ACTION=clpLogin
2026-01-17 09:18:19 | INFO     | [DAY_START] Processing 18FEB
[LF] Processing CAI-JED for 18FEB
2026-01-17 09:18:19 | INFO     | [lf.day.start] Processing CAI-JED for 18FEB
[LF] 18FEB: found 6 direct flights
2026-01-17 09:18:20 | INFO     | [lf.day.flights_found] Found 6 flights on 18FEB
2026-01-17 09:18:22 | INFO     | [lf.flight.extracted] SM423 on 18FEB: BKG=150, LF=85.2%
[LF] SM423 18FEB: BKG=150, GRP=135, CAP=176, LF%=85.2%, Brd-Off=CAI-JED, Classes: P:135, X:10, T:5
2026-01-17 09:18:25 | INFO     | [lf.flight.extracted] SM475 on 18FEB: BKG=154, LF=86.0%
[LF] SM475 18FEB: BKG=154, GRP=135, CAP=179, LF%=86.0%, Brd-Off=CAI-JED, Classes: P:135, U:6, X:7, T:4, K:2
2026-01-17 09:18:29 | INFO     | [lf.flight.extracted] SM459 on 18FEB: BKG=146, LF=81.6%
[LF] SM459 18FEB: BKG=146, GRP=135, CAP=179, LF%=81.6%, Brd-Off=CAI-JED, Classes: P:135, X:10, T:1
2026-01-17 09:18:32 | INFO     | [lf.flight.extracted] SM477 on 18FEB: BKG=151, LF=84.4%
[LF] SM477 18FEB: BKG=151, GRP=135, CAP=179, LF%=84.4%, Brd-Off=CAI-JED, Classes: P:135, X:10, T:6
2026-01-17 09:18:35 | INFO     | [lf.flight.extracted] SM955 on 18FEB: BKG=170, LF=95.0%
[LF] SM955 18FEB: BKG=170, GRP=170, CAP=179, LF%=95.0%, Brd-Off=CAI-JED, Classes: P:170
2026-01-17 09:18:38 | INFO     | [lf.flight.extracted] SM471 on 18FEB: BKG=177, LF=98.9%
[LF] SM471 18FEB: BKG=177, GRP=165, CAP=179, LF%=98.9%, Brd-Off=CAI-JED, Classes: P:167, X:10
[LF] Getting WEEKLY/LASTSOLD data for 6 flights
[LF] SM423 18FEB: LASTSOLD=2026-01-14 00:00:00, WEEKLY=5, TODAY=0, YDAY=0
[LF] SM475 18FEB: LASTSOLD=2026-01-06 00:00:00, WEEKLY=0, TODAY=0, YDAY=0
[LF] SM459 18FEB: LASTSOLD=2026-01-05 00:00:00, WEEKLY=0, TODAY=0, YDAY=0
[LF] SM477 18FEB: LASTSOLD=2026-01-14 00:00:00, WEEKLY=5, TODAY=0, YDAY=0
[LF] SM955 18FEB: LASTSOLD=2025-12-22 00:00:00, WEEKLY=0, TODAY=0, YDAY=0
[LF] SM471 18FEB: LASTSOLD=2026-01-15 00:00:00, WEEKLY=3, TODAY=0, YDAY=0
2026-01-17 09:18:48 | INFO     | [SUCCESS] Day 18FEB
2026-01-17 09:18:48 | INFO     | [DAY_START] Processing 17FEB
[LF] Processing CAI-JED for 17FEB
2026-01-17 09:18:48 | INFO     | [lf.day.start] Processing CAI-JED for 17FEB
[LF] 17FEB: found 8 direct flights
2026-01-17 09:18:53 | INFO     | [lf.day.flights_found] Found 8 flights on 17FEB
2026-01-17 09:18:55 | INFO     | [lf.flight.extracted] SM471 on 17FEB: BKG=164, LF=91.6%
[LF] SM471 17FEB: BKG=164, GRP=135, CAP=179, LF%=91.6%, Brd-Off=CAI-JED, Classes: P:135, X:13, T:14, S:1, K:1
2026-01-17 09:18:58 | INFO     | [lf.flight.extracted] SM975 on 17FEB: BKG=180, LF=100.6%
[LF] SM975 17FEB: BKG=180, GRP=180, CAP=179, LF%=100.6%, Brd-Off=CAI-JED, Classes: P:180
2026-01-17 09:19:02 | INFO     | [lf.flight.extracted] SM479 on 17FEB: BKG=160, LF=89.4%
[LF] SM479 17FEB: BKG=160, GRP=135, CAP=179, LF%=89.4%, Brd-Off=CAI-JED, Classes: P:135, X:10, T:14, S:1
2026-01-17 09:19:05 | INFO     | [lf.flight.extracted] SM477 on 17FEB: BKG=162, LF=90.5%
[LF] SM477 17FEB: BKG=162, GRP=135, CAP=179, LF%=90.5%, Brd-Off=CAI-JED, Classes: P:135, X:10, T:14, S:3
2026-01-17 09:19:09 | INFO     | [lf.flight.extracted] SM459 on 17FEB: BKG=164, LF=93.2%
[LF] SM459 17FEB: BKG=164, GRP=135, CAP=176, LF%=93.2%, Brd-Off=CAI-JED, Classes: P:135, X:10, T:14, W:1, S:2, K:2
2026-01-17 09:19:13 | INFO     | [lf.flight.extracted] SM423 on 17FEB: BKG=162, LF=90.5%
[LF] SM423 17FEB: BKG=162, GRP=135, CAP=179, LF%=90.5%, Brd-Off=CAI-JED, Classes: P:135, X:10, T:14, W:3
2026-01-17 09:19:17 | INFO     | [lf.flight.extracted] SM475 on 17FEB: BKG=168, LF=93.8%
[LF] SM475 17FEB: BKG=168, GRP=135, CAP=179, LF%=93.8%, Brd-Off=CAI-JED, Classes: P:135, U:6, X:7, T:14, S:3, K:3
2026-01-17 09:19:20 | INFO     | [lf.flight.extracted] SM2463 on 17FEB: BKG=175, LF=97.2%
[LF] SM2463 17FEB: BKG=175, GRP=175, CAP=180, LF%=97.2%, Brd-Off=CAI-JED, Classes: P:175
[LF] Getting WEEKLY/LASTSOLD data for 8 flights
[LF] SM471 17FEB: LASTSOLD=2026-01-16 00:00:00, WEEKLY=10, TODAY=0, YDAY=4
[LF] SM975 17FEB: LASTSOLD=2025-12-22 00:00:00, WEEKLY=0, TODAY=0, YDAY=0
[LF] SM479 17FEB: LASTSOLD=2025-12-31 00:00:00, WEEKLY=0, TODAY=0, YDAY=0
[LF] SM477 17FEB: LASTSOLD=2026-01-15 00:00:00, WEEKLY=4, TODAY=0, YDAY=0
[LF] SM459 17FEB: LASTSOLD=2026-01-15 00:00:00, WEEKLY=11, TODAY=0, YDAY=0
[LF] SM423 17FEB: LASTSOLD=2026-01-15 00:00:00, WEEKLY=3, TODAY=0, YDAY=0
[LF] SM475 17FEB: LASTSOLD=2026-01-15 00:00:00, WEEKLY=6, TODAY=0, YDAY=0
[LF] SM2463 17FEB: LASTSOLD=2026-01-02 00:00:00, WEEKLY=0, TODAY=0, YDAY=0
2026-01-17 09:19:39 | INFO     | [SUCCESS] Day 17FEB
2026-01-17 09:19:39 | INFO     | [DAY_START] Processing 16FEB
[LF] Processing CAI-JED for 16FEB
2026-01-17 09:19:39 | INFO     | [lf.day.start] Processing CAI-JED for 16FEB
[LF] 16FEB: 1 cancelled flight(s) detected from SN
[LF] 16FEB: found 5 direct flights
2026-01-17 09:19:40 | INFO     | [lf.day.flights_found] Found 5 flights on 16FEB
2026-01-17 09:19:41 | INFO     | [lf.flight.extracted] SM2453 on 16FEB: BKG=0, LF=0.0%
[LF] SM2453 16FEB: BKG=0, GRP=0, CAP=168, LF%=0.0%, Brd-Off=CAI-JED
2026-01-17 09:19:44 | INFO     | [lf.flight.extracted] SM475 on 16FEB: BKG=174, LF=97.2%
[LF] SM475 16FEB: BKG=174, GRP=135, CAP=179, LF%=97.2%, Brd-Off=CAI-JED, Classes: P:135, U:4, X:10, T:13, W:11, K:1
2026-01-17 09:19:47 | INFO     | [lf.flight.extracted] SM477 on 16FEB: BKG=170, LF=95.0%
[LF] SM477 16FEB: BKG=170, GRP=135, CAP=179, LF%=95.0%, Brd-Off=CAI-JED, Classes: P:135, I:4, X:10, T:14, W:7
2026-01-17 09:19:51 | INFO     | [lf.flight.extracted] SM459 on 16FEB: BKG=173, LF=96.7%
[LF] SM459 16FEB: BKG=173, GRP=135, CAP=179, LF%=96.7%, Brd-Off=CAI-JED, Classes: P:135, X:10, T:14, W:11, S:3
2026-01-17 09:19:54 | INFO     | [lf.flight.extracted] SM977 on 16FEB: BKG=170, LF=95.0%
[LF] SM977 16FEB: BKG=170, GRP=170, CAP=179, LF%=95.0%, Brd-Off=CAI-JED, Classes: P:170
[LF] Getting WEEKLY/LASTSOLD data for 4 flights
[LF] SM475 16FEB: LASTSOLD=2026-01-14 00:00:00, WEEKLY=5, TODAY=0, YDAY=0
[LF] SM477 16FEB: LASTSOLD=2026-01-15 00:00:00, WEEKLY=5, TODAY=0, YDAY=0
[LF] SM459 16FEB: LASTSOLD=2026-01-15 00:00:00, WEEKLY=8, TODAY=0, YDAY=0
[LF] SM977 16FEB: LASTSOLD=2025-12-10 00:00:00, WEEKLY=0, TODAY=0, YDAY=0
2026-01-17 09:20:05 | INFO     | [SUCCESS] Day 16FEB
2026-01-17 09:20:05 | INFO     | [DAY_START] Processing 15FEB
[LF] Processing CAI-JED for 15FEB
2026-01-17 09:20:05 | INFO     | [lf.day.start] Processing CAI-JED for 15FEB
[LF] 15FEB: found 7 direct flights
2026-01-17 09:20:06 | INFO     | [lf.day.flights_found] Found 7 flights on 15FEB
2026-01-17 09:20:09 | INFO     | [lf.flight.extracted] SM475 on 15FEB: BKG=166, LF=92.7%
[LF] SM475 15FEB: BKG=166, GRP=135, CAP=179, LF%=92.7%, Brd-Off=CAI-JED, Classes: P:135, U:6, X:8, T:10, S:7
2026-01-17 09:20:12 | INFO     | [lf.flight.extracted] SM431 on 15FEB: BKG=161, LF=89.9%
[LF] SM431 15FEB: BKG=161, GRP=135, CAP=179, LF%=89.9%, Brd-Off=CAI-JED, Classes: P:135, I:8, X:13, T:5
2026-01-17 09:20:15 | INFO     | [lf.flight.extracted] SM2483 on 15FEB: BKG=175, LF=97.8%
[LF] SM2483 15FEB: BKG=175, GRP=175, CAP=179, LF%=97.8%, Brd-Off=CAI-JED, Classes: P:175
2026-01-17 09:20:19 | INFO     | [lf.flight.extracted] SM459 on 15FEB: BKG=159, LF=90.3%
[LF] SM459 15FEB: BKG=159, GRP=135, CAP=176, LF%=90.3%, Brd-Off=CAI-JED, Classes: P:135, X:10, T:14
2026-01-17 09:20:22 | INFO     | [lf.flight.extracted] SM477 on 15FEB: BKG=173, LF=96.7%
[LF] SM477 15FEB: BKG=173, GRP=135, CAP=179, LF%=96.7%, Brd-Off=CAI-JED, Classes: P:135, X:10, T:14, W:14
2026-01-17 09:20:26 | INFO     | [lf.flight.extracted] SM975 on 15FEB: BKG=170, LF=95.0%
[LF] SM975 15FEB: BKG=170, GRP=170, CAP=179, LF%=95.0%, Brd-Off=CAI-JED, Classes: P:170
2026-01-17 09:20:29 | INFO     | [lf.flight.extracted] SM479 on 15FEB: BKG=167, LF=93.3%
[LF] SM479 15FEB: BKG=167, GRP=135, CAP=179, LF%=93.3%, Brd-Off=CAI-JED, Classes: P:135, X:10, T:14, W:8
[LF] Getting WEEKLY/LASTSOLD data for 7 flights
[LF] SM475 15FEB: LASTSOLD=2026-01-16 00:00:00, WEEKLY=10, TODAY=0, YDAY=2
[LF] SM431 15FEB: LASTSOLD=2026-01-15 00:00:00, WEEKLY=4, TODAY=0, YDAY=0
[LF] SM2483 15FEB: LASTSOLD=2026-01-13 00:00:00, WEEKLY=2, TODAY=0, YDAY=0
[LF] SM459 15FEB: LASTSOLD=2026-01-16 00:00:00, WEEKLY=5, TODAY=0, YDAY=1
[LF] SM477 15FEB: LASTSOLD=2026-01-15 00:00:00, WEEKLY=9, TODAY=0, YDAY=0
[LF] SM975 15FEB: LASTSOLD=2025-12-08 00:00:00, WEEKLY=0, TODAY=0, YDAY=0
[LF] SM479 15FEB: LASTSOLD=2026-01-17 00:00:00, WEEKLY=14, TODAY=1, YDAY=2
2026-01-17 09:20:45 | INFO     | [SUCCESS] Day 15FEB
2026-01-17 09:20:45 | INFO     | [DAY_START] Processing 14FEB
[LF] Processing CAI-JED for 14FEB
2026-01-17 09:20:45 | INFO     | [lf.day.start] Processing CAI-JED for 14FEB
[LF] 14FEB: found 5 direct flights
2026-01-17 09:20:46 | INFO     | [lf.day.flights_found] Found 5 flights on 14FEB
2026-01-17 09:20:49 | INFO     | [lf.flight.extracted] SM449 on 14FEB: BKG=149, LF=83.2%
[LF] SM449 14FEB: BKG=149, GRP=125, CAP=179, LF%=83.2%, Brd-Off=CAI-JED, Classes: P:125, X:10, T:13, S:1
2026-01-17 09:20:52 | INFO     | [lf.flight.extracted] SM475 on 14FEB: BKG=162, LF=90.5%
[LF] SM475 14FEB: BKG=162, GRP=135, CAP=179, LF%=90.5%, Brd-Off=CAI-JED, Classes: P:135, U:6, X:7, T:14
2026-01-17 09:20:55 | INFO     | [lf.flight.extracted] SM977 on 14FEB: BKG=170, LF=95.0%
[LF] SM977 14FEB: BKG=170, GRP=170, CAP=179, LF%=95.0%, Brd-Off=CAI-JED, Classes: P:170
2026-01-17 09:20:58 | INFO     | [lf.flight.extracted] SM477 on 14FEB: BKG=177, LF=98.9%
[LF] SM477 14FEB: BKG=177, GRP=135, CAP=179, LF%=98.9%, Brd-Off=CAI-JED, Classes: P:135, X:10, T:14, W:14, S:4
2026-01-17 09:21:02 | INFO     | [lf.flight.extracted] SM423 on 14FEB: BKG=162, LF=90.5%
[LF] SM423 14FEB: BKG=162, GRP=135, CAP=179, LF%=90.5%, Brd-Off=CAI-JED, Classes: P:135, X:10, T:14, W:3
[LF] Getting WEEKLY/LASTSOLD data for 5 flights
[LF] SM449 14FEB: LASTSOLD=2026-01-17 00:00:00, WEEKLY=9, TODAY=2, YDAY=1
[LF] SM475 14FEB: LASTSOLD=2026-01-02 00:00:00, WEEKLY=0, TODAY=0, YDAY=0
[LF] SM977 14FEB: LASTSOLD=2025-12-08 00:00:00, WEEKLY=0, TODAY=0, YDAY=0
[LF] SM477 14FEB: LASTSOLD=2026-01-13 00:00:00, WEEKLY=1, TODAY=0, YDAY=0
[LF] SM423 14FEB: LASTSOLD=2026-01-14 00:00:00, WEEKLY=6, TODAY=0, YDAY=0
2026-01-17 09:21:16 | INFO     | [SUCCESS] Day 14FEB
2026-01-17 09:21:16 | INFO     | [DAY_START] Processing 13FEB
[LF] Processing CAI-JED for 13FEB
2026-01-17 09:21:16 | INFO     | [lf.day.start] Processing CAI-JED for 13FEB
[LF] 13FEB: 1 cancelled flight(s) detected from SN
[LF] 13FEB: found 6 direct flights
2026-01-17 09:21:17 | INFO     | [lf.day.flights_found] Found 6 flights on 13FEB
2026-01-17 09:21:19 | INFO     | [lf.flight.extracted] SM475 on 13FEB: BKG=188, LF=105.0%
[LF] SM475 13FEB: BKG=188, GRP=175, CAP=179, LF%=105.0%, Brd-Off=CAI-JED, Classes: P:175, U:5, X:8
2026-01-17 09:21:23 | INFO     | [lf.flight.extracted] SM477 on 13FEB: BKG=185, LF=103.4%
[LF] SM477 13FEB: BKG=185, GRP=175, CAP=179, LF%=103.4%, Brd-Off=CAI-JED, Classes: P:175, X:10
2026-01-17 09:21:26 | INFO     | [lf.flight.extracted] SM479 on 13FEB: BKG=161, LF=91.5%
[LF] SM479 13FEB: BKG=161, GRP=135, CAP=176, LF%=91.5%, Brd-Off=CAI-JED, Classes: P:135, X:10, T:14, W:2
2026-01-17 09:21:29 | INFO     | [lf.flight.extracted] SM471 on 13FEB: BKG=190, LF=106.2%
[LF] SM471 13FEB: BKG=190, GRP=175, CAP=179, LF%=106.2%, Brd-Off=CAI-JED, Classes: P:175, X:13, T:1, S:1
2026-01-17 09:21:33 | INFO     | [lf.flight.extracted] SM459 on 13FEB: BKG=169, LF=94.4%
[LF] SM459 13FEB: BKG=169, GRP=135, CAP=179, LF%=94.4%, Brd-Off=CAI-JED, Classes: P:135, X:10, T:14, W:6, S:4
2026-01-17 09:21:36 | INFO     | [lf.flight.extracted] SM975 on 13FEB: BKG=180, LF=100.6%
[LF] SM975 13FEB: BKG=180, GRP=180, CAP=179, LF%=100.6%, Brd-Off=CAI-JED, Classes: P:180
[LF] Getting WEEKLY/LASTSOLD data for 6 flights
[LF] SM475 13FEB: LASTSOLD=2026-01-04 00:00:00, WEEKLY=0, TODAY=0, YDAY=0
[LF] SM477 13FEB: LASTSOLD=2026-01-04 00:00:00, WEEKLY=0, TODAY=0, YDAY=0
2026-01-17 09:21:40 | ERROR    | Atomic write failed for D:\CODERED\LAB\Artifacts\outputs\run_generated_170126_at_08.47_RETRY\checkpoints\flight_booking_data.json: [WinError 5] Access is denied: 'D:\\CODERED\\LAB\\Artifacts\\outputs\\run_generated_170126_at_08.47_RETRY\\checkpoints\\flight_booking_data.tmp_a6aef75b' -> 'D:\\CODERED\\LAB\\Artifacts\\outputs\\run_generated_170126_at_08.47_RETRY\\checkpoints\\flight_booking_data.json'
[LF] SM479 13FEB: LASTSOLD=2026-01-16 00:00:00, WEEKLY=7, TODAY=0, YDAY=1
[LF] SM471 13FEB: LASTSOLD=2026-01-04 00:00:00, WEEKLY=0, TODAY=0, YDAY=0
[LF] SM459 13FEB: LASTSOLD=2026-01-16 00:00:00, WEEKLY=7, TODAY=0, YDAY=3
[LF] SM975 13FEB: LASTSOLD=2025-12-10 00:00:00, WEEKLY=0, TODAY=0, YDAY=0
2026-01-17 09:21:47 | INFO     | [SUCCESS] Day 13FEB
2026-01-17 09:21:47 | INFO     | [DAY_START] Processing 12FEB
[LF] Processing CAI-JED for 12FEB
2026-01-17 09:21:47 | INFO     | [lf.day.start] Processing CAI-JED for 12FEB
[LF] 12FEB: found 7 direct flights
2026-01-17 09:21:48 | INFO     | [lf.day.flights_found] Found 7 flights on 12FEB
2026-01-17 09:21:50 | INFO     | [lf.flight.extracted] SM449 on 12FEB: BKG=177, LF=98.9%
[LF] SM449 12FEB: BKG=177, GRP=170, CAP=179, LF%=98.9%, Brd-Off=CAI-JED, Classes: P:170, X:1, S:6
2026-01-17 09:21:53 | INFO     | [lf.flight.extracted] SM2455 on 12FEB: BKG=0, LF=0.0%
[LF] SM2455 12FEB: BKG=0, GRP=0, CAP=179, LF%=0.0%, Brd-Off=CAI-JED
2026-01-17 09:21:57 | INFO     | [lf.flight.extracted] SM475 on 12FEB: BKG=166, LF=92.7%
[LF] SM475 12FEB: BKG=166, GRP=135, CAP=179, LF%=92.7%, Brd-Off=CAI-JED, Classes: P:135, U:6, X:7, T:14, W:4
2026-01-17 09:22:01 | INFO     | [lf.flight.extracted] SM431 on 12FEB: BKG=188, LF=105.0%
[LF] SM431 12FEB: BKG=188, GRP=175, CAP=179, LF%=105.0%, Brd-Off=CAI-JED, Classes: P:175, X:13
2026-01-17 09:22:04 | INFO     | [lf.flight.extracted] SM477 on 12FEB: BKG=180, LF=100.6%
[LF] SM477 12FEB: BKG=180, GRP=170, CAP=179, LF%=100.6%, Brd-Off=CAI-JED, Classes: P:170, X:10
2026-01-17 09:22:08 | INFO     | [lf.flight.extracted] SM479 on 12FEB: BKG=171, LF=95.5%
[LF] SM479 12FEB: BKG=171, GRP=135, CAP=179, LF%=95.5%, Brd-Off=CAI-JED, Classes: P:135, X:10, T:14, W:9, S:3
2026-01-17 09:22:12 | INFO     | [lf.flight.extracted] SM423 on 12FEB: BKG=179, LF=101.7%
[LF] SM423 12FEB: BKG=179, GRP=170, CAP=176, LF%=101.7%, Brd-Off=CAI-JED, Classes: P:130, E:40, X:9
[LF] Getting WEEKLY/LASTSOLD data for 6 flights
[LF] SM449 12FEB: LASTSOLD=2025-12-22 00:00:00, WEEKLY=0, TODAY=0, YDAY=0
[LF] SM475 12FEB: LASTSOLD=2026-01-14 00:00:00, WEEKLY=12, TODAY=0, YDAY=0
[LF] SM431 12FEB: LASTSOLD=2026-01-04 00:00:00, WEEKLY=0, TODAY=0, YDAY=0
[LF] SM477 12FEB: LASTSOLD=2026-01-04 00:00:00, WEEKLY=0, TODAY=0, YDAY=0
[LF] SM479 12FEB: LASTSOLD=2026-01-16 00:00:00, WEEKLY=8, TODAY=0, YDAY=3
[LF] SM423 12FEB: LASTSOLD=2026-01-15 00:00:00, WEEKLY=1, TODAY=0, YDAY=0
2026-01-17 09:22:24 | INFO     | [SUCCESS] Day 12FEB
2026-01-17 09:22:24 | INFO     | [DAY_START] Processing 11FEB
[LF] Processing CAI-JED for 11FEB
2026-01-17 09:22:24 | INFO     | [lf.day.start] Processing CAI-JED for 11FEB
[LF] 11FEB: found 6 direct flights
2026-01-17 09:22:25 | INFO     | [lf.day.flights_found] Found 6 flights on 11FEB
2026-01-17 09:22:27 | INFO     | [lf.flight.extracted] SM423 on 11FEB: BKG=186, LF=103.9%
[LF] SM423 11FEB: BKG=186, GRP=180, CAP=179, LF%=103.9%, Brd-Off=CAI-JED, Classes: P:180, X:6
2026-01-17 09:22:30 | INFO     | [lf.flight.extracted] SM475 on 11FEB: BKG=170, LF=95.0%
[LF] SM475 11FEB: BKG=170, GRP=135, CAP=179, LF%=95.0%, Brd-Off=CAI-JED, Classes: P:135, U:6, X:7, T:14, W:8
2026-01-17 09:22:34 | INFO     | [lf.flight.extracted] SM459 on 11FEB: BKG=184, LF=102.8%
[LF] SM459 11FEB: BKG=184, GRP=175, CAP=179, LF%=102.8%, Brd-Off=CAI-JED, Classes: P:175, X:9
2026-01-17 09:22:37 | INFO     | [lf.flight.extracted] SM477 on 11FEB: BKG=177, LF=98.9%
[LF] SM477 11FEB: BKG=177, GRP=135, CAP=179, LF%=98.9%, Brd-Off=CAI-JED, Classes: P:135, X:10, T:14, W:9, S:9
2026-01-17 09:22:41 | INFO     | [lf.flight.extracted] SM979 on 11FEB: BKG=170, LF=96.6%
[LF] SM979 11FEB: BKG=170, GRP=170, CAP=176, LF%=96.6%, Brd-Off=CAI-JED, Classes: P:170
2026-01-17 09:22:44 | INFO     | [lf.flight.extracted] SM471 on 11FEB: BKG=178, LF=99.4%
[LF] SM471 11FEB: BKG=178, GRP=135, CAP=179, LF%=99.4%, Brd-Off=CAI-JED, Classes: P:135, I:5, O:5, U:5, X:10, T:13, S:5
[LF] Getting WEEKLY/LASTSOLD data for 6 flights
[LF] SM423 11FEB: LASTSOLD=2026-01-04 00:00:00, WEEKLY=0, TODAY=0, YDAY=0
[LF] SM475 11FEB: LASTSOLD=2026-01-16 00:00:00, WEEKLY=23, TODAY=0, YDAY=5
[LF] SM459 11FEB: LASTSOLD=2026-01-04 00:00:00, WEEKLY=0, TODAY=0, YDAY=0
[LF] SM477 11FEB: LASTSOLD=2026-01-07 00:00:00, WEEKLY=0, TODAY=0, YDAY=0
[LF] SM979 11FEB: LASTSOLD=2026-01-12 00:00:00, WEEKLY=2, TODAY=0, YDAY=0
[LF] SM471 11FEB: LASTSOLD=2026-01-15 00:00:00, WEEKLY=8, TODAY=0, YDAY=0
2026-01-17 09:23:00 | INFO     | [SUCCESS] Day 11FEB
[LF] Results summary:
  2026-02-18: 6 flights
  2026-02-17: 8 flights
  2026-02-16: 5 flights
  2026-02-15: 7 flights
  2026-02-14: 5 flights
  2026-02-13: 6 flights
  2026-02-12: 7 flights
  2026-02-11: 6 flights
[LF] Cancelled flights found: 2
  - SM957 16FEB (SN)
  - SM957 13FEB (SN)
2026-01-17 09:23:00 | INFO     | [SUCCESS] LF Search Complete
[Worker_9227] Cancelled flights collected: 2

============================================================
[Worker_9227] ✓ COMPLETED: CAI-JED
  Results: 8 dates
  Errors: 0 dates
  Total Processed: 33 groups
============================================================

2026-01-17 09:23:00 | INFO     | [Worker_9227] Completed: CAI-JED - 8 results, 0 errors

============================================================
[Worker_9227] Processing: CAI-JED
  Tier 0: Range 1, Chunk 1/3
  Dates: 9 days
  Date Range: 2026-02-10 to 2026-02-02
============================================================

2026-01-17 09:23:00 | INFO     | [Worker_9227] Processing: CAI-JED
2026-01-17 09:23:00 | INFO     |   Tier 0: Range 1, Chunk 1/3 (9 days)
2026-01-17 09:23:00 | INFO     | ======================================================================
2026-01-17 09:23:00 | INFO     | Load Factor Scraper Started - Route: CAI-JED
2026-01-17 09:23:00 | INFO     | Log file: D:\CODERED\LAB\Artifacts\outputs\run_generated_170126_at_08.47_RETRY\logs\LF_CAI-JED_20260117_092300.log
2026-01-17 09:23:00 | INFO     | Enhanced logging: Capturing both logging.info() and print()
2026-01-17 09:23:00 | INFO     | ======================================================================
[LF] Processing dates (override): ['10FEB', '09FEB', '08FEB', '07FEB', '06FEB', '05FEB', '04FEB', '03FEB', '02FEB']
[LF] Attaching to Chrome for Altea access
2026-01-17 09:23:00 | INFO     | Starting LF search for route: CAI-JED
2026-01-17 09:23:00 | INFO     | [START] LF Search
[LF][[OK] SUCCESS] Connected to Chrome on 127.0.0.1:9227 (after 1 attempts)
2026-01-17 09:23:01 | INFO     | [HEALTH CHECK] [OK] Chrome connection is healthy
[LF][[OK] SUCCESS] Found Amadeus Altea window: Altéa Reservation Desktop
[LF][[INFO] INFO] URL: https://tc212.resdesktop.altea.amadeus.com/app_ard/apf/init/login?SITE=ESMPESMP&LANGUAGE=GB&MARKETS=ARDW_PROD_WBP&ACTION=clpLogin
2026-01-17 09:23:01 | INFO     | [DAY_START] Processing 10FEB
[LF] Processing CAI-JED for 10FEB
2026-01-17 09:23:01 | INFO     | [lf.day.start] Processing CAI-JED for 10FEB
[LF] 10FEB: found 7 direct flights
2026-01-17 09:23:02 | INFO     | [lf.day.flights_found] Found 7 flights on 10FEB
2026-01-17 09:23:04 | INFO     | [lf.flight.extracted] SM971 on 10FEB: BKG=180, LF=100.6%
[LF] SM971 10FEB: BKG=180, GRP=180, CAP=179, LF%=100.6%, Brd-Off=CAI-JED, Classes: P:180
2026-01-17 09:23:07 | INFO     | [lf.flight.extracted] SM2485 on 10FEB: BKG=175, LF=97.2%
[LF] SM2485 10FEB: BKG=175, GRP=175, CAP=180, LF%=97.2%, Brd-Off=CAI-JED, Classes: P:175
2026-01-17 09:23:10 | INFO     | [lf.flight.extracted] SM477 on 10FEB: BKG=192, LF=107.3%
[LF] SM477 10FEB: BKG=192, GRP=180, CAP=179, LF%=107.3%, Brd-Off=CAI-JED, Classes: P:180, X:9, T:3
2026-01-17 09:23:14 | INFO     | [lf.flight.extracted] SM459 on 10FEB: BKG=191, LF=106.7%
[LF] SM459 10FEB: BKG=191, GRP=180, CAP=179, LF%=106.7%, Brd-Off=CAI-JED, Classes: P:180, X:10, S:1
2026-01-17 09:23:17 | INFO     | [lf.flight.extracted] SM2449 on 10FEB: BKG=0, LF=0.0%
[LF] SM2449 10FEB: BKG=0, GRP=0, CAP=179, LF%=0.0%, Brd-Off=CAI-JED
2026-01-17 09:23:20 | INFO     | [lf.flight.extracted] SM423 on 10FEB: BKG=173, LF=96.7%
[LF] SM423 10FEB: BKG=173, GRP=135, CAP=179, LF%=96.7%, Brd-Off=CAI-JED, Classes: P:135, X:10, T:14, W:14
2026-01-17 09:23:23 | INFO     | [lf.flight.extracted] SM475 on 10FEB: BKG=171, LF=95.5%
[LF] SM475 10FEB: BKG=171, GRP=135, CAP=179, LF%=95.5%, Brd-Off=CAI-JED, Classes: P:135, U:5, X:5, T:15, W:11
[LF] Getting WEEKLY/LASTSOLD data for 6 flights
[LF] SM971 10FEB: LASTSOLD=2026-01-01 00:00:00, WEEKLY=0, TODAY=0, YDAY=0
[LF] SM2485 10FEB: LASTSOLD=2026-01-02 00:00:00, WEEKLY=0, TODAY=0, YDAY=0
[LF] SM477 10FEB: LASTSOLD=2026-01-06 00:00:00, WEEKLY=0, TODAY=0, YDAY=0
[LF] SM459 10FEB: LASTSOLD=2026-01-04 00:00:00, WEEKLY=0, TODAY=0, YDAY=0
[LF] SM423 10FEB: LASTSOLD=2026-01-15 00:00:00, WEEKLY=23, TODAY=0, YDAY=0
[LF] SM475 10FEB: LASTSOLD=2026-01-16 00:00:00, WEEKLY=21, TODAY=0, YDAY=5
2026-01-17 09:23:37 | INFO     | [SUCCESS] Day 10FEB
2026-01-17 09:23:37 | INFO     | [DAY_START] Processing 09FEB
[LF] Processing CAI-JED for 09FEB
2026-01-17 09:23:37 | INFO     | [lf.day.start] Processing CAI-JED for 09FEB
[LF] 09FEB: found 4 direct flights
2026-01-17 09:23:38 | INFO     | [lf.day.flights_found] Found 4 flights on 09FEB
2026-01-17 09:23:39 | INFO     | [lf.flight.extracted] SM475 on 09FEB: BKG=193, LF=109.7%
[LF] SM475 09FEB: BKG=193, GRP=180, CAP=176, LF%=109.7%, Brd-Off=CAI-JED, Classes: P:180, U:6, X:7
2026-01-17 09:23:43 | INFO     | [lf.flight.extracted] SM983 on 09FEB: BKG=170, LF=95.0%
[LF] SM983 09FEB: BKG=170, GRP=170, CAP=179, LF%=95.0%, Brd-Off=CAI-JED, Classes: P:170
2026-01-17 09:23:46 | INFO     | [lf.flight.extracted] SM971 on 09FEB: BKG=170, LF=95.0%
[LF] SM971 09FEB: BKG=170, GRP=170, CAP=179, LF%=95.0%, Brd-Off=CAI-JED, Classes: P:170
2026-01-17 09:23:49 | INFO     | [lf.flight.extracted] SM459 on 09FEB: BKG=164, LF=91.6%
[LF] SM459 09FEB: BKG=164, GRP=135, CAP=179, LF%=91.6%, Brd-Off=CAI-JED, Classes: P:135, X:12, T:12, W:5
[LF] Getting WEEKLY/LASTSOLD data for 4 flights
[LF] SM475 09FEB: LASTSOLD=2026-01-04 00:00:00, WEEKLY=0, TODAY=0, YDAY=0
[LF] SM983 09FEB: LASTSOLD=2026-01-06 00:00:00, WEEKLY=0, TODAY=0, YDAY=0
[LF] SM971 09FEB: LASTSOLD=2026-01-12 00:00:00, WEEKLY=2, TODAY=0, YDAY=0
[LF] SM459 09FEB: LASTSOLD=2026-01-12 00:00:00, WEEKLY=11, TODAY=0, YDAY=0
2026-01-17 09:24:00 | INFO     | [SUCCESS] Day 09FEB
2026-01-17 09:24:00 | INFO     | [DAY_START] Processing 08FEB
[LF] Processing CAI-JED for 08FEB
2026-01-17 09:24:00 | INFO     | [lf.day.start] Processing CAI-JED for 08FEB
[LF] 08FEB: found 7 direct flights
2026-01-17 09:24:01 | INFO     | [lf.day.flights_found] Found 7 flights on 08FEB
2026-01-17 09:24:03 | INFO     | [lf.flight.extracted] SM475 on 08FEB: BKG=179, LF=100.0%
[LF] SM475 08FEB: BKG=179, GRP=165, CAP=179, LF%=100.0%, Brd-Off=CAI-JED, Classes: P:165, U:6, X:7, T:1
2026-01-17 09:24:06 | INFO     | [lf.flight.extracted] SM431 on 08FEB: BKG=184, LF=102.8%
[LF] SM431 08FEB: BKG=184, GRP=180, CAP=179, LF%=102.8%, Brd-Off=CAI-JED, Classes: P:180, X:4
2026-01-17 09:24:09 | INFO     | [lf.flight.extracted] SM947 on 08FEB: BKG=170, LF=95.0%
[LF] SM947 08FEB: BKG=170, GRP=170, CAP=179, LF%=95.0%, Brd-Off=CAI-JED, Classes: P:170
2026-01-17 09:24:13 | INFO     | [lf.flight.extracted] SM459 on 08FEB: BKG=182, LF=101.7%
[LF] SM459 08FEB: BKG=182, GRP=175, CAP=179, LF%=101.7%, Brd-Off=CAI-JED, Classes: P:130, E:45, X:7
2026-01-17 09:24:16 | INFO     | [lf.flight.extracted] SM477 on 08FEB: BKG=162, LF=90.5%
[LF] SM477 08FEB: BKG=162, GRP=135, CAP=179, LF%=90.5%, Brd-Off=CAI-JED, Classes: P:135, X:10, T:14, W:3
2026-01-17 09:24:20 | INFO     | [lf.flight.extracted] SM479 on 08FEB: BKG=182, LF=101.7%
[LF] SM479 08FEB: BKG=182, GRP=170, CAP=179, LF%=101.7%, Brd-Off=CAI-JED, Classes: P:170, X:10, T:2
2026-01-17 09:24:23 | INFO     | [lf.flight.extracted] SM951 on 08FEB: BKG=180, LF=100.6%
[LF] SM951 08FEB: BKG=180, GRP=180, CAP=179, LF%=100.6%, Brd-Off=CAI-JED, Classes: P:180
[LF] Getting WEEKLY/LASTSOLD data for 7 flights
[LF] SM475 08FEB: LASTSOLD=2026-01-05 00:00:00, WEEKLY=0, TODAY=0, YDAY=0
[LF] SM431 08FEB: LASTSOLD=2026-01-04 00:00:00, WEEKLY=0, TODAY=0, YDAY=0
[LF] SM947 08FEB: LASTSOLD=2026-01-06 00:00:00, WEEKLY=0, TODAY=0, YDAY=0
[LF] SM459 08FEB: LASTSOLD=2026-01-09 00:00:00, WEEKLY=0, TODAY=0, YDAY=0
[LF] SM477 08FEB: LASTSOLD=2026-01-15 00:00:00, WEEKLY=8, TODAY=0, YDAY=0
[LF] SM479 08FEB: LASTSOLD=2026-01-04 00:00:00, WEEKLY=0, TODAY=0, YDAY=0
[LF] SM951 08FEB: LASTSOLD=2026-01-05 00:00:00, WEEKLY=0, TODAY=0, YDAY=0
2026-01-17 09:24:36 | INFO     | [SUCCESS] Day 08FEB
2026-01-17 09:24:36 | INFO     | [DAY_START] Processing 07FEB
[LF] Processing CAI-JED for 07FEB
2026-01-17 09:24:36 | INFO     | [lf.day.start] Processing CAI-JED for 07FEB
[LF] 07FEB: found 4 direct flights
2026-01-17 09:24:37 | INFO     | [lf.day.flights_found] Found 4 flights on 07FEB
2026-01-17 09:24:39 | INFO     | [lf.flight.extracted] SM449 on 07FEB: BKG=182, LF=103.4%
[LF] SM449 07FEB: BKG=182, GRP=180, CAP=176, LF%=103.4%, Brd-Off=CAI-JED, Classes: P:180, X:2
2026-01-17 09:24:42 | INFO     | [lf.flight.extracted] SM475 on 07FEB: BKG=161, LF=89.9%
[LF] SM475 07FEB: BKG=161, GRP=135, CAP=179, LF%=89.9%, Brd-Off=CAI-JED, Classes: P:135, U:6, X:7, T:10, S:3
2026-01-17 09:24:45 | INFO     | [lf.flight.extracted] SM477 on 07FEB: BKG=156, LF=87.2%
[LF] SM477 07FEB: BKG=156, GRP=135, CAP=179, LF%=87.2%, Brd-Off=CAI-JED, Classes: P:135, X:10, T:10, S:1
2026-01-17 09:24:49 | INFO     | [lf.flight.extracted] SM423 on 07FEB: BKG=153, LF=85.5%
[LF] SM423 07FEB: BKG=153, GRP=135, CAP=179, LF%=85.5%, Brd-Off=CAI-JED, Classes: P:135, X:10, T:8
[LF] Getting WEEKLY/LASTSOLD data for 4 flights
[LF] SM449 07FEB: LASTSOLD=2026-01-04 00:00:00, WEEKLY=0, TODAY=0, YDAY=0
[LF] SM475 07FEB: LASTSOLD=2026-01-16 00:00:00, WEEKLY=9, TODAY=0, YDAY=3
[LF] SM477 07FEB: LASTSOLD=2026-01-16 00:00:00, WEEKLY=4, TODAY=0, YDAY=2
[LF] SM423 07FEB: LASTSOLD=2026-01-15 00:00:00, WEEKLY=4, TODAY=0, YDAY=0
2026-01-17 09:24:59 | INFO     | [SUCCESS] Day 07FEB
2026-01-17 09:24:59 | INFO     | [DAY_START] Processing 06FEB
[LF] Processing CAI-JED for 06FEB
2026-01-17 09:24:59 | INFO     | [lf.day.start] Processing CAI-JED for 06FEB
[LF] 06FEB: found 5 direct flights
2026-01-17 09:25:00 | INFO     | [lf.day.flights_found] Found 5 flights on 06FEB
2026-01-17 09:25:02 | INFO     | [lf.flight.extracted] SM475 on 06FEB: BKG=173, LF=96.7%
[LF] SM475 06FEB: BKG=173, GRP=160, CAP=179, LF%=96.7%, Brd-Off=CAI-JED, Classes: P:160, U:6, X:7
2026-01-17 09:25:05 | INFO     | [lf.flight.extracted] SM477 on 06FEB: BKG=54, LF=30.2%
[LF] SM477 06FEB: BKG=54, GRP=45, CAP=179, LF%=30.2%, Brd-Off=CAI-JED, Classes: P:45, X:9
2026-01-17 09:25:09 | INFO     | [lf.flight.extracted] SM479 on 06FEB: BKG=96, LF=53.6%
[LF] SM479 06FEB: BKG=96, GRP=80, CAP=179, LF%=53.6%, Brd-Off=CAI-JED, Classes: P:80, X:10, T:6
2026-01-17 09:25:12 | INFO     | [lf.flight.extracted] SM471 on 06FEB: BKG=106, LF=59.2%
[LF] SM471 06FEB: BKG=106, GRP=90, CAP=179, LF%=59.2%, Brd-Off=CAI-JED, Classes: P:90, X:10, T:6
2026-01-17 09:25:16 | INFO     | [lf.flight.extracted] SM459 on 06FEB: BKG=104, LF=58.1%
[LF] SM459 06FEB: BKG=104, GRP=90, CAP=179, LF%=58.1%, Brd-Off=CAI-JED, Classes: P:90, X:10, T:3, S:1
[LF] Getting WEEKLY/LASTSOLD data for 5 flights
[LF] SM475 06FEB: LASTSOLD=2026-01-12 00:00:00, WEEKLY=4, TODAY=0, YDAY=0
[LF] SM477 06FEB: LASTSOLD=2026-01-16 00:00:00, WEEKLY=3, TODAY=0, YDAY=1
[LF] SM479 06FEB: LASTSOLD=2026-01-11 00:00:00, WEEKLY=1, TODAY=0, YDAY=0
[LF] SM471 06FEB: LASTSOLD=2026-01-16 00:00:00, WEEKLY=6, TODAY=0, YDAY=1
[LF] SM459 06FEB: LASTSOLD=2026-01-15 00:00:00, WEEKLY=6, TODAY=0, YDAY=0
2026-01-17 09:25:25 | INFO     | [SUCCESS] Day 06FEB
2026-01-17 09:25:25 | INFO     | [DAY_START] Processing 05FEB
[LF] Processing CAI-JED for 05FEB
2026-01-17 09:25:25 | INFO     | [lf.day.start] Processing CAI-JED for 05FEB
[LF] 05FEB: found 7 direct flights
2026-01-17 09:25:26 | INFO     | [lf.day.flights_found] Found 7 flights on 05FEB
2026-01-17 09:25:28 | INFO     | [lf.flight.extracted] SM449 on 05FEB: BKG=110, LF=61.5%
[LF] SM449 05FEB: BKG=110, GRP=90, CAP=179, LF%=61.5%, Brd-Off=CAI-JED, Classes: P:90, U:10, X:10
2026-01-17 09:25:31 | INFO     | [lf.flight.extracted] SM475 on 05FEB: BKG=147, LF=82.1%
[LF] SM475 05FEB: BKG=147, GRP=135, CAP=179, LF%=82.1%, Brd-Off=CAI-JED, Classes: P:135, U:6, X:6
2026-01-17 09:25:34 | INFO     | [lf.flight.extracted] SM431 on 05FEB: BKG=99, LF=55.3%
[LF] SM431 05FEB: BKG=99, GRP=90, CAP=179, LF%=55.3%, Brd-Off=CAI-JED, Classes: P:90, O:5, U:4
2026-01-17 09:25:38 | INFO     | [lf.flight.extracted] SM961 on 05FEB: BKG=125, LF=71.0%
[LF] SM961 05FEB: BKG=125, GRP=125, CAP=176, LF%=71.0%, Brd-Off=CAI-JED, Classes: P:125
2026-01-17 09:25:42 | INFO     | [lf.flight.extracted] SM477 on 05FEB: BKG=112, LF=62.6%
[LF] SM477 05FEB: BKG=112, GRP=90, CAP=179, LF%=62.6%, Brd-Off=CAI-JED, Classes: P:90, U:10, X:12
2026-01-17 09:25:45 | INFO     | [lf.flight.extracted] SM479 on 05FEB: BKG=33, LF=18.4%
[LF] SM479 05FEB: BKG=33, GRP=0, CAP=179, LF%=18.4%, Brd-Off=CAI-JED, Classes: U:10, X:19, S:4
2026-01-17 09:25:48 | INFO     | [lf.flight.extracted] SM423 on 05FEB: BKG=111, LF=63.1%
[LF] SM423 05FEB: BKG=111, GRP=90, CAP=176, LF%=63.1%, Brd-Off=CAI-JED, Classes: P:90, U:10, X:11
[LF] Getting WEEKLY/LASTSOLD data for 7 flights
[LF] SM449 05FEB: LASTSOLD=2026-01-14 00:00:00, WEEKLY=4, TODAY=0, YDAY=0
[LF] SM475 05FEB: LASTSOLD=2026-01-14 00:00:00, WEEKLY=6, TODAY=0, YDAY=0
[LF] SM431 05FEB: LASTSOLD=2026-01-15 00:00:00, WEEKLY=9, TODAY=0, YDAY=0
[LF] SM961 05FEB: LASTSOLD=2025-12-20 00:00:00, WEEKLY=0, TODAY=0, YDAY=0
[LF] SM477 05FEB: LASTSOLD=2026-01-14 00:00:00, WEEKLY=9, TODAY=0, YDAY=0
[LF] SM479 05FEB: LASTSOLD=2026-01-16 00:00:00, WEEKLY=15, TODAY=0, YDAY=4
[LF] SM423 05FEB: LASTSOLD=2026-01-15 00:00:00, WEEKLY=6, TODAY=0, YDAY=0
2026-01-17 09:26:04 | INFO     | [SUCCESS] Day 05FEB
2026-01-17 09:26:04 | INFO     | [DAY_START] Processing 04FEB
[LF] Processing CAI-JED for 04FEB
2026-01-17 09:26:04 | INFO     | [lf.day.start] Processing CAI-JED for 04FEB
[LF] 04FEB: found 5 direct flights
2026-01-17 09:26:06 | INFO     | [lf.day.flights_found] Found 5 flights on 04FEB
2026-01-17 09:26:08 | INFO     | [lf.flight.extracted] SM423 on 04FEB: BKG=109, LF=61.9%
[LF] SM423 04FEB: BKG=109, GRP=90, CAP=176, LF%=61.9%, Brd-Off=CAI-JED, Classes: P:90, U:10, X:9
2026-01-17 09:26:11 | INFO     | [lf.flight.extracted] SM475 on 04FEB: BKG=150, LF=83.8%
[LF] SM475 04FEB: BKG=150, GRP=140, CAP=179, LF%=83.8%, Brd-Off=CAI-JED, Classes: P:140, U:6, X:4
2026-01-17 09:26:14 | INFO     | [lf.flight.extracted] SM459 on 04FEB: BKG=105, LF=58.7%
[LF] SM459 04FEB: BKG=105, GRP=90, CAP=179, LF%=58.7%, Brd-Off=CAI-JED, Classes: P:90, U:10, X:5
2026-01-17 09:26:18 | INFO     | [lf.flight.extracted] SM477 on 04FEB: BKG=162, LF=90.5%
[LF] SM477 04FEB: BKG=162, GRP=140, CAP=179, LF%=90.5%, Brd-Off=CAI-JED, Classes: P:140, U:9, X:13
2026-01-17 09:26:21 | INFO     | [lf.flight.extracted] SM471 on 04FEB: BKG=108, LF=60.3%
[LF] SM471 04FEB: BKG=108, GRP=90, CAP=179, LF%=60.3%, Brd-Off=CAI-JED, Classes: P:90, U:10, X:4, S:4
[LF] Getting WEEKLY/LASTSOLD data for 5 flights
[LF] SM423 04FEB: LASTSOLD=2026-01-15 00:00:00, WEEKLY=8, TODAY=0, YDAY=0
[LF] SM475 04FEB: LASTSOLD=2026-01-13 00:00:00, WEEKLY=5, TODAY=0, YDAY=0
[LF] SM459 04FEB: LASTSOLD=2026-01-13 00:00:00, WEEKLY=1, TODAY=0, YDAY=0
[LF] SM477 04FEB: LASTSOLD=2026-01-16 00:00:00, WEEKLY=14, TODAY=0, YDAY=5
[LF] SM471 04FEB: LASTSOLD=2026-01-16 00:00:00, WEEKLY=4, TODAY=0, YDAY=1
2026-01-17 09:26:32 | INFO     | [SUCCESS] Day 04FEB
2026-01-17 09:26:32 | INFO     | [DAY_START] Processing 03FEB
[LF] Processing CAI-JED for 03FEB
2026-01-17 09:26:32 | INFO     | [lf.day.start] Processing CAI-JED for 03FEB
[LF] 03FEB: found 7 direct flights
2026-01-17 09:26:33 | INFO     | [lf.day.flights_found] Found 7 flights on 03FEB
2026-01-17 09:26:35 | INFO     | [lf.flight.extracted] SM471 on 03FEB: BKG=113, LF=63.1%
[LF] SM471 03FEB: BKG=113, GRP=90, CAP=179, LF%=63.1%, Brd-Off=CAI-JED, Classes: P:90, U:10, X:13
2026-01-17 09:26:38 | INFO     | [lf.flight.extracted] SM953 on 03FEB: BKG=90, LF=50.3%
[LF] SM953 03FEB: BKG=90, GRP=90, CAP=179, LF%=50.3%, Brd-Off=CAI-JED, Classes: P:90
2026-01-17 09:26:41 | INFO     | [lf.flight.extracted] SM479 on 03FEB: BKG=24, LF=13.4%
[LF] SM479 03FEB: BKG=24, GRP=0, CAP=179, LF%=13.4%, Brd-Off=CAI-JED, Classes: N:1, U:10, X:13
2026-01-17 09:26:44 | INFO     | [lf.flight.extracted] SM477 on 03FEB: BKG=24, LF=13.4%
[LF] SM477 03FEB: BKG=24, GRP=0, CAP=179, LF%=13.4%, Brd-Off=CAI-JED, Classes: U:10, X:13, T:1
2026-01-17 09:26:48 | INFO     | [lf.flight.extracted] SM459 on 03FEB: BKG=26, LF=14.8%
[LF] SM459 03FEB: BKG=26, GRP=0, CAP=176, LF%=14.8%, Brd-Off=CAI-JED, Classes: U:10, X:12, T:4
2026-01-17 09:26:51 | INFO     | [lf.flight.extracted] SM423 on 03FEB: BKG=24, LF=13.4%
[LF] SM423 03FEB: BKG=24, GRP=0, CAP=179, LF%=13.4%, Brd-Off=CAI-JED, Classes: U:10, X:13, S:1
2026-01-17 09:26:54 | INFO     | [lf.flight.extracted] SM475 on 03FEB: BKG=102, LF=57.0%
[LF] SM475 03FEB: BKG=102, GRP=90, CAP=179, LF%=57.0%, Brd-Off=CAI-JED, Classes: P:90, U:6, X:4, T:2
[LF] Getting WEEKLY/LASTSOLD data for 7 flights
[LF] SM471 03FEB: LASTSOLD=2026-01-14 00:00:00, WEEKLY=10, TODAY=0, YDAY=0
[LF] SM953 03FEB: LASTSOLD=2026-01-01 00:00:00, WEEKLY=0, TODAY=0, YDAY=0
[LF] SM479 03FEB: LASTSOLD=2026-01-16 00:00:00, WEEKLY=6, TODAY=0, YDAY=4
[LF] SM477 03FEB: LASTSOLD=2026-01-16 00:00:00, WEEKLY=9, TODAY=0, YDAY=2
[LF] SM459 03FEB: LASTSOLD=2026-01-15 00:00:00, WEEKLY=13, TODAY=0, YDAY=0
[LF] SM423 03FEB: LASTSOLD=2026-01-13 00:00:00, WEEKLY=9, TODAY=0, YDAY=0
[LF] SM475 03FEB: LASTSOLD=2026-01-16 00:00:00, WEEKLY=4, TODAY=0, YDAY=2
2026-01-17 09:27:12 | INFO     | [SUCCESS] Day 03FEB
2026-01-17 09:27:12 | INFO     | [DAY_START] Processing 02FEB
[LF] Processing CAI-JED for 02FEB
2026-01-17 09:27:12 | INFO     | [lf.day.start] Processing CAI-JED for 02FEB
[LF] 02FEB: found 3 direct flights
2026-01-17 09:27:13 | INFO     | [lf.day.flights_found] Found 3 flights on 02FEB
2026-01-17 09:27:15 | INFO     | [lf.flight.extracted] SM475 on 02FEB: BKG=15, LF=8.4%
[LF] SM475 02FEB: BKG=15, GRP=0, CAP=179, LF%=8.4%, Brd-Off=CAI-JED, Classes: U:6, X:7, T:2
2026-01-17 09:27:18 | INFO     | [lf.flight.extracted] SM477 on 02FEB: BKG=30, LF=16.8%
[LF] SM477 02FEB: BKG=30, GRP=0, CAP=179, LF%=16.8%, Brd-Off=CAI-JED, Classes: N:2, U:10, X:15, T:3
2026-01-17 09:27:21 | INFO     | [lf.flight.extracted] SM459 on 02FEB: BKG=27, LF=15.1%
[LF] SM459 02FEB: BKG=27, GRP=0, CAP=179, LF%=15.1%, Brd-Off=CAI-JED, Classes: U:10, X:13, T:4
[LF] Getting WEEKLY/LASTSOLD data for 3 flights
[LF] SM475 02FEB: LASTSOLD=2026-01-12 00:00:00, WEEKLY=3, TODAY=0, YDAY=0
[LF] SM477 02FEB: LASTSOLD=2026-01-14 00:00:00, WEEKLY=6, TODAY=0, YDAY=0
[LF] SM459 02FEB: LASTSOLD=2026-01-15 00:00:00, WEEKLY=4, TODAY=0, YDAY=0
2026-01-17 09:27:29 | INFO     | [SUCCESS] Day 02FEB
[LF] Results summary:
  2026-02-10: 7 flights
  2026-02-09: 4 flights
  2026-02-08: 7 flights
  2026-02-07: 4 flights
  2026-02-06: 5 flights
  2026-02-05: 7 flights
  2026-02-04: 5 flights
  2026-02-03: 7 flights
  2026-02-02: 3 flights
2026-01-17 09:27:29 | INFO     | [SUCCESS] LF Search Complete

============================================================
[Worker_9227] ✓ COMPLETED: CAI-JED
  Results: 9 dates
  Errors: 0 dates
  Total Processed: 34 groups
============================================================

2026-01-17 09:27:29 | INFO     | [Worker_9227] Completed: CAI-JED - 9 results, 0 errors

============================================================
[Worker_9227] Processing: AHB-ATZ
  Tier 0: Range 1, Chunk 2/3
  Dates: 8 days
  Date Range: 2026-02-01 to 2026-01-25
============================================================

2026-01-17 09:27:29 | INFO     | [Worker_9227] Processing: AHB-ATZ
2026-01-17 09:27:29 | INFO     |   Tier 0: Range 1, Chunk 2/3 (8 days)
2026-01-17 09:27:29 | INFO     | ======================================================================
2026-01-17 09:27:29 | INFO     | Load Factor Scraper Started - Route: AHB-ATZ
2026-01-17 09:27:29 | INFO     | Log file: D:\CODERED\LAB\Artifacts\outputs\run_generated_170126_at_08.47_RETRY\logs\LF_AHB-ATZ_20260117_092729.log
2026-01-17 09:27:29 | INFO     | Enhanced logging: Capturing both logging.info() and print()
2026-01-17 09:27:29 | INFO     | ======================================================================
[LF] Processing dates (override): ['01FEB', '31JAN', '30JAN', '29JAN', '28JAN', '27JAN', '26JAN', '25JAN']
[LF] Attaching to Chrome for Altea access
2026-01-17 09:27:29 | INFO     | Starting LF search for route: AHB-ATZ
2026-01-17 09:27:29 | INFO     | [START] LF Search
[LF][[OK] SUCCESS] Connected to Chrome on 127.0.0.1:9227 (after 1 attempts)
2026-01-17 09:27:30 | INFO     | [HEALTH CHECK] [OK] Chrome connection is healthy
[LF][[OK] SUCCESS] Found Amadeus Altea window: Altéa Reservation Desktop
[LF][[INFO] INFO] URL: https://tc212.resdesktop.altea.amadeus.com/app_ard/apf/init/login?SITE=ESMPESMP&LANGUAGE=GB&MARKETS=ARDW_PROD_WBP&ACTION=clpLogin
2026-01-17 09:27:31 | INFO     | [DAY_START] Processing 01FEB
[LF] Processing AHB-ATZ for 01FEB
2026-01-17 09:27:31 | INFO     | [lf.day.start] Processing AHB-ATZ for 01FEB
[LF] No direct flights on 01FEB for AHB-ATZ
2026-01-17 09:27:32 | WARNING  | [lf.day.no_flights] No direct flights on 01FEB
2026-01-17 09:27:32 | INFO     | [SUCCESS] Day 01FEB
2026-01-17 09:27:32 | INFO     | [DAY_START] Processing 31JAN
[LF] Processing AHB-ATZ for 31JAN
2026-01-17 09:27:32 | INFO     | [lf.day.start] Processing AHB-ATZ for 31JAN
[LF] No direct flights on 31JAN for AHB-ATZ
2026-01-17 09:27:33 | WARNING  | [lf.day.no_flights] No direct flights on 31JAN
2026-01-17 09:27:33 | INFO     | [SUCCESS] Day 31JAN
2026-01-17 09:27:33 | INFO     | [DAY_START] Processing 30JAN
[LF] Processing AHB-ATZ for 30JAN
2026-01-17 09:27:33 | INFO     | [lf.day.start] Processing AHB-ATZ for 30JAN
[LF] 30JAN: found 1 direct flights
2026-01-17 09:27:34 | INFO     | [lf.day.flights_found] Found 1 flights on 30JAN
2026-01-17 09:27:36 | INFO     | [lf.flight.extracted] SM446 on 30JAN: BKG=60, LF=35.9%
[LF] SM446 30JAN: BKG=60, GRP=0, CAP=167, LF%=35.9%, Brd-Off=AHB-ATZ, Classes: X:7, T:3, W:3, S:10, G:35, L:1, V:1
[LF] Getting WEEKLY/LASTSOLD data for 1 flights
[LF] SM446 30JAN: LASTSOLD=2026-01-16 00:00:00, WEEKLY=18, TODAY=0, YDAY=1
2026-01-17 09:27:40 | INFO     | [SUCCESS] Day 30JAN
2026-01-17 09:27:40 | INFO     | [DAY_START] Processing 29JAN
[LF] Processing AHB-ATZ for 29JAN
2026-01-17 09:27:40 | INFO     | [lf.day.start] Processing AHB-ATZ for 29JAN
[LF] No direct flights on 29JAN for AHB-ATZ
2026-01-17 09:27:41 | WARNING  | [lf.day.no_flights] No direct flights on 29JAN
2026-01-17 09:27:42 | INFO     | [SUCCESS] Day 29JAN
2026-01-17 09:27:42 | INFO     | [DAY_START] Processing 28JAN
[LF] Processing AHB-ATZ for 28JAN
2026-01-17 09:27:42 | INFO     | [lf.day.start] Processing AHB-ATZ for 28JAN
[LF] No direct flights on 28JAN for AHB-ATZ
2026-01-17 09:27:43 | WARNING  | [lf.day.no_flights] No direct flights on 28JAN
2026-01-17 09:27:43 | INFO     | [SUCCESS] Day 28JAN
2026-01-17 09:27:43 | INFO     | [DAY_START] Processing 27JAN
[LF] Processing AHB-ATZ for 27JAN
2026-01-17 09:27:43 | INFO     | [lf.day.start] Processing AHB-ATZ for 27JAN
[LF] No direct flights on 27JAN for AHB-ATZ
2026-01-17 09:27:44 | WARNING  | [lf.day.no_flights] No direct flights on 27JAN
2026-01-17 09:27:44 | INFO     | [SUCCESS] Day 27JAN
2026-01-17 09:27:44 | INFO     | [DAY_START] Processing 26JAN
[LF] Processing AHB-ATZ for 26JAN
2026-01-17 09:27:44 | INFO     | [lf.day.start] Processing AHB-ATZ for 26JAN
[LF] No direct flights on 26JAN for AHB-ATZ
2026-01-17 09:27:45 | WARNING  | [lf.day.no_flights] No direct flights on 26JAN
2026-01-17 09:27:45 | INFO     | [SUCCESS] Day 26JAN
2026-01-17 09:27:45 | INFO     | [DAY_START] Processing 25JAN
[LF] Processing AHB-ATZ for 25JAN
2026-01-17 09:27:45 | INFO     | [lf.day.start] Processing AHB-ATZ for 25JAN
[LF] No direct flights on 25JAN for AHB-ATZ
2026-01-17 09:27:46 | WARNING  | [lf.day.no_flights] No direct flights on 25JAN
2026-01-17 09:27:46 | INFO     | [SUCCESS] Day 25JAN
[LF] Results summary:
  2026-02-01: 0 flights
  2026-01-31: 0 flights
  2026-01-30: 1 flights
  2026-01-29: 0 flights
  2026-01-28: 0 flights
  2026-01-27: 0 flights
  2026-01-26: 0 flights
  2026-01-25: 0 flights
2026-01-17 09:27:46 | INFO     | [SUCCESS] LF Search Complete

============================================================
[Worker_9227] ✓ COMPLETED: AHB-ATZ
  Results: 8 dates
  Errors: 0 dates
  Total Processed: 35 groups
============================================================

2026-01-17 09:27:46 | INFO     | [Worker_9227] Completed: AHB-ATZ - 8 results, 0 errors

============================================================
[Worker_9227] Processing: GIZ-CAI
  Tier 0: Range 1, Chunk 2/3
  Dates: 8 days
  Date Range: 2026-02-01 to 2026-01-25
============================================================

2026-01-17 09:27:46 | INFO     | [Worker_9227] Processing: GIZ-CAI
2026-01-17 09:27:46 | INFO     |   Tier 0: Range 1, Chunk 2/3 (8 days)
2026-01-17 09:27:46 | INFO     | ======================================================================
2026-01-17 09:27:46 | INFO     | Load Factor Scraper Started - Route: GIZ-CAI
2026-01-17 09:27:46 | INFO     | Log file: D:\CODERED\LAB\Artifacts\outputs\run_generated_170126_at_08.47_RETRY\logs\LF_GIZ-CAI_20260117_092746.log
2026-01-17 09:27:46 | INFO     | Enhanced logging: Capturing both logging.info() and print()
2026-01-17 09:27:46 | INFO     | ======================================================================
[LF] Processing dates (override): ['01FEB', '31JAN', '30JAN', '29JAN', '28JAN', '27JAN', '26JAN', '25JAN']
[LF] Attaching to Chrome for Altea access
2026-01-17 09:27:46 | INFO     | Starting LF search for route: GIZ-CAI
2026-01-17 09:27:46 | INFO     | [START] LF Search
[LF][[OK] SUCCESS] Connected to Chrome on 127.0.0.1:9227 (after 1 attempts)
2026-01-17 09:27:47 | INFO     | [HEALTH CHECK] [OK] Chrome connection is healthy
[LF][[OK] SUCCESS] Found Amadeus Altea window: Altéa Reservation Desktop
[LF][[INFO] INFO] URL: https://tc212.resdesktop.altea.amadeus.com/app_ard/apf/init/login?SITE=ESMPESMP&LANGUAGE=GB&MARKETS=ARDW_PROD_WBP&ACTION=clpLogin
2026-01-17 09:27:47 | INFO     | [DAY_START] Processing 01FEB
[LF] Processing GIZ-CAI for 01FEB
2026-01-17 09:27:47 | INFO     | [lf.day.start] Processing GIZ-CAI for 01FEB
[LF] 01FEB: found 1 direct flights
2026-01-17 09:27:48 | INFO     | [lf.day.flights_found] Found 1 flights on 01FEB
2026-01-17 09:27:51 | INFO     | [lf.flight.extracted] SM330 on 01FEB: BKG=15, LF=8.6%
[LF] SM330 01FEB: BKG=15, GRP=0, CAP=175, LF%=8.6%, Brd-Off=GIZ-CAI, Classes: U:13, G:2
[LF] Getting WEEKLY/LASTSOLD data for 1 flights
[LF] SM330 01FEB: LASTSOLD=2026-01-16 00:00:00, WEEKLY=8, TODAY=0, YDAY=2
2026-01-17 09:27:55 | INFO     | [SUCCESS] Day 01FEB
2026-01-17 09:27:55 | INFO     | [DAY_START] Processing 31JAN
[LF] Processing GIZ-CAI for 31JAN
2026-01-17 09:27:55 | INFO     | [lf.day.start] Processing GIZ-CAI for 31JAN
[LF] No direct flights on 31JAN for GIZ-CAI
2026-01-17 09:27:56 | WARNING  | [lf.day.no_flights] No direct flights on 31JAN
2026-01-17 09:27:56 | INFO     | [SUCCESS] Day 31JAN
2026-01-17 09:27:56 | INFO     | [DAY_START] Processing 30JAN
[LF] Processing GIZ-CAI for 30JAN
2026-01-17 09:27:56 | INFO     | [lf.day.start] Processing GIZ-CAI for 30JAN
[LF] 30JAN: found 1 direct flights
2026-01-17 09:27:57 | INFO     | [lf.day.flights_found] Found 1 flights on 30JAN
2026-01-17 09:27:59 | INFO     | [lf.flight.extracted] SM330 on 30JAN: BKG=45, LF=25.7%
[LF] SM330 30JAN: BKG=45, GRP=0, CAP=175, LF%=25.7%, Brd-Off=GIZ-CAI, Classes: O:23, U:17, X:4, S:1
[LPC] SM330 30JAN: Found 1 outbound flights with connecting passengers
[LF] Getting WEEKLY/LASTSOLD data for 1 flights
[LF] SM330 30JAN: LASTSOLD=2026-01-10 00:00:00, WEEKLY=1, TODAY=0, YDAY=0
2026-01-17 09:28:02 | ERROR    | Atomic write failed for D:\CODERED\LAB\Artifacts\outputs\run_generated_170126_at_08.47_RETRY\checkpoints\flight_booking_data.json: [WinError 5] Access is denied: 'D:\\CODERED\\LAB\\Artifacts\\outputs\\run_generated_170126_at_08.47_RETRY\\checkpoints\\flight_booking_data.tmp_f35b5d5f' -> 'D:\\CODERED\\LAB\\Artifacts\\outputs\\run_generated_170126_at_08.47_RETRY\\checkpoints\\flight_booking_data.json'
2026-01-17 09:28:02 | INFO     | [SUCCESS] Day 30JAN
2026-01-17 09:28:02 | INFO     | [DAY_START] Processing 29JAN
[LF] Processing GIZ-CAI for 29JAN
2026-01-17 09:28:02 | INFO     | [lf.day.start] Processing GIZ-CAI for 29JAN
[LF] No direct flights on 29JAN for GIZ-CAI
2026-01-17 09:28:04 | WARNING  | [lf.day.no_flights] No direct flights on 29JAN
2026-01-17 09:28:04 | INFO     | [SUCCESS] Day 29JAN
2026-01-17 09:28:04 | INFO     | [DAY_START] Processing 28JAN
[LF] Processing GIZ-CAI for 28JAN
2026-01-17 09:28:04 | INFO     | [lf.day.start] Processing GIZ-CAI for 28JAN
[LF] No direct flights on 28JAN for GIZ-CAI
2026-01-17 09:28:05 | WARNING  | [lf.day.no_flights] No direct flights on 28JAN
2026-01-17 09:28:05 | INFO     | [SUCCESS] Day 28JAN
2026-01-17 09:28:05 | INFO     | [DAY_START] Processing 27JAN
[LF] Processing GIZ-CAI for 27JAN
2026-01-17 09:28:05 | INFO     | [lf.day.start] Processing GIZ-CAI for 27JAN
[LF] No direct flights on 27JAN for GIZ-CAI
2026-01-17 09:28:06 | WARNING  | [lf.day.no_flights] No direct flights on 27JAN
2026-01-17 09:28:06 | INFO     | [SUCCESS] Day 27JAN
2026-01-17 09:28:06 | INFO     | [DAY_START] Processing 26JAN
[LF] Processing GIZ-CAI for 26JAN
2026-01-17 09:28:06 | INFO     | [lf.day.start] Processing GIZ-CAI for 26JAN
[LF] No direct flights on 26JAN for GIZ-CAI
2026-01-17 09:28:07 | WARNING  | [lf.day.no_flights] No direct flights on 26JAN
2026-01-17 09:28:07 | INFO     | [SUCCESS] Day 26JAN
2026-01-17 09:28:07 | INFO     | [DAY_START] Processing 25JAN
[LF] Processing GIZ-CAI for 25JAN
2026-01-17 09:28:07 | INFO     | [lf.day.start] Processing GIZ-CAI for 25JAN
[LF] 25JAN: found 1 direct flights
2026-01-17 09:28:08 | INFO     | [lf.day.flights_found] Found 1 flights on 25JAN
2026-01-17 09:28:10 | INFO     | [lf.flight.extracted] SM330 on 25JAN: BKG=43, LF=24.6%
[LF] SM330 25JAN: BKG=43, GRP=0, CAP=175, LF%=24.6%, Brd-Off=GIZ-CAI, Classes: O:13, U:23, X:3, S:4
[LPC] SM330 25JAN: Found 1 outbound flights with connecting passengers
[LF] Getting WEEKLY/LASTSOLD data for 1 flights
[LF] SM330 25JAN: LASTSOLD=2026-01-15 00:00:00, WEEKLY=17, TODAY=0, YDAY=0
2026-01-17 09:28:16 | INFO     | [SUCCESS] Day 25JAN
[LF] Results summary:
  2026-02-01: 1 flights
  2026-01-31: 0 flights
  2026-01-30: 1 flights
  2026-01-29: 0 flights
  2026-01-28: 0 flights
  2026-01-27: 0 flights
  2026-01-26: 0 flights
  2026-01-25: 1 flights
2026-01-17 09:28:16 | INFO     | [SUCCESS] LF Search Complete

============================================================
[Worker_9227] ✓ COMPLETED: GIZ-CAI
  Results: 8 dates
  Errors: 0 dates
  Total Processed: 36 groups
============================================================

2026-01-17 09:28:16 | INFO     | [Worker_9227] Completed: GIZ-CAI - 8 results, 0 errors

============================================================
[Worker_9227] Processing: CAI-JED
  Tier 0: Range 1, Chunk 2/3
  Dates: 8 days
  Date Range: 2026-02-01 to 2026-01-25
============================================================

2026-01-17 09:28:16 | INFO     | [Worker_9227] Processing: CAI-JED
2026-01-17 09:28:16 | INFO     |   Tier 0: Range 1, Chunk 2/3 (8 days)
2026-01-17 09:28:16 | INFO     | ======================================================================
2026-01-17 09:28:16 | INFO     | Load Factor Scraper Started - Route: CAI-JED
2026-01-17 09:28:16 | INFO     | Log file: D:\CODERED\LAB\Artifacts\outputs\run_generated_170126_at_08.47_RETRY\logs\LF_CAI-JED_20260117_092816.log
2026-01-17 09:28:16 | INFO     | Enhanced logging: Capturing both logging.info() and print()
2026-01-17 09:28:16 | INFO     | ======================================================================
[LF] Processing dates (override): ['01FEB', '31JAN', '30JAN', '29JAN', '28JAN', '27JAN', '26JAN', '25JAN']
[LF] Attaching to Chrome for Altea access
2026-01-17 09:28:16 | INFO     | Starting LF search for route: CAI-JED
2026-01-17 09:28:16 | INFO     | [START] LF Search
[LF][[OK] SUCCESS] Connected to Chrome on 127.0.0.1:9227 (after 1 attempts)
2026-01-17 09:28:17 | INFO     | [HEALTH CHECK] [OK] Chrome connection is healthy
[LF][[OK] SUCCESS] Found Amadeus Altea window: Altéa Reservation Desktop
[LF][[INFO] INFO] URL: https://tc212.resdesktop.altea.amadeus.com/app_ard/apf/init/login?SITE=ESMPESMP&LANGUAGE=GB&MARKETS=ARDW_PROD_WBP&ACTION=clpLogin
2026-01-17 09:28:17 | INFO     | [DAY_START] Processing 01FEB
[LF] Processing CAI-JED for 01FEB
2026-01-17 09:28:17 | INFO     | [lf.day.start] Processing CAI-JED for 01FEB
[LF] 01FEB: found 5 direct flights
2026-01-17 09:28:18 | INFO     | [lf.day.flights_found] Found 5 flights on 01FEB
2026-01-17 09:28:20 | INFO     | [lf.flight.extracted] SM475 on 01FEB: BKG=21, LF=11.9%
[LF] SM475 01FEB: BKG=21, GRP=0, CAP=176, LF%=11.9%, Brd-Off=CAI-JED, Classes: U:6, X:7, T:6, S:2
2026-01-17 09:28:23 | INFO     | [lf.flight.extracted] SM431 on 01FEB: BKG=14, LF=7.8%
[LF] SM431 01FEB: BKG=14, GRP=0, CAP=179, LF%=7.8%, Brd-Off=CAI-JED, Classes: X:13, T:1
2026-01-17 09:28:27 | INFO     | [lf.flight.extracted] SM459 on 01FEB: BKG=24, LF=13.4%
[LF] SM459 01FEB: BKG=24, GRP=0, CAP=179, LF%=13.4%, Brd-Off=CAI-JED, Classes: N:1, U:10, X:13
2026-01-17 09:28:30 | INFO     | [lf.flight.extracted] SM477 on 01FEB: BKG=35, LF=19.9%
[LF] SM477 01FEB: BKG=35, GRP=0, CAP=176, LF%=19.9%, Brd-Off=CAI-JED, Classes: U:10, X:13, T:12
2026-01-17 09:28:34 | INFO     | [lf.flight.extracted] SM479 on 01FEB: BKG=53, LF=29.6%
[LF] SM479 01FEB: BKG=53, GRP=25, CAP=179, LF%=29.6%, Brd-Off=CAI-JED, Classes: E:25, U:10, X:13, T:5
[LF] Getting WEEKLY/LASTSOLD data for 5 flights
[LF] SM475 01FEB: LASTSOLD=2026-01-16 00:00:00, WEEKLY=6, TODAY=0, YDAY=1
[LF] SM431 01FEB: LASTSOLD=2026-01-12 00:00:00, WEEKLY=1, TODAY=0, YDAY=0
[LF] SM459 01FEB: LASTSOLD=2026-01-10 00:00:00, WEEKLY=2, TODAY=0, YDAY=0
[LF] SM477 01FEB: LASTSOLD=2026-01-15 00:00:00, WEEKLY=4, TODAY=0, YDAY=0
[LF] SM479 01FEB: LASTSOLD=2026-01-15 00:00:00, WEEKLY=6, TODAY=0, YDAY=0
2026-01-17 09:28:48 | INFO     | [SUCCESS] Day 01FEB
2026-01-17 09:28:48 | INFO     | [DAY_START] Processing 31JAN
[LF] Processing CAI-JED for 31JAN
2026-01-17 09:28:48 | INFO     | [lf.day.start] Processing CAI-JED for 31JAN
[LF] 31JAN: found 4 direct flights
2026-01-17 09:28:49 | INFO     | [lf.day.flights_found] Found 4 flights on 31JAN
2026-01-17 09:28:51 | INFO     | [lf.flight.extracted] SM449 on 31JAN: BKG=102, LF=57.0%
[LF] SM449 31JAN: BKG=102, GRP=0, CAP=179, LF%=57.0%, Brd-Off=CAI-JED, Classes: U:10, X:40, T:21, W:15, S:7, G:9
2026-01-17 09:28:55 | INFO     | [lf.flight.extracted] SM475 on 31JAN: BKG=82, LF=45.8%
[LF] SM475 31JAN: BKG=82, GRP=45, CAP=179, LF%=45.8%, Brd-Off=CAI-JED, Classes: P:48, U:6, X:18, T:10
2026-01-17 09:28:58 | INFO     | [lf.flight.extracted] SM477 on 31JAN: BKG=69, LF=38.6%
[LF] SM477 31JAN: BKG=69, GRP=0, CAP=179, LF%=38.6%, Brd-Off=CAI-JED, Classes: U:6, X:44, T:18, S:1
2026-01-17 09:29:01 | INFO     | [lf.flight.extracted] SM423 on 31JAN: BKG=42, LF=23.5%
[LF] SM423 31JAN: BKG=42, GRP=0, CAP=179, LF%=23.5%, Brd-Off=CAI-JED, Classes: U:6, X:20, T:16
[LF] Getting WEEKLY/LASTSOLD data for 4 flights
[LF] SM449 31JAN: LASTSOLD=2026-01-16 00:00:00, WEEKLY=2, TODAY=0, YDAY=2
[LF] SM475 31JAN: LASTSOLD=2026-01-16 00:00:00, WEEKLY=12, TODAY=0, YDAY=1
[LF] SM477 31JAN: LASTSOLD=2026-01-16 00:00:00, WEEKLY=16, TODAY=0, YDAY=1
[LF] SM423 31JAN: LASTSOLD=2026-01-16 00:00:00, WEEKLY=17, TODAY=0, YDAY=3
2026-01-17 09:29:19 | INFO     | [SUCCESS] Day 31JAN
2026-01-17 09:29:19 | INFO     | [DAY_START] Processing 30JAN
[LF] Processing CAI-JED for 30JAN
2026-01-17 09:29:19 | INFO     | [lf.day.start] Processing CAI-JED for 30JAN
[LF] 30JAN: found 5 direct flights
2026-01-17 09:29:20 | INFO     | [lf.day.flights_found] Found 5 flights on 30JAN
2026-01-17 09:29:22 | INFO     | [lf.flight.extracted] SM475 on 30JAN: BKG=56, LF=31.3%
[LF] SM475 30JAN: BKG=56, GRP=4, CAP=179, LF%=31.3%, Brd-Off=CAI-JED, Classes: I:4, U:7, X:42, T:3
2026-01-17 09:29:26 | INFO     | [lf.flight.extracted] SM477 on 30JAN: BKG=40, LF=22.4%
[LF] SM477 30JAN: BKG=40, GRP=0, CAP=179, LF%=22.4%, Brd-Off=CAI-JED, Classes: U:6, X:31, T:2, W:1
2026-01-17 09:29:30 | INFO     | [lf.flight.extracted] SM479 on 30JAN: BKG=44, LF=24.6%
[LF] SM479 30JAN: BKG=44, GRP=0, CAP=179, LF%=24.6%, Brd-Off=CAI-JED, Classes: U:6, X:34, T:4
2026-01-17 09:29:33 | INFO     | [lf.flight.extracted] SM471 on 30JAN: BKG=57, LF=31.8%
[LF] SM471 30JAN: BKG=57, GRP=0, CAP=179, LF%=31.8%, Brd-Off=CAI-JED, Classes: U:8, X:39, T:10
2026-01-17 09:29:36 | INFO     | [lf.flight.extracted] SM459 on 30JAN: BKG=68, LF=38.0%
[LF] SM459 30JAN: BKG=68, GRP=0, CAP=179, LF%=38.0%, Brd-Off=CAI-JED, Classes: U:14, X:35, T:15, S:2, G:2
[LF] Getting WEEKLY/LASTSOLD data for 5 flights
[LF] SM475 30JAN: LASTSOLD=2026-01-16 00:00:00, WEEKLY=23, TODAY=0, YDAY=4
[LF] SM477 30JAN: LASTSOLD=2026-01-16 00:00:00, WEEKLY=24, TODAY=0, YDAY=3
[LF] SM479 30JAN: LASTSOLD=2026-01-15 00:00:00, WEEKLY=16, TODAY=0, YDAY=0
[LF] SM471 30JAN: LASTSOLD=2026-01-16 00:00:00, WEEKLY=34, TODAY=0, YDAY=8
[LF] SM459 30JAN: LASTSOLD=2026-01-17 00:00:00, WEEKLY=33, TODAY=2, YDAY=4
2026-01-17 09:29:55 | INFO     | [SUCCESS] Day 30JAN
2026-01-17 09:29:55 | INFO     | [DAY_START] Processing 29JAN
[LF] Processing CAI-JED for 29JAN
2026-01-17 09:29:55 | INFO     | [lf.day.start] Processing CAI-JED for 29JAN
[LF] 29JAN: found 6 direct flights
2026-01-17 09:29:56 | INFO     | [lf.day.flights_found] Found 6 flights on 29JAN
2026-01-17 09:29:57 | INFO     | [lf.flight.extracted] SM449 on 29JAN: BKG=62, LF=35.2%
[LF] SM449 29JAN: BKG=62, GRP=0, CAP=176, LF%=35.2%, Brd-Off=CAI-JED, Classes: U:6, X:49, T:6, K:1
2026-01-17 09:30:01 | INFO     | [lf.flight.extracted] SM475 on 29JAN: BKG=179, LF=100.0%
[LF] SM475 29JAN: BKG=179, GRP=160, CAP=179, LF%=100.0%, Brd-Off=CAI-JED, Classes: P:115, E:45, U:6, X:13
2026-01-17 09:30:04 | INFO     | [lf.flight.extracted] SM431 on 29JAN: BKG=119, LF=66.5%
[LF] SM431 29JAN: BKG=119, GRP=45, CAP=179, LF%=66.5%, Brd-Off=CAI-JED, Classes: P:45, X:50, T:24
2026-01-17 09:30:08 | INFO     | [lf.flight.extracted] SM477 on 29JAN: BKG=171, LF=95.5%
[LF] SM477 29JAN: BKG=171, GRP=115, CAP=179, LF%=95.5%, Brd-Off=CAI-JED, Classes: P:115, U:6, X:27, T:18, W:4, K:1
2026-01-17 09:30:12 | INFO     | [lf.flight.extracted] SM479 on 29JAN: BKG=179, LF=100.0%
[LF] SM479 29JAN: BKG=179, GRP=135, CAP=179, LF%=100.0%, Brd-Off=CAI-JED, Classes: P:135, U:14, X:28, T:2
2026-01-17 09:30:15 | INFO     | [lf.flight.extracted] SM423 on 29JAN: BKG=99, LF=56.2%
[LF] SM423 29JAN: BKG=99, GRP=25, CAP=176, LF%=56.2%, Brd-Off=CAI-JED, Classes: E:25, U:12, X:48, T:14
[LF] Getting WEEKLY/LASTSOLD data for 6 flights
[LF] SM449 29JAN: LASTSOLD=2026-01-16 00:00:00, WEEKLY=44, TODAY=0, YDAY=6
[LF] SM475 29JAN: LASTSOLD=2026-01-10 00:00:00, WEEKLY=1, TODAY=0, YDAY=0
[LF] SM431 29JAN: LASTSOLD=2026-01-16 00:00:00, WEEKLY=49, TODAY=0, YDAY=11
[LF] SM477 29JAN: LASTSOLD=2026-01-17 00:00:00, WEEKLY=36, TODAY=4, YDAY=12
[LF] SM479 29JAN: LASTSOLD=2026-01-05 00:00:00, WEEKLY=0, TODAY=0, YDAY=0
[LF] SM423 29JAN: LASTSOLD=2026-01-16 00:00:00, WEEKLY=38, TODAY=0, YDAY=8
2026-01-17 09:30:41 | INFO     | [SUCCESS] Day 29JAN
2026-01-17 09:30:41 | INFO     | [DAY_START] Processing 28JAN
[LF] Processing CAI-JED for 28JAN
2026-01-17 09:30:41 | INFO     | [lf.day.start] Processing CAI-JED for 28JAN
[LF] 28JAN: found 5 direct flights
2026-01-17 09:30:42 | INFO     | [lf.day.flights_found] Found 5 flights on 28JAN
2026-01-17 09:30:44 | INFO     | [lf.flight.extracted] SM423 on 28JAN: BKG=177, LF=98.9%
[LF] SM423 28JAN: BKG=177, GRP=90, CAP=179, LF%=98.9%, Brd-Off=CAI-JED, Classes: N:2, P:90, U:6, X:34, T:40, W:4, K:1
2026-01-17 09:30:47 | INFO     | [lf.flight.extracted] SM475 on 28JAN: BKG=178, LF=99.4%
[LF] SM475 28JAN: BKG=178, GRP=137, CAP=179, LF%=99.4%, Brd-Off=CAI-JED, Classes: P:137, U:6, X:26, T:4, W:5
2026-01-17 09:30:50 | INFO     | [lf.flight.extracted] SM459 on 28JAN: BKG=177, LF=98.9%
[LF] SM459 28JAN: BKG=177, GRP=135, CAP=179, LF%=98.9%, Brd-Off=CAI-JED, Classes: P:135, U:6, X:25, T:11
2026-01-17 09:30:53 | INFO     | [lf.flight.extracted] SM477 on 28JAN: BKG=179, LF=100.0%
[LF] SM477 28JAN: BKG=179, GRP=135, CAP=179, LF%=100.0%, Brd-Off=CAI-JED, Classes: P:135, U:6, X:27, T:10, K:1
2026-01-17 09:30:57 | INFO     | [lf.flight.extracted] SM471 on 28JAN: BKG=161, LF=89.9%
[LF] SM471 28JAN: BKG=161, GRP=90, CAP=179, LF%=89.9%, Brd-Off=CAI-JED, Classes: P:90, I:1, U:6, X:30, T:32, W:2
[LF] Getting WEEKLY/LASTSOLD data for 5 flights
[LF] SM423 28JAN: LASTSOLD=2026-01-17 00:00:00, WEEKLY=42, TODAY=4, YDAY=3
[LF] SM475 28JAN: LASTSOLD=2026-01-11 00:00:00, WEEKLY=5, TODAY=0, YDAY=0
[LF] SM459 28JAN: LASTSOLD=2026-01-10 00:00:00, WEEKLY=2, TODAY=0, YDAY=0
[LF] SM477 28JAN: LASTSOLD=2026-01-09 00:00:00, WEEKLY=0, TODAY=0, YDAY=0
[LF] SM471 28JAN: LASTSOLD=2026-01-17 00:00:00, WEEKLY=31, TODAY=1, YDAY=2
2026-01-17 09:31:16 | INFO     | [SUCCESS] Day 28JAN
2026-01-17 09:31:16 | INFO     | [DAY_START] Processing 27JAN
[LF] Processing CAI-JED for 27JAN
2026-01-17 09:31:16 | INFO     | [lf.day.start] Processing CAI-JED for 27JAN
[LF] 27JAN: found 5 direct flights
2026-01-17 09:31:17 | INFO     | [lf.day.flights_found] Found 5 flights on 27JAN
2026-01-17 09:31:18 | INFO     | [lf.flight.extracted] SM471 on 27JAN: BKG=176, LF=100.0%
[LF] SM471 27JAN: BKG=176, GRP=135, CAP=176, LF%=100.0%, Brd-Off=CAI-JED, Classes: P:45, E:90, U:6, X:8, T:17, W:9, S:1
2026-01-17 09:31:22 | INFO     | [lf.flight.extracted] SM477 on 27JAN: BKG=178, LF=99.4%
[LF] SM477 27JAN: BKG=178, GRP=135, CAP=179, LF%=99.4%, Brd-Off=CAI-JED, Classes: P:135, U:6, X:20, T:15, W:1, S:1
2026-01-17 09:31:25 | INFO     | [lf.flight.extracted] SM459 on 27JAN: BKG=159, LF=88.8%
[LF] SM459 27JAN: BKG=159, GRP=90, CAP=179, LF%=88.8%, Brd-Off=CAI-JED, Classes: N:3, P:90, U:6, X:30, T:15, W:10, S:5
2026-01-17 09:31:28 | INFO     | [lf.flight.extracted] SM423 on 27JAN: BKG=124, LF=69.3%
[LF] SM423 27JAN: BKG=124, GRP=90, CAP=179, LF%=69.3%, Brd-Off=CAI-JED, Classes: P:90, U:7, X:4, T:7, W:6, S:8, G:1, K:1
2026-01-17 09:31:31 | INFO     | [lf.flight.extracted] SM475 on 27JAN: BKG=179, LF=101.7%
[LF] SM475 27JAN: BKG=179, GRP=135, CAP=176, LF%=101.7%, Brd-Off=CAI-JED, Classes: P:135, U:5, X:33, T:6
[LF] Getting WEEKLY/LASTSOLD data for 5 flights
[LF] SM471 27JAN: LASTSOLD=2026-01-14 00:00:00, WEEKLY=4, TODAY=0, YDAY=0
[LF] SM477 27JAN: LASTSOLD=2026-01-16 00:00:00, WEEKLY=1, TODAY=0, YDAY=1
[LF] SM459 27JAN: LASTSOLD=2026-01-17 00:00:00, WEEKLY=25, TODAY=9, YDAY=16
[LF] SM423 27JAN: LASTSOLD=2026-01-17 00:00:00, WEEKLY=16, TODAY=3, YDAY=7
[LF] SM475 27JAN: LASTSOLD=2026-01-05 00:00:00, WEEKLY=0, TODAY=0, YDAY=0
2026-01-17 09:31:48 | INFO     | [SUCCESS] Day 27JAN
2026-01-17 09:31:48 | INFO     | [DAY_START] Processing 26JAN
[LF] Processing CAI-JED for 26JAN
2026-01-17 09:31:48 | INFO     | [lf.day.start] Processing CAI-JED for 26JAN
[LF] 26JAN: found 3 direct flights
2026-01-17 09:31:49 | INFO     | [lf.day.flights_found] Found 3 flights on 26JAN
2026-01-17 09:31:51 | INFO     | [lf.flight.extracted] SM475 on 26JAN: BKG=149, LF=83.2%
[LF] SM475 26JAN: BKG=149, GRP=90, CAP=179, LF%=83.2%, Brd-Off=CAI-JED, Classes: P:90, I:5, U:6, X:16, T:1, W:9, S:6, G:7, L:9
2026-01-17 09:31:54 | INFO     | [lf.flight.extracted] SM477 on 26JAN: BKG=179, LF=100.0%
[LF] SM477 26JAN: BKG=179, GRP=135, CAP=179, LF%=100.0%, Brd-Off=CAI-JED, Classes: P:135, U:9, X:19, W:14, L:2
2026-01-17 09:31:58 | INFO     | [lf.flight.extracted] SM459 on 26JAN: BKG=179, LF=100.0%
[LF] SM459 26JAN: BKG=179, GRP=90, CAP=179, LF%=100.0%, Brd-Off=CAI-JED, Classes: P:90, U:6, X:17, T:17, W:29, S:17, G:3
[LF] Getting WEEKLY/LASTSOLD data for 3 flights
[LF] SM475 26JAN: LASTSOLD=2026-01-16 00:00:00, WEEKLY=15, TODAY=0, YDAY=9
[LF] SM477 26JAN: LASTSOLD=2026-01-05 00:00:00, WEEKLY=0, TODAY=0, YDAY=0
[LF] SM459 26JAN: LASTSOLD=2026-01-14 00:00:00, WEEKLY=26, TODAY=0, YDAY=0
2026-01-17 09:32:10 | INFO     | [SUCCESS] Day 26JAN
2026-01-17 09:32:10 | INFO     | [DAY_START] Processing 25JAN
[LF] Processing CAI-JED for 25JAN
2026-01-17 09:32:10 | INFO     | [lf.day.start] Processing CAI-JED for 25JAN
[LF] 25JAN: found 6 direct flights
2026-01-17 09:32:11 | INFO     | [lf.day.flights_found] Found 6 flights on 25JAN
2026-01-17 09:32:13 | INFO     | [lf.flight.extracted] SM475 on 25JAN: BKG=174, LF=97.2%
[LF] SM475 25JAN: BKG=174, GRP=90, CAP=179, LF%=97.2%, Brd-Off=CAI-JED, Classes: P:90, U:6, X:6, T:2, W:43, S:20, G:5, L:1, K:1
2026-01-17 09:32:17 | INFO     | [lf.flight.extracted] SM431 on 25JAN: BKG=179, LF=100.0%
[LF] SM431 25JAN: BKG=179, GRP=175, CAP=179, LF%=100.0%, Brd-Off=CAI-JED, Classes: P:85, E:90, X:4
2026-01-17 09:32:20 | INFO     | [lf.flight.extracted] SM459 on 25JAN: BKG=179, LF=100.0%
[LF] SM459 25JAN: BKG=179, GRP=90, CAP=179, LF%=100.0%, Brd-Off=CAI-JED, Classes: N:4, P:90, U:6, X:11, T:20, W:47, L:1
2026-01-17 09:32:23 | INFO     | [lf.flight.extracted] SM477 on 25JAN: BKG=144, LF=80.5%
[LF] SM477 25JAN: BKG=144, GRP=90, CAP=179, LF%=80.5%, Brd-Off=CAI-JED, Classes: P:90, U:6, X:7, T:5, W:24, S:12
2026-01-17 09:32:26 | INFO     | [lf.flight.extracted] SM479 on 25JAN: BKG=179, LF=100.0%
[LF] SM479 25JAN: BKG=179, GRP=85, CAP=179, LF%=100.0%, Brd-Off=CAI-JED, Classes: P:85, U:4, X:7, T:5, W:30, S:25, G:16, L:1, K:6
2026-01-17 09:32:30 | INFO     | [lf.flight.extracted] SM951 on 25JAN: BKG=179, LF=100.0%
[LF] SM951 25JAN: BKG=179, GRP=135, CAP=179, LF%=100.0%, Brd-Off=CAI-JED, Classes: P:135, S:20, G:10, L:14
[LF] Getting WEEKLY/LASTSOLD data for 6 flights
[LF] SM475 25JAN: LASTSOLD=2026-01-16 00:00:00, WEEKLY=41, TODAY=0, YDAY=3
[LF] SM431 25JAN: LASTSOLD=2025-12-25 00:00:00, WEEKLY=0, TODAY=0, YDAY=0
[LF] SM459 25JAN: LASTSOLD=2026-01-11 00:00:00, WEEKLY=2, TODAY=0, YDAY=0
[LF] SM477 25JAN: LASTSOLD=2026-01-12 00:00:00, WEEKLY=11, TODAY=0, YDAY=0
[LF] SM479 25JAN: LASTSOLD=2026-01-16 00:00:00, WEEKLY=40, TODAY=0, YDAY=7
[LF] SM951 25JAN: LASTSOLD=2026-01-16 00:00:00, WEEKLY=44, TODAY=0, YDAY=13
2026-01-17 09:32:52 | INFO     | [SUCCESS] Day 25JAN
[LF] Results summary:
  2026-02-01: 5 flights
  2026-01-31: 4 flights
  2026-01-30: 5 flights
  2026-01-29: 6 flights
  2026-01-28: 5 flights
  2026-01-27: 5 flights
  2026-01-26: 3 flights
  2026-01-25: 6 flights
2026-01-17 09:32:52 | INFO     | [SUCCESS] LF Search Complete

============================================================
[Worker_9227] ✓ COMPLETED: CAI-JED
  Results: 8 dates
  Errors: 0 dates
  Total Processed: 37 groups
============================================================

2026-01-17 09:32:52 | INFO     | [Worker_9227] Completed: CAI-JED - 8 results, 0 errors

============================================================
[Worker_9227] Processing: ATZ-JED
  Tier 0: Range 1, Chunk 3/3
  Dates: 8 days
  Date Range: 2026-01-24 to 2026-01-17
============================================================

2026-01-17 09:32:52 | INFO     | [Worker_9227] Processing: ATZ-JED
2026-01-17 09:32:52 | INFO     |   Tier 0: Range 1, Chunk 3/3 (8 days)
2026-01-17 09:32:52 | INFO     | ======================================================================
2026-01-17 09:32:52 | INFO     | Load Factor Scraper Started - Route: ATZ-JED
2026-01-17 09:32:52 | INFO     | Log file: D:\CODERED\LAB\Artifacts\outputs\run_generated_170126_at_08.47_RETRY\logs\LF_ATZ-JED_20260117_093252.log
2026-01-17 09:32:52 | INFO     | Enhanced logging: Capturing both logging.info() and print()
2026-01-17 09:32:52 | INFO     | ======================================================================
[LF] Processing dates (override): ['24JAN', '23JAN', '22JAN', '21JAN', '20JAN', '19JAN', '18JAN', '17JAN']
[LF] Attaching to Chrome for Altea access
2026-01-17 09:32:52 | INFO     | Starting LF search for route: ATZ-JED
2026-01-17 09:32:52 | INFO     | [START] LF Search
[LF][[OK] SUCCESS] Connected to Chrome on 127.0.0.1:9227 (after 1 attempts)
2026-01-17 09:32:53 | INFO     | [HEALTH CHECK] [OK] Chrome connection is healthy
[LF][[OK] SUCCESS] Found Amadeus Altea window: Altéa Reservation Desktop
[LF][[INFO] INFO] URL: https://tc212.resdesktop.altea.amadeus.com/app_ard/apf/init/login?SITE=ESMPESMP&LANGUAGE=GB&MARKETS=ARDW_PROD_WBP&ACTION=clpLogin
2026-01-17 09:32:53 | INFO     | [DAY_START] Processing 24JAN
[LF] Processing ATZ-JED for 24JAN
2026-01-17 09:32:53 | INFO     | [lf.day.start] Processing ATZ-JED for 24JAN
[LF] 24JAN: found 4 direct flights
2026-01-17 09:32:54 | INFO     | [lf.day.flights_found] Found 4 flights on 24JAN
2026-01-17 09:32:56 | INFO     | [lf.flight.extracted] SM491 on 24JAN: BKG=179, LF=100.0%
[LF] SM491 24JAN: BKG=179, GRP=135, CAP=179, LF%=100.0%, Brd-Off=ATZ-JED, Classes: P:90, E:45, I:4, O:5, U:10, X:20, T:5
2026-01-17 09:33:00 | INFO     | [lf.flight.extracted] SM453 on 24JAN: BKG=179, LF=100.0%
[LF] SM453 24JAN: BKG=179, GRP=135, CAP=179, LF%=100.0%, Brd-Off=ATZ-JED, Classes: P:90, E:45, X:4, T:4, W:7, S:11, G:10, L:8
2026-01-17 09:33:03 | INFO     | [lf.flight.extracted] SM957 on 24JAN: BKG=180, LF=100.6%
[LF] SM957 24JAN: BKG=180, GRP=180, CAP=179, LF%=100.6%, Brd-Off=ATZ-JED, Classes: P:180
2026-01-17 09:33:06 | INFO     | [lf.flight.extracted] SM455 on 24JAN: BKG=179, LF=100.0%
[LF] SM455 24JAN: BKG=179, GRP=140, CAP=179, LF%=100.0%, Brd-Off=ATZ-JED, Classes: P:140, X:4, T:4, W:7, S:12, G:9, L:3
[LF] Getting WEEKLY/LASTSOLD data for 4 flights
[LF] SM491 24JAN: LASTSOLD=2026-01-17 00:00:00, WEEKLY=42, TODAY=9, YDAY=2
[LF] SM453 24JAN: LASTSOLD=2026-01-15 00:00:00, WEEKLY=10, TODAY=0, YDAY=0
[LF] SM957 24JAN: LASTSOLD=2025-12-31 00:00:00, WEEKLY=0, TODAY=0, YDAY=0
[LF] SM455 24JAN: LASTSOLD=2026-01-14 00:00:00, WEEKLY=6, TODAY=0, YDAY=0
2026-01-17 09:33:18 | INFO     | [SUCCESS] Day 24JAN
2026-01-17 09:33:18 | INFO     | [DAY_START] Processing 23JAN
[LF] Processing ATZ-JED for 23JAN
2026-01-17 09:33:18 | INFO     | [lf.day.start] Processing ATZ-JED for 23JAN
[LF] 23JAN: found 2 direct flights
2026-01-17 09:33:19 | INFO     | [lf.day.flights_found] Found 2 flights on 23JAN
2026-01-17 09:33:21 | INFO     | [lf.flight.extracted] SM491 on 23JAN: BKG=167, LF=93.3%
[LF] SM491 23JAN: BKG=167, GRP=95, CAP=179, LF%=93.3%, Brd-Off=ATZ-JED, Classes: P:95, X:10, T:9, W:8, S:12, G:11, L:10, V:10, K:2
2026-01-17 09:33:24 | INFO     | [lf.flight.extracted] SM955 on 23JAN: BKG=179, LF=100.0%
[LF] SM955 23JAN: BKG=179, GRP=135, CAP=179, LF%=100.0%, Brd-Off=ATZ-JED, Classes: P:135, I:5, O:5, U:5, X:5, T:5, W:3, S:7, G:5, L:4
[LF] Getting WEEKLY/LASTSOLD data for 2 flights
[LF] SM491 23JAN: LASTSOLD=2026-01-16 00:00:00, WEEKLY=29, TODAY=0, YDAY=1
[LF] SM955 23JAN: LASTSOLD=2026-01-13 00:00:00, WEEKLY=44, TODAY=0, YDAY=0
2026-01-17 09:33:32 | INFO     | [SUCCESS] Day 23JAN
2026-01-17 09:33:32 | INFO     | [DAY_START] Processing 22JAN
[LF] Processing ATZ-JED for 22JAN
2026-01-17 09:33:32 | INFO     | [lf.day.start] Processing ATZ-JED for 22JAN
[LF] 22JAN: found 3 direct flights
2026-01-17 09:33:33 | INFO     | [lf.day.flights_found] Found 3 flights on 22JAN
2026-01-17 09:33:35 | INFO     | [lf.flight.extracted] SM963 on 22JAN: BKG=179, LF=100.0%
[LF] SM963 22JAN: BKG=179, GRP=135, CAP=179, LF%=100.0%, Brd-Off=ATZ-JED, Classes: P:135, X:10, T:10, W:10, S:13, K:1
2026-01-17 09:33:39 | INFO     | [lf.flight.extracted] SM453 on 22JAN: BKG=178, LF=99.4%
[LF] SM453 22JAN: BKG=178, GRP=90, CAP=179, LF%=99.4%, Brd-Off=ATZ-JED, Classes: P:90, X:4, T:4, W:22, S:30, G:22, K:6
2026-01-17 09:33:42 | INFO     | [lf.flight.extracted] SM455 on 22JAN: BKG=176, LF=98.3%
[LF] SM455 22JAN: BKG=176, GRP=90, CAP=179, LF%=98.3%, Brd-Off=ATZ-JED, Classes: P:90, X:4, T:4, W:7, S:12, G:50, L:6, K:3
[LF] Getting WEEKLY/LASTSOLD data for 3 flights
[LF] SM963 22JAN: LASTSOLD=2026-01-03 00:00:00, WEEKLY=0, TODAY=0, YDAY=0
[LF] SM453 22JAN: LASTSOLD=2026-01-13 00:00:00, WEEKLY=33, TODAY=0, YDAY=0
[LF] SM455 22JAN: LASTSOLD=2026-01-17 00:00:00, WEEKLY=54, TODAY=1, YDAY=19
2026-01-17 09:33:56 | INFO     | [SUCCESS] Day 22JAN
2026-01-17 09:33:56 | INFO     | [DAY_START] Processing 21JAN
[LF] Processing ATZ-JED for 21JAN
2026-01-17 09:33:56 | INFO     | [lf.day.start] Processing ATZ-JED for 21JAN
[LF] 21JAN: found 3 direct flights
2026-01-17 09:33:57 | INFO     | [lf.day.flights_found] Found 3 flights on 21JAN
2026-01-17 09:33:59 | INFO     | [lf.flight.extracted] SM453 on 21JAN: BKG=179, LF=100.0%
[LF] SM453 21JAN: BKG=179, GRP=168, CAP=179, LF%=100.0%, Brd-Off=ATZ-JED, Classes: P:135, E:33, X:6, T:3, S:2
2026-01-17 09:34:03 | INFO     | [lf.flight.extracted] SM491 on 21JAN: BKG=180, LF=100.6%
[LF] SM491 21JAN: BKG=180, GRP=180, CAP=179, LF%=100.6%, Brd-Off=ATZ-JED, Classes: P:180
2026-01-17 09:34:06 | INFO     | [lf.flight.extracted] SM421 on 21JAN: BKG=180, LF=100.6%
[LF] SM421 21JAN: BKG=180, GRP=180, CAP=179, LF%=100.6%, Brd-Off=ATZ-JED, Classes: P:180
[LF] Getting WEEKLY/LASTSOLD data for 3 flights
[LF] SM453 21JAN: LASTSOLD=2025-12-24 00:00:00, WEEKLY=0, TODAY=0, YDAY=0
[LF] SM491 21JAN: LASTSOLD=2025-12-24 00:00:00, WEEKLY=0, TODAY=0, YDAY=0
[LF] SM421 21JAN: LASTSOLD=2026-01-16 00:00:00, WEEKLY=10, TODAY=0, YDAY=2
2026-01-17 09:34:14 | INFO     | [SUCCESS] Day 21JAN
2026-01-17 09:34:14 | INFO     | [DAY_START] Processing 20JAN
[LF] Processing ATZ-JED for 20JAN
2026-01-17 09:34:14 | INFO     | [lf.day.start] Processing ATZ-JED for 20JAN
[LF] 20JAN: found 2 direct flights
2026-01-17 09:34:15 | INFO     | [lf.day.flights_found] Found 2 flights on 20JAN
2026-01-17 09:34:17 | INFO     | [lf.flight.extracted] SM453 on 20JAN: BKG=179, LF=100.0%
[LF] SM453 20JAN: BKG=179, GRP=138, CAP=179, LF%=100.0%, Brd-Off=ATZ-JED, Classes: P:138, X:10, T:10, W:18, K:3
2026-01-17 09:34:20 | INFO     | [lf.flight.extracted] SM455 on 20JAN: BKG=179, LF=100.0%
[LF] SM455 20JAN: BKG=179, GRP=95, CAP=179, LF%=100.0%, Brd-Off=ATZ-JED, Classes: P:95, I:14, X:11, T:13, W:17, S:19, G:7, K:3
[LF] Getting WEEKLY/LASTSOLD data for 2 flights
[LF] SM453 20JAN: LASTSOLD=2026-01-14 00:00:00, WEEKLY=11, TODAY=0, YDAY=0
[LF] SM455 20JAN: LASTSOLD=2026-01-15 00:00:00, WEEKLY=42, TODAY=0, YDAY=0
2026-01-17 09:34:30 | INFO     | [SUCCESS] Day 20JAN
2026-01-17 09:34:30 | INFO     | [DAY_START] Processing 19JAN
[LF] Processing ATZ-JED for 19JAN
2026-01-17 09:34:30 | INFO     | [lf.day.start] Processing ATZ-JED for 19JAN
[LF] 19JAN: found 4 direct flights
2026-01-17 09:34:31 | INFO     | [lf.day.flights_found] Found 4 flights on 19JAN
2026-01-17 09:34:34 | INFO     | [lf.flight.extracted] SM491 on 19JAN: BKG=179, LF=100.0%
[LF] SM491 19JAN: BKG=179, GRP=90, CAP=179, LF%=100.0%, Brd-Off=ATZ-JED, Classes: P:90, I:8, O:8, U:15, X:17, T:15, W:15, S:4, G:4, L:2, K:1
2026-01-17 09:34:37 | INFO     | [lf.flight.extracted] SM455 on 19JAN: BKG=179, LF=100.0%
[LF] SM455 19JAN: BKG=179, GRP=90, CAP=179, LF%=100.0%, Brd-Off=ATZ-JED, Classes: P:90, O:20, U:20, X:30, T:18, S:1
2026-01-17 09:34:41 | INFO     | [lf.flight.extracted] SM421 on 19JAN: BKG=179, LF=100.0%
[LF] SM421 19JAN: BKG=179, GRP=90, CAP=179, LF%=100.0%, Brd-Off=ATZ-JED, Classes: P:90, U:31, X:31, T:13, W:8, K:6
2026-01-17 09:34:45 | INFO     | [lf.flight.extracted] SM453 on 19JAN: BKG=180, LF=100.6%
[LF] SM453 19JAN: BKG=180, GRP=175, CAP=179, LF%=100.6%, Brd-Off=ATZ-JED, Classes: P:175, X:4, T:1
[LF] Getting WEEKLY/LASTSOLD data for 4 flights
[LF] SM491 19JAN: LASTSOLD=2026-01-17 00:00:00, WEEKLY=31, TODAY=1, YDAY=1
[LF] SM455 19JAN: LASTSOLD=2026-01-15 00:00:00, WEEKLY=9, TODAY=0, YDAY=0
[LF] SM421 19JAN: LASTSOLD=2026-01-17 00:00:00, WEEKLY=22, TODAY=3, YDAY=7
[LF] SM453 19JAN: LASTSOLD=2025-12-21 00:00:00, WEEKLY=0, TODAY=0, YDAY=0
2026-01-17 09:35:04 | INFO     | [SUCCESS] Day 19JAN
2026-01-17 09:35:04 | INFO     | [DAY_START] Processing 18JAN
[LF] Processing ATZ-JED for 18JAN
2026-01-17 09:35:04 | INFO     | [lf.day.start] Processing ATZ-JED for 18JAN
[LF] 18JAN: found 2 direct flights
2026-01-17 09:35:05 | INFO     | [lf.day.flights_found] Found 2 flights on 18JAN
2026-01-17 09:35:07 | INFO     | [lf.flight.extracted] SM491 on 18JAN: BKG=179, LF=100.0%
[LF] SM491 18JAN: BKG=179, GRP=136, CAP=179, LF%=100.0%, Brd-Off=ATZ-JED, Classes: P:136, X:15, T:9, W:7, S:9, G:3
2026-01-17 09:35:10 | INFO     | [lf.flight.extracted] SM455 on 18JAN: BKG=179, LF=100.0%
[LF] SM455 18JAN: BKG=179, GRP=0, CAP=179, LF%=100.0%, Brd-Off=ATZ-JED, Classes: X:30, T:29, W:30, S:29, G:42, L:19
[LPC] SM455 18JAN: Found 0 outbound flights with connecting passengers
[LF] Getting WEEKLY/LASTSOLD data for 2 flights
[LF] SM491 18JAN: LASTSOLD=2026-01-16 00:00:00, WEEKLY=31, TODAY=0, YDAY=8
[LF] SM455 18JAN: WEEKLY=99 → LP/T MANDATORY
[DEBUG] SM455 18JAN: Match #1: HK 15JAN | Line: 001  03ABDELAAL/ABDELHAD          	75MYG9 L  HK 15JAN CAISM0130
[DEBUG] SM455 18JAN: Match #2: HK 15JAN | Line: 002  03ABDELAAL/ABDELRAH          	75MYG9 L  HK 15JAN CAISM0130
[DEBUG] SM455 18JAN: Match #3: HK 14JAN | Line: 003  02ABDELAZIM ALI/AIS          	9J8RE6 L  HK 14JAN CAISM07TP
[DEBUG] SM455 18JAN: Match #4: HK 15JAN | Line: 004  01ABDELKADER/MAHMOU          	77YBGY L  HK 15JAN RUHAA28WH
[DEBUG] SM455 18JAN: Match #5: HK 15JAN | Line: 005  01ABDELMONEIM/MOHAM          	7AYH66 L  HK 15JAN JEDSM07TP
[DEBUG] SM455 18JAN: Match #6: HK 16JAN | Line: 006  03ABDELREHIM/AAMAL           	7LSSZN L  HK 16JAN JEDS228MR
[DEBUG] SM455 18JAN: DUPLICATE #1: 001 HK 15JAN | Skipping
[DEBUG] SM455 18JAN: DUPLICATE #2: 002 HK 15JAN | Skipping
[DEBUG] SM455 18JAN: DUPLICATE #3: 003 HK 14JAN | Skipping
[DEBUG] SM455 18JAN: DUPLICATE #4: 004 HK 15JAN | Skipping
[DEBUG] SM455 18JAN: DUPLICATE #5: 005 HK 15JAN | Skipping
[DEBUG] SM455 18JAN: DUPLICATE #6: 006 HK 16JAN | Skipping
[DEBUG] SM455 18JAN: Match #7: HK 16JAN | Line: 007  03AHMED/YOUSSEF MR           	7LSSZN L  HK 16JAN JEDS228MR
[DEBUG] SM455 18JAN: Match #8: HK 15JAN | Line: 008  01EISSA/SALEH EISSA          	79UN9P L  HK 15JAN YNBS222Z8
[DEBUG] SM455 18JAN: Match #9: HK 15JAN | Line: 009  01FOULY/GAMAL FAROU          	9ZRY72 L  HK 15JAN QCAS22187
[DEBUG] SM455 18JAN: Match #10: HK 15JAN | Line: 010  01HANADI/MOHAMEDMAG          	74CH4Z L  HK 15JAN HDQXY
[DEBUG] SM455 18JAN: Match #11: HK 15JAN | Line: 011  01HASSAN/MOHAMED EL          	75RQB3 L  HK 15JAN CAISM07TP
[DEBUG] SM455 18JAN: Match #12: HK 15JAN | Line: 012  03HASSAN/SARRA MRS           	75MYG9 L  HK 15JAN CAISM0130
[DEBUG] SM455 18JAN: Match #13: HK 16JAN | Line: 013  03HILALLY/YARA MS            	7LSSZN L  HK 16JAN JEDS228MR
[DEBUG] SM455 18JAN: Match #14: HK 15JAN | Line: 014  01MAHMOUD/ABDELMOEZ          	75GOVP L  HK 15JAN YNBS228B6
[DEBUG] SM455 18JAN: Match #15: HK 16JAN | Line: 015  01METWALI/ABDELHAKI          	7KHV9C L  HK 16JAN RUHAA28WH
[DEBUG] SM455 18JAN: Match #16: HK 15JAN | Line: 016  01SALEH/SAFAA GABR           	75OUXM L  HK 15JAN CAIEG26E8
[DEBUG] SM455 18JAN: Match #17: HK 14JAN | Line: 017  02SAYED MOHAMED/MOH          	9J8RE6 L  HK 14JAN CAISM07TP
[DEBUG] SM455 18JAN: Match #18: HK 15JAN | Line: 018  01SHARMOUKH/AHMED M          	739KKB L  HK 15JAN RUHS228ZW
[DEBUG] SM455 18JAN: Match #19: HK 15JAN | Line: 019  01SWELAM/RADY MR             	78K4KA L  HK 15JAN CAIEG28IW
[DEBUG] SM455 18JAN: Match #20: HK 14JAN | Line: 020  02ABDELAAL/YOUNES M          	9O2K5E G  HK 14JAN CAISM07NI
[DEBUG] SM455 18JAN: Match #21: HK 13JAN | Line: 021  01ABDELHADY/MOHAMED          	9727MC G  HK 13JAN RUHAA28WH
[DEBUG] SM455 18JAN: Match #22: HK 14JAN | Line: 022  01ABDELHAFIZ/AHMED           	9QO6IN G  HK 14JAN RUHAA28WH
[DEBUG] SM455 18JAN: Match #23: HK 14JAN | Line: 023  01ABDELMONEM/ALAA            	9Q7JA7 G  HK 14JAN RUHS228YD
[DEBUG] SM455 18JAN: Match #24: HK 13JAN | Line: 024  02ABDELRAHIM ALI/GO          	9AXN2C G  HK 13JAN ISTSM07TP
[DEBUG] SM455 18JAN: Match #25: HK 14JAN | Line: 025  01ADAM/ELSABBAH SAB          	9OWU8T G  HK 14JAN CAIEG23G0
[DEBUG] SM455 18JAN: Match #26: HK 14JAN | Line: 027  04AHMED/KHADRA MOHA          	9QDS4T G  HK 14JAN CAIEG260G
[DEBUG] SM455 18JAN: Match #27: HK 14JAN | Line: 028  01AHMED/SAMEH MOHAM          	9M4UMM G  HK 14JAN CAIEG2583
[DEBUG] SM455 18JAN: Match #28: HK 14JAN | Line: 029  01AHMED/SARA S               	9M8H99 G  HK 14JAN RUHAA28WH
[DEBUG] SM455 18JAN: Match #29: HK 13JAN | Line: 030  01AKL/GABER                  	99KPAU G  HK 13JAN RUHAA28WH
[DEBUG] SM455 18JAN: Match #30: HK 13JAN | Line: 031  01ALLAM/AYMAN M              	98D8FC G  HK 13JAN RUHAA28WH
[DEBUG] SM455 18JAN: Match #31: HK 14JAN | Line: 032  01AMIN/AHMED M               	9HMFR7 G  HK 14JAN KWIKT28MF
[DEBUG] SM455 18JAN: Match #32: HK 14JAN | Line: 033  02AMIN/SHAIMAA MRS           	9O2K5E G  HK 14JAN CAISM07NI
[DEBUG] SM455 18JAN: Match #33: HK 15JAN | Line: 034  01ATTALLA/SALEH MOH          	78R2ZZ G  HK 15JAN JEDSM07TP
[DEBUG] SM455 18JAN: Match #34: HK 15JAN | Line: 035  01BADAWY/ALAA                	745DYC G  HK 15JAN RUHS228YD
[DEBUG] SM455 18JAN: Match #35: HK 14JAN | Line: 036  04DAIFALLA/OMAR KHA          	9QDS4T G  HK 14JAN CAIEG260G
[DEBUG] SM455 18JAN: Match #36: HK 15JAN | Line: 037  01ELSAGHIR/FARES MR          	76BNIY G  HK 15JAN CAIEG3748
[DEBUG] SM455 18JAN: Match #37: HK 15JAN | Line: 038  02ELSAMMAN/KHEIAMY           	ZTKF3L G  HK 15JAN DXBAD33RD
[DEBUG] SM455 18JAN: Match #38: HK 14JAN | Line: 039  01FADEL/SANAA MOHAM          	9O93O8 G  HK 14JAN RUHS22125
[DEBUG] SM455 18JAN: Match #39: HK 14JAN | Line: 041  04HASSAN/DONIA MOHA          	9QDS4T G  HK 14JAN CAIEG260G
[DEBUG] SM455 18JAN: Match #40: HK 14JAN | Line: 042  04HASSAN/KHATTAB HA          	9QDS4T G  HK 14JAN CAIEG260G
[DEBUG] SM455 18JAN: Match #41: HK 13JAN | Line: 043  01HASSAN/SAHAR H             	986Q24 G  HK 13JAN RUHAA28WH
[DEBUG] SM455 18JAN: Match #42: HK 14JAN | Line: 044  01HASSAN/WARDANY MR          	9QRM6B G  HK 14JAN JEDSM07TP
[DEBUG] SM455 18JAN: Match #43: HK 14JAN | Line: 047  01ISMAIL/HEBA SABER          	9LH8VZ G  HK 14JAN RUHAA28WH
[DEBUG] SM455 18JAN: Match #44: HK 14JAN | Line: 049  01MAHMOUD/ALY HASSA          	9N9NR7 G  HK 14JAN HMBSM0100
[DEBUG] SM455 18JAN: Match #45: HK 14JAN | Line: 050  01MOHAMED/AHMED              	75QU8Q G  HK 14JAN CAIEG28FF
[DEBUG] SM455 18JAN: Match #46: HK 14JAN | Line: 051  01MOHAMED/EMAN ABDA          	9OUHYY G  HK 14JAN CAIEG28FF
[DEBUG] SM455 18JAN: Match #47: HK 14JAN | Line: 052  01MOHAMMED/EILAF I           	9OSZYV G  HK 14JAN RUHAA28WH
[DEBUG] SM455 18JAN: Match #48: HK 16JAN | Line: 053  01MOUSSA/KELIEB MOH          	7P5ESB G  HK 16JAN CAIEG3520
[DEBUG] SM455 18JAN: Match #49: HK 14JAN | Line: 054  01NAGDY/AHMED MR             	9KKEZR G  HK 14JAN JEDSM08AA
[DEBUG] SM455 18JAN: Match #50: HK 14JAN | Line: 055  01OMAR/HANIN MOHAME          	ZFZSQV G  HK 14JAN CPHSG34AA
[DEBUG] SM455 18JAN: Match #51: HK 13JAN | Line: 056  02ORABI AHMED/MANAL          	9AXN2C G  HK 13JAN ISTSM07TP
[DEBUG] SM455 18JAN: Match #52: HK 15JAN | Line: 057  02OSMAN/ARZAK MR             	ZTKF3L G  HK 15JAN DXBAD33RD
[DEBUG] SM455 18JAN: Match #53: HK 15JAN | Line: 058  01SAAD HUSSEIN/MOHA          	72MSRO G  HK 15JAN CAISM07TP
[DEBUG] SM455 18JAN: Match #54: HK 14JAN | Line: 060  01SEDIK/MOHAMED              	9RRJMB G  HK 14JAN RUHAA28WH
[DEBUG] SM455 18JAN: Match #55: HK 13JAN | Line: 063  03ABDALLA/AISEL AHM          	98WTH8 S  HK 13JAN YNBS222Z8
[DEBUG] SM455 18JAN: Match #56: HK 13JAN | Line: 070  01AHMED/NASHWA M             	95FNLK S  HK 13JAN RUHAA28WH
[DEBUG] SM455 18JAN: Match #57: HK 12JAN | Line: 071  02ALI/HAGER ALI MS           	8QROVA S  HK 12JAN RUHS228ZW
[DEBUG] SM455 18JAN: Match #58: HK 13JAN | Line: 072  01DAHESH/AHMED HASH          	97TWES S  HK 13JAN JEDSM07TP
[DEBUG] SM455 18JAN: Match #59: HK 13JAN | Line: 073  01ELGALES/KHALAF             	99RPIQ S  HK 13JAN RUHS228YD
[DEBUG] SM455 18JAN: Match #60: HK 12JAN | Line: 074  01ELSAYED/ALAA MR            	YGTA9L S  HK 12JAN CPHSG34AA
[DEBUG] SM455 18JAN: Match #61: HK 13JAN | Line: 075  01FARGHALY/MOHAMED           	98ISY3 S  HK 13JAN QSUSM0100
[DEBUG] SM455 18JAN: Match #62: HK 12JAN | Line: 076  01HASSAN/IHSAN A             	8QPZ7E S  HK 12JAN RUHAA28WH
[DEBUG] SM455 18JAN: Match #63: HK 13JAN | Line: 077  01IBRAHIM/MAHROUS M          	94Y4V9 S  HK 13JAN RUHAK38AB
[DEBUG] SM455 18JAN: Match #64: HK 13JAN | Line: 078  01KHALIL/IBRAHIM             	97WVUE S  HK 13JAN RUHS228YD
[DEBUG] SM455 18JAN: Match #65: HK 13JAN | Line: 080  03MANSOUR/MANAR MAN          	98WTH8 S  HK 13JAN YNBS222Z8
[DEBUG] SM455 18JAN: Match #66: HK 10JAN | Line: 081  01MASRAWY/MOHAMED M          	7POQPU S  HK 10JAN RUHAK38AB
[DEBUG] SM455 18JAN: Match #67: HK 13JAN | Line: 083  01MOHAMED/DUAA MRS           	9ABYPS S  HK 13JAN JEDSM08AA
[DEBUG] SM455 18JAN: Match #68: HK 12JAN | Line: 086  01MOUSTAFA/ISLAM A           	8NKKE8 S  HK 12JAN RUHAA28WH
[DEBUG] SM455 18JAN: Match #69: HK 13JAN | Line: 087  01OSMAN/ALI MR               	977ZMA S  HK 13JAN TIFS22102
[DEBUG] SM455 18JAN: Match #70: HK 13JAN | Line: 088  01SHAKER/KARIM               	959SB9 S  HK 13JAN CAIEG28FF
[DEBUG] SM455 18JAN: Match #71: HK 12JAN | Line: 089  02SHEHATA/BADRIA AH          	8QROVA S  HK 12JAN RUHS228ZW
[DEBUG] SM455 18JAN: Match #72: HK 13JAN | Line: 090  03SOLIMAN/WAFAA KAM          	98WTH8 S  HK 13JAN YNBS222Z8
[DEBUG] SM455 18JAN: Match #73: HK 12JAN | Line: 092  01ABDELAAL/ANTAR             	8PAZ8F W  HK 12JAN HMBSM0100
[DEBUG] SM455 18JAN: Match #74: HK 12JAN | Line: 093  01ABDELHADY/HUSSEIN          	8M66WT W  HK 12JAN TIFS2222K
[DEBUG] SM455 18JAN: Match #75: HK 12JAN | Line: 094  01ABDELKARIM/AHMED           	8MAGGA W  HK 12JAN CAISM08AA
[DEBUG] SM455 18JAN: Match #76: HK 10JAN | Line: 098  04AHMED/BASSMA               	7LIX9C W  HK 10JAN RUHAA28WH
[DEBUG] SM455 18JAN: Match #77: HK 13JAN | Line: 099  01AHMED/FAHD MR              	95XK3X W  HK 13JAN CAISM07NI
[DEBUG] SM455 18JAN: Match #78: HK 10JAN | Line: 100  04AHMED/FATMA                	7LIX9C W  HK 10JAN RUHAA28WH
[DEBUG] SM455 18JAN: Match #79: HK 11JAN | Line: 101  01AHMED/HAMADA AKAR          	838NTM W  HK 11JAN CAIEG3578
[DEBUG] SM455 18JAN: Match #80: HK 12JAN | Line: 102  01AHMED/KHALED               	8MUQ7D W  HK 12JAN RUHAA28WH
[DEBUG] SM455 18JAN: Match #81: HK 10JAN | Line: 103  01AHMED MOSTAFA/ABD          	7LMUQ9 W  HK 10JAN CAIEG28WT
[DEBUG] SM455 18JAN: Match #82: HK 10JAN | Line: 105  04ELRAWY/AYSEL               	7LIX9C W  HK 10JAN RUHAA28WH
[DEBUG] SM455 18JAN: Match #83: HK 10JAN | Line: 106  04ELRAWY/RODINA              	7LIX9C W  HK 10JAN RUHAA28WH
[DEBUG] SM455 18JAN: Match #84: HK 12JAN | Line: 107  02HASSAN/MOHYIELDIN          	8PLMSU W  HK 12JAN JEDSM08AA
[DEBUG] SM455 18JAN: Match #85: HK 12JAN | Line: 108  01MAHMOUD MOHAMED/M          	8KXGNP W  HK 12JAN CAISM07TP
[DEBUG] SM455 18JAN: Match #86: HK 12JAN | Line: 109  04MAZEN/ADAM M               	8JV3HF W  HK 12JAN RUHAA28WH
[DEBUG] SM455 18JAN: Match #87: HK 12JAN | Line: 110  04MAZEN/EZZAT M              	8JV3HF W  HK 12JAN RUHAA28WH
[DEBUG] SM455 18JAN: Match #88: HK 12JAN | Line: 111  04MAZEN/MAZEN M              	8JV3HF W  HK 12JAN RUHAA28WH
[DEBUG] SM455 18JAN: Match #89: HK 12JAN | Line: 113  04MOHAMED/MERFAT E           	8JV3HF W  HK 12JAN RUHAA28WH
[DEBUG] SM455 18JAN: Match #90: HK 12JAN | Line: 114  01MOHAMED/MOHAMED M          	8MGQ2U W  HK 12JAN JEDS22340
[DEBUG] SM455 18JAN: Match #91: HK 12JAN | Line: 115  02MOHAMED/RADWA MRS          	8KUPZD W  HK 12JAN CAISM07TP
[DEBUG] SM455 18JAN: Match #92: HK 12JAN | Line: 116  02MORSY/AYAT MS              	8KUPZD W  HK 12JAN CAISM07TP
[DEBUG] SM455 18JAN: Match #93: HK 11JAN | Line: 117  01NASR/ELZAMAN ELSA          	84ZGLG W  HK 11JAN CAISM07TP
[DEBUG] SM455 18JAN: Match #94: HK 12JAN | Line: 118  02SALEH/EKBAL MRS            	8PLMSU W  HK 12JAN JEDSM08AA
[DEBUG] SM455 18JAN: Match #95: HK 11JAN | Line: 123  02ABDELSAMAD/ESLAM           	883Z8V T  HK 11JAN JEDSM08AA
[DEBUG] SM455 18JAN: Match #96: HK 12JAN | Line: 124  01ABOUELHASSAN/ALAA          	8K9EPW T  HK 12JAN HMBSM0100
[DEBUG] SM455 18JAN: Match #97: HK 11JAN | Line: 125  01AHMED/MAHMOUD RAM          	88RNEM T  HK 11JAN QCAS22169
[DEBUG] SM455 18JAN: Match #98: HK 11JAN | Line: 126  01ATEF RAMADAN/MANA          	87KM2X T  HK 11JAN CAISM07TP
[DEBUG] SM455 18JAN: Match #99: HK 11JAN | Line: 128  03ELIAN/AHMED MR             	88OQLZ T  HK 11JAN JEDSM08AA
[DEBUG] SM455 18JAN: Match #100: HK 12JAN | Line: 129  03ELSAYED/AHMED M            	8FYIDN T  HK 12JAN RUHAA28WH
[DEBUG] SM455 18JAN: Match #101: HK 12JAN | Line: 130  03ELSAYED/NOURHAN M          	8FYIDN T  HK 12JAN RUHAA28WH
[DEBUG] SM455 18JAN: Match #102: HK 11JAN | Line: 131  01EZBAWY/ALAA MAHMO          	827GV3 T  HK 11JAN CAIEG3635
[DEBUG] SM455 18JAN: Match #103: HK 12JAN | Line: 134  01HAZIN/YASSER A             	8F4LJL T  HK 12JAN RUHAA28WH
[DEBUG] SM455 18JAN: Match #104: HK 11JAN | Line: 135  02IBRAHIM/HOSSAM MR          	883Z8V T  HK 11JAN JEDSM08AA
[DEBUG] SM455 18JAN: Match #105: HK 11JAN | Line: 137  03IBRAHIM/REDA H             	87PK2V T  HK 11JAN RUHAA28WH
[DEBUG] SM455 18JAN: Match #106: HK 11JAN | Line: 138  03ISMAIEL/MOHAMED M          	88OQLZ T  HK 11JAN JEDSM08AA
[DEBUG] SM455 18JAN: Match #107: HK 11JAN | Line: 141  03MAHMOUD/MOHAMED M          	88OQLZ T  HK 11JAN JEDSM08AA
[DEBUG] SM455 18JAN: Match #108: HK 11JAN | Line: 142  01MOHAMED/AHMED MR           	872BKF T  HK 11JAN JEDSM08MB
[DEBUG] SM455 18JAN: Match #109: HK 11JAN | Line: 144  03SAAD/ESRAA A               	87PK2V T  HK 11JAN RUHAA28WH
[DEBUG] SM455 18JAN: Match #110: HK 10JAN | Line: 146  01SEWIFY/YASER MR            	7M2HOO T  HK 10JAN QCAS22124
[DEBUG] SM455 18JAN: Match #111: HK 12JAN | Line: 147  01SOLIMAN/AHMED MOH          	8KMF5O T  HK 12JAN RUHAA28WH
[DEBUG] SM455 18JAN: Match #112: HK 11JAN | Line: 148  03ZAKI/HAYAT A               	87PK2V T  HK 11JAN RUHAA28WH
[DEBUG] SM455 18JAN: Match #113: HK 12JAN | Line: 149  03ZWIN/SOUSOU                	8FYIDN T  HK 12JAN RUHAA28WH
[DEBUG] SM455 18JAN: Match #114: HK 13JAN | Line: 150  01ABDELAZIZ/ABDELMO          	96HUVE X  HK 13JAN HMBSM0100
[DEBUG] SM455 18JAN: Match #115: HK 11JAN | Line: 153  01ABDELHALIM/OMAR R          	7Y4MLB X  HK 11JAN CAIEG3635
[DEBUG] SM455 18JAN: Match #116: HK 10JAN | Line: 154  01ABDELLAH/ABDELLAH          	7HW6Y6 X  HK 10JAN HMBSM0100
[DEBUG] SM455 18JAN: Match #117: HK 12JAN | Line: 155  01ABDELMEGID/TAREK           	8L6E2P X  HK 12JAN HMBSM0100
[DEBUG] SM455 18JAN: Match #118: HK 11JAN | Line: 156  01AHMED/AHMED ALI M          	85EHGT X  HK 11JAN CAIEG2583
[DEBUG] SM455 18JAN: Match #119: HK 13JAN | Line: 157  01AHMED/HESHAM MAMD          	999DV2 X  HK 13JAN CAIEG3635
[DEBUG] SM455 18JAN: Match #120: HK 11JAN | Line: 158  01AHMED/MOHAMED MR           	83IR9Q X  HK 11JAN CAI3C28CL
[DEBUG] SM455 18JAN: Match #121: HK 10JAN | Line: 159  01ALI/AHMED MR               	7P3BFR X  HK 10JAN CAIEG261C
[DEBUG] SM455 18JAN: Match #122: HK 10JAN | Line: 160  01ATTIA/ATTIA ROUSH          	7QFANS X  HK 10JAN CAIEG261C
[DEBUG] SM455 18JAN: Match #123: HK 12JAN | Line: 161  01ELSAYED/SAYED BAR          	8IJOSI X  HK 12JAN CAIEG3635
[DEBUG] SM455 18JAN: Match #124: HK 10JAN | Line: 162  01ELSHEMY/ABDALLAH           	7KWJNN X  HK 10JAN CAIEG37G0
[DEBUG] SM455 18JAN: Match #125: HK 11JAN | Line: 163  02HASSAN/SABREEN H           	89NEU3 X  HK 11JAN RUHAA28WH
[DEBUG] SM455 18JAN: Match #126: HK 11JAN | Line: 164  02IBRAHIM/MARYA B            	89NEU3 X  HK 11JAN RUHAA28WH
[DEBUG] SM455 18JAN: Match #127: HK 10JAN | Line: 165  01ISMAAIL/AHMED MR           	7SDBVT X  HK 10JAN CAISM08AA
[DEBUG] SM455 18JAN: Match #128: HK 11JAN | Line: 166  01KAMAL/AHMED SOLIM          	85TL6V X  HK 11JAN CAIEG261C
[DEBUG] SM455 18JAN: Match #129: HK 11JAN | Line: 167  01MAHMOUD/HANIN              	8668WI X  HK 11JAN RUHAA28WH
[DEBUG] SM455 18JAN: Match #130: HK 13JAN | Line: 168  01MAHMOUD/HESHAM AB          	96Q9DO X  HK 13JAN CAIEG349T
[DEBUG] SM455 18JAN: Match #131: HK 11JAN | Line: 171  01MOHAMED/MOHAMED A          	86HIRG X  HK 11JAN CAIEG343Z
[DEBUG] SM455 18JAN: Match #132: HK 11JAN | Line: 172  01NOURELDIN/MOUSA M          	7ZE2F5 X  HK 11JAN CAIEG22P5
[DEBUG] SM455 18JAN: Match #133: HK 12JAN | Line: 173  01RADWAN/AYMAN AHME          	8I6HUW X  HK 12JAN CAIEG3635
[DEBUG] SM455 18JAN: Match #134: HK 10JAN | Line: 174  01REFAEY/WALID GAMA          	7PABRO X  HK 10JAN CAIEG261C
[DEBUG] SM455 18JAN: Match #135: HK 10JAN | Line: 175  01SAFARY/MAHMOUD MO          	7MOBHJ X  HK 10JAN CAIEG343Z
[DEBUG] SM455 18JAN: DUPLICATE #7: 173 HK 12JAN | Skipping
[DEBUG] SM455 18JAN: DUPLICATE #8: 174 HK 10JAN | Skipping
[DEBUG] SM455 18JAN: DUPLICATE #9: 175 HK 10JAN | Skipping
[DEBUG] SM455 18JAN: Match #136: HK 12JAN | Line: 179  01YOUNES/HOSSAM HAS          	8P7QGM X  HK 12JAN CAIEG3520
[LF] SM455 18JAN: LP/T count complete. True WEEKLY: 136, TODAY: 0, YDAY: 5 | Removed 9 duplicates
[LF] SM455 18JAN: LP/T result: WEEKLY=136, TODAY=0, YDAY=5
[LF] SM455 18JAN: LASTSOLD=2026-01-16 00:00:00, WEEKLY=136, TODAY=0, YDAY=5
2026-01-17 09:35:40 | INFO     | [SUCCESS] Day 18JAN
[LF] Skipping 17JAN (Today) - will be processed by supplement scan
[LF] Results summary:
  2026-01-24: 4 flights
  2026-01-23: 2 flights
  2026-01-22: 3 flights
  2026-01-21: 3 flights
  2026-01-20: 2 flights
  2026-01-19: 4 flights
  2026-01-18: 2 flights
2026-01-17 09:35:40 | INFO     | [SUCCESS] LF Search Complete

============================================================
[Worker_9227] ✓ COMPLETED: ATZ-JED
  Results: 7 dates
  Errors: 0 dates
  Total Processed: 38 groups
============================================================

2026-01-17 09:35:40 | INFO     | [Worker_9227] Completed: ATZ-JED - 7 results, 0 errors
[Worker_9227] Waiting for tasks...

============================================================
[Worker_9227] Shutdown signal received
Exiting...
============================================================
2026-01-17 10:05:23 | INFO     | [Worker_9227] Shutdown signal received, exiting...

============================================================
[Worker_9227] FINISHED
  Total Groups Processed: 38
============================================================

2026-01-17 10:05:23 | INFO     | [Worker_9227] Finished. Processed 38 groups.
