
============================================================
     LF WORKER - PORT 9223
============================================================
Worker: Worker_9223
Status: READY
Waiting for tasks...
============================================================


============================================================
[Worker_9223] Processing: MED-ATZ
  Tier 0: Range 4, Chunk 1/4
  Dates: 8 days
  Date Range: 2026-05-30 to 2026-05-23
============================================================

2026-01-30 05:16:16 | INFO     | ======================================================================
2026-01-30 05:16:16 | INFO     | Load Factor Scraper Started - Route: MED-ATZ
2026-01-30 05:16:16 | INFO     | Log file: D:\CODERED\LAB\Artifacts\outputs\run_generated_300126_at_05.16\logs\LF_MED-ATZ_20260130_051616.log
2026-01-30 05:16:16 | INFO     | Enhanced logging: Capturing both logging.info() and print()
2026-01-30 05:16:16 | INFO     | ======================================================================
[LF] Processing dates (override): ['30MAY', '29MAY', '28MAY', '27MAY', '26MAY', '25MAY', '24MAY', '23MAY']
[LF] Attaching to Chrome for Altea access
[LF][[OK] SUCCESS] Connected to Chrome on 127.0.0.1:9223 (after 1 attempts)
[LF][[OK] SUCCESS] Found Amadeus Altea window: Altéa Reservation Desktop
[LF][[INFO] INFO] URL: https://tc212.resdesktop.altea.amadeus.com/app_ard/apf/init/login?SITE=ESMPESMP&LANGUAGE=GB&MARKETS=ARDW_PROD_WBP&ACTION=clpLogin
[LF] Processing MED-ATZ for 30MAY
[LF] Sending SN command: SN30MAYMEDATZ/ASM
[LF][ERROR] Amadeus command error detected: UNKNOWN TRANSACTION
[LF][ERROR] Command: SN30MAYMEDATZ/ASM
[LF][RESYNC] Triggering immediate resync to last successful SN command
============================================================
[LF][RESYNC] Command 'SN30MAYMEDATZ/ASM' failed: TECH_ERROR:UNKNOWN TRANSACTION
[LF][RESYNC] Re-running entire day from SN command for MED-ATZ 30MAY
[LF][RESYNC] Attempt 1/50 (waiting 1.0s before retry...)
============================================================
[LF][RESYNC] Sending IG to clear session state...
[LF][RESYNC] Session cleared with IG
[LF] Processing MED-ATZ for 30MAY
[LF] Sending SN command: SN30MAYMEDATZ/ASM
[LF] No direct flights on 30MAY for MED-ATZ
[LF] Processing MED-ATZ for 29MAY
[LF] Sending SN command: SN29MAYMEDATZ/ASM
[LF] No direct flights on 29MAY for MED-ATZ
[LF] Processing MED-ATZ for 28MAY
[LF] Sending SN command: SN28MAYMEDATZ/ASM
[LF] No direct flights on 28MAY for MED-ATZ
[LF] Processing MED-ATZ for 27MAY
[LF] Sending SN command: SN27MAYMEDATZ/ASM
[LF] No direct flights on 27MAY for MED-ATZ
[LF] Processing MED-ATZ for 26MAY
[LF] Sending SN command: SN26MAYMEDATZ/ASM
[LF] No direct flights on 26MAY for MED-ATZ
[LF] Processing MED-ATZ for 25MAY
[LF] Sending SN command: SN25MAYMEDATZ/ASM
[LF] No direct flights on 25MAY for MED-ATZ
[LF] Processing MED-ATZ for 24MAY
[LF] Sending SN command: SN24MAYMEDATZ/ASM
[LF] 24MAY: found 1 direct flights
[LF] SM488 24MAY: BKG=0, GRP=0, CAP=175, LF%=0.0%, Brd-Off=MED-ATZ
[LF] Processing MED-ATZ for 23MAY
[LF] Sending SN command: SN23MAYMEDATZ/ASM
[LF] No direct flights on 23MAY for MED-ATZ
[LF] Results summary:
  2026-05-30: 0 flights
  2026-05-29: 0 flights
  2026-05-28: 0 flights
  2026-05-27: 0 flights
  2026-05-26: 0 flights
  2026-05-25: 0 flights
  2026-05-24: 1 flights
  2026-05-23: 0 flights

============================================================
[Worker_9223] ✓ COMPLETED: MED-ATZ
  Results: 8 dates
  Errors: 0 dates
  Total Processed: 1 groups
============================================================


============================================================
[Worker_9223] Processing: DMM-ATZ
  Tier 0: Range 4, Chunk 1/4
  Dates: 8 days
  Date Range: 2026-05-30 to 2026-05-23
============================================================

2026-01-30 05:16:44 | INFO     | ======================================================================
2026-01-30 05:16:44 | INFO     | Load Factor Scraper Started - Route: DMM-ATZ
2026-01-30 05:16:44 | INFO     | Log file: D:\CODERED\LAB\Artifacts\outputs\run_generated_300126_at_05.16\logs\LF_DMM-ATZ_20260130_051644.log
2026-01-30 05:16:44 | INFO     | Enhanced logging: Capturing both logging.info() and print()
2026-01-30 05:16:44 | INFO     | ======================================================================
[LF] Processing dates (override): ['30MAY', '29MAY', '28MAY', '27MAY', '26MAY', '25MAY', '24MAY', '23MAY']
[LF] Attaching to Chrome for Altea access
2026-01-30 05:16:44 | INFO     | Starting LF search for route: DMM-ATZ
2026-01-30 05:16:44 | INFO     | [START] LF Search
[LF][[OK] SUCCESS] Connected to Chrome on 127.0.0.1:9223 (after 1 attempts)
2026-01-30 05:16:44 | INFO     | [HEALTH CHECK] [OK] Chrome connection is healthy
[LF][[OK] SUCCESS] Found Amadeus Altea window: Altéa Reservation Desktop
[LF][[INFO] INFO] URL: https://tc212.resdesktop.altea.amadeus.com/app_ard/apf/init/login?SITE=ESMPESMP&LANGUAGE=GB&MARKETS=ARDW_PROD_WBP&ACTION=clpLogin
2026-01-30 05:16:44 | INFO     | [DAY_START] Processing 30MAY
[LF] Processing DMM-ATZ for 30MAY
2026-01-30 05:16:44 | INFO     | [lf.day.start] Processing DMM-ATZ for 30MAY
[LF] Sending SN command: SN30MAYDMMATZ/ASM
[LF] No direct flights on 30MAY for DMM-ATZ
2026-01-30 05:16:45 | WARNING  | [lf.day.no_flights] No direct flights on 30MAY
2026-01-30 05:16:45 | INFO     | [SUCCESS] Day 30MAY
2026-01-30 05:16:45 | INFO     | [DAY_START] Processing 29MAY
[LF] Processing DMM-ATZ for 29MAY
2026-01-30 05:16:45 | INFO     | [lf.day.start] Processing DMM-ATZ for 29MAY
[LF] Sending SN command: SN29MAYDMMATZ/ASM
[LF] No direct flights on 29MAY for DMM-ATZ
2026-01-30 05:16:47 | WARNING  | [lf.day.no_flights] No direct flights on 29MAY
2026-01-30 05:16:47 | INFO     | [SUCCESS] Day 29MAY
2026-01-30 05:16:47 | INFO     | [DAY_START] Processing 28MAY
[LF] Processing DMM-ATZ for 28MAY
2026-01-30 05:16:47 | INFO     | [lf.day.start] Processing DMM-ATZ for 28MAY
[LF] Sending SN command: SN28MAYDMMATZ/ASM
[LF] No direct flights on 28MAY for DMM-ATZ
2026-01-30 05:16:48 | WARNING  | [lf.day.no_flights] No direct flights on 28MAY
2026-01-30 05:16:48 | INFO     | [SUCCESS] Day 28MAY
2026-01-30 05:16:48 | INFO     | [DAY_START] Processing 27MAY
[LF] Processing DMM-ATZ for 27MAY
2026-01-30 05:16:48 | INFO     | [lf.day.start] Processing DMM-ATZ for 27MAY
[LF] Sending SN command: SN27MAYDMMATZ/ASM
[LF] No direct flights on 27MAY for DMM-ATZ
2026-01-30 05:16:49 | WARNING  | [lf.day.no_flights] No direct flights on 27MAY
2026-01-30 05:16:49 | INFO     | [SUCCESS] Day 27MAY
2026-01-30 05:16:49 | INFO     | [DAY_START] Processing 26MAY
[LF] Processing DMM-ATZ for 26MAY
2026-01-30 05:16:49 | INFO     | [lf.day.start] Processing DMM-ATZ for 26MAY
[LF] Sending SN command: SN26MAYDMMATZ/ASM
[LF] No direct flights on 26MAY for DMM-ATZ
2026-01-30 05:16:50 | WARNING  | [lf.day.no_flights] No direct flights on 26MAY
2026-01-30 05:16:50 | INFO     | [SUCCESS] Day 26MAY
2026-01-30 05:16:50 | INFO     | [DAY_START] Processing 25MAY
[LF] Processing DMM-ATZ for 25MAY
2026-01-30 05:16:50 | INFO     | [lf.day.start] Processing DMM-ATZ for 25MAY
[LF] Sending SN command: SN25MAYDMMATZ/ASM
[LF] No direct flights on 25MAY for DMM-ATZ
2026-01-30 05:16:51 | WARNING  | [lf.day.no_flights] No direct flights on 25MAY
2026-01-30 05:16:51 | INFO     | [SUCCESS] Day 25MAY
2026-01-30 05:16:51 | INFO     | [DAY_START] Processing 24MAY
[LF] Processing DMM-ATZ for 24MAY
2026-01-30 05:16:51 | INFO     | [lf.day.start] Processing DMM-ATZ for 24MAY
[LF] Sending SN command: SN24MAYDMMATZ/ASM
[LF] No direct flights on 24MAY for DMM-ATZ
2026-01-30 05:16:52 | WARNING  | [lf.day.no_flights] No direct flights on 24MAY
2026-01-30 05:16:52 | INFO     | [SUCCESS] Day 24MAY
2026-01-30 05:16:52 | INFO     | [DAY_START] Processing 23MAY
[LF] Processing DMM-ATZ for 23MAY
2026-01-30 05:16:52 | INFO     | [lf.day.start] Processing DMM-ATZ for 23MAY
[LF] Sending SN command: SN23MAYDMMATZ/ASM
[LF] No direct flights on 23MAY for DMM-ATZ
2026-01-30 05:16:54 | WARNING  | [lf.day.no_flights] No direct flights on 23MAY
2026-01-30 05:16:54 | INFO     | [SUCCESS] Day 23MAY
[LF] Results summary:
  2026-05-30: 0 flights
  2026-05-29: 0 flights
  2026-05-28: 0 flights
  2026-05-27: 0 flights
  2026-05-26: 0 flights
  2026-05-25: 0 flights
  2026-05-24: 0 flights
  2026-05-23: 0 flights
2026-01-30 05:16:54 | INFO     | [SUCCESS] LF Search Complete

============================================================
[Worker_9223] ✓ COMPLETED: DMM-ATZ
  Results: 8 dates
  Errors: 0 dates
  Total Processed: 2 groups
============================================================

2026-01-30 05:16:54 | INFO     | [Worker_9223] Completed: DMM-ATZ - 8 results, 0 errors

============================================================
[Worker_9223] Processing: TUU-ATZ
  Tier 0: Range 4, Chunk 1/4
  Dates: 8 days
  Date Range: 2026-05-30 to 2026-05-23
============================================================

2026-01-30 05:16:54 | INFO     | [Worker_9223] Processing: TUU-ATZ
2026-01-30 05:16:54 | INFO     |   Tier 0: Range 4, Chunk 1/4 (8 days)
2026-01-30 05:16:54 | INFO     | ======================================================================
2026-01-30 05:16:54 | INFO     | Load Factor Scraper Started - Route: TUU-ATZ
2026-01-30 05:16:54 | INFO     | Log file: D:\CODERED\LAB\Artifacts\outputs\run_generated_300126_at_05.16\logs\LF_TUU-ATZ_20260130_051654.log
2026-01-30 05:16:54 | INFO     | Enhanced logging: Capturing both logging.info() and print()
2026-01-30 05:16:54 | INFO     | ======================================================================
[LF] Processing dates (override): ['30MAY', '29MAY', '28MAY', '27MAY', '26MAY', '25MAY', '24MAY', '23MAY']
[LF] Attaching to Chrome for Altea access
2026-01-30 05:16:54 | INFO     | Starting LF search for route: TUU-ATZ
2026-01-30 05:16:54 | INFO     | [START] LF Search
[LF][[OK] SUCCESS] Connected to Chrome on 127.0.0.1:9223 (after 1 attempts)
2026-01-30 05:16:54 | INFO     | [HEALTH CHECK] [OK] Chrome connection is healthy
[LF][[OK] SUCCESS] Found Amadeus Altea window: Altéa Reservation Desktop
[LF][[INFO] INFO] URL: https://tc212.resdesktop.altea.amadeus.com/app_ard/apf/init/login?SITE=ESMPESMP&LANGUAGE=GB&MARKETS=ARDW_PROD_WBP&ACTION=clpLogin
2026-01-30 05:16:54 | INFO     | [DAY_START] Processing 30MAY
[LF] Processing TUU-ATZ for 30MAY
2026-01-30 05:16:54 | INFO     | [lf.day.start] Processing TUU-ATZ for 30MAY
[LF] Sending SN command: SN30MAYTUUATZ/ASM
[LF] No direct flights on 30MAY for TUU-ATZ
2026-01-30 05:16:55 | WARNING  | [lf.day.no_flights] No direct flights on 30MAY
2026-01-30 05:16:55 | INFO     | [SUCCESS] Day 30MAY
2026-01-30 05:16:55 | INFO     | [DAY_START] Processing 29MAY
[LF] Processing TUU-ATZ for 29MAY
2026-01-30 05:16:55 | INFO     | [lf.day.start] Processing TUU-ATZ for 29MAY
[LF] Sending SN command: SN29MAYTUUATZ/ASM
[LF] No direct flights on 29MAY for TUU-ATZ
2026-01-30 05:16:57 | WARNING  | [lf.day.no_flights] No direct flights on 29MAY
2026-01-30 05:16:57 | INFO     | [SUCCESS] Day 29MAY
2026-01-30 05:16:57 | INFO     | [DAY_START] Processing 28MAY
[LF] Processing TUU-ATZ for 28MAY
2026-01-30 05:16:57 | INFO     | [lf.day.start] Processing TUU-ATZ for 28MAY
[LF] Sending SN command: SN28MAYTUUATZ/ASM
[LF] No direct flights on 28MAY for TUU-ATZ
2026-01-30 05:16:58 | WARNING  | [lf.day.no_flights] No direct flights on 28MAY
2026-01-30 05:16:58 | INFO     | [SUCCESS] Day 28MAY
2026-01-30 05:16:58 | INFO     | [DAY_START] Processing 27MAY
[LF] Processing TUU-ATZ for 27MAY
2026-01-30 05:16:58 | INFO     | [lf.day.start] Processing TUU-ATZ for 27MAY
[LF] Sending SN command: SN27MAYTUUATZ/ASM
[LF] No direct flights on 27MAY for TUU-ATZ
2026-01-30 05:16:59 | WARNING  | [lf.day.no_flights] No direct flights on 27MAY
2026-01-30 05:16:59 | INFO     | [SUCCESS] Day 27MAY
2026-01-30 05:16:59 | INFO     | [DAY_START] Processing 26MAY
[LF] Processing TUU-ATZ for 26MAY
2026-01-30 05:16:59 | INFO     | [lf.day.start] Processing TUU-ATZ for 26MAY
[LF] Sending SN command: SN26MAYTUUATZ/ASM
[LF] No direct flights on 26MAY for TUU-ATZ
2026-01-30 05:17:00 | WARNING  | [lf.day.no_flights] No direct flights on 26MAY
2026-01-30 05:17:00 | INFO     | [SUCCESS] Day 26MAY
2026-01-30 05:17:00 | INFO     | [DAY_START] Processing 25MAY
[LF] Processing TUU-ATZ for 25MAY
2026-01-30 05:17:00 | INFO     | [lf.day.start] Processing TUU-ATZ for 25MAY
[LF] Sending SN command: SN25MAYTUUATZ/ASM
[LF] No direct flights on 25MAY for TUU-ATZ
2026-01-30 05:17:02 | WARNING  | [lf.day.no_flights] No direct flights on 25MAY
2026-01-30 05:17:02 | INFO     | [SUCCESS] Day 25MAY
2026-01-30 05:17:02 | INFO     | [DAY_START] Processing 24MAY
[LF] Processing TUU-ATZ for 24MAY
2026-01-30 05:17:02 | INFO     | [lf.day.start] Processing TUU-ATZ for 24MAY
[LF] Sending SN command: SN24MAYTUUATZ/ASM
[LF] No direct flights on 24MAY for TUU-ATZ
2026-01-30 05:17:03 | WARNING  | [lf.day.no_flights] No direct flights on 24MAY
2026-01-30 05:17:03 | INFO     | [SUCCESS] Day 24MAY
2026-01-30 05:17:03 | INFO     | [DAY_START] Processing 23MAY
[LF] Processing TUU-ATZ for 23MAY
2026-01-30 05:17:03 | INFO     | [lf.day.start] Processing TUU-ATZ for 23MAY
[LF] Sending SN command: SN23MAYTUUATZ/ASM
[LF] No direct flights on 23MAY for TUU-ATZ
2026-01-30 05:17:04 | WARNING  | [lf.day.no_flights] No direct flights on 23MAY
2026-01-30 05:17:04 | INFO     | [SUCCESS] Day 23MAY
[LF] Results summary:
  2026-05-30: 0 flights
  2026-05-29: 0 flights
  2026-05-28: 0 flights
  2026-05-27: 0 flights
  2026-05-26: 0 flights
  2026-05-25: 0 flights
  2026-05-24: 0 flights
  2026-05-23: 0 flights
2026-01-30 05:17:04 | INFO     | [SUCCESS] LF Search Complete

============================================================
[Worker_9223] ✓ COMPLETED: TUU-ATZ
  Results: 8 dates
  Errors: 0 dates
  Total Processed: 3 groups
============================================================

2026-01-30 05:17:04 | INFO     | [Worker_9223] Completed: TUU-ATZ - 8 results, 0 errors

============================================================
[Worker_9223] Processing: YNB-CAI
  Tier 0: Range 4, Chunk 1/4
  Dates: 8 days
  Date Range: 2026-05-30 to 2026-05-23
============================================================

2026-01-30 05:17:04 | INFO     | [Worker_9223] Processing: YNB-CAI
2026-01-30 05:17:04 | INFO     |   Tier 0: Range 4, Chunk 1/4 (8 days)
2026-01-30 05:17:04 | INFO     | ======================================================================
2026-01-30 05:17:04 | INFO     | Load Factor Scraper Started - Route: YNB-CAI
2026-01-30 05:17:04 | INFO     | Log file: D:\CODERED\LAB\Artifacts\outputs\run_generated_300126_at_05.16\logs\LF_YNB-CAI_20260130_051704.log
2026-01-30 05:17:04 | INFO     | Enhanced logging: Capturing both logging.info() and print()
2026-01-30 05:17:04 | INFO     | ======================================================================
[LF] Processing dates (override): ['30MAY', '29MAY', '28MAY', '27MAY', '26MAY', '25MAY', '24MAY', '23MAY']
[LF] Attaching to Chrome for Altea access
2026-01-30 05:17:04 | INFO     | Starting LF search for route: YNB-CAI
2026-01-30 05:17:04 | INFO     | [START] LF Search
[LF][[OK] SUCCESS] Connected to Chrome on 127.0.0.1:9223 (after 1 attempts)
2026-01-30 05:17:05 | INFO     | [HEALTH CHECK] [OK] Chrome connection is healthy
[LF][[OK] SUCCESS] Found Amadeus Altea window: Altéa Reservation Desktop
[LF][[INFO] INFO] URL: https://tc212.resdesktop.altea.amadeus.com/app_ard/apf/init/login?SITE=ESMPESMP&LANGUAGE=GB&MARKETS=ARDW_PROD_WBP&ACTION=clpLogin
2026-01-30 05:17:05 | INFO     | [DAY_START] Processing 30MAY
[LF] Processing YNB-CAI for 30MAY
2026-01-30 05:17:05 | INFO     | [lf.day.start] Processing YNB-CAI for 30MAY
[LF] Sending SN command: SN30MAYYNBCAI/ASM
[LF] 30MAY: found 2 direct flights
2026-01-30 05:17:06 | INFO     | [lf.day.flights_found] Found 2 flights on 30MAY
2026-01-30 05:17:08 | INFO     | [lf.flight.extracted] SM442 on 30MAY: BKG=0, LF=0.0%
[LF] SM442 30MAY: BKG=0, GRP=0, CAP=175, LF%=0.0%, Brd-Off=YNB-CAI
2026-01-30 05:17:11 | INFO     | [lf.flight.extracted] SM448 on 30MAY: BKG=0, LF=0.0%
[LF] SM448 30MAY: BKG=0, GRP=0, CAP=175, LF%=0.0%, Brd-Off=YNB-CAI
2026-01-30 05:17:12 | INFO     | [SUCCESS] Day 30MAY
2026-01-30 05:17:12 | INFO     | [DAY_START] Processing 29MAY
[LF] Processing YNB-CAI for 29MAY
2026-01-30 05:17:12 | INFO     | [lf.day.start] Processing YNB-CAI for 29MAY
[LF] Sending SN command: SN29MAYYNBCAI/ASM
[LF] 29MAY: found 1 direct flights
2026-01-30 05:17:13 | INFO     | [lf.day.flights_found] Found 1 flights on 29MAY
2026-01-30 05:17:15 | INFO     | [lf.flight.extracted] SM442 on 29MAY: BKG=0, LF=0.0%
[LF] SM442 29MAY: BKG=0, GRP=0, CAP=175, LF%=0.0%, Brd-Off=YNB-CAI
2026-01-30 05:17:16 | INFO     | [SUCCESS] Day 29MAY
2026-01-30 05:17:16 | INFO     | [DAY_START] Processing 28MAY
[LF] Processing YNB-CAI for 28MAY
2026-01-30 05:17:16 | INFO     | [lf.day.start] Processing YNB-CAI for 28MAY
[LF] Sending SN command: SN28MAYYNBCAI/ASM
[LF] 28MAY: found 1 direct flights
2026-01-30 05:17:17 | INFO     | [lf.day.flights_found] Found 1 flights on 28MAY
2026-01-30 05:17:19 | INFO     | [lf.flight.extracted] SM442 on 28MAY: BKG=0, LF=0.0%
[LF] SM442 28MAY: BKG=0, GRP=0, CAP=175, LF%=0.0%, Brd-Off=YNB-CAI
2026-01-30 05:17:21 | INFO     | [SUCCESS] Day 28MAY
2026-01-30 05:17:21 | INFO     | [DAY_START] Processing 27MAY
[LF] Processing YNB-CAI for 27MAY
2026-01-30 05:17:21 | INFO     | [lf.day.start] Processing YNB-CAI for 27MAY
[LF] Sending SN command: SN27MAYYNBCAI/ASM
[LF] No direct flights on 27MAY for YNB-CAI
2026-01-30 05:17:22 | WARNING  | [lf.day.no_flights] No direct flights on 27MAY
2026-01-30 05:17:22 | INFO     | [SUCCESS] Day 27MAY
2026-01-30 05:17:22 | INFO     | [DAY_START] Processing 26MAY
[LF] Processing YNB-CAI for 26MAY
2026-01-30 05:17:22 | INFO     | [lf.day.start] Processing YNB-CAI for 26MAY
[LF] Sending SN command: SN26MAYYNBCAI/ASM
[LF] 26MAY: found 1 direct flights
2026-01-30 05:17:23 | INFO     | [lf.day.flights_found] Found 1 flights on 26MAY
2026-01-30 05:17:25 | INFO     | [lf.flight.extracted] SM442 on 26MAY: BKG=7, LF=4.0%
[LF] SM442 26MAY: BKG=7, GRP=0, CAP=175, LF%=4.0%, Brd-Off=YNB-CAI, Classes: V:7
[LF] Getting WEEKLY/LASTSOLD data for 1 flights
[LF] SM442 26MAY: LASTSOLD=2026-01-05 00:00:00, WEEKLY=0, TODAY=0, YDAY=0
2026-01-30 05:17:27 | INFO     | [SUCCESS] Day 26MAY
2026-01-30 05:17:27 | INFO     | [DAY_START] Processing 25MAY
[LF] Processing YNB-CAI for 25MAY
2026-01-30 05:17:27 | INFO     | [lf.day.start] Processing YNB-CAI for 25MAY
[LF] Sending SN command: SN25MAYYNBCAI/ASM
[LF] 25MAY: found 1 direct flights
2026-01-30 05:17:28 | INFO     | [lf.day.flights_found] Found 1 flights on 25MAY
2026-01-30 05:17:30 | INFO     | [lf.flight.extracted] SM442 on 25MAY: BKG=0, LF=0.0%
[LF] SM442 25MAY: BKG=0, GRP=0, CAP=175, LF%=0.0%, Brd-Off=YNB-CAI
2026-01-30 05:17:31 | INFO     | [SUCCESS] Day 25MAY
2026-01-30 05:17:31 | INFO     | [DAY_START] Processing 24MAY
[LF] Processing YNB-CAI for 24MAY
2026-01-30 05:17:31 | INFO     | [lf.day.start] Processing YNB-CAI for 24MAY
[LF] Sending SN command: SN24MAYYNBCAI/ASM
[LF] 24MAY: found 1 direct flights
2026-01-30 05:17:33 | INFO     | [lf.day.flights_found] Found 1 flights on 24MAY
2026-01-30 05:17:35 | INFO     | [lf.flight.extracted] SM442 on 24MAY: BKG=0, LF=0.0%
[LF] SM442 24MAY: BKG=0, GRP=0, CAP=175, LF%=0.0%, Brd-Off=YNB-CAI
2026-01-30 05:17:36 | INFO     | [SUCCESS] Day 24MAY
2026-01-30 05:17:36 | INFO     | [DAY_START] Processing 23MAY
[LF] Processing YNB-CAI for 23MAY
2026-01-30 05:17:36 | INFO     | [lf.day.start] Processing YNB-CAI for 23MAY
[LF] Sending SN command: SN23MAYYNBCAI/ASM
[LF] 23MAY: found 2 direct flights
2026-01-30 05:17:37 | INFO     | [lf.day.flights_found] Found 2 flights on 23MAY
2026-01-30 05:17:39 | INFO     | [lf.flight.extracted] SM442 on 23MAY: BKG=0, LF=0.0%
[LF] SM442 23MAY: BKG=0, GRP=0, CAP=175, LF%=0.0%, Brd-Off=YNB-CAI
2026-01-30 05:17:42 | INFO     | [lf.flight.extracted] SM448 on 23MAY: BKG=0, LF=0.0%
[LF] SM448 23MAY: BKG=0, GRP=0, CAP=167, LF%=0.0%, Brd-Off=YNB-CAI
2026-01-30 05:17:43 | INFO     | [SUCCESS] Day 23MAY
[LF] Results summary:
  2026-05-30: 2 flights
  2026-05-29: 1 flights
  2026-05-28: 1 flights
  2026-05-27: 0 flights
  2026-05-26: 1 flights
  2026-05-25: 1 flights
  2026-05-24: 1 flights
  2026-05-23: 2 flights
2026-01-30 05:17:43 | INFO     | [SUCCESS] LF Search Complete

============================================================
[Worker_9223] ✓ COMPLETED: YNB-CAI
  Results: 8 dates
  Errors: 0 dates
  Total Processed: 4 groups
============================================================

2026-01-30 05:17:43 | INFO     | [Worker_9223] Completed: YNB-CAI - 8 results, 0 errors

============================================================
[Worker_9223] Processing: CAI-TUU
  Tier 0: Range 4, Chunk 1/4
  Dates: 8 days
  Date Range: 2026-05-30 to 2026-05-23
============================================================

2026-01-30 05:17:43 | INFO     | [Worker_9223] Processing: CAI-TUU
2026-01-30 05:17:43 | INFO     |   Tier 0: Range 4, Chunk 1/4 (8 days)
2026-01-30 05:17:43 | INFO     | ======================================================================
2026-01-30 05:17:43 | INFO     | Load Factor Scraper Started - Route: CAI-TUU
2026-01-30 05:17:43 | INFO     | Log file: D:\CODERED\LAB\Artifacts\outputs\run_generated_300126_at_05.16\logs\LF_CAI-TUU_20260130_051743.log
2026-01-30 05:17:43 | INFO     | Enhanced logging: Capturing both logging.info() and print()
2026-01-30 05:17:43 | INFO     | ======================================================================
[LF] Processing dates (override): ['30MAY', '29MAY', '28MAY', '27MAY', '26MAY', '25MAY', '24MAY', '23MAY']
[LF] Attaching to Chrome for Altea access
2026-01-30 05:17:43 | INFO     | Starting LF search for route: CAI-TUU
2026-01-30 05:17:43 | INFO     | [START] LF Search
[LF][[OK] SUCCESS] Connected to Chrome on 127.0.0.1:9223 (after 1 attempts)
2026-01-30 05:17:44 | INFO     | [HEALTH CHECK] [OK] Chrome connection is healthy
[LF][[OK] SUCCESS] Found Amadeus Altea window: Altéa Reservation Desktop
[LF][[INFO] INFO] URL: https://tc212.resdesktop.altea.amadeus.com/app_ard/apf/init/login?SITE=ESMPESMP&LANGUAGE=GB&MARKETS=ARDW_PROD_WBP&ACTION=clpLogin
2026-01-30 05:17:44 | INFO     | [DAY_START] Processing 30MAY
[LF] Processing CAI-TUU for 30MAY
2026-01-30 05:17:44 | INFO     | [lf.day.start] Processing CAI-TUU for 30MAY
[LF] Sending SN command: SN30MAYCAITUU/ASM
[LF] 30MAY: found 1 direct flights
2026-01-30 05:17:45 | INFO     | [lf.day.flights_found] Found 1 flights on 30MAY
2026-01-30 05:17:47 | INFO     | [lf.flight.extracted] SM325 on 30MAY: BKG=0, LF=0.0%
[LF] SM325 30MAY: BKG=0, GRP=0, CAP=179, LF%=0.0%, Brd-Off=CAI-TUU
2026-01-30 05:17:48 | INFO     | [SUCCESS] Day 30MAY
2026-01-30 05:17:48 | INFO     | [DAY_START] Processing 29MAY
[LF] Processing CAI-TUU for 29MAY
2026-01-30 05:17:48 | INFO     | [lf.day.start] Processing CAI-TUU for 29MAY
[LF] Sending SN command: SN29MAYCAITUU/ASM
[LF] 29MAY: found 1 direct flights
2026-01-30 05:17:49 | INFO     | [lf.day.flights_found] Found 1 flights on 29MAY
2026-01-30 05:17:51 | INFO     | [lf.flight.extracted] SM325 on 29MAY: BKG=0, LF=0.0%
[LF] SM325 29MAY: BKG=0, GRP=0, CAP=179, LF%=0.0%, Brd-Off=CAI-TUU
2026-01-30 05:17:53 | INFO     | [SUCCESS] Day 29MAY
2026-01-30 05:17:53 | INFO     | [DAY_START] Processing 28MAY
[LF] Processing CAI-TUU for 28MAY
2026-01-30 05:17:53 | INFO     | [lf.day.start] Processing CAI-TUU for 28MAY
[LF] Sending SN command: SN28MAYCAITUU/ASM
[LF] 28MAY: found 1 direct flights
2026-01-30 05:17:54 | INFO     | [lf.day.flights_found] Found 1 flights on 28MAY
2026-01-30 05:17:56 | INFO     | [lf.flight.extracted] SM325 on 28MAY: BKG=0, LF=0.0%
[LF] SM325 28MAY: BKG=0, GRP=0, CAP=179, LF%=0.0%, Brd-Off=CAI-TUU
2026-01-30 05:17:57 | INFO     | [SUCCESS] Day 28MAY
2026-01-30 05:17:57 | INFO     | [DAY_START] Processing 27MAY
[LF] Processing CAI-TUU for 27MAY
2026-01-30 05:17:57 | INFO     | [lf.day.start] Processing CAI-TUU for 27MAY
[LF] Sending SN command: SN27MAYCAITUU/ASM
[LF] No direct flights on 27MAY for CAI-TUU
2026-01-30 05:17:58 | WARNING  | [lf.day.no_flights] No direct flights on 27MAY
2026-01-30 05:17:58 | INFO     | [SUCCESS] Day 27MAY
2026-01-30 05:17:58 | INFO     | [DAY_START] Processing 26MAY
[LF] Processing CAI-TUU for 26MAY
2026-01-30 05:17:58 | INFO     | [lf.day.start] Processing CAI-TUU for 26MAY
[LF] Sending SN command: SN26MAYCAITUU/ASM
[LF] 26MAY: found 1 direct flights
2026-01-30 05:17:59 | INFO     | [lf.day.flights_found] Found 1 flights on 26MAY
2026-01-30 05:18:01 | INFO     | [lf.flight.extracted] SM325 on 26MAY: BKG=1, LF=0.6%
[LF] SM325 26MAY: BKG=1, GRP=0, CAP=179, LF%=0.6%, Brd-Off=CAI-TUU, Classes: I:1
[LF] Getting WEEKLY/LASTSOLD data for 1 flights
[LF] SM325 26MAY: LASTSOLD=2026-01-27 00:00:00, WEEKLY=1, TODAY=0, YDAY=0
2026-01-30 05:18:04 | INFO     | [SUCCESS] Day 26MAY
2026-01-30 05:18:04 | INFO     | [DAY_START] Processing 25MAY
[LF] Processing CAI-TUU for 25MAY
2026-01-30 05:18:04 | INFO     | [lf.day.start] Processing CAI-TUU for 25MAY
[LF] Sending SN command: SN25MAYCAITUU/ASM
[LF] No direct flights on 25MAY for CAI-TUU
2026-01-30 05:18:05 | WARNING  | [lf.day.no_flights] No direct flights on 25MAY
2026-01-30 05:18:05 | INFO     | [SUCCESS] Day 25MAY
2026-01-30 05:18:05 | INFO     | [DAY_START] Processing 24MAY
[LF] Processing CAI-TUU for 24MAY
2026-01-30 05:18:05 | INFO     | [lf.day.start] Processing CAI-TUU for 24MAY
[LF] Sending SN command: SN24MAYCAITUU/ASM
[LF] No direct flights on 24MAY for CAI-TUU
2026-01-30 05:18:06 | WARNING  | [lf.day.no_flights] No direct flights on 24MAY
2026-01-30 05:18:06 | INFO     | [SUCCESS] Day 24MAY
2026-01-30 05:18:06 | INFO     | [DAY_START] Processing 23MAY
[LF] Processing CAI-TUU for 23MAY
2026-01-30 05:18:06 | INFO     | [lf.day.start] Processing CAI-TUU for 23MAY
[LF] Sending SN command: SN23MAYCAITUU/ASM
[LF] 23MAY: found 1 direct flights
2026-01-30 05:18:07 | INFO     | [lf.day.flights_found] Found 1 flights on 23MAY
2026-01-30 05:18:09 | INFO     | [lf.flight.extracted] SM325 on 23MAY: BKG=1, LF=0.6%
[LF] SM325 23MAY: BKG=1, GRP=0, CAP=179, LF%=0.6%, Brd-Off=CAI-TUU, Classes: I:1
[LF] Getting WEEKLY/LASTSOLD data for 1 flights
[LF] SM325 23MAY: LASTSOLD=2026-01-19 00:00:00, WEEKLY=0, TODAY=0, YDAY=0
2026-01-30 05:18:11 | INFO     | [SUCCESS] Day 23MAY
[LF] Results summary:
  2026-05-30: 1 flights
  2026-05-29: 1 flights
  2026-05-28: 1 flights
  2026-05-27: 0 flights
  2026-05-26: 1 flights
  2026-05-25: 0 flights
  2026-05-24: 0 flights
  2026-05-23: 1 flights
2026-01-30 05:18:11 | INFO     | [SUCCESS] LF Search Complete

============================================================
[Worker_9223] ✓ COMPLETED: CAI-TUU
  Results: 8 dates
  Errors: 0 dates
  Total Processed: 5 groups
============================================================

2026-01-30 05:18:11 | INFO     | [Worker_9223] Completed: CAI-TUU - 8 results, 0 errors

============================================================
[Worker_9223] Processing: CAI-GIZ
  Tier 0: Range 4, Chunk 1/4
  Dates: 8 days
  Date Range: 2026-05-30 to 2026-05-23
============================================================

2026-01-30 05:18:11 | INFO     | [Worker_9223] Processing: CAI-GIZ
2026-01-30 05:18:11 | INFO     |   Tier 0: Range 4, Chunk 1/4 (8 days)
2026-01-30 05:18:11 | INFO     | ======================================================================
2026-01-30 05:18:11 | INFO     | Load Factor Scraper Started - Route: CAI-GIZ
2026-01-30 05:18:11 | INFO     | Log file: D:\CODERED\LAB\Artifacts\outputs\run_generated_300126_at_05.16\logs\LF_CAI-GIZ_20260130_051811.log
2026-01-30 05:18:11 | INFO     | Enhanced logging: Capturing both logging.info() and print()
2026-01-30 05:18:11 | INFO     | ======================================================================
[LF] Processing dates (override): ['30MAY', '29MAY', '28MAY', '27MAY', '26MAY', '25MAY', '24MAY', '23MAY']
[LF] Attaching to Chrome for Altea access
2026-01-30 05:18:11 | INFO     | Starting LF search for route: CAI-GIZ
2026-01-30 05:18:11 | INFO     | [START] LF Search
[LF][[OK] SUCCESS] Connected to Chrome on 127.0.0.1:9223 (after 1 attempts)
2026-01-30 05:18:12 | INFO     | [HEALTH CHECK] [OK] Chrome connection is healthy
[LF][[OK] SUCCESS] Found Amadeus Altea window: Altéa Reservation Desktop
[LF][[INFO] INFO] URL: https://tc212.resdesktop.altea.amadeus.com/app_ard/apf/init/login?SITE=ESMPESMP&LANGUAGE=GB&MARKETS=ARDW_PROD_WBP&ACTION=clpLogin
2026-01-30 05:18:12 | INFO     | [DAY_START] Processing 30MAY
[LF] Processing CAI-GIZ for 30MAY
2026-01-30 05:18:12 | INFO     | [lf.day.start] Processing CAI-GIZ for 30MAY
[LF] Sending SN command: SN30MAYCAIGIZ/ASM
[LF] 30MAY: found 1 direct flights
2026-01-30 05:18:13 | INFO     | [lf.day.flights_found] Found 1 flights on 30MAY
2026-01-30 05:18:15 | INFO     | [lf.flight.extracted] SM329 on 30MAY: BKG=0, LF=0.0%
[LF] SM329 30MAY: BKG=0, GRP=0, CAP=179, LF%=0.0%, Brd-Off=CAI-GIZ
2026-01-30 05:18:17 | INFO     | [SUCCESS] Day 30MAY
2026-01-30 05:18:17 | INFO     | [DAY_START] Processing 29MAY
[LF] Processing CAI-GIZ for 29MAY
2026-01-30 05:18:17 | INFO     | [lf.day.start] Processing CAI-GIZ for 29MAY
[LF] Sending SN command: SN29MAYCAIGIZ/ASM
[LF] No direct flights on 29MAY for CAI-GIZ
2026-01-30 05:18:18 | WARNING  | [lf.day.no_flights] No direct flights on 29MAY
2026-01-30 05:18:18 | INFO     | [SUCCESS] Day 29MAY
2026-01-30 05:18:18 | INFO     | [DAY_START] Processing 28MAY
[LF] Processing CAI-GIZ for 28MAY
2026-01-30 05:18:18 | INFO     | [lf.day.start] Processing CAI-GIZ for 28MAY
[LF] Sending SN command: SN28MAYCAIGIZ/ASM
[LF] 28MAY: found 1 direct flights
2026-01-30 05:18:19 | INFO     | [lf.day.flights_found] Found 1 flights on 28MAY
2026-01-30 05:18:21 | INFO     | [lf.flight.extracted] SM329 on 28MAY: BKG=0, LF=0.0%
[LF] SM329 28MAY: BKG=0, GRP=0, CAP=179, LF%=0.0%, Brd-Off=CAI-GIZ
2026-01-30 05:18:22 | INFO     | [SUCCESS] Day 28MAY
2026-01-30 05:18:22 | INFO     | [DAY_START] Processing 27MAY
[LF] Processing CAI-GIZ for 27MAY
2026-01-30 05:18:22 | INFO     | [lf.day.start] Processing CAI-GIZ for 27MAY
[LF] Sending SN command: SN27MAYCAIGIZ/ASM
[LF] 27MAY: found 1 direct flights
2026-01-30 05:18:23 | INFO     | [lf.day.flights_found] Found 1 flights on 27MAY
2026-01-30 05:18:25 | INFO     | [lf.flight.extracted] SM329 on 27MAY: BKG=0, LF=0.0%
[LF] SM329 27MAY: BKG=0, GRP=0, CAP=179, LF%=0.0%, Brd-Off=CAI-GIZ
2026-01-30 05:18:26 | INFO     | [SUCCESS] Day 27MAY
2026-01-30 05:18:26 | INFO     | [DAY_START] Processing 26MAY
[LF] Processing CAI-GIZ for 26MAY
2026-01-30 05:18:26 | INFO     | [lf.day.start] Processing CAI-GIZ for 26MAY
[LF] Sending SN command: SN26MAYCAIGIZ/ASM
[LF] No direct flights on 26MAY for CAI-GIZ
2026-01-30 05:18:28 | WARNING  | [lf.day.no_flights] No direct flights on 26MAY
2026-01-30 05:18:28 | INFO     | [SUCCESS] Day 26MAY
2026-01-30 05:18:28 | INFO     | [DAY_START] Processing 25MAY
[LF] Processing CAI-GIZ for 25MAY
2026-01-30 05:18:28 | INFO     | [lf.day.start] Processing CAI-GIZ for 25MAY
[LF] Sending SN command: SN25MAYCAIGIZ/ASM
[LF] No direct flights on 25MAY for CAI-GIZ
2026-01-30 05:18:29 | WARNING  | [lf.day.no_flights] No direct flights on 25MAY
2026-01-30 05:18:29 | INFO     | [SUCCESS] Day 25MAY
2026-01-30 05:18:29 | INFO     | [DAY_START] Processing 24MAY
[LF] Processing CAI-GIZ for 24MAY
2026-01-30 05:18:29 | INFO     | [lf.day.start] Processing CAI-GIZ for 24MAY
[LF] Sending SN command: SN24MAYCAIGIZ/ASM
[LF] No direct flights on 24MAY for CAI-GIZ
2026-01-30 05:18:30 | WARNING  | [lf.day.no_flights] No direct flights on 24MAY
2026-01-30 05:18:30 | INFO     | [SUCCESS] Day 24MAY
2026-01-30 05:18:30 | INFO     | [DAY_START] Processing 23MAY
[LF] Processing CAI-GIZ for 23MAY
2026-01-30 05:18:30 | INFO     | [lf.day.start] Processing CAI-GIZ for 23MAY
[LF] Sending SN command: SN23MAYCAIGIZ/ASM
[LF] 23MAY: found 1 direct flights
2026-01-30 05:18:31 | INFO     | [lf.day.flights_found] Found 1 flights on 23MAY
2026-01-30 05:18:33 | INFO     | [lf.flight.extracted] SM329 on 23MAY: BKG=2, LF=1.1%
[LF] SM329 23MAY: BKG=2, GRP=0, CAP=179, LF%=1.1%, Brd-Off=CAI-GIZ, Classes: I:2
[LF] Getting WEEKLY/LASTSOLD data for 1 flights
[LF] SM329 23MAY: LASTSOLD=2026-01-26 00:00:00, WEEKLY=1, TODAY=0, YDAY=0
2026-01-30 05:18:36 | INFO     | [SUCCESS] Day 23MAY
[LF] Results summary:
  2026-05-30: 1 flights
  2026-05-29: 0 flights
  2026-05-28: 1 flights
  2026-05-27: 1 flights
  2026-05-26: 0 flights
  2026-05-25: 0 flights
  2026-05-24: 0 flights
  2026-05-23: 1 flights
2026-01-30 05:18:36 | INFO     | [SUCCESS] LF Search Complete

============================================================
[Worker_9223] ✓ COMPLETED: CAI-GIZ
  Results: 8 dates
  Errors: 0 dates
  Total Processed: 6 groups
============================================================

2026-01-30 05:18:36 | INFO     | [Worker_9223] Completed: CAI-GIZ - 8 results, 0 errors

============================================================
[Worker_9223] Processing: JED-LXR
  Tier 0: Range 4, Chunk 2/4
  Dates: 8 days
  Date Range: 2026-05-22 to 2026-05-15
============================================================

2026-01-30 05:18:36 | INFO     | [Worker_9223] Processing: JED-LXR
2026-01-30 05:18:36 | INFO     |   Tier 0: Range 4, Chunk 2/4 (8 days)
2026-01-30 05:18:36 | INFO     | ======================================================================
2026-01-30 05:18:36 | INFO     | Load Factor Scraper Started - Route: JED-LXR
2026-01-30 05:18:36 | INFO     | Log file: D:\CODERED\LAB\Artifacts\outputs\run_generated_300126_at_05.16\logs\LF_JED-LXR_20260130_051836.log
2026-01-30 05:18:36 | INFO     | Enhanced logging: Capturing both logging.info() and print()
2026-01-30 05:18:36 | INFO     | ======================================================================
[LF] Processing dates (override): ['22MAY', '21MAY', '20MAY', '19MAY', '18MAY', '17MAY', '16MAY', '15MAY']
[LF] Attaching to Chrome for Altea access
2026-01-30 05:18:36 | INFO     | Starting LF search for route: JED-LXR
2026-01-30 05:18:36 | INFO     | [START] LF Search
[LF][[OK] SUCCESS] Connected to Chrome on 127.0.0.1:9223 (after 1 attempts)
2026-01-30 05:18:48 | INFO     | [HEALTH CHECK] [OK] Chrome connection is healthy
[LF][[OK] SUCCESS] Found Amadeus Altea window: Altéa Reservation Desktop
[LF][[INFO] INFO] URL: https://tc212.resdesktop.altea.amadeus.com/app_ard/apf/init/login?SITE=ESMPESMP&LANGUAGE=GB&MARKETS=ARDW_PROD_WBP&ACTION=clpLogin
2026-01-30 05:18:48 | INFO     | [DAY_START] Processing 22MAY
[LF] Processing JED-LXR for 22MAY
2026-01-30 05:18:48 | INFO     | [lf.day.start] Processing JED-LXR for 22MAY
[LF] Sending SN command: SN22MAYJEDLXR/ASM
[LF] No direct flights on 22MAY for JED-LXR
2026-01-30 05:18:55 | WARNING  | [lf.day.no_flights] No direct flights on 22MAY
2026-01-30 05:18:55 | INFO     | [SUCCESS] Day 22MAY
2026-01-30 05:18:55 | INFO     | [DAY_START] Processing 21MAY
[LF] Processing JED-LXR for 21MAY
2026-01-30 05:18:55 | INFO     | [lf.day.start] Processing JED-LXR for 21MAY
[LF] Sending SN command: SN21MAYJEDLXR/ASM
[LF] No direct flights on 21MAY for JED-LXR
2026-01-30 05:18:56 | WARNING  | [lf.day.no_flights] No direct flights on 21MAY
2026-01-30 05:18:56 | INFO     | [SUCCESS] Day 21MAY
2026-01-30 05:18:56 | INFO     | [DAY_START] Processing 20MAY
[LF] Processing JED-LXR for 20MAY
2026-01-30 05:18:56 | INFO     | [lf.day.start] Processing JED-LXR for 20MAY
[LF] Sending SN command: SN20MAYJEDLXR/ASM
[LF] No direct flights on 20MAY for JED-LXR
2026-01-30 05:18:57 | WARNING  | [lf.day.no_flights] No direct flights on 20MAY
2026-01-30 05:18:57 | INFO     | [SUCCESS] Day 20MAY
2026-01-30 05:18:57 | INFO     | [DAY_START] Processing 19MAY
[LF] Processing JED-LXR for 19MAY
2026-01-30 05:18:57 | INFO     | [lf.day.start] Processing JED-LXR for 19MAY
[LF] Sending SN command: SN19MAYJEDLXR/ASM
[LF] No direct flights on 19MAY for JED-LXR
2026-01-30 05:18:58 | WARNING  | [lf.day.no_flights] No direct flights on 19MAY
2026-01-30 05:18:58 | INFO     | [SUCCESS] Day 19MAY
2026-01-30 05:18:58 | INFO     | [DAY_START] Processing 18MAY
[LF] Processing JED-LXR for 18MAY
2026-01-30 05:18:58 | INFO     | [lf.day.start] Processing JED-LXR for 18MAY
[LF] Sending SN command: SN18MAYJEDLXR/ASM
[LF] No direct flights on 18MAY for JED-LXR
2026-01-30 05:18:59 | WARNING  | [lf.day.no_flights] No direct flights on 18MAY
2026-01-30 05:18:59 | INFO     | [SUCCESS] Day 18MAY
2026-01-30 05:18:59 | INFO     | [DAY_START] Processing 17MAY
[LF] Processing JED-LXR for 17MAY
2026-01-30 05:18:59 | INFO     | [lf.day.start] Processing JED-LXR for 17MAY
[LF] Sending SN command: SN17MAYJEDLXR/ASM
[LF] No direct flights on 17MAY for JED-LXR
2026-01-30 05:19:01 | WARNING  | [lf.day.no_flights] No direct flights on 17MAY
2026-01-30 05:19:01 | INFO     | [SUCCESS] Day 17MAY
2026-01-30 05:19:01 | INFO     | [DAY_START] Processing 16MAY
[LF] Processing JED-LXR for 16MAY
2026-01-30 05:19:01 | INFO     | [lf.day.start] Processing JED-LXR for 16MAY
[LF] Sending SN command: SN16MAYJEDLXR/ASM
[LF] No direct flights on 16MAY for JED-LXR
2026-01-30 05:19:02 | WARNING  | [lf.day.no_flights] No direct flights on 16MAY
2026-01-30 05:19:02 | INFO     | [SUCCESS] Day 16MAY
2026-01-30 05:19:02 | INFO     | [DAY_START] Processing 15MAY
[LF] Processing JED-LXR for 15MAY
2026-01-30 05:19:02 | INFO     | [lf.day.start] Processing JED-LXR for 15MAY
[LF] Sending SN command: SN15MAYJEDLXR/ASM
[LF] No direct flights on 15MAY for JED-LXR
2026-01-30 05:19:03 | WARNING  | [lf.day.no_flights] No direct flights on 15MAY
2026-01-30 05:19:03 | INFO     | [SUCCESS] Day 15MAY
[LF] Results summary:
  2026-05-22: 0 flights
  2026-05-21: 0 flights
  2026-05-20: 0 flights
  2026-05-19: 0 flights
  2026-05-18: 0 flights
  2026-05-17: 0 flights
  2026-05-16: 0 flights
  2026-05-15: 0 flights
2026-01-30 05:19:03 | INFO     | [SUCCESS] LF Search Complete

============================================================
[Worker_9223] ✓ COMPLETED: JED-LXR
  Results: 8 dates
  Errors: 0 dates
  Total Processed: 7 groups
============================================================

2026-01-30 05:19:03 | INFO     | [Worker_9223] Completed: JED-LXR - 8 results, 0 errors

============================================================
[Worker_9223] Processing: TUU-CAI
  Tier 0: Range 4, Chunk 2/4
  Dates: 8 days
  Date Range: 2026-05-22 to 2026-05-15
============================================================

2026-01-30 05:19:03 | INFO     | [Worker_9223] Processing: TUU-CAI
2026-01-30 05:19:03 | INFO     |   Tier 0: Range 4, Chunk 2/4 (8 days)
2026-01-30 05:19:03 | INFO     | ======================================================================
2026-01-30 05:19:03 | INFO     | Load Factor Scraper Started - Route: TUU-CAI
2026-01-30 05:19:03 | INFO     | Log file: D:\CODERED\LAB\Artifacts\outputs\run_generated_300126_at_05.16\logs\LF_TUU-CAI_20260130_051903.log
2026-01-30 05:19:03 | INFO     | Enhanced logging: Capturing both logging.info() and print()
2026-01-30 05:19:03 | INFO     | ======================================================================
[LF] Processing dates (override): ['22MAY', '21MAY', '20MAY', '19MAY', '18MAY', '17MAY', '16MAY', '15MAY']
[LF] Attaching to Chrome for Altea access
2026-01-30 05:19:03 | INFO     | Starting LF search for route: TUU-CAI
2026-01-30 05:19:03 | INFO     | [START] LF Search
[LF][[OK] SUCCESS] Connected to Chrome on 127.0.0.1:9223 (after 1 attempts)
2026-01-30 05:19:04 | INFO     | [HEALTH CHECK] [OK] Chrome connection is healthy
[LF][[OK] SUCCESS] Found Amadeus Altea window: Altéa Reservation Desktop
[LF][[INFO] INFO] URL: https://tc212.resdesktop.altea.amadeus.com/app_ard/apf/init/login?SITE=ESMPESMP&LANGUAGE=GB&MARKETS=ARDW_PROD_WBP&ACTION=clpLogin
2026-01-30 05:19:04 | INFO     | [DAY_START] Processing 22MAY
[LF] Processing TUU-CAI for 22MAY
2026-01-30 05:19:04 | INFO     | [lf.day.start] Processing TUU-CAI for 22MAY
[LF] Sending SN command: SN22MAYTUUCAI/ASM
[LF] 22MAY: found 1 direct flights
2026-01-30 05:19:05 | INFO     | [lf.day.flights_found] Found 1 flights on 22MAY
2026-01-30 05:19:07 | INFO     | [lf.flight.extracted] SM326 on 22MAY: BKG=0, LF=0.0%
[LF] SM326 22MAY: BKG=0, GRP=0, CAP=175, LF%=0.0%, Brd-Off=TUU-CAI
2026-01-30 05:19:08 | INFO     | [SUCCESS] Day 22MAY
2026-01-30 05:19:08 | INFO     | [DAY_START] Processing 21MAY
[LF] Processing TUU-CAI for 21MAY
2026-01-30 05:19:08 | INFO     | [lf.day.start] Processing TUU-CAI for 21MAY
[LF] Sending SN command: SN21MAYTUUCAI/ASM
[LF] 21MAY: found 1 direct flights
2026-01-30 05:19:09 | INFO     | [lf.day.flights_found] Found 1 flights on 21MAY
2026-01-30 05:19:11 | INFO     | [lf.flight.extracted] SM326 on 21MAY: BKG=0, LF=0.0%
[LF] SM326 21MAY: BKG=0, GRP=0, CAP=175, LF%=0.0%, Brd-Off=TUU-CAI
2026-01-30 05:19:12 | INFO     | [SUCCESS] Day 21MAY
2026-01-30 05:19:12 | INFO     | [DAY_START] Processing 20MAY
[LF] Processing TUU-CAI for 20MAY
2026-01-30 05:19:12 | INFO     | [lf.day.start] Processing TUU-CAI for 20MAY
[LF] Sending SN command: SN20MAYTUUCAI/ASM
[LF] No direct flights on 20MAY for TUU-CAI
2026-01-30 05:19:13 | WARNING  | [lf.day.no_flights] No direct flights on 20MAY
2026-01-30 05:19:13 | INFO     | [SUCCESS] Day 20MAY
2026-01-30 05:19:13 | INFO     | [DAY_START] Processing 19MAY
[LF] Processing TUU-CAI for 19MAY
2026-01-30 05:19:13 | INFO     | [lf.day.start] Processing TUU-CAI for 19MAY
[LF] Sending SN command: SN19MAYTUUCAI/ASM
[LF] 19MAY: found 1 direct flights
2026-01-30 05:19:14 | INFO     | [lf.day.flights_found] Found 1 flights on 19MAY
2026-01-30 05:19:16 | INFO     | [lf.flight.extracted] SM326 on 19MAY: BKG=0, LF=0.0%
[LF] SM326 19MAY: BKG=0, GRP=0, CAP=175, LF%=0.0%, Brd-Off=TUU-CAI
2026-01-30 05:19:17 | INFO     | [SUCCESS] Day 19MAY
2026-01-30 05:19:17 | INFO     | [DAY_START] Processing 18MAY
[LF] Processing TUU-CAI for 18MAY
2026-01-30 05:19:17 | INFO     | [lf.day.start] Processing TUU-CAI for 18MAY
[LF] Sending SN command: SN18MAYTUUCAI/ASM
[LF] No direct flights on 18MAY for TUU-CAI
2026-01-30 05:19:18 | WARNING  | [lf.day.no_flights] No direct flights on 18MAY
2026-01-30 05:19:18 | INFO     | [SUCCESS] Day 18MAY
2026-01-30 05:19:18 | INFO     | [DAY_START] Processing 17MAY
[LF] Processing TUU-CAI for 17MAY
2026-01-30 05:19:18 | INFO     | [lf.day.start] Processing TUU-CAI for 17MAY
[LF] Sending SN command: SN17MAYTUUCAI/ASM
[LF] No direct flights on 17MAY for TUU-CAI
2026-01-30 05:19:20 | WARNING  | [lf.day.no_flights] No direct flights on 17MAY
2026-01-30 05:19:20 | INFO     | [SUCCESS] Day 17MAY
2026-01-30 05:19:20 | INFO     | [DAY_START] Processing 16MAY
[LF] Processing TUU-CAI for 16MAY
2026-01-30 05:19:20 | INFO     | [lf.day.start] Processing TUU-CAI for 16MAY
[LF] Sending SN command: SN16MAYTUUCAI/ASM
[LF] 16MAY: found 1 direct flights
2026-01-30 05:19:21 | INFO     | [lf.day.flights_found] Found 1 flights on 16MAY
2026-01-30 05:19:23 | INFO     | [lf.flight.extracted] SM326 on 16MAY: BKG=0, LF=0.0%
[LF] SM326 16MAY: BKG=0, GRP=0, CAP=175, LF%=0.0%, Brd-Off=TUU-CAI
2026-01-30 05:19:24 | INFO     | [SUCCESS] Day 16MAY
2026-01-30 05:19:24 | INFO     | [DAY_START] Processing 15MAY
[LF] Processing TUU-CAI for 15MAY
2026-01-30 05:19:24 | INFO     | [lf.day.start] Processing TUU-CAI for 15MAY
[LF] Sending SN command: SN15MAYTUUCAI/ASM
[LF] 15MAY: found 1 direct flights
2026-01-30 05:19:25 | INFO     | [lf.day.flights_found] Found 1 flights on 15MAY
2026-01-30 05:19:27 | INFO     | [lf.flight.extracted] SM326 on 15MAY: BKG=3, LF=1.7%
[LF] SM326 15MAY: BKG=3, GRP=0, CAP=175, LF%=1.7%, Brd-Off=TUU-CAI, Classes: I:3
[LF] Getting WEEKLY/LASTSOLD data for 1 flights
[LF] SM326 15MAY: LASTSOLD=2026-01-29 00:00:00, WEEKLY=1, TODAY=0, YDAY=1
2026-01-30 05:19:29 | INFO     | [SUCCESS] Day 15MAY
[LF] Results summary:
  2026-05-22: 1 flights
  2026-05-21: 1 flights
  2026-05-20: 0 flights
  2026-05-19: 1 flights
  2026-05-18: 0 flights
  2026-05-17: 0 flights
  2026-05-16: 1 flights
  2026-05-15: 1 flights
2026-01-30 05:19:29 | INFO     | [SUCCESS] LF Search Complete

============================================================
[Worker_9223] ✓ COMPLETED: TUU-CAI
  Results: 8 dates
  Errors: 0 dates
  Total Processed: 8 groups
============================================================

2026-01-30 05:19:29 | INFO     | [Worker_9223] Completed: TUU-CAI - 8 results, 0 errors

============================================================
[Worker_9223] Processing: GIZ-CAI
  Tier 0: Range 4, Chunk 2/4
  Dates: 8 days
  Date Range: 2026-05-22 to 2026-05-15
============================================================

2026-01-30 05:19:29 | INFO     | [Worker_9223] Processing: GIZ-CAI
2026-01-30 05:19:29 | INFO     |   Tier 0: Range 4, Chunk 2/4 (8 days)
2026-01-30 05:19:29 | INFO     | ======================================================================
2026-01-30 05:19:29 | INFO     | Load Factor Scraper Started - Route: GIZ-CAI
2026-01-30 05:19:29 | INFO     | Log file: D:\CODERED\LAB\Artifacts\outputs\run_generated_300126_at_05.16\logs\LF_GIZ-CAI_20260130_051929.log
2026-01-30 05:19:29 | INFO     | Enhanced logging: Capturing both logging.info() and print()
2026-01-30 05:19:29 | INFO     | ======================================================================
[LF] Processing dates (override): ['22MAY', '21MAY', '20MAY', '19MAY', '18MAY', '17MAY', '16MAY', '15MAY']
[LF] Attaching to Chrome for Altea access
2026-01-30 05:19:29 | INFO     | Starting LF search for route: GIZ-CAI
2026-01-30 05:19:29 | INFO     | [START] LF Search
[LF][[OK] SUCCESS] Connected to Chrome on 127.0.0.1:9223 (after 1 attempts)
2026-01-30 05:19:30 | INFO     | [HEALTH CHECK] [OK] Chrome connection is healthy
[LF][[OK] SUCCESS] Found Amadeus Altea window: Altéa Reservation Desktop
[LF][[INFO] INFO] URL: https://tc212.resdesktop.altea.amadeus.com/app_ard/apf/init/login?SITE=ESMPESMP&LANGUAGE=GB&MARKETS=ARDW_PROD_WBP&ACTION=clpLogin
2026-01-30 05:19:30 | INFO     | [DAY_START] Processing 22MAY
[LF] Processing GIZ-CAI for 22MAY
2026-01-30 05:19:30 | INFO     | [lf.day.start] Processing GIZ-CAI for 22MAY
[LF] Sending SN command: SN22MAYGIZCAI/ASM
[LF] 22MAY: found 1 direct flights
2026-01-30 05:19:31 | INFO     | [lf.day.flights_found] Found 1 flights on 22MAY
2026-01-30 05:19:33 | INFO     | [lf.flight.extracted] SM330 on 22MAY: BKG=1, LF=0.6%
[LF] SM330 22MAY: BKG=1, GRP=0, CAP=175, LF%=0.6%, Brd-Off=GIZ-CAI, Classes: H:1
[LF] Getting WEEKLY/LASTSOLD data for 1 flights
[LF] SM330 22MAY: LASTSOLD=2026-01-27 00:00:00, WEEKLY=1, TODAY=0, YDAY=0
2026-01-30 05:19:35 | INFO     | [SUCCESS] Day 22MAY
2026-01-30 05:19:35 | INFO     | [DAY_START] Processing 21MAY
[LF] Processing GIZ-CAI for 21MAY
2026-01-30 05:19:35 | INFO     | [lf.day.start] Processing GIZ-CAI for 21MAY
[LF] Sending SN command: SN21MAYGIZCAI/ASM
[LF] 21MAY: found 1 direct flights
2026-01-30 05:19:36 | INFO     | [lf.day.flights_found] Found 1 flights on 21MAY
2026-01-30 05:19:38 | INFO     | [lf.flight.extracted] SM330 on 21MAY: BKG=1, LF=0.6%
[LF] SM330 21MAY: BKG=1, GRP=0, CAP=175, LF%=0.6%, Brd-Off=GIZ-CAI, Classes: H:1
[LF] Getting WEEKLY/LASTSOLD data for 1 flights
[LF] SM330 21MAY: LASTSOLD=2026-01-15 00:00:00, WEEKLY=0, TODAY=0, YDAY=0
2026-01-30 05:19:41 | INFO     | [SUCCESS] Day 21MAY
2026-01-30 05:19:41 | INFO     | [DAY_START] Processing 20MAY
[LF] Processing GIZ-CAI for 20MAY
2026-01-30 05:19:41 | INFO     | [lf.day.start] Processing GIZ-CAI for 20MAY
[LF] Sending SN command: SN20MAYGIZCAI/ASM
[LF] No direct flights on 20MAY for GIZ-CAI
2026-01-30 05:19:42 | WARNING  | [lf.day.no_flights] No direct flights on 20MAY
2026-01-30 05:19:42 | INFO     | [SUCCESS] Day 20MAY
2026-01-30 05:19:42 | INFO     | [DAY_START] Processing 19MAY
[LF] Processing GIZ-CAI for 19MAY
2026-01-30 05:19:42 | INFO     | [lf.day.start] Processing GIZ-CAI for 19MAY
[LF] Sending SN command: SN19MAYGIZCAI/ASM
[LF] No direct flights on 19MAY for GIZ-CAI
2026-01-30 05:19:43 | WARNING  | [lf.day.no_flights] No direct flights on 19MAY
2026-01-30 05:19:43 | INFO     | [SUCCESS] Day 19MAY
2026-01-30 05:19:43 | INFO     | [DAY_START] Processing 18MAY
[LF] Processing GIZ-CAI for 18MAY
2026-01-30 05:19:43 | INFO     | [lf.day.start] Processing GIZ-CAI for 18MAY
[LF] Sending SN command: SN18MAYGIZCAI/ASM
[LF] No direct flights on 18MAY for GIZ-CAI
2026-01-30 05:19:44 | WARNING  | [lf.day.no_flights] No direct flights on 18MAY
2026-01-30 05:19:44 | INFO     | [SUCCESS] Day 18MAY
2026-01-30 05:19:44 | INFO     | [DAY_START] Processing 17MAY
[LF] Processing GIZ-CAI for 17MAY
2026-01-30 05:19:44 | INFO     | [lf.day.start] Processing GIZ-CAI for 17MAY
[LF] Sending SN command: SN17MAYGIZCAI/ASM
[LF] 17MAY: found 1 direct flights
2026-01-30 05:19:46 | INFO     | [lf.day.flights_found] Found 1 flights on 17MAY
2026-01-30 05:19:47 | INFO     | [lf.flight.extracted] SM330 on 17MAY: BKG=0, LF=0.0%
[LF] SM330 17MAY: BKG=0, GRP=0, CAP=175, LF%=0.0%, Brd-Off=GIZ-CAI
2026-01-30 05:19:49 | INFO     | [SUCCESS] Day 17MAY
2026-01-30 05:19:49 | INFO     | [DAY_START] Processing 16MAY
[LF] Processing GIZ-CAI for 16MAY
2026-01-30 05:19:49 | INFO     | [lf.day.start] Processing GIZ-CAI for 16MAY
[LF] Sending SN command: SN16MAYGIZCAI/ASM
[LF] No direct flights on 16MAY for GIZ-CAI
2026-01-30 05:19:50 | WARNING  | [lf.day.no_flights] No direct flights on 16MAY
2026-01-30 05:19:50 | INFO     | [SUCCESS] Day 16MAY
2026-01-30 05:19:50 | INFO     | [DAY_START] Processing 15MAY
[LF] Processing GIZ-CAI for 15MAY
2026-01-30 05:19:50 | INFO     | [lf.day.start] Processing GIZ-CAI for 15MAY
[LF] Sending SN command: SN15MAYGIZCAI/ASM
[LF] 15MAY: found 1 direct flights
2026-01-30 05:19:51 | INFO     | [lf.day.flights_found] Found 1 flights on 15MAY
2026-01-30 05:19:53 | INFO     | [lf.flight.extracted] SM330 on 15MAY: BKG=7, LF=4.0%
[LF] SM330 15MAY: BKG=7, GRP=0, CAP=175, LF%=4.0%, Brd-Off=GIZ-CAI, Classes: I:3, O:4
[LF] Getting WEEKLY/LASTSOLD data for 1 flights
[LF] SM330 15MAY: LASTSOLD=2026-01-29 00:00:00, WEEKLY=2, TODAY=0, YDAY=2
2026-01-30 05:19:55 | INFO     | [SUCCESS] Day 15MAY
[LF] Results summary:
  2026-05-22: 1 flights
  2026-05-21: 1 flights
  2026-05-20: 0 flights
  2026-05-19: 0 flights
  2026-05-18: 0 flights
  2026-05-17: 1 flights
  2026-05-16: 0 flights
  2026-05-15: 1 flights
2026-01-30 05:19:55 | INFO     | [SUCCESS] LF Search Complete

============================================================
[Worker_9223] ✓ COMPLETED: GIZ-CAI
  Results: 8 dates
  Errors: 0 dates
  Total Processed: 9 groups
============================================================

2026-01-30 05:19:55 | INFO     | [Worker_9223] Completed: GIZ-CAI - 8 results, 0 errors

============================================================
[Worker_9223] Processing: CAI-RUH
  Tier 0: Range 4, Chunk 2/4
  Dates: 8 days
  Date Range: 2026-05-22 to 2026-05-15
============================================================

2026-01-30 05:19:55 | INFO     | [Worker_9223] Processing: CAI-RUH
2026-01-30 05:19:55 | INFO     |   Tier 0: Range 4, Chunk 2/4 (8 days)
2026-01-30 05:19:55 | INFO     | ======================================================================
2026-01-30 05:19:55 | INFO     | Load Factor Scraper Started - Route: CAI-RUH
2026-01-30 05:19:55 | INFO     | Log file: D:\CODERED\LAB\Artifacts\outputs\run_generated_300126_at_05.16\logs\LF_CAI-RUH_20260130_051955.log
2026-01-30 05:19:55 | INFO     | Enhanced logging: Capturing both logging.info() and print()
2026-01-30 05:19:55 | INFO     | ======================================================================
[LF] Processing dates (override): ['22MAY', '21MAY', '20MAY', '19MAY', '18MAY', '17MAY', '16MAY', '15MAY']
[LF] Attaching to Chrome for Altea access
2026-01-30 05:19:55 | INFO     | Starting LF search for route: CAI-RUH
2026-01-30 05:19:55 | INFO     | [START] LF Search
[LF][[OK] SUCCESS] Connected to Chrome on 127.0.0.1:9223 (after 1 attempts)
2026-01-30 05:19:56 | INFO     | [HEALTH CHECK] [OK] Chrome connection is healthy
[LF][[OK] SUCCESS] Found Amadeus Altea window: Altéa Reservation Desktop
[LF][[INFO] INFO] URL: https://tc212.resdesktop.altea.amadeus.com/app_ard/apf/init/login?SITE=ESMPESMP&LANGUAGE=GB&MARKETS=ARDW_PROD_WBP&ACTION=clpLogin
2026-01-30 05:19:56 | INFO     | [DAY_START] Processing 22MAY
[LF] Processing CAI-RUH for 22MAY
2026-01-30 05:19:56 | INFO     | [lf.day.start] Processing CAI-RUH for 22MAY
[LF] Sending SN command: SN22MAYCAIRUH/ASM
[LF] 22MAY: found 1 direct flights
2026-01-30 05:19:57 | INFO     | [lf.day.flights_found] Found 1 flights on 22MAY
2026-01-30 05:19:59 | INFO     | [lf.flight.extracted] SM469 on 22MAY: BKG=0, LF=0.0%
[LF] SM469 22MAY: BKG=0, GRP=0, CAP=179, LF%=0.0%, Brd-Off=CAI-RUH
2026-01-30 05:20:00 | INFO     | [SUCCESS] Day 22MAY
2026-01-30 05:20:00 | INFO     | [DAY_START] Processing 21MAY
[LF] Processing CAI-RUH for 21MAY
2026-01-30 05:20:00 | INFO     | [lf.day.start] Processing CAI-RUH for 21MAY
[LF] Sending SN command: SN21MAYCAIRUH/ASM
[LF] 21MAY: found 1 direct flights
2026-01-30 05:20:01 | INFO     | [lf.day.flights_found] Found 1 flights on 21MAY
2026-01-30 05:20:04 | INFO     | [lf.flight.extracted] SM461 on 21MAY: BKG=0, LF=0.0%
[LF] SM461 21MAY: BKG=0, GRP=0, CAP=179, LF%=0.0%, Brd-Off=CAI-RUH
2026-01-30 05:20:05 | INFO     | [SUCCESS] Day 21MAY
2026-01-30 05:20:05 | INFO     | [DAY_START] Processing 20MAY
[LF] Processing CAI-RUH for 20MAY
2026-01-30 05:20:05 | INFO     | [lf.day.start] Processing CAI-RUH for 20MAY
[LF] Sending SN command: SN20MAYCAIRUH/ASM
[LF] 20MAY: found 1 direct flights
2026-01-30 05:20:06 | INFO     | [lf.day.flights_found] Found 1 flights on 20MAY
2026-01-30 05:20:08 | INFO     | [lf.flight.extracted] SM461 on 20MAY: BKG=0, LF=0.0%
[LF] SM461 20MAY: BKG=0, GRP=0, CAP=179, LF%=0.0%, Brd-Off=CAI-RUH
2026-01-30 05:20:09 | INFO     | [SUCCESS] Day 20MAY
2026-01-30 05:20:09 | INFO     | [DAY_START] Processing 19MAY
[LF] Processing CAI-RUH for 19MAY
2026-01-30 05:20:09 | INFO     | [lf.day.start] Processing CAI-RUH for 19MAY
[LF] Sending SN command: SN19MAYCAIRUH/ASM
[LF] 19MAY: found 1 direct flights
2026-01-30 05:20:11 | INFO     | [lf.day.flights_found] Found 1 flights on 19MAY
2026-01-30 05:20:12 | INFO     | [lf.flight.extracted] SM461 on 19MAY: BKG=0, LF=0.0%
[LF] SM461 19MAY: BKG=0, GRP=0, CAP=179, LF%=0.0%, Brd-Off=CAI-RUH
2026-01-30 05:20:14 | INFO     | [SUCCESS] Day 19MAY
2026-01-30 05:20:14 | INFO     | [DAY_START] Processing 18MAY
[LF] Processing CAI-RUH for 18MAY
2026-01-30 05:20:14 | INFO     | [lf.day.start] Processing CAI-RUH for 18MAY
[LF] Sending SN command: SN18MAYCAIRUH/ASM
[LF] 18MAY: found 1 direct flights
2026-01-30 05:20:15 | INFO     | [lf.day.flights_found] Found 1 flights on 18MAY
2026-01-30 05:20:17 | INFO     | [lf.flight.extracted] SM461 on 18MAY: BKG=0, LF=0.0%
[LF] SM461 18MAY: BKG=0, GRP=0, CAP=179, LF%=0.0%, Brd-Off=CAI-RUH
2026-01-30 05:20:18 | INFO     | [SUCCESS] Day 18MAY
2026-01-30 05:20:18 | INFO     | [DAY_START] Processing 17MAY
[LF] Processing CAI-RUH for 17MAY
2026-01-30 05:20:18 | INFO     | [lf.day.start] Processing CAI-RUH for 17MAY
[LF] Sending SN command: SN17MAYCAIRUH/ASM
[LF] 17MAY: found 1 direct flights
2026-01-30 05:20:19 | INFO     | [lf.day.flights_found] Found 1 flights on 17MAY
2026-01-30 05:20:21 | INFO     | [lf.flight.extracted] SM461 on 17MAY: BKG=0, LF=0.0%
[LF] SM461 17MAY: BKG=0, GRP=0, CAP=179, LF%=0.0%, Brd-Off=CAI-RUH
2026-01-30 05:20:22 | INFO     | [SUCCESS] Day 17MAY
2026-01-30 05:20:22 | INFO     | [DAY_START] Processing 16MAY
[LF] Processing CAI-RUH for 16MAY
2026-01-30 05:20:22 | INFO     | [lf.day.start] Processing CAI-RUH for 16MAY
[LF] Sending SN command: SN16MAYCAIRUH/ASM
[LF] 16MAY: found 1 direct flights
2026-01-30 05:20:23 | INFO     | [lf.day.flights_found] Found 1 flights on 16MAY
2026-01-30 05:20:25 | INFO     | [lf.flight.extracted] SM461 on 16MAY: BKG=0, LF=0.0%
[LF] SM461 16MAY: BKG=0, GRP=0, CAP=179, LF%=0.0%, Brd-Off=CAI-RUH
2026-01-30 05:20:26 | INFO     | [SUCCESS] Day 16MAY
2026-01-30 05:20:26 | INFO     | [DAY_START] Processing 15MAY
[LF] Processing CAI-RUH for 15MAY
2026-01-30 05:20:26 | INFO     | [lf.day.start] Processing CAI-RUH for 15MAY
[LF] Sending SN command: SN15MAYCAIRUH/ASM
[LF] 15MAY: found 1 direct flights
2026-01-30 05:20:27 | INFO     | [lf.day.flights_found] Found 1 flights on 15MAY
2026-01-30 05:20:29 | INFO     | [lf.flight.extracted] SM469 on 15MAY: BKG=0, LF=0.0%
[LF] SM469 15MAY: BKG=0, GRP=0, CAP=179, LF%=0.0%, Brd-Off=CAI-RUH
2026-01-30 05:20:30 | INFO     | [SUCCESS] Day 15MAY
[LF] Results summary:
  2026-05-22: 1 flights
  2026-05-21: 1 flights
  2026-05-20: 1 flights
  2026-05-19: 1 flights
  2026-05-18: 1 flights
  2026-05-17: 1 flights
  2026-05-16: 1 flights
  2026-05-15: 1 flights
2026-01-30 05:20:30 | INFO     | [SUCCESS] LF Search Complete

============================================================
[Worker_9223] ✓ COMPLETED: CAI-RUH
  Results: 8 dates
  Errors: 0 dates
  Total Processed: 10 groups
============================================================

2026-01-30 05:20:30 | INFO     | [Worker_9223] Completed: CAI-RUH - 8 results, 0 errors

============================================================
[Worker_9223] Processing: ATZ-ELQ
  Tier 0: Range 4, Chunk 2/4
  Dates: 8 days
  Date Range: 2026-05-22 to 2026-05-15
============================================================

2026-01-30 05:20:30 | INFO     | [Worker_9223] Processing: ATZ-ELQ
2026-01-30 05:20:30 | INFO     |   Tier 0: Range 4, Chunk 2/4 (8 days)
2026-01-30 05:20:30 | INFO     | ======================================================================
2026-01-30 05:20:30 | INFO     | Load Factor Scraper Started - Route: ATZ-ELQ
2026-01-30 05:20:30 | INFO     | Log file: D:\CODERED\LAB\Artifacts\outputs\run_generated_300126_at_05.16\logs\LF_ATZ-ELQ_20260130_052030.log
2026-01-30 05:20:30 | INFO     | Enhanced logging: Capturing both logging.info() and print()
2026-01-30 05:20:30 | INFO     | ======================================================================
[LF] Processing dates (override): ['22MAY', '21MAY', '20MAY', '19MAY', '18MAY', '17MAY', '16MAY', '15MAY']
[LF] Attaching to Chrome for Altea access
2026-01-30 05:20:30 | INFO     | Starting LF search for route: ATZ-ELQ
2026-01-30 05:20:30 | INFO     | [START] LF Search
[LF][[OK] SUCCESS] Connected to Chrome on 127.0.0.1:9223 (after 1 attempts)
2026-01-30 05:20:31 | INFO     | [HEALTH CHECK] [OK] Chrome connection is healthy
[LF][[OK] SUCCESS] Found Amadeus Altea window: Altéa Reservation Desktop
[LF][[INFO] INFO] URL: https://tc212.resdesktop.altea.amadeus.com/app_ard/apf/init/login?SITE=ESMPESMP&LANGUAGE=GB&MARKETS=ARDW_PROD_WBP&ACTION=clpLogin
2026-01-30 05:20:31 | INFO     | [DAY_START] Processing 22MAY
[LF] Processing ATZ-ELQ for 22MAY
2026-01-30 05:20:31 | INFO     | [lf.day.start] Processing ATZ-ELQ for 22MAY
[LF] Sending SN command: SN22MAYATZELQ/ASM
[LF] No direct flights on 22MAY for ATZ-ELQ
2026-01-30 05:20:32 | WARNING  | [lf.day.no_flights] No direct flights on 22MAY
2026-01-30 05:20:32 | INFO     | [SUCCESS] Day 22MAY
2026-01-30 05:20:32 | INFO     | [DAY_START] Processing 21MAY
[LF] Processing ATZ-ELQ for 21MAY
2026-01-30 05:20:32 | INFO     | [lf.day.start] Processing ATZ-ELQ for 21MAY
[LF] Sending SN command: SN21MAYATZELQ/ASM
[LF] No direct flights on 21MAY for ATZ-ELQ
2026-01-30 05:20:33 | WARNING  | [lf.day.no_flights] No direct flights on 21MAY
2026-01-30 05:20:33 | INFO     | [SUCCESS] Day 21MAY
2026-01-30 05:20:33 | INFO     | [DAY_START] Processing 20MAY
[LF] Processing ATZ-ELQ for 20MAY
2026-01-30 05:20:33 | INFO     | [lf.day.start] Processing ATZ-ELQ for 20MAY
[LF] Sending SN command: SN20MAYATZELQ/ASM
[LF] No direct flights on 20MAY for ATZ-ELQ
2026-01-30 05:20:34 | WARNING  | [lf.day.no_flights] No direct flights on 20MAY
2026-01-30 05:20:34 | INFO     | [SUCCESS] Day 20MAY
2026-01-30 05:20:34 | INFO     | [DAY_START] Processing 19MAY
[LF] Processing ATZ-ELQ for 19MAY
2026-01-30 05:20:34 | INFO     | [lf.day.start] Processing ATZ-ELQ for 19MAY
[LF] Sending SN command: SN19MAYATZELQ/ASM
[LF] No direct flights on 19MAY for ATZ-ELQ
2026-01-30 05:20:35 | WARNING  | [lf.day.no_flights] No direct flights on 19MAY
2026-01-30 05:20:35 | INFO     | [SUCCESS] Day 19MAY
2026-01-30 05:20:35 | INFO     | [DAY_START] Processing 18MAY
[LF] Processing ATZ-ELQ for 18MAY
2026-01-30 05:20:35 | INFO     | [lf.day.start] Processing ATZ-ELQ for 18MAY
[LF] Sending SN command: SN18MAYATZELQ/ASM
[LF] No direct flights on 18MAY for ATZ-ELQ
2026-01-30 05:20:36 | WARNING  | [lf.day.no_flights] No direct flights on 18MAY
2026-01-30 05:20:36 | INFO     | [SUCCESS] Day 18MAY
2026-01-30 05:20:36 | INFO     | [DAY_START] Processing 17MAY
[LF] Processing ATZ-ELQ for 17MAY
2026-01-30 05:20:36 | INFO     | [lf.day.start] Processing ATZ-ELQ for 17MAY
[LF] Sending SN command: SN17MAYATZELQ/ASM
[LF] No direct flights on 17MAY for ATZ-ELQ
2026-01-30 05:20:38 | WARNING  | [lf.day.no_flights] No direct flights on 17MAY
2026-01-30 05:20:38 | INFO     | [SUCCESS] Day 17MAY
2026-01-30 05:20:38 | INFO     | [DAY_START] Processing 16MAY
[LF] Processing ATZ-ELQ for 16MAY
2026-01-30 05:20:38 | INFO     | [lf.day.start] Processing ATZ-ELQ for 16MAY
[LF] Sending SN command: SN16MAYATZELQ/ASM
[LF] No direct flights on 16MAY for ATZ-ELQ
2026-01-30 05:20:39 | WARNING  | [lf.day.no_flights] No direct flights on 16MAY
2026-01-30 05:20:39 | INFO     | [SUCCESS] Day 16MAY
2026-01-30 05:20:39 | INFO     | [DAY_START] Processing 15MAY
[LF] Processing ATZ-ELQ for 15MAY
2026-01-30 05:20:39 | INFO     | [lf.day.start] Processing ATZ-ELQ for 15MAY
[LF] Sending SN command: SN15MAYATZELQ/ASM
[LF] No direct flights on 15MAY for ATZ-ELQ
2026-01-30 05:20:40 | WARNING  | [lf.day.no_flights] No direct flights on 15MAY
2026-01-30 05:20:40 | INFO     | [SUCCESS] Day 15MAY
[LF] Results summary:
  2026-05-22: 0 flights
  2026-05-21: 0 flights
  2026-05-20: 0 flights
  2026-05-19: 0 flights
  2026-05-18: 0 flights
  2026-05-17: 0 flights
  2026-05-16: 0 flights
  2026-05-15: 0 flights
2026-01-30 05:20:40 | INFO     | [SUCCESS] LF Search Complete

============================================================
[Worker_9223] ✓ COMPLETED: ATZ-ELQ
  Results: 8 dates
  Errors: 0 dates
  Total Processed: 11 groups
============================================================

2026-01-30 05:20:40 | INFO     | [Worker_9223] Completed: ATZ-ELQ - 8 results, 0 errors

============================================================
[Worker_9223] Processing: JED-CAI
  Tier 0: Range 4, Chunk 3/4
  Dates: 8 days
  Date Range: 2026-05-14 to 2026-05-07
============================================================

2026-01-30 05:20:40 | INFO     | [Worker_9223] Processing: JED-CAI
2026-01-30 05:20:40 | INFO     |   Tier 0: Range 4, Chunk 3/4 (8 days)
2026-01-30 05:20:40 | INFO     | ======================================================================
2026-01-30 05:20:40 | INFO     | Load Factor Scraper Started - Route: JED-CAI
2026-01-30 05:20:40 | INFO     | Log file: D:\CODERED\LAB\Artifacts\outputs\run_generated_300126_at_05.16\logs\LF_JED-CAI_20260130_052040.log
2026-01-30 05:20:40 | INFO     | Enhanced logging: Capturing both logging.info() and print()
2026-01-30 05:20:40 | INFO     | ======================================================================
[LF] Processing dates (override): ['14MAY', '13MAY', '12MAY', '11MAY', '10MAY', '09MAY', '08MAY', '07MAY']
[LF] Attaching to Chrome for Altea access
2026-01-30 05:20:40 | INFO     | Starting LF search for route: JED-CAI
2026-01-30 05:20:40 | INFO     | [START] LF Search
[LF][[OK] SUCCESS] Connected to Chrome on 127.0.0.1:9223 (after 1 attempts)
2026-01-30 05:20:41 | INFO     | [HEALTH CHECK] [OK] Chrome connection is healthy
[LF][[OK] SUCCESS] Found Amadeus Altea window: Altéa Reservation Desktop
[LF][[INFO] INFO] URL: https://tc212.resdesktop.altea.amadeus.com/app_ard/apf/init/login?SITE=ESMPESMP&LANGUAGE=GB&MARKETS=ARDW_PROD_WBP&ACTION=clpLogin
2026-01-30 05:20:41 | INFO     | [DAY_START] Processing 14MAY
[LF] Processing JED-CAI for 14MAY
2026-01-30 05:20:41 | INFO     | [lf.day.start] Processing JED-CAI for 14MAY
[LF] Sending SN command: SN14MAYJEDCAI/ASM
[LF] 14MAY: found 2 direct flights
2026-01-30 05:20:42 | INFO     | [lf.day.flights_found] Found 2 flights on 14MAY
2026-01-30 05:20:44 | INFO     | [lf.flight.extracted] SM478 on 14MAY: BKG=4, LF=2.3%
[LF] SM478 14MAY: BKG=4, GRP=0, CAP=175, LF%=2.3%, Brd-Off=JED-CAI, Classes: I:2, T:2
2026-01-30 05:20:47 | INFO     | [lf.flight.extracted] SM476 on 14MAY: BKG=19, LF=10.9%
[LF] SM476 14MAY: BKG=19, GRP=0, CAP=175, LF%=10.9%, Brd-Off=JED-CAI, Classes: I:9, O:8, U:1, S:1
[LF] Getting WEEKLY/LASTSOLD data for 2 flights
[LF] SM478 14MAY: LASTSOLD=2026-01-29 00:00:00, WEEKLY=2, TODAY=0, YDAY=1
[LF] SM476 14MAY: LASTSOLD=2025-12-25 00:00:00, WEEKLY=0, TODAY=0, YDAY=0
2026-01-30 05:20:50 | INFO     | [SUCCESS] Day 14MAY
2026-01-30 05:20:50 | INFO     | [DAY_START] Processing 13MAY
[LF] Processing JED-CAI for 13MAY
2026-01-30 05:20:50 | INFO     | [lf.day.start] Processing JED-CAI for 13MAY
[LF] Sending SN command: SN13MAYJEDCAI/ASM
[LF] 13MAY: found 2 direct flights
2026-01-30 05:20:52 | INFO     | [lf.day.flights_found] Found 2 flights on 13MAY
2026-01-30 05:20:53 | INFO     | [lf.flight.extracted] SM478 on 13MAY: BKG=2, LF=1.2%
[LF] SM478 13MAY: BKG=2, GRP=0, CAP=167, LF%=1.2%, Brd-Off=JED-CAI, Classes: I:2
2026-01-30 05:20:56 | INFO     | [lf.flight.extracted] SM476 on 13MAY: BKG=0, LF=0.0%
[LF] SM476 13MAY: BKG=0, GRP=0, CAP=167, LF%=0.0%, Brd-Off=JED-CAI
[LF] Getting WEEKLY/LASTSOLD data for 1 flights
[LF] SM478 13MAY: LASTSOLD=2025-12-01 00:00:00, WEEKLY=0, TODAY=0, YDAY=0
2026-01-30 05:20:59 | INFO     | [SUCCESS] Day 13MAY
2026-01-30 05:20:59 | INFO     | [DAY_START] Processing 12MAY
[LF] Processing JED-CAI for 12MAY
2026-01-30 05:20:59 | INFO     | [lf.day.start] Processing JED-CAI for 12MAY
[LF] Sending SN command: SN12MAYJEDCAI/ASM
[LF] 12MAY: found 3 direct flights
2026-01-30 05:21:00 | INFO     | [lf.day.flights_found] Found 3 flights on 12MAY
2026-01-30 05:21:02 | INFO     | [lf.flight.extracted] SM478 on 12MAY: BKG=0, LF=0.0%
[LF] SM478 12MAY: BKG=0, GRP=0, CAP=175, LF%=0.0%, Brd-Off=JED-CAI
2026-01-30 05:21:05 | INFO     | [lf.flight.extracted] SM476 on 12MAY: BKG=0, LF=0.0%
[LF] SM476 12MAY: BKG=0, GRP=0, CAP=167, LF%=0.0%, Brd-Off=JED-CAI
2026-01-30 05:21:09 | INFO     | [lf.flight.extracted] SM480 on 12MAY: BKG=0, LF=0.0%
[LF] SM480 12MAY: BKG=0, GRP=0, CAP=175, LF%=0.0%, Brd-Off=JED-CAI
2026-01-30 05:21:10 | INFO     | [SUCCESS] Day 12MAY
2026-01-30 05:21:10 | INFO     | [DAY_START] Processing 11MAY
[LF] Processing JED-CAI for 11MAY
2026-01-30 05:21:10 | INFO     | [lf.day.start] Processing JED-CAI for 11MAY
[LF] Sending SN command: SN11MAYJEDCAI/ASM
[LF] 11MAY: found 4 direct flights
2026-01-30 05:21:11 | INFO     | [lf.day.flights_found] Found 4 flights on 11MAY
2026-01-30 05:21:13 | INFO     | [lf.flight.extracted] SM460 on 11MAY: BKG=0, LF=0.0%
[LF] SM460 11MAY: BKG=0, GRP=0, CAP=167, LF%=0.0%, Brd-Off=JED-CAI
2026-01-30 05:21:16 | INFO     | [lf.flight.extracted] SM478 on 11MAY: BKG=0, LF=0.0%
[LF] SM478 11MAY: BKG=0, GRP=0, CAP=175, LF%=0.0%, Brd-Off=JED-CAI
2026-01-30 05:21:20 | INFO     | [lf.flight.extracted] SM476 on 11MAY: BKG=0, LF=0.0%
[LF] SM476 11MAY: BKG=0, GRP=0, CAP=175, LF%=0.0%, Brd-Off=JED-CAI
2026-01-30 05:21:23 | INFO     | [lf.flight.extracted] SM480 on 11MAY: BKG=0, LF=0.0%
[LF] SM480 11MAY: BKG=0, GRP=0, CAP=175, LF%=0.0%, Brd-Off=JED-CAI
2026-01-30 05:21:24 | INFO     | [SUCCESS] Day 11MAY
2026-01-30 05:21:24 | INFO     | [DAY_START] Processing 10MAY
[LF] Processing JED-CAI for 10MAY
2026-01-30 05:21:24 | INFO     | [lf.day.start] Processing JED-CAI for 10MAY
[LF] Sending SN command: SN10MAYJEDCAI/ASM
[LF] 10MAY: found 2 direct flights
2026-01-30 05:21:25 | INFO     | [lf.day.flights_found] Found 2 flights on 10MAY
2026-01-30 05:21:27 | INFO     | [lf.flight.extracted] SM478 on 10MAY: BKG=1, LF=0.6%
[LF] SM478 10MAY: BKG=1, GRP=0, CAP=175, LF%=0.6%, Brd-Off=JED-CAI, Classes: W:1
[LPC] SM478 10MAY: Found 1 outbound flights with connecting passengers
2026-01-30 05:21:32 | INFO     | [lf.flight.extracted] SM476 on 10MAY: BKG=1, LF=0.6%
[LF] SM476 10MAY: BKG=1, GRP=0, CAP=175, LF%=0.6%, Brd-Off=JED-CAI, Classes: I:1
[LF] Getting WEEKLY/LASTSOLD data for 2 flights
[LF] SM478 10MAY: LASTSOLD=2026-01-25 00:00:00, WEEKLY=1, TODAY=0, YDAY=0
[LF] SM476 10MAY: LASTSOLD=2025-12-14 00:00:00, WEEKLY=0, TODAY=0, YDAY=0
2026-01-30 05:21:35 | INFO     | [SUCCESS] Day 10MAY
2026-01-30 05:21:35 | INFO     | [DAY_START] Processing 09MAY
[LF] Processing JED-CAI for 09MAY
2026-01-30 05:21:35 | INFO     | [lf.day.start] Processing JED-CAI for 09MAY
[LF] Sending SN command: SN09MAYJEDCAI/ASM
[LF] 09MAY: found 2 direct flights
2026-01-30 05:21:37 | INFO     | [lf.day.flights_found] Found 2 flights on 09MAY
2026-01-30 05:21:38 | INFO     | [lf.flight.extracted] SM478 on 09MAY: BKG=1, LF=0.6%
[LF] SM478 09MAY: BKG=1, GRP=0, CAP=175, LF%=0.6%, Brd-Off=JED-CAI, Classes: I:1
2026-01-30 05:21:42 | INFO     | [lf.flight.extracted] SM476 on 09MAY: BKG=0, LF=0.0%
[LF] SM476 09MAY: BKG=0, GRP=0, CAP=175, LF%=0.0%, Brd-Off=JED-CAI
[LF] Getting WEEKLY/LASTSOLD data for 1 flights
[LF] SM478 09MAY: LASTSOLD=2026-01-26 00:00:00, WEEKLY=1, TODAY=0, YDAY=0
2026-01-30 05:21:44 | INFO     | [SUCCESS] Day 09MAY
2026-01-30 05:21:44 | INFO     | [DAY_START] Processing 08MAY
[LF] Processing JED-CAI for 08MAY
2026-01-30 05:21:44 | INFO     | [lf.day.start] Processing JED-CAI for 08MAY
[LF] Sending SN command: SN08MAYJEDCAI/ASM
[LF] 08MAY: found 4 direct flights
2026-01-30 05:21:45 | INFO     | [lf.day.flights_found] Found 4 flights on 08MAY
2026-01-30 05:21:47 | INFO     | [lf.flight.extracted] SM460 on 08MAY: BKG=1, LF=0.6%
[LF] SM460 08MAY: BKG=1, GRP=0, CAP=167, LF%=0.6%, Brd-Off=JED-CAI, Classes: I:1
2026-01-30 05:21:50 | INFO     | [lf.flight.extracted] SM478 on 08MAY: BKG=0, LF=0.0%
[LF] SM478 08MAY: BKG=0, GRP=0, CAP=167, LF%=0.0%, Brd-Off=JED-CAI
2026-01-30 05:21:54 | INFO     | [lf.flight.extracted] SM476 on 08MAY: BKG=0, LF=0.0%
[LF] SM476 08MAY: BKG=0, GRP=0, CAP=175, LF%=0.0%, Brd-Off=JED-CAI
2026-01-30 05:21:56 | INFO     | [lf.flight.extracted] SM480 on 08MAY: BKG=0, LF=0.0%
[LF] SM480 08MAY: BKG=0, GRP=0, CAP=175, LF%=0.0%, Brd-Off=JED-CAI
[LF] Getting WEEKLY/LASTSOLD data for 1 flights
[LF] SM460 08MAY: LASTSOLD=2026-01-21 00:00:00, WEEKLY=0, TODAY=0, YDAY=0
2026-01-30 05:21:59 | INFO     | [SUCCESS] Day 08MAY
2026-01-30 05:21:59 | INFO     | [DAY_START] Processing 07MAY
[LF] Processing JED-CAI for 07MAY
2026-01-30 05:21:59 | INFO     | [lf.day.start] Processing JED-CAI for 07MAY
[LF] Sending SN command: SN07MAYJEDCAI/ASM
[LF] 07MAY: found 2 direct flights
2026-01-30 05:22:00 | INFO     | [lf.day.flights_found] Found 2 flights on 07MAY
2026-01-30 05:22:02 | INFO     | [lf.flight.extracted] SM478 on 07MAY: BKG=0, LF=0.0%
[LF] SM478 07MAY: BKG=0, GRP=0, CAP=175, LF%=0.0%, Brd-Off=JED-CAI
2026-01-30 05:22:05 | INFO     | [lf.flight.extracted] SM476 on 07MAY: BKG=0, LF=0.0%
[LF] SM476 07MAY: BKG=0, GRP=0, CAP=175, LF%=0.0%, Brd-Off=JED-CAI
2026-01-30 05:22:06 | INFO     | [SUCCESS] Day 07MAY
[LF] Results summary:
  2026-05-14: 2 flights
  2026-05-13: 2 flights
  2026-05-12: 3 flights
  2026-05-11: 4 flights
  2026-05-10: 2 flights
  2026-05-09: 2 flights
  2026-05-08: 4 flights
  2026-05-07: 2 flights
2026-01-30 05:22:06 | INFO     | [SUCCESS] LF Search Complete

============================================================
[Worker_9223] ✓ COMPLETED: JED-CAI
  Results: 8 dates
  Errors: 0 dates
  Total Processed: 12 groups
============================================================

2026-01-30 05:22:06 | INFO     | [Worker_9223] Completed: JED-CAI - 8 results, 0 errors

============================================================
[Worker_9223] Processing: CAI-TUU
  Tier 0: Range 4, Chunk 3/4
  Dates: 8 days
  Date Range: 2026-05-14 to 2026-05-07
============================================================

2026-01-30 05:22:06 | INFO     | [Worker_9223] Processing: CAI-TUU
2026-01-30 05:22:06 | INFO     |   Tier 0: Range 4, Chunk 3/4 (8 days)
2026-01-30 05:22:06 | INFO     | ======================================================================
2026-01-30 05:22:06 | INFO     | Load Factor Scraper Started - Route: CAI-TUU
2026-01-30 05:22:06 | INFO     | Log file: D:\CODERED\LAB\Artifacts\outputs\run_generated_300126_at_05.16\logs\LF_CAI-TUU_20260130_052206.log
2026-01-30 05:22:06 | INFO     | Enhanced logging: Capturing both logging.info() and print()
2026-01-30 05:22:06 | INFO     | ======================================================================
[LF] Processing dates (override): ['14MAY', '13MAY', '12MAY', '11MAY', '10MAY', '09MAY', '08MAY', '07MAY']
[LF] Attaching to Chrome for Altea access
2026-01-30 05:22:06 | INFO     | Starting LF search for route: CAI-TUU
2026-01-30 05:22:06 | INFO     | [START] LF Search
[LF][[OK] SUCCESS] Connected to Chrome on 127.0.0.1:9223 (after 1 attempts)
2026-01-30 05:22:06 | INFO     | [HEALTH CHECK] [OK] Chrome connection is healthy
[LF][[OK] SUCCESS] Found Amadeus Altea window: Altéa Reservation Desktop
[LF][[INFO] INFO] URL: https://tc212.resdesktop.altea.amadeus.com/app_ard/apf/init/login?SITE=ESMPESMP&LANGUAGE=GB&MARKETS=ARDW_PROD_WBP&ACTION=clpLogin
2026-01-30 05:22:07 | INFO     | [DAY_START] Processing 14MAY
[LF] Processing CAI-TUU for 14MAY
2026-01-30 05:22:07 | INFO     | [lf.day.start] Processing CAI-TUU for 14MAY
[LF] Sending SN command: SN14MAYCAITUU/ASM
[LF] 14MAY: found 1 direct flights
2026-01-30 05:22:08 | INFO     | [lf.day.flights_found] Found 1 flights on 14MAY
2026-01-30 05:22:09 | INFO     | [lf.flight.extracted] SM325 on 14MAY: BKG=0, LF=0.0%
[LF] SM325 14MAY: BKG=0, GRP=0, CAP=179, LF%=0.0%, Brd-Off=CAI-TUU
2026-01-30 05:22:11 | INFO     | [SUCCESS] Day 14MAY
2026-01-30 05:22:11 | INFO     | [DAY_START] Processing 13MAY
[LF] Processing CAI-TUU for 13MAY
2026-01-30 05:22:11 | INFO     | [lf.day.start] Processing CAI-TUU for 13MAY
[LF] Sending SN command: SN13MAYCAITUU/ASM
[LF] No direct flights on 13MAY for CAI-TUU
2026-01-30 05:22:12 | WARNING  | [lf.day.no_flights] No direct flights on 13MAY
2026-01-30 05:22:12 | INFO     | [SUCCESS] Day 13MAY
2026-01-30 05:22:12 | INFO     | [DAY_START] Processing 12MAY
[LF] Processing CAI-TUU for 12MAY
2026-01-30 05:22:12 | INFO     | [lf.day.start] Processing CAI-TUU for 12MAY
[LF] Sending SN command: SN12MAYCAITUU/ASM
[LF] 12MAY: found 1 direct flights
2026-01-30 05:22:13 | INFO     | [lf.day.flights_found] Found 1 flights on 12MAY
2026-01-30 05:22:15 | INFO     | [lf.flight.extracted] SM325 on 12MAY: BKG=0, LF=0.0%
[LF] SM325 12MAY: BKG=0, GRP=0, CAP=179, LF%=0.0%, Brd-Off=CAI-TUU
2026-01-30 05:22:16 | INFO     | [SUCCESS] Day 12MAY
2026-01-30 05:22:16 | INFO     | [DAY_START] Processing 11MAY
[LF] Processing CAI-TUU for 11MAY
2026-01-30 05:22:16 | INFO     | [lf.day.start] Processing CAI-TUU for 11MAY
[LF] Sending SN command: SN11MAYCAITUU/ASM
[LF] No direct flights on 11MAY for CAI-TUU
2026-01-30 05:22:17 | WARNING  | [lf.day.no_flights] No direct flights on 11MAY
2026-01-30 05:22:17 | INFO     | [SUCCESS] Day 11MAY
2026-01-30 05:22:17 | INFO     | [DAY_START] Processing 10MAY
[LF] Processing CAI-TUU for 10MAY
2026-01-30 05:22:17 | INFO     | [lf.day.start] Processing CAI-TUU for 10MAY
[LF] Sending SN command: SN10MAYCAITUU/ASM
[LF] No direct flights on 10MAY for CAI-TUU
2026-01-30 05:22:18 | WARNING  | [lf.day.no_flights] No direct flights on 10MAY
2026-01-30 05:22:18 | INFO     | [SUCCESS] Day 10MAY
2026-01-30 05:22:18 | INFO     | [DAY_START] Processing 09MAY
[LF] Processing CAI-TUU for 09MAY
2026-01-30 05:22:18 | INFO     | [lf.day.start] Processing CAI-TUU for 09MAY
[LF] Sending SN command: SN09MAYCAITUU/ASM
[LF] 09MAY: found 1 direct flights
2026-01-30 05:22:19 | INFO     | [lf.day.flights_found] Found 1 flights on 09MAY
2026-01-30 05:22:21 | INFO     | [lf.flight.extracted] SM325 on 09MAY: BKG=0, LF=0.0%
[LF] SM325 09MAY: BKG=0, GRP=0, CAP=179, LF%=0.0%, Brd-Off=CAI-TUU
2026-01-30 05:22:22 | INFO     | [SUCCESS] Day 09MAY
2026-01-30 05:22:22 | INFO     | [DAY_START] Processing 08MAY
[LF] Processing CAI-TUU for 08MAY
2026-01-30 05:22:22 | INFO     | [lf.day.start] Processing CAI-TUU for 08MAY
[LF] Sending SN command: SN08MAYCAITUU/ASM
[LF] 08MAY: found 1 direct flights
2026-01-30 05:22:23 | INFO     | [lf.day.flights_found] Found 1 flights on 08MAY
2026-01-30 05:22:25 | INFO     | [lf.flight.extracted] SM325 on 08MAY: BKG=0, LF=0.0%
[LF] SM325 08MAY: BKG=0, GRP=0, CAP=179, LF%=0.0%, Brd-Off=CAI-TUU
2026-01-30 05:22:26 | INFO     | [SUCCESS] Day 08MAY
2026-01-30 05:22:26 | INFO     | [DAY_START] Processing 07MAY
[LF] Processing CAI-TUU for 07MAY
2026-01-30 05:22:26 | INFO     | [lf.day.start] Processing CAI-TUU for 07MAY
[LF] Sending SN command: SN07MAYCAITUU/ASM
[LF] 07MAY: found 1 direct flights
2026-01-30 05:22:28 | INFO     | [lf.day.flights_found] Found 1 flights on 07MAY
2026-01-30 05:22:30 | INFO     | [lf.flight.extracted] SM325 on 07MAY: BKG=1, LF=0.6%
[LF] SM325 07MAY: BKG=1, GRP=0, CAP=179, LF%=0.6%, Brd-Off=CAI-TUU, Classes: I:1
[LF] Getting WEEKLY/LASTSOLD data for 1 flights
[LF] SM325 07MAY: LASTSOLD=2025-11-02 00:00:00, WEEKLY=0, TODAY=0, YDAY=0
2026-01-30 05:22:32 | INFO     | [SUCCESS] Day 07MAY
[LF] Results summary:
  2026-05-14: 1 flights
  2026-05-13: 0 flights
  2026-05-12: 1 flights
  2026-05-11: 0 flights
  2026-05-10: 0 flights
  2026-05-09: 1 flights
  2026-05-08: 1 flights
  2026-05-07: 1 flights
2026-01-30 05:22:32 | INFO     | [SUCCESS] LF Search Complete

============================================================
[Worker_9223] ✓ COMPLETED: CAI-TUU
  Results: 8 dates
  Errors: 0 dates
  Total Processed: 13 groups
============================================================

2026-01-30 05:22:32 | INFO     | [Worker_9223] Completed: CAI-TUU - 8 results, 0 errors

============================================================
[Worker_9223] Processing: CAI-ELQ
  Tier 0: Range 4, Chunk 3/4
  Dates: 8 days
  Date Range: 2026-05-14 to 2026-05-07
============================================================

2026-01-30 05:22:32 | INFO     | [Worker_9223] Processing: CAI-ELQ
2026-01-30 05:22:32 | INFO     |   Tier 0: Range 4, Chunk 3/4 (8 days)
2026-01-30 05:22:32 | INFO     | ======================================================================
2026-01-30 05:22:32 | INFO     | Load Factor Scraper Started - Route: CAI-ELQ
2026-01-30 05:22:32 | INFO     | Log file: D:\CODERED\LAB\Artifacts\outputs\run_generated_300126_at_05.16\logs\LF_CAI-ELQ_20260130_052232.log
2026-01-30 05:22:32 | INFO     | Enhanced logging: Capturing both logging.info() and print()
2026-01-30 05:22:32 | INFO     | ======================================================================
[LF] Processing dates (override): ['14MAY', '13MAY', '12MAY', '11MAY', '10MAY', '09MAY', '08MAY', '07MAY']
[LF] Attaching to Chrome for Altea access
2026-01-30 05:22:32 | INFO     | Starting LF search for route: CAI-ELQ
2026-01-30 05:22:32 | INFO     | [START] LF Search
[LF][[OK] SUCCESS] Connected to Chrome on 127.0.0.1:9223 (after 1 attempts)
2026-01-30 05:22:33 | INFO     | [HEALTH CHECK] [OK] Chrome connection is healthy
[LF][[OK] SUCCESS] Found Amadeus Altea window: Altéa Reservation Desktop
[LF][[INFO] INFO] URL: https://tc212.resdesktop.altea.amadeus.com/app_ard/apf/init/login?SITE=ESMPESMP&LANGUAGE=GB&MARKETS=ARDW_PROD_WBP&ACTION=clpLogin
2026-01-30 05:22:33 | INFO     | [DAY_START] Processing 14MAY
[LF] Processing CAI-ELQ for 14MAY
2026-01-30 05:22:33 | INFO     | [lf.day.start] Processing CAI-ELQ for 14MAY
[LF] Sending SN command: SN14MAYCAIELQ/ASM
[LF] No direct flights on 14MAY for CAI-ELQ
2026-01-30 05:22:34 | WARNING  | [lf.day.no_flights] No direct flights on 14MAY
2026-01-30 05:22:34 | INFO     | [SUCCESS] Day 14MAY
2026-01-30 05:22:34 | INFO     | [DAY_START] Processing 13MAY
[LF] Processing CAI-ELQ for 13MAY
2026-01-30 05:22:34 | INFO     | [lf.day.start] Processing CAI-ELQ for 13MAY
[LF] Sending SN command: SN13MAYCAIELQ/ASM
[LF] 13MAY: found 1 direct flights
2026-01-30 05:22:35 | INFO     | [lf.day.flights_found] Found 1 flights on 13MAY
2026-01-30 05:22:37 | INFO     | [lf.flight.extracted] SM427 on 13MAY: BKG=0, LF=0.0%
[LF] SM427 13MAY: BKG=0, GRP=0, CAP=179, LF%=0.0%, Brd-Off=CAI-ELQ
2026-01-30 05:22:38 | INFO     | [SUCCESS] Day 13MAY
2026-01-30 05:22:38 | INFO     | [DAY_START] Processing 12MAY
[LF] Processing CAI-ELQ for 12MAY
2026-01-30 05:22:38 | INFO     | [lf.day.start] Processing CAI-ELQ for 12MAY
[LF] Sending SN command: SN12MAYCAIELQ/ASM
[LF] 12MAY: found 1 direct flights
2026-01-30 05:22:39 | INFO     | [lf.day.flights_found] Found 1 flights on 12MAY
2026-01-30 05:22:41 | INFO     | [lf.flight.extracted] SM427 on 12MAY: BKG=0, LF=0.0%
[LF] SM427 12MAY: BKG=0, GRP=0, CAP=179, LF%=0.0%, Brd-Off=CAI-ELQ
2026-01-30 05:22:42 | INFO     | [SUCCESS] Day 12MAY
2026-01-30 05:22:42 | INFO     | [DAY_START] Processing 11MAY
[LF] Processing CAI-ELQ for 11MAY
2026-01-30 05:22:42 | INFO     | [lf.day.start] Processing CAI-ELQ for 11MAY
[LF] Sending SN command: SN11MAYCAIELQ/ASM
[LF] No direct flights on 11MAY for CAI-ELQ
2026-01-30 05:22:43 | WARNING  | [lf.day.no_flights] No direct flights on 11MAY
2026-01-30 05:22:43 | INFO     | [SUCCESS] Day 11MAY
2026-01-30 05:22:43 | INFO     | [DAY_START] Processing 10MAY
[LF] Processing CAI-ELQ for 10MAY
2026-01-30 05:22:43 | INFO     | [lf.day.start] Processing CAI-ELQ for 10MAY
[LF] Sending SN command: SN10MAYCAIELQ/ASM
[LF] No direct flights on 10MAY for CAI-ELQ
2026-01-30 05:22:45 | WARNING  | [lf.day.no_flights] No direct flights on 10MAY
2026-01-30 05:22:45 | INFO     | [SUCCESS] Day 10MAY
2026-01-30 05:22:45 | INFO     | [DAY_START] Processing 09MAY
[LF] Processing CAI-ELQ for 09MAY
2026-01-30 05:22:45 | INFO     | [lf.day.start] Processing CAI-ELQ for 09MAY
[LF] Sending SN command: SN09MAYCAIELQ/ASM
[LF] No direct flights on 09MAY for CAI-ELQ
2026-01-30 05:22:46 | WARNING  | [lf.day.no_flights] No direct flights on 09MAY
2026-01-30 05:22:46 | INFO     | [SUCCESS] Day 09MAY
2026-01-30 05:22:46 | INFO     | [DAY_START] Processing 08MAY
[LF] Processing CAI-ELQ for 08MAY
2026-01-30 05:22:46 | INFO     | [lf.day.start] Processing CAI-ELQ for 08MAY
[LF] Sending SN command: SN08MAYCAIELQ/ASM
[LF] 08MAY: found 1 direct flights
2026-01-30 05:22:47 | INFO     | [lf.day.flights_found] Found 1 flights on 08MAY
2026-01-30 05:22:49 | INFO     | [lf.flight.extracted] SM427 on 08MAY: BKG=2, LF=1.1%
[LF] SM427 08MAY: BKG=2, GRP=0, CAP=179, LF%=1.1%, Brd-Off=CAI-ELQ, Classes: I:2
[LF] Getting WEEKLY/LASTSOLD data for 1 flights
[LF] SM427 08MAY: LASTSOLD=2026-01-11 00:00:00, WEEKLY=0, TODAY=0, YDAY=0
2026-01-30 05:22:51 | INFO     | [SUCCESS] Day 08MAY
2026-01-30 05:22:51 | INFO     | [DAY_START] Processing 07MAY
[LF] Processing CAI-ELQ for 07MAY
2026-01-30 05:22:51 | INFO     | [lf.day.start] Processing CAI-ELQ for 07MAY
[LF] Sending SN command: SN07MAYCAIELQ/ASM
[LF] No direct flights on 07MAY for CAI-ELQ
2026-01-30 05:22:53 | WARNING  | [lf.day.no_flights] No direct flights on 07MAY
2026-01-30 05:22:53 | INFO     | [SUCCESS] Day 07MAY
[LF] Results summary:
  2026-05-14: 0 flights
  2026-05-13: 1 flights
  2026-05-12: 1 flights
  2026-05-11: 0 flights
  2026-05-10: 0 flights
  2026-05-09: 0 flights
  2026-05-08: 1 flights
  2026-05-07: 0 flights
2026-01-30 05:22:53 | INFO     | [SUCCESS] LF Search Complete

============================================================
[Worker_9223] ✓ COMPLETED: CAI-ELQ
  Results: 8 dates
  Errors: 0 dates
  Total Processed: 14 groups
============================================================

2026-01-30 05:22:53 | INFO     | [Worker_9223] Completed: CAI-ELQ - 8 results, 0 errors

============================================================
[Worker_9223] Processing: JED-CAI
  Tier 0: Range 4, Chunk 4/4
  Dates: 7 days
  Date Range: 2026-05-06 to 2026-04-30
============================================================

2026-01-30 05:22:53 | INFO     | [Worker_9223] Processing: JED-CAI
2026-01-30 05:22:53 | INFO     |   Tier 0: Range 4, Chunk 4/4 (7 days)
2026-01-30 05:22:53 | INFO     | ======================================================================
2026-01-30 05:22:53 | INFO     | Load Factor Scraper Started - Route: JED-CAI
2026-01-30 05:22:53 | INFO     | Log file: D:\CODERED\LAB\Artifacts\outputs\run_generated_300126_at_05.16\logs\LF_JED-CAI_20260130_052253.log
2026-01-30 05:22:53 | INFO     | Enhanced logging: Capturing both logging.info() and print()
2026-01-30 05:22:53 | INFO     | ======================================================================
[LF] Processing dates (override): ['06MAY', '05MAY', '04MAY', '03MAY', '02MAY', '01MAY', '30APR']
[LF] Attaching to Chrome for Altea access
2026-01-30 05:22:53 | INFO     | Starting LF search for route: JED-CAI
2026-01-30 05:22:53 | INFO     | [START] LF Search
[LF][[OK] SUCCESS] Connected to Chrome on 127.0.0.1:9223 (after 1 attempts)
2026-01-30 05:22:53 | INFO     | [HEALTH CHECK] [OK] Chrome connection is healthy
[LF][[OK] SUCCESS] Found Amadeus Altea window: Altéa Reservation Desktop
[LF][[INFO] INFO] URL: https://tc212.resdesktop.altea.amadeus.com/app_ard/apf/init/login?SITE=ESMPESMP&LANGUAGE=GB&MARKETS=ARDW_PROD_WBP&ACTION=clpLogin
2026-01-30 05:22:53 | INFO     | [DAY_START] Processing 06MAY
[LF] Processing JED-CAI for 06MAY
2026-01-30 05:22:53 | INFO     | [lf.day.start] Processing JED-CAI for 06MAY
[LF] Sending SN command: SN06MAYJEDCAI/ASM
[LF] 06MAY: found 2 direct flights
2026-01-30 05:22:55 | INFO     | [lf.day.flights_found] Found 2 flights on 06MAY
2026-01-30 05:22:57 | INFO     | [lf.flight.extracted] SM478 on 06MAY: BKG=0, LF=0.0%
[LF] SM478 06MAY: BKG=0, GRP=0, CAP=175, LF%=0.0%, Brd-Off=JED-CAI
2026-01-30 05:23:00 | INFO     | [lf.flight.extracted] SM476 on 06MAY: BKG=1, LF=0.6%
[LF] SM476 06MAY: BKG=1, GRP=0, CAP=175, LF%=0.6%, Brd-Off=JED-CAI, Classes: I:1
[LF] Getting WEEKLY/LASTSOLD data for 1 flights
[LF] SM476 06MAY: LASTSOLD=2026-01-14 00:00:00, WEEKLY=0, TODAY=0, YDAY=0
2026-01-30 05:23:03 | INFO     | [SUCCESS] Day 06MAY
2026-01-30 05:23:03 | INFO     | [DAY_START] Processing 05MAY
[LF] Processing JED-CAI for 05MAY
2026-01-30 05:23:03 | INFO     | [lf.day.start] Processing JED-CAI for 05MAY
[LF] Sending SN command: SN05MAYJEDCAI/ASM
[LF] 05MAY: found 3 direct flights
2026-01-30 05:23:04 | INFO     | [lf.day.flights_found] Found 3 flights on 05MAY
2026-01-30 05:23:07 | INFO     | [lf.flight.extracted] SM478 on 05MAY: BKG=0, LF=0.0%
[LF] SM478 05MAY: BKG=0, GRP=0, CAP=167, LF%=0.0%, Brd-Off=JED-CAI
2026-01-30 05:23:10 | INFO     | [lf.flight.extracted] SM476 on 05MAY: BKG=0, LF=0.0%
[LF] SM476 05MAY: BKG=0, GRP=0, CAP=175, LF%=0.0%, Brd-Off=JED-CAI
2026-01-30 05:23:13 | INFO     | [lf.flight.extracted] SM480 on 05MAY: BKG=0, LF=0.0%
[LF] SM480 05MAY: BKG=0, GRP=0, CAP=175, LF%=0.0%, Brd-Off=JED-CAI
2026-01-30 05:23:14 | INFO     | [SUCCESS] Day 05MAY
2026-01-30 05:23:14 | INFO     | [DAY_START] Processing 04MAY
[LF] Processing JED-CAI for 04MAY
2026-01-30 05:23:14 | INFO     | [lf.day.start] Processing JED-CAI for 04MAY
[LF] Sending SN command: SN04MAYJEDCAI/ASM
[LF] 04MAY: found 4 direct flights
2026-01-30 05:23:15 | INFO     | [lf.day.flights_found] Found 4 flights on 04MAY
2026-01-30 05:23:17 | INFO     | [lf.flight.extracted] SM460 on 04MAY: BKG=0, LF=0.0%
[LF] SM460 04MAY: BKG=0, GRP=0, CAP=167, LF%=0.0%, Brd-Off=JED-CAI
2026-01-30 05:23:20 | INFO     | [lf.flight.extracted] SM478 on 04MAY: BKG=0, LF=0.0%
[LF] SM478 04MAY: BKG=0, GRP=0, CAP=175, LF%=0.0%, Brd-Off=JED-CAI
2026-01-30 05:23:23 | INFO     | [lf.flight.extracted] SM476 on 04MAY: BKG=0, LF=0.0%
[LF] SM476 04MAY: BKG=0, GRP=0, CAP=175, LF%=0.0%, Brd-Off=JED-CAI
2026-01-30 05:23:27 | INFO     | [lf.flight.extracted] SM480 on 04MAY: BKG=0, LF=0.0%
[LF] SM480 04MAY: BKG=0, GRP=0, CAP=175, LF%=0.0%, Brd-Off=JED-CAI
2026-01-30 05:23:29 | INFO     | [SUCCESS] Day 04MAY
2026-01-30 05:23:29 | INFO     | [DAY_START] Processing 03MAY
[LF] Processing JED-CAI for 03MAY
2026-01-30 05:23:29 | INFO     | [lf.day.start] Processing JED-CAI for 03MAY
[LF] Sending SN command: SN03MAYJEDCAI/ASM
[LF] 03MAY: found 2 direct flights
2026-01-30 05:23:31 | INFO     | [lf.day.flights_found] Found 2 flights on 03MAY
2026-01-30 05:23:37 | INFO     | [lf.flight.extracted] SM478 on 03MAY: BKG=0, LF=0.0%
[LF] SM478 03MAY: BKG=0, GRP=0, CAP=175, LF%=0.0%, Brd-Off=JED-CAI
2026-01-30 05:23:45 | INFO     | [lf.flight.extracted] SM476 on 03MAY: BKG=0, LF=0.0%
[LF] SM476 03MAY: BKG=0, GRP=0, CAP=175, LF%=0.0%, Brd-Off=JED-CAI
2026-01-30 05:23:46 | INFO     | [SUCCESS] Day 03MAY
2026-01-30 05:23:46 | INFO     | [DAY_START] Processing 02MAY
[LF] Processing JED-CAI for 02MAY
2026-01-30 05:23:46 | INFO     | [lf.day.start] Processing JED-CAI for 02MAY
[LF] Sending SN command: SN02MAYJEDCAI/ASM
[LF] 02MAY: found 2 direct flights
2026-01-30 05:23:48 | INFO     | [lf.day.flights_found] Found 2 flights on 02MAY
2026-01-30 05:23:50 | INFO     | [lf.flight.extracted] SM478 on 02MAY: BKG=0, LF=0.0%
[LF] SM478 02MAY: BKG=0, GRP=0, CAP=175, LF%=0.0%, Brd-Off=JED-CAI
2026-01-30 05:23:53 | INFO     | [lf.flight.extracted] SM476 on 02MAY: BKG=2, LF=1.1%
[LF] SM476 02MAY: BKG=2, GRP=0, CAP=175, LF%=1.1%, Brd-Off=JED-CAI, Classes: I:2
[LF] Getting WEEKLY/LASTSOLD data for 1 flights
[LF] SM476 02MAY: LASTSOLD=2026-01-15 00:00:00, WEEKLY=0, TODAY=0, YDAY=0
2026-01-30 05:23:56 | INFO     | [SUCCESS] Day 02MAY
2026-01-30 05:23:56 | INFO     | [DAY_START] Processing 01MAY
[LF] Processing JED-CAI for 01MAY
2026-01-30 05:23:56 | INFO     | [lf.day.start] Processing JED-CAI for 01MAY
[LF] Sending SN command: SN01MAYJEDCAI/ASM
[LF] 01MAY: found 4 direct flights
2026-01-30 05:23:57 | INFO     | [lf.day.flights_found] Found 4 flights on 01MAY
2026-01-30 05:23:59 | INFO     | [lf.flight.extracted] SM460 on 01MAY: BKG=1, LF=0.6%
[LF] SM460 01MAY: BKG=1, GRP=0, CAP=167, LF%=0.6%, Brd-Off=JED-CAI, Classes: I:1
2026-01-30 05:24:02 | INFO     | [lf.flight.extracted] SM478 on 01MAY: BKG=1, LF=0.6%
[LF] SM478 01MAY: BKG=1, GRP=0, CAP=175, LF%=0.6%, Brd-Off=JED-CAI, Classes: I:1
2026-01-30 05:24:05 | INFO     | [lf.flight.extracted] SM476 on 01MAY: BKG=0, LF=0.0%
[LF] SM476 01MAY: BKG=0, GRP=0, CAP=167, LF%=0.0%, Brd-Off=JED-CAI
2026-01-30 05:24:08 | INFO     | [lf.flight.extracted] SM480 on 01MAY: BKG=5, LF=2.9%
[LF] SM480 01MAY: BKG=5, GRP=0, CAP=175, LF%=2.9%, Brd-Off=JED-CAI, Classes: I:3, U:2
[LF] Getting WEEKLY/LASTSOLD data for 3 flights
[LF] SM460 01MAY: LASTSOLD=2026-01-22 00:00:00, WEEKLY=0, TODAY=0, YDAY=0
[LF] SM478 01MAY: LASTSOLD=2026-01-15 00:00:00, WEEKLY=0, TODAY=0, YDAY=0
[LF] SM480 01MAY: LASTSOLD=2026-01-27 00:00:00, WEEKLY=4, TODAY=0, YDAY=0
2026-01-30 05:24:13 | INFO     | [SUCCESS] Day 01MAY
2026-01-30 05:24:13 | INFO     | [DAY_START] Processing 30APR
[LF] Processing JED-CAI for 30APR
2026-01-30 05:24:13 | INFO     | [lf.day.start] Processing JED-CAI for 30APR
[LF] Sending SN command: SN30APRJEDCAI/ASM
[LF] 30APR: found 2 direct flights
2026-01-30 05:24:15 | INFO     | [lf.day.flights_found] Found 2 flights on 30APR
2026-01-30 05:24:16 | INFO     | [lf.flight.extracted] SM478 on 30APR: BKG=3, LF=1.7%
[LF] SM478 30APR: BKG=3, GRP=0, CAP=175, LF%=1.7%, Brd-Off=JED-CAI, Classes: I:3
2026-01-30 05:24:20 | INFO     | [lf.flight.extracted] SM476 on 30APR: BKG=1, LF=0.6%
[LF] SM476 30APR: BKG=1, GRP=0, CAP=175, LF%=0.6%, Brd-Off=JED-CAI, Classes: I:1
[LF] Getting WEEKLY/LASTSOLD data for 2 flights
[LF] SM478 30APR: LASTSOLD=2025-12-22 00:00:00, WEEKLY=0, TODAY=0, YDAY=0
[LF] SM476 30APR: LASTSOLD=2025-12-04 00:00:00, WEEKLY=0, TODAY=0, YDAY=0
2026-01-30 05:24:24 | INFO     | [SUCCESS] Day 30APR
[LF] Results summary:
  2026-05-06: 2 flights
  2026-05-05: 3 flights
  2026-05-04: 4 flights
  2026-05-03: 2 flights
  2026-05-02: 2 flights
  2026-05-01: 4 flights
  2026-04-30: 2 flights
2026-01-30 05:24:24 | INFO     | [SUCCESS] LF Search Complete

============================================================
[Worker_9223] ✓ COMPLETED: JED-CAI
  Results: 7 dates
  Errors: 0 dates
  Total Processed: 15 groups
============================================================

2026-01-30 05:24:24 | INFO     | [Worker_9223] Completed: JED-CAI - 7 results, 0 errors

============================================================
[Worker_9223] Processing: CAI-DMM
  Tier 0: Range 4, Chunk 4/4
  Dates: 7 days
  Date Range: 2026-05-06 to 2026-04-30
============================================================

2026-01-30 05:24:24 | INFO     | [Worker_9223] Processing: CAI-DMM
2026-01-30 05:24:24 | INFO     |   Tier 0: Range 4, Chunk 4/4 (7 days)
2026-01-30 05:24:24 | INFO     | ======================================================================
2026-01-30 05:24:24 | INFO     | Load Factor Scraper Started - Route: CAI-DMM
2026-01-30 05:24:24 | INFO     | Log file: D:\CODERED\LAB\Artifacts\outputs\run_generated_300126_at_05.16\logs\LF_CAI-DMM_20260130_052424.log
2026-01-30 05:24:24 | INFO     | Enhanced logging: Capturing both logging.info() and print()
2026-01-30 05:24:24 | INFO     | ======================================================================
[LF] Processing dates (override): ['06MAY', '05MAY', '04MAY', '03MAY', '02MAY', '01MAY', '30APR']
[LF] Attaching to Chrome for Altea access
2026-01-30 05:24:24 | INFO     | Starting LF search for route: CAI-DMM
2026-01-30 05:24:24 | INFO     | [START] LF Search
[LF][[OK] SUCCESS] Connected to Chrome on 127.0.0.1:9223 (after 1 attempts)
2026-01-30 05:24:24 | INFO     | [HEALTH CHECK] [OK] Chrome connection is healthy
[LF][[OK] SUCCESS] Found Amadeus Altea window: Altéa Reservation Desktop
[LF][[INFO] INFO] URL: https://tc212.resdesktop.altea.amadeus.com/app_ard/apf/init/login?SITE=ESMPESMP&LANGUAGE=GB&MARKETS=ARDW_PROD_WBP&ACTION=clpLogin
2026-01-30 05:24:25 | INFO     | [DAY_START] Processing 06MAY
[LF] Processing CAI-DMM for 06MAY
2026-01-30 05:24:25 | INFO     | [lf.day.start] Processing CAI-DMM for 06MAY
[LF] Sending SN command: SN06MAYCAIDMM/ASM
[LF] 06MAY: found 1 direct flights
2026-01-30 05:24:26 | INFO     | [lf.day.flights_found] Found 1 flights on 06MAY
2026-01-30 05:24:28 | INFO     | [lf.flight.extracted] SM433 on 06MAY: BKG=1, LF=0.6%
[LF] SM433 06MAY: BKG=1, GRP=0, CAP=179, LF%=0.6%, Brd-Off=CAI-DMM, Classes: I:1
[LF] Getting WEEKLY/LASTSOLD data for 1 flights
[LF] SM433 06MAY: LASTSOLD=2026-01-22 00:00:00, WEEKLY=0, TODAY=0, YDAY=0
2026-01-30 05:24:31 | INFO     | [SUCCESS] Day 06MAY
2026-01-30 05:24:31 | INFO     | [DAY_START] Processing 05MAY
[LF] Processing CAI-DMM for 05MAY
2026-01-30 05:24:31 | INFO     | [lf.day.start] Processing CAI-DMM for 05MAY
[LF] Sending SN command: SN05MAYCAIDMM/ASM
[LF] 05MAY: found 1 direct flights
2026-01-30 05:24:32 | INFO     | [lf.day.flights_found] Found 1 flights on 05MAY
2026-01-30 05:24:34 | INFO     | [lf.flight.extracted] SM433 on 05MAY: BKG=7, LF=3.9%
[LF] SM433 05MAY: BKG=7, GRP=0, CAP=179, LF%=3.9%, Brd-Off=CAI-DMM, Classes: I:6, S:1
[LF] Getting WEEKLY/LASTSOLD data for 1 flights
[LF] SM433 05MAY: LASTSOLD=2026-01-27 00:00:00, WEEKLY=5, TODAY=0, YDAY=0
2026-01-30 05:24:37 | INFO     | [SUCCESS] Day 05MAY
2026-01-30 05:24:37 | INFO     | [DAY_START] Processing 04MAY
[LF] Processing CAI-DMM for 04MAY
2026-01-30 05:24:37 | INFO     | [lf.day.start] Processing CAI-DMM for 04MAY
[LF] Sending SN command: SN04MAYCAIDMM/ASM
[LF] 04MAY: found 1 direct flights
2026-01-30 05:24:38 | INFO     | [lf.day.flights_found] Found 1 flights on 04MAY
2026-01-30 05:24:40 | INFO     | [lf.flight.extracted] SM433 on 04MAY: BKG=3, LF=1.7%
[LF] SM433 04MAY: BKG=3, GRP=0, CAP=179, LF%=1.7%, Brd-Off=CAI-DMM, Classes: I:3
[LF] Getting WEEKLY/LASTSOLD data for 1 flights
[LF] SM433 04MAY: LASTSOLD=2026-01-27 00:00:00, WEEKLY=2, TODAY=0, YDAY=0
2026-01-30 05:24:42 | INFO     | [SUCCESS] Day 04MAY
2026-01-30 05:24:42 | INFO     | [DAY_START] Processing 03MAY
[LF] Processing CAI-DMM for 03MAY
2026-01-30 05:24:42 | INFO     | [lf.day.start] Processing CAI-DMM for 03MAY
[LF] Sending SN command: SN03MAYCAIDMM/ASM
[LF] 03MAY: found 1 direct flights
2026-01-30 05:24:44 | INFO     | [lf.day.flights_found] Found 1 flights on 03MAY
2026-01-30 05:24:45 | INFO     | [lf.flight.extracted] SM439 on 03MAY: BKG=1, LF=0.6%
[LF] SM439 03MAY: BKG=1, GRP=0, CAP=179, LF%=0.6%, Brd-Off=CAI-DMM, Classes: I:1
[LF] Getting WEEKLY/LASTSOLD data for 1 flights
[LF] SM439 03MAY: LASTSOLD=2026-01-04 00:00:00, WEEKLY=0, TODAY=0, YDAY=0
2026-01-30 05:24:48 | INFO     | [SUCCESS] Day 03MAY
2026-01-30 05:24:48 | INFO     | [DAY_START] Processing 02MAY
[LF] Processing CAI-DMM for 02MAY
2026-01-30 05:24:48 | INFO     | [lf.day.start] Processing CAI-DMM for 02MAY
[LF] Sending SN command: SN02MAYCAIDMM/ASM
[LF] 02MAY: found 1 direct flights
2026-01-30 05:25:05 | INFO     | [lf.day.flights_found] Found 1 flights on 02MAY
2026-01-30 05:25:07 | INFO     | [lf.flight.extracted] SM433 on 02MAY: BKG=7, LF=3.9%
[LF] SM433 02MAY: BKG=7, GRP=0, CAP=179, LF%=3.9%, Brd-Off=CAI-DMM, Classes: I:7
[LF] Getting WEEKLY/LASTSOLD data for 1 flights
[LF] SM433 02MAY: LASTSOLD=2026-01-19 00:00:00, WEEKLY=0, TODAY=0, YDAY=0
2026-01-30 05:25:09 | INFO     | [SUCCESS] Day 02MAY
2026-01-30 05:25:09 | INFO     | [DAY_START] Processing 01MAY
[LF] Processing CAI-DMM for 01MAY
2026-01-30 05:25:09 | INFO     | [lf.day.start] Processing CAI-DMM for 01MAY
[LF] Sending SN command: SN01MAYCAIDMM/ASM
[LF] 01MAY: found 1 direct flights
2026-01-30 05:25:11 | INFO     | [lf.day.flights_found] Found 1 flights on 01MAY
2026-01-30 05:25:13 | INFO     | [lf.flight.extracted] SM439 on 01MAY: BKG=9, LF=5.0%
[LF] SM439 01MAY: BKG=9, GRP=0, CAP=179, LF%=5.0%, Brd-Off=CAI-DMM, Classes: I:7, O:2
[LF] Getting WEEKLY/LASTSOLD data for 1 flights
[LF] SM439 01MAY: LASTSOLD=2026-01-29 00:00:00, WEEKLY=1, TODAY=0, YDAY=1
2026-01-30 05:25:15 | INFO     | [SUCCESS] Day 01MAY
2026-01-30 05:25:15 | INFO     | [DAY_START] Processing 30APR
[LF] Processing CAI-DMM for 30APR
2026-01-30 05:25:15 | INFO     | [lf.day.start] Processing CAI-DMM for 30APR
[LF] Sending SN command: SN30APRCAIDMM/ASM
[LF] 30APR: found 1 direct flights
2026-01-30 05:25:16 | INFO     | [lf.day.flights_found] Found 1 flights on 30APR
2026-01-30 05:25:18 | INFO     | [lf.flight.extracted] SM433 on 30APR: BKG=12, LF=6.7%
[LF] SM433 30APR: BKG=12, GRP=0, CAP=179, LF%=6.7%, Brd-Off=CAI-DMM, Classes: I:6, O:6
[LF] Getting WEEKLY/LASTSOLD data for 1 flights
[LF] SM433 30APR: LASTSOLD=2026-01-28 00:00:00, WEEKLY=1, TODAY=0, YDAY=0
2026-01-30 05:25:21 | INFO     | [SUCCESS] Day 30APR
[LF] Results summary:
  2026-05-06: 1 flights
  2026-05-05: 1 flights
  2026-05-04: 1 flights
  2026-05-03: 1 flights
  2026-05-02: 1 flights
  2026-05-01: 1 flights
  2026-04-30: 1 flights
2026-01-30 05:25:21 | INFO     | [SUCCESS] LF Search Complete

============================================================
[Worker_9223] ✓ COMPLETED: CAI-DMM
  Results: 7 dates
  Errors: 0 dates
  Total Processed: 16 groups
============================================================

2026-01-30 05:25:21 | INFO     | [Worker_9223] Completed: CAI-DMM - 7 results, 0 errors

============================================================
[Worker_9223] Processing: RUH-ATZ
  Tier 0: Range 3, Chunk 1/3
  Dates: 10 days
  Date Range: 2026-04-29 to 2026-04-20
============================================================

2026-01-30 05:25:21 | INFO     | [Worker_9223] Processing: RUH-ATZ
2026-01-30 05:25:21 | INFO     |   Tier 0: Range 3, Chunk 1/3 (10 days)
2026-01-30 05:25:21 | INFO     | ======================================================================
2026-01-30 05:25:21 | INFO     | Load Factor Scraper Started - Route: RUH-ATZ
2026-01-30 05:25:21 | INFO     | Log file: D:\CODERED\LAB\Artifacts\outputs\run_generated_300126_at_05.16\logs\LF_RUH-ATZ_20260130_052521.log
2026-01-30 05:25:21 | INFO     | Enhanced logging: Capturing both logging.info() and print()
2026-01-30 05:25:21 | INFO     | ======================================================================
[LF] Processing dates (override): ['29APR', '28APR', '27APR', '26APR', '25APR', '24APR', '23APR', '22APR', '21APR', '20APR']
[LF] Attaching to Chrome for Altea access
2026-01-30 05:25:21 | INFO     | Starting LF search for route: RUH-ATZ
2026-01-30 05:25:21 | INFO     | [START] LF Search
[LF][[OK] SUCCESS] Connected to Chrome on 127.0.0.1:9223 (after 1 attempts)
2026-01-30 05:25:21 | INFO     | [HEALTH CHECK] [OK] Chrome connection is healthy
[LF][[OK] SUCCESS] Found Amadeus Altea window: Altéa Reservation Desktop
[LF][[INFO] INFO] URL: https://tc212.resdesktop.altea.amadeus.com/app_ard/apf/init/login?SITE=ESMPESMP&LANGUAGE=GB&MARKETS=ARDW_PROD_WBP&ACTION=clpLogin
2026-01-30 05:25:21 | INFO     | [DAY_START] Processing 29APR
[LF] Processing RUH-ATZ for 29APR
2026-01-30 05:25:21 | INFO     | [lf.day.start] Processing RUH-ATZ for 29APR
[LF] Sending SN command: SN29APRRUHATZ/ASM
[LF] 29APR: found 1 direct flights
2026-01-30 05:25:22 | INFO     | [lf.day.flights_found] Found 1 flights on 29APR
2026-01-30 05:25:24 | INFO     | [lf.flight.extracted] SM466 on 29APR: BKG=12, LF=6.9%
[LF] SM466 29APR: BKG=12, GRP=0, CAP=175, LF%=6.9%, Brd-Off=RUH-ATZ, Classes: I:6, O:6
[LF] Getting WEEKLY/LASTSOLD data for 1 flights
[LF] SM466 29APR: LASTSOLD=2026-01-30 00:00:00, WEEKLY=6, TODAY=3, YDAY=0
2026-01-30 05:25:27 | INFO     | [SUCCESS] Day 29APR
2026-01-30 05:25:27 | INFO     | [DAY_START] Processing 28APR
[LF] Processing RUH-ATZ for 28APR
2026-01-30 05:25:27 | INFO     | [lf.day.start] Processing RUH-ATZ for 28APR
[LF] Sending SN command: SN28APRRUHATZ/ASM
[LF] No direct flights on 28APR for RUH-ATZ
2026-01-30 05:25:28 | WARNING  | [lf.day.no_flights] No direct flights on 28APR
2026-01-30 05:25:28 | INFO     | [SUCCESS] Day 28APR
2026-01-30 05:25:28 | INFO     | [DAY_START] Processing 27APR
[LF] Processing RUH-ATZ for 27APR
2026-01-30 05:25:28 | INFO     | [lf.day.start] Processing RUH-ATZ for 27APR
[LF] Sending SN command: SN27APRRUHATZ/ASM
[LF] No direct flights on 27APR for RUH-ATZ
2026-01-30 05:25:29 | WARNING  | [lf.day.no_flights] No direct flights on 27APR
2026-01-30 05:25:29 | INFO     | [SUCCESS] Day 27APR
2026-01-30 05:25:29 | INFO     | [DAY_START] Processing 26APR
[LF] Processing RUH-ATZ for 26APR
2026-01-30 05:25:29 | INFO     | [lf.day.start] Processing RUH-ATZ for 26APR
[LF] Sending SN command: SN26APRRUHATZ/ASM
[LF] No direct flights on 26APR for RUH-ATZ
2026-01-30 05:25:30 | WARNING  | [lf.day.no_flights] No direct flights on 26APR
2026-01-30 05:25:30 | INFO     | [SUCCESS] Day 26APR
2026-01-30 05:25:30 | INFO     | [DAY_START] Processing 25APR
[LF] Processing RUH-ATZ for 25APR
2026-01-30 05:25:30 | INFO     | [lf.day.start] Processing RUH-ATZ for 25APR
[LF] Sending SN command: SN25APRRUHATZ/ASM
[LF] No direct flights on 25APR for RUH-ATZ
2026-01-30 05:25:31 | WARNING  | [lf.day.no_flights] No direct flights on 25APR
2026-01-30 05:25:31 | INFO     | [SUCCESS] Day 25APR
2026-01-30 05:25:31 | INFO     | [DAY_START] Processing 24APR
[LF] Processing RUH-ATZ for 24APR
2026-01-30 05:25:31 | INFO     | [lf.day.start] Processing RUH-ATZ for 24APR
[LF] Sending SN command: SN24APRRUHATZ/ASM
[LF] No direct flights on 24APR for RUH-ATZ
2026-01-30 05:25:32 | WARNING  | [lf.day.no_flights] No direct flights on 24APR
2026-01-30 05:25:32 | INFO     | [SUCCESS] Day 24APR
2026-01-30 05:25:32 | INFO     | [DAY_START] Processing 23APR
[LF] Processing RUH-ATZ for 23APR
2026-01-30 05:25:32 | INFO     | [lf.day.start] Processing RUH-ATZ for 23APR
[LF] Sending SN command: SN23APRRUHATZ/ASM
[LF] No direct flights on 23APR for RUH-ATZ
2026-01-30 05:25:33 | WARNING  | [lf.day.no_flights] No direct flights on 23APR
2026-01-30 05:25:33 | INFO     | [SUCCESS] Day 23APR
2026-01-30 05:25:33 | INFO     | [DAY_START] Processing 22APR
[LF] Processing RUH-ATZ for 22APR
2026-01-30 05:25:33 | INFO     | [lf.day.start] Processing RUH-ATZ for 22APR
[LF] Sending SN command: SN22APRRUHATZ/ASM
[LF] 22APR: found 1 direct flights
2026-01-30 05:25:34 | INFO     | [lf.day.flights_found] Found 1 flights on 22APR
2026-01-30 05:25:36 | INFO     | [lf.flight.extracted] SM466 on 22APR: BKG=9, LF=5.1%
[LF] SM466 22APR: BKG=9, GRP=0, CAP=175, LF%=5.1%, Brd-Off=RUH-ATZ, Classes: I:7, O:2
[LF] Getting WEEKLY/LASTSOLD data for 1 flights
[LF] SM466 22APR: LASTSOLD=2026-01-28 00:00:00, WEEKLY=3, TODAY=0, YDAY=0
2026-01-30 05:25:39 | INFO     | [SUCCESS] Day 22APR
2026-01-30 05:25:39 | INFO     | [DAY_START] Processing 21APR
[LF] Processing RUH-ATZ for 21APR
2026-01-30 05:25:39 | INFO     | [lf.day.start] Processing RUH-ATZ for 21APR
[LF] Sending SN command: SN21APRRUHATZ/ASM
[LF] No direct flights on 21APR for RUH-ATZ
2026-01-30 05:25:40 | WARNING  | [lf.day.no_flights] No direct flights on 21APR
2026-01-30 05:25:40 | INFO     | [SUCCESS] Day 21APR
2026-01-30 05:25:40 | INFO     | [DAY_START] Processing 20APR
[LF] Processing RUH-ATZ for 20APR
2026-01-30 05:25:40 | INFO     | [lf.day.start] Processing RUH-ATZ for 20APR
[LF] Sending SN command: SN20APRRUHATZ/ASM
[LF] No direct flights on 20APR for RUH-ATZ
2026-01-30 05:25:41 | WARNING  | [lf.day.no_flights] No direct flights on 20APR
2026-01-30 05:25:41 | INFO     | [SUCCESS] Day 20APR
[LF] Results summary:
  2026-04-29: 1 flights
  2026-04-28: 0 flights
  2026-04-27: 0 flights
  2026-04-26: 0 flights
  2026-04-25: 0 flights
  2026-04-24: 0 flights
  2026-04-23: 0 flights
  2026-04-22: 1 flights
  2026-04-21: 0 flights
  2026-04-20: 0 flights
2026-01-30 05:25:41 | INFO     | [SUCCESS] LF Search Complete

============================================================
[Worker_9223] ✓ COMPLETED: RUH-ATZ
  Results: 10 dates
  Errors: 0 dates
  Total Processed: 17 groups
============================================================

2026-01-30 05:25:41 | INFO     | [Worker_9223] Completed: RUH-ATZ - 10 results, 0 errors

============================================================
[Worker_9223] Processing: AJF-ATZ
  Tier 0: Range 3, Chunk 1/3
  Dates: 10 days
  Date Range: 2026-04-29 to 2026-04-20
============================================================

2026-01-30 05:25:41 | INFO     | [Worker_9223] Processing: AJF-ATZ
2026-01-30 05:25:41 | INFO     |   Tier 0: Range 3, Chunk 1/3 (10 days)
2026-01-30 05:25:41 | INFO     | ======================================================================
2026-01-30 05:25:41 | INFO     | Load Factor Scraper Started - Route: AJF-ATZ
2026-01-30 05:25:41 | INFO     | Log file: D:\CODERED\LAB\Artifacts\outputs\run_generated_300126_at_05.16\logs\LF_AJF-ATZ_20260130_052541.log
2026-01-30 05:25:41 | INFO     | Enhanced logging: Capturing both logging.info() and print()
2026-01-30 05:25:41 | INFO     | ======================================================================
[LF] Processing dates (override): ['29APR', '28APR', '27APR', '26APR', '25APR', '24APR', '23APR', '22APR', '21APR', '20APR']
[LF] Attaching to Chrome for Altea access
2026-01-30 05:25:41 | INFO     | Starting LF search for route: AJF-ATZ
2026-01-30 05:25:41 | INFO     | [START] LF Search
[LF][[OK] SUCCESS] Connected to Chrome on 127.0.0.1:9223 (after 1 attempts)
2026-01-30 05:25:42 | INFO     | [HEALTH CHECK] [OK] Chrome connection is healthy
[LF][[OK] SUCCESS] Found Amadeus Altea window: Altéa Reservation Desktop
[LF][[INFO] INFO] URL: https://tc212.resdesktop.altea.amadeus.com/app_ard/apf/init/login?SITE=ESMPESMP&LANGUAGE=GB&MARKETS=ARDW_PROD_WBP&ACTION=clpLogin
2026-01-30 05:25:42 | INFO     | [DAY_START] Processing 29APR
[LF] Processing AJF-ATZ for 29APR
2026-01-30 05:25:42 | INFO     | [lf.day.start] Processing AJF-ATZ for 29APR
[LF] Sending SN command: SN29APRAJFATZ/ASM
[LF] No direct flights on 29APR for AJF-ATZ
2026-01-30 05:25:43 | WARNING  | [lf.day.no_flights] No direct flights on 29APR
2026-01-30 05:25:43 | INFO     | [SUCCESS] Day 29APR
2026-01-30 05:25:43 | INFO     | [DAY_START] Processing 28APR
[LF] Processing AJF-ATZ for 28APR
2026-01-30 05:25:43 | INFO     | [lf.day.start] Processing AJF-ATZ for 28APR
[LF] Sending SN command: SN28APRAJFATZ/ASM
[LF] No direct flights on 28APR for AJF-ATZ
2026-01-30 05:25:44 | WARNING  | [lf.day.no_flights] No direct flights on 28APR
2026-01-30 05:25:44 | INFO     | [SUCCESS] Day 28APR
2026-01-30 05:25:44 | INFO     | [DAY_START] Processing 27APR
[LF] Processing AJF-ATZ for 27APR
2026-01-30 05:25:44 | INFO     | [lf.day.start] Processing AJF-ATZ for 27APR
[LF] Sending SN command: SN27APRAJFATZ/ASM
[LF] No direct flights on 27APR for AJF-ATZ
2026-01-30 05:25:45 | WARNING  | [lf.day.no_flights] No direct flights on 27APR
2026-01-30 05:25:45 | INFO     | [SUCCESS] Day 27APR
2026-01-30 05:25:45 | INFO     | [DAY_START] Processing 26APR
[LF] Processing AJF-ATZ for 26APR
2026-01-30 05:25:45 | INFO     | [lf.day.start] Processing AJF-ATZ for 26APR
[LF] Sending SN command: SN26APRAJFATZ/ASM
[LF] No direct flights on 26APR for AJF-ATZ
2026-01-30 05:25:46 | WARNING  | [lf.day.no_flights] No direct flights on 26APR
2026-01-30 05:25:46 | INFO     | [SUCCESS] Day 26APR
2026-01-30 05:25:46 | INFO     | [DAY_START] Processing 25APR
[LF] Processing AJF-ATZ for 25APR
2026-01-30 05:25:46 | INFO     | [lf.day.start] Processing AJF-ATZ for 25APR
[LF] Sending SN command: SN25APRAJFATZ/ASM
[LF] No direct flights on 25APR for AJF-ATZ
2026-01-30 05:25:47 | WARNING  | [lf.day.no_flights] No direct flights on 25APR
2026-01-30 05:25:47 | INFO     | [SUCCESS] Day 25APR
2026-01-30 05:25:47 | INFO     | [DAY_START] Processing 24APR
[LF] Processing AJF-ATZ for 24APR
2026-01-30 05:25:47 | INFO     | [lf.day.start] Processing AJF-ATZ for 24APR
[LF] Sending SN command: SN24APRAJFATZ/ASM
[LF] No direct flights on 24APR for AJF-ATZ
2026-01-30 05:25:48 | WARNING  | [lf.day.no_flights] No direct flights on 24APR
2026-01-30 05:25:48 | INFO     | [SUCCESS] Day 24APR
2026-01-30 05:25:48 | INFO     | [DAY_START] Processing 23APR
[LF] Processing AJF-ATZ for 23APR
2026-01-30 05:25:48 | INFO     | [lf.day.start] Processing AJF-ATZ for 23APR
[LF] Sending SN command: SN23APRAJFATZ/ASM
[LF] No direct flights on 23APR for AJF-ATZ
2026-01-30 05:25:50 | WARNING  | [lf.day.no_flights] No direct flights on 23APR
2026-01-30 05:25:50 | INFO     | [SUCCESS] Day 23APR
2026-01-30 05:25:50 | INFO     | [DAY_START] Processing 22APR
[LF] Processing AJF-ATZ for 22APR
2026-01-30 05:25:50 | INFO     | [lf.day.start] Processing AJF-ATZ for 22APR
[LF] Sending SN command: SN22APRAJFATZ/ASM
[LF] No direct flights on 22APR for AJF-ATZ
2026-01-30 05:25:51 | WARNING  | [lf.day.no_flights] No direct flights on 22APR
2026-01-30 05:25:51 | INFO     | [SUCCESS] Day 22APR
2026-01-30 05:25:51 | INFO     | [DAY_START] Processing 21APR
[LF] Processing AJF-ATZ for 21APR
2026-01-30 05:25:51 | INFO     | [lf.day.start] Processing AJF-ATZ for 21APR
[LF] Sending SN command: SN21APRAJFATZ/ASM
[LF] No direct flights on 21APR for AJF-ATZ
2026-01-30 05:25:52 | WARNING  | [lf.day.no_flights] No direct flights on 21APR
2026-01-30 05:25:52 | INFO     | [SUCCESS] Day 21APR
2026-01-30 05:25:52 | INFO     | [DAY_START] Processing 20APR
[LF] Processing AJF-ATZ for 20APR
2026-01-30 05:25:52 | INFO     | [lf.day.start] Processing AJF-ATZ for 20APR
[LF] Sending SN command: SN20APRAJFATZ/ASM
[LF] No direct flights on 20APR for AJF-ATZ
2026-01-30 05:25:53 | WARNING  | [lf.day.no_flights] No direct flights on 20APR
2026-01-30 05:25:53 | INFO     | [SUCCESS] Day 20APR
[LF] Results summary:
  2026-04-29: 0 flights
  2026-04-28: 0 flights
  2026-04-27: 0 flights
  2026-04-26: 0 flights
  2026-04-25: 0 flights
  2026-04-24: 0 flights
  2026-04-23: 0 flights
  2026-04-22: 0 flights
  2026-04-21: 0 flights
  2026-04-20: 0 flights
2026-01-30 05:25:53 | INFO     | [SUCCESS] LF Search Complete

============================================================
[Worker_9223] ✓ COMPLETED: AJF-ATZ
  Results: 10 dates
  Errors: 0 dates
  Total Processed: 18 groups
============================================================

2026-01-30 05:25:53 | INFO     | [Worker_9223] Completed: AJF-ATZ - 10 results, 0 errors

============================================================
[Worker_9223] Processing: AHB-ATZ
  Tier 0: Range 3, Chunk 1/3
  Dates: 10 days
  Date Range: 2026-04-29 to 2026-04-20
============================================================

2026-01-30 05:25:53 | INFO     | [Worker_9223] Processing: AHB-ATZ
2026-01-30 05:25:53 | INFO     |   Tier 0: Range 3, Chunk 1/3 (10 days)
2026-01-30 05:25:53 | INFO     | ======================================================================
2026-01-30 05:25:53 | INFO     | Load Factor Scraper Started - Route: AHB-ATZ
2026-01-30 05:25:53 | INFO     | Log file: D:\CODERED\LAB\Artifacts\outputs\run_generated_300126_at_05.16\logs\LF_AHB-ATZ_20260130_052553.log
2026-01-30 05:25:53 | INFO     | Enhanced logging: Capturing both logging.info() and print()
2026-01-30 05:25:53 | INFO     | ======================================================================
[LF] Processing dates (override): ['29APR', '28APR', '27APR', '26APR', '25APR', '24APR', '23APR', '22APR', '21APR', '20APR']
[LF] Attaching to Chrome for Altea access
2026-01-30 05:25:53 | INFO     | Starting LF search for route: AHB-ATZ
2026-01-30 05:25:53 | INFO     | [START] LF Search
[LF][[OK] SUCCESS] Connected to Chrome on 127.0.0.1:9223 (after 1 attempts)
2026-01-30 05:25:54 | INFO     | [HEALTH CHECK] [OK] Chrome connection is healthy
[LF][[OK] SUCCESS] Found Amadeus Altea window: Altéa Reservation Desktop
[LF][[INFO] INFO] URL: https://tc212.resdesktop.altea.amadeus.com/app_ard/apf/init/login?SITE=ESMPESMP&LANGUAGE=GB&MARKETS=ARDW_PROD_WBP&ACTION=clpLogin
2026-01-30 05:25:54 | INFO     | [DAY_START] Processing 29APR
[LF] Processing AHB-ATZ for 29APR
2026-01-30 05:25:54 | INFO     | [lf.day.start] Processing AHB-ATZ for 29APR
[LF] Sending SN command: SN29APRAHBATZ/ASM
[LF] No direct flights on 29APR for AHB-ATZ
2026-01-30 05:25:55 | WARNING  | [lf.day.no_flights] No direct flights on 29APR
2026-01-30 05:25:55 | INFO     | [SUCCESS] Day 29APR
2026-01-30 05:25:55 | INFO     | [DAY_START] Processing 28APR
[LF] Processing AHB-ATZ for 28APR
2026-01-30 05:25:55 | INFO     | [lf.day.start] Processing AHB-ATZ for 28APR
[LF] Sending SN command: SN28APRAHBATZ/ASM
[LF] No direct flights on 28APR for AHB-ATZ
2026-01-30 05:25:56 | WARNING  | [lf.day.no_flights] No direct flights on 28APR
2026-01-30 05:25:56 | INFO     | [SUCCESS] Day 28APR
2026-01-30 05:25:56 | INFO     | [DAY_START] Processing 27APR
[LF] Processing AHB-ATZ for 27APR
2026-01-30 05:25:56 | INFO     | [lf.day.start] Processing AHB-ATZ for 27APR
[LF] Sending SN command: SN27APRAHBATZ/ASM
[LF] No direct flights on 27APR for AHB-ATZ
2026-01-30 05:25:57 | WARNING  | [lf.day.no_flights] No direct flights on 27APR
2026-01-30 05:25:57 | INFO     | [SUCCESS] Day 27APR
2026-01-30 05:25:57 | INFO     | [DAY_START] Processing 26APR
[LF] Processing AHB-ATZ for 26APR
2026-01-30 05:25:57 | INFO     | [lf.day.start] Processing AHB-ATZ for 26APR
[LF] Sending SN command: SN26APRAHBATZ/ASM
[LF] No direct flights on 26APR for AHB-ATZ
2026-01-30 05:25:58 | WARNING  | [lf.day.no_flights] No direct flights on 26APR
2026-01-30 05:25:58 | INFO     | [SUCCESS] Day 26APR
2026-01-30 05:25:58 | INFO     | [DAY_START] Processing 25APR
[LF] Processing AHB-ATZ for 25APR
2026-01-30 05:25:58 | INFO     | [lf.day.start] Processing AHB-ATZ for 25APR
[LF] Sending SN command: SN25APRAHBATZ/ASM
[LF] No direct flights on 25APR for AHB-ATZ
2026-01-30 05:25:59 | WARNING  | [lf.day.no_flights] No direct flights on 25APR
2026-01-30 05:25:59 | INFO     | [SUCCESS] Day 25APR
2026-01-30 05:25:59 | INFO     | [DAY_START] Processing 24APR
[LF] Processing AHB-ATZ for 24APR
2026-01-30 05:25:59 | INFO     | [lf.day.start] Processing AHB-ATZ for 24APR
[LF] Sending SN command: SN24APRAHBATZ/ASM
[LF] No direct flights on 24APR for AHB-ATZ
2026-01-30 05:26:01 | WARNING  | [lf.day.no_flights] No direct flights on 24APR
2026-01-30 05:26:01 | INFO     | [SUCCESS] Day 24APR
2026-01-30 05:26:01 | INFO     | [DAY_START] Processing 23APR
[LF] Processing AHB-ATZ for 23APR
2026-01-30 05:26:01 | INFO     | [lf.day.start] Processing AHB-ATZ for 23APR
[LF] Sending SN command: SN23APRAHBATZ/ASM
[LF] No direct flights on 23APR for AHB-ATZ
2026-01-30 05:26:02 | WARNING  | [lf.day.no_flights] No direct flights on 23APR
2026-01-30 05:26:02 | INFO     | [SUCCESS] Day 23APR
2026-01-30 05:26:02 | INFO     | [DAY_START] Processing 22APR
[LF] Processing AHB-ATZ for 22APR
2026-01-30 05:26:02 | INFO     | [lf.day.start] Processing AHB-ATZ for 22APR
[LF] Sending SN command: SN22APRAHBATZ/ASM
[LF] No direct flights on 22APR for AHB-ATZ
2026-01-30 05:26:03 | WARNING  | [lf.day.no_flights] No direct flights on 22APR
2026-01-30 05:26:03 | INFO     | [SUCCESS] Day 22APR
2026-01-30 05:26:03 | INFO     | [DAY_START] Processing 21APR
[LF] Processing AHB-ATZ for 21APR
2026-01-30 05:26:03 | INFO     | [lf.day.start] Processing AHB-ATZ for 21APR
[LF] Sending SN command: SN21APRAHBATZ/ASM
[LF] No direct flights on 21APR for AHB-ATZ
2026-01-30 05:26:04 | WARNING  | [lf.day.no_flights] No direct flights on 21APR
2026-01-30 05:26:04 | INFO     | [SUCCESS] Day 21APR
2026-01-30 05:26:04 | INFO     | [DAY_START] Processing 20APR
[LF] Processing AHB-ATZ for 20APR
2026-01-30 05:26:04 | INFO     | [lf.day.start] Processing AHB-ATZ for 20APR
[LF] Sending SN command: SN20APRAHBATZ/ASM
[LF] No direct flights on 20APR for AHB-ATZ
2026-01-30 05:26:05 | WARNING  | [lf.day.no_flights] No direct flights on 20APR
2026-01-30 05:26:05 | INFO     | [SUCCESS] Day 20APR
[LF] Results summary:
  2026-04-29: 0 flights
  2026-04-28: 0 flights
  2026-04-27: 0 flights
  2026-04-26: 0 flights
  2026-04-25: 0 flights
  2026-04-24: 0 flights
  2026-04-23: 0 flights
  2026-04-22: 0 flights
  2026-04-21: 0 flights
  2026-04-20: 0 flights
2026-01-30 05:26:05 | INFO     | [SUCCESS] LF Search Complete

============================================================
[Worker_9223] ✓ COMPLETED: AHB-ATZ
  Results: 10 dates
  Errors: 0 dates
  Total Processed: 19 groups
============================================================

2026-01-30 05:26:05 | INFO     | [Worker_9223] Completed: AHB-ATZ - 10 results, 0 errors

============================================================
[Worker_9223] Processing: CAI-MED
  Tier 0: Range 3, Chunk 1/3
  Dates: 10 days
  Date Range: 2026-04-29 to 2026-04-20
============================================================

2026-01-30 05:26:05 | INFO     | [Worker_9223] Processing: CAI-MED
2026-01-30 05:26:05 | INFO     |   Tier 0: Range 3, Chunk 1/3 (10 days)
2026-01-30 05:26:05 | INFO     | ======================================================================
2026-01-30 05:26:05 | INFO     | Load Factor Scraper Started - Route: CAI-MED
2026-01-30 05:26:05 | INFO     | Log file: D:\CODERED\LAB\Artifacts\outputs\run_generated_300126_at_05.16\logs\LF_CAI-MED_20260130_052605.log
2026-01-30 05:26:05 | INFO     | Enhanced logging: Capturing both logging.info() and print()
2026-01-30 05:26:05 | INFO     | ======================================================================
[LF] Processing dates (override): ['29APR', '28APR', '27APR', '26APR', '25APR', '24APR', '23APR', '22APR', '21APR', '20APR']
[LF] Attaching to Chrome for Altea access
2026-01-30 05:26:05 | INFO     | Starting LF search for route: CAI-MED
2026-01-30 05:26:05 | INFO     | [START] LF Search
[LF][[OK] SUCCESS] Connected to Chrome on 127.0.0.1:9223 (after 1 attempts)
2026-01-30 05:26:06 | INFO     | [HEALTH CHECK] [OK] Chrome connection is healthy
[LF][[OK] SUCCESS] Found Amadeus Altea window: Altéa Reservation Desktop
[LF][[INFO] INFO] URL: https://tc212.resdesktop.altea.amadeus.com/app_ard/apf/init/login?SITE=ESMPESMP&LANGUAGE=GB&MARKETS=ARDW_PROD_WBP&ACTION=clpLogin
2026-01-30 05:26:06 | INFO     | [DAY_START] Processing 29APR
[LF] Processing CAI-MED for 29APR
2026-01-30 05:26:06 | INFO     | [lf.day.start] Processing CAI-MED for 29APR
[LF] Sending SN command: SN29APRCAIMED/ASM
[LF] 29APR: found 1 direct flights
2026-01-30 05:26:07 | INFO     | [lf.day.flights_found] Found 1 flights on 29APR
2026-01-30 05:26:09 | INFO     | [lf.flight.extracted] SM493 on 29APR: BKG=0, LF=0.0%
[LF] SM493 29APR: BKG=0, GRP=0, CAP=179, LF%=0.0%, Brd-Off=CAI-MED
2026-01-30 05:26:10 | INFO     | [SUCCESS] Day 29APR
2026-01-30 05:26:10 | INFO     | [DAY_START] Processing 28APR
[LF] Processing CAI-MED for 28APR
2026-01-30 05:26:10 | INFO     | [lf.day.start] Processing CAI-MED for 28APR
[LF] Sending SN command: SN28APRCAIMED/ASM
[LF] 28APR: found 1 direct flights
2026-01-30 05:26:12 | INFO     | [lf.day.flights_found] Found 1 flights on 28APR
2026-01-30 05:26:13 | INFO     | [lf.flight.extracted] SM493 on 28APR: BKG=2, LF=1.1%
[LF] SM493 28APR: BKG=2, GRP=0, CAP=179, LF%=1.1%, Brd-Off=CAI-MED, Classes: O:2
[LF] Getting WEEKLY/LASTSOLD data for 1 flights
[LF] SM493 28APR: LASTSOLD=2026-01-10 00:00:00, WEEKLY=0, TODAY=0, YDAY=0
2026-01-30 05:26:16 | INFO     | [SUCCESS] Day 28APR
2026-01-30 05:26:16 | INFO     | [DAY_START] Processing 27APR
[LF] Processing CAI-MED for 27APR
2026-01-30 05:26:16 | INFO     | [lf.day.start] Processing CAI-MED for 27APR
[LF] Sending SN command: SN27APRCAIMED/ASM
[LF] No direct flights on 27APR for CAI-MED
2026-01-30 05:26:17 | WARNING  | [lf.day.no_flights] No direct flights on 27APR
2026-01-30 05:26:17 | INFO     | [SUCCESS] Day 27APR
2026-01-30 05:26:17 | INFO     | [DAY_START] Processing 26APR
[LF] Processing CAI-MED for 26APR
2026-01-30 05:26:17 | INFO     | [lf.day.start] Processing CAI-MED for 26APR
[LF] Sending SN command: SN26APRCAIMED/ASM
[LF] 26APR: found 1 direct flights
2026-01-30 05:26:18 | INFO     | [lf.day.flights_found] Found 1 flights on 26APR
2026-01-30 05:26:20 | INFO     | [lf.flight.extracted] SM493 on 26APR: BKG=1, LF=0.6%
[LF] SM493 26APR: BKG=1, GRP=0, CAP=179, LF%=0.6%, Brd-Off=CAI-MED, Classes: O:1
[LF] Getting WEEKLY/LASTSOLD data for 1 flights
[LF] SM493 26APR: LASTSOLD=2026-01-07 00:00:00, WEEKLY=0, TODAY=0, YDAY=0
2026-01-30 05:26:23 | INFO     | [SUCCESS] Day 26APR
2026-01-30 05:26:23 | INFO     | [DAY_START] Processing 25APR
[LF] Processing CAI-MED for 25APR
2026-01-30 05:26:23 | INFO     | [lf.day.start] Processing CAI-MED for 25APR
[LF] Sending SN command: SN25APRCAIMED/ASM
[LF] No direct flights on 25APR for CAI-MED
2026-01-30 05:26:24 | WARNING  | [lf.day.no_flights] No direct flights on 25APR
2026-01-30 05:26:24 | INFO     | [SUCCESS] Day 25APR
2026-01-30 05:26:24 | INFO     | [DAY_START] Processing 24APR
[LF] Processing CAI-MED for 24APR
2026-01-30 05:26:24 | INFO     | [lf.day.start] Processing CAI-MED for 24APR
[LF] Sending SN command: SN24APRCAIMED/ASM
[LF] No direct flights on 24APR for CAI-MED
2026-01-30 05:26:25 | WARNING  | [lf.day.no_flights] No direct flights on 24APR
2026-01-30 05:26:25 | INFO     | [SUCCESS] Day 24APR
2026-01-30 05:26:25 | INFO     | [DAY_START] Processing 23APR
[LF] Processing CAI-MED for 23APR
2026-01-30 05:26:25 | INFO     | [lf.day.start] Processing CAI-MED for 23APR
[LF] Sending SN command: SN23APRCAIMED/ASM
[LF] 23APR: found 1 direct flights
2026-01-30 05:26:26 | INFO     | [lf.day.flights_found] Found 1 flights on 23APR
2026-01-30 05:26:28 | INFO     | [lf.flight.extracted] SM493 on 23APR: BKG=0, LF=0.0%
[LF] SM493 23APR: BKG=0, GRP=0, CAP=179, LF%=0.0%, Brd-Off=CAI-MED
2026-01-30 05:26:29 | INFO     | [SUCCESS] Day 23APR
2026-01-30 05:26:29 | INFO     | [DAY_START] Processing 22APR
[LF] Processing CAI-MED for 22APR
2026-01-30 05:26:29 | INFO     | [lf.day.start] Processing CAI-MED for 22APR
[LF] Sending SN command: SN22APRCAIMED/ASM
[LF] 22APR: found 1 direct flights
2026-01-30 05:26:31 | INFO     | [lf.day.flights_found] Found 1 flights on 22APR
2026-01-30 05:26:33 | INFO     | [lf.flight.extracted] SM493 on 22APR: BKG=0, LF=0.0%
[LF] SM493 22APR: BKG=0, GRP=0, CAP=179, LF%=0.0%, Brd-Off=CAI-MED
2026-01-30 05:26:34 | INFO     | [SUCCESS] Day 22APR
2026-01-30 05:26:34 | INFO     | [DAY_START] Processing 21APR
[LF] Processing CAI-MED for 21APR
2026-01-30 05:26:34 | INFO     | [lf.day.start] Processing CAI-MED for 21APR
[LF] Sending SN command: SN21APRCAIMED/ASM
[LF] 21APR: found 1 direct flights
2026-01-30 05:26:36 | INFO     | [lf.day.flights_found] Found 1 flights on 21APR
2026-01-30 05:26:38 | INFO     | [lf.flight.extracted] SM493 on 21APR: BKG=1, LF=0.6%
[LF] SM493 21APR: BKG=1, GRP=0, CAP=179, LF%=0.6%, Brd-Off=CAI-MED, Classes: O:1
[LF] Getting WEEKLY/LASTSOLD data for 1 flights
[LF] SM493 21APR: LASTSOLD=2026-01-28 00:00:00, WEEKLY=1, TODAY=0, YDAY=0
2026-01-30 05:26:41 | INFO     | [SUCCESS] Day 21APR
2026-01-30 05:26:41 | INFO     | [DAY_START] Processing 20APR
[LF] Processing CAI-MED for 20APR
2026-01-30 05:26:41 | INFO     | [lf.day.start] Processing CAI-MED for 20APR
[LF] Sending SN command: SN20APRCAIMED/ASM
[LF] No direct flights on 20APR for CAI-MED
2026-01-30 05:26:42 | WARNING  | [lf.day.no_flights] No direct flights on 20APR
2026-01-30 05:26:42 | INFO     | [SUCCESS] Day 20APR
[LF] Results summary:
  2026-04-29: 1 flights
  2026-04-28: 1 flights
  2026-04-27: 0 flights
  2026-04-26: 1 flights
  2026-04-25: 0 flights
  2026-04-24: 0 flights
  2026-04-23: 1 flights
  2026-04-22: 1 flights
  2026-04-21: 1 flights
  2026-04-20: 0 flights
2026-01-30 05:26:42 | INFO     | [SUCCESS] LF Search Complete

============================================================
[Worker_9223] ✓ COMPLETED: CAI-MED
  Results: 10 dates
  Errors: 0 dates
  Total Processed: 20 groups
============================================================

2026-01-30 05:26:42 | INFO     | [Worker_9223] Completed: CAI-MED - 10 results, 0 errors

============================================================
[Worker_9223] Processing: CAI-DMM
  Tier 0: Range 3, Chunk 1/3
  Dates: 10 days
  Date Range: 2026-04-29 to 2026-04-20
============================================================

2026-01-30 05:26:42 | INFO     | [Worker_9223] Processing: CAI-DMM
2026-01-30 05:26:42 | INFO     |   Tier 0: Range 3, Chunk 1/3 (10 days)
2026-01-30 05:26:42 | INFO     | ======================================================================
2026-01-30 05:26:42 | INFO     | Load Factor Scraper Started - Route: CAI-DMM
2026-01-30 05:26:42 | INFO     | Log file: D:\CODERED\LAB\Artifacts\outputs\run_generated_300126_at_05.16\logs\LF_CAI-DMM_20260130_052642.log
2026-01-30 05:26:42 | INFO     | Enhanced logging: Capturing both logging.info() and print()
2026-01-30 05:26:42 | INFO     | ======================================================================
[LF] Processing dates (override): ['29APR', '28APR', '27APR', '26APR', '25APR', '24APR', '23APR', '22APR', '21APR', '20APR']
[LF] Attaching to Chrome for Altea access
2026-01-30 05:26:42 | INFO     | Starting LF search for route: CAI-DMM
2026-01-30 05:26:42 | INFO     | [START] LF Search
[LF][[OK] SUCCESS] Connected to Chrome on 127.0.0.1:9223 (after 1 attempts)
2026-01-30 05:26:43 | INFO     | [HEALTH CHECK] [OK] Chrome connection is healthy
[LF][[OK] SUCCESS] Found Amadeus Altea window: Altéa Reservation Desktop
[LF][[INFO] INFO] URL: https://tc212.resdesktop.altea.amadeus.com/app_ard/apf/init/login?SITE=ESMPESMP&LANGUAGE=GB&MARKETS=ARDW_PROD_WBP&ACTION=clpLogin
2026-01-30 05:26:43 | INFO     | [DAY_START] Processing 29APR
[LF] Processing CAI-DMM for 29APR
2026-01-30 05:26:43 | INFO     | [lf.day.start] Processing CAI-DMM for 29APR
[LF] Sending SN command: SN29APRCAIDMM/ASM
[LF] 29APR: found 1 direct flights
2026-01-30 05:26:44 | INFO     | [lf.day.flights_found] Found 1 flights on 29APR
2026-01-30 05:26:46 | INFO     | [lf.flight.extracted] SM433 on 29APR: BKG=5, LF=2.8%
[LF] SM433 29APR: BKG=5, GRP=0, CAP=179, LF%=2.8%, Brd-Off=CAI-DMM, Classes: I:5
[LF] Getting WEEKLY/LASTSOLD data for 1 flights
[LF] SM433 29APR: LASTSOLD=2026-01-26 00:00:00, WEEKLY=1, TODAY=0, YDAY=0
2026-01-30 05:26:49 | INFO     | [SUCCESS] Day 29APR
2026-01-30 05:26:49 | INFO     | [DAY_START] Processing 28APR
[LF] Processing CAI-DMM for 28APR
2026-01-30 05:26:49 | INFO     | [lf.day.start] Processing CAI-DMM for 28APR
[LF] Sending SN command: SN28APRCAIDMM/ASM
[LF] 28APR: found 1 direct flights
2026-01-30 05:26:50 | INFO     | [lf.day.flights_found] Found 1 flights on 28APR
2026-01-30 05:26:52 | INFO     | [lf.flight.extracted] SM433 on 28APR: BKG=2, LF=1.1%
[LF] SM433 28APR: BKG=2, GRP=0, CAP=179, LF%=1.1%, Brd-Off=CAI-DMM, Classes: I:2
[LF] Getting WEEKLY/LASTSOLD data for 1 flights
[LF] SM433 28APR: LASTSOLD=2026-01-21 00:00:00, WEEKLY=0, TODAY=0, YDAY=0
2026-01-30 05:26:55 | INFO     | [SUCCESS] Day 28APR
2026-01-30 05:26:55 | INFO     | [DAY_START] Processing 27APR
[LF] Processing CAI-DMM for 27APR
2026-01-30 05:26:55 | INFO     | [lf.day.start] Processing CAI-DMM for 27APR
[LF] Sending SN command: SN27APRCAIDMM/ASM
[LF] 27APR: found 1 direct flights
2026-01-30 05:26:56 | INFO     | [lf.day.flights_found] Found 1 flights on 27APR
2026-01-30 05:26:58 | INFO     | [lf.flight.extracted] SM433 on 27APR: BKG=3, LF=1.7%
[LF] SM433 27APR: BKG=3, GRP=0, CAP=179, LF%=1.7%, Brd-Off=CAI-DMM, Classes: I:2, S:1
[LF] Getting WEEKLY/LASTSOLD data for 1 flights
[LF] SM433 27APR: LASTSOLD=2026-01-20 00:00:00, WEEKLY=0, TODAY=0, YDAY=0
2026-01-30 05:27:01 | INFO     | [SUCCESS] Day 27APR
2026-01-30 05:27:01 | INFO     | [DAY_START] Processing 26APR
[LF] Processing CAI-DMM for 26APR
2026-01-30 05:27:01 | INFO     | [lf.day.start] Processing CAI-DMM for 26APR
[LF] Sending SN command: SN26APRCAIDMM/ASM
[LF] 26APR: found 1 direct flights
2026-01-30 05:27:02 | INFO     | [lf.day.flights_found] Found 1 flights on 26APR
2026-01-30 05:27:04 | INFO     | [lf.flight.extracted] SM439 on 26APR: BKG=7, LF=3.9%
[LF] SM439 26APR: BKG=7, GRP=0, CAP=179, LF%=3.9%, Brd-Off=CAI-DMM, Classes: I:7
[LF] Getting WEEKLY/LASTSOLD data for 1 flights
[LF] SM439 26APR: LASTSOLD=2026-01-07 00:00:00, WEEKLY=0, TODAY=0, YDAY=0
2026-01-30 05:27:07 | INFO     | [SUCCESS] Day 26APR
2026-01-30 05:27:07 | INFO     | [DAY_START] Processing 25APR
[LF] Processing CAI-DMM for 25APR
2026-01-30 05:27:07 | INFO     | [lf.day.start] Processing CAI-DMM for 25APR
[LF] Sending SN command: SN25APRCAIDMM/ASM
[LF] 25APR: found 1 direct flights
2026-01-30 05:27:08 | INFO     | [lf.day.flights_found] Found 1 flights on 25APR
2026-01-30 05:27:10 | INFO     | [lf.flight.extracted] SM433 on 25APR: BKG=14, LF=7.8%
[LF] SM433 25APR: BKG=14, GRP=0, CAP=179, LF%=7.8%, Brd-Off=CAI-DMM, Classes: I:5, O:8, U:1
[LF] Getting WEEKLY/LASTSOLD data for 1 flights
[LF] SM433 25APR: LASTSOLD=2026-01-19 00:00:00, WEEKLY=0, TODAY=0, YDAY=0
2026-01-30 05:27:12 | INFO     | [SUCCESS] Day 25APR
2026-01-30 05:27:12 | INFO     | [DAY_START] Processing 24APR
[LF] Processing CAI-DMM for 24APR
2026-01-30 05:27:12 | INFO     | [lf.day.start] Processing CAI-DMM for 24APR
[LF] Sending SN command: SN24APRCAIDMM/ASM
[LF] 24APR: found 1 direct flights
2026-01-30 05:27:14 | INFO     | [lf.day.flights_found] Found 1 flights on 24APR
2026-01-30 05:27:16 | INFO     | [lf.flight.extracted] SM439 on 24APR: BKG=11, LF=6.2%
[LF] SM439 24APR: BKG=11, GRP=0, CAP=179, LF%=6.2%, Brd-Off=CAI-DMM, Classes: I:7, O:4
[LF] Getting WEEKLY/LASTSOLD data for 1 flights
[LF] SM439 24APR: LASTSOLD=2026-01-28 00:00:00, WEEKLY=2, TODAY=0, YDAY=0
2026-01-30 05:27:19 | INFO     | [SUCCESS] Day 24APR
2026-01-30 05:27:19 | INFO     | [DAY_START] Processing 23APR
[LF] Processing CAI-DMM for 23APR
2026-01-30 05:27:19 | INFO     | [lf.day.start] Processing CAI-DMM for 23APR
[LF] Sending SN command: SN23APRCAIDMM/ASM
[LF] 23APR: found 1 direct flights
2026-01-30 05:27:20 | INFO     | [lf.day.flights_found] Found 1 flights on 23APR
2026-01-30 05:27:22 | INFO     | [lf.flight.extracted] SM433 on 23APR: BKG=5, LF=2.8%
[LF] SM433 23APR: BKG=5, GRP=0, CAP=179, LF%=2.8%, Brd-Off=CAI-DMM, Classes: I:5
[LF] Getting WEEKLY/LASTSOLD data for 1 flights
[LF] SM433 23APR: LASTSOLD=2026-01-29 00:00:00, WEEKLY=1, TODAY=0, YDAY=1
2026-01-30 05:27:24 | INFO     | [SUCCESS] Day 23APR
2026-01-30 05:27:24 | INFO     | [DAY_START] Processing 22APR
[LF] Processing CAI-DMM for 22APR
2026-01-30 05:27:24 | INFO     | [lf.day.start] Processing CAI-DMM for 22APR
[LF] Sending SN command: SN22APRCAIDMM/ASM
[LF] 22APR: found 1 direct flights
2026-01-30 05:27:26 | INFO     | [lf.day.flights_found] Found 1 flights on 22APR
2026-01-30 05:27:28 | INFO     | [lf.flight.extracted] SM433 on 22APR: BKG=4, LF=2.2%
[LF] SM433 22APR: BKG=4, GRP=0, CAP=179, LF%=2.2%, Brd-Off=CAI-DMM, Classes: I:4
[LF] Getting WEEKLY/LASTSOLD data for 1 flights
[LF] SM433 22APR: LASTSOLD=2026-01-26 00:00:00, WEEKLY=1, TODAY=0, YDAY=0
2026-01-30 05:27:30 | INFO     | [SUCCESS] Day 22APR
2026-01-30 05:27:30 | INFO     | [DAY_START] Processing 21APR
[LF] Processing CAI-DMM for 21APR
2026-01-30 05:27:30 | INFO     | [lf.day.start] Processing CAI-DMM for 21APR
[LF] Sending SN command: SN21APRCAIDMM/ASM
[LF] 21APR: found 1 direct flights
2026-01-30 05:27:31 | INFO     | [lf.day.flights_found] Found 1 flights on 21APR
2026-01-30 05:27:33 | INFO     | [lf.flight.extracted] SM433 on 21APR: BKG=4, LF=2.2%
[LF] SM433 21APR: BKG=4, GRP=0, CAP=179, LF%=2.2%, Brd-Off=CAI-DMM, Classes: I:4
[LF] Getting WEEKLY/LASTSOLD data for 1 flights
[LF] SM433 21APR: LASTSOLD=2026-01-22 00:00:00, WEEKLY=0, TODAY=0, YDAY=0
2026-01-30 05:27:36 | INFO     | [SUCCESS] Day 21APR
2026-01-30 05:27:36 | INFO     | [DAY_START] Processing 20APR
[LF] Processing CAI-DMM for 20APR
2026-01-30 05:27:36 | INFO     | [lf.day.start] Processing CAI-DMM for 20APR
[LF] Sending SN command: SN20APRCAIDMM/ASM
[LF] 20APR: found 1 direct flights
2026-01-30 05:27:37 | INFO     | [lf.day.flights_found] Found 1 flights on 20APR
2026-01-30 05:27:39 | INFO     | [lf.flight.extracted] SM433 on 20APR: BKG=9, LF=5.0%
[LF] SM433 20APR: BKG=9, GRP=0, CAP=179, LF%=5.0%, Brd-Off=CAI-DMM, Classes: I:5, O:3, X:1
[LF] Getting WEEKLY/LASTSOLD data for 1 flights
[LF] SM433 20APR: LASTSOLD=2026-01-29 00:00:00, WEEKLY=2, TODAY=0, YDAY=1
2026-01-30 05:27:41 | INFO     | [SUCCESS] Day 20APR
[LF] Results summary:
  2026-04-29: 1 flights
  2026-04-28: 1 flights
  2026-04-27: 1 flights
  2026-04-26: 1 flights
  2026-04-25: 1 flights
  2026-04-24: 1 flights
  2026-04-23: 1 flights
  2026-04-22: 1 flights
  2026-04-21: 1 flights
  2026-04-20: 1 flights
2026-01-30 05:27:41 | INFO     | [SUCCESS] LF Search Complete

============================================================
[Worker_9223] ✓ COMPLETED: CAI-DMM
  Results: 10 dates
  Errors: 0 dates
  Total Processed: 21 groups
============================================================

2026-01-30 05:27:41 | INFO     | [Worker_9223] Completed: CAI-DMM - 10 results, 0 errors

============================================================
[Worker_9223] Processing: MED-ATZ
  Tier 0: Range 3, Chunk 2/3
  Dates: 10 days
  Date Range: 2026-04-19 to 2026-04-10
============================================================

2026-01-30 05:27:41 | INFO     | [Worker_9223] Processing: MED-ATZ
2026-01-30 05:27:41 | INFO     |   Tier 0: Range 3, Chunk 2/3 (10 days)
2026-01-30 05:27:41 | INFO     | ======================================================================
2026-01-30 05:27:41 | INFO     | Load Factor Scraper Started - Route: MED-ATZ
2026-01-30 05:27:41 | INFO     | Log file: D:\CODERED\LAB\Artifacts\outputs\run_generated_300126_at_05.16\logs\LF_MED-ATZ_20260130_052741.log
2026-01-30 05:27:41 | INFO     | Enhanced logging: Capturing both logging.info() and print()
2026-01-30 05:27:41 | INFO     | ======================================================================
[LF] Processing dates (override): ['19APR', '18APR', '17APR', '16APR', '15APR', '14APR', '13APR', '12APR', '11APR', '10APR']
[LF] Attaching to Chrome for Altea access
2026-01-30 05:27:41 | INFO     | Starting LF search for route: MED-ATZ
2026-01-30 05:27:41 | INFO     | [START] LF Search
[LF][[OK] SUCCESS] Connected to Chrome on 127.0.0.1:9223 (after 1 attempts)
2026-01-30 05:27:42 | INFO     | [HEALTH CHECK] [OK] Chrome connection is healthy
[LF][[OK] SUCCESS] Found Amadeus Altea window: Altéa Reservation Desktop
[LF][[INFO] INFO] URL: https://tc212.resdesktop.altea.amadeus.com/app_ard/apf/init/login?SITE=ESMPESMP&LANGUAGE=GB&MARKETS=ARDW_PROD_WBP&ACTION=clpLogin
2026-01-30 05:27:42 | INFO     | [DAY_START] Processing 19APR
[LF] Processing MED-ATZ for 19APR
2026-01-30 05:27:42 | INFO     | [lf.day.start] Processing MED-ATZ for 19APR
[LF] Sending SN command: SN19APRMEDATZ/ASM
[LF] 19APR: found 1 direct flights
2026-01-30 05:27:43 | INFO     | [lf.day.flights_found] Found 1 flights on 19APR
2026-01-30 05:27:45 | INFO     | [lf.flight.extracted] SM488 on 19APR: BKG=1, LF=0.6%
[LF] SM488 19APR: BKG=1, GRP=0, CAP=175, LF%=0.6%, Brd-Off=MED-ATZ, Classes: I:1
[LF] Getting WEEKLY/LASTSOLD data for 1 flights
[LF] SM488 19APR: LASTSOLD=2026-01-19 00:00:00, WEEKLY=0, TODAY=0, YDAY=0
2026-01-30 05:27:48 | INFO     | [SUCCESS] Day 19APR
2026-01-30 05:27:48 | INFO     | [DAY_START] Processing 18APR
[LF] Processing MED-ATZ for 18APR
2026-01-30 05:27:48 | INFO     | [lf.day.start] Processing MED-ATZ for 18APR
[LF] Sending SN command: SN18APRMEDATZ/ASM
[LF] No direct flights on 18APR for MED-ATZ
2026-01-30 05:27:49 | WARNING  | [lf.day.no_flights] No direct flights on 18APR
2026-01-30 05:27:49 | INFO     | [SUCCESS] Day 18APR
2026-01-30 05:27:49 | INFO     | [DAY_START] Processing 17APR
[LF] Processing MED-ATZ for 17APR
2026-01-30 05:27:49 | INFO     | [lf.day.start] Processing MED-ATZ for 17APR
[LF] Sending SN command: SN17APRMEDATZ/ASM
[LF] No direct flights on 17APR for MED-ATZ
2026-01-30 05:27:50 | WARNING  | [lf.day.no_flights] No direct flights on 17APR
2026-01-30 05:27:50 | INFO     | [SUCCESS] Day 17APR
2026-01-30 05:27:50 | INFO     | [DAY_START] Processing 16APR
[LF] Processing MED-ATZ for 16APR
2026-01-30 05:27:50 | INFO     | [lf.day.start] Processing MED-ATZ for 16APR
[LF] Sending SN command: SN16APRMEDATZ/ASM
[LF] No direct flights on 16APR for MED-ATZ
2026-01-30 05:27:51 | WARNING  | [lf.day.no_flights] No direct flights on 16APR
2026-01-30 05:27:51 | INFO     | [SUCCESS] Day 16APR
2026-01-30 05:27:51 | INFO     | [DAY_START] Processing 15APR
[LF] Processing MED-ATZ for 15APR
2026-01-30 05:27:51 | INFO     | [lf.day.start] Processing MED-ATZ for 15APR
[LF] Sending SN command: SN15APRMEDATZ/ASM
[LF] No direct flights on 15APR for MED-ATZ
2026-01-30 05:27:52 | WARNING  | [lf.day.no_flights] No direct flights on 15APR
2026-01-30 05:27:52 | INFO     | [SUCCESS] Day 15APR
2026-01-30 05:27:52 | INFO     | [DAY_START] Processing 14APR
[LF] Processing MED-ATZ for 14APR
2026-01-30 05:27:52 | INFO     | [lf.day.start] Processing MED-ATZ for 14APR
[LF] Sending SN command: SN14APRMEDATZ/ASM
[LF] No direct flights on 14APR for MED-ATZ
2026-01-30 05:27:53 | WARNING  | [lf.day.no_flights] No direct flights on 14APR
2026-01-30 05:27:53 | INFO     | [SUCCESS] Day 14APR
2026-01-30 05:27:53 | INFO     | [DAY_START] Processing 13APR
[LF] Processing MED-ATZ for 13APR
2026-01-30 05:27:53 | INFO     | [lf.day.start] Processing MED-ATZ for 13APR
[LF] Sending SN command: SN13APRMEDATZ/ASM
[LF] No direct flights on 13APR for MED-ATZ
2026-01-30 05:27:55 | WARNING  | [lf.day.no_flights] No direct flights on 13APR
2026-01-30 05:27:55 | INFO     | [SUCCESS] Day 13APR
2026-01-30 05:27:55 | INFO     | [DAY_START] Processing 12APR
[LF] Processing MED-ATZ for 12APR
2026-01-30 05:27:55 | INFO     | [lf.day.start] Processing MED-ATZ for 12APR
[LF] Sending SN command: SN12APRMEDATZ/ASM
[LF] 12APR: found 1 direct flights
2026-01-30 05:27:56 | INFO     | [lf.day.flights_found] Found 1 flights on 12APR
2026-01-30 05:27:58 | INFO     | [lf.flight.extracted] SM488 on 12APR: BKG=4, LF=2.3%
[LF] SM488 12APR: BKG=4, GRP=0, CAP=175, LF%=2.3%, Brd-Off=MED-ATZ, Classes: I:2, O:2
[LF] Getting WEEKLY/LASTSOLD data for 1 flights
[LF] SM488 12APR: LASTSOLD=2026-01-18 00:00:00, WEEKLY=0, TODAY=0, YDAY=0
2026-01-30 05:28:00 | INFO     | [SUCCESS] Day 12APR
2026-01-30 05:28:00 | INFO     | [DAY_START] Processing 11APR
[LF] Processing MED-ATZ for 11APR
2026-01-30 05:28:00 | INFO     | [lf.day.start] Processing MED-ATZ for 11APR
[LF] Sending SN command: SN11APRMEDATZ/ASM
[LF] No direct flights on 11APR for MED-ATZ
2026-01-30 05:28:02 | WARNING  | [lf.day.no_flights] No direct flights on 11APR
2026-01-30 05:28:02 | INFO     | [SUCCESS] Day 11APR
2026-01-30 05:28:02 | INFO     | [DAY_START] Processing 10APR
[LF] Processing MED-ATZ for 10APR
2026-01-30 05:28:02 | INFO     | [lf.day.start] Processing MED-ATZ for 10APR
[LF] Sending SN command: SN10APRMEDATZ/ASM
[LF] No direct flights on 10APR for MED-ATZ
2026-01-30 05:28:03 | WARNING  | [lf.day.no_flights] No direct flights on 10APR
2026-01-30 05:28:03 | INFO     | [SUCCESS] Day 10APR
[LF] Results summary:
  2026-04-19: 1 flights
  2026-04-18: 0 flights
  2026-04-17: 0 flights
  2026-04-16: 0 flights
  2026-04-15: 0 flights
  2026-04-14: 0 flights
  2026-04-13: 0 flights
  2026-04-12: 1 flights
  2026-04-11: 0 flights
  2026-04-10: 0 flights
2026-01-30 05:28:03 | INFO     | [SUCCESS] LF Search Complete

============================================================
[Worker_9223] ✓ COMPLETED: MED-ATZ
  Results: 10 dates
  Errors: 0 dates
  Total Processed: 22 groups
============================================================

2026-01-30 05:28:03 | INFO     | [Worker_9223] Completed: MED-ATZ - 10 results, 0 errors

============================================================
[Worker_9223] Processing: RUH-CAI
  Tier 0: Range 3, Chunk 2/3
  Dates: 10 days
  Date Range: 2026-04-19 to 2026-04-10
============================================================

2026-01-30 05:28:03 | INFO     | [Worker_9223] Processing: RUH-CAI
2026-01-30 05:28:03 | INFO     |   Tier 0: Range 3, Chunk 2/3 (10 days)
2026-01-30 05:28:03 | INFO     | ======================================================================
2026-01-30 05:28:03 | INFO     | Load Factor Scraper Started - Route: RUH-CAI
2026-01-30 05:28:03 | INFO     | Log file: D:\CODERED\LAB\Artifacts\outputs\run_generated_300126_at_05.16\logs\LF_RUH-CAI_20260130_052803.log
2026-01-30 05:28:03 | INFO     | Enhanced logging: Capturing both logging.info() and print()
2026-01-30 05:28:03 | INFO     | ======================================================================
[LF] Processing dates (override): ['19APR', '18APR', '17APR', '16APR', '15APR', '14APR', '13APR', '12APR', '11APR', '10APR']
[LF] Attaching to Chrome for Altea access
2026-01-30 05:28:03 | INFO     | Starting LF search for route: RUH-CAI
2026-01-30 05:28:03 | INFO     | [START] LF Search
[LF][[OK] SUCCESS] Connected to Chrome on 127.0.0.1:9223 (after 1 attempts)
2026-01-30 05:28:04 | INFO     | [HEALTH CHECK] [OK] Chrome connection is healthy
[LF][[OK] SUCCESS] Found Amadeus Altea window: Altéa Reservation Desktop
[LF][[INFO] INFO] URL: https://tc212.resdesktop.altea.amadeus.com/app_ard/apf/init/login?SITE=ESMPESMP&LANGUAGE=GB&MARKETS=ARDW_PROD_WBP&ACTION=clpLogin
2026-01-30 05:28:04 | INFO     | [DAY_START] Processing 19APR
[LF] Processing RUH-CAI for 19APR
2026-01-30 05:28:04 | INFO     | [lf.day.start] Processing RUH-CAI for 19APR
[LF] Sending SN command: SN19APRRUHCAI/ASM
[LF] 19APR: found 1 direct flights
2026-01-30 05:28:05 | INFO     | [lf.day.flights_found] Found 1 flights on 19APR
2026-01-30 05:28:07 | INFO     | [lf.flight.extracted] SM462 on 19APR: BKG=0, LF=0.0%
[LF] SM462 19APR: BKG=0, GRP=0, CAP=167, LF%=0.0%, Brd-Off=RUH-CAI
2026-01-30 05:28:08 | INFO     | [SUCCESS] Day 19APR
2026-01-30 05:28:08 | INFO     | [DAY_START] Processing 18APR
[LF] Processing RUH-CAI for 18APR
2026-01-30 05:28:08 | INFO     | [lf.day.start] Processing RUH-CAI for 18APR
[LF] Sending SN command: SN18APRRUHCAI/ASM
[LF] 18APR: found 1 direct flights
2026-01-30 05:28:09 | INFO     | [lf.day.flights_found] Found 1 flights on 18APR
2026-01-30 05:28:11 | INFO     | [lf.flight.extracted] SM462 on 18APR: BKG=0, LF=0.0%
[LF] SM462 18APR: BKG=0, GRP=0, CAP=167, LF%=0.0%, Brd-Off=RUH-CAI
2026-01-30 05:28:12 | INFO     | [SUCCESS] Day 18APR
2026-01-30 05:28:12 | INFO     | [DAY_START] Processing 17APR
[LF] Processing RUH-CAI for 17APR
2026-01-30 05:28:12 | INFO     | [lf.day.start] Processing RUH-CAI for 17APR
[LF] Sending SN command: SN17APRRUHCAI/ASM
[LF] 17APR: found 1 direct flights
2026-01-30 05:28:14 | INFO     | [lf.day.flights_found] Found 1 flights on 17APR
2026-01-30 05:28:15 | INFO     | [lf.flight.extracted] SM470 on 17APR: BKG=4, LF=2.3%
[LF] SM470 17APR: BKG=4, GRP=0, CAP=175, LF%=2.3%, Brd-Off=RUH-CAI, Classes: I:4
[LF] Getting WEEKLY/LASTSOLD data for 1 flights
[LF] SM470 17APR: LASTSOLD=2026-01-29 00:00:00, WEEKLY=4, TODAY=0, YDAY=4
2026-01-30 05:28:18 | ERROR    | Atomic write failed for D:\CODERED\LAB\Artifacts\outputs\run_generated_300126_at_05.16\checkpoints\flight_booking_data.json: [WinError 5] Access is denied: 'D:\\CODERED\\LAB\\Artifacts\\outputs\\run_generated_300126_at_05.16\\checkpoints\\flight_booking_data.tmp_bf5bf787' -> 'D:\\CODERED\\LAB\\Artifacts\\outputs\\run_generated_300126_at_05.16\\checkpoints\\flight_booking_data.json'
2026-01-30 05:28:18 | INFO     | [SUCCESS] Day 17APR
2026-01-30 05:28:18 | INFO     | [DAY_START] Processing 16APR
[LF] Processing RUH-CAI for 16APR
2026-01-30 05:28:18 | INFO     | [lf.day.start] Processing RUH-CAI for 16APR
[LF] Sending SN command: SN16APRRUHCAI/ASM
[LF] 16APR: found 1 direct flights
2026-01-30 05:28:19 | INFO     | [lf.day.flights_found] Found 1 flights on 16APR
2026-01-30 05:28:21 | INFO     | [lf.flight.extracted] SM462 on 16APR: BKG=0, LF=0.0%
[LF] SM462 16APR: BKG=0, GRP=0, CAP=167, LF%=0.0%, Brd-Off=RUH-CAI
2026-01-30 05:28:22 | INFO     | [SUCCESS] Day 16APR
2026-01-30 05:28:22 | INFO     | [DAY_START] Processing 15APR
[LF] Processing RUH-CAI for 15APR
2026-01-30 05:28:22 | INFO     | [lf.day.start] Processing RUH-CAI for 15APR
[LF] Sending SN command: SN15APRRUHCAI/ASM
[LF] 15APR: found 1 direct flights
2026-01-30 05:28:23 | INFO     | [lf.day.flights_found] Found 1 flights on 15APR
2026-01-30 05:28:25 | INFO     | [lf.flight.extracted] SM462 on 15APR: BKG=0, LF=0.0%
[LF] SM462 15APR: BKG=0, GRP=0, CAP=167, LF%=0.0%, Brd-Off=RUH-CAI
2026-01-30 05:28:26 | INFO     | [SUCCESS] Day 15APR
2026-01-30 05:28:26 | INFO     | [DAY_START] Processing 14APR
[LF] Processing RUH-CAI for 14APR
2026-01-30 05:28:26 | INFO     | [lf.day.start] Processing RUH-CAI for 14APR
[LF] Sending SN command: SN14APRRUHCAI/ASM
[LF] 14APR: found 1 direct flights
2026-01-30 05:28:28 | INFO     | [lf.day.flights_found] Found 1 flights on 14APR
2026-01-30 05:28:30 | INFO     | [lf.flight.extracted] SM462 on 14APR: BKG=0, LF=0.0%
[LF] SM462 14APR: BKG=0, GRP=0, CAP=167, LF%=0.0%, Brd-Off=RUH-CAI
2026-01-30 05:28:31 | INFO     | [SUCCESS] Day 14APR
2026-01-30 05:28:31 | INFO     | [DAY_START] Processing 13APR
[LF] Processing RUH-CAI for 13APR
2026-01-30 05:28:31 | INFO     | [lf.day.start] Processing RUH-CAI for 13APR
[LF] Sending SN command: SN13APRRUHCAI/ASM
[LF] 13APR: found 1 direct flights
2026-01-30 05:28:32 | INFO     | [lf.day.flights_found] Found 1 flights on 13APR
2026-01-30 05:28:34 | INFO     | [lf.flight.extracted] SM462 on 13APR: BKG=0, LF=0.0%
[LF] SM462 13APR: BKG=0, GRP=0, CAP=167, LF%=0.0%, Brd-Off=RUH-CAI
2026-01-30 05:28:36 | INFO     | [SUCCESS] Day 13APR
2026-01-30 05:28:36 | INFO     | [DAY_START] Processing 12APR
[LF] Processing RUH-CAI for 12APR
2026-01-30 05:28:36 | INFO     | [lf.day.start] Processing RUH-CAI for 12APR
[LF] Sending SN command: SN12APRRUHCAI/ASM
[LF] 12APR: found 1 direct flights
2026-01-30 05:28:37 | INFO     | [lf.day.flights_found] Found 1 flights on 12APR
2026-01-30 05:28:39 | INFO     | [lf.flight.extracted] SM462 on 12APR: BKG=0, LF=0.0%
[LF] SM462 12APR: BKG=0, GRP=0, CAP=167, LF%=0.0%, Brd-Off=RUH-CAI
2026-01-30 05:28:40 | INFO     | [SUCCESS] Day 12APR
2026-01-30 05:28:40 | INFO     | [DAY_START] Processing 11APR
[LF] Processing RUH-CAI for 11APR
2026-01-30 05:28:40 | INFO     | [lf.day.start] Processing RUH-CAI for 11APR
[LF] Sending SN command: SN11APRRUHCAI/ASM
[LF] 11APR: found 1 direct flights
2026-01-30 05:28:41 | INFO     | [lf.day.flights_found] Found 1 flights on 11APR
2026-01-30 05:28:43 | INFO     | [lf.flight.extracted] SM462 on 11APR: BKG=0, LF=0.0%
[LF] SM462 11APR: BKG=0, GRP=0, CAP=167, LF%=0.0%, Brd-Off=RUH-CAI
2026-01-30 05:28:44 | INFO     | [SUCCESS] Day 11APR
2026-01-30 05:28:44 | INFO     | [DAY_START] Processing 10APR
[LF] Processing RUH-CAI for 10APR
2026-01-30 05:28:44 | INFO     | [lf.day.start] Processing RUH-CAI for 10APR
[LF] Sending SN command: SN10APRRUHCAI/ASM
[LF] 10APR: found 1 direct flights
2026-01-30 05:28:45 | INFO     | [lf.day.flights_found] Found 1 flights on 10APR
2026-01-30 05:28:47 | INFO     | [lf.flight.extracted] SM470 on 10APR: BKG=1, LF=0.6%
[LF] SM470 10APR: BKG=1, GRP=0, CAP=175, LF%=0.6%, Brd-Off=RUH-CAI, Classes: I:1
[LF] Getting WEEKLY/LASTSOLD data for 1 flights
[LF] SM470 10APR: LASTSOLD=2026-01-29 00:00:00, WEEKLY=1, TODAY=0, YDAY=1
2026-01-30 05:28:49 | INFO     | [SUCCESS] Day 10APR
[LF] Results summary:
  2026-04-19: 1 flights
  2026-04-18: 1 flights
  2026-04-17: 1 flights
  2026-04-16: 1 flights
  2026-04-15: 1 flights
  2026-04-14: 1 flights
  2026-04-13: 1 flights
  2026-04-12: 1 flights
  2026-04-11: 1 flights
  2026-04-10: 1 flights
2026-01-30 05:28:49 | INFO     | [SUCCESS] LF Search Complete

============================================================
[Worker_9223] ✓ COMPLETED: RUH-CAI
  Results: 10 dates
  Errors: 0 dates
  Total Processed: 23 groups
============================================================

2026-01-30 05:28:49 | INFO     | [Worker_9223] Completed: RUH-CAI - 10 results, 0 errors

============================================================
[Worker_9223] Processing: AHB-ATZ
  Tier 0: Range 3, Chunk 2/3
  Dates: 10 days
  Date Range: 2026-04-19 to 2026-04-10
============================================================

2026-01-30 05:28:49 | INFO     | [Worker_9223] Processing: AHB-ATZ
2026-01-30 05:28:49 | INFO     |   Tier 0: Range 3, Chunk 2/3 (10 days)
2026-01-30 05:28:49 | INFO     | ======================================================================
2026-01-30 05:28:49 | INFO     | Load Factor Scraper Started - Route: AHB-ATZ
2026-01-30 05:28:49 | INFO     | Log file: D:\CODERED\LAB\Artifacts\outputs\run_generated_300126_at_05.16\logs\LF_AHB-ATZ_20260130_052849.log
2026-01-30 05:28:49 | INFO     | Enhanced logging: Capturing both logging.info() and print()
2026-01-30 05:28:49 | INFO     | ======================================================================
[LF] Processing dates (override): ['19APR', '18APR', '17APR', '16APR', '15APR', '14APR', '13APR', '12APR', '11APR', '10APR']
[LF] Attaching to Chrome for Altea access
2026-01-30 05:28:49 | INFO     | Starting LF search for route: AHB-ATZ
2026-01-30 05:28:49 | INFO     | [START] LF Search
[LF][[OK] SUCCESS] Connected to Chrome on 127.0.0.1:9223 (after 1 attempts)
2026-01-30 05:28:50 | INFO     | [HEALTH CHECK] [OK] Chrome connection is healthy
[LF][[OK] SUCCESS] Found Amadeus Altea window: Altéa Reservation Desktop
[LF][[INFO] INFO] URL: https://tc212.resdesktop.altea.amadeus.com/app_ard/apf/init/login?SITE=ESMPESMP&LANGUAGE=GB&MARKETS=ARDW_PROD_WBP&ACTION=clpLogin
2026-01-30 05:28:50 | INFO     | [DAY_START] Processing 19APR
[LF] Processing AHB-ATZ for 19APR
2026-01-30 05:28:50 | INFO     | [lf.day.start] Processing AHB-ATZ for 19APR
[LF] Sending SN command: SN19APRAHBATZ/ASM
[LF] No direct flights on 19APR for AHB-ATZ
2026-01-30 05:28:51 | WARNING  | [lf.day.no_flights] No direct flights on 19APR
2026-01-30 05:28:51 | INFO     | [SUCCESS] Day 19APR
2026-01-30 05:28:51 | INFO     | [DAY_START] Processing 18APR
[LF] Processing AHB-ATZ for 18APR
2026-01-30 05:28:51 | INFO     | [lf.day.start] Processing AHB-ATZ for 18APR
[LF] Sending SN command: SN18APRAHBATZ/ASM
[LF] No direct flights on 18APR for AHB-ATZ
2026-01-30 05:28:52 | WARNING  | [lf.day.no_flights] No direct flights on 18APR
2026-01-30 05:28:52 | INFO     | [SUCCESS] Day 18APR
2026-01-30 05:28:52 | INFO     | [DAY_START] Processing 17APR
[LF] Processing AHB-ATZ for 17APR
2026-01-30 05:28:52 | INFO     | [lf.day.start] Processing AHB-ATZ for 17APR
[LF] Sending SN command: SN17APRAHBATZ/ASM
[LF] No direct flights on 17APR for AHB-ATZ
2026-01-30 05:28:53 | WARNING  | [lf.day.no_flights] No direct flights on 17APR
2026-01-30 05:28:53 | INFO     | [SUCCESS] Day 17APR
2026-01-30 05:28:53 | INFO     | [DAY_START] Processing 16APR
[LF] Processing AHB-ATZ for 16APR
2026-01-30 05:28:53 | INFO     | [lf.day.start] Processing AHB-ATZ for 16APR
[LF] Sending SN command: SN16APRAHBATZ/ASM
[LF] No direct flights on 16APR for AHB-ATZ
2026-01-30 05:28:54 | WARNING  | [lf.day.no_flights] No direct flights on 16APR
2026-01-30 05:28:54 | INFO     | [SUCCESS] Day 16APR
2026-01-30 05:28:54 | INFO     | [DAY_START] Processing 15APR
[LF] Processing AHB-ATZ for 15APR
2026-01-30 05:28:54 | INFO     | [lf.day.start] Processing AHB-ATZ for 15APR
[LF] Sending SN command: SN15APRAHBATZ/ASM
[LF] No direct flights on 15APR for AHB-ATZ
2026-01-30 05:28:55 | WARNING  | [lf.day.no_flights] No direct flights on 15APR
2026-01-30 05:28:55 | INFO     | [SUCCESS] Day 15APR
2026-01-30 05:28:56 | INFO     | [DAY_START] Processing 14APR
[LF] Processing AHB-ATZ for 14APR
2026-01-30 05:28:56 | INFO     | [lf.day.start] Processing AHB-ATZ for 14APR
[LF] Sending SN command: SN14APRAHBATZ/ASM
[LF] No direct flights on 14APR for AHB-ATZ
2026-01-30 05:28:57 | WARNING  | [lf.day.no_flights] No direct flights on 14APR
2026-01-30 05:28:57 | INFO     | [SUCCESS] Day 14APR
2026-01-30 05:28:57 | INFO     | [DAY_START] Processing 13APR
[LF] Processing AHB-ATZ for 13APR
2026-01-30 05:28:57 | INFO     | [lf.day.start] Processing AHB-ATZ for 13APR
[LF] Sending SN command: SN13APRAHBATZ/ASM
[LF] No direct flights on 13APR for AHB-ATZ
2026-01-30 05:28:58 | WARNING  | [lf.day.no_flights] No direct flights on 13APR
2026-01-30 05:28:58 | INFO     | [SUCCESS] Day 13APR
2026-01-30 05:28:58 | INFO     | [DAY_START] Processing 12APR
[LF] Processing AHB-ATZ for 12APR
2026-01-30 05:28:58 | INFO     | [lf.day.start] Processing AHB-ATZ for 12APR
[LF] Sending SN command: SN12APRAHBATZ/ASM
[LF] No direct flights on 12APR for AHB-ATZ
2026-01-30 05:28:59 | WARNING  | [lf.day.no_flights] No direct flights on 12APR
2026-01-30 05:28:59 | INFO     | [SUCCESS] Day 12APR
2026-01-30 05:28:59 | INFO     | [DAY_START] Processing 11APR
[LF] Processing AHB-ATZ for 11APR
2026-01-30 05:28:59 | INFO     | [lf.day.start] Processing AHB-ATZ for 11APR
[LF] Sending SN command: SN11APRAHBATZ/ASM
[LF] No direct flights on 11APR for AHB-ATZ
2026-01-30 05:29:00 | WARNING  | [lf.day.no_flights] No direct flights on 11APR
2026-01-30 05:29:00 | INFO     | [SUCCESS] Day 11APR
2026-01-30 05:29:00 | INFO     | [DAY_START] Processing 10APR
[LF] Processing AHB-ATZ for 10APR
2026-01-30 05:29:00 | INFO     | [lf.day.start] Processing AHB-ATZ for 10APR
[LF] Sending SN command: SN10APRAHBATZ/ASM
[LF] No direct flights on 10APR for AHB-ATZ
2026-01-30 05:29:01 | WARNING  | [lf.day.no_flights] No direct flights on 10APR
2026-01-30 05:29:01 | INFO     | [SUCCESS] Day 10APR
[LF] Results summary:
  2026-04-19: 0 flights
  2026-04-18: 0 flights
  2026-04-17: 0 flights
  2026-04-16: 0 flights
  2026-04-15: 0 flights
  2026-04-14: 0 flights
  2026-04-13: 0 flights
  2026-04-12: 0 flights
  2026-04-11: 0 flights
  2026-04-10: 0 flights
2026-01-30 05:29:01 | INFO     | [SUCCESS] LF Search Complete

============================================================
[Worker_9223] ✓ COMPLETED: AHB-ATZ
  Results: 10 dates
  Errors: 0 dates
  Total Processed: 24 groups
============================================================

2026-01-30 05:29:01 | INFO     | [Worker_9223] Completed: AHB-ATZ - 10 results, 0 errors

============================================================
[Worker_9223] Processing: ELQ-ATZ
  Tier 0: Range 3, Chunk 2/3
  Dates: 10 days
  Date Range: 2026-04-19 to 2026-04-10
============================================================

2026-01-30 05:29:01 | INFO     | [Worker_9223] Processing: ELQ-ATZ
2026-01-30 05:29:01 | INFO     |   Tier 0: Range 3, Chunk 2/3 (10 days)
2026-01-30 05:29:01 | INFO     | ======================================================================
2026-01-30 05:29:01 | INFO     | Load Factor Scraper Started - Route: ELQ-ATZ
2026-01-30 05:29:01 | INFO     | Log file: D:\CODERED\LAB\Artifacts\outputs\run_generated_300126_at_05.16\logs\LF_ELQ-ATZ_20260130_052901.log
2026-01-30 05:29:01 | INFO     | Enhanced logging: Capturing both logging.info() and print()
2026-01-30 05:29:01 | INFO     | ======================================================================
[LF] Processing dates (override): ['19APR', '18APR', '17APR', '16APR', '15APR', '14APR', '13APR', '12APR', '11APR', '10APR']
[LF] Attaching to Chrome for Altea access
2026-01-30 05:29:01 | INFO     | Starting LF search for route: ELQ-ATZ
2026-01-30 05:29:01 | INFO     | [START] LF Search
[LF][[OK] SUCCESS] Connected to Chrome on 127.0.0.1:9223 (after 1 attempts)
2026-01-30 05:29:02 | INFO     | [HEALTH CHECK] [OK] Chrome connection is healthy
[LF][[OK] SUCCESS] Found Amadeus Altea window: Altéa Reservation Desktop
[LF][[INFO] INFO] URL: https://tc212.resdesktop.altea.amadeus.com/app_ard/apf/init/login?SITE=ESMPESMP&LANGUAGE=GB&MARKETS=ARDW_PROD_WBP&ACTION=clpLogin
2026-01-30 05:29:02 | INFO     | [DAY_START] Processing 19APR
[LF] Processing ELQ-ATZ for 19APR
2026-01-30 05:29:02 | INFO     | [lf.day.start] Processing ELQ-ATZ for 19APR
[LF] Sending SN command: SN19APRELQATZ/ASM
[LF] No direct flights on 19APR for ELQ-ATZ
2026-01-30 05:29:03 | WARNING  | [lf.day.no_flights] No direct flights on 19APR
2026-01-30 05:29:03 | INFO     | [SUCCESS] Day 19APR
2026-01-30 05:29:03 | INFO     | [DAY_START] Processing 18APR
[LF] Processing ELQ-ATZ for 18APR
2026-01-30 05:29:03 | INFO     | [lf.day.start] Processing ELQ-ATZ for 18APR
[LF] Sending SN command: SN18APRELQATZ/ASM
[LF] No direct flights on 18APR for ELQ-ATZ
2026-01-30 05:29:04 | WARNING  | [lf.day.no_flights] No direct flights on 18APR
2026-01-30 05:29:04 | INFO     | [SUCCESS] Day 18APR
2026-01-30 05:29:04 | INFO     | [DAY_START] Processing 17APR
[LF] Processing ELQ-ATZ for 17APR
2026-01-30 05:29:04 | INFO     | [lf.day.start] Processing ELQ-ATZ for 17APR
[LF] Sending SN command: SN17APRELQATZ/ASM
[LF] No direct flights on 17APR for ELQ-ATZ
2026-01-30 05:29:05 | WARNING  | [lf.day.no_flights] No direct flights on 17APR
2026-01-30 05:29:05 | INFO     | [SUCCESS] Day 17APR
2026-01-30 05:29:05 | INFO     | [DAY_START] Processing 16APR
[LF] Processing ELQ-ATZ for 16APR
2026-01-30 05:29:05 | INFO     | [lf.day.start] Processing ELQ-ATZ for 16APR
[LF] Sending SN command: SN16APRELQATZ/ASM
[LF] No direct flights on 16APR for ELQ-ATZ
2026-01-30 05:29:06 | WARNING  | [lf.day.no_flights] No direct flights on 16APR
2026-01-30 05:29:06 | INFO     | [SUCCESS] Day 16APR
2026-01-30 05:29:06 | INFO     | [DAY_START] Processing 15APR
[LF] Processing ELQ-ATZ for 15APR
2026-01-30 05:29:06 | INFO     | [lf.day.start] Processing ELQ-ATZ for 15APR
[LF] Sending SN command: SN15APRELQATZ/ASM
[LF] No direct flights on 15APR for ELQ-ATZ
2026-01-30 05:29:07 | WARNING  | [lf.day.no_flights] No direct flights on 15APR
2026-01-30 05:29:07 | INFO     | [SUCCESS] Day 15APR
2026-01-30 05:29:07 | INFO     | [DAY_START] Processing 14APR
[LF] Processing ELQ-ATZ for 14APR
2026-01-30 05:29:07 | INFO     | [lf.day.start] Processing ELQ-ATZ for 14APR
[LF] Sending SN command: SN14APRELQATZ/ASM
[LF] No direct flights on 14APR for ELQ-ATZ
2026-01-30 05:29:08 | WARNING  | [lf.day.no_flights] No direct flights on 14APR
2026-01-30 05:29:08 | INFO     | [SUCCESS] Day 14APR
2026-01-30 05:29:08 | INFO     | [DAY_START] Processing 13APR
[LF] Processing ELQ-ATZ for 13APR
2026-01-30 05:29:08 | INFO     | [lf.day.start] Processing ELQ-ATZ for 13APR
[LF] Sending SN command: SN13APRELQATZ/ASM
[LF] No direct flights on 13APR for ELQ-ATZ
2026-01-30 05:29:09 | WARNING  | [lf.day.no_flights] No direct flights on 13APR
2026-01-30 05:29:09 | INFO     | [SUCCESS] Day 13APR
2026-01-30 05:29:09 | INFO     | [DAY_START] Processing 12APR
[LF] Processing ELQ-ATZ for 12APR
2026-01-30 05:29:09 | INFO     | [lf.day.start] Processing ELQ-ATZ for 12APR
[LF] Sending SN command: SN12APRELQATZ/ASM
[LF] No direct flights on 12APR for ELQ-ATZ
2026-01-30 05:29:11 | WARNING  | [lf.day.no_flights] No direct flights on 12APR
2026-01-30 05:29:11 | INFO     | [SUCCESS] Day 12APR
2026-01-30 05:29:11 | INFO     | [DAY_START] Processing 11APR
[LF] Processing ELQ-ATZ for 11APR
2026-01-30 05:29:11 | INFO     | [lf.day.start] Processing ELQ-ATZ for 11APR
[LF] Sending SN command: SN11APRELQATZ/ASM
[LF] No direct flights on 11APR for ELQ-ATZ
2026-01-30 05:29:12 | WARNING  | [lf.day.no_flights] No direct flights on 11APR
2026-01-30 05:29:12 | INFO     | [SUCCESS] Day 11APR
2026-01-30 05:29:12 | INFO     | [DAY_START] Processing 10APR
[LF] Processing ELQ-ATZ for 10APR
2026-01-30 05:29:12 | INFO     | [lf.day.start] Processing ELQ-ATZ for 10APR
[LF] Sending SN command: SN10APRELQATZ/ASM
[LF] No direct flights on 10APR for ELQ-ATZ
2026-01-30 05:29:13 | WARNING  | [lf.day.no_flights] No direct flights on 10APR
2026-01-30 05:29:13 | INFO     | [SUCCESS] Day 10APR
[LF] Results summary:
  2026-04-19: 0 flights
  2026-04-18: 0 flights
  2026-04-17: 0 flights
  2026-04-16: 0 flights
  2026-04-15: 0 flights
  2026-04-14: 0 flights
  2026-04-13: 0 flights
  2026-04-12: 0 flights
  2026-04-11: 0 flights
  2026-04-10: 0 flights
2026-01-30 05:29:13 | INFO     | [SUCCESS] LF Search Complete

============================================================
[Worker_9223] ✓ COMPLETED: ELQ-ATZ
  Results: 10 dates
  Errors: 0 dates
  Total Processed: 25 groups
============================================================

2026-01-30 05:29:13 | INFO     | [Worker_9223] Completed: ELQ-ATZ - 10 results, 0 errors

============================================================
[Worker_9223] Processing: ATZ-MED
  Tier 0: Range 3, Chunk 2/3
  Dates: 10 days
  Date Range: 2026-04-19 to 2026-04-10
============================================================

2026-01-30 05:29:13 | INFO     | [Worker_9223] Processing: ATZ-MED
2026-01-30 05:29:13 | INFO     |   Tier 0: Range 3, Chunk 2/3 (10 days)
2026-01-30 05:29:13 | INFO     | ======================================================================
2026-01-30 05:29:13 | INFO     | Load Factor Scraper Started - Route: ATZ-MED
2026-01-30 05:29:13 | INFO     | Log file: D:\CODERED\LAB\Artifacts\outputs\run_generated_300126_at_05.16\logs\LF_ATZ-MED_20260130_052913.log
2026-01-30 05:29:13 | INFO     | Enhanced logging: Capturing both logging.info() and print()
2026-01-30 05:29:13 | INFO     | ======================================================================
[LF] Processing dates (override): ['19APR', '18APR', '17APR', '16APR', '15APR', '14APR', '13APR', '12APR', '11APR', '10APR']
[LF] Attaching to Chrome for Altea access
2026-01-30 05:29:13 | INFO     | Starting LF search for route: ATZ-MED
2026-01-30 05:29:13 | INFO     | [START] LF Search
[LF][[OK] SUCCESS] Connected to Chrome on 127.0.0.1:9223 (after 1 attempts)
2026-01-30 05:29:14 | INFO     | [HEALTH CHECK] [OK] Chrome connection is healthy
[LF][[OK] SUCCESS] Found Amadeus Altea window: Altéa Reservation Desktop
[LF][[INFO] INFO] URL: https://tc212.resdesktop.altea.amadeus.com/app_ard/apf/init/login?SITE=ESMPESMP&LANGUAGE=GB&MARKETS=ARDW_PROD_WBP&ACTION=clpLogin
2026-01-30 05:29:14 | INFO     | [DAY_START] Processing 19APR
[LF] Processing ATZ-MED for 19APR
2026-01-30 05:29:14 | INFO     | [lf.day.start] Processing ATZ-MED for 19APR
[LF] Sending SN command: SN19APRATZMED/ASM
[LF] 19APR: found 1 direct flights
2026-01-30 05:29:15 | INFO     | [lf.day.flights_found] Found 1 flights on 19APR
2026-01-30 05:29:17 | INFO     | [lf.flight.extracted] SM487 on 19APR: BKG=5, LF=2.8%
[LF] SM487 19APR: BKG=5, GRP=0, CAP=179, LF%=2.8%, Brd-Off=ATZ-MED, Classes: I:5
[LF] Getting WEEKLY/LASTSOLD data for 1 flights
[LF] SM487 19APR: LASTSOLD=2026-01-11 00:00:00, WEEKLY=0, TODAY=0, YDAY=0
2026-01-30 05:29:20 | INFO     | [SUCCESS] Day 19APR
2026-01-30 05:29:20 | INFO     | [DAY_START] Processing 18APR
[LF] Processing ATZ-MED for 18APR
2026-01-30 05:29:20 | INFO     | [lf.day.start] Processing ATZ-MED for 18APR
[LF] Sending SN command: SN18APRATZMED/ASM
[LF] No direct flights on 18APR for ATZ-MED
2026-01-30 05:29:21 | WARNING  | [lf.day.no_flights] No direct flights on 18APR
2026-01-30 05:29:21 | INFO     | [SUCCESS] Day 18APR
2026-01-30 05:29:21 | INFO     | [DAY_START] Processing 17APR
[LF] Processing ATZ-MED for 17APR
2026-01-30 05:29:21 | INFO     | [lf.day.start] Processing ATZ-MED for 17APR
[LF] Sending SN command: SN17APRATZMED/ASM
[LF] No direct flights on 17APR for ATZ-MED
2026-01-30 05:29:22 | WARNING  | [lf.day.no_flights] No direct flights on 17APR
2026-01-30 05:29:22 | INFO     | [SUCCESS] Day 17APR
2026-01-30 05:29:22 | INFO     | [DAY_START] Processing 16APR
[LF] Processing ATZ-MED for 16APR
2026-01-30 05:29:22 | INFO     | [lf.day.start] Processing ATZ-MED for 16APR
[LF] Sending SN command: SN16APRATZMED/ASM
[LF] No direct flights on 16APR for ATZ-MED
2026-01-30 05:29:24 | WARNING  | [lf.day.no_flights] No direct flights on 16APR
2026-01-30 05:29:24 | INFO     | [SUCCESS] Day 16APR
2026-01-30 05:29:24 | INFO     | [DAY_START] Processing 15APR
[LF] Processing ATZ-MED for 15APR
2026-01-30 05:29:24 | INFO     | [lf.day.start] Processing ATZ-MED for 15APR
[LF] Sending SN command: SN15APRATZMED/ASM
[LF] No direct flights on 15APR for ATZ-MED
2026-01-30 05:29:25 | WARNING  | [lf.day.no_flights] No direct flights on 15APR
2026-01-30 05:29:25 | INFO     | [SUCCESS] Day 15APR
2026-01-30 05:29:25 | INFO     | [DAY_START] Processing 14APR
[LF] Processing ATZ-MED for 14APR
2026-01-30 05:29:25 | INFO     | [lf.day.start] Processing ATZ-MED for 14APR
[LF] Sending SN command: SN14APRATZMED/ASM
[LF] No direct flights on 14APR for ATZ-MED
2026-01-30 05:29:26 | WARNING  | [lf.day.no_flights] No direct flights on 14APR
2026-01-30 05:29:26 | INFO     | [SUCCESS] Day 14APR
2026-01-30 05:29:26 | INFO     | [DAY_START] Processing 13APR
[LF] Processing ATZ-MED for 13APR
2026-01-30 05:29:26 | INFO     | [lf.day.start] Processing ATZ-MED for 13APR
[LF] Sending SN command: SN13APRATZMED/ASM
[LF] No direct flights on 13APR for ATZ-MED
2026-01-30 05:29:27 | WARNING  | [lf.day.no_flights] No direct flights on 13APR
2026-01-30 05:29:27 | INFO     | [SUCCESS] Day 13APR
2026-01-30 05:29:27 | INFO     | [DAY_START] Processing 12APR
[LF] Processing ATZ-MED for 12APR
2026-01-30 05:29:27 | INFO     | [lf.day.start] Processing ATZ-MED for 12APR
[LF] Sending SN command: SN12APRATZMED/ASM
[LF] 12APR: found 1 direct flights
2026-01-30 05:29:29 | INFO     | [lf.day.flights_found] Found 1 flights on 12APR
2026-01-30 05:29:49 | INFO     | [lf.flight.extracted] SM487 on 12APR: BKG=4, LF=2.2%
[LF] SM487 12APR: BKG=4, GRP=0, CAP=179, LF%=2.2%, Brd-Off=ATZ-MED, Classes: I:4
[LF] Getting WEEKLY/LASTSOLD data for 1 flights
[LF] SM487 12APR: LASTSOLD=2026-01-28 00:00:00, WEEKLY=1, TODAY=0, YDAY=0
2026-01-30 05:29:52 | INFO     | [SUCCESS] Day 12APR
2026-01-30 05:29:52 | INFO     | [DAY_START] Processing 11APR
[LF] Processing ATZ-MED for 11APR
2026-01-30 05:29:52 | INFO     | [lf.day.start] Processing ATZ-MED for 11APR
[LF] Sending SN command: SN11APRATZMED/ASM
[LF] No direct flights on 11APR for ATZ-MED
2026-01-30 05:29:53 | WARNING  | [lf.day.no_flights] No direct flights on 11APR
2026-01-30 05:29:53 | INFO     | [SUCCESS] Day 11APR
2026-01-30 05:29:53 | INFO     | [DAY_START] Processing 10APR
[LF] Processing ATZ-MED for 10APR
2026-01-30 05:29:53 | INFO     | [lf.day.start] Processing ATZ-MED for 10APR
[LF] Sending SN command: SN10APRATZMED/ASM
[LF] No direct flights on 10APR for ATZ-MED
2026-01-30 05:29:55 | WARNING  | [lf.day.no_flights] No direct flights on 10APR
2026-01-30 05:29:55 | INFO     | [SUCCESS] Day 10APR
[LF] Results summary:
  2026-04-19: 1 flights
  2026-04-18: 0 flights
  2026-04-17: 0 flights
  2026-04-16: 0 flights
  2026-04-15: 0 flights
  2026-04-14: 0 flights
  2026-04-13: 0 flights
  2026-04-12: 1 flights
  2026-04-11: 0 flights
  2026-04-10: 0 flights
2026-01-30 05:29:55 | INFO     | [SUCCESS] LF Search Complete

============================================================
[Worker_9223] ✓ COMPLETED: ATZ-MED
  Results: 10 dates
  Errors: 0 dates
  Total Processed: 26 groups
============================================================

2026-01-30 05:29:55 | INFO     | [Worker_9223] Completed: ATZ-MED - 10 results, 0 errors

============================================================
[Worker_9223] Processing: CAI-TUU
  Tier 0: Range 3, Chunk 2/3
  Dates: 10 days
  Date Range: 2026-04-19 to 2026-04-10
============================================================

2026-01-30 05:29:55 | INFO     | [Worker_9223] Processing: CAI-TUU
2026-01-30 05:29:55 | INFO     |   Tier 0: Range 3, Chunk 2/3 (10 days)
2026-01-30 05:29:55 | INFO     | ======================================================================
2026-01-30 05:29:55 | INFO     | Load Factor Scraper Started - Route: CAI-TUU
2026-01-30 05:29:55 | INFO     | Log file: D:\CODERED\LAB\Artifacts\outputs\run_generated_300126_at_05.16\logs\LF_CAI-TUU_20260130_052955.log
2026-01-30 05:29:55 | INFO     | Enhanced logging: Capturing both logging.info() and print()
2026-01-30 05:29:55 | INFO     | ======================================================================
[LF] Processing dates (override): ['19APR', '18APR', '17APR', '16APR', '15APR', '14APR', '13APR', '12APR', '11APR', '10APR']
[LF] Attaching to Chrome for Altea access
2026-01-30 05:29:55 | INFO     | Starting LF search for route: CAI-TUU
2026-01-30 05:29:55 | INFO     | [START] LF Search
[LF][[OK] SUCCESS] Connected to Chrome on 127.0.0.1:9223 (after 1 attempts)
2026-01-30 05:29:55 | INFO     | [HEALTH CHECK] [OK] Chrome connection is healthy
[LF][[OK] SUCCESS] Found Amadeus Altea window: Altéa Reservation Desktop
[LF][[INFO] INFO] URL: https://tc212.resdesktop.altea.amadeus.com/app_ard/apf/init/login?SITE=ESMPESMP&LANGUAGE=GB&MARKETS=ARDW_PROD_WBP&ACTION=clpLogin
2026-01-30 05:29:56 | INFO     | [DAY_START] Processing 19APR
[LF] Processing CAI-TUU for 19APR
2026-01-30 05:29:56 | INFO     | [lf.day.start] Processing CAI-TUU for 19APR
[LF] Sending SN command: SN19APRCAITUU/ASM
[LF] No direct flights on 19APR for CAI-TUU
2026-01-30 05:29:57 | WARNING  | [lf.day.no_flights] No direct flights on 19APR
2026-01-30 05:29:57 | INFO     | [SUCCESS] Day 19APR
2026-01-30 05:29:57 | INFO     | [DAY_START] Processing 18APR
[LF] Processing CAI-TUU for 18APR
2026-01-30 05:29:57 | INFO     | [lf.day.start] Processing CAI-TUU for 18APR
[LF] Sending SN command: SN18APRCAITUU/ASM
[LF] 18APR: found 1 direct flights
2026-01-30 05:29:58 | INFO     | [lf.day.flights_found] Found 1 flights on 18APR
2026-01-30 05:30:00 | INFO     | [lf.flight.extracted] SM325 on 18APR: BKG=0, LF=0.0%
[LF] SM325 18APR: BKG=0, GRP=0, CAP=179, LF%=0.0%, Brd-Off=CAI-TUU
2026-01-30 05:30:02 | INFO     | [SUCCESS] Day 18APR
2026-01-30 05:30:02 | INFO     | [DAY_START] Processing 17APR
[LF] Processing CAI-TUU for 17APR
2026-01-30 05:30:02 | INFO     | [lf.day.start] Processing CAI-TUU for 17APR
[LF] Sending SN command: SN17APRCAITUU/ASM
[LF] 17APR: found 1 direct flights
2026-01-30 05:30:04 | INFO     | [lf.day.flights_found] Found 1 flights on 17APR
2026-01-30 05:30:06 | INFO     | [lf.flight.extracted] SM325 on 17APR: BKG=4, LF=2.2%
[LF] SM325 17APR: BKG=4, GRP=0, CAP=179, LF%=2.2%, Brd-Off=CAI-TUU, Classes: I:4
[LF] Getting WEEKLY/LASTSOLD data for 1 flights
[LF] SM325 17APR: LASTSOLD=2026-01-23 00:00:00, WEEKLY=1, TODAY=0, YDAY=0
2026-01-30 05:30:08 | INFO     | [SUCCESS] Day 17APR
2026-01-30 05:30:08 | INFO     | [DAY_START] Processing 16APR
[LF] Processing CAI-TUU for 16APR
2026-01-30 05:30:08 | INFO     | [lf.day.start] Processing CAI-TUU for 16APR
[LF] Sending SN command: SN16APRCAITUU/ASM
[LF] 16APR: found 1 direct flights
2026-01-30 05:30:10 | INFO     | [lf.day.flights_found] Found 1 flights on 16APR
2026-01-30 05:30:12 | INFO     | [lf.flight.extracted] SM325 on 16APR: BKG=0, LF=0.0%
[LF] SM325 16APR: BKG=0, GRP=0, CAP=179, LF%=0.0%, Brd-Off=CAI-TUU
2026-01-30 05:30:13 | INFO     | [SUCCESS] Day 16APR
2026-01-30 05:30:13 | INFO     | [DAY_START] Processing 15APR
[LF] Processing CAI-TUU for 15APR
2026-01-30 05:30:13 | INFO     | [lf.day.start] Processing CAI-TUU for 15APR
[LF] Sending SN command: SN15APRCAITUU/ASM
[LF] No direct flights on 15APR for CAI-TUU
2026-01-30 05:30:14 | WARNING  | [lf.day.no_flights] No direct flights on 15APR
2026-01-30 05:30:14 | INFO     | [SUCCESS] Day 15APR
2026-01-30 05:30:14 | INFO     | [DAY_START] Processing 14APR
[LF] Processing CAI-TUU for 14APR
2026-01-30 05:30:14 | INFO     | [lf.day.start] Processing CAI-TUU for 14APR
[LF] Sending SN command: SN14APRCAITUU/ASM
[LF] 14APR: found 1 direct flights
2026-01-30 05:30:15 | INFO     | [lf.day.flights_found] Found 1 flights on 14APR
2026-01-30 05:30:17 | INFO     | [lf.flight.extracted] SM325 on 14APR: BKG=2, LF=1.1%
[LF] SM325 14APR: BKG=2, GRP=0, CAP=179, LF%=1.1%, Brd-Off=CAI-TUU, Classes: I:2
[LF] Getting WEEKLY/LASTSOLD data for 1 flights
[LF] SM325 14APR: LASTSOLD=2026-01-28 00:00:00, WEEKLY=1, TODAY=0, YDAY=0
2026-01-30 05:30:19 | INFO     | [SUCCESS] Day 14APR
2026-01-30 05:30:19 | INFO     | [DAY_START] Processing 13APR
[LF] Processing CAI-TUU for 13APR
2026-01-30 05:30:19 | INFO     | [lf.day.start] Processing CAI-TUU for 13APR
[LF] Sending SN command: SN13APRCAITUU/ASM
[LF] No direct flights on 13APR for CAI-TUU
2026-01-30 05:30:20 | WARNING  | [lf.day.no_flights] No direct flights on 13APR
2026-01-30 05:30:20 | INFO     | [SUCCESS] Day 13APR
2026-01-30 05:30:20 | INFO     | [DAY_START] Processing 12APR
[LF] Processing CAI-TUU for 12APR
2026-01-30 05:30:20 | INFO     | [lf.day.start] Processing CAI-TUU for 12APR
[LF] Sending SN command: SN12APRCAITUU/ASM
[LF] No direct flights on 12APR for CAI-TUU
2026-01-30 05:30:22 | WARNING  | [lf.day.no_flights] No direct flights on 12APR
2026-01-30 05:30:22 | INFO     | [SUCCESS] Day 12APR
2026-01-30 05:30:22 | INFO     | [DAY_START] Processing 11APR
[LF] Processing CAI-TUU for 11APR
2026-01-30 05:30:22 | INFO     | [lf.day.start] Processing CAI-TUU for 11APR
[LF] Sending SN command: SN11APRCAITUU/ASM
[LF] 11APR: found 1 direct flights
2026-01-30 05:30:23 | INFO     | [lf.day.flights_found] Found 1 flights on 11APR
2026-01-30 05:30:25 | INFO     | [lf.flight.extracted] SM325 on 11APR: BKG=5, LF=2.8%
[LF] SM325 11APR: BKG=5, GRP=0, CAP=179, LF%=2.8%, Brd-Off=CAI-TUU, Classes: I:3, O:2
[LF] Getting WEEKLY/LASTSOLD data for 1 flights
[LF] SM325 11APR: LASTSOLD=2026-01-13 00:00:00, WEEKLY=0, TODAY=0, YDAY=0
2026-01-30 05:30:27 | INFO     | [SUCCESS] Day 11APR
2026-01-30 05:30:27 | INFO     | [DAY_START] Processing 10APR
[LF] Processing CAI-TUU for 10APR
2026-01-30 05:30:27 | INFO     | [lf.day.start] Processing CAI-TUU for 10APR
[LF] Sending SN command: SN10APRCAITUU/ASM
[LF] 10APR: found 1 direct flights
2026-01-30 05:30:29 | INFO     | [lf.day.flights_found] Found 1 flights on 10APR
2026-01-30 05:30:31 | INFO     | [lf.flight.extracted] SM325 on 10APR: BKG=13, LF=7.3%
[LF] SM325 10APR: BKG=13, GRP=0, CAP=179, LF%=7.3%, Brd-Off=CAI-TUU, Classes: I:4, O:6, U:3
[LF] Getting WEEKLY/LASTSOLD data for 1 flights
[LF] SM325 10APR: LASTSOLD=2026-01-24 00:00:00, WEEKLY=1, TODAY=0, YDAY=0
2026-01-30 05:30:33 | INFO     | [SUCCESS] Day 10APR
[LF] Results summary:
  2026-04-19: 0 flights
  2026-04-18: 1 flights
  2026-04-17: 1 flights
  2026-04-16: 1 flights
  2026-04-15: 0 flights
  2026-04-14: 1 flights
  2026-04-13: 0 flights
  2026-04-12: 0 flights
  2026-04-11: 1 flights
  2026-04-10: 1 flights
2026-01-30 05:30:33 | INFO     | [SUCCESS] LF Search Complete

============================================================
[Worker_9223] ✓ COMPLETED: CAI-TUU
  Results: 10 dates
  Errors: 0 dates
  Total Processed: 27 groups
============================================================

2026-01-30 05:30:33 | INFO     | [Worker_9223] Completed: CAI-TUU - 10 results, 0 errors

============================================================
[Worker_9223] Processing: MED-HBE
  Tier 0: Range 3, Chunk 3/3
  Dates: 10 days
  Date Range: 2026-04-09 to 2026-03-31
============================================================

2026-01-30 05:30:33 | INFO     | [Worker_9223] Processing: MED-HBE
2026-01-30 05:30:33 | INFO     |   Tier 0: Range 3, Chunk 3/3 (10 days)
2026-01-30 05:30:33 | INFO     | ======================================================================
2026-01-30 05:30:33 | INFO     | Load Factor Scraper Started - Route: MED-HBE
2026-01-30 05:30:33 | INFO     | Log file: D:\CODERED\LAB\Artifacts\outputs\run_generated_300126_at_05.16\logs\LF_MED-HBE_20260130_053033.log
2026-01-30 05:30:33 | INFO     | Enhanced logging: Capturing both logging.info() and print()
2026-01-30 05:30:33 | INFO     | ======================================================================
[LF] Processing dates (override): ['09APR', '08APR', '07APR', '06APR', '05APR', '04APR', '03APR', '02APR', '01APR', '31MAR']
[LF] Attaching to Chrome for Altea access
2026-01-30 05:30:33 | INFO     | Starting LF search for route: MED-HBE
2026-01-30 05:30:33 | INFO     | [START] LF Search
[LF][[OK] SUCCESS] Connected to Chrome on 127.0.0.1:9223 (after 1 attempts)
2026-01-30 05:30:34 | INFO     | [HEALTH CHECK] [OK] Chrome connection is healthy
[LF][[OK] SUCCESS] Found Amadeus Altea window: Altéa Reservation Desktop
[LF][[INFO] INFO] URL: https://tc212.resdesktop.altea.amadeus.com/app_ard/apf/init/login?SITE=ESMPESMP&LANGUAGE=GB&MARKETS=ARDW_PROD_WBP&ACTION=clpLogin
2026-01-30 05:30:34 | INFO     | [DAY_START] Processing 09APR
[LF] Processing MED-HBE for 09APR
2026-01-30 05:30:34 | INFO     | [lf.day.start] Processing MED-HBE for 09APR
[LF] Sending SN command: SN09APRMEDHBE/ASM
[LF] 09APR: found 1 direct flights
2026-01-30 05:30:35 | INFO     | [lf.day.flights_found] Found 1 flights on 09APR
2026-01-30 05:30:37 | INFO     | [lf.flight.extracted] SM486 on 09APR: BKG=6, LF=3.4%
[LF] SM486 09APR: BKG=6, GRP=0, CAP=175, LF%=3.4%, Brd-Off=MED-HBE, Classes: I:5, O:1
[LF] Getting WEEKLY/LASTSOLD data for 1 flights
[LF] SM486 09APR: LASTSOLD=2026-01-14 00:00:00, WEEKLY=0, TODAY=0, YDAY=0
2026-01-30 05:30:40 | INFO     | [SUCCESS] Day 09APR
2026-01-30 05:30:40 | INFO     | [DAY_START] Processing 08APR
[LF] Processing MED-HBE for 08APR
2026-01-30 05:30:40 | INFO     | [lf.day.start] Processing MED-HBE for 08APR
[LF] Sending SN command: SN08APRMEDHBE/ASM
[LF] No direct flights on 08APR for MED-HBE
2026-01-30 05:30:41 | WARNING  | [lf.day.no_flights] No direct flights on 08APR
2026-01-30 05:30:41 | INFO     | [SUCCESS] Day 08APR
2026-01-30 05:30:41 | INFO     | [DAY_START] Processing 07APR
[LF] Processing MED-HBE for 07APR
2026-01-30 05:30:41 | INFO     | [lf.day.start] Processing MED-HBE for 07APR
[LF] Sending SN command: SN07APRMEDHBE/ASM
[LF] No direct flights on 07APR for MED-HBE
2026-01-30 05:30:42 | WARNING  | [lf.day.no_flights] No direct flights on 07APR
2026-01-30 05:30:42 | INFO     | [SUCCESS] Day 07APR
2026-01-30 05:30:42 | INFO     | [DAY_START] Processing 06APR
[LF] Processing MED-HBE for 06APR
2026-01-30 05:30:42 | INFO     | [lf.day.start] Processing MED-HBE for 06APR
[LF] Sending SN command: SN06APRMEDHBE/ASM
[LF] No direct flights on 06APR for MED-HBE
2026-01-30 05:30:43 | WARNING  | [lf.day.no_flights] No direct flights on 06APR
2026-01-30 05:30:43 | INFO     | [SUCCESS] Day 06APR
2026-01-30 05:30:43 | INFO     | [DAY_START] Processing 05APR
[LF] Processing MED-HBE for 05APR
2026-01-30 05:30:43 | INFO     | [lf.day.start] Processing MED-HBE for 05APR
[LF] Sending SN command: SN05APRMEDHBE/ASM
[LF] 05APR: found 1 direct flights
2026-01-30 05:30:44 | INFO     | [lf.day.flights_found] Found 1 flights on 05APR
2026-01-30 05:30:46 | INFO     | [lf.flight.extracted] SM486 on 05APR: BKG=149, LF=85.1%
[LF] SM486 05APR: BKG=149, GRP=135, CAP=175, LF%=85.1%, Brd-Off=MED-HBE, Classes: P:135, I:14
[LF] Getting WEEKLY/LASTSOLD data for 1 flights
[LF] SM486 05APR: LASTSOLD=2026-01-29 00:00:00, WEEKLY=11, TODAY=0, YDAY=1
2026-01-30 05:30:49 | ERROR    | Atomic write failed for D:\CODERED\LAB\Artifacts\outputs\run_generated_300126_at_05.16\checkpoints\flight_booking_data.json: [WinError 5] Access is denied: 'D:\\CODERED\\LAB\\Artifacts\\outputs\\run_generated_300126_at_05.16\\checkpoints\\flight_booking_data.tmp_c827613f' -> 'D:\\CODERED\\LAB\\Artifacts\\outputs\\run_generated_300126_at_05.16\\checkpoints\\flight_booking_data.json'
2026-01-30 05:30:49 | INFO     | [SUCCESS] Day 05APR
2026-01-30 05:30:49 | INFO     | [DAY_START] Processing 04APR
[LF] Processing MED-HBE for 04APR
2026-01-30 05:30:49 | INFO     | [lf.day.start] Processing MED-HBE for 04APR
[LF] Sending SN command: SN04APRMEDHBE/ASM
[LF] No direct flights on 04APR for MED-HBE
2026-01-30 05:30:50 | WARNING  | [lf.day.no_flights] No direct flights on 04APR
2026-01-30 05:30:50 | INFO     | [SUCCESS] Day 04APR
2026-01-30 05:30:50 | INFO     | [DAY_START] Processing 03APR
[LF] Processing MED-HBE for 03APR
2026-01-30 05:30:50 | INFO     | [lf.day.start] Processing MED-HBE for 03APR
[LF] Sending SN command: SN03APRMEDHBE/ASM
[LF] No direct flights on 03APR for MED-HBE
2026-01-30 05:30:51 | WARNING  | [lf.day.no_flights] No direct flights on 03APR
2026-01-30 05:30:51 | INFO     | [SUCCESS] Day 03APR
2026-01-30 05:30:51 | INFO     | [DAY_START] Processing 02APR
[LF] Processing MED-HBE for 02APR
2026-01-30 05:30:51 | INFO     | [lf.day.start] Processing MED-HBE for 02APR
[LF] Sending SN command: SN02APRMEDHBE/ASM
[LF] 02APR: found 1 direct flights
2026-01-30 05:30:52 | INFO     | [lf.day.flights_found] Found 1 flights on 02APR
2026-01-30 05:30:54 | INFO     | [lf.flight.extracted] SM486 on 02APR: BKG=168, LF=96.0%
[LF] SM486 02APR: BKG=168, GRP=160, CAP=175, LF%=96.0%, Brd-Off=MED-HBE, Classes: P:160, I:8
[LF] Getting WEEKLY/LASTSOLD data for 1 flights
[LF] SM486 02APR: LASTSOLD=2026-01-15 00:00:00, WEEKLY=0, TODAY=0, YDAY=0
2026-01-30 05:30:57 | INFO     | [SUCCESS] Day 02APR
2026-01-30 05:30:57 | INFO     | [DAY_START] Processing 01APR
[LF] Processing MED-HBE for 01APR
2026-01-30 05:30:57 | INFO     | [lf.day.start] Processing MED-HBE for 01APR
[LF] Sending SN command: SN01APRMEDHBE/ASM
[LF] No direct flights on 01APR for MED-HBE
2026-01-30 05:30:58 | WARNING  | [lf.day.no_flights] No direct flights on 01APR
2026-01-30 05:30:58 | INFO     | [SUCCESS] Day 01APR
2026-01-30 05:30:58 | INFO     | [DAY_START] Processing 31MAR
[LF] Processing MED-HBE for 31MAR
2026-01-30 05:30:58 | INFO     | [lf.day.start] Processing MED-HBE for 31MAR
[LF] Sending SN command: SN31MARMEDHBE/ASM
[LF] No direct flights on 31MAR for MED-HBE
2026-01-30 05:30:59 | WARNING  | [lf.day.no_flights] No direct flights on 31MAR
2026-01-30 05:30:59 | INFO     | [SUCCESS] Day 31MAR
[LF] Results summary:
  2026-04-09: 1 flights
  2026-04-08: 0 flights
  2026-04-07: 0 flights
  2026-04-06: 0 flights
  2026-04-05: 1 flights
  2026-04-04: 0 flights
  2026-04-03: 0 flights
  2026-04-02: 1 flights
  2026-04-01: 0 flights
  2026-03-31: 0 flights
2026-01-30 05:30:59 | INFO     | [SUCCESS] LF Search Complete

============================================================
[Worker_9223] ✓ COMPLETED: MED-HBE
  Results: 10 dates
  Errors: 0 dates
  Total Processed: 28 groups
============================================================

2026-01-30 05:30:59 | INFO     | [Worker_9223] Completed: MED-HBE - 10 results, 0 errors

============================================================
[Worker_9223] Processing: JED-ASW
  Tier 0: Range 3, Chunk 3/3
  Dates: 10 days
  Date Range: 2026-04-09 to 2026-03-31
============================================================

2026-01-30 05:30:59 | INFO     | [Worker_9223] Processing: JED-ASW
2026-01-30 05:30:59 | INFO     |   Tier 0: Range 3, Chunk 3/3 (10 days)
2026-01-30 05:30:59 | INFO     | ======================================================================
2026-01-30 05:30:59 | INFO     | Load Factor Scraper Started - Route: JED-ASW
2026-01-30 05:30:59 | INFO     | Log file: D:\CODERED\LAB\Artifacts\outputs\run_generated_300126_at_05.16\logs\LF_JED-ASW_20260130_053059.log
2026-01-30 05:30:59 | INFO     | Enhanced logging: Capturing both logging.info() and print()
2026-01-30 05:30:59 | INFO     | ======================================================================
[LF] Processing dates (override): ['09APR', '08APR', '07APR', '06APR', '05APR', '04APR', '03APR', '02APR', '01APR', '31MAR']
[LF] Attaching to Chrome for Altea access
2026-01-30 05:30:59 | INFO     | Starting LF search for route: JED-ASW
2026-01-30 05:30:59 | INFO     | [START] LF Search
[LF][[OK] SUCCESS] Connected to Chrome on 127.0.0.1:9223 (after 1 attempts)
2026-01-30 05:31:00 | INFO     | [HEALTH CHECK] [OK] Chrome connection is healthy
[LF][[OK] SUCCESS] Found Amadeus Altea window: Altéa Reservation Desktop
[LF][[INFO] INFO] URL: https://tc212.resdesktop.altea.amadeus.com/app_ard/apf/init/login?SITE=ESMPESMP&LANGUAGE=GB&MARKETS=ARDW_PROD_WBP&ACTION=clpLogin
2026-01-30 05:31:00 | INFO     | [DAY_START] Processing 09APR
[LF] Processing JED-ASW for 09APR
2026-01-30 05:31:00 | INFO     | [lf.day.start] Processing JED-ASW for 09APR
[LF] Sending SN command: SN09APRJEDASW/ASM
[LF] No direct flights on 09APR for JED-ASW
2026-01-30 05:31:01 | WARNING  | [lf.day.no_flights] No direct flights on 09APR
2026-01-30 05:31:01 | INFO     | [SUCCESS] Day 09APR
2026-01-30 05:31:01 | INFO     | [DAY_START] Processing 08APR
[LF] Processing JED-ASW for 08APR
2026-01-30 05:31:01 | INFO     | [lf.day.start] Processing JED-ASW for 08APR
[LF] Sending SN command: SN08APRJEDASW/ASM
[LF] No direct flights on 08APR for JED-ASW
2026-01-30 05:31:02 | WARNING  | [lf.day.no_flights] No direct flights on 08APR
2026-01-30 05:31:02 | INFO     | [SUCCESS] Day 08APR
2026-01-30 05:31:02 | INFO     | [DAY_START] Processing 07APR
[LF] Processing JED-ASW for 07APR
2026-01-30 05:31:02 | INFO     | [lf.day.start] Processing JED-ASW for 07APR
[LF] Sending SN command: SN07APRJEDASW/ASM
[LF] No direct flights on 07APR for JED-ASW
2026-01-30 05:31:04 | WARNING  | [lf.day.no_flights] No direct flights on 07APR
2026-01-30 05:31:04 | INFO     | [SUCCESS] Day 07APR
2026-01-30 05:31:04 | INFO     | [DAY_START] Processing 06APR
[LF] Processing JED-ASW for 06APR
2026-01-30 05:31:04 | INFO     | [lf.day.start] Processing JED-ASW for 06APR
[LF] Sending SN command: SN06APRJEDASW/ASM
[LF] No direct flights on 06APR for JED-ASW
2026-01-30 05:31:05 | WARNING  | [lf.day.no_flights] No direct flights on 06APR
2026-01-30 05:31:05 | INFO     | [SUCCESS] Day 06APR
2026-01-30 05:31:05 | INFO     | [DAY_START] Processing 05APR
[LF] Processing JED-ASW for 05APR
2026-01-30 05:31:05 | INFO     | [lf.day.start] Processing JED-ASW for 05APR
[LF] Sending SN command: SN05APRJEDASW/ASM
[LF] No direct flights on 05APR for JED-ASW
2026-01-30 05:31:06 | WARNING  | [lf.day.no_flights] No direct flights on 05APR
2026-01-30 05:31:06 | INFO     | [SUCCESS] Day 05APR
2026-01-30 05:31:06 | INFO     | [DAY_START] Processing 04APR
[LF] Processing JED-ASW for 04APR
2026-01-30 05:31:06 | INFO     | [lf.day.start] Processing JED-ASW for 04APR
[LF] Sending SN command: SN04APRJEDASW/ASM
[LF] No direct flights on 04APR for JED-ASW
2026-01-30 05:31:07 | WARNING  | [lf.day.no_flights] No direct flights on 04APR
2026-01-30 05:31:07 | INFO     | [SUCCESS] Day 04APR
2026-01-30 05:31:07 | INFO     | [DAY_START] Processing 03APR
[LF] Processing JED-ASW for 03APR
2026-01-30 05:31:07 | INFO     | [lf.day.start] Processing JED-ASW for 03APR
[LF] Sending SN command: SN03APRJEDASW/ASM
[LF] No direct flights on 03APR for JED-ASW
2026-01-30 05:31:08 | WARNING  | [lf.day.no_flights] No direct flights on 03APR
2026-01-30 05:31:08 | INFO     | [SUCCESS] Day 03APR
2026-01-30 05:31:08 | INFO     | [DAY_START] Processing 02APR
[LF] Processing JED-ASW for 02APR
2026-01-30 05:31:08 | INFO     | [lf.day.start] Processing JED-ASW for 02APR
[LF] Sending SN command: SN02APRJEDASW/ASM
[LF] No direct flights on 02APR for JED-ASW
2026-01-30 05:31:10 | WARNING  | [lf.day.no_flights] No direct flights on 02APR
2026-01-30 05:31:10 | INFO     | [SUCCESS] Day 02APR
2026-01-30 05:31:10 | INFO     | [DAY_START] Processing 01APR
[LF] Processing JED-ASW for 01APR
2026-01-30 05:31:10 | INFO     | [lf.day.start] Processing JED-ASW for 01APR
[LF] Sending SN command: SN01APRJEDASW/ASM
[LF] No direct flights on 01APR for JED-ASW
2026-01-30 05:31:11 | WARNING  | [lf.day.no_flights] No direct flights on 01APR
2026-01-30 05:31:11 | INFO     | [SUCCESS] Day 01APR
2026-01-30 05:31:11 | INFO     | [DAY_START] Processing 31MAR
[LF] Processing JED-ASW for 31MAR
2026-01-30 05:31:11 | INFO     | [lf.day.start] Processing JED-ASW for 31MAR
[LF] Sending SN command: SN31MARJEDASW/ASM
[LF] No direct flights on 31MAR for JED-ASW
2026-01-30 05:31:12 | WARNING  | [lf.day.no_flights] No direct flights on 31MAR
2026-01-30 05:31:12 | INFO     | [SUCCESS] Day 31MAR
[LF] Results summary:
  2026-04-09: 0 flights
  2026-04-08: 0 flights
  2026-04-07: 0 flights
  2026-04-06: 0 flights
  2026-04-05: 0 flights
  2026-04-04: 0 flights
  2026-04-03: 0 flights
  2026-04-02: 0 flights
  2026-04-01: 0 flights
  2026-03-31: 0 flights
2026-01-30 05:31:12 | INFO     | [SUCCESS] LF Search Complete

============================================================
[Worker_9223] ✓ COMPLETED: JED-ASW
  Results: 10 dates
  Errors: 0 dates
  Total Processed: 29 groups
============================================================

2026-01-30 05:31:12 | INFO     | [Worker_9223] Completed: JED-ASW - 10 results, 0 errors

============================================================
[Worker_9223] Processing: DMM-CAI
  Tier 0: Range 3, Chunk 3/3
  Dates: 10 days
  Date Range: 2026-04-09 to 2026-03-31
============================================================

2026-01-30 05:31:12 | INFO     | [Worker_9223] Processing: DMM-CAI
2026-01-30 05:31:12 | INFO     |   Tier 0: Range 3, Chunk 3/3 (10 days)
2026-01-30 05:31:12 | INFO     | ======================================================================
2026-01-30 05:31:12 | INFO     | Load Factor Scraper Started - Route: DMM-CAI
2026-01-30 05:31:12 | INFO     | Log file: D:\CODERED\LAB\Artifacts\outputs\run_generated_300126_at_05.16\logs\LF_DMM-CAI_20260130_053112.log
2026-01-30 05:31:12 | INFO     | Enhanced logging: Capturing both logging.info() and print()
2026-01-30 05:31:12 | INFO     | ======================================================================
[LF] Processing dates (override): ['09APR', '08APR', '07APR', '06APR', '05APR', '04APR', '03APR', '02APR', '01APR', '31MAR']
[LF] Attaching to Chrome for Altea access
2026-01-30 05:31:12 | INFO     | Starting LF search for route: DMM-CAI
2026-01-30 05:31:12 | INFO     | [START] LF Search
[LF][[OK] SUCCESS] Connected to Chrome on 127.0.0.1:9223 (after 1 attempts)
2026-01-30 05:31:13 | INFO     | [HEALTH CHECK] [OK] Chrome connection is healthy
[LF][[OK] SUCCESS] Found Amadeus Altea window: Altéa Reservation Desktop
[LF][[INFO] INFO] URL: https://tc212.resdesktop.altea.amadeus.com/app_ard/apf/init/login?SITE=ESMPESMP&LANGUAGE=GB&MARKETS=ARDW_PROD_WBP&ACTION=clpLogin
2026-01-30 05:31:13 | INFO     | [DAY_START] Processing 09APR
[LF] Processing DMM-CAI for 09APR
2026-01-30 05:31:13 | INFO     | [lf.day.start] Processing DMM-CAI for 09APR
[LF] Sending SN command: SN09APRDMMCAI/ASM
[LF] No direct flights on 09APR for DMM-CAI
2026-01-30 05:31:14 | WARNING  | [lf.day.no_flights] No direct flights on 09APR
2026-01-30 05:31:14 | INFO     | [SUCCESS] Day 09APR
2026-01-30 05:31:14 | INFO     | [DAY_START] Processing 08APR
[LF] Processing DMM-CAI for 08APR
2026-01-30 05:31:14 | INFO     | [lf.day.start] Processing DMM-CAI for 08APR
[LF] Sending SN command: SN08APRDMMCAI/ASM
[LF] 08APR: found 1 direct flights
2026-01-30 05:31:15 | INFO     | [lf.day.flights_found] Found 1 flights on 08APR
2026-01-30 05:31:18 | INFO     | [lf.flight.extracted] SM434 on 08APR: BKG=2, LF=1.2%
[LF] SM434 08APR: BKG=2, GRP=0, CAP=167, LF%=1.2%, Brd-Off=DMM-CAI, Classes: I:2
[LF] Getting WEEKLY/LASTSOLD data for 1 flights
[LF] SM434 08APR: LASTSOLD=2026-01-02 00:00:00, WEEKLY=0, TODAY=0, YDAY=0
2026-01-30 05:31:20 | INFO     | [SUCCESS] Day 08APR
2026-01-30 05:31:20 | INFO     | [DAY_START] Processing 07APR
[LF] Processing DMM-CAI for 07APR
2026-01-30 05:31:20 | INFO     | [lf.day.start] Processing DMM-CAI for 07APR
[LF] Sending SN command: SN07APRDMMCAI/ASM
[LF] 07APR: found 1 direct flights
2026-01-30 05:31:22 | INFO     | [lf.day.flights_found] Found 1 flights on 07APR
2026-01-30 05:31:24 | INFO     | [lf.flight.extracted] SM434 on 07APR: BKG=8, LF=4.8%
[LF] SM434 07APR: BKG=8, GRP=0, CAP=167, LF%=4.8%, Brd-Off=DMM-CAI, Classes: I:5, O:3
[LF] Getting WEEKLY/LASTSOLD data for 1 flights
[LF] SM434 07APR: LASTSOLD=2026-01-15 00:00:00, WEEKLY=0, TODAY=0, YDAY=0
2026-01-30 05:31:27 | INFO     | [SUCCESS] Day 07APR
2026-01-30 05:31:27 | INFO     | [DAY_START] Processing 06APR
[LF] Processing DMM-CAI for 06APR
2026-01-30 05:31:27 | INFO     | [lf.day.start] Processing DMM-CAI for 06APR
[LF] Sending SN command: SN06APRDMMCAI/ASM
[LF] 06APR: found 2 direct flights
2026-01-30 05:31:28 | INFO     | [lf.day.flights_found] Found 2 flights on 06APR
2026-01-30 05:31:30 | INFO     | [lf.flight.extracted] SM440 on 06APR: BKG=8, LF=4.6%
[LF] SM440 06APR: BKG=8, GRP=0, CAP=175, LF%=4.6%, Brd-Off=DMM-CAI, Classes: I:7, O:1
2026-01-30 05:31:33 | INFO     | [lf.flight.extracted] SM434 on 06APR: BKG=5, LF=2.9%
[LF] SM434 06APR: BKG=5, GRP=0, CAP=175, LF%=2.9%, Brd-Off=DMM-CAI, Classes: I:5
[LF] Getting WEEKLY/LASTSOLD data for 2 flights
[LF] SM440 06APR: LASTSOLD=2026-01-28 00:00:00, WEEKLY=2, TODAY=0, YDAY=0
[LF] SM434 06APR: LASTSOLD=2026-01-21 00:00:00, WEEKLY=0, TODAY=0, YDAY=0
2026-01-30 05:31:37 | INFO     | [SUCCESS] Day 06APR
2026-01-30 05:31:37 | INFO     | [DAY_START] Processing 05APR
[LF] Processing DMM-CAI for 05APR
2026-01-30 05:31:37 | INFO     | [lf.day.start] Processing DMM-CAI for 05APR
[LF] Sending SN command: SN05APRDMMCAI/ASM
[LF] 05APR: found 1 direct flights
2026-01-30 05:31:39 | INFO     | [lf.day.flights_found] Found 1 flights on 05APR
2026-01-30 05:31:41 | INFO     | [lf.flight.extracted] SM434 on 05APR: BKG=5, LF=2.9%
[LF] SM434 05APR: BKG=5, GRP=0, CAP=175, LF%=2.9%, Brd-Off=DMM-CAI, Classes: I:5
[LF] Getting WEEKLY/LASTSOLD data for 1 flights
[LF] SM434 05APR: LASTSOLD=2026-01-20 00:00:00, WEEKLY=0, TODAY=0, YDAY=0
2026-01-30 05:31:44 | INFO     | [SUCCESS] Day 05APR
2026-01-30 05:31:44 | INFO     | [DAY_START] Processing 04APR
[LF] Processing DMM-CAI for 04APR
2026-01-30 05:31:44 | INFO     | [lf.day.start] Processing DMM-CAI for 04APR
[LF] Sending SN command: SN04APRDMMCAI/ASM
[LF] No direct flights on 04APR for DMM-CAI
2026-01-30 05:31:45 | WARNING  | [lf.day.no_flights] No direct flights on 04APR
2026-01-30 05:31:45 | INFO     | [SUCCESS] Day 04APR
2026-01-30 05:31:45 | INFO     | [DAY_START] Processing 03APR
[LF] Processing DMM-CAI for 03APR
2026-01-30 05:31:45 | INFO     | [lf.day.start] Processing DMM-CAI for 03APR
[LF] Sending SN command: SN03APRDMMCAI/ASM
[LF] 03APR: found 2 direct flights
2026-01-30 05:31:46 | INFO     | [lf.day.flights_found] Found 2 flights on 03APR
2026-01-30 05:31:48 | INFO     | [lf.flight.extracted] SM434 on 03APR: BKG=14, LF=8.0%
[LF] SM434 03APR: BKG=14, GRP=0, CAP=175, LF%=8.0%, Brd-Off=DMM-CAI, Classes: I:6, O:8
2026-01-30 05:31:51 | INFO     | [lf.flight.extracted] SM440 on 03APR: BKG=17, LF=10.2%
[LF] SM440 03APR: BKG=17, GRP=0, CAP=167, LF%=10.2%, Brd-Off=DMM-CAI, Classes: I:6, O:7, U:4
[LF] Getting WEEKLY/LASTSOLD data for 2 flights
[LF] SM434 03APR: LASTSOLD=2026-01-29 00:00:00, WEEKLY=4, TODAY=0, YDAY=2
[LF] SM440 03APR: LASTSOLD=2026-01-29 00:00:00, WEEKLY=1, TODAY=0, YDAY=1
2026-01-30 05:31:56 | INFO     | [SUCCESS] Day 03APR
2026-01-30 05:31:56 | INFO     | [DAY_START] Processing 02APR
[LF] Processing DMM-CAI for 02APR
2026-01-30 05:31:56 | INFO     | [lf.day.start] Processing DMM-CAI for 02APR
[LF] Sending SN command: SN02APRDMMCAI/ASM
[LF] No direct flights on 02APR for DMM-CAI
2026-01-30 05:31:57 | WARNING  | [lf.day.no_flights] No direct flights on 02APR
2026-01-30 05:31:57 | INFO     | [SUCCESS] Day 02APR
2026-01-30 05:31:57 | INFO     | [DAY_START] Processing 01APR
[LF] Processing DMM-CAI for 01APR
2026-01-30 05:31:57 | INFO     | [lf.day.start] Processing DMM-CAI for 01APR
[LF] Sending SN command: SN01APRDMMCAI/ASM
[LF] 01APR: found 1 direct flights
2026-01-30 05:31:58 | INFO     | [lf.day.flights_found] Found 1 flights on 01APR
2026-01-30 05:32:00 | INFO     | [lf.flight.extracted] SM434 on 01APR: BKG=17, LF=9.7%
[LF] SM434 01APR: BKG=17, GRP=0, CAP=175, LF%=9.7%, Brd-Off=DMM-CAI, Classes: I:5, O:8, U:4
[LF] Getting WEEKLY/LASTSOLD data for 1 flights
[LF] SM434 01APR: LASTSOLD=2026-01-18 00:00:00, WEEKLY=0, TODAY=0, YDAY=0
2026-01-30 05:32:03 | INFO     | [SUCCESS] Day 01APR
2026-01-30 05:32:03 | INFO     | [DAY_START] Processing 31MAR
[LF] Processing DMM-CAI for 31MAR
2026-01-30 05:32:03 | INFO     | [lf.day.start] Processing DMM-CAI for 31MAR
[LF] Sending SN command: SN31MARDMMCAI/ASM
[LF] 31MAR: found 1 direct flights
2026-01-30 05:32:04 | INFO     | [lf.day.flights_found] Found 1 flights on 31MAR
2026-01-30 05:32:06 | INFO     | [lf.flight.extracted] SM434 on 31MAR: BKG=3, LF=1.8%
[LF] SM434 31MAR: BKG=3, GRP=0, CAP=167, LF%=1.8%, Brd-Off=DMM-CAI, Classes: T:1, W:1, S:1
[LF] Getting WEEKLY/LASTSOLD data for 1 flights
[LF] SM434 31MAR: LASTSOLD=2026-01-22 00:00:00, WEEKLY=0, TODAY=0, YDAY=0
2026-01-30 05:32:08 | INFO     | [SUCCESS] Day 31MAR
[LF] Results summary:
  2026-04-09: 0 flights
  2026-04-08: 1 flights
  2026-04-07: 1 flights
  2026-04-06: 2 flights
  2026-04-05: 1 flights
  2026-04-04: 0 flights
  2026-04-03: 2 flights
  2026-04-02: 0 flights
  2026-04-01: 1 flights
  2026-03-31: 1 flights
2026-01-30 05:32:08 | INFO     | [SUCCESS] LF Search Complete

============================================================
[Worker_9223] ✓ COMPLETED: DMM-CAI
  Results: 10 dates
  Errors: 0 dates
  Total Processed: 30 groups
============================================================

2026-01-30 05:32:08 | INFO     | [Worker_9223] Completed: DMM-CAI - 10 results, 0 errors

============================================================
[Worker_9223] Processing: ATZ-MED
  Tier 0: Range 3, Chunk 3/3
  Dates: 10 days
  Date Range: 2026-04-09 to 2026-03-31
============================================================

2026-01-30 05:32:08 | INFO     | [Worker_9223] Processing: ATZ-MED
2026-01-30 05:32:08 | INFO     |   Tier 0: Range 3, Chunk 3/3 (10 days)
2026-01-30 05:32:08 | INFO     | ======================================================================
2026-01-30 05:32:08 | INFO     | Load Factor Scraper Started - Route: ATZ-MED
2026-01-30 05:32:08 | INFO     | Log file: D:\CODERED\LAB\Artifacts\outputs\run_generated_300126_at_05.16\logs\LF_ATZ-MED_20260130_053208.log
2026-01-30 05:32:08 | INFO     | Enhanced logging: Capturing both logging.info() and print()
2026-01-30 05:32:08 | INFO     | ======================================================================
[LF] Processing dates (override): ['09APR', '08APR', '07APR', '06APR', '05APR', '04APR', '03APR', '02APR', '01APR', '31MAR']
[LF] Attaching to Chrome for Altea access
2026-01-30 05:32:08 | INFO     | Starting LF search for route: ATZ-MED
2026-01-30 05:32:08 | INFO     | [START] LF Search
[LF][[OK] SUCCESS] Connected to Chrome on 127.0.0.1:9223 (after 1 attempts)
2026-01-30 05:32:09 | INFO     | [HEALTH CHECK] [OK] Chrome connection is healthy
[LF][[OK] SUCCESS] Found Amadeus Altea window: Altéa Reservation Desktop
[LF][[INFO] INFO] URL: https://tc212.resdesktop.altea.amadeus.com/app_ard/apf/init/login?SITE=ESMPESMP&LANGUAGE=GB&MARKETS=ARDW_PROD_WBP&ACTION=clpLogin
2026-01-30 05:32:09 | INFO     | [DAY_START] Processing 09APR
[LF] Processing ATZ-MED for 09APR
2026-01-30 05:32:09 | INFO     | [lf.day.start] Processing ATZ-MED for 09APR
[LF] Sending SN command: SN09APRATZMED/ASM
[LF] No direct flights on 09APR for ATZ-MED
2026-01-30 05:32:10 | WARNING  | [lf.day.no_flights] No direct flights on 09APR
2026-01-30 05:32:10 | INFO     | [SUCCESS] Day 09APR
2026-01-30 05:32:10 | INFO     | [DAY_START] Processing 08APR
[LF] Processing ATZ-MED for 08APR
2026-01-30 05:32:10 | INFO     | [lf.day.start] Processing ATZ-MED for 08APR
[LF] Sending SN command: SN08APRATZMED/ASM
[LF] No direct flights on 08APR for ATZ-MED
2026-01-30 05:32:11 | WARNING  | [lf.day.no_flights] No direct flights on 08APR
2026-01-30 05:32:11 | INFO     | [SUCCESS] Day 08APR
2026-01-30 05:32:11 | INFO     | [DAY_START] Processing 07APR
[LF] Processing ATZ-MED for 07APR
2026-01-30 05:32:11 | INFO     | [lf.day.start] Processing ATZ-MED for 07APR
[LF] Sending SN command: SN07APRATZMED/ASM
[LF] No direct flights on 07APR for ATZ-MED
2026-01-30 05:32:12 | WARNING  | [lf.day.no_flights] No direct flights on 07APR
2026-01-30 05:32:12 | INFO     | [SUCCESS] Day 07APR
2026-01-30 05:32:12 | INFO     | [DAY_START] Processing 06APR
[LF] Processing ATZ-MED for 06APR
2026-01-30 05:32:12 | INFO     | [lf.day.start] Processing ATZ-MED for 06APR
[LF] Sending SN command: SN06APRATZMED/ASM
[LF] No direct flights on 06APR for ATZ-MED
2026-01-30 05:32:13 | WARNING  | [lf.day.no_flights] No direct flights on 06APR
2026-01-30 05:32:13 | INFO     | [SUCCESS] Day 06APR
2026-01-30 05:32:13 | INFO     | [DAY_START] Processing 05APR
[LF] Processing ATZ-MED for 05APR
2026-01-30 05:32:13 | INFO     | [lf.day.start] Processing ATZ-MED for 05APR
[LF] Sending SN command: SN05APRATZMED/ASM
[LF] 05APR: found 1 direct flights
2026-01-30 05:32:15 | INFO     | [lf.day.flights_found] Found 1 flights on 05APR
2026-01-30 05:32:17 | INFO     | [lf.flight.extracted] SM487 on 05APR: BKG=15, LF=8.4%
[LF] SM487 05APR: BKG=15, GRP=0, CAP=179, LF%=8.4%, Brd-Off=ATZ-MED, Classes: I:9, O:6
[LF] Getting WEEKLY/LASTSOLD data for 1 flights
[LF] SM487 05APR: LASTSOLD=2026-01-28 00:00:00, WEEKLY=1, TODAY=0, YDAY=0
2026-01-30 05:32:20 | INFO     | [SUCCESS] Day 05APR
2026-01-30 05:32:20 | INFO     | [DAY_START] Processing 04APR
[LF] Processing ATZ-MED for 04APR
2026-01-30 05:32:20 | INFO     | [lf.day.start] Processing ATZ-MED for 04APR
[LF] Sending SN command: SN04APRATZMED/ASM
[LF] No direct flights on 04APR for ATZ-MED
2026-01-30 05:32:21 | WARNING  | [lf.day.no_flights] No direct flights on 04APR
2026-01-30 05:32:21 | INFO     | [SUCCESS] Day 04APR
2026-01-30 05:32:21 | INFO     | [DAY_START] Processing 03APR
[LF] Processing ATZ-MED for 03APR
2026-01-30 05:32:21 | INFO     | [lf.day.start] Processing ATZ-MED for 03APR
[LF] Sending SN command: SN03APRATZMED/ASM
[LF] No direct flights on 03APR for ATZ-MED
2026-01-30 05:32:23 | WARNING  | [lf.day.no_flights] No direct flights on 03APR
2026-01-30 05:32:23 | INFO     | [SUCCESS] Day 03APR
2026-01-30 05:32:23 | INFO     | [DAY_START] Processing 02APR
[LF] Processing ATZ-MED for 02APR
2026-01-30 05:32:23 | INFO     | [lf.day.start] Processing ATZ-MED for 02APR
[LF] Sending SN command: SN02APRATZMED/ASM
[LF] No direct flights on 02APR for ATZ-MED
2026-01-30 05:32:24 | WARNING  | [lf.day.no_flights] No direct flights on 02APR
2026-01-30 05:32:24 | INFO     | [SUCCESS] Day 02APR
2026-01-30 05:32:24 | INFO     | [DAY_START] Processing 01APR
[LF] Processing ATZ-MED for 01APR
2026-01-30 05:32:24 | INFO     | [lf.day.start] Processing ATZ-MED for 01APR
[LF] Sending SN command: SN01APRATZMED/ASM
[LF] No direct flights on 01APR for ATZ-MED
2026-01-30 05:32:25 | WARNING  | [lf.day.no_flights] No direct flights on 01APR
2026-01-30 05:32:25 | INFO     | [SUCCESS] Day 01APR
2026-01-30 05:32:25 | INFO     | [DAY_START] Processing 31MAR
[LF] Processing ATZ-MED for 31MAR
2026-01-30 05:32:25 | INFO     | [lf.day.start] Processing ATZ-MED for 31MAR
[LF] Sending SN command: SN31MARATZMED/ASM
[LF] No direct flights on 31MAR for ATZ-MED
2026-01-30 05:32:26 | WARNING  | [lf.day.no_flights] No direct flights on 31MAR
2026-01-30 05:32:26 | INFO     | [SUCCESS] Day 31MAR
[LF] Results summary:
  2026-04-09: 0 flights
  2026-04-08: 0 flights
  2026-04-07: 0 flights
  2026-04-06: 0 flights
  2026-04-05: 1 flights
  2026-04-04: 0 flights
  2026-04-03: 0 flights
  2026-04-02: 0 flights
  2026-04-01: 0 flights
  2026-03-31: 0 flights
2026-01-30 05:32:26 | INFO     | [SUCCESS] LF Search Complete

============================================================
[Worker_9223] ✓ COMPLETED: ATZ-MED
  Results: 10 dates
  Errors: 0 dates
  Total Processed: 31 groups
============================================================

2026-01-30 05:32:26 | INFO     | [Worker_9223] Completed: ATZ-MED - 10 results, 0 errors

============================================================
[Worker_9223] Processing: HBE-JED
  Tier 0: Range 3, Chunk 3/3
  Dates: 10 days
  Date Range: 2026-04-09 to 2026-03-31
============================================================

2026-01-30 05:32:26 | INFO     | [Worker_9223] Processing: HBE-JED
2026-01-30 05:32:26 | INFO     |   Tier 0: Range 3, Chunk 3/3 (10 days)
2026-01-30 05:32:26 | INFO     | ======================================================================
2026-01-30 05:32:26 | INFO     | Load Factor Scraper Started - Route: HBE-JED
2026-01-30 05:32:26 | INFO     | Log file: D:\CODERED\LAB\Artifacts\outputs\run_generated_300126_at_05.16\logs\LF_HBE-JED_20260130_053226.log
2026-01-30 05:32:26 | INFO     | Enhanced logging: Capturing both logging.info() and print()
2026-01-30 05:32:26 | INFO     | ======================================================================
[LF] Processing dates (override): ['09APR', '08APR', '07APR', '06APR', '05APR', '04APR', '03APR', '02APR', '01APR', '31MAR']
[LF] Attaching to Chrome for Altea access
2026-01-30 05:32:26 | INFO     | Starting LF search for route: HBE-JED
2026-01-30 05:32:26 | INFO     | [START] LF Search
[LF][[OK] SUCCESS] Connected to Chrome on 127.0.0.1:9223 (after 1 attempts)
2026-01-30 05:32:27 | INFO     | [HEALTH CHECK] [OK] Chrome connection is healthy
[LF][[OK] SUCCESS] Found Amadeus Altea window: Altéa Reservation Desktop
[LF][[INFO] INFO] URL: https://tc212.resdesktop.altea.amadeus.com/app_ard/apf/init/login?SITE=ESMPESMP&LANGUAGE=GB&MARKETS=ARDW_PROD_WBP&ACTION=clpLogin
2026-01-30 05:32:27 | INFO     | [DAY_START] Processing 09APR
[LF] Processing HBE-JED for 09APR
2026-01-30 05:32:27 | INFO     | [lf.day.start] Processing HBE-JED for 09APR
[LF] Sending SN command: SN09APRHBEJED/ASM
[LF] 09APR: found 1 direct flights
2026-01-30 05:32:28 | INFO     | [lf.day.flights_found] Found 1 flights on 09APR
2026-01-30 05:32:30 | INFO     | [lf.flight.extracted] SM451 on 09APR: BKG=6, LF=3.4%
[LF] SM451 09APR: BKG=6, GRP=0, CAP=179, LF%=3.4%, Brd-Off=HBE-JED, Classes: I:4, O:2
[LF] Getting WEEKLY/LASTSOLD data for 1 flights
[LF] SM451 09APR: LASTSOLD=2026-01-19 00:00:00, WEEKLY=0, TODAY=0, YDAY=0
2026-01-30 05:32:33 | INFO     | [SUCCESS] Day 09APR
2026-01-30 05:32:33 | INFO     | [DAY_START] Processing 08APR
[LF] Processing HBE-JED for 08APR
2026-01-30 05:32:33 | INFO     | [lf.day.start] Processing HBE-JED for 08APR
[LF] Sending SN command: SN08APRHBEJED/ASM
[LF] 08APR: found 1 direct flights
2026-01-30 05:32:34 | INFO     | [lf.day.flights_found] Found 1 flights on 08APR
2026-01-30 05:32:36 | INFO     | [lf.flight.extracted] SM451 on 08APR: BKG=5, LF=2.8%
[LF] SM451 08APR: BKG=5, GRP=0, CAP=179, LF%=2.8%, Brd-Off=HBE-JED, Classes: I:5
[LF] Getting WEEKLY/LASTSOLD data for 1 flights
[LF] SM451 08APR: LASTSOLD=2026-01-27 00:00:00, WEEKLY=1, TODAY=0, YDAY=0
2026-01-30 05:32:39 | INFO     | [SUCCESS] Day 08APR
2026-01-30 05:32:39 | INFO     | [DAY_START] Processing 07APR
[LF] Processing HBE-JED for 07APR
2026-01-30 05:32:39 | INFO     | [lf.day.start] Processing HBE-JED for 07APR
[LF] Sending SN command: SN07APRHBEJED/ASM
[LF] No direct flights on 07APR for HBE-JED
2026-01-30 05:32:40 | WARNING  | [lf.day.no_flights] No direct flights on 07APR
2026-01-30 05:32:40 | INFO     | [SUCCESS] Day 07APR
2026-01-30 05:32:40 | INFO     | [DAY_START] Processing 06APR
[LF] Processing HBE-JED for 06APR
2026-01-30 05:32:40 | INFO     | [lf.day.start] Processing HBE-JED for 06APR
[LF] Sending SN command: SN06APRHBEJED/ASM
[LF] 06APR: found 1 direct flights
2026-01-30 05:32:41 | INFO     | [lf.day.flights_found] Found 1 flights on 06APR
2026-01-30 05:32:43 | INFO     | [lf.flight.extracted] SM451 on 06APR: BKG=4, LF=2.2%
[LF] SM451 06APR: BKG=4, GRP=0, CAP=179, LF%=2.2%, Brd-Off=HBE-JED, Classes: I:4
[LF] Getting WEEKLY/LASTSOLD data for 1 flights
[LF] SM451 06APR: LASTSOLD=2026-01-25 00:00:00, WEEKLY=3, TODAY=0, YDAY=0
2026-01-30 05:32:46 | INFO     | [SUCCESS] Day 06APR
2026-01-30 05:32:46 | INFO     | [DAY_START] Processing 05APR
[LF] Processing HBE-JED for 05APR
2026-01-30 05:32:46 | INFO     | [lf.day.start] Processing HBE-JED for 05APR
[LF] Sending SN command: SN05APRHBEJED/ASM
[LF] 05APR: found 1 direct flights
2026-01-30 05:32:47 | INFO     | [lf.day.flights_found] Found 1 flights on 05APR
2026-01-30 05:32:49 | INFO     | [lf.flight.extracted] SM451 on 05APR: BKG=19, LF=10.6%
[LF] SM451 05APR: BKG=19, GRP=0, CAP=179, LF%=10.6%, Brd-Off=HBE-JED, Classes: I:9, O:9, U:1
[LF] Getting WEEKLY/LASTSOLD data for 1 flights
[LF] SM451 05APR: LASTSOLD=2026-01-27 00:00:00, WEEKLY=1, TODAY=0, YDAY=0
2026-01-30 05:32:52 | INFO     | [SUCCESS] Day 05APR
2026-01-30 05:32:52 | INFO     | [DAY_START] Processing 04APR
[LF] Processing HBE-JED for 04APR
2026-01-30 05:32:52 | INFO     | [lf.day.start] Processing HBE-JED for 04APR
[LF] Sending SN command: SN04APRHBEJED/ASM
[LF] 04APR: found 1 direct flights
2026-01-30 05:32:53 | INFO     | [lf.day.flights_found] Found 1 flights on 04APR
2026-01-30 05:32:55 | INFO     | [lf.flight.extracted] SM451 on 04APR: BKG=28, LF=15.6%
[LF] SM451 04APR: BKG=28, GRP=0, CAP=179, LF%=15.6%, Brd-Off=HBE-JED, Classes: I:9, O:9, U:9, X:1
[LF] Getting WEEKLY/LASTSOLD data for 1 flights
[LF] SM451 04APR: LASTSOLD=2026-01-28 00:00:00, WEEKLY=8, TODAY=0, YDAY=0
2026-01-30 05:32:59 | INFO     | [SUCCESS] Day 04APR
2026-01-30 05:32:59 | INFO     | [DAY_START] Processing 03APR
[LF] Processing HBE-JED for 03APR
2026-01-30 05:32:59 | INFO     | [lf.day.start] Processing HBE-JED for 03APR
[LF] Sending SN command: SN03APRHBEJED/ASM
[LF] No direct flights on 03APR for HBE-JED
2026-01-30 05:33:00 | WARNING  | [lf.day.no_flights] No direct flights on 03APR
2026-01-30 05:33:00 | INFO     | [SUCCESS] Day 03APR
2026-01-30 05:33:00 | INFO     | [DAY_START] Processing 02APR
[LF] Processing HBE-JED for 02APR
2026-01-30 05:33:00 | INFO     | [lf.day.start] Processing HBE-JED for 02APR
[LF] Sending SN command: SN02APRHBEJED/ASM
[LF] 02APR: found 1 direct flights
2026-01-30 05:33:01 | INFO     | [lf.day.flights_found] Found 1 flights on 02APR
2026-01-30 05:33:04 | INFO     | [lf.flight.extracted] SM451 on 02APR: BKG=26, LF=14.5%
[LF] SM451 02APR: BKG=26, GRP=0, CAP=179, LF%=14.5%, Brd-Off=HBE-JED, Classes: I:9, O:9, U:7, T:1
[LF] Getting WEEKLY/LASTSOLD data for 1 flights
[LF] SM451 02APR: LASTSOLD=2026-01-28 00:00:00, WEEKLY=2, TODAY=0, YDAY=0
2026-01-30 05:33:07 | INFO     | [SUCCESS] Day 02APR
2026-01-30 05:33:07 | INFO     | [DAY_START] Processing 01APR
[LF] Processing HBE-JED for 01APR
2026-01-30 05:33:07 | INFO     | [lf.day.start] Processing HBE-JED for 01APR
[LF] Sending SN command: SN01APRHBEJED/ASM
[LF] 01APR: found 1 direct flights
2026-01-30 05:33:09 | INFO     | [lf.day.flights_found] Found 1 flights on 01APR
2026-01-30 05:33:13 | INFO     | [lf.flight.extracted] SM451 on 01APR: BKG=27, LF=15.1%
[LF] SM451 01APR: BKG=27, GRP=0, CAP=179, LF%=15.1%, Brd-Off=HBE-JED, Classes: I:9, O:9, U:9
[LF] Getting WEEKLY/LASTSOLD data for 1 flights
[LF] SM451 01APR: LASTSOLD=2026-01-22 00:00:00, WEEKLY=0, TODAY=0, YDAY=0
2026-01-30 05:33:19 | INFO     | [SUCCESS] Day 01APR
2026-01-30 05:33:19 | INFO     | [DAY_START] Processing 31MAR
[LF] Processing HBE-JED for 31MAR
2026-01-30 05:33:19 | INFO     | [lf.day.start] Processing HBE-JED for 31MAR
[LF] Sending SN command: SN31MARHBEJED/ASM
[LF] No direct flights on 31MAR for HBE-JED
2026-01-30 05:33:20 | WARNING  | [lf.day.no_flights] No direct flights on 31MAR
2026-01-30 05:33:20 | INFO     | [SUCCESS] Day 31MAR
[LF] Results summary:
  2026-04-09: 1 flights
  2026-04-08: 1 flights
  2026-04-07: 0 flights
  2026-04-06: 1 flights
  2026-04-05: 1 flights
  2026-04-04: 1 flights
  2026-04-03: 0 flights
  2026-04-02: 1 flights
  2026-04-01: 1 flights
  2026-03-31: 0 flights
2026-01-30 05:33:20 | INFO     | [SUCCESS] LF Search Complete

============================================================
[Worker_9223] ✓ COMPLETED: HBE-JED
  Results: 10 dates
  Errors: 0 dates
  Total Processed: 32 groups
============================================================

2026-01-30 05:33:20 | INFO     | [Worker_9223] Completed: HBE-JED - 10 results, 0 errors

============================================================
[Worker_9223] Processing: CAI-AJF
  Tier 0: Range 3, Chunk 3/3
  Dates: 10 days
  Date Range: 2026-04-09 to 2026-03-31
============================================================

2026-01-30 05:33:20 | INFO     | [Worker_9223] Processing: CAI-AJF
2026-01-30 05:33:20 | INFO     |   Tier 0: Range 3, Chunk 3/3 (10 days)
2026-01-30 05:33:20 | INFO     | ======================================================================
2026-01-30 05:33:20 | INFO     | Load Factor Scraper Started - Route: CAI-AJF
2026-01-30 05:33:20 | INFO     | Log file: D:\CODERED\LAB\Artifacts\outputs\run_generated_300126_at_05.16\logs\LF_CAI-AJF_20260130_053320.log
2026-01-30 05:33:20 | INFO     | Enhanced logging: Capturing both logging.info() and print()
2026-01-30 05:33:20 | INFO     | ======================================================================
[LF] Processing dates (override): ['09APR', '08APR', '07APR', '06APR', '05APR', '04APR', '03APR', '02APR', '01APR', '31MAR']
[LF] Attaching to Chrome for Altea access
2026-01-30 05:33:20 | INFO     | Starting LF search for route: CAI-AJF
2026-01-30 05:33:20 | INFO     | [START] LF Search
[LF][[OK] SUCCESS] Connected to Chrome on 127.0.0.1:9223 (after 1 attempts)
2026-01-30 05:33:21 | INFO     | [HEALTH CHECK] [OK] Chrome connection is healthy
[LF][[OK] SUCCESS] Found Amadeus Altea window: Altéa Reservation Desktop
[LF][[INFO] INFO] URL: https://tc212.resdesktop.altea.amadeus.com/app_ard/apf/init/login?SITE=ESMPESMP&LANGUAGE=GB&MARKETS=ARDW_PROD_WBP&ACTION=clpLogin
2026-01-30 05:33:21 | INFO     | [DAY_START] Processing 09APR
[LF] Processing CAI-AJF for 09APR
2026-01-30 05:33:21 | INFO     | [lf.day.start] Processing CAI-AJF for 09APR
[LF] Sending SN command: SN09APRCAIAJF/ASM
[LF] 09APR: found 1 direct flights
2026-01-30 05:33:22 | INFO     | [lf.day.flights_found] Found 1 flights on 09APR
2026-01-30 05:33:24 | INFO     | [lf.flight.extracted] SM321 on 09APR: BKG=7, LF=3.9%
[LF] SM321 09APR: BKG=7, GRP=0, CAP=179, LF%=3.9%, Brd-Off=CAI-AJF, Classes: I:5, O:2
[LF] Getting WEEKLY/LASTSOLD data for 1 flights
[LF] SM321 09APR: LASTSOLD=2026-01-29 00:00:00, WEEKLY=1, TODAY=0, YDAY=1
2026-01-30 05:33:27 | INFO     | [SUCCESS] Day 09APR
2026-01-30 05:33:27 | INFO     | [DAY_START] Processing 08APR
[LF] Processing CAI-AJF for 08APR
2026-01-30 05:33:27 | INFO     | [lf.day.start] Processing CAI-AJF for 08APR
[LF] Sending SN command: SN08APRCAIAJF/ASM
[LF] 08APR: found 1 direct flights
2026-01-30 05:33:28 | INFO     | [lf.day.flights_found] Found 1 flights on 08APR
2026-01-30 05:33:30 | INFO     | [lf.flight.extracted] SM321 on 08APR: BKG=10, LF=5.6%
[LF] SM321 08APR: BKG=10, GRP=0, CAP=179, LF%=5.6%, Brd-Off=CAI-AJF, Classes: I:5, O:4, U:1
[LF] Getting WEEKLY/LASTSOLD data for 1 flights
[LF] SM321 08APR: LASTSOLD=2026-01-19 00:00:00, WEEKLY=0, TODAY=0, YDAY=0
2026-01-30 05:33:34 | INFO     | [SUCCESS] Day 08APR
2026-01-30 05:33:34 | INFO     | [DAY_START] Processing 07APR
[LF] Processing CAI-AJF for 07APR
2026-01-30 05:33:34 | INFO     | [lf.day.start] Processing CAI-AJF for 07APR
[LF] Sending SN command: SN07APRCAIAJF/ASM
[LF] No direct flights on 07APR for CAI-AJF
2026-01-30 05:33:35 | WARNING  | [lf.day.no_flights] No direct flights on 07APR
2026-01-30 05:33:35 | INFO     | [SUCCESS] Day 07APR
2026-01-30 05:33:35 | INFO     | [DAY_START] Processing 06APR
[LF] Processing CAI-AJF for 06APR
2026-01-30 05:33:35 | INFO     | [lf.day.start] Processing CAI-AJF for 06APR
[LF] Sending SN command: SN06APRCAIAJF/ASM
[LF] No direct flights on 06APR for CAI-AJF
2026-01-30 05:33:39 | WARNING  | [lf.day.no_flights] No direct flights on 06APR
2026-01-30 05:33:39 | INFO     | [SUCCESS] Day 06APR
2026-01-30 05:33:39 | INFO     | [DAY_START] Processing 05APR
[LF] Processing CAI-AJF for 05APR
2026-01-30 05:33:39 | INFO     | [lf.day.start] Processing CAI-AJF for 05APR
[LF] Sending SN command: SN05APRCAIAJF/ASM
[LF] No direct flights on 05APR for CAI-AJF
2026-01-30 05:33:45 | WARNING  | [lf.day.no_flights] No direct flights on 05APR
2026-01-30 05:33:45 | INFO     | [SUCCESS] Day 05APR
2026-01-30 05:33:45 | INFO     | [DAY_START] Processing 04APR
[LF] Processing CAI-AJF for 04APR
2026-01-30 05:33:45 | INFO     | [lf.day.start] Processing CAI-AJF for 04APR
[LF] Sending SN command: SN04APRCAIAJF/ASM
[LF] 04APR: found 1 direct flights
2026-01-30 05:33:49 | INFO     | [lf.day.flights_found] Found 1 flights on 04APR
2026-01-30 05:33:52 | INFO     | [lf.flight.extracted] SM321 on 04APR: BKG=19, LF=10.6%
[LF] SM321 04APR: BKG=19, GRP=0, CAP=179, LF%=10.6%, Brd-Off=CAI-AJF, Classes: I:5, O:5, U:7, X:1, S:1
[LF] Getting WEEKLY/LASTSOLD data for 1 flights
[LF] SM321 04APR: LASTSOLD=2026-01-25 00:00:00, WEEKLY=4, TODAY=0, YDAY=0
2026-01-30 05:33:56 | INFO     | [SUCCESS] Day 04APR
2026-01-30 05:33:56 | INFO     | [DAY_START] Processing 03APR
[LF] Processing CAI-AJF for 03APR
2026-01-30 05:33:56 | INFO     | [lf.day.start] Processing CAI-AJF for 03APR
[LF] Sending SN command: SN03APRCAIAJF/ASM
[LF] No direct flights on 03APR for CAI-AJF
2026-01-30 05:33:58 | WARNING  | [lf.day.no_flights] No direct flights on 03APR
2026-01-30 05:33:58 | INFO     | [SUCCESS] Day 03APR
2026-01-30 05:33:58 | INFO     | [DAY_START] Processing 02APR
[LF] Processing CAI-AJF for 02APR
2026-01-30 05:33:58 | INFO     | [lf.day.start] Processing CAI-AJF for 02APR
[LF] Sending SN command: SN02APRCAIAJF/ASM
[LF] 02APR: found 1 direct flights
2026-01-30 05:33:59 | INFO     | [lf.day.flights_found] Found 1 flights on 02APR
2026-01-30 05:34:02 | INFO     | [lf.flight.extracted] SM321 on 02APR: BKG=31, LF=17.3%
[LF] SM321 02APR: BKG=31, GRP=0, CAP=179, LF%=17.3%, Brd-Off=CAI-AJF, Classes: I:5, O:5, U:7, X:6, T:3, W:5
[LF] Getting WEEKLY/LASTSOLD data for 1 flights
[LF] SM321 02APR: LASTSOLD=2026-01-29 00:00:00, WEEKLY=14, TODAY=0, YDAY=1
2026-01-30 05:34:11 | INFO     | [SUCCESS] Day 02APR
2026-01-30 05:34:11 | INFO     | [DAY_START] Processing 01APR
[LF] Processing CAI-AJF for 01APR
2026-01-30 05:34:11 | INFO     | [lf.day.start] Processing CAI-AJF for 01APR
[LF] Sending SN command: SN01APRCAIAJF/ASM
[LF] 01APR: found 1 direct flights
2026-01-30 05:34:30 | INFO     | [lf.day.flights_found] Found 1 flights on 01APR
2026-01-30 05:34:42 | INFO     | [lf.flight.extracted] SM321 on 01APR: BKG=46, LF=25.7%
[LF] SM321 01APR: BKG=46, GRP=0, CAP=179, LF%=25.7%, Brd-Off=CAI-AJF, Classes: I:5, O:5, U:7, X:6, T:5, W:7, S:6, G:5
[LF] Getting WEEKLY/LASTSOLD data for 1 flights
[LF] SM321 01APR: LASTSOLD=2026-01-29 00:00:00, WEEKLY=10, TODAY=0, YDAY=4
2026-01-30 05:34:48 | INFO     | [SUCCESS] Day 01APR
2026-01-30 05:34:48 | INFO     | [DAY_START] Processing 31MAR
[LF] Processing CAI-AJF for 31MAR
2026-01-30 05:34:48 | INFO     | [lf.day.start] Processing CAI-AJF for 31MAR
[LF] Sending SN command: SN31MARCAIAJF/ASM
[LF] No direct flights on 31MAR for CAI-AJF
2026-01-30 05:34:50 | WARNING  | [lf.day.no_flights] No direct flights on 31MAR
2026-01-30 05:34:50 | INFO     | [SUCCESS] Day 31MAR
[LF] Results summary:
  2026-04-09: 1 flights
  2026-04-08: 1 flights
  2026-04-07: 0 flights
  2026-04-06: 0 flights
  2026-04-05: 0 flights
  2026-04-04: 1 flights
  2026-04-03: 0 flights
  2026-04-02: 1 flights
  2026-04-01: 1 flights
  2026-03-31: 0 flights
2026-01-30 05:34:50 | INFO     | [SUCCESS] LF Search Complete

============================================================
[Worker_9223] ✓ COMPLETED: CAI-AJF
  Results: 10 dates
  Errors: 0 dates
  Total Processed: 33 groups
============================================================

2026-01-30 05:35:02 | INFO     | [Worker_9223] Completed: CAI-AJF - 10 results, 0 errors

============================================================
[Worker_9223] Processing: JED-HBE
  Tier 0: Range 2, Chunk 1/3
  Dates: 10 days
  Date Range: 2026-03-30 to 2026-03-21
============================================================

2026-01-30 05:35:02 | INFO     | [Worker_9223] Processing: JED-HBE
2026-01-30 05:35:02 | INFO     |   Tier 0: Range 2, Chunk 1/3 (10 days)
2026-01-30 05:35:02 | INFO     | ======================================================================
2026-01-30 05:35:02 | INFO     | Load Factor Scraper Started - Route: JED-HBE
2026-01-30 05:35:02 | INFO     | Log file: D:\CODERED\LAB\Artifacts\outputs\run_generated_300126_at_05.16\logs\LF_JED-HBE_20260130_053502.log
2026-01-30 05:35:02 | INFO     | Enhanced logging: Capturing both logging.info() and print()
2026-01-30 05:35:02 | INFO     | ======================================================================
[LF] Processing dates (override): ['30MAR', '29MAR', '28MAR', '27MAR', '26MAR', '25MAR', '24MAR', '23MAR', '22MAR', '21MAR']
[LF] Attaching to Chrome for Altea access
2026-01-30 05:35:02 | INFO     | Starting LF search for route: JED-HBE
2026-01-30 05:35:02 | INFO     | [START] LF Search
[LF][[OK] SUCCESS] Connected to Chrome on 127.0.0.1:9223 (after 1 attempts)
2026-01-30 05:35:06 | INFO     | [HEALTH CHECK] [OK] Chrome connection is healthy
[LF][[OK] SUCCESS] Found Amadeus Altea window: Altéa Reservation Desktop
[LF][[INFO] INFO] URL: https://tc212.resdesktop.altea.amadeus.com/app_ard/apf/init/login?SITE=ESMPESMP&LANGUAGE=GB&MARKETS=ARDW_PROD_WBP&ACTION=clpLogin
2026-01-30 05:35:07 | INFO     | [DAY_START] Processing 30MAR
[LF] Processing JED-HBE for 30MAR
2026-01-30 05:35:07 | INFO     | [lf.day.start] Processing JED-HBE for 30MAR
[LF] Sending SN command: SN30MARJEDHBE/ASM
[LF] 30MAR: found 1 direct flights
2026-01-30 05:35:16 | INFO     | [lf.day.flights_found] Found 1 flights on 30MAR
2026-01-30 05:35:23 | INFO     | [lf.flight.extracted] SM452 on 30MAR: BKG=168, LF=96.0%
[LF] SM452 30MAR: BKG=168, GRP=130, CAP=175, LF%=96.0%, Brd-Off=JED-HBE, Classes: P:130, I:17, O:14, U:4, X:1, K:2
[LF] Getting WEEKLY/LASTSOLD data for 1 flights
[LF] SM452 30MAR: LASTSOLD=2026-01-05 00:00:00, WEEKLY=0, TODAY=0, YDAY=0
2026-01-30 05:35:40 | INFO     | [SUCCESS] Day 30MAR
2026-01-30 05:35:40 | INFO     | [DAY_START] Processing 29MAR
[LF] Processing JED-HBE for 29MAR
2026-01-30 05:35:40 | INFO     | [lf.day.start] Processing JED-HBE for 29MAR
[LF] Sending SN command: SN29MARJEDHBE/ASM
[LF] 29MAR: found 1 direct flights
2026-01-30 05:35:44 | INFO     | [lf.day.flights_found] Found 1 flights on 29MAR
2026-01-30 05:35:49 | INFO     | [lf.flight.extracted] SM452 on 29MAR: BKG=168, LF=96.0%
[LF] SM452 29MAR: BKG=168, GRP=135, CAP=175, LF%=96.0%, Brd-Off=JED-HBE, Classes: P:136, I:16, O:16
[LF] Getting WEEKLY/LASTSOLD data for 1 flights
[LF] SM452 29MAR: LASTSOLD=2026-01-12 00:00:00, WEEKLY=0, TODAY=0, YDAY=0
2026-01-30 05:35:59 | INFO     | [SUCCESS] Day 29MAR
2026-01-30 05:35:59 | INFO     | [DAY_START] Processing 28MAR
[LF] Processing JED-HBE for 28MAR
2026-01-30 05:35:59 | INFO     | [lf.day.start] Processing JED-HBE for 28MAR
[LF] Sending SN command: SN28MARJEDHBE/ASM
[LF] 28MAR: found 2 direct flights
2026-01-30 05:36:03 | INFO     | [lf.day.flights_found] Found 2 flights on 28MAR
2026-01-30 05:36:10 | INFO     | [lf.flight.extracted] SM458 on 28MAR: BKG=168, LF=96.0%
[LF] SM458 28MAR: BKG=168, GRP=160, CAP=175, LF%=96.0%, Brd-Off=JED-HBE, Classes: P:160, L:8
2026-01-30 05:36:19 | INFO     | [lf.flight.extracted] SM452 on 28MAR: BKG=170, LF=97.1%
[LF] SM452 28MAR: BKG=170, GRP=170, CAP=175, LF%=97.1%, Brd-Off=JED-HBE, Classes: P:170
[LF] Getting WEEKLY/LASTSOLD data for 2 flights
[LF] SM458 28MAR: LASTSOLD=2026-01-16 00:00:00, WEEKLY=0, TODAY=0, YDAY=0
[LF] SM452 28MAR: LASTSOLD=2025-12-29 00:00:00, WEEKLY=0, TODAY=0, YDAY=0
2026-01-30 05:36:29 | INFO     | [SUCCESS] Day 28MAR
2026-01-30 05:36:29 | INFO     | [DAY_START] Processing 27MAR
[LF] Processing JED-HBE for 27MAR
2026-01-30 05:36:29 | INFO     | [lf.day.start] Processing JED-HBE for 27MAR
[LF] Sending SN command: SN27MARJEDHBE/ASM
[LF] 27MAR: found 2 direct flights
2026-01-30 05:36:35 | INFO     | [lf.day.flights_found] Found 2 flights on 27MAR
2026-01-30 05:36:42 | INFO     | [lf.flight.extracted] SM958 on 27MAR: BKG=205, LF=117.1%
[LF] SM958 27MAR: BKG=205, GRP=205, CAP=175, LF%=117.1%, Brd-Off=JED-HBE, Classes: P:205
2026-01-30 05:36:50 | INFO     | [lf.flight.extracted] SM452 on 27MAR: BKG=175, LF=100.0%
[LF] SM452 27MAR: BKG=175, GRP=170, CAP=175, LF%=100.0%, Brd-Off=JED-HBE, Classes: P:170, U:4, B:1
[LF] Getting WEEKLY/LASTSOLD data for 2 flights
[LF] SM958 27MAR: LASTSOLD=2026-01-26 00:00:00, WEEKLY=1, TODAY=0, YDAY=0
[LF] SM452 27MAR: LASTSOLD=2025-12-29 00:00:00, WEEKLY=0, TODAY=0, YDAY=0
2026-01-30 05:37:00 | INFO     | [SUCCESS] Day 27MAR
2026-01-30 05:37:00 | INFO     | [DAY_START] Processing 26MAR
[LF] Processing JED-HBE for 26MAR
2026-01-30 05:37:00 | INFO     | [lf.day.start] Processing JED-HBE for 26MAR
[LF] Sending SN command: SN26MARJEDHBE/ASM
[LF] 26MAR: found 1 direct flights
2026-01-30 05:37:03 | INFO     | [lf.day.flights_found] Found 1 flights on 26MAR
2026-01-30 05:37:09 | INFO     | [lf.flight.extracted] SM452 on 26MAR: BKG=168, LF=96.0%
[LF] SM452 26MAR: BKG=168, GRP=160, CAP=175, LF%=96.0%, Brd-Off=JED-HBE, Classes: P:160, L:7, Y:1
[LF] Getting WEEKLY/LASTSOLD data for 1 flights
[LF] SM452 26MAR: LASTSOLD=2026-01-08 00:00:00, WEEKLY=0, TODAY=0, YDAY=0
2026-01-30 05:37:18 | INFO     | [SUCCESS] Day 26MAR
2026-01-30 05:37:18 | INFO     | [DAY_START] Processing 25MAR
[LF] Processing JED-HBE for 25MAR
2026-01-30 05:37:18 | INFO     | [lf.day.start] Processing JED-HBE for 25MAR
[LF] Sending SN command: SN25MARJEDHBE/ASM
[LF] 25MAR: found 3 direct flights
2026-01-30 05:37:23 | INFO     | [lf.day.flights_found] Found 3 flights on 25MAR
2026-01-30 05:37:29 | INFO     | [lf.flight.extracted] SM452 on 25MAR: BKG=168, LF=96.0%
[LF] SM452 25MAR: BKG=168, GRP=160, CAP=175, LF%=96.0%, Brd-Off=JED-HBE, Classes: P:160, S:2, L:6
2026-01-30 05:37:47 | INFO     | [lf.flight.extracted] SM474 on 25MAR: BKG=171, LF=97.7%
[LF] SM474 25MAR: BKG=171, GRP=170, CAP=175, LF%=97.7%, Brd-Off=JED-HBE, Classes: P:170, Q:1
2026-01-30 05:37:56 | INFO     | [lf.flight.extracted] SM458 on 25MAR: BKG=168, LF=100.6%
[LF] SM458 25MAR: BKG=168, GRP=165, CAP=167, LF%=100.6%, Brd-Off=JED-HBE, Classes: P:165, L:3
[LF] Getting WEEKLY/LASTSOLD data for 3 flights
[LF] SM452 25MAR: LASTSOLD=2026-01-08 00:00:00, WEEKLY=0, TODAY=0, YDAY=0
[LF] SM474 25MAR: LASTSOLD=2026-01-02 00:00:00, WEEKLY=0, TODAY=0, YDAY=0
[LF] SM458 25MAR: LASTSOLD=2026-01-02 00:00:00, WEEKLY=0, TODAY=0, YDAY=0
2026-01-30 05:38:11 | INFO     | [SUCCESS] Day 25MAR
2026-01-30 05:38:11 | INFO     | [DAY_START] Processing 24MAR
[LF] Processing JED-HBE for 24MAR
2026-01-30 05:38:11 | INFO     | [lf.day.start] Processing JED-HBE for 24MAR
[LF] Sending SN command: SN24MARJEDHBE/ASM
[LF] 24MAR: found 3 direct flights
2026-01-30 05:38:15 | INFO     | [lf.day.flights_found] Found 3 flights on 24MAR
2026-01-30 05:38:21 | INFO     | [lf.flight.extracted] SM958 on 24MAR: BKG=170, LF=101.8%
[LF] SM958 24MAR: BKG=170, GRP=170, CAP=167, LF%=101.8%, Brd-Off=JED-HBE, Classes: P:170
2026-01-30 05:38:30 | INFO     | [lf.flight.extracted] SM962 on 24MAR: BKG=170, LF=101.8%
[LF] SM962 24MAR: BKG=170, GRP=170, CAP=167, LF%=101.8%, Brd-Off=JED-HBE, Classes: P:170
2026-01-30 05:38:38 | INFO     | [lf.flight.extracted] SM452 on 24MAR: BKG=146, LF=83.4%
[LF] SM452 24MAR: BKG=146, GRP=130, CAP=175, LF%=83.4%, Brd-Off=JED-HBE, Classes: P:130, S:1, L:8, V:7
[LF] Getting WEEKLY/LASTSOLD data for 3 flights
[LF] SM958 24MAR: LASTSOLD=2025-12-28 00:00:00, WEEKLY=0, TODAY=0, YDAY=0
[LF] SM962 24MAR: LASTSOLD=2025-12-29 00:00:00, WEEKLY=0, TODAY=0, YDAY=0
[LF] SM452 24MAR: LASTSOLD=2026-01-18 00:00:00, WEEKLY=0, TODAY=0, YDAY=0
2026-01-30 05:38:53 | INFO     | [SUCCESS] Day 24MAR
2026-01-30 05:38:53 | INFO     | [DAY_START] Processing 23MAR
[LF] Processing JED-HBE for 23MAR
2026-01-30 05:38:53 | INFO     | [lf.day.start] Processing JED-HBE for 23MAR
[LF] Sending SN command: SN23MARJEDHBE/ASM
[LF] 23MAR: found 3 direct flights
2026-01-30 05:38:58 | INFO     | [lf.day.flights_found] Found 3 flights on 23MAR
2026-01-30 05:39:03 | INFO     | [lf.flight.extracted] SM952 on 23MAR: BKG=161, LF=96.4%
[LF] SM952 23MAR: BKG=161, GRP=161, CAP=167, LF%=96.4%, Brd-Off=JED-HBE, Classes: P:161
2026-01-30 05:39:13 | INFO     | [lf.flight.extracted] SM458 on 23MAR: BKG=175, LF=100.0%
[LF] SM458 23MAR: BKG=175, GRP=170, CAP=175, LF%=100.0%, Brd-Off=JED-HBE, Classes: P:170, L:4, M:1
2026-01-30 05:39:22 | INFO     | [lf.flight.extracted] SM452 on 23MAR: BKG=157, LF=89.7%
[LF] SM452 23MAR: BKG=157, GRP=135, CAP=175, LF%=89.7%, Brd-Off=JED-HBE, Classes: P:135, L:9, V:8, K:2, M:3
[LF] Getting WEEKLY/LASTSOLD data for 3 flights
[LF] SM952 23MAR: LASTSOLD=2026-01-10 00:00:00, WEEKLY=0, TODAY=0, YDAY=0
[LF] SM458 23MAR: LASTSOLD=2026-01-29 00:00:00, WEEKLY=1, TODAY=0, YDAY=1
[LF] SM452 23MAR: LASTSOLD=2026-01-20 00:00:00, WEEKLY=0, TODAY=0, YDAY=0
2026-01-30 05:40:00 | INFO     | [SUCCESS] Day 23MAR
2026-01-30 05:40:00 | INFO     | [DAY_START] Processing 22MAR
[LF] Processing JED-HBE for 22MAR
2026-01-30 05:40:00 | INFO     | [lf.day.start] Processing JED-HBE for 22MAR
[LF] Sending SN command: SN22MARJEDHBE/ASM
[LF] 22MAR: found 2 direct flights
2026-01-30 05:40:04 | INFO     | [lf.day.flights_found] Found 2 flights on 22MAR
2026-01-30 05:40:11 | INFO     | [lf.flight.extracted] SM458 on 22MAR: BKG=170, LF=97.1%
[LF] SM458 22MAR: BKG=170, GRP=170, CAP=175, LF%=97.1%, Brd-Off=JED-HBE, Classes: P:170
2026-01-30 05:40:22 | INFO     | [lf.flight.extracted] SM452 on 22MAR: BKG=177, LF=101.1%
[LF] SM452 22MAR: BKG=177, GRP=170, CAP=175, LF%=101.1%, Brd-Off=JED-HBE, Classes: P:170, K:7
[LF] Getting WEEKLY/LASTSOLD data for 2 flights
[LF] SM458 22MAR: LASTSOLD=2025-12-27 00:00:00, WEEKLY=0, TODAY=0, YDAY=0
[LF] SM452 22MAR: LASTSOLD=2026-01-02 00:00:00, WEEKLY=0, TODAY=0, YDAY=0
2026-01-30 05:40:37 | INFO     | [SUCCESS] Day 22MAR
2026-01-30 05:40:37 | INFO     | [DAY_START] Processing 21MAR
[LF] Processing JED-HBE for 21MAR
2026-01-30 05:40:37 | INFO     | [lf.day.start] Processing JED-HBE for 21MAR
[LF] Sending SN command: SN21MARJEDHBE/ASM
[LF] 21MAR: found 2 direct flights
2026-01-30 05:40:44 | INFO     | [lf.day.flights_found] Found 2 flights on 21MAR
2026-01-30 05:40:52 | INFO     | [lf.flight.extracted] SM458 on 21MAR: BKG=177, LF=106.0%
[LF] SM458 21MAR: BKG=177, GRP=165, CAP=167, LF%=106.0%, Brd-Off=JED-HBE, Classes: P:165, S:1, K:4, Q:2, Y:5
2026-01-30 05:40:59 | INFO     | [lf.flight.extracted] SM452 on 21MAR: BKG=162, LF=92.6%
[LF] SM452 21MAR: BKG=162, GRP=160, CAP=175, LF%=92.6%, Brd-Off=JED-HBE, Classes: P:160, S:2
[LF] Getting WEEKLY/LASTSOLD data for 2 flights
[LF] SM458 21MAR: LASTSOLD=2025-12-28 00:00:00, WEEKLY=0, TODAY=0, YDAY=0
[LF] SM452 21MAR: LASTSOLD=2026-01-27 00:00:00, WEEKLY=1, TODAY=0, YDAY=0
2026-01-30 05:41:07 | INFO     | [SUCCESS] Day 21MAR
[LF] Results summary:
  2026-03-30: 1 flights
  2026-03-29: 1 flights
  2026-03-28: 2 flights
  2026-03-27: 2 flights
  2026-03-26: 1 flights
  2026-03-25: 3 flights
  2026-03-24: 3 flights
  2026-03-23: 3 flights
  2026-03-22: 2 flights
  2026-03-21: 2 flights
2026-01-30 05:41:07 | INFO     | [SUCCESS] LF Search Complete

============================================================
[Worker_9223] ✓ COMPLETED: JED-HBE
  Results: 10 dates
  Errors: 0 dates
  Total Processed: 34 groups
============================================================

2026-01-30 05:41:07 | INFO     | [Worker_9223] Completed: JED-HBE - 10 results, 0 errors

============================================================
[Worker_9223] Processing: CAI-JED
  Tier 0: Range 2, Chunk 1/3
  Dates: 10 days
  Date Range: 2026-03-30 to 2026-03-21
============================================================

2026-01-30 05:41:07 | INFO     | [Worker_9223] Processing: CAI-JED
2026-01-30 05:41:07 | INFO     |   Tier 0: Range 2, Chunk 1/3 (10 days)
2026-01-30 05:41:07 | INFO     | ======================================================================
2026-01-30 05:41:07 | INFO     | Load Factor Scraper Started - Route: CAI-JED
2026-01-30 05:41:07 | INFO     | Log file: D:\CODERED\LAB\Artifacts\outputs\run_generated_300126_at_05.16\logs\LF_CAI-JED_20260130_054107.log
2026-01-30 05:41:07 | INFO     | Enhanced logging: Capturing both logging.info() and print()
2026-01-30 05:41:07 | INFO     | ======================================================================
[LF] Processing dates (override): ['30MAR', '29MAR', '28MAR', '27MAR', '26MAR', '25MAR', '24MAR', '23MAR', '22MAR', '21MAR']
[LF] Attaching to Chrome for Altea access
2026-01-30 05:41:07 | INFO     | Starting LF search for route: CAI-JED
2026-01-30 05:41:07 | INFO     | [START] LF Search
[LF][[OK] SUCCESS] Connected to Chrome on 127.0.0.1:9223 (after 1 attempts)
2026-01-30 05:41:08 | INFO     | [HEALTH CHECK] [OK] Chrome connection is healthy
[LF][[OK] SUCCESS] Found Amadeus Altea window: Altéa Reservation Desktop
[LF][[INFO] INFO] URL: https://tc212.resdesktop.altea.amadeus.com/app_ard/apf/init/login?SITE=ESMPESMP&LANGUAGE=GB&MARKETS=ARDW_PROD_WBP&ACTION=clpLogin
2026-01-30 05:41:09 | INFO     | [DAY_START] Processing 30MAR
[LF] Processing CAI-JED for 30MAR
2026-01-30 05:41:09 | INFO     | [lf.day.start] Processing CAI-JED for 30MAR
[LF] Sending SN command: SN30MARCAIJED/ASM
[LF] 30MAR: found 3 direct flights
2026-01-30 05:41:11 | INFO     | [lf.day.flights_found] Found 3 flights on 30MAR
2026-01-30 05:41:16 | INFO     | [lf.flight.extracted] SM477 on 30MAR: BKG=5, LF=2.8%
[LF] SM477 30MAR: BKG=5, GRP=0, CAP=179, LF%=2.8%, Brd-Off=CAI-JED, Classes: W:5
2026-01-30 05:41:24 | INFO     | [lf.flight.extracted] SM475 on 30MAR: BKG=5, LF=2.8%
[LF] SM475 30MAR: BKG=5, GRP=0, CAP=179, LF%=2.8%, Brd-Off=CAI-JED, Classes: W:5
2026-01-30 05:41:32 | INFO     | [lf.flight.extracted] SM479 on 30MAR: BKG=8, LF=4.5%
[LF] SM479 30MAR: BKG=8, GRP=0, CAP=179, LF%=4.5%, Brd-Off=CAI-JED, Classes: W:8
[LF] Getting WEEKLY/LASTSOLD data for 3 flights
[LF] SM477 30MAR: LASTSOLD=2026-01-26 00:00:00, WEEKLY=2, TODAY=0, YDAY=0
[LF] SM475 30MAR: LASTSOLD=2026-01-20 00:00:00, WEEKLY=0, TODAY=0, YDAY=0
[LF] SM479 30MAR: LASTSOLD=2026-01-11 00:00:00, WEEKLY=0, TODAY=0, YDAY=0
2026-01-30 05:41:44 | INFO     | [SUCCESS] Day 30MAR
2026-01-30 05:41:44 | INFO     | [DAY_START] Processing 29MAR
[LF] Processing CAI-JED for 29MAR
2026-01-30 05:41:44 | INFO     | [lf.day.start] Processing CAI-JED for 29MAR
[LF] Sending SN command: SN29MARCAIJED/ASM
[LF] 29MAR: found 3 direct flights
2026-01-30 05:41:47 | INFO     | [lf.day.flights_found] Found 3 flights on 29MAR
2026-01-30 05:41:51 | INFO     | [lf.flight.extracted] SM477 on 29MAR: BKG=57, LF=31.8%
[LF] SM477 29MAR: BKG=57, GRP=0, CAP=179, LF%=31.8%, Brd-Off=CAI-JED, Classes: W:13, S:14, G:15, L:12, V:3
2026-01-30 05:41:59 | INFO     | [lf.flight.extracted] SM475 on 29MAR: BKG=35, LF=19.6%
[LF] SM475 29MAR: BKG=35, GRP=0, CAP=179, LF%=19.6%, Brd-Off=CAI-JED, Classes: W:13, S:14, G:8
2026-01-30 05:42:05 | INFO     | [lf.flight.extracted] SM459 on 29MAR: BKG=23, LF=12.8%
[LF] SM459 29MAR: BKG=23, GRP=0, CAP=179, LF%=12.8%, Brd-Off=CAI-JED, Classes: W:13, S:10
[LF] Getting WEEKLY/LASTSOLD data for 3 flights
[LF] SM477 29MAR: LASTSOLD=2026-01-27 00:00:00, WEEKLY=2, TODAY=0, YDAY=0
[LF] SM475 29MAR: LASTSOLD=2026-01-28 00:00:00, WEEKLY=2, TODAY=0, YDAY=0
[LF] SM459 29MAR: LASTSOLD=2026-01-21 00:00:00, WEEKLY=0, TODAY=0, YDAY=0
2026-01-30 05:42:26 | INFO     | [SUCCESS] Day 29MAR
2026-01-30 05:42:26 | INFO     | [DAY_START] Processing 28MAR
[LF] Processing CAI-JED for 28MAR
2026-01-30 05:42:26 | INFO     | [lf.day.start] Processing CAI-JED for 28MAR
[LF] Sending SN command: SN28MARCAIJED/ASM
[LF] 28MAR: found 6 direct flights
2026-01-30 05:42:28 | INFO     | [lf.day.flights_found] Found 6 flights on 28MAR
2026-01-30 05:42:31 | INFO     | [lf.flight.extracted] SM449 on 28MAR: BKG=81, LF=45.2%
[LF] SM449 28MAR: BKG=81, GRP=0, CAP=179, LF%=45.2%, Brd-Off=CAI-JED, Classes: L:57, V:19, K:5
2026-01-30 05:42:38 | INFO     | [lf.flight.extracted] SM475 on 28MAR: BKG=76, LF=42.5%
[LF] SM475 28MAR: BKG=76, GRP=0, CAP=179, LF%=42.5%, Brd-Off=CAI-JED, Classes: L:54, V:18, K:4
2026-01-30 05:42:45 | INFO     | [lf.flight.extracted] SM2465 on 28MAR: BKG=0, LF=0.0%
[LF] SM2465 28MAR: BKG=0, GRP=0, CAP=179, LF%=0.0%, Brd-Off=CAI-JED
2026-01-30 05:42:51 | INFO     | [lf.flight.extracted] SM477 on 28MAR: BKG=94, LF=52.5%
[LF] SM477 28MAR: BKG=94, GRP=0, CAP=179, LF%=52.5%, Brd-Off=CAI-JED, Classes: L:54, V:18, K:18, Q:4
2026-01-30 05:42:58 | INFO     | [lf.flight.extracted] SM951 on 28MAR: BKG=159, LF=88.8%
[LF] SM951 28MAR: BKG=159, GRP=0, CAP=179, LF%=88.8%, Brd-Off=CAI-JED, Classes: I:18, O:18, U:18, X:18, T:18, W:18, S:18, G:18, L:15
2026-01-30 05:43:04 | INFO     | [lf.flight.extracted] SM423 on 28MAR: BKG=102, LF=57.0%
[LF] SM423 28MAR: BKG=102, GRP=0, CAP=179, LF%=57.0%, Brd-Off=CAI-JED, Classes: L:54, V:18, K:18, Q:12
[LF] Getting WEEKLY/LASTSOLD data for 5 flights
[LF] SM449 28MAR: LASTSOLD=2026-01-20 00:00:00, WEEKLY=0, TODAY=0, YDAY=0
[LF] SM475 28MAR: LASTSOLD=2026-01-14 00:00:00, WEEKLY=0, TODAY=0, YDAY=0
[LF] SM477 28MAR: LASTSOLD=2026-01-29 00:00:00, WEEKLY=1, TODAY=0, YDAY=1
[LF] SM951 28MAR: LASTSOLD=2026-01-29 00:00:00, WEEKLY=68, TODAY=0, YDAY=9
[LF] SM423 28MAR: LASTSOLD=2026-01-11 00:00:00, WEEKLY=0, TODAY=0, YDAY=0
2026-01-30 05:44:17 | INFO     | [SUCCESS] Day 28MAR
2026-01-30 05:44:17 | INFO     | [DAY_START] Processing 27MAR
[LF] Processing CAI-JED for 27MAR
2026-01-30 05:44:17 | INFO     | [lf.day.start] Processing CAI-JED for 27MAR
[LF] Sending SN command: SN27MARCAIJED/ASM
[LF] 27MAR: found 6 direct flights
2026-01-30 05:44:22 | INFO     | [lf.day.flights_found] Found 6 flights on 27MAR
2026-01-30 05:44:27 | INFO     | [lf.flight.extracted] SM975 on 27MAR: BKG=94, LF=52.5%
[LF] SM975 27MAR: BKG=94, GRP=0, CAP=179, LF%=52.5%, Brd-Off=CAI-JED, Classes: I:18, O:18, U:18, X:18, T:18, W:4
2026-01-30 05:44:34 | INFO     | [lf.flight.extracted] SM475 on 27MAR: BKG=7, LF=3.9%
[LF] SM475 27MAR: BKG=7, GRP=0, CAP=179, LF%=3.9%, Brd-Off=CAI-JED, Classes: S:1, L:6
2026-01-30 05:44:41 | INFO     | [lf.flight.extracted] SM477 on 27MAR: BKG=1, LF=0.6%
[LF] SM477 27MAR: BKG=1, GRP=0, CAP=179, LF%=0.6%, Brd-Off=CAI-JED, Classes: S:1
2026-01-30 05:44:47 | INFO     | [lf.flight.extracted] SM479 on 27MAR: BKG=14, LF=7.8%
[LF] SM479 27MAR: BKG=14, GRP=0, CAP=179, LF%=7.8%, Brd-Off=CAI-JED, Classes: S:3, G:4, L:7
2026-01-30 05:44:56 | INFO     | [lf.flight.extracted] SM459 on 27MAR: BKG=76, LF=42.5%
[LF] SM459 27MAR: BKG=76, GRP=0, CAP=179, LF%=42.5%, Brd-Off=CAI-JED, Classes: S:13, G:1, L:56, V:6
2026-01-30 05:45:04 | INFO     | [lf.flight.extracted] SM957 on 27MAR: BKG=119, LF=66.5%
[LF] SM957 27MAR: BKG=119, GRP=0, CAP=179, LF%=66.5%, Brd-Off=CAI-JED, Classes: I:18, O:18, U:18, X:18, T:18, W:18, S:11
[LF] Getting WEEKLY/LASTSOLD data for 6 flights
[LF] SM975 27MAR: LASTSOLD=2026-01-29 00:00:00, WEEKLY=48, TODAY=0, YDAY=1
[LF] SM475 27MAR: LASTSOLD=2026-01-20 00:00:00, WEEKLY=0, TODAY=0, YDAY=0
[LF] SM477 27MAR: LASTSOLD=2026-01-19 00:00:00, WEEKLY=0, TODAY=0, YDAY=0
[LF] SM479 27MAR: LASTSOLD=2026-01-29 00:00:00, WEEKLY=2, TODAY=0, YDAY=2
[LF] SM459 27MAR: LASTSOLD=2026-01-22 00:00:00, WEEKLY=0, TODAY=0, YDAY=0
[LF] SM957 27MAR: LASTSOLD=2026-01-29 00:00:00, WEEKLY=60, TODAY=0, YDAY=6
2026-01-30 05:45:47 | INFO     | [SUCCESS] Day 27MAR
2026-01-30 05:45:47 | INFO     | [DAY_START] Processing 26MAR
[LF] Processing CAI-JED for 26MAR
2026-01-30 05:45:47 | INFO     | [lf.day.start] Processing CAI-JED for 26MAR
[LF] Sending SN command: SN26MARCAIJED/ASM
[LF] 26MAR: found 5 direct flights
2026-01-30 05:45:49 | INFO     | [lf.day.flights_found] Found 5 flights on 26MAR
2026-01-30 05:45:54 | INFO     | [lf.flight.extracted] SM449 on 26MAR: BKG=1, LF=0.6%
[LF] SM449 26MAR: BKG=1, GRP=0, CAP=179, LF%=0.6%, Brd-Off=CAI-JED, Classes: L:1
2026-01-30 05:46:01 | INFO     | [lf.flight.extracted] SM475 on 26MAR: BKG=10, LF=5.6%
[LF] SM475 26MAR: BKG=10, GRP=0, CAP=179, LF%=5.6%, Brd-Off=CAI-JED, Classes: S:6, L:4
2026-01-30 05:46:08 | INFO     | [lf.flight.extracted] SM431 on 26MAR: BKG=0, LF=0.0%
[LF] SM431 26MAR: BKG=0, GRP=0, CAP=179, LF%=0.0%, Brd-Off=CAI-JED
2026-01-30 05:46:15 | INFO     | [lf.flight.extracted] SM477 on 26MAR: BKG=5, LF=2.8%
[LF] SM477 26MAR: BKG=5, GRP=0, CAP=179, LF%=2.8%, Brd-Off=CAI-JED, Classes: S:5
2026-01-30 05:46:24 | INFO     | [lf.flight.extracted] SM423 on 26MAR: BKG=14, LF=7.8%
[LF] SM423 26MAR: BKG=14, GRP=0, CAP=179, LF%=7.8%, Brd-Off=CAI-JED, Classes: S:5, L:9
[LF] Getting WEEKLY/LASTSOLD data for 4 flights
[LF] SM449 26MAR: LASTSOLD=2026-01-02 00:00:00, WEEKLY=0, TODAY=0, YDAY=0
[LF] SM475 26MAR: LASTSOLD=2026-01-29 00:00:00, WEEKLY=6, TODAY=0, YDAY=6
[LF] SM477 26MAR: LASTSOLD=2026-01-29 00:00:00, WEEKLY=3, TODAY=0, YDAY=3
[LF] SM423 26MAR: LASTSOLD=2026-01-19 00:00:00, WEEKLY=0, TODAY=0, YDAY=0
2026-01-30 05:46:38 | INFO     | [SUCCESS] Day 26MAR
2026-01-30 05:46:38 | INFO     | [DAY_START] Processing 25MAR
[LF] Processing CAI-JED for 25MAR
2026-01-30 05:46:38 | INFO     | [lf.day.start] Processing CAI-JED for 25MAR
[LF] Sending SN command: SN25MARCAIJED/ASM
[LF] 25MAR: found 8 direct flights
2026-01-30 05:46:40 | INFO     | [lf.day.flights_found] Found 8 flights on 25MAR
2026-01-30 05:46:44 | INFO     | [lf.flight.extracted] SM2477 on 25MAR: BKG=0, LF=0.0%
[LF] SM2477 25MAR: BKG=0, GRP=0, CAP=168, LF%=0.0%, Brd-Off=CAI-JED
2026-01-30 05:47:04 | INFO     | [lf.flight.extracted] SM423 on 25MAR: BKG=4, LF=2.2%
[LF] SM423 25MAR: BKG=4, GRP=0, CAP=179, LF%=2.2%, Brd-Off=CAI-JED, Classes: S:1, L:3
2026-01-30 05:47:11 | INFO     | [lf.flight.extracted] SM475 on 25MAR: BKG=0, LF=0.0%
[LF] SM475 25MAR: BKG=0, GRP=0, CAP=179, LF%=0.0%, Brd-Off=CAI-JED
2026-01-30 05:47:18 | INFO     | [lf.flight.extracted] SM459 on 25MAR: BKG=0, LF=0.0%
[LF] SM459 25MAR: BKG=0, GRP=0, CAP=179, LF%=0.0%, Brd-Off=CAI-JED
2026-01-30 05:47:28 | INFO     | [lf.flight.extracted] SM477 on 25MAR: BKG=3, LF=1.7%
[LF] SM477 25MAR: BKG=3, GRP=0, CAP=179, LF%=1.7%, Brd-Off=CAI-JED, Classes: S:3
2026-01-30 05:47:36 | INFO     | [lf.flight.extracted] SM2479 on 25MAR: BKG=0, LF=0.0%
[LF] SM2479 25MAR: BKG=0, GRP=0, CAP=179, LF%=0.0%, Brd-Off=CAI-JED
2026-01-30 05:47:43 | INFO     | [lf.flight.extracted] SM2461 on 25MAR: BKG=0, LF=0.0%
[LF] SM2461 25MAR: BKG=0, GRP=0, CAP=179, LF%=0.0%, Brd-Off=CAI-JED
2026-01-30 05:47:51 | INFO     | [lf.flight.extracted] SM471 on 25MAR: BKG=6, LF=3.4%
[LF] SM471 25MAR: BKG=6, GRP=0, CAP=179, LF%=3.4%, Brd-Off=CAI-JED, Classes: S:3, L:3
[LF] Getting WEEKLY/LASTSOLD data for 3 flights
[LF] SM423 25MAR: LASTSOLD=2026-01-19 00:00:00, WEEKLY=0, TODAY=0, YDAY=0
[LF] SM477 25MAR: LASTSOLD=2026-01-18 00:00:00, WEEKLY=0, TODAY=0, YDAY=0
[LF] SM471 25MAR: LASTSOLD=2026-01-29 00:00:00, WEEKLY=1, TODAY=0, YDAY=1
2026-01-30 05:48:02 | INFO     | [SUCCESS] Day 25MAR
2026-01-30 05:48:02 | INFO     | [DAY_START] Processing 24MAR
[LF] Processing CAI-JED for 24MAR
2026-01-30 05:48:02 | INFO     | [lf.day.start] Processing CAI-JED for 24MAR
[LF] Sending SN command: SN24MARCAIJED/ASM
[LF] 24MAR: found 7 direct flights
2026-01-30 05:48:05 | INFO     | [lf.day.flights_found] Found 7 flights on 24MAR
2026-01-30 05:48:10 | INFO     | [lf.flight.extracted] SM471 on 24MAR: BKG=0, LF=0.0%
[LF] SM471 24MAR: BKG=0, GRP=0, CAP=179, LF%=0.0%, Brd-Off=CAI-JED
2026-01-30 05:48:18 | INFO     | [lf.flight.extracted] SM975 on 24MAR: BKG=28, LF=15.6%
[LF] SM975 24MAR: BKG=28, GRP=0, CAP=179, LF%=15.6%, Brd-Off=CAI-JED, Classes: I:18, O:10
2026-01-30 05:48:25 | INFO     | [lf.flight.extracted] SM2481 on 24MAR: BKG=0, LF=0.0%
[LF] SM2481 24MAR: BKG=0, GRP=0, CAP=179, LF%=0.0%, Brd-Off=CAI-JED
2026-01-30 05:48:32 | INFO     | [lf.flight.extracted] SM479 on 24MAR: BKG=0, LF=0.0%
[LF] SM479 24MAR: BKG=0, GRP=0, CAP=179, LF%=0.0%, Brd-Off=CAI-JED
2026-01-30 05:48:41 | INFO     | [lf.flight.extracted] SM477 on 24MAR: BKG=0, LF=0.0%
[LF] SM477 24MAR: BKG=0, GRP=0, CAP=179, LF%=0.0%, Brd-Off=CAI-JED
2026-01-30 05:48:49 | INFO     | [lf.flight.extracted] SM459 on 24MAR: BKG=2, LF=1.1%
[LF] SM459 24MAR: BKG=2, GRP=0, CAP=179, LF%=1.1%, Brd-Off=CAI-JED, Classes: L:2
2026-01-30 05:48:57 | INFO     | [lf.flight.extracted] SM475 on 24MAR: BKG=4, LF=2.2%
[LF] SM475 24MAR: BKG=4, GRP=0, CAP=179, LF%=2.2%, Brd-Off=CAI-JED, Classes: S:2, L:2
[LF] Getting WEEKLY/LASTSOLD data for 3 flights
[LF] SM975 24MAR: LASTSOLD=2026-01-29 00:00:00, WEEKLY=23, TODAY=0, YDAY=4
[LF] SM459 24MAR: LASTSOLD=2025-12-04 00:00:00, WEEKLY=0, TODAY=0, YDAY=0
[LF] SM475 24MAR: LASTSOLD=2026-01-27 00:00:00, WEEKLY=2, TODAY=0, YDAY=0
2026-01-30 05:49:11 | INFO     | [SUCCESS] Day 24MAR
2026-01-30 05:49:11 | INFO     | [DAY_START] Processing 23MAR
[LF] Processing CAI-JED for 23MAR
2026-01-30 05:49:11 | INFO     | [lf.day.start] Processing CAI-JED for 23MAR
[LF] Sending SN command: SN23MARCAIJED/ASM
[LF] 23MAR: found 5 direct flights
2026-01-30 05:49:14 | INFO     | [lf.day.flights_found] Found 5 flights on 23MAR
2026-01-30 05:49:20 | INFO     | [lf.flight.extracted] SM977 on 23MAR: BKG=16, LF=8.9%
[LF] SM977 23MAR: BKG=16, GRP=0, CAP=179, LF%=8.9%, Brd-Off=CAI-JED, Classes: I:16
2026-01-30 05:49:27 | INFO     | [lf.flight.extracted] SM2457 on 23MAR: BKG=0, LF=0.0%
[LF] SM2457 23MAR: BKG=0, GRP=0, CAP=179, LF%=0.0%, Brd-Off=CAI-JED
2026-01-30 05:49:38 | INFO     | [lf.flight.extracted] SM475 on 23MAR: BKG=1, LF=0.6%
[LF] SM475 23MAR: BKG=1, GRP=0, CAP=179, LF%=0.6%, Brd-Off=CAI-JED, Classes: L:1
2026-01-30 05:49:46 | INFO     | [lf.flight.extracted] SM477 on 23MAR: BKG=0, LF=0.0%
[LF] SM477 23MAR: BKG=0, GRP=0, CAP=179, LF%=0.0%, Brd-Off=CAI-JED
2026-01-30 05:49:56 | INFO     | [lf.flight.extracted] SM957 on 23MAR: BKG=18, LF=10.1%
[LF] SM957 23MAR: BKG=18, GRP=0, CAP=179, LF%=10.1%, Brd-Off=CAI-JED, Classes: I:17, L:1
[LF] Getting WEEKLY/LASTSOLD data for 3 flights
[LF] SM977 23MAR: LASTSOLD=2026-01-28 00:00:00, WEEKLY=13, TODAY=0, YDAY=0
[LF] SM475 23MAR: LASTSOLD=2026-01-04 00:00:00, WEEKLY=0, TODAY=0, YDAY=0
[LF] SM957 23MAR: LASTSOLD=2026-01-29 00:00:00, WEEKLY=13, TODAY=0, YDAY=2
2026-01-30 05:50:10 | INFO     | [SUCCESS] Day 23MAR
2026-01-30 05:50:10 | INFO     | [DAY_START] Processing 22MAR
[LF] Processing CAI-JED for 22MAR
2026-01-30 05:50:10 | INFO     | [lf.day.start] Processing CAI-JED for 22MAR
[LF] Sending SN command: SN22MARCAIJED/ASM
[LF] 22MAR: found 7 direct flights
2026-01-30 05:50:12 | INFO     | [lf.day.flights_found] Found 7 flights on 22MAR
2026-01-30 05:50:16 | INFO     | [lf.flight.extracted] SM977 on 22MAR: BKG=1, LF=0.6%
[LF] SM977 22MAR: BKG=1, GRP=0, CAP=179, LF%=0.6%, Brd-Off=CAI-JED, Classes: I:1
2026-01-30 05:50:21 | INFO     | [lf.flight.extracted] SM475 on 22MAR: BKG=0, LF=0.0%
[LF] SM475 22MAR: BKG=0, GRP=0, CAP=179, LF%=0.0%, Brd-Off=CAI-JED
2026-01-30 05:50:25 | INFO     | [lf.flight.extracted] SM431 on 22MAR: BKG=0, LF=0.0%
[LF] SM431 22MAR: BKG=0, GRP=0, CAP=179, LF%=0.0%, Brd-Off=CAI-JED
2026-01-30 05:50:29 | INFO     | [lf.flight.extracted] SM2447 on 22MAR: BKG=0, LF=0.0%
[LF] SM2447 22MAR: BKG=0, GRP=0, CAP=179, LF%=0.0%, Brd-Off=CAI-JED
2026-01-30 05:50:35 | INFO     | [lf.flight.extracted] SM459 on 22MAR: BKG=0, LF=0.0%
[LF] SM459 22MAR: BKG=0, GRP=0, CAP=179, LF%=0.0%, Brd-Off=CAI-JED
2026-01-30 05:50:39 | INFO     | [lf.flight.extracted] SM975 on 22MAR: BKG=2, LF=1.1%
[LF] SM975 22MAR: BKG=2, GRP=0, CAP=179, LF%=1.1%, Brd-Off=CAI-JED, Classes: I:2
2026-01-30 05:50:44 | INFO     | [lf.flight.extracted] SM479 on 22MAR: BKG=1, LF=0.6%
[LF] SM479 22MAR: BKG=1, GRP=0, CAP=179, LF%=0.6%, Brd-Off=CAI-JED, Classes: L:1
[LF] Getting WEEKLY/LASTSOLD data for 3 flights
[LF] SM977 22MAR: LASTSOLD=2026-01-22 00:00:00, WEEKLY=0, TODAY=0, YDAY=0
[LF] SM975 22MAR: LASTSOLD=2026-01-23 00:00:00, WEEKLY=1, TODAY=0, YDAY=0
[LF] SM479 22MAR: LASTSOLD=2026-01-13 00:00:00, WEEKLY=0, TODAY=0, YDAY=0
2026-01-30 05:50:51 | INFO     | [SUCCESS] Day 22MAR
2026-01-30 05:50:51 | INFO     | [DAY_START] Processing 21MAR
[LF] Processing CAI-JED for 21MAR
2026-01-30 05:50:51 | INFO     | [lf.day.start] Processing CAI-JED for 21MAR
[LF] Sending SN command: SN21MARCAIJED/ASM
[LF] 21MAR: found 4 direct flights
2026-01-30 05:50:53 | INFO     | [lf.day.flights_found] Found 4 flights on 21MAR
2026-01-30 05:50:56 | INFO     | [lf.flight.extracted] SM449 on 21MAR: BKG=0, LF=0.0%
[LF] SM449 21MAR: BKG=0, GRP=0, CAP=179, LF%=0.0%, Brd-Off=CAI-JED
2026-01-30 05:51:00 | INFO     | [lf.flight.extracted] SM475 on 21MAR: BKG=0, LF=0.0%
[LF] SM475 21MAR: BKG=0, GRP=0, CAP=179, LF%=0.0%, Brd-Off=CAI-JED
2026-01-30 05:51:05 | INFO     | [lf.flight.extracted] SM477 on 21MAR: BKG=1, LF=0.6%
[LF] SM477 21MAR: BKG=1, GRP=0, CAP=179, LF%=0.6%, Brd-Off=CAI-JED, Classes: L:1
2026-01-30 05:51:10 | INFO     | [lf.flight.extracted] SM423 on 21MAR: BKG=1, LF=0.6%
[LF] SM423 21MAR: BKG=1, GRP=0, CAP=179, LF%=0.6%, Brd-Off=CAI-JED, Classes: S:1
[LF] Getting WEEKLY/LASTSOLD data for 2 flights
[LF] SM477 21MAR: LASTSOLD=2026-01-12 00:00:00, WEEKLY=0, TODAY=0, YDAY=0
[LF] SM423 21MAR: LASTSOLD=2026-01-19 00:00:00, WEEKLY=0, TODAY=0, YDAY=0
2026-01-30 05:51:19 | INFO     | [SUCCESS] Day 21MAR
[LF] Results summary:
  2026-03-30: 3 flights
  2026-03-29: 3 flights
  2026-03-28: 6 flights
  2026-03-27: 6 flights
  2026-03-26: 5 flights
  2026-03-25: 8 flights
  2026-03-24: 7 flights
  2026-03-23: 5 flights
  2026-03-22: 7 flights
  2026-03-21: 4 flights
2026-01-30 05:51:19 | INFO     | [SUCCESS] LF Search Complete

============================================================
[Worker_9223] ✓ COMPLETED: CAI-JED
  Results: 10 dates
  Errors: 0 dates
  Total Processed: 35 groups
============================================================

2026-01-30 05:51:21 | INFO     | [Worker_9223] Completed: CAI-JED - 10 results, 0 errors

============================================================
[Worker_9223] Processing: CAI-JED
  Tier 0: Range 2, Chunk 2/3
  Dates: 10 days
  Date Range: 2026-03-20 to 2026-03-11
============================================================

2026-01-30 05:51:21 | INFO     | [Worker_9223] Processing: CAI-JED
2026-01-30 05:51:21 | INFO     |   Tier 0: Range 2, Chunk 2/3 (10 days)
2026-01-30 05:51:21 | INFO     | ======================================================================
2026-01-30 05:51:21 | INFO     | Load Factor Scraper Started - Route: CAI-JED
2026-01-30 05:51:21 | INFO     | Log file: D:\CODERED\LAB\Artifacts\outputs\run_generated_300126_at_05.16\logs\LF_CAI-JED_20260130_055121.log
2026-01-30 05:51:21 | INFO     | Enhanced logging: Capturing both logging.info() and print()
2026-01-30 05:51:21 | INFO     | ======================================================================
[LF] Processing dates (override): ['20MAR', '19MAR', '18MAR', '17MAR', '16MAR', '15MAR', '14MAR', '13MAR', '12MAR', '11MAR']
[LF] Attaching to Chrome for Altea access
2026-01-30 05:51:21 | INFO     | Starting LF search for route: CAI-JED
2026-01-30 05:51:21 | INFO     | [START] LF Search
[LF][[OK] SUCCESS] Connected to Chrome on 127.0.0.1:9223 (after 1 attempts)
2026-01-30 05:51:22 | INFO     | [HEALTH CHECK] [OK] Chrome connection is healthy
[LF][[OK] SUCCESS] Found Amadeus Altea window: Altéa Reservation Desktop
[LF][[INFO] INFO] URL: https://tc212.resdesktop.altea.amadeus.com/app_ard/apf/init/login?SITE=ESMPESMP&LANGUAGE=GB&MARKETS=ARDW_PROD_WBP&ACTION=clpLogin
2026-01-30 05:51:22 | INFO     | [DAY_START] Processing 20MAR
[LF] Processing CAI-JED for 20MAR
2026-01-30 05:51:22 | INFO     | [lf.day.start] Processing CAI-JED for 20MAR
[LF] Sending SN command: SN20MARCAIJED/ASM
[LF] 20MAR: found 6 direct flights
2026-01-30 05:51:24 | INFO     | [lf.day.flights_found] Found 6 flights on 20MAR
2026-01-30 05:51:28 | INFO     | [lf.flight.extracted] SM475 on 20MAR: BKG=0, LF=0.0%
[LF] SM475 20MAR: BKG=0, GRP=0, CAP=179, LF%=0.0%, Brd-Off=CAI-JED
2026-01-30 05:51:32 | INFO     | [lf.flight.extracted] SM965 on 20MAR: BKG=1, LF=0.6%
[LF] SM965 20MAR: BKG=1, GRP=0, CAP=179, LF%=0.6%, Brd-Off=CAI-JED, Classes: I:1
2026-01-30 05:51:38 | INFO     | [lf.flight.extracted] SM477 on 20MAR: BKG=0, LF=0.0%
[LF] SM477 20MAR: BKG=0, GRP=0, CAP=179, LF%=0.0%, Brd-Off=CAI-JED
2026-01-30 05:51:45 | INFO     | [lf.flight.extracted] SM479 on 20MAR: BKG=0, LF=0.0%
[LF] SM479 20MAR: BKG=0, GRP=0, CAP=179, LF%=0.0%, Brd-Off=CAI-JED
2026-01-30 05:51:52 | INFO     | [lf.flight.extracted] SM459 on 20MAR: BKG=0, LF=0.0%
[LF] SM459 20MAR: BKG=0, GRP=0, CAP=179, LF%=0.0%, Brd-Off=CAI-JED
2026-01-30 05:51:57 | INFO     | [lf.flight.extracted] SM985 on 20MAR: BKG=0, LF=0.0%
[LF] SM985 20MAR: BKG=0, GRP=0, CAP=179, LF%=0.0%, Brd-Off=CAI-JED
[LF] Getting WEEKLY/LASTSOLD data for 1 flights
[LF] SM965 20MAR: LASTSOLD=2026-01-21 00:00:00, WEEKLY=0, TODAY=0, YDAY=0
2026-01-30 05:52:01 | INFO     | [SUCCESS] Day 20MAR
2026-01-30 05:52:01 | INFO     | [DAY_START] Processing 19MAR
[LF] Processing CAI-JED for 19MAR
2026-01-30 05:52:01 | INFO     | [lf.day.start] Processing CAI-JED for 19MAR
[LF] Sending SN command: SN19MARCAIJED/ASM
[LF] 19MAR: 1 cancelled flight(s) detected from SN (CAI-JED)
[LF] 19MAR: found 5 direct flights
2026-01-30 05:52:03 | INFO     | [lf.day.flights_found] Found 5 flights on 19MAR
2026-01-30 05:52:07 | INFO     | [lf.flight.extracted] SM449 on 19MAR: BKG=0, LF=0.0%
[LF] SM449 19MAR: BKG=0, GRP=0, CAP=179, LF%=0.0%, Brd-Off=CAI-JED
2026-01-30 05:52:11 | INFO     | [lf.flight.extracted] SM475 on 19MAR: BKG=0, LF=0.0%
[LF] SM475 19MAR: BKG=0, GRP=0, CAP=179, LF%=0.0%, Brd-Off=CAI-JED
2026-01-30 05:52:16 | INFO     | [lf.flight.extracted] SM431 on 19MAR: BKG=0, LF=0.0%
[LF] SM431 19MAR: BKG=0, GRP=0, CAP=179, LF%=0.0%, Brd-Off=CAI-JED
2026-01-30 05:52:20 | INFO     | [lf.flight.extracted] SM477 on 19MAR: BKG=0, LF=0.0%
[LF] SM477 19MAR: BKG=0, GRP=0, CAP=179, LF%=0.0%, Brd-Off=CAI-JED
2026-01-30 05:52:25 | INFO     | [lf.flight.extracted] SM423 on 19MAR: BKG=0, LF=0.0%
[LF] SM423 19MAR: BKG=0, GRP=0, CAP=179, LF%=0.0%, Brd-Off=CAI-JED
2026-01-30 05:52:27 | INFO     | [SUCCESS] Day 19MAR
2026-01-30 05:52:27 | INFO     | [DAY_START] Processing 18MAR
[LF] Processing CAI-JED for 18MAR
2026-01-30 05:52:27 | INFO     | [lf.day.start] Processing CAI-JED for 18MAR
[LF] Sending SN command: SN18MARCAIJED/ASM
[LF] 18MAR: found 6 direct flights
2026-01-30 05:52:29 | INFO     | [lf.day.flights_found] Found 6 flights on 18MAR
2026-01-30 05:52:31 | INFO     | [lf.flight.extracted] SM953 on 18MAR: BKG=0, LF=0.0%
[LF] SM953 18MAR: BKG=0, GRP=0, CAP=179, LF%=0.0%, Brd-Off=CAI-JED
2026-01-30 05:52:36 | INFO     | [lf.flight.extracted] SM423 on 18MAR: BKG=0, LF=0.0%
[LF] SM423 18MAR: BKG=0, GRP=0, CAP=179, LF%=0.0%, Brd-Off=CAI-JED
2026-01-30 05:52:40 | INFO     | [lf.flight.extracted] SM459 on 18MAR: BKG=0, LF=0.0%
[LF] SM459 18MAR: BKG=0, GRP=0, CAP=179, LF%=0.0%, Brd-Off=CAI-JED
2026-01-30 05:52:44 | INFO     | [lf.flight.extracted] SM477 on 18MAR: BKG=0, LF=0.0%
[LF] SM477 18MAR: BKG=0, GRP=0, CAP=179, LF%=0.0%, Brd-Off=CAI-JED
2026-01-30 05:52:49 | INFO     | [lf.flight.extracted] SM957 on 18MAR: BKG=0, LF=0.0%
[LF] SM957 18MAR: BKG=0, GRP=0, CAP=179, LF%=0.0%, Brd-Off=CAI-JED
2026-01-30 05:52:55 | INFO     | [lf.flight.extracted] SM471 on 18MAR: BKG=0, LF=0.0%
[LF] SM471 18MAR: BKG=0, GRP=0, CAP=179, LF%=0.0%, Brd-Off=CAI-JED
2026-01-30 05:52:56 | INFO     | [SUCCESS] Day 18MAR
2026-01-30 05:52:56 | INFO     | [DAY_START] Processing 17MAR
[LF] Processing CAI-JED for 17MAR
2026-01-30 05:52:56 | INFO     | [lf.day.start] Processing CAI-JED for 17MAR
[LF] Sending SN command: SN17MARCAIJED/ASM
[LF] 17MAR: found 6 direct flights
2026-01-30 05:52:58 | INFO     | [lf.day.flights_found] Found 6 flights on 17MAR
2026-01-30 05:53:02 | INFO     | [lf.flight.extracted] SM471 on 17MAR: BKG=0, LF=0.0%
[LF] SM471 17MAR: BKG=0, GRP=0, CAP=179, LF%=0.0%, Brd-Off=CAI-JED
2026-01-30 05:53:07 | INFO     | [lf.flight.extracted] SM479 on 17MAR: BKG=0, LF=0.0%
[LF] SM479 17MAR: BKG=0, GRP=0, CAP=179, LF%=0.0%, Brd-Off=CAI-JED
2026-01-30 05:53:12 | INFO     | [lf.flight.extracted] SM477 on 17MAR: BKG=0, LF=0.0%
[LF] SM477 17MAR: BKG=0, GRP=0, CAP=179, LF%=0.0%, Brd-Off=CAI-JED
2026-01-30 05:53:16 | INFO     | [lf.flight.extracted] SM459 on 17MAR: BKG=0, LF=0.0%
[LF] SM459 17MAR: BKG=0, GRP=0, CAP=179, LF%=0.0%, Brd-Off=CAI-JED
2026-01-30 05:53:21 | INFO     | [lf.flight.extracted] SM475 on 17MAR: BKG=0, LF=0.0%
[LF] SM475 17MAR: BKG=0, GRP=0, CAP=179, LF%=0.0%, Brd-Off=CAI-JED
2026-01-30 05:53:26 | INFO     | [lf.flight.extracted] SM973 on 17MAR: BKG=0, LF=0.0%
[LF] SM973 17MAR: BKG=0, GRP=0, CAP=179, LF%=0.0%, Brd-Off=CAI-JED
2026-01-30 05:53:28 | INFO     | [SUCCESS] Day 17MAR
2026-01-30 05:53:28 | INFO     | [DAY_START] Processing 16MAR
[LF] Processing CAI-JED for 16MAR
2026-01-30 05:53:28 | INFO     | [lf.day.start] Processing CAI-JED for 16MAR
[LF] Sending SN command: SN16MARCAIJED/ASM
[LF] 16MAR: found 2 direct flights
2026-01-30 05:53:29 | INFO     | [lf.day.flights_found] Found 2 flights on 16MAR
2026-01-30 05:53:32 | INFO     | [lf.flight.extracted] SM475 on 16MAR: BKG=0, LF=0.0%
[LF] SM475 16MAR: BKG=0, GRP=0, CAP=179, LF%=0.0%, Brd-Off=CAI-JED
2026-01-30 05:53:37 | INFO     | [lf.flight.extracted] SM477 on 16MAR: BKG=2, LF=1.1%
[LF] SM477 16MAR: BKG=2, GRP=0, CAP=179, LF%=1.1%, Brd-Off=CAI-JED, Classes: L:2
[LF] Getting WEEKLY/LASTSOLD data for 1 flights
[LF] SM477 16MAR: LASTSOLD=2026-01-17 00:00:00, WEEKLY=0, TODAY=0, YDAY=0
2026-01-30 05:53:42 | INFO     | [SUCCESS] Day 16MAR
2026-01-30 05:53:42 | INFO     | [DAY_START] Processing 15MAR
[LF] Processing CAI-JED for 15MAR
2026-01-30 05:53:42 | INFO     | [lf.day.start] Processing CAI-JED for 15MAR
[LF] Sending SN command: SN15MARCAIJED/ASM
[LF] 15MAR: found 4 direct flights
2026-01-30 05:53:44 | INFO     | [lf.day.flights_found] Found 4 flights on 15MAR
2026-01-30 05:53:47 | INFO     | [lf.flight.extracted] SM475 on 15MAR: BKG=0, LF=0.0%
[LF] SM475 15MAR: BKG=0, GRP=0, CAP=179, LF%=0.0%, Brd-Off=CAI-JED
2026-01-30 05:53:53 | INFO     | [lf.flight.extracted] SM431 on 15MAR: BKG=0, LF=0.0%
[LF] SM431 15MAR: BKG=0, GRP=0, CAP=179, LF%=0.0%, Brd-Off=CAI-JED
2026-01-30 05:53:58 | INFO     | [lf.flight.extracted] SM459 on 15MAR: BKG=0, LF=0.0%
[LF] SM459 15MAR: BKG=0, GRP=0, CAP=179, LF%=0.0%, Brd-Off=CAI-JED
2026-01-30 05:54:03 | INFO     | [lf.flight.extracted] SM479 on 15MAR: BKG=0, LF=0.0%
[LF] SM479 15MAR: BKG=0, GRP=0, CAP=179, LF%=0.0%, Brd-Off=CAI-JED
2026-01-30 05:54:05 | INFO     | [SUCCESS] Day 15MAR
2026-01-30 05:54:05 | INFO     | [DAY_START] Processing 14MAR
[LF] Processing CAI-JED for 14MAR
2026-01-30 05:54:05 | INFO     | [lf.day.start] Processing CAI-JED for 14MAR
[LF] Sending SN command: SN14MARCAIJED/ASM
[LF] 14MAR: found 3 direct flights
2026-01-30 05:54:06 | INFO     | [lf.day.flights_found] Found 3 flights on 14MAR
2026-01-30 05:54:10 | INFO     | [lf.flight.extracted] SM449 on 14MAR: BKG=0, LF=0.0%
[LF] SM449 14MAR: BKG=0, GRP=0, CAP=188, LF%=0.0%, Brd-Off=CAI-JED
2026-01-30 05:54:17 | INFO     | [lf.flight.extracted] SM475 on 14MAR: BKG=0, LF=0.0%
[LF] SM475 14MAR: BKG=0, GRP=0, CAP=179, LF%=0.0%, Brd-Off=CAI-JED
2026-01-30 05:54:21 | INFO     | [lf.flight.extracted] SM423 on 14MAR: BKG=0, LF=0.0%
[LF] SM423 14MAR: BKG=0, GRP=0, CAP=179, LF%=0.0%, Brd-Off=CAI-JED
2026-01-30 05:54:22 | INFO     | [SUCCESS] Day 14MAR
2026-01-30 05:54:22 | INFO     | [DAY_START] Processing 13MAR
[LF] Processing CAI-JED for 13MAR
2026-01-30 05:54:22 | INFO     | [lf.day.start] Processing CAI-JED for 13MAR
[LF] Sending SN command: SN13MARCAIJED/ASM
[LF] 13MAR: found 4 direct flights
2026-01-30 05:54:23 | INFO     | [lf.day.flights_found] Found 4 flights on 13MAR
2026-01-30 05:54:25 | INFO     | [lf.flight.extracted] SM475 on 13MAR: BKG=5, LF=2.8%
[LF] SM475 13MAR: BKG=5, GRP=0, CAP=179, LF%=2.8%, Brd-Off=CAI-JED, Classes: L:2, K:3
2026-01-30 05:54:28 | INFO     | [lf.flight.extracted] SM477 on 13MAR: BKG=0, LF=0.0%
[LF] SM477 13MAR: BKG=0, GRP=0, CAP=179, LF%=0.0%, Brd-Off=CAI-JED
2026-01-30 05:54:32 | INFO     | [lf.flight.extracted] SM479 on 13MAR: BKG=6, LF=3.4%
[LF] SM479 13MAR: BKG=6, GRP=0, CAP=179, LF%=3.4%, Brd-Off=CAI-JED, Classes: N:2, G:3, L:1
2026-01-30 05:54:35 | INFO     | [lf.flight.extracted] SM459 on 13MAR: BKG=2, LF=1.1%
[LF] SM459 13MAR: BKG=2, GRP=0, CAP=179, LF%=1.1%, Brd-Off=CAI-JED, Classes: L:2
[LF] Getting WEEKLY/LASTSOLD data for 3 flights
[LF] SM475 13MAR: LASTSOLD=2026-01-28 00:00:00, WEEKLY=1, TODAY=0, YDAY=0
[LF] SM479 13MAR: LASTSOLD=2026-01-10 00:00:00, WEEKLY=0, TODAY=0, YDAY=0
[LF] SM459 13MAR: LASTSOLD=2026-01-23 00:00:00, WEEKLY=1, TODAY=0, YDAY=0
2026-01-30 05:54:41 | INFO     | [SUCCESS] Day 13MAR
2026-01-30 05:54:41 | INFO     | [DAY_START] Processing 12MAR
[LF] Processing CAI-JED for 12MAR
2026-01-30 05:54:41 | INFO     | [lf.day.start] Processing CAI-JED for 12MAR
[LF] Sending SN command: SN12MARCAIJED/ASM
[LF] 12MAR: found 5 direct flights
2026-01-30 05:54:42 | INFO     | [lf.day.flights_found] Found 5 flights on 12MAR
2026-01-30 05:54:44 | INFO     | [lf.flight.extracted] SM449 on 12MAR: BKG=1, LF=0.6%
[LF] SM449 12MAR: BKG=1, GRP=0, CAP=179, LF%=0.6%, Brd-Off=CAI-JED, Classes: L:1
2026-01-30 05:54:48 | INFO     | [lf.flight.extracted] SM475 on 12MAR: BKG=0, LF=0.0%
[LF] SM475 12MAR: BKG=0, GRP=0, CAP=179, LF%=0.0%, Brd-Off=CAI-JED
2026-01-30 05:54:52 | INFO     | [lf.flight.extracted] SM431 on 12MAR: BKG=0, LF=0.0%
[LF] SM431 12MAR: BKG=0, GRP=0, CAP=179, LF%=0.0%, Brd-Off=CAI-JED
2026-01-30 05:54:55 | INFO     | [lf.flight.extracted] SM477 on 12MAR: BKG=1, LF=0.6%
[LF] SM477 12MAR: BKG=1, GRP=0, CAP=179, LF%=0.6%, Brd-Off=CAI-JED, Classes: X:1
2026-01-30 05:54:59 | INFO     | [lf.flight.extracted] SM423 on 12MAR: BKG=50, LF=27.9%
[LF] SM423 12MAR: BKG=50, GRP=50, CAP=179, LF%=27.9%, Brd-Off=CAI-JED, Classes: E:50
[LF] Getting WEEKLY/LASTSOLD data for 3 flights
[LF] SM449 12MAR: LASTSOLD=2026-01-10 00:00:00, WEEKLY=0, TODAY=0, YDAY=0
[LF] SM477 12MAR: LASTSOLD=2026-01-21 00:00:00, WEEKLY=0, TODAY=0, YDAY=0
[LF] SM423 12MAR: LASTSOLD=2025-06-26 00:00:00, WEEKLY=0, TODAY=0, YDAY=0
2026-01-30 05:55:04 | INFO     | [SUCCESS] Day 12MAR
2026-01-30 05:55:04 | INFO     | [DAY_START] Processing 11MAR
[LF] Processing CAI-JED for 11MAR
2026-01-30 05:55:04 | INFO     | [lf.day.start] Processing CAI-JED for 11MAR
[LF] Sending SN command: SN11MARCAIJED/ASM
[LF] 11MAR: found 5 direct flights
2026-01-30 05:55:06 | INFO     | [lf.day.flights_found] Found 5 flights on 11MAR
2026-01-30 05:55:08 | INFO     | [lf.flight.extracted] SM423 on 11MAR: BKG=2, LF=1.1%
[LF] SM423 11MAR: BKG=2, GRP=0, CAP=179, LF%=1.1%, Brd-Off=CAI-JED, Classes: T:1, L:1
2026-01-30 05:55:11 | INFO     | [lf.flight.extracted] SM475 on 11MAR: BKG=0, LF=0.0%
[LF] SM475 11MAR: BKG=0, GRP=0, CAP=179, LF%=0.0%, Brd-Off=CAI-JED
2026-01-30 05:55:14 | INFO     | [lf.flight.extracted] SM459 on 11MAR: BKG=0, LF=0.0%
[LF] SM459 11MAR: BKG=0, GRP=0, CAP=179, LF%=0.0%, Brd-Off=CAI-JED
2026-01-30 05:55:17 | INFO     | [lf.flight.extracted] SM477 on 11MAR: BKG=2, LF=1.1%
[LF] SM477 11MAR: BKG=2, GRP=0, CAP=179, LF%=1.1%, Brd-Off=CAI-JED, Classes: L:2
2026-01-30 05:55:20 | INFO     | [lf.flight.extracted] SM471 on 11MAR: BKG=0, LF=0.0%
[LF] SM471 11MAR: BKG=0, GRP=0, CAP=179, LF%=0.0%, Brd-Off=CAI-JED
[LF] Getting WEEKLY/LASTSOLD data for 2 flights
[LF] SM423 11MAR: LASTSOLD=2025-12-11 00:00:00, WEEKLY=0, TODAY=0, YDAY=0
[LF] SM477 11MAR: LASTSOLD=2025-10-08 00:00:00, WEEKLY=0, TODAY=0, YDAY=0
2026-01-30 05:55:24 | INFO     | [SUCCESS] Day 11MAR
[LF] Results summary:
  2026-03-20: 6 flights
  2026-03-19: 5 flights
  2026-03-18: 6 flights
  2026-03-17: 6 flights
  2026-03-16: 2 flights
  2026-03-15: 4 flights
  2026-03-14: 3 flights
  2026-03-13: 4 flights
  2026-03-12: 5 flights
  2026-03-11: 5 flights
[LF] Cancelled flights found: 1
  - SM2445 19MAR (SN)
2026-01-30 05:55:24 | INFO     | [SUCCESS] LF Search Complete
[Worker_9223] Cancelled flights collected: 1

============================================================
[Worker_9223] ✓ COMPLETED: CAI-JED
  Results: 10 dates
  Errors: 0 dates
  Total Processed: 36 groups
============================================================

2026-01-30 05:55:24 | INFO     | [Worker_9223] Completed: CAI-JED - 10 results, 0 errors

============================================================
[Worker_9223] Processing: TUU-ATZ
  Tier 0: Range 2, Chunk 3/3
  Dates: 10 days
  Date Range: 2026-03-10 to 2026-03-01
============================================================

2026-01-30 05:55:24 | INFO     | [Worker_9223] Processing: TUU-ATZ
2026-01-30 05:55:24 | INFO     |   Tier 0: Range 2, Chunk 3/3 (10 days)
2026-01-30 05:55:24 | INFO     | ======================================================================
2026-01-30 05:55:24 | INFO     | Load Factor Scraper Started - Route: TUU-ATZ
2026-01-30 05:55:24 | INFO     | Log file: D:\CODERED\LAB\Artifacts\outputs\run_generated_300126_at_05.16\logs\LF_TUU-ATZ_20260130_055524.log
2026-01-30 05:55:24 | INFO     | Enhanced logging: Capturing both logging.info() and print()
2026-01-30 05:55:24 | INFO     | ======================================================================
[LF] Processing dates (override): ['10MAR', '09MAR', '08MAR', '07MAR', '06MAR', '05MAR', '04MAR', '03MAR', '02MAR', '01MAR']
[LF] Attaching to Chrome for Altea access
2026-01-30 05:55:24 | INFO     | Starting LF search for route: TUU-ATZ
2026-01-30 05:55:24 | INFO     | [START] LF Search
[LF][[OK] SUCCESS] Connected to Chrome on 127.0.0.1:9223 (after 1 attempts)
2026-01-30 05:55:25 | INFO     | [HEALTH CHECK] [OK] Chrome connection is healthy
[LF][[OK] SUCCESS] Found Amadeus Altea window: Altéa Reservation Desktop
[LF][[INFO] INFO] URL: https://tc212.resdesktop.altea.amadeus.com/app_ard/apf/init/login?SITE=ESMPESMP&LANGUAGE=GB&MARKETS=ARDW_PROD_WBP&ACTION=clpLogin
2026-01-30 05:55:25 | INFO     | [DAY_START] Processing 10MAR
[LF] Processing TUU-ATZ for 10MAR
2026-01-30 05:55:25 | INFO     | [lf.day.start] Processing TUU-ATZ for 10MAR
[LF] Sending SN command: SN10MARTUUATZ/ASM
[LF] No direct flights on 10MAR for TUU-ATZ
2026-01-30 05:55:26 | WARNING  | [lf.day.no_flights] No direct flights on 10MAR
2026-01-30 05:55:26 | INFO     | [SUCCESS] Day 10MAR
2026-01-30 05:55:26 | INFO     | [DAY_START] Processing 09MAR
[LF] Processing TUU-ATZ for 09MAR
2026-01-30 05:55:26 | INFO     | [lf.day.start] Processing TUU-ATZ for 09MAR
[LF] Sending SN command: SN09MARTUUATZ/ASM
[LF] No direct flights on 09MAR for TUU-ATZ
2026-01-30 05:55:27 | WARNING  | [lf.day.no_flights] No direct flights on 09MAR
2026-01-30 05:55:27 | INFO     | [SUCCESS] Day 09MAR
2026-01-30 05:55:27 | INFO     | [DAY_START] Processing 08MAR
[LF] Processing TUU-ATZ for 08MAR
2026-01-30 05:55:27 | INFO     | [lf.day.start] Processing TUU-ATZ for 08MAR
[LF] Sending SN command: SN08MARTUUATZ/ASM
[LF] No direct flights on 08MAR for TUU-ATZ
2026-01-30 05:55:29 | WARNING  | [lf.day.no_flights] No direct flights on 08MAR
2026-01-30 05:55:29 | INFO     | [SUCCESS] Day 08MAR
2026-01-30 05:55:29 | INFO     | [DAY_START] Processing 07MAR
[LF] Processing TUU-ATZ for 07MAR
2026-01-30 05:55:29 | INFO     | [lf.day.start] Processing TUU-ATZ for 07MAR
[LF] Sending SN command: SN07MARTUUATZ/ASM
[LF] No direct flights on 07MAR for TUU-ATZ
2026-01-30 05:55:30 | WARNING  | [lf.day.no_flights] No direct flights on 07MAR
2026-01-30 05:55:30 | INFO     | [SUCCESS] Day 07MAR
2026-01-30 05:55:30 | INFO     | [DAY_START] Processing 06MAR
[LF] Processing TUU-ATZ for 06MAR
2026-01-30 05:55:30 | INFO     | [lf.day.start] Processing TUU-ATZ for 06MAR
[LF] Sending SN command: SN06MARTUUATZ/ASM
[LF] 06MAR: found 1 direct flights
2026-01-30 05:55:31 | INFO     | [lf.day.flights_found] Found 1 flights on 06MAR
2026-01-30 05:55:33 | INFO     | [lf.flight.extracted] SM328 on 06MAR: BKG=42, LF=24.0%
[LF] SM328 06MAR: BKG=42, GRP=0, CAP=175, LF%=24.0%, Brd-Off=TUU-ATZ, Classes: S:3, G:7, L:31, V:1
[LF] Getting WEEKLY/LASTSOLD data for 1 flights
[LF] SM328 06MAR: LASTSOLD=2026-01-29 00:00:00, WEEKLY=10, TODAY=0, YDAY=3
2026-01-30 05:55:36 | INFO     | [SUCCESS] Day 06MAR
2026-01-30 05:55:36 | INFO     | [DAY_START] Processing 05MAR
[LF] Processing TUU-ATZ for 05MAR
2026-01-30 05:55:36 | INFO     | [lf.day.start] Processing TUU-ATZ for 05MAR
[LF] Sending SN command: SN05MARTUUATZ/ASM
[LF] No direct flights on 05MAR for TUU-ATZ
2026-01-30 05:55:38 | WARNING  | [lf.day.no_flights] No direct flights on 05MAR
2026-01-30 05:55:38 | INFO     | [SUCCESS] Day 05MAR
2026-01-30 05:55:38 | INFO     | [DAY_START] Processing 04MAR
[LF] Processing TUU-ATZ for 04MAR
2026-01-30 05:55:38 | INFO     | [lf.day.start] Processing TUU-ATZ for 04MAR
[LF] Sending SN command: SN04MARTUUATZ/ASM
[LF] No direct flights on 04MAR for TUU-ATZ
2026-01-30 05:55:39 | WARNING  | [lf.day.no_flights] No direct flights on 04MAR
2026-01-30 05:55:39 | INFO     | [SUCCESS] Day 04MAR
2026-01-30 05:55:39 | INFO     | [DAY_START] Processing 03MAR
[LF] Processing TUU-ATZ for 03MAR
2026-01-30 05:55:39 | INFO     | [lf.day.start] Processing TUU-ATZ for 03MAR
[LF] Sending SN command: SN03MARTUUATZ/ASM
[LF] No direct flights on 03MAR for TUU-ATZ
2026-01-30 05:55:40 | WARNING  | [lf.day.no_flights] No direct flights on 03MAR
2026-01-30 05:55:40 | INFO     | [SUCCESS] Day 03MAR
2026-01-30 05:55:40 | INFO     | [DAY_START] Processing 02MAR
[LF] Processing TUU-ATZ for 02MAR
2026-01-30 05:55:40 | INFO     | [lf.day.start] Processing TUU-ATZ for 02MAR
[LF] Sending SN command: SN02MARTUUATZ/ASM
[LF] No direct flights on 02MAR for TUU-ATZ
2026-01-30 05:55:41 | WARNING  | [lf.day.no_flights] No direct flights on 02MAR
2026-01-30 05:55:41 | INFO     | [SUCCESS] Day 02MAR
2026-01-30 05:55:41 | INFO     | [DAY_START] Processing 01MAR
[LF] Processing TUU-ATZ for 01MAR
2026-01-30 05:55:41 | INFO     | [lf.day.start] Processing TUU-ATZ for 01MAR
[LF] Sending SN command: SN01MARTUUATZ/ASM
[LF] No direct flights on 01MAR for TUU-ATZ
2026-01-30 05:55:42 | WARNING  | [lf.day.no_flights] No direct flights on 01MAR
2026-01-30 05:55:42 | INFO     | [SUCCESS] Day 01MAR
[LF] Results summary:
  2026-03-10: 0 flights
  2026-03-09: 0 flights
  2026-03-08: 0 flights
  2026-03-07: 0 flights
  2026-03-06: 1 flights
  2026-03-05: 0 flights
  2026-03-04: 0 flights
  2026-03-03: 0 flights
  2026-03-02: 0 flights
  2026-03-01: 0 flights
2026-01-30 05:55:42 | INFO     | [SUCCESS] LF Search Complete

============================================================
[Worker_9223] ✓ COMPLETED: TUU-ATZ
  Results: 10 dates
  Errors: 0 dates
  Total Processed: 37 groups
============================================================

2026-01-30 05:55:42 | INFO     | [Worker_9223] Completed: TUU-ATZ - 10 results, 0 errors

============================================================
[Worker_9223] Processing: AJF-CAI
  Tier 0: Range 2, Chunk 3/3
  Dates: 10 days
  Date Range: 2026-03-10 to 2026-03-01
============================================================

2026-01-30 05:55:42 | INFO     | [Worker_9223] Processing: AJF-CAI
2026-01-30 05:55:42 | INFO     |   Tier 0: Range 2, Chunk 3/3 (10 days)
2026-01-30 05:55:42 | INFO     | ======================================================================
2026-01-30 05:55:42 | INFO     | Load Factor Scraper Started - Route: AJF-CAI
2026-01-30 05:55:42 | INFO     | Log file: D:\CODERED\LAB\Artifacts\outputs\run_generated_300126_at_05.16\logs\LF_AJF-CAI_20260130_055542.log
2026-01-30 05:55:42 | INFO     | Enhanced logging: Capturing both logging.info() and print()
2026-01-30 05:55:42 | INFO     | ======================================================================
[LF] Processing dates (override): ['10MAR', '09MAR', '08MAR', '07MAR', '06MAR', '05MAR', '04MAR', '03MAR', '02MAR', '01MAR']
[LF] Attaching to Chrome for Altea access
2026-01-30 05:55:42 | INFO     | Starting LF search for route: AJF-CAI
2026-01-30 05:55:42 | INFO     | [START] LF Search
[LF][[OK] SUCCESS] Connected to Chrome on 127.0.0.1:9223 (after 1 attempts)
2026-01-30 05:55:43 | INFO     | [HEALTH CHECK] [OK] Chrome connection is healthy
[LF][[OK] SUCCESS] Found Amadeus Altea window: Altéa Reservation Desktop
[LF][[INFO] INFO] URL: https://tc212.resdesktop.altea.amadeus.com/app_ard/apf/init/login?SITE=ESMPESMP&LANGUAGE=GB&MARKETS=ARDW_PROD_WBP&ACTION=clpLogin
2026-01-30 05:55:43 | INFO     | [DAY_START] Processing 10MAR
[LF] Processing AJF-CAI for 10MAR
2026-01-30 05:55:43 | INFO     | [lf.day.start] Processing AJF-CAI for 10MAR
[LF] Sending SN command: SN10MARAJFCAI/ASM
[LF] 10MAR: found 1 direct flights
2026-01-30 05:55:45 | INFO     | [lf.day.flights_found] Found 1 flights on 10MAR
2026-01-30 05:55:47 | INFO     | [lf.flight.extracted] SM322 on 10MAR: BKG=34, LF=19.4%
[LF] SM322 10MAR: BKG=34, GRP=0, CAP=175, LF%=19.4%, Brd-Off=AJF-CAI, Classes: S:3, G:16, L:9, V:5, K:1
[LF] Getting WEEKLY/LASTSOLD data for 1 flights
[LF] SM322 10MAR: LASTSOLD=2026-01-29 00:00:00, WEEKLY=3, TODAY=0, YDAY=1
2026-01-30 05:55:50 | INFO     | [SUCCESS] Day 10MAR
2026-01-30 05:55:50 | INFO     | [DAY_START] Processing 09MAR
[LF] Processing AJF-CAI for 09MAR
2026-01-30 05:55:50 | INFO     | [lf.day.start] Processing AJF-CAI for 09MAR
[LF] Sending SN command: SN09MARAJFCAI/ASM
[LF] No direct flights on 09MAR for AJF-CAI
2026-01-30 05:55:51 | WARNING  | [lf.day.no_flights] No direct flights on 09MAR
2026-01-30 05:55:51 | INFO     | [SUCCESS] Day 09MAR
2026-01-30 05:55:51 | INFO     | [DAY_START] Processing 08MAR
[LF] Processing AJF-CAI for 08MAR
2026-01-30 05:55:51 | INFO     | [lf.day.start] Processing AJF-CAI for 08MAR
[LF] Sending SN command: SN08MARAJFCAI/ASM
[LF] No direct flights on 08MAR for AJF-CAI
2026-01-30 05:55:53 | WARNING  | [lf.day.no_flights] No direct flights on 08MAR
2026-01-30 05:55:53 | INFO     | [SUCCESS] Day 08MAR
2026-01-30 05:55:53 | INFO     | [DAY_START] Processing 07MAR
[LF] Processing AJF-CAI for 07MAR
2026-01-30 05:55:53 | INFO     | [lf.day.start] Processing AJF-CAI for 07MAR
[LF] Sending SN command: SN07MARAJFCAI/ASM
[LF] 07MAR: found 1 direct flights
2026-01-30 05:55:54 | INFO     | [lf.day.flights_found] Found 1 flights on 07MAR
2026-01-30 05:55:56 | INFO     | [lf.flight.extracted] SM322 on 07MAR: BKG=33, LF=18.9%
[LF] SM322 07MAR: BKG=33, GRP=0, CAP=175, LF%=18.9%, Brd-Off=AJF-CAI, Classes: W:1, S:2, G:7, L:17, V:4, K:2
[LF] Getting WEEKLY/LASTSOLD data for 1 flights
[LF] SM322 07MAR: LASTSOLD=2026-01-28 00:00:00, WEEKLY=14, TODAY=0, YDAY=0
2026-01-30 05:56:00 | INFO     | [SUCCESS] Day 07MAR
2026-01-30 05:56:00 | INFO     | [DAY_START] Processing 06MAR
[LF] Processing AJF-CAI for 06MAR
2026-01-30 05:56:00 | INFO     | [lf.day.start] Processing AJF-CAI for 06MAR
[LF] Sending SN command: SN06MARAJFCAI/ASM
[LF] No direct flights on 06MAR for AJF-CAI
2026-01-30 05:56:01 | WARNING  | [lf.day.no_flights] No direct flights on 06MAR
2026-01-30 05:56:01 | INFO     | [SUCCESS] Day 06MAR
2026-01-30 05:56:01 | INFO     | [DAY_START] Processing 05MAR
[LF] Processing AJF-CAI for 05MAR
2026-01-30 05:56:01 | INFO     | [lf.day.start] Processing AJF-CAI for 05MAR
[LF] Sending SN command: SN05MARAJFCAI/ASM
[LF] 05MAR: found 1 direct flights
2026-01-30 05:56:02 | INFO     | [lf.day.flights_found] Found 1 flights on 05MAR
2026-01-30 05:56:04 | INFO     | [lf.flight.extracted] SM322 on 05MAR: BKG=48, LF=28.7%
[LF] SM322 05MAR: BKG=48, GRP=0, CAP=167, LF%=28.7%, Brd-Off=AJF-CAI, Classes: W:1, S:2, G:7, L:8, V:10, K:10, Q:10
[LF] Getting WEEKLY/LASTSOLD data for 1 flights
[LF] SM322 05MAR: LASTSOLD=2026-01-26 00:00:00, WEEKLY=9, TODAY=0, YDAY=0
2026-01-30 05:56:08 | INFO     | [SUCCESS] Day 05MAR
2026-01-30 05:56:08 | INFO     | [DAY_START] Processing 04MAR
[LF] Processing AJF-CAI for 04MAR
2026-01-30 05:56:08 | INFO     | [lf.day.start] Processing AJF-CAI for 04MAR
[LF] Sending SN command: SN04MARAJFCAI/ASM
[LF] No direct flights on 04MAR for AJF-CAI
2026-01-30 05:56:09 | WARNING  | [lf.day.no_flights] No direct flights on 04MAR
2026-01-30 05:56:09 | INFO     | [SUCCESS] Day 04MAR
2026-01-30 05:56:09 | INFO     | [DAY_START] Processing 03MAR
[LF] Processing AJF-CAI for 03MAR
2026-01-30 05:56:09 | INFO     | [lf.day.start] Processing AJF-CAI for 03MAR
[LF] Sending SN command: SN03MARAJFCAI/ASM
[LF] 03MAR: found 1 direct flights
2026-01-30 05:56:10 | INFO     | [lf.day.flights_found] Found 1 flights on 03MAR
2026-01-30 05:56:12 | INFO     | [lf.flight.extracted] SM322 on 03MAR: BKG=26, LF=14.9%
[LF] SM322 03MAR: BKG=26, GRP=0, CAP=175, LF%=14.9%, Brd-Off=AJF-CAI, Classes: X:5, G:5, L:14, V:1, K:1
[LF] Getting WEEKLY/LASTSOLD data for 1 flights
[LF] SM322 03MAR: LASTSOLD=2026-01-29 00:00:00, WEEKLY=2, TODAY=0, YDAY=2
2026-01-30 05:56:15 | INFO     | [SUCCESS] Day 03MAR
2026-01-30 05:56:15 | INFO     | [DAY_START] Processing 02MAR
[LF] Processing AJF-CAI for 02MAR
2026-01-30 05:56:15 | INFO     | [lf.day.start] Processing AJF-CAI for 02MAR
[LF] Sending SN command: SN02MARAJFCAI/ASM
[LF] No direct flights on 02MAR for AJF-CAI
2026-01-30 05:56:17 | WARNING  | [lf.day.no_flights] No direct flights on 02MAR
2026-01-30 05:56:17 | INFO     | [SUCCESS] Day 02MAR
2026-01-30 05:56:17 | INFO     | [DAY_START] Processing 01MAR
[LF] Processing AJF-CAI for 01MAR
2026-01-30 05:56:17 | INFO     | [lf.day.start] Processing AJF-CAI for 01MAR
[LF] Sending SN command: SN01MARAJFCAI/ASM
[LF] No direct flights on 01MAR for AJF-CAI
2026-01-30 05:56:18 | WARNING  | [lf.day.no_flights] No direct flights on 01MAR
2026-01-30 05:56:18 | INFO     | [SUCCESS] Day 01MAR
[LF] Results summary:
  2026-03-10: 1 flights
  2026-03-09: 0 flights
  2026-03-08: 0 flights
  2026-03-07: 1 flights
  2026-03-06: 0 flights
  2026-03-05: 1 flights
  2026-03-04: 0 flights
  2026-03-03: 1 flights
  2026-03-02: 0 flights
  2026-03-01: 0 flights
2026-01-30 05:56:18 | INFO     | [SUCCESS] LF Search Complete

============================================================
[Worker_9223] ✓ COMPLETED: AJF-CAI
  Results: 10 dates
  Errors: 0 dates
  Total Processed: 38 groups
============================================================

2026-01-30 05:56:18 | INFO     | [Worker_9223] Completed: AJF-CAI - 10 results, 0 errors

============================================================
[Worker_9223] Processing: ELQ-CAI
  Tier 0: Range 2, Chunk 3/3
  Dates: 10 days
  Date Range: 2026-03-10 to 2026-03-01
============================================================

2026-01-30 05:56:18 | INFO     | [Worker_9223] Processing: ELQ-CAI
2026-01-30 05:56:18 | INFO     |   Tier 0: Range 2, Chunk 3/3 (10 days)
2026-01-30 05:56:18 | INFO     | ======================================================================
2026-01-30 05:56:18 | INFO     | Load Factor Scraper Started - Route: ELQ-CAI
2026-01-30 05:56:18 | INFO     | Log file: D:\CODERED\LAB\Artifacts\outputs\run_generated_300126_at_05.16\logs\LF_ELQ-CAI_20260130_055618.log
2026-01-30 05:56:18 | INFO     | Enhanced logging: Capturing both logging.info() and print()
2026-01-30 05:56:18 | INFO     | ======================================================================
[LF] Processing dates (override): ['10MAR', '09MAR', '08MAR', '07MAR', '06MAR', '05MAR', '04MAR', '03MAR', '02MAR', '01MAR']
[LF] Attaching to Chrome for Altea access
2026-01-30 05:56:18 | INFO     | Starting LF search for route: ELQ-CAI
2026-01-30 05:56:18 | INFO     | [START] LF Search
[LF][[OK] SUCCESS] Connected to Chrome on 127.0.0.1:9223 (after 1 attempts)
2026-01-30 05:56:19 | INFO     | [HEALTH CHECK] [OK] Chrome connection is healthy
[LF][[OK] SUCCESS] Found Amadeus Altea window: Altéa Reservation Desktop
[LF][[INFO] INFO] URL: https://tc212.resdesktop.altea.amadeus.com/app_ard/apf/init/login?SITE=ESMPESMP&LANGUAGE=GB&MARKETS=ARDW_PROD_WBP&ACTION=clpLogin
2026-01-30 05:56:19 | INFO     | [DAY_START] Processing 10MAR
[LF] Processing ELQ-CAI for 10MAR
2026-01-30 05:56:19 | INFO     | [lf.day.start] Processing ELQ-CAI for 10MAR
[LF] Sending SN command: SN10MARELQCAI/ASM
[LF] No direct flights on 10MAR for ELQ-CAI
2026-01-30 05:56:20 | WARNING  | [lf.day.no_flights] No direct flights on 10MAR
2026-01-30 05:56:20 | INFO     | [SUCCESS] Day 10MAR
2026-01-30 05:56:20 | INFO     | [DAY_START] Processing 09MAR
[LF] Processing ELQ-CAI for 09MAR
2026-01-30 05:56:20 | INFO     | [lf.day.start] Processing ELQ-CAI for 09MAR
[LF] Sending SN command: SN09MARELQCAI/ASM
[LF] No direct flights on 09MAR for ELQ-CAI
2026-01-30 05:56:21 | WARNING  | [lf.day.no_flights] No direct flights on 09MAR
2026-01-30 05:56:21 | INFO     | [SUCCESS] Day 09MAR
2026-01-30 05:56:21 | INFO     | [DAY_START] Processing 08MAR
[LF] Processing ELQ-CAI for 08MAR
2026-01-30 05:56:21 | INFO     | [lf.day.start] Processing ELQ-CAI for 08MAR
[LF] Sending SN command: SN08MARELQCAI/ASM
[LF] 08MAR: found 1 direct flights
2026-01-30 05:56:22 | INFO     | [lf.day.flights_found] Found 1 flights on 08MAR
2026-01-30 05:56:25 | INFO     | [lf.flight.extracted] SM428 on 08MAR: BKG=59, LF=34.3%
[LF] SM428 08MAR: BKG=59, GRP=0, CAP=172, LF%=34.3%, Brd-Off=ELQ-CAI, Classes: W:7, S:11, G:18, L:18, V:5
[LF] Getting WEEKLY/LASTSOLD data for 1 flights
[LF] SM428 08MAR: LASTSOLD=2026-01-29 00:00:00, WEEKLY=7, TODAY=0, YDAY=3
2026-01-30 05:56:30 | INFO     | [SUCCESS] Day 08MAR
2026-01-30 05:56:30 | INFO     | [DAY_START] Processing 07MAR
[LF] Processing ELQ-CAI for 07MAR
2026-01-30 05:56:30 | INFO     | [lf.day.start] Processing ELQ-CAI for 07MAR
[LF] Sending SN command: SN07MARELQCAI/ASM
[LF] 07MAR: found 1 direct flights
2026-01-30 05:56:31 | INFO     | [lf.day.flights_found] Found 1 flights on 07MAR
2026-01-30 05:56:33 | INFO     | [lf.flight.extracted] SM428 on 07MAR: BKG=52, LF=29.7%
[LF] SM428 07MAR: BKG=52, GRP=0, CAP=175, LF%=29.7%, Brd-Off=ELQ-CAI, Classes: W:3, S:15, G:18, L:16
[LF] Getting WEEKLY/LASTSOLD data for 1 flights
[LF] SM428 07MAR: LASTSOLD=2026-01-29 00:00:00, WEEKLY=13, TODAY=0, YDAY=2
2026-01-30 05:56:38 | INFO     | [SUCCESS] Day 07MAR
2026-01-30 05:56:38 | INFO     | [DAY_START] Processing 06MAR
[LF] Processing ELQ-CAI for 06MAR
2026-01-30 05:56:38 | INFO     | [lf.day.start] Processing ELQ-CAI for 06MAR
[LF] Sending SN command: SN06MARELQCAI/ASM
[LF] No direct flights on 06MAR for ELQ-CAI
2026-01-30 05:56:39 | WARNING  | [lf.day.no_flights] No direct flights on 06MAR
2026-01-30 05:56:39 | INFO     | [SUCCESS] Day 06MAR
2026-01-30 05:56:39 | INFO     | [DAY_START] Processing 05MAR
[LF] Processing ELQ-CAI for 05MAR
2026-01-30 05:56:39 | INFO     | [lf.day.start] Processing ELQ-CAI for 05MAR
[LF] Sending SN command: SN05MARELQCAI/ASM
[LF] 05MAR: found 1 direct flights
2026-01-30 05:56:40 | INFO     | [lf.day.flights_found] Found 1 flights on 05MAR
2026-01-30 05:56:42 | INFO     | [lf.flight.extracted] SM428 on 05MAR: BKG=50, LF=29.1%
[LF] SM428 05MAR: BKG=50, GRP=0, CAP=172, LF%=29.1%, Brd-Off=ELQ-CAI, Classes: X:1, S:4, G:5, L:20, V:20
[LF] Getting WEEKLY/LASTSOLD data for 1 flights
[LF] SM428 05MAR: LASTSOLD=2026-01-27 00:00:00, WEEKLY=4, TODAY=0, YDAY=0
2026-01-30 05:56:46 | INFO     | [SUCCESS] Day 05MAR
2026-01-30 05:56:46 | INFO     | [DAY_START] Processing 04MAR
[LF] Processing ELQ-CAI for 04MAR
2026-01-30 05:56:46 | INFO     | [lf.day.start] Processing ELQ-CAI for 04MAR
[LF] Sending SN command: SN04MARELQCAI/ASM
[LF] No direct flights on 04MAR for ELQ-CAI
2026-01-30 05:56:47 | WARNING  | [lf.day.no_flights] No direct flights on 04MAR
2026-01-30 05:56:47 | INFO     | [SUCCESS] Day 04MAR
2026-01-30 05:56:47 | INFO     | [DAY_START] Processing 03MAR
[LF] Processing ELQ-CAI for 03MAR
2026-01-30 05:56:47 | INFO     | [lf.day.start] Processing ELQ-CAI for 03MAR
[LF] Sending SN command: SN03MARELQCAI/ASM
[LF] No direct flights on 03MAR for ELQ-CAI
2026-01-30 05:56:48 | WARNING  | [lf.day.no_flights] No direct flights on 03MAR
2026-01-30 05:56:48 | INFO     | [SUCCESS] Day 03MAR
2026-01-30 05:56:48 | INFO     | [DAY_START] Processing 02MAR
[LF] Processing ELQ-CAI for 02MAR
2026-01-30 05:56:48 | INFO     | [lf.day.start] Processing ELQ-CAI for 02MAR
[LF] Sending SN command: SN02MARELQCAI/ASM
[LF] No direct flights on 02MAR for ELQ-CAI
2026-01-30 05:56:49 | WARNING  | [lf.day.no_flights] No direct flights on 02MAR
2026-01-30 05:56:49 | INFO     | [SUCCESS] Day 02MAR
2026-01-30 05:56:49 | INFO     | [DAY_START] Processing 01MAR
[LF] Processing ELQ-CAI for 01MAR
2026-01-30 05:56:49 | INFO     | [lf.day.start] Processing ELQ-CAI for 01MAR
[LF] Sending SN command: SN01MARELQCAI/ASM
[LF] 01MAR: found 1 direct flights
2026-01-30 05:56:50 | INFO     | [lf.day.flights_found] Found 1 flights on 01MAR
2026-01-30 05:56:52 | INFO     | [lf.flight.extracted] SM428 on 01MAR: BKG=20, LF=11.4%
[LF] SM428 01MAR: BKG=20, GRP=0, CAP=175, LF%=11.4%, Brd-Off=ELQ-CAI, Classes: T:3, W:7, S:2, G:3, L:2, V:1, K:2
[LF] Getting WEEKLY/LASTSOLD data for 1 flights
[LF] SM428 01MAR: LASTSOLD=2026-01-28 00:00:00, WEEKLY=2, TODAY=0, YDAY=0
2026-01-30 05:56:56 | INFO     | [SUCCESS] Day 01MAR
[LF] Results summary:
  2026-03-10: 0 flights
  2026-03-09: 0 flights
  2026-03-08: 1 flights
  2026-03-07: 1 flights
  2026-03-06: 0 flights
  2026-03-05: 1 flights
  2026-03-04: 0 flights
  2026-03-03: 0 flights
  2026-03-02: 0 flights
  2026-03-01: 1 flights
2026-01-30 05:56:56 | INFO     | [SUCCESS] LF Search Complete

============================================================
[Worker_9223] ✓ COMPLETED: ELQ-CAI
  Results: 10 dates
  Errors: 0 dates
  Total Processed: 39 groups
============================================================

2026-01-30 05:56:56 | INFO     | [Worker_9223] Completed: ELQ-CAI - 10 results, 0 errors

============================================================
[Worker_9223] Processing: ATZ-JED
  Tier 0: Range 2, Chunk 3/3
  Dates: 10 days
  Date Range: 2026-03-10 to 2026-03-01
============================================================

2026-01-30 05:56:56 | INFO     | [Worker_9223] Processing: ATZ-JED
2026-01-30 05:56:56 | INFO     |   Tier 0: Range 2, Chunk 3/3 (10 days)
2026-01-30 05:56:56 | INFO     | ======================================================================
2026-01-30 05:56:56 | INFO     | Load Factor Scraper Started - Route: ATZ-JED
2026-01-30 05:56:56 | INFO     | Log file: D:\CODERED\LAB\Artifacts\outputs\run_generated_300126_at_05.16\logs\LF_ATZ-JED_20260130_055656.log
2026-01-30 05:56:56 | INFO     | Enhanced logging: Capturing both logging.info() and print()
2026-01-30 05:56:56 | INFO     | ======================================================================
[LF] Processing dates (override): ['10MAR', '09MAR', '08MAR', '07MAR', '06MAR', '05MAR', '04MAR', '03MAR', '02MAR', '01MAR']
[LF] Attaching to Chrome for Altea access
2026-01-30 05:56:56 | INFO     | Starting LF search for route: ATZ-JED
2026-01-30 05:56:56 | INFO     | [START] LF Search
[LF][[OK] SUCCESS] Connected to Chrome on 127.0.0.1:9223 (after 1 attempts)
2026-01-30 05:56:56 | INFO     | [HEALTH CHECK] [OK] Chrome connection is healthy
[LF][[OK] SUCCESS] Found Amadeus Altea window: Altéa Reservation Desktop
[LF][[INFO] INFO] URL: https://tc212.resdesktop.altea.amadeus.com/app_ard/apf/init/login?SITE=ESMPESMP&LANGUAGE=GB&MARKETS=ARDW_PROD_WBP&ACTION=clpLogin
2026-01-30 05:56:56 | INFO     | [DAY_START] Processing 10MAR
[LF] Processing ATZ-JED for 10MAR
2026-01-30 05:56:56 | INFO     | [lf.day.start] Processing ATZ-JED for 10MAR
[LF] Sending SN command: SN10MARATZJED/ASM
[LF] 10MAR: found 2 direct flights
2026-01-30 05:56:58 | INFO     | [lf.day.flights_found] Found 2 flights on 10MAR
2026-01-30 05:57:00 | INFO     | [lf.flight.extracted] SM453 on 10MAR: BKG=0, LF=0.0%
[LF] SM453 10MAR: BKG=0, GRP=0, CAP=179, LF%=0.0%, Brd-Off=ATZ-JED
2026-01-30 05:57:03 | INFO     | [lf.flight.extracted] SM455 on 10MAR: BKG=0, LF=0.0%
[LF] SM455 10MAR: BKG=0, GRP=0, CAP=179, LF%=0.0%, Brd-Off=ATZ-JED
2026-01-30 05:57:04 | INFO     | [SUCCESS] Day 10MAR
2026-01-30 05:57:04 | INFO     | [DAY_START] Processing 09MAR
[LF] Processing ATZ-JED for 09MAR
2026-01-30 05:57:04 | INFO     | [lf.day.start] Processing ATZ-JED for 09MAR
[LF] Sending SN command: SN09MARATZJED/ASM
[LF] 09MAR: found 4 direct flights
2026-01-30 05:57:06 | INFO     | [lf.day.flights_found] Found 4 flights on 09MAR
2026-01-30 05:57:07 | INFO     | [lf.flight.extracted] SM491 on 09MAR: BKG=2, LF=1.1%
[LF] SM491 09MAR: BKG=2, GRP=0, CAP=179, LF%=1.1%, Brd-Off=ATZ-JED, Classes: L:2
2026-01-30 05:57:11 | INFO     | [lf.flight.extracted] SM455 on 09MAR: BKG=0, LF=0.0%
[LF] SM455 09MAR: BKG=0, GRP=0, CAP=179, LF%=0.0%, Brd-Off=ATZ-JED
2026-01-30 05:57:14 | INFO     | [lf.flight.extracted] SM421 on 09MAR: BKG=8, LF=4.5%
[LF] SM421 09MAR: BKG=8, GRP=0, CAP=179, LF%=4.5%, Brd-Off=ATZ-JED, Classes: L:7, K:1
2026-01-30 05:57:17 | INFO     | [lf.flight.extracted] SM453 on 09MAR: BKG=0, LF=0.0%
[LF] SM453 09MAR: BKG=0, GRP=0, CAP=179, LF%=0.0%, Brd-Off=ATZ-JED
[LF] Getting WEEKLY/LASTSOLD data for 2 flights
[LF] SM491 09MAR: LASTSOLD=2025-11-19 00:00:00, WEEKLY=0, TODAY=0, YDAY=0
[LF] SM421 09MAR: LASTSOLD=2026-01-11 00:00:00, WEEKLY=0, TODAY=0, YDAY=0
2026-01-30 05:57:21 | INFO     | [SUCCESS] Day 09MAR
2026-01-30 05:57:21 | INFO     | [DAY_START] Processing 08MAR
[LF] Processing ATZ-JED for 08MAR
2026-01-30 05:57:21 | INFO     | [lf.day.start] Processing ATZ-JED for 08MAR
[LF] Sending SN command: SN08MARATZJED/ASM
[LF] 08MAR: found 2 direct flights
2026-01-30 05:57:22 | INFO     | [lf.day.flights_found] Found 2 flights on 08MAR
2026-01-30 05:57:24 | INFO     | [lf.flight.extracted] SM491 on 08MAR: BKG=3, LF=1.7%
[LF] SM491 08MAR: BKG=3, GRP=0, CAP=179, LF%=1.7%, Brd-Off=ATZ-JED, Classes: W:1, L:2
2026-01-30 05:57:27 | INFO     | [lf.flight.extracted] SM455 on 08MAR: BKG=2, LF=1.1%
[LF] SM455 08MAR: BKG=2, GRP=0, CAP=179, LF%=1.1%, Brd-Off=ATZ-JED, Classes: K:2
[LF] Getting WEEKLY/LASTSOLD data for 2 flights
[LF] SM491 08MAR: LASTSOLD=2026-01-08 00:00:00, WEEKLY=0, TODAY=0, YDAY=0
[LF] SM455 08MAR: LASTSOLD=2026-01-17 00:00:00, WEEKLY=0, TODAY=0, YDAY=0
2026-01-30 05:57:31 | INFO     | [SUCCESS] Day 08MAR
2026-01-30 05:57:31 | INFO     | [DAY_START] Processing 07MAR
[LF] Processing ATZ-JED for 07MAR
2026-01-30 05:57:31 | INFO     | [lf.day.start] Processing ATZ-JED for 07MAR
[LF] Sending SN command: SN07MARATZJED/ASM
[LF] 07MAR: found 3 direct flights
2026-01-30 05:57:32 | INFO     | [lf.day.flights_found] Found 3 flights on 07MAR
2026-01-30 05:57:34 | INFO     | [lf.flight.extracted] SM491 on 07MAR: BKG=1, LF=0.6%
[LF] SM491 07MAR: BKG=1, GRP=0, CAP=179, LF%=0.6%, Brd-Off=ATZ-JED, Classes: L:1
2026-01-30 05:57:38 | INFO     | [lf.flight.extracted] SM453 on 07MAR: BKG=0, LF=0.0%
[LF] SM453 07MAR: BKG=0, GRP=0, CAP=179, LF%=0.0%, Brd-Off=ATZ-JED
2026-01-30 05:57:42 | INFO     | [lf.flight.extracted] SM455 on 07MAR: BKG=9, LF=5.0%
[LF] SM455 07MAR: BKG=9, GRP=0, CAP=179, LF%=5.0%, Brd-Off=ATZ-JED, Classes: L:9
[LF] Getting WEEKLY/LASTSOLD data for 2 flights
[LF] SM491 07MAR: LASTSOLD=2026-01-13 00:00:00, WEEKLY=0, TODAY=0, YDAY=0
[LF] SM455 07MAR: LASTSOLD=2026-01-07 00:00:00, WEEKLY=0, TODAY=0, YDAY=0
2026-01-30 05:57:46 | INFO     | [SUCCESS] Day 07MAR
2026-01-30 05:57:46 | INFO     | [DAY_START] Processing 06MAR
[LF] Processing ATZ-JED for 06MAR
2026-01-30 05:57:46 | INFO     | [lf.day.start] Processing ATZ-JED for 06MAR
[LF] Sending SN command: SN06MARATZJED/ASM
[LF] 06MAR: found 1 direct flights
2026-01-30 05:57:47 | INFO     | [lf.day.flights_found] Found 1 flights on 06MAR
2026-01-30 05:57:49 | INFO     | [lf.flight.extracted] SM491 on 06MAR: BKG=1, LF=0.6%
[LF] SM491 06MAR: BKG=1, GRP=0, CAP=179, LF%=0.6%, Brd-Off=ATZ-JED, Classes: L:1
[LF] Getting WEEKLY/LASTSOLD data for 1 flights
[LF] SM491 06MAR: LASTSOLD=2025-11-26 00:00:00, WEEKLY=0, TODAY=0, YDAY=0
2026-01-30 05:57:52 | INFO     | [SUCCESS] Day 06MAR
2026-01-30 05:57:52 | INFO     | [DAY_START] Processing 05MAR
[LF] Processing ATZ-JED for 05MAR
2026-01-30 05:57:52 | INFO     | [lf.day.start] Processing ATZ-JED for 05MAR
[LF] Sending SN command: SN05MARATZJED/ASM
[LF] 05MAR: found 2 direct flights
2026-01-30 05:57:53 | INFO     | [lf.day.flights_found] Found 2 flights on 05MAR
2026-01-30 05:57:55 | INFO     | [lf.flight.extracted] SM453 on 05MAR: BKG=178, LF=99.4%
[LF] SM453 05MAR: BKG=178, GRP=175, CAP=179, LF%=99.4%, Brd-Off=ATZ-JED, Classes: P:175, L:3
2026-01-30 05:57:59 | INFO     | [lf.flight.extracted] SM455 on 05MAR: BKG=112, LF=62.6%
[LF] SM455 05MAR: BKG=112, GRP=110, CAP=179, LF%=62.6%, Brd-Off=ATZ-JED, Classes: P:90, E:20, L:2
[LF] Getting WEEKLY/LASTSOLD data for 2 flights
[LF] SM453 05MAR: LASTSOLD=2026-01-26 00:00:00, WEEKLY=1, TODAY=0, YDAY=0
[LF] SM455 05MAR: LASTSOLD=2026-01-22 00:00:00, WEEKLY=0, TODAY=0, YDAY=0
2026-01-30 05:58:02 | INFO     | [SUCCESS] Day 05MAR
2026-01-30 05:58:02 | INFO     | [DAY_START] Processing 04MAR
[LF] Processing ATZ-JED for 04MAR
2026-01-30 05:58:02 | INFO     | [lf.day.start] Processing ATZ-JED for 04MAR
[LF] Sending SN command: SN04MARATZJED/ASM
[LF] 04MAR: found 3 direct flights
2026-01-30 05:58:03 | INFO     | [lf.day.flights_found] Found 3 flights on 04MAR
2026-01-30 05:58:06 | INFO     | [lf.flight.extracted] SM453 on 04MAR: BKG=45, LF=25.1%
[LF] SM453 04MAR: BKG=45, GRP=45, CAP=179, LF%=25.1%, Brd-Off=ATZ-JED, Classes: P:45
2026-01-30 05:58:10 | INFO     | [lf.flight.extracted] SM491 on 04MAR: BKG=5, LF=2.8%
[LF] SM491 04MAR: BKG=5, GRP=0, CAP=179, LF%=2.8%, Brd-Off=ATZ-JED, Classes: L:1, K:4
2026-01-30 05:58:13 | INFO     | [lf.flight.extracted] SM421 on 04MAR: BKG=2, LF=1.1%
[LF] SM421 04MAR: BKG=2, GRP=0, CAP=179, LF%=1.1%, Brd-Off=ATZ-JED, Classes: L:1, K:1
[LF] Getting WEEKLY/LASTSOLD data for 3 flights
[LF] SM453 04MAR: LASTSOLD=2026-01-13 00:00:00, WEEKLY=0, TODAY=0, YDAY=0
[LF] SM491 04MAR: LASTSOLD=2026-01-24 00:00:00, WEEKLY=5, TODAY=0, YDAY=0
[LF] SM421 04MAR: LASTSOLD=2026-01-06 00:00:00, WEEKLY=0, TODAY=0, YDAY=0
2026-01-30 05:58:18 | INFO     | [SUCCESS] Day 04MAR
2026-01-30 05:58:18 | INFO     | [DAY_START] Processing 03MAR
[LF] Processing ATZ-JED for 03MAR
2026-01-30 05:58:18 | INFO     | [lf.day.start] Processing ATZ-JED for 03MAR
[LF] Sending SN command: SN03MARATZJED/ASM
[LF] 03MAR: found 2 direct flights
2026-01-30 05:58:19 | INFO     | [lf.day.flights_found] Found 2 flights on 03MAR
2026-01-30 05:58:21 | INFO     | [lf.flight.extracted] SM453 on 03MAR: BKG=0, LF=0.0%
[LF] SM453 03MAR: BKG=0, GRP=0, CAP=179, LF%=0.0%, Brd-Off=ATZ-JED
2026-01-30 05:58:24 | INFO     | [lf.flight.extracted] SM455 on 03MAR: BKG=2, LF=1.1%
[LF] SM455 03MAR: BKG=2, GRP=0, CAP=179, LF%=1.1%, Brd-Off=ATZ-JED, Classes: L:1, K:1
[LF] Getting WEEKLY/LASTSOLD data for 1 flights
[LF] SM455 03MAR: LASTSOLD=2026-01-13 00:00:00, WEEKLY=0, TODAY=0, YDAY=0
2026-01-30 05:58:26 | INFO     | [SUCCESS] Day 03MAR
2026-01-30 05:58:26 | INFO     | [DAY_START] Processing 02MAR
[LF] Processing ATZ-JED for 02MAR
2026-01-30 05:58:26 | INFO     | [lf.day.start] Processing ATZ-JED for 02MAR
[LF] Sending SN command: SN02MARATZJED/ASM
[LF] 02MAR: found 4 direct flights
2026-01-30 05:58:28 | INFO     | [lf.day.flights_found] Found 4 flights on 02MAR
2026-01-30 05:58:29 | INFO     | [lf.flight.extracted] SM491 on 02MAR: BKG=0, LF=0.0%
[LF] SM491 02MAR: BKG=0, GRP=0, CAP=179, LF%=0.0%, Brd-Off=ATZ-JED
2026-01-30 05:58:33 | INFO     | [lf.flight.extracted] SM455 on 02MAR: BKG=0, LF=0.0%
[LF] SM455 02MAR: BKG=0, GRP=0, CAP=179, LF%=0.0%, Brd-Off=ATZ-JED
2026-01-30 05:58:36 | INFO     | [lf.flight.extracted] SM421 on 02MAR: BKG=3, LF=1.7%
[LF] SM421 02MAR: BKG=3, GRP=0, CAP=179, LF%=1.7%, Brd-Off=ATZ-JED, Classes: K:3
2026-01-30 05:58:39 | INFO     | [lf.flight.extracted] SM453 on 02MAR: BKG=1, LF=0.6%
[LF] SM453 02MAR: BKG=1, GRP=0, CAP=179, LF%=0.6%, Brd-Off=ATZ-JED, Classes: L:1
[LF] Getting WEEKLY/LASTSOLD data for 2 flights
[LF] SM421 02MAR: LASTSOLD=2025-12-21 00:00:00, WEEKLY=0, TODAY=0, YDAY=0
[LF] SM453 02MAR: LASTSOLD=2025-12-15 00:00:00, WEEKLY=0, TODAY=0, YDAY=0
2026-01-30 05:58:45 | INFO     | [SUCCESS] Day 02MAR
2026-01-30 05:58:45 | INFO     | [DAY_START] Processing 01MAR
[LF] Processing ATZ-JED for 01MAR
2026-01-30 05:58:45 | INFO     | [lf.day.start] Processing ATZ-JED for 01MAR
[LF] Sending SN command: SN01MARATZJED/ASM
[LF] 01MAR: found 2 direct flights
2026-01-30 05:58:46 | INFO     | [lf.day.flights_found] Found 2 flights on 01MAR
2026-01-30 05:58:48 | INFO     | [lf.flight.extracted] SM491 on 01MAR: BKG=6, LF=3.4%
[LF] SM491 01MAR: BKG=6, GRP=0, CAP=179, LF%=3.4%, Brd-Off=ATZ-JED, Classes: L:2, K:4
2026-01-30 05:58:51 | INFO     | [lf.flight.extracted] SM455 on 01MAR: BKG=0, LF=0.0%
[LF] SM455 01MAR: BKG=0, GRP=0, CAP=179, LF%=0.0%, Brd-Off=ATZ-JED
[LF] Getting WEEKLY/LASTSOLD data for 1 flights
[LF] SM491 01MAR: LASTSOLD=2026-01-01 00:00:00, WEEKLY=0, TODAY=0, YDAY=0
2026-01-30 05:58:53 | INFO     | [SUCCESS] Day 01MAR
[LF] Results summary:
  2026-03-10: 2 flights
  2026-03-09: 4 flights
  2026-03-08: 2 flights
  2026-03-07: 3 flights
  2026-03-06: 1 flights
  2026-03-05: 2 flights
  2026-03-04: 3 flights
  2026-03-03: 2 flights
  2026-03-02: 4 flights
  2026-03-01: 2 flights
2026-01-30 05:58:53 | INFO     | [SUCCESS] LF Search Complete

============================================================
[Worker_9223] ✓ COMPLETED: ATZ-JED
  Results: 10 dates
  Errors: 0 dates
  Total Processed: 40 groups
============================================================

2026-01-30 05:58:53 | INFO     | [Worker_9223] Completed: ATZ-JED - 10 results, 0 errors

============================================================
[Worker_9223] Processing: MED-ATZ
  Tier 0: Range 1, Chunk 1/3
  Dates: 10 days
  Date Range: 2026-02-28 to 2026-02-19
============================================================

2026-01-30 05:58:53 | INFO     | [Worker_9223] Processing: MED-ATZ
2026-01-30 05:58:53 | INFO     |   Tier 0: Range 1, Chunk 1/3 (10 days)
2026-01-30 05:58:53 | INFO     | ======================================================================
2026-01-30 05:58:53 | INFO     | Load Factor Scraper Started - Route: MED-ATZ
2026-01-30 05:58:53 | INFO     | Log file: D:\CODERED\LAB\Artifacts\outputs\run_generated_300126_at_05.16\logs\LF_MED-ATZ_20260130_055853.log
2026-01-30 05:58:53 | INFO     | Enhanced logging: Capturing both logging.info() and print()
2026-01-30 05:58:53 | INFO     | ======================================================================
[LF] Processing dates (override): ['28FEB', '27FEB', '26FEB', '25FEB', '24FEB', '23FEB', '22FEB', '21FEB', '20FEB', '19FEB']
[LF] Attaching to Chrome for Altea access
2026-01-30 05:58:53 | INFO     | Starting LF search for route: MED-ATZ
2026-01-30 05:58:53 | INFO     | [START] LF Search
[LF][[OK] SUCCESS] Connected to Chrome on 127.0.0.1:9223 (after 1 attempts)
2026-01-30 05:58:54 | INFO     | [HEALTH CHECK] [OK] Chrome connection is healthy
[LF][[OK] SUCCESS] Found Amadeus Altea window: Altéa Reservation Desktop
[LF][[INFO] INFO] URL: https://tc212.resdesktop.altea.amadeus.com/app_ard/apf/init/login?SITE=ESMPESMP&LANGUAGE=GB&MARKETS=ARDW_PROD_WBP&ACTION=clpLogin
2026-01-30 05:58:54 | INFO     | [DAY_START] Processing 28FEB
[LF] Processing MED-ATZ for 28FEB
2026-01-30 05:58:54 | INFO     | [lf.day.start] Processing MED-ATZ for 28FEB
[LF] Sending SN command: SN28FEBMEDATZ/ASM
[LF] 28FEB: found 1 direct flights
2026-01-30 05:58:55 | INFO     | [lf.day.flights_found] Found 1 flights on 28FEB
2026-01-30 05:58:57 | INFO     | [lf.flight.extracted] SM488 on 28FEB: BKG=168, LF=96.0%
[LF] SM488 28FEB: BKG=168, GRP=135, CAP=175, LF%=96.0%, Brd-Off=MED-ATZ, Classes: P:135, I:9, O:7, X:13, K:4
[LF] Getting WEEKLY/LASTSOLD data for 1 flights
[LF] SM488 28FEB: LASTSOLD=2026-01-28 00:00:00, WEEKLY=2, TODAY=0, YDAY=0
2026-01-30 05:59:01 | INFO     | [SUCCESS] Day 28FEB
2026-01-30 05:59:01 | INFO     | [DAY_START] Processing 27FEB
[LF] Processing MED-ATZ for 27FEB
2026-01-30 05:59:01 | INFO     | [lf.day.start] Processing MED-ATZ for 27FEB
[LF] Sending SN command: SN27FEBMEDATZ/ASM
[LF] No direct flights on 27FEB for MED-ATZ
2026-01-30 05:59:02 | WARNING  | [lf.day.no_flights] No direct flights on 27FEB
2026-01-30 05:59:02 | INFO     | [SUCCESS] Day 27FEB
2026-01-30 05:59:02 | INFO     | [DAY_START] Processing 26FEB
[LF] Processing MED-ATZ for 26FEB
2026-01-30 05:59:02 | INFO     | [lf.day.start] Processing MED-ATZ for 26FEB
[LF] Sending SN command: SN26FEBMEDATZ/ASM
[LF] No direct flights on 26FEB for MED-ATZ
2026-01-30 05:59:03 | WARNING  | [lf.day.no_flights] No direct flights on 26FEB
2026-01-30 05:59:03 | INFO     | [SUCCESS] Day 26FEB
2026-01-30 05:59:03 | INFO     | [DAY_START] Processing 25FEB
[LF] Processing MED-ATZ for 25FEB
2026-01-30 05:59:03 | INFO     | [lf.day.start] Processing MED-ATZ for 25FEB
[LF] Sending SN command: SN25FEBMEDATZ/ASM
[LF] 25FEB: found 1 direct flights
2026-01-30 05:59:04 | INFO     | [lf.day.flights_found] Found 1 flights on 25FEB
2026-01-30 05:59:06 | INFO     | [lf.flight.extracted] SM490 on 25FEB: BKG=168, LF=96.0%
[LF] SM490 25FEB: BKG=168, GRP=135, CAP=175, LF%=96.0%, Brd-Off=MED-ATZ, Classes: P:135, I:9, O:8, U:9, X:5, K:2
[LF] Getting WEEKLY/LASTSOLD data for 1 flights
[LF] SM490 25FEB: LASTSOLD=2026-01-23 00:00:00, WEEKLY=1, TODAY=0, YDAY=0
2026-01-30 05:59:09 | INFO     | [SUCCESS] Day 25FEB
2026-01-30 05:59:09 | INFO     | [DAY_START] Processing 24FEB
[LF] Processing MED-ATZ for 24FEB
2026-01-30 05:59:09 | INFO     | [lf.day.start] Processing MED-ATZ for 24FEB
[LF] Sending SN command: SN24FEBMEDATZ/ASM
[LF] 24FEB: found 1 direct flights
2026-01-30 05:59:11 | INFO     | [lf.day.flights_found] Found 1 flights on 24FEB
2026-01-30 05:59:13 | INFO     | [lf.flight.extracted] SM488 on 24FEB: BKG=168, LF=96.0%
[LF] SM488 24FEB: BKG=168, GRP=135, CAP=175, LF%=96.0%, Brd-Off=MED-ATZ, Classes: P:135, I:9, O:8, U:9, X:4, W:1, K:2
[LF] Getting WEEKLY/LASTSOLD data for 1 flights
[LF] SM488 24FEB: LASTSOLD=2026-01-25 00:00:00, WEEKLY=5, TODAY=0, YDAY=0
2026-01-30 05:59:16 | INFO     | [SUCCESS] Day 24FEB
2026-01-30 05:59:16 | INFO     | [DAY_START] Processing 23FEB
[LF] Processing MED-ATZ for 23FEB
2026-01-30 05:59:16 | INFO     | [lf.day.start] Processing MED-ATZ for 23FEB
[LF] Sending SN command: SN23FEBMEDATZ/ASM
[LF] 23FEB: found 2 direct flights
2026-01-30 05:59:17 | INFO     | [lf.day.flights_found] Found 2 flights on 23FEB
2026-01-30 05:59:19 | INFO     | [lf.flight.extracted] SM964 on 23FEB: BKG=128, LF=76.6%
[LF] SM964 23FEB: BKG=128, GRP=125, CAP=167, LF%=76.6%, Brd-Off=MED-ATZ, Classes: P:125, I:3
2026-01-30 05:59:22 | INFO     | [lf.flight.extracted] SM488 on 23FEB: BKG=75, LF=42.9%
[LF] SM488 23FEB: BKG=75, GRP=45, CAP=175, LF%=42.9%, Brd-Off=MED-ATZ, Classes: P:45, I:15, O:8, U:6, S:1
[LF] Getting WEEKLY/LASTSOLD data for 2 flights
[LF] SM964 23FEB: LASTSOLD=2026-01-29 00:00:00, WEEKLY=85, TODAY=0, YDAY=84
[LF] SM488 23FEB: LASTSOLD=2026-01-29 00:00:00, WEEKLY=14, TODAY=0, YDAY=1
2026-01-30 05:59:30 | INFO     | [SUCCESS] Day 23FEB
2026-01-30 05:59:30 | INFO     | [DAY_START] Processing 22FEB
[LF] Processing MED-ATZ for 22FEB
2026-01-30 05:59:30 | INFO     | [lf.day.start] Processing MED-ATZ for 22FEB
[LF] Sending SN command: SN22FEBMEDATZ/ASM
[LF] 22FEB: 1 cancelled flight(s) detected from SN (MED-ATZ)
[LF] 22FEB: found 1 direct flights
2026-01-30 05:59:31 | INFO     | [lf.day.flights_found] Found 1 flights on 22FEB
2026-01-30 05:59:33 | INFO     | [lf.flight.extracted] SM982 on 22FEB: BKG=45, LF=25.7%
[LF] SM982 22FEB: BKG=45, GRP=45, CAP=175, LF%=25.7%, Brd-Off=MED-ATZ, Classes: P:45
[LF] Getting WEEKLY/LASTSOLD data for 1 flights
[LF] SM982 22FEB: LASTSOLD=2026-01-04 00:00:00, WEEKLY=0, TODAY=0, YDAY=0
2026-01-30 05:59:35 | INFO     | [SUCCESS] Day 22FEB
2026-01-30 05:59:35 | INFO     | [DAY_START] Processing 21FEB
[LF] Processing MED-ATZ for 21FEB
2026-01-30 05:59:35 | INFO     | [lf.day.start] Processing MED-ATZ for 21FEB
[LF] Sending SN command: SN21FEBMEDATZ/ASM
[LF] 21FEB: found 1 direct flights
2026-01-30 05:59:36 | INFO     | [lf.day.flights_found] Found 1 flights on 21FEB
2026-01-30 05:59:38 | INFO     | [lf.flight.extracted] SM488 on 21FEB: BKG=19, LF=10.9%
[LF] SM488 21FEB: BKG=19, GRP=0, CAP=175, LF%=10.9%, Brd-Off=MED-ATZ, Classes: I:12, X:1, L:4, K:2
[LF] Getting WEEKLY/LASTSOLD data for 1 flights
[LF] SM488 21FEB: LASTSOLD=2026-01-28 00:00:00, WEEKLY=8, TODAY=0, YDAY=0
2026-01-30 05:59:41 | INFO     | [SUCCESS] Day 21FEB
2026-01-30 05:59:41 | INFO     | [DAY_START] Processing 20FEB
[LF] Processing MED-ATZ for 20FEB
2026-01-30 05:59:41 | INFO     | [lf.day.start] Processing MED-ATZ for 20FEB
[LF] Sending SN command: SN20FEBMEDATZ/ASM
[LF] 20FEB: found 1 direct flights
2026-01-30 05:59:43 | INFO     | [lf.day.flights_found] Found 1 flights on 20FEB
2026-01-30 05:59:44 | INFO     | [lf.flight.extracted] SM964 on 20FEB: BKG=0, LF=0.0%
[LF] SM964 20FEB: BKG=0, GRP=0, CAP=167, LF%=0.0%, Brd-Off=MED-ATZ
2026-01-30 05:59:46 | INFO     | [SUCCESS] Day 20FEB
2026-01-30 05:59:46 | INFO     | [DAY_START] Processing 19FEB
[LF] Processing MED-ATZ for 19FEB
2026-01-30 05:59:46 | INFO     | [lf.day.start] Processing MED-ATZ for 19FEB
[LF] Sending SN command: SN19FEBMEDATZ/ASM
[LF] No direct flights on 19FEB for MED-ATZ
2026-01-30 05:59:47 | WARNING  | [lf.day.no_flights] No direct flights on 19FEB
2026-01-30 05:59:47 | INFO     | [SUCCESS] Day 19FEB
[LF] Results summary:
  2026-02-28: 1 flights
  2026-02-27: 0 flights
  2026-02-26: 0 flights
  2026-02-25: 1 flights
  2026-02-24: 1 flights
  2026-02-23: 2 flights
  2026-02-22: 1 flights
  2026-02-21: 1 flights
  2026-02-20: 1 flights
  2026-02-19: 0 flights
[LF] Cancelled flights found: 1
  - SM972 22FEB (SN)
2026-01-30 05:59:47 | INFO     | [SUCCESS] LF Search Complete
[Worker_9223] Cancelled flights collected: 1

============================================================
[Worker_9223] ✓ COMPLETED: MED-ATZ
  Results: 10 dates
  Errors: 0 dates
  Total Processed: 41 groups
============================================================

2026-01-30 05:59:57 | INFO     | [Worker_9223] Completed: MED-ATZ - 10 results, 0 errors

============================================================
[Worker_9223] Processing: TUU-ATZ
  Tier 0: Range 1, Chunk 1/3
  Dates: 10 days
  Date Range: 2026-02-28 to 2026-02-19
============================================================

2026-01-30 05:59:57 | INFO     | [Worker_9223] Processing: TUU-ATZ
2026-01-30 05:59:57 | INFO     |   Tier 0: Range 1, Chunk 1/3 (10 days)
2026-01-30 05:59:57 | INFO     | ======================================================================
2026-01-30 05:59:57 | INFO     | Load Factor Scraper Started - Route: TUU-ATZ
2026-01-30 05:59:57 | INFO     | Log file: D:\CODERED\LAB\Artifacts\outputs\run_generated_300126_at_05.16\logs\LF_TUU-ATZ_20260130_055957.log
2026-01-30 05:59:57 | INFO     | Enhanced logging: Capturing both logging.info() and print()
2026-01-30 05:59:57 | INFO     | ======================================================================
[LF] Processing dates (override): ['28FEB', '27FEB', '26FEB', '25FEB', '24FEB', '23FEB', '22FEB', '21FEB', '20FEB', '19FEB']
[LF] Attaching to Chrome for Altea access
2026-01-30 05:59:57 | INFO     | Starting LF search for route: TUU-ATZ
2026-01-30 05:59:57 | INFO     | [START] LF Search
[LF][[OK] SUCCESS] Connected to Chrome on 127.0.0.1:9223 (after 1 attempts)
2026-01-30 05:59:58 | INFO     | [HEALTH CHECK] [OK] Chrome connection is healthy
[LF][[OK] SUCCESS] Found Amadeus Altea window: Altéa Reservation Desktop
[LF][[INFO] INFO] URL: https://tc212.resdesktop.altea.amadeus.com/app_ard/apf/init/login?SITE=ESMPESMP&LANGUAGE=GB&MARKETS=ARDW_PROD_WBP&ACTION=clpLogin
2026-01-30 05:59:58 | INFO     | [DAY_START] Processing 28FEB
[LF] Processing TUU-ATZ for 28FEB
2026-01-30 05:59:58 | INFO     | [lf.day.start] Processing TUU-ATZ for 28FEB
[LF] Sending SN command: SN28FEBTUUATZ/ASM
[LF] No direct flights on 28FEB for TUU-ATZ
2026-01-30 05:59:59 | WARNING  | [lf.day.no_flights] No direct flights on 28FEB
2026-01-30 05:59:59 | INFO     | [SUCCESS] Day 28FEB
2026-01-30 05:59:59 | INFO     | [DAY_START] Processing 27FEB
[LF] Processing TUU-ATZ for 27FEB
2026-01-30 05:59:59 | INFO     | [lf.day.start] Processing TUU-ATZ for 27FEB
[LF] Sending SN command: SN27FEBTUUATZ/ASM
[LF] 27FEB: found 1 direct flights
2026-01-30 06:00:00 | INFO     | [lf.day.flights_found] Found 1 flights on 27FEB
2026-01-30 06:00:03 | INFO     | [lf.flight.extracted] SM328 on 27FEB: BKG=12, LF=6.9%
[LF] SM328 27FEB: BKG=12, GRP=0, CAP=175, LF%=6.9%, Brd-Off=TUU-ATZ, Classes: W:9, S:3
[LF] Getting WEEKLY/LASTSOLD data for 1 flights
[LF] SM328 27FEB: LASTSOLD=2026-01-28 00:00:00, WEEKLY=5, TODAY=0, YDAY=0
2026-01-30 06:00:06 | INFO     | [SUCCESS] Day 27FEB
2026-01-30 06:00:06 | INFO     | [DAY_START] Processing 26FEB
[LF] Processing TUU-ATZ for 26FEB
2026-01-30 06:00:06 | INFO     | [lf.day.start] Processing TUU-ATZ for 26FEB
[LF] Sending SN command: SN26FEBTUUATZ/ASM
[LF] No direct flights on 26FEB for TUU-ATZ
2026-01-30 06:00:07 | WARNING  | [lf.day.no_flights] No direct flights on 26FEB
2026-01-30 06:00:07 | INFO     | [SUCCESS] Day 26FEB
2026-01-30 06:00:07 | INFO     | [DAY_START] Processing 25FEB
[LF] Processing TUU-ATZ for 25FEB
2026-01-30 06:00:07 | INFO     | [lf.day.start] Processing TUU-ATZ for 25FEB
[LF] Sending SN command: SN25FEBTUUATZ/ASM
[LF] No direct flights on 25FEB for TUU-ATZ
2026-01-30 06:00:08 | WARNING  | [lf.day.no_flights] No direct flights on 25FEB
2026-01-30 06:00:08 | INFO     | [SUCCESS] Day 25FEB
2026-01-30 06:00:08 | INFO     | [DAY_START] Processing 24FEB
[LF] Processing TUU-ATZ for 24FEB
2026-01-30 06:00:08 | INFO     | [lf.day.start] Processing TUU-ATZ for 24FEB
[LF] Sending SN command: SN24FEBTUUATZ/ASM
[LF] No direct flights on 24FEB for TUU-ATZ
2026-01-30 06:00:09 | WARNING  | [lf.day.no_flights] No direct flights on 24FEB
2026-01-30 06:00:09 | INFO     | [SUCCESS] Day 24FEB
2026-01-30 06:00:09 | INFO     | [DAY_START] Processing 23FEB
[LF] Processing TUU-ATZ for 23FEB
2026-01-30 06:00:09 | INFO     | [lf.day.start] Processing TUU-ATZ for 23FEB
[LF] Sending SN command: SN23FEBTUUATZ/ASM
[LF] No direct flights on 23FEB for TUU-ATZ
2026-01-30 06:00:11 | WARNING  | [lf.day.no_flights] No direct flights on 23FEB
2026-01-30 06:00:11 | INFO     | [SUCCESS] Day 23FEB
2026-01-30 06:00:11 | INFO     | [DAY_START] Processing 22FEB
[LF] Processing TUU-ATZ for 22FEB
2026-01-30 06:00:11 | INFO     | [lf.day.start] Processing TUU-ATZ for 22FEB
[LF] Sending SN command: SN22FEBTUUATZ/ASM
[LF] No direct flights on 22FEB for TUU-ATZ
2026-01-30 06:00:12 | WARNING  | [lf.day.no_flights] No direct flights on 22FEB
2026-01-30 06:00:12 | INFO     | [SUCCESS] Day 22FEB
2026-01-30 06:00:12 | INFO     | [DAY_START] Processing 21FEB
[LF] Processing TUU-ATZ for 21FEB
2026-01-30 06:00:12 | INFO     | [lf.day.start] Processing TUU-ATZ for 21FEB
[LF] Sending SN command: SN21FEBTUUATZ/ASM
[LF] No direct flights on 21FEB for TUU-ATZ
2026-01-30 06:00:13 | WARNING  | [lf.day.no_flights] No direct flights on 21FEB
2026-01-30 06:00:13 | INFO     | [SUCCESS] Day 21FEB
2026-01-30 06:00:13 | INFO     | [DAY_START] Processing 20FEB
[LF] Processing TUU-ATZ for 20FEB
2026-01-30 06:00:13 | INFO     | [lf.day.start] Processing TUU-ATZ for 20FEB
[LF] Sending SN command: SN20FEBTUUATZ/ASM
[LF] 20FEB: found 1 direct flights
2026-01-30 06:00:14 | INFO     | [lf.day.flights_found] Found 1 flights on 20FEB
2026-01-30 06:00:16 | INFO     | [lf.flight.extracted] SM328 on 20FEB: BKG=18, LF=10.3%
[LF] SM328 20FEB: BKG=18, GRP=0, CAP=175, LF%=10.3%, Brd-Off=TUU-ATZ, Classes: I:5, O:5, U:5, X:2, G:1
[LF] Getting WEEKLY/LASTSOLD data for 1 flights
[LF] SM328 20FEB: LASTSOLD=2026-01-29 00:00:00, WEEKLY=10, TODAY=0, YDAY=3
2026-01-30 06:00:19 | INFO     | [SUCCESS] Day 20FEB
2026-01-30 06:00:19 | INFO     | [DAY_START] Processing 19FEB
[LF] Processing TUU-ATZ for 19FEB
2026-01-30 06:00:19 | INFO     | [lf.day.start] Processing TUU-ATZ for 19FEB
[LF] Sending SN command: SN19FEBTUUATZ/ASM
[LF] No direct flights on 19FEB for TUU-ATZ
2026-01-30 06:00:20 | WARNING  | [lf.day.no_flights] No direct flights on 19FEB
2026-01-30 06:00:20 | INFO     | [SUCCESS] Day 19FEB
[LF] Results summary:
  2026-02-28: 0 flights
  2026-02-27: 1 flights
  2026-02-26: 0 flights
  2026-02-25: 0 flights
  2026-02-24: 0 flights
  2026-02-23: 0 flights
  2026-02-22: 0 flights
  2026-02-21: 0 flights
  2026-02-20: 1 flights
  2026-02-19: 0 flights
2026-01-30 06:00:20 | INFO     | [SUCCESS] LF Search Complete

============================================================
[Worker_9223] ✓ COMPLETED: TUU-ATZ
  Results: 10 dates
  Errors: 0 dates
  Total Processed: 42 groups
============================================================

2026-01-30 06:00:20 | INFO     | [Worker_9223] Completed: TUU-ATZ - 10 results, 0 errors

============================================================
[Worker_9223] Processing: AJF-ATZ
  Tier 0: Range 1, Chunk 1/3
  Dates: 10 days
  Date Range: 2026-02-28 to 2026-02-19
============================================================

2026-01-30 06:00:20 | INFO     | [Worker_9223] Processing: AJF-ATZ
2026-01-30 06:00:20 | INFO     |   Tier 0: Range 1, Chunk 1/3 (10 days)
2026-01-30 06:00:20 | INFO     | ======================================================================
2026-01-30 06:00:20 | INFO     | Load Factor Scraper Started - Route: AJF-ATZ
2026-01-30 06:00:20 | INFO     | Log file: D:\CODERED\LAB\Artifacts\outputs\run_generated_300126_at_05.16\logs\LF_AJF-ATZ_20260130_060020.log
2026-01-30 06:00:20 | INFO     | Enhanced logging: Capturing both logging.info() and print()
2026-01-30 06:00:20 | INFO     | ======================================================================
[LF] Processing dates (override): ['28FEB', '27FEB', '26FEB', '25FEB', '24FEB', '23FEB', '22FEB', '21FEB', '20FEB', '19FEB']
[LF] Attaching to Chrome for Altea access
2026-01-30 06:00:20 | INFO     | Starting LF search for route: AJF-ATZ
2026-01-30 06:00:20 | INFO     | [START] LF Search
[LF][[OK] SUCCESS] Connected to Chrome on 127.0.0.1:9223 (after 1 attempts)
2026-01-30 06:00:21 | INFO     | [HEALTH CHECK] [OK] Chrome connection is healthy
[LF][[OK] SUCCESS] Found Amadeus Altea window: Altéa Reservation Desktop
[LF][[INFO] INFO] URL: https://tc212.resdesktop.altea.amadeus.com/app_ard/apf/init/login?SITE=ESMPESMP&LANGUAGE=GB&MARKETS=ARDW_PROD_WBP&ACTION=clpLogin
2026-01-30 06:00:21 | INFO     | [DAY_START] Processing 28FEB
[LF] Processing AJF-ATZ for 28FEB
2026-01-30 06:00:21 | INFO     | [lf.day.start] Processing AJF-ATZ for 28FEB
[LF] Sending SN command: SN28FEBAJFATZ/ASM
[LF] No direct flights on 28FEB for AJF-ATZ
2026-01-30 06:00:22 | WARNING  | [lf.day.no_flights] No direct flights on 28FEB
2026-01-30 06:00:22 | INFO     | [SUCCESS] Day 28FEB
2026-01-30 06:00:22 | INFO     | [DAY_START] Processing 27FEB
[LF] Processing AJF-ATZ for 27FEB
2026-01-30 06:00:22 | INFO     | [lf.day.start] Processing AJF-ATZ for 27FEB
[LF] Sending SN command: SN27FEBAJFATZ/ASM
[LF] 27FEB: found 1 direct flights
2026-01-30 06:00:23 | INFO     | [lf.day.flights_found] Found 1 flights on 27FEB
2026-01-30 06:00:25 | INFO     | [lf.flight.extracted] SM324 on 27FEB: BKG=29, LF=16.6%
[LF] SM324 27FEB: BKG=29, GRP=0, CAP=175, LF%=16.6%, Brd-Off=AJF-ATZ, Classes: I:11, O:11, U:1, X:4, S:2
[LF] Getting WEEKLY/LASTSOLD data for 1 flights
[LF] SM324 27FEB: LASTSOLD=2026-01-29 00:00:00, WEEKLY=10, TODAY=0, YDAY=2
2026-01-30 06:00:28 | INFO     | [SUCCESS] Day 27FEB
2026-01-30 06:00:28 | INFO     | [DAY_START] Processing 26FEB
[LF] Processing AJF-ATZ for 26FEB
2026-01-30 06:00:28 | INFO     | [lf.day.start] Processing AJF-ATZ for 26FEB
[LF] Sending SN command: SN26FEBAJFATZ/ASM
[LF] No direct flights on 26FEB for AJF-ATZ
2026-01-30 06:00:29 | WARNING  | [lf.day.no_flights] No direct flights on 26FEB
2026-01-30 06:00:29 | INFO     | [SUCCESS] Day 26FEB
2026-01-30 06:00:29 | INFO     | [DAY_START] Processing 25FEB
[LF] Processing AJF-ATZ for 25FEB
2026-01-30 06:00:29 | INFO     | [lf.day.start] Processing AJF-ATZ for 25FEB
[LF] Sending SN command: SN25FEBAJFATZ/ASM
[LF] No direct flights on 25FEB for AJF-ATZ
2026-01-30 06:00:30 | WARNING  | [lf.day.no_flights] No direct flights on 25FEB
2026-01-30 06:00:30 | INFO     | [SUCCESS] Day 25FEB
2026-01-30 06:00:30 | INFO     | [DAY_START] Processing 24FEB
[LF] Processing AJF-ATZ for 24FEB
2026-01-30 06:00:30 | INFO     | [lf.day.start] Processing AJF-ATZ for 24FEB
[LF] Sending SN command: SN24FEBAJFATZ/ASM
[LF] No direct flights on 24FEB for AJF-ATZ
2026-01-30 06:00:32 | WARNING  | [lf.day.no_flights] No direct flights on 24FEB
2026-01-30 06:00:32 | INFO     | [SUCCESS] Day 24FEB
2026-01-30 06:00:32 | INFO     | [DAY_START] Processing 23FEB
[LF] Processing AJF-ATZ for 23FEB
2026-01-30 06:00:32 | INFO     | [lf.day.start] Processing AJF-ATZ for 23FEB
[LF] Sending SN command: SN23FEBAJFATZ/ASM
[LF] No direct flights on 23FEB for AJF-ATZ
2026-01-30 06:00:33 | WARNING  | [lf.day.no_flights] No direct flights on 23FEB
2026-01-30 06:00:33 | INFO     | [SUCCESS] Day 23FEB
2026-01-30 06:00:33 | INFO     | [DAY_START] Processing 22FEB
[LF] Processing AJF-ATZ for 22FEB
2026-01-30 06:00:33 | INFO     | [lf.day.start] Processing AJF-ATZ for 22FEB
[LF] Sending SN command: SN22FEBAJFATZ/ASM
[LF] No direct flights on 22FEB for AJF-ATZ
2026-01-30 06:00:34 | WARNING  | [lf.day.no_flights] No direct flights on 22FEB
2026-01-30 06:00:34 | INFO     | [SUCCESS] Day 22FEB
2026-01-30 06:00:34 | INFO     | [DAY_START] Processing 21FEB
[LF] Processing AJF-ATZ for 21FEB
2026-01-30 06:00:34 | INFO     | [lf.day.start] Processing AJF-ATZ for 21FEB
[LF] Sending SN command: SN21FEBAJFATZ/ASM
[LF] No direct flights on 21FEB for AJF-ATZ
2026-01-30 06:00:35 | WARNING  | [lf.day.no_flights] No direct flights on 21FEB
2026-01-30 06:00:35 | INFO     | [SUCCESS] Day 21FEB
2026-01-30 06:00:35 | INFO     | [DAY_START] Processing 20FEB
[LF] Processing AJF-ATZ for 20FEB
2026-01-30 06:00:35 | INFO     | [lf.day.start] Processing AJF-ATZ for 20FEB
[LF] Sending SN command: SN20FEBAJFATZ/ASM
[LF] 20FEB: found 1 direct flights
2026-01-30 06:00:36 | INFO     | [lf.day.flights_found] Found 1 flights on 20FEB
2026-01-30 06:00:38 | INFO     | [lf.flight.extracted] SM324 on 20FEB: BKG=45, LF=27.0%
[LF] SM324 20FEB: BKG=45, GRP=0, CAP=167, LF%=27.0%, Brd-Off=AJF-ATZ, Classes: I:13, O:13, U:17, X:1, K:1
[LF] Getting WEEKLY/LASTSOLD data for 1 flights
[LF] SM324 20FEB: LASTSOLD=2026-01-28 00:00:00, WEEKLY=12, TODAY=0, YDAY=0
2026-01-30 06:00:42 | INFO     | [SUCCESS] Day 20FEB
2026-01-30 06:00:42 | INFO     | [DAY_START] Processing 19FEB
[LF] Processing AJF-ATZ for 19FEB
2026-01-30 06:00:42 | INFO     | [lf.day.start] Processing AJF-ATZ for 19FEB
[LF] Sending SN command: SN19FEBAJFATZ/ASM
[LF] No direct flights on 19FEB for AJF-ATZ
2026-01-30 06:00:43 | WARNING  | [lf.day.no_flights] No direct flights on 19FEB
2026-01-30 06:00:43 | INFO     | [SUCCESS] Day 19FEB
[LF] Results summary:
  2026-02-28: 0 flights
  2026-02-27: 1 flights
  2026-02-26: 0 flights
  2026-02-25: 0 flights
  2026-02-24: 0 flights
  2026-02-23: 0 flights
  2026-02-22: 0 flights
  2026-02-21: 0 flights
  2026-02-20: 1 flights
  2026-02-19: 0 flights
2026-01-30 06:00:43 | INFO     | [SUCCESS] LF Search Complete

============================================================
[Worker_9223] ✓ COMPLETED: AJF-ATZ
  Results: 10 dates
  Errors: 0 dates
  Total Processed: 43 groups
============================================================

2026-01-30 06:00:43 | INFO     | [Worker_9223] Completed: AJF-ATZ - 10 results, 0 errors

============================================================
[Worker_9223] Processing: ELQ-CAI
  Tier 0: Range 1, Chunk 1/3
  Dates: 10 days
  Date Range: 2026-02-28 to 2026-02-19
============================================================

2026-01-30 06:00:43 | INFO     | [Worker_9223] Processing: ELQ-CAI
2026-01-30 06:00:43 | INFO     |   Tier 0: Range 1, Chunk 1/3 (10 days)
2026-01-30 06:00:43 | INFO     | ======================================================================
2026-01-30 06:00:43 | INFO     | Load Factor Scraper Started - Route: ELQ-CAI
2026-01-30 06:00:43 | INFO     | Log file: D:\CODERED\LAB\Artifacts\outputs\run_generated_300126_at_05.16\logs\LF_ELQ-CAI_20260130_060043.log
2026-01-30 06:00:43 | INFO     | Enhanced logging: Capturing both logging.info() and print()
2026-01-30 06:00:43 | INFO     | ======================================================================
[LF] Processing dates (override): ['28FEB', '27FEB', '26FEB', '25FEB', '24FEB', '23FEB', '22FEB', '21FEB', '20FEB', '19FEB']
[LF] Attaching to Chrome for Altea access
2026-01-30 06:00:43 | INFO     | Starting LF search for route: ELQ-CAI
2026-01-30 06:00:43 | INFO     | [START] LF Search
[LF][[OK] SUCCESS] Connected to Chrome on 127.0.0.1:9223 (after 1 attempts)
2026-01-30 06:00:44 | INFO     | [HEALTH CHECK] [OK] Chrome connection is healthy
[LF][[OK] SUCCESS] Found Amadeus Altea window: Altéa Reservation Desktop
[LF][[INFO] INFO] URL: https://tc212.resdesktop.altea.amadeus.com/app_ard/apf/init/login?SITE=ESMPESMP&LANGUAGE=GB&MARKETS=ARDW_PROD_WBP&ACTION=clpLogin
2026-01-30 06:00:44 | INFO     | [DAY_START] Processing 28FEB
[LF] Processing ELQ-CAI for 28FEB
2026-01-30 06:00:44 | INFO     | [lf.day.start] Processing ELQ-CAI for 28FEB
[LF] Sending SN command: SN28FEBELQCAI/ASM
[LF] 28FEB: found 1 direct flights
2026-01-30 06:00:45 | INFO     | [lf.day.flights_found] Found 1 flights on 28FEB
2026-01-30 06:00:47 | INFO     | [lf.flight.extracted] SM428 on 28FEB: BKG=50, LF=47.6%
[LF] SM428 28FEB: BKG=50, GRP=0, CAP=105, LF%=47.6%, Brd-Off=ELQ-CAI, Classes: O:11, U:11, X:11, T:6, W:6, S:5
[LF] Getting WEEKLY/LASTSOLD data for 1 flights
[LF] SM428 28FEB: LASTSOLD=2026-01-28 00:00:00, WEEKLY=6, TODAY=0, YDAY=0
2026-01-30 06:00:51 | INFO     | [SUCCESS] Day 28FEB
2026-01-30 06:00:51 | INFO     | [DAY_START] Processing 27FEB
[LF] Processing ELQ-CAI for 27FEB
2026-01-30 06:00:51 | INFO     | [lf.day.start] Processing ELQ-CAI for 27FEB
[LF] Sending SN command: SN27FEBELQCAI/ASM
[LF] No direct flights on 27FEB for ELQ-CAI
2026-01-30 06:00:52 | WARNING  | [lf.day.no_flights] No direct flights on 27FEB
2026-01-30 06:00:52 | INFO     | [SUCCESS] Day 27FEB
2026-01-30 06:00:52 | INFO     | [DAY_START] Processing 26FEB
[LF] Processing ELQ-CAI for 26FEB
2026-01-30 06:00:52 | INFO     | [lf.day.start] Processing ELQ-CAI for 26FEB
[LF] Sending SN command: SN26FEBELQCAI/ASM
[LF] 26FEB: found 1 direct flights
2026-01-30 06:00:53 | INFO     | [lf.day.flights_found] Found 1 flights on 26FEB
2026-01-30 06:00:55 | INFO     | [lf.flight.extracted] SM428 on 26FEB: BKG=38, LF=36.2%
[LF] SM428 26FEB: BKG=38, GRP=0, CAP=105, LF%=36.2%, Brd-Off=ELQ-CAI, Classes: O:10, U:15, X:6, T:2, S:1, G:3, K:1
[LF] Getting WEEKLY/LASTSOLD data for 1 flights
[LF] SM428 26FEB: LASTSOLD=2026-01-29 00:00:00, WEEKLY=7, TODAY=0, YDAY=2
2026-01-30 06:00:58 | INFO     | [SUCCESS] Day 26FEB
2026-01-30 06:00:58 | INFO     | [DAY_START] Processing 25FEB
[LF] Processing ELQ-CAI for 25FEB
2026-01-30 06:00:58 | INFO     | [lf.day.start] Processing ELQ-CAI for 25FEB
[LF] Sending SN command: SN25FEBELQCAI/ASM
[LF] No direct flights on 25FEB for ELQ-CAI
2026-01-30 06:01:00 | WARNING  | [lf.day.no_flights] No direct flights on 25FEB
2026-01-30 06:01:00 | INFO     | [SUCCESS] Day 25FEB
2026-01-30 06:01:00 | INFO     | [DAY_START] Processing 24FEB
[LF] Processing ELQ-CAI for 24FEB
2026-01-30 06:01:00 | INFO     | [lf.day.start] Processing ELQ-CAI for 24FEB
[LF] Sending SN command: SN24FEBELQCAI/ASM
[LF] No direct flights on 24FEB for ELQ-CAI
2026-01-30 06:01:01 | WARNING  | [lf.day.no_flights] No direct flights on 24FEB
2026-01-30 06:01:01 | INFO     | [SUCCESS] Day 24FEB
2026-01-30 06:01:01 | INFO     | [DAY_START] Processing 23FEB
[LF] Processing ELQ-CAI for 23FEB
2026-01-30 06:01:01 | INFO     | [lf.day.start] Processing ELQ-CAI for 23FEB
[LF] Sending SN command: SN23FEBELQCAI/ASM
[LF] No direct flights on 23FEB for ELQ-CAI
2026-01-30 06:01:02 | WARNING  | [lf.day.no_flights] No direct flights on 23FEB
2026-01-30 06:01:02 | INFO     | [SUCCESS] Day 23FEB
2026-01-30 06:01:02 | INFO     | [DAY_START] Processing 22FEB
[LF] Processing ELQ-CAI for 22FEB
2026-01-30 06:01:02 | INFO     | [lf.day.start] Processing ELQ-CAI for 22FEB
[LF] Sending SN command: SN22FEBELQCAI/ASM
[LF] 22FEB: found 1 direct flights
2026-01-30 06:01:03 | INFO     | [lf.day.flights_found] Found 1 flights on 22FEB
2026-01-30 06:01:05 | INFO     | [lf.flight.extracted] SM428 on 22FEB: BKG=39, LF=22.3%
[LF] SM428 22FEB: BKG=39, GRP=0, CAP=175, LF%=22.3%, Brd-Off=ELQ-CAI, Classes: I:1, O:18, U:12, X:7, S:1
[LF] Getting WEEKLY/LASTSOLD data for 1 flights
[LF] SM428 22FEB: LASTSOLD=2026-01-29 00:00:00, WEEKLY=2, TODAY=0, YDAY=1
2026-01-30 06:01:08 | INFO     | [SUCCESS] Day 22FEB
2026-01-30 06:01:08 | INFO     | [DAY_START] Processing 21FEB
[LF] Processing ELQ-CAI for 21FEB
2026-01-30 06:01:08 | INFO     | [lf.day.start] Processing ELQ-CAI for 21FEB
[LF] Sending SN command: SN21FEBELQCAI/ASM
[LF] 21FEB: found 1 direct flights
2026-01-30 06:01:09 | INFO     | [lf.day.flights_found] Found 1 flights on 21FEB
2026-01-30 06:01:11 | INFO     | [lf.flight.extracted] SM428 on 21FEB: BKG=27, LF=25.7%
[LF] SM428 21FEB: BKG=27, GRP=0, CAP=105, LF%=25.7%, Brd-Off=ELQ-CAI, Classes: O:10, U:9, X:4, T:4
[LF] Getting WEEKLY/LASTSOLD data for 1 flights
[LF] SM428 21FEB: LASTSOLD=2026-01-19 00:00:00, WEEKLY=0, TODAY=0, YDAY=0
2026-01-30 06:01:15 | INFO     | [SUCCESS] Day 21FEB
2026-01-30 06:01:15 | INFO     | [DAY_START] Processing 20FEB
[LF] Processing ELQ-CAI for 20FEB
2026-01-30 06:01:15 | INFO     | [lf.day.start] Processing ELQ-CAI for 20FEB
[LF] Sending SN command: SN20FEBELQCAI/ASM
[LF] No direct flights on 20FEB for ELQ-CAI
2026-01-30 06:01:16 | WARNING  | [lf.day.no_flights] No direct flights on 20FEB
2026-01-30 06:01:16 | INFO     | [SUCCESS] Day 20FEB
2026-01-30 06:01:16 | INFO     | [DAY_START] Processing 19FEB
[LF] Processing ELQ-CAI for 19FEB
2026-01-30 06:01:16 | INFO     | [lf.day.start] Processing ELQ-CAI for 19FEB
[LF] Sending SN command: SN19FEBELQCAI/ASM
[LF] 19FEB: found 1 direct flights
2026-01-30 06:01:18 | INFO     | [lf.day.flights_found] Found 1 flights on 19FEB
2026-01-30 06:01:20 | INFO     | [lf.flight.extracted] SM428 on 19FEB: BKG=21, LF=20.0%
[LF] SM428 19FEB: BKG=21, GRP=0, CAP=105, LF%=20.0%, Brd-Off=ELQ-CAI, Classes: O:17, U:3, X:1
[LF] Getting WEEKLY/LASTSOLD data for 1 flights
[LF] SM428 19FEB: LASTSOLD=2026-01-29 00:00:00, WEEKLY=5, TODAY=0, YDAY=4
2026-01-30 06:01:23 | INFO     | [SUCCESS] Day 19FEB
[LF] Results summary:
  2026-02-28: 1 flights
  2026-02-27: 0 flights
  2026-02-26: 1 flights
  2026-02-25: 0 flights
  2026-02-24: 0 flights
  2026-02-23: 0 flights
  2026-02-22: 1 flights
  2026-02-21: 1 flights
  2026-02-20: 0 flights
  2026-02-19: 1 flights
2026-01-30 06:01:23 | INFO     | [SUCCESS] LF Search Complete

============================================================
[Worker_9223] ✓ COMPLETED: ELQ-CAI
  Results: 10 dates
  Errors: 0 dates
  Total Processed: 44 groups
============================================================

2026-01-30 06:01:23 | INFO     | [Worker_9223] Completed: ELQ-CAI - 10 results, 0 errors

============================================================
[Worker_9223] Processing: ATZ-JED
  Tier 0: Range 1, Chunk 1/3
  Dates: 10 days
  Date Range: 2026-02-28 to 2026-02-19
============================================================

2026-01-30 06:01:23 | INFO     | [Worker_9223] Processing: ATZ-JED
2026-01-30 06:01:23 | INFO     |   Tier 0: Range 1, Chunk 1/3 (10 days)
2026-01-30 06:01:23 | INFO     | ======================================================================
2026-01-30 06:01:23 | INFO     | Load Factor Scraper Started - Route: ATZ-JED
2026-01-30 06:01:23 | INFO     | Log file: D:\CODERED\LAB\Artifacts\outputs\run_generated_300126_at_05.16\logs\LF_ATZ-JED_20260130_060123.log
2026-01-30 06:01:23 | INFO     | Enhanced logging: Capturing both logging.info() and print()
2026-01-30 06:01:23 | INFO     | ======================================================================
[LF] Processing dates (override): ['28FEB', '27FEB', '26FEB', '25FEB', '24FEB', '23FEB', '22FEB', '21FEB', '20FEB', '19FEB']
[LF] Attaching to Chrome for Altea access
2026-01-30 06:01:23 | INFO     | Starting LF search for route: ATZ-JED
2026-01-30 06:01:23 | INFO     | [START] LF Search
[LF][[OK] SUCCESS] Connected to Chrome on 127.0.0.1:9223 (after 1 attempts)
2026-01-30 06:01:23 | INFO     | [HEALTH CHECK] [OK] Chrome connection is healthy
[LF][[OK] SUCCESS] Found Amadeus Altea window: Altéa Reservation Desktop
[LF][[INFO] INFO] URL: https://tc212.resdesktop.altea.amadeus.com/app_ard/apf/init/login?SITE=ESMPESMP&LANGUAGE=GB&MARKETS=ARDW_PROD_WBP&ACTION=clpLogin
2026-01-30 06:01:23 | INFO     | [DAY_START] Processing 28FEB
[LF] Processing ATZ-JED for 28FEB
2026-01-30 06:01:23 | INFO     | [lf.day.start] Processing ATZ-JED for 28FEB
[LF] Sending SN command: SN28FEBATZJED/ASM
[LF] 28FEB: found 3 direct flights
2026-01-30 06:01:25 | INFO     | [lf.day.flights_found] Found 3 flights on 28FEB
2026-01-30 06:01:27 | INFO     | [lf.flight.extracted] SM491 on 28FEB: BKG=13, LF=7.3%
[LF] SM491 28FEB: BKG=13, GRP=0, CAP=179, LF%=7.3%, Brd-Off=ATZ-JED, Classes: I:13
2026-01-30 06:01:30 | INFO     | [lf.flight.extracted] SM453 on 28FEB: BKG=2, LF=1.1%
[LF] SM453 28FEB: BKG=2, GRP=0, CAP=179, LF%=1.1%, Brd-Off=ATZ-JED, Classes: W:2
[LPC] SM453 28FEB: Found 1 outbound flights with connecting passengers
2026-01-30 06:01:34 | INFO     | [lf.flight.extracted] SM455 on 28FEB: BKG=9, LF=5.0%
[LF] SM455 28FEB: BKG=9, GRP=0, CAP=179, LF%=5.0%, Brd-Off=ATZ-JED, Classes: W:8, S:1
[LF] Getting WEEKLY/LASTSOLD data for 3 flights
[LF] SM491 28FEB: LASTSOLD=2026-01-29 00:00:00, WEEKLY=11, TODAY=0, YDAY=2
[LF] SM453 28FEB: LASTSOLD=2026-01-07 00:00:00, WEEKLY=0, TODAY=0, YDAY=0
[LF] SM455 28FEB: LASTSOLD=2026-01-09 00:00:00, WEEKLY=0, TODAY=0, YDAY=0
2026-01-30 06:01:39 | INFO     | [SUCCESS] Day 28FEB
2026-01-30 06:01:39 | INFO     | [DAY_START] Processing 27FEB
[LF] Processing ATZ-JED for 27FEB
2026-01-30 06:01:39 | INFO     | [lf.day.start] Processing ATZ-JED for 27FEB
[LF] Sending SN command: SN27FEBATZJED/ASM
[LF] 27FEB: found 2 direct flights
2026-01-30 06:01:40 | INFO     | [lf.day.flights_found] Found 2 flights on 27FEB
2026-01-30 06:01:42 | INFO     | [lf.flight.extracted] SM491 on 27FEB: BKG=10, LF=5.6%
[LF] SM491 27FEB: BKG=10, GRP=0, CAP=179, LF%=5.6%, Brd-Off=ATZ-JED, Classes: W:10
2026-01-30 06:01:45 | INFO     | [lf.flight.extracted] SM2479 on 27FEB: BKG=0, LF=0.0%
[LF] SM2479 27FEB: BKG=0, GRP=0, CAP=179, LF%=0.0%, Brd-Off=ATZ-JED
[LF] Getting WEEKLY/LASTSOLD data for 1 flights
[LF] SM491 27FEB: LASTSOLD=2026-01-15 00:00:00, WEEKLY=0, TODAY=0, YDAY=0
2026-01-30 06:01:48 | INFO     | [SUCCESS] Day 27FEB
2026-01-30 06:01:48 | INFO     | [DAY_START] Processing 26FEB
[LF] Processing ATZ-JED for 26FEB
2026-01-30 06:01:48 | INFO     | [lf.day.start] Processing ATZ-JED for 26FEB
[LF] Sending SN command: SN26FEBATZJED/ASM
[LF] 26FEB: found 4 direct flights
2026-01-30 06:01:49 | INFO     | [lf.day.flights_found] Found 4 flights on 26FEB
2026-01-30 06:01:49 | INFO     | [lf.flight.extracted] SM2469 on 26FEB: BKG=0, LF=0.0%
[LF] SM2469 26FEB: BKG=0, GRP=0, CAP=168, LF%=0.0%, Brd-Off=ATZ-JED
2026-01-30 06:01:52 | INFO     | [lf.flight.extracted] SM2467 on 26FEB: BKG=180, LF=100.6%
[LF] SM2467 26FEB: BKG=180, GRP=180, CAP=179, LF%=100.6%, Brd-Off=ATZ-JED, Classes: P:180
2026-01-30 06:01:56 | INFO     | [lf.flight.extracted] SM453 on 26FEB: BKG=100, LF=55.9%
[LF] SM453 26FEB: BKG=100, GRP=90, CAP=179, LF%=55.9%, Brd-Off=ATZ-JED, Classes: P:90, W:7, K:3
2026-01-30 06:01:59 | INFO     | [lf.flight.extracted] SM455 on 26FEB: BKG=45, LF=25.1%
[LF] SM455 26FEB: BKG=45, GRP=45, CAP=179, LF%=25.1%, Brd-Off=ATZ-JED, Classes: P:45
[LF] Getting WEEKLY/LASTSOLD data for 3 flights
[LF] SM2467 26FEB: LASTSOLD=2026-01-20 00:00:00, WEEKLY=0, TODAY=0, YDAY=0
[LF] SM453 26FEB: LASTSOLD=2026-01-27 00:00:00, WEEKLY=3, TODAY=0, YDAY=0
[LF] SM455 26FEB: LASTSOLD=2026-01-11 00:00:00, WEEKLY=0, TODAY=0, YDAY=0
2026-01-30 06:02:04 | INFO     | [SUCCESS] Day 26FEB
2026-01-30 06:02:04 | INFO     | [DAY_START] Processing 25FEB
[LF] Processing ATZ-JED for 25FEB
2026-01-30 06:02:04 | INFO     | [lf.day.start] Processing ATZ-JED for 25FEB
[LF] Sending SN command: SN25FEBATZJED/ASM
[LF] 25FEB: found 4 direct flights
2026-01-30 06:02:05 | INFO     | [lf.day.flights_found] Found 4 flights on 25FEB
2026-01-30 06:02:07 | INFO     | [lf.flight.extracted] SM453 on 25FEB: BKG=180, LF=100.6%
[LF] SM453 25FEB: BKG=180, GRP=180, CAP=179, LF%=100.6%, Brd-Off=ATZ-JED, Classes: P:180
2026-01-30 06:02:10 | INFO     | [lf.flight.extracted] SM491 on 25FEB: BKG=184, LF=102.8%
[LF] SM491 25FEB: BKG=184, GRP=180, CAP=179, LF%=102.8%, Brd-Off=ATZ-JED, Classes: P:135, E:45, W:4
2026-01-30 06:02:13 | INFO     | [lf.flight.extracted] SM2459 on 25FEB: BKG=90, LF=50.3%
[LF] SM2459 25FEB: BKG=90, GRP=90, CAP=179, LF%=50.3%, Brd-Off=ATZ-JED, Classes: P:90
2026-01-30 06:02:16 | INFO     | [lf.flight.extracted] SM421 on 25FEB: BKG=181, LF=101.1%
[LF] SM421 25FEB: BKG=181, GRP=180, CAP=179, LF%=101.1%, Brd-Off=ATZ-JED, Classes: P:180, W:1
[LF] Getting WEEKLY/LASTSOLD data for 4 flights
[LF] SM453 25FEB: LASTSOLD=2026-01-06 00:00:00, WEEKLY=0, TODAY=0, YDAY=0
[LF] SM491 25FEB: LASTSOLD=2026-01-13 00:00:00, WEEKLY=0, TODAY=0, YDAY=0
[LF] SM2459 25FEB: LASTSOLD=2026-01-20 00:00:00, WEEKLY=0, TODAY=0, YDAY=0
[LF] SM421 25FEB: LASTSOLD=2026-01-22 00:00:00, WEEKLY=0, TODAY=0, YDAY=0
2026-01-30 06:02:22 | INFO     | [SUCCESS] Day 25FEB
2026-01-30 06:02:22 | INFO     | [DAY_START] Processing 24FEB
[LF] Processing ATZ-JED for 24FEB
2026-01-30 06:02:22 | INFO     | [lf.day.start] Processing ATZ-JED for 24FEB
[LF] Sending SN command: SN24FEBATZJED/ASM
[LF] 24FEB: found 4 direct flights
2026-01-30 06:02:24 | INFO     | [lf.day.flights_found] Found 4 flights on 24FEB
2026-01-30 06:02:26 | INFO     | [lf.flight.extracted] SM453 on 24FEB: BKG=185, LF=103.4%
[LF] SM453 24FEB: BKG=185, GRP=180, CAP=179, LF%=103.4%, Brd-Off=ATZ-JED, Classes: P:135, E:45, W:5
2026-01-30 06:02:29 | INFO     | [lf.flight.extracted] SM2471 on 24FEB: BKG=180, LF=100.6%
[LF] SM2471 24FEB: BKG=180, GRP=180, CAP=179, LF%=100.6%, Brd-Off=ATZ-JED, Classes: P:180
2026-01-30 06:02:32 | INFO     | [lf.flight.extracted] SM455 on 24FEB: BKG=181, LF=101.1%
[LF] SM455 24FEB: BKG=181, GRP=180, CAP=179, LF%=101.1%, Brd-Off=ATZ-JED, Classes: P:90, E:90, W:1
2026-01-30 06:02:35 | INFO     | [lf.flight.extracted] SM961 on 24FEB: BKG=180, LF=100.6%
[LF] SM961 24FEB: BKG=180, GRP=180, CAP=179, LF%=100.6%, Brd-Off=ATZ-JED, Classes: P:180
[LF] Getting WEEKLY/LASTSOLD data for 4 flights
[LF] SM453 24FEB: LASTSOLD=2026-01-12 00:00:00, WEEKLY=0, TODAY=0, YDAY=0
[LF] SM2471 24FEB: LASTSOLD=2026-01-05 00:00:00, WEEKLY=0, TODAY=0, YDAY=0
[LF] SM455 24FEB: LASTSOLD=2026-01-20 00:00:00, WEEKLY=0, TODAY=0, YDAY=0
[LF] SM961 24FEB: LASTSOLD=2026-01-13 00:00:00, WEEKLY=0, TODAY=0, YDAY=0
2026-01-30 06:02:41 | INFO     | [SUCCESS] Day 24FEB
2026-01-30 06:02:41 | INFO     | [DAY_START] Processing 23FEB
[LF] Processing ATZ-JED for 23FEB
2026-01-30 06:02:41 | INFO     | [lf.day.start] Processing ATZ-JED for 23FEB
[LF] Sending SN command: SN23FEBATZJED/ASM
[LF] 23FEB: 1 cancelled flight(s) detected from SN (ATZ-JED)
[LF] 23FEB: found 6 direct flights
2026-01-30 06:02:43 | INFO     | [lf.day.flights_found] Found 6 flights on 23FEB
2026-01-30 06:02:44 | INFO     | [lf.flight.extracted] SM491 on 23FEB: BKG=180, LF=100.6%
[LF] SM491 23FEB: BKG=180, GRP=180, CAP=179, LF%=100.6%, Brd-Off=ATZ-JED, Classes: P:180
2026-01-30 06:02:48 | INFO     | [lf.flight.extracted] SM2469 on 23FEB: BKG=180, LF=100.6%
[LF] SM2469 23FEB: BKG=180, GRP=180, CAP=179, LF%=100.6%, Brd-Off=ATZ-JED, Classes: P:180
2026-01-30 06:02:51 | INFO     | [lf.flight.extracted] SM455 on 23FEB: BKG=180, LF=100.6%
[LF] SM455 23FEB: BKG=180, GRP=180, CAP=179, LF%=100.6%, Brd-Off=ATZ-JED, Classes: P:180
2026-01-30 06:02:54 | INFO     | [lf.flight.extracted] SM453 on 23FEB: BKG=180, LF=100.6%
[LF] SM453 23FEB: BKG=180, GRP=180, CAP=179, LF%=100.6%, Brd-Off=ATZ-JED, Classes: P:90, E:90
2026-01-30 06:02:57 | INFO     | [lf.flight.extracted] SM961 on 23FEB: BKG=180, LF=100.6%
[LF] SM961 23FEB: BKG=180, GRP=180, CAP=179, LF%=100.6%, Brd-Off=ATZ-JED, Classes: P:135, E:45
2026-01-30 06:03:00 | INFO     | [lf.flight.extracted] SM979 on 23FEB: BKG=180, LF=100.6%
[LF] SM979 23FEB: BKG=180, GRP=180, CAP=179, LF%=100.6%, Brd-Off=ATZ-JED, Classes: P:180
[LF] Getting WEEKLY/LASTSOLD data for 6 flights
[LF] SM491 23FEB: LASTSOLD=2026-01-05 00:00:00, WEEKLY=0, TODAY=0, YDAY=0
[LF] SM2469 23FEB: LASTSOLD=2026-01-19 00:00:00, WEEKLY=0, TODAY=0, YDAY=0
[LF] SM455 23FEB: LASTSOLD=2026-01-05 00:00:00, WEEKLY=0, TODAY=0, YDAY=0
[LF] SM453 23FEB: LASTSOLD=2026-01-09 00:00:00, WEEKLY=0, TODAY=0, YDAY=0
[LF] SM961 23FEB: LASTSOLD=2026-01-12 00:00:00, WEEKLY=0, TODAY=0, YDAY=0
[LF] SM979 23FEB: LASTSOLD=2026-01-13 00:00:00, WEEKLY=0, TODAY=0, YDAY=0
2026-01-30 06:03:10 | INFO     | [SUCCESS] Day 23FEB
2026-01-30 06:03:10 | INFO     | [DAY_START] Processing 22FEB
[LF] Processing ATZ-JED for 22FEB
2026-01-30 06:03:10 | INFO     | [lf.day.start] Processing ATZ-JED for 22FEB
[LF] Sending SN command: SN22FEBATZJED/ASM
[LF] 22FEB: found 4 direct flights
2026-01-30 06:03:12 | INFO     | [lf.day.flights_found] Found 4 flights on 22FEB
2026-01-30 06:03:12 | INFO     | [lf.flight.extracted] SM2447 on 22FEB: BKG=0, LF=0.0%
[LF] SM2447 22FEB: BKG=0, GRP=0, CAP=168, LF%=0.0%, Brd-Off=ATZ-JED
2026-01-30 06:03:15 | INFO     | [lf.flight.extracted] SM491 on 22FEB: BKG=188, LF=105.0%
[LF] SM491 22FEB: BKG=188, GRP=180, CAP=179, LF%=105.0%, Brd-Off=ATZ-JED, Classes: P:180, W:4, K:4
2026-01-30 06:03:19 | INFO     | [lf.flight.extracted] SM455 on 22FEB: BKG=184, LF=102.8%
[LF] SM455 22FEB: BKG=184, GRP=180, CAP=179, LF%=102.8%, Brd-Off=ATZ-JED, Classes: P:90, E:90, W:4
2026-01-30 06:03:22 | INFO     | [lf.flight.extracted] SM953 on 22FEB: BKG=180, LF=100.6%
[LF] SM953 22FEB: BKG=180, GRP=180, CAP=179, LF%=100.6%, Brd-Off=ATZ-JED, Classes: P:180
[LF] Getting WEEKLY/LASTSOLD data for 3 flights
[LF] SM491 22FEB: LASTSOLD=2026-01-10 00:00:00, WEEKLY=0, TODAY=0, YDAY=0
[LF] SM455 22FEB: LASTSOLD=2026-01-12 00:00:00, WEEKLY=0, TODAY=0, YDAY=0
[LF] SM953 22FEB: LASTSOLD=2026-01-05 00:00:00, WEEKLY=0, TODAY=0, YDAY=0
2026-01-30 06:03:27 | INFO     | [SUCCESS] Day 22FEB
2026-01-30 06:03:27 | INFO     | [DAY_START] Processing 21FEB
[LF] Processing ATZ-JED for 21FEB
2026-01-30 06:03:27 | INFO     | [lf.day.start] Processing ATZ-JED for 21FEB
[LF] Sending SN command: SN21FEBATZJED/ASM
[LF] 21FEB: found 4 direct flights
2026-01-30 06:03:28 | INFO     | [lf.day.flights_found] Found 4 flights on 21FEB
2026-01-30 06:03:30 | INFO     | [lf.flight.extracted] SM491 on 21FEB: BKG=181, LF=101.1%
[LF] SM491 21FEB: BKG=181, GRP=175, CAP=179, LF%=101.1%, Brd-Off=ATZ-JED, Classes: P:130, E:45, W:6
2026-01-30 06:03:33 | INFO     | [lf.flight.extracted] SM453 on 21FEB: BKG=159, LF=88.8%
[LF] SM453 21FEB: BKG=159, GRP=135, CAP=179, LF%=88.8%, Brd-Off=ATZ-JED, Classes: P:135, X:3, T:3, W:18
2026-01-30 06:03:36 | INFO     | [lf.flight.extracted] SM961 on 21FEB: BKG=180, LF=100.6%
[LF] SM961 21FEB: BKG=180, GRP=180, CAP=179, LF%=100.6%, Brd-Off=ATZ-JED, Classes: P:180
2026-01-30 06:03:39 | INFO     | [lf.flight.extracted] SM455 on 21FEB: BKG=183, LF=102.2%
[LF] SM455 21FEB: BKG=183, GRP=180, CAP=179, LF%=102.2%, Brd-Off=ATZ-JED, Classes: P:180, W:3
[LF] Getting WEEKLY/LASTSOLD data for 4 flights
[LF] SM491 21FEB: LASTSOLD=2026-01-16 00:00:00, WEEKLY=0, TODAY=0, YDAY=0
[LF] SM453 21FEB: LASTSOLD=2026-01-29 00:00:00, WEEKLY=9, TODAY=0, YDAY=1
[LF] SM961 21FEB: LASTSOLD=2026-01-28 00:00:00, WEEKLY=2, TODAY=0, YDAY=0
[LF] SM455 21FEB: LASTSOLD=2026-01-05 00:00:00, WEEKLY=0, TODAY=0, YDAY=0
2026-01-30 06:03:47 | INFO     | [SUCCESS] Day 21FEB
2026-01-30 06:03:47 | INFO     | [DAY_START] Processing 20FEB
[LF] Processing ATZ-JED for 20FEB
2026-01-30 06:03:47 | INFO     | [lf.day.start] Processing ATZ-JED for 20FEB
[LF] Sending SN command: SN20FEBATZJED/ASM
[LF] 20FEB: 1 cancelled flight(s) detected from SN (ATZ-JED)
[LF] 20FEB: found 2 direct flights
2026-01-30 06:03:48 | INFO     | [lf.day.flights_found] Found 2 flights on 20FEB
2026-01-30 06:03:50 | INFO     | [lf.flight.extracted] SM491 on 20FEB: BKG=192, LF=107.3%
[LF] SM491 20FEB: BKG=192, GRP=180, CAP=179, LF%=107.3%, Brd-Off=ATZ-JED, Classes: P:90, E:90, W:12
2026-01-30 06:03:54 | INFO     | [lf.flight.extracted] SM955 on 20FEB: BKG=183, LF=102.2%
[LF] SM955 20FEB: BKG=183, GRP=180, CAP=179, LF%=102.2%, Brd-Off=ATZ-JED, Classes: P:180, Y:3
[LF] Getting WEEKLY/LASTSOLD data for 2 flights
[LF] SM491 20FEB: LASTSOLD=2026-01-13 00:00:00, WEEKLY=0, TODAY=0, YDAY=0
[LF] SM955 20FEB: LASTSOLD=2026-01-22 00:00:00, WEEKLY=0, TODAY=0, YDAY=0
2026-01-30 06:03:58 | INFO     | [SUCCESS] Day 20FEB
2026-01-30 06:03:58 | INFO     | [DAY_START] Processing 19FEB
[LF] Processing ATZ-JED for 19FEB
2026-01-30 06:03:58 | INFO     | [lf.day.start] Processing ATZ-JED for 19FEB
[LF] Sending SN command: SN19FEBATZJED/ASM
[LF] 19FEB: found 2 direct flights
2026-01-30 06:03:59 | INFO     | [lf.day.flights_found] Found 2 flights on 19FEB
2026-01-30 06:04:01 | INFO     | [lf.flight.extracted] SM453 on 19FEB: BKG=183, LF=102.2%
[LF] SM453 19FEB: BKG=183, GRP=180, CAP=179, LF%=102.2%, Brd-Off=ATZ-JED, Classes: P:90, E:90, I:2, W:1
2026-01-30 06:04:04 | INFO     | [lf.flight.extracted] SM455 on 19FEB: BKG=183, LF=102.2%
[LF] SM455 19FEB: BKG=183, GRP=180, CAP=179, LF%=102.2%, Brd-Off=ATZ-JED, Classes: P:180, W:3
[LF] Getting WEEKLY/LASTSOLD data for 2 flights
[LF] SM453 19FEB: LASTSOLD=2026-01-09 00:00:00, WEEKLY=0, TODAY=0, YDAY=0
[LF] SM455 19FEB: LASTSOLD=2026-01-13 00:00:00, WEEKLY=0, TODAY=0, YDAY=0
2026-01-30 06:04:08 | INFO     | [SUCCESS] Day 19FEB
[LF] Results summary:
  2026-02-28: 3 flights
  2026-02-27: 2 flights
  2026-02-26: 4 flights
  2026-02-25: 4 flights
  2026-02-24: 4 flights
  2026-02-23: 6 flights
  2026-02-22: 4 flights
  2026-02-21: 4 flights
  2026-02-20: 2 flights
  2026-02-19: 2 flights
[LF] Cancelled flights found: 2
  - SM955 23FEB (SN)
  - SM985 20FEB (SN)
2026-01-30 06:04:08 | INFO     | [SUCCESS] LF Search Complete
[Worker_9223] Cancelled flights collected: 2

============================================================
[Worker_9223] ✓ COMPLETED: ATZ-JED
  Results: 10 dates
  Errors: 0 dates
  Total Processed: 45 groups
============================================================

2026-01-30 06:04:08 | INFO     | [Worker_9223] Completed: ATZ-JED - 10 results, 0 errors

============================================================
[Worker_9223] Processing: JED-ATZ
  Tier 0: Range 1, Chunk 2/3
  Dates: 10 days
  Date Range: 2026-02-18 to 2026-02-09
============================================================

2026-01-30 06:04:08 | INFO     | [Worker_9223] Processing: JED-ATZ
2026-01-30 06:04:08 | INFO     |   Tier 0: Range 1, Chunk 2/3 (10 days)
2026-01-30 06:04:08 | INFO     | ======================================================================
2026-01-30 06:04:08 | INFO     | Load Factor Scraper Started - Route: JED-ATZ
2026-01-30 06:04:08 | INFO     | Log file: D:\CODERED\LAB\Artifacts\outputs\run_generated_300126_at_05.16\logs\LF_JED-ATZ_20260130_060408.log
2026-01-30 06:04:08 | INFO     | Enhanced logging: Capturing both logging.info() and print()
2026-01-30 06:04:08 | INFO     | ======================================================================
[LF] Processing dates (override): ['18FEB', '17FEB', '16FEB', '15FEB', '14FEB', '13FEB', '12FEB', '11FEB', '10FEB', '09FEB']
[LF] Attaching to Chrome for Altea access
2026-01-30 06:04:08 | INFO     | Starting LF search for route: JED-ATZ
2026-01-30 06:04:08 | INFO     | [START] LF Search
[LF][[OK] SUCCESS] Connected to Chrome on 127.0.0.1:9223 (after 1 attempts)
2026-01-30 06:04:09 | INFO     | [HEALTH CHECK] [OK] Chrome connection is healthy
[LF][[OK] SUCCESS] Found Amadeus Altea window: Altéa Reservation Desktop
[LF][[INFO] INFO] URL: https://tc212.resdesktop.altea.amadeus.com/app_ard/apf/init/login?SITE=ESMPESMP&LANGUAGE=GB&MARKETS=ARDW_PROD_WBP&ACTION=clpLogin
2026-01-30 06:04:09 | INFO     | [DAY_START] Processing 18FEB
[LF] Processing JED-ATZ for 18FEB
2026-01-30 06:04:09 | INFO     | [lf.day.start] Processing JED-ATZ for 18FEB
[LF] Sending SN command: SN18FEBJEDATZ/ASM
[LF] 18FEB: found 2 direct flights
2026-01-30 06:04:10 | INFO     | [lf.day.flights_found] Found 2 flights on 18FEB
2026-01-30 06:04:12 | INFO     | [lf.flight.extracted] SM454 on 18FEB: BKG=31, LF=17.7%
[LF] SM454 18FEB: BKG=31, GRP=0, CAP=175, LF%=17.7%, Brd-Off=JED-ATZ, Classes: I:18, O:9, T:1, W:1, K:2
2026-01-30 06:04:16 | INFO     | [lf.flight.extracted] SM492 on 18FEB: BKG=29, LF=16.6%
[LF] SM492 18FEB: BKG=29, GRP=0, CAP=175, LF%=16.6%, Brd-Off=JED-ATZ, Classes: I:17, O:5, W:4, S:1, V:1, K:1
[LF] Getting WEEKLY/LASTSOLD data for 2 flights
[LF] SM454 18FEB: LASTSOLD=2026-01-29 00:00:00, WEEKLY=8, TODAY=0, YDAY=1
[LF] SM492 18FEB: LASTSOLD=2026-01-29 00:00:00, WEEKLY=5, TODAY=0, YDAY=2
2026-01-30 06:04:22 | INFO     | [SUCCESS] Day 18FEB
2026-01-30 06:04:22 | INFO     | [DAY_START] Processing 17FEB
[LF] Processing JED-ATZ for 17FEB
2026-01-30 06:04:22 | INFO     | [lf.day.start] Processing JED-ATZ for 17FEB
[LF] Sending SN command: SN17FEBJEDATZ/ASM
[LF] 17FEB: found 4 direct flights
2026-01-30 06:04:23 | INFO     | [lf.day.flights_found] Found 4 flights on 17FEB
2026-01-30 06:04:24 | INFO     | [lf.flight.extracted] SM2450 on 17FEB: BKG=0, LF=0.0%
[LF] SM2450 17FEB: BKG=0, GRP=0, CAP=168, LF%=0.0%, Brd-Off=JED-ATZ
2026-01-30 06:04:27 | INFO     | [lf.flight.extracted] SM454 on 17FEB: BKG=53, LF=30.3%
[LF] SM454 17FEB: BKG=53, GRP=0, CAP=175, LF%=30.3%, Brd-Off=JED-ATZ, Classes: I:17, O:22, U:3, X:9, W:1, K:1
2026-01-30 06:04:31 | INFO     | [lf.flight.extracted] SM2452 on 17FEB: BKG=0, LF=0.0%
[LF] SM2452 17FEB: BKG=0, GRP=0, CAP=175, LF%=0.0%, Brd-Off=JED-ATZ
2026-01-30 06:04:34 | INFO     | [lf.flight.extracted] SM456 on 17FEB: BKG=30, LF=17.1%
[LF] SM456 17FEB: BKG=30, GRP=0, CAP=175, LF%=17.1%, Brd-Off=JED-ATZ, Classes: I:25, O:5
[LF] Getting WEEKLY/LASTSOLD data for 2 flights
[LF] SM454 17FEB: LASTSOLD=2026-01-29 00:00:00, WEEKLY=12, TODAY=0, YDAY=3
[LF] SM456 17FEB: LASTSOLD=2026-01-28 00:00:00, WEEKLY=8, TODAY=0, YDAY=0
2026-01-30 06:04:41 | INFO     | [SUCCESS] Day 17FEB
2026-01-30 06:04:41 | INFO     | [DAY_START] Processing 16FEB
[LF] Processing JED-ATZ for 16FEB
2026-01-30 06:04:41 | INFO     | [lf.day.start] Processing JED-ATZ for 16FEB
[LF] Sending SN command: SN16FEBJEDATZ/ASM
[LF] 16FEB: 1 cancelled flight(s) detected from SN (JED-ATZ)
[LF] 16FEB: found 6 direct flights
2026-01-30 06:04:42 | INFO     | [lf.day.flights_found] Found 6 flights on 16FEB
2026-01-30 06:04:53 | INFO     | [lf.flight.extracted] SM954 on 16FEB: BKG=34, LF=20.4%
[LF] SM954 16FEB: BKG=34, GRP=0, CAP=167, LF%=20.4%, Brd-Off=JED-ATZ, Classes: I:17, O:17
2026-01-30 06:04:56 | INFO     | [lf.flight.extracted] SM492 on 16FEB: BKG=41, LF=23.4%
[LF] SM492 16FEB: BKG=41, GRP=0, CAP=175, LF%=23.4%, Brd-Off=JED-ATZ, Classes: I:17, O:17, U:6, S:1
2026-01-30 06:04:59 | INFO     | [lf.flight.extracted] SM456 on 16FEB: BKG=52, LF=29.7%
[LF] SM456 16FEB: BKG=52, GRP=0, CAP=175, LF%=29.7%, Brd-Off=JED-ATZ, Classes: I:17, O:25, U:8, X:2
2026-01-30 06:05:02 | INFO     | [lf.flight.extracted] SM422 on 16FEB: BKG=48, LF=27.4%
[LF] SM422 16FEB: BKG=48, GRP=0, CAP=175, LF%=27.4%, Brd-Off=JED-ATZ, Classes: I:17, O:17, U:13, X:1
2026-01-30 06:05:06 | INFO     | [lf.flight.extracted] SM454 on 16FEB: BKG=58, LF=33.1%
[LF] SM454 16FEB: BKG=58, GRP=0, CAP=175, LF%=33.1%, Brd-Off=JED-ATZ, Classes: P:2, I:17, O:17, U:19, X:2, K:1
2026-01-30 06:05:09 | INFO     | [lf.flight.extracted] SM956 on 16FEB: BKG=38, LF=22.8%
[LF] SM956 16FEB: BKG=38, GRP=0, CAP=167, LF%=22.8%, Brd-Off=JED-ATZ, Classes: I:17, O:17, U:4
[LF] Getting WEEKLY/LASTSOLD data for 6 flights
[LF] SM954 16FEB: LASTSOLD=2026-01-29 00:00:00, WEEKLY=29, TODAY=0, YDAY=5
[LF] SM492 16FEB: LASTSOLD=2026-01-29 00:00:00, WEEKLY=3, TODAY=0, YDAY=2
[LF] SM456 16FEB: LASTSOLD=2026-01-29 00:00:00, WEEKLY=12, TODAY=0, YDAY=3
[LF] SM422 16FEB: LASTSOLD=2026-01-29 00:00:00, WEEKLY=6, TODAY=0, YDAY=2
[LF] SM454 16FEB: LASTSOLD=2026-01-29 00:00:00, WEEKLY=8, TODAY=0, YDAY=3
[LF] SM956 16FEB: LASTSOLD=2026-01-28 00:00:00, WEEKLY=32, TODAY=0, YDAY=0
2026-01-30 06:05:27 | INFO     | [SUCCESS] Day 16FEB
2026-01-30 06:05:27 | INFO     | [DAY_START] Processing 15FEB
[LF] Processing JED-ATZ for 15FEB
2026-01-30 06:05:27 | INFO     | [lf.day.start] Processing JED-ATZ for 15FEB
[LF] Sending SN command: SN15FEBJEDATZ/ASM
[LF] 15FEB: found 2 direct flights
2026-01-30 06:05:29 | INFO     | [lf.day.flights_found] Found 2 flights on 15FEB
2026-01-30 06:05:31 | INFO     | [lf.flight.extracted] SM492 on 15FEB: BKG=97, LF=55.4%
[LF] SM492 15FEB: BKG=97, GRP=0, CAP=175, LF%=55.4%, Brd-Off=JED-ATZ, Classes: I:17, O:17, U:17, X:25, T:3, W:16, S:2
2026-01-30 06:05:34 | INFO     | [lf.flight.extracted] SM456 on 15FEB: BKG=75, LF=42.9%
[LF] SM456 15FEB: BKG=75, GRP=0, CAP=175, LF%=42.9%, Brd-Off=JED-ATZ, Classes: I:17, O:17, U:17, X:15, T:2, W:5, S:1, K:1
[LF] Getting WEEKLY/LASTSOLD data for 2 flights
[LF] SM492 15FEB: LASTSOLD=2026-01-29 00:00:00, WEEKLY=14, TODAY=0, YDAY=1
[LF] SM456 15FEB: LASTSOLD=2026-01-29 00:00:00, WEEKLY=7, TODAY=0, YDAY=2
2026-01-30 06:05:44 | INFO     | [SUCCESS] Day 15FEB
2026-01-30 06:05:44 | INFO     | [DAY_START] Processing 14FEB
[LF] Processing JED-ATZ for 14FEB
2026-01-30 06:05:44 | INFO     | [lf.day.start] Processing JED-ATZ for 14FEB
[LF] Sending SN command: SN14FEBJEDATZ/ASM
[LF] 14FEB: found 4 direct flights
2026-01-30 06:05:45 | INFO     | [lf.day.flights_found] Found 4 flights on 14FEB
2026-01-30 06:05:47 | INFO     | [lf.flight.extracted] SM492 on 14FEB: BKG=69, LF=39.4%
[LF] SM492 14FEB: BKG=69, GRP=0, CAP=175, LF%=39.4%, Brd-Off=JED-ATZ, Classes: I:17, O:17, U:17, X:16, W:2
2026-01-30 06:05:51 | INFO     | [lf.flight.extracted] SM454 on 14FEB: BKG=70, LF=40.0%
[LF] SM454 14FEB: BKG=70, GRP=0, CAP=175, LF%=40.0%, Brd-Off=JED-ATZ, Classes: I:17, O:17, U:17, X:18, W:1
2026-01-30 06:05:54 | INFO     | [lf.flight.extracted] SM962 on 14FEB: BKG=34, LF=19.4%
[LF] SM962 14FEB: BKG=34, GRP=0, CAP=175, LF%=19.4%, Brd-Off=JED-ATZ, Classes: I:15, O:15, U:4
2026-01-30 06:05:57 | INFO     | [lf.flight.extracted] SM456 on 14FEB: BKG=77, LF=44.0%
[LF] SM456 14FEB: BKG=77, GRP=0, CAP=175, LF%=44.0%, Brd-Off=JED-ATZ, Classes: I:17, O:17, U:17, X:17, T:5, W:4
[LF] Getting WEEKLY/LASTSOLD data for 4 flights
[LF] SM492 14FEB: LASTSOLD=2026-01-28 00:00:00, WEEKLY=10, TODAY=0, YDAY=0
[LF] SM454 14FEB: LASTSOLD=2026-01-29 00:00:00, WEEKLY=5, TODAY=0, YDAY=1
[LF] SM962 14FEB: LASTSOLD=2026-01-29 00:00:00, WEEKLY=34, TODAY=0, YDAY=11
[LF] SM456 14FEB: LASTSOLD=2026-01-26 00:00:00, WEEKLY=7, TODAY=0, YDAY=0
2026-01-30 06:06:13 | INFO     | [SUCCESS] Day 14FEB
2026-01-30 06:06:13 | INFO     | [DAY_START] Processing 13FEB
[LF] Processing JED-ATZ for 13FEB
2026-01-30 06:06:13 | INFO     | [lf.day.start] Processing JED-ATZ for 13FEB
[LF] Sending SN command: SN13FEBJEDATZ/ASM
[LF] 13FEB: found 1 direct flights
2026-01-30 06:06:14 | INFO     | [lf.day.flights_found] Found 1 flights on 13FEB
2026-01-30 06:06:16 | INFO     | [lf.flight.extracted] SM492 on 13FEB: BKG=137, LF=78.3%
[LF] SM492 13FEB: BKG=137, GRP=45, CAP=175, LF%=78.3%, Brd-Off=JED-ATZ, Classes: P:45, I:17, O:17, U:24, X:17, T:9, W:2, S:1, K:5
[LF] Getting WEEKLY/LASTSOLD data for 1 flights
[LF] SM492 13FEB: LASTSOLD=2026-01-29 00:00:00, WEEKLY=17, TODAY=0, YDAY=4
2026-01-30 06:06:22 | INFO     | [SUCCESS] Day 13FEB
2026-01-30 06:06:22 | INFO     | [DAY_START] Processing 12FEB
[LF] Processing JED-ATZ for 12FEB
2026-01-30 06:06:22 | INFO     | [lf.day.start] Processing JED-ATZ for 12FEB
[LF] Sending SN command: SN12FEBJEDATZ/ASM
[LF] 12FEB: found 6 direct flights
2026-01-30 06:06:23 | INFO     | [lf.day.flights_found] Found 6 flights on 12FEB
2026-01-30 06:06:25 | INFO     | [lf.flight.extracted] SM982 on 12FEB: BKG=102, LF=61.1%
[LF] SM982 12FEB: BKG=102, GRP=44, CAP=167, LF%=61.1%, Brd-Off=JED-ATZ, Classes: P:44, I:30, O:19, U:8, X:1
2026-01-30 06:06:28 | INFO     | [lf.flight.extracted] SM422 on 12FEB: BKG=95, LF=53.4%
[LF] SM422 12FEB: BKG=95, GRP=0, CAP=178, LF%=53.4%, Brd-Off=JED-ATZ, Classes: I:25, O:24, U:18, X:17, T:2, W:9
2026-01-30 06:06:32 | INFO     | [lf.flight.extracted] SM2466 on 12FEB: BKG=0, LF=0.0%
[LF] SM2466 12FEB: BKG=0, GRP=0, CAP=175, LF%=0.0%, Brd-Off=JED-ATZ
2026-01-30 06:06:35 | INFO     | [lf.flight.extracted] SM2464 on 12FEB: BKG=0, LF=0.0%
[LF] SM2464 12FEB: BKG=0, GRP=0, CAP=175, LF%=0.0%, Brd-Off=JED-ATZ
2026-01-30 06:06:38 | INFO     | [lf.flight.extracted] SM454 on 12FEB: BKG=71, LF=40.6%
[LF] SM454 12FEB: BKG=71, GRP=0, CAP=175, LF%=40.6%, Brd-Off=JED-ATZ, Classes: I:30, O:15, U:15, X:10, K:1
2026-01-30 06:06:41 | INFO     | [lf.flight.extracted] SM456 on 12FEB: BKG=87, LF=48.9%
[LF] SM456 12FEB: BKG=87, GRP=0, CAP=178, LF%=48.9%, Brd-Off=JED-ATZ, Classes: I:25, O:25, U:25, X:10, W:1, K:1
[LF] Getting WEEKLY/LASTSOLD data for 4 flights
[LF] SM982 12FEB: LASTSOLD=2026-01-29 00:00:00, WEEKLY=25, TODAY=0, YDAY=5
[LF] SM422 12FEB: LASTSOLD=2026-01-27 00:00:00, WEEKLY=6, TODAY=0, YDAY=0
[LF] SM454 12FEB: LASTSOLD=2026-01-29 00:00:00, WEEKLY=17, TODAY=0, YDAY=3
[LF] SM456 12FEB: LASTSOLD=2026-01-29 00:00:00, WEEKLY=3, TODAY=0, YDAY=1
2026-01-30 06:07:00 | INFO     | [SUCCESS] Day 12FEB
2026-01-30 06:07:00 | INFO     | [DAY_START] Processing 11FEB
[LF] Processing JED-ATZ for 11FEB
2026-01-30 06:07:00 | INFO     | [lf.day.start] Processing JED-ATZ for 11FEB
[LF] Sending SN command: SN11FEBJEDATZ/ASM
[LF] 11FEB: found 3 direct flights
2026-01-30 06:07:01 | INFO     | [lf.day.flights_found] Found 3 flights on 11FEB
2026-01-30 06:07:03 | INFO     | [lf.flight.extracted] SM454 on 11FEB: BKG=110, LF=62.9%
[LF] SM454 11FEB: BKG=110, GRP=49, CAP=175, LF%=62.9%, Brd-Off=JED-ATZ, Classes: P:49, I:30, O:19, U:5, X:2, W:3, K:2
2026-01-30 06:07:07 | INFO     | [lf.flight.extracted] SM2452 on 11FEB: BKG=140, LF=80.0%
[LF] SM2452 11FEB: BKG=140, GRP=140, CAP=175, LF%=80.0%, Brd-Off=JED-ATZ, Classes: P:140
2026-01-30 06:07:10 | INFO     | [lf.flight.extracted] SM492 on 11FEB: BKG=102, LF=58.3%
[LF] SM492 11FEB: BKG=102, GRP=0, CAP=175, LF%=58.3%, Brd-Off=JED-ATZ, Classes: I:50, O:41, U:4, X:5, W:1, G:1
[LF] Getting WEEKLY/LASTSOLD data for 3 flights
[LF] SM454 11FEB: LASTSOLD=2026-01-29 00:00:00, WEEKLY=25, TODAY=0, YDAY=3
[LF] SM2452 11FEB: WEEKLY=99 → LP/T MANDATORY
[DEBUG] SM2452 11FEB: Match #1: HK 24JAN | Line: 001N 01ABBOUD/ALI MOUSTA          	8CSNH4 P  HK 24JAN CAISM05IN
[DEBUG] SM2452 11FEB: Match #2: HK 24JAN | Line: 002N 01ABBOUD/HAMIDA ELS          	8CSNH4 P  HK 24JAN CAISM05IN
[DEBUG] SM2452 11FEB: Match #3: HK 24JAN | Line: 003N 01ABBOUD/MOHAMED MO          	8CSNH4 P  HK 24JAN CAISM05IN
[DEBUG] SM2452 11FEB: Match #4: HK 24JAN | Line: 004N 01ABDELAAL/FAWZIA H          	8EEMUH P  HK 24JAN CAISM05IN
[DEBUG] SM2452 11FEB: Match #5: HK 24JAN | Line: 005N 01ABDELAAL/SEOUDAT           	8ENF79 P  HK 24JAN CAISM05IN
[DEBUG] SM2452 11FEB: Match #6: HK 24JAN | Line: 006N 01ABDELAZIZ/ABDELAZ          	8CSNH4 P  HK 24JAN CAISM05IN
[DEBUG] SM2452 11FEB: DUPLICATE #1: 001N HK 24JAN | Skipping
[DEBUG] SM2452 11FEB: DUPLICATE #2: 002N HK 24JAN | Skipping
[DEBUG] SM2452 11FEB: DUPLICATE #3: 003N HK 24JAN | Skipping
[DEBUG] SM2452 11FEB: DUPLICATE #4: 004N HK 24JAN | Skipping
[DEBUG] SM2452 11FEB: DUPLICATE #5: 005N HK 24JAN | Skipping
[DEBUG] SM2452 11FEB: DUPLICATE #6: 006N HK 24JAN | Skipping
[DEBUG] SM2452 11FEB: Match #7: HK 24JAN | Line: 007N 01ABDELAZIZ/SADIA A          	8EEMUH P  HK 24JAN CAISM05IN
[DEBUG] SM2452 11FEB: Match #8: HK 24JAN | Line: 008N 01ABDELAZIZ/ZEBAIDA          	8CSNH4 P  HK 24JAN CAISM05IN
[DEBUG] SM2452 11FEB: Match #9: HK 24JAN | Line: 009N 01ABDELAZIZ/ZEINAB           	8CSNH4 P  HK 24JAN CAISM05IN
[DEBUG] SM2452 11FEB: Match #10: HK 24JAN | Line: 010N 01ABDELGALIL/SEHAM           	8ENF79 P  HK 24JAN CAISM05IN
[DEBUG] SM2452 11FEB: Match #11: HK 24JAN | Line: 011N 01ABDELHAMID/AHMED           	8CSNH4 P  HK 24JAN CAISM05IN
[DEBUG] SM2452 11FEB: Match #12: HK 24JAN | Line: 012N 01ABDELLAH/HOSSAM R          	8CSNH4 P  HK 24JAN CAISM05IN
[DEBUG] SM2452 11FEB: Match #13: HK 24JAN | Line: 013N 01ABDELLATIF/BAKHIT          	8EEMUH P  HK 24JAN CAISM05IN
[DEBUG] SM2452 11FEB: Match #14: HK 24JAN | Line: 014N 01ABDELNAEIM/AMAL A          	8EEMUH P  HK 24JAN CAISM05IN
[DEBUG] SM2452 11FEB: Match #15: HK 24JAN | Line: 015N 01ABDELNAEM/HANAN A          	8SY553 P  HK 24JAN CAISM05IN
[DEBUG] SM2452 11FEB: Match #16: HK 24JAN | Line: 016N 01ABDELREHIM/GHARIB          	8CSNH4 P  HK 24JAN CAISM05IN
[DEBUG] SM2452 11FEB: Match #17: HK 24JAN | Line: 017N 01ABDRABOU/MAHASEN           	8ENF79 P  HK 24JAN CAISM05IN
[DEBUG] SM2452 11FEB: Match #18: HK 24JAN | Line: 018N 01ABOUD/ALI ELSAYED          	8CSNH4 P  HK 24JAN CAISM05IN
[DEBUG] SM2452 11FEB: Match #19: HK 24JAN | Line: 019N 01ABOUELELLA/AMAL M          	8CSNH4 P  HK 24JAN CAISM05IN
[DEBUG] SM2452 11FEB: Match #20: HK 24JAN | Line: 020N 01ABOUELHASSAN/AHME          	8EEMUH P  HK 24JAN CAISM05IN
[DEBUG] SM2452 11FEB: Match #21: HK 24JAN | Line: 021N 01ABOUELHASSAN/MOHA          	8CSNH4 P  HK 24JAN CAISM05IN
[DEBUG] SM2452 11FEB: Match #22: HK 24JAN | Line: 022N 01ABOUELHASSAN/SANA          	8CSNH4 P  HK 24JAN CAISM05IN
[DEBUG] SM2452 11FEB: Match #23: HK 24JAN | Line: 023N 01ABOUELSEOUD/WIDAD          	8EEMUH P  HK 24JAN CAISM05IN
[DEBUG] SM2452 11FEB: Match #24: HK 24JAN | Line: 024N 01ADAM/ABLA SOLIMAN          	8EEMUH P  HK 24JAN CAISM05IN
[DEBUG] SM2452 11FEB: Match #25: HK 24JAN | Line: 025N 01AHMED/EKRAM SEDDI          	8CSNH4 P  HK 24JAN CAISM05IN
[DEBUG] SM2452 11FEB: Match #26: HK 24JAN | Line: 026N 01AHMED/EMAN AHMED           	8EEMUH P  HK 24JAN CAISM05IN
[DEBUG] SM2452 11FEB: Match #27: HK 24JAN | Line: 027N 01AHMED/ESRAA RASHA          	8EEMUH P  HK 24JAN CAISM05IN
[DEBUG] SM2452 11FEB: Match #28: HK 24JAN | Line: 028N 01AHMED/HAMDIA MAHM          	8ENF79 P  HK 24JAN CAISM05IN
[DEBUG] SM2452 11FEB: Match #29: HK 24JAN | Line: 029N 01AHMED/HODA SAADY           	8EEMUH P  HK 24JAN CAISM05IN
[DEBUG] SM2452 11FEB: Match #30: HK 24JAN | Line: 030N 01AHMED/MAHMOUD HAM          	8ENF79 P  HK 24JAN CAISM05IN
[DEBUG] SM2452 11FEB: Match #31: HK 24JAN | Line: 031N 01AHMED/OSAMA AHMED          	8ENF79 P  HK 24JAN CAISM05IN
[DEBUG] SM2452 11FEB: Match #32: HK 24JAN | Line: 032N 01AHMED/RADWA RASHA          	8EEMUH P  HK 24JAN CAISM05IN
[DEBUG] SM2452 11FEB: Match #33: HK 24JAN | Line: 033N 01AHMED/RASHA MOSTA          	8ENF79 P  HK 24JAN CAISM05IN
[DEBUG] SM2452 11FEB: Match #34: HK 24JAN | Line: 034N 01AHMED/SAFAA AHMED          	8ENF79 P  HK 24JAN CAISM05IN
[DEBUG] SM2452 11FEB: Match #35: HK 24JAN | Line: 035N 01AHMED/SALIMA ABDE          	8EEMUH P  HK 24JAN CAISM05IN
[DEBUG] SM2452 11FEB: Match #36: HK 24JAN | Line: 036N 01AHMED/SAWSAN ROUS          	8EEMUH P  HK 24JAN CAISM05IN
[DEBUG] SM2452 11FEB: Match #37: HK 24JAN | Line: 037N 01ALAMELDEEN/ALTAAF          	8SY553 P  HK 24JAN CAISM05IN
[DEBUG] SM2452 11FEB: Match #38: HK 24JAN | Line: 038N 01ALI/ADRIA BADAWY           	8EEMUH P  HK 24JAN CAISM05IN
[DEBUG] SM2452 11FEB: Match #39: HK 24JAN | Line: 039N 01ALI/AMANI MOHAMED          	8ENF79 P  HK 24JAN CAISM05IN
[DEBUG] SM2452 11FEB: Match #40: HK 24JAN | Line: 040N 01ALI/ASSMAH AHMED           	8CSNH4 P  HK 24JAN CAISM05IN
[DEBUG] SM2452 11FEB: Match #41: HK 24JAN | Line: 041N 01ALI/EMAN SAYED             	8CSNH4 P  HK 24JAN CAISM05IN
[DEBUG] SM2452 11FEB: Match #42: HK 24JAN | Line: 042N 01ALI/FATHYA AHMED           	8CSNH4 P  HK 24JAN CAISM05IN
[DEBUG] SM2452 11FEB: Match #43: HK 24JAN | Line: 043N 01ALI/FAYROUZ GADEL          	8CSNH4 P  HK 24JAN CAISM05IN
[DEBUG] SM2452 11FEB: Match #44: HK 24JAN | Line: 044N 01ALI/GANA MOHAMED           	8ENF79 P  HK 24JAN CAISM05IN
[DEBUG] SM2452 11FEB: Match #45: HK 24JAN | Line: 045N 01ALI/MADIHA ABDELR          	8ENF79 P  HK 24JAN CAISM05IN
[DEBUG] SM2452 11FEB: Match #46: HK 24JAN | Line: 046N 01ALI/MOHAMED HEGAZ          	8ENF79 P  HK 24JAN CAISM05IN
[DEBUG] SM2452 11FEB: Match #47: HK 24JAN | Line: 047N 01ALLAM/SOHIR ABORA          	8ENF79 P  HK 24JAN CAISM05IN
[DEBUG] SM2452 11FEB: Match #48: HK 24JAN | Line: 048N 01ATTA/BEKHITA SABR          	8CSNH4 P  HK 24JAN CAISM05IN
[DEBUG] SM2452 11FEB: Match #49: HK 24JAN | Line: 049N 01AWAD/BADRIA HAMED          	8EEMUH P  HK 24JAN CAISM05IN
[DEBUG] SM2452 11FEB: Match #50: HK 24JAN | Line: 050N 01AWAD/FATMA KAMEL           	8EEMUH P  HK 24JAN CAISM05IN
[DEBUG] SM2452 11FEB: Match #51: HK 24JAN | Line: 051N 01AWAD/SAADYA HAMED          	8EEMUH P  HK 24JAN CAISM05IN
[DEBUG] SM2452 11FEB: Match #52: HK 24JAN | Line: 052N 01AYOUB/ABDELMOATTY          	8EEMUH P  HK 24JAN CAISM05IN
[DEBUG] SM2452 11FEB: Match #53: HK 24JAN | Line: 053N 01AZAB/NEAMA AZAB            	8CSNH4 P  HK 24JAN CAISM05IN
[DEBUG] SM2452 11FEB: Match #54: HK 24JAN | Line: 054N 01DRAR/RASHIDA ABDE          	8CSNH4 P  HK 24JAN CAISM05IN
[DEBUG] SM2452 11FEB: Match #55: HK 24JAN | Line: 055N 01ELBAKRY/RASHA RAB          	8EEMUH P  HK 24JAN CAISM05IN
[DEBUG] SM2452 11FEB: Match #56: HK 24JAN | Line: 056N 01ELIAN/ROKYA FATHY          	8ENF79 P  HK 24JAN CAISM05IN
[DEBUG] SM2452 11FEB: Match #57: HK 24JAN | Line: 057N 01ELIWA/EKHLAS ISMA          	8ENF79 P  HK 24JAN CAISM05IN
[DEBUG] SM2452 11FEB: Match #58: HK 24JAN | Line: 058N 01ELKOT/MESEADA AHM          	8CSNH4 P  HK 24JAN CAISM05IN
[DEBUG] SM2452 11FEB: Match #59: HK 24JAN | Line: 059N 01ELSAMMAN/ISLAM EI          	8CSNH4 P  HK 24JAN CAISM05IN
[DEBUG] SM2452 11FEB: Match #60: HK 24JAN | Line: 060N 01ELSAYED/ATTIAT EL          	8EEMUH P  HK 24JAN CAISM05IN
[DEBUG] SM2452 11FEB: Match #61: HK 24JAN | Line: 061N 01ELSAYED/FATMA ABD          	8EEMUH P  HK 24JAN CAISM05IN
[DEBUG] SM2452 11FEB: Match #62: HK 24JAN | Line: 062N 01FERGANY/FATHIA AB          	8ENF79 P  HK 24JAN CAISM05IN
[DEBUG] SM2452 11FEB: Match #63: HK 24JAN | Line: 063N 01FERGANY/FATHYA MO          	8ENF79 P  HK 24JAN CAISM05IN
[DEBUG] SM2452 11FEB: Match #64: HK 24JAN | Line: 064N 01GOUDA/ADEL NASSER          	8CSNH4 P  HK 24JAN CAISM05IN
[DEBUG] SM2452 11FEB: Match #65: HK 24JAN | Line: 065N 01HAMID/SOSO AHMED           	8ENF79 P  HK 24JAN CAISM05IN
[DEBUG] SM2452 11FEB: Match #66: HK 24JAN | Line: 066N 01HANAFY/MOUSTAFA E          	8EEMUH P  HK 24JAN CAISM05IN
[DEBUG] SM2452 11FEB: Match #67: HK 24JAN | Line: 067N 01HASHEM/ASMAA HASH          	8ENF79 P  HK 24JAN CAISM05IN
[DEBUG] SM2452 11FEB: Match #68: HK 24JAN | Line: 068N 01HASSAN/ABED AHMED          	8EEMUH P  HK 24JAN CAISM05IN
[DEBUG] SM2452 11FEB: Match #69: HK 24JAN | Line: 069N 01HASSAN/AZHAAR AHM          	8EEMUH P  HK 24JAN CAISM05IN
[DEBUG] SM2452 11FEB: Match #70: HK 26JAN | Line: 070N 01HASSAN/MOUSTAFA R          	9LMMBG P  HK 26JAN CAISM0104
[DEBUG] SM2452 11FEB: Match #71: HK 24JAN | Line: 071N 01HASSAN/NADIA HASS          	8EEMUH P  HK 24JAN CAISM05IN
[DEBUG] SM2452 11FEB: Match #72: HK 24JAN | Line: 072N 01HASSAN/NOHA MONTA          	8CSNH4 P  HK 24JAN CAISM05IN
[DEBUG] SM2452 11FEB: Match #73: HK 24JAN | Line: 073N 01HASSAN/SABAH AHME          	8EEMUH P  HK 24JAN CAISM05IN
[DEBUG] SM2452 11FEB: Match #74: HK 24JAN | Line: 074N 01HASSAN/SABOURA AB          	8ENF79 P  HK 24JAN CAISM05IN
[DEBUG] SM2452 11FEB: Match #75: HK 24JAN | Line: 075N 01HASSAN/SHAIMAA AH          	8CSNH4 P  HK 24JAN CAISM05IN
[DEBUG] SM2452 11FEB: Match #76: HK 24JAN | Line: 076N 01HASSANEIN/RANDA E          	8CSNH4 P  HK 24JAN CAISM05IN
[DEBUG] SM2452 11FEB: Match #77: HK 24JAN | Line: 077N 01HEGAZY/AHMED ABDE          	8ENF79 P  HK 24JAN CAISM05IN
[DEBUG] SM2452 11FEB: Match #78: HK 24JAN | Line: 078N 01HEGAZY/NAFISA AHM          	8ENF79 P  HK 24JAN CAISM05IN
[DEBUG] SM2452 11FEB: Match #79: HK 24JAN | Line: 079N 01HEMID/ABDALLA BER          	8EEMUH P  HK 24JAN CAISM05IN
[DEBUG] SM2452 11FEB: Match #80: HK 24JAN | Line: 080N 01HEMID/SALWA ABDAL          	8EEMUH P  HK 24JAN CAISM05IN
[DEBUG] SM2452 11FEB: Match #81: HK 24JAN | Line: 081N 01HUSSEIN/DOAA HUSS          	7L7X9S P  HK 24JAN CAISM05IN
[DEBUG] SM2452 11FEB: Match #82: HK 24JAN | Line: 082N 01HUSSEIN/RASHAD HA          	8EEMUH P  HK 24JAN CAISM05IN
[DEBUG] SM2452 11FEB: Match #83: HK 24JAN | Line: 083N 01HUSSEIN/WALAA HUS          	8ENF79 P  HK 24JAN CAISM05IN
[DEBUG] SM2452 11FEB: Match #84: HK 24JAN | Line: 084N 01IBRAHIM/HEGAZI MO          	8ENF79 P  HK 24JAN CAISM05IN
[DEBUG] SM2452 11FEB: Match #85: HK 24JAN | Line: 085N 01IBRAHIM/SAADY ABO          	8EEMUH P  HK 24JAN CAISM05IN
[DEBUG] SM2452 11FEB: Match #86: HK 24JAN | Line: 086N 01KARIM/ELHUSSEIN O          	8CSNH4 P  HK 24JAN CAISM05IN
[DEBUG] SM2452 11FEB: Match #87: HK 24JAN | Line: 087N 01KARIM/HAGAR OSSAM          	8CSNH4 P  HK 24JAN CAISM05IN
[DEBUG] SM2452 11FEB: Match #88: HK 24JAN | Line: 088N 01KASSEM/MADIHA HUS          	8EEMUH P  HK 24JAN CAISM05IN
[DEBUG] SM2452 11FEB: Match #89: HK 24JAN | Line: 089N 01KASSEM/WAHIBA MOH          	8EEMUH P  HK 24JAN CAISM05IN
[DEBUG] SM2452 11FEB: Match #90: HK 24JAN | Line: 090N 01KHALIL/FATMA MOHA          	8CSNH4 P  HK 24JAN CAISM05IN
[DEBUG] SM2452 11FEB: Match #91: HK 24JAN | Line: 091N 01KHALIL/THANAA ABD          	8CSNH4 P  HK 24JAN CAISM05IN
[DEBUG] SM2452 11FEB: Match #92: HK 24JAN | Line: 092N 01KHAMIS/SHAIMAA HA          	8ENF79 P  HK 24JAN CAISM05IN
[DEBUG] SM2452 11FEB: Match #93: HK 24JAN | Line: 093N 01MAHMOUD/ATTIAT GA          	8SY553 P  HK 24JAN CAISM05IN
[DEBUG] SM2452 11FEB: Match #94: HK 24JAN | Line: 094N 01MAHMOUD/AWATEF BA          	8ENF79 P  HK 24JAN CAISM05IN
[DEBUG] SM2452 11FEB: Match #95: HK 24JAN | Line: 095N 01MAHMOUD/FANYAR TA          	8EEMUH P  HK 24JAN CAISM05IN
[DEBUG] SM2452 11FEB: Match #96: HK 24JAN | Line: 096N 01MAHMOUD/FATMA ABD          	8EEMUH P  HK 24JAN CAISM05IN
[DEBUG] SM2452 11FEB: Match #97: HK 24JAN | Line: 097N 01MAHMOUD/MOHAMED A          	8ENF79 P  HK 24JAN CAISM05IN
[DEBUG] SM2452 11FEB: Match #98: HK 24JAN | Line: 098N 01MAHMOUD/RAWAIEH M          	8EEMUH P  HK 24JAN CAISM05IN
[DEBUG] SM2452 11FEB: Match #99: HK 24JAN | Line: 099N 01MAHMOUD/SHAHDAH H          	8EEMUH P  HK 24JAN CAISM05IN
[DEBUG] SM2452 11FEB: Match #100: HK 24JAN | Line: 100N 01MAHMOUD/ZIEAD MOH          	8CSNH4 P  HK 24JAN CAISM05IN
[DEBUG] SM2452 11FEB: Match #101: HK 24JAN | Line: 101N 01MANSOUR/ATTIAT MO          	8CSNH4 P  HK 24JAN CAISM05IN
[DEBUG] SM2452 11FEB: Match #102: HK 24JAN | Line: 102N 01MEKKY/HASSAN ELTI          	8ENF79 P  HK 24JAN CAISM05IN
[DEBUG] SM2452 11FEB: Match #103: HK 24JAN | Line: 103N 01MEKKY/NEAMA SAAD           	8ENF79 P  HK 24JAN CAISM05IN
[DEBUG] SM2452 11FEB: Match #104: HK 24JAN | Line: 104N 01MESHREF/AHMED KHA          	8ENF79 P  HK 24JAN CAISM05IN
[DEBUG] SM2452 11FEB: Match #105: HK 24JAN | Line: 105N 01MOHAMED/AHMED ALI          	8CSNH4 P  HK 24JAN CAISM05IN
[DEBUG] SM2452 11FEB: Match #106: HK 24JAN | Line: 106N 01MOHAMED/AHMED ISL          	8CSNH4 P  HK 24JAN CAISM05IN
[DEBUG] SM2452 11FEB: Match #107: HK 24JAN | Line: 107N 01MOHAMED/AHMED SAL          	8ENF79 P  HK 24JAN CAISM05IN
[DEBUG] SM2452 11FEB: Match #108: HK 24JAN | Line: 108N 01MOHAMED/ATEF ABDE          	8EEMUH P  HK 24JAN CAISM05IN
[DEBUG] SM2452 11FEB: Match #109: HK 24JAN | Line: 109N 01MOHAMED/BARAKTALL          	8EEMUH P  HK 24JAN CAISM05IN
[DEBUG] SM2452 11FEB: Match #110: HK 24JAN | Line: 110N 01MOHAMED/DAKTORA G          	8EEMUH P  HK 24JAN CAISM05IN
[DEBUG] SM2452 11FEB: Match #111: HK 24JAN | Line: 111N 01MOHAMED/EID AHMED          	8CSNH4 P  HK 24JAN CAISM05IN
[DEBUG] SM2452 11FEB: Match #112: HK 24JAN | Line: 112N 01MOHAMED/GHADA ELK          	8CSNH4 P  HK 24JAN CAISM05IN
[DEBUG] SM2452 11FEB: Match #113: HK 24JAN | Line: 113N 01MOHAMED/GIHAN HAM          	8EEMUH P  HK 24JAN CAISM05IN
[DEBUG] SM2452 11FEB: Match #114: HK 24JAN | Line: 114N 01MOHAMED/HAGAR AHM          	8ENF79 P  HK 24JAN CAISM05IN
[DEBUG] SM2452 11FEB: Match #115: HK 24JAN | Line: 115N 01MOHAMED/LAMIA ESS          	8CSNH4 P  HK 24JAN CAISM05IN
[DEBUG] SM2452 11FEB: Match #116: HK 24JAN | Line: 116N 01MOHAMED/MONA HUSS          	8EEMUH P  HK 24JAN CAISM05IN
[DEBUG] SM2452 11FEB: Match #117: HK 24JAN | Line: 117N 01MOHAMED/NAGLAA AT          	8CSNH4 P  HK 24JAN CAISM05IN
[DEBUG] SM2452 11FEB: Match #118: HK 24JAN | Line: 118N 01MOHAMED/SAYED ABO          	8ENF79 P  HK 24JAN CAISM05IN
[DEBUG] SM2452 11FEB: Match #119: HK 24JAN | Line: 119N 01MORSY/MONA DAHY            	8ENF79 P  HK 24JAN CAISM05IN
[DEBUG] SM2452 11FEB: Match #120: HK 24JAN | Line: 120N 01MOSTAFA/ABDELRAHM          	8ENF79 P  HK 24JAN CAISM05IN
[DEBUG] SM2452 11FEB: Match #121: HK 24JAN | Line: 121N 01MOSTAFA/ALZAHRAA           	8ENF79 P  HK 24JAN CAISM05IN
[DEBUG] SM2452 11FEB: Match #122: HK 24JAN | Line: 122N 01MOSTAFA/AZZA MOHA          	8ENF79 P  HK 24JAN CAISM05IN
[DEBUG] SM2452 11FEB: Match #123: HK 24JAN | Line: 123N 01MOUSA/BAKHITA AHM          	8CSNH4 P  HK 24JAN CAISM05IN
[DEBUG] SM2452 11FEB: Match #124: HK 24JAN | Line: 124N 01MOUSSA/FAHD AREEF          	8CSNH4 P  HK 24JAN CAISM05IN
[DEBUG] SM2452 11FEB: Match #125: HK 24JAN | Line: 125N 01NAGIB/AHMED HAMAD          	8ENF79 P  HK 24JAN CAISM05IN
[DEBUG] SM2452 11FEB: Match #126: HK 24JAN | Line: 126N 01NAGIB/EZZELDIN HA          	8ENF79 P  HK 24JAN CAISM05IN
[DEBUG] SM2452 11FEB: Match #127: HK 24JAN | Line: 127N 01OSMAN/ZEINAB MOHA          	8CSNH4 P  HK 24JAN CAISM05IN
[DEBUG] SM2452 11FEB: Match #128: HK 24JAN | Line: 128N 01OTHMAN/GIHAN MOHA          	8ENF79 P  HK 24JAN CAISM05IN
[DEBUG] SM2452 11FEB: Match #129: HK 24JAN | Line: 129N 01OTHMAN/HEND HASSA          	8ENF79 P  HK 24JAN CAISM05IN
[DEBUG] SM2452 11FEB: Match #130: HK 24JAN | Line: 130N 01RABIE/AIEDA MOHAM          	8CSNH4 P  HK 24JAN CAISM05IN
[DEBUG] SM2452 11FEB: Match #131: HK 24JAN | Line: 131N 01RADWAN/NAFISA MOH          	8ENF79 P  HK 24JAN CAISM05IN
[DEBUG] SM2452 11FEB: Match #132: HK 24JAN | Line: 132N 01SALAM/ISMAIEL AHM          	8CSNH4 P  HK 24JAN CAISM05IN
[DEBUG] SM2452 11FEB: Match #133: HK 24JAN | Line: 133N 01SALEH/HAMDA MOHAM          	8EEMUH P  HK 24JAN CAISM05IN
[DEBUG] SM2452 11FEB: Match #134: HK 24JAN | Line: 134N 01SALIM/EMAN HUSSEI          	8EEMUH P  HK 24JAN CAISM05IN
[DEBUG] SM2452 11FEB: Match #135: HK 24JAN | Line: 135N 01SALLAM/HAMIDA HUS          	8EEMUH P  HK 24JAN CAISM05IN
[DEBUG] SM2452 11FEB: DUPLICATE #7: 134N HK 24JAN | Skipping
[DEBUG] SM2452 11FEB: DUPLICATE #8: 135N HK 24JAN | Skipping
[DEBUG] SM2452 11FEB: Match #136: HK 24JAN | Line: 136N 01SALMAN/AMNA AHMED          	8EEMUH P  HK 24JAN CAISM05IN
[DEBUG] SM2452 11FEB: Match #137: HK 24JAN | Line: 137N 01SHEHATA/KAWSAR AB          	8ENF79 P  HK 24JAN CAISM05IN
[DEBUG] SM2452 11FEB: Match #138: HK 24JAN | Line: 138N 01SOLIMAN/DOAA OTHM          	7L7XGF P  HK 24JAN CAISM05IN
[DEBUG] SM2452 11FEB: Match #139: HK 24JAN | Line: 139N 01TAMMAM/MOHAMED AS          	8CSNH4 P  HK 24JAN CAISM05IN
[DEBUG] SM2452 11FEB: Match #140: HK 24JAN | Line: 140N 01YOUSSEF/ZAINAB AL          	8SY553 P  HK 24JAN CAISM05IN
[LF] SM2452 11FEB: LP/T count complete. True WEEKLY: 140, TODAY: 0, YDAY: 0 | Removed 8 duplicates
[LF] SM2452 11FEB: LP/T result: WEEKLY=140, TODAY=0, YDAY=0
[LF] SM2452 11FEB: LASTSOLD=2026-01-26 00:00:00, WEEKLY=140, TODAY=0, YDAY=0
[LF] SM492 11FEB: LASTSOLD=2026-01-29 00:00:00, WEEKLY=52, TODAY=0, YDAY=5
2026-01-30 06:07:37 | INFO     | [SUCCESS] Day 11FEB
2026-01-30 06:07:37 | INFO     | [DAY_START] Processing 10FEB
[LF] Processing JED-ATZ for 10FEB
2026-01-30 06:07:37 | INFO     | [lf.day.start] Processing JED-ATZ for 10FEB
[LF] Sending SN command: SN10FEBJEDATZ/ASM
[LF] 10FEB: found 4 direct flights
2026-01-30 06:07:38 | INFO     | [lf.day.flights_found] Found 4 flights on 10FEB
2026-01-30 06:07:40 | INFO     | [lf.flight.extracted] SM976 on 10FEB: BKG=21, LF=11.8%
[LF] SM976 10FEB: BKG=21, GRP=0, CAP=178, LF%=11.8%, Brd-Off=JED-ATZ, Classes: I:18, O:3
2026-01-30 06:07:43 | INFO     | [lf.flight.extracted] SM454 on 10FEB: BKG=70, LF=40.0%
[LF] SM454 10FEB: BKG=70, GRP=0, CAP=175, LF%=40.0%, Brd-Off=JED-ATZ, Classes: I:57, O:12, V:1
2026-01-30 06:07:47 | INFO     | [lf.flight.extracted] SM2448 on 10FEB: BKG=45, LF=25.7%
[LF] SM2448 10FEB: BKG=45, GRP=45, CAP=175, LF%=25.7%, Brd-Off=JED-ATZ, Classes: P:45
2026-01-30 06:07:50 | INFO     | [lf.flight.extracted] SM456 on 10FEB: BKG=112, LF=64.0%
[LF] SM456 10FEB: BKG=112, GRP=33, CAP=175, LF%=64.0%, Brd-Off=JED-ATZ, Classes: P:33, I:49, O:21, X:8, K:1
[LF] Getting WEEKLY/LASTSOLD data for 4 flights
[LF] SM976 10FEB: LASTSOLD=2026-01-29 00:00:00, WEEKLY=7, TODAY=0, YDAY=1
[LF] SM454 10FEB: LASTSOLD=2026-01-29 00:00:00, WEEKLY=52, TODAY=0, YDAY=6
[LF] SM2448 10FEB: LASTSOLD=2026-01-24 00:00:00, WEEKLY=46, TODAY=0, YDAY=0
[LF] SM456 10FEB: LASTSOLD=2026-01-29 00:00:00, WEEKLY=27, TODAY=0, YDAY=6
2026-01-30 06:08:06 | INFO     | [SUCCESS] Day 10FEB
2026-01-30 06:08:06 | INFO     | [DAY_START] Processing 09FEB
[LF] Processing JED-ATZ for 09FEB
2026-01-30 06:08:06 | INFO     | [lf.day.start] Processing JED-ATZ for 09FEB
[LF] Sending SN command: SN09FEBJEDATZ/ASM
[LF] 09FEB: found 5 direct flights
2026-01-30 06:08:07 | INFO     | [lf.day.flights_found] Found 5 flights on 09FEB
2026-01-30 06:08:09 | INFO     | [lf.flight.extracted] SM974 on 09FEB: BKG=55, LF=32.9%
[LF] SM974 09FEB: BKG=55, GRP=40, CAP=167, LF%=32.9%, Brd-Off=JED-ATZ, Classes: P:40, I:15
2026-01-30 06:08:12 | INFO     | [lf.flight.extracted] SM456 on 09FEB: BKG=146, LF=83.4%
[LF] SM456 09FEB: BKG=146, GRP=67, CAP=175, LF%=83.4%, Brd-Off=JED-ATZ, Classes: P:67, I:50, O:27, U:2
2026-01-30 06:08:16 | INFO     | [lf.flight.extracted] SM984 on 09FEB: BKG=74, LF=42.3%
[LF] SM984 09FEB: BKG=74, GRP=32, CAP=175, LF%=42.3%, Brd-Off=JED-ATZ, Classes: P:32, I:18, O:24
2026-01-30 06:08:19 | INFO     | [lf.flight.extracted] SM492 on 09FEB: BKG=156, LF=89.1%
[LF] SM492 09FEB: BKG=156, GRP=87, CAP=175, LF%=89.1%, Brd-Off=JED-ATZ, Classes: P:87, I:25, O:40, U:2, X:2
2026-01-30 06:08:22 | INFO     | [lf.flight.extracted] SM454 on 09FEB: BKG=102, LF=58.3%
[LF] SM454 09FEB: BKG=102, GRP=45, CAP=175, LF%=58.3%, Brd-Off=JED-ATZ, Classes: P:45, I:45, O:11, X:1
[LF] Getting WEEKLY/LASTSOLD data for 5 flights
[LF] SM974 09FEB: LASTSOLD=2026-01-29 00:00:00, WEEKLY=15, TODAY=0, YDAY=9
[LF] SM456 09FEB: LASTSOLD=2026-01-29 00:00:00, WEEKLY=47, TODAY=0, YDAY=1
[LF] SM984 09FEB: LASTSOLD=2026-01-29 00:00:00, WEEKLY=18, TODAY=0, YDAY=5
[LF] SM492 09FEB: LASTSOLD=2026-01-29 00:00:00, WEEKLY=13, TODAY=0, YDAY=3
[LF] SM454 09FEB: LASTSOLD=2026-01-29 00:00:00, WEEKLY=23, TODAY=0, YDAY=5
2026-01-30 06:08:44 | INFO     | [SUCCESS] Day 09FEB
[LF] Results summary:
  2026-02-18: 2 flights
  2026-02-17: 4 flights
  2026-02-16: 6 flights
  2026-02-15: 2 flights
  2026-02-14: 4 flights
  2026-02-13: 1 flights
  2026-02-12: 6 flights
  2026-02-11: 3 flights
  2026-02-10: 4 flights
  2026-02-09: 5 flights
[LF] Cancelled flights found: 1
  - SM963 16FEB (SN)
2026-01-30 06:08:44 | INFO     | [SUCCESS] LF Search Complete
[Worker_9223] Cancelled flights collected: 1

============================================================
[Worker_9223] ✓ COMPLETED: JED-ATZ
  Results: 10 dates
  Errors: 0 dates
  Total Processed: 46 groups
============================================================

2026-01-30 06:08:44 | INFO     | [Worker_9223] Completed: JED-ATZ - 10 results, 0 errors

============================================================
[Worker_9223] Processing: ATZ-DMM
  Tier 0: Range 1, Chunk 2/3
  Dates: 10 days
  Date Range: 2026-02-18 to 2026-02-09
============================================================

2026-01-30 06:08:44 | INFO     | [Worker_9223] Processing: ATZ-DMM
2026-01-30 06:08:44 | INFO     |   Tier 0: Range 1, Chunk 2/3 (10 days)
2026-01-30 06:08:44 | INFO     | ======================================================================
2026-01-30 06:08:44 | INFO     | Load Factor Scraper Started - Route: ATZ-DMM
2026-01-30 06:08:44 | INFO     | Log file: D:\CODERED\LAB\Artifacts\outputs\run_generated_300126_at_05.16\logs\LF_ATZ-DMM_20260130_060844.log
2026-01-30 06:08:44 | INFO     | Enhanced logging: Capturing both logging.info() and print()
2026-01-30 06:08:44 | INFO     | ======================================================================
[LF] Processing dates (override): ['18FEB', '17FEB', '16FEB', '15FEB', '14FEB', '13FEB', '12FEB', '11FEB', '10FEB', '09FEB']
[LF] Attaching to Chrome for Altea access
2026-01-30 06:08:44 | INFO     | Starting LF search for route: ATZ-DMM
2026-01-30 06:08:44 | INFO     | [START] LF Search
[LF][[OK] SUCCESS] Connected to Chrome on 127.0.0.1:9223 (after 1 attempts)
2026-01-30 06:08:45 | INFO     | [HEALTH CHECK] [OK] Chrome connection is healthy
[LF][[OK] SUCCESS] Found Amadeus Altea window: Altéa Reservation Desktop
[LF][[INFO] INFO] URL: https://tc212.resdesktop.altea.amadeus.com/app_ard/apf/init/login?SITE=ESMPESMP&LANGUAGE=GB&MARKETS=ARDW_PROD_WBP&ACTION=clpLogin
2026-01-30 06:08:45 | INFO     | [DAY_START] Processing 18FEB
[LF] Processing ATZ-DMM for 18FEB
2026-01-30 06:08:45 | INFO     | [lf.day.start] Processing ATZ-DMM for 18FEB
[LF] Sending SN command: SN18FEBATZDMM/ASM
[LF] No direct flights on 18FEB for ATZ-DMM
2026-01-30 06:08:46 | WARNING  | [lf.day.no_flights] No direct flights on 18FEB
2026-01-30 06:08:46 | INFO     | [SUCCESS] Day 18FEB
2026-01-30 06:08:46 | INFO     | [DAY_START] Processing 17FEB
[LF] Processing ATZ-DMM for 17FEB
2026-01-30 06:08:46 | INFO     | [lf.day.start] Processing ATZ-DMM for 17FEB
[LF] Sending SN command: SN17FEBATZDMM/ASM
[LF] No direct flights on 17FEB for ATZ-DMM
2026-01-30 06:08:47 | WARNING  | [lf.day.no_flights] No direct flights on 17FEB
2026-01-30 06:08:47 | INFO     | [SUCCESS] Day 17FEB
2026-01-30 06:08:47 | INFO     | [DAY_START] Processing 16FEB
[LF] Processing ATZ-DMM for 16FEB
2026-01-30 06:08:47 | INFO     | [lf.day.start] Processing ATZ-DMM for 16FEB
[LF] Sending SN command: SN16FEBATZDMM/ASM
[LF] 16FEB: found 1 direct flights
2026-01-30 06:08:48 | INFO     | [lf.day.flights_found] Found 1 flights on 16FEB
2026-01-30 06:08:50 | INFO     | [lf.flight.extracted] SM437 on 16FEB: BKG=22, LF=12.3%
[LF] SM437 16FEB: BKG=22, GRP=0, CAP=179, LF%=12.3%, Brd-Off=ATZ-DMM, Classes: I:17, S:3, G:2
[LF] Getting WEEKLY/LASTSOLD data for 1 flights
[LF] SM437 16FEB: LASTSOLD=2026-01-29 00:00:00, WEEKLY=11, TODAY=0, YDAY=4
2026-01-30 06:08:53 | INFO     | [SUCCESS] Day 16FEB
2026-01-30 06:08:53 | INFO     | [DAY_START] Processing 15FEB
[LF] Processing ATZ-DMM for 15FEB
2026-01-30 06:08:53 | INFO     | [lf.day.start] Processing ATZ-DMM for 15FEB
[LF] Sending SN command: SN15FEBATZDMM/ASM
[LF] No direct flights on 15FEB for ATZ-DMM
2026-01-30 06:08:55 | WARNING  | [lf.day.no_flights] No direct flights on 15FEB
2026-01-30 06:08:55 | INFO     | [SUCCESS] Day 15FEB
2026-01-30 06:08:55 | INFO     | [DAY_START] Processing 14FEB
[LF] Processing ATZ-DMM for 14FEB
2026-01-30 06:08:55 | INFO     | [lf.day.start] Processing ATZ-DMM for 14FEB
[LF] Sending SN command: SN14FEBATZDMM/ASM
[LF] No direct flights on 14FEB for ATZ-DMM
2026-01-30 06:08:56 | WARNING  | [lf.day.no_flights] No direct flights on 14FEB
2026-01-30 06:08:56 | INFO     | [SUCCESS] Day 14FEB
2026-01-30 06:08:56 | INFO     | [DAY_START] Processing 13FEB
[LF] Processing ATZ-DMM for 13FEB
2026-01-30 06:08:56 | INFO     | [lf.day.start] Processing ATZ-DMM for 13FEB
[LF] Sending SN command: SN13FEBATZDMM/ASM
[LF] 13FEB: found 1 direct flights
2026-01-30 06:08:57 | INFO     | [lf.day.flights_found] Found 1 flights on 13FEB
2026-01-30 06:08:59 | INFO     | [lf.flight.extracted] SM437 on 13FEB: BKG=42, LF=23.5%
[LF] SM437 13FEB: BKG=42, GRP=0, CAP=179, LF%=23.5%, Brd-Off=ATZ-DMM, Classes: I:18, O:9, U:6, T:1, S:2, G:6
[LF] Getting WEEKLY/LASTSOLD data for 1 flights
[LF] SM437 13FEB: LASTSOLD=2026-01-29 00:00:00, WEEKLY=26, TODAY=0, YDAY=5
2026-01-30 06:09:02 | INFO     | [SUCCESS] Day 13FEB
2026-01-30 06:09:02 | INFO     | [DAY_START] Processing 12FEB
[LF] Processing ATZ-DMM for 12FEB
2026-01-30 06:09:02 | INFO     | [lf.day.start] Processing ATZ-DMM for 12FEB
[LF] Sending SN command: SN12FEBATZDMM/ASM
[LF] No direct flights on 12FEB for ATZ-DMM
2026-01-30 06:09:03 | WARNING  | [lf.day.no_flights] No direct flights on 12FEB
2026-01-30 06:09:03 | INFO     | [SUCCESS] Day 12FEB
2026-01-30 06:09:03 | INFO     | [DAY_START] Processing 11FEB
[LF] Processing ATZ-DMM for 11FEB
2026-01-30 06:09:03 | INFO     | [lf.day.start] Processing ATZ-DMM for 11FEB
[LF] Sending SN command: SN11FEBATZDMM/ASM
[LF] No direct flights on 11FEB for ATZ-DMM
2026-01-30 06:09:05 | WARNING  | [lf.day.no_flights] No direct flights on 11FEB
2026-01-30 06:09:05 | INFO     | [SUCCESS] Day 11FEB
2026-01-30 06:09:05 | INFO     | [DAY_START] Processing 10FEB
[LF] Processing ATZ-DMM for 10FEB
2026-01-30 06:09:05 | INFO     | [lf.day.start] Processing ATZ-DMM for 10FEB
[LF] Sending SN command: SN10FEBATZDMM/ASM
[LF] No direct flights on 10FEB for ATZ-DMM
2026-01-30 06:09:06 | WARNING  | [lf.day.no_flights] No direct flights on 10FEB
2026-01-30 06:09:06 | INFO     | [SUCCESS] Day 10FEB
2026-01-30 06:09:06 | INFO     | [DAY_START] Processing 09FEB
[LF] Processing ATZ-DMM for 09FEB
2026-01-30 06:09:06 | INFO     | [lf.day.start] Processing ATZ-DMM for 09FEB
[LF] Sending SN command: SN09FEBATZDMM/ASM
[LF] 09FEB: found 1 direct flights
2026-01-30 06:09:07 | INFO     | [lf.day.flights_found] Found 1 flights on 09FEB
2026-01-30 06:09:09 | INFO     | [lf.flight.extracted] SM437 on 09FEB: BKG=96, LF=53.6%
[LF] SM437 09FEB: BKG=96, GRP=0, CAP=179, LF%=53.6%, Brd-Off=ATZ-DMM, Classes: I:27, O:32, U:9, X:12, T:11, W:2, G:1, L:2
[LF] Getting WEEKLY/LASTSOLD data for 1 flights
[LF] SM437 09FEB: LASTSOLD=2026-01-29 00:00:00, WEEKLY=54, TODAY=0, YDAY=12
2026-01-30 06:09:14 | INFO     | [SUCCESS] Day 09FEB
[LF] Results summary:
  2026-02-18: 0 flights
  2026-02-17: 0 flights
  2026-02-16: 1 flights
  2026-02-15: 0 flights
  2026-02-14: 0 flights
  2026-02-13: 1 flights
  2026-02-12: 0 flights
  2026-02-11: 0 flights
  2026-02-10: 0 flights
  2026-02-09: 1 flights
2026-01-30 06:09:14 | INFO     | [SUCCESS] LF Search Complete

============================================================
[Worker_9223] ✓ COMPLETED: ATZ-DMM
  Results: 10 dates
  Errors: 0 dates
  Total Processed: 47 groups
============================================================

2026-01-30 06:09:14 | INFO     | [Worker_9223] Completed: ATZ-DMM - 10 results, 0 errors

============================================================
[Worker_9223] Processing: ATZ-TUU
  Tier 0: Range 1, Chunk 2/3
  Dates: 10 days
  Date Range: 2026-02-18 to 2026-02-09
============================================================

2026-01-30 06:09:14 | INFO     | [Worker_9223] Processing: ATZ-TUU
2026-01-30 06:09:14 | INFO     |   Tier 0: Range 1, Chunk 2/3 (10 days)
2026-01-30 06:09:14 | INFO     | ======================================================================
2026-01-30 06:09:14 | INFO     | Load Factor Scraper Started - Route: ATZ-TUU
2026-01-30 06:09:14 | INFO     | Log file: D:\CODERED\LAB\Artifacts\outputs\run_generated_300126_at_05.16\logs\LF_ATZ-TUU_20260130_060914.log
2026-01-30 06:09:14 | INFO     | Enhanced logging: Capturing both logging.info() and print()
2026-01-30 06:09:14 | INFO     | ======================================================================
[LF] Processing dates (override): ['18FEB', '17FEB', '16FEB', '15FEB', '14FEB', '13FEB', '12FEB', '11FEB', '10FEB', '09FEB']
[LF] Attaching to Chrome for Altea access
2026-01-30 06:09:14 | INFO     | Starting LF search for route: ATZ-TUU
2026-01-30 06:09:14 | INFO     | [START] LF Search
[LF][[OK] SUCCESS] Connected to Chrome on 127.0.0.1:9223 (after 1 attempts)
2026-01-30 06:09:15 | INFO     | [HEALTH CHECK] [OK] Chrome connection is healthy
[LF][[OK] SUCCESS] Found Amadeus Altea window: Altéa Reservation Desktop
[LF][[INFO] INFO] URL: https://tc212.resdesktop.altea.amadeus.com/app_ard/apf/init/login?SITE=ESMPESMP&LANGUAGE=GB&MARKETS=ARDW_PROD_WBP&ACTION=clpLogin
2026-01-30 06:09:15 | INFO     | [DAY_START] Processing 18FEB
[LF] Processing ATZ-TUU for 18FEB
2026-01-30 06:09:15 | INFO     | [lf.day.start] Processing ATZ-TUU for 18FEB
[LF] Sending SN command: SN18FEBATZTUU/ASM
[LF] No direct flights on 18FEB for ATZ-TUU
2026-01-30 06:09:16 | WARNING  | [lf.day.no_flights] No direct flights on 18FEB
2026-01-30 06:09:16 | INFO     | [SUCCESS] Day 18FEB
2026-01-30 06:09:16 | INFO     | [DAY_START] Processing 17FEB
[LF] Processing ATZ-TUU for 17FEB
2026-01-30 06:09:16 | INFO     | [lf.day.start] Processing ATZ-TUU for 17FEB
[LF] Sending SN command: SN17FEBATZTUU/ASM
[LF] No direct flights on 17FEB for ATZ-TUU
2026-01-30 06:09:17 | WARNING  | [lf.day.no_flights] No direct flights on 17FEB
2026-01-30 06:09:17 | INFO     | [SUCCESS] Day 17FEB
2026-01-30 06:09:17 | INFO     | [DAY_START] Processing 16FEB
[LF] Processing ATZ-TUU for 16FEB
2026-01-30 06:09:17 | INFO     | [lf.day.start] Processing ATZ-TUU for 16FEB
[LF] Sending SN command: SN16FEBATZTUU/ASM
[LF] No direct flights on 16FEB for ATZ-TUU
2026-01-30 06:09:19 | WARNING  | [lf.day.no_flights] No direct flights on 16FEB
2026-01-30 06:09:19 | INFO     | [SUCCESS] Day 16FEB
2026-01-30 06:09:19 | INFO     | [DAY_START] Processing 15FEB
[LF] Processing ATZ-TUU for 15FEB
2026-01-30 06:09:19 | INFO     | [lf.day.start] Processing ATZ-TUU for 15FEB
[LF] Sending SN command: SN15FEBATZTUU/ASM
[LF] No direct flights on 15FEB for ATZ-TUU
2026-01-30 06:09:20 | WARNING  | [lf.day.no_flights] No direct flights on 15FEB
2026-01-30 06:09:20 | INFO     | [SUCCESS] Day 15FEB
2026-01-30 06:09:20 | INFO     | [DAY_START] Processing 14FEB
[LF] Processing ATZ-TUU for 14FEB
2026-01-30 06:09:20 | INFO     | [lf.day.start] Processing ATZ-TUU for 14FEB
[LF] Sending SN command: SN14FEBATZTUU/ASM
[LF] No direct flights on 14FEB for ATZ-TUU
2026-01-30 06:09:21 | WARNING  | [lf.day.no_flights] No direct flights on 14FEB
2026-01-30 06:09:21 | INFO     | [SUCCESS] Day 14FEB
2026-01-30 06:09:21 | INFO     | [DAY_START] Processing 13FEB
[LF] Processing ATZ-TUU for 13FEB
2026-01-30 06:09:21 | INFO     | [lf.day.start] Processing ATZ-TUU for 13FEB
[LF] Sending SN command: SN13FEBATZTUU/ASM
[LF] 13FEB: found 1 direct flights
2026-01-30 06:09:22 | INFO     | [lf.day.flights_found] Found 1 flights on 13FEB
2026-01-30 06:09:24 | INFO     | [lf.flight.extracted] SM327 on 13FEB: BKG=7, LF=3.9%
[LF] SM327 13FEB: BKG=7, GRP=0, CAP=179, LF%=3.9%, Brd-Off=ATZ-TUU, Classes: I:7
[LF] Getting WEEKLY/LASTSOLD data for 1 flights
[LF] SM327 13FEB: LASTSOLD=2026-01-29 00:00:00, WEEKLY=6, TODAY=0, YDAY=2
2026-01-30 06:09:28 | INFO     | [SUCCESS] Day 13FEB
2026-01-30 06:09:28 | INFO     | [DAY_START] Processing 12FEB
[LF] Processing ATZ-TUU for 12FEB
2026-01-30 06:09:28 | INFO     | [lf.day.start] Processing ATZ-TUU for 12FEB
[LF] Sending SN command: SN12FEBATZTUU/ASM
[LF] No direct flights on 12FEB for ATZ-TUU
2026-01-30 06:09:29 | WARNING  | [lf.day.no_flights] No direct flights on 12FEB
2026-01-30 06:09:29 | INFO     | [SUCCESS] Day 12FEB
2026-01-30 06:09:29 | INFO     | [DAY_START] Processing 11FEB
[LF] Processing ATZ-TUU for 11FEB
2026-01-30 06:09:29 | INFO     | [lf.day.start] Processing ATZ-TUU for 11FEB
[LF] Sending SN command: SN11FEBATZTUU/ASM
[LF] No direct flights on 11FEB for ATZ-TUU
2026-01-30 06:09:30 | WARNING  | [lf.day.no_flights] No direct flights on 11FEB
2026-01-30 06:09:30 | INFO     | [SUCCESS] Day 11FEB
2026-01-30 06:09:30 | INFO     | [DAY_START] Processing 10FEB
[LF] Processing ATZ-TUU for 10FEB
2026-01-30 06:09:30 | INFO     | [lf.day.start] Processing ATZ-TUU for 10FEB
[LF] Sending SN command: SN10FEBATZTUU/ASM
[LF] No direct flights on 10FEB for ATZ-TUU
2026-01-30 06:09:31 | WARNING  | [lf.day.no_flights] No direct flights on 10FEB
2026-01-30 06:09:31 | INFO     | [SUCCESS] Day 10FEB
2026-01-30 06:09:31 | INFO     | [DAY_START] Processing 09FEB
[LF] Processing ATZ-TUU for 09FEB
2026-01-30 06:09:31 | INFO     | [lf.day.start] Processing ATZ-TUU for 09FEB
[LF] Sending SN command: SN09FEBATZTUU/ASM
[LF] No direct flights on 09FEB for ATZ-TUU
2026-01-30 06:09:33 | WARNING  | [lf.day.no_flights] No direct flights on 09FEB
2026-01-30 06:09:33 | INFO     | [SUCCESS] Day 09FEB
[LF] Results summary:
  2026-02-18: 0 flights
  2026-02-17: 0 flights
  2026-02-16: 0 flights
  2026-02-15: 0 flights
  2026-02-14: 0 flights
  2026-02-13: 1 flights
  2026-02-12: 0 flights
  2026-02-11: 0 flights
  2026-02-10: 0 flights
  2026-02-09: 0 flights
2026-01-30 06:09:33 | INFO     | [SUCCESS] LF Search Complete

============================================================
[Worker_9223] ✓ COMPLETED: ATZ-TUU
  Results: 10 dates
  Errors: 0 dates
  Total Processed: 48 groups
============================================================

2026-01-30 06:09:33 | INFO     | [Worker_9223] Completed: ATZ-TUU - 10 results, 0 errors

============================================================
[Worker_9223] Processing: CAI-AHB
  Tier 0: Range 1, Chunk 2/3
  Dates: 10 days
  Date Range: 2026-02-18 to 2026-02-09
============================================================

2026-01-30 06:09:33 | INFO     | [Worker_9223] Processing: CAI-AHB
2026-01-30 06:09:33 | INFO     |   Tier 0: Range 1, Chunk 2/3 (10 days)
2026-01-30 06:09:33 | INFO     | ======================================================================
2026-01-30 06:09:33 | INFO     | Load Factor Scraper Started - Route: CAI-AHB
2026-01-30 06:09:33 | INFO     | Log file: D:\CODERED\LAB\Artifacts\outputs\run_generated_300126_at_05.16\logs\LF_CAI-AHB_20260130_060933.log
2026-01-30 06:09:33 | INFO     | Enhanced logging: Capturing both logging.info() and print()
2026-01-30 06:09:33 | INFO     | ======================================================================
[LF] Processing dates (override): ['18FEB', '17FEB', '16FEB', '15FEB', '14FEB', '13FEB', '12FEB', '11FEB', '10FEB', '09FEB']
[LF] Attaching to Chrome for Altea access
2026-01-30 06:09:33 | INFO     | Starting LF search for route: CAI-AHB
2026-01-30 06:09:33 | INFO     | [START] LF Search
[LF][[OK] SUCCESS] Connected to Chrome on 127.0.0.1:9223 (after 1 attempts)
2026-01-30 06:09:33 | INFO     | [HEALTH CHECK] [OK] Chrome connection is healthy
[LF][[OK] SUCCESS] Found Amadeus Altea window: Altéa Reservation Desktop
[LF][[INFO] INFO] URL: https://tc212.resdesktop.altea.amadeus.com/app_ard/apf/init/login?SITE=ESMPESMP&LANGUAGE=GB&MARKETS=ARDW_PROD_WBP&ACTION=clpLogin
2026-01-30 06:09:33 | INFO     | [DAY_START] Processing 18FEB
[LF] Processing CAI-AHB for 18FEB
2026-01-30 06:09:33 | INFO     | [lf.day.start] Processing CAI-AHB for 18FEB
[LF] Sending SN command: SN18FEBCAIAHB/ASM
[LF] 18FEB: found 1 direct flights
2026-01-30 06:09:35 | INFO     | [lf.day.flights_found] Found 1 flights on 18FEB
2026-01-30 06:09:37 | INFO     | [lf.flight.extracted] SM447 on 18FEB: BKG=6, LF=3.4%
[LF] SM447 18FEB: BKG=6, GRP=0, CAP=179, LF%=3.4%, Brd-Off=CAI-AHB, Classes: X:1, W:4, G:1
[LF] Getting WEEKLY/LASTSOLD data for 1 flights
[LF] SM447 18FEB: LASTSOLD=2026-01-27 00:00:00, WEEKLY=2, TODAY=0, YDAY=0
2026-01-30 06:09:40 | INFO     | [SUCCESS] Day 18FEB
2026-01-30 06:09:40 | INFO     | [DAY_START] Processing 17FEB
[LF] Processing CAI-AHB for 17FEB
2026-01-30 06:09:40 | INFO     | [lf.day.start] Processing CAI-AHB for 17FEB
[LF] Sending SN command: SN17FEBCAIAHB/ASM
[LF] No direct flights on 17FEB for CAI-AHB
2026-01-30 06:09:42 | WARNING  | [lf.day.no_flights] No direct flights on 17FEB
2026-01-30 06:09:42 | INFO     | [SUCCESS] Day 17FEB
2026-01-30 06:09:42 | INFO     | [DAY_START] Processing 16FEB
[LF] Processing CAI-AHB for 16FEB
2026-01-30 06:09:42 | INFO     | [lf.day.start] Processing CAI-AHB for 16FEB
[LF] Sending SN command: SN16FEBCAIAHB/ASM
[LF] No direct flights on 16FEB for CAI-AHB
2026-01-30 06:09:43 | WARNING  | [lf.day.no_flights] No direct flights on 16FEB
2026-01-30 06:09:43 | INFO     | [SUCCESS] Day 16FEB
2026-01-30 06:09:43 | INFO     | [DAY_START] Processing 15FEB
[LF] Processing CAI-AHB for 15FEB
2026-01-30 06:09:43 | INFO     | [lf.day.start] Processing CAI-AHB for 15FEB
[LF] Sending SN command: SN15FEBCAIAHB/ASM
[LF] No direct flights on 15FEB for CAI-AHB
2026-01-30 06:09:44 | WARNING  | [lf.day.no_flights] No direct flights on 15FEB
2026-01-30 06:09:44 | INFO     | [SUCCESS] Day 15FEB
2026-01-30 06:09:44 | INFO     | [DAY_START] Processing 14FEB
[LF] Processing CAI-AHB for 14FEB
2026-01-30 06:09:44 | INFO     | [lf.day.start] Processing CAI-AHB for 14FEB
[LF] Sending SN command: SN14FEBCAIAHB/ASM
[LF] 14FEB: found 1 direct flights
2026-01-30 06:09:45 | INFO     | [lf.day.flights_found] Found 1 flights on 14FEB
2026-01-30 06:09:47 | INFO     | [lf.flight.extracted] SM443 on 14FEB: BKG=37, LF=21.0%
[LF] SM443 14FEB: BKG=37, GRP=0, CAP=176, LF%=21.0%, Brd-Off=CAI-AHB, Classes: W:5, S:16, G:11, V:2, K:3
[LF] Getting WEEKLY/LASTSOLD data for 1 flights
[LF] SM443 14FEB: LASTSOLD=2026-01-29 00:00:00, WEEKLY=13, TODAY=0, YDAY=1
2026-01-30 06:09:50 | INFO     | [SUCCESS] Day 14FEB
2026-01-30 06:09:50 | INFO     | [DAY_START] Processing 13FEB
[LF] Processing CAI-AHB for 13FEB
2026-01-30 06:09:50 | INFO     | [lf.day.start] Processing CAI-AHB for 13FEB
[LF] Sending SN command: SN13FEBCAIAHB/ASM
[LF] No direct flights on 13FEB for CAI-AHB
2026-01-30 06:09:51 | WARNING  | [lf.day.no_flights] No direct flights on 13FEB
2026-01-30 06:09:51 | INFO     | [SUCCESS] Day 13FEB
2026-01-30 06:09:51 | INFO     | [DAY_START] Processing 12FEB
[LF] Processing CAI-AHB for 12FEB
2026-01-30 06:09:51 | INFO     | [lf.day.start] Processing CAI-AHB for 12FEB
[LF] Sending SN command: SN12FEBCAIAHB/ASM
[LF] 12FEB: found 1 direct flights
2026-01-30 06:09:53 | INFO     | [lf.day.flights_found] Found 1 flights on 12FEB
2026-01-30 06:09:54 | INFO     | [lf.flight.extracted] SM443 on 12FEB: BKG=32, LF=17.9%
[LF] SM443 12FEB: BKG=32, GRP=0, CAP=179, LF%=17.9%, Brd-Off=CAI-AHB, Classes: X:1, W:13, S:9, G:4, L:5
[LF] Getting WEEKLY/LASTSOLD data for 1 flights
[LF] SM443 12FEB: LASTSOLD=2026-01-29 00:00:00, WEEKLY=8, TODAY=0, YDAY=2
2026-01-30 06:09:58 | INFO     | [SUCCESS] Day 12FEB
2026-01-30 06:09:58 | INFO     | [DAY_START] Processing 11FEB
[LF] Processing CAI-AHB for 11FEB
2026-01-30 06:09:58 | INFO     | [lf.day.start] Processing CAI-AHB for 11FEB
[LF] Sending SN command: SN11FEBCAIAHB/ASM
[LF] 11FEB: found 1 direct flights
2026-01-30 06:09:59 | INFO     | [lf.day.flights_found] Found 1 flights on 11FEB
2026-01-30 06:10:01 | INFO     | [lf.flight.extracted] SM447 on 11FEB: BKG=23, LF=13.1%
[LF] SM447 11FEB: BKG=23, GRP=0, CAP=176, LF%=13.1%, Brd-Off=CAI-AHB, Classes: X:1, W:16, S:4, G:2
[LF] Getting WEEKLY/LASTSOLD data for 1 flights
[LF] SM447 11FEB: LASTSOLD=2026-01-29 00:00:00, WEEKLY=12, TODAY=0, YDAY=2
2026-01-30 06:10:05 | INFO     | [SUCCESS] Day 11FEB
2026-01-30 06:10:05 | INFO     | [DAY_START] Processing 10FEB
[LF] Processing CAI-AHB for 10FEB
2026-01-30 06:10:05 | INFO     | [lf.day.start] Processing CAI-AHB for 10FEB
[LF] Sending SN command: SN10FEBCAIAHB/ASM
[LF] No direct flights on 10FEB for CAI-AHB
2026-01-30 06:10:07 | WARNING  | [lf.day.no_flights] No direct flights on 10FEB
2026-01-30 06:10:07 | INFO     | [SUCCESS] Day 10FEB
2026-01-30 06:10:07 | INFO     | [DAY_START] Processing 09FEB
[LF] Processing CAI-AHB for 09FEB
2026-01-30 06:10:07 | INFO     | [lf.day.start] Processing CAI-AHB for 09FEB
[LF] Sending SN command: SN09FEBCAIAHB/ASM
[LF] No direct flights on 09FEB for CAI-AHB
2026-01-30 06:10:08 | WARNING  | [lf.day.no_flights] No direct flights on 09FEB
2026-01-30 06:10:08 | INFO     | [SUCCESS] Day 09FEB
[LF] Results summary:
  2026-02-18: 1 flights
  2026-02-17: 0 flights
  2026-02-16: 0 flights
  2026-02-15: 0 flights
  2026-02-14: 1 flights
  2026-02-13: 0 flights
  2026-02-12: 1 flights
  2026-02-11: 1 flights
  2026-02-10: 0 flights
  2026-02-09: 0 flights
2026-01-30 06:10:08 | INFO     | [SUCCESS] LF Search Complete

============================================================
[Worker_9223] ✓ COMPLETED: CAI-AHB
  Results: 10 dates
  Errors: 0 dates
  Total Processed: 49 groups
============================================================

2026-01-30 06:10:08 | INFO     | [Worker_9223] Completed: CAI-AHB - 10 results, 0 errors

============================================================
[Worker_9223] Processing: MED-HBE
  Tier 0: Range 1, Chunk 3/3
  Dates: 10 days
  Date Range: 2026-02-08 to 2026-01-30
============================================================

2026-01-30 06:10:08 | INFO     | [Worker_9223] Processing: MED-HBE
2026-01-30 06:10:08 | INFO     |   Tier 0: Range 1, Chunk 3/3 (10 days)
2026-01-30 06:10:08 | INFO     | ======================================================================
2026-01-30 06:10:08 | INFO     | Load Factor Scraper Started - Route: MED-HBE
2026-01-30 06:10:08 | INFO     | Log file: D:\CODERED\LAB\Artifacts\outputs\run_generated_300126_at_05.16\logs\LF_MED-HBE_20260130_061008.log
2026-01-30 06:10:08 | INFO     | Enhanced logging: Capturing both logging.info() and print()
2026-01-30 06:10:08 | INFO     | ======================================================================
[LF] Processing dates (override): ['08FEB', '07FEB', '06FEB', '05FEB', '04FEB', '03FEB', '02FEB', '01FEB', '31JAN', '30JAN']
[LF] Attaching to Chrome for Altea access
2026-01-30 06:10:08 | INFO     | Starting LF search for route: MED-HBE
2026-01-30 06:10:08 | INFO     | [START] LF Search
[LF][[OK] SUCCESS] Connected to Chrome on 127.0.0.1:9223 (after 1 attempts)
2026-01-30 06:10:08 | INFO     | [HEALTH CHECK] [OK] Chrome connection is healthy
[LF][[OK] SUCCESS] Found Amadeus Altea window: Altéa Reservation Desktop
[LF][[INFO] INFO] URL: https://tc212.resdesktop.altea.amadeus.com/app_ard/apf/init/login?SITE=ESMPESMP&LANGUAGE=GB&MARKETS=ARDW_PROD_WBP&ACTION=clpLogin
2026-01-30 06:10:08 | INFO     | [DAY_START] Processing 08FEB
[LF] Processing MED-HBE for 08FEB
2026-01-30 06:10:08 | INFO     | [lf.day.start] Processing MED-HBE for 08FEB
[LF] Sending SN command: SN08FEBMEDHBE/ASM
[LF] 08FEB: found 1 direct flights
2026-01-30 06:10:10 | INFO     | [lf.day.flights_found] Found 1 flights on 08FEB
2026-01-30 06:10:12 | INFO     | [lf.flight.extracted] SM486 on 08FEB: BKG=176, LF=98.9%
[LF] SM486 08FEB: BKG=176, GRP=126, CAP=178, LF%=98.9%, Brd-Off=MED-HBE, Classes: P:128, I:5, O:16, U:9, X:2, S:12, K:3, Y:1
[LF] Getting WEEKLY/LASTSOLD data for 1 flights
[LF] SM486 08FEB: LASTSOLD=2026-01-27 00:00:00, WEEKLY=10, TODAY=0, YDAY=0
2026-01-30 06:10:17 | INFO     | [SUCCESS] Day 08FEB
2026-01-30 06:10:17 | INFO     | [DAY_START] Processing 07FEB
[LF] Processing MED-HBE for 07FEB
2026-01-30 06:10:17 | INFO     | [lf.day.start] Processing MED-HBE for 07FEB
[LF] Sending SN command: SN07FEBMEDHBE/ASM
[LF] No direct flights on 07FEB for MED-HBE
2026-01-30 06:10:18 | WARNING  | [lf.day.no_flights] No direct flights on 07FEB
2026-01-30 06:10:18 | INFO     | [SUCCESS] Day 07FEB
2026-01-30 06:10:18 | INFO     | [DAY_START] Processing 06FEB
[LF] Processing MED-HBE for 06FEB
2026-01-30 06:10:18 | INFO     | [lf.day.start] Processing MED-HBE for 06FEB
[LF] Sending SN command: SN06FEBMEDHBE/ASM
[LF] No direct flights on 06FEB for MED-HBE
2026-01-30 06:10:19 | WARNING  | [lf.day.no_flights] No direct flights on 06FEB
2026-01-30 06:10:19 | INFO     | [SUCCESS] Day 06FEB
2026-01-30 06:10:19 | INFO     | [DAY_START] Processing 05FEB
[LF] Processing MED-HBE for 05FEB
2026-01-30 06:10:19 | INFO     | [lf.day.start] Processing MED-HBE for 05FEB
[LF] Sending SN command: SN05FEBMEDHBE/ASM
[LF] 05FEB: found 1 direct flights
2026-01-30 06:10:20 | INFO     | [lf.day.flights_found] Found 1 flights on 05FEB
2026-01-30 06:10:23 | INFO     | [lf.flight.extracted] SM486 on 05FEB: BKG=178, LF=100.0%
[LF] SM486 05FEB: BKG=178, GRP=135, CAP=178, LF%=100.0%, Brd-Off=MED-HBE, Classes: P:135, I:1, O:16, U:7, X:3, K:16
[LF] Getting WEEKLY/LASTSOLD data for 1 flights
[LF] SM486 05FEB: LASTSOLD=2026-01-26 00:00:00, WEEKLY=4, TODAY=0, YDAY=0
2026-01-30 06:10:28 | INFO     | [SUCCESS] Day 05FEB
2026-01-30 06:10:28 | INFO     | [DAY_START] Processing 04FEB
[LF] Processing MED-HBE for 04FEB
2026-01-30 06:10:28 | INFO     | [lf.day.start] Processing MED-HBE for 04FEB
[LF] Sending SN command: SN04FEBMEDHBE/ASM
[LF] 04FEB: found 1 direct flights
2026-01-30 06:10:30 | INFO     | [lf.day.flights_found] Found 1 flights on 04FEB
2026-01-30 06:10:32 | INFO     | [lf.flight.extracted] SM486 on 04FEB: BKG=178, LF=100.0%
[LF] SM486 04FEB: BKG=178, GRP=128, CAP=178, LF%=100.0%, Brd-Off=MED-HBE, Classes: P:128, I:17, O:19, U:5, S:5, K:4
[LF] Getting WEEKLY/LASTSOLD data for 1 flights
[LF] SM486 04FEB: LASTSOLD=2026-01-28 00:00:00, WEEKLY=8, TODAY=0, YDAY=0
2026-01-30 06:10:39 | INFO     | [SUCCESS] Day 04FEB
2026-01-30 06:10:39 | INFO     | [DAY_START] Processing 03FEB
[LF] Processing MED-HBE for 03FEB
2026-01-30 06:10:39 | INFO     | [lf.day.start] Processing MED-HBE for 03FEB
[LF] Sending SN command: SN03FEBMEDHBE/ASM
[LF] 03FEB: found 1 direct flights
2026-01-30 06:10:40 | INFO     | [lf.day.flights_found] Found 1 flights on 03FEB
2026-01-30 06:10:42 | INFO     | [lf.flight.extracted] SM486 on 03FEB: BKG=175, LF=100.0%
[LF] SM486 03FEB: BKG=175, GRP=45, CAP=175, LF%=100.0%, Brd-Off=MED-HBE, Classes: P:45, I:17, O:12, U:16, X:34, T:25, W:17, K:9
[LF] Getting WEEKLY/LASTSOLD data for 1 flights
[LF] SM486 03FEB: LASTSOLD=2026-01-29 00:00:00, WEEKLY=39, TODAY=0, YDAY=19
2026-01-30 06:10:48 | INFO     | [SUCCESS] Day 03FEB
2026-01-30 06:10:48 | INFO     | [DAY_START] Processing 02FEB
[LF] Processing MED-HBE for 02FEB
2026-01-30 06:10:48 | INFO     | [lf.day.start] Processing MED-HBE for 02FEB
[LF] Sending SN command: SN02FEBMEDHBE/ASM
[LF] No direct flights on 02FEB for MED-HBE
2026-01-30 06:10:49 | WARNING  | [lf.day.no_flights] No direct flights on 02FEB
2026-01-30 06:10:49 | INFO     | [SUCCESS] Day 02FEB
2026-01-30 06:10:49 | INFO     | [DAY_START] Processing 01FEB
[LF] Processing MED-HBE for 01FEB
2026-01-30 06:10:49 | INFO     | [lf.day.start] Processing MED-HBE for 01FEB
[LF] Sending SN command: SN01FEBMEDHBE/ASM
[LF] 01FEB: found 1 direct flights
2026-01-30 06:10:50 | INFO     | [lf.day.flights_found] Found 1 flights on 01FEB
2026-01-30 06:10:52 | INFO     | [lf.flight.extracted] SM486 on 01FEB: BKG=178, LF=100.0%
[LF] SM486 01FEB: BKG=178, GRP=138, CAP=178, LF%=100.0%, Brd-Off=MED-HBE, Classes: P:138, I:11, O:17, U:1, W:9, S:2
[LF] Getting WEEKLY/LASTSOLD data for 1 flights
[LF] SM486 01FEB: LASTSOLD=2026-01-29 00:00:00, WEEKLY=9, TODAY=0, YDAY=5
2026-01-30 06:10:58 | INFO     | [SUCCESS] Day 01FEB
2026-01-30 06:10:58 | INFO     | [DAY_START] Processing 31JAN
[LF] Processing MED-HBE for 31JAN
2026-01-30 06:10:58 | INFO     | [lf.day.start] Processing MED-HBE for 31JAN
[LF] Sending SN command: SN31JANMEDHBE/ASM
[LF] No direct flights on 31JAN for MED-HBE
2026-01-30 06:10:59 | WARNING  | [lf.day.no_flights] No direct flights on 31JAN
2026-01-30 06:10:59 | INFO     | [SUCCESS] Day 31JAN
[LF] Skipping 30JAN (Today) - will be processed by supplement scan
[LF] Results summary:
  2026-02-08: 1 flights
  2026-02-07: 0 flights
  2026-02-06: 0 flights
  2026-02-05: 1 flights
  2026-02-04: 1 flights
  2026-02-03: 1 flights
  2026-02-02: 0 flights
  2026-02-01: 1 flights
  2026-01-31: 0 flights
2026-01-30 06:10:59 | INFO     | [SUCCESS] LF Search Complete

============================================================
[Worker_9223] ✓ COMPLETED: MED-HBE
  Results: 9 dates
  Errors: 0 dates
  Total Processed: 50 groups
============================================================

2026-01-30 06:10:59 | INFO     | [Worker_9223] Completed: MED-HBE - 9 results, 0 errors

============================================================
[Worker_9223] Processing: JED-LXR
  Tier 0: Range 1, Chunk 3/3
  Dates: 10 days
  Date Range: 2026-02-08 to 2026-01-30
============================================================

2026-01-30 06:10:59 | INFO     | [Worker_9223] Processing: JED-LXR
2026-01-30 06:10:59 | INFO     |   Tier 0: Range 1, Chunk 3/3 (10 days)
2026-01-30 06:10:59 | INFO     | ======================================================================
2026-01-30 06:10:59 | INFO     | Load Factor Scraper Started - Route: JED-LXR
2026-01-30 06:10:59 | INFO     | Log file: D:\CODERED\LAB\Artifacts\outputs\run_generated_300126_at_05.16\logs\LF_JED-LXR_20260130_061059.log
2026-01-30 06:10:59 | INFO     | Enhanced logging: Capturing both logging.info() and print()
2026-01-30 06:10:59 | INFO     | ======================================================================
[LF] Processing dates (override): ['08FEB', '07FEB', '06FEB', '05FEB', '04FEB', '03FEB', '02FEB', '01FEB', '31JAN', '30JAN']
[LF] Attaching to Chrome for Altea access
2026-01-30 06:10:59 | INFO     | Starting LF search for route: JED-LXR
2026-01-30 06:10:59 | INFO     | [START] LF Search
[LF][[OK] SUCCESS] Connected to Chrome on 127.0.0.1:9223 (after 1 attempts)
2026-01-30 06:11:00 | INFO     | [HEALTH CHECK] [OK] Chrome connection is healthy
[LF][[OK] SUCCESS] Found Amadeus Altea window: Altéa Reservation Desktop
[LF][[INFO] INFO] URL: https://tc212.resdesktop.altea.amadeus.com/app_ard/apf/init/login?SITE=ESMPESMP&LANGUAGE=GB&MARKETS=ARDW_PROD_WBP&ACTION=clpLogin
2026-01-30 06:11:00 | INFO     | [DAY_START] Processing 08FEB
[LF] Processing JED-LXR for 08FEB
2026-01-30 06:11:00 | INFO     | [lf.day.start] Processing JED-LXR for 08FEB
[LF] Sending SN command: SN08FEBJEDLXR/ASM
[LF] No direct flights on 08FEB for JED-LXR
2026-01-30 06:11:01 | WARNING  | [lf.day.no_flights] No direct flights on 08FEB
2026-01-30 06:11:01 | INFO     | [SUCCESS] Day 08FEB
2026-01-30 06:11:01 | INFO     | [DAY_START] Processing 07FEB
[LF] Processing JED-LXR for 07FEB
2026-01-30 06:11:01 | INFO     | [lf.day.start] Processing JED-LXR for 07FEB
[LF] Sending SN command: SN07FEBJEDLXR/ASM
[LF] No direct flights on 07FEB for JED-LXR
2026-01-30 06:11:02 | WARNING  | [lf.day.no_flights] No direct flights on 07FEB
2026-01-30 06:11:02 | INFO     | [SUCCESS] Day 07FEB
2026-01-30 06:11:02 | INFO     | [DAY_START] Processing 06FEB
[LF] Processing JED-LXR for 06FEB
2026-01-30 06:11:02 | INFO     | [lf.day.start] Processing JED-LXR for 06FEB
[LF] Sending SN command: SN06FEBJEDLXR/ASM
[LF] No direct flights on 06FEB for JED-LXR
2026-01-30 06:11:03 | WARNING  | [lf.day.no_flights] No direct flights on 06FEB
2026-01-30 06:11:03 | INFO     | [SUCCESS] Day 06FEB
2026-01-30 06:11:03 | INFO     | [DAY_START] Processing 05FEB
[LF] Processing JED-LXR for 05FEB
2026-01-30 06:11:03 | INFO     | [lf.day.start] Processing JED-LXR for 05FEB
[LF] Sending SN command: SN05FEBJEDLXR/ASM
[LF] No direct flights on 05FEB for JED-LXR
2026-01-30 06:11:04 | WARNING  | [lf.day.no_flights] No direct flights on 05FEB
2026-01-30 06:11:04 | INFO     | [SUCCESS] Day 05FEB
2026-01-30 06:11:04 | INFO     | [DAY_START] Processing 04FEB
[LF] Processing JED-LXR for 04FEB
2026-01-30 06:11:04 | INFO     | [lf.day.start] Processing JED-LXR for 04FEB
[LF] Sending SN command: SN04FEBJEDLXR/ASM
[LF] 04FEB: found 1 direct flights
2026-01-30 06:11:06 | INFO     | [lf.day.flights_found] Found 1 flights on 04FEB
2026-01-30 06:11:08 | INFO     | [lf.flight.extracted] SM984 on 04FEB: BKG=179, LF=107.2%
[LF] SM984 04FEB: BKG=179, GRP=179, CAP=167, LF%=107.2%, Brd-Off=JED-LXR, Classes: X:179
[LF] Getting WEEKLY/LASTSOLD data for 1 flights
[LF] SM984 04FEB: LASTSOLD=2026-01-20 00:00:00, WEEKLY=0, TODAY=0, YDAY=0
2026-01-30 06:11:13 | INFO     | [SUCCESS] Day 04FEB
2026-01-30 06:11:13 | INFO     | [DAY_START] Processing 03FEB
[LF] Processing JED-LXR for 03FEB
2026-01-30 06:11:13 | INFO     | [lf.day.start] Processing JED-LXR for 03FEB
[LF] Sending SN command: SN03FEBJEDLXR/ASM
[LF] 03FEB: found 4 direct flights
2026-01-30 06:11:14 | INFO     | [lf.day.flights_found] Found 4 flights on 03FEB
2026-01-30 06:11:16 | INFO     | [lf.flight.extracted] SM482 on 03FEB: BKG=179, LF=102.3%
[LF] SM482 03FEB: BKG=179, GRP=179, CAP=175, LF%=102.3%, Brd-Off=JED-LXR, Classes: X:179
2026-01-30 06:11:19 | INFO     | [lf.flight.extracted] SM430 on 03FEB: BKG=179, LF=107.2%
[LF] SM430 03FEB: BKG=179, GRP=179, CAP=167, LF%=107.2%, Brd-Off=JED-LXR, Classes: X:179
2026-01-30 06:11:22 | INFO     | [lf.flight.extracted] SM982 on 03FEB: BKG=179, LF=102.3%
[LF] SM982 03FEB: BKG=179, GRP=179, CAP=175, LF%=102.3%, Brd-Off=JED-LXR, Classes: X:179
2026-01-30 06:11:26 | INFO     | [lf.flight.extracted] SM484 on 03FEB: BKG=180, LF=102.9%
[LF] SM484 03FEB: BKG=180, GRP=176, CAP=175, LF%=102.9%, Brd-Off=JED-LXR, Classes: I:4, X:176
[LF] Getting WEEKLY/LASTSOLD data for 4 flights
[LF] SM482 03FEB: LASTSOLD=2026-01-19 00:00:00, WEEKLY=0, TODAY=0, YDAY=0
[LF] SM430 03FEB: LASTSOLD=2026-01-19 00:00:00, WEEKLY=0, TODAY=0, YDAY=0
[LF] SM982 03FEB: LASTSOLD=2026-01-19 00:00:00, WEEKLY=0, TODAY=0, YDAY=0
[LF] SM484 03FEB: LASTSOLD=2026-01-19 00:00:00, WEEKLY=0, TODAY=0, YDAY=0
2026-01-30 06:11:44 | INFO     | [SUCCESS] Day 03FEB
2026-01-30 06:11:44 | INFO     | [DAY_START] Processing 02FEB
[LF] Processing JED-LXR for 02FEB
2026-01-30 06:11:44 | INFO     | [lf.day.start] Processing JED-LXR for 02FEB
[LF] Sending SN command: SN02FEBJEDLXR/ASM
[LF] No direct flights on 02FEB for JED-LXR
2026-01-30 06:11:45 | WARNING  | [lf.day.no_flights] No direct flights on 02FEB
2026-01-30 06:11:45 | INFO     | [SUCCESS] Day 02FEB
2026-01-30 06:11:45 | INFO     | [DAY_START] Processing 01FEB
[LF] Processing JED-LXR for 01FEB
2026-01-30 06:11:45 | INFO     | [lf.day.start] Processing JED-LXR for 01FEB
[LF] Sending SN command: SN01FEBJEDLXR/ASM
[LF] No direct flights on 01FEB for JED-LXR
2026-01-30 06:11:46 | WARNING  | [lf.day.no_flights] No direct flights on 01FEB
2026-01-30 06:11:46 | INFO     | [SUCCESS] Day 01FEB
2026-01-30 06:11:46 | INFO     | [DAY_START] Processing 31JAN
[LF] Processing JED-LXR for 31JAN
2026-01-30 06:11:46 | INFO     | [lf.day.start] Processing JED-LXR for 31JAN
[LF] Sending SN command: SN31JANJEDLXR/ASM
[LF] No direct flights on 31JAN for JED-LXR
2026-01-30 06:11:48 | WARNING  | [lf.day.no_flights] No direct flights on 31JAN
2026-01-30 06:11:48 | INFO     | [SUCCESS] Day 31JAN
[LF] Skipping 30JAN (Today) - will be processed by supplement scan
[LF] Results summary:
  2026-02-08: 0 flights
  2026-02-07: 0 flights
  2026-02-06: 0 flights
  2026-02-05: 0 flights
  2026-02-04: 1 flights
  2026-02-03: 4 flights
  2026-02-02: 0 flights
  2026-02-01: 0 flights
  2026-01-31: 0 flights
2026-01-30 06:11:48 | INFO     | [SUCCESS] LF Search Complete

============================================================
[Worker_9223] ✓ COMPLETED: JED-LXR
  Results: 9 dates
  Errors: 0 dates
  Total Processed: 51 groups
============================================================

2026-01-30 06:11:56 | INFO     | [Worker_9223] Completed: JED-LXR - 9 results, 0 errors

============================================================
[Worker_9223] Processing: TUU-ATZ
  Tier 0: Range 1, Chunk 3/3
  Dates: 10 days
  Date Range: 2026-02-08 to 2026-01-30
============================================================

2026-01-30 06:11:56 | INFO     | [Worker_9223] Processing: TUU-ATZ
2026-01-30 06:11:56 | INFO     |   Tier 0: Range 1, Chunk 3/3 (10 days)
2026-01-30 06:11:56 | INFO     | ======================================================================
2026-01-30 06:11:56 | INFO     | Load Factor Scraper Started - Route: TUU-ATZ
2026-01-30 06:11:56 | INFO     | Log file: D:\CODERED\LAB\Artifacts\outputs\run_generated_300126_at_05.16\logs\LF_TUU-ATZ_20260130_061156.log
2026-01-30 06:11:56 | INFO     | Enhanced logging: Capturing both logging.info() and print()
2026-01-30 06:11:56 | INFO     | ======================================================================
[LF] Processing dates (override): ['08FEB', '07FEB', '06FEB', '05FEB', '04FEB', '03FEB', '02FEB', '01FEB', '31JAN', '30JAN']
[LF] Attaching to Chrome for Altea access
2026-01-30 06:11:56 | INFO     | Starting LF search for route: TUU-ATZ
2026-01-30 06:11:56 | INFO     | [START] LF Search
[LF][[OK] SUCCESS] Connected to Chrome on 127.0.0.1:9223 (after 1 attempts)
2026-01-30 06:11:57 | INFO     | [HEALTH CHECK] [OK] Chrome connection is healthy
[LF][[OK] SUCCESS] Found Amadeus Altea window: Altéa Reservation Desktop
[LF][[INFO] INFO] URL: https://tc212.resdesktop.altea.amadeus.com/app_ard/apf/init/login?SITE=ESMPESMP&LANGUAGE=GB&MARKETS=ARDW_PROD_WBP&ACTION=clpLogin
2026-01-30 06:11:57 | INFO     | [DAY_START] Processing 08FEB
[LF] Processing TUU-ATZ for 08FEB
2026-01-30 06:11:57 | INFO     | [lf.day.start] Processing TUU-ATZ for 08FEB
[LF] Sending SN command: SN08FEBTUUATZ/ASM
[LF] No direct flights on 08FEB for TUU-ATZ
2026-01-30 06:11:58 | WARNING  | [lf.day.no_flights] No direct flights on 08FEB
2026-01-30 06:11:58 | INFO     | [SUCCESS] Day 08FEB
2026-01-30 06:11:58 | INFO     | [DAY_START] Processing 07FEB
[LF] Processing TUU-ATZ for 07FEB
2026-01-30 06:11:58 | INFO     | [lf.day.start] Processing TUU-ATZ for 07FEB
[LF] Sending SN command: SN07FEBTUUATZ/ASM
[LF] No direct flights on 07FEB for TUU-ATZ
2026-01-30 06:11:59 | WARNING  | [lf.day.no_flights] No direct flights on 07FEB
2026-01-30 06:11:59 | INFO     | [SUCCESS] Day 07FEB
2026-01-30 06:11:59 | INFO     | [DAY_START] Processing 06FEB
[LF] Processing TUU-ATZ for 06FEB
2026-01-30 06:11:59 | INFO     | [lf.day.start] Processing TUU-ATZ for 06FEB
[LF] Sending SN command: SN06FEBTUUATZ/ASM
[LF] 06FEB: found 1 direct flights
2026-01-30 06:12:01 | INFO     | [lf.day.flights_found] Found 1 flights on 06FEB
2026-01-30 06:12:02 | INFO     | [lf.flight.extracted] SM328 on 06FEB: BKG=78, LF=46.7%
[LF] SM328 06FEB: BKG=78, GRP=0, CAP=167, LF%=46.7%, Brd-Off=TUU-ATZ, Classes: I:5, O:5, U:5, X:15, T:20, W:20, S:2, G:6
[LF] Getting WEEKLY/LASTSOLD data for 1 flights
[LF] SM328 06FEB: LASTSOLD=2026-01-29 00:00:00, WEEKLY=36, TODAY=0, YDAY=13
2026-01-30 06:12:07 | INFO     | [SUCCESS] Day 06FEB
2026-01-30 06:12:07 | INFO     | [DAY_START] Processing 05FEB
[LF] Processing TUU-ATZ for 05FEB
2026-01-30 06:12:07 | INFO     | [lf.day.start] Processing TUU-ATZ for 05FEB
[LF] Sending SN command: SN05FEBTUUATZ/ASM
[LF] No direct flights on 05FEB for TUU-ATZ
2026-01-30 06:12:09 | WARNING  | [lf.day.no_flights] No direct flights on 05FEB
2026-01-30 06:12:09 | INFO     | [SUCCESS] Day 05FEB
2026-01-30 06:12:09 | INFO     | [DAY_START] Processing 04FEB
[LF] Processing TUU-ATZ for 04FEB
2026-01-30 06:12:09 | INFO     | [lf.day.start] Processing TUU-ATZ for 04FEB
[LF] Sending SN command: SN04FEBTUUATZ/ASM
[LF] No direct flights on 04FEB for TUU-ATZ
2026-01-30 06:12:10 | WARNING  | [lf.day.no_flights] No direct flights on 04FEB
2026-01-30 06:12:10 | INFO     | [SUCCESS] Day 04FEB
2026-01-30 06:12:10 | INFO     | [DAY_START] Processing 03FEB
[LF] Processing TUU-ATZ for 03FEB
2026-01-30 06:12:10 | INFO     | [lf.day.start] Processing TUU-ATZ for 03FEB
[LF] Sending SN command: SN03FEBTUUATZ/ASM
[LF] No direct flights on 03FEB for TUU-ATZ
2026-01-30 06:12:11 | WARNING  | [lf.day.no_flights] No direct flights on 03FEB
2026-01-30 06:12:11 | INFO     | [SUCCESS] Day 03FEB
2026-01-30 06:12:11 | INFO     | [DAY_START] Processing 02FEB
[LF] Processing TUU-ATZ for 02FEB
2026-01-30 06:12:11 | INFO     | [lf.day.start] Processing TUU-ATZ for 02FEB
[LF] Sending SN command: SN02FEBTUUATZ/ASM
[LF] No direct flights on 02FEB for TUU-ATZ
2026-01-30 06:12:12 | WARNING  | [lf.day.no_flights] No direct flights on 02FEB
2026-01-30 06:12:12 | INFO     | [SUCCESS] Day 02FEB
2026-01-30 06:12:12 | INFO     | [DAY_START] Processing 01FEB
[LF] Processing TUU-ATZ for 01FEB
2026-01-30 06:12:12 | INFO     | [lf.day.start] Processing TUU-ATZ for 01FEB
[LF] Sending SN command: SN01FEBTUUATZ/ASM
[LF] No direct flights on 01FEB for TUU-ATZ
2026-01-30 06:12:13 | WARNING  | [lf.day.no_flights] No direct flights on 01FEB
2026-01-30 06:12:13 | INFO     | [SUCCESS] Day 01FEB
2026-01-30 06:12:13 | INFO     | [DAY_START] Processing 31JAN
[LF] Processing TUU-ATZ for 31JAN
2026-01-30 06:12:13 | INFO     | [lf.day.start] Processing TUU-ATZ for 31JAN
[LF] Sending SN command: SN31JANTUUATZ/ASM
[LF] No direct flights on 31JAN for TUU-ATZ
2026-01-30 06:12:14 | WARNING  | [lf.day.no_flights] No direct flights on 31JAN
2026-01-30 06:12:14 | INFO     | [SUCCESS] Day 31JAN
[LF] Skipping 30JAN (Today) - will be processed by supplement scan
[LF] Results summary:
  2026-02-08: 0 flights
  2026-02-07: 0 flights
  2026-02-06: 1 flights
  2026-02-05: 0 flights
  2026-02-04: 0 flights
  2026-02-03: 0 flights
  2026-02-02: 0 flights
  2026-02-01: 0 flights
  2026-01-31: 0 flights
2026-01-30 06:12:14 | INFO     | [SUCCESS] LF Search Complete

============================================================
[Worker_9223] ✓ COMPLETED: TUU-ATZ
  Results: 9 dates
  Errors: 0 dates
  Total Processed: 52 groups
============================================================

2026-01-30 06:12:14 | INFO     | [Worker_9223] Completed: TUU-ATZ - 9 results, 0 errors

============================================================
[Worker_9223] Processing: YNB-CAI
  Tier 0: Range 1, Chunk 3/3
  Dates: 10 days
  Date Range: 2026-02-08 to 2026-01-30
============================================================

2026-01-30 06:12:14 | INFO     | [Worker_9223] Processing: YNB-CAI
2026-01-30 06:12:14 | INFO     |   Tier 0: Range 1, Chunk 3/3 (10 days)
2026-01-30 06:12:15 | INFO     | ======================================================================
2026-01-30 06:12:15 | INFO     | Load Factor Scraper Started - Route: YNB-CAI
2026-01-30 06:12:15 | INFO     | Log file: D:\CODERED\LAB\Artifacts\outputs\run_generated_300126_at_05.16\logs\LF_YNB-CAI_20260130_061214.log
2026-01-30 06:12:15 | INFO     | Enhanced logging: Capturing both logging.info() and print()
2026-01-30 06:12:15 | INFO     | ======================================================================
[LF] Processing dates (override): ['08FEB', '07FEB', '06FEB', '05FEB', '04FEB', '03FEB', '02FEB', '01FEB', '31JAN', '30JAN']
[LF] Attaching to Chrome for Altea access
2026-01-30 06:12:15 | INFO     | Starting LF search for route: YNB-CAI
2026-01-30 06:12:15 | INFO     | [START] LF Search
[LF][[OK] SUCCESS] Connected to Chrome on 127.0.0.1:9223 (after 1 attempts)
2026-01-30 06:12:15 | INFO     | [HEALTH CHECK] [OK] Chrome connection is healthy
[LF][[OK] SUCCESS] Found Amadeus Altea window: Altéa Reservation Desktop
[LF][[INFO] INFO] URL: https://tc212.resdesktop.altea.amadeus.com/app_ard/apf/init/login?SITE=ESMPESMP&LANGUAGE=GB&MARKETS=ARDW_PROD_WBP&ACTION=clpLogin
2026-01-30 06:12:15 | INFO     | [DAY_START] Processing 08FEB
[LF] Processing YNB-CAI for 08FEB
2026-01-30 06:12:15 | INFO     | [lf.day.start] Processing YNB-CAI for 08FEB
[LF] Sending SN command: SN08FEBYNBCAI/ASM
[LF] 08FEB: found 4 direct flights
2026-01-30 06:12:17 | INFO     | [lf.day.flights_found] Found 4 flights on 08FEB
2026-01-30 06:12:19 | INFO     | [lf.flight.extracted] SM982 on 08FEB: BKG=5, LF=2.9%
[LF] SM982 08FEB: BKG=5, GRP=0, CAP=175, LF%=2.9%, Brd-Off=YNB-CAI, Classes: I:5
2026-01-30 06:12:22 | INFO     | [lf.flight.extracted] SM442 on 08FEB: BKG=146, LF=84.9%
[LF] SM442 08FEB: BKG=146, GRP=128, CAP=172, LF%=84.9%, Brd-Off=YNB-CAI, Classes: P:128, I:15, O:1, T:1, W:1
2026-01-30 06:12:26 | INFO     | [lf.flight.extracted] SM984 on 08FEB: BKG=20, LF=11.4%
[LF] SM984 08FEB: BKG=20, GRP=0, CAP=175, LF%=11.4%, Brd-Off=YNB-CAI, Classes: I:18, O:1, U:1
2026-01-30 06:12:30 | INFO     | [lf.flight.extracted] SM986 on 08FEB: BKG=5, LF=2.9%
[LF] SM986 08FEB: BKG=5, GRP=0, CAP=175, LF%=2.9%, Brd-Off=YNB-CAI, Classes: I:5
[LF] Getting WEEKLY/LASTSOLD data for 4 flights
[LF] SM982 08FEB: LASTSOLD=2026-01-27 00:00:00, WEEKLY=4, TODAY=0, YDAY=0
[LF] SM442 08FEB: LASTSOLD=2026-01-29 00:00:00, WEEKLY=7, TODAY=0, YDAY=1
[LF] SM984 08FEB: LASTSOLD=2026-01-29 00:00:00, WEEKLY=18, TODAY=0, YDAY=2
[LF] SM986 08FEB: LASTSOLD=2026-01-27 00:00:00, WEEKLY=3, TODAY=0, YDAY=0
2026-01-30 06:12:41 | INFO     | [SUCCESS] Day 08FEB
2026-01-30 06:12:41 | INFO     | [DAY_START] Processing 07FEB
[LF] Processing YNB-CAI for 07FEB
2026-01-30 06:12:41 | INFO     | [lf.day.start] Processing YNB-CAI for 07FEB
[LF] Sending SN command: SN07FEBYNBCAI/ASM
[LF] 07FEB: found 1 direct flights
2026-01-30 06:12:42 | INFO     | [lf.day.flights_found] Found 1 flights on 07FEB
2026-01-30 06:12:44 | INFO     | [lf.flight.extracted] SM442 on 07FEB: BKG=169, LF=96.6%
[LF] SM442 07FEB: BKG=169, GRP=137, CAP=175, LF%=96.6%, Brd-Off=YNB-CAI, Classes: P:137, I:17, O:7, X:1, W:2, S:4, K:1
[LF] Getting WEEKLY/LASTSOLD data for 1 flights
[LF] SM442 07FEB: LASTSOLD=2026-01-21 00:00:00, WEEKLY=0, TODAY=0, YDAY=0
2026-01-30 06:12:49 | INFO     | [SUCCESS] Day 07FEB
2026-01-30 06:12:49 | INFO     | [DAY_START] Processing 06FEB
[LF] Processing YNB-CAI for 06FEB
2026-01-30 06:12:49 | INFO     | [lf.day.start] Processing YNB-CAI for 06FEB
[LF] Sending SN command: SN06FEBYNBCAI/ASM
[LF] 06FEB: found 1 direct flights
2026-01-30 06:12:50 | INFO     | [lf.day.flights_found] Found 1 flights on 06FEB
2026-01-30 06:12:52 | INFO     | [lf.flight.extracted] SM442 on 06FEB: BKG=142, LF=81.1%
[LF] SM442 06FEB: BKG=142, GRP=105, CAP=175, LF%=81.1%, Brd-Off=YNB-CAI, Classes: P:105, I:17, O:7, W:9, L:1, K:3
[LF] Getting WEEKLY/LASTSOLD data for 1 flights
[LF] SM442 06FEB: LASTSOLD=2026-01-28 00:00:00, WEEKLY=1, TODAY=0, YDAY=0
2026-01-30 06:12:57 | INFO     | [SUCCESS] Day 06FEB
2026-01-30 06:12:57 | INFO     | [DAY_START] Processing 05FEB
[LF] Processing YNB-CAI for 05FEB
2026-01-30 06:12:57 | INFO     | [lf.day.start] Processing YNB-CAI for 05FEB
[LF] Sending SN command: SN05FEBYNBCAI/ASM
[LF] 05FEB: found 1 direct flights
2026-01-30 06:12:59 | INFO     | [lf.day.flights_found] Found 1 flights on 05FEB
2026-01-30 06:13:00 | INFO     | [lf.flight.extracted] SM442 on 05FEB: BKG=177, LF=99.4%
[LF] SM442 05FEB: BKG=177, GRP=141, CAP=178, LF%=99.4%, Brd-Off=YNB-CAI, Classes: P:141, I:17, O:2, W:6, S:10, L:1
[LF] Getting WEEKLY/LASTSOLD data for 1 flights
[LF] SM442 05FEB: LASTSOLD=2026-01-29 00:00:00, WEEKLY=8, TODAY=0, YDAY=3
2026-01-30 06:13:06 | INFO     | [SUCCESS] Day 05FEB
2026-01-30 06:13:06 | INFO     | [DAY_START] Processing 04FEB
[LF] Processing YNB-CAI for 04FEB
2026-01-30 06:13:06 | INFO     | [lf.day.start] Processing YNB-CAI for 04FEB
[LF] Sending SN command: SN04FEBYNBCAI/ASM
[LF] 04FEB: found 1 direct flights
2026-01-30 06:13:07 | INFO     | [lf.day.flights_found] Found 1 flights on 04FEB
2026-01-30 06:13:09 | INFO     | [lf.flight.extracted] SM442 on 04FEB: BKG=173, LF=98.9%
[LF] SM442 04FEB: BKG=173, GRP=125, CAP=175, LF%=98.9%, Brd-Off=YNB-CAI, Classes: P:125, I:19, O:20, U:4, X:5
[LF] Getting WEEKLY/LASTSOLD data for 1 flights
[LF] SM442 04FEB: LASTSOLD=2026-01-29 00:00:00, WEEKLY=13, TODAY=0, YDAY=1
2026-01-30 06:13:14 | INFO     | [SUCCESS] Day 04FEB
2026-01-30 06:13:14 | INFO     | [DAY_START] Processing 03FEB
[LF] Processing YNB-CAI for 03FEB
2026-01-30 06:13:14 | INFO     | [lf.day.start] Processing YNB-CAI for 03FEB
[LF] Sending SN command: SN03FEBYNBCAI/ASM
[LF] 03FEB: found 1 direct flights
2026-01-30 06:13:15 | INFO     | [lf.day.flights_found] Found 1 flights on 03FEB
2026-01-30 06:13:17 | INFO     | [lf.flight.extracted] SM442 on 03FEB: BKG=172, LF=100.0%
[LF] SM442 03FEB: BKG=172, GRP=100, CAP=172, LF%=100.0%, Brd-Off=YNB-CAI, Classes: P:100, I:17, O:23, U:15, X:12, W:3, K:2
[LF] Getting WEEKLY/LASTSOLD data for 1 flights
[LF] SM442 03FEB: LASTSOLD=2026-01-29 00:00:00, WEEKLY=25, TODAY=0, YDAY=6
2026-01-30 06:13:23 | INFO     | [SUCCESS] Day 03FEB
2026-01-30 06:13:23 | INFO     | [DAY_START] Processing 02FEB
[LF] Processing YNB-CAI for 02FEB
2026-01-30 06:13:23 | INFO     | [lf.day.start] Processing YNB-CAI for 02FEB
[LF] Sending SN command: SN02FEBYNBCAI/ASM
[LF] 02FEB: found 1 direct flights
2026-01-30 06:13:24 | INFO     | [lf.day.flights_found] Found 1 flights on 02FEB
2026-01-30 06:13:26 | INFO     | [lf.flight.extracted] SM442 on 02FEB: BKG=175, LF=100.0%
[LF] SM442 02FEB: BKG=175, GRP=123, CAP=175, LF%=100.0%, Brd-Off=YNB-CAI, Classes: P:123, I:25, O:25, W:1, G:1
[LF] Getting WEEKLY/LASTSOLD data for 1 flights
[LF] SM442 02FEB: LASTSOLD=2026-01-25 00:00:00, WEEKLY=10, TODAY=0, YDAY=0
2026-01-30 06:13:31 | INFO     | [SUCCESS] Day 02FEB
2026-01-30 06:13:31 | INFO     | [DAY_START] Processing 01FEB
[LF] Processing YNB-CAI for 01FEB
2026-01-30 06:13:31 | INFO     | [lf.day.start] Processing YNB-CAI for 01FEB
[LF] Sending SN command: SN01FEBYNBCAI/ASM
[LF] 01FEB: found 1 direct flights
2026-01-30 06:13:32 | INFO     | [lf.day.flights_found] Found 1 flights on 01FEB
2026-01-30 06:13:35 | INFO     | [lf.flight.extracted] SM442 on 01FEB: BKG=177, LF=99.4%
[LF] SM442 01FEB: BKG=177, GRP=136, CAP=178, LF%=99.4%, Brd-Off=YNB-CAI, Classes: P:136, I:17, O:11, W:12, K:1
[LF] Getting WEEKLY/LASTSOLD data for 1 flights
[LF] SM442 01FEB: LASTSOLD=2026-01-29 00:00:00, WEEKLY=10, TODAY=0, YDAY=7
2026-01-30 06:13:40 | INFO     | [SUCCESS] Day 01FEB
2026-01-30 06:13:40 | INFO     | [DAY_START] Processing 31JAN
[LF] Processing YNB-CAI for 31JAN
2026-01-30 06:13:40 | INFO     | [lf.day.start] Processing YNB-CAI for 31JAN
[LF] Sending SN command: SN31JANYNBCAI/ASM
[LF] 31JAN: found 1 direct flights
2026-01-30 06:13:41 | INFO     | [lf.day.flights_found] Found 1 flights on 31JAN
2026-01-30 06:13:43 | INFO     | [lf.flight.extracted] SM442 on 31JAN: BKG=178, LF=100.0%
[LF] SM442 31JAN: BKG=178, GRP=85, CAP=178, LF%=100.0%, Brd-Off=YNB-CAI, Classes: P:85, I:16, O:28, U:20, X:15, T:12, S:1, K:1
[LPC] SM442 31JAN: Found 1 outbound flights with connecting passengers
[LF] Getting WEEKLY/LASTSOLD data for 1 flights
[LF] SM442 31JAN: LASTSOLD=2026-01-23 00:00:00, WEEKLY=1, TODAY=0, YDAY=0
2026-01-30 06:13:46 | INFO     | [SUCCESS] Day 31JAN
[LF] Skipping 30JAN (Today) - will be processed by supplement scan
[LF] Results summary:
  2026-02-08: 4 flights
  2026-02-07: 1 flights
  2026-02-06: 1 flights
  2026-02-05: 1 flights
  2026-02-04: 1 flights
  2026-02-03: 1 flights
  2026-02-02: 1 flights
  2026-02-01: 1 flights
  2026-01-31: 1 flights
2026-01-30 06:13:46 | INFO     | [SUCCESS] LF Search Complete

============================================================
[Worker_9223] ✓ COMPLETED: YNB-CAI
  Results: 9 dates
  Errors: 0 dates
  Total Processed: 53 groups
============================================================

2026-01-30 06:13:46 | INFO     | [Worker_9223] Completed: YNB-CAI - 9 results, 0 errors

============================================================
[Worker_9223] Processing: ASW-JED
  Tier 0: Range 1, Chunk 3/3
  Dates: 10 days
  Date Range: 2026-02-08 to 2026-01-30
============================================================

2026-01-30 06:13:46 | INFO     | [Worker_9223] Processing: ASW-JED
2026-01-30 06:13:46 | INFO     |   Tier 0: Range 1, Chunk 3/3 (10 days)
2026-01-30 06:13:46 | INFO     | ======================================================================
2026-01-30 06:13:46 | INFO     | Load Factor Scraper Started - Route: ASW-JED
2026-01-30 06:13:46 | INFO     | Log file: D:\CODERED\LAB\Artifacts\outputs\run_generated_300126_at_05.16\logs\LF_ASW-JED_20260130_061346.log
2026-01-30 06:13:46 | INFO     | Enhanced logging: Capturing both logging.info() and print()
2026-01-30 06:13:46 | INFO     | ======================================================================
[LF] Processing dates (override): ['08FEB', '07FEB', '06FEB', '05FEB', '04FEB', '03FEB', '02FEB', '01FEB', '31JAN', '30JAN']
[LF] Attaching to Chrome for Altea access
2026-01-30 06:13:46 | INFO     | Starting LF search for route: ASW-JED
2026-01-30 06:13:46 | INFO     | [START] LF Search
[LF][[OK] SUCCESS] Connected to Chrome on 127.0.0.1:9223 (after 1 attempts)
2026-01-30 06:13:47 | INFO     | [HEALTH CHECK] [OK] Chrome connection is healthy
[LF][[OK] SUCCESS] Found Amadeus Altea window: Altéa Reservation Desktop
[LF][[INFO] INFO] URL: https://tc212.resdesktop.altea.amadeus.com/app_ard/apf/init/login?SITE=ESMPESMP&LANGUAGE=GB&MARKETS=ARDW_PROD_WBP&ACTION=clpLogin
2026-01-30 06:13:47 | INFO     | [DAY_START] Processing 08FEB
[LF] Processing ASW-JED for 08FEB
2026-01-30 06:13:47 | INFO     | [lf.day.start] Processing ASW-JED for 08FEB
[LF] Sending SN command: SN08FEBASWJED/ASM
[LF] No direct flights on 08FEB for ASW-JED
2026-01-30 06:13:48 | WARNING  | [lf.day.no_flights] No direct flights on 08FEB
2026-01-30 06:13:48 | INFO     | [SUCCESS] Day 08FEB
2026-01-30 06:13:48 | INFO     | [DAY_START] Processing 07FEB
[LF] Processing ASW-JED for 07FEB
2026-01-30 06:13:48 | INFO     | [lf.day.start] Processing ASW-JED for 07FEB
[LF] Sending SN command: SN07FEBASWJED/ASM
[LF] No direct flights on 07FEB for ASW-JED
2026-01-30 06:13:49 | WARNING  | [lf.day.no_flights] No direct flights on 07FEB
2026-01-30 06:13:49 | INFO     | [SUCCESS] Day 07FEB
2026-01-30 06:13:49 | INFO     | [DAY_START] Processing 06FEB
[LF] Processing ASW-JED for 06FEB
2026-01-30 06:13:49 | INFO     | [lf.day.start] Processing ASW-JED for 06FEB
[LF] Sending SN command: SN06FEBASWJED/ASM
[LF] No direct flights on 06FEB for ASW-JED
2026-01-30 06:13:51 | WARNING  | [lf.day.no_flights] No direct flights on 06FEB
2026-01-30 06:13:51 | INFO     | [SUCCESS] Day 06FEB
2026-01-30 06:13:51 | INFO     | [DAY_START] Processing 05FEB
[LF] Processing ASW-JED for 05FEB
2026-01-30 06:13:51 | INFO     | [lf.day.start] Processing ASW-JED for 05FEB
[LF] Sending SN command: SN05FEBASWJED/ASM
[LF] No direct flights on 05FEB for ASW-JED
2026-01-30 06:13:52 | WARNING  | [lf.day.no_flights] No direct flights on 05FEB
2026-01-30 06:13:52 | INFO     | [SUCCESS] Day 05FEB
2026-01-30 06:13:52 | INFO     | [DAY_START] Processing 04FEB
[LF] Processing ASW-JED for 04FEB
2026-01-30 06:13:52 | INFO     | [lf.day.start] Processing ASW-JED for 04FEB
[LF] Sending SN command: SN04FEBASWJED/ASM
[LF] No direct flights on 04FEB for ASW-JED
2026-01-30 06:13:53 | WARNING  | [lf.day.no_flights] No direct flights on 04FEB
2026-01-30 06:13:53 | INFO     | [SUCCESS] Day 04FEB
2026-01-30 06:13:53 | INFO     | [DAY_START] Processing 03FEB
[LF] Processing ASW-JED for 03FEB
2026-01-30 06:13:53 | INFO     | [lf.day.start] Processing ASW-JED for 03FEB
[LF] Sending SN command: SN03FEBASWJED/ASM
[LF] No direct flights on 03FEB for ASW-JED
2026-01-30 06:13:54 | WARNING  | [lf.day.no_flights] No direct flights on 03FEB
2026-01-30 06:13:54 | INFO     | [SUCCESS] Day 03FEB
2026-01-30 06:13:54 | INFO     | [DAY_START] Processing 02FEB
[LF] Processing ASW-JED for 02FEB
2026-01-30 06:13:54 | INFO     | [lf.day.start] Processing ASW-JED for 02FEB
[LF] Sending SN command: SN02FEBASWJED/ASM
[LF] No direct flights on 02FEB for ASW-JED
2026-01-30 06:13:55 | WARNING  | [lf.day.no_flights] No direct flights on 02FEB
2026-01-30 06:13:55 | INFO     | [SUCCESS] Day 02FEB
2026-01-30 06:13:55 | INFO     | [DAY_START] Processing 01FEB
[LF] Processing ASW-JED for 01FEB
2026-01-30 06:13:55 | INFO     | [lf.day.start] Processing ASW-JED for 01FEB
[LF] Sending SN command: SN01FEBASWJED/ASM
[LF] No direct flights on 01FEB for ASW-JED
2026-01-30 06:13:56 | WARNING  | [lf.day.no_flights] No direct flights on 01FEB
2026-01-30 06:13:56 | INFO     | [SUCCESS] Day 01FEB
2026-01-30 06:13:56 | INFO     | [DAY_START] Processing 31JAN
[LF] Processing ASW-JED for 31JAN
2026-01-30 06:13:56 | INFO     | [lf.day.start] Processing ASW-JED for 31JAN
[LF] Sending SN command: SN31JANASWJED/ASM
[LF] No direct flights on 31JAN for ASW-JED
2026-01-30 06:13:57 | WARNING  | [lf.day.no_flights] No direct flights on 31JAN
2026-01-30 06:13:57 | INFO     | [SUCCESS] Day 31JAN
[LF] Skipping 30JAN (Today) - will be processed by supplement scan
[LF] Results summary:
  2026-02-08: 0 flights
  2026-02-07: 0 flights
  2026-02-06: 0 flights
  2026-02-05: 0 flights
  2026-02-04: 0 flights
  2026-02-03: 0 flights
  2026-02-02: 0 flights
  2026-02-01: 0 flights
  2026-01-31: 0 flights
2026-01-30 06:13:57 | INFO     | [SUCCESS] LF Search Complete

============================================================
[Worker_9223] ✓ COMPLETED: ASW-JED
  Results: 9 dates
  Errors: 0 dates
  Total Processed: 54 groups
============================================================

2026-01-30 06:13:57 | INFO     | [Worker_9223] Completed: ASW-JED - 9 results, 0 errors

============================================================
[Worker_9223] Processing: ATZ-RUH
  Tier 0: Range 1, Chunk 3/3
  Dates: 10 days
  Date Range: 2026-02-08 to 2026-01-30
============================================================

2026-01-30 06:13:57 | INFO     | [Worker_9223] Processing: ATZ-RUH
2026-01-30 06:13:57 | INFO     |   Tier 0: Range 1, Chunk 3/3 (10 days)
2026-01-30 06:13:57 | INFO     | ======================================================================
2026-01-30 06:13:57 | INFO     | Load Factor Scraper Started - Route: ATZ-RUH
2026-01-30 06:13:57 | INFO     | Log file: D:\CODERED\LAB\Artifacts\outputs\run_generated_300126_at_05.16\logs\LF_ATZ-RUH_20260130_061357.log
2026-01-30 06:13:57 | INFO     | Enhanced logging: Capturing both logging.info() and print()
2026-01-30 06:13:57 | INFO     | ======================================================================
[LF] Processing dates (override): ['08FEB', '07FEB', '06FEB', '05FEB', '04FEB', '03FEB', '02FEB', '01FEB', '31JAN', '30JAN']
[LF] Attaching to Chrome for Altea access
2026-01-30 06:13:57 | INFO     | Starting LF search for route: ATZ-RUH
2026-01-30 06:13:57 | INFO     | [START] LF Search
[LF][[OK] SUCCESS] Connected to Chrome on 127.0.0.1:9223 (after 1 attempts)
2026-01-30 06:13:58 | INFO     | [HEALTH CHECK] [OK] Chrome connection is healthy
[LF][[OK] SUCCESS] Found Amadeus Altea window: Altéa Reservation Desktop
[LF][[INFO] INFO] URL: https://tc212.resdesktop.altea.amadeus.com/app_ard/apf/init/login?SITE=ESMPESMP&LANGUAGE=GB&MARKETS=ARDW_PROD_WBP&ACTION=clpLogin
2026-01-30 06:13:58 | INFO     | [DAY_START] Processing 08FEB
[LF] Processing ATZ-RUH for 08FEB
2026-01-30 06:13:58 | INFO     | [lf.day.start] Processing ATZ-RUH for 08FEB
[LF] Sending SN command: SN08FEBATZRUH/ASM
[LF] 08FEB: found 1 direct flights
2026-01-30 06:13:59 | INFO     | [lf.day.flights_found] Found 1 flights on 08FEB
2026-01-30 06:14:01 | INFO     | [lf.flight.extracted] SM463 on 08FEB: BKG=83, LF=46.4%
[LF] SM463 08FEB: BKG=83, GRP=0, CAP=179, LF%=46.4%, Brd-Off=ATZ-RUH, Classes: O:1, U:7, X:7, T:11, W:12, S:27, G:15, L:3
[LF] Getting WEEKLY/LASTSOLD data for 1 flights
[LF] SM463 08FEB: LASTSOLD=2026-01-29 00:00:00, WEEKLY=27, TODAY=0, YDAY=4
2026-01-30 06:14:06 | INFO     | [SUCCESS] Day 08FEB
2026-01-30 06:14:06 | INFO     | [DAY_START] Processing 07FEB
[LF] Processing ATZ-RUH for 07FEB
2026-01-30 06:14:06 | INFO     | [lf.day.start] Processing ATZ-RUH for 07FEB
[LF] Sending SN command: SN07FEBATZRUH/ASM
[LF] No direct flights on 07FEB for ATZ-RUH
2026-01-30 06:14:08 | WARNING  | [lf.day.no_flights] No direct flights on 07FEB
2026-01-30 06:14:08 | INFO     | [SUCCESS] Day 07FEB
2026-01-30 06:14:08 | INFO     | [DAY_START] Processing 06FEB
[LF] Processing ATZ-RUH for 06FEB
2026-01-30 06:14:08 | INFO     | [lf.day.start] Processing ATZ-RUH for 06FEB
[LF] Sending SN command: SN06FEBATZRUH/ASM
[LF] No direct flights on 06FEB for ATZ-RUH
2026-01-30 06:14:09 | WARNING  | [lf.day.no_flights] No direct flights on 06FEB
2026-01-30 06:14:09 | INFO     | [SUCCESS] Day 06FEB
2026-01-30 06:14:09 | INFO     | [DAY_START] Processing 05FEB
[LF] Processing ATZ-RUH for 05FEB
2026-01-30 06:14:09 | INFO     | [lf.day.start] Processing ATZ-RUH for 05FEB
[LF] Sending SN command: SN05FEBATZRUH/ASM
[LF] No direct flights on 05FEB for ATZ-RUH
2026-01-30 06:14:10 | WARNING  | [lf.day.no_flights] No direct flights on 05FEB
2026-01-30 06:14:10 | INFO     | [SUCCESS] Day 05FEB
2026-01-30 06:14:10 | INFO     | [DAY_START] Processing 04FEB
[LF] Processing ATZ-RUH for 04FEB
2026-01-30 06:14:10 | INFO     | [lf.day.start] Processing ATZ-RUH for 04FEB
[LF] Sending SN command: SN04FEBATZRUH/ASM
[LF] 04FEB: found 1 direct flights
2026-01-30 06:14:11 | INFO     | [lf.day.flights_found] Found 1 flights on 04FEB
2026-01-30 06:14:13 | INFO     | [lf.flight.extracted] SM465 on 04FEB: BKG=99, LF=55.3%
[LF] SM465 04FEB: BKG=99, GRP=0, CAP=179, LF%=55.3%, Brd-Off=ATZ-RUH, Classes: O:5, U:10, X:7, T:12, W:8, S:18, G:25, L:13, V:1
[LF] Getting WEEKLY/LASTSOLD data for 1 flights
[LF] SM465 04FEB: LASTSOLD=2026-01-29 00:00:00, WEEKLY=34, TODAY=0, YDAY=8
2026-01-30 06:14:19 | INFO     | [SUCCESS] Day 04FEB
2026-01-30 06:14:19 | INFO     | [DAY_START] Processing 03FEB
[LF] Processing ATZ-RUH for 03FEB
2026-01-30 06:14:19 | INFO     | [lf.day.start] Processing ATZ-RUH for 03FEB
[LF] Sending SN command: SN03FEBATZRUH/ASM
[LF] 03FEB: found 1 direct flights
2026-01-30 06:14:20 | INFO     | [lf.day.flights_found] Found 1 flights on 03FEB
2026-01-30 06:14:22 | INFO     | [lf.flight.extracted] SM463 on 03FEB: BKG=114, LF=63.7%
[LF] SM463 03FEB: BKG=114, GRP=0, CAP=179, LF%=63.7%, Brd-Off=ATZ-RUH, Classes: O:5, U:7, X:10, T:10, W:10, S:28, G:15, L:27, V:1, Q:1
[LF] Getting WEEKLY/LASTSOLD data for 1 flights
[LF] SM463 03FEB: LASTSOLD=2026-01-29 00:00:00, WEEKLY=56, TODAY=0, YDAY=7
2026-01-30 06:14:28 | INFO     | [SUCCESS] Day 03FEB
2026-01-30 06:14:28 | INFO     | [DAY_START] Processing 02FEB
[LF] Processing ATZ-RUH for 02FEB
2026-01-30 06:14:28 | INFO     | [lf.day.start] Processing ATZ-RUH for 02FEB
[LF] Sending SN command: SN02FEBATZRUH/ASM
[LF] No direct flights on 02FEB for ATZ-RUH
2026-01-30 06:14:29 | WARNING  | [lf.day.no_flights] No direct flights on 02FEB
2026-01-30 06:14:29 | INFO     | [SUCCESS] Day 02FEB
2026-01-30 06:14:29 | INFO     | [DAY_START] Processing 01FEB
[LF] Processing ATZ-RUH for 01FEB
2026-01-30 06:14:29 | INFO     | [lf.day.start] Processing ATZ-RUH for 01FEB
[LF] Sending SN command: SN01FEBATZRUH/ASM
[LF] 01FEB: found 1 direct flights
2026-01-30 06:14:30 | INFO     | [lf.day.flights_found] Found 1 flights on 01FEB
2026-01-30 06:14:32 | INFO     | [lf.flight.extracted] SM463 on 01FEB: BKG=150, LF=83.8%
[LF] SM463 01FEB: BKG=150, GRP=0, CAP=179, LF%=83.8%, Brd-Off=ATZ-RUH, Classes: O:1, U:6, X:17, T:20, W:19, S:17, G:16, L:13, V:14, K:25, Q:2
[LPC] SM463 01FEB: Found 0 outbound flights with connecting passengers
[LF] Getting WEEKLY/LASTSOLD data for 1 flights
[LF] SM463 01FEB: LASTSOLD=2025-12-30 00:00:00, WEEKLY=0, TODAY=0, YDAY=0
2026-01-30 06:14:36 | INFO     | [SUCCESS] Day 01FEB
2026-01-30 06:14:36 | INFO     | [DAY_START] Processing 31JAN
[LF] Processing ATZ-RUH for 31JAN
2026-01-30 06:14:36 | INFO     | [lf.day.start] Processing ATZ-RUH for 31JAN
[LF] Sending SN command: SN31JANATZRUH/ASM
[LF] No direct flights on 31JAN for ATZ-RUH
2026-01-30 06:14:38 | WARNING  | [lf.day.no_flights] No direct flights on 31JAN
2026-01-30 06:14:38 | INFO     | [SUCCESS] Day 31JAN
[LF] Skipping 30JAN (Today) - will be processed by supplement scan
[LF] Results summary:
  2026-02-08: 1 flights
  2026-02-07: 0 flights
  2026-02-06: 0 flights
  2026-02-05: 0 flights
  2026-02-04: 1 flights
  2026-02-03: 1 flights
  2026-02-02: 0 flights
  2026-02-01: 1 flights
  2026-01-31: 0 flights
2026-01-30 06:14:38 | INFO     | [SUCCESS] LF Search Complete

============================================================
[Worker_9223] ✓ COMPLETED: ATZ-RUH
  Results: 9 dates
  Errors: 0 dates
  Total Processed: 55 groups
============================================================

2026-01-30 06:14:38 | INFO     | [Worker_9223] Completed: ATZ-RUH - 9 results, 0 errors

============================================================
[Worker_9223] Processing: CAI-TUU
  Tier 0: Range 1, Chunk 3/3
  Dates: 10 days
  Date Range: 2026-02-08 to 2026-01-30
============================================================

2026-01-30 06:14:38 | INFO     | [Worker_9223] Processing: CAI-TUU
2026-01-30 06:14:38 | INFO     |   Tier 0: Range 1, Chunk 3/3 (10 days)
2026-01-30 06:14:38 | INFO     | ======================================================================
2026-01-30 06:14:38 | INFO     | Load Factor Scraper Started - Route: CAI-TUU
2026-01-30 06:14:38 | INFO     | Log file: D:\CODERED\LAB\Artifacts\outputs\run_generated_300126_at_05.16\logs\LF_CAI-TUU_20260130_061438.log
2026-01-30 06:14:38 | INFO     | Enhanced logging: Capturing both logging.info() and print()
2026-01-30 06:14:38 | INFO     | ======================================================================
[LF] Processing dates (override): ['08FEB', '07FEB', '06FEB', '05FEB', '04FEB', '03FEB', '02FEB', '01FEB', '31JAN', '30JAN']
[LF] Attaching to Chrome for Altea access
2026-01-30 06:14:38 | INFO     | Starting LF search for route: CAI-TUU
2026-01-30 06:14:38 | INFO     | [START] LF Search
[LF][[OK] SUCCESS] Connected to Chrome on 127.0.0.1:9223 (after 1 attempts)
2026-01-30 06:14:38 | INFO     | [HEALTH CHECK] [OK] Chrome connection is healthy
[LF][[OK] SUCCESS] Found Amadeus Altea window: Altéa Reservation Desktop
[LF][[INFO] INFO] URL: https://tc212.resdesktop.altea.amadeus.com/app_ard/apf/init/login?SITE=ESMPESMP&LANGUAGE=GB&MARKETS=ARDW_PROD_WBP&ACTION=clpLogin
2026-01-30 06:14:38 | INFO     | [DAY_START] Processing 08FEB
[LF] Processing CAI-TUU for 08FEB
2026-01-30 06:14:38 | INFO     | [lf.day.start] Processing CAI-TUU for 08FEB
[LF] Sending SN command: SN08FEBCAITUU/ASM
[LF] No direct flights on 08FEB for CAI-TUU
2026-01-30 06:14:40 | WARNING  | [lf.day.no_flights] No direct flights on 08FEB
2026-01-30 06:14:40 | INFO     | [SUCCESS] Day 08FEB
2026-01-30 06:14:40 | INFO     | [DAY_START] Processing 07FEB
[LF] Processing CAI-TUU for 07FEB
2026-01-30 06:14:40 | INFO     | [lf.day.start] Processing CAI-TUU for 07FEB
[LF] Sending SN command: SN07FEBCAITUU/ASM
[LF] 07FEB: found 1 direct flights
2026-01-30 06:14:41 | INFO     | [lf.day.flights_found] Found 1 flights on 07FEB
2026-01-30 06:14:43 | INFO     | [lf.flight.extracted] SM325 on 07FEB: BKG=58, LF=53.2%
[LF] SM325 07FEB: BKG=58, GRP=0, CAP=109, LF%=53.2%, Brd-Off=CAI-TUU, Classes: I:30, O:20, U:8
[LF] Getting WEEKLY/LASTSOLD data for 1 flights
[LF] SM325 07FEB: LASTSOLD=2026-01-30 00:00:00, WEEKLY=32, TODAY=1, YDAY=8
2026-01-30 06:14:47 | INFO     | [SUCCESS] Day 07FEB
2026-01-30 06:14:47 | INFO     | [DAY_START] Processing 06FEB
[LF] Processing CAI-TUU for 06FEB
2026-01-30 06:14:47 | INFO     | [lf.day.start] Processing CAI-TUU for 06FEB
[LF] Sending SN command: SN06FEBCAITUU/ASM
[LF] No direct flights on 06FEB for CAI-TUU
2026-01-30 06:14:48 | WARNING  | [lf.day.no_flights] No direct flights on 06FEB
2026-01-30 06:14:48 | INFO     | [SUCCESS] Day 06FEB
2026-01-30 06:14:48 | INFO     | [DAY_START] Processing 05FEB
[LF] Processing CAI-TUU for 05FEB
2026-01-30 06:14:48 | INFO     | [lf.day.start] Processing CAI-TUU for 05FEB
[LF] Sending SN command: SN05FEBCAITUU/ASM
[LF] 05FEB: found 1 direct flights
2026-01-30 06:14:49 | INFO     | [lf.day.flights_found] Found 1 flights on 05FEB
2026-01-30 06:14:51 | INFO     | [lf.flight.extracted] SM325 on 05FEB: BKG=36, LF=20.1%
[LF] SM325 05FEB: BKG=36, GRP=0, CAP=179, LF%=20.1%, Brd-Off=CAI-TUU, Classes: I:25, O:11
[LF] Getting WEEKLY/LASTSOLD data for 1 flights
[LF] SM325 05FEB: LASTSOLD=2026-01-29 00:00:00, WEEKLY=19, TODAY=0, YDAY=8
2026-01-30 06:14:55 | INFO     | [SUCCESS] Day 05FEB
2026-01-30 06:14:55 | INFO     | [DAY_START] Processing 04FEB
[LF] Processing CAI-TUU for 04FEB
2026-01-30 06:14:55 | INFO     | [lf.day.start] Processing CAI-TUU for 04FEB
[LF] Sending SN command: SN04FEBCAITUU/ASM
[LF] 04FEB: found 1 direct flights
2026-01-30 06:14:56 | INFO     | [lf.day.flights_found] Found 1 flights on 04FEB
2026-01-30 06:14:58 | INFO     | [lf.flight.extracted] SM325 on 04FEB: BKG=24, LF=13.4%
[LF] SM325 04FEB: BKG=24, GRP=0, CAP=179, LF%=13.4%, Brd-Off=CAI-TUU, Classes: I:19, O:5
[LF] Getting WEEKLY/LASTSOLD data for 1 flights
[LF] SM325 04FEB: LASTSOLD=2026-01-29 00:00:00, WEEKLY=12, TODAY=0, YDAY=4
2026-01-30 06:15:01 | INFO     | [SUCCESS] Day 04FEB
2026-01-30 06:15:01 | INFO     | [DAY_START] Processing 03FEB
[LF] Processing CAI-TUU for 03FEB
2026-01-30 06:15:01 | INFO     | [lf.day.start] Processing CAI-TUU for 03FEB
[LF] Sending SN command: SN03FEBCAITUU/ASM
[LF] No direct flights on 03FEB for CAI-TUU
2026-01-30 06:15:02 | WARNING  | [lf.day.no_flights] No direct flights on 03FEB
2026-01-30 06:15:02 | INFO     | [SUCCESS] Day 03FEB
2026-01-30 06:15:02 | INFO     | [DAY_START] Processing 02FEB
[LF] Processing CAI-TUU for 02FEB
2026-01-30 06:15:02 | INFO     | [lf.day.start] Processing CAI-TUU for 02FEB
[LF] Sending SN command: SN02FEBCAITUU/ASM
[LF] No direct flights on 02FEB for CAI-TUU
2026-01-30 06:15:03 | WARNING  | [lf.day.no_flights] No direct flights on 02FEB
2026-01-30 06:15:03 | INFO     | [SUCCESS] Day 02FEB
2026-01-30 06:15:03 | INFO     | [DAY_START] Processing 01FEB
[LF] Processing CAI-TUU for 01FEB
2026-01-30 06:15:03 | INFO     | [lf.day.start] Processing CAI-TUU for 01FEB
[LF] Sending SN command: SN01FEBCAITUU/ASM
[LF] No direct flights on 01FEB for CAI-TUU
2026-01-30 06:15:05 | WARNING  | [lf.day.no_flights] No direct flights on 01FEB
2026-01-30 06:15:05 | INFO     | [SUCCESS] Day 01FEB
2026-01-30 06:15:05 | INFO     | [DAY_START] Processing 31JAN
[LF] Processing CAI-TUU for 31JAN
2026-01-30 06:15:05 | INFO     | [lf.day.start] Processing CAI-TUU for 31JAN
[LF] Sending SN command: SN31JANCAITUU/ASM
[LF] 31JAN: found 1 direct flights
2026-01-30 06:15:06 | INFO     | [lf.day.flights_found] Found 1 flights on 31JAN
2026-01-30 06:15:08 | INFO     | [lf.flight.extracted] SM325 on 31JAN: BKG=128, LF=71.5%
[LF] SM325 31JAN: BKG=128, GRP=0, CAP=179, LF%=71.5%, Brd-Off=CAI-TUU, Classes: I:100, O:18, U:10
[LF] Getting WEEKLY/LASTSOLD data for 1 flights
[LF] SM325 31JAN: LASTSOLD=2026-01-29 00:00:00, WEEKLY=80, TODAY=0, YDAY=16
2026-01-30 06:15:14 | INFO     | [SUCCESS] Day 31JAN
[LF] Skipping 30JAN (Today) - will be processed by supplement scan
[LF] Results summary:
  2026-02-08: 0 flights
  2026-02-07: 1 flights
  2026-02-06: 0 flights
  2026-02-05: 1 flights
  2026-02-04: 1 flights
  2026-02-03: 0 flights
  2026-02-02: 0 flights
  2026-02-01: 0 flights
  2026-01-31: 1 flights
2026-01-30 06:15:14 | INFO     | [SUCCESS] LF Search Complete

============================================================
[Worker_9223] ✓ COMPLETED: CAI-TUU
  Results: 9 dates
  Errors: 0 dates
  Total Processed: 56 groups
============================================================

2026-01-30 06:15:14 | INFO     | [Worker_9223] Completed: CAI-TUU - 9 results, 0 errors

============================================================
[Worker_9223] Processing: CAI-AHB
  Tier 0: Range 1, Chunk 3/3
  Dates: 10 days
  Date Range: 2026-02-08 to 2026-01-30
============================================================

2026-01-30 06:15:14 | INFO     | [Worker_9223] Processing: CAI-AHB
2026-01-30 06:15:14 | INFO     |   Tier 0: Range 1, Chunk 3/3 (10 days)
2026-01-30 06:15:14 | INFO     | ======================================================================
2026-01-30 06:15:14 | INFO     | Load Factor Scraper Started - Route: CAI-AHB
2026-01-30 06:15:14 | INFO     | Log file: D:\CODERED\LAB\Artifacts\outputs\run_generated_300126_at_05.16\logs\LF_CAI-AHB_20260130_061514.log
2026-01-30 06:15:14 | INFO     | Enhanced logging: Capturing both logging.info() and print()
2026-01-30 06:15:14 | INFO     | ======================================================================
[LF] Processing dates (override): ['08FEB', '07FEB', '06FEB', '05FEB', '04FEB', '03FEB', '02FEB', '01FEB', '31JAN', '30JAN']
[LF] Attaching to Chrome for Altea access
2026-01-30 06:15:14 | INFO     | Starting LF search for route: CAI-AHB
2026-01-30 06:15:14 | INFO     | [START] LF Search
[LF][[OK] SUCCESS] Connected to Chrome on 127.0.0.1:9223 (after 1 attempts)
2026-01-30 06:15:14 | INFO     | [HEALTH CHECK] [OK] Chrome connection is healthy
[LF][[OK] SUCCESS] Found Amadeus Altea window: Altéa Reservation Desktop
[LF][[INFO] INFO] URL: https://tc212.resdesktop.altea.amadeus.com/app_ard/apf/init/login?SITE=ESMPESMP&LANGUAGE=GB&MARKETS=ARDW_PROD_WBP&ACTION=clpLogin
2026-01-30 06:15:14 | INFO     | [DAY_START] Processing 08FEB
[LF] Processing CAI-AHB for 08FEB
2026-01-30 06:15:14 | INFO     | [lf.day.start] Processing CAI-AHB for 08FEB
[LF] Sending SN command: SN08FEBCAIAHB/ASM
[LF] No direct flights on 08FEB for CAI-AHB
2026-01-30 06:15:16 | WARNING  | [lf.day.no_flights] No direct flights on 08FEB
2026-01-30 06:15:16 | INFO     | [SUCCESS] Day 08FEB
2026-01-30 06:15:16 | INFO     | [DAY_START] Processing 07FEB
[LF] Processing CAI-AHB for 07FEB
2026-01-30 06:15:16 | INFO     | [lf.day.start] Processing CAI-AHB for 07FEB
[LF] Sending SN command: SN07FEBCAIAHB/ASM
[LF] 07FEB: found 1 direct flights
2026-01-30 06:15:17 | INFO     | [lf.day.flights_found] Found 1 flights on 07FEB
2026-01-30 06:15:19 | INFO     | [lf.flight.extracted] SM443 on 07FEB: BKG=105, LF=59.7%
[LF] SM443 07FEB: BKG=105, GRP=0, CAP=176, LF%=59.7%, Brd-Off=CAI-AHB, Classes: O:6, U:8, X:10, T:9, W:27, S:10, G:10, L:10, V:10, K:5
[LF] Getting WEEKLY/LASTSOLD data for 1 flights
[LF] SM443 07FEB: LASTSOLD=2026-01-29 00:00:00, WEEKLY=41, TODAY=0, YDAY=4
2026-01-30 06:15:24 | INFO     | [SUCCESS] Day 07FEB
2026-01-30 06:15:24 | INFO     | [DAY_START] Processing 06FEB
[LF] Processing CAI-AHB for 06FEB
2026-01-30 06:15:24 | INFO     | [lf.day.start] Processing CAI-AHB for 06FEB
[LF] Sending SN command: SN06FEBCAIAHB/ASM
[LF] No direct flights on 06FEB for CAI-AHB
2026-01-30 06:15:26 | WARNING  | [lf.day.no_flights] No direct flights on 06FEB
2026-01-30 06:15:26 | INFO     | [SUCCESS] Day 06FEB
2026-01-30 06:15:26 | INFO     | [DAY_START] Processing 05FEB
[LF] Processing CAI-AHB for 05FEB
2026-01-30 06:15:26 | INFO     | [lf.day.start] Processing CAI-AHB for 05FEB
[LF] Sending SN command: SN05FEBCAIAHB/ASM
[LF] 05FEB: found 1 direct flights
2026-01-30 06:15:27 | INFO     | [lf.day.flights_found] Found 1 flights on 05FEB
2026-01-30 06:15:29 | INFO     | [lf.flight.extracted] SM443 on 05FEB: BKG=112, LF=62.6%
[LF] SM443 05FEB: BKG=112, GRP=0, CAP=179, LF%=62.6%, Brd-Off=CAI-AHB, Classes: O:6, U:7, X:9, T:7, W:39, S:15, G:15, L:14
[LF] Getting WEEKLY/LASTSOLD data for 1 flights
[LF] SM443 05FEB: LASTSOLD=2026-01-29 00:00:00, WEEKLY=46, TODAY=0, YDAY=10
2026-01-30 06:15:34 | INFO     | [SUCCESS] Day 05FEB
2026-01-30 06:15:34 | INFO     | [DAY_START] Processing 04FEB
[LF] Processing CAI-AHB for 04FEB
2026-01-30 06:15:34 | INFO     | [lf.day.start] Processing CAI-AHB for 04FEB
[LF] Sending SN command: SN04FEBCAIAHB/ASM
[LF] 04FEB: found 1 direct flights
2026-01-30 06:15:35 | INFO     | [lf.day.flights_found] Found 1 flights on 04FEB
2026-01-30 06:15:37 | INFO     | [lf.flight.extracted] SM447 on 04FEB: BKG=140, LF=78.2%
[LF] SM447 04FEB: BKG=140, GRP=0, CAP=179, LF%=78.2%, Brd-Off=CAI-AHB, Classes: O:3, U:6, X:30, T:29, W:26, S:15, G:15, L:13, V:2, K:1
[LF] Getting WEEKLY/LASTSOLD data for 1 flights
[LF] SM447 04FEB: LASTSOLD=2026-01-29 00:00:00, WEEKLY=43, TODAY=0, YDAY=7
2026-01-30 06:15:43 | INFO     | [SUCCESS] Day 04FEB
2026-01-30 06:15:43 | INFO     | [DAY_START] Processing 03FEB
[LF] Processing CAI-AHB for 03FEB
2026-01-30 06:15:43 | INFO     | [lf.day.start] Processing CAI-AHB for 03FEB
[LF] Sending SN command: SN03FEBCAIAHB/ASM
[LF] No direct flights on 03FEB for CAI-AHB
2026-01-30 06:15:44 | WARNING  | [lf.day.no_flights] No direct flights on 03FEB
2026-01-30 06:15:44 | INFO     | [SUCCESS] Day 03FEB
2026-01-30 06:15:44 | INFO     | [DAY_START] Processing 02FEB
[LF] Processing CAI-AHB for 02FEB
2026-01-30 06:15:44 | INFO     | [lf.day.start] Processing CAI-AHB for 02FEB
[LF] Sending SN command: SN02FEBCAIAHB/ASM
[LF] No direct flights on 02FEB for CAI-AHB
2026-01-30 06:15:45 | WARNING  | [lf.day.no_flights] No direct flights on 02FEB
2026-01-30 06:15:45 | INFO     | [SUCCESS] Day 02FEB
2026-01-30 06:15:45 | INFO     | [DAY_START] Processing 01FEB
[LF] Processing CAI-AHB for 01FEB
2026-01-30 06:15:45 | INFO     | [lf.day.start] Processing CAI-AHB for 01FEB
[LF] Sending SN command: SN01FEBCAIAHB/ASM
[LF] No direct flights on 01FEB for CAI-AHB
2026-01-30 06:15:46 | WARNING  | [lf.day.no_flights] No direct flights on 01FEB
2026-01-30 06:15:46 | INFO     | [SUCCESS] Day 01FEB
2026-01-30 06:15:46 | INFO     | [DAY_START] Processing 31JAN
[LF] Processing CAI-AHB for 31JAN
2026-01-30 06:15:46 | INFO     | [lf.day.start] Processing CAI-AHB for 31JAN
[LF] Sending SN command: SN31JANCAIAHB/ASM
[LF] 31JAN: found 1 direct flights
2026-01-30 06:15:47 | INFO     | [lf.day.flights_found] Found 1 flights on 31JAN
2026-01-30 06:15:49 | INFO     | [lf.flight.extracted] SM443 on 31JAN: BKG=172, LF=96.1%
[LF] SM443 31JAN: BKG=172, GRP=0, CAP=179, LF%=96.1%, Brd-Off=CAI-AHB, Classes: O:2, U:6, X:38, T:20, W:20, S:10, G:10, L:10, V:11, K:13, Q:10, H:10, M:8, B:4
[LF] Getting WEEKLY/LASTSOLD data for 1 flights
[LF] SM443 31JAN: LASTSOLD=2026-01-29 00:00:00, WEEKLY=45, TODAY=0, YDAY=7
2026-01-30 06:15:55 | ERROR    | Atomic write failed for D:\CODERED\LAB\Artifacts\outputs\run_generated_300126_at_05.16\checkpoints\flight_booking_data.json: [WinError 5] Access is denied: 'D:\\CODERED\\LAB\\Artifacts\\outputs\\run_generated_300126_at_05.16\\checkpoints\\flight_booking_data.tmp_3cab573c' -> 'D:\\CODERED\\LAB\\Artifacts\\outputs\\run_generated_300126_at_05.16\\checkpoints\\flight_booking_data.json'
2026-01-30 06:15:55 | INFO     | [SUCCESS] Day 31JAN
[LF] Skipping 30JAN (Today) - will be processed by supplement scan
[LF] Results summary:
  2026-02-08: 0 flights
  2026-02-07: 1 flights
  2026-02-06: 0 flights
  2026-02-05: 1 flights
  2026-02-04: 1 flights
  2026-02-03: 0 flights
  2026-02-02: 0 flights
  2026-02-01: 0 flights
  2026-01-31: 1 flights
2026-01-30 06:15:55 | INFO     | [SUCCESS] LF Search Complete

============================================================
[Worker_9223] ✓ COMPLETED: CAI-AHB
  Results: 9 dates
  Errors: 0 dates
  Total Processed: 57 groups
============================================================

2026-01-30 06:15:55 | INFO     | [Worker_9223] Completed: CAI-AHB - 9 results, 0 errors
[Worker_9223] Waiting for tasks...

============================================================
[Worker_9223] Shutdown signal received
Exiting...
============================================================
2026-01-30 06:21:41 | INFO     | [Worker_9223] Shutdown signal received, exiting...

============================================================
[Worker_9223] FINISHED
  Total Groups Processed: 57
============================================================

2026-01-30 06:21:41 | INFO     | [Worker_9223] Finished. Processed 57 groups.
