
============================================================
     LF WORKER - PORT 9233
============================================================
Worker: Worker_9233
Status: READY
Waiting for tasks...
============================================================


============================================================
[Worker_9233] Processing: RUH-CAI
  Tier 0: Range 4, Chunk 1/4
  Dates: 8 days
  Date Range: 2026-05-30 to 2026-05-23
============================================================

2026-01-30 05:16:17 | INFO     | ======================================================================
2026-01-30 05:16:17 | INFO     | Load Factor Scraper Started - Route: RUH-CAI
2026-01-30 05:16:17 | INFO     | Log file: D:\CODERED\LAB\Artifacts\outputs\run_generated_300126_at_05.16\logs\LF_RUH-CAI_20260130_051617.log
2026-01-30 05:16:17 | INFO     | Enhanced logging: Capturing both logging.info() and print()
2026-01-30 05:16:17 | INFO     | ======================================================================
[LF] Processing dates (override): ['30MAY', '29MAY', '28MAY', '27MAY', '26MAY', '25MAY', '24MAY', '23MAY']
[LF] Attaching to Chrome for Altea access
[LF][[OK] SUCCESS] Connected to Chrome on 127.0.0.1:9233 (after 1 attempts)
[LF][[OK] SUCCESS] Found Amadeus Altea window: Altéa Reservation Desktop
[LF][[INFO] INFO] URL: https://tc212.resdesktop.altea.amadeus.com/app_ard/apf/init/login?SITE=ESMPESMP&LANGUAGE=GB&MARKETS=ARDW_PROD_WBP&ACTION=clpLogin
[LF] Processing RUH-CAI for 30MAY
[LF] Sending SN command: SN30MAYRUHCAI/ASM
[LF][ERROR] Amadeus command error detected: UNKNOWN TRANSACTION
[LF][ERROR] Command: SN30MAYRUHCAI/ASM
[LF][RESYNC] Triggering immediate resync to last successful SN command
============================================================
[LF][RESYNC] Command 'SN30MAYRUHCAI/ASM' failed: TECH_ERROR:UNKNOWN TRANSACTION
[LF][RESYNC] Re-running entire day from SN command for RUH-CAI 30MAY
[LF][RESYNC] Attempt 1/50 (waiting 1.0s before retry...)
============================================================
[LF][RESYNC] Sending IG to clear session state...
[LF][RESYNC] Session cleared with IG
[LF] Processing RUH-CAI for 30MAY
[LF] Sending SN command: SN30MAYRUHCAI/ASM
[LF] 30MAY: found 1 direct flights
[LF] SM462 30MAY: BKG=0, GRP=0, CAP=167, LF%=0.0%, Brd-Off=RUH-CAI
[LF] Processing RUH-CAI for 29MAY
[LF] Sending SN command: SN29MAYRUHCAI/ASM
[LF] 29MAY: found 1 direct flights
[LF] SM470 29MAY: BKG=21, GRP=0, CAP=175, LF%=12.0%, Brd-Off=RUH-CAI, Classes: I:4, O:8, U:5, X:4
[LF] Getting WEEKLY/LASTSOLD data for 1 flights
[LF] SM470 29MAY: LASTSOLD=2026-01-29 00:00:00, WEEKLY=21, TODAY=0, YDAY=10
[LF] Processing RUH-CAI for 28MAY
[LF] Sending SN command: SN28MAYRUHCAI/ASM
[LF] 28MAY: found 1 direct flights
[LF] SM462 28MAY: BKG=0, GRP=0, CAP=167, LF%=0.0%, Brd-Off=RUH-CAI
[LF] Processing RUH-CAI for 27MAY
[LF] Sending SN command: SN27MAYRUHCAI/ASM
[LF] 27MAY: found 1 direct flights
[LF] SM462 27MAY: BKG=0, GRP=0, CAP=167, LF%=0.0%, Brd-Off=RUH-CAI
[LF] Processing RUH-CAI for 26MAY
[LF] Sending SN command: SN26MAYRUHCAI/ASM
[LF] 26MAY: found 1 direct flights
[LF] SM462 26MAY: BKG=0, GRP=0, CAP=167, LF%=0.0%, Brd-Off=RUH-CAI
[LF] Processing RUH-CAI for 25MAY
[LF] Sending SN command: SN25MAYRUHCAI/ASM
[LF] 25MAY: found 1 direct flights
[LF] SM462 25MAY: BKG=1, GRP=0, CAP=167, LF%=0.6%, Brd-Off=RUH-CAI, Classes: X:1
[LF] Getting WEEKLY/LASTSOLD data for 1 flights
[LF] SM462 25MAY: LASTSOLD=2025-09-09 00:00:00, WEEKLY=0, TODAY=0, YDAY=0
[LF] Processing RUH-CAI for 24MAY
[LF] Sending SN command: SN24MAYRUHCAI/ASM
[LF] 24MAY: found 1 direct flights
[LF] SM462 24MAY: BKG=0, GRP=0, CAP=167, LF%=0.0%, Brd-Off=RUH-CAI
[LF] Processing RUH-CAI for 23MAY
[LF] Sending SN command: SN23MAYRUHCAI/ASM
[LF] 23MAY: found 1 direct flights
[LF] SM462 23MAY: BKG=0, GRP=0, CAP=167, LF%=0.0%, Brd-Off=RUH-CAI
[LF] Results summary:
  2026-05-30: 1 flights
  2026-05-29: 1 flights
  2026-05-28: 1 flights
  2026-05-27: 1 flights
  2026-05-26: 1 flights
  2026-05-25: 1 flights
  2026-05-24: 1 flights
  2026-05-23: 1 flights

============================================================
[Worker_9233] ✓ COMPLETED: RUH-CAI
  Results: 8 dates
  Errors: 0 dates
  Total Processed: 1 groups
============================================================


============================================================
[Worker_9233] Processing: AHB-ATZ
  Tier 0: Range 4, Chunk 1/4
  Dates: 8 days
  Date Range: 2026-05-30 to 2026-05-23
============================================================

2026-01-30 05:17:07 | INFO     | ======================================================================
2026-01-30 05:17:07 | INFO     | Load Factor Scraper Started - Route: AHB-ATZ
2026-01-30 05:17:07 | INFO     | Log file: D:\CODERED\LAB\Artifacts\outputs\run_generated_300126_at_05.16\logs\LF_AHB-ATZ_20260130_051707.log
2026-01-30 05:17:07 | INFO     | Enhanced logging: Capturing both logging.info() and print()
2026-01-30 05:17:07 | INFO     | ======================================================================
[LF] Processing dates (override): ['30MAY', '29MAY', '28MAY', '27MAY', '26MAY', '25MAY', '24MAY', '23MAY']
[LF] Attaching to Chrome for Altea access
2026-01-30 05:17:07 | INFO     | Starting LF search for route: AHB-ATZ
2026-01-30 05:17:07 | INFO     | [START] LF Search
[LF][[OK] SUCCESS] Connected to Chrome on 127.0.0.1:9233 (after 1 attempts)
2026-01-30 05:17:08 | INFO     | [HEALTH CHECK] [OK] Chrome connection is healthy
[LF][[OK] SUCCESS] Found Amadeus Altea window: Altéa Reservation Desktop
[LF][[INFO] INFO] URL: https://tc212.resdesktop.altea.amadeus.com/app_ard/apf/init/login?SITE=ESMPESMP&LANGUAGE=GB&MARKETS=ARDW_PROD_WBP&ACTION=clpLogin
2026-01-30 05:17:08 | INFO     | [DAY_START] Processing 30MAY
[LF] Processing AHB-ATZ for 30MAY
2026-01-30 05:17:08 | INFO     | [lf.day.start] Processing AHB-ATZ for 30MAY
[LF] Sending SN command: SN30MAYAHBATZ/ASM
[LF] No direct flights on 30MAY for AHB-ATZ
2026-01-30 05:17:09 | WARNING  | [lf.day.no_flights] No direct flights on 30MAY
2026-01-30 05:17:09 | INFO     | [SUCCESS] Day 30MAY
2026-01-30 05:17:09 | INFO     | [DAY_START] Processing 29MAY
[LF] Processing AHB-ATZ for 29MAY
2026-01-30 05:17:09 | INFO     | [lf.day.start] Processing AHB-ATZ for 29MAY
[LF] Sending SN command: SN29MAYAHBATZ/ASM
[LF] No direct flights on 29MAY for AHB-ATZ
2026-01-30 05:17:10 | WARNING  | [lf.day.no_flights] No direct flights on 29MAY
2026-01-30 05:17:10 | INFO     | [SUCCESS] Day 29MAY
2026-01-30 05:17:10 | INFO     | [DAY_START] Processing 28MAY
[LF] Processing AHB-ATZ for 28MAY
2026-01-30 05:17:10 | INFO     | [lf.day.start] Processing AHB-ATZ for 28MAY
[LF] Sending SN command: SN28MAYAHBATZ/ASM
[LF] No direct flights on 28MAY for AHB-ATZ
2026-01-30 05:17:11 | WARNING  | [lf.day.no_flights] No direct flights on 28MAY
2026-01-30 05:17:11 | INFO     | [SUCCESS] Day 28MAY
2026-01-30 05:17:11 | INFO     | [DAY_START] Processing 27MAY
[LF] Processing AHB-ATZ for 27MAY
2026-01-30 05:17:11 | INFO     | [lf.day.start] Processing AHB-ATZ for 27MAY
[LF] Sending SN command: SN27MAYAHBATZ/ASM
[LF] No direct flights on 27MAY for AHB-ATZ
2026-01-30 05:17:12 | WARNING  | [lf.day.no_flights] No direct flights on 27MAY
2026-01-30 05:17:12 | INFO     | [SUCCESS] Day 27MAY
2026-01-30 05:17:12 | INFO     | [DAY_START] Processing 26MAY
[LF] Processing AHB-ATZ for 26MAY
2026-01-30 05:17:12 | INFO     | [lf.day.start] Processing AHB-ATZ for 26MAY
[LF] Sending SN command: SN26MAYAHBATZ/ASM
[LF] No direct flights on 26MAY for AHB-ATZ
2026-01-30 05:17:13 | WARNING  | [lf.day.no_flights] No direct flights on 26MAY
2026-01-30 05:17:13 | INFO     | [SUCCESS] Day 26MAY
2026-01-30 05:17:13 | INFO     | [DAY_START] Processing 25MAY
[LF] Processing AHB-ATZ for 25MAY
2026-01-30 05:17:13 | INFO     | [lf.day.start] Processing AHB-ATZ for 25MAY
[LF] Sending SN command: SN25MAYAHBATZ/ASM
[LF] No direct flights on 25MAY for AHB-ATZ
2026-01-30 05:17:14 | WARNING  | [lf.day.no_flights] No direct flights on 25MAY
2026-01-30 05:17:14 | INFO     | [SUCCESS] Day 25MAY
2026-01-30 05:17:14 | INFO     | [DAY_START] Processing 24MAY
[LF] Processing AHB-ATZ for 24MAY
2026-01-30 05:17:14 | INFO     | [lf.day.start] Processing AHB-ATZ for 24MAY
[LF] Sending SN command: SN24MAYAHBATZ/ASM
[LF] No direct flights on 24MAY for AHB-ATZ
2026-01-30 05:17:16 | WARNING  | [lf.day.no_flights] No direct flights on 24MAY
2026-01-30 05:17:16 | INFO     | [SUCCESS] Day 24MAY
2026-01-30 05:17:16 | INFO     | [DAY_START] Processing 23MAY
[LF] Processing AHB-ATZ for 23MAY
2026-01-30 05:17:16 | INFO     | [lf.day.start] Processing AHB-ATZ for 23MAY
[LF] Sending SN command: SN23MAYAHBATZ/ASM
[LF] No direct flights on 23MAY for AHB-ATZ
2026-01-30 05:17:17 | WARNING  | [lf.day.no_flights] No direct flights on 23MAY
2026-01-30 05:17:17 | INFO     | [SUCCESS] Day 23MAY
[LF] Results summary:
  2026-05-30: 0 flights
  2026-05-29: 0 flights
  2026-05-28: 0 flights
  2026-05-27: 0 flights
  2026-05-26: 0 flights
  2026-05-25: 0 flights
  2026-05-24: 0 flights
  2026-05-23: 0 flights
2026-01-30 05:17:17 | INFO     | [SUCCESS] LF Search Complete

============================================================
[Worker_9233] ✓ COMPLETED: AHB-ATZ
  Results: 8 dates
  Errors: 0 dates
  Total Processed: 2 groups
============================================================

2026-01-30 05:17:17 | INFO     | [Worker_9233] Completed: AHB-ATZ - 8 results, 0 errors

============================================================
[Worker_9233] Processing: HBE-MED
  Tier 0: Range 4, Chunk 1/4
  Dates: 8 days
  Date Range: 2026-05-30 to 2026-05-23
============================================================

2026-01-30 05:17:17 | INFO     | [Worker_9233] Processing: HBE-MED
2026-01-30 05:17:17 | INFO     |   Tier 0: Range 4, Chunk 1/4 (8 days)
2026-01-30 05:17:17 | INFO     | ======================================================================
2026-01-30 05:17:17 | INFO     | Load Factor Scraper Started - Route: HBE-MED
2026-01-30 05:17:17 | INFO     | Log file: D:\CODERED\LAB\Artifacts\outputs\run_generated_300126_at_05.16\logs\LF_HBE-MED_20260130_051717.log
2026-01-30 05:17:17 | INFO     | Enhanced logging: Capturing both logging.info() and print()
2026-01-30 05:17:17 | INFO     | ======================================================================
[LF] Processing dates (override): ['30MAY', '29MAY', '28MAY', '27MAY', '26MAY', '25MAY', '24MAY', '23MAY']
[LF] Attaching to Chrome for Altea access
2026-01-30 05:17:17 | INFO     | Starting LF search for route: HBE-MED
2026-01-30 05:17:17 | INFO     | [START] LF Search
[LF][[OK] SUCCESS] Connected to Chrome on 127.0.0.1:9233 (after 1 attempts)
2026-01-30 05:17:17 | INFO     | [HEALTH CHECK] [OK] Chrome connection is healthy
[LF][[OK] SUCCESS] Found Amadeus Altea window: Altéa Reservation Desktop
[LF][[INFO] INFO] URL: https://tc212.resdesktop.altea.amadeus.com/app_ard/apf/init/login?SITE=ESMPESMP&LANGUAGE=GB&MARKETS=ARDW_PROD_WBP&ACTION=clpLogin
2026-01-30 05:17:17 | INFO     | [DAY_START] Processing 30MAY
[LF] Processing HBE-MED for 30MAY
2026-01-30 05:17:17 | INFO     | [lf.day.start] Processing HBE-MED for 30MAY
[LF] Sending SN command: SN30MAYHBEMED/ASM
[LF] No direct flights on 30MAY for HBE-MED
2026-01-30 05:17:18 | WARNING  | [lf.day.no_flights] No direct flights on 30MAY
2026-01-30 05:17:18 | INFO     | [SUCCESS] Day 30MAY
2026-01-30 05:17:18 | INFO     | [DAY_START] Processing 29MAY
[LF] Processing HBE-MED for 29MAY
2026-01-30 05:17:18 | INFO     | [lf.day.start] Processing HBE-MED for 29MAY
[LF] Sending SN command: SN29MAYHBEMED/ASM
[LF] No direct flights on 29MAY for HBE-MED
2026-01-30 05:17:19 | WARNING  | [lf.day.no_flights] No direct flights on 29MAY
2026-01-30 05:17:19 | INFO     | [SUCCESS] Day 29MAY
2026-01-30 05:17:19 | INFO     | [DAY_START] Processing 28MAY
[LF] Processing HBE-MED for 28MAY
2026-01-30 05:17:19 | INFO     | [lf.day.start] Processing HBE-MED for 28MAY
[LF] Sending SN command: SN28MAYHBEMED/ASM
[LF] 28MAY: found 1 direct flights
2026-01-30 05:17:20 | INFO     | [lf.day.flights_found] Found 1 flights on 28MAY
2026-01-30 05:17:22 | INFO     | [lf.flight.extracted] SM485 on 28MAY: BKG=1, LF=0.6%
[LF] SM485 28MAY: BKG=1, GRP=0, CAP=179, LF%=0.6%, Brd-Off=HBE-MED, Classes: W:1
[LF] Getting WEEKLY/LASTSOLD data for 1 flights
[LF] SM485 28MAY: LASTSOLD=2025-12-17 00:00:00, WEEKLY=0, TODAY=0, YDAY=0
2026-01-30 05:17:25 | INFO     | [SUCCESS] Day 28MAY
2026-01-30 05:17:25 | INFO     | [DAY_START] Processing 27MAY
[LF] Processing HBE-MED for 27MAY
2026-01-30 05:17:25 | INFO     | [lf.day.start] Processing HBE-MED for 27MAY
[LF] Sending SN command: SN27MAYHBEMED/ASM
[LF] No direct flights on 27MAY for HBE-MED
2026-01-30 05:17:26 | WARNING  | [lf.day.no_flights] No direct flights on 27MAY
2026-01-30 05:17:26 | INFO     | [SUCCESS] Day 27MAY
2026-01-30 05:17:26 | INFO     | [DAY_START] Processing 26MAY
[LF] Processing HBE-MED for 26MAY
2026-01-30 05:17:26 | INFO     | [lf.day.start] Processing HBE-MED for 26MAY
[LF] Sending SN command: SN26MAYHBEMED/ASM
[LF] No direct flights on 26MAY for HBE-MED
2026-01-30 05:17:27 | WARNING  | [lf.day.no_flights] No direct flights on 26MAY
2026-01-30 05:17:27 | INFO     | [SUCCESS] Day 26MAY
2026-01-30 05:17:27 | INFO     | [DAY_START] Processing 25MAY
[LF] Processing HBE-MED for 25MAY
2026-01-30 05:17:27 | INFO     | [lf.day.start] Processing HBE-MED for 25MAY
[LF] Sending SN command: SN25MAYHBEMED/ASM
[LF] No direct flights on 25MAY for HBE-MED
2026-01-30 05:17:28 | WARNING  | [lf.day.no_flights] No direct flights on 25MAY
2026-01-30 05:17:28 | INFO     | [SUCCESS] Day 25MAY
2026-01-30 05:17:28 | INFO     | [DAY_START] Processing 24MAY
[LF] Processing HBE-MED for 24MAY
2026-01-30 05:17:28 | INFO     | [lf.day.start] Processing HBE-MED for 24MAY
[LF] Sending SN command: SN24MAYHBEMED/ASM
[LF] 24MAY: found 1 direct flights
2026-01-30 05:17:29 | INFO     | [lf.day.flights_found] Found 1 flights on 24MAY
2026-01-30 05:17:31 | INFO     | [lf.flight.extracted] SM485 on 24MAY: BKG=0, LF=0.0%
[LF] SM485 24MAY: BKG=0, GRP=0, CAP=179, LF%=0.0%, Brd-Off=HBE-MED
2026-01-30 05:17:32 | INFO     | [SUCCESS] Day 24MAY
2026-01-30 05:17:32 | INFO     | [DAY_START] Processing 23MAY
[LF] Processing HBE-MED for 23MAY
2026-01-30 05:17:32 | INFO     | [lf.day.start] Processing HBE-MED for 23MAY
[LF] Sending SN command: SN23MAYHBEMED/ASM
[LF] No direct flights on 23MAY for HBE-MED
2026-01-30 05:17:33 | WARNING  | [lf.day.no_flights] No direct flights on 23MAY
2026-01-30 05:17:33 | INFO     | [SUCCESS] Day 23MAY
[LF] Results summary:
  2026-05-30: 0 flights
  2026-05-29: 0 flights
  2026-05-28: 1 flights
  2026-05-27: 0 flights
  2026-05-26: 0 flights
  2026-05-25: 0 flights
  2026-05-24: 1 flights
  2026-05-23: 0 flights
2026-01-30 05:17:33 | INFO     | [SUCCESS] LF Search Complete

============================================================
[Worker_9233] ✓ COMPLETED: HBE-MED
  Results: 8 dates
  Errors: 0 dates
  Total Processed: 3 groups
============================================================

2026-01-30 05:17:33 | INFO     | [Worker_9233] Completed: HBE-MED - 8 results, 0 errors

============================================================
[Worker_9233] Processing: LXR-JED
  Tier 0: Range 4, Chunk 1/4
  Dates: 8 days
  Date Range: 2026-05-30 to 2026-05-23
============================================================

2026-01-30 05:17:33 | INFO     | [Worker_9233] Processing: LXR-JED
2026-01-30 05:17:33 | INFO     |   Tier 0: Range 4, Chunk 1/4 (8 days)
2026-01-30 05:17:33 | INFO     | ======================================================================
2026-01-30 05:17:33 | INFO     | Load Factor Scraper Started - Route: LXR-JED
2026-01-30 05:17:33 | INFO     | Log file: D:\CODERED\LAB\Artifacts\outputs\run_generated_300126_at_05.16\logs\LF_LXR-JED_20260130_051733.log
2026-01-30 05:17:33 | INFO     | Enhanced logging: Capturing both logging.info() and print()
2026-01-30 05:17:33 | INFO     | ======================================================================
[LF] Processing dates (override): ['30MAY', '29MAY', '28MAY', '27MAY', '26MAY', '25MAY', '24MAY', '23MAY']
[LF] Attaching to Chrome for Altea access
2026-01-30 05:17:33 | INFO     | Starting LF search for route: LXR-JED
2026-01-30 05:17:33 | INFO     | [START] LF Search
[LF][[OK] SUCCESS] Connected to Chrome on 127.0.0.1:9233 (after 1 attempts)
2026-01-30 05:17:34 | INFO     | [HEALTH CHECK] [OK] Chrome connection is healthy
[LF][[OK] SUCCESS] Found Amadeus Altea window: Altéa Reservation Desktop
[LF][[INFO] INFO] URL: https://tc212.resdesktop.altea.amadeus.com/app_ard/apf/init/login?SITE=ESMPESMP&LANGUAGE=GB&MARKETS=ARDW_PROD_WBP&ACTION=clpLogin
2026-01-30 05:17:34 | INFO     | [DAY_START] Processing 30MAY
[LF] Processing LXR-JED for 30MAY
2026-01-30 05:17:34 | INFO     | [lf.day.start] Processing LXR-JED for 30MAY
[LF] Sending SN command: SN30MAYLXRJED/ASM
[LF] No direct flights on 30MAY for LXR-JED
2026-01-30 05:17:35 | WARNING  | [lf.day.no_flights] No direct flights on 30MAY
2026-01-30 05:17:35 | INFO     | [SUCCESS] Day 30MAY
2026-01-30 05:17:35 | INFO     | [DAY_START] Processing 29MAY
[LF] Processing LXR-JED for 29MAY
2026-01-30 05:17:35 | INFO     | [lf.day.start] Processing LXR-JED for 29MAY
[LF] Sending SN command: SN29MAYLXRJED/ASM
[LF] No direct flights on 29MAY for LXR-JED
2026-01-30 05:17:36 | WARNING  | [lf.day.no_flights] No direct flights on 29MAY
2026-01-30 05:17:36 | INFO     | [SUCCESS] Day 29MAY
2026-01-30 05:17:36 | INFO     | [DAY_START] Processing 28MAY
[LF] Processing LXR-JED for 28MAY
2026-01-30 05:17:36 | INFO     | [lf.day.start] Processing LXR-JED for 28MAY
[LF] Sending SN command: SN28MAYLXRJED/ASM
[LF] No direct flights on 28MAY for LXR-JED
2026-01-30 05:17:37 | WARNING  | [lf.day.no_flights] No direct flights on 28MAY
2026-01-30 05:17:37 | INFO     | [SUCCESS] Day 28MAY
2026-01-30 05:17:37 | INFO     | [DAY_START] Processing 27MAY
[LF] Processing LXR-JED for 27MAY
2026-01-30 05:17:37 | INFO     | [lf.day.start] Processing LXR-JED for 27MAY
[LF] Sending SN command: SN27MAYLXRJED/ASM
[LF] No direct flights on 27MAY for LXR-JED
2026-01-30 05:17:38 | WARNING  | [lf.day.no_flights] No direct flights on 27MAY
2026-01-30 05:17:38 | INFO     | [SUCCESS] Day 27MAY
2026-01-30 05:17:38 | INFO     | [DAY_START] Processing 26MAY
[LF] Processing LXR-JED for 26MAY
2026-01-30 05:17:38 | INFO     | [lf.day.start] Processing LXR-JED for 26MAY
[LF] Sending SN command: SN26MAYLXRJED/ASM
[LF] No direct flights on 26MAY for LXR-JED
2026-01-30 05:17:39 | WARNING  | [lf.day.no_flights] No direct flights on 26MAY
2026-01-30 05:17:39 | INFO     | [SUCCESS] Day 26MAY
2026-01-30 05:17:39 | INFO     | [DAY_START] Processing 25MAY
[LF] Processing LXR-JED for 25MAY
2026-01-30 05:17:39 | INFO     | [lf.day.start] Processing LXR-JED for 25MAY
[LF] Sending SN command: SN25MAYLXRJED/ASM
[LF] No direct flights on 25MAY for LXR-JED
2026-01-30 05:17:40 | WARNING  | [lf.day.no_flights] No direct flights on 25MAY
2026-01-30 05:17:40 | INFO     | [SUCCESS] Day 25MAY
2026-01-30 05:17:40 | INFO     | [DAY_START] Processing 24MAY
[LF] Processing LXR-JED for 24MAY
2026-01-30 05:17:40 | INFO     | [lf.day.start] Processing LXR-JED for 24MAY
[LF] Sending SN command: SN24MAYLXRJED/ASM
[LF] No direct flights on 24MAY for LXR-JED
2026-01-30 05:17:41 | WARNING  | [lf.day.no_flights] No direct flights on 24MAY
2026-01-30 05:17:41 | INFO     | [SUCCESS] Day 24MAY
2026-01-30 05:17:41 | INFO     | [DAY_START] Processing 23MAY
[LF] Processing LXR-JED for 23MAY
2026-01-30 05:17:41 | INFO     | [lf.day.start] Processing LXR-JED for 23MAY
[LF] Sending SN command: SN23MAYLXRJED/ASM
[LF] No direct flights on 23MAY for LXR-JED
2026-01-30 05:17:42 | WARNING  | [lf.day.no_flights] No direct flights on 23MAY
2026-01-30 05:17:42 | INFO     | [SUCCESS] Day 23MAY
[LF] Results summary:
  2026-05-30: 0 flights
  2026-05-29: 0 flights
  2026-05-28: 0 flights
  2026-05-27: 0 flights
  2026-05-26: 0 flights
  2026-05-25: 0 flights
  2026-05-24: 0 flights
  2026-05-23: 0 flights
2026-01-30 05:17:42 | INFO     | [SUCCESS] LF Search Complete

============================================================
[Worker_9233] ✓ COMPLETED: LXR-JED
  Results: 8 dates
  Errors: 0 dates
  Total Processed: 4 groups
============================================================

2026-01-30 05:17:42 | INFO     | [Worker_9233] Completed: LXR-JED - 8 results, 0 errors

============================================================
[Worker_9233] Processing: ATZ-DMM
  Tier 0: Range 4, Chunk 1/4
  Dates: 8 days
  Date Range: 2026-05-30 to 2026-05-23
============================================================

2026-01-30 05:17:42 | INFO     | [Worker_9233] Processing: ATZ-DMM
2026-01-30 05:17:42 | INFO     |   Tier 0: Range 4, Chunk 1/4 (8 days)
2026-01-30 05:17:42 | INFO     | ======================================================================
2026-01-30 05:17:42 | INFO     | Load Factor Scraper Started - Route: ATZ-DMM
2026-01-30 05:17:42 | INFO     | Log file: D:\CODERED\LAB\Artifacts\outputs\run_generated_300126_at_05.16\logs\LF_ATZ-DMM_20260130_051742.log
2026-01-30 05:17:42 | INFO     | Enhanced logging: Capturing both logging.info() and print()
2026-01-30 05:17:42 | INFO     | ======================================================================
[LF] Processing dates (override): ['30MAY', '29MAY', '28MAY', '27MAY', '26MAY', '25MAY', '24MAY', '23MAY']
[LF] Attaching to Chrome for Altea access
2026-01-30 05:17:42 | INFO     | Starting LF search for route: ATZ-DMM
2026-01-30 05:17:42 | INFO     | [START] LF Search
[LF][[OK] SUCCESS] Connected to Chrome on 127.0.0.1:9233 (after 1 attempts)
2026-01-30 05:17:43 | INFO     | [HEALTH CHECK] [OK] Chrome connection is healthy
[LF][[OK] SUCCESS] Found Amadeus Altea window: Altéa Reservation Desktop
[LF][[INFO] INFO] URL: https://tc212.resdesktop.altea.amadeus.com/app_ard/apf/init/login?SITE=ESMPESMP&LANGUAGE=GB&MARKETS=ARDW_PROD_WBP&ACTION=clpLogin
2026-01-30 05:17:43 | INFO     | [DAY_START] Processing 30MAY
[LF] Processing ATZ-DMM for 30MAY
2026-01-30 05:17:43 | INFO     | [lf.day.start] Processing ATZ-DMM for 30MAY
[LF] Sending SN command: SN30MAYATZDMM/ASM
[LF] No direct flights on 30MAY for ATZ-DMM
2026-01-30 05:17:44 | WARNING  | [lf.day.no_flights] No direct flights on 30MAY
2026-01-30 05:17:44 | INFO     | [SUCCESS] Day 30MAY
2026-01-30 05:17:44 | INFO     | [DAY_START] Processing 29MAY
[LF] Processing ATZ-DMM for 29MAY
2026-01-30 05:17:44 | INFO     | [lf.day.start] Processing ATZ-DMM for 29MAY
[LF] Sending SN command: SN29MAYATZDMM/ASM
[LF] No direct flights on 29MAY for ATZ-DMM
2026-01-30 05:17:45 | WARNING  | [lf.day.no_flights] No direct flights on 29MAY
2026-01-30 05:17:45 | INFO     | [SUCCESS] Day 29MAY
2026-01-30 05:17:45 | INFO     | [DAY_START] Processing 28MAY
[LF] Processing ATZ-DMM for 28MAY
2026-01-30 05:17:45 | INFO     | [lf.day.start] Processing ATZ-DMM for 28MAY
[LF] Sending SN command: SN28MAYATZDMM/ASM
[LF] No direct flights on 28MAY for ATZ-DMM
2026-01-30 05:17:46 | WARNING  | [lf.day.no_flights] No direct flights on 28MAY
2026-01-30 05:17:46 | INFO     | [SUCCESS] Day 28MAY
2026-01-30 05:17:46 | INFO     | [DAY_START] Processing 27MAY
[LF] Processing ATZ-DMM for 27MAY
2026-01-30 05:17:46 | INFO     | [lf.day.start] Processing ATZ-DMM for 27MAY
[LF] Sending SN command: SN27MAYATZDMM/ASM
[LF] No direct flights on 27MAY for ATZ-DMM
2026-01-30 05:17:47 | WARNING  | [lf.day.no_flights] No direct flights on 27MAY
2026-01-30 05:17:47 | INFO     | [SUCCESS] Day 27MAY
2026-01-30 05:17:47 | INFO     | [DAY_START] Processing 26MAY
[LF] Processing ATZ-DMM for 26MAY
2026-01-30 05:17:47 | INFO     | [lf.day.start] Processing ATZ-DMM for 26MAY
[LF] Sending SN command: SN26MAYATZDMM/ASM
[LF] No direct flights on 26MAY for ATZ-DMM
2026-01-30 05:17:48 | WARNING  | [lf.day.no_flights] No direct flights on 26MAY
2026-01-30 05:17:48 | INFO     | [SUCCESS] Day 26MAY
2026-01-30 05:17:48 | INFO     | [DAY_START] Processing 25MAY
[LF] Processing ATZ-DMM for 25MAY
2026-01-30 05:17:48 | INFO     | [lf.day.start] Processing ATZ-DMM for 25MAY
[LF] Sending SN command: SN25MAYATZDMM/ASM
[LF] No direct flights on 25MAY for ATZ-DMM
2026-01-30 05:17:49 | WARNING  | [lf.day.no_flights] No direct flights on 25MAY
2026-01-30 05:17:49 | INFO     | [SUCCESS] Day 25MAY
2026-01-30 05:17:49 | INFO     | [DAY_START] Processing 24MAY
[LF] Processing ATZ-DMM for 24MAY
2026-01-30 05:17:49 | INFO     | [lf.day.start] Processing ATZ-DMM for 24MAY
[LF] Sending SN command: SN24MAYATZDMM/ASM
[LF] No direct flights on 24MAY for ATZ-DMM
2026-01-30 05:17:51 | WARNING  | [lf.day.no_flights] No direct flights on 24MAY
2026-01-30 05:17:51 | INFO     | [SUCCESS] Day 24MAY
2026-01-30 05:17:51 | INFO     | [DAY_START] Processing 23MAY
[LF] Processing ATZ-DMM for 23MAY
2026-01-30 05:17:51 | INFO     | [lf.day.start] Processing ATZ-DMM for 23MAY
[LF] Sending SN command: SN23MAYATZDMM/ASM
[LF] No direct flights on 23MAY for ATZ-DMM
2026-01-30 05:17:52 | WARNING  | [lf.day.no_flights] No direct flights on 23MAY
2026-01-30 05:17:52 | INFO     | [SUCCESS] Day 23MAY
[LF] Results summary:
  2026-05-30: 0 flights
  2026-05-29: 0 flights
  2026-05-28: 0 flights
  2026-05-27: 0 flights
  2026-05-26: 0 flights
  2026-05-25: 0 flights
  2026-05-24: 0 flights
  2026-05-23: 0 flights
2026-01-30 05:17:52 | INFO     | [SUCCESS] LF Search Complete

============================================================
[Worker_9233] ✓ COMPLETED: ATZ-DMM
  Results: 8 dates
  Errors: 0 dates
  Total Processed: 5 groups
============================================================

2026-01-30 05:17:52 | INFO     | [Worker_9233] Completed: ATZ-DMM - 8 results, 0 errors

============================================================
[Worker_9233] Processing: ATZ-TUU
  Tier 0: Range 4, Chunk 1/4
  Dates: 8 days
  Date Range: 2026-05-30 to 2026-05-23
============================================================

2026-01-30 05:17:52 | INFO     | [Worker_9233] Processing: ATZ-TUU
2026-01-30 05:17:52 | INFO     |   Tier 0: Range 4, Chunk 1/4 (8 days)
2026-01-30 05:17:52 | INFO     | ======================================================================
2026-01-30 05:17:52 | INFO     | Load Factor Scraper Started - Route: ATZ-TUU
2026-01-30 05:17:52 | INFO     | Log file: D:\CODERED\LAB\Artifacts\outputs\run_generated_300126_at_05.16\logs\LF_ATZ-TUU_20260130_051752.log
2026-01-30 05:17:52 | INFO     | Enhanced logging: Capturing both logging.info() and print()
2026-01-30 05:17:52 | INFO     | ======================================================================
[LF] Processing dates (override): ['30MAY', '29MAY', '28MAY', '27MAY', '26MAY', '25MAY', '24MAY', '23MAY']
[LF] Attaching to Chrome for Altea access
2026-01-30 05:17:52 | INFO     | Starting LF search for route: ATZ-TUU
2026-01-30 05:17:52 | INFO     | [START] LF Search
[LF][[OK] SUCCESS] Connected to Chrome on 127.0.0.1:9233 (after 1 attempts)
2026-01-30 05:17:52 | INFO     | [HEALTH CHECK] [OK] Chrome connection is healthy
[LF][[OK] SUCCESS] Found Amadeus Altea window: Altéa Reservation Desktop
[LF][[INFO] INFO] URL: https://tc212.resdesktop.altea.amadeus.com/app_ard/apf/init/login?SITE=ESMPESMP&LANGUAGE=GB&MARKETS=ARDW_PROD_WBP&ACTION=clpLogin
2026-01-30 05:17:52 | INFO     | [DAY_START] Processing 30MAY
[LF] Processing ATZ-TUU for 30MAY
2026-01-30 05:17:52 | INFO     | [lf.day.start] Processing ATZ-TUU for 30MAY
[LF] Sending SN command: SN30MAYATZTUU/ASM
[LF] No direct flights on 30MAY for ATZ-TUU
2026-01-30 05:17:53 | WARNING  | [lf.day.no_flights] No direct flights on 30MAY
2026-01-30 05:17:53 | INFO     | [SUCCESS] Day 30MAY
2026-01-30 05:17:53 | INFO     | [DAY_START] Processing 29MAY
[LF] Processing ATZ-TUU for 29MAY
2026-01-30 05:17:53 | INFO     | [lf.day.start] Processing ATZ-TUU for 29MAY
[LF] Sending SN command: SN29MAYATZTUU/ASM
[LF] No direct flights on 29MAY for ATZ-TUU
2026-01-30 05:17:54 | WARNING  | [lf.day.no_flights] No direct flights on 29MAY
2026-01-30 05:17:54 | INFO     | [SUCCESS] Day 29MAY
2026-01-30 05:17:54 | INFO     | [DAY_START] Processing 28MAY
[LF] Processing ATZ-TUU for 28MAY
2026-01-30 05:17:54 | INFO     | [lf.day.start] Processing ATZ-TUU for 28MAY
[LF] Sending SN command: SN28MAYATZTUU/ASM
[LF] No direct flights on 28MAY for ATZ-TUU
2026-01-30 05:17:56 | WARNING  | [lf.day.no_flights] No direct flights on 28MAY
2026-01-30 05:17:56 | INFO     | [SUCCESS] Day 28MAY
2026-01-30 05:17:56 | INFO     | [DAY_START] Processing 27MAY
[LF] Processing ATZ-TUU for 27MAY
2026-01-30 05:17:56 | INFO     | [lf.day.start] Processing ATZ-TUU for 27MAY
[LF] Sending SN command: SN27MAYATZTUU/ASM
[LF] No direct flights on 27MAY for ATZ-TUU
2026-01-30 05:17:57 | WARNING  | [lf.day.no_flights] No direct flights on 27MAY
2026-01-30 05:17:57 | INFO     | [SUCCESS] Day 27MAY
2026-01-30 05:17:57 | INFO     | [DAY_START] Processing 26MAY
[LF] Processing ATZ-TUU for 26MAY
2026-01-30 05:17:57 | INFO     | [lf.day.start] Processing ATZ-TUU for 26MAY
[LF] Sending SN command: SN26MAYATZTUU/ASM
[LF] No direct flights on 26MAY for ATZ-TUU
2026-01-30 05:17:58 | WARNING  | [lf.day.no_flights] No direct flights on 26MAY
2026-01-30 05:17:58 | INFO     | [SUCCESS] Day 26MAY
2026-01-30 05:17:58 | INFO     | [DAY_START] Processing 25MAY
[LF] Processing ATZ-TUU for 25MAY
2026-01-30 05:17:58 | INFO     | [lf.day.start] Processing ATZ-TUU for 25MAY
[LF] Sending SN command: SN25MAYATZTUU/ASM
[LF] No direct flights on 25MAY for ATZ-TUU
2026-01-30 05:17:59 | WARNING  | [lf.day.no_flights] No direct flights on 25MAY
2026-01-30 05:17:59 | INFO     | [SUCCESS] Day 25MAY
2026-01-30 05:17:59 | INFO     | [DAY_START] Processing 24MAY
[LF] Processing ATZ-TUU for 24MAY
2026-01-30 05:17:59 | INFO     | [lf.day.start] Processing ATZ-TUU for 24MAY
[LF] Sending SN command: SN24MAYATZTUU/ASM
[LF] No direct flights on 24MAY for ATZ-TUU
2026-01-30 05:18:00 | WARNING  | [lf.day.no_flights] No direct flights on 24MAY
2026-01-30 05:18:00 | INFO     | [SUCCESS] Day 24MAY
2026-01-30 05:18:00 | INFO     | [DAY_START] Processing 23MAY
[LF] Processing ATZ-TUU for 23MAY
2026-01-30 05:18:00 | INFO     | [lf.day.start] Processing ATZ-TUU for 23MAY
[LF] Sending SN command: SN23MAYATZTUU/ASM
[LF] No direct flights on 23MAY for ATZ-TUU
2026-01-30 05:18:01 | WARNING  | [lf.day.no_flights] No direct flights on 23MAY
2026-01-30 05:18:01 | INFO     | [SUCCESS] Day 23MAY
[LF] Results summary:
  2026-05-30: 0 flights
  2026-05-29: 0 flights
  2026-05-28: 0 flights
  2026-05-27: 0 flights
  2026-05-26: 0 flights
  2026-05-25: 0 flights
  2026-05-24: 0 flights
  2026-05-23: 0 flights
2026-01-30 05:18:01 | INFO     | [SUCCESS] LF Search Complete

============================================================
[Worker_9233] ✓ COMPLETED: ATZ-TUU
  Results: 8 dates
  Errors: 0 dates
  Total Processed: 6 groups
============================================================

2026-01-30 05:18:01 | INFO     | [Worker_9233] Completed: ATZ-TUU - 8 results, 0 errors

============================================================
[Worker_9233] Processing: CAI-YNB
  Tier 0: Range 4, Chunk 1/4
  Dates: 8 days
  Date Range: 2026-05-30 to 2026-05-23
============================================================

2026-01-30 05:18:01 | INFO     | [Worker_9233] Processing: CAI-YNB
2026-01-30 05:18:01 | INFO     |   Tier 0: Range 4, Chunk 1/4 (8 days)
2026-01-30 05:18:01 | INFO     | ======================================================================
2026-01-30 05:18:01 | INFO     | Load Factor Scraper Started - Route: CAI-YNB
2026-01-30 05:18:01 | INFO     | Log file: D:\CODERED\LAB\Artifacts\outputs\run_generated_300126_at_05.16\logs\LF_CAI-YNB_20260130_051801.log
2026-01-30 05:18:01 | INFO     | Enhanced logging: Capturing both logging.info() and print()
2026-01-30 05:18:01 | INFO     | ======================================================================
[LF] Processing dates (override): ['30MAY', '29MAY', '28MAY', '27MAY', '26MAY', '25MAY', '24MAY', '23MAY']
[LF] Attaching to Chrome for Altea access
2026-01-30 05:18:01 | INFO     | Starting LF search for route: CAI-YNB
2026-01-30 05:18:01 | INFO     | [START] LF Search
[LF][[OK] SUCCESS] Connected to Chrome on 127.0.0.1:9233 (after 1 attempts)
2026-01-30 05:18:14 | INFO     | [HEALTH CHECK] [OK] Chrome connection is healthy
[LF][[OK] SUCCESS] Found Amadeus Altea window: Altéa Reservation Desktop
[LF][[INFO] INFO] URL: https://tc212.resdesktop.altea.amadeus.com/app_ard/apf/init/login?SITE=ESMPESMP&LANGUAGE=GB&MARKETS=ARDW_PROD_WBP&ACTION=clpLogin
2026-01-30 05:18:14 | INFO     | [DAY_START] Processing 30MAY
[LF] Processing CAI-YNB for 30MAY
2026-01-30 05:18:14 | INFO     | [lf.day.start] Processing CAI-YNB for 30MAY
[LF] Sending SN command: SN30MAYCAIYNB/ASM
[LF] 30MAY: found 1 direct flights
2026-01-30 05:18:15 | INFO     | [lf.day.flights_found] Found 1 flights on 30MAY
2026-01-30 05:18:17 | INFO     | [lf.flight.extracted] SM447 on 30MAY: BKG=3, LF=1.7%
[LF] SM447 30MAY: BKG=3, GRP=0, CAP=179, LF%=1.7%, Brd-Off=CAI-YNB, Classes: W:3
[LF] Getting WEEKLY/LASTSOLD data for 1 flights
[LF] SM447 30MAY: LASTSOLD=2026-01-29 00:00:00, WEEKLY=1, TODAY=0, YDAY=1
2026-01-30 05:18:19 | INFO     | [SUCCESS] Day 30MAY
2026-01-30 05:18:19 | INFO     | [DAY_START] Processing 29MAY
[LF] Processing CAI-YNB for 29MAY
2026-01-30 05:18:19 | INFO     | [lf.day.start] Processing CAI-YNB for 29MAY
[LF] Sending SN command: SN29MAYCAIYNB/ASM
[LF] 29MAY: found 1 direct flights
2026-01-30 05:18:20 | INFO     | [lf.day.flights_found] Found 1 flights on 29MAY
2026-01-30 05:18:22 | INFO     | [lf.flight.extracted] SM441 on 29MAY: BKG=2, LF=1.1%
[LF] SM441 29MAY: BKG=2, GRP=0, CAP=179, LF%=1.1%, Brd-Off=CAI-YNB, Classes: W:2
[LF] Getting WEEKLY/LASTSOLD data for 1 flights
[LF] SM441 29MAY: LASTSOLD=2026-01-04 00:00:00, WEEKLY=0, TODAY=0, YDAY=0
2026-01-30 05:18:25 | INFO     | [SUCCESS] Day 29MAY
2026-01-30 05:18:25 | INFO     | [DAY_START] Processing 28MAY
[LF] Processing CAI-YNB for 28MAY
2026-01-30 05:18:25 | INFO     | [lf.day.start] Processing CAI-YNB for 28MAY
[LF] Sending SN command: SN28MAYCAIYNB/ASM
[LF] 28MAY: found 1 direct flights
2026-01-30 05:18:26 | INFO     | [lf.day.flights_found] Found 1 flights on 28MAY
2026-01-30 05:18:28 | INFO     | [lf.flight.extracted] SM441 on 28MAY: BKG=1, LF=0.6%
[LF] SM441 28MAY: BKG=1, GRP=0, CAP=179, LF%=0.6%, Brd-Off=CAI-YNB, Classes: W:1
[LF] Getting WEEKLY/LASTSOLD data for 1 flights
[LF] SM441 28MAY: LASTSOLD=2026-01-14 00:00:00, WEEKLY=0, TODAY=0, YDAY=0
2026-01-30 05:18:30 | INFO     | [SUCCESS] Day 28MAY
2026-01-30 05:18:30 | INFO     | [DAY_START] Processing 27MAY
[LF] Processing CAI-YNB for 27MAY
2026-01-30 05:18:30 | INFO     | [lf.day.start] Processing CAI-YNB for 27MAY
[LF] Sending SN command: SN27MAYCAIYNB/ASM
[LF] 27MAY: found 1 direct flights
2026-01-30 05:18:31 | INFO     | [lf.day.flights_found] Found 1 flights on 27MAY
2026-01-30 05:18:33 | INFO     | [lf.flight.extracted] SM441 on 27MAY: BKG=0, LF=0.0%
[LF] SM441 27MAY: BKG=0, GRP=0, CAP=179, LF%=0.0%, Brd-Off=CAI-YNB
2026-01-30 05:18:34 | INFO     | [SUCCESS] Day 27MAY
2026-01-30 05:18:34 | INFO     | [DAY_START] Processing 26MAY
[LF] Processing CAI-YNB for 26MAY
2026-01-30 05:18:34 | INFO     | [lf.day.start] Processing CAI-YNB for 26MAY
[LF] Sending SN command: SN26MAYCAIYNB/ASM
[LF] 26MAY: found 1 direct flights
2026-01-30 05:18:36 | INFO     | [lf.day.flights_found] Found 1 flights on 26MAY
2026-01-30 05:18:37 | INFO     | [lf.flight.extracted] SM441 on 26MAY: BKG=0, LF=0.0%
[LF] SM441 26MAY: BKG=0, GRP=0, CAP=179, LF%=0.0%, Brd-Off=CAI-YNB
2026-01-30 05:18:39 | INFO     | [SUCCESS] Day 26MAY
2026-01-30 05:18:39 | INFO     | [DAY_START] Processing 25MAY
[LF] Processing CAI-YNB for 25MAY
2026-01-30 05:18:39 | INFO     | [lf.day.start] Processing CAI-YNB for 25MAY
[LF] Sending SN command: SN25MAYCAIYNB/ASM
[LF] 25MAY: found 1 direct flights
2026-01-30 05:18:40 | INFO     | [lf.day.flights_found] Found 1 flights on 25MAY
2026-01-30 05:18:42 | INFO     | [lf.flight.extracted] SM441 on 25MAY: BKG=0, LF=0.0%
[LF] SM441 25MAY: BKG=0, GRP=0, CAP=179, LF%=0.0%, Brd-Off=CAI-YNB
2026-01-30 05:18:43 | INFO     | [SUCCESS] Day 25MAY
2026-01-30 05:18:43 | INFO     | [DAY_START] Processing 24MAY
[LF] Processing CAI-YNB for 24MAY
2026-01-30 05:18:43 | INFO     | [lf.day.start] Processing CAI-YNB for 24MAY
[LF] Sending SN command: SN24MAYCAIYNB/ASM
[LF] 24MAY: found 1 direct flights
2026-01-30 05:18:44 | INFO     | [lf.day.flights_found] Found 1 flights on 24MAY
2026-01-30 05:18:47 | INFO     | [lf.flight.extracted] SM441 on 24MAY: BKG=0, LF=0.0%
[LF] SM441 24MAY: BKG=0, GRP=0, CAP=179, LF%=0.0%, Brd-Off=CAI-YNB
2026-01-30 05:18:55 | INFO     | [SUCCESS] Day 24MAY
2026-01-30 05:18:55 | INFO     | [DAY_START] Processing 23MAY
[LF] Processing CAI-YNB for 23MAY
2026-01-30 05:18:55 | INFO     | [lf.day.start] Processing CAI-YNB for 23MAY
[LF] Sending SN command: SN23MAYCAIYNB/ASM
[LF] 23MAY: found 1 direct flights
2026-01-30 05:18:56 | INFO     | [lf.day.flights_found] Found 1 flights on 23MAY
2026-01-30 05:18:58 | INFO     | [lf.flight.extracted] SM447 on 23MAY: BKG=0, LF=0.0%
[LF] SM447 23MAY: BKG=0, GRP=0, CAP=179, LF%=0.0%, Brd-Off=CAI-YNB
2026-01-30 05:18:59 | INFO     | [SUCCESS] Day 23MAY
[LF] Results summary:
  2026-05-30: 1 flights
  2026-05-29: 1 flights
  2026-05-28: 1 flights
  2026-05-27: 1 flights
  2026-05-26: 1 flights
  2026-05-25: 1 flights
  2026-05-24: 1 flights
  2026-05-23: 1 flights
2026-01-30 05:18:59 | INFO     | [SUCCESS] LF Search Complete

============================================================
[Worker_9233] ✓ COMPLETED: CAI-YNB
  Results: 8 dates
  Errors: 0 dates
  Total Processed: 7 groups
============================================================

2026-01-30 05:18:59 | INFO     | [Worker_9233] Completed: CAI-YNB - 8 results, 0 errors

============================================================
[Worker_9233] Processing: DMM-ATZ
  Tier 0: Range 4, Chunk 2/4
  Dates: 8 days
  Date Range: 2026-05-22 to 2026-05-15
============================================================

2026-01-30 05:18:59 | INFO     | [Worker_9233] Processing: DMM-ATZ
2026-01-30 05:18:59 | INFO     |   Tier 0: Range 4, Chunk 2/4 (8 days)
2026-01-30 05:18:59 | INFO     | ======================================================================
2026-01-30 05:18:59 | INFO     | Load Factor Scraper Started - Route: DMM-ATZ
2026-01-30 05:18:59 | INFO     | Log file: D:\CODERED\LAB\Artifacts\outputs\run_generated_300126_at_05.16\logs\LF_DMM-ATZ_20260130_051859.log
2026-01-30 05:18:59 | INFO     | Enhanced logging: Capturing both logging.info() and print()
2026-01-30 05:18:59 | INFO     | ======================================================================
[LF] Processing dates (override): ['22MAY', '21MAY', '20MAY', '19MAY', '18MAY', '17MAY', '16MAY', '15MAY']
[LF] Attaching to Chrome for Altea access
2026-01-30 05:18:59 | INFO     | Starting LF search for route: DMM-ATZ
2026-01-30 05:18:59 | INFO     | [START] LF Search
[LF][[OK] SUCCESS] Connected to Chrome on 127.0.0.1:9233 (after 1 attempts)
2026-01-30 05:19:00 | INFO     | [HEALTH CHECK] [OK] Chrome connection is healthy
[LF][[OK] SUCCESS] Found Amadeus Altea window: Altéa Reservation Desktop
[LF][[INFO] INFO] URL: https://tc212.resdesktop.altea.amadeus.com/app_ard/apf/init/login?SITE=ESMPESMP&LANGUAGE=GB&MARKETS=ARDW_PROD_WBP&ACTION=clpLogin
2026-01-30 05:19:00 | INFO     | [DAY_START] Processing 22MAY
[LF] Processing DMM-ATZ for 22MAY
2026-01-30 05:19:00 | INFO     | [lf.day.start] Processing DMM-ATZ for 22MAY
[LF] Sending SN command: SN22MAYDMMATZ/ASM
[LF] No direct flights on 22MAY for DMM-ATZ
2026-01-30 05:19:01 | WARNING  | [lf.day.no_flights] No direct flights on 22MAY
2026-01-30 05:19:01 | INFO     | [SUCCESS] Day 22MAY
2026-01-30 05:19:01 | INFO     | [DAY_START] Processing 21MAY
[LF] Processing DMM-ATZ for 21MAY
2026-01-30 05:19:01 | INFO     | [lf.day.start] Processing DMM-ATZ for 21MAY
[LF] Sending SN command: SN21MAYDMMATZ/ASM
[LF] No direct flights on 21MAY for DMM-ATZ
2026-01-30 05:19:02 | WARNING  | [lf.day.no_flights] No direct flights on 21MAY
2026-01-30 05:19:02 | INFO     | [SUCCESS] Day 21MAY
2026-01-30 05:19:02 | INFO     | [DAY_START] Processing 20MAY
[LF] Processing DMM-ATZ for 20MAY
2026-01-30 05:19:02 | INFO     | [lf.day.start] Processing DMM-ATZ for 20MAY
[LF] Sending SN command: SN20MAYDMMATZ/ASM
[LF] No direct flights on 20MAY for DMM-ATZ
2026-01-30 05:19:03 | WARNING  | [lf.day.no_flights] No direct flights on 20MAY
2026-01-30 05:19:03 | INFO     | [SUCCESS] Day 20MAY
2026-01-30 05:19:03 | INFO     | [DAY_START] Processing 19MAY
[LF] Processing DMM-ATZ for 19MAY
2026-01-30 05:19:03 | INFO     | [lf.day.start] Processing DMM-ATZ for 19MAY
[LF] Sending SN command: SN19MAYDMMATZ/ASM
[LF] No direct flights on 19MAY for DMM-ATZ
2026-01-30 05:19:04 | WARNING  | [lf.day.no_flights] No direct flights on 19MAY
2026-01-30 05:19:04 | INFO     | [SUCCESS] Day 19MAY
2026-01-30 05:19:04 | INFO     | [DAY_START] Processing 18MAY
[LF] Processing DMM-ATZ for 18MAY
2026-01-30 05:19:04 | INFO     | [lf.day.start] Processing DMM-ATZ for 18MAY
[LF] Sending SN command: SN18MAYDMMATZ/ASM
[LF] No direct flights on 18MAY for DMM-ATZ
2026-01-30 05:19:05 | WARNING  | [lf.day.no_flights] No direct flights on 18MAY
2026-01-30 05:19:05 | INFO     | [SUCCESS] Day 18MAY
2026-01-30 05:19:05 | INFO     | [DAY_START] Processing 17MAY
[LF] Processing DMM-ATZ for 17MAY
2026-01-30 05:19:05 | INFO     | [lf.day.start] Processing DMM-ATZ for 17MAY
[LF] Sending SN command: SN17MAYDMMATZ/ASM
[LF] No direct flights on 17MAY for DMM-ATZ
2026-01-30 05:19:06 | WARNING  | [lf.day.no_flights] No direct flights on 17MAY
2026-01-30 05:19:06 | INFO     | [SUCCESS] Day 17MAY
2026-01-30 05:19:06 | INFO     | [DAY_START] Processing 16MAY
[LF] Processing DMM-ATZ for 16MAY
2026-01-30 05:19:06 | INFO     | [lf.day.start] Processing DMM-ATZ for 16MAY
[LF] Sending SN command: SN16MAYDMMATZ/ASM
[LF] No direct flights on 16MAY for DMM-ATZ
2026-01-30 05:19:08 | WARNING  | [lf.day.no_flights] No direct flights on 16MAY
2026-01-30 05:19:08 | INFO     | [SUCCESS] Day 16MAY
2026-01-30 05:19:08 | INFO     | [DAY_START] Processing 15MAY
[LF] Processing DMM-ATZ for 15MAY
2026-01-30 05:19:08 | INFO     | [lf.day.start] Processing DMM-ATZ for 15MAY
[LF] Sending SN command: SN15MAYDMMATZ/ASM
[LF] No direct flights on 15MAY for DMM-ATZ
2026-01-30 05:19:09 | WARNING  | [lf.day.no_flights] No direct flights on 15MAY
2026-01-30 05:19:09 | INFO     | [SUCCESS] Day 15MAY
[LF] Results summary:
  2026-05-22: 0 flights
  2026-05-21: 0 flights
  2026-05-20: 0 flights
  2026-05-19: 0 flights
  2026-05-18: 0 flights
  2026-05-17: 0 flights
  2026-05-16: 0 flights
  2026-05-15: 0 flights
2026-01-30 05:19:09 | INFO     | [SUCCESS] LF Search Complete

============================================================
[Worker_9233] ✓ COMPLETED: DMM-ATZ
  Results: 8 dates
  Errors: 0 dates
  Total Processed: 8 groups
============================================================

2026-01-30 05:19:09 | INFO     | [Worker_9233] Completed: DMM-ATZ - 8 results, 0 errors

============================================================
[Worker_9233] Processing: AJF-ATZ
  Tier 0: Range 4, Chunk 2/4
  Dates: 8 days
  Date Range: 2026-05-22 to 2026-05-15
============================================================

2026-01-30 05:19:09 | INFO     | [Worker_9233] Processing: AJF-ATZ
2026-01-30 05:19:09 | INFO     |   Tier 0: Range 4, Chunk 2/4 (8 days)
2026-01-30 05:19:09 | INFO     | ======================================================================
2026-01-30 05:19:09 | INFO     | Load Factor Scraper Started - Route: AJF-ATZ
2026-01-30 05:19:09 | INFO     | Log file: D:\CODERED\LAB\Artifacts\outputs\run_generated_300126_at_05.16\logs\LF_AJF-ATZ_20260130_051909.log
2026-01-30 05:19:09 | INFO     | Enhanced logging: Capturing both logging.info() and print()
2026-01-30 05:19:09 | INFO     | ======================================================================
[LF] Processing dates (override): ['22MAY', '21MAY', '20MAY', '19MAY', '18MAY', '17MAY', '16MAY', '15MAY']
[LF] Attaching to Chrome for Altea access
2026-01-30 05:19:09 | INFO     | Starting LF search for route: AJF-ATZ
2026-01-30 05:19:09 | INFO     | [START] LF Search
[LF][[OK] SUCCESS] Connected to Chrome on 127.0.0.1:9233 (after 1 attempts)
2026-01-30 05:19:09 | INFO     | [HEALTH CHECK] [OK] Chrome connection is healthy
[LF][[OK] SUCCESS] Found Amadeus Altea window: Altéa Reservation Desktop
[LF][[INFO] INFO] URL: https://tc212.resdesktop.altea.amadeus.com/app_ard/apf/init/login?SITE=ESMPESMP&LANGUAGE=GB&MARKETS=ARDW_PROD_WBP&ACTION=clpLogin
2026-01-30 05:19:09 | INFO     | [DAY_START] Processing 22MAY
[LF] Processing AJF-ATZ for 22MAY
2026-01-30 05:19:09 | INFO     | [lf.day.start] Processing AJF-ATZ for 22MAY
[LF] Sending SN command: SN22MAYAJFATZ/ASM
[LF] No direct flights on 22MAY for AJF-ATZ
2026-01-30 05:19:11 | WARNING  | [lf.day.no_flights] No direct flights on 22MAY
2026-01-30 05:19:11 | INFO     | [SUCCESS] Day 22MAY
2026-01-30 05:19:11 | INFO     | [DAY_START] Processing 21MAY
[LF] Processing AJF-ATZ for 21MAY
2026-01-30 05:19:11 | INFO     | [lf.day.start] Processing AJF-ATZ for 21MAY
[LF] Sending SN command: SN21MAYAJFATZ/ASM
[LF] No direct flights on 21MAY for AJF-ATZ
2026-01-30 05:19:12 | WARNING  | [lf.day.no_flights] No direct flights on 21MAY
2026-01-30 05:19:12 | INFO     | [SUCCESS] Day 21MAY
2026-01-30 05:19:12 | INFO     | [DAY_START] Processing 20MAY
[LF] Processing AJF-ATZ for 20MAY
2026-01-30 05:19:12 | INFO     | [lf.day.start] Processing AJF-ATZ for 20MAY
[LF] Sending SN command: SN20MAYAJFATZ/ASM
[LF] No direct flights on 20MAY for AJF-ATZ
2026-01-30 05:19:13 | WARNING  | [lf.day.no_flights] No direct flights on 20MAY
2026-01-30 05:19:13 | INFO     | [SUCCESS] Day 20MAY
2026-01-30 05:19:13 | INFO     | [DAY_START] Processing 19MAY
[LF] Processing AJF-ATZ for 19MAY
2026-01-30 05:19:13 | INFO     | [lf.day.start] Processing AJF-ATZ for 19MAY
[LF] Sending SN command: SN19MAYAJFATZ/ASM
[LF] No direct flights on 19MAY for AJF-ATZ
2026-01-30 05:19:14 | WARNING  | [lf.day.no_flights] No direct flights on 19MAY
2026-01-30 05:19:14 | INFO     | [SUCCESS] Day 19MAY
2026-01-30 05:19:14 | INFO     | [DAY_START] Processing 18MAY
[LF] Processing AJF-ATZ for 18MAY
2026-01-30 05:19:14 | INFO     | [lf.day.start] Processing AJF-ATZ for 18MAY
[LF] Sending SN command: SN18MAYAJFATZ/ASM
[LF] No direct flights on 18MAY for AJF-ATZ
2026-01-30 05:19:15 | WARNING  | [lf.day.no_flights] No direct flights on 18MAY
2026-01-30 05:19:15 | INFO     | [SUCCESS] Day 18MAY
2026-01-30 05:19:15 | INFO     | [DAY_START] Processing 17MAY
[LF] Processing AJF-ATZ for 17MAY
2026-01-30 05:19:15 | INFO     | [lf.day.start] Processing AJF-ATZ for 17MAY
[LF] Sending SN command: SN17MAYAJFATZ/ASM
[LF] No direct flights on 17MAY for AJF-ATZ
2026-01-30 05:19:16 | WARNING  | [lf.day.no_flights] No direct flights on 17MAY
2026-01-30 05:19:16 | INFO     | [SUCCESS] Day 17MAY
2026-01-30 05:19:16 | INFO     | [DAY_START] Processing 16MAY
[LF] Processing AJF-ATZ for 16MAY
2026-01-30 05:19:16 | INFO     | [lf.day.start] Processing AJF-ATZ for 16MAY
[LF] Sending SN command: SN16MAYAJFATZ/ASM
[LF] No direct flights on 16MAY for AJF-ATZ
2026-01-30 05:19:17 | WARNING  | [lf.day.no_flights] No direct flights on 16MAY
2026-01-30 05:19:17 | INFO     | [SUCCESS] Day 16MAY
2026-01-30 05:19:17 | INFO     | [DAY_START] Processing 15MAY
[LF] Processing AJF-ATZ for 15MAY
2026-01-30 05:19:17 | INFO     | [lf.day.start] Processing AJF-ATZ for 15MAY
[LF] Sending SN command: SN15MAYAJFATZ/ASM
[LF] No direct flights on 15MAY for AJF-ATZ
2026-01-30 05:19:18 | WARNING  | [lf.day.no_flights] No direct flights on 15MAY
2026-01-30 05:19:18 | INFO     | [SUCCESS] Day 15MAY
[LF] Results summary:
  2026-05-22: 0 flights
  2026-05-21: 0 flights
  2026-05-20: 0 flights
  2026-05-19: 0 flights
  2026-05-18: 0 flights
  2026-05-17: 0 flights
  2026-05-16: 0 flights
  2026-05-15: 0 flights
2026-01-30 05:19:18 | INFO     | [SUCCESS] LF Search Complete

============================================================
[Worker_9233] ✓ COMPLETED: AJF-ATZ
  Results: 8 dates
  Errors: 0 dates
  Total Processed: 9 groups
============================================================

2026-01-30 05:19:18 | INFO     | [Worker_9233] Completed: AJF-ATZ - 8 results, 0 errors

============================================================
[Worker_9233] Processing: AHB-ATZ
  Tier 0: Range 4, Chunk 2/4
  Dates: 8 days
  Date Range: 2026-05-22 to 2026-05-15
============================================================

2026-01-30 05:19:18 | INFO     | [Worker_9233] Processing: AHB-ATZ
2026-01-30 05:19:18 | INFO     |   Tier 0: Range 4, Chunk 2/4 (8 days)
2026-01-30 05:19:18 | INFO     | ======================================================================
2026-01-30 05:19:18 | INFO     | Load Factor Scraper Started - Route: AHB-ATZ
2026-01-30 05:19:18 | INFO     | Log file: D:\CODERED\LAB\Artifacts\outputs\run_generated_300126_at_05.16\logs\LF_AHB-ATZ_20260130_051918.log
2026-01-30 05:19:18 | INFO     | Enhanced logging: Capturing both logging.info() and print()
2026-01-30 05:19:18 | INFO     | ======================================================================
[LF] Processing dates (override): ['22MAY', '21MAY', '20MAY', '19MAY', '18MAY', '17MAY', '16MAY', '15MAY']
[LF] Attaching to Chrome for Altea access
2026-01-30 05:19:18 | INFO     | Starting LF search for route: AHB-ATZ
2026-01-30 05:19:18 | INFO     | [START] LF Search
[LF][[OK] SUCCESS] Connected to Chrome on 127.0.0.1:9233 (after 1 attempts)
2026-01-30 05:19:19 | INFO     | [HEALTH CHECK] [OK] Chrome connection is healthy
[LF][[OK] SUCCESS] Found Amadeus Altea window: Altéa Reservation Desktop
[LF][[INFO] INFO] URL: https://tc212.resdesktop.altea.amadeus.com/app_ard/apf/init/login?SITE=ESMPESMP&LANGUAGE=GB&MARKETS=ARDW_PROD_WBP&ACTION=clpLogin
2026-01-30 05:19:19 | INFO     | [DAY_START] Processing 22MAY
[LF] Processing AHB-ATZ for 22MAY
2026-01-30 05:19:19 | INFO     | [lf.day.start] Processing AHB-ATZ for 22MAY
[LF] Sending SN command: SN22MAYAHBATZ/ASM
[LF] No direct flights on 22MAY for AHB-ATZ
2026-01-30 05:19:20 | WARNING  | [lf.day.no_flights] No direct flights on 22MAY
2026-01-30 05:19:20 | INFO     | [SUCCESS] Day 22MAY
2026-01-30 05:19:20 | INFO     | [DAY_START] Processing 21MAY
[LF] Processing AHB-ATZ for 21MAY
2026-01-30 05:19:20 | INFO     | [lf.day.start] Processing AHB-ATZ for 21MAY
[LF] Sending SN command: SN21MAYAHBATZ/ASM
[LF] No direct flights on 21MAY for AHB-ATZ
2026-01-30 05:19:21 | WARNING  | [lf.day.no_flights] No direct flights on 21MAY
2026-01-30 05:19:21 | INFO     | [SUCCESS] Day 21MAY
2026-01-30 05:19:21 | INFO     | [DAY_START] Processing 20MAY
[LF] Processing AHB-ATZ for 20MAY
2026-01-30 05:19:21 | INFO     | [lf.day.start] Processing AHB-ATZ for 20MAY
[LF] Sending SN command: SN20MAYAHBATZ/ASM
[LF] No direct flights on 20MAY for AHB-ATZ
2026-01-30 05:19:22 | WARNING  | [lf.day.no_flights] No direct flights on 20MAY
2026-01-30 05:19:22 | INFO     | [SUCCESS] Day 20MAY
2026-01-30 05:19:22 | INFO     | [DAY_START] Processing 19MAY
[LF] Processing AHB-ATZ for 19MAY
2026-01-30 05:19:22 | INFO     | [lf.day.start] Processing AHB-ATZ for 19MAY
[LF] Sending SN command: SN19MAYAHBATZ/ASM
[LF] No direct flights on 19MAY for AHB-ATZ
2026-01-30 05:19:24 | WARNING  | [lf.day.no_flights] No direct flights on 19MAY
2026-01-30 05:19:24 | INFO     | [SUCCESS] Day 19MAY
2026-01-30 05:19:24 | INFO     | [DAY_START] Processing 18MAY
[LF] Processing AHB-ATZ for 18MAY
2026-01-30 05:19:24 | INFO     | [lf.day.start] Processing AHB-ATZ for 18MAY
[LF] Sending SN command: SN18MAYAHBATZ/ASM
[LF] No direct flights on 18MAY for AHB-ATZ
2026-01-30 05:19:25 | WARNING  | [lf.day.no_flights] No direct flights on 18MAY
2026-01-30 05:19:25 | INFO     | [SUCCESS] Day 18MAY
2026-01-30 05:19:25 | INFO     | [DAY_START] Processing 17MAY
[LF] Processing AHB-ATZ for 17MAY
2026-01-30 05:19:25 | INFO     | [lf.day.start] Processing AHB-ATZ for 17MAY
[LF] Sending SN command: SN17MAYAHBATZ/ASM
[LF] No direct flights on 17MAY for AHB-ATZ
2026-01-30 05:19:26 | WARNING  | [lf.day.no_flights] No direct flights on 17MAY
2026-01-30 05:19:26 | INFO     | [SUCCESS] Day 17MAY
2026-01-30 05:19:26 | INFO     | [DAY_START] Processing 16MAY
[LF] Processing AHB-ATZ for 16MAY
2026-01-30 05:19:26 | INFO     | [lf.day.start] Processing AHB-ATZ for 16MAY
[LF] Sending SN command: SN16MAYAHBATZ/ASM
[LF] No direct flights on 16MAY for AHB-ATZ
2026-01-30 05:19:27 | WARNING  | [lf.day.no_flights] No direct flights on 16MAY
2026-01-30 05:19:27 | INFO     | [SUCCESS] Day 16MAY
2026-01-30 05:19:27 | INFO     | [DAY_START] Processing 15MAY
[LF] Processing AHB-ATZ for 15MAY
2026-01-30 05:19:27 | INFO     | [lf.day.start] Processing AHB-ATZ for 15MAY
[LF] Sending SN command: SN15MAYAHBATZ/ASM
[LF] No direct flights on 15MAY for AHB-ATZ
2026-01-30 05:19:28 | WARNING  | [lf.day.no_flights] No direct flights on 15MAY
2026-01-30 05:19:28 | INFO     | [SUCCESS] Day 15MAY
[LF] Results summary:
  2026-05-22: 0 flights
  2026-05-21: 0 flights
  2026-05-20: 0 flights
  2026-05-19: 0 flights
  2026-05-18: 0 flights
  2026-05-17: 0 flights
  2026-05-16: 0 flights
  2026-05-15: 0 flights
2026-01-30 05:19:28 | INFO     | [SUCCESS] LF Search Complete

============================================================
[Worker_9233] ✓ COMPLETED: AHB-ATZ
  Results: 8 dates
  Errors: 0 dates
  Total Processed: 10 groups
============================================================

2026-01-30 05:19:28 | INFO     | [Worker_9233] Completed: AHB-ATZ - 8 results, 0 errors

============================================================
[Worker_9233] Processing: ELQ-ATZ
  Tier 0: Range 4, Chunk 2/4
  Dates: 8 days
  Date Range: 2026-05-22 to 2026-05-15
============================================================

2026-01-30 05:19:28 | INFO     | [Worker_9233] Processing: ELQ-ATZ
2026-01-30 05:19:28 | INFO     |   Tier 0: Range 4, Chunk 2/4 (8 days)
2026-01-30 05:19:28 | INFO     | ======================================================================
2026-01-30 05:19:28 | INFO     | Load Factor Scraper Started - Route: ELQ-ATZ
2026-01-30 05:19:28 | INFO     | Log file: D:\CODERED\LAB\Artifacts\outputs\run_generated_300126_at_05.16\logs\LF_ELQ-ATZ_20260130_051928.log
2026-01-30 05:19:28 | INFO     | Enhanced logging: Capturing both logging.info() and print()
2026-01-30 05:19:28 | INFO     | ======================================================================
[LF] Processing dates (override): ['22MAY', '21MAY', '20MAY', '19MAY', '18MAY', '17MAY', '16MAY', '15MAY']
[LF] Attaching to Chrome for Altea access
2026-01-30 05:19:28 | INFO     | Starting LF search for route: ELQ-ATZ
2026-01-30 05:19:28 | INFO     | [START] LF Search
[LF][[OK] SUCCESS] Connected to Chrome on 127.0.0.1:9233 (after 1 attempts)
2026-01-30 05:19:29 | INFO     | [HEALTH CHECK] [OK] Chrome connection is healthy
[LF][[OK] SUCCESS] Found Amadeus Altea window: Altéa Reservation Desktop
[LF][[INFO] INFO] URL: https://tc212.resdesktop.altea.amadeus.com/app_ard/apf/init/login?SITE=ESMPESMP&LANGUAGE=GB&MARKETS=ARDW_PROD_WBP&ACTION=clpLogin
2026-01-30 05:19:29 | INFO     | [DAY_START] Processing 22MAY
[LF] Processing ELQ-ATZ for 22MAY
2026-01-30 05:19:29 | INFO     | [lf.day.start] Processing ELQ-ATZ for 22MAY
[LF] Sending SN command: SN22MAYELQATZ/ASM
[LF] No direct flights on 22MAY for ELQ-ATZ
2026-01-30 05:19:30 | WARNING  | [lf.day.no_flights] No direct flights on 22MAY
2026-01-30 05:19:30 | INFO     | [SUCCESS] Day 22MAY
2026-01-30 05:19:30 | INFO     | [DAY_START] Processing 21MAY
[LF] Processing ELQ-ATZ for 21MAY
2026-01-30 05:19:30 | INFO     | [lf.day.start] Processing ELQ-ATZ for 21MAY
[LF] Sending SN command: SN21MAYELQATZ/ASM
[LF] No direct flights on 21MAY for ELQ-ATZ
2026-01-30 05:19:31 | WARNING  | [lf.day.no_flights] No direct flights on 21MAY
2026-01-30 05:19:31 | INFO     | [SUCCESS] Day 21MAY
2026-01-30 05:19:31 | INFO     | [DAY_START] Processing 20MAY
[LF] Processing ELQ-ATZ for 20MAY
2026-01-30 05:19:31 | INFO     | [lf.day.start] Processing ELQ-ATZ for 20MAY
[LF] Sending SN command: SN20MAYELQATZ/ASM
[LF] No direct flights on 20MAY for ELQ-ATZ
2026-01-30 05:19:32 | WARNING  | [lf.day.no_flights] No direct flights on 20MAY
2026-01-30 05:19:32 | INFO     | [SUCCESS] Day 20MAY
2026-01-30 05:19:32 | INFO     | [DAY_START] Processing 19MAY
[LF] Processing ELQ-ATZ for 19MAY
2026-01-30 05:19:32 | INFO     | [lf.day.start] Processing ELQ-ATZ for 19MAY
[LF] Sending SN command: SN19MAYELQATZ/ASM
[LF] No direct flights on 19MAY for ELQ-ATZ
2026-01-30 05:19:33 | WARNING  | [lf.day.no_flights] No direct flights on 19MAY
2026-01-30 05:19:33 | INFO     | [SUCCESS] Day 19MAY
2026-01-30 05:19:33 | INFO     | [DAY_START] Processing 18MAY
[LF] Processing ELQ-ATZ for 18MAY
2026-01-30 05:19:33 | INFO     | [lf.day.start] Processing ELQ-ATZ for 18MAY
[LF] Sending SN command: SN18MAYELQATZ/ASM
[LF] No direct flights on 18MAY for ELQ-ATZ
2026-01-30 05:19:34 | WARNING  | [lf.day.no_flights] No direct flights on 18MAY
2026-01-30 05:19:34 | INFO     | [SUCCESS] Day 18MAY
2026-01-30 05:19:34 | INFO     | [DAY_START] Processing 17MAY
[LF] Processing ELQ-ATZ for 17MAY
2026-01-30 05:19:34 | INFO     | [lf.day.start] Processing ELQ-ATZ for 17MAY
[LF] Sending SN command: SN17MAYELQATZ/ASM
[LF] No direct flights on 17MAY for ELQ-ATZ
2026-01-30 05:19:35 | WARNING  | [lf.day.no_flights] No direct flights on 17MAY
2026-01-30 05:19:35 | INFO     | [SUCCESS] Day 17MAY
2026-01-30 05:19:35 | INFO     | [DAY_START] Processing 16MAY
[LF] Processing ELQ-ATZ for 16MAY
2026-01-30 05:19:35 | INFO     | [lf.day.start] Processing ELQ-ATZ for 16MAY
[LF] Sending SN command: SN16MAYELQATZ/ASM
[LF] No direct flights on 16MAY for ELQ-ATZ
2026-01-30 05:19:36 | WARNING  | [lf.day.no_flights] No direct flights on 16MAY
2026-01-30 05:19:36 | INFO     | [SUCCESS] Day 16MAY
2026-01-30 05:19:36 | INFO     | [DAY_START] Processing 15MAY
[LF] Processing ELQ-ATZ for 15MAY
2026-01-30 05:19:36 | INFO     | [lf.day.start] Processing ELQ-ATZ for 15MAY
[LF] Sending SN command: SN15MAYELQATZ/ASM
[LF] No direct flights on 15MAY for ELQ-ATZ
2026-01-30 05:19:37 | WARNING  | [lf.day.no_flights] No direct flights on 15MAY
2026-01-30 05:19:37 | INFO     | [SUCCESS] Day 15MAY
[LF] Results summary:
  2026-05-22: 0 flights
  2026-05-21: 0 flights
  2026-05-20: 0 flights
  2026-05-19: 0 flights
  2026-05-18: 0 flights
  2026-05-17: 0 flights
  2026-05-16: 0 flights
  2026-05-15: 0 flights
2026-01-30 05:19:37 | INFO     | [SUCCESS] LF Search Complete

============================================================
[Worker_9233] ✓ COMPLETED: ELQ-ATZ
  Results: 8 dates
  Errors: 0 dates
  Total Processed: 11 groups
============================================================

2026-01-30 05:19:37 | INFO     | [Worker_9233] Completed: ELQ-ATZ - 8 results, 0 errors

============================================================
[Worker_9233] Processing: ATZ-MED
  Tier 0: Range 4, Chunk 2/4
  Dates: 8 days
  Date Range: 2026-05-22 to 2026-05-15
============================================================

2026-01-30 05:19:37 | INFO     | [Worker_9233] Processing: ATZ-MED
2026-01-30 05:19:37 | INFO     |   Tier 0: Range 4, Chunk 2/4 (8 days)
2026-01-30 05:19:37 | INFO     | ======================================================================
2026-01-30 05:19:37 | INFO     | Load Factor Scraper Started - Route: ATZ-MED
2026-01-30 05:19:37 | INFO     | Log file: D:\CODERED\LAB\Artifacts\outputs\run_generated_300126_at_05.16\logs\LF_ATZ-MED_20260130_051937.log
2026-01-30 05:19:37 | INFO     | Enhanced logging: Capturing both logging.info() and print()
2026-01-30 05:19:37 | INFO     | ======================================================================
[LF] Processing dates (override): ['22MAY', '21MAY', '20MAY', '19MAY', '18MAY', '17MAY', '16MAY', '15MAY']
[LF] Attaching to Chrome for Altea access
2026-01-30 05:19:37 | INFO     | Starting LF search for route: ATZ-MED
2026-01-30 05:19:37 | INFO     | [START] LF Search
[LF][[OK] SUCCESS] Connected to Chrome on 127.0.0.1:9233 (after 1 attempts)
2026-01-30 05:19:38 | INFO     | [HEALTH CHECK] [OK] Chrome connection is healthy
[LF][[OK] SUCCESS] Found Amadeus Altea window: Altéa Reservation Desktop
[LF][[INFO] INFO] URL: https://tc212.resdesktop.altea.amadeus.com/app_ard/apf/init/login?SITE=ESMPESMP&LANGUAGE=GB&MARKETS=ARDW_PROD_WBP&ACTION=clpLogin
2026-01-30 05:19:38 | INFO     | [DAY_START] Processing 22MAY
[LF] Processing ATZ-MED for 22MAY
2026-01-30 05:19:38 | INFO     | [lf.day.start] Processing ATZ-MED for 22MAY
[LF] Sending SN command: SN22MAYATZMED/ASM
[LF] No direct flights on 22MAY for ATZ-MED
2026-01-30 05:19:39 | WARNING  | [lf.day.no_flights] No direct flights on 22MAY
2026-01-30 05:19:39 | INFO     | [SUCCESS] Day 22MAY
2026-01-30 05:19:39 | INFO     | [DAY_START] Processing 21MAY
[LF] Processing ATZ-MED for 21MAY
2026-01-30 05:19:39 | INFO     | [lf.day.start] Processing ATZ-MED for 21MAY
[LF] Sending SN command: SN21MAYATZMED/ASM
[LF] No direct flights on 21MAY for ATZ-MED
2026-01-30 05:19:40 | WARNING  | [lf.day.no_flights] No direct flights on 21MAY
2026-01-30 05:19:40 | INFO     | [SUCCESS] Day 21MAY
2026-01-30 05:19:40 | INFO     | [DAY_START] Processing 20MAY
[LF] Processing ATZ-MED for 20MAY
2026-01-30 05:19:40 | INFO     | [lf.day.start] Processing ATZ-MED for 20MAY
[LF] Sending SN command: SN20MAYATZMED/ASM
[LF] No direct flights on 20MAY for ATZ-MED
2026-01-30 05:19:42 | WARNING  | [lf.day.no_flights] No direct flights on 20MAY
2026-01-30 05:19:42 | INFO     | [SUCCESS] Day 20MAY
2026-01-30 05:19:42 | INFO     | [DAY_START] Processing 19MAY
[LF] Processing ATZ-MED for 19MAY
2026-01-30 05:19:42 | INFO     | [lf.day.start] Processing ATZ-MED for 19MAY
[LF] Sending SN command: SN19MAYATZMED/ASM
[LF] No direct flights on 19MAY for ATZ-MED
2026-01-30 05:19:43 | WARNING  | [lf.day.no_flights] No direct flights on 19MAY
2026-01-30 05:19:43 | INFO     | [SUCCESS] Day 19MAY
2026-01-30 05:19:43 | INFO     | [DAY_START] Processing 18MAY
[LF] Processing ATZ-MED for 18MAY
2026-01-30 05:19:43 | INFO     | [lf.day.start] Processing ATZ-MED for 18MAY
[LF] Sending SN command: SN18MAYATZMED/ASM
[LF] No direct flights on 18MAY for ATZ-MED
2026-01-30 05:19:44 | WARNING  | [lf.day.no_flights] No direct flights on 18MAY
2026-01-30 05:19:44 | INFO     | [SUCCESS] Day 18MAY
2026-01-30 05:19:44 | INFO     | [DAY_START] Processing 17MAY
[LF] Processing ATZ-MED for 17MAY
2026-01-30 05:19:44 | INFO     | [lf.day.start] Processing ATZ-MED for 17MAY
[LF] Sending SN command: SN17MAYATZMED/ASM
[LF] 17MAY: found 1 direct flights
2026-01-30 05:19:45 | INFO     | [lf.day.flights_found] Found 1 flights on 17MAY
2026-01-30 05:19:47 | INFO     | [lf.flight.extracted] SM487 on 17MAY: BKG=1, LF=0.6%
[LF] SM487 17MAY: BKG=1, GRP=0, CAP=179, LF%=0.6%, Brd-Off=ATZ-MED, Classes: L:1
[LF] Getting WEEKLY/LASTSOLD data for 1 flights
[LF] SM487 17MAY: LASTSOLD=2026-01-14 00:00:00, WEEKLY=0, TODAY=0, YDAY=0
2026-01-30 05:19:50 | INFO     | [SUCCESS] Day 17MAY
2026-01-30 05:19:50 | INFO     | [DAY_START] Processing 16MAY
[LF] Processing ATZ-MED for 16MAY
2026-01-30 05:19:50 | INFO     | [lf.day.start] Processing ATZ-MED for 16MAY
[LF] Sending SN command: SN16MAYATZMED/ASM
[LF] No direct flights on 16MAY for ATZ-MED
2026-01-30 05:19:51 | WARNING  | [lf.day.no_flights] No direct flights on 16MAY
2026-01-30 05:19:51 | INFO     | [SUCCESS] Day 16MAY
2026-01-30 05:19:51 | INFO     | [DAY_START] Processing 15MAY
[LF] Processing ATZ-MED for 15MAY
2026-01-30 05:19:51 | INFO     | [lf.day.start] Processing ATZ-MED for 15MAY
[LF] Sending SN command: SN15MAYATZMED/ASM
[LF] No direct flights on 15MAY for ATZ-MED
2026-01-30 05:19:52 | WARNING  | [lf.day.no_flights] No direct flights on 15MAY
2026-01-30 05:19:52 | INFO     | [SUCCESS] Day 15MAY
[LF] Results summary:
  2026-05-22: 0 flights
  2026-05-21: 0 flights
  2026-05-20: 0 flights
  2026-05-19: 0 flights
  2026-05-18: 0 flights
  2026-05-17: 1 flights
  2026-05-16: 0 flights
  2026-05-15: 0 flights
2026-01-30 05:19:52 | INFO     | [SUCCESS] LF Search Complete

============================================================
[Worker_9233] ✓ COMPLETED: ATZ-MED
  Results: 8 dates
  Errors: 0 dates
  Total Processed: 12 groups
============================================================

2026-01-30 05:19:52 | INFO     | [Worker_9233] Completed: ATZ-MED - 8 results, 0 errors

============================================================
[Worker_9233] Processing: LXR-JED
  Tier 0: Range 4, Chunk 2/4
  Dates: 8 days
  Date Range: 2026-05-22 to 2026-05-15
============================================================

2026-01-30 05:19:52 | INFO     | [Worker_9233] Processing: LXR-JED
2026-01-30 05:19:52 | INFO     |   Tier 0: Range 4, Chunk 2/4 (8 days)
2026-01-30 05:19:52 | INFO     | ======================================================================
2026-01-30 05:19:52 | INFO     | Load Factor Scraper Started - Route: LXR-JED
2026-01-30 05:19:52 | INFO     | Log file: D:\CODERED\LAB\Artifacts\outputs\run_generated_300126_at_05.16\logs\LF_LXR-JED_20260130_051952.log
2026-01-30 05:19:52 | INFO     | Enhanced logging: Capturing both logging.info() and print()
2026-01-30 05:19:52 | INFO     | ======================================================================
[LF] Processing dates (override): ['22MAY', '21MAY', '20MAY', '19MAY', '18MAY', '17MAY', '16MAY', '15MAY']
[LF] Attaching to Chrome for Altea access
2026-01-30 05:19:52 | INFO     | Starting LF search for route: LXR-JED
2026-01-30 05:19:52 | INFO     | [START] LF Search
[LF][[OK] SUCCESS] Connected to Chrome on 127.0.0.1:9233 (after 1 attempts)
2026-01-30 05:19:53 | INFO     | [HEALTH CHECK] [OK] Chrome connection is healthy
[LF][[OK] SUCCESS] Found Amadeus Altea window: Altéa Reservation Desktop
[LF][[INFO] INFO] URL: https://tc212.resdesktop.altea.amadeus.com/app_ard/apf/init/login?SITE=ESMPESMP&LANGUAGE=GB&MARKETS=ARDW_PROD_WBP&ACTION=clpLogin
2026-01-30 05:19:53 | INFO     | [DAY_START] Processing 22MAY
[LF] Processing LXR-JED for 22MAY
2026-01-30 05:19:53 | INFO     | [lf.day.start] Processing LXR-JED for 22MAY
[LF] Sending SN command: SN22MAYLXRJED/ASM
[LF] No direct flights on 22MAY for LXR-JED
2026-01-30 05:19:54 | WARNING  | [lf.day.no_flights] No direct flights on 22MAY
2026-01-30 05:19:54 | INFO     | [SUCCESS] Day 22MAY
2026-01-30 05:19:54 | INFO     | [DAY_START] Processing 21MAY
[LF] Processing LXR-JED for 21MAY
2026-01-30 05:19:54 | INFO     | [lf.day.start] Processing LXR-JED for 21MAY
[LF] Sending SN command: SN21MAYLXRJED/ASM
[LF] No direct flights on 21MAY for LXR-JED
2026-01-30 05:19:55 | WARNING  | [lf.day.no_flights] No direct flights on 21MAY
2026-01-30 05:19:55 | INFO     | [SUCCESS] Day 21MAY
2026-01-30 05:19:55 | INFO     | [DAY_START] Processing 20MAY
[LF] Processing LXR-JED for 20MAY
2026-01-30 05:19:55 | INFO     | [lf.day.start] Processing LXR-JED for 20MAY
[LF] Sending SN command: SN20MAYLXRJED/ASM
[LF] No direct flights on 20MAY for LXR-JED
2026-01-30 05:19:56 | WARNING  | [lf.day.no_flights] No direct flights on 20MAY
2026-01-30 05:19:56 | INFO     | [SUCCESS] Day 20MAY
2026-01-30 05:19:56 | INFO     | [DAY_START] Processing 19MAY
[LF] Processing LXR-JED for 19MAY
2026-01-30 05:19:56 | INFO     | [lf.day.start] Processing LXR-JED for 19MAY
[LF] Sending SN command: SN19MAYLXRJED/ASM
[LF] No direct flights on 19MAY for LXR-JED
2026-01-30 05:19:57 | WARNING  | [lf.day.no_flights] No direct flights on 19MAY
2026-01-30 05:19:57 | INFO     | [SUCCESS] Day 19MAY
2026-01-30 05:19:57 | INFO     | [DAY_START] Processing 18MAY
[LF] Processing LXR-JED for 18MAY
2026-01-30 05:19:57 | INFO     | [lf.day.start] Processing LXR-JED for 18MAY
[LF] Sending SN command: SN18MAYLXRJED/ASM
[LF] No direct flights on 18MAY for LXR-JED
2026-01-30 05:19:58 | WARNING  | [lf.day.no_flights] No direct flights on 18MAY
2026-01-30 05:19:58 | INFO     | [SUCCESS] Day 18MAY
2026-01-30 05:19:58 | INFO     | [DAY_START] Processing 17MAY
[LF] Processing LXR-JED for 17MAY
2026-01-30 05:19:58 | INFO     | [lf.day.start] Processing LXR-JED for 17MAY
[LF] Sending SN command: SN17MAYLXRJED/ASM
[LF] No direct flights on 17MAY for LXR-JED
2026-01-30 05:19:59 | WARNING  | [lf.day.no_flights] No direct flights on 17MAY
2026-01-30 05:19:59 | INFO     | [SUCCESS] Day 17MAY
2026-01-30 05:19:59 | INFO     | [DAY_START] Processing 16MAY
[LF] Processing LXR-JED for 16MAY
2026-01-30 05:19:59 | INFO     | [lf.day.start] Processing LXR-JED for 16MAY
[LF] Sending SN command: SN16MAYLXRJED/ASM
[LF] No direct flights on 16MAY for LXR-JED
2026-01-30 05:20:00 | WARNING  | [lf.day.no_flights] No direct flights on 16MAY
2026-01-30 05:20:00 | INFO     | [SUCCESS] Day 16MAY
2026-01-30 05:20:00 | INFO     | [DAY_START] Processing 15MAY
[LF] Processing LXR-JED for 15MAY
2026-01-30 05:20:00 | INFO     | [lf.day.start] Processing LXR-JED for 15MAY
[LF] Sending SN command: SN15MAYLXRJED/ASM
[LF] No direct flights on 15MAY for LXR-JED
2026-01-30 05:20:02 | WARNING  | [lf.day.no_flights] No direct flights on 15MAY
2026-01-30 05:20:02 | INFO     | [SUCCESS] Day 15MAY
[LF] Results summary:
  2026-05-22: 0 flights
  2026-05-21: 0 flights
  2026-05-20: 0 flights
  2026-05-19: 0 flights
  2026-05-18: 0 flights
  2026-05-17: 0 flights
  2026-05-16: 0 flights
  2026-05-15: 0 flights
2026-01-30 05:20:02 | INFO     | [SUCCESS] LF Search Complete

============================================================
[Worker_9233] ✓ COMPLETED: LXR-JED
  Results: 8 dates
  Errors: 0 dates
  Total Processed: 13 groups
============================================================

2026-01-30 05:20:02 | INFO     | [Worker_9233] Completed: LXR-JED - 8 results, 0 errors

============================================================
[Worker_9233] Processing: ATZ-DMM
  Tier 0: Range 4, Chunk 2/4
  Dates: 8 days
  Date Range: 2026-05-22 to 2026-05-15
============================================================

2026-01-30 05:20:02 | INFO     | [Worker_9233] Processing: ATZ-DMM
2026-01-30 05:20:02 | INFO     |   Tier 0: Range 4, Chunk 2/4 (8 days)
2026-01-30 05:20:02 | INFO     | ======================================================================
2026-01-30 05:20:02 | INFO     | Load Factor Scraper Started - Route: ATZ-DMM
2026-01-30 05:20:02 | INFO     | Log file: D:\CODERED\LAB\Artifacts\outputs\run_generated_300126_at_05.16\logs\LF_ATZ-DMM_20260130_052002.log
2026-01-30 05:20:02 | INFO     | Enhanced logging: Capturing both logging.info() and print()
2026-01-30 05:20:02 | INFO     | ======================================================================
[LF] Processing dates (override): ['22MAY', '21MAY', '20MAY', '19MAY', '18MAY', '17MAY', '16MAY', '15MAY']
[LF] Attaching to Chrome for Altea access
2026-01-30 05:20:02 | INFO     | Starting LF search for route: ATZ-DMM
2026-01-30 05:20:02 | INFO     | [START] LF Search
[LF][[OK] SUCCESS] Connected to Chrome on 127.0.0.1:9233 (after 1 attempts)
2026-01-30 05:20:02 | INFO     | [HEALTH CHECK] [OK] Chrome connection is healthy
[LF][[OK] SUCCESS] Found Amadeus Altea window: Altéa Reservation Desktop
[LF][[INFO] INFO] URL: https://tc212.resdesktop.altea.amadeus.com/app_ard/apf/init/login?SITE=ESMPESMP&LANGUAGE=GB&MARKETS=ARDW_PROD_WBP&ACTION=clpLogin
2026-01-30 05:20:02 | INFO     | [DAY_START] Processing 22MAY
[LF] Processing ATZ-DMM for 22MAY
2026-01-30 05:20:02 | INFO     | [lf.day.start] Processing ATZ-DMM for 22MAY
[LF] Sending SN command: SN22MAYATZDMM/ASM
[LF] No direct flights on 22MAY for ATZ-DMM
2026-01-30 05:20:04 | WARNING  | [lf.day.no_flights] No direct flights on 22MAY
2026-01-30 05:20:04 | INFO     | [SUCCESS] Day 22MAY
2026-01-30 05:20:04 | INFO     | [DAY_START] Processing 21MAY
[LF] Processing ATZ-DMM for 21MAY
2026-01-30 05:20:04 | INFO     | [lf.day.start] Processing ATZ-DMM for 21MAY
[LF] Sending SN command: SN21MAYATZDMM/ASM
[LF] No direct flights on 21MAY for ATZ-DMM
2026-01-30 05:20:05 | WARNING  | [lf.day.no_flights] No direct flights on 21MAY
2026-01-30 05:20:05 | INFO     | [SUCCESS] Day 21MAY
2026-01-30 05:20:05 | INFO     | [DAY_START] Processing 20MAY
[LF] Processing ATZ-DMM for 20MAY
2026-01-30 05:20:05 | INFO     | [lf.day.start] Processing ATZ-DMM for 20MAY
[LF] Sending SN command: SN20MAYATZDMM/ASM
[LF] No direct flights on 20MAY for ATZ-DMM
2026-01-30 05:20:06 | WARNING  | [lf.day.no_flights] No direct flights on 20MAY
2026-01-30 05:20:06 | INFO     | [SUCCESS] Day 20MAY
2026-01-30 05:20:06 | INFO     | [DAY_START] Processing 19MAY
[LF] Processing ATZ-DMM for 19MAY
2026-01-30 05:20:06 | INFO     | [lf.day.start] Processing ATZ-DMM for 19MAY
[LF] Sending SN command: SN19MAYATZDMM/ASM
[LF] No direct flights on 19MAY for ATZ-DMM
2026-01-30 05:20:07 | WARNING  | [lf.day.no_flights] No direct flights on 19MAY
2026-01-30 05:20:07 | INFO     | [SUCCESS] Day 19MAY
2026-01-30 05:20:07 | INFO     | [DAY_START] Processing 18MAY
[LF] Processing ATZ-DMM for 18MAY
2026-01-30 05:20:07 | INFO     | [lf.day.start] Processing ATZ-DMM for 18MAY
[LF] Sending SN command: SN18MAYATZDMM/ASM
[LF] No direct flights on 18MAY for ATZ-DMM
2026-01-30 05:20:08 | WARNING  | [lf.day.no_flights] No direct flights on 18MAY
2026-01-30 05:20:08 | INFO     | [SUCCESS] Day 18MAY
2026-01-30 05:20:08 | INFO     | [DAY_START] Processing 17MAY
[LF] Processing ATZ-DMM for 17MAY
2026-01-30 05:20:08 | INFO     | [lf.day.start] Processing ATZ-DMM for 17MAY
[LF] Sending SN command: SN17MAYATZDMM/ASM
[LF] No direct flights on 17MAY for ATZ-DMM
2026-01-30 05:20:09 | WARNING  | [lf.day.no_flights] No direct flights on 17MAY
2026-01-30 05:20:09 | INFO     | [SUCCESS] Day 17MAY
2026-01-30 05:20:09 | INFO     | [DAY_START] Processing 16MAY
[LF] Processing ATZ-DMM for 16MAY
2026-01-30 05:20:09 | INFO     | [lf.day.start] Processing ATZ-DMM for 16MAY
[LF] Sending SN command: SN16MAYATZDMM/ASM
[LF] No direct flights on 16MAY for ATZ-DMM
2026-01-30 05:20:10 | WARNING  | [lf.day.no_flights] No direct flights on 16MAY
2026-01-30 05:20:10 | INFO     | [SUCCESS] Day 16MAY
2026-01-30 05:20:10 | INFO     | [DAY_START] Processing 15MAY
[LF] Processing ATZ-DMM for 15MAY
2026-01-30 05:20:10 | INFO     | [lf.day.start] Processing ATZ-DMM for 15MAY
[LF] Sending SN command: SN15MAYATZDMM/ASM
[LF] No direct flights on 15MAY for ATZ-DMM
2026-01-30 05:20:11 | WARNING  | [lf.day.no_flights] No direct flights on 15MAY
2026-01-30 05:20:11 | INFO     | [SUCCESS] Day 15MAY
[LF] Results summary:
  2026-05-22: 0 flights
  2026-05-21: 0 flights
  2026-05-20: 0 flights
  2026-05-19: 0 flights
  2026-05-18: 0 flights
  2026-05-17: 0 flights
  2026-05-16: 0 flights
  2026-05-15: 0 flights
2026-01-30 05:20:11 | INFO     | [SUCCESS] LF Search Complete

============================================================
[Worker_9233] ✓ COMPLETED: ATZ-DMM
  Results: 8 dates
  Errors: 0 dates
  Total Processed: 14 groups
============================================================

2026-01-30 05:20:11 | INFO     | [Worker_9233] Completed: ATZ-DMM - 8 results, 0 errors

============================================================
[Worker_9233] Processing: ATZ-TUU
  Tier 0: Range 4, Chunk 2/4
  Dates: 8 days
  Date Range: 2026-05-22 to 2026-05-15
============================================================

2026-01-30 05:20:11 | INFO     | [Worker_9233] Processing: ATZ-TUU
2026-01-30 05:20:11 | INFO     |   Tier 0: Range 4, Chunk 2/4 (8 days)
2026-01-30 05:20:11 | INFO     | ======================================================================
2026-01-30 05:20:11 | INFO     | Load Factor Scraper Started - Route: ATZ-TUU
2026-01-30 05:20:11 | INFO     | Log file: D:\CODERED\LAB\Artifacts\outputs\run_generated_300126_at_05.16\logs\LF_ATZ-TUU_20260130_052011.log
2026-01-30 05:20:11 | INFO     | Enhanced logging: Capturing both logging.info() and print()
2026-01-30 05:20:11 | INFO     | ======================================================================
[LF] Processing dates (override): ['22MAY', '21MAY', '20MAY', '19MAY', '18MAY', '17MAY', '16MAY', '15MAY']
[LF] Attaching to Chrome for Altea access
2026-01-30 05:20:11 | INFO     | Starting LF search for route: ATZ-TUU
2026-01-30 05:20:11 | INFO     | [START] LF Search
[LF][[OK] SUCCESS] Connected to Chrome on 127.0.0.1:9233 (after 1 attempts)
2026-01-30 05:20:12 | INFO     | [HEALTH CHECK] [OK] Chrome connection is healthy
[LF][[OK] SUCCESS] Found Amadeus Altea window: Altéa Reservation Desktop
[LF][[INFO] INFO] URL: https://tc212.resdesktop.altea.amadeus.com/app_ard/apf/init/login?SITE=ESMPESMP&LANGUAGE=GB&MARKETS=ARDW_PROD_WBP&ACTION=clpLogin
2026-01-30 05:20:12 | INFO     | [DAY_START] Processing 22MAY
[LF] Processing ATZ-TUU for 22MAY
2026-01-30 05:20:12 | INFO     | [lf.day.start] Processing ATZ-TUU for 22MAY
[LF] Sending SN command: SN22MAYATZTUU/ASM
[LF] No direct flights on 22MAY for ATZ-TUU
2026-01-30 05:20:13 | WARNING  | [lf.day.no_flights] No direct flights on 22MAY
2026-01-30 05:20:13 | INFO     | [SUCCESS] Day 22MAY
2026-01-30 05:20:13 | INFO     | [DAY_START] Processing 21MAY
[LF] Processing ATZ-TUU for 21MAY
2026-01-30 05:20:13 | INFO     | [lf.day.start] Processing ATZ-TUU for 21MAY
[LF] Sending SN command: SN21MAYATZTUU/ASM
[LF] No direct flights on 21MAY for ATZ-TUU
2026-01-30 05:20:14 | WARNING  | [lf.day.no_flights] No direct flights on 21MAY
2026-01-30 05:20:14 | INFO     | [SUCCESS] Day 21MAY
2026-01-30 05:20:14 | INFO     | [DAY_START] Processing 20MAY
[LF] Processing ATZ-TUU for 20MAY
2026-01-30 05:20:14 | INFO     | [lf.day.start] Processing ATZ-TUU for 20MAY
[LF] Sending SN command: SN20MAYATZTUU/ASM
[LF] No direct flights on 20MAY for ATZ-TUU
2026-01-30 05:20:15 | WARNING  | [lf.day.no_flights] No direct flights on 20MAY
2026-01-30 05:20:15 | INFO     | [SUCCESS] Day 20MAY
2026-01-30 05:20:15 | INFO     | [DAY_START] Processing 19MAY
[LF] Processing ATZ-TUU for 19MAY
2026-01-30 05:20:15 | INFO     | [lf.day.start] Processing ATZ-TUU for 19MAY
[LF] Sending SN command: SN19MAYATZTUU/ASM
[LF] No direct flights on 19MAY for ATZ-TUU
2026-01-30 05:20:16 | WARNING  | [lf.day.no_flights] No direct flights on 19MAY
2026-01-30 05:20:16 | INFO     | [SUCCESS] Day 19MAY
2026-01-30 05:20:16 | INFO     | [DAY_START] Processing 18MAY
[LF] Processing ATZ-TUU for 18MAY
2026-01-30 05:20:16 | INFO     | [lf.day.start] Processing ATZ-TUU for 18MAY
[LF] Sending SN command: SN18MAYATZTUU/ASM
[LF] No direct flights on 18MAY for ATZ-TUU
2026-01-30 05:20:18 | WARNING  | [lf.day.no_flights] No direct flights on 18MAY
2026-01-30 05:20:18 | INFO     | [SUCCESS] Day 18MAY
2026-01-30 05:20:18 | INFO     | [DAY_START] Processing 17MAY
[LF] Processing ATZ-TUU for 17MAY
2026-01-30 05:20:18 | INFO     | [lf.day.start] Processing ATZ-TUU for 17MAY
[LF] Sending SN command: SN17MAYATZTUU/ASM
[LF] No direct flights on 17MAY for ATZ-TUU
2026-01-30 05:20:19 | WARNING  | [lf.day.no_flights] No direct flights on 17MAY
2026-01-30 05:20:19 | INFO     | [SUCCESS] Day 17MAY
2026-01-30 05:20:19 | INFO     | [DAY_START] Processing 16MAY
[LF] Processing ATZ-TUU for 16MAY
2026-01-30 05:20:19 | INFO     | [lf.day.start] Processing ATZ-TUU for 16MAY
[LF] Sending SN command: SN16MAYATZTUU/ASM
[LF] No direct flights on 16MAY for ATZ-TUU
2026-01-30 05:20:20 | WARNING  | [lf.day.no_flights] No direct flights on 16MAY
2026-01-30 05:20:20 | INFO     | [SUCCESS] Day 16MAY
2026-01-30 05:20:20 | INFO     | [DAY_START] Processing 15MAY
[LF] Processing ATZ-TUU for 15MAY
2026-01-30 05:20:20 | INFO     | [lf.day.start] Processing ATZ-TUU for 15MAY
[LF] Sending SN command: SN15MAYATZTUU/ASM
[LF] No direct flights on 15MAY for ATZ-TUU
2026-01-30 05:20:21 | WARNING  | [lf.day.no_flights] No direct flights on 15MAY
2026-01-30 05:20:21 | INFO     | [SUCCESS] Day 15MAY
[LF] Results summary:
  2026-05-22: 0 flights
  2026-05-21: 0 flights
  2026-05-20: 0 flights
  2026-05-19: 0 flights
  2026-05-18: 0 flights
  2026-05-17: 0 flights
  2026-05-16: 0 flights
  2026-05-15: 0 flights
2026-01-30 05:20:21 | INFO     | [SUCCESS] LF Search Complete

============================================================
[Worker_9233] ✓ COMPLETED: ATZ-TUU
  Results: 8 dates
  Errors: 0 dates
  Total Processed: 15 groups
============================================================

2026-01-30 05:20:21 | INFO     | [Worker_9233] Completed: ATZ-TUU - 8 results, 0 errors

============================================================
[Worker_9233] Processing: CAI-AHB
  Tier 0: Range 4, Chunk 2/4
  Dates: 8 days
  Date Range: 2026-05-22 to 2026-05-15
============================================================

2026-01-30 05:20:21 | INFO     | [Worker_9233] Processing: CAI-AHB
2026-01-30 05:20:21 | INFO     |   Tier 0: Range 4, Chunk 2/4 (8 days)
2026-01-30 05:20:21 | INFO     | ======================================================================
2026-01-30 05:20:21 | INFO     | Load Factor Scraper Started - Route: CAI-AHB
2026-01-30 05:20:21 | INFO     | Log file: D:\CODERED\LAB\Artifacts\outputs\run_generated_300126_at_05.16\logs\LF_CAI-AHB_20260130_052021.log
2026-01-30 05:20:21 | INFO     | Enhanced logging: Capturing both logging.info() and print()
2026-01-30 05:20:21 | INFO     | ======================================================================
[LF] Processing dates (override): ['22MAY', '21MAY', '20MAY', '19MAY', '18MAY', '17MAY', '16MAY', '15MAY']
[LF] Attaching to Chrome for Altea access
2026-01-30 05:20:21 | INFO     | Starting LF search for route: CAI-AHB
2026-01-30 05:20:21 | INFO     | [START] LF Search
[LF][[OK] SUCCESS] Connected to Chrome on 127.0.0.1:9233 (after 1 attempts)
2026-01-30 05:20:21 | INFO     | [HEALTH CHECK] [OK] Chrome connection is healthy
[LF][[OK] SUCCESS] Found Amadeus Altea window: Altéa Reservation Desktop
[LF][[INFO] INFO] URL: https://tc212.resdesktop.altea.amadeus.com/app_ard/apf/init/login?SITE=ESMPESMP&LANGUAGE=GB&MARKETS=ARDW_PROD_WBP&ACTION=clpLogin
2026-01-30 05:20:22 | INFO     | [DAY_START] Processing 22MAY
[LF] Processing CAI-AHB for 22MAY
2026-01-30 05:20:22 | INFO     | [lf.day.start] Processing CAI-AHB for 22MAY
[LF] Sending SN command: SN22MAYCAIAHB/ASM
[LF] No direct flights on 22MAY for CAI-AHB
2026-01-30 05:20:23 | WARNING  | [lf.day.no_flights] No direct flights on 22MAY
2026-01-30 05:20:23 | INFO     | [SUCCESS] Day 22MAY
2026-01-30 05:20:23 | INFO     | [DAY_START] Processing 21MAY
[LF] Processing CAI-AHB for 21MAY
2026-01-30 05:20:23 | INFO     | [lf.day.start] Processing CAI-AHB for 21MAY
[LF] Sending SN command: SN21MAYCAIAHB/ASM
[LF] 21MAY: found 1 direct flights
2026-01-30 05:20:24 | INFO     | [lf.day.flights_found] Found 1 flights on 21MAY
2026-01-30 05:20:26 | INFO     | [lf.flight.extracted] SM443 on 21MAY: BKG=0, LF=0.0%
[LF] SM443 21MAY: BKG=0, GRP=0, CAP=179, LF%=0.0%, Brd-Off=CAI-AHB
2026-01-30 05:20:27 | INFO     | [SUCCESS] Day 21MAY
2026-01-30 05:20:27 | INFO     | [DAY_START] Processing 20MAY
[LF] Processing CAI-AHB for 20MAY
2026-01-30 05:20:27 | INFO     | [lf.day.start] Processing CAI-AHB for 20MAY
[LF] Sending SN command: SN20MAYCAIAHB/ASM
[LF] 20MAY: found 1 direct flights
2026-01-30 05:20:28 | INFO     | [lf.day.flights_found] Found 1 flights on 20MAY
2026-01-30 05:20:30 | INFO     | [lf.flight.extracted] SM443 on 20MAY: BKG=0, LF=0.0%
[LF] SM443 20MAY: BKG=0, GRP=0, CAP=179, LF%=0.0%, Brd-Off=CAI-AHB
2026-01-30 05:20:31 | INFO     | [SUCCESS] Day 20MAY
2026-01-30 05:20:31 | INFO     | [DAY_START] Processing 19MAY
[LF] Processing CAI-AHB for 19MAY
2026-01-30 05:20:31 | INFO     | [lf.day.start] Processing CAI-AHB for 19MAY
[LF] Sending SN command: SN19MAYCAIAHB/ASM
[LF] No direct flights on 19MAY for CAI-AHB
2026-01-30 05:20:32 | WARNING  | [lf.day.no_flights] No direct flights on 19MAY
2026-01-30 05:20:32 | INFO     | [SUCCESS] Day 19MAY
2026-01-30 05:20:32 | INFO     | [DAY_START] Processing 18MAY
[LF] Processing CAI-AHB for 18MAY
2026-01-30 05:20:32 | INFO     | [lf.day.start] Processing CAI-AHB for 18MAY
[LF] Sending SN command: SN18MAYCAIAHB/ASM
[LF] 18MAY: found 1 direct flights
2026-01-30 05:20:33 | INFO     | [lf.day.flights_found] Found 1 flights on 18MAY
2026-01-30 05:20:35 | INFO     | [lf.flight.extracted] SM443 on 18MAY: BKG=0, LF=0.0%
[LF] SM443 18MAY: BKG=0, GRP=0, CAP=179, LF%=0.0%, Brd-Off=CAI-AHB
2026-01-30 05:20:36 | INFO     | [SUCCESS] Day 18MAY
2026-01-30 05:20:36 | INFO     | [DAY_START] Processing 17MAY
[LF] Processing CAI-AHB for 17MAY
2026-01-30 05:20:36 | INFO     | [lf.day.start] Processing CAI-AHB for 17MAY
[LF] Sending SN command: SN17MAYCAIAHB/ASM
[LF] No direct flights on 17MAY for CAI-AHB
2026-01-30 05:20:37 | WARNING  | [lf.day.no_flights] No direct flights on 17MAY
2026-01-30 05:20:37 | INFO     | [SUCCESS] Day 17MAY
2026-01-30 05:20:37 | INFO     | [DAY_START] Processing 16MAY
[LF] Processing CAI-AHB for 16MAY
2026-01-30 05:20:37 | INFO     | [lf.day.start] Processing CAI-AHB for 16MAY
[LF] Sending SN command: SN16MAYCAIAHB/ASM
[LF] 16MAY: found 1 direct flights
2026-01-30 05:20:39 | INFO     | [lf.day.flights_found] Found 1 flights on 16MAY
2026-01-30 05:20:40 | INFO     | [lf.flight.extracted] SM443 on 16MAY: BKG=2, LF=1.1%
[LF] SM443 16MAY: BKG=2, GRP=0, CAP=179, LF%=1.1%, Brd-Off=CAI-AHB, Classes: G:1, K:1
[LF] Getting WEEKLY/LASTSOLD data for 1 flights
[LF] SM443 16MAY: LASTSOLD=2026-01-05 00:00:00, WEEKLY=0, TODAY=0, YDAY=0
2026-01-30 05:20:43 | INFO     | [SUCCESS] Day 16MAY
2026-01-30 05:20:43 | INFO     | [DAY_START] Processing 15MAY
[LF] Processing CAI-AHB for 15MAY
2026-01-30 05:20:43 | INFO     | [lf.day.start] Processing CAI-AHB for 15MAY
[LF] Sending SN command: SN15MAYCAIAHB/ASM
[LF] No direct flights on 15MAY for CAI-AHB
2026-01-30 05:20:44 | WARNING  | [lf.day.no_flights] No direct flights on 15MAY
2026-01-30 05:20:44 | INFO     | [SUCCESS] Day 15MAY
[LF] Results summary:
  2026-05-22: 0 flights
  2026-05-21: 1 flights
  2026-05-20: 1 flights
  2026-05-19: 0 flights
  2026-05-18: 1 flights
  2026-05-17: 0 flights
  2026-05-16: 1 flights
  2026-05-15: 0 flights
2026-01-30 05:20:44 | INFO     | [SUCCESS] LF Search Complete

============================================================
[Worker_9233] ✓ COMPLETED: CAI-AHB
  Results: 8 dates
  Errors: 0 dates
  Total Processed: 16 groups
============================================================

2026-01-30 05:20:44 | INFO     | [Worker_9233] Completed: CAI-AHB - 8 results, 0 errors

============================================================
[Worker_9233] Processing: JED-HBE
  Tier 0: Range 4, Chunk 3/4
  Dates: 8 days
  Date Range: 2026-05-14 to 2026-05-07
============================================================

2026-01-30 05:20:44 | INFO     | [Worker_9233] Processing: JED-HBE
2026-01-30 05:20:44 | INFO     |   Tier 0: Range 4, Chunk 3/4 (8 days)
2026-01-30 05:20:44 | INFO     | ======================================================================
2026-01-30 05:20:44 | INFO     | Load Factor Scraper Started - Route: JED-HBE
2026-01-30 05:20:44 | INFO     | Log file: D:\CODERED\LAB\Artifacts\outputs\run_generated_300126_at_05.16\logs\LF_JED-HBE_20260130_052044.log
2026-01-30 05:20:44 | INFO     | Enhanced logging: Capturing both logging.info() and print()
2026-01-30 05:20:44 | INFO     | ======================================================================
[LF] Processing dates (override): ['14MAY', '13MAY', '12MAY', '11MAY', '10MAY', '09MAY', '08MAY', '07MAY']
[LF] Attaching to Chrome for Altea access
2026-01-30 05:20:44 | INFO     | Starting LF search for route: JED-HBE
2026-01-30 05:20:44 | INFO     | [START] LF Search
[LF][[OK] SUCCESS] Connected to Chrome on 127.0.0.1:9233 (after 1 attempts)
2026-01-30 05:20:45 | INFO     | [HEALTH CHECK] [OK] Chrome connection is healthy
[LF][[OK] SUCCESS] Found Amadeus Altea window: Altéa Reservation Desktop
[LF][[INFO] INFO] URL: https://tc212.resdesktop.altea.amadeus.com/app_ard/apf/init/login?SITE=ESMPESMP&LANGUAGE=GB&MARKETS=ARDW_PROD_WBP&ACTION=clpLogin
2026-01-30 05:20:45 | INFO     | [DAY_START] Processing 14MAY
[LF] Processing JED-HBE for 14MAY
2026-01-30 05:20:45 | INFO     | [lf.day.start] Processing JED-HBE for 14MAY
[LF] Sending SN command: SN14MAYJEDHBE/ASM
[LF] 14MAY: found 1 direct flights
2026-01-30 05:20:46 | INFO     | [lf.day.flights_found] Found 1 flights on 14MAY
2026-01-30 05:20:48 | INFO     | [lf.flight.extracted] SM452 on 14MAY: BKG=7, LF=4.2%
[LF] SM452 14MAY: BKG=7, GRP=0, CAP=167, LF%=4.2%, Brd-Off=JED-HBE, Classes: I:1, T:2, W:4
[LF] Getting WEEKLY/LASTSOLD data for 1 flights
[LF] SM452 14MAY: LASTSOLD=2026-01-25 00:00:00, WEEKLY=1, TODAY=0, YDAY=0
2026-01-30 05:20:50 | INFO     | [SUCCESS] Day 14MAY
2026-01-30 05:20:50 | INFO     | [DAY_START] Processing 13MAY
[LF] Processing JED-HBE for 13MAY
2026-01-30 05:20:50 | INFO     | [lf.day.start] Processing JED-HBE for 13MAY
[LF] Sending SN command: SN13MAYJEDHBE/ASM
[LF] 13MAY: found 1 direct flights
2026-01-30 05:20:51 | INFO     | [lf.day.flights_found] Found 1 flights on 13MAY
2026-01-30 05:20:53 | INFO     | [lf.flight.extracted] SM452 on 13MAY: BKG=2, LF=1.1%
[LF] SM452 13MAY: BKG=2, GRP=0, CAP=175, LF%=1.1%, Brd-Off=JED-HBE, Classes: T:2
[LF] Getting WEEKLY/LASTSOLD data for 1 flights
[LF] SM452 13MAY: LASTSOLD=2026-01-25 00:00:00, WEEKLY=1, TODAY=0, YDAY=0
2026-01-30 05:20:56 | INFO     | [SUCCESS] Day 13MAY
2026-01-30 05:20:56 | INFO     | [DAY_START] Processing 12MAY
[LF] Processing JED-HBE for 12MAY
2026-01-30 05:20:56 | INFO     | [lf.day.start] Processing JED-HBE for 12MAY
[LF] Sending SN command: SN12MAYJEDHBE/ASM
[LF] No direct flights on 12MAY for JED-HBE
2026-01-30 05:20:57 | WARNING  | [lf.day.no_flights] No direct flights on 12MAY
2026-01-30 05:20:57 | INFO     | [SUCCESS] Day 12MAY
2026-01-30 05:20:57 | INFO     | [DAY_START] Processing 11MAY
[LF] Processing JED-HBE for 11MAY
2026-01-30 05:20:57 | INFO     | [lf.day.start] Processing JED-HBE for 11MAY
[LF] Sending SN command: SN11MAYJEDHBE/ASM
[LF] 11MAY: found 1 direct flights
2026-01-30 05:20:58 | INFO     | [lf.day.flights_found] Found 1 flights on 11MAY
2026-01-30 05:21:00 | INFO     | [lf.flight.extracted] SM452 on 11MAY: BKG=0, LF=0.0%
[LF] SM452 11MAY: BKG=0, GRP=0, CAP=175, LF%=0.0%, Brd-Off=JED-HBE
2026-01-30 05:21:01 | INFO     | [SUCCESS] Day 11MAY
2026-01-30 05:21:01 | INFO     | [DAY_START] Processing 10MAY
[LF] Processing JED-HBE for 10MAY
2026-01-30 05:21:01 | INFO     | [lf.day.start] Processing JED-HBE for 10MAY
[LF] Sending SN command: SN10MAYJEDHBE/ASM
[LF] 10MAY: found 1 direct flights
2026-01-30 05:21:02 | INFO     | [lf.day.flights_found] Found 1 flights on 10MAY
2026-01-30 05:21:04 | INFO     | [lf.flight.extracted] SM452 on 10MAY: BKG=6, LF=3.4%
[LF] SM452 10MAY: BKG=6, GRP=0, CAP=175, LF%=3.4%, Brd-Off=JED-HBE, Classes: I:6
[LF] Getting WEEKLY/LASTSOLD data for 1 flights
[LF] SM452 10MAY: LASTSOLD=2026-01-24 00:00:00, WEEKLY=1, TODAY=0, YDAY=0
2026-01-30 05:21:07 | INFO     | [SUCCESS] Day 10MAY
2026-01-30 05:21:07 | INFO     | [DAY_START] Processing 09MAY
[LF] Processing JED-HBE for 09MAY
2026-01-30 05:21:07 | INFO     | [lf.day.start] Processing JED-HBE for 09MAY
[LF] Sending SN command: SN09MAYJEDHBE/ASM
[LF] 09MAY: found 1 direct flights
2026-01-30 05:21:08 | INFO     | [lf.day.flights_found] Found 1 flights on 09MAY
2026-01-30 05:21:10 | INFO     | [lf.flight.extracted] SM452 on 09MAY: BKG=0, LF=0.0%
[LF] SM452 09MAY: BKG=0, GRP=0, CAP=175, LF%=0.0%, Brd-Off=JED-HBE
2026-01-30 05:21:11 | INFO     | [SUCCESS] Day 09MAY
2026-01-30 05:21:11 | INFO     | [DAY_START] Processing 08MAY
[LF] Processing JED-HBE for 08MAY
2026-01-30 05:21:11 | INFO     | [lf.day.start] Processing JED-HBE for 08MAY
[LF] Sending SN command: SN08MAYJEDHBE/ASM
[LF] No direct flights on 08MAY for JED-HBE
2026-01-30 05:21:12 | WARNING  | [lf.day.no_flights] No direct flights on 08MAY
2026-01-30 05:21:12 | INFO     | [SUCCESS] Day 08MAY
2026-01-30 05:21:12 | INFO     | [DAY_START] Processing 07MAY
[LF] Processing JED-HBE for 07MAY
2026-01-30 05:21:12 | INFO     | [lf.day.start] Processing JED-HBE for 07MAY
[LF] Sending SN command: SN07MAYJEDHBE/ASM
[LF] 07MAY: found 1 direct flights
2026-01-30 05:21:14 | INFO     | [lf.day.flights_found] Found 1 flights on 07MAY
2026-01-30 05:21:15 | INFO     | [lf.flight.extracted] SM452 on 07MAY: BKG=1, LF=0.6%
[LF] SM452 07MAY: BKG=1, GRP=0, CAP=167, LF%=0.6%, Brd-Off=JED-HBE, Classes: I:1
[LF] Getting WEEKLY/LASTSOLD data for 1 flights
[LF] SM452 07MAY: LASTSOLD=2026-01-08 00:00:00, WEEKLY=0, TODAY=0, YDAY=0
2026-01-30 05:21:18 | INFO     | [SUCCESS] Day 07MAY
[LF] Results summary:
  2026-05-14: 1 flights
  2026-05-13: 1 flights
  2026-05-12: 0 flights
  2026-05-11: 1 flights
  2026-05-10: 1 flights
  2026-05-09: 1 flights
  2026-05-08: 0 flights
  2026-05-07: 1 flights
2026-01-30 05:21:18 | INFO     | [SUCCESS] LF Search Complete

============================================================
[Worker_9233] ✓ COMPLETED: JED-HBE
  Results: 8 dates
  Errors: 0 dates
  Total Processed: 17 groups
============================================================

2026-01-30 05:21:18 | INFO     | [Worker_9233] Completed: JED-HBE - 8 results, 0 errors

============================================================
[Worker_9233] Processing: YNB-CAI
  Tier 0: Range 4, Chunk 3/4
  Dates: 8 days
  Date Range: 2026-05-14 to 2026-05-07
============================================================

2026-01-30 05:21:18 | INFO     | [Worker_9233] Processing: YNB-CAI
2026-01-30 05:21:18 | INFO     |   Tier 0: Range 4, Chunk 3/4 (8 days)
2026-01-30 05:21:18 | INFO     | ======================================================================
2026-01-30 05:21:18 | INFO     | Load Factor Scraper Started - Route: YNB-CAI
2026-01-30 05:21:18 | INFO     | Log file: D:\CODERED\LAB\Artifacts\outputs\run_generated_300126_at_05.16\logs\LF_YNB-CAI_20260130_052118.log
2026-01-30 05:21:18 | INFO     | Enhanced logging: Capturing both logging.info() and print()
2026-01-30 05:21:18 | INFO     | ======================================================================
[LF] Processing dates (override): ['14MAY', '13MAY', '12MAY', '11MAY', '10MAY', '09MAY', '08MAY', '07MAY']
[LF] Attaching to Chrome for Altea access
2026-01-30 05:21:18 | INFO     | Starting LF search for route: YNB-CAI
2026-01-30 05:21:18 | INFO     | [START] LF Search
[LF][[OK] SUCCESS] Connected to Chrome on 127.0.0.1:9233 (after 1 attempts)
2026-01-30 05:21:19 | INFO     | [HEALTH CHECK] [OK] Chrome connection is healthy
[LF][[OK] SUCCESS] Found Amadeus Altea window: Altéa Reservation Desktop
[LF][[INFO] INFO] URL: https://tc212.resdesktop.altea.amadeus.com/app_ard/apf/init/login?SITE=ESMPESMP&LANGUAGE=GB&MARKETS=ARDW_PROD_WBP&ACTION=clpLogin
2026-01-30 05:21:19 | INFO     | [DAY_START] Processing 14MAY
[LF] Processing YNB-CAI for 14MAY
2026-01-30 05:21:19 | INFO     | [lf.day.start] Processing YNB-CAI for 14MAY
[LF] Sending SN command: SN14MAYYNBCAI/ASM
[LF] 14MAY: found 1 direct flights
2026-01-30 05:21:20 | INFO     | [lf.day.flights_found] Found 1 flights on 14MAY
2026-01-30 05:21:22 | INFO     | [lf.flight.extracted] SM442 on 14MAY: BKG=0, LF=0.0%
[LF] SM442 14MAY: BKG=0, GRP=0, CAP=175, LF%=0.0%, Brd-Off=YNB-CAI
2026-01-30 05:21:23 | INFO     | [SUCCESS] Day 14MAY
2026-01-30 05:21:23 | INFO     | [DAY_START] Processing 13MAY
[LF] Processing YNB-CAI for 13MAY
2026-01-30 05:21:23 | INFO     | [lf.day.start] Processing YNB-CAI for 13MAY
[LF] Sending SN command: SN13MAYYNBCAI/ASM
[LF] No direct flights on 13MAY for YNB-CAI
2026-01-30 05:21:24 | WARNING  | [lf.day.no_flights] No direct flights on 13MAY
2026-01-30 05:21:24 | INFO     | [SUCCESS] Day 13MAY
2026-01-30 05:21:24 | INFO     | [DAY_START] Processing 12MAY
[LF] Processing YNB-CAI for 12MAY
2026-01-30 05:21:24 | INFO     | [lf.day.start] Processing YNB-CAI for 12MAY
[LF] Sending SN command: SN12MAYYNBCAI/ASM
[LF] 12MAY: found 1 direct flights
2026-01-30 05:21:26 | INFO     | [lf.day.flights_found] Found 1 flights on 12MAY
2026-01-30 05:21:28 | INFO     | [lf.flight.extracted] SM442 on 12MAY: BKG=2, LF=1.2%
[LF] SM442 12MAY: BKG=2, GRP=0, CAP=167, LF%=1.2%, Brd-Off=YNB-CAI, Classes: T:2
[LF] Getting WEEKLY/LASTSOLD data for 1 flights
[LF] SM442 12MAY: LASTSOLD=2026-01-27 00:00:00, WEEKLY=1, TODAY=0, YDAY=0
2026-01-30 05:21:30 | INFO     | [SUCCESS] Day 12MAY
2026-01-30 05:21:30 | INFO     | [DAY_START] Processing 11MAY
[LF] Processing YNB-CAI for 11MAY
2026-01-30 05:21:30 | INFO     | [lf.day.start] Processing YNB-CAI for 11MAY
[LF] Sending SN command: SN11MAYYNBCAI/ASM
[LF] 11MAY: found 1 direct flights
2026-01-30 05:21:31 | INFO     | [lf.day.flights_found] Found 1 flights on 11MAY
2026-01-30 05:21:33 | INFO     | [lf.flight.extracted] SM442 on 11MAY: BKG=1, LF=0.6%
[LF] SM442 11MAY: BKG=1, GRP=0, CAP=175, LF%=0.6%, Brd-Off=YNB-CAI, Classes: T:1
[LF] Getting WEEKLY/LASTSOLD data for 1 flights
[LF] SM442 11MAY: LASTSOLD=2026-01-09 00:00:00, WEEKLY=0, TODAY=0, YDAY=0
2026-01-30 05:21:36 | INFO     | [SUCCESS] Day 11MAY
2026-01-30 05:21:36 | INFO     | [DAY_START] Processing 10MAY
[LF] Processing YNB-CAI for 10MAY
2026-01-30 05:21:36 | INFO     | [lf.day.start] Processing YNB-CAI for 10MAY
[LF] Sending SN command: SN10MAYYNBCAI/ASM
[LF] 10MAY: found 1 direct flights
2026-01-30 05:21:37 | INFO     | [lf.day.flights_found] Found 1 flights on 10MAY
2026-01-30 05:21:39 | INFO     | [lf.flight.extracted] SM442 on 10MAY: BKG=0, LF=0.0%
[LF] SM442 10MAY: BKG=0, GRP=0, CAP=175, LF%=0.0%, Brd-Off=YNB-CAI
2026-01-30 05:21:40 | INFO     | [SUCCESS] Day 10MAY
2026-01-30 05:21:40 | INFO     | [DAY_START] Processing 09MAY
[LF] Processing YNB-CAI for 09MAY
2026-01-30 05:21:40 | INFO     | [lf.day.start] Processing YNB-CAI for 09MAY
[LF] Sending SN command: SN09MAYYNBCAI/ASM
[LF] 09MAY: found 2 direct flights
2026-01-30 05:21:41 | INFO     | [lf.day.flights_found] Found 2 flights on 09MAY
2026-01-30 05:21:43 | INFO     | [lf.flight.extracted] SM442 on 09MAY: BKG=0, LF=0.0%
[LF] SM442 09MAY: BKG=0, GRP=0, CAP=167, LF%=0.0%, Brd-Off=YNB-CAI
2026-01-30 05:21:46 | INFO     | [lf.flight.extracted] SM448 on 09MAY: BKG=0, LF=0.0%
[LF] SM448 09MAY: BKG=0, GRP=0, CAP=167, LF%=0.0%, Brd-Off=YNB-CAI
2026-01-30 05:21:47 | INFO     | [SUCCESS] Day 09MAY
2026-01-30 05:21:47 | INFO     | [DAY_START] Processing 08MAY
[LF] Processing YNB-CAI for 08MAY
2026-01-30 05:21:47 | INFO     | [lf.day.start] Processing YNB-CAI for 08MAY
[LF] Sending SN command: SN08MAYYNBCAI/ASM
[LF] 08MAY: found 1 direct flights
2026-01-30 05:21:48 | INFO     | [lf.day.flights_found] Found 1 flights on 08MAY
2026-01-30 05:21:50 | INFO     | [lf.flight.extracted] SM442 on 08MAY: BKG=0, LF=0.0%
[LF] SM442 08MAY: BKG=0, GRP=0, CAP=175, LF%=0.0%, Brd-Off=YNB-CAI
2026-01-30 05:21:51 | INFO     | [SUCCESS] Day 08MAY
2026-01-30 05:21:51 | INFO     | [DAY_START] Processing 07MAY
[LF] Processing YNB-CAI for 07MAY
2026-01-30 05:21:51 | INFO     | [lf.day.start] Processing YNB-CAI for 07MAY
[LF] Sending SN command: SN07MAYYNBCAI/ASM
[LF] 07MAY: found 1 direct flights
2026-01-30 05:21:53 | INFO     | [lf.day.flights_found] Found 1 flights on 07MAY
2026-01-30 05:21:54 | INFO     | [lf.flight.extracted] SM442 on 07MAY: BKG=0, LF=0.0%
[LF] SM442 07MAY: BKG=0, GRP=0, CAP=175, LF%=0.0%, Brd-Off=YNB-CAI
2026-01-30 05:21:55 | INFO     | [SUCCESS] Day 07MAY
[LF] Results summary:
  2026-05-14: 1 flights
  2026-05-13: 0 flights
  2026-05-12: 1 flights
  2026-05-11: 1 flights
  2026-05-10: 1 flights
  2026-05-09: 2 flights
  2026-05-08: 1 flights
  2026-05-07: 1 flights
2026-01-30 05:21:55 | INFO     | [SUCCESS] LF Search Complete

============================================================
[Worker_9233] ✓ COMPLETED: YNB-CAI
  Results: 8 dates
  Errors: 0 dates
  Total Processed: 18 groups
============================================================

2026-01-30 05:21:56 | INFO     | [Worker_9233] Completed: YNB-CAI - 8 results, 0 errors

============================================================
[Worker_9233] Processing: ASW-JED
  Tier 0: Range 4, Chunk 3/4
  Dates: 8 days
  Date Range: 2026-05-14 to 2026-05-07
============================================================

2026-01-30 05:21:56 | INFO     | [Worker_9233] Processing: ASW-JED
2026-01-30 05:21:56 | INFO     |   Tier 0: Range 4, Chunk 3/4 (8 days)
2026-01-30 05:21:56 | INFO     | ======================================================================
2026-01-30 05:21:56 | INFO     | Load Factor Scraper Started - Route: ASW-JED
2026-01-30 05:21:56 | INFO     | Log file: D:\CODERED\LAB\Artifacts\outputs\run_generated_300126_at_05.16\logs\LF_ASW-JED_20260130_052156.log
2026-01-30 05:21:56 | INFO     | Enhanced logging: Capturing both logging.info() and print()
2026-01-30 05:21:56 | INFO     | ======================================================================
[LF] Processing dates (override): ['14MAY', '13MAY', '12MAY', '11MAY', '10MAY', '09MAY', '08MAY', '07MAY']
[LF] Attaching to Chrome for Altea access
2026-01-30 05:21:56 | INFO     | Starting LF search for route: ASW-JED
2026-01-30 05:21:56 | INFO     | [START] LF Search
[LF][[OK] SUCCESS] Connected to Chrome on 127.0.0.1:9233 (after 1 attempts)
2026-01-30 05:21:56 | INFO     | [HEALTH CHECK] [OK] Chrome connection is healthy
[LF][[OK] SUCCESS] Found Amadeus Altea window: Altéa Reservation Desktop
[LF][[INFO] INFO] URL: https://tc212.resdesktop.altea.amadeus.com/app_ard/apf/init/login?SITE=ESMPESMP&LANGUAGE=GB&MARKETS=ARDW_PROD_WBP&ACTION=clpLogin
2026-01-30 05:21:56 | INFO     | [DAY_START] Processing 14MAY
[LF] Processing ASW-JED for 14MAY
2026-01-30 05:21:56 | INFO     | [lf.day.start] Processing ASW-JED for 14MAY
[LF] Sending SN command: SN14MAYASWJED/ASM
[LF] No direct flights on 14MAY for ASW-JED
2026-01-30 05:21:57 | WARNING  | [lf.day.no_flights] No direct flights on 14MAY
2026-01-30 05:21:57 | INFO     | [SUCCESS] Day 14MAY
2026-01-30 05:21:57 | INFO     | [DAY_START] Processing 13MAY
[LF] Processing ASW-JED for 13MAY
2026-01-30 05:21:57 | INFO     | [lf.day.start] Processing ASW-JED for 13MAY
[LF] Sending SN command: SN13MAYASWJED/ASM
[LF] No direct flights on 13MAY for ASW-JED
2026-01-30 05:21:58 | WARNING  | [lf.day.no_flights] No direct flights on 13MAY
2026-01-30 05:21:58 | INFO     | [SUCCESS] Day 13MAY
2026-01-30 05:21:58 | INFO     | [DAY_START] Processing 12MAY
[LF] Processing ASW-JED for 12MAY
2026-01-30 05:21:58 | INFO     | [lf.day.start] Processing ASW-JED for 12MAY
[LF] Sending SN command: SN12MAYASWJED/ASM
[LF] No direct flights on 12MAY for ASW-JED
2026-01-30 05:21:59 | WARNING  | [lf.day.no_flights] No direct flights on 12MAY
2026-01-30 05:21:59 | INFO     | [SUCCESS] Day 12MAY
2026-01-30 05:21:59 | INFO     | [DAY_START] Processing 11MAY
[LF] Processing ASW-JED for 11MAY
2026-01-30 05:21:59 | INFO     | [lf.day.start] Processing ASW-JED for 11MAY
[LF] Sending SN command: SN11MAYASWJED/ASM
[LF] No direct flights on 11MAY for ASW-JED
2026-01-30 05:22:01 | WARNING  | [lf.day.no_flights] No direct flights on 11MAY
2026-01-30 05:22:01 | INFO     | [SUCCESS] Day 11MAY
2026-01-30 05:22:01 | INFO     | [DAY_START] Processing 10MAY
[LF] Processing ASW-JED for 10MAY
2026-01-30 05:22:01 | INFO     | [lf.day.start] Processing ASW-JED for 10MAY
[LF] Sending SN command: SN10MAYASWJED/ASM
[LF] No direct flights on 10MAY for ASW-JED
2026-01-30 05:22:02 | WARNING  | [lf.day.no_flights] No direct flights on 10MAY
2026-01-30 05:22:02 | INFO     | [SUCCESS] Day 10MAY
2026-01-30 05:22:02 | INFO     | [DAY_START] Processing 09MAY
[LF] Processing ASW-JED for 09MAY
2026-01-30 05:22:02 | INFO     | [lf.day.start] Processing ASW-JED for 09MAY
[LF] Sending SN command: SN09MAYASWJED/ASM
[LF] No direct flights on 09MAY for ASW-JED
2026-01-30 05:22:03 | WARNING  | [lf.day.no_flights] No direct flights on 09MAY
2026-01-30 05:22:03 | INFO     | [SUCCESS] Day 09MAY
2026-01-30 05:22:03 | INFO     | [DAY_START] Processing 08MAY
[LF] Processing ASW-JED for 08MAY
2026-01-30 05:22:03 | INFO     | [lf.day.start] Processing ASW-JED for 08MAY
[LF] Sending SN command: SN08MAYASWJED/ASM
[LF] No direct flights on 08MAY for ASW-JED
2026-01-30 05:22:04 | WARNING  | [lf.day.no_flights] No direct flights on 08MAY
2026-01-30 05:22:04 | INFO     | [SUCCESS] Day 08MAY
2026-01-30 05:22:04 | INFO     | [DAY_START] Processing 07MAY
[LF] Processing ASW-JED for 07MAY
2026-01-30 05:22:04 | INFO     | [lf.day.start] Processing ASW-JED for 07MAY
[LF] Sending SN command: SN07MAYASWJED/ASM
[LF] No direct flights on 07MAY for ASW-JED
2026-01-30 05:22:05 | WARNING  | [lf.day.no_flights] No direct flights on 07MAY
2026-01-30 05:22:05 | INFO     | [SUCCESS] Day 07MAY
[LF] Results summary:
  2026-05-14: 0 flights
  2026-05-13: 0 flights
  2026-05-12: 0 flights
  2026-05-11: 0 flights
  2026-05-10: 0 flights
  2026-05-09: 0 flights
  2026-05-08: 0 flights
  2026-05-07: 0 flights
2026-01-30 05:22:05 | INFO     | [SUCCESS] LF Search Complete

============================================================
[Worker_9233] ✓ COMPLETED: ASW-JED
  Results: 8 dates
  Errors: 0 dates
  Total Processed: 19 groups
============================================================

2026-01-30 05:22:27 | INFO     | [Worker_9233] Completed: ASW-JED - 8 results, 0 errors

============================================================
[Worker_9233] Processing: CAI-AHB
  Tier 0: Range 4, Chunk 3/4
  Dates: 8 days
  Date Range: 2026-05-14 to 2026-05-07
============================================================

2026-01-30 05:22:27 | INFO     | [Worker_9233] Processing: CAI-AHB
2026-01-30 05:22:27 | INFO     |   Tier 0: Range 4, Chunk 3/4 (8 days)
2026-01-30 05:22:27 | INFO     | ======================================================================
2026-01-30 05:22:27 | INFO     | Load Factor Scraper Started - Route: CAI-AHB
2026-01-30 05:22:27 | INFO     | Log file: D:\CODERED\LAB\Artifacts\outputs\run_generated_300126_at_05.16\logs\LF_CAI-AHB_20260130_052227.log
2026-01-30 05:22:27 | INFO     | Enhanced logging: Capturing both logging.info() and print()
2026-01-30 05:22:27 | INFO     | ======================================================================
[LF] Processing dates (override): ['14MAY', '13MAY', '12MAY', '11MAY', '10MAY', '09MAY', '08MAY', '07MAY']
[LF] Attaching to Chrome for Altea access
2026-01-30 05:22:27 | INFO     | Starting LF search for route: CAI-AHB
2026-01-30 05:22:27 | INFO     | [START] LF Search
[LF][[OK] SUCCESS] Connected to Chrome on 127.0.0.1:9233 (after 1 attempts)
2026-01-30 05:22:28 | INFO     | [HEALTH CHECK] [OK] Chrome connection is healthy
[LF][[OK] SUCCESS] Found Amadeus Altea window: Altéa Reservation Desktop
[LF][[INFO] INFO] URL: https://tc212.resdesktop.altea.amadeus.com/app_ard/apf/init/login?SITE=ESMPESMP&LANGUAGE=GB&MARKETS=ARDW_PROD_WBP&ACTION=clpLogin
2026-01-30 05:22:28 | INFO     | [DAY_START] Processing 14MAY
[LF] Processing CAI-AHB for 14MAY
2026-01-30 05:22:28 | INFO     | [lf.day.start] Processing CAI-AHB for 14MAY
[LF] Sending SN command: SN14MAYCAIAHB/ASM
[LF] 14MAY: found 1 direct flights
2026-01-30 05:22:29 | INFO     | [lf.day.flights_found] Found 1 flights on 14MAY
2026-01-30 05:22:31 | INFO     | [lf.flight.extracted] SM443 on 14MAY: BKG=1, LF=0.6%
[LF] SM443 14MAY: BKG=1, GRP=0, CAP=179, LF%=0.6%, Brd-Off=CAI-AHB, Classes: G:1
[LF] Getting WEEKLY/LASTSOLD data for 1 flights
[LF] SM443 14MAY: LASTSOLD=2026-01-25 00:00:00, WEEKLY=1, TODAY=0, YDAY=0
2026-01-30 05:22:34 | INFO     | [SUCCESS] Day 14MAY
2026-01-30 05:22:34 | INFO     | [DAY_START] Processing 13MAY
[LF] Processing CAI-AHB for 13MAY
2026-01-30 05:22:34 | INFO     | [lf.day.start] Processing CAI-AHB for 13MAY
[LF] Sending SN command: SN13MAYCAIAHB/ASM
[LF] 13MAY: found 1 direct flights
2026-01-30 05:22:35 | INFO     | [lf.day.flights_found] Found 1 flights on 13MAY
2026-01-30 05:22:37 | INFO     | [lf.flight.extracted] SM443 on 13MAY: BKG=0, LF=0.0%
[LF] SM443 13MAY: BKG=0, GRP=0, CAP=179, LF%=0.0%, Brd-Off=CAI-AHB
2026-01-30 05:22:38 | INFO     | [SUCCESS] Day 13MAY
2026-01-30 05:22:38 | INFO     | [DAY_START] Processing 12MAY
[LF] Processing CAI-AHB for 12MAY
2026-01-30 05:22:38 | INFO     | [lf.day.start] Processing CAI-AHB for 12MAY
[LF] Sending SN command: SN12MAYCAIAHB/ASM
[LF] No direct flights on 12MAY for CAI-AHB
2026-01-30 05:22:39 | WARNING  | [lf.day.no_flights] No direct flights on 12MAY
2026-01-30 05:22:39 | INFO     | [SUCCESS] Day 12MAY
2026-01-30 05:22:39 | INFO     | [DAY_START] Processing 11MAY
[LF] Processing CAI-AHB for 11MAY
2026-01-30 05:22:39 | INFO     | [lf.day.start] Processing CAI-AHB for 11MAY
[LF] Sending SN command: SN11MAYCAIAHB/ASM
[LF] 11MAY: found 1 direct flights
2026-01-30 05:22:40 | INFO     | [lf.day.flights_found] Found 1 flights on 11MAY
2026-01-30 05:22:42 | INFO     | [lf.flight.extracted] SM443 on 11MAY: BKG=1, LF=0.6%
[LF] SM443 11MAY: BKG=1, GRP=0, CAP=179, LF%=0.6%, Brd-Off=CAI-AHB, Classes: G:1
[LF] Getting WEEKLY/LASTSOLD data for 1 flights
[LF] SM443 11MAY: LASTSOLD=2026-01-29 00:00:00, WEEKLY=1, TODAY=0, YDAY=1
2026-01-30 05:22:45 | INFO     | [SUCCESS] Day 11MAY
2026-01-30 05:22:45 | INFO     | [DAY_START] Processing 10MAY
[LF] Processing CAI-AHB for 10MAY
2026-01-30 05:22:45 | INFO     | [lf.day.start] Processing CAI-AHB for 10MAY
[LF] Sending SN command: SN10MAYCAIAHB/ASM
[LF] No direct flights on 10MAY for CAI-AHB
2026-01-30 05:22:46 | WARNING  | [lf.day.no_flights] No direct flights on 10MAY
2026-01-30 05:22:46 | INFO     | [SUCCESS] Day 10MAY
2026-01-30 05:22:46 | INFO     | [DAY_START] Processing 09MAY
[LF] Processing CAI-AHB for 09MAY
2026-01-30 05:22:46 | INFO     | [lf.day.start] Processing CAI-AHB for 09MAY
[LF] Sending SN command: SN09MAYCAIAHB/ASM
[LF] 09MAY: found 1 direct flights
2026-01-30 05:22:47 | INFO     | [lf.day.flights_found] Found 1 flights on 09MAY
2026-01-30 05:22:49 | INFO     | [lf.flight.extracted] SM443 on 09MAY: BKG=7, LF=3.9%
[LF] SM443 09MAY: BKG=7, GRP=0, CAP=179, LF%=3.9%, Brd-Off=CAI-AHB, Classes: I:5, O:2
[LF] Getting WEEKLY/LASTSOLD data for 1 flights
[LF] SM443 09MAY: LASTSOLD=2026-01-18 00:00:00, WEEKLY=0, TODAY=0, YDAY=0
2026-01-30 05:22:51 | INFO     | [SUCCESS] Day 09MAY
2026-01-30 05:22:51 | INFO     | [DAY_START] Processing 08MAY
[LF] Processing CAI-AHB for 08MAY
2026-01-30 05:22:51 | INFO     | [lf.day.start] Processing CAI-AHB for 08MAY
[LF] Sending SN command: SN08MAYCAIAHB/ASM
[LF] No direct flights on 08MAY for CAI-AHB
2026-01-30 05:22:53 | WARNING  | [lf.day.no_flights] No direct flights on 08MAY
2026-01-30 05:22:53 | INFO     | [SUCCESS] Day 08MAY
2026-01-30 05:22:53 | INFO     | [DAY_START] Processing 07MAY
[LF] Processing CAI-AHB for 07MAY
2026-01-30 05:22:53 | INFO     | [lf.day.start] Processing CAI-AHB for 07MAY
[LF] Sending SN command: SN07MAYCAIAHB/ASM
[LF] 07MAY: found 1 direct flights
2026-01-30 05:22:54 | INFO     | [lf.day.flights_found] Found 1 flights on 07MAY
2026-01-30 05:22:56 | INFO     | [lf.flight.extracted] SM443 on 07MAY: BKG=0, LF=0.0%
[LF] SM443 07MAY: BKG=0, GRP=0, CAP=179, LF%=0.0%, Brd-Off=CAI-AHB
2026-01-30 05:22:57 | INFO     | [SUCCESS] Day 07MAY
[LF] Results summary:
  2026-05-14: 1 flights
  2026-05-13: 1 flights
  2026-05-12: 0 flights
  2026-05-11: 1 flights
  2026-05-10: 0 flights
  2026-05-09: 1 flights
  2026-05-08: 0 flights
  2026-05-07: 1 flights
2026-01-30 05:22:57 | INFO     | [SUCCESS] LF Search Complete

============================================================
[Worker_9233] ✓ COMPLETED: CAI-AHB
  Results: 8 dates
  Errors: 0 dates
  Total Processed: 20 groups
============================================================

2026-01-30 05:22:57 | INFO     | [Worker_9233] Completed: CAI-AHB - 8 results, 0 errors

============================================================
[Worker_9233] Processing: JED-ATZ
  Tier 0: Range 4, Chunk 4/4
  Dates: 7 days
  Date Range: 2026-05-06 to 2026-04-30
============================================================

2026-01-30 05:22:57 | INFO     | [Worker_9233] Processing: JED-ATZ
2026-01-30 05:22:57 | INFO     |   Tier 0: Range 4, Chunk 4/4 (7 days)
2026-01-30 05:22:57 | INFO     | ======================================================================
2026-01-30 05:22:57 | INFO     | Load Factor Scraper Started - Route: JED-ATZ
2026-01-30 05:22:57 | INFO     | Log file: D:\CODERED\LAB\Artifacts\outputs\run_generated_300126_at_05.16\logs\LF_JED-ATZ_20260130_052257.log
2026-01-30 05:22:57 | INFO     | Enhanced logging: Capturing both logging.info() and print()
2026-01-30 05:22:57 | INFO     | ======================================================================
[LF] Processing dates (override): ['06MAY', '05MAY', '04MAY', '03MAY', '02MAY', '01MAY', '30APR']
[LF] Attaching to Chrome for Altea access
2026-01-30 05:22:57 | INFO     | Starting LF search for route: JED-ATZ
2026-01-30 05:22:57 | INFO     | [START] LF Search
[LF][[OK] SUCCESS] Connected to Chrome on 127.0.0.1:9233 (after 1 attempts)
2026-01-30 05:22:58 | INFO     | [HEALTH CHECK] [OK] Chrome connection is healthy
[LF][[OK] SUCCESS] Found Amadeus Altea window: Altéa Reservation Desktop
[LF][[INFO] INFO] URL: https://tc212.resdesktop.altea.amadeus.com/app_ard/apf/init/login?SITE=ESMPESMP&LANGUAGE=GB&MARKETS=ARDW_PROD_WBP&ACTION=clpLogin
2026-01-30 05:22:58 | INFO     | [DAY_START] Processing 06MAY
[LF] Processing JED-ATZ for 06MAY
2026-01-30 05:22:58 | INFO     | [lf.day.start] Processing JED-ATZ for 06MAY
[LF] Sending SN command: SN06MAYJEDATZ/ASM
[LF] 06MAY: found 1 direct flights
2026-01-30 05:22:59 | INFO     | [lf.day.flights_found] Found 1 flights on 06MAY
2026-01-30 05:23:01 | INFO     | [lf.flight.extracted] SM456 on 06MAY: BKG=0, LF=0.0%
[LF] SM456 06MAY: BKG=0, GRP=0, CAP=175, LF%=0.0%, Brd-Off=JED-ATZ
2026-01-30 05:23:03 | INFO     | [SUCCESS] Day 06MAY
2026-01-30 05:23:03 | INFO     | [DAY_START] Processing 05MAY
[LF] Processing JED-ATZ for 05MAY
2026-01-30 05:23:03 | INFO     | [lf.day.start] Processing JED-ATZ for 05MAY
[LF] Sending SN command: SN05MAYJEDATZ/ASM
[LF] 05MAY: found 1 direct flights
2026-01-30 05:23:04 | INFO     | [lf.day.flights_found] Found 1 flights on 05MAY
2026-01-30 05:23:06 | INFO     | [lf.flight.extracted] SM456 on 05MAY: BKG=1, LF=0.6%
[LF] SM456 05MAY: BKG=1, GRP=0, CAP=175, LF%=0.6%, Brd-Off=JED-ATZ, Classes: I:1
[LF] Getting WEEKLY/LASTSOLD data for 1 flights
[LF] SM456 05MAY: LASTSOLD=2025-12-06 00:00:00, WEEKLY=0, TODAY=0, YDAY=0
2026-01-30 05:23:09 | INFO     | [SUCCESS] Day 05MAY
2026-01-30 05:23:09 | INFO     | [DAY_START] Processing 04MAY
[LF] Processing JED-ATZ for 04MAY
2026-01-30 05:23:09 | INFO     | [lf.day.start] Processing JED-ATZ for 04MAY
[LF] Sending SN command: SN04MAYJEDATZ/ASM
[LF] 04MAY: found 1 direct flights
2026-01-30 05:23:10 | INFO     | [lf.day.flights_found] Found 1 flights on 04MAY
2026-01-30 05:23:12 | INFO     | [lf.flight.extracted] SM456 on 04MAY: BKG=0, LF=0.0%
[LF] SM456 04MAY: BKG=0, GRP=0, CAP=167, LF%=0.0%, Brd-Off=JED-ATZ
2026-01-30 05:23:13 | INFO     | [SUCCESS] Day 04MAY
2026-01-30 05:23:13 | INFO     | [DAY_START] Processing 03MAY
[LF] Processing JED-ATZ for 03MAY
2026-01-30 05:23:13 | INFO     | [lf.day.start] Processing JED-ATZ for 03MAY
[LF] Sending SN command: SN03MAYJEDATZ/ASM
[LF] 03MAY: found 1 direct flights
2026-01-30 05:23:14 | INFO     | [lf.day.flights_found] Found 1 flights on 03MAY
2026-01-30 05:23:16 | INFO     | [lf.flight.extracted] SM456 on 03MAY: BKG=1, LF=0.6%
[LF] SM456 03MAY: BKG=1, GRP=0, CAP=175, LF%=0.6%, Brd-Off=JED-ATZ, Classes: I:1
[LF] Getting WEEKLY/LASTSOLD data for 1 flights
[LF] SM456 03MAY: LASTSOLD=2026-01-19 00:00:00, WEEKLY=0, TODAY=0, YDAY=0
2026-01-30 05:23:18 | INFO     | [SUCCESS] Day 03MAY
2026-01-30 05:23:18 | INFO     | [DAY_START] Processing 02MAY
[LF] Processing JED-ATZ for 02MAY
2026-01-30 05:23:18 | INFO     | [lf.day.start] Processing JED-ATZ for 02MAY
[LF] Sending SN command: SN02MAYJEDATZ/ASM
[LF] 02MAY: found 1 direct flights
2026-01-30 05:23:20 | INFO     | [lf.day.flights_found] Found 1 flights on 02MAY
2026-01-30 05:23:22 | INFO     | [lf.flight.extracted] SM456 on 02MAY: BKG=5, LF=2.9%
[LF] SM456 02MAY: BKG=5, GRP=0, CAP=175, LF%=2.9%, Brd-Off=JED-ATZ, Classes: I:5
[LF] Getting WEEKLY/LASTSOLD data for 1 flights
[LF] SM456 02MAY: LASTSOLD=2026-01-27 00:00:00, WEEKLY=2, TODAY=0, YDAY=0
2026-01-30 05:23:24 | INFO     | [SUCCESS] Day 02MAY
2026-01-30 05:23:24 | INFO     | [DAY_START] Processing 01MAY
[LF] Processing JED-ATZ for 01MAY
2026-01-30 05:23:24 | INFO     | [lf.day.start] Processing JED-ATZ for 01MAY
[LF] Sending SN command: SN01MAYJEDATZ/ASM
[LF] 01MAY: found 1 direct flights
2026-01-30 05:23:25 | INFO     | [lf.day.flights_found] Found 1 flights on 01MAY
2026-01-30 05:23:29 | INFO     | [lf.flight.extracted] SM456 on 01MAY: BKG=5, LF=2.9%
[LF] SM456 01MAY: BKG=5, GRP=0, CAP=175, LF%=2.9%, Brd-Off=JED-ATZ, Classes: I:3, W:2
[LF] Getting WEEKLY/LASTSOLD data for 1 flights
[LF] SM456 01MAY: LASTSOLD=2026-01-29 00:00:00, WEEKLY=1, TODAY=0, YDAY=1
2026-01-30 05:23:35 | INFO     | [SUCCESS] Day 01MAY
2026-01-30 05:23:35 | INFO     | [DAY_START] Processing 30APR
[LF] Processing JED-ATZ for 30APR
2026-01-30 05:23:35 | INFO     | [lf.day.start] Processing JED-ATZ for 30APR
[LF] Sending SN command: SN30APRJEDATZ/ASM
[LF] 30APR: found 1 direct flights
2026-01-30 05:23:38 | INFO     | [lf.day.flights_found] Found 1 flights on 30APR
2026-01-30 05:23:43 | INFO     | [lf.flight.extracted] SM456 on 30APR: BKG=1, LF=0.6%
[LF] SM456 30APR: BKG=1, GRP=0, CAP=167, LF%=0.6%, Brd-Off=JED-ATZ, Classes: I:1
[LF] Getting WEEKLY/LASTSOLD data for 1 flights
[LF] SM456 30APR: LASTSOLD=2026-01-15 00:00:00, WEEKLY=0, TODAY=0, YDAY=0
2026-01-30 05:23:47 | INFO     | [SUCCESS] Day 30APR
[LF] Results summary:
  2026-05-06: 1 flights
  2026-05-05: 1 flights
  2026-05-04: 1 flights
  2026-05-03: 1 flights
  2026-05-02: 1 flights
  2026-05-01: 1 flights
  2026-04-30: 1 flights
2026-01-30 05:23:47 | INFO     | [SUCCESS] LF Search Complete

============================================================
[Worker_9233] ✓ COMPLETED: JED-ATZ
  Results: 7 dates
  Errors: 0 dates
  Total Processed: 21 groups
============================================================

2026-01-30 05:23:47 | INFO     | [Worker_9233] Completed: JED-ATZ - 7 results, 0 errors

============================================================
[Worker_9233] Processing: AHB-ATZ
  Tier 0: Range 4, Chunk 4/4
  Dates: 7 days
  Date Range: 2026-05-06 to 2026-04-30
============================================================

2026-01-30 05:23:47 | INFO     | [Worker_9233] Processing: AHB-ATZ
2026-01-30 05:23:47 | INFO     |   Tier 0: Range 4, Chunk 4/4 (7 days)
2026-01-30 05:23:47 | INFO     | ======================================================================
2026-01-30 05:23:47 | INFO     | Load Factor Scraper Started - Route: AHB-ATZ
2026-01-30 05:23:47 | INFO     | Log file: D:\CODERED\LAB\Artifacts\outputs\run_generated_300126_at_05.16\logs\LF_AHB-ATZ_20260130_052347.log
2026-01-30 05:23:47 | INFO     | Enhanced logging: Capturing both logging.info() and print()
2026-01-30 05:23:47 | INFO     | ======================================================================
[LF] Processing dates (override): ['06MAY', '05MAY', '04MAY', '03MAY', '02MAY', '01MAY', '30APR']
[LF] Attaching to Chrome for Altea access
2026-01-30 05:23:47 | INFO     | Starting LF search for route: AHB-ATZ
2026-01-30 05:23:47 | INFO     | [START] LF Search
[LF][[OK] SUCCESS] Connected to Chrome on 127.0.0.1:9233 (after 1 attempts)
2026-01-30 05:23:48 | INFO     | [HEALTH CHECK] [OK] Chrome connection is healthy
[LF][[OK] SUCCESS] Found Amadeus Altea window: Altéa Reservation Desktop
[LF][[INFO] INFO] URL: https://tc212.resdesktop.altea.amadeus.com/app_ard/apf/init/login?SITE=ESMPESMP&LANGUAGE=GB&MARKETS=ARDW_PROD_WBP&ACTION=clpLogin
2026-01-30 05:23:48 | INFO     | [DAY_START] Processing 06MAY
[LF] Processing AHB-ATZ for 06MAY
2026-01-30 05:23:48 | INFO     | [lf.day.start] Processing AHB-ATZ for 06MAY
[LF] Sending SN command: SN06MAYAHBATZ/ASM
[LF] No direct flights on 06MAY for AHB-ATZ
2026-01-30 05:23:49 | WARNING  | [lf.day.no_flights] No direct flights on 06MAY
2026-01-30 05:23:49 | INFO     | [SUCCESS] Day 06MAY
2026-01-30 05:23:49 | INFO     | [DAY_START] Processing 05MAY
[LF] Processing AHB-ATZ for 05MAY
2026-01-30 05:23:49 | INFO     | [lf.day.start] Processing AHB-ATZ for 05MAY
[LF] Sending SN command: SN05MAYAHBATZ/ASM
[LF] No direct flights on 05MAY for AHB-ATZ
2026-01-30 05:23:50 | WARNING  | [lf.day.no_flights] No direct flights on 05MAY
2026-01-30 05:23:50 | INFO     | [SUCCESS] Day 05MAY
2026-01-30 05:23:50 | INFO     | [DAY_START] Processing 04MAY
[LF] Processing AHB-ATZ for 04MAY
2026-01-30 05:23:50 | INFO     | [lf.day.start] Processing AHB-ATZ for 04MAY
[LF] Sending SN command: SN04MAYAHBATZ/ASM
[LF] No direct flights on 04MAY for AHB-ATZ
2026-01-30 05:23:52 | WARNING  | [lf.day.no_flights] No direct flights on 04MAY
2026-01-30 05:23:52 | INFO     | [SUCCESS] Day 04MAY
2026-01-30 05:23:52 | INFO     | [DAY_START] Processing 03MAY
[LF] Processing AHB-ATZ for 03MAY
2026-01-30 05:23:52 | INFO     | [lf.day.start] Processing AHB-ATZ for 03MAY
[LF] Sending SN command: SN03MAYAHBATZ/ASM
[LF] No direct flights on 03MAY for AHB-ATZ
2026-01-30 05:23:53 | WARNING  | [lf.day.no_flights] No direct flights on 03MAY
2026-01-30 05:23:53 | INFO     | [SUCCESS] Day 03MAY
2026-01-30 05:23:53 | INFO     | [DAY_START] Processing 02MAY
[LF] Processing AHB-ATZ for 02MAY
2026-01-30 05:23:53 | INFO     | [lf.day.start] Processing AHB-ATZ for 02MAY
[LF] Sending SN command: SN02MAYAHBATZ/ASM
[LF] No direct flights on 02MAY for AHB-ATZ
2026-01-30 05:23:54 | WARNING  | [lf.day.no_flights] No direct flights on 02MAY
2026-01-30 05:23:54 | INFO     | [SUCCESS] Day 02MAY
2026-01-30 05:23:54 | INFO     | [DAY_START] Processing 01MAY
[LF] Processing AHB-ATZ for 01MAY
2026-01-30 05:23:54 | INFO     | [lf.day.start] Processing AHB-ATZ for 01MAY
[LF] Sending SN command: SN01MAYAHBATZ/ASM
[LF] No direct flights on 01MAY for AHB-ATZ
2026-01-30 05:23:55 | WARNING  | [lf.day.no_flights] No direct flights on 01MAY
2026-01-30 05:23:55 | INFO     | [SUCCESS] Day 01MAY
2026-01-30 05:23:55 | INFO     | [DAY_START] Processing 30APR
[LF] Processing AHB-ATZ for 30APR
2026-01-30 05:23:55 | INFO     | [lf.day.start] Processing AHB-ATZ for 30APR
[LF] Sending SN command: SN30APRAHBATZ/ASM
[LF] No direct flights on 30APR for AHB-ATZ
2026-01-30 05:23:56 | WARNING  | [lf.day.no_flights] No direct flights on 30APR
2026-01-30 05:23:56 | INFO     | [SUCCESS] Day 30APR
[LF] Results summary:
  2026-05-06: 0 flights
  2026-05-05: 0 flights
  2026-05-04: 0 flights
  2026-05-03: 0 flights
  2026-05-02: 0 flights
  2026-05-01: 0 flights
  2026-04-30: 0 flights
2026-01-30 05:23:56 | INFO     | [SUCCESS] LF Search Complete

============================================================
[Worker_9233] ✓ COMPLETED: AHB-ATZ
  Results: 7 dates
  Errors: 0 dates
  Total Processed: 22 groups
============================================================

2026-01-30 05:23:56 | INFO     | [Worker_9233] Completed: AHB-ATZ - 7 results, 0 errors

============================================================
[Worker_9233] Processing: ELQ-ATZ
  Tier 0: Range 4, Chunk 4/4
  Dates: 7 days
  Date Range: 2026-05-06 to 2026-04-30
============================================================

2026-01-30 05:23:56 | INFO     | [Worker_9233] Processing: ELQ-ATZ
2026-01-30 05:23:56 | INFO     |   Tier 0: Range 4, Chunk 4/4 (7 days)
2026-01-30 05:23:56 | INFO     | ======================================================================
2026-01-30 05:23:56 | INFO     | Load Factor Scraper Started - Route: ELQ-ATZ
2026-01-30 05:23:56 | INFO     | Log file: D:\CODERED\LAB\Artifacts\outputs\run_generated_300126_at_05.16\logs\LF_ELQ-ATZ_20260130_052356.log
2026-01-30 05:23:56 | INFO     | Enhanced logging: Capturing both logging.info() and print()
2026-01-30 05:23:56 | INFO     | ======================================================================
[LF] Processing dates (override): ['06MAY', '05MAY', '04MAY', '03MAY', '02MAY', '01MAY', '30APR']
[LF] Attaching to Chrome for Altea access
2026-01-30 05:23:56 | INFO     | Starting LF search for route: ELQ-ATZ
2026-01-30 05:23:56 | INFO     | [START] LF Search
[LF][[OK] SUCCESS] Connected to Chrome on 127.0.0.1:9233 (after 1 attempts)
2026-01-30 05:23:57 | INFO     | [HEALTH CHECK] [OK] Chrome connection is healthy
[LF][[OK] SUCCESS] Found Amadeus Altea window: Altéa Reservation Desktop
[LF][[INFO] INFO] URL: https://tc212.resdesktop.altea.amadeus.com/app_ard/apf/init/login?SITE=ESMPESMP&LANGUAGE=GB&MARKETS=ARDW_PROD_WBP&ACTION=clpLogin
2026-01-30 05:23:57 | INFO     | [DAY_START] Processing 06MAY
[LF] Processing ELQ-ATZ for 06MAY
2026-01-30 05:23:57 | INFO     | [lf.day.start] Processing ELQ-ATZ for 06MAY
[LF] Sending SN command: SN06MAYELQATZ/ASM
[LF] No direct flights on 06MAY for ELQ-ATZ
2026-01-30 05:23:58 | WARNING  | [lf.day.no_flights] No direct flights on 06MAY
2026-01-30 05:23:58 | INFO     | [SUCCESS] Day 06MAY
2026-01-30 05:23:58 | INFO     | [DAY_START] Processing 05MAY
[LF] Processing ELQ-ATZ for 05MAY
2026-01-30 05:23:58 | INFO     | [lf.day.start] Processing ELQ-ATZ for 05MAY
[LF] Sending SN command: SN05MAYELQATZ/ASM
[LF] No direct flights on 05MAY for ELQ-ATZ
2026-01-30 05:23:59 | WARNING  | [lf.day.no_flights] No direct flights on 05MAY
2026-01-30 05:23:59 | INFO     | [SUCCESS] Day 05MAY
2026-01-30 05:23:59 | INFO     | [DAY_START] Processing 04MAY
[LF] Processing ELQ-ATZ for 04MAY
2026-01-30 05:23:59 | INFO     | [lf.day.start] Processing ELQ-ATZ for 04MAY
[LF] Sending SN command: SN04MAYELQATZ/ASM
[LF] No direct flights on 04MAY for ELQ-ATZ
2026-01-30 05:24:01 | WARNING  | [lf.day.no_flights] No direct flights on 04MAY
2026-01-30 05:24:01 | INFO     | [SUCCESS] Day 04MAY
2026-01-30 05:24:01 | INFO     | [DAY_START] Processing 03MAY
[LF] Processing ELQ-ATZ for 03MAY
2026-01-30 05:24:01 | INFO     | [lf.day.start] Processing ELQ-ATZ for 03MAY
[LF] Sending SN command: SN03MAYELQATZ/ASM
[LF] No direct flights on 03MAY for ELQ-ATZ
2026-01-30 05:24:02 | WARNING  | [lf.day.no_flights] No direct flights on 03MAY
2026-01-30 05:24:02 | INFO     | [SUCCESS] Day 03MAY
2026-01-30 05:24:02 | INFO     | [DAY_START] Processing 02MAY
[LF] Processing ELQ-ATZ for 02MAY
2026-01-30 05:24:02 | INFO     | [lf.day.start] Processing ELQ-ATZ for 02MAY
[LF] Sending SN command: SN02MAYELQATZ/ASM
[LF] No direct flights on 02MAY for ELQ-ATZ
2026-01-30 05:24:03 | WARNING  | [lf.day.no_flights] No direct flights on 02MAY
2026-01-30 05:24:03 | INFO     | [SUCCESS] Day 02MAY
2026-01-30 05:24:03 | INFO     | [DAY_START] Processing 01MAY
[LF] Processing ELQ-ATZ for 01MAY
2026-01-30 05:24:03 | INFO     | [lf.day.start] Processing ELQ-ATZ for 01MAY
[LF] Sending SN command: SN01MAYELQATZ/ASM
[LF] No direct flights on 01MAY for ELQ-ATZ
2026-01-30 05:24:04 | WARNING  | [lf.day.no_flights] No direct flights on 01MAY
2026-01-30 05:24:04 | INFO     | [SUCCESS] Day 01MAY
2026-01-30 05:24:04 | INFO     | [DAY_START] Processing 30APR
[LF] Processing ELQ-ATZ for 30APR
2026-01-30 05:24:04 | INFO     | [lf.day.start] Processing ELQ-ATZ for 30APR
[LF] Sending SN command: SN30APRELQATZ/ASM
[LF] No direct flights on 30APR for ELQ-ATZ
2026-01-30 05:24:05 | WARNING  | [lf.day.no_flights] No direct flights on 30APR
2026-01-30 05:24:05 | INFO     | [SUCCESS] Day 30APR
[LF] Results summary:
  2026-05-06: 0 flights
  2026-05-05: 0 flights
  2026-05-04: 0 flights
  2026-05-03: 0 flights
  2026-05-02: 0 flights
  2026-05-01: 0 flights
  2026-04-30: 0 flights
2026-01-30 05:24:05 | INFO     | [SUCCESS] LF Search Complete

============================================================
[Worker_9233] ✓ COMPLETED: ELQ-ATZ
  Results: 7 dates
  Errors: 0 dates
  Total Processed: 23 groups
============================================================

2026-01-30 05:24:05 | INFO     | [Worker_9233] Completed: ELQ-ATZ - 7 results, 0 errors

============================================================
[Worker_9233] Processing: HBE-MED
  Tier 0: Range 4, Chunk 4/4
  Dates: 7 days
  Date Range: 2026-05-06 to 2026-04-30
============================================================

2026-01-30 05:24:05 | INFO     | [Worker_9233] Processing: HBE-MED
2026-01-30 05:24:05 | INFO     |   Tier 0: Range 4, Chunk 4/4 (7 days)
2026-01-30 05:24:05 | INFO     | ======================================================================
2026-01-30 05:24:05 | INFO     | Load Factor Scraper Started - Route: HBE-MED
2026-01-30 05:24:05 | INFO     | Log file: D:\CODERED\LAB\Artifacts\outputs\run_generated_300126_at_05.16\logs\LF_HBE-MED_20260130_052405.log
2026-01-30 05:24:05 | INFO     | Enhanced logging: Capturing both logging.info() and print()
2026-01-30 05:24:05 | INFO     | ======================================================================
[LF] Processing dates (override): ['06MAY', '05MAY', '04MAY', '03MAY', '02MAY', '01MAY', '30APR']
[LF] Attaching to Chrome for Altea access
2026-01-30 05:24:05 | INFO     | Starting LF search for route: HBE-MED
2026-01-30 05:24:05 | INFO     | [START] LF Search
[LF][[OK] SUCCESS] Connected to Chrome on 127.0.0.1:9233 (after 1 attempts)
2026-01-30 05:24:06 | INFO     | [HEALTH CHECK] [OK] Chrome connection is healthy
[LF][[OK] SUCCESS] Found Amadeus Altea window: Altéa Reservation Desktop
[LF][[INFO] INFO] URL: https://tc212.resdesktop.altea.amadeus.com/app_ard/apf/init/login?SITE=ESMPESMP&LANGUAGE=GB&MARKETS=ARDW_PROD_WBP&ACTION=clpLogin
2026-01-30 05:24:06 | INFO     | [DAY_START] Processing 06MAY
[LF] Processing HBE-MED for 06MAY
2026-01-30 05:24:06 | INFO     | [lf.day.start] Processing HBE-MED for 06MAY
[LF] Sending SN command: SN06MAYHBEMED/ASM
[LF] No direct flights on 06MAY for HBE-MED
2026-01-30 05:24:07 | WARNING  | [lf.day.no_flights] No direct flights on 06MAY
2026-01-30 05:24:07 | INFO     | [SUCCESS] Day 06MAY
2026-01-30 05:24:07 | INFO     | [DAY_START] Processing 05MAY
[LF] Processing HBE-MED for 05MAY
2026-01-30 05:24:07 | INFO     | [lf.day.start] Processing HBE-MED for 05MAY
[LF] Sending SN command: SN05MAYHBEMED/ASM
[LF] No direct flights on 05MAY for HBE-MED
2026-01-30 05:24:08 | WARNING  | [lf.day.no_flights] No direct flights on 05MAY
2026-01-30 05:24:08 | INFO     | [SUCCESS] Day 05MAY
2026-01-30 05:24:08 | INFO     | [DAY_START] Processing 04MAY
[LF] Processing HBE-MED for 04MAY
2026-01-30 05:24:08 | INFO     | [lf.day.start] Processing HBE-MED for 04MAY
[LF] Sending SN command: SN04MAYHBEMED/ASM
[LF] No direct flights on 04MAY for HBE-MED
2026-01-30 05:24:09 | WARNING  | [lf.day.no_flights] No direct flights on 04MAY
2026-01-30 05:24:09 | INFO     | [SUCCESS] Day 04MAY
2026-01-30 05:24:09 | INFO     | [DAY_START] Processing 03MAY
[LF] Processing HBE-MED for 03MAY
2026-01-30 05:24:09 | INFO     | [lf.day.start] Processing HBE-MED for 03MAY
[LF] Sending SN command: SN03MAYHBEMED/ASM
[LF] 03MAY: found 1 direct flights
2026-01-30 05:24:11 | INFO     | [lf.day.flights_found] Found 1 flights on 03MAY
2026-01-30 05:24:13 | INFO     | [lf.flight.extracted] SM485 on 03MAY: BKG=0, LF=0.0%
[LF] SM485 03MAY: BKG=0, GRP=0, CAP=179, LF%=0.0%, Brd-Off=HBE-MED
2026-01-30 05:24:14 | INFO     | [SUCCESS] Day 03MAY
2026-01-30 05:24:14 | INFO     | [DAY_START] Processing 02MAY
[LF] Processing HBE-MED for 02MAY
2026-01-30 05:24:14 | INFO     | [lf.day.start] Processing HBE-MED for 02MAY
[LF] Sending SN command: SN02MAYHBEMED/ASM
[LF] No direct flights on 02MAY for HBE-MED
2026-01-30 05:24:15 | WARNING  | [lf.day.no_flights] No direct flights on 02MAY
2026-01-30 05:24:15 | INFO     | [SUCCESS] Day 02MAY
2026-01-30 05:24:15 | INFO     | [DAY_START] Processing 01MAY
[LF] Processing HBE-MED for 01MAY
2026-01-30 05:24:15 | INFO     | [lf.day.start] Processing HBE-MED for 01MAY
[LF] Sending SN command: SN01MAYHBEMED/ASM
[LF] No direct flights on 01MAY for HBE-MED
2026-01-30 05:24:16 | WARNING  | [lf.day.no_flights] No direct flights on 01MAY
2026-01-30 05:24:16 | INFO     | [SUCCESS] Day 01MAY
2026-01-30 05:24:16 | INFO     | [DAY_START] Processing 30APR
[LF] Processing HBE-MED for 30APR
2026-01-30 05:24:16 | INFO     | [lf.day.start] Processing HBE-MED for 30APR
[LF] Sending SN command: SN30APRHBEMED/ASM
[LF] 30APR: found 1 direct flights
2026-01-30 05:24:17 | INFO     | [lf.day.flights_found] Found 1 flights on 30APR
2026-01-30 05:24:19 | INFO     | [lf.flight.extracted] SM485 on 30APR: BKG=1, LF=0.6%
[LF] SM485 30APR: BKG=1, GRP=0, CAP=179, LF%=0.6%, Brd-Off=HBE-MED, Classes: I:1
[LF] Getting WEEKLY/LASTSOLD data for 1 flights
[LF] SM485 30APR: LASTSOLD=2026-01-28 00:00:00, WEEKLY=1, TODAY=0, YDAY=0
2026-01-30 05:24:22 | INFO     | [SUCCESS] Day 30APR
[LF] Results summary:
  2026-05-06: 0 flights
  2026-05-05: 0 flights
  2026-05-04: 0 flights
  2026-05-03: 1 flights
  2026-05-02: 0 flights
  2026-05-01: 0 flights
  2026-04-30: 1 flights
2026-01-30 05:24:22 | INFO     | [SUCCESS] LF Search Complete

============================================================
[Worker_9233] ✓ COMPLETED: HBE-MED
  Results: 7 dates
  Errors: 0 dates
  Total Processed: 24 groups
============================================================

2026-01-30 05:24:22 | INFO     | [Worker_9233] Completed: HBE-MED - 7 results, 0 errors

============================================================
[Worker_9233] Processing: ATZ-RUH
  Tier 0: Range 4, Chunk 4/4
  Dates: 7 days
  Date Range: 2026-05-06 to 2026-04-30
============================================================

2026-01-30 05:24:22 | INFO     | [Worker_9233] Processing: ATZ-RUH
2026-01-30 05:24:22 | INFO     |   Tier 0: Range 4, Chunk 4/4 (7 days)
2026-01-30 05:24:22 | INFO     | ======================================================================
2026-01-30 05:24:22 | INFO     | Load Factor Scraper Started - Route: ATZ-RUH
2026-01-30 05:24:22 | INFO     | Log file: D:\CODERED\LAB\Artifacts\outputs\run_generated_300126_at_05.16\logs\LF_ATZ-RUH_20260130_052422.log
2026-01-30 05:24:22 | INFO     | Enhanced logging: Capturing both logging.info() and print()
2026-01-30 05:24:22 | INFO     | ======================================================================
[LF] Processing dates (override): ['06MAY', '05MAY', '04MAY', '03MAY', '02MAY', '01MAY', '30APR']
[LF] Attaching to Chrome for Altea access
2026-01-30 05:24:22 | INFO     | Starting LF search for route: ATZ-RUH
2026-01-30 05:24:22 | INFO     | [START] LF Search
[LF][[OK] SUCCESS] Connected to Chrome on 127.0.0.1:9233 (after 1 attempts)
2026-01-30 05:24:23 | INFO     | [HEALTH CHECK] [OK] Chrome connection is healthy
[LF][[OK] SUCCESS] Found Amadeus Altea window: Altéa Reservation Desktop
[LF][[INFO] INFO] URL: https://tc212.resdesktop.altea.amadeus.com/app_ard/apf/init/login?SITE=ESMPESMP&LANGUAGE=GB&MARKETS=ARDW_PROD_WBP&ACTION=clpLogin
2026-01-30 05:24:23 | INFO     | [DAY_START] Processing 06MAY
[LF] Processing ATZ-RUH for 06MAY
2026-01-30 05:24:23 | INFO     | [lf.day.start] Processing ATZ-RUH for 06MAY
[LF] Sending SN command: SN06MAYATZRUH/ASM
[LF] 06MAY: found 1 direct flights
2026-01-30 05:24:24 | INFO     | [lf.day.flights_found] Found 1 flights on 06MAY
2026-01-30 05:24:26 | INFO     | [lf.flight.extracted] SM465 on 06MAY: BKG=22, LF=12.3%
[LF] SM465 06MAY: BKG=22, GRP=0, CAP=179, LF%=12.3%, Brd-Off=ATZ-RUH, Classes: I:5, O:6, U:7, X:3, T:1
[LPC] SM465 06MAY: Found 0 outbound flights with connecting passengers
[LF] Getting WEEKLY/LASTSOLD data for 1 flights
[LF] SM465 06MAY: LASTSOLD=2026-01-15 00:00:00, WEEKLY=0, TODAY=0, YDAY=0
2026-01-30 05:24:29 | INFO     | [SUCCESS] Day 06MAY
2026-01-30 05:24:29 | INFO     | [DAY_START] Processing 05MAY
[LF] Processing ATZ-RUH for 05MAY
2026-01-30 05:24:29 | INFO     | [lf.day.start] Processing ATZ-RUH for 05MAY
[LF] Sending SN command: SN05MAYATZRUH/ASM
[LF] No direct flights on 05MAY for ATZ-RUH
2026-01-30 05:24:31 | WARNING  | [lf.day.no_flights] No direct flights on 05MAY
2026-01-30 05:24:31 | INFO     | [SUCCESS] Day 05MAY
2026-01-30 05:24:31 | INFO     | [DAY_START] Processing 04MAY
[LF] Processing ATZ-RUH for 04MAY
2026-01-30 05:24:31 | INFO     | [lf.day.start] Processing ATZ-RUH for 04MAY
[LF] Sending SN command: SN04MAYATZRUH/ASM
[LF] No direct flights on 04MAY for ATZ-RUH
2026-01-30 05:24:32 | WARNING  | [lf.day.no_flights] No direct flights on 04MAY
2026-01-30 05:24:32 | INFO     | [SUCCESS] Day 04MAY
2026-01-30 05:24:32 | INFO     | [DAY_START] Processing 03MAY
[LF] Processing ATZ-RUH for 03MAY
2026-01-30 05:24:32 | INFO     | [lf.day.start] Processing ATZ-RUH for 03MAY
[LF] Sending SN command: SN03MAYATZRUH/ASM
[LF] No direct flights on 03MAY for ATZ-RUH
2026-01-30 05:24:33 | WARNING  | [lf.day.no_flights] No direct flights on 03MAY
2026-01-30 05:24:33 | INFO     | [SUCCESS] Day 03MAY
2026-01-30 05:24:33 | INFO     | [DAY_START] Processing 02MAY
[LF] Processing ATZ-RUH for 02MAY
2026-01-30 05:24:33 | INFO     | [lf.day.start] Processing ATZ-RUH for 02MAY
[LF] Sending SN command: SN02MAYATZRUH/ASM
[LF] No direct flights on 02MAY for ATZ-RUH
2026-01-30 05:24:34 | WARNING  | [lf.day.no_flights] No direct flights on 02MAY
2026-01-30 05:24:34 | INFO     | [SUCCESS] Day 02MAY
2026-01-30 05:24:34 | INFO     | [DAY_START] Processing 01MAY
[LF] Processing ATZ-RUH for 01MAY
2026-01-30 05:24:34 | INFO     | [lf.day.start] Processing ATZ-RUH for 01MAY
[LF] Sending SN command: SN01MAYATZRUH/ASM
[LF] No direct flights on 01MAY for ATZ-RUH
2026-01-30 05:24:35 | WARNING  | [lf.day.no_flights] No direct flights on 01MAY
2026-01-30 05:24:35 | INFO     | [SUCCESS] Day 01MAY
2026-01-30 05:24:35 | INFO     | [DAY_START] Processing 30APR
[LF] Processing ATZ-RUH for 30APR
2026-01-30 05:24:35 | INFO     | [lf.day.start] Processing ATZ-RUH for 30APR
[LF] Sending SN command: SN30APRATZRUH/ASM
[LF] No direct flights on 30APR for ATZ-RUH
2026-01-30 05:24:36 | WARNING  | [lf.day.no_flights] No direct flights on 30APR
2026-01-30 05:24:36 | INFO     | [SUCCESS] Day 30APR
[LF] Results summary:
  2026-05-06: 1 flights
  2026-05-05: 0 flights
  2026-05-04: 0 flights
  2026-05-03: 0 flights
  2026-05-02: 0 flights
  2026-05-01: 0 flights
  2026-04-30: 0 flights
2026-01-30 05:24:36 | INFO     | [SUCCESS] LF Search Complete

============================================================
[Worker_9233] ✓ COMPLETED: ATZ-RUH
  Results: 7 dates
  Errors: 0 dates
  Total Processed: 25 groups
============================================================

2026-01-30 05:24:36 | INFO     | [Worker_9233] Completed: ATZ-RUH - 7 results, 0 errors

============================================================
[Worker_9233] Processing: ATZ-AJF
  Tier 0: Range 4, Chunk 4/4
  Dates: 7 days
  Date Range: 2026-05-06 to 2026-04-30
============================================================

2026-01-30 05:24:36 | INFO     | [Worker_9233] Processing: ATZ-AJF
2026-01-30 05:24:36 | INFO     |   Tier 0: Range 4, Chunk 4/4 (7 days)
2026-01-30 05:24:36 | INFO     | ======================================================================
2026-01-30 05:24:36 | INFO     | Load Factor Scraper Started - Route: ATZ-AJF
2026-01-30 05:24:36 | INFO     | Log file: D:\CODERED\LAB\Artifacts\outputs\run_generated_300126_at_05.16\logs\LF_ATZ-AJF_20260130_052436.log
2026-01-30 05:24:36 | INFO     | Enhanced logging: Capturing both logging.info() and print()
2026-01-30 05:24:36 | INFO     | ======================================================================
[LF] Processing dates (override): ['06MAY', '05MAY', '04MAY', '03MAY', '02MAY', '01MAY', '30APR']
[LF] Attaching to Chrome for Altea access
2026-01-30 05:24:36 | INFO     | Starting LF search for route: ATZ-AJF
2026-01-30 05:24:36 | INFO     | [START] LF Search
[LF][[OK] SUCCESS] Connected to Chrome on 127.0.0.1:9233 (after 1 attempts)
2026-01-30 05:24:37 | INFO     | [HEALTH CHECK] [OK] Chrome connection is healthy
[LF][[OK] SUCCESS] Found Amadeus Altea window: Altéa Reservation Desktop
[LF][[INFO] INFO] URL: https://tc212.resdesktop.altea.amadeus.com/app_ard/apf/init/login?SITE=ESMPESMP&LANGUAGE=GB&MARKETS=ARDW_PROD_WBP&ACTION=clpLogin
2026-01-30 05:24:37 | INFO     | [DAY_START] Processing 06MAY
[LF] Processing ATZ-AJF for 06MAY
2026-01-30 05:24:37 | INFO     | [lf.day.start] Processing ATZ-AJF for 06MAY
[LF] Sending SN command: SN06MAYATZAJF/ASM
[LF] No direct flights on 06MAY for ATZ-AJF
2026-01-30 05:24:38 | WARNING  | [lf.day.no_flights] No direct flights on 06MAY
2026-01-30 05:24:38 | INFO     | [SUCCESS] Day 06MAY
2026-01-30 05:24:38 | INFO     | [DAY_START] Processing 05MAY
[LF] Processing ATZ-AJF for 05MAY
2026-01-30 05:24:38 | INFO     | [lf.day.start] Processing ATZ-AJF for 05MAY
[LF] Sending SN command: SN05MAYATZAJF/ASM
[LF] No direct flights on 05MAY for ATZ-AJF
2026-01-30 05:24:39 | WARNING  | [lf.day.no_flights] No direct flights on 05MAY
2026-01-30 05:24:39 | INFO     | [SUCCESS] Day 05MAY
2026-01-30 05:24:39 | INFO     | [DAY_START] Processing 04MAY
[LF] Processing ATZ-AJF for 04MAY
2026-01-30 05:24:39 | INFO     | [lf.day.start] Processing ATZ-AJF for 04MAY
[LF] Sending SN command: SN04MAYATZAJF/ASM
[LF] No direct flights on 04MAY for ATZ-AJF
2026-01-30 05:24:41 | WARNING  | [lf.day.no_flights] No direct flights on 04MAY
2026-01-30 05:24:41 | INFO     | [SUCCESS] Day 04MAY
2026-01-30 05:24:41 | INFO     | [DAY_START] Processing 03MAY
[LF] Processing ATZ-AJF for 03MAY
2026-01-30 05:24:41 | INFO     | [lf.day.start] Processing ATZ-AJF for 03MAY
[LF] Sending SN command: SN03MAYATZAJF/ASM
[LF] No direct flights on 03MAY for ATZ-AJF
2026-01-30 05:24:42 | WARNING  | [lf.day.no_flights] No direct flights on 03MAY
2026-01-30 05:24:42 | INFO     | [SUCCESS] Day 03MAY
2026-01-30 05:24:42 | INFO     | [DAY_START] Processing 02MAY
[LF] Processing ATZ-AJF for 02MAY
2026-01-30 05:24:42 | INFO     | [lf.day.start] Processing ATZ-AJF for 02MAY
[LF] Sending SN command: SN02MAYATZAJF/ASM
[LF] No direct flights on 02MAY for ATZ-AJF
2026-01-30 05:24:43 | WARNING  | [lf.day.no_flights] No direct flights on 02MAY
2026-01-30 05:24:43 | INFO     | [SUCCESS] Day 02MAY
2026-01-30 05:24:43 | INFO     | [DAY_START] Processing 01MAY
[LF] Processing ATZ-AJF for 01MAY
2026-01-30 05:24:43 | INFO     | [lf.day.start] Processing ATZ-AJF for 01MAY
[LF] Sending SN command: SN01MAYATZAJF/ASM
[LF] No direct flights on 01MAY for ATZ-AJF
2026-01-30 05:24:44 | WARNING  | [lf.day.no_flights] No direct flights on 01MAY
2026-01-30 05:24:44 | INFO     | [SUCCESS] Day 01MAY
2026-01-30 05:24:44 | INFO     | [DAY_START] Processing 30APR
[LF] Processing ATZ-AJF for 30APR
2026-01-30 05:24:44 | INFO     | [lf.day.start] Processing ATZ-AJF for 30APR
[LF] Sending SN command: SN30APRATZAJF/ASM
[LF] No direct flights on 30APR for ATZ-AJF
2026-01-30 05:24:45 | WARNING  | [lf.day.no_flights] No direct flights on 30APR
2026-01-30 05:24:45 | INFO     | [SUCCESS] Day 30APR
[LF] Results summary:
  2026-05-06: 0 flights
  2026-05-05: 0 flights
  2026-05-04: 0 flights
  2026-05-03: 0 flights
  2026-05-02: 0 flights
  2026-05-01: 0 flights
  2026-04-30: 0 flights
2026-01-30 05:24:45 | INFO     | [SUCCESS] LF Search Complete

============================================================
[Worker_9233] ✓ COMPLETED: ATZ-AJF
  Results: 7 dates
  Errors: 0 dates
  Total Processed: 26 groups
============================================================

2026-01-30 05:24:45 | INFO     | [Worker_9233] Completed: ATZ-AJF - 7 results, 0 errors

============================================================
[Worker_9233] Processing: ATZ-AHB
  Tier 0: Range 4, Chunk 4/4
  Dates: 7 days
  Date Range: 2026-05-06 to 2026-04-30
============================================================

2026-01-30 05:24:45 | INFO     | [Worker_9233] Processing: ATZ-AHB
2026-01-30 05:24:45 | INFO     |   Tier 0: Range 4, Chunk 4/4 (7 days)
2026-01-30 05:24:45 | INFO     | ======================================================================
2026-01-30 05:24:45 | INFO     | Load Factor Scraper Started - Route: ATZ-AHB
2026-01-30 05:24:45 | INFO     | Log file: D:\CODERED\LAB\Artifacts\outputs\run_generated_300126_at_05.16\logs\LF_ATZ-AHB_20260130_052445.log
2026-01-30 05:24:45 | INFO     | Enhanced logging: Capturing both logging.info() and print()
2026-01-30 05:24:45 | INFO     | ======================================================================
[LF] Processing dates (override): ['06MAY', '05MAY', '04MAY', '03MAY', '02MAY', '01MAY', '30APR']
[LF] Attaching to Chrome for Altea access
2026-01-30 05:24:45 | INFO     | Starting LF search for route: ATZ-AHB
2026-01-30 05:24:45 | INFO     | [START] LF Search
[LF][[OK] SUCCESS] Connected to Chrome on 127.0.0.1:9233 (after 1 attempts)
2026-01-30 05:24:46 | INFO     | [HEALTH CHECK] [OK] Chrome connection is healthy
[LF][[OK] SUCCESS] Found Amadeus Altea window: Altéa Reservation Desktop
[LF][[INFO] INFO] URL: https://tc212.resdesktop.altea.amadeus.com/app_ard/apf/init/login?SITE=ESMPESMP&LANGUAGE=GB&MARKETS=ARDW_PROD_WBP&ACTION=clpLogin
2026-01-30 05:24:46 | INFO     | [DAY_START] Processing 06MAY
[LF] Processing ATZ-AHB for 06MAY
2026-01-30 05:24:46 | INFO     | [lf.day.start] Processing ATZ-AHB for 06MAY
[LF] Sending SN command: SN06MAYATZAHB/ASM
[LF] No direct flights on 06MAY for ATZ-AHB
2026-01-30 05:24:47 | WARNING  | [lf.day.no_flights] No direct flights on 06MAY
2026-01-30 05:24:47 | INFO     | [SUCCESS] Day 06MAY
2026-01-30 05:24:47 | INFO     | [DAY_START] Processing 05MAY
[LF] Processing ATZ-AHB for 05MAY
2026-01-30 05:24:47 | INFO     | [lf.day.start] Processing ATZ-AHB for 05MAY
[LF] Sending SN command: SN05MAYATZAHB/ASM
[LF] No direct flights on 05MAY for ATZ-AHB
2026-01-30 05:24:48 | WARNING  | [lf.day.no_flights] No direct flights on 05MAY
2026-01-30 05:24:48 | INFO     | [SUCCESS] Day 05MAY
2026-01-30 05:24:48 | INFO     | [DAY_START] Processing 04MAY
[LF] Processing ATZ-AHB for 04MAY
2026-01-30 05:24:48 | INFO     | [lf.day.start] Processing ATZ-AHB for 04MAY
[LF] Sending SN command: SN04MAYATZAHB/ASM
[LF] No direct flights on 04MAY for ATZ-AHB
2026-01-30 05:24:49 | WARNING  | [lf.day.no_flights] No direct flights on 04MAY
2026-01-30 05:24:49 | INFO     | [SUCCESS] Day 04MAY
2026-01-30 05:24:49 | INFO     | [DAY_START] Processing 03MAY
[LF] Processing ATZ-AHB for 03MAY
2026-01-30 05:24:49 | INFO     | [lf.day.start] Processing ATZ-AHB for 03MAY
[LF] Sending SN command: SN03MAYATZAHB/ASM
[LF] No direct flights on 03MAY for ATZ-AHB
2026-01-30 05:24:50 | WARNING  | [lf.day.no_flights] No direct flights on 03MAY
2026-01-30 05:24:50 | INFO     | [SUCCESS] Day 03MAY
2026-01-30 05:24:50 | INFO     | [DAY_START] Processing 02MAY
[LF] Processing ATZ-AHB for 02MAY
2026-01-30 05:24:50 | INFO     | [lf.day.start] Processing ATZ-AHB for 02MAY
[LF] Sending SN command: SN02MAYATZAHB/ASM
[LF] No direct flights on 02MAY for ATZ-AHB
2026-01-30 05:24:51 | WARNING  | [lf.day.no_flights] No direct flights on 02MAY
2026-01-30 05:24:51 | INFO     | [SUCCESS] Day 02MAY
2026-01-30 05:24:51 | INFO     | [DAY_START] Processing 01MAY
[LF] Processing ATZ-AHB for 01MAY
2026-01-30 05:24:51 | INFO     | [lf.day.start] Processing ATZ-AHB for 01MAY
[LF] Sending SN command: SN01MAYATZAHB/ASM
[LF] No direct flights on 01MAY for ATZ-AHB
2026-01-30 05:24:52 | WARNING  | [lf.day.no_flights] No direct flights on 01MAY
2026-01-30 05:24:52 | INFO     | [SUCCESS] Day 01MAY
2026-01-30 05:24:52 | INFO     | [DAY_START] Processing 30APR
[LF] Processing ATZ-AHB for 30APR
2026-01-30 05:24:52 | INFO     | [lf.day.start] Processing ATZ-AHB for 30APR
[LF] Sending SN command: SN30APRATZAHB/ASM
[LF] No direct flights on 30APR for ATZ-AHB
2026-01-30 05:24:53 | WARNING  | [lf.day.no_flights] No direct flights on 30APR
2026-01-30 05:24:53 | INFO     | [SUCCESS] Day 30APR
[LF] Results summary:
  2026-05-06: 0 flights
  2026-05-05: 0 flights
  2026-05-04: 0 flights
  2026-05-03: 0 flights
  2026-05-02: 0 flights
  2026-05-01: 0 flights
  2026-04-30: 0 flights
2026-01-30 05:24:53 | INFO     | [SUCCESS] LF Search Complete

============================================================
[Worker_9233] ✓ COMPLETED: ATZ-AHB
  Results: 7 dates
  Errors: 0 dates
  Total Processed: 27 groups
============================================================

2026-01-30 05:24:53 | INFO     | [Worker_9233] Completed: ATZ-AHB - 7 results, 0 errors

============================================================
[Worker_9233] Processing: ATZ-ELQ
  Tier 0: Range 4, Chunk 4/4
  Dates: 7 days
  Date Range: 2026-05-06 to 2026-04-30
============================================================

2026-01-30 05:24:53 | INFO     | [Worker_9233] Processing: ATZ-ELQ
2026-01-30 05:24:53 | INFO     |   Tier 0: Range 4, Chunk 4/4 (7 days)
2026-01-30 05:24:53 | INFO     | ======================================================================
2026-01-30 05:24:53 | INFO     | Load Factor Scraper Started - Route: ATZ-ELQ
2026-01-30 05:24:53 | INFO     | Log file: D:\CODERED\LAB\Artifacts\outputs\run_generated_300126_at_05.16\logs\LF_ATZ-ELQ_20260130_052453.log
2026-01-30 05:24:53 | INFO     | Enhanced logging: Capturing both logging.info() and print()
2026-01-30 05:24:53 | INFO     | ======================================================================
[LF] Processing dates (override): ['06MAY', '05MAY', '04MAY', '03MAY', '02MAY', '01MAY', '30APR']
[LF] Attaching to Chrome for Altea access
2026-01-30 05:24:53 | INFO     | Starting LF search for route: ATZ-ELQ
2026-01-30 05:24:53 | INFO     | [START] LF Search
[LF][[OK] SUCCESS] Connected to Chrome on 127.0.0.1:9233 (after 1 attempts)
2026-01-30 05:24:54 | INFO     | [HEALTH CHECK] [OK] Chrome connection is healthy
[LF][[OK] SUCCESS] Found Amadeus Altea window: Altéa Reservation Desktop
[LF][[INFO] INFO] URL: https://tc212.resdesktop.altea.amadeus.com/app_ard/apf/init/login?SITE=ESMPESMP&LANGUAGE=GB&MARKETS=ARDW_PROD_WBP&ACTION=clpLogin
2026-01-30 05:24:54 | INFO     | [DAY_START] Processing 06MAY
[LF] Processing ATZ-ELQ for 06MAY
2026-01-30 05:24:54 | INFO     | [lf.day.start] Processing ATZ-ELQ for 06MAY
[LF] Sending SN command: SN06MAYATZELQ/ASM
[LF] No direct flights on 06MAY for ATZ-ELQ
2026-01-30 05:24:55 | WARNING  | [lf.day.no_flights] No direct flights on 06MAY
2026-01-30 05:24:55 | INFO     | [SUCCESS] Day 06MAY
2026-01-30 05:24:55 | INFO     | [DAY_START] Processing 05MAY
[LF] Processing ATZ-ELQ for 05MAY
2026-01-30 05:24:55 | INFO     | [lf.day.start] Processing ATZ-ELQ for 05MAY
[LF] Sending SN command: SN05MAYATZELQ/ASM
[LF] No direct flights on 05MAY for ATZ-ELQ
2026-01-30 05:24:56 | WARNING  | [lf.day.no_flights] No direct flights on 05MAY
2026-01-30 05:24:56 | INFO     | [SUCCESS] Day 05MAY
2026-01-30 05:24:56 | INFO     | [DAY_START] Processing 04MAY
[LF] Processing ATZ-ELQ for 04MAY
2026-01-30 05:24:56 | INFO     | [lf.day.start] Processing ATZ-ELQ for 04MAY
[LF] Sending SN command: SN04MAYATZELQ/ASM
[LF] No direct flights on 04MAY for ATZ-ELQ
2026-01-30 05:24:57 | WARNING  | [lf.day.no_flights] No direct flights on 04MAY
2026-01-30 05:24:57 | INFO     | [SUCCESS] Day 04MAY
2026-01-30 05:24:57 | INFO     | [DAY_START] Processing 03MAY
[LF] Processing ATZ-ELQ for 03MAY
2026-01-30 05:24:57 | INFO     | [lf.day.start] Processing ATZ-ELQ for 03MAY
[LF] Sending SN command: SN03MAYATZELQ/ASM
[LF] No direct flights on 03MAY for ATZ-ELQ
2026-01-30 05:24:58 | WARNING  | [lf.day.no_flights] No direct flights on 03MAY
2026-01-30 05:24:58 | INFO     | [SUCCESS] Day 03MAY
2026-01-30 05:24:58 | INFO     | [DAY_START] Processing 02MAY
[LF] Processing ATZ-ELQ for 02MAY
2026-01-30 05:24:58 | INFO     | [lf.day.start] Processing ATZ-ELQ for 02MAY
[LF] Sending SN command: SN02MAYATZELQ/ASM
[LF] No direct flights on 02MAY for ATZ-ELQ
2026-01-30 05:25:00 | WARNING  | [lf.day.no_flights] No direct flights on 02MAY
2026-01-30 05:25:00 | INFO     | [SUCCESS] Day 02MAY
2026-01-30 05:25:00 | INFO     | [DAY_START] Processing 01MAY
[LF] Processing ATZ-ELQ for 01MAY
2026-01-30 05:25:00 | INFO     | [lf.day.start] Processing ATZ-ELQ for 01MAY
[LF] Sending SN command: SN01MAYATZELQ/ASM
[LF] No direct flights on 01MAY for ATZ-ELQ
2026-01-30 05:25:01 | WARNING  | [lf.day.no_flights] No direct flights on 01MAY
2026-01-30 05:25:01 | INFO     | [SUCCESS] Day 01MAY
2026-01-30 05:25:01 | INFO     | [DAY_START] Processing 30APR
[LF] Processing ATZ-ELQ for 30APR
2026-01-30 05:25:01 | INFO     | [lf.day.start] Processing ATZ-ELQ for 30APR
[LF] Sending SN command: SN30APRATZELQ/ASM
[LF] No direct flights on 30APR for ATZ-ELQ
2026-01-30 05:25:02 | WARNING  | [lf.day.no_flights] No direct flights on 30APR
2026-01-30 05:25:02 | INFO     | [SUCCESS] Day 30APR
[LF] Results summary:
  2026-05-06: 0 flights
  2026-05-05: 0 flights
  2026-05-04: 0 flights
  2026-05-03: 0 flights
  2026-05-02: 0 flights
  2026-05-01: 0 flights
  2026-04-30: 0 flights
2026-01-30 05:25:02 | INFO     | [SUCCESS] LF Search Complete

============================================================
[Worker_9233] ✓ COMPLETED: ATZ-ELQ
  Results: 7 dates
  Errors: 0 dates
  Total Processed: 28 groups
============================================================

2026-01-30 05:25:02 | INFO     | [Worker_9233] Completed: ATZ-ELQ - 7 results, 0 errors

============================================================
[Worker_9233] Processing: MED-ATZ
  Tier 0: Range 3, Chunk 1/3
  Dates: 10 days
  Date Range: 2026-04-29 to 2026-04-20
============================================================

2026-01-30 05:25:02 | INFO     | [Worker_9233] Processing: MED-ATZ
2026-01-30 05:25:02 | INFO     |   Tier 0: Range 3, Chunk 1/3 (10 days)
2026-01-30 05:25:02 | INFO     | ======================================================================
2026-01-30 05:25:02 | INFO     | Load Factor Scraper Started - Route: MED-ATZ
2026-01-30 05:25:02 | INFO     | Log file: D:\CODERED\LAB\Artifacts\outputs\run_generated_300126_at_05.16\logs\LF_MED-ATZ_20260130_052502.log
2026-01-30 05:25:02 | INFO     | Enhanced logging: Capturing both logging.info() and print()
2026-01-30 05:25:02 | INFO     | ======================================================================
[LF] Processing dates (override): ['29APR', '28APR', '27APR', '26APR', '25APR', '24APR', '23APR', '22APR', '21APR', '20APR']
[LF] Attaching to Chrome for Altea access
2026-01-30 05:25:02 | INFO     | Starting LF search for route: MED-ATZ
2026-01-30 05:25:02 | INFO     | [START] LF Search
[LF][[OK] SUCCESS] Connected to Chrome on 127.0.0.1:9233 (after 1 attempts)
2026-01-30 05:25:02 | INFO     | [HEALTH CHECK] [OK] Chrome connection is healthy
[LF][[OK] SUCCESS] Found Amadeus Altea window: Altéa Reservation Desktop
[LF][[INFO] INFO] URL: https://tc212.resdesktop.altea.amadeus.com/app_ard/apf/init/login?SITE=ESMPESMP&LANGUAGE=GB&MARKETS=ARDW_PROD_WBP&ACTION=clpLogin
2026-01-30 05:25:02 | INFO     | [DAY_START] Processing 29APR
[LF] Processing MED-ATZ for 29APR
2026-01-30 05:25:02 | INFO     | [lf.day.start] Processing MED-ATZ for 29APR
[LF] Sending SN command: SN29APRMEDATZ/ASM
[LF] No direct flights on 29APR for MED-ATZ
2026-01-30 05:25:04 | WARNING  | [lf.day.no_flights] No direct flights on 29APR
2026-01-30 05:25:04 | INFO     | [SUCCESS] Day 29APR
2026-01-30 05:25:04 | INFO     | [DAY_START] Processing 28APR
[LF] Processing MED-ATZ for 28APR
2026-01-30 05:25:04 | INFO     | [lf.day.start] Processing MED-ATZ for 28APR
[LF] Sending SN command: SN28APRMEDATZ/ASM
[LF] No direct flights on 28APR for MED-ATZ
2026-01-30 05:25:05 | WARNING  | [lf.day.no_flights] No direct flights on 28APR
2026-01-30 05:25:05 | INFO     | [SUCCESS] Day 28APR
2026-01-30 05:25:05 | INFO     | [DAY_START] Processing 27APR
[LF] Processing MED-ATZ for 27APR
2026-01-30 05:25:05 | INFO     | [lf.day.start] Processing MED-ATZ for 27APR
[LF] Sending SN command: SN27APRMEDATZ/ASM
[LF] No direct flights on 27APR for MED-ATZ
2026-01-30 05:25:06 | WARNING  | [lf.day.no_flights] No direct flights on 27APR
2026-01-30 05:25:06 | INFO     | [SUCCESS] Day 27APR
2026-01-30 05:25:06 | INFO     | [DAY_START] Processing 26APR
[LF] Processing MED-ATZ for 26APR
2026-01-30 05:25:06 | INFO     | [lf.day.start] Processing MED-ATZ for 26APR
[LF] Sending SN command: SN26APRMEDATZ/ASM
[LF] 26APR: found 1 direct flights
2026-01-30 05:25:07 | INFO     | [lf.day.flights_found] Found 1 flights on 26APR
2026-01-30 05:25:09 | INFO     | [lf.flight.extracted] SM488 on 26APR: BKG=1, LF=0.6%
[LF] SM488 26APR: BKG=1, GRP=0, CAP=175, LF%=0.6%, Brd-Off=MED-ATZ, Classes: O:1
[LF] Getting WEEKLY/LASTSOLD data for 1 flights
[LF] SM488 26APR: LASTSOLD=2026-01-27 00:00:00, WEEKLY=1, TODAY=0, YDAY=0
2026-01-30 05:25:11 | INFO     | [SUCCESS] Day 26APR
2026-01-30 05:25:11 | INFO     | [DAY_START] Processing 25APR
[LF] Processing MED-ATZ for 25APR
2026-01-30 05:25:11 | INFO     | [lf.day.start] Processing MED-ATZ for 25APR
[LF] Sending SN command: SN25APRMEDATZ/ASM
[LF] No direct flights on 25APR for MED-ATZ
2026-01-30 05:25:12 | WARNING  | [lf.day.no_flights] No direct flights on 25APR
2026-01-30 05:25:12 | INFO     | [SUCCESS] Day 25APR
2026-01-30 05:25:12 | INFO     | [DAY_START] Processing 24APR
[LF] Processing MED-ATZ for 24APR
2026-01-30 05:25:12 | INFO     | [lf.day.start] Processing MED-ATZ for 24APR
[LF] Sending SN command: SN24APRMEDATZ/ASM
[LF] No direct flights on 24APR for MED-ATZ
2026-01-30 05:25:14 | WARNING  | [lf.day.no_flights] No direct flights on 24APR
2026-01-30 05:25:14 | INFO     | [SUCCESS] Day 24APR
2026-01-30 05:25:14 | INFO     | [DAY_START] Processing 23APR
[LF] Processing MED-ATZ for 23APR
2026-01-30 05:25:14 | INFO     | [lf.day.start] Processing MED-ATZ for 23APR
[LF] Sending SN command: SN23APRMEDATZ/ASM
[LF] No direct flights on 23APR for MED-ATZ
2026-01-30 05:25:15 | WARNING  | [lf.day.no_flights] No direct flights on 23APR
2026-01-30 05:25:15 | INFO     | [SUCCESS] Day 23APR
2026-01-30 05:25:15 | INFO     | [DAY_START] Processing 22APR
[LF] Processing MED-ATZ for 22APR
2026-01-30 05:25:15 | INFO     | [lf.day.start] Processing MED-ATZ for 22APR
[LF] Sending SN command: SN22APRMEDATZ/ASM
[LF] No direct flights on 22APR for MED-ATZ
2026-01-30 05:25:16 | WARNING  | [lf.day.no_flights] No direct flights on 22APR
2026-01-30 05:25:16 | INFO     | [SUCCESS] Day 22APR
2026-01-30 05:25:16 | INFO     | [DAY_START] Processing 21APR
[LF] Processing MED-ATZ for 21APR
2026-01-30 05:25:16 | INFO     | [lf.day.start] Processing MED-ATZ for 21APR
[LF] Sending SN command: SN21APRMEDATZ/ASM
[LF] No direct flights on 21APR for MED-ATZ
2026-01-30 05:25:17 | WARNING  | [lf.day.no_flights] No direct flights on 21APR
2026-01-30 05:25:17 | INFO     | [SUCCESS] Day 21APR
2026-01-30 05:25:17 | INFO     | [DAY_START] Processing 20APR
[LF] Processing MED-ATZ for 20APR
2026-01-30 05:25:17 | INFO     | [lf.day.start] Processing MED-ATZ for 20APR
[LF] Sending SN command: SN20APRMEDATZ/ASM
[LF] No direct flights on 20APR for MED-ATZ
2026-01-30 05:25:18 | WARNING  | [lf.day.no_flights] No direct flights on 20APR
2026-01-30 05:25:18 | INFO     | [SUCCESS] Day 20APR
[LF] Results summary:
  2026-04-29: 0 flights
  2026-04-28: 0 flights
  2026-04-27: 0 flights
  2026-04-26: 1 flights
  2026-04-25: 0 flights
  2026-04-24: 0 flights
  2026-04-23: 0 flights
  2026-04-22: 0 flights
  2026-04-21: 0 flights
  2026-04-20: 0 flights
2026-01-30 05:25:18 | INFO     | [SUCCESS] LF Search Complete

============================================================
[Worker_9233] ✓ COMPLETED: MED-ATZ
  Results: 10 dates
  Errors: 0 dates
  Total Processed: 29 groups
============================================================

2026-01-30 05:25:18 | INFO     | [Worker_9233] Completed: MED-ATZ - 10 results, 0 errors

============================================================
[Worker_9233] Processing: RUH-CAI
  Tier 0: Range 3, Chunk 1/3
  Dates: 10 days
  Date Range: 2026-04-29 to 2026-04-20
============================================================

2026-01-30 05:25:18 | INFO     | [Worker_9233] Processing: RUH-CAI
2026-01-30 05:25:18 | INFO     |   Tier 0: Range 3, Chunk 1/3 (10 days)
2026-01-30 05:25:18 | INFO     | ======================================================================
2026-01-30 05:25:18 | INFO     | Load Factor Scraper Started - Route: RUH-CAI
2026-01-30 05:25:18 | INFO     | Log file: D:\CODERED\LAB\Artifacts\outputs\run_generated_300126_at_05.16\logs\LF_RUH-CAI_20260130_052518.log
2026-01-30 05:25:18 | INFO     | Enhanced logging: Capturing both logging.info() and print()
2026-01-30 05:25:18 | INFO     | ======================================================================
[LF] Processing dates (override): ['29APR', '28APR', '27APR', '26APR', '25APR', '24APR', '23APR', '22APR', '21APR', '20APR']
[LF] Attaching to Chrome for Altea access
2026-01-30 05:25:18 | INFO     | Starting LF search for route: RUH-CAI
2026-01-30 05:25:18 | INFO     | [START] LF Search
[LF][[OK] SUCCESS] Connected to Chrome on 127.0.0.1:9233 (after 1 attempts)
2026-01-30 05:25:19 | INFO     | [HEALTH CHECK] [OK] Chrome connection is healthy
[LF][[OK] SUCCESS] Found Amadeus Altea window: Altéa Reservation Desktop
[LF][[INFO] INFO] URL: https://tc212.resdesktop.altea.amadeus.com/app_ard/apf/init/login?SITE=ESMPESMP&LANGUAGE=GB&MARKETS=ARDW_PROD_WBP&ACTION=clpLogin
2026-01-30 05:25:19 | INFO     | [DAY_START] Processing 29APR
[LF] Processing RUH-CAI for 29APR
2026-01-30 05:25:19 | INFO     | [lf.day.start] Processing RUH-CAI for 29APR
[LF] Sending SN command: SN29APRRUHCAI/ASM
[LF] 29APR: found 1 direct flights
2026-01-30 05:25:20 | INFO     | [lf.day.flights_found] Found 1 flights on 29APR
2026-01-30 05:25:22 | INFO     | [lf.flight.extracted] SM462 on 29APR: BKG=0, LF=0.0%
[LF] SM462 29APR: BKG=0, GRP=0, CAP=167, LF%=0.0%, Brd-Off=RUH-CAI
2026-01-30 05:25:23 | INFO     | [SUCCESS] Day 29APR
2026-01-30 05:25:23 | INFO     | [DAY_START] Processing 28APR
[LF] Processing RUH-CAI for 28APR
2026-01-30 05:25:23 | INFO     | [lf.day.start] Processing RUH-CAI for 28APR
[LF] Sending SN command: SN28APRRUHCAI/ASM
[LF] 28APR: found 1 direct flights
2026-01-30 05:25:24 | INFO     | [lf.day.flights_found] Found 1 flights on 28APR
2026-01-30 05:25:26 | INFO     | [lf.flight.extracted] SM462 on 28APR: BKG=0, LF=0.0%
[LF] SM462 28APR: BKG=0, GRP=0, CAP=167, LF%=0.0%, Brd-Off=RUH-CAI
2026-01-30 05:25:27 | INFO     | [SUCCESS] Day 28APR
2026-01-30 05:25:27 | INFO     | [DAY_START] Processing 27APR
[LF] Processing RUH-CAI for 27APR
2026-01-30 05:25:27 | INFO     | [lf.day.start] Processing RUH-CAI for 27APR
[LF] Sending SN command: SN27APRRUHCAI/ASM
[LF] 27APR: found 1 direct flights
2026-01-30 05:25:28 | INFO     | [lf.day.flights_found] Found 1 flights on 27APR
2026-01-30 05:25:30 | INFO     | [lf.flight.extracted] SM462 on 27APR: BKG=0, LF=0.0%
[LF] SM462 27APR: BKG=0, GRP=0, CAP=167, LF%=0.0%, Brd-Off=RUH-CAI
2026-01-30 05:25:31 | INFO     | [SUCCESS] Day 27APR
2026-01-30 05:25:31 | INFO     | [DAY_START] Processing 26APR
[LF] Processing RUH-CAI for 26APR
2026-01-30 05:25:31 | INFO     | [lf.day.start] Processing RUH-CAI for 26APR
[LF] Sending SN command: SN26APRRUHCAI/ASM
[LF] 26APR: found 1 direct flights
2026-01-30 05:25:32 | INFO     | [lf.day.flights_found] Found 1 flights on 26APR
2026-01-30 05:25:34 | INFO     | [lf.flight.extracted] SM462 on 26APR: BKG=0, LF=0.0%
[LF] SM462 26APR: BKG=0, GRP=0, CAP=167, LF%=0.0%, Brd-Off=RUH-CAI
2026-01-30 05:25:35 | INFO     | [SUCCESS] Day 26APR
2026-01-30 05:25:35 | INFO     | [DAY_START] Processing 25APR
[LF] Processing RUH-CAI for 25APR
2026-01-30 05:25:35 | INFO     | [lf.day.start] Processing RUH-CAI for 25APR
[LF] Sending SN command: SN25APRRUHCAI/ASM
[LF] 25APR: found 1 direct flights
2026-01-30 05:25:36 | INFO     | [lf.day.flights_found] Found 1 flights on 25APR
2026-01-30 05:25:38 | INFO     | [lf.flight.extracted] SM462 on 25APR: BKG=4, LF=2.4%
[LF] SM462 25APR: BKG=4, GRP=0, CAP=167, LF%=2.4%, Brd-Off=RUH-CAI, Classes: I:4
[LF] Getting WEEKLY/LASTSOLD data for 1 flights
[LF] SM462 25APR: LASTSOLD=2026-01-28 00:00:00, WEEKLY=4, TODAY=0, YDAY=0
2026-01-30 05:25:40 | INFO     | [SUCCESS] Day 25APR
2026-01-30 05:25:40 | INFO     | [DAY_START] Processing 24APR
[LF] Processing RUH-CAI for 24APR
2026-01-30 05:25:40 | INFO     | [lf.day.start] Processing RUH-CAI for 24APR
[LF] Sending SN command: SN24APRRUHCAI/ASM
[LF] 24APR: found 1 direct flights
2026-01-30 05:25:42 | INFO     | [lf.day.flights_found] Found 1 flights on 24APR
2026-01-30 05:25:43 | INFO     | [lf.flight.extracted] SM470 on 24APR: BKG=0, LF=0.0%
[LF] SM470 24APR: BKG=0, GRP=0, CAP=175, LF%=0.0%, Brd-Off=RUH-CAI
2026-01-30 05:25:45 | INFO     | [SUCCESS] Day 24APR
2026-01-30 05:25:45 | INFO     | [DAY_START] Processing 23APR
[LF] Processing RUH-CAI for 23APR
2026-01-30 05:25:45 | INFO     | [lf.day.start] Processing RUH-CAI for 23APR
[LF] Sending SN command: SN23APRRUHCAI/ASM
[LF] 23APR: found 1 direct flights
2026-01-30 05:25:46 | INFO     | [lf.day.flights_found] Found 1 flights on 23APR
2026-01-30 05:25:48 | INFO     | [lf.flight.extracted] SM462 on 23APR: BKG=0, LF=0.0%
[LF] SM462 23APR: BKG=0, GRP=0, CAP=167, LF%=0.0%, Brd-Off=RUH-CAI
2026-01-30 05:25:49 | INFO     | [SUCCESS] Day 23APR
2026-01-30 05:25:49 | INFO     | [DAY_START] Processing 22APR
[LF] Processing RUH-CAI for 22APR
2026-01-30 05:25:49 | INFO     | [lf.day.start] Processing RUH-CAI for 22APR
[LF] Sending SN command: SN22APRRUHCAI/ASM
[LF] 22APR: found 1 direct flights
2026-01-30 05:25:50 | INFO     | [lf.day.flights_found] Found 1 flights on 22APR
2026-01-30 05:25:52 | INFO     | [lf.flight.extracted] SM462 on 22APR: BKG=0, LF=0.0%
[LF] SM462 22APR: BKG=0, GRP=0, CAP=167, LF%=0.0%, Brd-Off=RUH-CAI
2026-01-30 05:25:53 | INFO     | [SUCCESS] Day 22APR
2026-01-30 05:25:53 | INFO     | [DAY_START] Processing 21APR
[LF] Processing RUH-CAI for 21APR
2026-01-30 05:25:53 | INFO     | [lf.day.start] Processing RUH-CAI for 21APR
[LF] Sending SN command: SN21APRRUHCAI/ASM
[LF] 21APR: found 1 direct flights
2026-01-30 05:25:54 | INFO     | [lf.day.flights_found] Found 1 flights on 21APR
2026-01-30 05:25:56 | INFO     | [lf.flight.extracted] SM462 on 21APR: BKG=0, LF=0.0%
[LF] SM462 21APR: BKG=0, GRP=0, CAP=167, LF%=0.0%, Brd-Off=RUH-CAI
2026-01-30 05:25:57 | INFO     | [SUCCESS] Day 21APR
2026-01-30 05:25:57 | INFO     | [DAY_START] Processing 20APR
[LF] Processing RUH-CAI for 20APR
2026-01-30 05:25:57 | INFO     | [lf.day.start] Processing RUH-CAI for 20APR
[LF] Sending SN command: SN20APRRUHCAI/ASM
[LF] 20APR: found 1 direct flights
2026-01-30 05:25:59 | INFO     | [lf.day.flights_found] Found 1 flights on 20APR
2026-01-30 05:26:01 | INFO     | [lf.flight.extracted] SM462 on 20APR: BKG=0, LF=0.0%
[LF] SM462 20APR: BKG=0, GRP=0, CAP=167, LF%=0.0%, Brd-Off=RUH-CAI
2026-01-30 05:26:02 | INFO     | [SUCCESS] Day 20APR
[LF] Results summary:
  2026-04-29: 1 flights
  2026-04-28: 1 flights
  2026-04-27: 1 flights
  2026-04-26: 1 flights
  2026-04-25: 1 flights
  2026-04-24: 1 flights
  2026-04-23: 1 flights
  2026-04-22: 1 flights
  2026-04-21: 1 flights
  2026-04-20: 1 flights
2026-01-30 05:26:02 | INFO     | [SUCCESS] LF Search Complete

============================================================
[Worker_9233] ✓ COMPLETED: RUH-CAI
  Results: 10 dates
  Errors: 0 dates
  Total Processed: 30 groups
============================================================

2026-01-30 05:26:02 | INFO     | [Worker_9233] Completed: RUH-CAI - 10 results, 0 errors

============================================================
[Worker_9233] Processing: GIZ-CAI
  Tier 0: Range 3, Chunk 1/3
  Dates: 10 days
  Date Range: 2026-04-29 to 2026-04-20
============================================================

2026-01-30 05:26:02 | INFO     | [Worker_9233] Processing: GIZ-CAI
2026-01-30 05:26:02 | INFO     |   Tier 0: Range 3, Chunk 1/3 (10 days)
2026-01-30 05:26:02 | INFO     | ======================================================================
2026-01-30 05:26:02 | INFO     | Load Factor Scraper Started - Route: GIZ-CAI
2026-01-30 05:26:02 | INFO     | Log file: D:\CODERED\LAB\Artifacts\outputs\run_generated_300126_at_05.16\logs\LF_GIZ-CAI_20260130_052602.log
2026-01-30 05:26:02 | INFO     | Enhanced logging: Capturing both logging.info() and print()
2026-01-30 05:26:02 | INFO     | ======================================================================
[LF] Processing dates (override): ['29APR', '28APR', '27APR', '26APR', '25APR', '24APR', '23APR', '22APR', '21APR', '20APR']
[LF] Attaching to Chrome for Altea access
2026-01-30 05:26:02 | INFO     | Starting LF search for route: GIZ-CAI
2026-01-30 05:26:02 | INFO     | [START] LF Search
[LF][[OK] SUCCESS] Connected to Chrome on 127.0.0.1:9233 (after 1 attempts)
2026-01-30 05:26:03 | INFO     | [HEALTH CHECK] [OK] Chrome connection is healthy
[LF][[OK] SUCCESS] Found Amadeus Altea window: Altéa Reservation Desktop
[LF][[INFO] INFO] URL: https://tc212.resdesktop.altea.amadeus.com/app_ard/apf/init/login?SITE=ESMPESMP&LANGUAGE=GB&MARKETS=ARDW_PROD_WBP&ACTION=clpLogin
2026-01-30 05:26:03 | INFO     | [DAY_START] Processing 29APR
[LF] Processing GIZ-CAI for 29APR
2026-01-30 05:26:03 | INFO     | [lf.day.start] Processing GIZ-CAI for 29APR
[LF] Sending SN command: SN29APRGIZCAI/ASM
[LF] No direct flights on 29APR for GIZ-CAI
2026-01-30 05:26:04 | WARNING  | [lf.day.no_flights] No direct flights on 29APR
2026-01-30 05:26:04 | INFO     | [SUCCESS] Day 29APR
2026-01-30 05:26:04 | INFO     | [DAY_START] Processing 28APR
[LF] Processing GIZ-CAI for 28APR
2026-01-30 05:26:04 | INFO     | [lf.day.start] Processing GIZ-CAI for 28APR
[LF] Sending SN command: SN28APRGIZCAI/ASM
[LF] No direct flights on 28APR for GIZ-CAI
2026-01-30 05:26:05 | WARNING  | [lf.day.no_flights] No direct flights on 28APR
2026-01-30 05:26:05 | INFO     | [SUCCESS] Day 28APR
2026-01-30 05:26:05 | INFO     | [DAY_START] Processing 27APR
[LF] Processing GIZ-CAI for 27APR
2026-01-30 05:26:05 | INFO     | [lf.day.start] Processing GIZ-CAI for 27APR
[LF] Sending SN command: SN27APRGIZCAI/ASM
[LF] No direct flights on 27APR for GIZ-CAI
2026-01-30 05:26:06 | WARNING  | [lf.day.no_flights] No direct flights on 27APR
2026-01-30 05:26:06 | INFO     | [SUCCESS] Day 27APR
2026-01-30 05:26:06 | INFO     | [DAY_START] Processing 26APR
[LF] Processing GIZ-CAI for 26APR
2026-01-30 05:26:06 | INFO     | [lf.day.start] Processing GIZ-CAI for 26APR
[LF] Sending SN command: SN26APRGIZCAI/ASM
[LF] 26APR: found 1 direct flights
2026-01-30 05:26:07 | INFO     | [lf.day.flights_found] Found 1 flights on 26APR
2026-01-30 05:26:09 | INFO     | [lf.flight.extracted] SM330 on 26APR: BKG=0, LF=0.0%
[LF] SM330 26APR: BKG=0, GRP=0, CAP=175, LF%=0.0%, Brd-Off=GIZ-CAI
2026-01-30 05:26:10 | INFO     | [SUCCESS] Day 26APR
2026-01-30 05:26:10 | INFO     | [DAY_START] Processing 25APR
[LF] Processing GIZ-CAI for 25APR
2026-01-30 05:26:10 | INFO     | [lf.day.start] Processing GIZ-CAI for 25APR
[LF] Sending SN command: SN25APRGIZCAI/ASM
[LF] No direct flights on 25APR for GIZ-CAI
2026-01-30 05:26:12 | WARNING  | [lf.day.no_flights] No direct flights on 25APR
2026-01-30 05:26:12 | INFO     | [SUCCESS] Day 25APR
2026-01-30 05:26:12 | INFO     | [DAY_START] Processing 24APR
[LF] Processing GIZ-CAI for 24APR
2026-01-30 05:26:12 | INFO     | [lf.day.start] Processing GIZ-CAI for 24APR
[LF] Sending SN command: SN24APRGIZCAI/ASM
[LF] 24APR: found 1 direct flights
2026-01-30 05:26:13 | INFO     | [lf.day.flights_found] Found 1 flights on 24APR
2026-01-30 05:26:14 | INFO     | [lf.flight.extracted] SM330 on 24APR: BKG=3, LF=1.7%
[LF] SM330 24APR: BKG=3, GRP=0, CAP=175, LF%=1.7%, Brd-Off=GIZ-CAI, Classes: I:3
[LF] Getting WEEKLY/LASTSOLD data for 1 flights
[LF] SM330 24APR: LASTSOLD=2025-12-29 00:00:00, WEEKLY=0, TODAY=0, YDAY=0
2026-01-30 05:26:17 | INFO     | [SUCCESS] Day 24APR
2026-01-30 05:26:17 | INFO     | [DAY_START] Processing 23APR
[LF] Processing GIZ-CAI for 23APR
2026-01-30 05:26:17 | INFO     | [lf.day.start] Processing GIZ-CAI for 23APR
[LF] Sending SN command: SN23APRGIZCAI/ASM
[LF] 23APR: found 1 direct flights
2026-01-30 05:26:18 | INFO     | [lf.day.flights_found] Found 1 flights on 23APR
2026-01-30 05:26:20 | INFO     | [lf.flight.extracted] SM330 on 23APR: BKG=0, LF=0.0%
[LF] SM330 23APR: BKG=0, GRP=0, CAP=175, LF%=0.0%, Brd-Off=GIZ-CAI
2026-01-30 05:26:21 | INFO     | [SUCCESS] Day 23APR
2026-01-30 05:26:21 | INFO     | [DAY_START] Processing 22APR
[LF] Processing GIZ-CAI for 22APR
2026-01-30 05:26:21 | INFO     | [lf.day.start] Processing GIZ-CAI for 22APR
[LF] Sending SN command: SN22APRGIZCAI/ASM
[LF] No direct flights on 22APR for GIZ-CAI
2026-01-30 05:26:22 | WARNING  | [lf.day.no_flights] No direct flights on 22APR
2026-01-30 05:26:22 | INFO     | [SUCCESS] Day 22APR
2026-01-30 05:26:22 | INFO     | [DAY_START] Processing 21APR
[LF] Processing GIZ-CAI for 21APR
2026-01-30 05:26:22 | INFO     | [lf.day.start] Processing GIZ-CAI for 21APR
[LF] Sending SN command: SN21APRGIZCAI/ASM
[LF] No direct flights on 21APR for GIZ-CAI
2026-01-30 05:26:23 | WARNING  | [lf.day.no_flights] No direct flights on 21APR
2026-01-30 05:26:23 | INFO     | [SUCCESS] Day 21APR
2026-01-30 05:26:23 | INFO     | [DAY_START] Processing 20APR
[LF] Processing GIZ-CAI for 20APR
2026-01-30 05:26:23 | INFO     | [lf.day.start] Processing GIZ-CAI for 20APR
[LF] Sending SN command: SN20APRGIZCAI/ASM
[LF] No direct flights on 20APR for GIZ-CAI
2026-01-30 05:26:25 | WARNING  | [lf.day.no_flights] No direct flights on 20APR
2026-01-30 05:26:25 | INFO     | [SUCCESS] Day 20APR
[LF] Results summary:
  2026-04-29: 0 flights
  2026-04-28: 0 flights
  2026-04-27: 0 flights
  2026-04-26: 1 flights
  2026-04-25: 0 flights
  2026-04-24: 1 flights
  2026-04-23: 1 flights
  2026-04-22: 0 flights
  2026-04-21: 0 flights
  2026-04-20: 0 flights
2026-01-30 05:26:25 | INFO     | [SUCCESS] LF Search Complete

============================================================
[Worker_9233] ✓ COMPLETED: GIZ-CAI
  Results: 10 dates
  Errors: 0 dates
  Total Processed: 31 groups
============================================================

2026-01-30 05:26:47 | INFO     | [Worker_9233] Completed: GIZ-CAI - 10 results, 0 errors

============================================================
[Worker_9233] Processing: CAI-TUU
  Tier 0: Range 3, Chunk 1/3
  Dates: 10 days
  Date Range: 2026-04-29 to 2026-04-20
============================================================

2026-01-30 05:26:47 | INFO     | [Worker_9233] Processing: CAI-TUU
2026-01-30 05:26:47 | INFO     |   Tier 0: Range 3, Chunk 1/3 (10 days)
2026-01-30 05:26:47 | INFO     | ======================================================================
2026-01-30 05:26:47 | INFO     | Load Factor Scraper Started - Route: CAI-TUU
2026-01-30 05:26:47 | INFO     | Log file: D:\CODERED\LAB\Artifacts\outputs\run_generated_300126_at_05.16\logs\LF_CAI-TUU_20260130_052647.log
2026-01-30 05:26:47 | INFO     | Enhanced logging: Capturing both logging.info() and print()
2026-01-30 05:26:47 | INFO     | ======================================================================
[LF] Processing dates (override): ['29APR', '28APR', '27APR', '26APR', '25APR', '24APR', '23APR', '22APR', '21APR', '20APR']
[LF] Attaching to Chrome for Altea access
2026-01-30 05:26:47 | INFO     | Starting LF search for route: CAI-TUU
2026-01-30 05:26:47 | INFO     | [START] LF Search
[LF][[OK] SUCCESS] Connected to Chrome on 127.0.0.1:9233 (after 1 attempts)
2026-01-30 05:26:48 | INFO     | [HEALTH CHECK] [OK] Chrome connection is healthy
[LF][[OK] SUCCESS] Found Amadeus Altea window: Altéa Reservation Desktop
[LF][[INFO] INFO] URL: https://tc212.resdesktop.altea.amadeus.com/app_ard/apf/init/login?SITE=ESMPESMP&LANGUAGE=GB&MARKETS=ARDW_PROD_WBP&ACTION=clpLogin
2026-01-30 05:26:48 | INFO     | [DAY_START] Processing 29APR
[LF] Processing CAI-TUU for 29APR
2026-01-30 05:26:48 | INFO     | [lf.day.start] Processing CAI-TUU for 29APR
[LF] Sending SN command: SN29APRCAITUU/ASM
[LF] No direct flights on 29APR for CAI-TUU
2026-01-30 05:26:49 | WARNING  | [lf.day.no_flights] No direct flights on 29APR
2026-01-30 05:26:49 | INFO     | [SUCCESS] Day 29APR
2026-01-30 05:26:49 | INFO     | [DAY_START] Processing 28APR
[LF] Processing CAI-TUU for 28APR
2026-01-30 05:26:49 | INFO     | [lf.day.start] Processing CAI-TUU for 28APR
[LF] Sending SN command: SN28APRCAITUU/ASM
[LF] 28APR: found 1 direct flights
2026-01-30 05:26:50 | INFO     | [lf.day.flights_found] Found 1 flights on 28APR
2026-01-30 05:26:52 | INFO     | [lf.flight.extracted] SM325 on 28APR: BKG=0, LF=0.0%
[LF] SM325 28APR: BKG=0, GRP=0, CAP=179, LF%=0.0%, Brd-Off=CAI-TUU
2026-01-30 05:26:53 | INFO     | [SUCCESS] Day 28APR
2026-01-30 05:26:53 | INFO     | [DAY_START] Processing 27APR
[LF] Processing CAI-TUU for 27APR
2026-01-30 05:26:53 | INFO     | [lf.day.start] Processing CAI-TUU for 27APR
[LF] Sending SN command: SN27APRCAITUU/ASM
[LF] No direct flights on 27APR for CAI-TUU
2026-01-30 05:26:54 | WARNING  | [lf.day.no_flights] No direct flights on 27APR
2026-01-30 05:26:54 | INFO     | [SUCCESS] Day 27APR
2026-01-30 05:26:54 | INFO     | [DAY_START] Processing 26APR
[LF] Processing CAI-TUU for 26APR
2026-01-30 05:26:54 | INFO     | [lf.day.start] Processing CAI-TUU for 26APR
[LF] Sending SN command: SN26APRCAITUU/ASM
[LF] No direct flights on 26APR for CAI-TUU
2026-01-30 05:26:56 | WARNING  | [lf.day.no_flights] No direct flights on 26APR
2026-01-30 05:26:56 | INFO     | [SUCCESS] Day 26APR
2026-01-30 05:26:56 | INFO     | [DAY_START] Processing 25APR
[LF] Processing CAI-TUU for 25APR
2026-01-30 05:26:56 | INFO     | [lf.day.start] Processing CAI-TUU for 25APR
[LF] Sending SN command: SN25APRCAITUU/ASM
[LF] 25APR: found 1 direct flights
2026-01-30 05:26:57 | INFO     | [lf.day.flights_found] Found 1 flights on 25APR
2026-01-30 05:26:59 | INFO     | [lf.flight.extracted] SM325 on 25APR: BKG=0, LF=0.0%
[LF] SM325 25APR: BKG=0, GRP=0, CAP=179, LF%=0.0%, Brd-Off=CAI-TUU
2026-01-30 05:27:00 | INFO     | [SUCCESS] Day 25APR
2026-01-30 05:27:00 | INFO     | [DAY_START] Processing 24APR
[LF] Processing CAI-TUU for 24APR
2026-01-30 05:27:00 | INFO     | [lf.day.start] Processing CAI-TUU for 24APR
[LF] Sending SN command: SN24APRCAITUU/ASM
[LF] 24APR: found 1 direct flights
2026-01-30 05:27:01 | INFO     | [lf.day.flights_found] Found 1 flights on 24APR
2026-01-30 05:27:03 | INFO     | [lf.flight.extracted] SM325 on 24APR: BKG=2, LF=1.1%
[LF] SM325 24APR: BKG=2, GRP=0, CAP=179, LF%=1.1%, Brd-Off=CAI-TUU, Classes: I:2
[LF] Getting WEEKLY/LASTSOLD data for 1 flights
[LF] SM325 24APR: LASTSOLD=2025-12-31 00:00:00, WEEKLY=0, TODAY=0, YDAY=0
2026-01-30 05:27:06 | INFO     | [SUCCESS] Day 24APR
2026-01-30 05:27:06 | INFO     | [DAY_START] Processing 23APR
[LF] Processing CAI-TUU for 23APR
2026-01-30 05:27:06 | INFO     | [lf.day.start] Processing CAI-TUU for 23APR
[LF] Sending SN command: SN23APRCAITUU/ASM
[LF] 23APR: found 1 direct flights
2026-01-30 05:27:07 | INFO     | [lf.day.flights_found] Found 1 flights on 23APR
2026-01-30 05:27:09 | INFO     | [lf.flight.extracted] SM325 on 23APR: BKG=0, LF=0.0%
[LF] SM325 23APR: BKG=0, GRP=0, CAP=179, LF%=0.0%, Brd-Off=CAI-TUU
2026-01-30 05:27:10 | INFO     | [SUCCESS] Day 23APR
2026-01-30 05:27:10 | INFO     | [DAY_START] Processing 22APR
[LF] Processing CAI-TUU for 22APR
2026-01-30 05:27:10 | INFO     | [lf.day.start] Processing CAI-TUU for 22APR
[LF] Sending SN command: SN22APRCAITUU/ASM
[LF] No direct flights on 22APR for CAI-TUU
2026-01-30 05:27:11 | WARNING  | [lf.day.no_flights] No direct flights on 22APR
2026-01-30 05:27:11 | INFO     | [SUCCESS] Day 22APR
2026-01-30 05:27:11 | INFO     | [DAY_START] Processing 21APR
[LF] Processing CAI-TUU for 21APR
2026-01-30 05:27:11 | INFO     | [lf.day.start] Processing CAI-TUU for 21APR
[LF] Sending SN command: SN21APRCAITUU/ASM
[LF] 21APR: found 1 direct flights
2026-01-30 05:27:12 | INFO     | [lf.day.flights_found] Found 1 flights on 21APR
2026-01-30 05:27:14 | INFO     | [lf.flight.extracted] SM325 on 21APR: BKG=0, LF=0.0%
[LF] SM325 21APR: BKG=0, GRP=0, CAP=179, LF%=0.0%, Brd-Off=CAI-TUU
2026-01-30 05:27:16 | INFO     | [SUCCESS] Day 21APR
2026-01-30 05:27:16 | INFO     | [DAY_START] Processing 20APR
[LF] Processing CAI-TUU for 20APR
2026-01-30 05:27:16 | INFO     | [lf.day.start] Processing CAI-TUU for 20APR
[LF] Sending SN command: SN20APRCAITUU/ASM
[LF] No direct flights on 20APR for CAI-TUU
2026-01-30 05:27:17 | WARNING  | [lf.day.no_flights] No direct flights on 20APR
2026-01-30 05:27:17 | INFO     | [SUCCESS] Day 20APR
[LF] Results summary:
  2026-04-29: 0 flights
  2026-04-28: 1 flights
  2026-04-27: 0 flights
  2026-04-26: 0 flights
  2026-04-25: 1 flights
  2026-04-24: 1 flights
  2026-04-23: 1 flights
  2026-04-22: 0 flights
  2026-04-21: 1 flights
  2026-04-20: 0 flights
2026-01-30 05:27:17 | INFO     | [SUCCESS] LF Search Complete

============================================================
[Worker_9233] ✓ COMPLETED: CAI-TUU
  Results: 10 dates
  Errors: 0 dates
  Total Processed: 32 groups
============================================================

2026-01-30 05:27:17 | INFO     | [Worker_9233] Completed: CAI-TUU - 10 results, 0 errors

============================================================
[Worker_9233] Processing: CAI-ELQ
  Tier 0: Range 3, Chunk 1/3
  Dates: 10 days
  Date Range: 2026-04-29 to 2026-04-20
============================================================

2026-01-30 05:27:17 | INFO     | [Worker_9233] Processing: CAI-ELQ
2026-01-30 05:27:17 | INFO     |   Tier 0: Range 3, Chunk 1/3 (10 days)
2026-01-30 05:27:17 | INFO     | ======================================================================
2026-01-30 05:27:17 | INFO     | Load Factor Scraper Started - Route: CAI-ELQ
2026-01-30 05:27:17 | INFO     | Log file: D:\CODERED\LAB\Artifacts\outputs\run_generated_300126_at_05.16\logs\LF_CAI-ELQ_20260130_052717.log
2026-01-30 05:27:17 | INFO     | Enhanced logging: Capturing both logging.info() and print()
2026-01-30 05:27:17 | INFO     | ======================================================================
[LF] Processing dates (override): ['29APR', '28APR', '27APR', '26APR', '25APR', '24APR', '23APR', '22APR', '21APR', '20APR']
[LF] Attaching to Chrome for Altea access
2026-01-30 05:27:17 | INFO     | Starting LF search for route: CAI-ELQ
2026-01-30 05:27:17 | INFO     | [START] LF Search
[LF][[OK] SUCCESS] Connected to Chrome on 127.0.0.1:9233 (after 1 attempts)
2026-01-30 05:27:18 | INFO     | [HEALTH CHECK] [OK] Chrome connection is healthy
[LF][[OK] SUCCESS] Found Amadeus Altea window: Altéa Reservation Desktop
[LF][[INFO] INFO] URL: https://tc212.resdesktop.altea.amadeus.com/app_ard/apf/init/login?SITE=ESMPESMP&LANGUAGE=GB&MARKETS=ARDW_PROD_WBP&ACTION=clpLogin
2026-01-30 05:27:18 | INFO     | [DAY_START] Processing 29APR
[LF] Processing CAI-ELQ for 29APR
2026-01-30 05:27:18 | INFO     | [lf.day.start] Processing CAI-ELQ for 29APR
[LF] Sending SN command: SN29APRCAIELQ/ASM
[LF] 29APR: found 1 direct flights
2026-01-30 05:27:19 | INFO     | [lf.day.flights_found] Found 1 flights on 29APR
2026-01-30 05:27:21 | INFO     | [lf.flight.extracted] SM427 on 29APR: BKG=5, LF=2.8%
[LF] SM427 29APR: BKG=5, GRP=0, CAP=179, LF%=2.8%, Brd-Off=CAI-ELQ, Classes: I:5
[LF] Getting WEEKLY/LASTSOLD data for 1 flights
[LF] SM427 29APR: LASTSOLD=2026-01-24 00:00:00, WEEKLY=1, TODAY=0, YDAY=0
2026-01-30 05:27:24 | INFO     | [SUCCESS] Day 29APR
2026-01-30 05:27:24 | INFO     | [DAY_START] Processing 28APR
[LF] Processing CAI-ELQ for 28APR
2026-01-30 05:27:24 | INFO     | [lf.day.start] Processing CAI-ELQ for 28APR
[LF] Sending SN command: SN28APRCAIELQ/ASM
[LF] 28APR: found 1 direct flights
2026-01-30 05:27:25 | INFO     | [lf.day.flights_found] Found 1 flights on 28APR
2026-01-30 05:27:27 | INFO     | [lf.flight.extracted] SM427 on 28APR: BKG=3, LF=1.7%
[LF] SM427 28APR: BKG=3, GRP=0, CAP=179, LF%=1.7%, Brd-Off=CAI-ELQ, Classes: I:3
[LF] Getting WEEKLY/LASTSOLD data for 1 flights
[LF] SM427 28APR: LASTSOLD=2026-01-16 00:00:00, WEEKLY=0, TODAY=0, YDAY=0
2026-01-30 05:27:29 | INFO     | [SUCCESS] Day 28APR
2026-01-30 05:27:29 | INFO     | [DAY_START] Processing 27APR
[LF] Processing CAI-ELQ for 27APR
2026-01-30 05:27:29 | INFO     | [lf.day.start] Processing CAI-ELQ for 27APR
[LF] Sending SN command: SN27APRCAIELQ/ASM
[LF] No direct flights on 27APR for CAI-ELQ
2026-01-30 05:27:30 | WARNING  | [lf.day.no_flights] No direct flights on 27APR
2026-01-30 05:27:30 | INFO     | [SUCCESS] Day 27APR
2026-01-30 05:27:30 | INFO     | [DAY_START] Processing 26APR
[LF] Processing CAI-ELQ for 26APR
2026-01-30 05:27:30 | INFO     | [lf.day.start] Processing CAI-ELQ for 26APR
[LF] Sending SN command: SN26APRCAIELQ/ASM
[LF] No direct flights on 26APR for CAI-ELQ
2026-01-30 05:27:32 | WARNING  | [lf.day.no_flights] No direct flights on 26APR
2026-01-30 05:27:32 | INFO     | [SUCCESS] Day 26APR
2026-01-30 05:27:32 | INFO     | [DAY_START] Processing 25APR
[LF] Processing CAI-ELQ for 25APR
2026-01-30 05:27:32 | INFO     | [lf.day.start] Processing CAI-ELQ for 25APR
[LF] Sending SN command: SN25APRCAIELQ/ASM
[LF] No direct flights on 25APR for CAI-ELQ
2026-01-30 05:27:33 | WARNING  | [lf.day.no_flights] No direct flights on 25APR
2026-01-30 05:27:33 | INFO     | [SUCCESS] Day 25APR
2026-01-30 05:27:33 | INFO     | [DAY_START] Processing 24APR
[LF] Processing CAI-ELQ for 24APR
2026-01-30 05:27:33 | INFO     | [lf.day.start] Processing CAI-ELQ for 24APR
[LF] Sending SN command: SN24APRCAIELQ/ASM
[LF] 24APR: found 1 direct flights
2026-01-30 05:27:34 | INFO     | [lf.day.flights_found] Found 1 flights on 24APR
2026-01-30 05:27:36 | INFO     | [lf.flight.extracted] SM427 on 24APR: BKG=4, LF=2.2%
[LF] SM427 24APR: BKG=4, GRP=0, CAP=179, LF%=2.2%, Brd-Off=CAI-ELQ, Classes: I:4
[LF] Getting WEEKLY/LASTSOLD data for 1 flights
[LF] SM427 24APR: LASTSOLD=2026-01-28 00:00:00, WEEKLY=2, TODAY=0, YDAY=0
2026-01-30 05:27:38 | INFO     | [SUCCESS] Day 24APR
2026-01-30 05:27:38 | INFO     | [DAY_START] Processing 23APR
[LF] Processing CAI-ELQ for 23APR
2026-01-30 05:27:38 | INFO     | [lf.day.start] Processing CAI-ELQ for 23APR
[LF] Sending SN command: SN23APRCAIELQ/ASM
[LF] No direct flights on 23APR for CAI-ELQ
2026-01-30 05:27:39 | WARNING  | [lf.day.no_flights] No direct flights on 23APR
2026-01-30 05:27:39 | INFO     | [SUCCESS] Day 23APR
2026-01-30 05:27:39 | INFO     | [DAY_START] Processing 22APR
[LF] Processing CAI-ELQ for 22APR
2026-01-30 05:27:39 | INFO     | [lf.day.start] Processing CAI-ELQ for 22APR
[LF] Sending SN command: SN22APRCAIELQ/ASM
[LF] 22APR: found 1 direct flights
2026-01-30 05:27:40 | INFO     | [lf.day.flights_found] Found 1 flights on 22APR
2026-01-30 05:27:42 | INFO     | [lf.flight.extracted] SM427 on 22APR: BKG=3, LF=1.7%
[LF] SM427 22APR: BKG=3, GRP=0, CAP=179, LF%=1.7%, Brd-Off=CAI-ELQ, Classes: I:3
[LF] Getting WEEKLY/LASTSOLD data for 1 flights
[LF] SM427 22APR: LASTSOLD=2026-01-16 00:00:00, WEEKLY=0, TODAY=0, YDAY=0
2026-01-30 05:27:45 | INFO     | [SUCCESS] Day 22APR
2026-01-30 05:27:45 | INFO     | [DAY_START] Processing 21APR
[LF] Processing CAI-ELQ for 21APR
2026-01-30 05:27:45 | INFO     | [lf.day.start] Processing CAI-ELQ for 21APR
[LF] Sending SN command: SN21APRCAIELQ/ASM
[LF] 21APR: found 1 direct flights
2026-01-30 05:27:46 | INFO     | [lf.day.flights_found] Found 1 flights on 21APR
2026-01-30 05:27:48 | INFO     | [lf.flight.extracted] SM427 on 21APR: BKG=4, LF=2.2%
[LF] SM427 21APR: BKG=4, GRP=0, CAP=179, LF%=2.2%, Brd-Off=CAI-ELQ, Classes: I:4
[LF] Getting WEEKLY/LASTSOLD data for 1 flights
[LF] SM427 21APR: LASTSOLD=2026-01-29 00:00:00, WEEKLY=1, TODAY=0, YDAY=1
2026-01-30 05:27:50 | INFO     | [SUCCESS] Day 21APR
2026-01-30 05:27:50 | INFO     | [DAY_START] Processing 20APR
[LF] Processing CAI-ELQ for 20APR
2026-01-30 05:27:50 | INFO     | [lf.day.start] Processing CAI-ELQ for 20APR
[LF] Sending SN command: SN20APRCAIELQ/ASM
[LF] No direct flights on 20APR for CAI-ELQ
2026-01-30 05:27:51 | WARNING  | [lf.day.no_flights] No direct flights on 20APR
2026-01-30 05:27:51 | INFO     | [SUCCESS] Day 20APR
[LF] Results summary:
  2026-04-29: 1 flights
  2026-04-28: 1 flights
  2026-04-27: 0 flights
  2026-04-26: 0 flights
  2026-04-25: 0 flights
  2026-04-24: 1 flights
  2026-04-23: 0 flights
  2026-04-22: 1 flights
  2026-04-21: 1 flights
  2026-04-20: 0 flights
2026-01-30 05:27:51 | INFO     | [SUCCESS] LF Search Complete

============================================================
[Worker_9233] ✓ COMPLETED: CAI-ELQ
  Results: 10 dates
  Errors: 0 dates
  Total Processed: 33 groups
============================================================

2026-01-30 05:27:51 | INFO     | [Worker_9233] Completed: CAI-ELQ - 10 results, 0 errors

============================================================
[Worker_9233] Processing: JED-CAI
  Tier 0: Range 3, Chunk 2/3
  Dates: 10 days
  Date Range: 2026-04-19 to 2026-04-10
============================================================

2026-01-30 05:27:51 | INFO     | [Worker_9233] Processing: JED-CAI
2026-01-30 05:27:51 | INFO     |   Tier 0: Range 3, Chunk 2/3 (10 days)
2026-01-30 05:27:51 | INFO     | ======================================================================
2026-01-30 05:27:51 | INFO     | Load Factor Scraper Started - Route: JED-CAI
2026-01-30 05:27:51 | INFO     | Log file: D:\CODERED\LAB\Artifacts\outputs\run_generated_300126_at_05.16\logs\LF_JED-CAI_20260130_052751.log
2026-01-30 05:27:51 | INFO     | Enhanced logging: Capturing both logging.info() and print()
2026-01-30 05:27:51 | INFO     | ======================================================================
[LF] Processing dates (override): ['19APR', '18APR', '17APR', '16APR', '15APR', '14APR', '13APR', '12APR', '11APR', '10APR']
[LF] Attaching to Chrome for Altea access
2026-01-30 05:27:51 | INFO     | Starting LF search for route: JED-CAI
2026-01-30 05:27:51 | INFO     | [START] LF Search
[LF][[OK] SUCCESS] Connected to Chrome on 127.0.0.1:9233 (after 1 attempts)
2026-01-30 05:27:52 | INFO     | [HEALTH CHECK] [OK] Chrome connection is healthy
[LF][[OK] SUCCESS] Found Amadeus Altea window: Altéa Reservation Desktop
[LF][[INFO] INFO] URL: https://tc212.resdesktop.altea.amadeus.com/app_ard/apf/init/login?SITE=ESMPESMP&LANGUAGE=GB&MARKETS=ARDW_PROD_WBP&ACTION=clpLogin
2026-01-30 05:27:52 | INFO     | [DAY_START] Processing 19APR
[LF] Processing JED-CAI for 19APR
2026-01-30 05:27:52 | INFO     | [lf.day.start] Processing JED-CAI for 19APR
[LF] Sending SN command: SN19APRJEDCAI/ASM
[LF] 19APR: found 2 direct flights
2026-01-30 05:27:53 | INFO     | [lf.day.flights_found] Found 2 flights on 19APR
2026-01-30 05:27:55 | INFO     | [lf.flight.extracted] SM478 on 19APR: BKG=0, LF=0.0%
[LF] SM478 19APR: BKG=0, GRP=0, CAP=175, LF%=0.0%, Brd-Off=JED-CAI
2026-01-30 05:27:59 | INFO     | [lf.flight.extracted] SM476 on 19APR: BKG=0, LF=0.0%
[LF] SM476 19APR: BKG=0, GRP=0, CAP=175, LF%=0.0%, Brd-Off=JED-CAI
2026-01-30 05:28:00 | INFO     | [SUCCESS] Day 19APR
2026-01-30 05:28:00 | INFO     | [DAY_START] Processing 18APR
[LF] Processing JED-CAI for 18APR
2026-01-30 05:28:00 | INFO     | [lf.day.start] Processing JED-CAI for 18APR
[LF] Sending SN command: SN18APRJEDCAI/ASM
[LF] 18APR: found 2 direct flights
2026-01-30 05:28:01 | INFO     | [lf.day.flights_found] Found 2 flights on 18APR
2026-01-30 05:28:03 | INFO     | [lf.flight.extracted] SM478 on 18APR: BKG=2, LF=1.1%
[LF] SM478 18APR: BKG=2, GRP=0, CAP=175, LF%=1.1%, Brd-Off=JED-CAI, Classes: I:2
2026-01-30 05:28:07 | INFO     | [lf.flight.extracted] SM476 on 18APR: BKG=1, LF=0.6%
[LF] SM476 18APR: BKG=1, GRP=0, CAP=167, LF%=0.6%, Brd-Off=JED-CAI, Classes: I:1
[LF] Getting WEEKLY/LASTSOLD data for 2 flights
[LF] SM478 18APR: LASTSOLD=2026-01-20 00:00:00, WEEKLY=0, TODAY=0, YDAY=0
[LF] SM476 18APR: LASTSOLD=2026-01-21 00:00:00, WEEKLY=0, TODAY=0, YDAY=0
2026-01-30 05:28:10 | INFO     | [SUCCESS] Day 18APR
2026-01-30 05:28:10 | INFO     | [DAY_START] Processing 17APR
[LF] Processing JED-CAI for 17APR
2026-01-30 05:28:10 | INFO     | [lf.day.start] Processing JED-CAI for 17APR
[LF] Sending SN command: SN17APRJEDCAI/ASM
[LF] 17APR: found 4 direct flights
2026-01-30 05:28:11 | INFO     | [lf.day.flights_found] Found 4 flights on 17APR
2026-01-30 05:28:13 | INFO     | [lf.flight.extracted] SM460 on 17APR: BKG=0, LF=0.0%
[LF] SM460 17APR: BKG=0, GRP=0, CAP=167, LF%=0.0%, Brd-Off=JED-CAI
2026-01-30 05:28:16 | INFO     | [lf.flight.extracted] SM478 on 17APR: BKG=0, LF=0.0%
[LF] SM478 17APR: BKG=0, GRP=0, CAP=175, LF%=0.0%, Brd-Off=JED-CAI
2026-01-30 05:28:19 | INFO     | [lf.flight.extracted] SM476 on 17APR: BKG=7, LF=4.0%
[LF] SM476 17APR: BKG=7, GRP=0, CAP=175, LF%=4.0%, Brd-Off=JED-CAI, Classes: I:7
2026-01-30 05:28:22 | INFO     | [lf.flight.extracted] SM480 on 17APR: BKG=9, LF=5.1%
[LF] SM480 17APR: BKG=9, GRP=0, CAP=175, LF%=5.1%, Brd-Off=JED-CAI, Classes: I:9
[LF] Getting WEEKLY/LASTSOLD data for 2 flights
[LF] SM476 17APR: LASTSOLD=2026-01-26 00:00:00, WEEKLY=6, TODAY=0, YDAY=0
[LF] SM480 17APR: LASTSOLD=2026-01-21 00:00:00, WEEKLY=0, TODAY=0, YDAY=0
2026-01-30 05:28:26 | INFO     | [SUCCESS] Day 17APR
2026-01-30 05:28:26 | INFO     | [DAY_START] Processing 16APR
[LF] Processing JED-CAI for 16APR
2026-01-30 05:28:26 | INFO     | [lf.day.start] Processing JED-CAI for 16APR
[LF] Sending SN command: SN16APRJEDCAI/ASM
[LF] 16APR: found 2 direct flights
2026-01-30 05:28:27 | INFO     | [lf.day.flights_found] Found 2 flights on 16APR
2026-01-30 05:28:29 | INFO     | [lf.flight.extracted] SM478 on 16APR: BKG=2, LF=1.1%
[LF] SM478 16APR: BKG=2, GRP=0, CAP=175, LF%=1.1%, Brd-Off=JED-CAI, Classes: I:1, U:1
2026-01-30 05:28:33 | INFO     | [lf.flight.extracted] SM476 on 16APR: BKG=2, LF=1.1%
[LF] SM476 16APR: BKG=2, GRP=0, CAP=175, LF%=1.1%, Brd-Off=JED-CAI, Classes: I:2
[LF] Getting WEEKLY/LASTSOLD data for 2 flights
[LF] SM478 16APR: LASTSOLD=2026-01-29 00:00:00, WEEKLY=1, TODAY=0, YDAY=1
[LF] SM476 16APR: LASTSOLD=2026-01-24 00:00:00, WEEKLY=1, TODAY=0, YDAY=0
2026-01-30 05:28:37 | INFO     | [SUCCESS] Day 16APR
2026-01-30 05:28:37 | INFO     | [DAY_START] Processing 15APR
[LF] Processing JED-CAI for 15APR
2026-01-30 05:28:37 | INFO     | [lf.day.start] Processing JED-CAI for 15APR
[LF] Sending SN command: SN15APRJEDCAI/ASM
[LF] 15APR: found 2 direct flights
2026-01-30 05:28:38 | INFO     | [lf.day.flights_found] Found 2 flights on 15APR
2026-01-30 05:28:39 | INFO     | [lf.flight.extracted] SM478 on 15APR: BKG=0, LF=0.0%
[LF] SM478 15APR: BKG=0, GRP=0, CAP=175, LF%=0.0%, Brd-Off=JED-CAI
2026-01-30 05:28:42 | INFO     | [lf.flight.extracted] SM476 on 15APR: BKG=4, LF=2.3%
[LF] SM476 15APR: BKG=4, GRP=0, CAP=175, LF%=2.3%, Brd-Off=JED-CAI, Classes: I:4
[LF] Getting WEEKLY/LASTSOLD data for 1 flights
[LF] SM476 15APR: LASTSOLD=2026-01-25 00:00:00, WEEKLY=2, TODAY=0, YDAY=0
2026-01-30 05:28:45 | INFO     | [SUCCESS] Day 15APR
2026-01-30 05:28:45 | INFO     | [DAY_START] Processing 14APR
[LF] Processing JED-CAI for 14APR
2026-01-30 05:28:45 | INFO     | [lf.day.start] Processing JED-CAI for 14APR
[LF] Sending SN command: SN14APRJEDCAI/ASM
[LF] 14APR: found 3 direct flights
2026-01-30 05:28:46 | INFO     | [lf.day.flights_found] Found 3 flights on 14APR
2026-01-30 05:28:48 | INFO     | [lf.flight.extracted] SM478 on 14APR: BKG=1, LF=0.6%
[LF] SM478 14APR: BKG=1, GRP=0, CAP=167, LF%=0.6%, Brd-Off=JED-CAI, Classes: I:1
2026-01-30 05:28:51 | INFO     | [lf.flight.extracted] SM476 on 14APR: BKG=4, LF=2.3%
[LF] SM476 14APR: BKG=4, GRP=0, CAP=175, LF%=2.3%, Brd-Off=JED-CAI, Classes: I:4
2026-01-30 05:28:54 | INFO     | [lf.flight.extracted] SM480 on 14APR: BKG=1, LF=0.6%
[LF] SM480 14APR: BKG=1, GRP=0, CAP=175, LF%=0.6%, Brd-Off=JED-CAI, Classes: I:1
[LF] Getting WEEKLY/LASTSOLD data for 3 flights
[LF] SM478 14APR: LASTSOLD=2026-01-12 00:00:00, WEEKLY=0, TODAY=0, YDAY=0
[LF] SM476 14APR: LASTSOLD=2026-01-21 00:00:00, WEEKLY=0, TODAY=0, YDAY=0
[LF] SM480 14APR: LASTSOLD=2026-01-04 00:00:00, WEEKLY=0, TODAY=0, YDAY=0
2026-01-30 05:28:58 | INFO     | [SUCCESS] Day 14APR
2026-01-30 05:28:58 | INFO     | [DAY_START] Processing 13APR
[LF] Processing JED-CAI for 13APR
2026-01-30 05:28:58 | INFO     | [lf.day.start] Processing JED-CAI for 13APR
[LF] Sending SN command: SN13APRJEDCAI/ASM
[LF] 13APR: found 4 direct flights
2026-01-30 05:28:59 | INFO     | [lf.day.flights_found] Found 4 flights on 13APR
2026-01-30 05:29:01 | INFO     | [lf.flight.extracted] SM460 on 13APR: BKG=1, LF=0.6%
[LF] SM460 13APR: BKG=1, GRP=0, CAP=167, LF%=0.6%, Brd-Off=JED-CAI, Classes: I:1
2026-01-30 05:29:04 | INFO     | [lf.flight.extracted] SM478 on 13APR: BKG=3, LF=1.7%
[LF] SM478 13APR: BKG=3, GRP=0, CAP=175, LF%=1.7%, Brd-Off=JED-CAI, Classes: I:3
2026-01-30 05:29:07 | INFO     | [lf.flight.extracted] SM476 on 13APR: BKG=1, LF=0.6%
[LF] SM476 13APR: BKG=1, GRP=0, CAP=175, LF%=0.6%, Brd-Off=JED-CAI, Classes: I:1
2026-01-30 05:29:10 | INFO     | [lf.flight.extracted] SM480 on 13APR: BKG=0, LF=0.0%
[LF] SM480 13APR: BKG=0, GRP=0, CAP=175, LF%=0.0%, Brd-Off=JED-CAI
[LF] Getting WEEKLY/LASTSOLD data for 3 flights
[LF] SM460 13APR: LASTSOLD=2025-12-02 00:00:00, WEEKLY=0, TODAY=0, YDAY=0
[LF] SM478 13APR: LASTSOLD=2025-12-29 00:00:00, WEEKLY=0, TODAY=0, YDAY=0
[LF] SM476 13APR: LASTSOLD=2026-01-13 00:00:00, WEEKLY=0, TODAY=0, YDAY=0
2026-01-30 05:29:15 | INFO     | [SUCCESS] Day 13APR
2026-01-30 05:29:15 | INFO     | [DAY_START] Processing 12APR
[LF] Processing JED-CAI for 12APR
2026-01-30 05:29:15 | INFO     | [lf.day.start] Processing JED-CAI for 12APR
[LF] Sending SN command: SN12APRJEDCAI/ASM
[LF] 12APR: found 2 direct flights
2026-01-30 05:29:17 | INFO     | [lf.day.flights_found] Found 2 flights on 12APR
2026-01-30 05:29:19 | INFO     | [lf.flight.extracted] SM478 on 12APR: BKG=6, LF=3.4%
[LF] SM478 12APR: BKG=6, GRP=0, CAP=175, LF%=3.4%, Brd-Off=JED-CAI, Classes: I:2, K:4
[LPC] SM478 12APR: Found 1 outbound flights with connecting passengers
2026-01-30 05:29:23 | INFO     | [lf.flight.extracted] SM476 on 12APR: BKG=3, LF=1.7%
[LF] SM476 12APR: BKG=3, GRP=0, CAP=175, LF%=1.7%, Brd-Off=JED-CAI, Classes: I:3
[LF] Getting WEEKLY/LASTSOLD data for 2 flights
[LF] SM478 12APR: LASTSOLD=2026-01-22 00:00:00, WEEKLY=0, TODAY=0, YDAY=0
[LF] SM476 12APR: LASTSOLD=2026-01-13 00:00:00, WEEKLY=0, TODAY=0, YDAY=0
2026-01-30 05:29:27 | INFO     | [SUCCESS] Day 12APR
2026-01-30 05:29:27 | INFO     | [DAY_START] Processing 11APR
[LF] Processing JED-CAI for 11APR
2026-01-30 05:29:27 | INFO     | [lf.day.start] Processing JED-CAI for 11APR
[LF] Sending SN command: SN11APRJEDCAI/ASM
[LF] 11APR: found 2 direct flights
2026-01-30 05:29:29 | INFO     | [lf.day.flights_found] Found 2 flights on 11APR
2026-01-30 05:29:31 | INFO     | [lf.flight.extracted] SM478 on 11APR: BKG=4, LF=2.3%
[LF] SM478 11APR: BKG=4, GRP=0, CAP=175, LF%=2.3%, Brd-Off=JED-CAI, Classes: I:4
2026-01-30 05:29:34 | INFO     | [lf.flight.extracted] SM476 on 11APR: BKG=8, LF=4.8%
[LF] SM476 11APR: BKG=8, GRP=0, CAP=167, LF%=4.8%, Brd-Off=JED-CAI, Classes: I:8
[LF] Getting WEEKLY/LASTSOLD data for 2 flights
[LF] SM478 11APR: LASTSOLD=2026-01-20 00:00:00, WEEKLY=0, TODAY=0, YDAY=0
[LF] SM476 11APR: LASTSOLD=2026-01-25 00:00:00, WEEKLY=4, TODAY=0, YDAY=0
2026-01-30 05:29:38 | INFO     | [SUCCESS] Day 11APR
2026-01-30 05:29:38 | INFO     | [DAY_START] Processing 10APR
[LF] Processing JED-CAI for 10APR
2026-01-30 05:29:38 | INFO     | [lf.day.start] Processing JED-CAI for 10APR
[LF] Sending SN command: SN10APRJEDCAI/ASM
[LF] 10APR: found 4 direct flights
2026-01-30 05:29:39 | INFO     | [lf.day.flights_found] Found 4 flights on 10APR
2026-01-30 05:29:41 | INFO     | [lf.flight.extracted] SM460 on 10APR: BKG=8, LF=4.8%
[LF] SM460 10APR: BKG=8, GRP=0, CAP=167, LF%=4.8%, Brd-Off=JED-CAI, Classes: I:8
2026-01-30 05:29:44 | INFO     | [lf.flight.extracted] SM478 on 10APR: BKG=2, LF=1.1%
[LF] SM478 10APR: BKG=2, GRP=0, CAP=175, LF%=1.1%, Brd-Off=JED-CAI, Classes: I:2
2026-01-30 05:29:48 | INFO     | [lf.flight.extracted] SM476 on 10APR: BKG=18, LF=10.3%
[LF] SM476 10APR: BKG=18, GRP=0, CAP=175, LF%=10.3%, Brd-Off=JED-CAI, Classes: I:17, U:1
2026-01-30 05:29:52 | INFO     | [lf.flight.extracted] SM480 on 10APR: BKG=13, LF=7.4%
[LF] SM480 10APR: BKG=13, GRP=0, CAP=175, LF%=7.4%, Brd-Off=JED-CAI, Classes: I:13
[LF] Getting WEEKLY/LASTSOLD data for 4 flights
[LF] SM460 10APR: LASTSOLD=2026-01-27 00:00:00, WEEKLY=4, TODAY=0, YDAY=0
[LF] SM478 10APR: LASTSOLD=2026-01-27 00:00:00, WEEKLY=1, TODAY=0, YDAY=0
[LF] SM476 10APR: LASTSOLD=2026-01-28 00:00:00, WEEKLY=4, TODAY=0, YDAY=0
[LF] SM480 10APR: LASTSOLD=2026-01-24 00:00:00, WEEKLY=2, TODAY=0, YDAY=0
2026-01-30 05:29:59 | INFO     | [SUCCESS] Day 10APR
[LF] Results summary:
  2026-04-19: 2 flights
  2026-04-18: 2 flights
  2026-04-17: 4 flights
  2026-04-16: 2 flights
  2026-04-15: 2 flights
  2026-04-14: 3 flights
  2026-04-13: 4 flights
  2026-04-12: 2 flights
  2026-04-11: 2 flights
  2026-04-10: 4 flights
2026-01-30 05:29:59 | INFO     | [SUCCESS] LF Search Complete

============================================================
[Worker_9233] ✓ COMPLETED: JED-CAI
  Results: 10 dates
  Errors: 0 dates
  Total Processed: 34 groups
============================================================

2026-01-30 05:29:59 | INFO     | [Worker_9233] Completed: JED-CAI - 10 results, 0 errors

============================================================
[Worker_9233] Processing: CAI-AJF
  Tier 0: Range 3, Chunk 2/3
  Dates: 10 days
  Date Range: 2026-04-19 to 2026-04-10
============================================================

2026-01-30 05:29:59 | INFO     | [Worker_9233] Processing: CAI-AJF
2026-01-30 05:29:59 | INFO     |   Tier 0: Range 3, Chunk 2/3 (10 days)
2026-01-30 05:29:59 | INFO     | ======================================================================
2026-01-30 05:29:59 | INFO     | Load Factor Scraper Started - Route: CAI-AJF
2026-01-30 05:29:59 | INFO     | Log file: D:\CODERED\LAB\Artifacts\outputs\run_generated_300126_at_05.16\logs\LF_CAI-AJF_20260130_052959.log
2026-01-30 05:29:59 | INFO     | Enhanced logging: Capturing both logging.info() and print()
2026-01-30 05:29:59 | INFO     | ======================================================================
[LF] Processing dates (override): ['19APR', '18APR', '17APR', '16APR', '15APR', '14APR', '13APR', '12APR', '11APR', '10APR']
[LF] Attaching to Chrome for Altea access
2026-01-30 05:29:59 | INFO     | Starting LF search for route: CAI-AJF
2026-01-30 05:29:59 | INFO     | [START] LF Search
[LF][[OK] SUCCESS] Connected to Chrome on 127.0.0.1:9233 (after 1 attempts)
2026-01-30 05:29:59 | INFO     | [HEALTH CHECK] [OK] Chrome connection is healthy
[LF][[OK] SUCCESS] Found Amadeus Altea window: Altéa Reservation Desktop
[LF][[INFO] INFO] URL: https://tc212.resdesktop.altea.amadeus.com/app_ard/apf/init/login?SITE=ESMPESMP&LANGUAGE=GB&MARKETS=ARDW_PROD_WBP&ACTION=clpLogin
2026-01-30 05:30:00 | INFO     | [DAY_START] Processing 19APR
[LF] Processing CAI-AJF for 19APR
2026-01-30 05:30:00 | INFO     | [lf.day.start] Processing CAI-AJF for 19APR
[LF] Sending SN command: SN19APRCAIAJF/ASM
[LF] No direct flights on 19APR for CAI-AJF
2026-01-30 05:30:01 | WARNING  | [lf.day.no_flights] No direct flights on 19APR
2026-01-30 05:30:01 | INFO     | [SUCCESS] Day 19APR
2026-01-30 05:30:01 | INFO     | [DAY_START] Processing 18APR
[LF] Processing CAI-AJF for 18APR
2026-01-30 05:30:01 | INFO     | [lf.day.start] Processing CAI-AJF for 18APR
[LF] Sending SN command: SN18APRCAIAJF/ASM
[LF] 18APR: found 1 direct flights
2026-01-30 05:30:03 | INFO     | [lf.day.flights_found] Found 1 flights on 18APR
2026-01-30 05:30:05 | INFO     | [lf.flight.extracted] SM321 on 18APR: BKG=4, LF=2.2%
[LF] SM321 18APR: BKG=4, GRP=0, CAP=179, LF%=2.2%, Brd-Off=CAI-AJF, Classes: I:4
[LF] Getting WEEKLY/LASTSOLD data for 1 flights
[LF] SM321 18APR: LASTSOLD=2026-01-17 00:00:00, WEEKLY=0, TODAY=0, YDAY=0
2026-01-30 05:30:08 | INFO     | [SUCCESS] Day 18APR
2026-01-30 05:30:08 | INFO     | [DAY_START] Processing 17APR
[LF] Processing CAI-AJF for 17APR
2026-01-30 05:30:08 | INFO     | [lf.day.start] Processing CAI-AJF for 17APR
[LF] Sending SN command: SN17APRCAIAJF/ASM
[LF] No direct flights on 17APR for CAI-AJF
2026-01-30 05:30:09 | WARNING  | [lf.day.no_flights] No direct flights on 17APR
2026-01-30 05:30:09 | INFO     | [SUCCESS] Day 17APR
2026-01-30 05:30:09 | INFO     | [DAY_START] Processing 16APR
[LF] Processing CAI-AJF for 16APR
2026-01-30 05:30:09 | INFO     | [lf.day.start] Processing CAI-AJF for 16APR
[LF] Sending SN command: SN16APRCAIAJF/ASM
[LF] 16APR: found 1 direct flights
2026-01-30 05:30:10 | INFO     | [lf.day.flights_found] Found 1 flights on 16APR
2026-01-30 05:30:12 | INFO     | [lf.flight.extracted] SM321 on 16APR: BKG=0, LF=0.0%
[LF] SM321 16APR: BKG=0, GRP=0, CAP=179, LF%=0.0%, Brd-Off=CAI-AJF
2026-01-30 05:30:13 | INFO     | [SUCCESS] Day 16APR
2026-01-30 05:30:13 | INFO     | [DAY_START] Processing 15APR
[LF] Processing CAI-AJF for 15APR
2026-01-30 05:30:13 | INFO     | [lf.day.start] Processing CAI-AJF for 15APR
[LF] Sending SN command: SN15APRCAIAJF/ASM
[LF] 15APR: found 1 direct flights
2026-01-30 05:30:14 | INFO     | [lf.day.flights_found] Found 1 flights on 15APR
2026-01-30 05:30:16 | INFO     | [lf.flight.extracted] SM321 on 15APR: BKG=7, LF=3.9%
[LF] SM321 15APR: BKG=7, GRP=0, CAP=179, LF%=3.9%, Brd-Off=CAI-AJF, Classes: I:5, O:2
[LF] Getting WEEKLY/LASTSOLD data for 1 flights
[LF] SM321 15APR: LASTSOLD=2026-01-24 00:00:00, WEEKLY=1, TODAY=0, YDAY=0
2026-01-30 05:30:19 | INFO     | [SUCCESS] Day 15APR
2026-01-30 05:30:19 | INFO     | [DAY_START] Processing 14APR
[LF] Processing CAI-AJF for 14APR
2026-01-30 05:30:19 | INFO     | [lf.day.start] Processing CAI-AJF for 14APR
[LF] Sending SN command: SN14APRCAIAJF/ASM
[LF] No direct flights on 14APR for CAI-AJF
2026-01-30 05:30:20 | WARNING  | [lf.day.no_flights] No direct flights on 14APR
2026-01-30 05:30:20 | INFO     | [SUCCESS] Day 14APR
2026-01-30 05:30:20 | INFO     | [DAY_START] Processing 13APR
[LF] Processing CAI-AJF for 13APR
2026-01-30 05:30:20 | INFO     | [lf.day.start] Processing CAI-AJF for 13APR
[LF] Sending SN command: SN13APRCAIAJF/ASM
[LF] No direct flights on 13APR for CAI-AJF
2026-01-30 05:30:21 | WARNING  | [lf.day.no_flights] No direct flights on 13APR
2026-01-30 05:30:21 | INFO     | [SUCCESS] Day 13APR
2026-01-30 05:30:21 | INFO     | [DAY_START] Processing 12APR
[LF] Processing CAI-AJF for 12APR
2026-01-30 05:30:21 | INFO     | [lf.day.start] Processing CAI-AJF for 12APR
[LF] Sending SN command: SN12APRCAIAJF/ASM
[LF] No direct flights on 12APR for CAI-AJF
2026-01-30 05:30:22 | WARNING  | [lf.day.no_flights] No direct flights on 12APR
2026-01-30 05:30:22 | INFO     | [SUCCESS] Day 12APR
2026-01-30 05:30:22 | INFO     | [DAY_START] Processing 11APR
[LF] Processing CAI-AJF for 11APR
2026-01-30 05:30:22 | INFO     | [lf.day.start] Processing CAI-AJF for 11APR
[LF] Sending SN command: SN11APRCAIAJF/ASM
[LF] 11APR: found 1 direct flights
2026-01-30 05:30:23 | INFO     | [lf.day.flights_found] Found 1 flights on 11APR
2026-01-30 05:30:25 | INFO     | [lf.flight.extracted] SM321 on 11APR: BKG=15, LF=8.4%
[LF] SM321 11APR: BKG=15, GRP=0, CAP=179, LF%=8.4%, Brd-Off=CAI-AJF, Classes: I:2, O:8, U:5
[LF] Getting WEEKLY/LASTSOLD data for 1 flights
[LF] SM321 11APR: LASTSOLD=2026-01-28 00:00:00, WEEKLY=3, TODAY=0, YDAY=0
2026-01-30 05:30:28 | INFO     | [SUCCESS] Day 11APR
2026-01-30 05:30:28 | INFO     | [DAY_START] Processing 10APR
[LF] Processing CAI-AJF for 10APR
2026-01-30 05:30:28 | INFO     | [lf.day.start] Processing CAI-AJF for 10APR
[LF] Sending SN command: SN10APRCAIAJF/ASM
[LF] No direct flights on 10APR for CAI-AJF
2026-01-30 05:30:29 | WARNING  | [lf.day.no_flights] No direct flights on 10APR
2026-01-30 05:30:29 | INFO     | [SUCCESS] Day 10APR
[LF] Results summary:
  2026-04-19: 0 flights
  2026-04-18: 1 flights
  2026-04-17: 0 flights
  2026-04-16: 1 flights
  2026-04-15: 1 flights
  2026-04-14: 0 flights
  2026-04-13: 0 flights
  2026-04-12: 0 flights
  2026-04-11: 1 flights
  2026-04-10: 0 flights
2026-01-30 05:30:29 | INFO     | [SUCCESS] LF Search Complete

============================================================
[Worker_9233] ✓ COMPLETED: CAI-AJF
  Results: 10 dates
  Errors: 0 dates
  Total Processed: 35 groups
============================================================

2026-01-30 05:30:29 | INFO     | [Worker_9233] Completed: CAI-AJF - 10 results, 0 errors

============================================================
[Worker_9233] Processing: ATZ-ELQ
  Tier 0: Range 3, Chunk 2/3
  Dates: 10 days
  Date Range: 2026-04-19 to 2026-04-10
============================================================

2026-01-30 05:30:29 | INFO     | [Worker_9233] Processing: ATZ-ELQ
2026-01-30 05:30:29 | INFO     |   Tier 0: Range 3, Chunk 2/3 (10 days)
2026-01-30 05:30:29 | INFO     | ======================================================================
2026-01-30 05:30:29 | INFO     | Load Factor Scraper Started - Route: ATZ-ELQ
2026-01-30 05:30:29 | INFO     | Log file: D:\CODERED\LAB\Artifacts\outputs\run_generated_300126_at_05.16\logs\LF_ATZ-ELQ_20260130_053029.log
2026-01-30 05:30:29 | INFO     | Enhanced logging: Capturing both logging.info() and print()
2026-01-30 05:30:29 | INFO     | ======================================================================
[LF] Processing dates (override): ['19APR', '18APR', '17APR', '16APR', '15APR', '14APR', '13APR', '12APR', '11APR', '10APR']
[LF] Attaching to Chrome for Altea access
2026-01-30 05:30:29 | INFO     | Starting LF search for route: ATZ-ELQ
2026-01-30 05:30:29 | INFO     | [START] LF Search
[LF][[OK] SUCCESS] Connected to Chrome on 127.0.0.1:9233 (after 1 attempts)
2026-01-30 05:30:30 | INFO     | [HEALTH CHECK] [OK] Chrome connection is healthy
[LF][[OK] SUCCESS] Found Amadeus Altea window: Altéa Reservation Desktop
[LF][[INFO] INFO] URL: https://tc212.resdesktop.altea.amadeus.com/app_ard/apf/init/login?SITE=ESMPESMP&LANGUAGE=GB&MARKETS=ARDW_PROD_WBP&ACTION=clpLogin
2026-01-30 05:30:30 | INFO     | [DAY_START] Processing 19APR
[LF] Processing ATZ-ELQ for 19APR
2026-01-30 05:30:30 | INFO     | [lf.day.start] Processing ATZ-ELQ for 19APR
[LF] Sending SN command: SN19APRATZELQ/ASM
[LF] No direct flights on 19APR for ATZ-ELQ
2026-01-30 05:30:31 | WARNING  | [lf.day.no_flights] No direct flights on 19APR
2026-01-30 05:30:31 | INFO     | [SUCCESS] Day 19APR
2026-01-30 05:30:31 | INFO     | [DAY_START] Processing 18APR
[LF] Processing ATZ-ELQ for 18APR
2026-01-30 05:30:31 | INFO     | [lf.day.start] Processing ATZ-ELQ for 18APR
[LF] Sending SN command: SN18APRATZELQ/ASM
[LF] No direct flights on 18APR for ATZ-ELQ
2026-01-30 05:30:32 | WARNING  | [lf.day.no_flights] No direct flights on 18APR
2026-01-30 05:30:32 | INFO     | [SUCCESS] Day 18APR
2026-01-30 05:30:32 | INFO     | [DAY_START] Processing 17APR
[LF] Processing ATZ-ELQ for 17APR
2026-01-30 05:30:32 | INFO     | [lf.day.start] Processing ATZ-ELQ for 17APR
[LF] Sending SN command: SN17APRATZELQ/ASM
[LF] No direct flights on 17APR for ATZ-ELQ
2026-01-30 05:30:33 | WARNING  | [lf.day.no_flights] No direct flights on 17APR
2026-01-30 05:30:33 | INFO     | [SUCCESS] Day 17APR
2026-01-30 05:30:33 | INFO     | [DAY_START] Processing 16APR
[LF] Processing ATZ-ELQ for 16APR
2026-01-30 05:30:33 | INFO     | [lf.day.start] Processing ATZ-ELQ for 16APR
[LF] Sending SN command: SN16APRATZELQ/ASM
[LF] No direct flights on 16APR for ATZ-ELQ
2026-01-30 05:30:34 | WARNING  | [lf.day.no_flights] No direct flights on 16APR
2026-01-30 05:30:34 | INFO     | [SUCCESS] Day 16APR
2026-01-30 05:30:34 | INFO     | [DAY_START] Processing 15APR
[LF] Processing ATZ-ELQ for 15APR
2026-01-30 05:30:34 | INFO     | [lf.day.start] Processing ATZ-ELQ for 15APR
[LF] Sending SN command: SN15APRATZELQ/ASM
[LF] No direct flights on 15APR for ATZ-ELQ
2026-01-30 05:30:35 | WARNING  | [lf.day.no_flights] No direct flights on 15APR
2026-01-30 05:30:35 | INFO     | [SUCCESS] Day 15APR
2026-01-30 05:30:35 | INFO     | [DAY_START] Processing 14APR
[LF] Processing ATZ-ELQ for 14APR
2026-01-30 05:30:35 | INFO     | [lf.day.start] Processing ATZ-ELQ for 14APR
[LF] Sending SN command: SN14APRATZELQ/ASM
[LF] No direct flights on 14APR for ATZ-ELQ
2026-01-30 05:30:37 | WARNING  | [lf.day.no_flights] No direct flights on 14APR
2026-01-30 05:30:37 | INFO     | [SUCCESS] Day 14APR
2026-01-30 05:30:37 | INFO     | [DAY_START] Processing 13APR
[LF] Processing ATZ-ELQ for 13APR
2026-01-30 05:30:37 | INFO     | [lf.day.start] Processing ATZ-ELQ for 13APR
[LF] Sending SN command: SN13APRATZELQ/ASM
[LF] No direct flights on 13APR for ATZ-ELQ
2026-01-30 05:30:38 | WARNING  | [lf.day.no_flights] No direct flights on 13APR
2026-01-30 05:30:38 | INFO     | [SUCCESS] Day 13APR
2026-01-30 05:30:38 | INFO     | [DAY_START] Processing 12APR
[LF] Processing ATZ-ELQ for 12APR
2026-01-30 05:30:38 | INFO     | [lf.day.start] Processing ATZ-ELQ for 12APR
[LF] Sending SN command: SN12APRATZELQ/ASM
[LF] No direct flights on 12APR for ATZ-ELQ
2026-01-30 05:30:39 | WARNING  | [lf.day.no_flights] No direct flights on 12APR
2026-01-30 05:30:39 | INFO     | [SUCCESS] Day 12APR
2026-01-30 05:30:39 | INFO     | [DAY_START] Processing 11APR
[LF] Processing ATZ-ELQ for 11APR
2026-01-30 05:30:39 | INFO     | [lf.day.start] Processing ATZ-ELQ for 11APR
[LF] Sending SN command: SN11APRATZELQ/ASM
[LF] No direct flights on 11APR for ATZ-ELQ
2026-01-30 05:30:40 | WARNING  | [lf.day.no_flights] No direct flights on 11APR
2026-01-30 05:30:40 | INFO     | [SUCCESS] Day 11APR
2026-01-30 05:30:40 | INFO     | [DAY_START] Processing 10APR
[LF] Processing ATZ-ELQ for 10APR
2026-01-30 05:30:40 | INFO     | [lf.day.start] Processing ATZ-ELQ for 10APR
[LF] Sending SN command: SN10APRATZELQ/ASM
[LF] No direct flights on 10APR for ATZ-ELQ
2026-01-30 05:30:41 | WARNING  | [lf.day.no_flights] No direct flights on 10APR
2026-01-30 05:30:41 | INFO     | [SUCCESS] Day 10APR
[LF] Results summary:
  2026-04-19: 0 flights
  2026-04-18: 0 flights
  2026-04-17: 0 flights
  2026-04-16: 0 flights
  2026-04-15: 0 flights
  2026-04-14: 0 flights
  2026-04-13: 0 flights
  2026-04-12: 0 flights
  2026-04-11: 0 flights
  2026-04-10: 0 flights
2026-01-30 05:30:41 | INFO     | [SUCCESS] LF Search Complete

============================================================
[Worker_9233] ✓ COMPLETED: ATZ-ELQ
  Results: 10 dates
  Errors: 0 dates
  Total Processed: 36 groups
============================================================

2026-01-30 05:30:41 | INFO     | [Worker_9233] Completed: ATZ-ELQ - 10 results, 0 errors

============================================================
[Worker_9233] Processing: MED-ATZ
  Tier 0: Range 3, Chunk 3/3
  Dates: 10 days
  Date Range: 2026-04-09 to 2026-03-31
============================================================

2026-01-30 05:30:41 | INFO     | [Worker_9233] Processing: MED-ATZ
2026-01-30 05:30:41 | INFO     |   Tier 0: Range 3, Chunk 3/3 (10 days)
2026-01-30 05:30:41 | INFO     | ======================================================================
2026-01-30 05:30:41 | INFO     | Load Factor Scraper Started - Route: MED-ATZ
2026-01-30 05:30:41 | INFO     | Log file: D:\CODERED\LAB\Artifacts\outputs\run_generated_300126_at_05.16\logs\LF_MED-ATZ_20260130_053041.log
2026-01-30 05:30:41 | INFO     | Enhanced logging: Capturing both logging.info() and print()
2026-01-30 05:30:41 | INFO     | ======================================================================
[LF] Processing dates (override): ['09APR', '08APR', '07APR', '06APR', '05APR', '04APR', '03APR', '02APR', '01APR', '31MAR']
[LF] Attaching to Chrome for Altea access
2026-01-30 05:30:41 | INFO     | Starting LF search for route: MED-ATZ
2026-01-30 05:30:41 | INFO     | [START] LF Search
[LF][[OK] SUCCESS] Connected to Chrome on 127.0.0.1:9233 (after 1 attempts)
2026-01-30 05:30:42 | INFO     | [HEALTH CHECK] [OK] Chrome connection is healthy
[LF][[OK] SUCCESS] Found Amadeus Altea window: Altéa Reservation Desktop
[LF][[INFO] INFO] URL: https://tc212.resdesktop.altea.amadeus.com/app_ard/apf/init/login?SITE=ESMPESMP&LANGUAGE=GB&MARKETS=ARDW_PROD_WBP&ACTION=clpLogin
2026-01-30 05:30:42 | INFO     | [DAY_START] Processing 09APR
[LF] Processing MED-ATZ for 09APR
2026-01-30 05:30:42 | INFO     | [lf.day.start] Processing MED-ATZ for 09APR
[LF] Sending SN command: SN09APRMEDATZ/ASM
[LF] No direct flights on 09APR for MED-ATZ
2026-01-30 05:30:43 | WARNING  | [lf.day.no_flights] No direct flights on 09APR
2026-01-30 05:30:43 | INFO     | [SUCCESS] Day 09APR
2026-01-30 05:30:43 | INFO     | [DAY_START] Processing 08APR
[LF] Processing MED-ATZ for 08APR
2026-01-30 05:30:43 | INFO     | [lf.day.start] Processing MED-ATZ for 08APR
[LF] Sending SN command: SN08APRMEDATZ/ASM
[LF] No direct flights on 08APR for MED-ATZ
2026-01-30 05:30:44 | WARNING  | [lf.day.no_flights] No direct flights on 08APR
2026-01-30 05:30:44 | INFO     | [SUCCESS] Day 08APR
2026-01-30 05:30:44 | INFO     | [DAY_START] Processing 07APR
[LF] Processing MED-ATZ for 07APR
2026-01-30 05:30:44 | INFO     | [lf.day.start] Processing MED-ATZ for 07APR
[LF] Sending SN command: SN07APRMEDATZ/ASM
[LF] No direct flights on 07APR for MED-ATZ
2026-01-30 05:30:46 | WARNING  | [lf.day.no_flights] No direct flights on 07APR
2026-01-30 05:30:46 | INFO     | [SUCCESS] Day 07APR
2026-01-30 05:30:46 | INFO     | [DAY_START] Processing 06APR
[LF] Processing MED-ATZ for 06APR
2026-01-30 05:30:46 | INFO     | [lf.day.start] Processing MED-ATZ for 06APR
[LF] Sending SN command: SN06APRMEDATZ/ASM
[LF] No direct flights on 06APR for MED-ATZ
2026-01-30 05:30:47 | WARNING  | [lf.day.no_flights] No direct flights on 06APR
2026-01-30 05:30:47 | INFO     | [SUCCESS] Day 06APR
2026-01-30 05:30:47 | INFO     | [DAY_START] Processing 05APR
[LF] Processing MED-ATZ for 05APR
2026-01-30 05:30:47 | INFO     | [lf.day.start] Processing MED-ATZ for 05APR
[LF] Sending SN command: SN05APRMEDATZ/ASM
[LF] 05APR: found 1 direct flights
2026-01-30 05:30:48 | INFO     | [lf.day.flights_found] Found 1 flights on 05APR
2026-01-30 05:30:50 | INFO     | [lf.flight.extracted] SM488 on 05APR: BKG=145, LF=82.9%
[LF] SM488 05APR: BKG=145, GRP=135, CAP=175, LF%=82.9%, Brd-Off=MED-ATZ, Classes: P:135, I:10
[LF] Getting WEEKLY/LASTSOLD data for 1 flights
[LF] SM488 05APR: LASTSOLD=2026-01-27 00:00:00, WEEKLY=7, TODAY=0, YDAY=0
2026-01-30 05:30:52 | INFO     | [SUCCESS] Day 05APR
2026-01-30 05:30:52 | INFO     | [DAY_START] Processing 04APR
[LF] Processing MED-ATZ for 04APR
2026-01-30 05:30:52 | INFO     | [lf.day.start] Processing MED-ATZ for 04APR
[LF] Sending SN command: SN04APRMEDATZ/ASM
[LF] No direct flights on 04APR for MED-ATZ
2026-01-30 05:30:54 | WARNING  | [lf.day.no_flights] No direct flights on 04APR
2026-01-30 05:30:54 | INFO     | [SUCCESS] Day 04APR
2026-01-30 05:30:54 | INFO     | [DAY_START] Processing 03APR
[LF] Processing MED-ATZ for 03APR
2026-01-30 05:30:54 | INFO     | [lf.day.start] Processing MED-ATZ for 03APR
[LF] Sending SN command: SN03APRMEDATZ/ASM
[LF] No direct flights on 03APR for MED-ATZ
2026-01-30 05:30:55 | WARNING  | [lf.day.no_flights] No direct flights on 03APR
2026-01-30 05:30:55 | INFO     | [SUCCESS] Day 03APR
2026-01-30 05:30:55 | INFO     | [DAY_START] Processing 02APR
[LF] Processing MED-ATZ for 02APR
2026-01-30 05:30:55 | INFO     | [lf.day.start] Processing MED-ATZ for 02APR
[LF] Sending SN command: SN02APRMEDATZ/ASM
[LF] No direct flights on 02APR for MED-ATZ
2026-01-30 05:30:56 | WARNING  | [lf.day.no_flights] No direct flights on 02APR
2026-01-30 05:30:56 | INFO     | [SUCCESS] Day 02APR
2026-01-30 05:30:56 | INFO     | [DAY_START] Processing 01APR
[LF] Processing MED-ATZ for 01APR
2026-01-30 05:30:56 | INFO     | [lf.day.start] Processing MED-ATZ for 01APR
[LF] Sending SN command: SN01APRMEDATZ/ASM
[LF] No direct flights on 01APR for MED-ATZ
2026-01-30 05:30:57 | WARNING  | [lf.day.no_flights] No direct flights on 01APR
2026-01-30 05:30:57 | INFO     | [SUCCESS] Day 01APR
2026-01-30 05:30:57 | INFO     | [DAY_START] Processing 31MAR
[LF] Processing MED-ATZ for 31MAR
2026-01-30 05:30:57 | INFO     | [lf.day.start] Processing MED-ATZ for 31MAR
[LF] Sending SN command: SN31MARMEDATZ/ASM
[LF] No direct flights on 31MAR for MED-ATZ
2026-01-30 05:30:58 | WARNING  | [lf.day.no_flights] No direct flights on 31MAR
2026-01-30 05:30:58 | INFO     | [SUCCESS] Day 31MAR
[LF] Results summary:
  2026-04-09: 0 flights
  2026-04-08: 0 flights
  2026-04-07: 0 flights
  2026-04-06: 0 flights
  2026-04-05: 1 flights
  2026-04-04: 0 flights
  2026-04-03: 0 flights
  2026-04-02: 0 flights
  2026-04-01: 0 flights
  2026-03-31: 0 flights
2026-01-30 05:30:58 | INFO     | [SUCCESS] LF Search Complete

============================================================
[Worker_9233] ✓ COMPLETED: MED-ATZ
  Results: 10 dates
  Errors: 0 dates
  Total Processed: 37 groups
============================================================

2026-01-30 05:30:58 | INFO     | [Worker_9233] Completed: MED-ATZ - 10 results, 0 errors

============================================================
[Worker_9233] Processing: JED-LXR
  Tier 0: Range 3, Chunk 3/3
  Dates: 10 days
  Date Range: 2026-04-09 to 2026-03-31
============================================================

2026-01-30 05:30:58 | INFO     | [Worker_9233] Processing: JED-LXR
2026-01-30 05:30:58 | INFO     |   Tier 0: Range 3, Chunk 3/3 (10 days)
2026-01-30 05:30:58 | INFO     | ======================================================================
2026-01-30 05:30:58 | INFO     | Load Factor Scraper Started - Route: JED-LXR
2026-01-30 05:30:58 | INFO     | Log file: D:\CODERED\LAB\Artifacts\outputs\run_generated_300126_at_05.16\logs\LF_JED-LXR_20260130_053058.log
2026-01-30 05:30:58 | INFO     | Enhanced logging: Capturing both logging.info() and print()
2026-01-30 05:30:58 | INFO     | ======================================================================
[LF] Processing dates (override): ['09APR', '08APR', '07APR', '06APR', '05APR', '04APR', '03APR', '02APR', '01APR', '31MAR']
[LF] Attaching to Chrome for Altea access
2026-01-30 05:30:58 | INFO     | Starting LF search for route: JED-LXR
2026-01-30 05:30:58 | INFO     | [START] LF Search
[LF][[OK] SUCCESS] Connected to Chrome on 127.0.0.1:9233 (after 1 attempts)
2026-01-30 05:30:59 | INFO     | [HEALTH CHECK] [OK] Chrome connection is healthy
[LF][[OK] SUCCESS] Found Amadeus Altea window: Altéa Reservation Desktop
[LF][[INFO] INFO] URL: https://tc212.resdesktop.altea.amadeus.com/app_ard/apf/init/login?SITE=ESMPESMP&LANGUAGE=GB&MARKETS=ARDW_PROD_WBP&ACTION=clpLogin
2026-01-30 05:30:59 | INFO     | [DAY_START] Processing 09APR
[LF] Processing JED-LXR for 09APR
2026-01-30 05:30:59 | INFO     | [lf.day.start] Processing JED-LXR for 09APR
[LF] Sending SN command: SN09APRJEDLXR/ASM
[LF] No direct flights on 09APR for JED-LXR
2026-01-30 05:31:00 | WARNING  | [lf.day.no_flights] No direct flights on 09APR
2026-01-30 05:31:00 | INFO     | [SUCCESS] Day 09APR
2026-01-30 05:31:00 | INFO     | [DAY_START] Processing 08APR
[LF] Processing JED-LXR for 08APR
2026-01-30 05:31:00 | INFO     | [lf.day.start] Processing JED-LXR for 08APR
[LF] Sending SN command: SN08APRJEDLXR/ASM
[LF] No direct flights on 08APR for JED-LXR
2026-01-30 05:31:01 | WARNING  | [lf.day.no_flights] No direct flights on 08APR
2026-01-30 05:31:01 | INFO     | [SUCCESS] Day 08APR
2026-01-30 05:31:01 | INFO     | [DAY_START] Processing 07APR
[LF] Processing JED-LXR for 07APR
2026-01-30 05:31:01 | INFO     | [lf.day.start] Processing JED-LXR for 07APR
[LF] Sending SN command: SN07APRJEDLXR/ASM
[LF] No direct flights on 07APR for JED-LXR
2026-01-30 05:31:02 | WARNING  | [lf.day.no_flights] No direct flights on 07APR
2026-01-30 05:31:02 | INFO     | [SUCCESS] Day 07APR
2026-01-30 05:31:02 | INFO     | [DAY_START] Processing 06APR
[LF] Processing JED-LXR for 06APR
2026-01-30 05:31:02 | INFO     | [lf.day.start] Processing JED-LXR for 06APR
[LF] Sending SN command: SN06APRJEDLXR/ASM
[LF] No direct flights on 06APR for JED-LXR
2026-01-30 05:31:04 | WARNING  | [lf.day.no_flights] No direct flights on 06APR
2026-01-30 05:31:04 | INFO     | [SUCCESS] Day 06APR
2026-01-30 05:31:04 | INFO     | [DAY_START] Processing 05APR
[LF] Processing JED-LXR for 05APR
2026-01-30 05:31:04 | INFO     | [lf.day.start] Processing JED-LXR for 05APR
[LF] Sending SN command: SN05APRJEDLXR/ASM
[LF] No direct flights on 05APR for JED-LXR
2026-01-30 05:31:05 | WARNING  | [lf.day.no_flights] No direct flights on 05APR
2026-01-30 05:31:05 | INFO     | [SUCCESS] Day 05APR
2026-01-30 05:31:05 | INFO     | [DAY_START] Processing 04APR
[LF] Processing JED-LXR for 04APR
2026-01-30 05:31:05 | INFO     | [lf.day.start] Processing JED-LXR for 04APR
[LF] Sending SN command: SN04APRJEDLXR/ASM
[LF] No direct flights on 04APR for JED-LXR
2026-01-30 05:31:06 | WARNING  | [lf.day.no_flights] No direct flights on 04APR
2026-01-30 05:31:06 | INFO     | [SUCCESS] Day 04APR
2026-01-30 05:31:06 | INFO     | [DAY_START] Processing 03APR
[LF] Processing JED-LXR for 03APR
2026-01-30 05:31:06 | INFO     | [lf.day.start] Processing JED-LXR for 03APR
[LF] Sending SN command: SN03APRJEDLXR/ASM
[LF] No direct flights on 03APR for JED-LXR
2026-01-30 05:31:07 | WARNING  | [lf.day.no_flights] No direct flights on 03APR
2026-01-30 05:31:07 | INFO     | [SUCCESS] Day 03APR
2026-01-30 05:31:07 | INFO     | [DAY_START] Processing 02APR
[LF] Processing JED-LXR for 02APR
2026-01-30 05:31:07 | INFO     | [lf.day.start] Processing JED-LXR for 02APR
[LF] Sending SN command: SN02APRJEDLXR/ASM
[LF] No direct flights on 02APR for JED-LXR
2026-01-30 05:31:08 | WARNING  | [lf.day.no_flights] No direct flights on 02APR
2026-01-30 05:31:08 | INFO     | [SUCCESS] Day 02APR
2026-01-30 05:31:08 | INFO     | [DAY_START] Processing 01APR
[LF] Processing JED-LXR for 01APR
2026-01-30 05:31:08 | INFO     | [lf.day.start] Processing JED-LXR for 01APR
[LF] Sending SN command: SN01APRJEDLXR/ASM
[LF] No direct flights on 01APR for JED-LXR
2026-01-30 05:31:10 | WARNING  | [lf.day.no_flights] No direct flights on 01APR
2026-01-30 05:31:10 | INFO     | [SUCCESS] Day 01APR
2026-01-30 05:31:10 | INFO     | [DAY_START] Processing 31MAR
[LF] Processing JED-LXR for 31MAR
2026-01-30 05:31:10 | INFO     | [lf.day.start] Processing JED-LXR for 31MAR
[LF] Sending SN command: SN31MARJEDLXR/ASM
[LF] No direct flights on 31MAR for JED-LXR
2026-01-30 05:31:11 | WARNING  | [lf.day.no_flights] No direct flights on 31MAR
2026-01-30 05:31:11 | INFO     | [SUCCESS] Day 31MAR
[LF] Results summary:
  2026-04-09: 0 flights
  2026-04-08: 0 flights
  2026-04-07: 0 flights
  2026-04-06: 0 flights
  2026-04-05: 0 flights
  2026-04-04: 0 flights
  2026-04-03: 0 flights
  2026-04-02: 0 flights
  2026-04-01: 0 flights
  2026-03-31: 0 flights
2026-01-30 05:31:11 | INFO     | [SUCCESS] LF Search Complete

============================================================
[Worker_9233] ✓ COMPLETED: JED-LXR
  Results: 10 dates
  Errors: 0 dates
  Total Processed: 38 groups
============================================================

2026-01-30 05:31:23 | INFO     | [Worker_9233] Completed: JED-LXR - 10 results, 0 errors

============================================================
[Worker_9233] Processing: TUU-CAI
  Tier 0: Range 3, Chunk 3/3
  Dates: 10 days
  Date Range: 2026-04-09 to 2026-03-31
============================================================

2026-01-30 05:31:23 | INFO     | [Worker_9233] Processing: TUU-CAI
2026-01-30 05:31:23 | INFO     |   Tier 0: Range 3, Chunk 3/3 (10 days)
2026-01-30 05:31:23 | INFO     | ======================================================================
2026-01-30 05:31:23 | INFO     | Load Factor Scraper Started - Route: TUU-CAI
2026-01-30 05:31:23 | INFO     | Log file: D:\CODERED\LAB\Artifacts\outputs\run_generated_300126_at_05.16\logs\LF_TUU-CAI_20260130_053123.log
2026-01-30 05:31:23 | INFO     | Enhanced logging: Capturing both logging.info() and print()
2026-01-30 05:31:23 | INFO     | ======================================================================
[LF] Processing dates (override): ['09APR', '08APR', '07APR', '06APR', '05APR', '04APR', '03APR', '02APR', '01APR', '31MAR']
[LF] Attaching to Chrome for Altea access
2026-01-30 05:31:23 | INFO     | Starting LF search for route: TUU-CAI
2026-01-30 05:31:23 | INFO     | [START] LF Search
[LF][[OK] SUCCESS] Connected to Chrome on 127.0.0.1:9233 (after 1 attempts)
2026-01-30 05:31:24 | INFO     | [HEALTH CHECK] [OK] Chrome connection is healthy
[LF][[OK] SUCCESS] Found Amadeus Altea window: Altéa Reservation Desktop
[LF][[INFO] INFO] URL: https://tc212.resdesktop.altea.amadeus.com/app_ard/apf/init/login?SITE=ESMPESMP&LANGUAGE=GB&MARKETS=ARDW_PROD_WBP&ACTION=clpLogin
2026-01-30 05:31:24 | INFO     | [DAY_START] Processing 09APR
[LF] Processing TUU-CAI for 09APR
2026-01-30 05:31:24 | INFO     | [lf.day.start] Processing TUU-CAI for 09APR
[LF] Sending SN command: SN09APRTUUCAI/ASM
[LF] 09APR: found 1 direct flights
2026-01-30 05:31:25 | INFO     | [lf.day.flights_found] Found 1 flights on 09APR
2026-01-30 05:31:27 | INFO     | [lf.flight.extracted] SM326 on 09APR: BKG=0, LF=0.0%
[LF] SM326 09APR: BKG=0, GRP=0, CAP=175, LF%=0.0%, Brd-Off=TUU-CAI
2026-01-30 05:31:29 | INFO     | [SUCCESS] Day 09APR
2026-01-30 05:31:29 | INFO     | [DAY_START] Processing 08APR
[LF] Processing TUU-CAI for 08APR
2026-01-30 05:31:29 | INFO     | [lf.day.start] Processing TUU-CAI for 08APR
[LF] Sending SN command: SN08APRTUUCAI/ASM
[LF] No direct flights on 08APR for TUU-CAI
2026-01-30 05:31:30 | WARNING  | [lf.day.no_flights] No direct flights on 08APR
2026-01-30 05:31:30 | INFO     | [SUCCESS] Day 08APR
2026-01-30 05:31:30 | INFO     | [DAY_START] Processing 07APR
[LF] Processing TUU-CAI for 07APR
2026-01-30 05:31:30 | INFO     | [lf.day.start] Processing TUU-CAI for 07APR
[LF] Sending SN command: SN07APRTUUCAI/ASM
[LF] 07APR: found 1 direct flights
2026-01-30 05:31:31 | INFO     | [lf.day.flights_found] Found 1 flights on 07APR
2026-01-30 05:31:33 | INFO     | [lf.flight.extracted] SM326 on 07APR: BKG=0, LF=0.0%
[LF] SM326 07APR: BKG=0, GRP=0, CAP=175, LF%=0.0%, Brd-Off=TUU-CAI
2026-01-30 05:31:34 | INFO     | [SUCCESS] Day 07APR
2026-01-30 05:31:34 | INFO     | [DAY_START] Processing 06APR
[LF] Processing TUU-CAI for 06APR
2026-01-30 05:31:34 | INFO     | [lf.day.start] Processing TUU-CAI for 06APR
[LF] Sending SN command: SN06APRTUUCAI/ASM
[LF] No direct flights on 06APR for TUU-CAI
2026-01-30 05:31:36 | WARNING  | [lf.day.no_flights] No direct flights on 06APR
2026-01-30 05:31:36 | INFO     | [SUCCESS] Day 06APR
2026-01-30 05:31:36 | INFO     | [DAY_START] Processing 05APR
[LF] Processing TUU-CAI for 05APR
2026-01-30 05:31:36 | INFO     | [lf.day.start] Processing TUU-CAI for 05APR
[LF] Sending SN command: SN05APRTUUCAI/ASM
[LF] No direct flights on 05APR for TUU-CAI
2026-01-30 05:31:37 | WARNING  | [lf.day.no_flights] No direct flights on 05APR
2026-01-30 05:31:37 | INFO     | [SUCCESS] Day 05APR
2026-01-30 05:31:37 | INFO     | [DAY_START] Processing 04APR
[LF] Processing TUU-CAI for 04APR
2026-01-30 05:31:37 | INFO     | [lf.day.start] Processing TUU-CAI for 04APR
[LF] Sending SN command: SN04APRTUUCAI/ASM
[LF] 04APR: found 1 direct flights
2026-01-30 05:31:38 | INFO     | [lf.day.flights_found] Found 1 flights on 04APR
2026-01-30 05:31:40 | INFO     | [lf.flight.extracted] SM326 on 04APR: BKG=7, LF=4.2%
[LF] SM326 04APR: BKG=7, GRP=0, CAP=167, LF%=4.2%, Brd-Off=TUU-CAI, Classes: I:4, O:3
[LF] Getting WEEKLY/LASTSOLD data for 1 flights
[LF] SM326 04APR: LASTSOLD=2026-01-25 00:00:00, WEEKLY=3, TODAY=0, YDAY=0
2026-01-30 05:31:43 | INFO     | [SUCCESS] Day 04APR
2026-01-30 05:31:43 | INFO     | [DAY_START] Processing 03APR
[LF] Processing TUU-CAI for 03APR
2026-01-30 05:31:43 | INFO     | [lf.day.start] Processing TUU-CAI for 03APR
[LF] Sending SN command: SN03APRTUUCAI/ASM
[LF] 03APR: found 1 direct flights
2026-01-30 05:31:44 | INFO     | [lf.day.flights_found] Found 1 flights on 03APR
2026-01-30 05:31:46 | INFO     | [lf.flight.extracted] SM326 on 03APR: BKG=9, LF=5.4%
[LF] SM326 03APR: BKG=9, GRP=0, CAP=167, LF%=5.4%, Brd-Off=TUU-CAI, Classes: I:5, O:4
[LF] Getting WEEKLY/LASTSOLD data for 1 flights
[LF] SM326 03APR: LASTSOLD=2026-01-22 00:00:00, WEEKLY=0, TODAY=0, YDAY=0
2026-01-30 05:31:48 | INFO     | [SUCCESS] Day 03APR
2026-01-30 05:31:48 | INFO     | [DAY_START] Processing 02APR
[LF] Processing TUU-CAI for 02APR
2026-01-30 05:31:48 | INFO     | [lf.day.start] Processing TUU-CAI for 02APR
[LF] Sending SN command: SN02APRTUUCAI/ASM
[LF] 02APR: found 1 direct flights
2026-01-30 05:31:50 | INFO     | [lf.day.flights_found] Found 1 flights on 02APR
2026-01-30 05:31:52 | INFO     | [lf.flight.extracted] SM326 on 02APR: BKG=3, LF=1.7%
[LF] SM326 02APR: BKG=3, GRP=0, CAP=175, LF%=1.7%, Brd-Off=TUU-CAI, Classes: I:3
[LF] Getting WEEKLY/LASTSOLD data for 1 flights
[LF] SM326 02APR: LASTSOLD=2026-01-19 00:00:00, WEEKLY=0, TODAY=0, YDAY=0
2026-01-30 05:31:55 | INFO     | [SUCCESS] Day 02APR
2026-01-30 05:31:55 | INFO     | [DAY_START] Processing 01APR
[LF] Processing TUU-CAI for 01APR
2026-01-30 05:31:55 | INFO     | [lf.day.start] Processing TUU-CAI for 01APR
[LF] Sending SN command: SN01APRTUUCAI/ASM
[LF] No direct flights on 01APR for TUU-CAI
2026-01-30 05:31:56 | WARNING  | [lf.day.no_flights] No direct flights on 01APR
2026-01-30 05:31:56 | INFO     | [SUCCESS] Day 01APR
2026-01-30 05:31:56 | INFO     | [DAY_START] Processing 31MAR
[LF] Processing TUU-CAI for 31MAR
2026-01-30 05:31:56 | INFO     | [lf.day.start] Processing TUU-CAI for 31MAR
[LF] Sending SN command: SN31MARTUUCAI/ASM
[LF] 31MAR: found 1 direct flights
2026-01-30 05:31:57 | INFO     | [lf.day.flights_found] Found 1 flights on 31MAR
2026-01-30 05:31:59 | INFO     | [lf.flight.extracted] SM326 on 31MAR: BKG=3, LF=1.7%
[LF] SM326 31MAR: BKG=3, GRP=0, CAP=175, LF%=1.7%, Brd-Off=TUU-CAI, Classes: O:2, W:1
[LF] Getting WEEKLY/LASTSOLD data for 1 flights
[LF] SM326 31MAR: LASTSOLD=2026-01-09 00:00:00, WEEKLY=0, TODAY=0, YDAY=0
2026-01-30 05:32:02 | INFO     | [SUCCESS] Day 31MAR
[LF] Results summary:
  2026-04-09: 1 flights
  2026-04-08: 0 flights
  2026-04-07: 1 flights
  2026-04-06: 0 flights
  2026-04-05: 0 flights
  2026-04-04: 1 flights
  2026-04-03: 1 flights
  2026-04-02: 1 flights
  2026-04-01: 0 flights
  2026-03-31: 1 flights
2026-01-30 05:32:02 | INFO     | [SUCCESS] LF Search Complete

============================================================
[Worker_9233] ✓ COMPLETED: TUU-CAI
  Results: 10 dates
  Errors: 0 dates
  Total Processed: 39 groups
============================================================

2026-01-30 05:32:02 | INFO     | [Worker_9233] Completed: TUU-CAI - 10 results, 0 errors

============================================================
[Worker_9233] Processing: ELQ-ATZ
  Tier 0: Range 3, Chunk 3/3
  Dates: 10 days
  Date Range: 2026-04-09 to 2026-03-31
============================================================

2026-01-30 05:32:02 | INFO     | [Worker_9233] Processing: ELQ-ATZ
2026-01-30 05:32:02 | INFO     |   Tier 0: Range 3, Chunk 3/3 (10 days)
2026-01-30 05:32:02 | INFO     | ======================================================================
2026-01-30 05:32:02 | INFO     | Load Factor Scraper Started - Route: ELQ-ATZ
2026-01-30 05:32:02 | INFO     | Log file: D:\CODERED\LAB\Artifacts\outputs\run_generated_300126_at_05.16\logs\LF_ELQ-ATZ_20260130_053202.log
2026-01-30 05:32:02 | INFO     | Enhanced logging: Capturing both logging.info() and print()
2026-01-30 05:32:02 | INFO     | ======================================================================
[LF] Processing dates (override): ['09APR', '08APR', '07APR', '06APR', '05APR', '04APR', '03APR', '02APR', '01APR', '31MAR']
[LF] Attaching to Chrome for Altea access
2026-01-30 05:32:02 | INFO     | Starting LF search for route: ELQ-ATZ
2026-01-30 05:32:02 | INFO     | [START] LF Search
[LF][[OK] SUCCESS] Connected to Chrome on 127.0.0.1:9233 (after 1 attempts)
2026-01-30 05:32:03 | INFO     | [HEALTH CHECK] [OK] Chrome connection is healthy
[LF][[OK] SUCCESS] Found Amadeus Altea window: Altéa Reservation Desktop
[LF][[INFO] INFO] URL: https://tc212.resdesktop.altea.amadeus.com/app_ard/apf/init/login?SITE=ESMPESMP&LANGUAGE=GB&MARKETS=ARDW_PROD_WBP&ACTION=clpLogin
2026-01-30 05:32:03 | INFO     | [DAY_START] Processing 09APR
[LF] Processing ELQ-ATZ for 09APR
2026-01-30 05:32:03 | INFO     | [lf.day.start] Processing ELQ-ATZ for 09APR
[LF] Sending SN command: SN09APRELQATZ/ASM
[LF] No direct flights on 09APR for ELQ-ATZ
2026-01-30 05:32:04 | WARNING  | [lf.day.no_flights] No direct flights on 09APR
2026-01-30 05:32:04 | INFO     | [SUCCESS] Day 09APR
2026-01-30 05:32:04 | INFO     | [DAY_START] Processing 08APR
[LF] Processing ELQ-ATZ for 08APR
2026-01-30 05:32:04 | INFO     | [lf.day.start] Processing ELQ-ATZ for 08APR
[LF] Sending SN command: SN08APRELQATZ/ASM
[LF] No direct flights on 08APR for ELQ-ATZ
2026-01-30 05:32:05 | WARNING  | [lf.day.no_flights] No direct flights on 08APR
2026-01-30 05:32:05 | INFO     | [SUCCESS] Day 08APR
2026-01-30 05:32:05 | INFO     | [DAY_START] Processing 07APR
[LF] Processing ELQ-ATZ for 07APR
2026-01-30 05:32:05 | INFO     | [lf.day.start] Processing ELQ-ATZ for 07APR
[LF] Sending SN command: SN07APRELQATZ/ASM
[LF] No direct flights on 07APR for ELQ-ATZ
2026-01-30 05:32:06 | WARNING  | [lf.day.no_flights] No direct flights on 07APR
2026-01-30 05:32:06 | INFO     | [SUCCESS] Day 07APR
2026-01-30 05:32:06 | INFO     | [DAY_START] Processing 06APR
[LF] Processing ELQ-ATZ for 06APR
2026-01-30 05:32:06 | INFO     | [lf.day.start] Processing ELQ-ATZ for 06APR
[LF] Sending SN command: SN06APRELQATZ/ASM
[LF] No direct flights on 06APR for ELQ-ATZ
2026-01-30 05:32:07 | WARNING  | [lf.day.no_flights] No direct flights on 06APR
2026-01-30 05:32:07 | INFO     | [SUCCESS] Day 06APR
2026-01-30 05:32:07 | INFO     | [DAY_START] Processing 05APR
[LF] Processing ELQ-ATZ for 05APR
2026-01-30 05:32:07 | INFO     | [lf.day.start] Processing ELQ-ATZ for 05APR
[LF] Sending SN command: SN05APRELQATZ/ASM
[LF] No direct flights on 05APR for ELQ-ATZ
2026-01-30 05:32:08 | WARNING  | [lf.day.no_flights] No direct flights on 05APR
2026-01-30 05:32:08 | INFO     | [SUCCESS] Day 05APR
2026-01-30 05:32:08 | INFO     | [DAY_START] Processing 04APR
[LF] Processing ELQ-ATZ for 04APR
2026-01-30 05:32:08 | INFO     | [lf.day.start] Processing ELQ-ATZ for 04APR
[LF] Sending SN command: SN04APRELQATZ/ASM
[LF] No direct flights on 04APR for ELQ-ATZ
2026-01-30 05:32:09 | WARNING  | [lf.day.no_flights] No direct flights on 04APR
2026-01-30 05:32:09 | INFO     | [SUCCESS] Day 04APR
2026-01-30 05:32:09 | INFO     | [DAY_START] Processing 03APR
[LF] Processing ELQ-ATZ for 03APR
2026-01-30 05:32:09 | INFO     | [lf.day.start] Processing ELQ-ATZ for 03APR
[LF] Sending SN command: SN03APRELQATZ/ASM
[LF] No direct flights on 03APR for ELQ-ATZ
2026-01-30 05:32:11 | WARNING  | [lf.day.no_flights] No direct flights on 03APR
2026-01-30 05:32:11 | INFO     | [SUCCESS] Day 03APR
2026-01-30 05:32:11 | INFO     | [DAY_START] Processing 02APR
[LF] Processing ELQ-ATZ for 02APR
2026-01-30 05:32:11 | INFO     | [lf.day.start] Processing ELQ-ATZ for 02APR
[LF] Sending SN command: SN02APRELQATZ/ASM
[LF] No direct flights on 02APR for ELQ-ATZ
2026-01-30 05:32:12 | WARNING  | [lf.day.no_flights] No direct flights on 02APR
2026-01-30 05:32:12 | INFO     | [SUCCESS] Day 02APR
2026-01-30 05:32:12 | INFO     | [DAY_START] Processing 01APR
[LF] Processing ELQ-ATZ for 01APR
2026-01-30 05:32:12 | INFO     | [lf.day.start] Processing ELQ-ATZ for 01APR
[LF] Sending SN command: SN01APRELQATZ/ASM
[LF] No direct flights on 01APR for ELQ-ATZ
2026-01-30 05:32:13 | WARNING  | [lf.day.no_flights] No direct flights on 01APR
2026-01-30 05:32:13 | INFO     | [SUCCESS] Day 01APR
2026-01-30 05:32:13 | INFO     | [DAY_START] Processing 31MAR
[LF] Processing ELQ-ATZ for 31MAR
2026-01-30 05:32:13 | INFO     | [lf.day.start] Processing ELQ-ATZ for 31MAR
[LF] Sending SN command: SN31MARELQATZ/ASM
[LF] No direct flights on 31MAR for ELQ-ATZ
2026-01-30 05:32:14 | WARNING  | [lf.day.no_flights] No direct flights on 31MAR
2026-01-30 05:32:14 | INFO     | [SUCCESS] Day 31MAR
[LF] Results summary:
  2026-04-09: 0 flights
  2026-04-08: 0 flights
  2026-04-07: 0 flights
  2026-04-06: 0 flights
  2026-04-05: 0 flights
  2026-04-04: 0 flights
  2026-04-03: 0 flights
  2026-04-02: 0 flights
  2026-04-01: 0 flights
  2026-03-31: 0 flights
2026-01-30 05:32:14 | INFO     | [SUCCESS] LF Search Complete

============================================================
[Worker_9233] ✓ COMPLETED: ELQ-ATZ
  Results: 10 dates
  Errors: 0 dates
  Total Processed: 40 groups
============================================================

2026-01-30 05:32:14 | INFO     | [Worker_9233] Completed: ELQ-ATZ - 10 results, 0 errors

============================================================
[Worker_9233] Processing: CAI-JED
  Tier 0: Range 3, Chunk 3/3
  Dates: 10 days
  Date Range: 2026-04-09 to 2026-03-31
============================================================

2026-01-30 05:32:14 | INFO     | [Worker_9233] Processing: CAI-JED
2026-01-30 05:32:14 | INFO     |   Tier 0: Range 3, Chunk 3/3 (10 days)
2026-01-30 05:32:14 | INFO     | ======================================================================
2026-01-30 05:32:14 | INFO     | Load Factor Scraper Started - Route: CAI-JED
2026-01-30 05:32:14 | INFO     | Log file: D:\CODERED\LAB\Artifacts\outputs\run_generated_300126_at_05.16\logs\LF_CAI-JED_20260130_053214.log
2026-01-30 05:32:14 | INFO     | Enhanced logging: Capturing both logging.info() and print()
2026-01-30 05:32:14 | INFO     | ======================================================================
[LF] Processing dates (override): ['09APR', '08APR', '07APR', '06APR', '05APR', '04APR', '03APR', '02APR', '01APR', '31MAR']
[LF] Attaching to Chrome for Altea access
2026-01-30 05:32:14 | INFO     | Starting LF search for route: CAI-JED
2026-01-30 05:32:14 | INFO     | [START] LF Search
[LF][[OK] SUCCESS] Connected to Chrome on 127.0.0.1:9233 (after 1 attempts)
2026-01-30 05:32:15 | INFO     | [HEALTH CHECK] [OK] Chrome connection is healthy
[LF][[OK] SUCCESS] Found Amadeus Altea window: Altéa Reservation Desktop
[LF][[INFO] INFO] URL: https://tc212.resdesktop.altea.amadeus.com/app_ard/apf/init/login?SITE=ESMPESMP&LANGUAGE=GB&MARKETS=ARDW_PROD_WBP&ACTION=clpLogin
2026-01-30 05:32:15 | INFO     | [DAY_START] Processing 09APR
[LF] Processing CAI-JED for 09APR
2026-01-30 05:32:15 | INFO     | [lf.day.start] Processing CAI-JED for 09APR
[LF] Sending SN command: SN09APRCAIJED/ASM
[LF] 09APR: found 3 direct flights
2026-01-30 05:32:17 | INFO     | [lf.day.flights_found] Found 3 flights on 09APR
2026-01-30 05:32:19 | INFO     | [lf.flight.extracted] SM477 on 09APR: BKG=4, LF=2.2%
[LF] SM477 09APR: BKG=4, GRP=0, CAP=179, LF%=2.2%, Brd-Off=CAI-JED, Classes: I:4
2026-01-30 05:32:22 | INFO     | [lf.flight.extracted] SM475 on 09APR: BKG=10, LF=5.6%
[LF] SM475 09APR: BKG=10, GRP=0, CAP=179, LF%=5.6%, Brd-Off=CAI-JED, Classes: I:9, U:1
2026-01-30 05:32:25 | INFO     | [lf.flight.extracted] SM459 on 09APR: BKG=10, LF=5.6%
[LF] SM459 09APR: BKG=10, GRP=0, CAP=179, LF%=5.6%, Brd-Off=CAI-JED, Classes: I:9, O:1
[LF] Getting WEEKLY/LASTSOLD data for 3 flights
[LF] SM477 09APR: LASTSOLD=2026-01-27 00:00:00, WEEKLY=2, TODAY=0, YDAY=0
[LF] SM475 09APR: LASTSOLD=2026-01-20 00:00:00, WEEKLY=0, TODAY=0, YDAY=0
[LF] SM459 09APR: LASTSOLD=2026-01-26 00:00:00, WEEKLY=1, TODAY=0, YDAY=0
2026-01-30 05:32:31 | INFO     | [SUCCESS] Day 09APR
2026-01-30 05:32:31 | INFO     | [DAY_START] Processing 08APR
[LF] Processing CAI-JED for 08APR
2026-01-30 05:32:31 | INFO     | [lf.day.start] Processing CAI-JED for 08APR
[LF] Sending SN command: SN08APRCAIJED/ASM
[LF] 08APR: found 2 direct flights
2026-01-30 05:32:32 | INFO     | [lf.day.flights_found] Found 2 flights on 08APR
2026-01-30 05:32:34 | INFO     | [lf.flight.extracted] SM477 on 08APR: BKG=8, LF=4.5%
[LF] SM477 08APR: BKG=8, GRP=0, CAP=179, LF%=4.5%, Brd-Off=CAI-JED, Classes: I:8
2026-01-30 05:32:37 | INFO     | [lf.flight.extracted] SM475 on 08APR: BKG=10, LF=5.6%
[LF] SM475 08APR: BKG=10, GRP=0, CAP=179, LF%=5.6%, Brd-Off=CAI-JED, Classes: I:9, O:1
[LF] Getting WEEKLY/LASTSOLD data for 2 flights
[LF] SM477 08APR: LASTSOLD=2026-01-27 00:00:00, WEEKLY=1, TODAY=0, YDAY=0
[LF] SM475 08APR: LASTSOLD=2026-01-17 00:00:00, WEEKLY=0, TODAY=0, YDAY=0
2026-01-30 05:32:41 | INFO     | [SUCCESS] Day 08APR
2026-01-30 05:32:41 | INFO     | [DAY_START] Processing 07APR
[LF] Processing CAI-JED for 07APR
2026-01-30 05:32:41 | INFO     | [lf.day.start] Processing CAI-JED for 07APR
[LF] Sending SN command: SN07APRCAIJED/ASM
[LF] 07APR: found 3 direct flights
2026-01-30 05:32:42 | INFO     | [lf.day.flights_found] Found 3 flights on 07APR
2026-01-30 05:32:44 | INFO     | [lf.flight.extracted] SM477 on 07APR: BKG=3, LF=1.7%
[LF] SM477 07APR: BKG=3, GRP=0, CAP=179, LF%=1.7%, Brd-Off=CAI-JED, Classes: I:3
2026-01-30 05:32:47 | INFO     | [lf.flight.extracted] SM475 on 07APR: BKG=4, LF=2.2%
[LF] SM475 07APR: BKG=4, GRP=0, CAP=179, LF%=2.2%, Brd-Off=CAI-JED, Classes: I:4
2026-01-30 05:32:51 | INFO     | [lf.flight.extracted] SM479 on 07APR: BKG=9, LF=5.0%
[LF] SM479 07APR: BKG=9, GRP=0, CAP=179, LF%=5.0%, Brd-Off=CAI-JED, Classes: I:9
[LF] Getting WEEKLY/LASTSOLD data for 3 flights
[LF] SM477 07APR: LASTSOLD=2026-01-27 00:00:00, WEEKLY=1, TODAY=0, YDAY=0
[LF] SM475 07APR: LASTSOLD=2026-01-27 00:00:00, WEEKLY=1, TODAY=0, YDAY=0
[LF] SM479 07APR: LASTSOLD=2026-01-27 00:00:00, WEEKLY=1, TODAY=0, YDAY=0
2026-01-30 05:32:56 | INFO     | [SUCCESS] Day 07APR
2026-01-30 05:32:56 | INFO     | [DAY_START] Processing 06APR
[LF] Processing CAI-JED for 06APR
2026-01-30 05:32:56 | INFO     | [lf.day.start] Processing CAI-JED for 06APR
[LF] Sending SN command: SN06APRCAIJED/ASM
[LF] 06APR: found 3 direct flights
2026-01-30 05:32:57 | INFO     | [lf.day.flights_found] Found 3 flights on 06APR
2026-01-30 05:32:59 | INFO     | [lf.flight.extracted] SM477 on 06APR: BKG=4, LF=2.2%
[LF] SM477 06APR: BKG=4, GRP=0, CAP=179, LF%=2.2%, Brd-Off=CAI-JED, Classes: I:3, S:1
2026-01-30 05:33:03 | INFO     | [lf.flight.extracted] SM475 on 06APR: BKG=6, LF=3.4%
[LF] SM475 06APR: BKG=6, GRP=0, CAP=179, LF%=3.4%, Brd-Off=CAI-JED, Classes: I:6
2026-01-30 05:33:07 | INFO     | [lf.flight.extracted] SM479 on 06APR: BKG=19, LF=10.6%
[LF] SM479 06APR: BKG=19, GRP=0, CAP=179, LF%=10.6%, Brd-Off=CAI-JED, Classes: I:9, O:9, U:1
[LF] Getting WEEKLY/LASTSOLD data for 3 flights
[LF] SM477 06APR: LASTSOLD=2026-01-14 00:00:00, WEEKLY=0, TODAY=0, YDAY=0
[LF] SM475 06APR: LASTSOLD=2026-01-23 00:00:00, WEEKLY=1, TODAY=0, YDAY=0
[LF] SM479 06APR: LASTSOLD=2026-01-29 00:00:00, WEEKLY=1, TODAY=0, YDAY=1
2026-01-30 05:33:16 | INFO     | [SUCCESS] Day 06APR
2026-01-30 05:33:16 | INFO     | [DAY_START] Processing 05APR
[LF] Processing CAI-JED for 05APR
2026-01-30 05:33:16 | INFO     | [lf.day.start] Processing CAI-JED for 05APR
[LF] Sending SN command: SN05APRCAIJED/ASM
[LF] 05APR: found 3 direct flights
2026-01-30 05:33:17 | INFO     | [lf.day.flights_found] Found 3 flights on 05APR
2026-01-30 05:33:20 | INFO     | [lf.flight.extracted] SM477 on 05APR: BKG=24, LF=13.4%
[LF] SM477 05APR: BKG=24, GRP=0, CAP=179, LF%=13.4%, Brd-Off=CAI-JED, Classes: I:9, O:9, U:6
2026-01-30 05:33:23 | INFO     | [lf.flight.extracted] SM475 on 05APR: BKG=26, LF=14.5%
[LF] SM475 05APR: BKG=26, GRP=0, CAP=179, LF%=14.5%, Brd-Off=CAI-JED, Classes: I:9, O:9, U:6, X:2
2026-01-30 05:33:27 | INFO     | [lf.flight.extracted] SM459 on 05APR: BKG=19, LF=10.6%
[LF] SM459 05APR: BKG=19, GRP=0, CAP=179, LF%=10.6%, Brd-Off=CAI-JED, Classes: I:9, O:9, U:1
[LF] Getting WEEKLY/LASTSOLD data for 3 flights
[LF] SM477 05APR: LASTSOLD=2026-01-21 00:00:00, WEEKLY=0, TODAY=0, YDAY=0
2026-01-30 05:33:31 | ERROR    | Atomic write failed for D:\CODERED\LAB\Artifacts\outputs\run_generated_300126_at_05.16\checkpoints\flight_booking_data.json: [WinError 5] Access is denied: 'D:\\CODERED\\LAB\\Artifacts\\outputs\\run_generated_300126_at_05.16\\checkpoints\\flight_booking_data.tmp_38c71224' -> 'D:\\CODERED\\LAB\\Artifacts\\outputs\\run_generated_300126_at_05.16\\checkpoints\\flight_booking_data.json'
[LF] SM475 05APR: LASTSOLD=2026-01-27 00:00:00, WEEKLY=3, TODAY=0, YDAY=0
[LF] SM459 05APR: LASTSOLD=2026-01-29 00:00:00, WEEKLY=3, TODAY=0, YDAY=2
2026-01-30 05:33:40 | INFO     | [SUCCESS] Day 05APR
2026-01-30 05:33:40 | INFO     | [DAY_START] Processing 04APR
[LF] Processing CAI-JED for 04APR
2026-01-30 05:33:40 | INFO     | [lf.day.start] Processing CAI-JED for 04APR
[LF] Sending SN command: SN04APRCAIJED/ASM
[LF] 04APR: found 2 direct flights
2026-01-30 05:33:48 | INFO     | [lf.day.flights_found] Found 2 flights on 04APR
2026-01-30 05:33:52 | INFO     | [lf.flight.extracted] SM477 on 04APR: BKG=27, LF=15.1%
[LF] SM477 04APR: BKG=27, GRP=0, CAP=179, LF%=15.1%, Brd-Off=CAI-JED, Classes: I:9, O:9, U:9
2026-01-30 05:33:57 | INFO     | [lf.flight.extracted] SM475 on 04APR: BKG=32, LF=17.9%
[LF] SM475 04APR: BKG=32, GRP=0, CAP=179, LF%=17.9%, Brd-Off=CAI-JED, Classes: I:9, O:9, U:9, X:5
[LF] Getting WEEKLY/LASTSOLD data for 2 flights
[LF] SM477 04APR: LASTSOLD=2026-01-15 00:00:00, WEEKLY=0, TODAY=0, YDAY=0
[LF] SM475 04APR: LASTSOLD=2026-01-24 00:00:00, WEEKLY=2, TODAY=0, YDAY=0
2026-01-30 05:34:10 | INFO     | [SUCCESS] Day 04APR
2026-01-30 05:34:10 | INFO     | [DAY_START] Processing 03APR
[LF] Processing CAI-JED for 03APR
2026-01-30 05:34:10 | INFO     | [lf.day.start] Processing CAI-JED for 03APR
[LF] Sending SN command: SN03APRCAIJED/ASM
[LF] 03APR: found 3 direct flights
2026-01-30 05:34:38 | INFO     | [lf.day.flights_found] Found 3 flights on 03APR
2026-01-30 05:34:43 | INFO     | [lf.flight.extracted] SM477 on 03APR: BKG=18, LF=10.1%
[LF] SM477 03APR: BKG=18, GRP=0, CAP=179, LF%=10.1%, Brd-Off=CAI-JED, Classes: I:9, O:9
2026-01-30 05:34:48 | INFO     | [lf.flight.extracted] SM475 on 03APR: BKG=18, LF=10.1%
[LF] SM475 03APR: BKG=18, GRP=0, CAP=179, LF%=10.1%, Brd-Off=CAI-JED, Classes: I:9, O:9
2026-01-30 05:34:52 | INFO     | [lf.flight.extracted] SM479 on 03APR: BKG=32, LF=17.9%
[LF] SM479 03APR: BKG=32, GRP=0, CAP=179, LF%=17.9%, Brd-Off=CAI-JED, Classes: I:9, O:9, U:9, X:5
[LF] Getting WEEKLY/LASTSOLD data for 3 flights
[LF] SM477 03APR: LASTSOLD=2026-01-30 00:00:00, WEEKLY=3, TODAY=1, YDAY=0
[LF] SM475 03APR: LASTSOLD=2026-01-09 00:00:00, WEEKLY=0, TODAY=0, YDAY=0
[LF] SM479 03APR: LASTSOLD=2026-01-19 00:00:00, WEEKLY=0, TODAY=0, YDAY=0
2026-01-30 05:35:20 | INFO     | [SUCCESS] Day 03APR
2026-01-30 05:35:20 | INFO     | [DAY_START] Processing 02APR
[LF] Processing CAI-JED for 02APR
2026-01-30 05:35:20 | INFO     | [lf.day.start] Processing CAI-JED for 02APR
[LF] Sending SN command: SN02APRCAIJED/ASM
[LF] 02APR: found 3 direct flights
2026-01-30 05:35:25 | INFO     | [lf.day.flights_found] Found 3 flights on 02APR
2026-01-30 05:35:37 | INFO     | [lf.flight.extracted] SM477 on 02APR: BKG=14, LF=7.8%
[LF] SM477 02APR: BKG=14, GRP=0, CAP=179, LF%=7.8%, Brd-Off=CAI-JED, Classes: I:9, O:5
2026-01-30 05:35:46 | INFO     | [lf.flight.extracted] SM475 on 02APR: BKG=18, LF=10.1%
[LF] SM475 02APR: BKG=18, GRP=0, CAP=179, LF%=10.1%, Brd-Off=CAI-JED, Classes: I:9, O:9
2026-01-30 05:35:56 | INFO     | [lf.flight.extracted] SM459 on 02APR: BKG=17, LF=9.5%
[LF] SM459 02APR: BKG=17, GRP=0, CAP=179, LF%=9.5%, Brd-Off=CAI-JED, Classes: I:9, O:7, G:1
[LF] Getting WEEKLY/LASTSOLD data for 3 flights
[LF] SM477 02APR: LASTSOLD=2026-01-29 00:00:00, WEEKLY=1, TODAY=0, YDAY=1
[LF] SM475 02APR: LASTSOLD=2026-01-20 00:00:00, WEEKLY=0, TODAY=0, YDAY=0
[LF] SM459 02APR: LASTSOLD=2026-01-25 00:00:00, WEEKLY=2, TODAY=0, YDAY=0
2026-01-30 05:36:14 | INFO     | [SUCCESS] Day 02APR
2026-01-30 05:36:14 | INFO     | [DAY_START] Processing 01APR
[LF] Processing CAI-JED for 01APR
2026-01-30 05:36:14 | INFO     | [lf.day.start] Processing CAI-JED for 01APR
[LF] Sending SN command: SN01APRCAIJED/ASM
[LF] 01APR: found 2 direct flights
2026-01-30 05:36:18 | INFO     | [lf.day.flights_found] Found 2 flights on 01APR
2026-01-30 05:36:25 | INFO     | [lf.flight.extracted] SM477 on 01APR: BKG=21, LF=11.7%
[LF] SM477 01APR: BKG=21, GRP=0, CAP=179, LF%=11.7%, Brd-Off=CAI-JED, Classes: I:9, O:9, U:3
2026-01-30 05:36:35 | INFO     | [lf.flight.extracted] SM475 on 01APR: BKG=23, LF=12.8%
[LF] SM475 01APR: BKG=23, GRP=0, CAP=179, LF%=12.8%, Brd-Off=CAI-JED, Classes: I:9, O:9, U:5
[LF] Getting WEEKLY/LASTSOLD data for 2 flights
[LF] SM477 01APR: LASTSOLD=2026-01-28 00:00:00, WEEKLY=2, TODAY=0, YDAY=0
[LF] SM475 01APR: LASTSOLD=2026-01-25 00:00:00, WEEKLY=1, TODAY=0, YDAY=0
2026-01-30 05:36:56 | INFO     | [SUCCESS] Day 01APR
2026-01-30 05:36:56 | INFO     | [DAY_START] Processing 31MAR
[LF] Processing CAI-JED for 31MAR
2026-01-30 05:36:56 | INFO     | [lf.day.start] Processing CAI-JED for 31MAR
[LF] Sending SN command: SN31MARCAIJED/ASM
[LF] 31MAR: found 3 direct flights
2026-01-30 05:37:00 | INFO     | [lf.day.flights_found] Found 3 flights on 31MAR
2026-01-30 05:37:08 | INFO     | [lf.flight.extracted] SM477 on 31MAR: BKG=1, LF=0.6%
[LF] SM477 31MAR: BKG=1, GRP=0, CAP=179, LF%=0.6%, Brd-Off=CAI-JED, Classes: W:1
2026-01-30 05:37:18 | INFO     | [lf.flight.extracted] SM475 on 31MAR: BKG=5, LF=2.8%
[LF] SM475 31MAR: BKG=5, GRP=0, CAP=179, LF%=2.8%, Brd-Off=CAI-JED, Classes: W:5
2026-01-30 05:37:33 | INFO     | [lf.flight.extracted] SM479 on 31MAR: BKG=10, LF=5.6%
[LF] SM479 31MAR: BKG=10, GRP=0, CAP=179, LF%=5.6%, Brd-Off=CAI-JED, Classes: W:10
[LF] Getting WEEKLY/LASTSOLD data for 3 flights
[LF] SM477 31MAR: LASTSOLD=2025-12-28 00:00:00, WEEKLY=0, TODAY=0, YDAY=0
[LF] SM475 31MAR: LASTSOLD=2026-01-29 00:00:00, WEEKLY=2, TODAY=0, YDAY=1
[LF] SM479 31MAR: LASTSOLD=2026-01-18 00:00:00, WEEKLY=0, TODAY=0, YDAY=0
2026-01-30 05:37:56 | INFO     | [SUCCESS] Day 31MAR
[LF] Results summary:
  2026-04-09: 3 flights
  2026-04-08: 2 flights
  2026-04-07: 3 flights
  2026-04-06: 3 flights
  2026-04-05: 3 flights
  2026-04-04: 2 flights
  2026-04-03: 3 flights
  2026-04-02: 3 flights
  2026-04-01: 2 flights
  2026-03-31: 3 flights
2026-01-30 05:37:56 | INFO     | [SUCCESS] LF Search Complete

============================================================
[Worker_9233] ✓ COMPLETED: CAI-JED
  Results: 10 dates
  Errors: 0 dates
  Total Processed: 41 groups
============================================================

2026-01-30 05:37:56 | INFO     | [Worker_9233] Completed: CAI-JED - 10 results, 0 errors

============================================================
[Worker_9233] Processing: DMM-ATZ
  Tier 0: Range 2, Chunk 1/3
  Dates: 10 days
  Date Range: 2026-03-30 to 2026-03-21
============================================================

2026-01-30 05:37:56 | INFO     | [Worker_9233] Processing: DMM-ATZ
2026-01-30 05:37:56 | INFO     |   Tier 0: Range 2, Chunk 1/3 (10 days)
2026-01-30 05:37:56 | INFO     | ======================================================================
2026-01-30 05:37:56 | INFO     | Load Factor Scraper Started - Route: DMM-ATZ
2026-01-30 05:37:56 | INFO     | Log file: D:\CODERED\LAB\Artifacts\outputs\run_generated_300126_at_05.16\logs\LF_DMM-ATZ_20260130_053756.log
2026-01-30 05:37:56 | INFO     | Enhanced logging: Capturing both logging.info() and print()
2026-01-30 05:37:56 | INFO     | ======================================================================
[LF] Processing dates (override): ['30MAR', '29MAR', '28MAR', '27MAR', '26MAR', '25MAR', '24MAR', '23MAR', '22MAR', '21MAR']
[LF] Attaching to Chrome for Altea access
2026-01-30 05:37:56 | INFO     | Starting LF search for route: DMM-ATZ
2026-01-30 05:37:56 | INFO     | [START] LF Search
[LF][[OK] SUCCESS] Connected to Chrome on 127.0.0.1:9233 (after 1 attempts)
2026-01-30 05:37:57 | INFO     | [HEALTH CHECK] [OK] Chrome connection is healthy
[LF][[OK] SUCCESS] Found Amadeus Altea window: Altéa Reservation Desktop
[LF][[INFO] INFO] URL: https://tc212.resdesktop.altea.amadeus.com/app_ard/apf/init/login?SITE=ESMPESMP&LANGUAGE=GB&MARKETS=ARDW_PROD_WBP&ACTION=clpLogin
2026-01-30 05:37:57 | INFO     | [DAY_START] Processing 30MAR
[LF] Processing DMM-ATZ for 30MAR
2026-01-30 05:37:57 | INFO     | [lf.day.start] Processing DMM-ATZ for 30MAR
[LF] Sending SN command: SN30MARDMMATZ/ASM
[LF] No direct flights on 30MAR for DMM-ATZ
2026-01-30 05:38:01 | WARNING  | [lf.day.no_flights] No direct flights on 30MAR
2026-01-30 05:38:01 | INFO     | [SUCCESS] Day 30MAR
2026-01-30 05:38:01 | INFO     | [DAY_START] Processing 29MAR
[LF] Processing DMM-ATZ for 29MAR
2026-01-30 05:38:01 | INFO     | [lf.day.start] Processing DMM-ATZ for 29MAR
[LF] Sending SN command: SN29MARDMMATZ/ASM
[LF] No direct flights on 29MAR for DMM-ATZ
2026-01-30 05:38:06 | WARNING  | [lf.day.no_flights] No direct flights on 29MAR
2026-01-30 05:38:06 | INFO     | [SUCCESS] Day 29MAR
2026-01-30 05:38:06 | INFO     | [DAY_START] Processing 28MAR
[LF] Processing DMM-ATZ for 28MAR
2026-01-30 05:38:06 | INFO     | [lf.day.start] Processing DMM-ATZ for 28MAR
[LF] Sending SN command: SN28MARDMMATZ/ASM
[LF] No direct flights on 28MAR for DMM-ATZ
2026-01-30 05:38:10 | WARNING  | [lf.day.no_flights] No direct flights on 28MAR
2026-01-30 05:38:10 | INFO     | [SUCCESS] Day 28MAR
2026-01-30 05:38:10 | INFO     | [DAY_START] Processing 27MAR
[LF] Processing DMM-ATZ for 27MAR
2026-01-30 05:38:10 | INFO     | [lf.day.start] Processing DMM-ATZ for 27MAR
[LF] Sending SN command: SN27MARDMMATZ/ASM
[LF] 27MAR: found 1 direct flights
2026-01-30 05:38:15 | INFO     | [lf.day.flights_found] Found 1 flights on 27MAR
2026-01-30 05:38:21 | INFO     | [lf.flight.extracted] SM438 on 27MAR: BKG=15, LF=8.7%
[LF] SM438 27MAR: BKG=15, GRP=0, CAP=172, LF%=8.7%, Brd-Off=DMM-ATZ, Classes: I:5, O:3, U:3, X:1, W:3
[LF] Getting WEEKLY/LASTSOLD data for 1 flights
[LF] SM438 27MAR: LASTSOLD=2026-01-25 00:00:00, WEEKLY=3, TODAY=0, YDAY=0
2026-01-30 05:38:31 | INFO     | [SUCCESS] Day 27MAR
2026-01-30 05:38:31 | INFO     | [DAY_START] Processing 26MAR
[LF] Processing DMM-ATZ for 26MAR
2026-01-30 05:38:31 | INFO     | [lf.day.start] Processing DMM-ATZ for 26MAR
[LF] Sending SN command: SN26MARDMMATZ/ASM
[LF] No direct flights on 26MAR for DMM-ATZ
2026-01-30 05:38:35 | WARNING  | [lf.day.no_flights] No direct flights on 26MAR
2026-01-30 05:38:35 | INFO     | [SUCCESS] Day 26MAR
2026-01-30 05:38:35 | INFO     | [DAY_START] Processing 25MAR
[LF] Processing DMM-ATZ for 25MAR
2026-01-30 05:38:35 | INFO     | [lf.day.start] Processing DMM-ATZ for 25MAR
[LF] Sending SN command: SN25MARDMMATZ/ASM
[LF] No direct flights on 25MAR for DMM-ATZ
2026-01-30 05:38:38 | WARNING  | [lf.day.no_flights] No direct flights on 25MAR
2026-01-30 05:38:38 | INFO     | [SUCCESS] Day 25MAR
2026-01-30 05:38:38 | INFO     | [DAY_START] Processing 24MAR
[LF] Processing DMM-ATZ for 24MAR
2026-01-30 05:38:38 | INFO     | [lf.day.start] Processing DMM-ATZ for 24MAR
[LF] Sending SN command: SN24MARDMMATZ/ASM
[LF] No direct flights on 24MAR for DMM-ATZ
2026-01-30 05:38:41 | WARNING  | [lf.day.no_flights] No direct flights on 24MAR
2026-01-30 05:38:41 | INFO     | [SUCCESS] Day 24MAR
2026-01-30 05:38:41 | INFO     | [DAY_START] Processing 23MAR
[LF] Processing DMM-ATZ for 23MAR
2026-01-30 05:38:41 | INFO     | [lf.day.start] Processing DMM-ATZ for 23MAR
[LF] Sending SN command: SN23MARDMMATZ/ASM
[LF] 23MAR: found 1 direct flights
2026-01-30 05:38:44 | INFO     | [lf.day.flights_found] Found 1 flights on 23MAR
2026-01-30 05:38:50 | INFO     | [lf.flight.extracted] SM438 on 23MAR: BKG=39, LF=22.7%
[LF] SM438 23MAR: BKG=39, GRP=0, CAP=172, LF%=22.7%, Brd-Off=DMM-ATZ, Classes: I:10, O:10, U:1, X:8, W:9, Y:1
[LF] Getting WEEKLY/LASTSOLD data for 1 flights
[LF] SM438 23MAR: LASTSOLD=2026-01-26 00:00:00, WEEKLY=6, TODAY=0, YDAY=0
2026-01-30 05:39:02 | INFO     | [SUCCESS] Day 23MAR
2026-01-30 05:39:02 | INFO     | [DAY_START] Processing 22MAR
[LF] Processing DMM-ATZ for 22MAR
2026-01-30 05:39:02 | INFO     | [lf.day.start] Processing DMM-ATZ for 22MAR
[LF] Sending SN command: SN22MARDMMATZ/ASM
[LF] No direct flights on 22MAR for DMM-ATZ
2026-01-30 05:39:05 | WARNING  | [lf.day.no_flights] No direct flights on 22MAR
2026-01-30 05:39:05 | INFO     | [SUCCESS] Day 22MAR
2026-01-30 05:39:05 | INFO     | [DAY_START] Processing 21MAR
[LF] Processing DMM-ATZ for 21MAR
2026-01-30 05:39:05 | INFO     | [lf.day.start] Processing DMM-ATZ for 21MAR
[LF] Sending SN command: SN21MARDMMATZ/ASM
[LF] No direct flights on 21MAR for DMM-ATZ
2026-01-30 05:39:10 | WARNING  | [lf.day.no_flights] No direct flights on 21MAR
2026-01-30 05:39:10 | INFO     | [SUCCESS] Day 21MAR
[LF] Results summary:
  2026-03-30: 0 flights
  2026-03-29: 0 flights
  2026-03-28: 0 flights
  2026-03-27: 1 flights
  2026-03-26: 0 flights
  2026-03-25: 0 flights
  2026-03-24: 0 flights
  2026-03-23: 1 flights
  2026-03-22: 0 flights
  2026-03-21: 0 flights
2026-01-30 05:39:10 | INFO     | [SUCCESS] LF Search Complete

============================================================
[Worker_9233] ✓ COMPLETED: DMM-ATZ
  Results: 10 dates
  Errors: 0 dates
  Total Processed: 42 groups
============================================================

2026-01-30 05:39:10 | INFO     | [Worker_9233] Completed: DMM-ATZ - 10 results, 0 errors

============================================================
[Worker_9233] Processing: YNB-CAI
  Tier 0: Range 2, Chunk 1/3
  Dates: 10 days
  Date Range: 2026-03-30 to 2026-03-21
============================================================

2026-01-30 05:39:10 | INFO     | [Worker_9233] Processing: YNB-CAI
2026-01-30 05:39:10 | INFO     |   Tier 0: Range 2, Chunk 1/3 (10 days)
2026-01-30 05:39:10 | INFO     | ======================================================================
2026-01-30 05:39:10 | INFO     | Load Factor Scraper Started - Route: YNB-CAI
2026-01-30 05:39:10 | INFO     | Log file: D:\CODERED\LAB\Artifacts\outputs\run_generated_300126_at_05.16\logs\LF_YNB-CAI_20260130_053910.log
2026-01-30 05:39:10 | INFO     | Enhanced logging: Capturing both logging.info() and print()
2026-01-30 05:39:10 | INFO     | ======================================================================
[LF] Processing dates (override): ['30MAR', '29MAR', '28MAR', '27MAR', '26MAR', '25MAR', '24MAR', '23MAR', '22MAR', '21MAR']
[LF] Attaching to Chrome for Altea access
2026-01-30 05:39:10 | INFO     | Starting LF search for route: YNB-CAI
2026-01-30 05:39:10 | INFO     | [START] LF Search
[LF][[OK] SUCCESS] Connected to Chrome on 127.0.0.1:9233 (after 1 attempts)
2026-01-30 05:39:12 | INFO     | [HEALTH CHECK] [OK] Chrome connection is healthy
[LF][[OK] SUCCESS] Found Amadeus Altea window: Altéa Reservation Desktop
[LF][[INFO] INFO] URL: https://tc212.resdesktop.altea.amadeus.com/app_ard/apf/init/login?SITE=ESMPESMP&LANGUAGE=GB&MARKETS=ARDW_PROD_WBP&ACTION=clpLogin
2026-01-30 05:39:13 | INFO     | [DAY_START] Processing 30MAR
[LF] Processing YNB-CAI for 30MAR
2026-01-30 05:39:13 | INFO     | [lf.day.start] Processing YNB-CAI for 30MAR
[LF] Sending SN command: SN30MARYNBCAI/ASM
[LF] 30MAR: found 1 direct flights
2026-01-30 05:39:18 | INFO     | [lf.day.flights_found] Found 1 flights on 30MAR
2026-01-30 05:39:24 | INFO     | [lf.flight.extracted] SM442 on 30MAR: BKG=168, LF=96.0%
[LF] SM442 30MAR: BKG=168, GRP=135, CAP=175, LF%=96.0%, Brd-Off=YNB-CAI, Classes: P:135, I:17, O:16
[LF] Getting WEEKLY/LASTSOLD data for 1 flights
[LF] SM442 30MAR: LASTSOLD=2026-01-12 00:00:00, WEEKLY=0, TODAY=0, YDAY=0
2026-01-30 05:39:37 | INFO     | [SUCCESS] Day 30MAR
2026-01-30 05:39:37 | INFO     | [DAY_START] Processing 29MAR
[LF] Processing YNB-CAI for 29MAR
2026-01-30 05:39:37 | INFO     | [lf.day.start] Processing YNB-CAI for 29MAR
[LF] Sending SN command: SN29MARYNBCAI/ASM
[LF] 29MAR: found 1 direct flights
2026-01-30 05:39:42 | INFO     | [lf.day.flights_found] Found 1 flights on 29MAR
2026-01-30 05:39:50 | INFO     | [lf.flight.extracted] SM442 on 29MAR: BKG=168, LF=96.0%
[LF] SM442 29MAR: BKG=168, GRP=125, CAP=175, LF%=96.0%, Brd-Off=YNB-CAI, Classes: P:125, I:17, O:17, U:9
[LF] Getting WEEKLY/LASTSOLD data for 1 flights
[LF] SM442 29MAR: LASTSOLD=2026-01-05 00:00:00, WEEKLY=0, TODAY=0, YDAY=0
2026-01-30 05:40:04 | INFO     | [SUCCESS] Day 29MAR
2026-01-30 05:40:04 | INFO     | [DAY_START] Processing 28MAR
[LF] Processing YNB-CAI for 28MAR
2026-01-30 05:40:04 | INFO     | [lf.day.start] Processing YNB-CAI for 28MAR
[LF] Sending SN command: SN28MARYNBCAI/ASM
[LF] 28MAR: 1 cancelled flight(s) detected from SN (YNB-CAI)
[LF] 28MAR: found 3 direct flights
2026-01-30 05:40:09 | INFO     | [lf.day.flights_found] Found 3 flights on 28MAR
2026-01-30 05:40:17 | INFO     | [lf.flight.extracted] SM940 on 28MAR: BKG=175, LF=100.0%
[LF] SM940 28MAR: BKG=175, GRP=175, CAP=175, LF%=100.0%, Brd-Off=YNB-CAI, Classes: P:175
2026-01-30 05:40:32 | INFO     | [lf.flight.extracted] SM932 on 28MAR: BKG=175, LF=100.0%
[LF] SM932 28MAR: BKG=175, GRP=175, CAP=175, LF%=100.0%, Brd-Off=YNB-CAI, Classes: P:175
2026-01-30 05:40:52 | INFO     | [lf.flight.extracted] SM442 on 28MAR: BKG=175, LF=100.0%
[LF] SM442 28MAR: BKG=175, GRP=175, CAP=175, LF%=100.0%, Brd-Off=YNB-CAI, Classes: P:175
[LF] Getting WEEKLY/LASTSOLD data for 3 flights
[LF] SM940 28MAR: LASTSOLD=2026-01-28 00:00:00, WEEKLY=2, TODAY=0, YDAY=0
[LF] SM932 28MAR: LASTSOLD=2026-01-28 00:00:00, WEEKLY=3, TODAY=0, YDAY=0
[LF] SM442 28MAR: LASTSOLD=2026-01-27 00:00:00, WEEKLY=1, TODAY=0, YDAY=0
2026-01-30 05:41:03 | INFO     | [SUCCESS] Day 28MAR
2026-01-30 05:41:03 | INFO     | [DAY_START] Processing 27MAR
[LF] Processing YNB-CAI for 27MAR
2026-01-30 05:41:03 | INFO     | [lf.day.start] Processing YNB-CAI for 27MAR
[LF] Sending SN command: SN27MARYNBCAI/ASM
[LF] 27MAR: found 3 direct flights
2026-01-30 05:41:05 | INFO     | [lf.day.flights_found] Found 3 flights on 27MAR
2026-01-30 05:41:10 | INFO     | [lf.flight.extracted] SM932 on 27MAR: BKG=175, LF=100.0%
[LF] SM932 27MAR: BKG=175, GRP=175, CAP=175, LF%=100.0%, Brd-Off=YNB-CAI, Classes: P:175
2026-01-30 05:41:19 | INFO     | [lf.flight.extracted] SM442 on 27MAR: BKG=164, LF=93.7%
[LF] SM442 27MAR: BKG=164, GRP=160, CAP=175, LF%=93.7%, Brd-Off=YNB-CAI, Classes: P:160, L:3, K:1
2026-01-30 05:41:27 | INFO     | [lf.flight.extracted] SM938 on 27MAR: BKG=175, LF=100.0%
[LF] SM938 27MAR: BKG=175, GRP=175, CAP=175, LF%=100.0%, Brd-Off=YNB-CAI, Classes: P:175
[LF] Getting WEEKLY/LASTSOLD data for 3 flights
[LF] SM932 27MAR: LASTSOLD=2026-01-26 00:00:00, WEEKLY=2, TODAY=0, YDAY=0
[LF] SM442 27MAR: LASTSOLD=2026-01-25 00:00:00, WEEKLY=1, TODAY=0, YDAY=0
[LF] SM938 27MAR: LASTSOLD=2026-01-26 00:00:00, WEEKLY=3, TODAY=0, YDAY=0
2026-01-30 05:41:40 | INFO     | [SUCCESS] Day 27MAR
2026-01-30 05:41:40 | INFO     | [DAY_START] Processing 26MAR
[LF] Processing YNB-CAI for 26MAR
2026-01-30 05:41:40 | INFO     | [lf.day.start] Processing YNB-CAI for 26MAR
[LF] Sending SN command: SN26MARYNBCAI/ASM
[LF] 26MAR: found 2 direct flights
2026-01-30 05:41:43 | INFO     | [lf.day.flights_found] Found 2 flights on 26MAR
2026-01-30 05:41:49 | INFO     | [lf.flight.extracted] SM988 on 26MAR: BKG=170, LF=101.8%
[LF] SM988 26MAR: BKG=170, GRP=170, CAP=167, LF%=101.8%, Brd-Off=YNB-CAI, Classes: P:170
2026-01-30 05:41:55 | INFO     | [lf.flight.extracted] SM442 on 26MAR: BKG=181, LF=103.4%
[LF] SM442 26MAR: BKG=181, GRP=180, CAP=175, LF%=103.4%, Brd-Off=YNB-CAI, Classes: P:180, W:1
[LF] Getting WEEKLY/LASTSOLD data for 2 flights
[LF] SM988 26MAR: LASTSOLD=2026-01-07 00:00:00, WEEKLY=0, TODAY=0, YDAY=0
[LF] SM442 26MAR: LASTSOLD=2026-01-12 00:00:00, WEEKLY=0, TODAY=0, YDAY=0
2026-01-30 05:42:03 | INFO     | [SUCCESS] Day 26MAR
2026-01-30 05:42:03 | INFO     | [DAY_START] Processing 25MAR
[LF] Processing YNB-CAI for 25MAR
2026-01-30 05:42:03 | INFO     | [lf.day.start] Processing YNB-CAI for 25MAR
[LF] Sending SN command: SN25MARYNBCAI/ASM
[LF] 25MAR: found 2 direct flights
2026-01-30 05:42:05 | INFO     | [lf.day.flights_found] Found 2 flights on 25MAR
2026-01-30 05:42:10 | INFO     | [lf.flight.extracted] SM988 on 25MAR: BKG=160, LF=91.4%
[LF] SM988 25MAR: BKG=160, GRP=160, CAP=175, LF%=91.4%, Brd-Off=YNB-CAI, Classes: P:160
2026-01-30 05:42:15 | INFO     | [lf.flight.extracted] SM442 on 25MAR: BKG=146, LF=83.4%
[LF] SM442 25MAR: BKG=146, GRP=135, CAP=175, LF%=83.4%, Brd-Off=YNB-CAI, Classes: P:135, W:9, V:2
[LF] Getting WEEKLY/LASTSOLD data for 2 flights
[LF] SM988 25MAR: LASTSOLD=2025-12-31 00:00:00, WEEKLY=0, TODAY=0, YDAY=0
[LF] SM442 25MAR: LASTSOLD=2026-01-15 00:00:00, WEEKLY=0, TODAY=0, YDAY=0
2026-01-30 05:42:24 | INFO     | [SUCCESS] Day 25MAR
2026-01-30 05:42:24 | INFO     | [DAY_START] Processing 24MAR
[LF] Processing YNB-CAI for 24MAR
2026-01-30 05:42:24 | INFO     | [lf.day.start] Processing YNB-CAI for 24MAR
[LF] Sending SN command: SN24MARYNBCAI/ASM
[LF] 24MAR: found 1 direct flights
2026-01-30 05:42:34 | INFO     | [lf.day.flights_found] Found 1 flights on 24MAR
2026-01-30 05:42:37 | INFO     | [lf.flight.extracted] SM442 on 24MAR: BKG=144, LF=82.3%
[LF] SM442 24MAR: BKG=144, GRP=135, CAP=175, LF%=82.3%, Brd-Off=YNB-CAI, Classes: P:135, W:7, L:2
[LF] Getting WEEKLY/LASTSOLD data for 1 flights
[LF] SM442 24MAR: LASTSOLD=2026-01-15 00:00:00, WEEKLY=0, TODAY=0, YDAY=0
2026-01-30 05:42:43 | INFO     | [SUCCESS] Day 24MAR
2026-01-30 05:42:43 | INFO     | [DAY_START] Processing 23MAR
[LF] Processing YNB-CAI for 23MAR
2026-01-30 05:42:43 | INFO     | [lf.day.start] Processing YNB-CAI for 23MAR
[LF] Sending SN command: SN23MARYNBCAI/ASM
[LF] 23MAR: found 3 direct flights
2026-01-30 05:42:47 | INFO     | [lf.day.flights_found] Found 3 flights on 23MAR
2026-01-30 05:42:51 | INFO     | [lf.flight.extracted] SM942 on 23MAR: BKG=170, LF=97.1%
[LF] SM942 23MAR: BKG=170, GRP=170, CAP=175, LF%=97.1%, Brd-Off=YNB-CAI, Classes: P:170
2026-01-30 05:42:56 | INFO     | [lf.flight.extracted] SM986 on 23MAR: BKG=180, LF=107.8%
[LF] SM986 23MAR: BKG=180, GRP=180, CAP=167, LF%=107.8%, Brd-Off=YNB-CAI, Classes: P:180
2026-01-30 05:43:03 | INFO     | [lf.flight.extracted] SM442 on 23MAR: BKG=158, LF=90.3%
[LF] SM442 23MAR: BKG=158, GRP=140, CAP=175, LF%=90.3%, Brd-Off=YNB-CAI, Classes: P:140, W:11, S:5, V:1, K:1
[LF] Getting WEEKLY/LASTSOLD data for 3 flights
[LF] SM942 23MAR: LASTSOLD=2026-01-20 00:00:00, WEEKLY=0, TODAY=0, YDAY=0
[LF] SM986 23MAR: LASTSOLD=2026-01-05 00:00:00, WEEKLY=0, TODAY=0, YDAY=0
[LF] SM442 23MAR: LASTSOLD=2026-01-18 00:00:00, WEEKLY=0, TODAY=0, YDAY=0
2026-01-30 05:43:18 | INFO     | [SUCCESS] Day 23MAR
2026-01-30 05:43:18 | INFO     | [DAY_START] Processing 22MAR
[LF] Processing YNB-CAI for 22MAR
2026-01-30 05:43:18 | INFO     | [lf.day.start] Processing YNB-CAI for 22MAR
[LF] Sending SN command: SN22MARYNBCAI/ASM
[LF] 22MAR: found 2 direct flights
2026-01-30 05:43:22 | INFO     | [lf.day.flights_found] Found 2 flights on 22MAR
2026-01-30 05:43:26 | INFO     | [lf.flight.extracted] SM442 on 22MAR: BKG=149, LF=85.1%
[LF] SM442 22MAR: BKG=149, GRP=135, CAP=175, LF%=85.1%, Brd-Off=YNB-CAI, Classes: P:135, W:12, S:2
2026-01-30 05:43:35 | INFO     | [lf.flight.extracted] SM988 on 22MAR: BKG=170, LF=101.8%
[LF] SM988 22MAR: BKG=170, GRP=170, CAP=167, LF%=101.8%, Brd-Off=YNB-CAI, Classes: P:170
[LF] Getting WEEKLY/LASTSOLD data for 2 flights
[LF] SM442 22MAR: LASTSOLD=2026-01-07 00:00:00, WEEKLY=0, TODAY=0, YDAY=0
[LF] SM988 22MAR: LASTSOLD=2026-01-07 00:00:00, WEEKLY=0, TODAY=0, YDAY=0
2026-01-30 05:43:57 | INFO     | [SUCCESS] Day 22MAR
2026-01-30 05:43:57 | INFO     | [DAY_START] Processing 21MAR
[LF] Processing YNB-CAI for 21MAR
2026-01-30 05:43:57 | INFO     | [lf.day.start] Processing YNB-CAI for 21MAR
[LF] Sending SN command: SN21MARYNBCAI/ASM
[LF] 21MAR: found 2 direct flights
2026-01-30 05:44:01 | INFO     | [lf.day.flights_found] Found 2 flights on 21MAR
2026-01-30 05:44:06 | INFO     | [lf.flight.extracted] SM942 on 21MAR: BKG=160, LF=91.4%
[LF] SM942 21MAR: BKG=160, GRP=160, CAP=175, LF%=91.4%, Brd-Off=YNB-CAI, Classes: P:160
2026-01-30 05:44:14 | INFO     | [lf.flight.extracted] SM442 on 21MAR: BKG=150, LF=85.7%
[LF] SM442 21MAR: BKG=150, GRP=135, CAP=175, LF%=85.7%, Brd-Off=YNB-CAI, Classes: P:135, W:12, S:3
[LF] Getting WEEKLY/LASTSOLD data for 2 flights
[LF] SM942 21MAR: LASTSOLD=2026-01-18 00:00:00, WEEKLY=0, TODAY=0, YDAY=0
[LF] SM442 21MAR: LASTSOLD=2026-01-05 00:00:00, WEEKLY=0, TODAY=0, YDAY=0
2026-01-30 05:44:28 | INFO     | [SUCCESS] Day 21MAR
[LF] Results summary:
  2026-03-30: 1 flights
  2026-03-29: 1 flights
  2026-03-28: 3 flights
  2026-03-27: 3 flights
  2026-03-26: 2 flights
  2026-03-25: 2 flights
  2026-03-24: 1 flights
  2026-03-23: 3 flights
  2026-03-22: 2 flights
  2026-03-21: 2 flights
[LF] Cancelled flights found: 1
  - SM950 28MAR (SN)
2026-01-30 05:44:28 | INFO     | [SUCCESS] LF Search Complete
[Worker_9233] Cancelled flights collected: 1

============================================================
[Worker_9233] ✓ COMPLETED: YNB-CAI
  Results: 10 dates
  Errors: 0 dates
  Total Processed: 43 groups
============================================================

2026-01-30 05:44:28 | INFO     | [Worker_9233] Completed: YNB-CAI - 10 results, 0 errors

============================================================
[Worker_9233] Processing: ATZ-AJF
  Tier 0: Range 2, Chunk 1/3
  Dates: 10 days
  Date Range: 2026-03-30 to 2026-03-21
============================================================

2026-01-30 05:44:28 | INFO     | [Worker_9233] Processing: ATZ-AJF
2026-01-30 05:44:28 | INFO     |   Tier 0: Range 2, Chunk 1/3 (10 days)
2026-01-30 05:44:28 | INFO     | ======================================================================
2026-01-30 05:44:28 | INFO     | Load Factor Scraper Started - Route: ATZ-AJF
2026-01-30 05:44:28 | INFO     | Log file: D:\CODERED\LAB\Artifacts\outputs\run_generated_300126_at_05.16\logs\LF_ATZ-AJF_20260130_054428.log
2026-01-30 05:44:28 | INFO     | Enhanced logging: Capturing both logging.info() and print()
2026-01-30 05:44:28 | INFO     | ======================================================================
[LF] Processing dates (override): ['30MAR', '29MAR', '28MAR', '27MAR', '26MAR', '25MAR', '24MAR', '23MAR', '22MAR', '21MAR']
[LF] Attaching to Chrome for Altea access
2026-01-30 05:44:28 | INFO     | Starting LF search for route: ATZ-AJF
2026-01-30 05:44:28 | INFO     | [START] LF Search
[LF][[OK] SUCCESS] Connected to Chrome on 127.0.0.1:9233 (after 1 attempts)
2026-01-30 05:44:30 | INFO     | [HEALTH CHECK] [OK] Chrome connection is healthy
[LF][[OK] SUCCESS] Found Amadeus Altea window: Altéa Reservation Desktop
[LF][[INFO] INFO] URL: https://tc212.resdesktop.altea.amadeus.com/app_ard/apf/init/login?SITE=ESMPESMP&LANGUAGE=GB&MARKETS=ARDW_PROD_WBP&ACTION=clpLogin
2026-01-30 05:44:30 | INFO     | [DAY_START] Processing 30MAR
[LF] Processing ATZ-AJF for 30MAR
2026-01-30 05:44:30 | INFO     | [lf.day.start] Processing ATZ-AJF for 30MAR
[LF] Sending SN command: SN30MARATZAJF/ASM
[LF] No direct flights on 30MAR for ATZ-AJF
2026-01-30 05:44:33 | WARNING  | [lf.day.no_flights] No direct flights on 30MAR
2026-01-30 05:44:33 | INFO     | [SUCCESS] Day 30MAR
2026-01-30 05:44:33 | INFO     | [DAY_START] Processing 29MAR
[LF] Processing ATZ-AJF for 29MAR
2026-01-30 05:44:33 | INFO     | [lf.day.start] Processing ATZ-AJF for 29MAR
[LF] Sending SN command: SN29MARATZAJF/ASM
[LF] No direct flights on 29MAR for ATZ-AJF
2026-01-30 05:44:35 | WARNING  | [lf.day.no_flights] No direct flights on 29MAR
2026-01-30 05:44:35 | INFO     | [SUCCESS] Day 29MAR
2026-01-30 05:44:35 | INFO     | [DAY_START] Processing 28MAR
[LF] Processing ATZ-AJF for 28MAR
2026-01-30 05:44:35 | INFO     | [lf.day.start] Processing ATZ-AJF for 28MAR
[LF] Sending SN command: SN28MARATZAJF/ASM
[LF] No direct flights on 28MAR for ATZ-AJF
2026-01-30 05:44:38 | WARNING  | [lf.day.no_flights] No direct flights on 28MAR
2026-01-30 05:44:38 | INFO     | [SUCCESS] Day 28MAR
2026-01-30 05:44:38 | INFO     | [DAY_START] Processing 27MAR
[LF] Processing ATZ-AJF for 27MAR
2026-01-30 05:44:38 | INFO     | [lf.day.start] Processing ATZ-AJF for 27MAR
[LF] Sending SN command: SN27MARATZAJF/ASM
[LF] 27MAR: found 1 direct flights
2026-01-30 05:44:40 | INFO     | [lf.day.flights_found] Found 1 flights on 27MAR
2026-01-30 05:44:45 | INFO     | [lf.flight.extracted] SM323 on 27MAR: BKG=59, LF=33.0%
[LF] SM323 27MAR: BKG=59, GRP=0, CAP=179, LF%=33.0%, Brd-Off=ATZ-AJF, Classes: W:10, S:10, G:6, L:18, V:12, M:3
[LF] Getting WEEKLY/LASTSOLD data for 1 flights
[LF] SM323 27MAR: LASTSOLD=2026-01-27 00:00:00, WEEKLY=11, TODAY=0, YDAY=0
2026-01-30 05:44:57 | INFO     | [SUCCESS] Day 27MAR
2026-01-30 05:44:57 | INFO     | [DAY_START] Processing 26MAR
[LF] Processing ATZ-AJF for 26MAR
2026-01-30 05:44:57 | INFO     | [lf.day.start] Processing ATZ-AJF for 26MAR
[LF] Sending SN command: SN26MARATZAJF/ASM
[LF] No direct flights on 26MAR for ATZ-AJF
2026-01-30 05:44:59 | WARNING  | [lf.day.no_flights] No direct flights on 26MAR
2026-01-30 05:44:59 | INFO     | [SUCCESS] Day 26MAR
2026-01-30 05:44:59 | INFO     | [DAY_START] Processing 25MAR
[LF] Processing ATZ-AJF for 25MAR
2026-01-30 05:44:59 | INFO     | [lf.day.start] Processing ATZ-AJF for 25MAR
[LF] Sending SN command: SN25MARATZAJF/ASM
[LF] No direct flights on 25MAR for ATZ-AJF
2026-01-30 05:45:03 | WARNING  | [lf.day.no_flights] No direct flights on 25MAR
2026-01-30 05:45:03 | INFO     | [SUCCESS] Day 25MAR
2026-01-30 05:45:03 | INFO     | [DAY_START] Processing 24MAR
[LF] Processing ATZ-AJF for 24MAR
2026-01-30 05:45:03 | INFO     | [lf.day.start] Processing ATZ-AJF for 24MAR
[LF] Sending SN command: SN24MARATZAJF/ASM
[LF] No direct flights on 24MAR for ATZ-AJF
2026-01-30 05:45:05 | WARNING  | [lf.day.no_flights] No direct flights on 24MAR
2026-01-30 05:45:05 | INFO     | [SUCCESS] Day 24MAR
2026-01-30 05:45:05 | INFO     | [DAY_START] Processing 23MAR
[LF] Processing ATZ-AJF for 23MAR
2026-01-30 05:45:05 | INFO     | [lf.day.start] Processing ATZ-AJF for 23MAR
[LF] Sending SN command: SN23MARATZAJF/ASM
[LF] No direct flights on 23MAR for ATZ-AJF
2026-01-30 05:45:07 | WARNING  | [lf.day.no_flights] No direct flights on 23MAR
2026-01-30 05:45:07 | INFO     | [SUCCESS] Day 23MAR
2026-01-30 05:45:07 | INFO     | [DAY_START] Processing 22MAR
[LF] Processing ATZ-AJF for 22MAR
2026-01-30 05:45:07 | INFO     | [lf.day.start] Processing ATZ-AJF for 22MAR
[LF] Sending SN command: SN22MARATZAJF/ASM
[LF] No direct flights on 22MAR for ATZ-AJF
2026-01-30 05:45:10 | WARNING  | [lf.day.no_flights] No direct flights on 22MAR
2026-01-30 05:45:10 | INFO     | [SUCCESS] Day 22MAR
2026-01-30 05:45:10 | INFO     | [DAY_START] Processing 21MAR
[LF] Processing ATZ-AJF for 21MAR
2026-01-30 05:45:10 | INFO     | [lf.day.start] Processing ATZ-AJF for 21MAR
[LF] Sending SN command: SN21MARATZAJF/ASM
[LF] No direct flights on 21MAR for ATZ-AJF
2026-01-30 05:45:12 | WARNING  | [lf.day.no_flights] No direct flights on 21MAR
2026-01-30 05:45:12 | INFO     | [SUCCESS] Day 21MAR
[LF] Results summary:
  2026-03-30: 0 flights
  2026-03-29: 0 flights
  2026-03-28: 0 flights
  2026-03-27: 1 flights
  2026-03-26: 0 flights
  2026-03-25: 0 flights
  2026-03-24: 0 flights
  2026-03-23: 0 flights
  2026-03-22: 0 flights
  2026-03-21: 0 flights
2026-01-30 05:45:12 | INFO     | [SUCCESS] LF Search Complete

============================================================
[Worker_9233] ✓ COMPLETED: ATZ-AJF
  Results: 10 dates
  Errors: 0 dates
  Total Processed: 44 groups
============================================================

2026-01-30 05:45:12 | INFO     | [Worker_9233] Completed: ATZ-AJF - 10 results, 0 errors

============================================================
[Worker_9233] Processing: ATZ-AHB
  Tier 0: Range 2, Chunk 1/3
  Dates: 10 days
  Date Range: 2026-03-30 to 2026-03-21
============================================================

2026-01-30 05:45:12 | INFO     | [Worker_9233] Processing: ATZ-AHB
2026-01-30 05:45:12 | INFO     |   Tier 0: Range 2, Chunk 1/3 (10 days)
2026-01-30 05:45:12 | INFO     | ======================================================================
2026-01-30 05:45:12 | INFO     | Load Factor Scraper Started - Route: ATZ-AHB
2026-01-30 05:45:12 | INFO     | Log file: D:\CODERED\LAB\Artifacts\outputs\run_generated_300126_at_05.16\logs\LF_ATZ-AHB_20260130_054512.log
2026-01-30 05:45:12 | INFO     | Enhanced logging: Capturing both logging.info() and print()
2026-01-30 05:45:12 | INFO     | ======================================================================
[LF] Processing dates (override): ['30MAR', '29MAR', '28MAR', '27MAR', '26MAR', '25MAR', '24MAR', '23MAR', '22MAR', '21MAR']
[LF] Attaching to Chrome for Altea access
2026-01-30 05:45:12 | INFO     | Starting LF search for route: ATZ-AHB
2026-01-30 05:45:12 | INFO     | [START] LF Search
[LF][[OK] SUCCESS] Connected to Chrome on 127.0.0.1:9233 (after 1 attempts)
2026-01-30 05:45:14 | INFO     | [HEALTH CHECK] [OK] Chrome connection is healthy
[LF][[OK] SUCCESS] Found Amadeus Altea window: Altéa Reservation Desktop
[LF][[INFO] INFO] URL: https://tc212.resdesktop.altea.amadeus.com/app_ard/apf/init/login?SITE=ESMPESMP&LANGUAGE=GB&MARKETS=ARDW_PROD_WBP&ACTION=clpLogin
2026-01-30 05:45:14 | INFO     | [DAY_START] Processing 30MAR
[LF] Processing ATZ-AHB for 30MAR
2026-01-30 05:45:14 | INFO     | [lf.day.start] Processing ATZ-AHB for 30MAR
[LF] Sending SN command: SN30MARATZAHB/ASM
[LF] No direct flights on 30MAR for ATZ-AHB
2026-01-30 05:45:16 | WARNING  | [lf.day.no_flights] No direct flights on 30MAR
2026-01-30 05:45:16 | INFO     | [SUCCESS] Day 30MAR
2026-01-30 05:45:16 | INFO     | [DAY_START] Processing 29MAR
[LF] Processing ATZ-AHB for 29MAR
2026-01-30 05:45:16 | INFO     | [lf.day.start] Processing ATZ-AHB for 29MAR
[LF] Sending SN command: SN29MARATZAHB/ASM
[LF] No direct flights on 29MAR for ATZ-AHB
2026-01-30 05:45:19 | WARNING  | [lf.day.no_flights] No direct flights on 29MAR
2026-01-30 05:45:19 | INFO     | [SUCCESS] Day 29MAR
2026-01-30 05:45:19 | INFO     | [DAY_START] Processing 28MAR
[LF] Processing ATZ-AHB for 28MAR
2026-01-30 05:45:19 | INFO     | [lf.day.start] Processing ATZ-AHB for 28MAR
[LF] Sending SN command: SN28MARATZAHB/ASM
[LF] No direct flights on 28MAR for ATZ-AHB
2026-01-30 05:45:22 | WARNING  | [lf.day.no_flights] No direct flights on 28MAR
2026-01-30 05:45:22 | INFO     | [SUCCESS] Day 28MAR
2026-01-30 05:45:22 | INFO     | [DAY_START] Processing 27MAR
[LF] Processing ATZ-AHB for 27MAR
2026-01-30 05:45:22 | INFO     | [lf.day.start] Processing ATZ-AHB for 27MAR
[LF] Sending SN command: SN27MARATZAHB/ASM
[LF] 27MAR: found 1 direct flights
2026-01-30 05:45:25 | INFO     | [lf.day.flights_found] Found 1 flights on 27MAR
2026-01-30 05:45:30 | INFO     | [lf.flight.extracted] SM445 on 27MAR: BKG=17, LF=9.5%
[LF] SM445 27MAR: BKG=17, GRP=0, CAP=179, LF%=9.5%, Brd-Off=ATZ-AHB, Classes: X:7, T:2, V:1, Q:2, M:1, B:4
[LF] Getting WEEKLY/LASTSOLD data for 1 flights
[LF] SM445 27MAR: LASTSOLD=2026-01-28 00:00:00, WEEKLY=1, TODAY=0, YDAY=0
2026-01-30 05:45:37 | INFO     | [SUCCESS] Day 27MAR
2026-01-30 05:45:37 | INFO     | [DAY_START] Processing 26MAR
[LF] Processing ATZ-AHB for 26MAR
2026-01-30 05:45:37 | INFO     | [lf.day.start] Processing ATZ-AHB for 26MAR
[LF] Sending SN command: SN26MARATZAHB/ASM
[LF] No direct flights on 26MAR for ATZ-AHB
2026-01-30 05:45:39 | WARNING  | [lf.day.no_flights] No direct flights on 26MAR
2026-01-30 05:45:39 | INFO     | [SUCCESS] Day 26MAR
2026-01-30 05:45:39 | INFO     | [DAY_START] Processing 25MAR
[LF] Processing ATZ-AHB for 25MAR
2026-01-30 05:45:39 | INFO     | [lf.day.start] Processing ATZ-AHB for 25MAR
[LF] Sending SN command: SN25MARATZAHB/ASM
[LF] No direct flights on 25MAR for ATZ-AHB
2026-01-30 05:45:42 | WARNING  | [lf.day.no_flights] No direct flights on 25MAR
2026-01-30 05:45:42 | INFO     | [SUCCESS] Day 25MAR
2026-01-30 05:45:42 | INFO     | [DAY_START] Processing 24MAR
[LF] Processing ATZ-AHB for 24MAR
2026-01-30 05:45:42 | INFO     | [lf.day.start] Processing ATZ-AHB for 24MAR
[LF] Sending SN command: SN24MARATZAHB/ASM
[LF] No direct flights on 24MAR for ATZ-AHB
2026-01-30 05:45:45 | WARNING  | [lf.day.no_flights] No direct flights on 24MAR
2026-01-30 05:45:45 | INFO     | [SUCCESS] Day 24MAR
2026-01-30 05:45:45 | INFO     | [DAY_START] Processing 23MAR
[LF] Processing ATZ-AHB for 23MAR
2026-01-30 05:45:45 | INFO     | [lf.day.start] Processing ATZ-AHB for 23MAR
[LF] Sending SN command: SN23MARATZAHB/ASM
[LF] No direct flights on 23MAR for ATZ-AHB
2026-01-30 05:45:47 | WARNING  | [lf.day.no_flights] No direct flights on 23MAR
2026-01-30 05:45:47 | INFO     | [SUCCESS] Day 23MAR
2026-01-30 05:45:47 | INFO     | [DAY_START] Processing 22MAR
[LF] Processing ATZ-AHB for 22MAR
2026-01-30 05:45:47 | INFO     | [lf.day.start] Processing ATZ-AHB for 22MAR
[LF] Sending SN command: SN22MARATZAHB/ASM
[LF] No direct flights on 22MAR for ATZ-AHB
2026-01-30 05:45:50 | WARNING  | [lf.day.no_flights] No direct flights on 22MAR
2026-01-30 05:45:50 | INFO     | [SUCCESS] Day 22MAR
2026-01-30 05:45:50 | INFO     | [DAY_START] Processing 21MAR
[LF] Processing ATZ-AHB for 21MAR
2026-01-30 05:45:50 | INFO     | [lf.day.start] Processing ATZ-AHB for 21MAR
[LF] Sending SN command: SN21MARATZAHB/ASM
[LF] No direct flights on 21MAR for ATZ-AHB
2026-01-30 05:45:53 | WARNING  | [lf.day.no_flights] No direct flights on 21MAR
2026-01-30 05:45:53 | INFO     | [SUCCESS] Day 21MAR
[LF] Results summary:
  2026-03-30: 0 flights
  2026-03-29: 0 flights
  2026-03-28: 0 flights
  2026-03-27: 1 flights
  2026-03-26: 0 flights
  2026-03-25: 0 flights
  2026-03-24: 0 flights
  2026-03-23: 0 flights
  2026-03-22: 0 flights
  2026-03-21: 0 flights
2026-01-30 05:45:53 | INFO     | [SUCCESS] LF Search Complete

============================================================
[Worker_9233] ✓ COMPLETED: ATZ-AHB
  Results: 10 dates
  Errors: 0 dates
  Total Processed: 45 groups
============================================================

2026-01-30 05:45:53 | INFO     | [Worker_9233] Completed: ATZ-AHB - 10 results, 0 errors

============================================================
[Worker_9233] Processing: MED-HBE
  Tier 0: Range 2, Chunk 2/3
  Dates: 10 days
  Date Range: 2026-03-20 to 2026-03-11
============================================================

2026-01-30 05:45:53 | INFO     | [Worker_9233] Processing: MED-HBE
2026-01-30 05:45:53 | INFO     |   Tier 0: Range 2, Chunk 2/3 (10 days)
2026-01-30 05:45:53 | INFO     | ======================================================================
2026-01-30 05:45:53 | INFO     | Load Factor Scraper Started - Route: MED-HBE
2026-01-30 05:45:53 | INFO     | Log file: D:\CODERED\LAB\Artifacts\outputs\run_generated_300126_at_05.16\logs\LF_MED-HBE_20260130_054553.log
2026-01-30 05:45:53 | INFO     | Enhanced logging: Capturing both logging.info() and print()
2026-01-30 05:45:53 | INFO     | ======================================================================
[LF] Processing dates (override): ['20MAR', '19MAR', '18MAR', '17MAR', '16MAR', '15MAR', '14MAR', '13MAR', '12MAR', '11MAR']
[LF] Attaching to Chrome for Altea access
2026-01-30 05:45:53 | INFO     | Starting LF search for route: MED-HBE
2026-01-30 05:45:53 | INFO     | [START] LF Search
[LF][[OK] SUCCESS] Connected to Chrome on 127.0.0.1:9233 (after 1 attempts)
2026-01-30 05:45:54 | INFO     | [HEALTH CHECK] [OK] Chrome connection is healthy
[LF][[OK] SUCCESS] Found Amadeus Altea window: Altéa Reservation Desktop
[LF][[INFO] INFO] URL: https://tc212.resdesktop.altea.amadeus.com/app_ard/apf/init/login?SITE=ESMPESMP&LANGUAGE=GB&MARKETS=ARDW_PROD_WBP&ACTION=clpLogin
2026-01-30 05:45:55 | INFO     | [DAY_START] Processing 20MAR
[LF] Processing MED-HBE for 20MAR
2026-01-30 05:45:55 | INFO     | [lf.day.start] Processing MED-HBE for 20MAR
[LF] Sending SN command: SN20MARMEDHBE/ASM
[LF] No direct flights on 20MAR for MED-HBE
2026-01-30 05:45:57 | WARNING  | [lf.day.no_flights] No direct flights on 20MAR
2026-01-30 05:45:57 | INFO     | [SUCCESS] Day 20MAR
2026-01-30 05:45:57 | INFO     | [DAY_START] Processing 19MAR
[LF] Processing MED-HBE for 19MAR
2026-01-30 05:45:57 | INFO     | [lf.day.start] Processing MED-HBE for 19MAR
[LF] Sending SN command: SN19MARMEDHBE/ASM
[LF] 19MAR: found 1 direct flights
2026-01-30 05:46:00 | INFO     | [lf.day.flights_found] Found 1 flights on 19MAR
2026-01-30 05:46:05 | INFO     | [lf.flight.extracted] SM486 on 19MAR: BKG=34, LF=19.4%
[LF] SM486 19MAR: BKG=34, GRP=0, CAP=175, LF%=19.4%, Brd-Off=MED-HBE, Classes: K:5, Q:5, H:5, M:19
[LF] Getting WEEKLY/LASTSOLD data for 1 flights
[LF] SM486 19MAR: LASTSOLD=2026-01-29 00:00:00, WEEKLY=5, TODAY=0, YDAY=2
2026-01-30 05:46:14 | INFO     | [SUCCESS] Day 19MAR
2026-01-30 05:46:14 | INFO     | [DAY_START] Processing 18MAR
[LF] Processing MED-HBE for 18MAR
2026-01-30 05:46:14 | INFO     | [lf.day.start] Processing MED-HBE for 18MAR
[LF] Sending SN command: SN18MARMEDHBE/ASM
[LF] 18MAR: found 1 direct flights
2026-01-30 05:46:17 | INFO     | [lf.day.flights_found] Found 1 flights on 18MAR
2026-01-30 05:46:23 | INFO     | [lf.flight.extracted] SM486 on 18MAR: BKG=29, LF=17.4%
[LF] SM486 18MAR: BKG=29, GRP=0, CAP=167, LF%=17.4%, Brd-Off=MED-HBE, Classes: K:5, Q:5, H:4, M:15
[LF] Getting WEEKLY/LASTSOLD data for 1 flights
[LF] SM486 18MAR: LASTSOLD=2026-01-29 00:00:00, WEEKLY=7, TODAY=0, YDAY=1
2026-01-30 05:46:31 | INFO     | [SUCCESS] Day 18MAR
2026-01-30 05:46:31 | INFO     | [DAY_START] Processing 17MAR
[LF] Processing MED-HBE for 17MAR
2026-01-30 05:46:31 | INFO     | [lf.day.start] Processing MED-HBE for 17MAR
[LF] Sending SN command: SN17MARMEDHBE/ASM
[LF] 17MAR: found 1 direct flights
2026-01-30 05:46:35 | INFO     | [lf.day.flights_found] Found 1 flights on 17MAR
2026-01-30 05:46:39 | INFO     | [lf.flight.extracted] SM486 on 17MAR: BKG=14, LF=8.4%
[LF] SM486 17MAR: BKG=14, GRP=0, CAP=167, LF%=8.4%, Brd-Off=MED-HBE, Classes: K:5, Q:5, H:1, M:3
[LF] Getting WEEKLY/LASTSOLD data for 1 flights
[LF] SM486 17MAR: LASTSOLD=2026-01-27 00:00:00, WEEKLY=2, TODAY=0, YDAY=0
2026-01-30 05:46:58 | INFO     | [SUCCESS] Day 17MAR
2026-01-30 05:46:58 | INFO     | [DAY_START] Processing 16MAR
[LF] Processing MED-HBE for 16MAR
2026-01-30 05:46:58 | INFO     | [lf.day.start] Processing MED-HBE for 16MAR
[LF] Sending SN command: SN16MARMEDHBE/ASM
[LF] No direct flights on 16MAR for MED-HBE
2026-01-30 05:47:04 | WARNING  | [lf.day.no_flights] No direct flights on 16MAR
2026-01-30 05:47:04 | INFO     | [SUCCESS] Day 16MAR
2026-01-30 05:47:04 | INFO     | [DAY_START] Processing 15MAR
[LF] Processing MED-HBE for 15MAR
2026-01-30 05:47:04 | INFO     | [lf.day.start] Processing MED-HBE for 15MAR
[LF] Sending SN command: SN15MARMEDHBE/ASM
[LF] 15MAR: found 1 direct flights
2026-01-30 05:47:07 | INFO     | [lf.day.flights_found] Found 1 flights on 15MAR
2026-01-30 05:47:11 | INFO     | [lf.flight.extracted] SM486 on 15MAR: BKG=11, LF=6.3%
[LF] SM486 15MAR: BKG=11, GRP=0, CAP=175, LF%=6.3%, Brd-Off=MED-HBE, Classes: S:7, K:2, Q:1, Y:1
[LF] Getting WEEKLY/LASTSOLD data for 1 flights
[LF] SM486 15MAR: LASTSOLD=2026-01-14 00:00:00, WEEKLY=0, TODAY=0, YDAY=0
2026-01-30 05:47:18 | INFO     | [SUCCESS] Day 15MAR
2026-01-30 05:47:18 | INFO     | [DAY_START] Processing 14MAR
[LF] Processing MED-HBE for 14MAR
2026-01-30 05:47:18 | INFO     | [lf.day.start] Processing MED-HBE for 14MAR
[LF] Sending SN command: SN14MARMEDHBE/ASM
[LF] No direct flights on 14MAR for MED-HBE
2026-01-30 05:47:22 | WARNING  | [lf.day.no_flights] No direct flights on 14MAR
2026-01-30 05:47:22 | INFO     | [SUCCESS] Day 14MAR
2026-01-30 05:47:22 | INFO     | [DAY_START] Processing 13MAR
[LF] Processing MED-HBE for 13MAR
2026-01-30 05:47:22 | INFO     | [lf.day.start] Processing MED-HBE for 13MAR
[LF] Sending SN command: SN13MARMEDHBE/ASM
[LF] No direct flights on 13MAR for MED-HBE
2026-01-30 05:47:28 | WARNING  | [lf.day.no_flights] No direct flights on 13MAR
2026-01-30 05:47:28 | INFO     | [SUCCESS] Day 13MAR
2026-01-30 05:47:28 | INFO     | [DAY_START] Processing 12MAR
[LF] Processing MED-HBE for 12MAR
2026-01-30 05:47:28 | INFO     | [lf.day.start] Processing MED-HBE for 12MAR
[LF] Sending SN command: SN12MARMEDHBE/ASM
[LF] 12MAR: found 1 direct flights
2026-01-30 05:47:30 | INFO     | [lf.day.flights_found] Found 1 flights on 12MAR
2026-01-30 05:47:35 | INFO     | [lf.flight.extracted] SM486 on 12MAR: BKG=142, LF=81.1%
[LF] SM486 12MAR: BKG=142, GRP=90, CAP=175, LF%=81.1%, Brd-Off=MED-HBE, Classes: P:90, T:9, W:8, S:17, G:15, K:3
[LF] Getting WEEKLY/LASTSOLD data for 1 flights
[LF] SM486 12MAR: LASTSOLD=2026-01-28 00:00:00, WEEKLY=13, TODAY=0, YDAY=0
2026-01-30 05:47:46 | INFO     | [SUCCESS] Day 12MAR
2026-01-30 05:47:46 | INFO     | [DAY_START] Processing 11MAR
[LF] Processing MED-HBE for 11MAR
2026-01-30 05:47:46 | INFO     | [lf.day.start] Processing MED-HBE for 11MAR
[LF] Sending SN command: SN11MARMEDHBE/ASM
[LF] 11MAR: found 1 direct flights
2026-01-30 05:47:50 | INFO     | [lf.day.flights_found] Found 1 flights on 11MAR
2026-01-30 05:47:53 | INFO     | [lf.flight.extracted] SM486 on 11MAR: BKG=24, LF=13.7%
[LF] SM486 11MAR: BKG=24, GRP=0, CAP=175, LF%=13.7%, Brd-Off=MED-HBE, Classes: T:9, W:8, S:7
[LF] Getting WEEKLY/LASTSOLD data for 1 flights
[LF] SM486 11MAR: LASTSOLD=2026-01-24 00:00:00, WEEKLY=2, TODAY=0, YDAY=0
2026-01-30 05:48:02 | INFO     | [SUCCESS] Day 11MAR
[LF] Results summary:
  2026-03-20: 0 flights
  2026-03-19: 1 flights
  2026-03-18: 1 flights
  2026-03-17: 1 flights
  2026-03-16: 0 flights
  2026-03-15: 1 flights
  2026-03-14: 0 flights
  2026-03-13: 0 flights
  2026-03-12: 1 flights
  2026-03-11: 1 flights
2026-01-30 05:48:02 | INFO     | [SUCCESS] LF Search Complete

============================================================
[Worker_9233] ✓ COMPLETED: MED-HBE
  Results: 10 dates
  Errors: 0 dates
  Total Processed: 46 groups
============================================================

2026-01-30 05:48:02 | INFO     | [Worker_9233] Completed: MED-HBE - 10 results, 0 errors

============================================================
[Worker_9233] Processing: TUU-CAI
  Tier 0: Range 2, Chunk 2/3
  Dates: 10 days
  Date Range: 2026-03-20 to 2026-03-11
============================================================

2026-01-30 05:48:02 | INFO     | [Worker_9233] Processing: TUU-CAI
2026-01-30 05:48:02 | INFO     |   Tier 0: Range 2, Chunk 2/3 (10 days)
2026-01-30 05:48:02 | INFO     | ======================================================================
2026-01-30 05:48:02 | INFO     | Load Factor Scraper Started - Route: TUU-CAI
2026-01-30 05:48:02 | INFO     | Log file: D:\CODERED\LAB\Artifacts\outputs\run_generated_300126_at_05.16\logs\LF_TUU-CAI_20260130_054802.log
2026-01-30 05:48:02 | INFO     | Enhanced logging: Capturing both logging.info() and print()
2026-01-30 05:48:02 | INFO     | ======================================================================
[LF] Processing dates (override): ['20MAR', '19MAR', '18MAR', '17MAR', '16MAR', '15MAR', '14MAR', '13MAR', '12MAR', '11MAR']
[LF] Attaching to Chrome for Altea access
2026-01-30 05:48:02 | INFO     | Starting LF search for route: TUU-CAI
2026-01-30 05:48:02 | INFO     | [START] LF Search
[LF][[OK] SUCCESS] Connected to Chrome on 127.0.0.1:9233 (after 1 attempts)
2026-01-30 05:48:04 | INFO     | [HEALTH CHECK] [OK] Chrome connection is healthy
[LF][[OK] SUCCESS] Found Amadeus Altea window: Altéa Reservation Desktop
[LF][[INFO] INFO] URL: https://tc212.resdesktop.altea.amadeus.com/app_ard/apf/init/login?SITE=ESMPESMP&LANGUAGE=GB&MARKETS=ARDW_PROD_WBP&ACTION=clpLogin
2026-01-30 05:48:04 | INFO     | [DAY_START] Processing 20MAR
[LF] Processing TUU-CAI for 20MAR
2026-01-30 05:48:04 | INFO     | [lf.day.start] Processing TUU-CAI for 20MAR
[LF] Sending SN command: SN20MARTUUCAI/ASM
[LF] No direct flights on 20MAR for TUU-CAI
2026-01-30 05:48:08 | WARNING  | [lf.day.no_flights] No direct flights on 20MAR
2026-01-30 05:48:08 | INFO     | [SUCCESS] Day 20MAR
2026-01-30 05:48:08 | INFO     | [DAY_START] Processing 19MAR
[LF] Processing TUU-CAI for 19MAR
2026-01-30 05:48:08 | INFO     | [lf.day.start] Processing TUU-CAI for 19MAR
[LF] Sending SN command: SN19MARTUUCAI/ASM
[LF] 19MAR: found 1 direct flights
2026-01-30 05:48:11 | INFO     | [lf.day.flights_found] Found 1 flights on 19MAR
2026-01-30 05:48:16 | INFO     | [lf.flight.extracted] SM326 on 19MAR: BKG=13, LF=7.4%
[LF] SM326 19MAR: BKG=13, GRP=0, CAP=175, LF%=7.4%, Brd-Off=TUU-CAI, Classes: G:4, K:5, Q:4
[LF] Getting WEEKLY/LASTSOLD data for 1 flights
[LF] SM326 19MAR: LASTSOLD=2026-01-28 00:00:00, WEEKLY=4, TODAY=0, YDAY=0
2026-01-30 05:48:23 | INFO     | [SUCCESS] Day 19MAR
2026-01-30 05:48:23 | INFO     | [DAY_START] Processing 18MAR
[LF] Processing TUU-CAI for 18MAR
2026-01-30 05:48:23 | INFO     | [lf.day.start] Processing TUU-CAI for 18MAR
[LF] Sending SN command: SN18MARTUUCAI/ASM
[LF] 18MAR: found 1 direct flights
2026-01-30 05:48:26 | INFO     | [lf.day.flights_found] Found 1 flights on 18MAR
2026-01-30 05:48:31 | INFO     | [lf.flight.extracted] SM326 on 18MAR: BKG=34, LF=19.4%
[LF] SM326 18MAR: BKG=34, GRP=0, CAP=175, LF%=19.4%, Brd-Off=TUU-CAI, Classes: W:2, S:3, G:13, L:4, K:7, Q:4, Y:1
[LPC] SM326 18MAR: Found 0 outbound flights with connecting passengers
[LF] Getting WEEKLY/LASTSOLD data for 1 flights
[LF] SM326 18MAR: LASTSOLD=2026-01-29 00:00:00, WEEKLY=23, TODAY=0, YDAY=17
2026-01-30 05:48:46 | INFO     | [SUCCESS] Day 18MAR
2026-01-30 05:48:46 | INFO     | [DAY_START] Processing 17MAR
[LF] Processing TUU-CAI for 17MAR
2026-01-30 05:48:46 | INFO     | [lf.day.start] Processing TUU-CAI for 17MAR
[LF] Sending SN command: SN17MARTUUCAI/ASM
[LF] No direct flights on 17MAR for TUU-CAI
2026-01-30 05:48:50 | WARNING  | [lf.day.no_flights] No direct flights on 17MAR
2026-01-30 05:48:50 | INFO     | [SUCCESS] Day 17MAR
2026-01-30 05:48:50 | INFO     | [DAY_START] Processing 16MAR
[LF] Processing TUU-CAI for 16MAR
2026-01-30 05:48:50 | INFO     | [lf.day.start] Processing TUU-CAI for 16MAR
[LF] Sending SN command: SN16MARTUUCAI/ASM
[LF] No direct flights on 16MAR for TUU-CAI
2026-01-30 05:48:53 | WARNING  | [lf.day.no_flights] No direct flights on 16MAR
2026-01-30 05:48:53 | INFO     | [SUCCESS] Day 16MAR
2026-01-30 05:48:53 | INFO     | [DAY_START] Processing 15MAR
[LF] Processing TUU-CAI for 15MAR
2026-01-30 05:48:53 | INFO     | [lf.day.start] Processing TUU-CAI for 15MAR
[LF] Sending SN command: SN15MARTUUCAI/ASM
[LF] No direct flights on 15MAR for TUU-CAI
2026-01-30 05:48:56 | WARNING  | [lf.day.no_flights] No direct flights on 15MAR
2026-01-30 05:48:56 | INFO     | [SUCCESS] Day 15MAR
2026-01-30 05:48:56 | INFO     | [DAY_START] Processing 14MAR
[LF] Processing TUU-CAI for 14MAR
2026-01-30 05:48:56 | INFO     | [lf.day.start] Processing TUU-CAI for 14MAR
[LF] Sending SN command: SN14MARTUUCAI/ASM
[LF] 14MAR: found 1 direct flights
2026-01-30 05:49:00 | INFO     | [lf.day.flights_found] Found 1 flights on 14MAR
2026-01-30 05:49:04 | INFO     | [lf.flight.extracted] SM326 on 14MAR: BKG=1, LF=0.9%
[LF] SM326 14MAR: BKG=1, GRP=0, CAP=105, LF%=0.9%, Brd-Off=TUU-CAI, Classes: G:1
[LF] Getting WEEKLY/LASTSOLD data for 1 flights
[LF] SM326 14MAR: LASTSOLD=2026-01-29 00:00:00, WEEKLY=1, TODAY=0, YDAY=1
2026-01-30 05:49:11 | INFO     | [SUCCESS] Day 14MAR
2026-01-30 05:49:11 | INFO     | [DAY_START] Processing 13MAR
[LF] Processing TUU-CAI for 13MAR
2026-01-30 05:49:11 | INFO     | [lf.day.start] Processing TUU-CAI for 13MAR
[LF] Sending SN command: SN13MARTUUCAI/ASM
[LF] No direct flights on 13MAR for TUU-CAI
2026-01-30 05:49:14 | WARNING  | [lf.day.no_flights] No direct flights on 13MAR
2026-01-30 05:49:14 | INFO     | [SUCCESS] Day 13MAR
2026-01-30 05:49:15 | INFO     | [DAY_START] Processing 12MAR
[LF] Processing TUU-CAI for 12MAR
2026-01-30 05:49:15 | INFO     | [lf.day.start] Processing TUU-CAI for 12MAR
[LF] Sending SN command: SN12MARTUUCAI/ASM
[LF] 12MAR: found 1 direct flights
2026-01-30 05:49:19 | INFO     | [lf.day.flights_found] Found 1 flights on 12MAR
2026-01-30 05:49:24 | INFO     | [lf.flight.extracted] SM326 on 12MAR: BKG=7, LF=4.0%
[LF] SM326 12MAR: BKG=7, GRP=0, CAP=175, LF%=4.0%, Brd-Off=TUU-CAI, Classes: L:3, K:4
[LF] Getting WEEKLY/LASTSOLD data for 1 flights
[LF] SM326 12MAR: LASTSOLD=2026-01-29 00:00:00, WEEKLY=5, TODAY=0, YDAY=3
2026-01-30 05:49:32 | INFO     | [SUCCESS] Day 12MAR
2026-01-30 05:49:32 | INFO     | [DAY_START] Processing 11MAR
[LF] Processing TUU-CAI for 11MAR
2026-01-30 05:49:32 | INFO     | [lf.day.start] Processing TUU-CAI for 11MAR
[LF] Sending SN command: SN11MARTUUCAI/ASM
[LF] 11MAR: found 1 direct flights
2026-01-30 05:49:37 | INFO     | [lf.day.flights_found] Found 1 flights on 11MAR
2026-01-30 05:49:43 | INFO     | [lf.flight.extracted] SM326 on 11MAR: BKG=21, LF=12.0%
[LF] SM326 11MAR: BKG=21, GRP=0, CAP=175, LF%=12.0%, Brd-Off=TUU-CAI, Classes: W:5, S:6, G:9, L:1
[LPC] SM326 11MAR: Found 0 outbound flights with connecting passengers
[LF] Getting WEEKLY/LASTSOLD data for 1 flights
[LF] SM326 11MAR: LASTSOLD=2026-01-25 00:00:00, WEEKLY=1, TODAY=0, YDAY=0
2026-01-30 05:49:54 | INFO     | [SUCCESS] Day 11MAR
[LF] Results summary:
  2026-03-20: 0 flights
  2026-03-19: 1 flights
  2026-03-18: 1 flights
  2026-03-17: 0 flights
  2026-03-16: 0 flights
  2026-03-15: 0 flights
  2026-03-14: 1 flights
  2026-03-13: 0 flights
  2026-03-12: 1 flights
  2026-03-11: 1 flights
2026-01-30 05:49:54 | INFO     | [SUCCESS] LF Search Complete

============================================================
[Worker_9233] ✓ COMPLETED: TUU-CAI
  Results: 10 dates
  Errors: 0 dates
  Total Processed: 47 groups
============================================================

2026-01-30 05:49:54 | INFO     | [Worker_9233] Completed: TUU-CAI - 10 results, 0 errors

============================================================
[Worker_9233] Processing: AHB-CAI
  Tier 0: Range 2, Chunk 2/3
  Dates: 10 days
  Date Range: 2026-03-20 to 2026-03-11
============================================================

2026-01-30 05:49:54 | INFO     | [Worker_9233] Processing: AHB-CAI
2026-01-30 05:49:54 | INFO     |   Tier 0: Range 2, Chunk 2/3 (10 days)
2026-01-30 05:49:54 | INFO     | ======================================================================
2026-01-30 05:49:54 | INFO     | Load Factor Scraper Started - Route: AHB-CAI
2026-01-30 05:49:54 | INFO     | Log file: D:\CODERED\LAB\Artifacts\outputs\run_generated_300126_at_05.16\logs\LF_AHB-CAI_20260130_054954.log
2026-01-30 05:49:54 | INFO     | Enhanced logging: Capturing both logging.info() and print()
2026-01-30 05:49:54 | INFO     | ======================================================================
[LF] Processing dates (override): ['20MAR', '19MAR', '18MAR', '17MAR', '16MAR', '15MAR', '14MAR', '13MAR', '12MAR', '11MAR']
[LF] Attaching to Chrome for Altea access
2026-01-30 05:49:54 | INFO     | Starting LF search for route: AHB-CAI
2026-01-30 05:49:54 | INFO     | [START] LF Search
[LF][[OK] SUCCESS] Connected to Chrome on 127.0.0.1:9233 (after 1 attempts)
2026-01-30 05:49:56 | INFO     | [HEALTH CHECK] [OK] Chrome connection is healthy
[LF][[OK] SUCCESS] Found Amadeus Altea window: Altéa Reservation Desktop
[LF][[INFO] INFO] URL: https://tc212.resdesktop.altea.amadeus.com/app_ard/apf/init/login?SITE=ESMPESMP&LANGUAGE=GB&MARKETS=ARDW_PROD_WBP&ACTION=clpLogin
2026-01-30 05:49:56 | INFO     | [DAY_START] Processing 20MAR
[LF] Processing AHB-CAI for 20MAR
2026-01-30 05:49:56 | INFO     | [lf.day.start] Processing AHB-CAI for 20MAR
[LF] Sending SN command: SN20MARAHBCAI/ASM
[LF] 20MAR: found 1 direct flights
2026-01-30 05:50:00 | INFO     | [lf.day.flights_found] Found 1 flights on 20MAR
2026-01-30 05:50:08 | INFO     | [lf.flight.extracted] SM444 on 20MAR: BKG=14, LF=8.0%
[LF] SM444 20MAR: BKG=14, GRP=0, CAP=175, LF%=8.0%, Brd-Off=AHB-CAI, Classes: G:1, K:4, Q:7, M:2
[LF] Getting WEEKLY/LASTSOLD data for 1 flights
[LF] SM444 20MAR: LASTSOLD=2026-01-28 00:00:00, WEEKLY=3, TODAY=0, YDAY=0
2026-01-30 05:50:14 | INFO     | [SUCCESS] Day 20MAR
2026-01-30 05:50:14 | INFO     | [DAY_START] Processing 19MAR
[LF] Processing AHB-CAI for 19MAR
2026-01-30 05:50:14 | INFO     | [lf.day.start] Processing AHB-CAI for 19MAR
[LF] Sending SN command: SN19MARAHBCAI/ASM
[LF] 19MAR: found 1 direct flights
2026-01-30 05:50:16 | INFO     | [lf.day.flights_found] Found 1 flights on 19MAR
2026-01-30 05:50:19 | INFO     | [lf.flight.extracted] SM448 on 19MAR: BKG=24, LF=13.7%
[LF] SM448 19MAR: BKG=24, GRP=0, CAP=175, LF%=13.7%, Brd-Off=AHB-CAI, Classes: X:5, G:2, L:4, M:8, B:5
[LPC] SM448 19MAR: Found 1 outbound flights with connecting passengers
[LF] Getting WEEKLY/LASTSOLD data for 1 flights
[LF] SM448 19MAR: LASTSOLD=2026-01-20 00:00:00, WEEKLY=0, TODAY=0, YDAY=0
2026-01-30 05:50:24 | INFO     | [SUCCESS] Day 19MAR
2026-01-30 05:50:24 | INFO     | [DAY_START] Processing 18MAR
[LF] Processing AHB-CAI for 18MAR
2026-01-30 05:50:24 | INFO     | [lf.day.start] Processing AHB-CAI for 18MAR
[LF] Sending SN command: SN18MARAHBCAI/ASM
[LF] No direct flights on 18MAR for AHB-CAI
2026-01-30 05:50:26 | WARNING  | [lf.day.no_flights] No direct flights on 18MAR
2026-01-30 05:50:26 | INFO     | [SUCCESS] Day 18MAR
2026-01-30 05:50:26 | INFO     | [DAY_START] Processing 17MAR
[LF] Processing AHB-CAI for 17MAR
2026-01-30 05:50:26 | INFO     | [lf.day.start] Processing AHB-CAI for 17MAR
[LF] Sending SN command: SN17MARAHBCAI/ASM
[LF] No direct flights on 17MAR for AHB-CAI
2026-01-30 05:50:28 | WARNING  | [lf.day.no_flights] No direct flights on 17MAR
2026-01-30 05:50:28 | INFO     | [SUCCESS] Day 17MAR
2026-01-30 05:50:28 | INFO     | [DAY_START] Processing 16MAR
[LF] Processing AHB-CAI for 16MAR
2026-01-30 05:50:28 | INFO     | [lf.day.start] Processing AHB-CAI for 16MAR
[LF] Sending SN command: SN16MARAHBCAI/ASM
[LF] No direct flights on 16MAR for AHB-CAI
2026-01-30 05:50:29 | WARNING  | [lf.day.no_flights] No direct flights on 16MAR
2026-01-30 05:50:29 | INFO     | [SUCCESS] Day 16MAR
2026-01-30 05:50:29 | INFO     | [DAY_START] Processing 15MAR
[LF] Processing AHB-CAI for 15MAR
2026-01-30 05:50:29 | INFO     | [lf.day.start] Processing AHB-CAI for 15MAR
[LF] Sending SN command: SN15MARAHBCAI/ASM
[LF] 15MAR: found 1 direct flights
2026-01-30 05:50:31 | INFO     | [lf.day.flights_found] Found 1 flights on 15MAR
2026-01-30 05:50:34 | INFO     | [lf.flight.extracted] SM444 on 15MAR: BKG=17, LF=9.7%
[LF] SM444 15MAR: BKG=17, GRP=0, CAP=175, LF%=9.7%, Brd-Off=AHB-CAI, Classes: X:1, S:2, K:6, Q:6, M:2
[LPC] SM444 15MAR: Found 2 outbound flights with connecting passengers
[LF] Getting WEEKLY/LASTSOLD data for 1 flights
[LF] SM444 15MAR: LASTSOLD=2026-01-28 00:00:00, WEEKLY=3, TODAY=0, YDAY=0
2026-01-30 05:50:40 | INFO     | [SUCCESS] Day 15MAR
2026-01-30 05:50:40 | INFO     | [DAY_START] Processing 14MAR
[LF] Processing AHB-CAI for 14MAR
2026-01-30 05:50:40 | INFO     | [lf.day.start] Processing AHB-CAI for 14MAR
[LF] Sending SN command: SN14MARAHBCAI/ASM
[LF] No direct flights on 14MAR for AHB-CAI
2026-01-30 05:50:42 | WARNING  | [lf.day.no_flights] No direct flights on 14MAR
2026-01-30 05:50:42 | INFO     | [SUCCESS] Day 14MAR
2026-01-30 05:50:42 | INFO     | [DAY_START] Processing 13MAR
[LF] Processing AHB-CAI for 13MAR
2026-01-30 05:50:42 | INFO     | [lf.day.start] Processing AHB-CAI for 13MAR
[LF] Sending SN command: SN13MARAHBCAI/ASM
[LF] 13MAR: found 1 direct flights
2026-01-30 05:50:44 | INFO     | [lf.day.flights_found] Found 1 flights on 13MAR
2026-01-30 05:50:47 | INFO     | [lf.flight.extracted] SM444 on 13MAR: BKG=11, LF=6.3%
[LF] SM444 13MAR: BKG=11, GRP=0, CAP=175, LF%=6.3%, Brd-Off=AHB-CAI, Classes: S:3, G:2, Q:5, M:1
[LF] Getting WEEKLY/LASTSOLD data for 1 flights
[LF] SM444 13MAR: LASTSOLD=2026-01-26 00:00:00, WEEKLY=1, TODAY=0, YDAY=0
2026-01-30 05:50:51 | INFO     | [SUCCESS] Day 13MAR
2026-01-30 05:50:51 | INFO     | [DAY_START] Processing 12MAR
[LF] Processing AHB-CAI for 12MAR
2026-01-30 05:50:51 | INFO     | [lf.day.start] Processing AHB-CAI for 12MAR
[LF] Sending SN command: SN12MARAHBCAI/ASM
[LF] 12MAR: found 1 direct flights
2026-01-30 05:50:52 | INFO     | [lf.day.flights_found] Found 1 flights on 12MAR
2026-01-30 05:50:55 | INFO     | [lf.flight.extracted] SM448 on 12MAR: BKG=14, LF=8.0%
[LF] SM448 12MAR: BKG=14, GRP=0, CAP=175, LF%=8.0%, Brd-Off=AHB-CAI, Classes: W:1, S:2, G:1, K:6, Q:4
[LF] Getting WEEKLY/LASTSOLD data for 1 flights
[LF] SM448 12MAR: LASTSOLD=2026-01-26 00:00:00, WEEKLY=1, TODAY=0, YDAY=0
2026-01-30 05:50:59 | INFO     | [SUCCESS] Day 12MAR
2026-01-30 05:50:59 | INFO     | [DAY_START] Processing 11MAR
[LF] Processing AHB-CAI for 11MAR
2026-01-30 05:50:59 | INFO     | [lf.day.start] Processing AHB-CAI for 11MAR
[LF] Sending SN command: SN11MARAHBCAI/ASM
[LF] No direct flights on 11MAR for AHB-CAI
2026-01-30 05:51:01 | WARNING  | [lf.day.no_flights] No direct flights on 11MAR
2026-01-30 05:51:01 | INFO     | [SUCCESS] Day 11MAR
[LF] Results summary:
  2026-03-20: 1 flights
  2026-03-19: 1 flights
  2026-03-18: 0 flights
  2026-03-17: 0 flights
  2026-03-16: 0 flights
  2026-03-15: 1 flights
  2026-03-14: 0 flights
  2026-03-13: 1 flights
  2026-03-12: 1 flights
  2026-03-11: 0 flights
2026-01-30 05:51:01 | INFO     | [SUCCESS] LF Search Complete

============================================================
[Worker_9233] ✓ COMPLETED: AHB-CAI
  Results: 10 dates
  Errors: 0 dates
  Total Processed: 48 groups
============================================================

2026-01-30 05:51:01 | INFO     | [Worker_9233] Completed: AHB-CAI - 10 results, 0 errors

============================================================
[Worker_9233] Processing: CAI-MED
  Tier 0: Range 2, Chunk 2/3
  Dates: 10 days
  Date Range: 2026-03-20 to 2026-03-11
============================================================

2026-01-30 05:51:01 | INFO     | [Worker_9233] Processing: CAI-MED
2026-01-30 05:51:01 | INFO     |   Tier 0: Range 2, Chunk 2/3 (10 days)
2026-01-30 05:51:01 | INFO     | ======================================================================
2026-01-30 05:51:01 | INFO     | Load Factor Scraper Started - Route: CAI-MED
2026-01-30 05:51:01 | INFO     | Log file: D:\CODERED\LAB\Artifacts\outputs\run_generated_300126_at_05.16\logs\LF_CAI-MED_20260130_055101.log
2026-01-30 05:51:01 | INFO     | Enhanced logging: Capturing both logging.info() and print()
2026-01-30 05:51:01 | INFO     | ======================================================================
[LF] Processing dates (override): ['20MAR', '19MAR', '18MAR', '17MAR', '16MAR', '15MAR', '14MAR', '13MAR', '12MAR', '11MAR']
[LF] Attaching to Chrome for Altea access
2026-01-30 05:51:01 | INFO     | Starting LF search for route: CAI-MED
2026-01-30 05:51:01 | INFO     | [START] LF Search
[LF][[OK] SUCCESS] Connected to Chrome on 127.0.0.1:9233 (after 1 attempts)
2026-01-30 05:51:02 | INFO     | [HEALTH CHECK] [OK] Chrome connection is healthy
[LF][[OK] SUCCESS] Found Amadeus Altea window: Altéa Reservation Desktop
[LF][[INFO] INFO] URL: https://tc212.resdesktop.altea.amadeus.com/app_ard/apf/init/login?SITE=ESMPESMP&LANGUAGE=GB&MARKETS=ARDW_PROD_WBP&ACTION=clpLogin
2026-01-30 05:51:02 | INFO     | [DAY_START] Processing 20MAR
[LF] Processing CAI-MED for 20MAR
2026-01-30 05:51:02 | INFO     | [lf.day.start] Processing CAI-MED for 20MAR
[LF] Sending SN command: SN20MARCAIMED/ASM
[LF] No direct flights on 20MAR for CAI-MED
2026-01-30 05:51:04 | WARNING  | [lf.day.no_flights] No direct flights on 20MAR
2026-01-30 05:51:04 | INFO     | [SUCCESS] Day 20MAR
2026-01-30 05:51:04 | INFO     | [DAY_START] Processing 19MAR
[LF] Processing CAI-MED for 19MAR
2026-01-30 05:51:04 | INFO     | [lf.day.start] Processing CAI-MED for 19MAR
[LF] Sending SN command: SN19MARCAIMED/ASM
[LF] 19MAR: found 2 direct flights
2026-01-30 05:51:06 | INFO     | [lf.day.flights_found] Found 2 flights on 19MAR
2026-01-30 05:51:09 | INFO     | [lf.flight.extracted] SM493 on 19MAR: BKG=0, LF=0.0%
[LF] SM493 19MAR: BKG=0, GRP=0, CAP=179, LF%=0.0%, Brd-Off=CAI-MED
2026-01-30 05:51:19 | INFO     | [lf.flight.extracted] SM951 on 19MAR: BKG=0, LF=0.0%
[LF] SM951 19MAR: BKG=0, GRP=0, CAP=179, LF%=0.0%, Brd-Off=CAI-MED
2026-01-30 05:51:22 | INFO     | [SUCCESS] Day 19MAR
2026-01-30 05:51:22 | INFO     | [DAY_START] Processing 18MAR
[LF] Processing CAI-MED for 18MAR
2026-01-30 05:51:22 | INFO     | [lf.day.start] Processing CAI-MED for 18MAR
[LF] Sending SN command: SN18MARCAIMED/ASM
[LF] No direct flights on 18MAR for CAI-MED
2026-01-30 05:51:24 | WARNING  | [lf.day.no_flights] No direct flights on 18MAR
2026-01-30 05:51:24 | INFO     | [SUCCESS] Day 18MAR
2026-01-30 05:51:24 | INFO     | [DAY_START] Processing 17MAR
[LF] Processing CAI-MED for 17MAR
2026-01-30 05:51:24 | INFO     | [lf.day.start] Processing CAI-MED for 17MAR
[LF] Sending SN command: SN17MARCAIMED/ASM
[LF] 17MAR: found 1 direct flights
2026-01-30 05:51:26 | INFO     | [lf.day.flights_found] Found 1 flights on 17MAR
2026-01-30 05:51:29 | INFO     | [lf.flight.extracted] SM493 on 17MAR: BKG=2, LF=1.1%
[LF] SM493 17MAR: BKG=2, GRP=0, CAP=179, LF%=1.1%, Brd-Off=CAI-MED, Classes: X:1, W:1
[LF] Getting WEEKLY/LASTSOLD data for 1 flights
[LF] SM493 17MAR: LASTSOLD=2026-01-26 00:00:00, WEEKLY=1, TODAY=0, YDAY=0
2026-01-30 05:51:35 | INFO     | [SUCCESS] Day 17MAR
2026-01-30 05:51:35 | INFO     | [DAY_START] Processing 16MAR
[LF] Processing CAI-MED for 16MAR
2026-01-30 05:51:35 | INFO     | [lf.day.start] Processing CAI-MED for 16MAR
[LF] Sending SN command: SN16MARCAIMED/ASM
[LF] 16MAR: found 1 direct flights
2026-01-30 05:51:37 | INFO     | [lf.day.flights_found] Found 1 flights on 16MAR
2026-01-30 05:51:40 | INFO     | [lf.flight.extracted] SM495 on 16MAR: BKG=0, LF=0.0%
[LF] SM495 16MAR: BKG=0, GRP=0, CAP=179, LF%=0.0%, Brd-Off=CAI-MED
2026-01-30 05:51:44 | INFO     | [SUCCESS] Day 16MAR
2026-01-30 05:51:44 | INFO     | [DAY_START] Processing 15MAR
[LF] Processing CAI-MED for 15MAR
2026-01-30 05:51:44 | INFO     | [lf.day.start] Processing CAI-MED for 15MAR
[LF] Sending SN command: SN15MARCAIMED/ASM
[LF] 15MAR: found 1 direct flights
2026-01-30 05:51:47 | INFO     | [lf.day.flights_found] Found 1 flights on 15MAR
2026-01-30 05:51:51 | INFO     | [lf.flight.extracted] SM493 on 15MAR: BKG=0, LF=0.0%
[LF] SM493 15MAR: BKG=0, GRP=0, CAP=179, LF%=0.0%, Brd-Off=CAI-MED
2026-01-30 05:51:53 | INFO     | [SUCCESS] Day 15MAR
2026-01-30 05:51:53 | INFO     | [DAY_START] Processing 14MAR
[LF] Processing CAI-MED for 14MAR
2026-01-30 05:51:53 | INFO     | [lf.day.start] Processing CAI-MED for 14MAR
[LF] Sending SN command: SN14MARCAIMED/ASM
[LF] 14MAR: found 1 direct flights
2026-01-30 05:51:55 | INFO     | [lf.day.flights_found] Found 1 flights on 14MAR
2026-01-30 05:51:58 | INFO     | [lf.flight.extracted] SM493 on 14MAR: BKG=1, LF=0.6%
[LF] SM493 14MAR: BKG=1, GRP=0, CAP=179, LF%=0.6%, Brd-Off=CAI-MED, Classes: X:1
[LF] Getting WEEKLY/LASTSOLD data for 1 flights
[LF] SM493 14MAR: LASTSOLD=2025-11-01 00:00:00, WEEKLY=0, TODAY=0, YDAY=0
2026-01-30 05:52:04 | INFO     | [SUCCESS] Day 14MAR
2026-01-30 05:52:04 | INFO     | [DAY_START] Processing 13MAR
[LF] Processing CAI-MED for 13MAR
2026-01-30 05:52:04 | INFO     | [lf.day.start] Processing CAI-MED for 13MAR
[LF] Sending SN command: SN13MARCAIMED/ASM
[LF] No direct flights on 13MAR for CAI-MED
2026-01-30 05:52:06 | WARNING  | [lf.day.no_flights] No direct flights on 13MAR
2026-01-30 05:52:06 | INFO     | [SUCCESS] Day 13MAR
2026-01-30 05:52:06 | INFO     | [DAY_START] Processing 12MAR
[LF] Processing CAI-MED for 12MAR
2026-01-30 05:52:06 | INFO     | [lf.day.start] Processing CAI-MED for 12MAR
[LF] Sending SN command: SN12MARCAIMED/ASM
[LF] 12MAR: found 1 direct flights
2026-01-30 05:52:08 | INFO     | [lf.day.flights_found] Found 1 flights on 12MAR
2026-01-30 05:52:11 | INFO     | [lf.flight.extracted] SM493 on 12MAR: BKG=0, LF=0.0%
[LF] SM493 12MAR: BKG=0, GRP=0, CAP=179, LF%=0.0%, Brd-Off=CAI-MED
2026-01-30 05:52:13 | INFO     | [SUCCESS] Day 12MAR
2026-01-30 05:52:13 | INFO     | [DAY_START] Processing 11MAR
[LF] Processing CAI-MED for 11MAR
2026-01-30 05:52:13 | INFO     | [lf.day.start] Processing CAI-MED for 11MAR
[LF] Sending SN command: SN11MARCAIMED/ASM
[LF] No direct flights on 11MAR for CAI-MED
2026-01-30 05:52:15 | WARNING  | [lf.day.no_flights] No direct flights on 11MAR
2026-01-30 05:52:15 | INFO     | [SUCCESS] Day 11MAR
[LF] Results summary:
  2026-03-20: 0 flights
  2026-03-19: 2 flights
  2026-03-18: 0 flights
  2026-03-17: 1 flights
  2026-03-16: 1 flights
  2026-03-15: 1 flights
  2026-03-14: 1 flights
  2026-03-13: 0 flights
  2026-03-12: 1 flights
  2026-03-11: 0 flights
2026-01-30 05:52:15 | INFO     | [SUCCESS] LF Search Complete

============================================================
[Worker_9233] ✓ COMPLETED: CAI-MED
  Results: 10 dates
  Errors: 0 dates
  Total Processed: 49 groups
============================================================

2026-01-30 05:52:15 | INFO     | [Worker_9233] Completed: CAI-MED - 10 results, 0 errors

============================================================
[Worker_9233] Processing: ATZ-RUH
  Tier 0: Range 2, Chunk 2/3
  Dates: 10 days
  Date Range: 2026-03-20 to 2026-03-11
============================================================

2026-01-30 05:52:15 | INFO     | [Worker_9233] Processing: ATZ-RUH
2026-01-30 05:52:15 | INFO     |   Tier 0: Range 2, Chunk 2/3 (10 days)
2026-01-30 05:52:15 | INFO     | ======================================================================
2026-01-30 05:52:15 | INFO     | Load Factor Scraper Started - Route: ATZ-RUH
2026-01-30 05:52:15 | INFO     | Log file: D:\CODERED\LAB\Artifacts\outputs\run_generated_300126_at_05.16\logs\LF_ATZ-RUH_20260130_055215.log
2026-01-30 05:52:15 | INFO     | Enhanced logging: Capturing both logging.info() and print()
2026-01-30 05:52:15 | INFO     | ======================================================================
[LF] Processing dates (override): ['20MAR', '19MAR', '18MAR', '17MAR', '16MAR', '15MAR', '14MAR', '13MAR', '12MAR', '11MAR']
[LF] Attaching to Chrome for Altea access
2026-01-30 05:52:15 | INFO     | Starting LF search for route: ATZ-RUH
2026-01-30 05:52:15 | INFO     | [START] LF Search
[LF][[OK] SUCCESS] Connected to Chrome on 127.0.0.1:9233 (after 1 attempts)
2026-01-30 05:52:16 | INFO     | [HEALTH CHECK] [OK] Chrome connection is healthy
[LF][[OK] SUCCESS] Found Amadeus Altea window: Altéa Reservation Desktop
[LF][[INFO] INFO] URL: https://tc212.resdesktop.altea.amadeus.com/app_ard/apf/init/login?SITE=ESMPESMP&LANGUAGE=GB&MARKETS=ARDW_PROD_WBP&ACTION=clpLogin
2026-01-30 05:52:16 | INFO     | [DAY_START] Processing 20MAR
[LF] Processing ATZ-RUH for 20MAR
2026-01-30 05:52:16 | INFO     | [lf.day.start] Processing ATZ-RUH for 20MAR
[LF] Sending SN command: SN20MARATZRUH/ASM
[LF] No direct flights on 20MAR for ATZ-RUH
2026-01-30 05:52:18 | WARNING  | [lf.day.no_flights] No direct flights on 20MAR
2026-01-30 05:52:18 | INFO     | [SUCCESS] Day 20MAR
2026-01-30 05:52:18 | INFO     | [DAY_START] Processing 19MAR
[LF] Processing ATZ-RUH for 19MAR
2026-01-30 05:52:18 | INFO     | [lf.day.start] Processing ATZ-RUH for 19MAR
[LF] Sending SN command: SN19MARATZRUH/ASM
[LF] No direct flights on 19MAR for ATZ-RUH
2026-01-30 05:52:20 | WARNING  | [lf.day.no_flights] No direct flights on 19MAR
2026-01-30 05:52:20 | INFO     | [SUCCESS] Day 19MAR
2026-01-30 05:52:20 | INFO     | [DAY_START] Processing 18MAR
[LF] Processing ATZ-RUH for 18MAR
2026-01-30 05:52:20 | INFO     | [lf.day.start] Processing ATZ-RUH for 18MAR
[LF] Sending SN command: SN18MARATZRUH/ASM
[LF] 18MAR: found 1 direct flights
2026-01-30 05:52:22 | INFO     | [lf.day.flights_found] Found 1 flights on 18MAR
2026-01-30 05:52:24 | INFO     | [lf.flight.extracted] SM465 on 18MAR: BKG=1, LF=0.6%
[LF] SM465 18MAR: BKG=1, GRP=0, CAP=179, LF%=0.6%, Brd-Off=ATZ-RUH, Classes: I:1
[LF] Getting WEEKLY/LASTSOLD data for 1 flights
[LF] SM465 18MAR: LASTSOLD=2025-12-16 00:00:00, WEEKLY=0, TODAY=0, YDAY=0
2026-01-30 05:52:28 | INFO     | [SUCCESS] Day 18MAR
2026-01-30 05:52:28 | INFO     | [DAY_START] Processing 17MAR
[LF] Processing ATZ-RUH for 17MAR
2026-01-30 05:52:28 | INFO     | [lf.day.start] Processing ATZ-RUH for 17MAR
[LF] Sending SN command: SN17MARATZRUH/ASM
[LF] 17MAR: found 1 direct flights
2026-01-30 05:52:30 | INFO     | [lf.day.flights_found] Found 1 flights on 17MAR
2026-01-30 05:52:32 | INFO     | [lf.flight.extracted] SM463 on 17MAR: BKG=7, LF=3.9%
[LF] SM463 17MAR: BKG=7, GRP=0, CAP=179, LF%=3.9%, Brd-Off=ATZ-RUH, Classes: I:6, K:1
[LF] Getting WEEKLY/LASTSOLD data for 1 flights
[LF] SM463 17MAR: LASTSOLD=2026-01-28 00:00:00, WEEKLY=3, TODAY=0, YDAY=0
2026-01-30 05:52:37 | INFO     | [SUCCESS] Day 17MAR
2026-01-30 05:52:37 | INFO     | [DAY_START] Processing 16MAR
[LF] Processing ATZ-RUH for 16MAR
2026-01-30 05:52:37 | INFO     | [lf.day.start] Processing ATZ-RUH for 16MAR
[LF] Sending SN command: SN16MARATZRUH/ASM
[LF] No direct flights on 16MAR for ATZ-RUH
2026-01-30 05:52:39 | WARNING  | [lf.day.no_flights] No direct flights on 16MAR
2026-01-30 05:52:39 | INFO     | [SUCCESS] Day 16MAR
2026-01-30 05:52:39 | INFO     | [DAY_START] Processing 15MAR
[LF] Processing ATZ-RUH for 15MAR
2026-01-30 05:52:39 | INFO     | [lf.day.start] Processing ATZ-RUH for 15MAR
[LF] Sending SN command: SN15MARATZRUH/ASM
[LF] 15MAR: found 1 direct flights
2026-01-30 05:52:40 | INFO     | [lf.day.flights_found] Found 1 flights on 15MAR
2026-01-30 05:52:43 | INFO     | [lf.flight.extracted] SM463 on 15MAR: BKG=3, LF=1.7%
[LF] SM463 15MAR: BKG=3, GRP=0, CAP=176, LF%=1.7%, Brd-Off=ATZ-RUH, Classes: I:3
[LF] Getting WEEKLY/LASTSOLD data for 1 flights
[LF] SM463 15MAR: LASTSOLD=2026-01-11 00:00:00, WEEKLY=0, TODAY=0, YDAY=0
2026-01-30 05:52:47 | INFO     | [SUCCESS] Day 15MAR
2026-01-30 05:52:47 | INFO     | [DAY_START] Processing 14MAR
[LF] Processing ATZ-RUH for 14MAR
2026-01-30 05:52:47 | INFO     | [lf.day.start] Processing ATZ-RUH for 14MAR
[LF] Sending SN command: SN14MARATZRUH/ASM
[LF] No direct flights on 14MAR for ATZ-RUH
2026-01-30 05:52:49 | WARNING  | [lf.day.no_flights] No direct flights on 14MAR
2026-01-30 05:52:49 | INFO     | [SUCCESS] Day 14MAR
2026-01-30 05:52:49 | INFO     | [DAY_START] Processing 13MAR
[LF] Processing ATZ-RUH for 13MAR
2026-01-30 05:52:49 | INFO     | [lf.day.start] Processing ATZ-RUH for 13MAR
[LF] Sending SN command: SN13MARATZRUH/ASM
[LF] No direct flights on 13MAR for ATZ-RUH
2026-01-30 05:52:51 | WARNING  | [lf.day.no_flights] No direct flights on 13MAR
2026-01-30 05:52:51 | INFO     | [SUCCESS] Day 13MAR
2026-01-30 05:52:51 | INFO     | [DAY_START] Processing 12MAR
[LF] Processing ATZ-RUH for 12MAR
2026-01-30 05:52:51 | INFO     | [lf.day.start] Processing ATZ-RUH for 12MAR
[LF] Sending SN command: SN12MARATZRUH/ASM
[LF] No direct flights on 12MAR for ATZ-RUH
2026-01-30 05:52:53 | WARNING  | [lf.day.no_flights] No direct flights on 12MAR
2026-01-30 05:52:53 | INFO     | [SUCCESS] Day 12MAR
2026-01-30 05:52:53 | INFO     | [DAY_START] Processing 11MAR
[LF] Processing ATZ-RUH for 11MAR
2026-01-30 05:52:53 | INFO     | [lf.day.start] Processing ATZ-RUH for 11MAR
[LF] Sending SN command: SN11MARATZRUH/ASM
[LF] 11MAR: found 1 direct flights
2026-01-30 05:52:55 | INFO     | [lf.day.flights_found] Found 1 flights on 11MAR
2026-01-30 05:52:58 | INFO     | [lf.flight.extracted] SM465 on 11MAR: BKG=2, LF=1.1%
[LF] SM465 11MAR: BKG=2, GRP=0, CAP=179, LF%=1.1%, Brd-Off=ATZ-RUH, Classes: I:2
[LF] Getting WEEKLY/LASTSOLD data for 1 flights
[LF] SM465 11MAR: LASTSOLD=2026-01-19 00:00:00, WEEKLY=0, TODAY=0, YDAY=0
2026-01-30 05:53:04 | INFO     | [SUCCESS] Day 11MAR
[LF] Results summary:
  2026-03-20: 0 flights
  2026-03-19: 0 flights
  2026-03-18: 1 flights
  2026-03-17: 1 flights
  2026-03-16: 0 flights
  2026-03-15: 1 flights
  2026-03-14: 0 flights
  2026-03-13: 0 flights
  2026-03-12: 0 flights
  2026-03-11: 1 flights
2026-01-30 05:53:04 | INFO     | [SUCCESS] LF Search Complete

============================================================
[Worker_9233] ✓ COMPLETED: ATZ-RUH
  Results: 10 dates
  Errors: 0 dates
  Total Processed: 50 groups
============================================================

2026-01-30 05:53:16 | INFO     | [Worker_9233] Completed: ATZ-RUH - 10 results, 0 errors

============================================================
[Worker_9233] Processing: CAI-YNB
  Tier 0: Range 2, Chunk 2/3
  Dates: 10 days
  Date Range: 2026-03-20 to 2026-03-11
============================================================

2026-01-30 05:53:16 | INFO     | [Worker_9233] Processing: CAI-YNB
2026-01-30 05:53:16 | INFO     |   Tier 0: Range 2, Chunk 2/3 (10 days)
2026-01-30 05:53:16 | INFO     | ======================================================================
2026-01-30 05:53:16 | INFO     | Load Factor Scraper Started - Route: CAI-YNB
2026-01-30 05:53:16 | INFO     | Log file: D:\CODERED\LAB\Artifacts\outputs\run_generated_300126_at_05.16\logs\LF_CAI-YNB_20260130_055316.log
2026-01-30 05:53:16 | INFO     | Enhanced logging: Capturing both logging.info() and print()
2026-01-30 05:53:16 | INFO     | ======================================================================
[LF] Processing dates (override): ['20MAR', '19MAR', '18MAR', '17MAR', '16MAR', '15MAR', '14MAR', '13MAR', '12MAR', '11MAR']
[LF] Attaching to Chrome for Altea access
2026-01-30 05:53:16 | INFO     | Starting LF search for route: CAI-YNB
2026-01-30 05:53:16 | INFO     | [START] LF Search
[LF][[OK] SUCCESS] Connected to Chrome on 127.0.0.1:9233 (after 1 attempts)
2026-01-30 05:53:17 | INFO     | [HEALTH CHECK] [OK] Chrome connection is healthy
[LF][[OK] SUCCESS] Found Amadeus Altea window: Altéa Reservation Desktop
[LF][[INFO] INFO] URL: https://tc212.resdesktop.altea.amadeus.com/app_ard/apf/init/login?SITE=ESMPESMP&LANGUAGE=GB&MARKETS=ARDW_PROD_WBP&ACTION=clpLogin
2026-01-30 05:53:17 | INFO     | [DAY_START] Processing 20MAR
[LF] Processing CAI-YNB for 20MAR
2026-01-30 05:53:17 | INFO     | [lf.day.start] Processing CAI-YNB for 20MAR
[LF] Sending SN command: SN20MARCAIYNB/ASM
[LF] 20MAR: found 2 direct flights
2026-01-30 05:53:19 | INFO     | [lf.day.flights_found] Found 2 flights on 20MAR
2026-01-30 05:53:22 | INFO     | [lf.flight.extracted] SM941 on 20MAR: BKG=0, LF=0.0%
[LF] SM941 20MAR: BKG=0, GRP=0, CAP=179, LF%=0.0%, Brd-Off=CAI-YNB
2026-01-30 05:53:27 | INFO     | [lf.flight.extracted] SM441 on 20MAR: BKG=0, LF=0.0%
[LF] SM441 20MAR: BKG=0, GRP=0, CAP=179, LF%=0.0%, Brd-Off=CAI-YNB
2026-01-30 05:53:29 | INFO     | [SUCCESS] Day 20MAR
2026-01-30 05:53:29 | INFO     | [DAY_START] Processing 19MAR
[LF] Processing CAI-YNB for 19MAR
2026-01-30 05:53:29 | INFO     | [lf.day.start] Processing CAI-YNB for 19MAR
[LF] Sending SN command: SN19MARCAIYNB/ASM
[LF] 19MAR: found 2 direct flights
2026-01-30 05:53:30 | INFO     | [lf.day.flights_found] Found 2 flights on 19MAR
2026-01-30 05:53:34 | INFO     | [lf.flight.extracted] SM987 on 19MAR: BKG=0, LF=0.0%
[LF] SM987 19MAR: BKG=0, GRP=0, CAP=179, LF%=0.0%, Brd-Off=CAI-YNB
2026-01-30 05:53:39 | INFO     | [lf.flight.extracted] SM441 on 19MAR: BKG=1, LF=0.6%
[LF] SM441 19MAR: BKG=1, GRP=0, CAP=179, LF%=0.6%, Brd-Off=CAI-YNB, Classes: X:1
[LF] Getting WEEKLY/LASTSOLD data for 1 flights
[LF] SM441 19MAR: LASTSOLD=2026-01-03 00:00:00, WEEKLY=0, TODAY=0, YDAY=0
2026-01-30 05:53:44 | INFO     | [SUCCESS] Day 19MAR
2026-01-30 05:53:44 | INFO     | [DAY_START] Processing 18MAR
[LF] Processing CAI-YNB for 18MAR
2026-01-30 05:53:44 | INFO     | [lf.day.start] Processing CAI-YNB for 18MAR
[LF] Sending SN command: SN18MARCAIYNB/ASM
[LF] 18MAR: found 1 direct flights
2026-01-30 05:53:46 | INFO     | [lf.day.flights_found] Found 1 flights on 18MAR
2026-01-30 05:53:50 | INFO     | [lf.flight.extracted] SM441 on 18MAR: BKG=0, LF=0.0%
[LF] SM441 18MAR: BKG=0, GRP=0, CAP=179, LF%=0.0%, Brd-Off=CAI-YNB
2026-01-30 05:53:52 | INFO     | [SUCCESS] Day 18MAR
2026-01-30 05:53:52 | INFO     | [DAY_START] Processing 17MAR
[LF] Processing CAI-YNB for 17MAR
2026-01-30 05:53:52 | INFO     | [lf.day.start] Processing CAI-YNB for 17MAR
[LF] Sending SN command: SN17MARCAIYNB/ASM
[LF] 17MAR: found 1 direct flights
2026-01-30 05:53:54 | INFO     | [lf.day.flights_found] Found 1 flights on 17MAR
2026-01-30 05:53:57 | INFO     | [lf.flight.extracted] SM441 on 17MAR: BKG=3, LF=1.7%
[LF] SM441 17MAR: BKG=3, GRP=0, CAP=179, LF%=1.7%, Brd-Off=CAI-YNB, Classes: X:2, T:1
[LF] Getting WEEKLY/LASTSOLD data for 1 flights
[LF] SM441 17MAR: LASTSOLD=2026-01-25 00:00:00, WEEKLY=2, TODAY=0, YDAY=0
2026-01-30 05:54:02 | INFO     | [SUCCESS] Day 17MAR
2026-01-30 05:54:02 | INFO     | [DAY_START] Processing 16MAR
[LF] Processing CAI-YNB for 16MAR
2026-01-30 05:54:02 | INFO     | [lf.day.start] Processing CAI-YNB for 16MAR
[LF] Sending SN command: SN16MARCAIYNB/ASM
[LF] 16MAR: found 1 direct flights
2026-01-30 05:54:04 | INFO     | [lf.day.flights_found] Found 1 flights on 16MAR
2026-01-30 05:54:07 | INFO     | [lf.flight.extracted] SM441 on 16MAR: BKG=2, LF=1.1%
[LF] SM441 16MAR: BKG=2, GRP=0, CAP=179, LF%=1.1%, Brd-Off=CAI-YNB, Classes: X:2
[LF] Getting WEEKLY/LASTSOLD data for 1 flights
[LF] SM441 16MAR: LASTSOLD=2026-01-27 00:00:00, WEEKLY=1, TODAY=0, YDAY=0
2026-01-30 05:54:13 | INFO     | [SUCCESS] Day 16MAR
2026-01-30 05:54:13 | INFO     | [DAY_START] Processing 15MAR
[LF] Processing CAI-YNB for 15MAR
2026-01-30 05:54:13 | INFO     | [lf.day.start] Processing CAI-YNB for 15MAR
[LF] Sending SN command: SN15MARCAIYNB/ASM
[LF] 15MAR: found 1 direct flights
2026-01-30 05:54:16 | INFO     | [lf.day.flights_found] Found 1 flights on 15MAR
2026-01-30 05:54:19 | INFO     | [lf.flight.extracted] SM441 on 15MAR: BKG=1, LF=0.6%
[LF] SM441 15MAR: BKG=1, GRP=0, CAP=179, LF%=0.6%, Brd-Off=CAI-YNB, Classes: X:1
[LF] Getting WEEKLY/LASTSOLD data for 1 flights
[LF] SM441 15MAR: LASTSOLD=2026-01-29 00:00:00, WEEKLY=1, TODAY=0, YDAY=1
2026-01-30 05:54:22 | INFO     | [SUCCESS] Day 15MAR
2026-01-30 05:54:22 | INFO     | [DAY_START] Processing 14MAR
[LF] Processing CAI-YNB for 14MAR
2026-01-30 05:54:22 | INFO     | [lf.day.start] Processing CAI-YNB for 14MAR
[LF] Sending SN command: SN14MARCAIYNB/ASM
[LF] 14MAR: found 1 direct flights
2026-01-30 05:54:23 | INFO     | [lf.day.flights_found] Found 1 flights on 14MAR
2026-01-30 05:54:25 | INFO     | [lf.flight.extracted] SM441 on 14MAR: BKG=5, LF=2.8%
[LF] SM441 14MAR: BKG=5, GRP=0, CAP=179, LF%=2.8%, Brd-Off=CAI-YNB, Classes: X:2, T:3
[LF] Getting WEEKLY/LASTSOLD data for 1 flights
[LF] SM441 14MAR: LASTSOLD=2026-01-26 00:00:00, WEEKLY=1, TODAY=0, YDAY=0
2026-01-30 05:54:28 | INFO     | [SUCCESS] Day 14MAR
2026-01-30 05:54:28 | INFO     | [DAY_START] Processing 13MAR
[LF] Processing CAI-YNB for 13MAR
2026-01-30 05:54:28 | INFO     | [lf.day.start] Processing CAI-YNB for 13MAR
[LF] Sending SN command: SN13MARCAIYNB/ASM
[LF] 13MAR: found 1 direct flights
2026-01-30 05:54:29 | INFO     | [lf.day.flights_found] Found 1 flights on 13MAR
2026-01-30 05:54:31 | INFO     | [lf.flight.extracted] SM441 on 13MAR: BKG=4, LF=2.2%
[LF] SM441 13MAR: BKG=4, GRP=0, CAP=179, LF%=2.2%, Brd-Off=CAI-YNB, Classes: X:2, T:2
[LF] Getting WEEKLY/LASTSOLD data for 1 flights
[LF] SM441 13MAR: LASTSOLD=2026-01-27 00:00:00, WEEKLY=2, TODAY=0, YDAY=0
2026-01-30 05:54:34 | INFO     | [SUCCESS] Day 13MAR
2026-01-30 05:54:34 | INFO     | [DAY_START] Processing 12MAR
[LF] Processing CAI-YNB for 12MAR
2026-01-30 05:54:34 | INFO     | [lf.day.start] Processing CAI-YNB for 12MAR
[LF] Sending SN command: SN12MARCAIYNB/ASM
[LF] 12MAR: found 1 direct flights
2026-01-30 05:54:35 | INFO     | [lf.day.flights_found] Found 1 flights on 12MAR
2026-01-30 05:54:37 | INFO     | [lf.flight.extracted] SM441 on 12MAR: BKG=3, LF=1.7%
[LF] SM441 12MAR: BKG=3, GRP=0, CAP=179, LF%=1.7%, Brd-Off=CAI-YNB, Classes: X:2, T:1
[LF] Getting WEEKLY/LASTSOLD data for 1 flights
[LF] SM441 12MAR: LASTSOLD=2026-01-02 00:00:00, WEEKLY=0, TODAY=0, YDAY=0
2026-01-30 05:54:40 | INFO     | [SUCCESS] Day 12MAR
2026-01-30 05:54:40 | INFO     | [DAY_START] Processing 11MAR
[LF] Processing CAI-YNB for 11MAR
2026-01-30 05:54:40 | INFO     | [lf.day.start] Processing CAI-YNB for 11MAR
[LF] Sending SN command: SN11MARCAIYNB/ASM
[LF] 11MAR: found 1 direct flights
2026-01-30 05:54:41 | INFO     | [lf.day.flights_found] Found 1 flights on 11MAR
2026-01-30 05:54:43 | INFO     | [lf.flight.extracted] SM441 on 11MAR: BKG=2, LF=1.1%
[LF] SM441 11MAR: BKG=2, GRP=0, CAP=179, LF%=1.1%, Brd-Off=CAI-YNB, Classes: X:2
[LF] Getting WEEKLY/LASTSOLD data for 1 flights
[LF] SM441 11MAR: LASTSOLD=2026-01-12 00:00:00, WEEKLY=0, TODAY=0, YDAY=0
2026-01-30 05:54:47 | INFO     | [SUCCESS] Day 11MAR
[LF] Results summary:
  2026-03-20: 2 flights
  2026-03-19: 2 flights
  2026-03-18: 1 flights
  2026-03-17: 1 flights
  2026-03-16: 1 flights
  2026-03-15: 1 flights
  2026-03-14: 1 flights
  2026-03-13: 1 flights
  2026-03-12: 1 flights
  2026-03-11: 1 flights
2026-01-30 05:54:47 | INFO     | [SUCCESS] LF Search Complete

============================================================
[Worker_9233] ✓ COMPLETED: CAI-YNB
  Results: 10 dates
  Errors: 0 dates
  Total Processed: 51 groups
============================================================

2026-01-30 05:54:47 | INFO     | [Worker_9233] Completed: CAI-YNB - 10 results, 0 errors

============================================================
[Worker_9233] Processing: JED-ASW
  Tier 0: Range 2, Chunk 3/3
  Dates: 10 days
  Date Range: 2026-03-10 to 2026-03-01
============================================================

2026-01-30 05:54:47 | INFO     | [Worker_9233] Processing: JED-ASW
2026-01-30 05:54:47 | INFO     |   Tier 0: Range 2, Chunk 3/3 (10 days)
2026-01-30 05:54:47 | INFO     | ======================================================================
2026-01-30 05:54:47 | INFO     | Load Factor Scraper Started - Route: JED-ASW
2026-01-30 05:54:47 | INFO     | Log file: D:\CODERED\LAB\Artifacts\outputs\run_generated_300126_at_05.16\logs\LF_JED-ASW_20260130_055447.log
2026-01-30 05:54:47 | INFO     | Enhanced logging: Capturing both logging.info() and print()
2026-01-30 05:54:47 | INFO     | ======================================================================
[LF] Processing dates (override): ['10MAR', '09MAR', '08MAR', '07MAR', '06MAR', '05MAR', '04MAR', '03MAR', '02MAR', '01MAR']
[LF] Attaching to Chrome for Altea access
2026-01-30 05:54:47 | INFO     | Starting LF search for route: JED-ASW
2026-01-30 05:54:47 | INFO     | [START] LF Search
[LF][[OK] SUCCESS] Connected to Chrome on 127.0.0.1:9233 (after 1 attempts)
2026-01-30 05:54:48 | INFO     | [HEALTH CHECK] [OK] Chrome connection is healthy
[LF][[OK] SUCCESS] Found Amadeus Altea window: Altéa Reservation Desktop
[LF][[INFO] INFO] URL: https://tc212.resdesktop.altea.amadeus.com/app_ard/apf/init/login?SITE=ESMPESMP&LANGUAGE=GB&MARKETS=ARDW_PROD_WBP&ACTION=clpLogin
2026-01-30 05:54:48 | INFO     | [DAY_START] Processing 10MAR
[LF] Processing JED-ASW for 10MAR
2026-01-30 05:54:48 | INFO     | [lf.day.start] Processing JED-ASW for 10MAR
[LF] Sending SN command: SN10MARJEDASW/ASM
[LF] No direct flights on 10MAR for JED-ASW
2026-01-30 05:54:50 | WARNING  | [lf.day.no_flights] No direct flights on 10MAR
2026-01-30 05:54:50 | INFO     | [SUCCESS] Day 10MAR
2026-01-30 05:54:50 | INFO     | [DAY_START] Processing 09MAR
[LF] Processing JED-ASW for 09MAR
2026-01-30 05:54:50 | INFO     | [lf.day.start] Processing JED-ASW for 09MAR
[LF] Sending SN command: SN09MARJEDASW/ASM
[LF] No direct flights on 09MAR for JED-ASW
2026-01-30 05:54:51 | WARNING  | [lf.day.no_flights] No direct flights on 09MAR
2026-01-30 05:54:51 | INFO     | [SUCCESS] Day 09MAR
2026-01-30 05:54:51 | INFO     | [DAY_START] Processing 08MAR
[LF] Processing JED-ASW for 08MAR
2026-01-30 05:54:51 | INFO     | [lf.day.start] Processing JED-ASW for 08MAR
[LF] Sending SN command: SN08MARJEDASW/ASM
[LF] No direct flights on 08MAR for JED-ASW
2026-01-30 05:54:52 | WARNING  | [lf.day.no_flights] No direct flights on 08MAR
2026-01-30 05:54:52 | INFO     | [SUCCESS] Day 08MAR
2026-01-30 05:54:52 | INFO     | [DAY_START] Processing 07MAR
[LF] Processing JED-ASW for 07MAR
2026-01-30 05:54:52 | INFO     | [lf.day.start] Processing JED-ASW for 07MAR
[LF] Sending SN command: SN07MARJEDASW/ASM
[LF] No direct flights on 07MAR for JED-ASW
2026-01-30 05:54:54 | WARNING  | [lf.day.no_flights] No direct flights on 07MAR
2026-01-30 05:54:54 | INFO     | [SUCCESS] Day 07MAR
2026-01-30 05:54:54 | INFO     | [DAY_START] Processing 06MAR
[LF] Processing JED-ASW for 06MAR
2026-01-30 05:54:54 | INFO     | [lf.day.start] Processing JED-ASW for 06MAR
[LF] Sending SN command: SN06MARJEDASW/ASM
[LF] No direct flights on 06MAR for JED-ASW
2026-01-30 05:54:55 | WARNING  | [lf.day.no_flights] No direct flights on 06MAR
2026-01-30 05:54:55 | INFO     | [SUCCESS] Day 06MAR
2026-01-30 05:54:55 | INFO     | [DAY_START] Processing 05MAR
[LF] Processing JED-ASW for 05MAR
2026-01-30 05:54:55 | INFO     | [lf.day.start] Processing JED-ASW for 05MAR
[LF] Sending SN command: SN05MARJEDASW/ASM
[LF] No direct flights on 05MAR for JED-ASW
2026-01-30 05:54:56 | WARNING  | [lf.day.no_flights] No direct flights on 05MAR
2026-01-30 05:54:56 | INFO     | [SUCCESS] Day 05MAR
2026-01-30 05:54:56 | INFO     | [DAY_START] Processing 04MAR
[LF] Processing JED-ASW for 04MAR
2026-01-30 05:54:56 | INFO     | [lf.day.start] Processing JED-ASW for 04MAR
[LF] Sending SN command: SN04MARJEDASW/ASM
[LF] No direct flights on 04MAR for JED-ASW
2026-01-30 05:54:57 | WARNING  | [lf.day.no_flights] No direct flights on 04MAR
2026-01-30 05:54:57 | INFO     | [SUCCESS] Day 04MAR
2026-01-30 05:54:57 | INFO     | [DAY_START] Processing 03MAR
[LF] Processing JED-ASW for 03MAR
2026-01-30 05:54:57 | INFO     | [lf.day.start] Processing JED-ASW for 03MAR
[LF] Sending SN command: SN03MARJEDASW/ASM
[LF] No direct flights on 03MAR for JED-ASW
2026-01-30 05:54:59 | WARNING  | [lf.day.no_flights] No direct flights on 03MAR
2026-01-30 05:54:59 | INFO     | [SUCCESS] Day 03MAR
2026-01-30 05:54:59 | INFO     | [DAY_START] Processing 02MAR
[LF] Processing JED-ASW for 02MAR
2026-01-30 05:54:59 | INFO     | [lf.day.start] Processing JED-ASW for 02MAR
[LF] Sending SN command: SN02MARJEDASW/ASM
[LF] No direct flights on 02MAR for JED-ASW
2026-01-30 05:55:00 | WARNING  | [lf.day.no_flights] No direct flights on 02MAR
2026-01-30 05:55:00 | INFO     | [SUCCESS] Day 02MAR
2026-01-30 05:55:00 | INFO     | [DAY_START] Processing 01MAR
[LF] Processing JED-ASW for 01MAR
2026-01-30 05:55:00 | INFO     | [lf.day.start] Processing JED-ASW for 01MAR
[LF] Sending SN command: SN01MARJEDASW/ASM
[LF] No direct flights on 01MAR for JED-ASW
2026-01-30 05:55:01 | WARNING  | [lf.day.no_flights] No direct flights on 01MAR
2026-01-30 05:55:01 | INFO     | [SUCCESS] Day 01MAR
[LF] Results summary:
  2026-03-10: 0 flights
  2026-03-09: 0 flights
  2026-03-08: 0 flights
  2026-03-07: 0 flights
  2026-03-06: 0 flights
  2026-03-05: 0 flights
  2026-03-04: 0 flights
  2026-03-03: 0 flights
  2026-03-02: 0 flights
  2026-03-01: 0 flights
2026-01-30 05:55:01 | INFO     | [SUCCESS] LF Search Complete

============================================================
[Worker_9233] ✓ COMPLETED: JED-ASW
  Results: 10 dates
  Errors: 0 dates
  Total Processed: 52 groups
============================================================

2026-01-30 05:55:01 | INFO     | [Worker_9233] Completed: JED-ASW - 10 results, 0 errors

============================================================
[Worker_9233] Processing: RUH-CAI
  Tier 0: Range 2, Chunk 3/3
  Dates: 10 days
  Date Range: 2026-03-10 to 2026-03-01
============================================================

2026-01-30 05:55:01 | INFO     | [Worker_9233] Processing: RUH-CAI
2026-01-30 05:55:01 | INFO     |   Tier 0: Range 2, Chunk 3/3 (10 days)
2026-01-30 05:55:01 | INFO     | ======================================================================
2026-01-30 05:55:01 | INFO     | Load Factor Scraper Started - Route: RUH-CAI
2026-01-30 05:55:01 | INFO     | Log file: D:\CODERED\LAB\Artifacts\outputs\run_generated_300126_at_05.16\logs\LF_RUH-CAI_20260130_055501.log
2026-01-30 05:55:01 | INFO     | Enhanced logging: Capturing both logging.info() and print()
2026-01-30 05:55:01 | INFO     | ======================================================================
[LF] Processing dates (override): ['10MAR', '09MAR', '08MAR', '07MAR', '06MAR', '05MAR', '04MAR', '03MAR', '02MAR', '01MAR']
[LF] Attaching to Chrome for Altea access
2026-01-30 05:55:01 | INFO     | Starting LF search for route: RUH-CAI
2026-01-30 05:55:01 | INFO     | [START] LF Search
[LF][[OK] SUCCESS] Connected to Chrome on 127.0.0.1:9233 (after 1 attempts)
2026-01-30 05:55:02 | INFO     | [HEALTH CHECK] [OK] Chrome connection is healthy
[LF][[OK] SUCCESS] Found Amadeus Altea window: Altéa Reservation Desktop
[LF][[INFO] INFO] URL: https://tc212.resdesktop.altea.amadeus.com/app_ard/apf/init/login?SITE=ESMPESMP&LANGUAGE=GB&MARKETS=ARDW_PROD_WBP&ACTION=clpLogin
2026-01-30 05:55:02 | INFO     | [DAY_START] Processing 10MAR
[LF] Processing RUH-CAI for 10MAR
2026-01-30 05:55:02 | INFO     | [lf.day.start] Processing RUH-CAI for 10MAR
[LF] Sending SN command: SN10MARRUHCAI/ASM
[LF] 10MAR: found 1 direct flights
2026-01-30 05:55:03 | INFO     | [lf.day.flights_found] Found 1 flights on 10MAR
2026-01-30 05:55:05 | INFO     | [lf.flight.extracted] SM470 on 10MAR: BKG=40, LF=23.9%
[LF] SM470 10MAR: BKG=40, GRP=0, CAP=167, LF%=23.9%, Brd-Off=RUH-CAI, Classes: X:3, W:8, S:11, G:9, L:9
[LF] Getting WEEKLY/LASTSOLD data for 1 flights
[LF] SM470 10MAR: LASTSOLD=2026-01-28 00:00:00, WEEKLY=8, TODAY=0, YDAY=0
2026-01-30 05:55:09 | INFO     | [SUCCESS] Day 10MAR
2026-01-30 05:55:09 | INFO     | [DAY_START] Processing 09MAR
[LF] Processing RUH-CAI for 09MAR
2026-01-30 05:55:09 | INFO     | [lf.day.start] Processing RUH-CAI for 09MAR
[LF] Sending SN command: SN09MARRUHCAI/ASM
[LF] 09MAR: found 1 direct flights
2026-01-30 05:55:10 | INFO     | [lf.day.flights_found] Found 1 flights on 09MAR
2026-01-30 05:55:12 | INFO     | [lf.flight.extracted] SM470 on 09MAR: BKG=27, LF=16.2%
[LF] SM470 09MAR: BKG=27, GRP=0, CAP=167, LF%=16.2%, Brd-Off=RUH-CAI, Classes: W:4, S:17, G:6
[LPC] SM470 09MAR: Found 0 outbound flights with connecting passengers
[LF] Getting WEEKLY/LASTSOLD data for 1 flights
[LF] SM470 09MAR: LASTSOLD=2026-01-29 00:00:00, WEEKLY=6, TODAY=0, YDAY=5
2026-01-30 05:55:17 | INFO     | [SUCCESS] Day 09MAR
2026-01-30 05:55:17 | INFO     | [DAY_START] Processing 08MAR
[LF] Processing RUH-CAI for 08MAR
2026-01-30 05:55:17 | INFO     | [lf.day.start] Processing RUH-CAI for 08MAR
[LF] Sending SN command: SN08MARRUHCAI/ASM
[LF] 08MAR: found 1 direct flights
2026-01-30 05:55:18 | INFO     | [lf.day.flights_found] Found 1 flights on 08MAR
2026-01-30 05:55:20 | INFO     | [lf.flight.extracted] SM462 on 08MAR: BKG=30, LF=17.1%
[LF] SM462 08MAR: BKG=30, GRP=0, CAP=175, LF%=17.1%, Brd-Off=RUH-CAI, Classes: W:11, S:10, G:9
[LF] Getting WEEKLY/LASTSOLD data for 1 flights
[LF] SM462 08MAR: LASTSOLD=2026-01-29 00:00:00, WEEKLY=8, TODAY=0, YDAY=2
2026-01-30 05:55:23 | INFO     | [SUCCESS] Day 08MAR
2026-01-30 05:55:23 | INFO     | [DAY_START] Processing 07MAR
[LF] Processing RUH-CAI for 07MAR
2026-01-30 05:55:23 | INFO     | [lf.day.start] Processing RUH-CAI for 07MAR
[LF] Sending SN command: SN07MARRUHCAI/ASM
[LF] 07MAR: found 1 direct flights
2026-01-30 05:55:25 | INFO     | [lf.day.flights_found] Found 1 flights on 07MAR
2026-01-30 05:55:27 | INFO     | [lf.flight.extracted] SM462 on 07MAR: BKG=35, LF=20.0%
[LF] SM462 07MAR: BKG=35, GRP=0, CAP=175, LF%=20.0%, Brd-Off=RUH-CAI, Classes: X:1, W:8, S:4, G:16, L:3, V:2, K:1
[LPC] SM462 07MAR: Found 2 outbound flights with connecting passengers
[LF] Getting WEEKLY/LASTSOLD data for 1 flights
[LF] SM462 07MAR: LASTSOLD=2026-01-29 00:00:00, WEEKLY=19, TODAY=0, YDAY=2
2026-01-30 05:55:32 | INFO     | [SUCCESS] Day 07MAR
2026-01-30 05:55:32 | INFO     | [DAY_START] Processing 06MAR
[LF] Processing RUH-CAI for 06MAR
2026-01-30 05:55:32 | INFO     | [lf.day.start] Processing RUH-CAI for 06MAR
[LF] Sending SN command: SN06MARRUHCAI/ASM
[LF] 06MAR: found 2 direct flights
2026-01-30 05:55:33 | INFO     | [lf.day.flights_found] Found 2 flights on 06MAR
2026-01-30 05:55:35 | INFO     | [lf.flight.extracted] SM462 on 06MAR: BKG=51, LF=29.1%
[LF] SM462 06MAR: BKG=51, GRP=0, CAP=175, LF%=29.1%, Brd-Off=RUH-CAI, Classes: O:1, U:1, X:1, W:5, S:6, L:27, V:10
[LPC] SM462 06MAR: Found 1 outbound flights with connecting passengers
2026-01-30 05:55:40 | INFO     | [lf.flight.extracted] SM470 on 06MAR: BKG=44, LF=26.4%
[LF] SM470 06MAR: BKG=44, GRP=0, CAP=167, LF%=26.4%, Brd-Off=RUH-CAI, Classes: O:1, W:6, S:9, G:13, L:11, V:4
[LF] Getting WEEKLY/LASTSOLD data for 2 flights
[LF] SM462 06MAR: LASTSOLD=2026-01-29 00:00:00, WEEKLY=14, TODAY=0, YDAY=1
[LF] SM470 06MAR: LASTSOLD=2026-01-26 00:00:00, WEEKLY=12, TODAY=0, YDAY=0
2026-01-30 05:55:48 | INFO     | [SUCCESS] Day 06MAR
2026-01-30 05:55:48 | INFO     | [DAY_START] Processing 05MAR
[LF] Processing RUH-CAI for 05MAR
2026-01-30 05:55:48 | INFO     | [lf.day.start] Processing RUH-CAI for 05MAR
[LF] Sending SN command: SN05MARRUHCAI/ASM
[LF] 05MAR: found 1 direct flights
2026-01-30 05:55:49 | INFO     | [lf.day.flights_found] Found 1 flights on 05MAR
2026-01-30 05:55:51 | INFO     | [lf.flight.extracted] SM462 on 05MAR: BKG=49, LF=28.0%
[LF] SM462 05MAR: BKG=49, GRP=0, CAP=175, LF%=28.0%, Brd-Off=RUH-CAI, Classes: O:1, U:1, T:1, W:3, S:4, L:14, V:21, K:4
[LF] Getting WEEKLY/LASTSOLD data for 1 flights
[LF] SM462 05MAR: LASTSOLD=2026-01-29 00:00:00, WEEKLY=4, TODAY=0, YDAY=1
2026-01-30 05:55:56 | INFO     | [SUCCESS] Day 05MAR
2026-01-30 05:55:56 | INFO     | [DAY_START] Processing 04MAR
[LF] Processing RUH-CAI for 04MAR
2026-01-30 05:55:56 | INFO     | [lf.day.start] Processing RUH-CAI for 04MAR
[LF] Sending SN command: SN04MARRUHCAI/ASM
[LF] 04MAR: found 2 direct flights
2026-01-30 05:55:57 | INFO     | [lf.day.flights_found] Found 2 flights on 04MAR
2026-01-30 05:55:59 | INFO     | [lf.flight.extracted] SM462 on 04MAR: BKG=25, LF=14.3%
[LF] SM462 04MAR: BKG=25, GRP=0, CAP=175, LF%=14.3%, Brd-Off=RUH-CAI, Classes: U:3, X:4, T:3, S:4, G:10, L:1
2026-01-30 05:56:02 | INFO     | [lf.flight.extracted] SM470 on 04MAR: BKG=24, LF=14.4%
[LF] SM470 04MAR: BKG=24, GRP=0, CAP=167, LF%=14.4%, Brd-Off=RUH-CAI, Classes: O:1, U:3, X:5, T:3, S:4, L:1, K:7
[LPC] SM470 04MAR: Found 0 outbound flights with connecting passengers
[LF] Getting WEEKLY/LASTSOLD data for 2 flights
[LF] SM462 04MAR: LASTSOLD=2026-01-29 00:00:00, WEEKLY=6, TODAY=0, YDAY=2
[LF] SM470 04MAR: LASTSOLD=2026-01-27 00:00:00, WEEKLY=1, TODAY=0, YDAY=0
2026-01-30 05:56:10 | INFO     | [SUCCESS] Day 04MAR
2026-01-30 05:56:10 | INFO     | [DAY_START] Processing 03MAR
[LF] Processing RUH-CAI for 03MAR
2026-01-30 05:56:10 | INFO     | [lf.day.start] Processing RUH-CAI for 03MAR
[LF] Sending SN command: SN03MARRUHCAI/ASM
[LF] 03MAR: found 1 direct flights
2026-01-30 05:56:11 | INFO     | [lf.day.flights_found] Found 1 flights on 03MAR
2026-01-30 05:56:13 | INFO     | [lf.flight.extracted] SM470 on 03MAR: BKG=19, LF=11.4%
[LF] SM470 03MAR: BKG=19, GRP=0, CAP=167, LF%=11.4%, Brd-Off=RUH-CAI, Classes: O:2, U:6, W:1, S:10
[LF] Getting WEEKLY/LASTSOLD data for 1 flights
[LF] SM470 03MAR: LASTSOLD=2026-01-29 00:00:00, WEEKLY=7, TODAY=0, YDAY=2
2026-01-30 05:56:16 | INFO     | [SUCCESS] Day 03MAR
2026-01-30 05:56:16 | INFO     | [DAY_START] Processing 02MAR
[LF] Processing RUH-CAI for 02MAR
2026-01-30 05:56:16 | INFO     | [lf.day.start] Processing RUH-CAI for 02MAR
[LF] Sending SN command: SN02MARRUHCAI/ASM
[LF] 02MAR: found 1 direct flights
2026-01-30 05:56:17 | INFO     | [lf.day.flights_found] Found 1 flights on 02MAR
2026-01-30 05:56:19 | INFO     | [lf.flight.extracted] SM470 on 02MAR: BKG=18, LF=10.8%
[LF] SM470 02MAR: BKG=18, GRP=0, CAP=167, LF%=10.8%, Brd-Off=RUH-CAI, Classes: O:2, W:13, S:3
[LF] Getting WEEKLY/LASTSOLD data for 1 flights
[LF] SM470 02MAR: LASTSOLD=2026-01-29 00:00:00, WEEKLY=7, TODAY=0, YDAY=3
2026-01-30 05:56:22 | INFO     | [SUCCESS] Day 02MAR
2026-01-30 05:56:22 | INFO     | [DAY_START] Processing 01MAR
[LF] Processing RUH-CAI for 01MAR
2026-01-30 05:56:22 | INFO     | [lf.day.start] Processing RUH-CAI for 01MAR
[LF] Sending SN command: SN01MARRUHCAI/ASM
[LF] 01MAR: found 1 direct flights
2026-01-30 05:56:23 | INFO     | [lf.day.flights_found] Found 1 flights on 01MAR
2026-01-30 05:56:25 | INFO     | [lf.flight.extracted] SM462 on 01MAR: BKG=13, LF=7.4%
[LF] SM462 01MAR: BKG=13, GRP=0, CAP=175, LF%=7.4%, Brd-Off=RUH-CAI, Classes: O:1, W:12
[LF] Getting WEEKLY/LASTSOLD data for 1 flights
[LF] SM462 01MAR: LASTSOLD=2026-01-28 00:00:00, WEEKLY=1, TODAY=0, YDAY=0
2026-01-30 05:56:28 | INFO     | [SUCCESS] Day 01MAR
[LF] Results summary:
  2026-03-10: 1 flights
  2026-03-09: 1 flights
  2026-03-08: 1 flights
  2026-03-07: 1 flights
  2026-03-06: 2 flights
  2026-03-05: 1 flights
  2026-03-04: 2 flights
  2026-03-03: 1 flights
  2026-03-02: 1 flights
  2026-03-01: 1 flights
2026-01-30 05:56:28 | INFO     | [SUCCESS] LF Search Complete

============================================================
[Worker_9233] ✓ COMPLETED: RUH-CAI
  Results: 10 dates
  Errors: 0 dates
  Total Processed: 53 groups
============================================================

2026-01-30 05:56:28 | INFO     | [Worker_9233] Completed: RUH-CAI - 10 results, 0 errors

============================================================
[Worker_9233] Processing: CAI-MED
  Tier 0: Range 2, Chunk 3/3
  Dates: 10 days
  Date Range: 2026-03-10 to 2026-03-01
============================================================

2026-01-30 05:56:28 | INFO     | [Worker_9233] Processing: CAI-MED
2026-01-30 05:56:28 | INFO     |   Tier 0: Range 2, Chunk 3/3 (10 days)
2026-01-30 05:56:28 | INFO     | ======================================================================
2026-01-30 05:56:28 | INFO     | Load Factor Scraper Started - Route: CAI-MED
2026-01-30 05:56:28 | INFO     | Log file: D:\CODERED\LAB\Artifacts\outputs\run_generated_300126_at_05.16\logs\LF_CAI-MED_20260130_055628.log
2026-01-30 05:56:28 | INFO     | Enhanced logging: Capturing both logging.info() and print()
2026-01-30 05:56:28 | INFO     | ======================================================================
[LF] Processing dates (override): ['10MAR', '09MAR', '08MAR', '07MAR', '06MAR', '05MAR', '04MAR', '03MAR', '02MAR', '01MAR']
[LF] Attaching to Chrome for Altea access
2026-01-30 05:56:28 | INFO     | Starting LF search for route: CAI-MED
2026-01-30 05:56:28 | INFO     | [START] LF Search
[LF][[OK] SUCCESS] Connected to Chrome on 127.0.0.1:9233 (after 1 attempts)
2026-01-30 05:56:29 | INFO     | [HEALTH CHECK] [OK] Chrome connection is healthy
[LF][[OK] SUCCESS] Found Amadeus Altea window: Altéa Reservation Desktop
[LF][[INFO] INFO] URL: https://tc212.resdesktop.altea.amadeus.com/app_ard/apf/init/login?SITE=ESMPESMP&LANGUAGE=GB&MARKETS=ARDW_PROD_WBP&ACTION=clpLogin
2026-01-30 05:56:30 | INFO     | [DAY_START] Processing 10MAR
[LF] Processing CAI-MED for 10MAR
2026-01-30 05:56:30 | INFO     | [lf.day.start] Processing CAI-MED for 10MAR
[LF] Sending SN command: SN10MARCAIMED/ASM
[LF] 10MAR: found 1 direct flights
2026-01-30 05:56:31 | INFO     | [lf.day.flights_found] Found 1 flights on 10MAR
2026-01-30 05:56:33 | INFO     | [lf.flight.extracted] SM493 on 10MAR: BKG=7, LF=3.9%
[LF] SM493 10MAR: BKG=7, GRP=0, CAP=179, LF%=3.9%, Brd-Off=CAI-MED, Classes: X:4, T:3
[LF] Getting WEEKLY/LASTSOLD data for 1 flights
[LF] SM493 10MAR: LASTSOLD=2026-01-29 00:00:00, WEEKLY=3, TODAY=0, YDAY=3
2026-01-30 05:56:36 | INFO     | [SUCCESS] Day 10MAR
2026-01-30 05:56:36 | INFO     | [DAY_START] Processing 09MAR
[LF] Processing CAI-MED for 09MAR
2026-01-30 05:56:36 | INFO     | [lf.day.start] Processing CAI-MED for 09MAR
[LF] Sending SN command: SN09MARCAIMED/ASM
[LF] 09MAR: found 1 direct flights
2026-01-30 05:56:37 | INFO     | [lf.day.flights_found] Found 1 flights on 09MAR
2026-01-30 05:56:39 | INFO     | [lf.flight.extracted] SM495 on 09MAR: BKG=37, LF=20.7%
[LF] SM495 09MAR: BKG=37, GRP=0, CAP=179, LF%=20.7%, Brd-Off=CAI-MED, Classes: X:14, T:11, W:9, S:3
[LF] Getting WEEKLY/LASTSOLD data for 1 flights
[LF] SM495 09MAR: LASTSOLD=2026-01-21 00:00:00, WEEKLY=0, TODAY=0, YDAY=0
2026-01-30 05:56:42 | INFO     | [SUCCESS] Day 09MAR
2026-01-30 05:56:42 | INFO     | [DAY_START] Processing 08MAR
[LF] Processing CAI-MED for 08MAR
2026-01-30 05:56:42 | INFO     | [lf.day.start] Processing CAI-MED for 08MAR
[LF] Sending SN command: SN08MARCAIMED/ASM
[LF] 08MAR: found 1 direct flights
2026-01-30 05:56:43 | INFO     | [lf.day.flights_found] Found 1 flights on 08MAR
2026-01-30 05:56:45 | INFO     | [lf.flight.extracted] SM493 on 08MAR: BKG=179, LF=100.0%
[LF] SM493 08MAR: BKG=179, GRP=130, CAP=179, LF%=100.0%, Brd-Off=CAI-MED, Classes: E:130, I:2, X:11, T:14, W:8, S:14
[LF] Getting WEEKLY/LASTSOLD data for 1 flights
[LF] SM493 08MAR: LASTSOLD=2026-01-22 00:00:00, WEEKLY=0, TODAY=0, YDAY=0
2026-01-30 05:56:49 | INFO     | [SUCCESS] Day 08MAR
2026-01-30 05:56:49 | INFO     | [DAY_START] Processing 07MAR
[LF] Processing CAI-MED for 07MAR
2026-01-30 05:56:49 | INFO     | [lf.day.start] Processing CAI-MED for 07MAR
[LF] Sending SN command: SN07MARCAIMED/ASM
[LF] 07MAR: found 1 direct flights
2026-01-30 05:56:50 | INFO     | [lf.day.flights_found] Found 1 flights on 07MAR
2026-01-30 05:56:52 | INFO     | [lf.flight.extracted] SM493 on 07MAR: BKG=161, LF=89.9%
[LF] SM493 07MAR: BKG=161, GRP=83, CAP=179, LF%=89.9%, Brd-Off=CAI-MED, Classes: P:83, X:10, T:14, W:10, S:17, G:11, L:6, K:10
[LF] Getting WEEKLY/LASTSOLD data for 1 flights
[LF] SM493 07MAR: LASTSOLD=2026-01-27 00:00:00, WEEKLY=1, TODAY=0, YDAY=0
2026-01-30 05:56:57 | INFO     | [SUCCESS] Day 07MAR
2026-01-30 05:56:57 | INFO     | [DAY_START] Processing 06MAR
[LF] Processing CAI-MED for 06MAR
2026-01-30 05:56:57 | INFO     | [lf.day.start] Processing CAI-MED for 06MAR
[LF] Sending SN command: SN06MARCAIMED/ASM
[LF] No direct flights on 06MAR for CAI-MED
2026-01-30 05:56:58 | WARNING  | [lf.day.no_flights] No direct flights on 06MAR
2026-01-30 05:56:58 | INFO     | [SUCCESS] Day 06MAR
2026-01-30 05:56:58 | INFO     | [DAY_START] Processing 05MAR
[LF] Processing CAI-MED for 05MAR
2026-01-30 05:56:58 | INFO     | [lf.day.start] Processing CAI-MED for 05MAR
[LF] Sending SN command: SN05MARCAIMED/ASM
[LF] 05MAR: found 1 direct flights
2026-01-30 05:56:59 | INFO     | [lf.day.flights_found] Found 1 flights on 05MAR
2026-01-30 05:57:01 | INFO     | [lf.flight.extracted] SM493 on 05MAR: BKG=179, LF=101.7%
[LF] SM493 05MAR: BKG=179, GRP=75, CAP=176, LF%=101.7%, Brd-Off=CAI-MED, Classes: P:65, E:10, I:10, O:4, T:10, W:7, S:27, G:12, L:11, V:14, K:7, Q:2
[LF] Getting WEEKLY/LASTSOLD data for 1 flights
[LF] SM493 05MAR: LASTSOLD=2026-01-13 00:00:00, WEEKLY=0, TODAY=0, YDAY=0
2026-01-30 05:57:07 | INFO     | [SUCCESS] Day 05MAR
2026-01-30 05:57:07 | INFO     | [DAY_START] Processing 04MAR
[LF] Processing CAI-MED for 04MAR
2026-01-30 05:57:07 | INFO     | [lf.day.start] Processing CAI-MED for 04MAR
[LF] Sending SN command: SN04MARCAIMED/ASM
[LF] No direct flights on 04MAR for CAI-MED
2026-01-30 05:57:08 | WARNING  | [lf.day.no_flights] No direct flights on 04MAR
2026-01-30 05:57:08 | INFO     | [SUCCESS] Day 04MAR
2026-01-30 05:57:08 | INFO     | [DAY_START] Processing 03MAR
[LF] Processing CAI-MED for 03MAR
2026-01-30 05:57:08 | INFO     | [lf.day.start] Processing CAI-MED for 03MAR
[LF] Sending SN command: SN03MARCAIMED/ASM
[LF] 03MAR: found 1 direct flights
2026-01-30 05:57:09 | INFO     | [lf.day.flights_found] Found 1 flights on 03MAR
2026-01-30 05:57:11 | INFO     | [lf.flight.extracted] SM493 on 03MAR: BKG=174, LF=97.2%
[LF] SM493 03MAR: BKG=174, GRP=125, CAP=179, LF%=97.2%, Brd-Off=CAI-MED, Classes: P:115, E:10, I:4, T:10, W:15, S:15, G:4, Q:1
[LF] Getting WEEKLY/LASTSOLD data for 1 flights
[LF] SM493 03MAR: LASTSOLD=2026-01-29 00:00:00, WEEKLY=10, TODAY=0, YDAY=1
2026-01-30 05:57:15 | INFO     | [SUCCESS] Day 03MAR
2026-01-30 05:57:15 | INFO     | [DAY_START] Processing 02MAR
[LF] Processing CAI-MED for 02MAR
2026-01-30 05:57:15 | INFO     | [lf.day.start] Processing CAI-MED for 02MAR
[LF] Sending SN command: SN02MARCAIMED/ASM
[LF] 02MAR: found 1 direct flights
2026-01-30 05:57:16 | INFO     | [lf.day.flights_found] Found 1 flights on 02MAR
2026-01-30 05:57:18 | INFO     | [lf.flight.extracted] SM495 on 02MAR: BKG=163, LF=91.1%
[LF] SM495 02MAR: BKG=163, GRP=135, CAP=179, LF%=91.1%, Brd-Off=CAI-MED, Classes: P:135, I:2, X:10, T:14, S:1, K:1
[LF] Getting WEEKLY/LASTSOLD data for 1 flights
[LF] SM495 02MAR: LASTSOLD=2026-01-25 00:00:00, WEEKLY=1, TODAY=0, YDAY=0
2026-01-30 05:57:22 | INFO     | [SUCCESS] Day 02MAR
2026-01-30 05:57:22 | INFO     | [DAY_START] Processing 01MAR
[LF] Processing CAI-MED for 01MAR
2026-01-30 05:57:22 | INFO     | [lf.day.start] Processing CAI-MED for 01MAR
[LF] Sending SN command: SN01MARCAIMED/ASM
[LF] 01MAR: found 1 direct flights
2026-01-30 05:57:23 | INFO     | [lf.day.flights_found] Found 1 flights on 01MAR
2026-01-30 05:57:25 | INFO     | [lf.flight.extracted] SM493 on 01MAR: BKG=152, LF=84.9%
[LF] SM493 01MAR: BKG=152, GRP=140, CAP=179, LF%=84.9%, Brd-Off=CAI-MED, Classes: P:90, E:50, X:9, S:3
[LF] Getting WEEKLY/LASTSOLD data for 1 flights
[LF] SM493 01MAR: LASTSOLD=2026-01-28 00:00:00, WEEKLY=2, TODAY=0, YDAY=0
2026-01-30 05:57:27 | INFO     | [SUCCESS] Day 01MAR
[LF] Results summary:
  2026-03-10: 1 flights
  2026-03-09: 1 flights
  2026-03-08: 1 flights
  2026-03-07: 1 flights
  2026-03-06: 0 flights
  2026-03-05: 1 flights
  2026-03-04: 0 flights
  2026-03-03: 1 flights
  2026-03-02: 1 flights
  2026-03-01: 1 flights
2026-01-30 05:57:27 | INFO     | [SUCCESS] LF Search Complete

============================================================
[Worker_9233] ✓ COMPLETED: CAI-MED
  Results: 10 dates
  Errors: 0 dates
  Total Processed: 54 groups
============================================================

2026-01-30 05:57:27 | INFO     | [Worker_9233] Completed: CAI-MED - 10 results, 0 errors

============================================================
[Worker_9233] Processing: CAI-DMM
  Tier 0: Range 2, Chunk 3/3
  Dates: 10 days
  Date Range: 2026-03-10 to 2026-03-01
============================================================

2026-01-30 05:57:28 | INFO     | [Worker_9233] Processing: CAI-DMM
2026-01-30 05:57:28 | INFO     |   Tier 0: Range 2, Chunk 3/3 (10 days)
2026-01-30 05:57:28 | INFO     | ======================================================================
2026-01-30 05:57:28 | INFO     | Load Factor Scraper Started - Route: CAI-DMM
2026-01-30 05:57:28 | INFO     | Log file: D:\CODERED\LAB\Artifacts\outputs\run_generated_300126_at_05.16\logs\LF_CAI-DMM_20260130_055728.log
2026-01-30 05:57:28 | INFO     | Enhanced logging: Capturing both logging.info() and print()
2026-01-30 05:57:28 | INFO     | ======================================================================
[LF] Processing dates (override): ['10MAR', '09MAR', '08MAR', '07MAR', '06MAR', '05MAR', '04MAR', '03MAR', '02MAR', '01MAR']
[LF] Attaching to Chrome for Altea access
2026-01-30 05:57:28 | INFO     | Starting LF search for route: CAI-DMM
2026-01-30 05:57:28 | INFO     | [START] LF Search
[LF][[OK] SUCCESS] Connected to Chrome on 127.0.0.1:9233 (after 1 attempts)
2026-01-30 05:57:28 | INFO     | [HEALTH CHECK] [OK] Chrome connection is healthy
[LF][[OK] SUCCESS] Found Amadeus Altea window: Altéa Reservation Desktop
[LF][[INFO] INFO] URL: https://tc212.resdesktop.altea.amadeus.com/app_ard/apf/init/login?SITE=ESMPESMP&LANGUAGE=GB&MARKETS=ARDW_PROD_WBP&ACTION=clpLogin
2026-01-30 05:57:28 | INFO     | [DAY_START] Processing 10MAR
[LF] Processing CAI-DMM for 10MAR
2026-01-30 05:57:28 | INFO     | [lf.day.start] Processing CAI-DMM for 10MAR
[LF] Sending SN command: SN10MARCAIDMM/ASM
[LF] 10MAR: found 1 direct flights
2026-01-30 05:57:29 | INFO     | [lf.day.flights_found] Found 1 flights on 10MAR
2026-01-30 05:57:31 | INFO     | [lf.flight.extracted] SM433 on 10MAR: BKG=5, LF=4.6%
[LF] SM433 10MAR: BKG=5, GRP=0, CAP=109, LF%=4.6%, Brd-Off=CAI-DMM, Classes: I:5
[LF] Getting WEEKLY/LASTSOLD data for 1 flights
[LF] SM433 10MAR: LASTSOLD=2026-01-28 00:00:00, WEEKLY=1, TODAY=0, YDAY=0
2026-01-30 05:57:34 | INFO     | [SUCCESS] Day 10MAR
2026-01-30 05:57:34 | INFO     | [DAY_START] Processing 09MAR
[LF] Processing CAI-DMM for 09MAR
2026-01-30 05:57:34 | INFO     | [lf.day.start] Processing CAI-DMM for 09MAR
[LF] Sending SN command: SN09MARCAIDMM/ASM
[LF] No direct flights on 09MAR for CAI-DMM
2026-01-30 05:57:35 | WARNING  | [lf.day.no_flights] No direct flights on 09MAR
2026-01-30 05:57:35 | INFO     | [SUCCESS] Day 09MAR
2026-01-30 05:57:35 | INFO     | [DAY_START] Processing 08MAR
[LF] Processing CAI-DMM for 08MAR
2026-01-30 05:57:35 | INFO     | [lf.day.start] Processing CAI-DMM for 08MAR
[LF] Sending SN command: SN08MARCAIDMM/ASM
[LF] No direct flights on 08MAR for CAI-DMM
2026-01-30 05:57:36 | WARNING  | [lf.day.no_flights] No direct flights on 08MAR
2026-01-30 05:57:36 | INFO     | [SUCCESS] Day 08MAR
2026-01-30 05:57:36 | INFO     | [DAY_START] Processing 07MAR
[LF] Processing CAI-DMM for 07MAR
2026-01-30 05:57:36 | INFO     | [lf.day.start] Processing CAI-DMM for 07MAR
[LF] Sending SN command: SN07MARCAIDMM/ASM
[LF] 07MAR: found 1 direct flights
2026-01-30 05:57:38 | INFO     | [lf.day.flights_found] Found 1 flights on 07MAR
2026-01-30 05:57:40 | INFO     | [lf.flight.extracted] SM433 on 07MAR: BKG=12, LF=6.7%
[LF] SM433 07MAR: BKG=12, GRP=0, CAP=179, LF%=6.7%, Brd-Off=CAI-DMM, Classes: I:12
[LF] Getting WEEKLY/LASTSOLD data for 1 flights
[LF] SM433 07MAR: LASTSOLD=2026-01-29 00:00:00, WEEKLY=2, TODAY=0, YDAY=1
2026-01-30 05:57:42 | INFO     | [SUCCESS] Day 07MAR
2026-01-30 05:57:42 | INFO     | [DAY_START] Processing 06MAR
[LF] Processing CAI-DMM for 06MAR
2026-01-30 05:57:42 | INFO     | [lf.day.start] Processing CAI-DMM for 06MAR
[LF] Sending SN command: SN06MARCAIDMM/ASM
[LF] 06MAR: found 1 direct flights
2026-01-30 05:57:43 | INFO     | [lf.day.flights_found] Found 1 flights on 06MAR
2026-01-30 05:57:45 | INFO     | [lf.flight.extracted] SM433 on 06MAR: BKG=5, LF=2.8%
[LF] SM433 06MAR: BKG=5, GRP=0, CAP=179, LF%=2.8%, Brd-Off=CAI-DMM, Classes: I:5
[LF] Getting WEEKLY/LASTSOLD data for 1 flights
[LF] SM433 06MAR: LASTSOLD=2026-01-26 00:00:00, WEEKLY=1, TODAY=0, YDAY=0
2026-01-30 05:57:48 | INFO     | [SUCCESS] Day 06MAR
2026-01-30 05:57:48 | INFO     | [DAY_START] Processing 05MAR
[LF] Processing CAI-DMM for 05MAR
2026-01-30 05:57:48 | INFO     | [lf.day.start] Processing CAI-DMM for 05MAR
[LF] Sending SN command: SN05MARCAIDMM/ASM
[LF] 05MAR: found 1 direct flights
2026-01-30 05:57:49 | INFO     | [lf.day.flights_found] Found 1 flights on 05MAR
2026-01-30 05:57:51 | INFO     | [lf.flight.extracted] SM433 on 05MAR: BKG=12, LF=6.7%
[LF] SM433 05MAR: BKG=12, GRP=0, CAP=179, LF%=6.7%, Brd-Off=CAI-DMM, Classes: I:12
[LF] Getting WEEKLY/LASTSOLD data for 1 flights
[LF] SM433 05MAR: LASTSOLD=2026-01-29 00:00:00, WEEKLY=1, TODAY=0, YDAY=1
2026-01-30 05:57:54 | INFO     | [SUCCESS] Day 05MAR
2026-01-30 05:57:54 | INFO     | [DAY_START] Processing 04MAR
[LF] Processing CAI-DMM for 04MAR
2026-01-30 05:57:54 | INFO     | [lf.day.start] Processing CAI-DMM for 04MAR
[LF] Sending SN command: SN04MARCAIDMM/ASM
[LF] No direct flights on 04MAR for CAI-DMM
2026-01-30 05:57:55 | WARNING  | [lf.day.no_flights] No direct flights on 04MAR
2026-01-30 05:57:55 | INFO     | [SUCCESS] Day 04MAR
2026-01-30 05:57:55 | INFO     | [DAY_START] Processing 03MAR
[LF] Processing CAI-DMM for 03MAR
2026-01-30 05:57:55 | INFO     | [lf.day.start] Processing CAI-DMM for 03MAR
[LF] Sending SN command: SN03MARCAIDMM/ASM
[LF] 03MAR: found 1 direct flights
2026-01-30 05:57:56 | INFO     | [lf.day.flights_found] Found 1 flights on 03MAR
2026-01-30 05:57:58 | INFO     | [lf.flight.extracted] SM433 on 03MAR: BKG=10, LF=9.2%
[LF] SM433 03MAR: BKG=10, GRP=0, CAP=109, LF%=9.2%, Brd-Off=CAI-DMM, Classes: I:8, O:1, S:1
[LF] Getting WEEKLY/LASTSOLD data for 1 flights
[LF] SM433 03MAR: LASTSOLD=2026-01-24 00:00:00, WEEKLY=1, TODAY=0, YDAY=0
2026-01-30 05:58:01 | INFO     | [SUCCESS] Day 03MAR
2026-01-30 05:58:01 | INFO     | [DAY_START] Processing 02MAR
[LF] Processing CAI-DMM for 02MAR
2026-01-30 05:58:01 | INFO     | [lf.day.start] Processing CAI-DMM for 02MAR
[LF] Sending SN command: SN02MARCAIDMM/ASM
[LF] No direct flights on 02MAR for CAI-DMM
2026-01-30 05:58:02 | WARNING  | [lf.day.no_flights] No direct flights on 02MAR
2026-01-30 05:58:02 | INFO     | [SUCCESS] Day 02MAR
2026-01-30 05:58:02 | INFO     | [DAY_START] Processing 01MAR
[LF] Processing CAI-DMM for 01MAR
2026-01-30 05:58:02 | INFO     | [lf.day.start] Processing CAI-DMM for 01MAR
[LF] Sending SN command: SN01MARCAIDMM/ASM
[LF] No direct flights on 01MAR for CAI-DMM
2026-01-30 05:58:03 | WARNING  | [lf.day.no_flights] No direct flights on 01MAR
2026-01-30 05:58:03 | INFO     | [SUCCESS] Day 01MAR
[LF] Results summary:
  2026-03-10: 1 flights
  2026-03-09: 0 flights
  2026-03-08: 0 flights
  2026-03-07: 1 flights
  2026-03-06: 1 flights
  2026-03-05: 1 flights
  2026-03-04: 0 flights
  2026-03-03: 1 flights
  2026-03-02: 0 flights
  2026-03-01: 0 flights
2026-01-30 05:58:03 | INFO     | [SUCCESS] LF Search Complete

============================================================
[Worker_9233] ✓ COMPLETED: CAI-DMM
  Results: 10 dates
  Errors: 0 dates
  Total Processed: 55 groups
============================================================

2026-01-30 05:58:03 | INFO     | [Worker_9233] Completed: CAI-DMM - 10 results, 0 errors

============================================================
[Worker_9233] Processing: ATZ-AJF
  Tier 0: Range 2, Chunk 3/3
  Dates: 10 days
  Date Range: 2026-03-10 to 2026-03-01
============================================================

2026-01-30 05:58:03 | INFO     | [Worker_9233] Processing: ATZ-AJF
2026-01-30 05:58:03 | INFO     |   Tier 0: Range 2, Chunk 3/3 (10 days)
2026-01-30 05:58:03 | INFO     | ======================================================================
2026-01-30 05:58:03 | INFO     | Load Factor Scraper Started - Route: ATZ-AJF
2026-01-30 05:58:03 | INFO     | Log file: D:\CODERED\LAB\Artifacts\outputs\run_generated_300126_at_05.16\logs\LF_ATZ-AJF_20260130_055803.log
2026-01-30 05:58:03 | INFO     | Enhanced logging: Capturing both logging.info() and print()
2026-01-30 05:58:03 | INFO     | ======================================================================
[LF] Processing dates (override): ['10MAR', '09MAR', '08MAR', '07MAR', '06MAR', '05MAR', '04MAR', '03MAR', '02MAR', '01MAR']
[LF] Attaching to Chrome for Altea access
2026-01-30 05:58:03 | INFO     | Starting LF search for route: ATZ-AJF
2026-01-30 05:58:03 | INFO     | [START] LF Search
[LF][[OK] SUCCESS] Connected to Chrome on 127.0.0.1:9233 (after 1 attempts)
2026-01-30 05:58:04 | INFO     | [HEALTH CHECK] [OK] Chrome connection is healthy
[LF][[OK] SUCCESS] Found Amadeus Altea window: Altéa Reservation Desktop
[LF][[INFO] INFO] URL: https://tc212.resdesktop.altea.amadeus.com/app_ard/apf/init/login?SITE=ESMPESMP&LANGUAGE=GB&MARKETS=ARDW_PROD_WBP&ACTION=clpLogin
2026-01-30 05:58:04 | INFO     | [DAY_START] Processing 10MAR
[LF] Processing ATZ-AJF for 10MAR
2026-01-30 05:58:04 | INFO     | [lf.day.start] Processing ATZ-AJF for 10MAR
[LF] Sending SN command: SN10MARATZAJF/ASM
[LF] No direct flights on 10MAR for ATZ-AJF
2026-01-30 05:58:05 | WARNING  | [lf.day.no_flights] No direct flights on 10MAR
2026-01-30 05:58:05 | INFO     | [SUCCESS] Day 10MAR
2026-01-30 05:58:05 | INFO     | [DAY_START] Processing 09MAR
[LF] Processing ATZ-AJF for 09MAR
2026-01-30 05:58:05 | INFO     | [lf.day.start] Processing ATZ-AJF for 09MAR
[LF] Sending SN command: SN09MARATZAJF/ASM
[LF] No direct flights on 09MAR for ATZ-AJF
2026-01-30 05:58:07 | WARNING  | [lf.day.no_flights] No direct flights on 09MAR
2026-01-30 05:58:07 | INFO     | [SUCCESS] Day 09MAR
2026-01-30 05:58:07 | INFO     | [DAY_START] Processing 08MAR
[LF] Processing ATZ-AJF for 08MAR
2026-01-30 05:58:07 | INFO     | [lf.day.start] Processing ATZ-AJF for 08MAR
[LF] Sending SN command: SN08MARATZAJF/ASM
[LF] No direct flights on 08MAR for ATZ-AJF
2026-01-30 05:58:08 | WARNING  | [lf.day.no_flights] No direct flights on 08MAR
2026-01-30 05:58:08 | INFO     | [SUCCESS] Day 08MAR
2026-01-30 05:58:08 | INFO     | [DAY_START] Processing 07MAR
[LF] Processing ATZ-AJF for 07MAR
2026-01-30 05:58:08 | INFO     | [lf.day.start] Processing ATZ-AJF for 07MAR
[LF] Sending SN command: SN07MARATZAJF/ASM
[LF] No direct flights on 07MAR for ATZ-AJF
2026-01-30 05:58:09 | WARNING  | [lf.day.no_flights] No direct flights on 07MAR
2026-01-30 05:58:09 | INFO     | [SUCCESS] Day 07MAR
2026-01-30 05:58:09 | INFO     | [DAY_START] Processing 06MAR
[LF] Processing ATZ-AJF for 06MAR
2026-01-30 05:58:09 | INFO     | [lf.day.start] Processing ATZ-AJF for 06MAR
[LF] Sending SN command: SN06MARATZAJF/ASM
[LF] 06MAR: found 1 direct flights
2026-01-30 05:58:10 | INFO     | [lf.day.flights_found] Found 1 flights on 06MAR
2026-01-30 05:58:13 | INFO     | [lf.flight.extracted] SM323 on 06MAR: BKG=3, LF=1.7%
[LF] SM323 06MAR: BKG=3, GRP=0, CAP=179, LF%=1.7%, Brd-Off=ATZ-AJF, Classes: I:3
[LF] Getting WEEKLY/LASTSOLD data for 1 flights
[LF] SM323 06MAR: LASTSOLD=2026-01-26 00:00:00, WEEKLY=3, TODAY=0, YDAY=0
2026-01-30 05:58:15 | INFO     | [SUCCESS] Day 06MAR
2026-01-30 05:58:15 | INFO     | [DAY_START] Processing 05MAR
[LF] Processing ATZ-AJF for 05MAR
2026-01-30 05:58:15 | INFO     | [lf.day.start] Processing ATZ-AJF for 05MAR
[LF] Sending SN command: SN05MARATZAJF/ASM
[LF] No direct flights on 05MAR for ATZ-AJF
2026-01-30 05:58:16 | WARNING  | [lf.day.no_flights] No direct flights on 05MAR
2026-01-30 05:58:16 | INFO     | [SUCCESS] Day 05MAR
2026-01-30 05:58:16 | INFO     | [DAY_START] Processing 04MAR
[LF] Processing ATZ-AJF for 04MAR
2026-01-30 05:58:16 | INFO     | [lf.day.start] Processing ATZ-AJF for 04MAR
[LF] Sending SN command: SN04MARATZAJF/ASM
[LF] No direct flights on 04MAR for ATZ-AJF
2026-01-30 05:58:17 | WARNING  | [lf.day.no_flights] No direct flights on 04MAR
2026-01-30 05:58:17 | INFO     | [SUCCESS] Day 04MAR
2026-01-30 05:58:17 | INFO     | [DAY_START] Processing 03MAR
[LF] Processing ATZ-AJF for 03MAR
2026-01-30 05:58:17 | INFO     | [lf.day.start] Processing ATZ-AJF for 03MAR
[LF] Sending SN command: SN03MARATZAJF/ASM
[LF] No direct flights on 03MAR for ATZ-AJF
2026-01-30 05:58:18 | WARNING  | [lf.day.no_flights] No direct flights on 03MAR
2026-01-30 05:58:18 | INFO     | [SUCCESS] Day 03MAR
2026-01-30 05:58:18 | INFO     | [DAY_START] Processing 02MAR
[LF] Processing ATZ-AJF for 02MAR
2026-01-30 05:58:18 | INFO     | [lf.day.start] Processing ATZ-AJF for 02MAR
[LF] Sending SN command: SN02MARATZAJF/ASM
[LF] No direct flights on 02MAR for ATZ-AJF
2026-01-30 05:58:19 | WARNING  | [lf.day.no_flights] No direct flights on 02MAR
2026-01-30 05:58:19 | INFO     | [SUCCESS] Day 02MAR
2026-01-30 05:58:19 | INFO     | [DAY_START] Processing 01MAR
[LF] Processing ATZ-AJF for 01MAR
2026-01-30 05:58:19 | INFO     | [lf.day.start] Processing ATZ-AJF for 01MAR
[LF] Sending SN command: SN01MARATZAJF/ASM
[LF] No direct flights on 01MAR for ATZ-AJF
2026-01-30 05:58:21 | WARNING  | [lf.day.no_flights] No direct flights on 01MAR
2026-01-30 05:58:21 | INFO     | [SUCCESS] Day 01MAR
[LF] Results summary:
  2026-03-10: 0 flights
  2026-03-09: 0 flights
  2026-03-08: 0 flights
  2026-03-07: 0 flights
  2026-03-06: 1 flights
  2026-03-05: 0 flights
  2026-03-04: 0 flights
  2026-03-03: 0 flights
  2026-03-02: 0 flights
  2026-03-01: 0 flights
2026-01-30 05:58:21 | INFO     | [SUCCESS] LF Search Complete

============================================================
[Worker_9233] ✓ COMPLETED: ATZ-AJF
  Results: 10 dates
  Errors: 0 dates
  Total Processed: 56 groups
============================================================

2026-01-30 05:58:21 | INFO     | [Worker_9233] Completed: ATZ-AJF - 10 results, 0 errors

============================================================
[Worker_9233] Processing: ATZ-AHB
  Tier 0: Range 2, Chunk 3/3
  Dates: 10 days
  Date Range: 2026-03-10 to 2026-03-01
============================================================

2026-01-30 05:58:21 | INFO     | [Worker_9233] Processing: ATZ-AHB
2026-01-30 05:58:21 | INFO     |   Tier 0: Range 2, Chunk 3/3 (10 days)
2026-01-30 05:58:21 | INFO     | ======================================================================
2026-01-30 05:58:21 | INFO     | Load Factor Scraper Started - Route: ATZ-AHB
2026-01-30 05:58:21 | INFO     | Log file: D:\CODERED\LAB\Artifacts\outputs\run_generated_300126_at_05.16\logs\LF_ATZ-AHB_20260130_055821.log
2026-01-30 05:58:21 | INFO     | Enhanced logging: Capturing both logging.info() and print()
2026-01-30 05:58:21 | INFO     | ======================================================================
[LF] Processing dates (override): ['10MAR', '09MAR', '08MAR', '07MAR', '06MAR', '05MAR', '04MAR', '03MAR', '02MAR', '01MAR']
[LF] Attaching to Chrome for Altea access
2026-01-30 05:58:21 | INFO     | Starting LF search for route: ATZ-AHB
2026-01-30 05:58:21 | INFO     | [START] LF Search
[LF][[OK] SUCCESS] Connected to Chrome on 127.0.0.1:9233 (after 1 attempts)
2026-01-30 05:58:21 | INFO     | [HEALTH CHECK] [OK] Chrome connection is healthy
[LF][[OK] SUCCESS] Found Amadeus Altea window: Altéa Reservation Desktop
[LF][[INFO] INFO] URL: https://tc212.resdesktop.altea.amadeus.com/app_ard/apf/init/login?SITE=ESMPESMP&LANGUAGE=GB&MARKETS=ARDW_PROD_WBP&ACTION=clpLogin
2026-01-30 05:58:21 | INFO     | [DAY_START] Processing 10MAR
[LF] Processing ATZ-AHB for 10MAR
2026-01-30 05:58:21 | INFO     | [lf.day.start] Processing ATZ-AHB for 10MAR
[LF] Sending SN command: SN10MARATZAHB/ASM
[LF] No direct flights on 10MAR for ATZ-AHB
2026-01-30 05:58:22 | WARNING  | [lf.day.no_flights] No direct flights on 10MAR
2026-01-30 05:58:22 | INFO     | [SUCCESS] Day 10MAR
2026-01-30 05:58:22 | INFO     | [DAY_START] Processing 09MAR
[LF] Processing ATZ-AHB for 09MAR
2026-01-30 05:58:22 | INFO     | [lf.day.start] Processing ATZ-AHB for 09MAR
[LF] Sending SN command: SN09MARATZAHB/ASM
[LF] No direct flights on 09MAR for ATZ-AHB
2026-01-30 05:58:24 | WARNING  | [lf.day.no_flights] No direct flights on 09MAR
2026-01-30 05:58:24 | INFO     | [SUCCESS] Day 09MAR
2026-01-30 05:58:24 | INFO     | [DAY_START] Processing 08MAR
[LF] Processing ATZ-AHB for 08MAR
2026-01-30 05:58:24 | INFO     | [lf.day.start] Processing ATZ-AHB for 08MAR
[LF] Sending SN command: SN08MARATZAHB/ASM
[LF] No direct flights on 08MAR for ATZ-AHB
2026-01-30 05:58:25 | WARNING  | [lf.day.no_flights] No direct flights on 08MAR
2026-01-30 05:58:25 | INFO     | [SUCCESS] Day 08MAR
2026-01-30 05:58:25 | INFO     | [DAY_START] Processing 07MAR
[LF] Processing ATZ-AHB for 07MAR
2026-01-30 05:58:25 | INFO     | [lf.day.start] Processing ATZ-AHB for 07MAR
[LF] Sending SN command: SN07MARATZAHB/ASM
[LF] No direct flights on 07MAR for ATZ-AHB
2026-01-30 05:58:26 | WARNING  | [lf.day.no_flights] No direct flights on 07MAR
2026-01-30 05:58:26 | INFO     | [SUCCESS] Day 07MAR
2026-01-30 05:58:26 | INFO     | [DAY_START] Processing 06MAR
[LF] Processing ATZ-AHB for 06MAR
2026-01-30 05:58:26 | INFO     | [lf.day.start] Processing ATZ-AHB for 06MAR
[LF] Sending SN command: SN06MARATZAHB/ASM
[LF] 06MAR: found 1 direct flights
2026-01-30 05:58:27 | INFO     | [lf.day.flights_found] Found 1 flights on 06MAR
2026-01-30 05:58:29 | INFO     | [lf.flight.extracted] SM445 on 06MAR: BKG=3, LF=1.7%
[LF] SM445 06MAR: BKG=3, GRP=0, CAP=179, LF%=1.7%, Brd-Off=ATZ-AHB, Classes: I:3
[LF] Getting WEEKLY/LASTSOLD data for 1 flights
[LF] SM445 06MAR: LASTSOLD=2026-01-20 00:00:00, WEEKLY=0, TODAY=0, YDAY=0
2026-01-30 05:58:32 | INFO     | [SUCCESS] Day 06MAR
2026-01-30 05:58:32 | INFO     | [DAY_START] Processing 05MAR
[LF] Processing ATZ-AHB for 05MAR
2026-01-30 05:58:32 | INFO     | [lf.day.start] Processing ATZ-AHB for 05MAR
[LF] Sending SN command: SN05MARATZAHB/ASM
[LF] No direct flights on 05MAR for ATZ-AHB
2026-01-30 05:58:33 | WARNING  | [lf.day.no_flights] No direct flights on 05MAR
2026-01-30 05:58:33 | INFO     | [SUCCESS] Day 05MAR
2026-01-30 05:58:33 | INFO     | [DAY_START] Processing 04MAR
[LF] Processing ATZ-AHB for 04MAR
2026-01-30 05:58:33 | INFO     | [lf.day.start] Processing ATZ-AHB for 04MAR
[LF] Sending SN command: SN04MARATZAHB/ASM
[LF] No direct flights on 04MAR for ATZ-AHB
2026-01-30 05:58:34 | WARNING  | [lf.day.no_flights] No direct flights on 04MAR
2026-01-30 05:58:34 | INFO     | [SUCCESS] Day 04MAR
2026-01-30 05:58:34 | INFO     | [DAY_START] Processing 03MAR
[LF] Processing ATZ-AHB for 03MAR
2026-01-30 05:58:34 | INFO     | [lf.day.start] Processing ATZ-AHB for 03MAR
[LF] Sending SN command: SN03MARATZAHB/ASM
[LF] No direct flights on 03MAR for ATZ-AHB
2026-01-30 05:58:35 | WARNING  | [lf.day.no_flights] No direct flights on 03MAR
2026-01-30 05:58:35 | INFO     | [SUCCESS] Day 03MAR
2026-01-30 05:58:35 | INFO     | [DAY_START] Processing 02MAR
[LF] Processing ATZ-AHB for 02MAR
2026-01-30 05:58:35 | INFO     | [lf.day.start] Processing ATZ-AHB for 02MAR
[LF] Sending SN command: SN02MARATZAHB/ASM
[LF] No direct flights on 02MAR for ATZ-AHB
2026-01-30 05:58:36 | WARNING  | [lf.day.no_flights] No direct flights on 02MAR
2026-01-30 05:58:36 | INFO     | [SUCCESS] Day 02MAR
2026-01-30 05:58:36 | INFO     | [DAY_START] Processing 01MAR
[LF] Processing ATZ-AHB for 01MAR
2026-01-30 05:58:36 | INFO     | [lf.day.start] Processing ATZ-AHB for 01MAR
[LF] Sending SN command: SN01MARATZAHB/ASM
[LF] No direct flights on 01MAR for ATZ-AHB
2026-01-30 05:58:38 | WARNING  | [lf.day.no_flights] No direct flights on 01MAR
2026-01-30 05:58:38 | INFO     | [SUCCESS] Day 01MAR
[LF] Results summary:
  2026-03-10: 0 flights
  2026-03-09: 0 flights
  2026-03-08: 0 flights
  2026-03-07: 0 flights
  2026-03-06: 1 flights
  2026-03-05: 0 flights
  2026-03-04: 0 flights
  2026-03-03: 0 flights
  2026-03-02: 0 flights
  2026-03-01: 0 flights
2026-01-30 05:58:38 | INFO     | [SUCCESS] LF Search Complete

============================================================
[Worker_9233] ✓ COMPLETED: ATZ-AHB
  Results: 10 dates
  Errors: 0 dates
  Total Processed: 57 groups
============================================================

2026-01-30 05:58:50 | INFO     | [Worker_9233] Completed: ATZ-AHB - 10 results, 0 errors

============================================================
[Worker_9233] Processing: MED-HBE
  Tier 0: Range 1, Chunk 1/3
  Dates: 10 days
  Date Range: 2026-02-28 to 2026-02-19
============================================================

2026-01-30 05:58:50 | INFO     | [Worker_9233] Processing: MED-HBE
2026-01-30 05:58:50 | INFO     |   Tier 0: Range 1, Chunk 1/3 (10 days)
2026-01-30 05:58:50 | INFO     | ======================================================================
2026-01-30 05:58:50 | INFO     | Load Factor Scraper Started - Route: MED-HBE
2026-01-30 05:58:50 | INFO     | Log file: D:\CODERED\LAB\Artifacts\outputs\run_generated_300126_at_05.16\logs\LF_MED-HBE_20260130_055850.log
2026-01-30 05:58:50 | INFO     | Enhanced logging: Capturing both logging.info() and print()
2026-01-30 05:58:50 | INFO     | ======================================================================
[LF] Processing dates (override): ['28FEB', '27FEB', '26FEB', '25FEB', '24FEB', '23FEB', '22FEB', '21FEB', '20FEB', '19FEB']
[LF] Attaching to Chrome for Altea access
2026-01-30 05:58:50 | INFO     | Starting LF search for route: MED-HBE
2026-01-30 05:58:50 | INFO     | [START] LF Search
[LF][[OK] SUCCESS] Connected to Chrome on 127.0.0.1:9233 (after 1 attempts)
2026-01-30 05:58:50 | INFO     | [HEALTH CHECK] [OK] Chrome connection is healthy
[LF][[OK] SUCCESS] Found Amadeus Altea window: Altéa Reservation Desktop
[LF][[INFO] INFO] URL: https://tc212.resdesktop.altea.amadeus.com/app_ard/apf/init/login?SITE=ESMPESMP&LANGUAGE=GB&MARKETS=ARDW_PROD_WBP&ACTION=clpLogin
2026-01-30 05:58:50 | INFO     | [DAY_START] Processing 28FEB
[LF] Processing MED-HBE for 28FEB
2026-01-30 05:58:50 | INFO     | [lf.day.start] Processing MED-HBE for 28FEB
[LF] Sending SN command: SN28FEBMEDHBE/ASM
[LF] No direct flights on 28FEB for MED-HBE
2026-01-30 05:58:52 | WARNING  | [lf.day.no_flights] No direct flights on 28FEB
2026-01-30 05:58:52 | INFO     | [SUCCESS] Day 28FEB
2026-01-30 05:58:52 | INFO     | [DAY_START] Processing 27FEB
[LF] Processing MED-HBE for 27FEB
2026-01-30 05:58:52 | INFO     | [lf.day.start] Processing MED-HBE for 27FEB
[LF] Sending SN command: SN27FEBMEDHBE/ASM
[LF] No direct flights on 27FEB for MED-HBE
2026-01-30 05:58:53 | WARNING  | [lf.day.no_flights] No direct flights on 27FEB
2026-01-30 05:58:53 | INFO     | [SUCCESS] Day 27FEB
2026-01-30 05:58:53 | INFO     | [DAY_START] Processing 26FEB
[LF] Processing MED-HBE for 26FEB
2026-01-30 05:58:53 | INFO     | [lf.day.start] Processing MED-HBE for 26FEB
[LF] Sending SN command: SN26FEBMEDHBE/ASM
[LF] 26FEB: found 1 direct flights
2026-01-30 05:58:54 | INFO     | [lf.day.flights_found] Found 1 flights on 26FEB
2026-01-30 05:58:56 | INFO     | [lf.flight.extracted] SM486 on 26FEB: BKG=172, LF=98.3%
[LF] SM486 26FEB: BKG=172, GRP=120, CAP=175, LF%=98.3%, Brd-Off=MED-HBE, Classes: P:120, I:9, O:8, U:9, X:5, T:11, W:9, K:1
[LF] Getting WEEKLY/LASTSOLD data for 1 flights
[LF] SM486 26FEB: LASTSOLD=2026-01-26 00:00:00, WEEKLY=6, TODAY=0, YDAY=0
2026-01-30 05:59:00 | INFO     | [SUCCESS] Day 26FEB
2026-01-30 05:59:00 | INFO     | [DAY_START] Processing 25FEB
[LF] Processing MED-HBE for 25FEB
2026-01-30 05:59:00 | INFO     | [lf.day.start] Processing MED-HBE for 25FEB
[LF] Sending SN command: SN25FEBMEDHBE/ASM
[LF] 25FEB: found 1 direct flights
2026-01-30 05:59:01 | INFO     | [lf.day.flights_found] Found 1 flights on 25FEB
2026-01-30 05:59:03 | INFO     | [lf.flight.extracted] SM486 on 25FEB: BKG=173, LF=98.9%
[LF] SM486 25FEB: BKG=173, GRP=170, CAP=175, LF%=98.9%, Brd-Off=MED-HBE, Classes: P:170, X:2, S:1
[LF] Getting WEEKLY/LASTSOLD data for 1 flights
[LF] SM486 25FEB: LASTSOLD=2025-12-15 00:00:00, WEEKLY=0, TODAY=0, YDAY=0
2026-01-30 05:59:07 | INFO     | [SUCCESS] Day 25FEB
2026-01-30 05:59:07 | INFO     | [DAY_START] Processing 24FEB
[LF] Processing MED-HBE for 24FEB
2026-01-30 05:59:07 | INFO     | [lf.day.start] Processing MED-HBE for 24FEB
[LF] Sending SN command: SN24FEBMEDHBE/ASM
[LF] 24FEB: found 1 direct flights
2026-01-30 05:59:08 | INFO     | [lf.day.flights_found] Found 1 flights on 24FEB
2026-01-30 05:59:10 | INFO     | [lf.flight.extracted] SM486 on 24FEB: BKG=147, LF=84.0%
[LF] SM486 24FEB: BKG=147, GRP=125, CAP=175, LF%=84.0%, Brd-Off=MED-HBE, Classes: P:125, I:20, O:1, T:1
[LF] Getting WEEKLY/LASTSOLD data for 1 flights
[LF] SM486 24FEB: LASTSOLD=2026-01-27 00:00:00, WEEKLY=6, TODAY=0, YDAY=0
2026-01-30 05:59:13 | INFO     | [SUCCESS] Day 24FEB
2026-01-30 05:59:13 | INFO     | [DAY_START] Processing 23FEB
[LF] Processing MED-HBE for 23FEB
2026-01-30 05:59:13 | INFO     | [lf.day.start] Processing MED-HBE for 23FEB
[LF] Sending SN command: SN23FEBMEDHBE/ASM
[LF] 23FEB: found 1 direct flights
2026-01-30 05:59:14 | INFO     | [lf.day.flights_found] Found 1 flights on 23FEB
2026-01-30 05:59:16 | INFO     | [lf.flight.extracted] SM952 on 23FEB: BKG=133, LF=76.0%
[LF] SM952 23FEB: BKG=133, GRP=130, CAP=175, LF%=76.0%, Brd-Off=MED-HBE, Classes: P:130, I:3
[LF] Getting WEEKLY/LASTSOLD data for 1 flights
[LF] SM952 23FEB: LASTSOLD=2026-01-25 00:00:00, WEEKLY=3, TODAY=0, YDAY=0
2026-01-30 05:59:19 | INFO     | [SUCCESS] Day 23FEB
2026-01-30 05:59:19 | INFO     | [DAY_START] Processing 22FEB
[LF] Processing MED-HBE for 22FEB
2026-01-30 05:59:19 | INFO     | [lf.day.start] Processing MED-HBE for 22FEB
[LF] Sending SN command: SN22FEBMEDHBE/ASM
[LF] 22FEB: found 2 direct flights
2026-01-30 05:59:20 | INFO     | [lf.day.flights_found] Found 2 flights on 22FEB
2026-01-30 05:59:22 | INFO     | [lf.flight.extracted] SM984 on 22FEB: BKG=4, LF=2.3%
[LF] SM984 22FEB: BKG=4, GRP=0, CAP=175, LF%=2.3%, Brd-Off=MED-HBE, Classes: I:4
2026-01-30 05:59:25 | INFO     | [lf.flight.extracted] SM486 on 22FEB: BKG=56, LF=32.0%
[LF] SM486 22FEB: BKG=56, GRP=40, CAP=175, LF%=32.0%, Brd-Off=MED-HBE, Classes: P:40, I:1, X:9, S:2, L:2, K:2
[LF] Getting WEEKLY/LASTSOLD data for 2 flights
[LF] SM984 22FEB: LASTSOLD=2026-01-26 00:00:00, WEEKLY=4, TODAY=0, YDAY=0
[LF] SM486 22FEB: LASTSOLD=2026-01-28 00:00:00, WEEKLY=1, TODAY=0, YDAY=0
2026-01-30 05:59:29 | INFO     | [SUCCESS] Day 22FEB
2026-01-30 05:59:29 | INFO     | [DAY_START] Processing 21FEB
[LF] Processing MED-HBE for 21FEB
2026-01-30 05:59:29 | INFO     | [lf.day.start] Processing MED-HBE for 21FEB
[LF] Sending SN command: SN21FEBMEDHBE/ASM
[LF] No direct flights on 21FEB for MED-HBE
2026-01-30 05:59:30 | WARNING  | [lf.day.no_flights] No direct flights on 21FEB
2026-01-30 05:59:30 | INFO     | [SUCCESS] Day 21FEB
2026-01-30 05:59:30 | INFO     | [DAY_START] Processing 20FEB
[LF] Processing MED-HBE for 20FEB
2026-01-30 05:59:30 | INFO     | [lf.day.start] Processing MED-HBE for 20FEB
[LF] Sending SN command: SN20FEBMEDHBE/ASM
[LF] No direct flights on 20FEB for MED-HBE
2026-01-30 05:59:32 | WARNING  | [lf.day.no_flights] No direct flights on 20FEB
2026-01-30 05:59:32 | INFO     | [SUCCESS] Day 20FEB
2026-01-30 05:59:32 | INFO     | [DAY_START] Processing 19FEB
[LF] Processing MED-HBE for 19FEB
2026-01-30 05:59:32 | INFO     | [lf.day.start] Processing MED-HBE for 19FEB
[LF] Sending SN command: SN19FEBMEDHBE/ASM
[LF] 19FEB: found 1 direct flights
2026-01-30 05:59:33 | INFO     | [lf.day.flights_found] Found 1 flights on 19FEB
2026-01-30 05:59:35 | INFO     | [lf.flight.extracted] SM486 on 19FEB: BKG=2, LF=1.1%
[LF] SM486 19FEB: BKG=2, GRP=0, CAP=175, LF%=1.1%, Brd-Off=MED-HBE, Classes: X:2
[LF] Getting WEEKLY/LASTSOLD data for 1 flights
[LF] SM486 19FEB: LASTSOLD=2025-11-29 00:00:00, WEEKLY=0, TODAY=0, YDAY=0
2026-01-30 05:59:37 | INFO     | [SUCCESS] Day 19FEB
[LF] Results summary:
  2026-02-28: 0 flights
  2026-02-27: 0 flights
  2026-02-26: 1 flights
  2026-02-25: 1 flights
  2026-02-24: 1 flights
  2026-02-23: 1 flights
  2026-02-22: 2 flights
  2026-02-21: 0 flights
  2026-02-20: 0 flights
  2026-02-19: 1 flights
2026-01-30 05:59:37 | INFO     | [SUCCESS] LF Search Complete

============================================================
[Worker_9233] ✓ COMPLETED: MED-HBE
  Results: 10 dates
  Errors: 0 dates
  Total Processed: 58 groups
============================================================

2026-01-30 05:59:37 | INFO     | [Worker_9233] Completed: MED-HBE - 10 results, 0 errors

============================================================
[Worker_9233] Processing: RUH-CAI
  Tier 0: Range 1, Chunk 1/3
  Dates: 10 days
  Date Range: 2026-02-28 to 2026-02-19
============================================================

2026-01-30 05:59:37 | INFO     | [Worker_9233] Processing: RUH-CAI
2026-01-30 05:59:37 | INFO     |   Tier 0: Range 1, Chunk 1/3 (10 days)
2026-01-30 05:59:37 | INFO     | ======================================================================
2026-01-30 05:59:37 | INFO     | Load Factor Scraper Started - Route: RUH-CAI
2026-01-30 05:59:37 | INFO     | Log file: D:\CODERED\LAB\Artifacts\outputs\run_generated_300126_at_05.16\logs\LF_RUH-CAI_20260130_055937.log
2026-01-30 05:59:37 | INFO     | Enhanced logging: Capturing both logging.info() and print()
2026-01-30 05:59:37 | INFO     | ======================================================================
[LF] Processing dates (override): ['28FEB', '27FEB', '26FEB', '25FEB', '24FEB', '23FEB', '22FEB', '21FEB', '20FEB', '19FEB']
[LF] Attaching to Chrome for Altea access
2026-01-30 05:59:37 | INFO     | Starting LF search for route: RUH-CAI
2026-01-30 05:59:37 | INFO     | [START] LF Search
[LF][[OK] SUCCESS] Connected to Chrome on 127.0.0.1:9233 (after 1 attempts)
2026-01-30 05:59:38 | INFO     | [HEALTH CHECK] [OK] Chrome connection is healthy
[LF][[OK] SUCCESS] Found Amadeus Altea window: Altéa Reservation Desktop
[LF][[INFO] INFO] URL: https://tc212.resdesktop.altea.amadeus.com/app_ard/apf/init/login?SITE=ESMPESMP&LANGUAGE=GB&MARKETS=ARDW_PROD_WBP&ACTION=clpLogin
2026-01-30 05:59:38 | INFO     | [DAY_START] Processing 28FEB
[LF] Processing RUH-CAI for 28FEB
2026-01-30 05:59:38 | INFO     | [lf.day.start] Processing RUH-CAI for 28FEB
[LF] Sending SN command: SN28FEBRUHCAI/ASM
[LF] 28FEB: found 1 direct flights
2026-01-30 05:59:39 | INFO     | [lf.day.flights_found] Found 1 flights on 28FEB
2026-01-30 05:59:41 | INFO     | [lf.flight.extracted] SM462 on 28FEB: BKG=30, LF=17.1%
[LF] SM462 28FEB: BKG=30, GRP=0, CAP=175, LF%=17.1%, Brd-Off=RUH-CAI, Classes: X:5, T:18, W:5, S:2
[LPC] SM462 28FEB: Found 2 outbound flights with connecting passengers
[LF] Getting WEEKLY/LASTSOLD data for 1 flights
[LF] SM462 28FEB: LASTSOLD=2026-01-29 00:00:00, WEEKLY=7, TODAY=0, YDAY=1
2026-01-30 05:59:46 | INFO     | [SUCCESS] Day 28FEB
2026-01-30 05:59:46 | INFO     | [DAY_START] Processing 27FEB
[LF] Processing RUH-CAI for 27FEB
2026-01-30 05:59:46 | INFO     | [lf.day.start] Processing RUH-CAI for 27FEB
[LF] Sending SN command: SN27FEBRUHCAI/ASM
[LF] 27FEB: found 2 direct flights
2026-01-30 05:59:47 | INFO     | [lf.day.flights_found] Found 2 flights on 27FEB
2026-01-30 05:59:49 | INFO     | [lf.flight.extracted] SM462 on 27FEB: BKG=35, LF=20.0%
[LF] SM462 27FEB: BKG=35, GRP=0, CAP=175, LF%=20.0%, Brd-Off=RUH-CAI, Classes: U:10, X:15, T:7, W:1, S:1, K:1
[LPC] SM462 27FEB: Found 1 outbound flights with connecting passengers
2026-01-30 05:59:54 | INFO     | [lf.flight.extracted] SM470 on 27FEB: BKG=36, LF=21.6%
[LF] SM470 27FEB: BKG=36, GRP=0, CAP=167, LF%=21.6%, Brd-Off=RUH-CAI, Classes: X:20, T:15, W:1
[LF] Getting WEEKLY/LASTSOLD data for 2 flights
[LF] SM462 27FEB: LASTSOLD=2026-01-29 00:00:00, WEEKLY=7, TODAY=0, YDAY=2
[LF] SM470 27FEB: LASTSOLD=2026-01-29 00:00:00, WEEKLY=6, TODAY=0, YDAY=4
2026-01-30 06:00:00 | INFO     | [SUCCESS] Day 27FEB
2026-01-30 06:00:00 | INFO     | [DAY_START] Processing 26FEB
[LF] Processing RUH-CAI for 26FEB
2026-01-30 06:00:00 | INFO     | [lf.day.start] Processing RUH-CAI for 26FEB
[LF] Sending SN command: SN26FEBRUHCAI/ASM
[LF] 26FEB: found 1 direct flights
2026-01-30 06:00:01 | INFO     | [lf.day.flights_found] Found 1 flights on 26FEB
2026-01-30 06:00:05 | INFO     | [lf.flight.extracted] SM462 on 26FEB: BKG=22, LF=12.6%
[LF] SM462 26FEB: BKG=22, GRP=0, CAP=175, LF%=12.6%, Brd-Off=RUH-CAI, Classes: X:18, W:3, K:1
[LF] Getting WEEKLY/LASTSOLD data for 1 flights
[LF] SM462 26FEB: LASTSOLD=2026-01-29 00:00:00, WEEKLY=9, TODAY=0, YDAY=3
2026-01-30 06:00:08 | INFO     | [SUCCESS] Day 26FEB
2026-01-30 06:00:08 | INFO     | [DAY_START] Processing 25FEB
[LF] Processing RUH-CAI for 25FEB
2026-01-30 06:00:08 | INFO     | [lf.day.start] Processing RUH-CAI for 25FEB
[LF] Sending SN command: SN25FEBRUHCAI/ASM
[LF] 25FEB: found 2 direct flights
2026-01-30 06:00:09 | INFO     | [lf.day.flights_found] Found 2 flights on 25FEB
2026-01-30 06:00:11 | INFO     | [lf.flight.extracted] SM462 on 25FEB: BKG=27, LF=15.4%
[LF] SM462 25FEB: BKG=27, GRP=0, CAP=175, LF%=15.4%, Brd-Off=RUH-CAI, Classes: O:1, U:20, X:3, K:3
2026-01-30 06:00:14 | INFO     | [lf.flight.extracted] SM470 on 25FEB: BKG=31, LF=18.6%
[LF] SM470 25FEB: BKG=31, GRP=0, CAP=167, LF%=18.6%, Brd-Off=RUH-CAI, Classes: O:6, U:20, X:5
[LF] Getting WEEKLY/LASTSOLD data for 2 flights
[LF] SM462 25FEB: LASTSOLD=2026-01-29 00:00:00, WEEKLY=6, TODAY=0, YDAY=1
[LF] SM470 25FEB: LASTSOLD=2026-01-20 00:00:00, WEEKLY=0, TODAY=0, YDAY=0
2026-01-30 06:00:20 | INFO     | [SUCCESS] Day 25FEB
2026-01-30 06:00:20 | INFO     | [DAY_START] Processing 24FEB
[LF] Processing RUH-CAI for 24FEB
2026-01-30 06:00:20 | INFO     | [lf.day.start] Processing RUH-CAI for 24FEB
[LF] Sending SN command: SN24FEBRUHCAI/ASM
[LF] 24FEB: found 1 direct flights
2026-01-30 06:00:22 | INFO     | [lf.day.flights_found] Found 1 flights on 24FEB
2026-01-30 06:00:24 | INFO     | [lf.flight.extracted] SM470 on 24FEB: BKG=19, LF=11.4%
[LF] SM470 24FEB: BKG=19, GRP=0, CAP=167, LF%=11.4%, Brd-Off=RUH-CAI, Classes: O:6, U:13
[LF] Getting WEEKLY/LASTSOLD data for 1 flights
[LF] SM470 24FEB: LASTSOLD=2026-01-27 00:00:00, WEEKLY=7, TODAY=0, YDAY=0
2026-01-30 06:00:26 | INFO     | [SUCCESS] Day 24FEB
2026-01-30 06:00:26 | INFO     | [DAY_START] Processing 23FEB
[LF] Processing RUH-CAI for 23FEB
2026-01-30 06:00:26 | INFO     | [lf.day.start] Processing RUH-CAI for 23FEB
[LF] Sending SN command: SN23FEBRUHCAI/ASM
[LF] 23FEB: found 1 direct flights
2026-01-30 06:00:27 | INFO     | [lf.day.flights_found] Found 1 flights on 23FEB
2026-01-30 06:00:29 | INFO     | [lf.flight.extracted] SM470 on 23FEB: BKG=16, LF=9.6%
[LF] SM470 23FEB: BKG=16, GRP=0, CAP=167, LF%=9.6%, Brd-Off=RUH-CAI, Classes: O:6, U:9, T:1
[LF] Getting WEEKLY/LASTSOLD data for 1 flights
[LF] SM470 23FEB: LASTSOLD=2026-01-28 00:00:00, WEEKLY=1, TODAY=0, YDAY=0
2026-01-30 06:00:32 | INFO     | [SUCCESS] Day 23FEB
2026-01-30 06:00:32 | INFO     | [DAY_START] Processing 22FEB
[LF] Processing RUH-CAI for 22FEB
2026-01-30 06:00:32 | INFO     | [lf.day.start] Processing RUH-CAI for 22FEB
[LF] Sending SN command: SN22FEBRUHCAI/ASM
[LF] 22FEB: found 1 direct flights
2026-01-30 06:00:33 | INFO     | [lf.day.flights_found] Found 1 flights on 22FEB
2026-01-30 06:00:35 | INFO     | [lf.flight.extracted] SM462 on 22FEB: BKG=20, LF=11.6%
[LF] SM462 22FEB: BKG=20, GRP=0, CAP=172, LF%=11.6%, Brd-Off=RUH-CAI, Classes: O:8, U:11, S:1
[LPC] SM462 22FEB: Found 1 outbound flights with connecting passengers
[LF] Getting WEEKLY/LASTSOLD data for 1 flights
[LF] SM462 22FEB: LASTSOLD=2026-01-15 00:00:00, WEEKLY=0, TODAY=0, YDAY=0
2026-01-30 06:00:39 | INFO     | [SUCCESS] Day 22FEB
2026-01-30 06:00:39 | INFO     | [DAY_START] Processing 21FEB
[LF] Processing RUH-CAI for 21FEB
2026-01-30 06:00:39 | INFO     | [lf.day.start] Processing RUH-CAI for 21FEB
[LF] Sending SN command: SN21FEBRUHCAI/ASM
[LF] 21FEB: found 1 direct flights
2026-01-30 06:00:40 | INFO     | [lf.day.flights_found] Found 1 flights on 21FEB
2026-01-30 06:00:42 | INFO     | [lf.flight.extracted] SM462 on 21FEB: BKG=23, LF=13.1%
[LF] SM462 21FEB: BKG=23, GRP=0, CAP=175, LF%=13.1%, Brd-Off=RUH-CAI, Classes: O:9, U:9, X:5
[LPC] SM462 21FEB: Found 1 outbound flights with connecting passengers
[LF] Getting WEEKLY/LASTSOLD data for 1 flights
[LF] SM462 21FEB: LASTSOLD=2026-01-03 00:00:00, WEEKLY=0, TODAY=0, YDAY=0
2026-01-30 06:00:45 | INFO     | [SUCCESS] Day 21FEB
2026-01-30 06:00:45 | INFO     | [DAY_START] Processing 20FEB
[LF] Processing RUH-CAI for 20FEB
2026-01-30 06:00:45 | INFO     | [lf.day.start] Processing RUH-CAI for 20FEB
[LF] Sending SN command: SN20FEBRUHCAI/ASM
[LF] 20FEB: found 2 direct flights
2026-01-30 06:00:46 | INFO     | [lf.day.flights_found] Found 2 flights on 20FEB
2026-01-30 06:00:48 | INFO     | [lf.flight.extracted] SM462 on 20FEB: BKG=9, LF=5.4%
[LF] SM462 20FEB: BKG=9, GRP=0, CAP=167, LF%=5.4%, Brd-Off=RUH-CAI, Classes: X:9
2026-01-30 06:00:51 | INFO     | [lf.flight.extracted] SM470 on 20FEB: BKG=10, LF=6.0%
[LF] SM470 20FEB: BKG=10, GRP=0, CAP=167, LF%=6.0%, Brd-Off=RUH-CAI, Classes: X:6, T:3, K:1
[LF] Getting WEEKLY/LASTSOLD data for 2 flights
[LF] SM462 20FEB: LASTSOLD=2026-01-22 00:00:00, WEEKLY=0, TODAY=0, YDAY=0
[LF] SM470 20FEB: LASTSOLD=2026-01-19 00:00:00, WEEKLY=0, TODAY=0, YDAY=0
2026-01-30 06:00:55 | INFO     | [SUCCESS] Day 20FEB
2026-01-30 06:00:55 | INFO     | [DAY_START] Processing 19FEB
[LF] Processing RUH-CAI for 19FEB
2026-01-30 06:00:55 | INFO     | [lf.day.start] Processing RUH-CAI for 19FEB
[LF] Sending SN command: SN19FEBRUHCAI/ASM
[LF] 19FEB: found 1 direct flights
2026-01-30 06:00:56 | INFO     | [lf.day.flights_found] Found 1 flights on 19FEB
2026-01-30 06:00:58 | INFO     | [lf.flight.extracted] SM462 on 19FEB: BKG=3, LF=1.7%
[LF] SM462 19FEB: BKG=3, GRP=0, CAP=175, LF%=1.7%, Brd-Off=RUH-CAI, Classes: I:1, X:1, W:1
[LF] Getting WEEKLY/LASTSOLD data for 1 flights
[LF] SM462 19FEB: LASTSOLD=2026-01-29 00:00:00, WEEKLY=1, TODAY=0, YDAY=1
2026-01-30 06:01:01 | INFO     | [SUCCESS] Day 19FEB
[LF] Results summary:
  2026-02-28: 1 flights
  2026-02-27: 2 flights
  2026-02-26: 1 flights
  2026-02-25: 2 flights
  2026-02-24: 1 flights
  2026-02-23: 1 flights
  2026-02-22: 1 flights
  2026-02-21: 1 flights
  2026-02-20: 2 flights
  2026-02-19: 1 flights
2026-01-30 06:01:01 | INFO     | [SUCCESS] LF Search Complete

============================================================
[Worker_9233] ✓ COMPLETED: RUH-CAI
  Results: 10 dates
  Errors: 0 dates
  Total Processed: 59 groups
============================================================

2026-01-30 06:01:01 | INFO     | [Worker_9233] Completed: RUH-CAI - 10 results, 0 errors

============================================================
[Worker_9233] Processing: CAI-MED
  Tier 0: Range 1, Chunk 1/3
  Dates: 10 days
  Date Range: 2026-02-28 to 2026-02-19
============================================================

2026-01-30 06:01:01 | INFO     | [Worker_9233] Processing: CAI-MED
2026-01-30 06:01:01 | INFO     |   Tier 0: Range 1, Chunk 1/3 (10 days)
2026-01-30 06:01:01 | INFO     | ======================================================================
2026-01-30 06:01:01 | INFO     | Load Factor Scraper Started - Route: CAI-MED
2026-01-30 06:01:01 | INFO     | Log file: D:\CODERED\LAB\Artifacts\outputs\run_generated_300126_at_05.16\logs\LF_CAI-MED_20260130_060101.log
2026-01-30 06:01:01 | INFO     | Enhanced logging: Capturing both logging.info() and print()
2026-01-30 06:01:01 | INFO     | ======================================================================
[LF] Processing dates (override): ['28FEB', '27FEB', '26FEB', '25FEB', '24FEB', '23FEB', '22FEB', '21FEB', '20FEB', '19FEB']
[LF] Attaching to Chrome for Altea access
2026-01-30 06:01:01 | INFO     | Starting LF search for route: CAI-MED
2026-01-30 06:01:01 | INFO     | [START] LF Search
[LF][[OK] SUCCESS] Connected to Chrome on 127.0.0.1:9233 (after 1 attempts)
2026-01-30 06:01:01 | INFO     | [HEALTH CHECK] [OK] Chrome connection is healthy
[LF][[OK] SUCCESS] Found Amadeus Altea window: Altéa Reservation Desktop
[LF][[INFO] INFO] URL: https://tc212.resdesktop.altea.amadeus.com/app_ard/apf/init/login?SITE=ESMPESMP&LANGUAGE=GB&MARKETS=ARDW_PROD_WBP&ACTION=clpLogin
2026-01-30 06:01:01 | INFO     | [DAY_START] Processing 28FEB
[LF] Processing CAI-MED for 28FEB
2026-01-30 06:01:01 | INFO     | [lf.day.start] Processing CAI-MED for 28FEB
[LF] Sending SN command: SN28FEBCAIMED/ASM
[LF] 28FEB: found 1 direct flights
2026-01-30 06:01:03 | INFO     | [lf.day.flights_found] Found 1 flights on 28FEB
2026-01-30 06:01:05 | INFO     | [lf.flight.extracted] SM493 on 28FEB: BKG=132, LF=73.7%
[LF] SM493 28FEB: BKG=132, GRP=85, CAP=179, LF%=73.7%, Brd-Off=CAI-MED, Classes: N:1, P:85, I:12, O:14, U:11, X:7, S:1, K:1
[LF] Getting WEEKLY/LASTSOLD data for 1 flights
[LF] SM493 28FEB: LASTSOLD=2026-01-29 00:00:00, WEEKLY=3, TODAY=0, YDAY=2
2026-01-30 06:01:08 | INFO     | [SUCCESS] Day 28FEB
2026-01-30 06:01:08 | INFO     | [DAY_START] Processing 27FEB
[LF] Processing CAI-MED for 27FEB
2026-01-30 06:01:08 | INFO     | [lf.day.start] Processing CAI-MED for 27FEB
[LF] Sending SN command: SN27FEBCAIMED/ASM
[LF] No direct flights on 27FEB for CAI-MED
2026-01-30 06:01:10 | WARNING  | [lf.day.no_flights] No direct flights on 27FEB
2026-01-30 06:01:10 | INFO     | [SUCCESS] Day 27FEB
2026-01-30 06:01:10 | INFO     | [DAY_START] Processing 26FEB
[LF] Processing CAI-MED for 26FEB
2026-01-30 06:01:10 | INFO     | [lf.day.start] Processing CAI-MED for 26FEB
[LF] Sending SN command: SN26FEBCAIMED/ASM
[LF] 26FEB: found 1 direct flights
2026-01-30 06:01:11 | INFO     | [lf.day.flights_found] Found 1 flights on 26FEB
2026-01-30 06:01:13 | INFO     | [lf.flight.extracted] SM493 on 26FEB: BKG=151, LF=84.4%
[LF] SM493 26FEB: BKG=151, GRP=95, CAP=179, LF%=84.4%, Brd-Off=CAI-MED, Classes: P:95, I:11, O:15, U:11, X:11, T:8
[LF] Getting WEEKLY/LASTSOLD data for 1 flights
[LF] SM493 26FEB: LASTSOLD=2026-01-30 00:00:00, WEEKLY=5, TODAY=2, YDAY=1
2026-01-30 06:01:17 | INFO     | [SUCCESS] Day 26FEB
2026-01-30 06:01:17 | INFO     | [DAY_START] Processing 25FEB
[LF] Processing CAI-MED for 25FEB
2026-01-30 06:01:17 | INFO     | [lf.day.start] Processing CAI-MED for 25FEB
[LF] Sending SN command: SN25FEBCAIMED/ASM
[LF] No direct flights on 25FEB for CAI-MED
2026-01-30 06:01:19 | WARNING  | [lf.day.no_flights] No direct flights on 25FEB
2026-01-30 06:01:19 | INFO     | [SUCCESS] Day 25FEB
2026-01-30 06:01:19 | INFO     | [DAY_START] Processing 24FEB
[LF] Processing CAI-MED for 24FEB
2026-01-30 06:01:19 | INFO     | [lf.day.start] Processing CAI-MED for 24FEB
[LF] Sending SN command: SN24FEBCAIMED/ASM
[LF] 24FEB: found 1 direct flights
2026-01-30 06:01:20 | INFO     | [lf.day.flights_found] Found 1 flights on 24FEB
2026-01-30 06:01:22 | INFO     | [lf.flight.extracted] SM493 on 24FEB: BKG=177, LF=98.9%
[LF] SM493 24FEB: BKG=177, GRP=120, CAP=179, LF%=98.9%, Brd-Off=CAI-MED, Classes: P:90, E:30, I:2, O:24, U:11, X:11, T:9
[LF] Getting WEEKLY/LASTSOLD data for 1 flights
[LF] SM493 24FEB: LASTSOLD=2026-01-29 00:00:00, WEEKLY=25, TODAY=0, YDAY=1
2026-01-30 06:01:26 | INFO     | [SUCCESS] Day 24FEB
2026-01-30 06:01:26 | INFO     | [DAY_START] Processing 23FEB
[LF] Processing CAI-MED for 23FEB
2026-01-30 06:01:26 | INFO     | [lf.day.start] Processing CAI-MED for 23FEB
[LF] Sending SN command: SN23FEBCAIMED/ASM
[LF] 23FEB: found 1 direct flights
2026-01-30 06:01:27 | INFO     | [lf.day.flights_found] Found 1 flights on 23FEB
2026-01-30 06:01:29 | INFO     | [lf.flight.extracted] SM495 on 23FEB: BKG=177, LF=98.9%
[LF] SM495 23FEB: BKG=177, GRP=135, CAP=179, LF%=98.9%, Brd-Off=CAI-MED, Classes: P:135, I:9, O:17, U:11, X:5
[LF] Getting WEEKLY/LASTSOLD data for 1 flights
[LF] SM495 23FEB: LASTSOLD=2026-01-24 00:00:00, WEEKLY=2, TODAY=0, YDAY=0
2026-01-30 06:01:33 | INFO     | [SUCCESS] Day 23FEB
2026-01-30 06:01:33 | INFO     | [DAY_START] Processing 22FEB
[LF] Processing CAI-MED for 22FEB
2026-01-30 06:01:33 | INFO     | [lf.day.start] Processing CAI-MED for 22FEB
[LF] Sending SN command: SN22FEBCAIMED/ASM
[LF] 22FEB: found 1 direct flights
2026-01-30 06:01:34 | INFO     | [lf.day.flights_found] Found 1 flights on 22FEB
2026-01-30 06:01:36 | INFO     | [lf.flight.extracted] SM493 on 22FEB: BKG=174, LF=97.2%
[LF] SM493 22FEB: BKG=174, GRP=135, CAP=179, LF%=97.2%, Brd-Off=CAI-MED, Classes: P:135, I:11, O:14, U:10, X:3, K:1
[LF] Getting WEEKLY/LASTSOLD data for 1 flights
[LF] SM493 22FEB: LASTSOLD=2026-01-15 00:00:00, WEEKLY=0, TODAY=0, YDAY=0
2026-01-30 06:01:40 | INFO     | [SUCCESS] Day 22FEB
2026-01-30 06:01:40 | INFO     | [DAY_START] Processing 21FEB
[LF] Processing CAI-MED for 21FEB
2026-01-30 06:01:40 | INFO     | [lf.day.start] Processing CAI-MED for 21FEB
[LF] Sending SN command: SN21FEBCAIMED/ASM
[LF] 21FEB: found 1 direct flights
2026-01-30 06:01:41 | INFO     | [lf.day.flights_found] Found 1 flights on 21FEB
2026-01-30 06:01:43 | INFO     | [lf.flight.extracted] SM493 on 21FEB: BKG=177, LF=98.9%
[LF] SM493 21FEB: BKG=177, GRP=135, CAP=179, LF%=98.9%, Brd-Off=CAI-MED, Classes: P:135, I:13, O:13, U:6, X:8, S:2
[LF] Getting WEEKLY/LASTSOLD data for 1 flights
[LF] SM493 21FEB: LASTSOLD=2025-12-26 00:00:00, WEEKLY=0, TODAY=0, YDAY=0
2026-01-30 06:01:47 | INFO     | [SUCCESS] Day 21FEB
2026-01-30 06:01:47 | INFO     | [DAY_START] Processing 20FEB
[LF] Processing CAI-MED for 20FEB
2026-01-30 06:01:47 | INFO     | [lf.day.start] Processing CAI-MED for 20FEB
[LF] Sending SN command: SN20FEBCAIMED/ASM
[LF] 20FEB: found 2 direct flights
2026-01-30 06:01:48 | INFO     | [lf.day.flights_found] Found 2 flights on 20FEB
2026-01-30 06:01:50 | INFO     | [lf.flight.extracted] SM971 on 20FEB: BKG=170, LF=96.6%
[LF] SM971 20FEB: BKG=170, GRP=170, CAP=176, LF%=96.6%, Brd-Off=CAI-MED, Classes: P:170
2026-01-30 06:01:53 | INFO     | [lf.flight.extracted] SM983 on 20FEB: BKG=170, LF=95.0%
[LF] SM983 20FEB: BKG=170, GRP=170, CAP=179, LF%=95.0%, Brd-Off=CAI-MED, Classes: P:170
[LF] Getting WEEKLY/LASTSOLD data for 2 flights
[LF] SM971 20FEB: LASTSOLD=2025-12-08 00:00:00, WEEKLY=0, TODAY=0, YDAY=0
[LF] SM983 20FEB: LASTSOLD=2025-12-20 00:00:00, WEEKLY=0, TODAY=0, YDAY=0
2026-01-30 06:01:57 | INFO     | [SUCCESS] Day 20FEB
2026-01-30 06:01:57 | INFO     | [DAY_START] Processing 19FEB
[LF] Processing CAI-MED for 19FEB
2026-01-30 06:01:57 | INFO     | [lf.day.start] Processing CAI-MED for 19FEB
[LF] Sending SN command: SN19FEBCAIMED/ASM
[LF] 19FEB: found 1 direct flights
2026-01-30 06:01:58 | INFO     | [lf.day.flights_found] Found 1 flights on 19FEB
2026-01-30 06:02:00 | INFO     | [lf.flight.extracted] SM493 on 19FEB: BKG=174, LF=97.2%
[LF] SM493 19FEB: BKG=174, GRP=90, CAP=179, LF%=97.2%, Brd-Off=CAI-MED, Classes: P:90, I:14, O:12, U:11, X:11, T:11, W:11, S:10, G:2, K:1, H:1
[LF] Getting WEEKLY/LASTSOLD data for 1 flights
[LF] SM493 19FEB: LASTSOLD=2026-01-26 00:00:00, WEEKLY=1, TODAY=0, YDAY=0
2026-01-30 06:02:04 | INFO     | [SUCCESS] Day 19FEB
[LF] Results summary:
  2026-02-28: 1 flights
  2026-02-27: 0 flights
  2026-02-26: 1 flights
  2026-02-25: 0 flights
  2026-02-24: 1 flights
  2026-02-23: 1 flights
  2026-02-22: 1 flights
  2026-02-21: 1 flights
  2026-02-20: 2 flights
  2026-02-19: 1 flights
2026-01-30 06:02:04 | INFO     | [SUCCESS] LF Search Complete

============================================================
[Worker_9233] ✓ COMPLETED: CAI-MED
  Results: 10 dates
  Errors: 0 dates
  Total Processed: 60 groups
============================================================

2026-01-30 06:02:04 | INFO     | [Worker_9233] Completed: CAI-MED - 10 results, 0 errors

============================================================
[Worker_9233] Processing: ASW-JED
  Tier 0: Range 1, Chunk 1/3
  Dates: 10 days
  Date Range: 2026-02-28 to 2026-02-19
============================================================

2026-01-30 06:02:04 | INFO     | [Worker_9233] Processing: ASW-JED
2026-01-30 06:02:04 | INFO     |   Tier 0: Range 1, Chunk 1/3 (10 days)
2026-01-30 06:02:04 | INFO     | ======================================================================
2026-01-30 06:02:04 | INFO     | Load Factor Scraper Started - Route: ASW-JED
2026-01-30 06:02:04 | INFO     | Log file: D:\CODERED\LAB\Artifacts\outputs\run_generated_300126_at_05.16\logs\LF_ASW-JED_20260130_060204.log
2026-01-30 06:02:04 | INFO     | Enhanced logging: Capturing both logging.info() and print()
2026-01-30 06:02:04 | INFO     | ======================================================================
[LF] Processing dates (override): ['28FEB', '27FEB', '26FEB', '25FEB', '24FEB', '23FEB', '22FEB', '21FEB', '20FEB', '19FEB']
[LF] Attaching to Chrome for Altea access
2026-01-30 06:02:04 | INFO     | Starting LF search for route: ASW-JED
2026-01-30 06:02:04 | INFO     | [START] LF Search
[LF][[OK] SUCCESS] Connected to Chrome on 127.0.0.1:9233 (after 1 attempts)
2026-01-30 06:02:05 | INFO     | [HEALTH CHECK] [OK] Chrome connection is healthy
[LF][[OK] SUCCESS] Found Amadeus Altea window: Altéa Reservation Desktop
[LF][[INFO] INFO] URL: https://tc212.resdesktop.altea.amadeus.com/app_ard/apf/init/login?SITE=ESMPESMP&LANGUAGE=GB&MARKETS=ARDW_PROD_WBP&ACTION=clpLogin
2026-01-30 06:02:05 | INFO     | [DAY_START] Processing 28FEB
[LF] Processing ASW-JED for 28FEB
2026-01-30 06:02:05 | INFO     | [lf.day.start] Processing ASW-JED for 28FEB
[LF] Sending SN command: SN28FEBASWJED/ASM
[LF] No direct flights on 28FEB for ASW-JED
2026-01-30 06:02:06 | WARNING  | [lf.day.no_flights] No direct flights on 28FEB
2026-01-30 06:02:06 | INFO     | [SUCCESS] Day 28FEB
2026-01-30 06:02:06 | INFO     | [DAY_START] Processing 27FEB
[LF] Processing ASW-JED for 27FEB
2026-01-30 06:02:06 | INFO     | [lf.day.start] Processing ASW-JED for 27FEB
[LF] Sending SN command: SN27FEBASWJED/ASM
[LF] No direct flights on 27FEB for ASW-JED
2026-01-30 06:02:07 | WARNING  | [lf.day.no_flights] No direct flights on 27FEB
2026-01-30 06:02:07 | INFO     | [SUCCESS] Day 27FEB
2026-01-30 06:02:07 | INFO     | [DAY_START] Processing 26FEB
[LF] Processing ASW-JED for 26FEB
2026-01-30 06:02:07 | INFO     | [lf.day.start] Processing ASW-JED for 26FEB
[LF] Sending SN command: SN26FEBASWJED/ASM
[LF] No direct flights on 26FEB for ASW-JED
2026-01-30 06:02:08 | WARNING  | [lf.day.no_flights] No direct flights on 26FEB
2026-01-30 06:02:08 | INFO     | [SUCCESS] Day 26FEB
2026-01-30 06:02:08 | INFO     | [DAY_START] Processing 25FEB
[LF] Processing ASW-JED for 25FEB
2026-01-30 06:02:08 | INFO     | [lf.day.start] Processing ASW-JED for 25FEB
[LF] Sending SN command: SN25FEBASWJED/ASM
[LF] No direct flights on 25FEB for ASW-JED
2026-01-30 06:02:10 | WARNING  | [lf.day.no_flights] No direct flights on 25FEB
2026-01-30 06:02:10 | INFO     | [SUCCESS] Day 25FEB
2026-01-30 06:02:10 | INFO     | [DAY_START] Processing 24FEB
[LF] Processing ASW-JED for 24FEB
2026-01-30 06:02:10 | INFO     | [lf.day.start] Processing ASW-JED for 24FEB
[LF] Sending SN command: SN24FEBASWJED/ASM
[LF] 24FEB: found 2 direct flights
2026-01-30 06:02:11 | INFO     | [lf.day.flights_found] Found 2 flights on 24FEB
2026-01-30 06:02:13 | INFO     | [lf.flight.extracted] SM973 on 24FEB: BKG=180, LF=100.6%
[LF] SM973 24FEB: BKG=180, GRP=180, CAP=179, LF%=100.6%, Brd-Off=ASW-JED, Classes: P:180
2026-01-30 06:02:16 | INFO     | [lf.flight.extracted] SM985 on 24FEB: BKG=180, LF=100.6%
[LF] SM985 24FEB: BKG=180, GRP=180, CAP=179, LF%=100.6%, Brd-Off=ASW-JED, Classes: P:180
[LF] Getting WEEKLY/LASTSOLD data for 2 flights
[LF] SM973 24FEB: LASTSOLD=2026-01-23 00:00:00, WEEKLY=2, TODAY=0, YDAY=0
[LF] SM985 24FEB: LASTSOLD=2026-01-23 00:00:00, WEEKLY=2, TODAY=0, YDAY=0
2026-01-30 06:02:19 | INFO     | [SUCCESS] Day 24FEB
2026-01-30 06:02:19 | INFO     | [DAY_START] Processing 23FEB
[LF] Processing ASW-JED for 23FEB
2026-01-30 06:02:19 | INFO     | [lf.day.start] Processing ASW-JED for 23FEB
[LF] Sending SN command: SN23FEBASWJED/ASM
[LF] 23FEB: found 2 direct flights
2026-01-30 06:02:21 | INFO     | [lf.day.flights_found] Found 2 flights on 23FEB
2026-01-30 06:02:23 | INFO     | [lf.flight.extracted] SM425 on 23FEB: BKG=180, LF=100.6%
[LF] SM425 23FEB: BKG=180, GRP=180, CAP=179, LF%=100.6%, Brd-Off=ASW-JED, Classes: P:180
2026-01-30 06:02:26 | INFO     | [lf.flight.extracted] SM949 on 23FEB: BKG=180, LF=100.6%
[LF] SM949 23FEB: BKG=180, GRP=180, CAP=179, LF%=100.6%, Brd-Off=ASW-JED, Classes: P:180
[LF] Getting WEEKLY/LASTSOLD data for 2 flights
[LF] SM425 23FEB: LASTSOLD=2026-01-23 00:00:00, WEEKLY=2, TODAY=0, YDAY=0
[LF] SM949 23FEB: LASTSOLD=2026-01-23 00:00:00, WEEKLY=2, TODAY=0, YDAY=0
2026-01-30 06:02:29 | INFO     | [SUCCESS] Day 23FEB
2026-01-30 06:02:29 | INFO     | [DAY_START] Processing 22FEB
[LF] Processing ASW-JED for 22FEB
2026-01-30 06:02:29 | INFO     | [lf.day.start] Processing ASW-JED for 22FEB
[LF] Sending SN command: SN22FEBASWJED/ASM
[LF] No direct flights on 22FEB for ASW-JED
2026-01-30 06:02:31 | WARNING  | [lf.day.no_flights] No direct flights on 22FEB
2026-01-30 06:02:31 | INFO     | [SUCCESS] Day 22FEB
2026-01-30 06:02:31 | INFO     | [DAY_START] Processing 21FEB
[LF] Processing ASW-JED for 21FEB
2026-01-30 06:02:31 | INFO     | [lf.day.start] Processing ASW-JED for 21FEB
[LF] Sending SN command: SN21FEBASWJED/ASM
[LF] No direct flights on 21FEB for ASW-JED
2026-01-30 06:02:32 | WARNING  | [lf.day.no_flights] No direct flights on 21FEB
2026-01-30 06:02:32 | INFO     | [SUCCESS] Day 21FEB
2026-01-30 06:02:32 | INFO     | [DAY_START] Processing 20FEB
[LF] Processing ASW-JED for 20FEB
2026-01-30 06:02:32 | INFO     | [lf.day.start] Processing ASW-JED for 20FEB
[LF] Sending SN command: SN20FEBASWJED/ASM
[LF] No direct flights on 20FEB for ASW-JED
2026-01-30 06:02:33 | WARNING  | [lf.day.no_flights] No direct flights on 20FEB
2026-01-30 06:02:33 | INFO     | [SUCCESS] Day 20FEB
2026-01-30 06:02:33 | INFO     | [DAY_START] Processing 19FEB
[LF] Processing ASW-JED for 19FEB
2026-01-30 06:02:33 | INFO     | [lf.day.start] Processing ASW-JED for 19FEB
[LF] Sending SN command: SN19FEBASWJED/ASM
[LF] No direct flights on 19FEB for ASW-JED
2026-01-30 06:02:34 | WARNING  | [lf.day.no_flights] No direct flights on 19FEB
2026-01-30 06:02:34 | INFO     | [SUCCESS] Day 19FEB
[LF] Results summary:
  2026-02-28: 0 flights
  2026-02-27: 0 flights
  2026-02-26: 0 flights
  2026-02-25: 0 flights
  2026-02-24: 2 flights
  2026-02-23: 2 flights
  2026-02-22: 0 flights
  2026-02-21: 0 flights
  2026-02-20: 0 flights
  2026-02-19: 0 flights
2026-01-30 06:02:34 | INFO     | [SUCCESS] LF Search Complete

============================================================
[Worker_9233] ✓ COMPLETED: ASW-JED
  Results: 10 dates
  Errors: 0 dates
  Total Processed: 61 groups
============================================================

2026-01-30 06:02:34 | INFO     | [Worker_9233] Completed: ASW-JED - 10 results, 0 errors

============================================================
[Worker_9233] Processing: CAI-TUU
  Tier 0: Range 1, Chunk 1/3
  Dates: 10 days
  Date Range: 2026-02-28 to 2026-02-19
============================================================

2026-01-30 06:02:34 | INFO     | [Worker_9233] Processing: CAI-TUU
2026-01-30 06:02:34 | INFO     |   Tier 0: Range 1, Chunk 1/3 (10 days)
2026-01-30 06:02:34 | INFO     | ======================================================================
2026-01-30 06:02:34 | INFO     | Load Factor Scraper Started - Route: CAI-TUU
2026-01-30 06:02:34 | INFO     | Log file: D:\CODERED\LAB\Artifacts\outputs\run_generated_300126_at_05.16\logs\LF_CAI-TUU_20260130_060234.log
2026-01-30 06:02:34 | INFO     | Enhanced logging: Capturing both logging.info() and print()
2026-01-30 06:02:34 | INFO     | ======================================================================
[LF] Processing dates (override): ['28FEB', '27FEB', '26FEB', '25FEB', '24FEB', '23FEB', '22FEB', '21FEB', '20FEB', '19FEB']
[LF] Attaching to Chrome for Altea access
2026-01-30 06:02:34 | INFO     | Starting LF search for route: CAI-TUU
2026-01-30 06:02:34 | INFO     | [START] LF Search
[LF][[OK] SUCCESS] Connected to Chrome on 127.0.0.1:9233 (after 1 attempts)
2026-01-30 06:02:35 | INFO     | [HEALTH CHECK] [OK] Chrome connection is healthy
[LF][[OK] SUCCESS] Found Amadeus Altea window: Altéa Reservation Desktop
[LF][[INFO] INFO] URL: https://tc212.resdesktop.altea.amadeus.com/app_ard/apf/init/login?SITE=ESMPESMP&LANGUAGE=GB&MARKETS=ARDW_PROD_WBP&ACTION=clpLogin
2026-01-30 06:02:35 | INFO     | [DAY_START] Processing 28FEB
[LF] Processing CAI-TUU for 28FEB
2026-01-30 06:02:35 | INFO     | [lf.day.start] Processing CAI-TUU for 28FEB
[LF] Sending SN command: SN28FEBCAITUU/ASM
[LF] 28FEB: found 1 direct flights
2026-01-30 06:02:36 | INFO     | [lf.day.flights_found] Found 1 flights on 28FEB
2026-01-30 06:02:38 | INFO     | [lf.flight.extracted] SM325 on 28FEB: BKG=5, LF=4.6%
[LF] SM325 28FEB: BKG=5, GRP=0, CAP=109, LF%=4.6%, Brd-Off=CAI-TUU, Classes: I:5
[LF] Getting WEEKLY/LASTSOLD data for 1 flights
[LF] SM325 28FEB: LASTSOLD=2026-01-17 00:00:00, WEEKLY=0, TODAY=0, YDAY=0
2026-01-30 06:02:41 | INFO     | [SUCCESS] Day 28FEB
2026-01-30 06:02:41 | INFO     | [DAY_START] Processing 27FEB
[LF] Processing CAI-TUU for 27FEB
2026-01-30 06:02:41 | INFO     | [lf.day.start] Processing CAI-TUU for 27FEB
[LF] Sending SN command: SN27FEBCAITUU/ASM
[LF] No direct flights on 27FEB for CAI-TUU
2026-01-30 06:02:42 | WARNING  | [lf.day.no_flights] No direct flights on 27FEB
2026-01-30 06:02:42 | INFO     | [SUCCESS] Day 27FEB
2026-01-30 06:02:42 | INFO     | [DAY_START] Processing 26FEB
[LF] Processing CAI-TUU for 26FEB
2026-01-30 06:02:42 | INFO     | [lf.day.start] Processing CAI-TUU for 26FEB
[LF] Sending SN command: SN26FEBCAITUU/ASM
[LF] 26FEB: found 1 direct flights
2026-01-30 06:02:43 | INFO     | [lf.day.flights_found] Found 1 flights on 26FEB
2026-01-30 06:02:45 | INFO     | [lf.flight.extracted] SM325 on 26FEB: BKG=0, LF=0.0%
[LF] SM325 26FEB: BKG=0, GRP=0, CAP=179, LF%=0.0%, Brd-Off=CAI-TUU
2026-01-30 06:02:46 | INFO     | [SUCCESS] Day 26FEB
2026-01-30 06:02:46 | INFO     | [DAY_START] Processing 25FEB
[LF] Processing CAI-TUU for 25FEB
2026-01-30 06:02:46 | INFO     | [lf.day.start] Processing CAI-TUU for 25FEB
[LF] Sending SN command: SN25FEBCAITUU/ASM
[LF] 25FEB: found 1 direct flights
2026-01-30 06:02:47 | INFO     | [lf.day.flights_found] Found 1 flights on 25FEB
2026-01-30 06:02:49 | INFO     | [lf.flight.extracted] SM325 on 25FEB: BKG=2, LF=1.1%
[LF] SM325 25FEB: BKG=2, GRP=0, CAP=179, LF%=1.1%, Brd-Off=CAI-TUU, Classes: I:2
[LF] Getting WEEKLY/LASTSOLD data for 1 flights
[LF] SM325 25FEB: LASTSOLD=2026-01-29 00:00:00, WEEKLY=2, TODAY=0, YDAY=2
2026-01-30 06:02:52 | INFO     | [SUCCESS] Day 25FEB
2026-01-30 06:02:52 | INFO     | [DAY_START] Processing 24FEB
[LF] Processing CAI-TUU for 24FEB
2026-01-30 06:02:52 | INFO     | [lf.day.start] Processing CAI-TUU for 24FEB
[LF] Sending SN command: SN24FEBCAITUU/ASM
[LF] No direct flights on 24FEB for CAI-TUU
2026-01-30 06:02:53 | WARNING  | [lf.day.no_flights] No direct flights on 24FEB
2026-01-30 06:02:53 | INFO     | [SUCCESS] Day 24FEB
2026-01-30 06:02:53 | INFO     | [DAY_START] Processing 23FEB
[LF] Processing CAI-TUU for 23FEB
2026-01-30 06:02:53 | INFO     | [lf.day.start] Processing CAI-TUU for 23FEB
[LF] Sending SN command: SN23FEBCAITUU/ASM
[LF] No direct flights on 23FEB for CAI-TUU
2026-01-30 06:02:54 | WARNING  | [lf.day.no_flights] No direct flights on 23FEB
2026-01-30 06:02:54 | INFO     | [SUCCESS] Day 23FEB
2026-01-30 06:02:54 | INFO     | [DAY_START] Processing 22FEB
[LF] Processing CAI-TUU for 22FEB
2026-01-30 06:02:54 | INFO     | [lf.day.start] Processing CAI-TUU for 22FEB
[LF] Sending SN command: SN22FEBCAITUU/ASM
[LF] No direct flights on 22FEB for CAI-TUU
2026-01-30 06:02:55 | WARNING  | [lf.day.no_flights] No direct flights on 22FEB
2026-01-30 06:02:55 | INFO     | [SUCCESS] Day 22FEB
2026-01-30 06:02:55 | INFO     | [DAY_START] Processing 21FEB
[LF] Processing CAI-TUU for 21FEB
2026-01-30 06:02:55 | INFO     | [lf.day.start] Processing CAI-TUU for 21FEB
[LF] Sending SN command: SN21FEBCAITUU/ASM
[LF] 21FEB: found 1 direct flights
2026-01-30 06:02:56 | INFO     | [lf.day.flights_found] Found 1 flights on 21FEB
2026-01-30 06:02:58 | INFO     | [lf.flight.extracted] SM325 on 21FEB: BKG=7, LF=6.4%
[LF] SM325 21FEB: BKG=7, GRP=0, CAP=109, LF%=6.4%, Brd-Off=CAI-TUU, Classes: I:5, W:2
[LF] Getting WEEKLY/LASTSOLD data for 1 flights
[LF] SM325 21FEB: LASTSOLD=2026-01-29 00:00:00, WEEKLY=5, TODAY=0, YDAY=4
2026-01-30 06:03:01 | INFO     | [SUCCESS] Day 21FEB
2026-01-30 06:03:01 | INFO     | [DAY_START] Processing 20FEB
[LF] Processing CAI-TUU for 20FEB
2026-01-30 06:03:01 | INFO     | [lf.day.start] Processing CAI-TUU for 20FEB
[LF] Sending SN command: SN20FEBCAITUU/ASM
[LF] No direct flights on 20FEB for CAI-TUU
2026-01-30 06:03:02 | WARNING  | [lf.day.no_flights] No direct flights on 20FEB
2026-01-30 06:03:02 | INFO     | [SUCCESS] Day 20FEB
2026-01-30 06:03:02 | INFO     | [DAY_START] Processing 19FEB
[LF] Processing CAI-TUU for 19FEB
2026-01-30 06:03:02 | INFO     | [lf.day.start] Processing CAI-TUU for 19FEB
[LF] Sending SN command: SN19FEBCAITUU/ASM
[LF] 19FEB: found 1 direct flights
2026-01-30 06:03:03 | INFO     | [lf.day.flights_found] Found 1 flights on 19FEB
2026-01-30 06:03:05 | INFO     | [lf.flight.extracted] SM325 on 19FEB: BKG=0, LF=0.0%
[LF] SM325 19FEB: BKG=0, GRP=0, CAP=176, LF%=0.0%, Brd-Off=CAI-TUU
2026-01-30 06:03:06 | INFO     | [SUCCESS] Day 19FEB
[LF] Results summary:
  2026-02-28: 1 flights
  2026-02-27: 0 flights
  2026-02-26: 1 flights
  2026-02-25: 1 flights
  2026-02-24: 0 flights
  2026-02-23: 0 flights
  2026-02-22: 0 flights
  2026-02-21: 1 flights
  2026-02-20: 0 flights
  2026-02-19: 1 flights
2026-01-30 06:03:06 | INFO     | [SUCCESS] LF Search Complete

============================================================
[Worker_9233] ✓ COMPLETED: CAI-TUU
  Results: 10 dates
  Errors: 0 dates
  Total Processed: 62 groups
============================================================

2026-01-30 06:03:06 | INFO     | [Worker_9233] Completed: CAI-TUU - 10 results, 0 errors

============================================================
[Worker_9233] Processing: CAI-AHB
  Tier 0: Range 1, Chunk 1/3
  Dates: 10 days
  Date Range: 2026-02-28 to 2026-02-19
============================================================

2026-01-30 06:03:06 | INFO     | [Worker_9233] Processing: CAI-AHB
2026-01-30 06:03:06 | INFO     |   Tier 0: Range 1, Chunk 1/3 (10 days)
2026-01-30 06:03:06 | INFO     | ======================================================================
2026-01-30 06:03:06 | INFO     | Load Factor Scraper Started - Route: CAI-AHB
2026-01-30 06:03:06 | INFO     | Log file: D:\CODERED\LAB\Artifacts\outputs\run_generated_300126_at_05.16\logs\LF_CAI-AHB_20260130_060306.log
2026-01-30 06:03:06 | INFO     | Enhanced logging: Capturing both logging.info() and print()
2026-01-30 06:03:06 | INFO     | ======================================================================
[LF] Processing dates (override): ['28FEB', '27FEB', '26FEB', '25FEB', '24FEB', '23FEB', '22FEB', '21FEB', '20FEB', '19FEB']
[LF] Attaching to Chrome for Altea access
2026-01-30 06:03:06 | INFO     | Starting LF search for route: CAI-AHB
2026-01-30 06:03:06 | INFO     | [START] LF Search
[LF][[OK] SUCCESS] Connected to Chrome on 127.0.0.1:9233 (after 1 attempts)
2026-01-30 06:03:07 | INFO     | [HEALTH CHECK] [OK] Chrome connection is healthy
[LF][[OK] SUCCESS] Found Amadeus Altea window: Altéa Reservation Desktop
[LF][[INFO] INFO] URL: https://tc212.resdesktop.altea.amadeus.com/app_ard/apf/init/login?SITE=ESMPESMP&LANGUAGE=GB&MARKETS=ARDW_PROD_WBP&ACTION=clpLogin
2026-01-30 06:03:07 | INFO     | [DAY_START] Processing 28FEB
[LF] Processing CAI-AHB for 28FEB
2026-01-30 06:03:07 | INFO     | [lf.day.start] Processing CAI-AHB for 28FEB
[LF] Sending SN command: SN28FEBCAIAHB/ASM
[LF] 28FEB: found 1 direct flights
2026-01-30 06:03:08 | INFO     | [lf.day.flights_found] Found 1 flights on 28FEB
2026-01-30 06:03:10 | INFO     | [lf.flight.extracted] SM443 on 28FEB: BKG=16, LF=8.9%
[LF] SM443 28FEB: BKG=16, GRP=0, CAP=179, LF%=8.9%, Brd-Off=CAI-AHB, Classes: I:3, X:1, W:6, S:3, G:3
[LF] Getting WEEKLY/LASTSOLD data for 1 flights
[LF] SM443 28FEB: LASTSOLD=2026-01-29 00:00:00, WEEKLY=5, TODAY=0, YDAY=1
2026-01-30 06:03:13 | INFO     | [SUCCESS] Day 28FEB
2026-01-30 06:03:13 | INFO     | [DAY_START] Processing 27FEB
[LF] Processing CAI-AHB for 27FEB
2026-01-30 06:03:13 | INFO     | [lf.day.start] Processing CAI-AHB for 27FEB
[LF] Sending SN command: SN27FEBCAIAHB/ASM
[LF] No direct flights on 27FEB for CAI-AHB
2026-01-30 06:03:14 | WARNING  | [lf.day.no_flights] No direct flights on 27FEB
2026-01-30 06:03:14 | INFO     | [SUCCESS] Day 27FEB
2026-01-30 06:03:14 | INFO     | [DAY_START] Processing 26FEB
[LF] Processing CAI-AHB for 26FEB
2026-01-30 06:03:14 | INFO     | [lf.day.start] Processing CAI-AHB for 26FEB
[LF] Sending SN command: SN26FEBCAIAHB/ASM
[LF] 26FEB: found 1 direct flights
2026-01-30 06:03:15 | INFO     | [lf.day.flights_found] Found 1 flights on 26FEB
2026-01-30 06:03:17 | INFO     | [lf.flight.extracted] SM443 on 26FEB: BKG=7, LF=3.9%
[LF] SM443 26FEB: BKG=7, GRP=0, CAP=179, LF%=3.9%, Brd-Off=CAI-AHB, Classes: W:3, G:1, K:3
[LF] Getting WEEKLY/LASTSOLD data for 1 flights
[LF] SM443 26FEB: LASTSOLD=2026-01-28 00:00:00, WEEKLY=2, TODAY=0, YDAY=0
2026-01-30 06:03:19 | INFO     | [SUCCESS] Day 26FEB
2026-01-30 06:03:19 | INFO     | [DAY_START] Processing 25FEB
[LF] Processing CAI-AHB for 25FEB
2026-01-30 06:03:19 | INFO     | [lf.day.start] Processing CAI-AHB for 25FEB
[LF] Sending SN command: SN25FEBCAIAHB/ASM
[LF] 25FEB: found 1 direct flights
2026-01-30 06:03:21 | INFO     | [lf.day.flights_found] Found 1 flights on 25FEB
2026-01-30 06:03:23 | INFO     | [lf.flight.extracted] SM447 on 25FEB: BKG=6, LF=3.4%
[LF] SM447 25FEB: BKG=6, GRP=0, CAP=179, LF%=3.4%, Brd-Off=CAI-AHB, Classes: W:5, G:1
[LF] Getting WEEKLY/LASTSOLD data for 1 flights
[LF] SM447 25FEB: LASTSOLD=2026-01-29 00:00:00, WEEKLY=3, TODAY=0, YDAY=3
2026-01-30 06:03:25 | INFO     | [SUCCESS] Day 25FEB
2026-01-30 06:03:25 | INFO     | [DAY_START] Processing 24FEB
[LF] Processing CAI-AHB for 24FEB
2026-01-30 06:03:25 | INFO     | [lf.day.start] Processing CAI-AHB for 24FEB
[LF] Sending SN command: SN24FEBCAIAHB/ASM
[LF] No direct flights on 24FEB for CAI-AHB
2026-01-30 06:03:26 | WARNING  | [lf.day.no_flights] No direct flights on 24FEB
2026-01-30 06:03:26 | INFO     | [SUCCESS] Day 24FEB
2026-01-30 06:03:26 | INFO     | [DAY_START] Processing 23FEB
[LF] Processing CAI-AHB for 23FEB
2026-01-30 06:03:26 | INFO     | [lf.day.start] Processing CAI-AHB for 23FEB
[LF] Sending SN command: SN23FEBCAIAHB/ASM
[LF] No direct flights on 23FEB for CAI-AHB
2026-01-30 06:03:27 | WARNING  | [lf.day.no_flights] No direct flights on 23FEB
2026-01-30 06:03:27 | INFO     | [SUCCESS] Day 23FEB
2026-01-30 06:03:27 | INFO     | [DAY_START] Processing 22FEB
[LF] Processing CAI-AHB for 22FEB
2026-01-30 06:03:27 | INFO     | [lf.day.start] Processing CAI-AHB for 22FEB
[LF] Sending SN command: SN22FEBCAIAHB/ASM
[LF] No direct flights on 22FEB for CAI-AHB
2026-01-30 06:03:29 | WARNING  | [lf.day.no_flights] No direct flights on 22FEB
2026-01-30 06:03:29 | INFO     | [SUCCESS] Day 22FEB
2026-01-30 06:03:29 | INFO     | [DAY_START] Processing 21FEB
[LF] Processing CAI-AHB for 21FEB
2026-01-30 06:03:29 | INFO     | [lf.day.start] Processing CAI-AHB for 21FEB
[LF] Sending SN command: SN21FEBCAIAHB/ASM
[LF] 21FEB: found 1 direct flights
2026-01-30 06:03:30 | INFO     | [lf.day.flights_found] Found 1 flights on 21FEB
2026-01-30 06:03:32 | INFO     | [lf.flight.extracted] SM443 on 21FEB: BKG=27, LF=15.3%
[LF] SM443 21FEB: BKG=27, GRP=0, CAP=176, LF%=15.3%, Brd-Off=CAI-AHB, Classes: W:5, S:14, G:7, K:1
[LF] Getting WEEKLY/LASTSOLD data for 1 flights
[LF] SM443 21FEB: LASTSOLD=2026-01-29 00:00:00, WEEKLY=2, TODAY=0, YDAY=2
2026-01-30 06:03:35 | INFO     | [SUCCESS] Day 21FEB
2026-01-30 06:03:35 | INFO     | [DAY_START] Processing 20FEB
[LF] Processing CAI-AHB for 20FEB
2026-01-30 06:03:35 | INFO     | [lf.day.start] Processing CAI-AHB for 20FEB
[LF] Sending SN command: SN20FEBCAIAHB/ASM
[LF] No direct flights on 20FEB for CAI-AHB
2026-01-30 06:03:36 | WARNING  | [lf.day.no_flights] No direct flights on 20FEB
2026-01-30 06:03:36 | INFO     | [SUCCESS] Day 20FEB
2026-01-30 06:03:36 | INFO     | [DAY_START] Processing 19FEB
[LF] Processing CAI-AHB for 19FEB
2026-01-30 06:03:36 | INFO     | [lf.day.start] Processing CAI-AHB for 19FEB
[LF] Sending SN command: SN19FEBCAIAHB/ASM
[LF] 19FEB: found 1 direct flights
2026-01-30 06:03:37 | INFO     | [lf.day.flights_found] Found 1 flights on 19FEB
2026-01-30 06:03:39 | INFO     | [lf.flight.extracted] SM443 on 19FEB: BKG=12, LF=6.7%
[LF] SM443 19FEB: BKG=12, GRP=0, CAP=179, LF%=6.7%, Brd-Off=CAI-AHB, Classes: W:5, G:7
[LF] Getting WEEKLY/LASTSOLD data for 1 flights
[LF] SM443 19FEB: LASTSOLD=2026-01-25 00:00:00, WEEKLY=1, TODAY=0, YDAY=0
2026-01-30 06:03:42 | INFO     | [SUCCESS] Day 19FEB
[LF] Results summary:
  2026-02-28: 1 flights
  2026-02-27: 0 flights
  2026-02-26: 1 flights
  2026-02-25: 1 flights
  2026-02-24: 0 flights
  2026-02-23: 0 flights
  2026-02-22: 0 flights
  2026-02-21: 1 flights
  2026-02-20: 0 flights
  2026-02-19: 1 flights
2026-01-30 06:03:42 | INFO     | [SUCCESS] LF Search Complete

============================================================
[Worker_9233] ✓ COMPLETED: CAI-AHB
  Results: 10 dates
  Errors: 0 dates
  Total Processed: 63 groups
============================================================

2026-01-30 06:03:52 | INFO     | [Worker_9233] Completed: CAI-AHB - 10 results, 0 errors

============================================================
[Worker_9233] Processing: MED-ATZ
  Tier 0: Range 1, Chunk 2/3
  Dates: 10 days
  Date Range: 2026-02-18 to 2026-02-09
============================================================

2026-01-30 06:03:52 | INFO     | [Worker_9233] Processing: MED-ATZ
2026-01-30 06:03:52 | INFO     |   Tier 0: Range 1, Chunk 2/3 (10 days)
2026-01-30 06:03:52 | INFO     | ======================================================================
2026-01-30 06:03:52 | INFO     | Load Factor Scraper Started - Route: MED-ATZ
2026-01-30 06:03:52 | INFO     | Log file: D:\CODERED\LAB\Artifacts\outputs\run_generated_300126_at_05.16\logs\LF_MED-ATZ_20260130_060352.log
2026-01-30 06:03:52 | INFO     | Enhanced logging: Capturing both logging.info() and print()
2026-01-30 06:03:52 | INFO     | ======================================================================
[LF] Processing dates (override): ['18FEB', '17FEB', '16FEB', '15FEB', '14FEB', '13FEB', '12FEB', '11FEB', '10FEB', '09FEB']
[LF] Attaching to Chrome for Altea access
2026-01-30 06:03:52 | INFO     | Starting LF search for route: MED-ATZ
2026-01-30 06:03:52 | INFO     | [START] LF Search
[LF][[OK] SUCCESS] Connected to Chrome on 127.0.0.1:9233 (after 1 attempts)
2026-01-30 06:03:52 | INFO     | [HEALTH CHECK] [OK] Chrome connection is healthy
[LF][[OK] SUCCESS] Found Amadeus Altea window: Altéa Reservation Desktop
[LF][[INFO] INFO] URL: https://tc212.resdesktop.altea.amadeus.com/app_ard/apf/init/login?SITE=ESMPESMP&LANGUAGE=GB&MARKETS=ARDW_PROD_WBP&ACTION=clpLogin
2026-01-30 06:03:52 | INFO     | [DAY_START] Processing 18FEB
[LF] Processing MED-ATZ for 18FEB
2026-01-30 06:03:52 | INFO     | [lf.day.start] Processing MED-ATZ for 18FEB
[LF] Sending SN command: SN18FEBMEDATZ/ASM
[LF] 18FEB: found 1 direct flights
2026-01-30 06:03:54 | INFO     | [lf.day.flights_found] Found 1 flights on 18FEB
2026-01-30 06:03:56 | INFO     | [lf.flight.extracted] SM490 on 18FEB: BKG=39, LF=22.3%
[LF] SM490 18FEB: BKG=39, GRP=0, CAP=175, LF%=22.3%, Brd-Off=MED-ATZ, Classes: I:18, O:17, U:4
[LF] Getting WEEKLY/LASTSOLD data for 1 flights
[LF] SM490 18FEB: LASTSOLD=2026-01-28 00:00:00, WEEKLY=14, TODAY=0, YDAY=0
2026-01-30 06:03:59 | INFO     | [SUCCESS] Day 18FEB
2026-01-30 06:03:59 | INFO     | [DAY_START] Processing 17FEB
[LF] Processing MED-ATZ for 17FEB
2026-01-30 06:03:59 | INFO     | [lf.day.start] Processing MED-ATZ for 17FEB
[LF] Sending SN command: SN17FEBMEDATZ/ASM
[LF] 17FEB: found 1 direct flights
2026-01-30 06:04:00 | INFO     | [lf.day.flights_found] Found 1 flights on 17FEB
2026-01-30 06:04:02 | INFO     | [lf.flight.extracted] SM488 on 17FEB: BKG=55, LF=31.4%
[LF] SM488 17FEB: BKG=55, GRP=0, CAP=175, LF%=31.4%, Brd-Off=MED-ATZ, Classes: I:17, O:17, U:17, X:4
[LF] Getting WEEKLY/LASTSOLD data for 1 flights
[LF] SM488 17FEB: LASTSOLD=2026-01-29 00:00:00, WEEKLY=7, TODAY=0, YDAY=1
2026-01-30 06:04:07 | INFO     | [SUCCESS] Day 17FEB
2026-01-30 06:04:07 | INFO     | [DAY_START] Processing 16FEB
[LF] Processing MED-ATZ for 16FEB
2026-01-30 06:04:07 | INFO     | [lf.day.start] Processing MED-ATZ for 16FEB
[LF] Sending SN command: SN16FEBMEDATZ/ASM
[LF] 16FEB: found 2 direct flights
2026-01-30 06:04:08 | INFO     | [lf.day.flights_found] Found 2 flights on 16FEB
2026-01-30 06:04:10 | INFO     | [lf.flight.extracted] SM964 on 16FEB: BKG=18, LF=10.8%
[LF] SM964 16FEB: BKG=18, GRP=0, CAP=167, LF%=10.8%, Brd-Off=MED-ATZ, Classes: I:18
2026-01-30 06:04:13 | INFO     | [lf.flight.extracted] SM488 on 16FEB: BKG=81, LF=46.3%
[LF] SM488 16FEB: BKG=81, GRP=0, CAP=175, LF%=46.3%, Brd-Off=MED-ATZ, Classes: I:17, O:17, U:17, X:17, T:13
[LF] Getting WEEKLY/LASTSOLD data for 2 flights
[LF] SM964 16FEB: LASTSOLD=2026-01-29 00:00:00, WEEKLY=18, TODAY=0, YDAY=1
[LF] SM488 16FEB: LASTSOLD=2026-01-28 00:00:00, WEEKLY=7, TODAY=0, YDAY=0
2026-01-30 06:04:20 | INFO     | [SUCCESS] Day 16FEB
2026-01-30 06:04:20 | INFO     | [DAY_START] Processing 15FEB
[LF] Processing MED-ATZ for 15FEB
2026-01-30 06:04:20 | INFO     | [lf.day.start] Processing MED-ATZ for 15FEB
[LF] Sending SN command: SN15FEBMEDATZ/ASM
[LF] No direct flights on 15FEB for MED-ATZ
2026-01-30 06:04:21 | WARNING  | [lf.day.no_flights] No direct flights on 15FEB
2026-01-30 06:04:21 | INFO     | [SUCCESS] Day 15FEB
2026-01-30 06:04:21 | INFO     | [DAY_START] Processing 14FEB
[LF] Processing MED-ATZ for 14FEB
2026-01-30 06:04:21 | INFO     | [lf.day.start] Processing MED-ATZ for 14FEB
[LF] Sending SN command: SN14FEBMEDATZ/ASM
[LF] 14FEB: found 1 direct flights
2026-01-30 06:04:22 | INFO     | [lf.day.flights_found] Found 1 flights on 14FEB
2026-01-30 06:04:25 | INFO     | [lf.flight.extracted] SM488 on 14FEB: BKG=107, LF=61.1%
[LF] SM488 14FEB: BKG=107, GRP=0, CAP=175, LF%=61.1%, Brd-Off=MED-ATZ, Classes: I:17, O:17, U:17, X:17, T:16, W:23
[LF] Getting WEEKLY/LASTSOLD data for 1 flights
[LF] SM488 14FEB: LASTSOLD=2026-01-29 00:00:00, WEEKLY=9, TODAY=0, YDAY=2
2026-01-30 06:04:30 | INFO     | [SUCCESS] Day 14FEB
2026-01-30 06:04:30 | INFO     | [DAY_START] Processing 13FEB
[LF] Processing MED-ATZ for 13FEB
2026-01-30 06:04:30 | INFO     | [lf.day.start] Processing MED-ATZ for 13FEB
[LF] Sending SN command: SN13FEBMEDATZ/ASM
[LF] 13FEB: found 1 direct flights
2026-01-30 06:04:31 | INFO     | [lf.day.flights_found] Found 1 flights on 13FEB
2026-01-30 06:04:33 | INFO     | [lf.flight.extracted] SM964 on 13FEB: BKG=83, LF=49.7%
[LF] SM964 13FEB: BKG=83, GRP=0, CAP=167, LF%=49.7%, Brd-Off=MED-ATZ, Classes: I:15, O:15, U:15, X:20, T:15, W:3
[LF] Getting WEEKLY/LASTSOLD data for 1 flights
[LF] SM964 13FEB: LASTSOLD=2026-01-28 00:00:00, WEEKLY=29, TODAY=0, YDAY=0
2026-01-30 06:04:38 | INFO     | [SUCCESS] Day 13FEB
2026-01-30 06:04:38 | INFO     | [DAY_START] Processing 12FEB
[LF] Processing MED-ATZ for 12FEB
2026-01-30 06:04:38 | INFO     | [lf.day.start] Processing MED-ATZ for 12FEB
[LF] Sending SN command: SN12FEBMEDATZ/ASM
[LF] No direct flights on 12FEB for MED-ATZ
2026-01-30 06:04:40 | WARNING  | [lf.day.no_flights] No direct flights on 12FEB
2026-01-30 06:04:40 | INFO     | [SUCCESS] Day 12FEB
2026-01-30 06:04:40 | INFO     | [DAY_START] Processing 11FEB
[LF] Processing MED-ATZ for 11FEB
2026-01-30 06:04:40 | INFO     | [lf.day.start] Processing MED-ATZ for 11FEB
[LF] Sending SN command: SN11FEBMEDATZ/ASM
[LF] 11FEB: found 1 direct flights
2026-01-30 06:04:41 | INFO     | [lf.day.flights_found] Found 1 flights on 11FEB
2026-01-30 06:04:43 | INFO     | [lf.flight.extracted] SM490 on 11FEB: BKG=96, LF=53.9%
[LF] SM490 11FEB: BKG=96, GRP=0, CAP=178, LF%=53.9%, Brd-Off=MED-ATZ, Classes: I:17, O:17, U:26, X:29, T:3, S:2, K:2
[LF] Getting WEEKLY/LASTSOLD data for 1 flights
[LF] SM490 11FEB: LASTSOLD=2026-01-29 00:00:00, WEEKLY=22, TODAY=0, YDAY=6
2026-01-30 06:04:48 | INFO     | [SUCCESS] Day 11FEB
2026-01-30 06:04:48 | INFO     | [DAY_START] Processing 10FEB
[LF] Processing MED-ATZ for 10FEB
2026-01-30 06:04:48 | INFO     | [lf.day.start] Processing MED-ATZ for 10FEB
[LF] Sending SN command: SN10FEBMEDATZ/ASM
[LF] 10FEB: found 1 direct flights
2026-01-30 06:04:49 | INFO     | [lf.day.flights_found] Found 1 flights on 10FEB
2026-01-30 06:04:51 | INFO     | [lf.flight.extracted] SM488 on 10FEB: BKG=155, LF=87.1%
[LF] SM488 10FEB: BKG=155, GRP=55, CAP=178, LF%=87.1%, Brd-Off=MED-ATZ, Classes: P:55, I:25, O:24, U:16, X:10, T:16, W:8, K:1
[LF] Getting WEEKLY/LASTSOLD data for 1 flights
[LF] SM488 10FEB: LASTSOLD=2026-01-29 00:00:00, WEEKLY=38, TODAY=0, YDAY=1
2026-01-30 06:04:57 | INFO     | [SUCCESS] Day 10FEB
2026-01-30 06:04:57 | INFO     | [DAY_START] Processing 09FEB
[LF] Processing MED-ATZ for 09FEB
2026-01-30 06:04:57 | INFO     | [lf.day.start] Processing MED-ATZ for 09FEB
[LF] Sending SN command: SN09FEBMEDATZ/ASM
[LF] 09FEB: found 1 direct flights
2026-01-30 06:04:58 | INFO     | [lf.day.flights_found] Found 1 flights on 09FEB
2026-01-30 06:05:00 | INFO     | [lf.flight.extracted] SM488 on 09FEB: BKG=175, LF=100.0%
[LF] SM488 09FEB: BKG=175, GRP=86, CAP=175, LF%=100.0%, Brd-Off=MED-ATZ, Classes: P:87, I:50, O:20, U:18
[LF] Getting WEEKLY/LASTSOLD data for 1 flights
[LF] SM488 09FEB: LASTSOLD=2026-01-29 00:00:00, WEEKLY=64, TODAY=0, YDAY=6
2026-01-30 06:05:06 | INFO     | [SUCCESS] Day 09FEB
[LF] Results summary:
  2026-02-18: 1 flights
  2026-02-17: 1 flights
  2026-02-16: 2 flights
  2026-02-15: 0 flights
  2026-02-14: 1 flights
  2026-02-13: 1 flights
  2026-02-12: 0 flights
  2026-02-11: 1 flights
  2026-02-10: 1 flights
  2026-02-09: 1 flights
2026-01-30 06:05:06 | INFO     | [SUCCESS] LF Search Complete

============================================================
[Worker_9233] ✓ COMPLETED: MED-ATZ
  Results: 10 dates
  Errors: 0 dates
  Total Processed: 64 groups
============================================================

2026-01-30 06:05:06 | INFO     | [Worker_9233] Completed: MED-ATZ - 10 results, 0 errors

============================================================
[Worker_9233] Processing: RUH-ATZ
  Tier 0: Range 1, Chunk 2/3
  Dates: 10 days
  Date Range: 2026-02-18 to 2026-02-09
============================================================

2026-01-30 06:05:06 | INFO     | [Worker_9233] Processing: RUH-ATZ
2026-01-30 06:05:06 | INFO     |   Tier 0: Range 1, Chunk 2/3 (10 days)
2026-01-30 06:05:06 | INFO     | ======================================================================
2026-01-30 06:05:06 | INFO     | Load Factor Scraper Started - Route: RUH-ATZ
2026-01-30 06:05:06 | INFO     | Log file: D:\CODERED\LAB\Artifacts\outputs\run_generated_300126_at_05.16\logs\LF_RUH-ATZ_20260130_060506.log
2026-01-30 06:05:06 | INFO     | Enhanced logging: Capturing both logging.info() and print()
2026-01-30 06:05:06 | INFO     | ======================================================================
[LF] Processing dates (override): ['18FEB', '17FEB', '16FEB', '15FEB', '14FEB', '13FEB', '12FEB', '11FEB', '10FEB', '09FEB']
[LF] Attaching to Chrome for Altea access
2026-01-30 06:05:06 | INFO     | Starting LF search for route: RUH-ATZ
2026-01-30 06:05:06 | INFO     | [START] LF Search
[LF][[OK] SUCCESS] Connected to Chrome on 127.0.0.1:9233 (after 1 attempts)
2026-01-30 06:05:07 | INFO     | [HEALTH CHECK] [OK] Chrome connection is healthy
[LF][[OK] SUCCESS] Found Amadeus Altea window: Altéa Reservation Desktop
[LF][[INFO] INFO] URL: https://tc212.resdesktop.altea.amadeus.com/app_ard/apf/init/login?SITE=ESMPESMP&LANGUAGE=GB&MARKETS=ARDW_PROD_WBP&ACTION=clpLogin
2026-01-30 06:05:07 | INFO     | [DAY_START] Processing 18FEB
[LF] Processing RUH-ATZ for 18FEB
2026-01-30 06:05:07 | INFO     | [lf.day.start] Processing RUH-ATZ for 18FEB
[LF] Sending SN command: SN18FEBRUHATZ/ASM
[LF] 18FEB: found 1 direct flights
2026-01-30 06:05:08 | INFO     | [lf.day.flights_found] Found 1 flights on 18FEB
2026-01-30 06:05:10 | INFO     | [lf.flight.extracted] SM466 on 18FEB: BKG=29, LF=16.6%
[LF] SM466 18FEB: BKG=29, GRP=0, CAP=175, LF%=16.6%, Brd-Off=RUH-ATZ, Classes: O:1, U:19, X:4, T:1, S:2, G:1, K:1
[LF] Getting WEEKLY/LASTSOLD data for 1 flights
[LF] SM466 18FEB: LASTSOLD=2026-01-28 00:00:00, WEEKLY=13, TODAY=0, YDAY=0
2026-01-30 06:05:13 | INFO     | [SUCCESS] Day 18FEB
2026-01-30 06:05:13 | INFO     | [DAY_START] Processing 17FEB
[LF] Processing RUH-ATZ for 17FEB
2026-01-30 06:05:13 | INFO     | [lf.day.start] Processing RUH-ATZ for 17FEB
[LF] Sending SN command: SN17FEBRUHATZ/ASM
[LF] 17FEB: found 1 direct flights
2026-01-30 06:05:14 | INFO     | [lf.day.flights_found] Found 1 flights on 17FEB
2026-01-30 06:05:16 | INFO     | [lf.flight.extracted] SM464 on 17FEB: BKG=54, LF=30.9%
[LF] SM464 17FEB: BKG=54, GRP=0, CAP=175, LF%=30.9%, Brd-Off=RUH-ATZ, Classes: O:3, U:24, X:22, G:5
[LF] Getting WEEKLY/LASTSOLD data for 1 flights
[LF] SM464 17FEB: LASTSOLD=2026-01-29 00:00:00, WEEKLY=13, TODAY=0, YDAY=2
2026-01-30 06:05:21 | INFO     | [SUCCESS] Day 17FEB
2026-01-30 06:05:21 | INFO     | [DAY_START] Processing 16FEB
[LF] Processing RUH-ATZ for 16FEB
2026-01-30 06:05:21 | INFO     | [lf.day.start] Processing RUH-ATZ for 16FEB
[LF] Sending SN command: SN16FEBRUHATZ/ASM
[LF] No direct flights on 16FEB for RUH-ATZ
2026-01-30 06:05:22 | WARNING  | [lf.day.no_flights] No direct flights on 16FEB
2026-01-30 06:05:22 | INFO     | [SUCCESS] Day 16FEB
2026-01-30 06:05:22 | INFO     | [DAY_START] Processing 15FEB
[LF] Processing RUH-ATZ for 15FEB
2026-01-30 06:05:22 | INFO     | [lf.day.start] Processing RUH-ATZ for 15FEB
[LF] Sending SN command: SN15FEBRUHATZ/ASM
[LF] 15FEB: found 1 direct flights
2026-01-30 06:05:23 | INFO     | [lf.day.flights_found] Found 1 flights on 15FEB
2026-01-30 06:05:25 | INFO     | [lf.flight.extracted] SM464 on 15FEB: BKG=92, LF=52.6%
[LF] SM464 15FEB: BKG=92, GRP=0, CAP=175, LF%=52.6%, Brd-Off=RUH-ATZ, Classes: O:5, U:24, X:10, T:10, W:11, S:17, G:1, L:7, K:7
[LF] Getting WEEKLY/LASTSOLD data for 1 flights
[LF] SM464 15FEB: LASTSOLD=2026-01-29 00:00:00, WEEKLY=13, TODAY=0, YDAY=1
2026-01-30 06:05:30 | INFO     | [SUCCESS] Day 15FEB
2026-01-30 06:05:30 | INFO     | [DAY_START] Processing 14FEB
[LF] Processing RUH-ATZ for 14FEB
2026-01-30 06:05:30 | INFO     | [lf.day.start] Processing RUH-ATZ for 14FEB
[LF] Sending SN command: SN14FEBRUHATZ/ASM
[LF] No direct flights on 14FEB for RUH-ATZ
2026-01-30 06:05:32 | WARNING  | [lf.day.no_flights] No direct flights on 14FEB
2026-01-30 06:05:32 | INFO     | [SUCCESS] Day 14FEB
2026-01-30 06:05:32 | INFO     | [DAY_START] Processing 13FEB
[LF] Processing RUH-ATZ for 13FEB
2026-01-30 06:05:32 | INFO     | [lf.day.start] Processing RUH-ATZ for 13FEB
[LF] Sending SN command: SN13FEBRUHATZ/ASM
[LF] No direct flights on 13FEB for RUH-ATZ
2026-01-30 06:05:33 | WARNING  | [lf.day.no_flights] No direct flights on 13FEB
2026-01-30 06:05:33 | INFO     | [SUCCESS] Day 13FEB
2026-01-30 06:05:33 | INFO     | [DAY_START] Processing 12FEB
[LF] Processing RUH-ATZ for 12FEB
2026-01-30 06:05:33 | INFO     | [lf.day.start] Processing RUH-ATZ for 12FEB
[LF] Sending SN command: SN12FEBRUHATZ/ASM
[LF] No direct flights on 12FEB for RUH-ATZ
2026-01-30 06:05:34 | WARNING  | [lf.day.no_flights] No direct flights on 12FEB
2026-01-30 06:05:34 | INFO     | [SUCCESS] Day 12FEB
2026-01-30 06:05:34 | INFO     | [DAY_START] Processing 11FEB
[LF] Processing RUH-ATZ for 11FEB
2026-01-30 06:05:34 | INFO     | [lf.day.start] Processing RUH-ATZ for 11FEB
[LF] Sending SN command: SN11FEBRUHATZ/ASM
[LF] 11FEB: found 1 direct flights
2026-01-30 06:05:35 | INFO     | [lf.day.flights_found] Found 1 flights on 11FEB
2026-01-30 06:05:37 | INFO     | [lf.flight.extracted] SM466 on 11FEB: BKG=96, LF=54.9%
[LF] SM466 11FEB: BKG=96, GRP=0, CAP=175, LF%=54.9%, Brd-Off=RUH-ATZ, Classes: O:5, U:34, X:10, T:18, W:11, S:2, G:14, L:2
[LF] Getting WEEKLY/LASTSOLD data for 1 flights
[LF] SM466 11FEB: LASTSOLD=2026-01-29 00:00:00, WEEKLY=16, TODAY=0, YDAY=1
2026-01-30 06:05:43 | INFO     | [SUCCESS] Day 11FEB
2026-01-30 06:05:43 | INFO     | [DAY_START] Processing 10FEB
[LF] Processing RUH-ATZ for 10FEB
2026-01-30 06:05:43 | INFO     | [lf.day.start] Processing RUH-ATZ for 10FEB
[LF] Sending SN command: SN10FEBRUHATZ/ASM
[LF] 10FEB: found 1 direct flights
2026-01-30 06:05:44 | INFO     | [lf.day.flights_found] Found 1 flights on 10FEB
2026-01-30 06:05:46 | INFO     | [lf.flight.extracted] SM464 on 10FEB: BKG=106, LF=60.6%
[LF] SM464 10FEB: BKG=106, GRP=0, CAP=175, LF%=60.6%, Brd-Off=RUH-ATZ, Classes: O:4, U:36, X:10, T:15, W:19, S:2, G:18, L:1, K:1
[LF] Getting WEEKLY/LASTSOLD data for 1 flights
[LF] SM464 10FEB: LASTSOLD=2026-01-29 00:00:00, WEEKLY=24, TODAY=0, YDAY=8
2026-01-30 06:05:52 | INFO     | [SUCCESS] Day 10FEB
2026-01-30 06:05:52 | INFO     | [DAY_START] Processing 09FEB
[LF] Processing RUH-ATZ for 09FEB
2026-01-30 06:05:52 | INFO     | [lf.day.start] Processing RUH-ATZ for 09FEB
[LF] Sending SN command: SN09FEBRUHATZ/ASM
[LF] No direct flights on 09FEB for RUH-ATZ
2026-01-30 06:05:53 | WARNING  | [lf.day.no_flights] No direct flights on 09FEB
2026-01-30 06:05:53 | INFO     | [SUCCESS] Day 09FEB
[LF] Results summary:
  2026-02-18: 1 flights
  2026-02-17: 1 flights
  2026-02-16: 0 flights
  2026-02-15: 1 flights
  2026-02-14: 0 flights
  2026-02-13: 0 flights
  2026-02-12: 0 flights
  2026-02-11: 1 flights
  2026-02-10: 1 flights
  2026-02-09: 0 flights
2026-01-30 06:05:53 | INFO     | [SUCCESS] LF Search Complete

============================================================
[Worker_9233] ✓ COMPLETED: RUH-ATZ
  Results: 10 dates
  Errors: 0 dates
  Total Processed: 65 groups
============================================================

2026-01-30 06:05:53 | INFO     | [Worker_9233] Completed: RUH-ATZ - 10 results, 0 errors

============================================================
[Worker_9233] Processing: TUU-CAI
  Tier 0: Range 1, Chunk 2/3
  Dates: 10 days
  Date Range: 2026-02-18 to 2026-02-09
============================================================

2026-01-30 06:05:53 | INFO     | [Worker_9233] Processing: TUU-CAI
2026-01-30 06:05:53 | INFO     |   Tier 0: Range 1, Chunk 2/3 (10 days)
2026-01-30 06:05:53 | INFO     | ======================================================================
2026-01-30 06:05:53 | INFO     | Load Factor Scraper Started - Route: TUU-CAI
2026-01-30 06:05:53 | INFO     | Log file: D:\CODERED\LAB\Artifacts\outputs\run_generated_300126_at_05.16\logs\LF_TUU-CAI_20260130_060553.log
2026-01-30 06:05:53 | INFO     | Enhanced logging: Capturing both logging.info() and print()
2026-01-30 06:05:53 | INFO     | ======================================================================
[LF] Processing dates (override): ['18FEB', '17FEB', '16FEB', '15FEB', '14FEB', '13FEB', '12FEB', '11FEB', '10FEB', '09FEB']
[LF] Attaching to Chrome for Altea access
2026-01-30 06:05:53 | INFO     | Starting LF search for route: TUU-CAI
2026-01-30 06:05:53 | INFO     | [START] LF Search
[LF][[OK] SUCCESS] Connected to Chrome on 127.0.0.1:9233 (after 1 attempts)
2026-01-30 06:05:53 | INFO     | [HEALTH CHECK] [OK] Chrome connection is healthy
[LF][[OK] SUCCESS] Found Amadeus Altea window: Altéa Reservation Desktop
[LF][[INFO] INFO] URL: https://tc212.resdesktop.altea.amadeus.com/app_ard/apf/init/login?SITE=ESMPESMP&LANGUAGE=GB&MARKETS=ARDW_PROD_WBP&ACTION=clpLogin
2026-01-30 06:05:53 | INFO     | [DAY_START] Processing 18FEB
[LF] Processing TUU-CAI for 18FEB
2026-01-30 06:05:53 | INFO     | [lf.day.start] Processing TUU-CAI for 18FEB
[LF] Sending SN command: SN18FEBTUUCAI/ASM
[LF] 18FEB: found 1 direct flights
2026-01-30 06:05:55 | INFO     | [lf.day.flights_found] Found 1 flights on 18FEB
2026-01-30 06:05:57 | INFO     | [lf.flight.extracted] SM326 on 18FEB: BKG=10, LF=5.7%
[LF] SM326 18FEB: BKG=10, GRP=0, CAP=175, LF%=5.7%, Brd-Off=TUU-CAI, Classes: I:10
[LF] Getting WEEKLY/LASTSOLD data for 1 flights
[LF] SM326 18FEB: LASTSOLD=2026-01-25 00:00:00, WEEKLY=6, TODAY=0, YDAY=0
2026-01-30 06:05:59 | INFO     | [SUCCESS] Day 18FEB
2026-01-30 06:05:59 | INFO     | [DAY_START] Processing 17FEB
[LF] Processing TUU-CAI for 17FEB
2026-01-30 06:05:59 | INFO     | [lf.day.start] Processing TUU-CAI for 17FEB
[LF] Sending SN command: SN17FEBTUUCAI/ASM
[LF] No direct flights on 17FEB for TUU-CAI
2026-01-30 06:06:00 | WARNING  | [lf.day.no_flights] No direct flights on 17FEB
2026-01-30 06:06:00 | INFO     | [SUCCESS] Day 17FEB
2026-01-30 06:06:00 | INFO     | [DAY_START] Processing 16FEB
[LF] Processing TUU-CAI for 16FEB
2026-01-30 06:06:00 | INFO     | [lf.day.start] Processing TUU-CAI for 16FEB
[LF] Sending SN command: SN16FEBTUUCAI/ASM
[LF] No direct flights on 16FEB for TUU-CAI
2026-01-30 06:06:01 | WARNING  | [lf.day.no_flights] No direct flights on 16FEB
2026-01-30 06:06:01 | INFO     | [SUCCESS] Day 16FEB
2026-01-30 06:06:01 | INFO     | [DAY_START] Processing 15FEB
[LF] Processing TUU-CAI for 15FEB
2026-01-30 06:06:01 | INFO     | [lf.day.start] Processing TUU-CAI for 15FEB
[LF] Sending SN command: SN15FEBTUUCAI/ASM
[LF] No direct flights on 15FEB for TUU-CAI
2026-01-30 06:06:03 | WARNING  | [lf.day.no_flights] No direct flights on 15FEB
2026-01-30 06:06:03 | INFO     | [SUCCESS] Day 15FEB
2026-01-30 06:06:03 | INFO     | [DAY_START] Processing 14FEB
[LF] Processing TUU-CAI for 14FEB
2026-01-30 06:06:03 | INFO     | [lf.day.start] Processing TUU-CAI for 14FEB
[LF] Sending SN command: SN14FEBTUUCAI/ASM
[LF] 14FEB: found 1 direct flights
2026-01-30 06:06:04 | INFO     | [lf.day.flights_found] Found 1 flights on 14FEB
2026-01-30 06:06:06 | INFO     | [lf.flight.extracted] SM326 on 14FEB: BKG=26, LF=26.8%
[LF] SM326 14FEB: BKG=26, GRP=0, CAP=97, LF%=26.8%, Brd-Off=TUU-CAI, Classes: I:24, X:1, G:1
[LF] Getting WEEKLY/LASTSOLD data for 1 flights
[LF] SM326 14FEB: LASTSOLD=2026-01-29 00:00:00, WEEKLY=25, TODAY=0, YDAY=3
2026-01-30 06:06:09 | INFO     | [SUCCESS] Day 14FEB
2026-01-30 06:06:09 | INFO     | [DAY_START] Processing 13FEB
[LF] Processing TUU-CAI for 13FEB
2026-01-30 06:06:09 | INFO     | [lf.day.start] Processing TUU-CAI for 13FEB
[LF] Sending SN command: SN13FEBTUUCAI/ASM
[LF] No direct flights on 13FEB for TUU-CAI
2026-01-30 06:06:10 | WARNING  | [lf.day.no_flights] No direct flights on 13FEB
2026-01-30 06:06:10 | INFO     | [SUCCESS] Day 13FEB
2026-01-30 06:06:10 | INFO     | [DAY_START] Processing 12FEB
[LF] Processing TUU-CAI for 12FEB
2026-01-30 06:06:10 | INFO     | [lf.day.start] Processing TUU-CAI for 12FEB
[LF] Sending SN command: SN12FEBTUUCAI/ASM
[LF] 12FEB: found 1 direct flights
2026-01-30 06:06:12 | INFO     | [lf.day.flights_found] Found 1 flights on 12FEB
2026-01-30 06:06:14 | INFO     | [lf.flight.extracted] SM326 on 12FEB: BKG=49, LF=28.0%
[LF] SM326 12FEB: BKG=49, GRP=0, CAP=175, LF%=28.0%, Brd-Off=TUU-CAI, Classes: I:31, O:10, U:4, W:1, S:2, G:1
[LF] Getting WEEKLY/LASTSOLD data for 1 flights
[LF] SM326 12FEB: LASTSOLD=2026-01-29 00:00:00, WEEKLY=33, TODAY=0, YDAY=1
2026-01-30 06:06:18 | INFO     | [SUCCESS] Day 12FEB
2026-01-30 06:06:18 | INFO     | [DAY_START] Processing 11FEB
[LF] Processing TUU-CAI for 11FEB
2026-01-30 06:06:18 | INFO     | [lf.day.start] Processing TUU-CAI for 11FEB
[LF] Sending SN command: SN11FEBTUUCAI/ASM
[LF] 11FEB: found 1 direct flights
2026-01-30 06:06:19 | INFO     | [lf.day.flights_found] Found 1 flights on 11FEB
2026-01-30 06:06:21 | INFO     | [lf.flight.extracted] SM326 on 11FEB: BKG=36, LF=20.6%
[LF] SM326 11FEB: BKG=36, GRP=0, CAP=175, LF%=20.6%, Brd-Off=TUU-CAI, Classes: I:29, O:6, U:1
[LF] Getting WEEKLY/LASTSOLD data for 1 flights
[LF] SM326 11FEB: LASTSOLD=2026-01-29 00:00:00, WEEKLY=20, TODAY=0, YDAY=7
2026-01-30 06:06:24 | INFO     | [SUCCESS] Day 11FEB
2026-01-30 06:06:24 | INFO     | [DAY_START] Processing 10FEB
[LF] Processing TUU-CAI for 10FEB
2026-01-30 06:06:24 | INFO     | [lf.day.start] Processing TUU-CAI for 10FEB
[LF] Sending SN command: SN10FEBTUUCAI/ASM
[LF] No direct flights on 10FEB for TUU-CAI
2026-01-30 06:06:25 | WARNING  | [lf.day.no_flights] No direct flights on 10FEB
2026-01-30 06:06:25 | INFO     | [SUCCESS] Day 10FEB
2026-01-30 06:06:25 | INFO     | [DAY_START] Processing 09FEB
[LF] Processing TUU-CAI for 09FEB
2026-01-30 06:06:25 | INFO     | [lf.day.start] Processing TUU-CAI for 09FEB
[LF] Sending SN command: SN09FEBTUUCAI/ASM
[LF] No direct flights on 09FEB for TUU-CAI
2026-01-30 06:06:26 | WARNING  | [lf.day.no_flights] No direct flights on 09FEB
2026-01-30 06:06:26 | INFO     | [SUCCESS] Day 09FEB
[LF] Results summary:
  2026-02-18: 1 flights
  2026-02-17: 0 flights
  2026-02-16: 0 flights
  2026-02-15: 0 flights
  2026-02-14: 1 flights
  2026-02-13: 0 flights
  2026-02-12: 1 flights
  2026-02-11: 1 flights
  2026-02-10: 0 flights
  2026-02-09: 0 flights
2026-01-30 06:06:26 | INFO     | [SUCCESS] LF Search Complete

============================================================
[Worker_9233] ✓ COMPLETED: TUU-CAI
  Results: 10 dates
  Errors: 0 dates
  Total Processed: 66 groups
============================================================

2026-01-30 06:06:26 | INFO     | [Worker_9233] Completed: TUU-CAI - 10 results, 0 errors

============================================================
[Worker_9233] Processing: AJF-ATZ
  Tier 0: Range 1, Chunk 2/3
  Dates: 10 days
  Date Range: 2026-02-18 to 2026-02-09
============================================================

2026-01-30 06:06:26 | INFO     | [Worker_9233] Processing: AJF-ATZ
2026-01-30 06:06:26 | INFO     |   Tier 0: Range 1, Chunk 2/3 (10 days)
2026-01-30 06:06:26 | INFO     | ======================================================================
2026-01-30 06:06:26 | INFO     | Load Factor Scraper Started - Route: AJF-ATZ
2026-01-30 06:06:26 | INFO     | Log file: D:\CODERED\LAB\Artifacts\outputs\run_generated_300126_at_05.16\logs\LF_AJF-ATZ_20260130_060626.log
2026-01-30 06:06:26 | INFO     | Enhanced logging: Capturing both logging.info() and print()
2026-01-30 06:06:26 | INFO     | ======================================================================
[LF] Processing dates (override): ['18FEB', '17FEB', '16FEB', '15FEB', '14FEB', '13FEB', '12FEB', '11FEB', '10FEB', '09FEB']
[LF] Attaching to Chrome for Altea access
2026-01-30 06:06:26 | INFO     | Starting LF search for route: AJF-ATZ
2026-01-30 06:06:26 | INFO     | [START] LF Search
[LF][[OK] SUCCESS] Connected to Chrome on 127.0.0.1:9233 (after 1 attempts)
2026-01-30 06:06:27 | INFO     | [HEALTH CHECK] [OK] Chrome connection is healthy
[LF][[OK] SUCCESS] Found Amadeus Altea window: Altéa Reservation Desktop
[LF][[INFO] INFO] URL: https://tc212.resdesktop.altea.amadeus.com/app_ard/apf/init/login?SITE=ESMPESMP&LANGUAGE=GB&MARKETS=ARDW_PROD_WBP&ACTION=clpLogin
2026-01-30 06:06:27 | INFO     | [DAY_START] Processing 18FEB
[LF] Processing AJF-ATZ for 18FEB
2026-01-30 06:06:27 | INFO     | [lf.day.start] Processing AJF-ATZ for 18FEB
[LF] Sending SN command: SN18FEBAJFATZ/ASM
[LF] No direct flights on 18FEB for AJF-ATZ
2026-01-30 06:06:28 | WARNING  | [lf.day.no_flights] No direct flights on 18FEB
2026-01-30 06:06:28 | INFO     | [SUCCESS] Day 18FEB
2026-01-30 06:06:28 | INFO     | [DAY_START] Processing 17FEB
[LF] Processing AJF-ATZ for 17FEB
2026-01-30 06:06:28 | INFO     | [lf.day.start] Processing AJF-ATZ for 17FEB
[LF] Sending SN command: SN17FEBAJFATZ/ASM
[LF] No direct flights on 17FEB for AJF-ATZ
2026-01-30 06:06:30 | WARNING  | [lf.day.no_flights] No direct flights on 17FEB
2026-01-30 06:06:30 | INFO     | [SUCCESS] Day 17FEB
2026-01-30 06:06:30 | INFO     | [DAY_START] Processing 16FEB
[LF] Processing AJF-ATZ for 16FEB
2026-01-30 06:06:30 | INFO     | [lf.day.start] Processing AJF-ATZ for 16FEB
[LF] Sending SN command: SN16FEBAJFATZ/ASM
[LF] No direct flights on 16FEB for AJF-ATZ
2026-01-30 06:06:31 | WARNING  | [lf.day.no_flights] No direct flights on 16FEB
2026-01-30 06:06:31 | INFO     | [SUCCESS] Day 16FEB
2026-01-30 06:06:31 | INFO     | [DAY_START] Processing 15FEB
[LF] Processing AJF-ATZ for 15FEB
2026-01-30 06:06:31 | INFO     | [lf.day.start] Processing AJF-ATZ for 15FEB
[LF] Sending SN command: SN15FEBAJFATZ/ASM
[LF] No direct flights on 15FEB for AJF-ATZ
2026-01-30 06:06:32 | WARNING  | [lf.day.no_flights] No direct flights on 15FEB
2026-01-30 06:06:32 | INFO     | [SUCCESS] Day 15FEB
2026-01-30 06:06:32 | INFO     | [DAY_START] Processing 14FEB
[LF] Processing AJF-ATZ for 14FEB
2026-01-30 06:06:32 | INFO     | [lf.day.start] Processing AJF-ATZ for 14FEB
[LF] Sending SN command: SN14FEBAJFATZ/ASM
[LF] No direct flights on 14FEB for AJF-ATZ
2026-01-30 06:06:33 | WARNING  | [lf.day.no_flights] No direct flights on 14FEB
2026-01-30 06:06:33 | INFO     | [SUCCESS] Day 14FEB
2026-01-30 06:06:33 | INFO     | [DAY_START] Processing 13FEB
[LF] Processing AJF-ATZ for 13FEB
2026-01-30 06:06:33 | INFO     | [lf.day.start] Processing AJF-ATZ for 13FEB
[LF] Sending SN command: SN13FEBAJFATZ/ASM
[LF] 13FEB: found 1 direct flights
2026-01-30 06:06:34 | INFO     | [lf.day.flights_found] Found 1 flights on 13FEB
2026-01-30 06:06:36 | INFO     | [lf.flight.extracted] SM324 on 13FEB: BKG=114, LF=65.1%
[LF] SM324 13FEB: BKG=114, GRP=0, CAP=175, LF%=65.1%, Brd-Off=AJF-ATZ, Classes: I:13, O:13, U:13, X:13, T:13, W:13, S:18, G:13, L:5
[LF] Getting WEEKLY/LASTSOLD data for 1 flights
[LF] SM324 13FEB: LASTSOLD=2026-01-29 00:00:00, WEEKLY=24, TODAY=0, YDAY=4
2026-01-30 06:06:42 | INFO     | [SUCCESS] Day 13FEB
2026-01-30 06:06:42 | INFO     | [DAY_START] Processing 12FEB
[LF] Processing AJF-ATZ for 12FEB
2026-01-30 06:06:42 | INFO     | [lf.day.start] Processing AJF-ATZ for 12FEB
[LF] Sending SN command: SN12FEBAJFATZ/ASM
[LF] No direct flights on 12FEB for AJF-ATZ
2026-01-30 06:06:43 | WARNING  | [lf.day.no_flights] No direct flights on 12FEB
2026-01-30 06:06:43 | INFO     | [SUCCESS] Day 12FEB
2026-01-30 06:06:43 | INFO     | [DAY_START] Processing 11FEB
[LF] Processing AJF-ATZ for 11FEB
2026-01-30 06:06:43 | INFO     | [lf.day.start] Processing AJF-ATZ for 11FEB
[LF] Sending SN command: SN11FEBAJFATZ/ASM
[LF] No direct flights on 11FEB for AJF-ATZ
2026-01-30 06:06:44 | WARNING  | [lf.day.no_flights] No direct flights on 11FEB
2026-01-30 06:06:44 | INFO     | [SUCCESS] Day 11FEB
2026-01-30 06:06:44 | INFO     | [DAY_START] Processing 10FEB
[LF] Processing AJF-ATZ for 10FEB
2026-01-30 06:06:44 | INFO     | [lf.day.start] Processing AJF-ATZ for 10FEB
[LF] Sending SN command: SN10FEBAJFATZ/ASM
[LF] No direct flights on 10FEB for AJF-ATZ
2026-01-30 06:06:45 | WARNING  | [lf.day.no_flights] No direct flights on 10FEB
2026-01-30 06:06:45 | INFO     | [SUCCESS] Day 10FEB
2026-01-30 06:06:45 | INFO     | [DAY_START] Processing 09FEB
[LF] Processing AJF-ATZ for 09FEB
2026-01-30 06:06:45 | INFO     | [lf.day.start] Processing AJF-ATZ for 09FEB
[LF] Sending SN command: SN09FEBAJFATZ/ASM
[LF] No direct flights on 09FEB for AJF-ATZ
2026-01-30 06:06:46 | WARNING  | [lf.day.no_flights] No direct flights on 09FEB
2026-01-30 06:06:46 | INFO     | [SUCCESS] Day 09FEB
[LF] Results summary:
  2026-02-18: 0 flights
  2026-02-17: 0 flights
  2026-02-16: 0 flights
  2026-02-15: 0 flights
  2026-02-14: 0 flights
  2026-02-13: 1 flights
  2026-02-12: 0 flights
  2026-02-11: 0 flights
  2026-02-10: 0 flights
  2026-02-09: 0 flights
2026-01-30 06:06:46 | INFO     | [SUCCESS] LF Search Complete

============================================================
[Worker_9233] ✓ COMPLETED: AJF-ATZ
  Results: 10 dates
  Errors: 0 dates
  Total Processed: 67 groups
============================================================

2026-01-30 06:06:46 | INFO     | [Worker_9233] Completed: AJF-ATZ - 10 results, 0 errors

============================================================
[Worker_9233] Processing: AHB-ATZ
  Tier 0: Range 1, Chunk 2/3
  Dates: 10 days
  Date Range: 2026-02-18 to 2026-02-09
============================================================

2026-01-30 06:06:46 | INFO     | [Worker_9233] Processing: AHB-ATZ
2026-01-30 06:06:46 | INFO     |   Tier 0: Range 1, Chunk 2/3 (10 days)
2026-01-30 06:06:47 | INFO     | ======================================================================
2026-01-30 06:06:47 | INFO     | Load Factor Scraper Started - Route: AHB-ATZ
2026-01-30 06:06:47 | INFO     | Log file: D:\CODERED\LAB\Artifacts\outputs\run_generated_300126_at_05.16\logs\LF_AHB-ATZ_20260130_060646.log
2026-01-30 06:06:47 | INFO     | Enhanced logging: Capturing both logging.info() and print()
2026-01-30 06:06:47 | INFO     | ======================================================================
[LF] Processing dates (override): ['18FEB', '17FEB', '16FEB', '15FEB', '14FEB', '13FEB', '12FEB', '11FEB', '10FEB', '09FEB']
[LF] Attaching to Chrome for Altea access
2026-01-30 06:06:47 | INFO     | Starting LF search for route: AHB-ATZ
2026-01-30 06:06:47 | INFO     | [START] LF Search
[LF][[OK] SUCCESS] Connected to Chrome on 127.0.0.1:9233 (after 1 attempts)
2026-01-30 06:06:47 | INFO     | [HEALTH CHECK] [OK] Chrome connection is healthy
[LF][[OK] SUCCESS] Found Amadeus Altea window: Altéa Reservation Desktop
[LF][[INFO] INFO] URL: https://tc212.resdesktop.altea.amadeus.com/app_ard/apf/init/login?SITE=ESMPESMP&LANGUAGE=GB&MARKETS=ARDW_PROD_WBP&ACTION=clpLogin
2026-01-30 06:06:47 | INFO     | [DAY_START] Processing 18FEB
[LF] Processing AHB-ATZ for 18FEB
2026-01-30 06:06:47 | INFO     | [lf.day.start] Processing AHB-ATZ for 18FEB
[LF] Sending SN command: SN18FEBAHBATZ/ASM
[LF] No direct flights on 18FEB for AHB-ATZ
2026-01-30 06:06:49 | WARNING  | [lf.day.no_flights] No direct flights on 18FEB
2026-01-30 06:06:49 | INFO     | [SUCCESS] Day 18FEB
2026-01-30 06:06:49 | INFO     | [DAY_START] Processing 17FEB
[LF] Processing AHB-ATZ for 17FEB
2026-01-30 06:06:49 | INFO     | [lf.day.start] Processing AHB-ATZ for 17FEB
[LF] Sending SN command: SN17FEBAHBATZ/ASM
[LF] No direct flights on 17FEB for AHB-ATZ
2026-01-30 06:06:50 | WARNING  | [lf.day.no_flights] No direct flights on 17FEB
2026-01-30 06:06:50 | INFO     | [SUCCESS] Day 17FEB
2026-01-30 06:06:50 | INFO     | [DAY_START] Processing 16FEB
[LF] Processing AHB-ATZ for 16FEB
2026-01-30 06:06:50 | INFO     | [lf.day.start] Processing AHB-ATZ for 16FEB
[LF] Sending SN command: SN16FEBAHBATZ/ASM
[LF] No direct flights on 16FEB for AHB-ATZ
2026-01-30 06:06:51 | WARNING  | [lf.day.no_flights] No direct flights on 16FEB
2026-01-30 06:06:51 | INFO     | [SUCCESS] Day 16FEB
2026-01-30 06:06:51 | INFO     | [DAY_START] Processing 15FEB
[LF] Processing AHB-ATZ for 15FEB
2026-01-30 06:06:51 | INFO     | [lf.day.start] Processing AHB-ATZ for 15FEB
[LF] Sending SN command: SN15FEBAHBATZ/ASM
[LF] No direct flights on 15FEB for AHB-ATZ
2026-01-30 06:06:53 | WARNING  | [lf.day.no_flights] No direct flights on 15FEB
2026-01-30 06:06:53 | INFO     | [SUCCESS] Day 15FEB
2026-01-30 06:06:53 | INFO     | [DAY_START] Processing 14FEB
[LF] Processing AHB-ATZ for 14FEB
2026-01-30 06:06:53 | INFO     | [lf.day.start] Processing AHB-ATZ for 14FEB
[LF] Sending SN command: SN14FEBAHBATZ/ASM
[LF] No direct flights on 14FEB for AHB-ATZ
2026-01-30 06:06:54 | WARNING  | [lf.day.no_flights] No direct flights on 14FEB
2026-01-30 06:06:54 | INFO     | [SUCCESS] Day 14FEB
2026-01-30 06:06:54 | INFO     | [DAY_START] Processing 13FEB
[LF] Processing AHB-ATZ for 13FEB
2026-01-30 06:06:54 | INFO     | [lf.day.start] Processing AHB-ATZ for 13FEB
[LF] Sending SN command: SN13FEBAHBATZ/ASM
[LF] 13FEB: found 1 direct flights
2026-01-30 06:06:55 | INFO     | [lf.day.flights_found] Found 1 flights on 13FEB
2026-01-30 06:06:57 | INFO     | [lf.flight.extracted] SM446 on 13FEB: BKG=47, LF=26.9%
[LF] SM446 13FEB: BKG=47, GRP=0, CAP=175, LF%=26.9%, Brd-Off=AHB-ATZ, Classes: X:1, G:25, L:10, V:11
[LF] Getting WEEKLY/LASTSOLD data for 1 flights
[LF] SM446 13FEB: LASTSOLD=2026-01-29 00:00:00, WEEKLY=5, TODAY=0, YDAY=3
2026-01-30 06:07:01 | INFO     | [SUCCESS] Day 13FEB
2026-01-30 06:07:01 | INFO     | [DAY_START] Processing 12FEB
[LF] Processing AHB-ATZ for 12FEB
2026-01-30 06:07:01 | INFO     | [lf.day.start] Processing AHB-ATZ for 12FEB
[LF] Sending SN command: SN12FEBAHBATZ/ASM
[LF] No direct flights on 12FEB for AHB-ATZ
2026-01-30 06:07:02 | WARNING  | [lf.day.no_flights] No direct flights on 12FEB
2026-01-30 06:07:02 | INFO     | [SUCCESS] Day 12FEB
2026-01-30 06:07:02 | INFO     | [DAY_START] Processing 11FEB
[LF] Processing AHB-ATZ for 11FEB
2026-01-30 06:07:02 | INFO     | [lf.day.start] Processing AHB-ATZ for 11FEB
[LF] Sending SN command: SN11FEBAHBATZ/ASM
[LF] No direct flights on 11FEB for AHB-ATZ
2026-01-30 06:07:03 | WARNING  | [lf.day.no_flights] No direct flights on 11FEB
2026-01-30 06:07:03 | INFO     | [SUCCESS] Day 11FEB
2026-01-30 06:07:03 | INFO     | [DAY_START] Processing 10FEB
[LF] Processing AHB-ATZ for 10FEB
2026-01-30 06:07:03 | INFO     | [lf.day.start] Processing AHB-ATZ for 10FEB
[LF] Sending SN command: SN10FEBAHBATZ/ASM
[LF] No direct flights on 10FEB for AHB-ATZ
2026-01-30 06:07:04 | WARNING  | [lf.day.no_flights] No direct flights on 10FEB
2026-01-30 06:07:04 | INFO     | [SUCCESS] Day 10FEB
2026-01-30 06:07:04 | INFO     | [DAY_START] Processing 09FEB
[LF] Processing AHB-ATZ for 09FEB
2026-01-30 06:07:04 | INFO     | [lf.day.start] Processing AHB-ATZ for 09FEB
[LF] Sending SN command: SN09FEBAHBATZ/ASM
[LF] No direct flights on 09FEB for AHB-ATZ
2026-01-30 06:07:05 | WARNING  | [lf.day.no_flights] No direct flights on 09FEB
2026-01-30 06:07:05 | INFO     | [SUCCESS] Day 09FEB
[LF] Results summary:
  2026-02-18: 0 flights
  2026-02-17: 0 flights
  2026-02-16: 0 flights
  2026-02-15: 0 flights
  2026-02-14: 0 flights
  2026-02-13: 1 flights
  2026-02-12: 0 flights
  2026-02-11: 0 flights
  2026-02-10: 0 flights
  2026-02-09: 0 flights
2026-01-30 06:07:05 | INFO     | [SUCCESS] LF Search Complete

============================================================
[Worker_9233] ✓ COMPLETED: AHB-ATZ
  Results: 10 dates
  Errors: 0 dates
  Total Processed: 68 groups
============================================================

2026-01-30 06:07:05 | INFO     | [Worker_9233] Completed: AHB-ATZ - 10 results, 0 errors

============================================================
[Worker_9233] Processing: GIZ-CAI
  Tier 0: Range 1, Chunk 2/3
  Dates: 10 days
  Date Range: 2026-02-18 to 2026-02-09
============================================================

2026-01-30 06:07:05 | INFO     | [Worker_9233] Processing: GIZ-CAI
2026-01-30 06:07:05 | INFO     |   Tier 0: Range 1, Chunk 2/3 (10 days)
2026-01-30 06:07:05 | INFO     | ======================================================================
2026-01-30 06:07:05 | INFO     | Load Factor Scraper Started - Route: GIZ-CAI
2026-01-30 06:07:05 | INFO     | Log file: D:\CODERED\LAB\Artifacts\outputs\run_generated_300126_at_05.16\logs\LF_GIZ-CAI_20260130_060705.log
2026-01-30 06:07:05 | INFO     | Enhanced logging: Capturing both logging.info() and print()
2026-01-30 06:07:05 | INFO     | ======================================================================
[LF] Processing dates (override): ['18FEB', '17FEB', '16FEB', '15FEB', '14FEB', '13FEB', '12FEB', '11FEB', '10FEB', '09FEB']
[LF] Attaching to Chrome for Altea access
2026-01-30 06:07:05 | INFO     | Starting LF search for route: GIZ-CAI
2026-01-30 06:07:05 | INFO     | [START] LF Search
[LF][[OK] SUCCESS] Connected to Chrome on 127.0.0.1:9233 (after 1 attempts)
2026-01-30 06:07:06 | INFO     | [HEALTH CHECK] [OK] Chrome connection is healthy
[LF][[OK] SUCCESS] Found Amadeus Altea window: Altéa Reservation Desktop
[LF][[INFO] INFO] URL: https://tc212.resdesktop.altea.amadeus.com/app_ard/apf/init/login?SITE=ESMPESMP&LANGUAGE=GB&MARKETS=ARDW_PROD_WBP&ACTION=clpLogin
2026-01-30 06:07:06 | INFO     | [DAY_START] Processing 18FEB
[LF] Processing GIZ-CAI for 18FEB
2026-01-30 06:07:06 | INFO     | [lf.day.start] Processing GIZ-CAI for 18FEB
[LF] Sending SN command: SN18FEBGIZCAI/ASM
[LF] No direct flights on 18FEB for GIZ-CAI
2026-01-30 06:07:07 | WARNING  | [lf.day.no_flights] No direct flights on 18FEB
2026-01-30 06:07:07 | INFO     | [SUCCESS] Day 18FEB
2026-01-30 06:07:07 | INFO     | [DAY_START] Processing 17FEB
[LF] Processing GIZ-CAI for 17FEB
2026-01-30 06:07:07 | INFO     | [lf.day.start] Processing GIZ-CAI for 17FEB
[LF] Sending SN command: SN17FEBGIZCAI/ASM
[LF] No direct flights on 17FEB for GIZ-CAI
2026-01-30 06:07:08 | WARNING  | [lf.day.no_flights] No direct flights on 17FEB
2026-01-30 06:07:08 | INFO     | [SUCCESS] Day 17FEB
2026-01-30 06:07:08 | INFO     | [DAY_START] Processing 16FEB
[LF] Processing GIZ-CAI for 16FEB
2026-01-30 06:07:08 | INFO     | [lf.day.start] Processing GIZ-CAI for 16FEB
[LF] Sending SN command: SN16FEBGIZCAI/ASM
[LF] No direct flights on 16FEB for GIZ-CAI
2026-01-30 06:07:10 | WARNING  | [lf.day.no_flights] No direct flights on 16FEB
2026-01-30 06:07:10 | INFO     | [SUCCESS] Day 16FEB
2026-01-30 06:07:10 | INFO     | [DAY_START] Processing 15FEB
[LF] Processing GIZ-CAI for 15FEB
2026-01-30 06:07:10 | INFO     | [lf.day.start] Processing GIZ-CAI for 15FEB
[LF] Sending SN command: SN15FEBGIZCAI/ASM
[LF] 15FEB: found 1 direct flights
2026-01-30 06:07:11 | INFO     | [lf.day.flights_found] Found 1 flights on 15FEB
2026-01-30 06:07:13 | INFO     | [lf.flight.extracted] SM330 on 15FEB: BKG=58, LF=33.1%
[LF] SM330 15FEB: BKG=58, GRP=0, CAP=175, LF%=33.1%, Brd-Off=GIZ-CAI, Classes: O:1, U:26, X:13, T:8, G:9, K:1
[LF] Getting WEEKLY/LASTSOLD data for 1 flights
[LF] SM330 15FEB: LASTSOLD=2026-01-29 00:00:00, WEEKLY=18, TODAY=0, YDAY=5
2026-01-30 06:07:17 | INFO     | [SUCCESS] Day 15FEB
2026-01-30 06:07:17 | INFO     | [DAY_START] Processing 14FEB
[LF] Processing GIZ-CAI for 14FEB
2026-01-30 06:07:17 | INFO     | [lf.day.start] Processing GIZ-CAI for 14FEB
[LF] Sending SN command: SN14FEBGIZCAI/ASM
[LF] No direct flights on 14FEB for GIZ-CAI
2026-01-30 06:07:18 | WARNING  | [lf.day.no_flights] No direct flights on 14FEB
2026-01-30 06:07:18 | INFO     | [SUCCESS] Day 14FEB
2026-01-30 06:07:18 | INFO     | [DAY_START] Processing 13FEB
[LF] Processing GIZ-CAI for 13FEB
2026-01-30 06:07:18 | INFO     | [lf.day.start] Processing GIZ-CAI for 13FEB
[LF] Sending SN command: SN13FEBGIZCAI/ASM
[LF] 13FEB: found 1 direct flights
2026-01-30 06:07:19 | INFO     | [lf.day.flights_found] Found 1 flights on 13FEB
2026-01-30 06:07:22 | INFO     | [lf.flight.extracted] SM330 on 13FEB: BKG=66, LF=37.7%
[LF] SM330 13FEB: BKG=66, GRP=0, CAP=175, LF%=37.7%, Brd-Off=GIZ-CAI, Classes: U:46, X:16, G:4
[LF] Getting WEEKLY/LASTSOLD data for 1 flights
[LF] SM330 13FEB: LASTSOLD=2026-01-29 00:00:00, WEEKLY=27, TODAY=0, YDAY=4
2026-01-30 06:07:27 | INFO     | [SUCCESS] Day 13FEB
2026-01-30 06:07:27 | INFO     | [DAY_START] Processing 12FEB
[LF] Processing GIZ-CAI for 12FEB
2026-01-30 06:07:27 | INFO     | [lf.day.start] Processing GIZ-CAI for 12FEB
[LF] Sending SN command: SN12FEBGIZCAI/ASM
[LF] No direct flights on 12FEB for GIZ-CAI
2026-01-30 06:07:28 | WARNING  | [lf.day.no_flights] No direct flights on 12FEB
2026-01-30 06:07:28 | INFO     | [SUCCESS] Day 12FEB
2026-01-30 06:07:28 | INFO     | [DAY_START] Processing 11FEB
[LF] Processing GIZ-CAI for 11FEB
2026-01-30 06:07:28 | INFO     | [lf.day.start] Processing GIZ-CAI for 11FEB
[LF] Sending SN command: SN11FEBGIZCAI/ASM
[LF] No direct flights on 11FEB for GIZ-CAI
2026-01-30 06:07:29 | WARNING  | [lf.day.no_flights] No direct flights on 11FEB
2026-01-30 06:07:29 | INFO     | [SUCCESS] Day 11FEB
2026-01-30 06:07:29 | INFO     | [DAY_START] Processing 10FEB
[LF] Processing GIZ-CAI for 10FEB
2026-01-30 06:07:29 | INFO     | [lf.day.start] Processing GIZ-CAI for 10FEB
[LF] Sending SN command: SN10FEBGIZCAI/ASM
[LF] No direct flights on 10FEB for GIZ-CAI
2026-01-30 06:07:30 | WARNING  | [lf.day.no_flights] No direct flights on 10FEB
2026-01-30 06:07:30 | INFO     | [SUCCESS] Day 10FEB
2026-01-30 06:07:30 | INFO     | [DAY_START] Processing 09FEB
[LF] Processing GIZ-CAI for 09FEB
2026-01-30 06:07:30 | INFO     | [lf.day.start] Processing GIZ-CAI for 09FEB
[LF] Sending SN command: SN09FEBGIZCAI/ASM
[LF] No direct flights on 09FEB for GIZ-CAI
2026-01-30 06:07:31 | WARNING  | [lf.day.no_flights] No direct flights on 09FEB
2026-01-30 06:07:31 | INFO     | [SUCCESS] Day 09FEB
[LF] Results summary:
  2026-02-18: 0 flights
  2026-02-17: 0 flights
  2026-02-16: 0 flights
  2026-02-15: 1 flights
  2026-02-14: 0 flights
  2026-02-13: 1 flights
  2026-02-12: 0 flights
  2026-02-11: 0 flights
  2026-02-10: 0 flights
  2026-02-09: 0 flights
2026-01-30 06:07:31 | INFO     | [SUCCESS] LF Search Complete

============================================================
[Worker_9233] ✓ COMPLETED: GIZ-CAI
  Results: 10 dates
  Errors: 0 dates
  Total Processed: 69 groups
============================================================

2026-01-30 06:07:31 | INFO     | [Worker_9233] Completed: GIZ-CAI - 10 results, 0 errors

============================================================
[Worker_9233] Processing: ATZ-MED
  Tier 0: Range 1, Chunk 2/3
  Dates: 10 days
  Date Range: 2026-02-18 to 2026-02-09
============================================================

2026-01-30 06:07:31 | INFO     | [Worker_9233] Processing: ATZ-MED
2026-01-30 06:07:31 | INFO     |   Tier 0: Range 1, Chunk 2/3 (10 days)
2026-01-30 06:07:31 | INFO     | ======================================================================
2026-01-30 06:07:31 | INFO     | Load Factor Scraper Started - Route: ATZ-MED
2026-01-30 06:07:31 | INFO     | Log file: D:\CODERED\LAB\Artifacts\outputs\run_generated_300126_at_05.16\logs\LF_ATZ-MED_20260130_060731.log
2026-01-30 06:07:31 | INFO     | Enhanced logging: Capturing both logging.info() and print()
2026-01-30 06:07:31 | INFO     | ======================================================================
[LF] Processing dates (override): ['18FEB', '17FEB', '16FEB', '15FEB', '14FEB', '13FEB', '12FEB', '11FEB', '10FEB', '09FEB']
[LF] Attaching to Chrome for Altea access
2026-01-30 06:07:31 | INFO     | Starting LF search for route: ATZ-MED
2026-01-30 06:07:31 | INFO     | [START] LF Search
[LF][[OK] SUCCESS] Connected to Chrome on 127.0.0.1:9233 (after 1 attempts)
2026-01-30 06:07:32 | INFO     | [HEALTH CHECK] [OK] Chrome connection is healthy
[LF][[OK] SUCCESS] Found Amadeus Altea window: Altéa Reservation Desktop
[LF][[INFO] INFO] URL: https://tc212.resdesktop.altea.amadeus.com/app_ard/apf/init/login?SITE=ESMPESMP&LANGUAGE=GB&MARKETS=ARDW_PROD_WBP&ACTION=clpLogin
2026-01-30 06:07:32 | INFO     | [DAY_START] Processing 18FEB
[LF] Processing ATZ-MED for 18FEB
2026-01-30 06:07:32 | INFO     | [lf.day.start] Processing ATZ-MED for 18FEB
[LF] Sending SN command: SN18FEBATZMED/ASM
[LF] 18FEB: found 1 direct flights
2026-01-30 06:07:33 | INFO     | [lf.day.flights_found] Found 1 flights on 18FEB
2026-01-30 06:07:35 | INFO     | [lf.flight.extracted] SM489 on 18FEB: BKG=225, LF=125.7%
[LF] SM489 18FEB: BKG=225, GRP=225, CAP=179, LF%=125.7%, Brd-Off=ATZ-MED, Classes: P:225
[LF] Getting WEEKLY/LASTSOLD data for 1 flights
[LF] SM489 18FEB: LASTSOLD=2026-01-09 00:00:00, WEEKLY=0, TODAY=0, YDAY=0
2026-01-30 06:07:38 | INFO     | [SUCCESS] Day 18FEB
2026-01-30 06:07:38 | INFO     | [DAY_START] Processing 17FEB
[LF] Processing ATZ-MED for 17FEB
2026-01-30 06:07:38 | INFO     | [lf.day.start] Processing ATZ-MED for 17FEB
[LF] Sending SN command: SN17FEBATZMED/ASM
[LF] 17FEB: found 1 direct flights
2026-01-30 06:07:39 | INFO     | [lf.day.flights_found] Found 1 flights on 17FEB
2026-01-30 06:07:41 | INFO     | [lf.flight.extracted] SM487 on 17FEB: BKG=143, LF=79.9%
[LF] SM487 17FEB: BKG=143, GRP=135, CAP=179, LF%=79.9%, Brd-Off=ATZ-MED, Classes: P:135, X:1, G:4, L:1, V:2
[LF] Getting WEEKLY/LASTSOLD data for 1 flights
[LF] SM487 17FEB: LASTSOLD=2026-01-29 00:00:00, WEEKLY=5, TODAY=0, YDAY=4
2026-01-30 06:07:44 | INFO     | [SUCCESS] Day 17FEB
2026-01-30 06:07:44 | INFO     | [DAY_START] Processing 16FEB
[LF] Processing ATZ-MED for 16FEB
2026-01-30 06:07:44 | INFO     | [lf.day.start] Processing ATZ-MED for 16FEB
[LF] Sending SN command: SN16FEBATZMED/ASM
[LF] 16FEB: found 1 direct flights
2026-01-30 06:07:45 | INFO     | [lf.day.flights_found] Found 1 flights on 16FEB
2026-01-30 06:07:47 | INFO     | [lf.flight.extracted] SM487 on 16FEB: BKG=177, LF=98.9%
[LF] SM487 16FEB: BKG=177, GRP=175, CAP=179, LF%=98.9%, Brd-Off=ATZ-MED, Classes: P:175, V:2
[LF] Getting WEEKLY/LASTSOLD data for 1 flights
[LF] SM487 16FEB: LASTSOLD=2026-01-14 00:00:00, WEEKLY=0, TODAY=0, YDAY=0
2026-01-30 06:07:50 | INFO     | [SUCCESS] Day 16FEB
2026-01-30 06:07:50 | INFO     | [DAY_START] Processing 15FEB
[LF] Processing ATZ-MED for 15FEB
2026-01-30 06:07:50 | INFO     | [lf.day.start] Processing ATZ-MED for 15FEB
[LF] Sending SN command: SN15FEBATZMED/ASM
[LF] 15FEB: found 1 direct flights
2026-01-30 06:07:51 | INFO     | [lf.day.flights_found] Found 1 flights on 15FEB
2026-01-30 06:07:53 | INFO     | [lf.flight.extracted] SM963 on 15FEB: BKG=180, LF=100.6%
[LF] SM963 15FEB: BKG=180, GRP=180, CAP=179, LF%=100.6%, Brd-Off=ATZ-MED, Classes: P:180
[LF] Getting WEEKLY/LASTSOLD data for 1 flights
[LF] SM963 15FEB: LASTSOLD=2026-01-11 00:00:00, WEEKLY=0, TODAY=0, YDAY=0
2026-01-30 06:07:56 | INFO     | [SUCCESS] Day 15FEB
2026-01-30 06:07:56 | INFO     | [DAY_START] Processing 14FEB
[LF] Processing ATZ-MED for 14FEB
2026-01-30 06:07:56 | INFO     | [lf.day.start] Processing ATZ-MED for 14FEB
[LF] Sending SN command: SN14FEBATZMED/ASM
[LF] 14FEB: found 1 direct flights
2026-01-30 06:07:57 | INFO     | [lf.day.flights_found] Found 1 flights on 14FEB
2026-01-30 06:07:59 | INFO     | [lf.flight.extracted] SM487 on 14FEB: BKG=169, LF=94.4%
[LF] SM487 14FEB: BKG=169, GRP=135, CAP=179, LF%=94.4%, Brd-Off=ATZ-MED, Classes: P:135, V:5, K:29
[LPC] SM487 14FEB: Found 0 outbound flights with connecting passengers
[LF] Getting WEEKLY/LASTSOLD data for 1 flights
[LF] SM487 14FEB: LASTSOLD=2026-01-06 00:00:00, WEEKLY=0, TODAY=0, YDAY=0
2026-01-30 06:08:03 | INFO     | [SUCCESS] Day 14FEB
2026-01-30 06:08:03 | INFO     | [DAY_START] Processing 13FEB
[LF] Processing ATZ-MED for 13FEB
2026-01-30 06:08:03 | INFO     | [lf.day.start] Processing ATZ-MED for 13FEB
[LF] Sending SN command: SN13FEBATZMED/ASM
[LF] 13FEB: found 1 direct flights
2026-01-30 06:08:04 | INFO     | [lf.day.flights_found] Found 1 flights on 13FEB
2026-01-30 06:08:06 | INFO     | [lf.flight.extracted] SM963 on 13FEB: BKG=180, LF=100.6%
[LF] SM963 13FEB: BKG=180, GRP=180, CAP=179, LF%=100.6%, Brd-Off=ATZ-MED, Classes: P:180
[LF] Getting WEEKLY/LASTSOLD data for 1 flights
[LF] SM963 13FEB: LASTSOLD=2026-01-03 00:00:00, WEEKLY=0, TODAY=0, YDAY=0
2026-01-30 06:08:09 | INFO     | [SUCCESS] Day 13FEB
2026-01-30 06:08:09 | INFO     | [DAY_START] Processing 12FEB
[LF] Processing ATZ-MED for 12FEB
2026-01-30 06:08:09 | INFO     | [lf.day.start] Processing ATZ-MED for 12FEB
[LF] Sending SN command: SN12FEBATZMED/ASM
[LF] No direct flights on 12FEB for ATZ-MED
2026-01-30 06:08:10 | WARNING  | [lf.day.no_flights] No direct flights on 12FEB
2026-01-30 06:08:10 | INFO     | [SUCCESS] Day 12FEB
2026-01-30 06:08:10 | INFO     | [DAY_START] Processing 11FEB
[LF] Processing ATZ-MED for 11FEB
2026-01-30 06:08:10 | INFO     | [lf.day.start] Processing ATZ-MED for 11FEB
[LF] Sending SN command: SN11FEBATZMED/ASM
[LF] 11FEB: found 1 direct flights
2026-01-30 06:08:11 | INFO     | [lf.day.flights_found] Found 1 flights on 11FEB
2026-01-30 06:08:14 | INFO     | [lf.flight.extracted] SM489 on 11FEB: BKG=180, LF=100.6%
[LF] SM489 11FEB: BKG=180, GRP=180, CAP=179, LF%=100.6%, Brd-Off=ATZ-MED, Classes: P:180
[LF] Getting WEEKLY/LASTSOLD data for 1 flights
[LF] SM489 11FEB: LASTSOLD=2026-01-09 00:00:00, WEEKLY=0, TODAY=0, YDAY=0
2026-01-30 06:08:16 | INFO     | [SUCCESS] Day 11FEB
2026-01-30 06:08:16 | INFO     | [DAY_START] Processing 10FEB
[LF] Processing ATZ-MED for 10FEB
2026-01-30 06:08:16 | INFO     | [lf.day.start] Processing ATZ-MED for 10FEB
[LF] Sending SN command: SN10FEBATZMED/ASM
[LF] 10FEB: found 1 direct flights
2026-01-30 06:08:17 | INFO     | [lf.day.flights_found] Found 1 flights on 10FEB
2026-01-30 06:08:20 | INFO     | [lf.flight.extracted] SM487 on 10FEB: BKG=141, LF=78.8%
[LF] SM487 10FEB: BKG=141, GRP=135, CAP=179, LF%=78.8%, Brd-Off=ATZ-MED, Classes: P:135, V:5, K:1
[LF] Getting WEEKLY/LASTSOLD data for 1 flights
[LF] SM487 10FEB: LASTSOLD=2026-01-25 00:00:00, WEEKLY=1, TODAY=0, YDAY=0
2026-01-30 06:08:22 | INFO     | [SUCCESS] Day 10FEB
2026-01-30 06:08:22 | INFO     | [DAY_START] Processing 09FEB
[LF] Processing ATZ-MED for 09FEB
2026-01-30 06:08:22 | INFO     | [lf.day.start] Processing ATZ-MED for 09FEB
[LF] Sending SN command: SN09FEBATZMED/ASM
[LF] 09FEB: found 1 direct flights
2026-01-30 06:08:24 | INFO     | [lf.day.flights_found] Found 1 flights on 09FEB
2026-01-30 06:08:26 | INFO     | [lf.flight.extracted] SM487 on 09FEB: BKG=184, LF=102.8%
[LF] SM487 09FEB: BKG=184, GRP=180, CAP=179, LF%=102.8%, Brd-Off=ATZ-MED, Classes: P:180, V:3, K:1
[LF] Getting WEEKLY/LASTSOLD data for 1 flights
[LF] SM487 09FEB: LASTSOLD=2026-01-04 00:00:00, WEEKLY=0, TODAY=0, YDAY=0
2026-01-30 06:08:28 | INFO     | [SUCCESS] Day 09FEB
[LF] Results summary:
  2026-02-18: 1 flights
  2026-02-17: 1 flights
  2026-02-16: 1 flights
  2026-02-15: 1 flights
  2026-02-14: 1 flights
  2026-02-13: 1 flights
  2026-02-12: 0 flights
  2026-02-11: 1 flights
  2026-02-10: 1 flights
  2026-02-09: 1 flights
2026-01-30 06:08:28 | INFO     | [SUCCESS] LF Search Complete

============================================================
[Worker_9233] ✓ COMPLETED: ATZ-MED
  Results: 10 dates
  Errors: 0 dates
  Total Processed: 70 groups
============================================================

2026-01-30 06:08:41 | INFO     | [Worker_9233] Completed: ATZ-MED - 10 results, 0 errors

============================================================
[Worker_9233] Processing: ATZ-RUH
  Tier 0: Range 1, Chunk 2/3
  Dates: 10 days
  Date Range: 2026-02-18 to 2026-02-09
============================================================

2026-01-30 06:08:41 | INFO     | [Worker_9233] Processing: ATZ-RUH
2026-01-30 06:08:41 | INFO     |   Tier 0: Range 1, Chunk 2/3 (10 days)
2026-01-30 06:08:41 | INFO     | ======================================================================
2026-01-30 06:08:41 | INFO     | Load Factor Scraper Started - Route: ATZ-RUH
2026-01-30 06:08:41 | INFO     | Log file: D:\CODERED\LAB\Artifacts\outputs\run_generated_300126_at_05.16\logs\LF_ATZ-RUH_20260130_060841.log
2026-01-30 06:08:41 | INFO     | Enhanced logging: Capturing both logging.info() and print()
2026-01-30 06:08:41 | INFO     | ======================================================================
[LF] Processing dates (override): ['18FEB', '17FEB', '16FEB', '15FEB', '14FEB', '13FEB', '12FEB', '11FEB', '10FEB', '09FEB']
[LF] Attaching to Chrome for Altea access
2026-01-30 06:08:41 | INFO     | Starting LF search for route: ATZ-RUH
2026-01-30 06:08:41 | INFO     | [START] LF Search
[LF][[OK] SUCCESS] Connected to Chrome on 127.0.0.1:9233 (after 1 attempts)
2026-01-30 06:08:41 | INFO     | [HEALTH CHECK] [OK] Chrome connection is healthy
[LF][[OK] SUCCESS] Found Amadeus Altea window: Altéa Reservation Desktop
[LF][[INFO] INFO] URL: https://tc212.resdesktop.altea.amadeus.com/app_ard/apf/init/login?SITE=ESMPESMP&LANGUAGE=GB&MARKETS=ARDW_PROD_WBP&ACTION=clpLogin
2026-01-30 06:08:41 | INFO     | [DAY_START] Processing 18FEB
[LF] Processing ATZ-RUH for 18FEB
2026-01-30 06:08:41 | INFO     | [lf.day.start] Processing ATZ-RUH for 18FEB
[LF] Sending SN command: SN18FEBATZRUH/ASM
[LF] 18FEB: found 1 direct flights
2026-01-30 06:08:42 | INFO     | [lf.day.flights_found] Found 1 flights on 18FEB
2026-01-30 06:08:45 | INFO     | [lf.flight.extracted] SM465 on 18FEB: BKG=15, LF=8.4%
[LF] SM465 18FEB: BKG=15, GRP=0, CAP=179, LF%=8.4%, Brd-Off=ATZ-RUH, Classes: X:1, T:4, W:5, G:5
[LF] Getting WEEKLY/LASTSOLD data for 1 flights
[LF] SM465 18FEB: LASTSOLD=2026-01-26 00:00:00, WEEKLY=7, TODAY=0, YDAY=0
2026-01-30 06:08:47 | INFO     | [SUCCESS] Day 18FEB
2026-01-30 06:08:47 | INFO     | [DAY_START] Processing 17FEB
[LF] Processing ATZ-RUH for 17FEB
2026-01-30 06:08:47 | INFO     | [lf.day.start] Processing ATZ-RUH for 17FEB
[LF] Sending SN command: SN17FEBATZRUH/ASM
[LF] 17FEB: found 1 direct flights
2026-01-30 06:08:49 | INFO     | [lf.day.flights_found] Found 1 flights on 17FEB
2026-01-30 06:08:51 | INFO     | [lf.flight.extracted] SM463 on 17FEB: BKG=10, LF=5.6%
[LF] SM463 17FEB: BKG=10, GRP=0, CAP=179, LF%=5.6%, Brd-Off=ATZ-RUH, Classes: U:5, X:2, S:3
[LF] Getting WEEKLY/LASTSOLD data for 1 flights
[LF] SM463 17FEB: LASTSOLD=2026-01-29 00:00:00, WEEKLY=7, TODAY=0, YDAY=4
2026-01-30 06:08:54 | INFO     | [SUCCESS] Day 17FEB
2026-01-30 06:08:54 | INFO     | [DAY_START] Processing 16FEB
[LF] Processing ATZ-RUH for 16FEB
2026-01-30 06:08:54 | INFO     | [lf.day.start] Processing ATZ-RUH for 16FEB
[LF] Sending SN command: SN16FEBATZRUH/ASM
[LF] No direct flights on 16FEB for ATZ-RUH
2026-01-30 06:08:55 | WARNING  | [lf.day.no_flights] No direct flights on 16FEB
2026-01-30 06:08:55 | INFO     | [SUCCESS] Day 16FEB
2026-01-30 06:08:55 | INFO     | [DAY_START] Processing 15FEB
[LF] Processing ATZ-RUH for 15FEB
2026-01-30 06:08:55 | INFO     | [lf.day.start] Processing ATZ-RUH for 15FEB
[LF] Sending SN command: SN15FEBATZRUH/ASM
[LF] 15FEB: found 1 direct flights
2026-01-30 06:08:56 | INFO     | [lf.day.flights_found] Found 1 flights on 15FEB
2026-01-30 06:08:58 | INFO     | [lf.flight.extracted] SM463 on 15FEB: BKG=30, LF=16.8%
[LF] SM463 15FEB: BKG=30, GRP=0, CAP=179, LF%=16.8%, Brd-Off=ATZ-RUH, Classes: W:7, S:9, G:13, L:1
[LF] Getting WEEKLY/LASTSOLD data for 1 flights
[LF] SM463 15FEB: LASTSOLD=2026-01-29 00:00:00, WEEKLY=16, TODAY=0, YDAY=3
2026-01-30 06:09:02 | INFO     | [SUCCESS] Day 15FEB
2026-01-30 06:09:02 | INFO     | [DAY_START] Processing 14FEB
[LF] Processing ATZ-RUH for 14FEB
2026-01-30 06:09:02 | INFO     | [lf.day.start] Processing ATZ-RUH for 14FEB
[LF] Sending SN command: SN14FEBATZRUH/ASM
[LF] No direct flights on 14FEB for ATZ-RUH
2026-01-30 06:09:03 | WARNING  | [lf.day.no_flights] No direct flights on 14FEB
2026-01-30 06:09:03 | INFO     | [SUCCESS] Day 14FEB
2026-01-30 06:09:03 | INFO     | [DAY_START] Processing 13FEB
[LF] Processing ATZ-RUH for 13FEB
2026-01-30 06:09:03 | INFO     | [lf.day.start] Processing ATZ-RUH for 13FEB
[LF] Sending SN command: SN13FEBATZRUH/ASM
[LF] No direct flights on 13FEB for ATZ-RUH
2026-01-30 06:09:04 | WARNING  | [lf.day.no_flights] No direct flights on 13FEB
2026-01-30 06:09:04 | INFO     | [SUCCESS] Day 13FEB
2026-01-30 06:09:04 | INFO     | [DAY_START] Processing 12FEB
[LF] Processing ATZ-RUH for 12FEB
2026-01-30 06:09:04 | INFO     | [lf.day.start] Processing ATZ-RUH for 12FEB
[LF] Sending SN command: SN12FEBATZRUH/ASM
[LF] No direct flights on 12FEB for ATZ-RUH
2026-01-30 06:09:06 | WARNING  | [lf.day.no_flights] No direct flights on 12FEB
2026-01-30 06:09:06 | INFO     | [SUCCESS] Day 12FEB
2026-01-30 06:09:06 | INFO     | [DAY_START] Processing 11FEB
[LF] Processing ATZ-RUH for 11FEB
2026-01-30 06:09:06 | INFO     | [lf.day.start] Processing ATZ-RUH for 11FEB
[LF] Sending SN command: SN11FEBATZRUH/ASM
[LF] 11FEB: found 1 direct flights
2026-01-30 06:09:07 | INFO     | [lf.day.flights_found] Found 1 flights on 11FEB
2026-01-30 06:09:09 | INFO     | [lf.flight.extracted] SM465 on 11FEB: BKG=41, LF=22.9%
[LF] SM465 11FEB: BKG=41, GRP=0, CAP=179, LF%=22.9%, Brd-Off=ATZ-RUH, Classes: W:16, S:20, G:5
[LF] Getting WEEKLY/LASTSOLD data for 1 flights
[LF] SM465 11FEB: LASTSOLD=2026-01-28 00:00:00, WEEKLY=13, TODAY=0, YDAY=0
2026-01-30 06:09:12 | INFO     | [SUCCESS] Day 11FEB
2026-01-30 06:09:12 | INFO     | [DAY_START] Processing 10FEB
[LF] Processing ATZ-RUH for 10FEB
2026-01-30 06:09:12 | INFO     | [lf.day.start] Processing ATZ-RUH for 10FEB
[LF] Sending SN command: SN10FEBATZRUH/ASM
[LF] 10FEB: found 1 direct flights
2026-01-30 06:09:14 | INFO     | [lf.day.flights_found] Found 1 flights on 10FEB
2026-01-30 06:09:16 | INFO     | [lf.flight.extracted] SM463 on 10FEB: BKG=66, LF=36.9%
[LF] SM463 10FEB: BKG=66, GRP=0, CAP=179, LF%=36.9%, Brd-Off=ATZ-RUH, Classes: X:10, T:10, W:10, S:28, G:8
[LF] Getting WEEKLY/LASTSOLD data for 1 flights
[LF] SM463 10FEB: LASTSOLD=2026-01-29 00:00:00, WEEKLY=43, TODAY=0, YDAY=6
2026-01-30 06:09:21 | INFO     | [SUCCESS] Day 10FEB
2026-01-30 06:09:21 | INFO     | [DAY_START] Processing 09FEB
[LF] Processing ATZ-RUH for 09FEB
2026-01-30 06:09:21 | INFO     | [lf.day.start] Processing ATZ-RUH for 09FEB
[LF] Sending SN command: SN09FEBATZRUH/ASM
[LF] No direct flights on 09FEB for ATZ-RUH
2026-01-30 06:09:22 | WARNING  | [lf.day.no_flights] No direct flights on 09FEB
2026-01-30 06:09:22 | INFO     | [SUCCESS] Day 09FEB
[LF] Results summary:
  2026-02-18: 1 flights
  2026-02-17: 1 flights
  2026-02-16: 0 flights
  2026-02-15: 1 flights
  2026-02-14: 0 flights
  2026-02-13: 0 flights
  2026-02-12: 0 flights
  2026-02-11: 1 flights
  2026-02-10: 1 flights
  2026-02-09: 0 flights
2026-01-30 06:09:22 | INFO     | [SUCCESS] LF Search Complete

============================================================
[Worker_9233] ✓ COMPLETED: ATZ-RUH
  Results: 10 dates
  Errors: 0 dates
  Total Processed: 71 groups
============================================================

2026-01-30 06:09:22 | INFO     | [Worker_9233] Completed: ATZ-RUH - 10 results, 0 errors

============================================================
[Worker_9233] Processing: CAI-AJF
  Tier 0: Range 1, Chunk 2/3
  Dates: 10 days
  Date Range: 2026-02-18 to 2026-02-09
============================================================

2026-01-30 06:09:22 | INFO     | [Worker_9233] Processing: CAI-AJF
2026-01-30 06:09:22 | INFO     |   Tier 0: Range 1, Chunk 2/3 (10 days)
2026-01-30 06:09:22 | INFO     | ======================================================================
2026-01-30 06:09:22 | INFO     | Load Factor Scraper Started - Route: CAI-AJF
2026-01-30 06:09:22 | INFO     | Log file: D:\CODERED\LAB\Artifacts\outputs\run_generated_300126_at_05.16\logs\LF_CAI-AJF_20260130_060922.log
2026-01-30 06:09:22 | INFO     | Enhanced logging: Capturing both logging.info() and print()
2026-01-30 06:09:22 | INFO     | ======================================================================
[LF] Processing dates (override): ['18FEB', '17FEB', '16FEB', '15FEB', '14FEB', '13FEB', '12FEB', '11FEB', '10FEB', '09FEB']
[LF] Attaching to Chrome for Altea access
2026-01-30 06:09:22 | INFO     | Starting LF search for route: CAI-AJF
2026-01-30 06:09:22 | INFO     | [START] LF Search
[LF][[OK] SUCCESS] Connected to Chrome on 127.0.0.1:9233 (after 1 attempts)
2026-01-30 06:09:23 | INFO     | [HEALTH CHECK] [OK] Chrome connection is healthy
[LF][[OK] SUCCESS] Found Amadeus Altea window: Altéa Reservation Desktop
[LF][[INFO] INFO] URL: https://tc212.resdesktop.altea.amadeus.com/app_ard/apf/init/login?SITE=ESMPESMP&LANGUAGE=GB&MARKETS=ARDW_PROD_WBP&ACTION=clpLogin
2026-01-30 06:09:23 | INFO     | [DAY_START] Processing 18FEB
[LF] Processing CAI-AJF for 18FEB
2026-01-30 06:09:23 | INFO     | [lf.day.start] Processing CAI-AJF for 18FEB
[LF] Sending SN command: SN18FEBCAIAJF/ASM
[LF] No direct flights on 18FEB for CAI-AJF
2026-01-30 06:09:25 | WARNING  | [lf.day.no_flights] No direct flights on 18FEB
2026-01-30 06:09:25 | INFO     | [SUCCESS] Day 18FEB
2026-01-30 06:09:25 | INFO     | [DAY_START] Processing 17FEB
[LF] Processing CAI-AJF for 17FEB
2026-01-30 06:09:25 | INFO     | [lf.day.start] Processing CAI-AJF for 17FEB
[LF] Sending SN command: SN17FEBCAIAJF/ASM
[LF] 17FEB: found 1 direct flights
2026-01-30 06:09:26 | INFO     | [lf.day.flights_found] Found 1 flights on 17FEB
2026-01-30 06:09:29 | INFO     | [lf.flight.extracted] SM321 on 17FEB: BKG=9, LF=5.1%
[LF] SM321 17FEB: BKG=9, GRP=0, CAP=176, LF%=5.1%, Brd-Off=CAI-AJF, Classes: O:2, U:5, G:2
[LF] Getting WEEKLY/LASTSOLD data for 1 flights
[LF] SM321 17FEB: LASTSOLD=2026-01-28 00:00:00, WEEKLY=2, TODAY=0, YDAY=0
2026-01-30 06:09:32 | INFO     | [SUCCESS] Day 17FEB
2026-01-30 06:09:32 | INFO     | [DAY_START] Processing 16FEB
[LF] Processing CAI-AJF for 16FEB
2026-01-30 06:09:32 | INFO     | [lf.day.start] Processing CAI-AJF for 16FEB
[LF] Sending SN command: SN16FEBCAIAJF/ASM
[LF] No direct flights on 16FEB for CAI-AJF
2026-01-30 06:09:34 | WARNING  | [lf.day.no_flights] No direct flights on 16FEB
2026-01-30 06:09:34 | INFO     | [SUCCESS] Day 16FEB
2026-01-30 06:09:34 | INFO     | [DAY_START] Processing 15FEB
[LF] Processing CAI-AJF for 15FEB
2026-01-30 06:09:34 | INFO     | [lf.day.start] Processing CAI-AJF for 15FEB
[LF] Sending SN command: SN15FEBCAIAJF/ASM
[LF] No direct flights on 15FEB for CAI-AJF
2026-01-30 06:09:35 | WARNING  | [lf.day.no_flights] No direct flights on 15FEB
2026-01-30 06:09:35 | INFO     | [SUCCESS] Day 15FEB
2026-01-30 06:09:35 | INFO     | [DAY_START] Processing 14FEB
[LF] Processing CAI-AJF for 14FEB
2026-01-30 06:09:35 | INFO     | [lf.day.start] Processing CAI-AJF for 14FEB
[LF] Sending SN command: SN14FEBCAIAJF/ASM
[LF] 14FEB: found 1 direct flights
2026-01-30 06:09:37 | INFO     | [lf.day.flights_found] Found 1 flights on 14FEB
2026-01-30 06:09:39 | INFO     | [lf.flight.extracted] SM321 on 14FEB: BKG=29, LF=16.5%
[LF] SM321 14FEB: BKG=29, GRP=0, CAP=176, LF%=16.5%, Brd-Off=CAI-AJF, Classes: O:25, U:3, G:1
[LF] Getting WEEKLY/LASTSOLD data for 1 flights
[LF] SM321 14FEB: LASTSOLD=2026-01-29 00:00:00, WEEKLY=21, TODAY=0, YDAY=4
2026-01-30 06:09:43 | INFO     | [SUCCESS] Day 14FEB
2026-01-30 06:09:43 | INFO     | [DAY_START] Processing 13FEB
[LF] Processing CAI-AJF for 13FEB
2026-01-30 06:09:43 | INFO     | [lf.day.start] Processing CAI-AJF for 13FEB
[LF] Sending SN command: SN13FEBCAIAJF/ASM
[LF] No direct flights on 13FEB for CAI-AJF
2026-01-30 06:09:44 | WARNING  | [lf.day.no_flights] No direct flights on 13FEB
2026-01-30 06:09:44 | INFO     | [SUCCESS] Day 13FEB
2026-01-30 06:09:44 | INFO     | [DAY_START] Processing 12FEB
[LF] Processing CAI-AJF for 12FEB
2026-01-30 06:09:44 | INFO     | [lf.day.start] Processing CAI-AJF for 12FEB
[LF] Sending SN command: SN12FEBCAIAJF/ASM
[LF] 12FEB: found 1 direct flights
2026-01-30 06:09:45 | INFO     | [lf.day.flights_found] Found 1 flights on 12FEB
2026-01-30 06:09:47 | INFO     | [lf.flight.extracted] SM321 on 12FEB: BKG=22, LF=12.3%
[LF] SM321 12FEB: BKG=22, GRP=0, CAP=179, LF%=12.3%, Brd-Off=CAI-AJF, Classes: O:8, U:11, G:3
[LF] Getting WEEKLY/LASTSOLD data for 1 flights
[LF] SM321 12FEB: LASTSOLD=2026-01-29 00:00:00, WEEKLY=8, TODAY=0, YDAY=3
2026-01-30 06:09:51 | INFO     | [SUCCESS] Day 12FEB
2026-01-30 06:09:51 | INFO     | [DAY_START] Processing 11FEB
[LF] Processing CAI-AJF for 11FEB
2026-01-30 06:09:51 | INFO     | [lf.day.start] Processing CAI-AJF for 11FEB
[LF] Sending SN command: SN11FEBCAIAJF/ASM
[LF] No direct flights on 11FEB for CAI-AJF
2026-01-30 06:09:52 | WARNING  | [lf.day.no_flights] No direct flights on 11FEB
2026-01-30 06:09:52 | INFO     | [SUCCESS] Day 11FEB
2026-01-30 06:09:52 | INFO     | [DAY_START] Processing 10FEB
[LF] Processing CAI-AJF for 10FEB
2026-01-30 06:09:52 | INFO     | [lf.day.start] Processing CAI-AJF for 10FEB
[LF] Sending SN command: SN10FEBCAIAJF/ASM
[LF] 10FEB: found 1 direct flights
2026-01-30 06:09:53 | INFO     | [lf.day.flights_found] Found 1 flights on 10FEB
2026-01-30 06:09:55 | INFO     | [lf.flight.extracted] SM321 on 10FEB: BKG=26, LF=14.5%
[LF] SM321 10FEB: BKG=26, GRP=0, CAP=179, LF%=14.5%, Brd-Off=CAI-AJF, Classes: I:22, U:4
[LF] Getting WEEKLY/LASTSOLD data for 1 flights
[LF] SM321 10FEB: LASTSOLD=2026-01-29 00:00:00, WEEKLY=21, TODAY=0, YDAY=3
2026-01-30 06:09:59 | INFO     | [SUCCESS] Day 10FEB
2026-01-30 06:09:59 | INFO     | [DAY_START] Processing 09FEB
[LF] Processing CAI-AJF for 09FEB
2026-01-30 06:09:59 | INFO     | [lf.day.start] Processing CAI-AJF for 09FEB
[LF] Sending SN command: SN09FEBCAIAJF/ASM
[LF] No direct flights on 09FEB for CAI-AJF
2026-01-30 06:10:00 | WARNING  | [lf.day.no_flights] No direct flights on 09FEB
2026-01-30 06:10:00 | INFO     | [SUCCESS] Day 09FEB
[LF] Results summary:
  2026-02-18: 0 flights
  2026-02-17: 1 flights
  2026-02-16: 0 flights
  2026-02-15: 0 flights
  2026-02-14: 1 flights
  2026-02-13: 0 flights
  2026-02-12: 1 flights
  2026-02-11: 0 flights
  2026-02-10: 1 flights
  2026-02-09: 0 flights
2026-01-30 06:10:00 | INFO     | [SUCCESS] LF Search Complete

============================================================
[Worker_9233] ✓ COMPLETED: CAI-AJF
  Results: 10 dates
  Errors: 0 dates
  Total Processed: 72 groups
============================================================

2026-01-30 06:10:00 | INFO     | [Worker_9233] Completed: CAI-AJF - 10 results, 0 errors

============================================================
[Worker_9233] Processing: ATZ-ELQ
  Tier 0: Range 1, Chunk 2/3
  Dates: 10 days
  Date Range: 2026-02-18 to 2026-02-09
============================================================

2026-01-30 06:10:00 | INFO     | [Worker_9233] Processing: ATZ-ELQ
2026-01-30 06:10:00 | INFO     |   Tier 0: Range 1, Chunk 2/3 (10 days)
2026-01-30 06:10:00 | INFO     | ======================================================================
2026-01-30 06:10:00 | INFO     | Load Factor Scraper Started - Route: ATZ-ELQ
2026-01-30 06:10:00 | INFO     | Log file: D:\CODERED\LAB\Artifacts\outputs\run_generated_300126_at_05.16\logs\LF_ATZ-ELQ_20260130_061000.log
2026-01-30 06:10:00 | INFO     | Enhanced logging: Capturing both logging.info() and print()
2026-01-30 06:10:00 | INFO     | ======================================================================
[LF] Processing dates (override): ['18FEB', '17FEB', '16FEB', '15FEB', '14FEB', '13FEB', '12FEB', '11FEB', '10FEB', '09FEB']
[LF] Attaching to Chrome for Altea access
2026-01-30 06:10:00 | INFO     | Starting LF search for route: ATZ-ELQ
2026-01-30 06:10:00 | INFO     | [START] LF Search
[LF][[OK] SUCCESS] Connected to Chrome on 127.0.0.1:9233 (after 1 attempts)
2026-01-30 06:10:01 | INFO     | [HEALTH CHECK] [OK] Chrome connection is healthy
[LF][[OK] SUCCESS] Found Amadeus Altea window: Altéa Reservation Desktop
[LF][[INFO] INFO] URL: https://tc212.resdesktop.altea.amadeus.com/app_ard/apf/init/login?SITE=ESMPESMP&LANGUAGE=GB&MARKETS=ARDW_PROD_WBP&ACTION=clpLogin
2026-01-30 06:10:01 | INFO     | [DAY_START] Processing 18FEB
[LF] Processing ATZ-ELQ for 18FEB
2026-01-30 06:10:01 | INFO     | [lf.day.start] Processing ATZ-ELQ for 18FEB
[LF] Sending SN command: SN18FEBATZELQ/ASM
[LF] No direct flights on 18FEB for ATZ-ELQ
2026-01-30 06:10:03 | WARNING  | [lf.day.no_flights] No direct flights on 18FEB
2026-01-30 06:10:03 | INFO     | [SUCCESS] Day 18FEB
2026-01-30 06:10:03 | INFO     | [DAY_START] Processing 17FEB
[LF] Processing ATZ-ELQ for 17FEB
2026-01-30 06:10:03 | INFO     | [lf.day.start] Processing ATZ-ELQ for 17FEB
[LF] Sending SN command: SN17FEBATZELQ/ASM
[LF] 17FEB: found 1 direct flights
2026-01-30 06:10:05 | INFO     | [lf.day.flights_found] Found 1 flights on 17FEB
2026-01-30 06:10:07 | INFO     | [lf.flight.extracted] SM435 on 17FEB: BKG=141, LF=78.8%
[LF] SM435 17FEB: BKG=141, GRP=135, CAP=179, LF%=78.8%, Brd-Off=ATZ-ELQ, Classes: P:135, I:5, X:1
[LF] Getting WEEKLY/LASTSOLD data for 1 flights
[LF] SM435 17FEB: LASTSOLD=2026-01-27 00:00:00, WEEKLY=3, TODAY=0, YDAY=0
2026-01-30 06:10:10 | INFO     | [SUCCESS] Day 17FEB
2026-01-30 06:10:10 | INFO     | [DAY_START] Processing 16FEB
[LF] Processing ATZ-ELQ for 16FEB
2026-01-30 06:10:10 | INFO     | [lf.day.start] Processing ATZ-ELQ for 16FEB
[LF] Sending SN command: SN16FEBATZELQ/ASM
[LF] No direct flights on 16FEB for ATZ-ELQ
2026-01-30 06:10:11 | WARNING  | [lf.day.no_flights] No direct flights on 16FEB
2026-01-30 06:10:11 | INFO     | [SUCCESS] Day 16FEB
2026-01-30 06:10:11 | INFO     | [DAY_START] Processing 15FEB
[LF] Processing ATZ-ELQ for 15FEB
2026-01-30 06:10:11 | INFO     | [lf.day.start] Processing ATZ-ELQ for 15FEB
[LF] Sending SN command: SN15FEBATZELQ/ASM
[LF] No direct flights on 15FEB for ATZ-ELQ
2026-01-30 06:10:12 | WARNING  | [lf.day.no_flights] No direct flights on 15FEB
2026-01-30 06:10:12 | INFO     | [SUCCESS] Day 15FEB
2026-01-30 06:10:12 | INFO     | [DAY_START] Processing 14FEB
[LF] Processing ATZ-ELQ for 14FEB
2026-01-30 06:10:12 | INFO     | [lf.day.start] Processing ATZ-ELQ for 14FEB
[LF] Sending SN command: SN14FEBATZELQ/ASM
[LF] 14FEB: found 1 direct flights
2026-01-30 06:10:13 | INFO     | [lf.day.flights_found] Found 1 flights on 14FEB
2026-01-30 06:10:15 | INFO     | [lf.flight.extracted] SM435 on 14FEB: BKG=108, LF=60.3%
[LF] SM435 14FEB: BKG=108, GRP=90, CAP=179, LF%=60.3%, Brd-Off=ATZ-ELQ, Classes: P:90, I:10, O:3, U:2, X:1, G:2
[LF] Getting WEEKLY/LASTSOLD data for 1 flights
[LF] SM435 14FEB: LASTSOLD=2026-01-29 00:00:00, WEEKLY=12, TODAY=0, YDAY=4
2026-01-30 06:10:19 | INFO     | [SUCCESS] Day 14FEB
2026-01-30 06:10:19 | INFO     | [DAY_START] Processing 13FEB
[LF] Processing ATZ-ELQ for 13FEB
2026-01-30 06:10:19 | INFO     | [lf.day.start] Processing ATZ-ELQ for 13FEB
[LF] Sending SN command: SN13FEBATZELQ/ASM
[LF] No direct flights on 13FEB for ATZ-ELQ
2026-01-30 06:10:20 | WARNING  | [lf.day.no_flights] No direct flights on 13FEB
2026-01-30 06:10:20 | INFO     | [SUCCESS] Day 13FEB
2026-01-30 06:10:20 | INFO     | [DAY_START] Processing 12FEB
[LF] Processing ATZ-ELQ for 12FEB
2026-01-30 06:10:20 | INFO     | [lf.day.start] Processing ATZ-ELQ for 12FEB
[LF] Sending SN command: SN12FEBATZELQ/ASM
[LF] No direct flights on 12FEB for ATZ-ELQ
2026-01-30 06:10:21 | WARNING  | [lf.day.no_flights] No direct flights on 12FEB
2026-01-30 06:10:21 | INFO     | [SUCCESS] Day 12FEB
2026-01-30 06:10:21 | INFO     | [DAY_START] Processing 11FEB
[LF] Processing ATZ-ELQ for 11FEB
2026-01-30 06:10:21 | INFO     | [lf.day.start] Processing ATZ-ELQ for 11FEB
[LF] Sending SN command: SN11FEBATZELQ/ASM
[LF] No direct flights on 11FEB for ATZ-ELQ
2026-01-30 06:10:23 | WARNING  | [lf.day.no_flights] No direct flights on 11FEB
2026-01-30 06:10:23 | INFO     | [SUCCESS] Day 11FEB
2026-01-30 06:10:23 | INFO     | [DAY_START] Processing 10FEB
[LF] Processing ATZ-ELQ for 10FEB
2026-01-30 06:10:23 | INFO     | [lf.day.start] Processing ATZ-ELQ for 10FEB
[LF] Sending SN command: SN10FEBATZELQ/ASM
[LF] 10FEB: found 1 direct flights
2026-01-30 06:10:24 | INFO     | [lf.day.flights_found] Found 1 flights on 10FEB
2026-01-30 06:10:26 | INFO     | [lf.flight.extracted] SM435 on 10FEB: BKG=52, LF=29.0%
[LF] SM435 10FEB: BKG=52, GRP=0, CAP=179, LF%=29.0%, Brd-Off=ATZ-ELQ, Classes: I:20, O:23, U:4, X:4, G:1
[LF] Getting WEEKLY/LASTSOLD data for 1 flights
[LF] SM435 10FEB: LASTSOLD=2026-01-29 00:00:00, WEEKLY=33, TODAY=0, YDAY=6
2026-01-30 06:10:30 | INFO     | [SUCCESS] Day 10FEB
2026-01-30 06:10:30 | INFO     | [DAY_START] Processing 09FEB
[LF] Processing ATZ-ELQ for 09FEB
2026-01-30 06:10:30 | INFO     | [lf.day.start] Processing ATZ-ELQ for 09FEB
[LF] Sending SN command: SN09FEBATZELQ/ASM
[LF] No direct flights on 09FEB for ATZ-ELQ
2026-01-30 06:10:32 | WARNING  | [lf.day.no_flights] No direct flights on 09FEB
2026-01-30 06:10:32 | INFO     | [SUCCESS] Day 09FEB
[LF] Results summary:
  2026-02-18: 0 flights
  2026-02-17: 1 flights
  2026-02-16: 0 flights
  2026-02-15: 0 flights
  2026-02-14: 1 flights
  2026-02-13: 0 flights
  2026-02-12: 0 flights
  2026-02-11: 0 flights
  2026-02-10: 1 flights
  2026-02-09: 0 flights
2026-01-30 06:10:32 | INFO     | [SUCCESS] LF Search Complete

============================================================
[Worker_9233] ✓ COMPLETED: ATZ-ELQ
  Results: 10 dates
  Errors: 0 dates
  Total Processed: 73 groups
============================================================

2026-01-30 06:10:32 | INFO     | [Worker_9233] Completed: ATZ-ELQ - 10 results, 0 errors

============================================================
[Worker_9233] Processing: JED-HBE
  Tier 0: Range 1, Chunk 3/3
  Dates: 10 days
  Date Range: 2026-02-08 to 2026-01-30
============================================================

2026-01-30 06:10:32 | INFO     | [Worker_9233] Processing: JED-HBE
2026-01-30 06:10:32 | INFO     |   Tier 0: Range 1, Chunk 3/3 (10 days)
2026-01-30 06:10:32 | INFO     | ======================================================================
2026-01-30 06:10:32 | INFO     | Load Factor Scraper Started - Route: JED-HBE
2026-01-30 06:10:32 | INFO     | Log file: D:\CODERED\LAB\Artifacts\outputs\run_generated_300126_at_05.16\logs\LF_JED-HBE_20260130_061032.log
2026-01-30 06:10:32 | INFO     | Enhanced logging: Capturing both logging.info() and print()
2026-01-30 06:10:32 | INFO     | ======================================================================
[LF] Processing dates (override): ['08FEB', '07FEB', '06FEB', '05FEB', '04FEB', '03FEB', '02FEB', '01FEB', '31JAN', '30JAN']
[LF] Attaching to Chrome for Altea access
2026-01-30 06:10:32 | INFO     | Starting LF search for route: JED-HBE
2026-01-30 06:10:32 | INFO     | [START] LF Search
[LF][[OK] SUCCESS] Connected to Chrome on 127.0.0.1:9233 (after 1 attempts)
2026-01-30 06:10:32 | INFO     | [HEALTH CHECK] [OK] Chrome connection is healthy
[LF][[OK] SUCCESS] Found Amadeus Altea window: Altéa Reservation Desktop
[LF][[INFO] INFO] URL: https://tc212.resdesktop.altea.amadeus.com/app_ard/apf/init/login?SITE=ESMPESMP&LANGUAGE=GB&MARKETS=ARDW_PROD_WBP&ACTION=clpLogin
2026-01-30 06:10:32 | INFO     | [DAY_START] Processing 08FEB
[LF] Processing JED-HBE for 08FEB
2026-01-30 06:10:32 | INFO     | [lf.day.start] Processing JED-HBE for 08FEB
[LF] Sending SN command: SN08FEBJEDHBE/ASM
[LF] 08FEB: found 2 direct flights
2026-01-30 06:10:34 | INFO     | [lf.day.flights_found] Found 2 flights on 08FEB
2026-01-30 06:10:37 | INFO     | [lf.flight.extracted] SM458 on 08FEB: BKG=160, LF=91.4%
[LF] SM458 08FEB: BKG=160, GRP=124, CAP=175, LF%=91.4%, Brd-Off=JED-HBE, Classes: P:124, I:17, O:7, U:5, S:2, G:4, K:1
2026-01-30 06:10:41 | INFO     | [lf.flight.extracted] SM452 on 08FEB: BKG=171, LF=97.7%
[LF] SM452 08FEB: BKG=171, GRP=159, CAP=175, LF%=97.7%, Brd-Off=JED-HBE, Classes: P:159, I:4, O:1, S:4, L:2, K:1
[LF] Getting WEEKLY/LASTSOLD data for 2 flights
[LF] SM458 08FEB: LASTSOLD=2026-01-29 00:00:00, WEEKLY=4, TODAY=0, YDAY=1
[LF] SM452 08FEB: LASTSOLD=2026-01-28 00:00:00, WEEKLY=1, TODAY=0, YDAY=0
2026-01-30 06:10:51 | INFO     | [SUCCESS] Day 08FEB
2026-01-30 06:10:51 | INFO     | [DAY_START] Processing 07FEB
[LF] Processing JED-HBE for 07FEB
2026-01-30 06:10:51 | INFO     | [lf.day.start] Processing JED-HBE for 07FEB
[LF] Sending SN command: SN07FEBJEDHBE/ASM
[LF] 07FEB: found 2 direct flights
2026-01-30 06:10:53 | INFO     | [lf.day.flights_found] Found 2 flights on 07FEB
2026-01-30 06:10:55 | INFO     | [lf.flight.extracted] SM458 on 07FEB: BKG=166, LF=94.9%
[LF] SM458 07FEB: BKG=166, GRP=126, CAP=175, LF%=94.9%, Brd-Off=JED-HBE, Classes: P:126, I:12, U:6, X:8, K:14
2026-01-30 06:10:58 | INFO     | [lf.flight.extracted] SM452 on 07FEB: BKG=167, LF=100.0%
[LF] SM452 07FEB: BKG=167, GRP=123, CAP=167, LF%=100.0%, Brd-Off=JED-HBE, Classes: P:123, I:18, O:11, U:10, G:3, K:2
[LF] Getting WEEKLY/LASTSOLD data for 2 flights
[LF] SM458 07FEB: LASTSOLD=2026-01-25 00:00:00, WEEKLY=5, TODAY=0, YDAY=0
[LF] SM452 07FEB: LASTSOLD=2026-01-28 00:00:00, WEEKLY=5, TODAY=0, YDAY=0
2026-01-30 06:11:09 | INFO     | [SUCCESS] Day 07FEB
2026-01-30 06:11:09 | INFO     | [DAY_START] Processing 06FEB
[LF] Processing JED-HBE for 06FEB
2026-01-30 06:11:09 | INFO     | [lf.day.start] Processing JED-HBE for 06FEB
[LF] Sending SN command: SN06FEBJEDHBE/ASM
[LF] 06FEB: found 1 direct flights
2026-01-30 06:11:10 | INFO     | [lf.day.flights_found] Found 1 flights on 06FEB
2026-01-30 06:11:12 | INFO     | [lf.flight.extracted] SM452 on 06FEB: BKG=173, LF=98.9%
[LF] SM452 06FEB: BKG=173, GRP=133, CAP=175, LF%=98.9%, Brd-Off=JED-HBE, Classes: P:133, I:10, O:5, U:6, X:8, K:11
[LF] Getting WEEKLY/LASTSOLD data for 1 flights
[LF] SM452 06FEB: LASTSOLD=2026-01-21 00:00:00, WEEKLY=0, TODAY=0, YDAY=0
2026-01-30 06:11:17 | INFO     | [SUCCESS] Day 06FEB
2026-01-30 06:11:17 | INFO     | [DAY_START] Processing 05FEB
[LF] Processing JED-HBE for 05FEB
2026-01-30 06:11:17 | INFO     | [lf.day.start] Processing JED-HBE for 05FEB
[LF] Sending SN command: SN05FEBJEDHBE/ASM
[LF] 05FEB: found 1 direct flights
2026-01-30 06:11:19 | INFO     | [lf.day.flights_found] Found 1 flights on 05FEB
2026-01-30 06:11:21 | INFO     | [lf.flight.extracted] SM452 on 05FEB: BKG=170, LF=95.5%
[LF] SM452 05FEB: BKG=170, GRP=131, CAP=178, LF%=95.5%, Brd-Off=JED-HBE, Classes: P:131, I:16, O:3, U:4, X:2, K:14
[LF] Getting WEEKLY/LASTSOLD data for 1 flights
[LF] SM452 05FEB: LASTSOLD=2026-01-29 00:00:00, WEEKLY=8, TODAY=0, YDAY=1
2026-01-30 06:11:26 | INFO     | [SUCCESS] Day 05FEB
2026-01-30 06:11:26 | INFO     | [DAY_START] Processing 04FEB
[LF] Processing JED-HBE for 04FEB
2026-01-30 06:11:26 | INFO     | [lf.day.start] Processing JED-HBE for 04FEB
[LF] Sending SN command: SN04FEBJEDHBE/ASM
[LF] 04FEB: found 3 direct flights
2026-01-30 06:11:28 | INFO     | [lf.day.flights_found] Found 3 flights on 04FEB
2026-01-30 06:11:30 | INFO     | [lf.flight.extracted] SM452 on 04FEB: BKG=178, LF=100.0%
[LF] SM452 04FEB: BKG=178, GRP=131, CAP=178, LF%=100.0%, Brd-Off=JED-HBE, Classes: P:131, I:17, O:13, U:4, T:11, K:2
2026-01-30 06:11:34 | INFO     | [lf.flight.extracted] SM474 on 04FEB: BKG=176, LF=100.6%
[LF] SM474 04FEB: BKG=176, GRP=130, CAP=175, LF%=100.6%, Brd-Off=JED-HBE, Classes: P:130, I:17, U:10, X:11, T:8
2026-01-30 06:11:37 | INFO     | [lf.flight.extracted] SM458 on 04FEB: BKG=175, LF=100.0%
[LF] SM458 04FEB: BKG=175, GRP=169, CAP=175, LF%=100.0%, Brd-Off=JED-HBE, Classes: P:169, W:4, S:1, K:1
[LF] Getting WEEKLY/LASTSOLD data for 3 flights
[LF] SM452 04FEB: LASTSOLD=2026-01-28 00:00:00, WEEKLY=10, TODAY=0, YDAY=0
[LF] SM474 04FEB: LASTSOLD=2026-01-27 00:00:00, WEEKLY=6, TODAY=0, YDAY=0
[LF] SM458 04FEB: LASTSOLD=2026-01-25 00:00:00, WEEKLY=4, TODAY=0, YDAY=0
2026-01-30 06:11:52 | INFO     | [SUCCESS] Day 04FEB
2026-01-30 06:11:52 | INFO     | [DAY_START] Processing 03FEB
[LF] Processing JED-HBE for 03FEB
2026-01-30 06:11:52 | INFO     | [lf.day.start] Processing JED-HBE for 03FEB
[LF] Sending SN command: SN03FEBJEDHBE/ASM
[LF] 03FEB: found 1 direct flights
2026-01-30 06:11:53 | INFO     | [lf.day.flights_found] Found 1 flights on 03FEB
2026-01-30 06:11:55 | INFO     | [lf.flight.extracted] SM452 on 03FEB: BKG=178, LF=100.0%
[LF] SM452 03FEB: BKG=178, GRP=130, CAP=178, LF%=100.0%, Brd-Off=JED-HBE, Classes: P:130, I:17, O:9, U:10, T:10, K:2
[LF] Getting WEEKLY/LASTSOLD data for 1 flights
[LF] SM452 03FEB: LASTSOLD=2026-01-27 00:00:00, WEEKLY=10, TODAY=0, YDAY=0
2026-01-30 06:12:01 | INFO     | [SUCCESS] Day 03FEB
2026-01-30 06:12:01 | INFO     | [DAY_START] Processing 02FEB
[LF] Processing JED-HBE for 02FEB
2026-01-30 06:12:01 | INFO     | [lf.day.start] Processing JED-HBE for 02FEB
[LF] Sending SN command: SN02FEBJEDHBE/ASM
[LF] 02FEB: found 2 direct flights
2026-01-30 06:12:02 | INFO     | [lf.day.flights_found] Found 2 flights on 02FEB
2026-01-30 06:12:05 | INFO     | [lf.flight.extracted] SM458 on 02FEB: BKG=169, LF=96.6%
[LF] SM458 02FEB: BKG=169, GRP=110, CAP=175, LF%=96.6%, Brd-Off=JED-HBE, Classes: P:110, I:17, O:17, U:17, X:8
2026-01-30 06:12:09 | INFO     | [lf.flight.extracted] SM452 on 02FEB: BKG=168, LF=96.0%
[LF] SM452 02FEB: BKG=168, GRP=47, CAP=175, LF%=96.0%, Brd-Off=JED-HBE, Classes: P:47, I:17, O:17, U:17, X:17, T:16, W:17, S:14, K:6
[LF] Getting WEEKLY/LASTSOLD data for 2 flights
[LF] SM458 02FEB: LASTSOLD=2026-01-29 00:00:00, WEEKLY=2, TODAY=0, YDAY=2
2026-01-30 06:12:15 | ERROR    | Atomic write failed for D:\CODERED\LAB\Artifacts\outputs\run_generated_300126_at_05.16\checkpoints\flight_booking_data.json: [WinError 5] Access is denied: 'D:\\CODERED\\LAB\\Artifacts\\outputs\\run_generated_300126_at_05.16\\checkpoints\\flight_booking_data.tmp_70e567b4' -> 'D:\\CODERED\\LAB\\Artifacts\\outputs\\run_generated_300126_at_05.16\\checkpoints\\flight_booking_data.json'
[LF] SM452 02FEB: LASTSOLD=2026-01-29 00:00:00, WEEKLY=38, TODAY=0, YDAY=12
2026-01-30 06:12:20 | INFO     | [SUCCESS] Day 02FEB
2026-01-30 06:12:20 | INFO     | [DAY_START] Processing 01FEB
[LF] Processing JED-HBE for 01FEB
2026-01-30 06:12:20 | INFO     | [lf.day.start] Processing JED-HBE for 01FEB
[LF] Sending SN command: SN01FEBJEDHBE/ASM
[LF] 01FEB: found 2 direct flights
2026-01-30 06:12:21 | INFO     | [lf.day.flights_found] Found 2 flights on 01FEB
2026-01-30 06:12:23 | INFO     | [lf.flight.extracted] SM458 on 01FEB: BKG=178, LF=100.0%
[LF] SM458 01FEB: BKG=178, GRP=133, CAP=178, LF%=100.0%, Brd-Off=JED-HBE, Classes: P:133, I:17, O:6, U:10, X:11, K:1
2026-01-30 06:12:27 | INFO     | [lf.flight.extracted] SM452 on 01FEB: BKG=175, LF=98.3%
[LF] SM452 01FEB: BKG=175, GRP=94, CAP=178, LF%=98.3%, Brd-Off=JED-HBE, Classes: P:95, I:17, O:17, U:17, X:16, W:1, G:6, K:6
[LF] Getting WEEKLY/LASTSOLD data for 2 flights
[LF] SM458 01FEB: LASTSOLD=2026-01-28 00:00:00, WEEKLY=11, TODAY=0, YDAY=0
[LF] SM452 01FEB: LASTSOLD=2026-01-29 00:00:00, WEEKLY=7, TODAY=0, YDAY=7
2026-01-30 06:12:38 | INFO     | [SUCCESS] Day 01FEB
2026-01-30 06:12:38 | INFO     | [DAY_START] Processing 31JAN
[LF] Processing JED-HBE for 31JAN
2026-01-30 06:12:38 | INFO     | [lf.day.start] Processing JED-HBE for 31JAN
[LF] Sending SN command: SN31JANJEDHBE/ASM
[LF] 31JAN: found 2 direct flights
2026-01-30 06:12:40 | INFO     | [lf.day.flights_found] Found 2 flights on 31JAN
2026-01-30 06:12:42 | INFO     | [lf.flight.extracted] SM458 on 31JAN: BKG=178, LF=100.0%
[LF] SM458 31JAN: BKG=178, GRP=136, CAP=178, LF%=100.0%, Brd-Off=JED-HBE, Classes: P:136, I:17, O:14, X:11
2026-01-30 06:12:45 | INFO     | [lf.flight.extracted] SM452 on 31JAN: BKG=178, LF=100.0%
[LF] SM452 31JAN: BKG=178, GRP=121, CAP=178, LF%=100.0%, Brd-Off=JED-HBE, Classes: P:121, I:17, O:16, U:1, X:20, K:3
[LF] Getting WEEKLY/LASTSOLD data for 2 flights
[LF] SM458 31JAN: LASTSOLD=2026-01-28 00:00:00, WEEKLY=12, TODAY=0, YDAY=0
[LF] SM452 31JAN: LASTSOLD=2026-01-29 00:00:00, WEEKLY=7, TODAY=0, YDAY=1
2026-01-30 06:12:56 | INFO     | [SUCCESS] Day 31JAN
[LF] Skipping 30JAN (Today) - will be processed by supplement scan
[LF] Results summary:
  2026-02-08: 2 flights
  2026-02-07: 2 flights
  2026-02-06: 1 flights
  2026-02-05: 1 flights
  2026-02-04: 3 flights
  2026-02-03: 1 flights
  2026-02-02: 2 flights
  2026-02-01: 2 flights
  2026-01-31: 2 flights
2026-01-30 06:12:56 | INFO     | [SUCCESS] LF Search Complete

============================================================
[Worker_9233] ✓ COMPLETED: JED-HBE
  Results: 9 dates
  Errors: 0 dates
  Total Processed: 74 groups
============================================================

2026-01-30 06:12:56 | INFO     | [Worker_9233] Completed: JED-HBE - 9 results, 0 errors

============================================================
[Worker_9233] Processing: CAI-MED
  Tier 0: Range 1, Chunk 3/3
  Dates: 10 days
  Date Range: 2026-02-08 to 2026-01-30
============================================================

2026-01-30 06:12:56 | INFO     | [Worker_9233] Processing: CAI-MED
2026-01-30 06:12:56 | INFO     |   Tier 0: Range 1, Chunk 3/3 (10 days)
2026-01-30 06:12:56 | INFO     | ======================================================================
2026-01-30 06:12:56 | INFO     | Load Factor Scraper Started - Route: CAI-MED
2026-01-30 06:12:56 | INFO     | Log file: D:\CODERED\LAB\Artifacts\outputs\run_generated_300126_at_05.16\logs\LF_CAI-MED_20260130_061256.log
2026-01-30 06:12:56 | INFO     | Enhanced logging: Capturing both logging.info() and print()
2026-01-30 06:12:56 | INFO     | ======================================================================
[LF] Processing dates (override): ['08FEB', '07FEB', '06FEB', '05FEB', '04FEB', '03FEB', '02FEB', '01FEB', '31JAN', '30JAN']
[LF] Attaching to Chrome for Altea access
2026-01-30 06:12:56 | INFO     | Starting LF search for route: CAI-MED
2026-01-30 06:12:56 | INFO     | [START] LF Search
[LF][[OK] SUCCESS] Connected to Chrome on 127.0.0.1:9233 (after 1 attempts)
2026-01-30 06:12:57 | INFO     | [HEALTH CHECK] [OK] Chrome connection is healthy
[LF][[OK] SUCCESS] Found Amadeus Altea window: Altéa Reservation Desktop
[LF][[INFO] INFO] URL: https://tc212.resdesktop.altea.amadeus.com/app_ard/apf/init/login?SITE=ESMPESMP&LANGUAGE=GB&MARKETS=ARDW_PROD_WBP&ACTION=clpLogin
2026-01-30 06:12:57 | INFO     | [DAY_START] Processing 08FEB
[LF] Processing CAI-MED for 08FEB
2026-01-30 06:12:57 | INFO     | [lf.day.start] Processing CAI-MED for 08FEB
[LF] Sending SN command: SN08FEBCAIMED/ASM
[LF] 08FEB: found 1 direct flights
2026-01-30 06:12:58 | INFO     | [lf.day.flights_found] Found 1 flights on 08FEB
2026-01-30 06:13:00 | INFO     | [lf.flight.extracted] SM493 on 08FEB: BKG=168, LF=93.8%
[LF] SM493 08FEB: BKG=168, GRP=120, CAP=179, LF%=93.8%, Brd-Off=CAI-MED, Classes: P:90, E:30, I:5, O:20, U:11, W:2, S:2, G:4, V:4
[LF] Getting WEEKLY/LASTSOLD data for 1 flights
[LF] SM493 08FEB: LASTSOLD=2026-01-27 00:00:00, WEEKLY=4, TODAY=0, YDAY=0
2026-01-30 06:13:04 | INFO     | [SUCCESS] Day 08FEB
2026-01-30 06:13:04 | INFO     | [DAY_START] Processing 07FEB
[LF] Processing CAI-MED for 07FEB
2026-01-30 06:13:04 | INFO     | [lf.day.start] Processing CAI-MED for 07FEB
[LF] Sending SN command: SN07FEBCAIMED/ASM
[LF] 07FEB: found 1 direct flights
2026-01-30 06:13:05 | INFO     | [lf.day.flights_found] Found 1 flights on 07FEB
2026-01-30 06:13:07 | INFO     | [lf.flight.extracted] SM493 on 07FEB: BKG=135, LF=75.4%
[LF] SM493 07FEB: BKG=135, GRP=90, CAP=179, LF%=75.4%, Brd-Off=CAI-MED, Classes: P:90, I:13, O:12, U:11, X:3, S:6
[LF] Getting WEEKLY/LASTSOLD data for 1 flights
[LF] SM493 07FEB: LASTSOLD=2026-01-29 00:00:00, WEEKLY=4, TODAY=0, YDAY=2
2026-01-30 06:13:11 | INFO     | [SUCCESS] Day 07FEB
2026-01-30 06:13:11 | INFO     | [DAY_START] Processing 06FEB
[LF] Processing CAI-MED for 06FEB
2026-01-30 06:13:11 | INFO     | [lf.day.start] Processing CAI-MED for 06FEB
[LF] Sending SN command: SN06FEBCAIMED/ASM
[LF] No direct flights on 06FEB for CAI-MED
2026-01-30 06:13:13 | WARNING  | [lf.day.no_flights] No direct flights on 06FEB
2026-01-30 06:13:13 | INFO     | [SUCCESS] Day 06FEB
2026-01-30 06:13:13 | INFO     | [DAY_START] Processing 05FEB
[LF] Processing CAI-MED for 05FEB
2026-01-30 06:13:13 | INFO     | [lf.day.start] Processing CAI-MED for 05FEB
[LF] Sending SN command: SN05FEBCAIMED/ASM
[LF] 05FEB: found 1 direct flights
2026-01-30 06:13:14 | INFO     | [lf.day.flights_found] Found 1 flights on 05FEB
2026-01-30 06:13:16 | INFO     | [lf.flight.extracted] SM493 on 05FEB: BKG=163, LF=91.1%
[LF] SM493 05FEB: BKG=163, GRP=75, CAP=179, LF%=91.1%, Brd-Off=CAI-MED, Classes: P:75, I:7, O:19, U:11, X:11, T:33, W:7
[LF] Getting WEEKLY/LASTSOLD data for 1 flights
[LF] SM493 05FEB: LASTSOLD=2026-01-29 00:00:00, WEEKLY=20, TODAY=0, YDAY=5
2026-01-30 06:13:22 | INFO     | [SUCCESS] Day 05FEB
2026-01-30 06:13:22 | INFO     | [DAY_START] Processing 04FEB
[LF] Processing CAI-MED for 04FEB
2026-01-30 06:13:22 | INFO     | [lf.day.start] Processing CAI-MED for 04FEB
[LF] Sending SN command: SN04FEBCAIMED/ASM
[LF] No direct flights on 04FEB for CAI-MED
2026-01-30 06:13:23 | WARNING  | [lf.day.no_flights] No direct flights on 04FEB
2026-01-30 06:13:23 | INFO     | [SUCCESS] Day 04FEB
2026-01-30 06:13:23 | INFO     | [DAY_START] Processing 03FEB
[LF] Processing CAI-MED for 03FEB
2026-01-30 06:13:23 | INFO     | [lf.day.start] Processing CAI-MED for 03FEB
[LF] Sending SN command: SN03FEBCAIMED/ASM
[LF] 03FEB: found 1 direct flights
2026-01-30 06:13:24 | INFO     | [lf.day.flights_found] Found 1 flights on 03FEB
2026-01-30 06:13:26 | INFO     | [lf.flight.extracted] SM493 on 03FEB: BKG=119, LF=66.5%
[LF] SM493 03FEB: BKG=119, GRP=35, CAP=179, LF%=66.5%, Brd-Off=CAI-MED, Classes: N:1, E:34, I:4, O:22, U:11, X:11, T:21, W:15
[LF] Getting WEEKLY/LASTSOLD data for 1 flights
[LF] SM493 03FEB: LASTSOLD=2026-01-28 00:00:00, WEEKLY=20, TODAY=0, YDAY=0
2026-01-30 06:13:32 | INFO     | [SUCCESS] Day 03FEB
2026-01-30 06:13:32 | INFO     | [DAY_START] Processing 02FEB
[LF] Processing CAI-MED for 02FEB
2026-01-30 06:13:32 | INFO     | [lf.day.start] Processing CAI-MED for 02FEB
[LF] Sending SN command: SN02FEBCAIMED/ASM
[LF] 02FEB: found 1 direct flights
2026-01-30 06:13:34 | INFO     | [lf.day.flights_found] Found 1 flights on 02FEB
2026-01-30 06:13:36 | INFO     | [lf.flight.extracted] SM495 on 02FEB: BKG=92, LF=52.3%
[LF] SM495 02FEB: BKG=92, GRP=0, CAP=176, LF%=52.3%, Brd-Off=CAI-MED, Classes: I:1, O:22, U:11, X:11, T:27, W:15, S:3, K:2
[LF] Getting WEEKLY/LASTSOLD data for 1 flights
[LF] SM495 02FEB: LASTSOLD=2026-01-29 00:00:00, WEEKLY=24, TODAY=0, YDAY=2
2026-01-30 06:13:41 | INFO     | [SUCCESS] Day 02FEB
2026-01-30 06:13:41 | INFO     | [DAY_START] Processing 01FEB
[LF] Processing CAI-MED for 01FEB
2026-01-30 06:13:41 | INFO     | [lf.day.start] Processing CAI-MED for 01FEB
[LF] Sending SN command: SN01FEBCAIMED/ASM
[LF] 01FEB: found 1 direct flights
2026-01-30 06:13:42 | INFO     | [lf.day.flights_found] Found 1 flights on 01FEB
2026-01-30 06:13:45 | INFO     | [lf.flight.extracted] SM493 on 01FEB: BKG=118, LF=65.9%
[LF] SM493 01FEB: BKG=118, GRP=23, CAP=179, LF%=65.9%, Brd-Off=CAI-MED, Classes: E:23, I:16, O:10, U:11, X:10, T:19, W:15, S:13, K:1
[LF] Getting WEEKLY/LASTSOLD data for 1 flights
[LF] SM493 01FEB: LASTSOLD=2026-01-29 00:00:00, WEEKLY=27, TODAY=0, YDAY=3
2026-01-30 06:13:50 | INFO     | [SUCCESS] Day 01FEB
2026-01-30 06:13:50 | INFO     | [DAY_START] Processing 31JAN
[LF] Processing CAI-MED for 31JAN
2026-01-30 06:13:50 | INFO     | [lf.day.start] Processing CAI-MED for 31JAN
[LF] Sending SN command: SN31JANCAIMED/ASM
[LF] 31JAN: found 1 direct flights
2026-01-30 06:13:51 | INFO     | [lf.day.flights_found] Found 1 flights on 31JAN
2026-01-30 06:13:54 | INFO     | [lf.flight.extracted] SM493 on 31JAN: BKG=97, LF=54.2%
[LF] SM493 31JAN: BKG=97, GRP=0, CAP=179, LF%=54.2%, Brd-Off=CAI-MED, Classes: O:20, U:10, X:8, T:31, W:19, S:7, L:1, K:1
[LF] Getting WEEKLY/LASTSOLD data for 1 flights
[LF] SM493 31JAN: LASTSOLD=2026-01-29 00:00:00, WEEKLY=44, TODAY=0, YDAY=6
2026-01-30 06:13:59 | INFO     | [SUCCESS] Day 31JAN
[LF] Skipping 30JAN (Today) - will be processed by supplement scan
[LF] Results summary:
  2026-02-08: 1 flights
  2026-02-07: 1 flights
  2026-02-06: 0 flights
  2026-02-05: 1 flights
  2026-02-04: 0 flights
  2026-02-03: 1 flights
  2026-02-02: 1 flights
  2026-02-01: 1 flights
  2026-01-31: 1 flights
2026-01-30 06:13:59 | INFO     | [SUCCESS] LF Search Complete

============================================================
[Worker_9233] ✓ COMPLETED: CAI-MED
  Results: 9 dates
  Errors: 0 dates
  Total Processed: 75 groups
============================================================

2026-01-30 06:13:59 | INFO     | [Worker_9233] Completed: CAI-MED - 9 results, 0 errors

============================================================
[Worker_9233] Processing: CAI-DMM
  Tier 0: Range 1, Chunk 3/3
  Dates: 10 days
  Date Range: 2026-02-08 to 2026-01-30
============================================================

2026-01-30 06:13:59 | INFO     | [Worker_9233] Processing: CAI-DMM
2026-01-30 06:13:59 | INFO     |   Tier 0: Range 1, Chunk 3/3 (10 days)
2026-01-30 06:13:59 | INFO     | ======================================================================
2026-01-30 06:13:59 | INFO     | Load Factor Scraper Started - Route: CAI-DMM
2026-01-30 06:13:59 | INFO     | Log file: D:\CODERED\LAB\Artifacts\outputs\run_generated_300126_at_05.16\logs\LF_CAI-DMM_20260130_061359.log
2026-01-30 06:13:59 | INFO     | Enhanced logging: Capturing both logging.info() and print()
2026-01-30 06:13:59 | INFO     | ======================================================================
[LF] Processing dates (override): ['08FEB', '07FEB', '06FEB', '05FEB', '04FEB', '03FEB', '02FEB', '01FEB', '31JAN', '30JAN']
[LF] Attaching to Chrome for Altea access
2026-01-30 06:13:59 | INFO     | Starting LF search for route: CAI-DMM
2026-01-30 06:13:59 | INFO     | [START] LF Search
[LF][[OK] SUCCESS] Connected to Chrome on 127.0.0.1:9233 (after 1 attempts)
2026-01-30 06:14:00 | INFO     | [HEALTH CHECK] [OK] Chrome connection is healthy
[LF][[OK] SUCCESS] Found Amadeus Altea window: Altéa Reservation Desktop
[LF][[INFO] INFO] URL: https://tc212.resdesktop.altea.amadeus.com/app_ard/apf/init/login?SITE=ESMPESMP&LANGUAGE=GB&MARKETS=ARDW_PROD_WBP&ACTION=clpLogin
2026-01-30 06:14:00 | INFO     | [DAY_START] Processing 08FEB
[LF] Processing CAI-DMM for 08FEB
2026-01-30 06:14:00 | INFO     | [lf.day.start] Processing CAI-DMM for 08FEB
[LF] Sending SN command: SN08FEBCAIDMM/ASM
[LF] No direct flights on 08FEB for CAI-DMM
2026-01-30 06:14:01 | WARNING  | [lf.day.no_flights] No direct flights on 08FEB
2026-01-30 06:14:01 | INFO     | [SUCCESS] Day 08FEB
2026-01-30 06:14:01 | INFO     | [DAY_START] Processing 07FEB
[LF] Processing CAI-DMM for 07FEB
2026-01-30 06:14:01 | INFO     | [lf.day.start] Processing CAI-DMM for 07FEB
[LF] Sending SN command: SN07FEBCAIDMM/ASM
[LF] 07FEB: found 1 direct flights
2026-01-30 06:14:02 | INFO     | [lf.day.flights_found] Found 1 flights on 07FEB
2026-01-30 06:14:04 | INFO     | [lf.flight.extracted] SM433 on 07FEB: BKG=62, LF=34.6%
[LF] SM433 07FEB: BKG=62, GRP=0, CAP=179, LF%=34.6%, Brd-Off=CAI-DMM, Classes: I:3, U:7, X:9, T:35, W:8
[LF] Getting WEEKLY/LASTSOLD data for 1 flights
[LF] SM433 07FEB: LASTSOLD=2026-01-29 00:00:00, WEEKLY=18, TODAY=0, YDAY=5
2026-01-30 06:14:09 | INFO     | [SUCCESS] Day 07FEB
2026-01-30 06:14:09 | INFO     | [DAY_START] Processing 06FEB
[LF] Processing CAI-DMM for 06FEB
2026-01-30 06:14:09 | INFO     | [lf.day.start] Processing CAI-DMM for 06FEB
[LF] Sending SN command: SN06FEBCAIDMM/ASM
[LF] 06FEB: found 1 direct flights
2026-01-30 06:14:10 | INFO     | [lf.day.flights_found] Found 1 flights on 06FEB
2026-01-30 06:14:12 | INFO     | [lf.flight.extracted] SM433 on 06FEB: BKG=53, LF=29.6%
[LF] SM433 06FEB: BKG=53, GRP=0, CAP=179, LF%=29.6%, Brd-Off=CAI-DMM, Classes: O:7, U:23, X:10, T:10, W:2, S:1
[LF] Getting WEEKLY/LASTSOLD data for 1 flights
[LF] SM433 06FEB: LASTSOLD=2026-01-29 00:00:00, WEEKLY=17, TODAY=0, YDAY=2
2026-01-30 06:14:16 | INFO     | [SUCCESS] Day 06FEB
2026-01-30 06:14:16 | INFO     | [DAY_START] Processing 05FEB
[LF] Processing CAI-DMM for 05FEB
2026-01-30 06:14:16 | INFO     | [lf.day.start] Processing CAI-DMM for 05FEB
[LF] Sending SN command: SN05FEBCAIDMM/ASM
[LF] 05FEB: found 1 direct flights
2026-01-30 06:14:18 | INFO     | [lf.day.flights_found] Found 1 flights on 05FEB
2026-01-30 06:14:20 | INFO     | [lf.flight.extracted] SM433 on 05FEB: BKG=80, LF=44.7%
[LF] SM433 05FEB: BKG=80, GRP=0, CAP=179, LF%=44.7%, Brd-Off=CAI-DMM, Classes: I:1, O:3, U:12, X:19, T:15, W:15, S:14, K:1
[LF] Getting WEEKLY/LASTSOLD data for 1 flights
[LF] SM433 05FEB: LASTSOLD=2026-01-29 00:00:00, WEEKLY=31, TODAY=0, YDAY=3
2026-01-30 06:14:25 | INFO     | [SUCCESS] Day 05FEB
2026-01-30 06:14:25 | INFO     | [DAY_START] Processing 04FEB
[LF] Processing CAI-DMM for 04FEB
2026-01-30 06:14:25 | INFO     | [lf.day.start] Processing CAI-DMM for 04FEB
[LF] Sending SN command: SN04FEBCAIDMM/ASM
[LF] No direct flights on 04FEB for CAI-DMM
2026-01-30 06:14:26 | WARNING  | [lf.day.no_flights] No direct flights on 04FEB
2026-01-30 06:14:26 | INFO     | [SUCCESS] Day 04FEB
2026-01-30 06:14:26 | INFO     | [DAY_START] Processing 03FEB
[LF] Processing CAI-DMM for 03FEB
2026-01-30 06:14:26 | INFO     | [lf.day.start] Processing CAI-DMM for 03FEB
[LF] Sending SN command: SN03FEBCAIDMM/ASM
[LF] 03FEB: found 1 direct flights
2026-01-30 06:14:27 | INFO     | [lf.day.flights_found] Found 1 flights on 03FEB
2026-01-30 06:14:30 | INFO     | [lf.flight.extracted] SM433 on 03FEB: BKG=105, LF=58.7%
[LF] SM433 03FEB: BKG=105, GRP=0, CAP=179, LF%=58.7%, Brd-Off=CAI-DMM, Classes: I:2, O:5, U:23, X:20, T:30, W:10, S:11, G:4
[LF] Getting WEEKLY/LASTSOLD data for 1 flights
[LF] SM433 03FEB: LASTSOLD=2026-01-30 00:00:00, WEEKLY=70, TODAY=1, YDAY=37
2026-01-30 06:14:35 | INFO     | [SUCCESS] Day 03FEB
2026-01-30 06:14:35 | INFO     | [DAY_START] Processing 02FEB
[LF] Processing CAI-DMM for 02FEB
2026-01-30 06:14:35 | INFO     | [lf.day.start] Processing CAI-DMM for 02FEB
[LF] Sending SN command: SN02FEBCAIDMM/ASM
[LF] No direct flights on 02FEB for CAI-DMM
2026-01-30 06:14:37 | WARNING  | [lf.day.no_flights] No direct flights on 02FEB
2026-01-30 06:14:37 | INFO     | [SUCCESS] Day 02FEB
2026-01-30 06:14:37 | INFO     | [DAY_START] Processing 01FEB
[LF] Processing CAI-DMM for 01FEB
2026-01-30 06:14:37 | INFO     | [lf.day.start] Processing CAI-DMM for 01FEB
[LF] Sending SN command: SN01FEBCAIDMM/ASM
[LF] No direct flights on 01FEB for CAI-DMM
2026-01-30 06:14:38 | WARNING  | [lf.day.no_flights] No direct flights on 01FEB
2026-01-30 06:14:38 | INFO     | [SUCCESS] Day 01FEB
2026-01-30 06:14:38 | INFO     | [DAY_START] Processing 31JAN
[LF] Processing CAI-DMM for 31JAN
2026-01-30 06:14:38 | INFO     | [lf.day.start] Processing CAI-DMM for 31JAN
[LF] Sending SN command: SN31JANCAIDMM/ASM
[LF] 31JAN: found 1 direct flights
2026-01-30 06:14:39 | INFO     | [lf.day.flights_found] Found 1 flights on 31JAN
2026-01-30 06:14:41 | INFO     | [lf.flight.extracted] SM433 on 31JAN: BKG=144, LF=80.5%
[LF] SM433 31JAN: BKG=144, GRP=0, CAP=179, LF%=80.5%, Brd-Off=CAI-DMM, Classes: O:3, U:6, X:3, T:48, W:21, S:8, G:21, L:7, V:7, K:16, Q:4
[LF] Getting WEEKLY/LASTSOLD data for 1 flights
[LF] SM433 31JAN: LASTSOLD=2026-01-29 00:00:00, WEEKLY=47, TODAY=0, YDAY=7
2026-01-30 06:14:48 | INFO     | [SUCCESS] Day 31JAN
[LF] Skipping 30JAN (Today) - will be processed by supplement scan
[LF] Results summary:
  2026-02-08: 0 flights
  2026-02-07: 1 flights
  2026-02-06: 1 flights
  2026-02-05: 1 flights
  2026-02-04: 0 flights
  2026-02-03: 1 flights
  2026-02-02: 0 flights
  2026-02-01: 0 flights
  2026-01-31: 1 flights
2026-01-30 06:14:48 | INFO     | [SUCCESS] LF Search Complete

============================================================
[Worker_9233] ✓ COMPLETED: CAI-DMM
  Results: 9 dates
  Errors: 0 dates
  Total Processed: 76 groups
============================================================

2026-01-30 06:14:58 | INFO     | [Worker_9233] Completed: CAI-DMM - 9 results, 0 errors

============================================================
[Worker_9233] Processing: CAI-YNB
  Tier 0: Range 1, Chunk 3/3
  Dates: 10 days
  Date Range: 2026-02-08 to 2026-01-30
============================================================

2026-01-30 06:14:58 | INFO     | [Worker_9233] Processing: CAI-YNB
2026-01-30 06:14:58 | INFO     |   Tier 0: Range 1, Chunk 3/3 (10 days)
2026-01-30 06:14:58 | INFO     | ======================================================================
2026-01-30 06:14:58 | INFO     | Load Factor Scraper Started - Route: CAI-YNB
2026-01-30 06:14:58 | INFO     | Log file: D:\CODERED\LAB\Artifacts\outputs\run_generated_300126_at_05.16\logs\LF_CAI-YNB_20260130_061458.log
2026-01-30 06:14:58 | INFO     | Enhanced logging: Capturing both logging.info() and print()
2026-01-30 06:14:58 | INFO     | ======================================================================
[LF] Processing dates (override): ['08FEB', '07FEB', '06FEB', '05FEB', '04FEB', '03FEB', '02FEB', '01FEB', '31JAN', '30JAN']
[LF] Attaching to Chrome for Altea access
2026-01-30 06:14:58 | INFO     | Starting LF search for route: CAI-YNB
2026-01-30 06:14:58 | INFO     | [START] LF Search
[LF][[OK] SUCCESS] Connected to Chrome on 127.0.0.1:9233 (after 1 attempts)
2026-01-30 06:14:59 | INFO     | [HEALTH CHECK] [OK] Chrome connection is healthy
[LF][[OK] SUCCESS] Found Amadeus Altea window: Altéa Reservation Desktop
[LF][[INFO] INFO] URL: https://tc212.resdesktop.altea.amadeus.com/app_ard/apf/init/login?SITE=ESMPESMP&LANGUAGE=GB&MARKETS=ARDW_PROD_WBP&ACTION=clpLogin
2026-01-30 06:14:59 | INFO     | [DAY_START] Processing 08FEB
[LF] Processing CAI-YNB for 08FEB
2026-01-30 06:14:59 | INFO     | [lf.day.start] Processing CAI-YNB for 08FEB
[LF] Sending SN command: SN08FEBCAIYNB/ASM
[LF] 08FEB: found 4 direct flights
2026-01-30 06:15:00 | INFO     | [lf.day.flights_found] Found 4 flights on 08FEB
2026-01-30 06:15:02 | INFO     | [lf.flight.extracted] SM981 on 08FEB: BKG=175, LF=97.8%
[LF] SM981 08FEB: BKG=175, GRP=175, CAP=179, LF%=97.8%, Brd-Off=CAI-YNB, Classes: P:175
2026-01-30 06:15:06 | INFO     | [lf.flight.extracted] SM441 on 08FEB: BKG=176, LF=100.0%
[LF] SM441 08FEB: BKG=176, GRP=135, CAP=176, LF%=100.0%, Brd-Off=CAI-YNB, Classes: P:135, U:12, X:6, T:3, W:4, S:15, Q:1
2026-01-30 06:15:09 | INFO     | [lf.flight.extracted] SM983 on 08FEB: BKG=155, LF=86.6%
[LF] SM983 08FEB: BKG=155, GRP=135, CAP=179, LF%=86.6%, Brd-Off=CAI-YNB, Classes: P:135, W:9, S:9, G:2
2026-01-30 06:15:13 | INFO     | [lf.flight.extracted] SM985 on 08FEB: BKG=175, LF=97.8%
[LF] SM985 08FEB: BKG=175, GRP=175, CAP=179, LF%=97.8%, Brd-Off=CAI-YNB, Classes: P:175
[LF] Getting WEEKLY/LASTSOLD data for 4 flights
[LF] SM981 08FEB: LASTSOLD=2026-01-13 00:00:00, WEEKLY=0, TODAY=0, YDAY=0
[LF] SM441 08FEB: LASTSOLD=2026-01-29 00:00:00, WEEKLY=9, TODAY=0, YDAY=3
[LF] SM983 08FEB: LASTSOLD=2026-01-30 00:00:00, WEEKLY=16, TODAY=2, YDAY=0
[LF] SM985 08FEB: LASTSOLD=2026-01-26 00:00:00, WEEKLY=2, TODAY=0, YDAY=0
2026-01-30 06:15:24 | INFO     | [SUCCESS] Day 08FEB
2026-01-30 06:15:24 | INFO     | [DAY_START] Processing 07FEB
[LF] Processing CAI-YNB for 07FEB
2026-01-30 06:15:24 | INFO     | [lf.day.start] Processing CAI-YNB for 07FEB
[LF] Sending SN command: SN07FEBCAIYNB/ASM
[LF] 07FEB: found 1 direct flights
2026-01-30 06:15:25 | INFO     | [lf.day.flights_found] Found 1 flights on 07FEB
2026-01-30 06:15:27 | INFO     | [lf.flight.extracted] SM441 on 07FEB: BKG=170, LF=95.0%
[LF] SM441 07FEB: BKG=170, GRP=135, CAP=179, LF%=95.0%, Brd-Off=CAI-YNB, Classes: P:135, U:15, X:7, T:3, W:1, S:2, G:1, V:5, K:1
[LF] Getting WEEKLY/LASTSOLD data for 1 flights
[LF] SM441 07FEB: LASTSOLD=2026-01-29 00:00:00, WEEKLY=6, TODAY=0, YDAY=2
2026-01-30 06:15:31 | INFO     | [SUCCESS] Day 07FEB
2026-01-30 06:15:31 | INFO     | [DAY_START] Processing 06FEB
[LF] Processing CAI-YNB for 06FEB
2026-01-30 06:15:31 | INFO     | [lf.day.start] Processing CAI-YNB for 06FEB
[LF] Sending SN command: SN06FEBCAIYNB/ASM
[LF] 06FEB: found 1 direct flights
2026-01-30 06:15:32 | INFO     | [lf.day.flights_found] Found 1 flights on 06FEB
2026-01-30 06:15:34 | INFO     | [lf.flight.extracted] SM441 on 06FEB: BKG=154, LF=86.0%
[LF] SM441 06FEB: BKG=154, GRP=125, CAP=179, LF%=86.0%, Brd-Off=CAI-YNB, Classes: P:125, O:5, U:5, X:3, T:4, W:12
[LF] Getting WEEKLY/LASTSOLD data for 1 flights
[LF] SM441 06FEB: LASTSOLD=2026-01-26 00:00:00, WEEKLY=6, TODAY=0, YDAY=0
2026-01-30 06:15:37 | INFO     | [SUCCESS] Day 06FEB
2026-01-30 06:15:37 | INFO     | [DAY_START] Processing 05FEB
[LF] Processing CAI-YNB for 05FEB
2026-01-30 06:15:37 | INFO     | [lf.day.start] Processing CAI-YNB for 05FEB
[LF] Sending SN command: SN05FEBCAIYNB/ASM
[LF] 05FEB: found 1 direct flights
2026-01-30 06:15:39 | INFO     | [lf.day.flights_found] Found 1 flights on 05FEB
2026-01-30 06:15:41 | INFO     | [lf.flight.extracted] SM441 on 05FEB: BKG=62, LF=34.6%
[LF] SM441 05FEB: BKG=62, GRP=0, CAP=179, LF%=34.6%, Brd-Off=CAI-YNB, Classes: I:25, O:15, U:1, X:10, T:1, W:3, S:6, K:1
[LF] Getting WEEKLY/LASTSOLD data for 1 flights
[LF] SM441 05FEB: LASTSOLD=2026-01-29 00:00:00, WEEKLY=39, TODAY=0, YDAY=9
2026-01-30 06:15:45 | INFO     | [SUCCESS] Day 05FEB
2026-01-30 06:15:45 | INFO     | [DAY_START] Processing 04FEB
[LF] Processing CAI-YNB for 04FEB
2026-01-30 06:15:45 | INFO     | [lf.day.start] Processing CAI-YNB for 04FEB
[LF] Sending SN command: SN04FEBCAIYNB/ASM
[LF] 04FEB: found 1 direct flights
2026-01-30 06:15:46 | INFO     | [lf.day.flights_found] Found 1 flights on 04FEB
2026-01-30 06:15:48 | INFO     | [lf.flight.extracted] SM441 on 04FEB: BKG=45, LF=25.1%
[LF] SM441 04FEB: BKG=45, GRP=0, CAP=179, LF%=25.1%, Brd-Off=CAI-YNB, Classes: I:10, O:10, U:7, X:4, W:4, S:9, G:1
[LF] Getting WEEKLY/LASTSOLD data for 1 flights
[LF] SM441 04FEB: LASTSOLD=2026-01-29 00:00:00, WEEKLY=15, TODAY=0, YDAY=4
2026-01-30 06:15:52 | INFO     | [SUCCESS] Day 04FEB
2026-01-30 06:15:52 | INFO     | [DAY_START] Processing 03FEB
[LF] Processing CAI-YNB for 03FEB
2026-01-30 06:15:52 | INFO     | [lf.day.start] Processing CAI-YNB for 03FEB
[LF] Sending SN command: SN03FEBCAIYNB/ASM
[LF] 03FEB: found 1 direct flights
2026-01-30 06:15:54 | INFO     | [lf.day.flights_found] Found 1 flights on 03FEB
2026-01-30 06:15:56 | INFO     | [lf.flight.extracted] SM441 on 03FEB: BKG=32, LF=18.2%
[LF] SM441 03FEB: BKG=32, GRP=0, CAP=176, LF%=18.2%, Brd-Off=CAI-YNB, Classes: N:1, X:10, T:7, W:7, S:7
[LF] Getting WEEKLY/LASTSOLD data for 1 flights
[LF] SM441 03FEB: LASTSOLD=2026-01-28 00:00:00, WEEKLY=21, TODAY=0, YDAY=0
2026-01-30 06:15:59 | INFO     | [SUCCESS] Day 03FEB
2026-01-30 06:15:59 | INFO     | [DAY_START] Processing 02FEB
[LF] Processing CAI-YNB for 02FEB
2026-01-30 06:15:59 | INFO     | [lf.day.start] Processing CAI-YNB for 02FEB
[LF] Sending SN command: SN02FEBCAIYNB/ASM
[LF] 02FEB: found 1 direct flights
2026-01-30 06:16:00 | INFO     | [lf.day.flights_found] Found 1 flights on 02FEB
2026-01-30 06:16:02 | INFO     | [lf.flight.extracted] SM441 on 02FEB: BKG=42, LF=23.5%
[LF] SM441 02FEB: BKG=42, GRP=0, CAP=179, LF%=23.5%, Brd-Off=CAI-YNB, Classes: O:9, U:9, X:1, T:1, W:3, S:12, G:7
[LF] Getting WEEKLY/LASTSOLD data for 1 flights
[LF] SM441 02FEB: LASTSOLD=2026-01-29 00:00:00, WEEKLY=24, TODAY=0, YDAY=1
2026-01-30 06:16:06 | INFO     | [SUCCESS] Day 02FEB
2026-01-30 06:16:06 | INFO     | [DAY_START] Processing 01FEB
[LF] Processing CAI-YNB for 01FEB
2026-01-30 06:16:06 | INFO     | [lf.day.start] Processing CAI-YNB for 01FEB
[LF] Sending SN command: SN01FEBCAIYNB/ASM
[LF] 01FEB: found 1 direct flights
2026-01-30 06:16:07 | INFO     | [lf.day.flights_found] Found 1 flights on 01FEB
2026-01-30 06:16:09 | INFO     | [lf.flight.extracted] SM441 on 01FEB: BKG=82, LF=45.8%
[LF] SM441 01FEB: BKG=82, GRP=0, CAP=179, LF%=45.8%, Brd-Off=CAI-YNB, Classes: I:5, O:5, U:15, X:18, W:2, S:9, G:17, L:11
[LF] Getting WEEKLY/LASTSOLD data for 1 flights
[LF] SM441 01FEB: LASTSOLD=2026-01-29 00:00:00, WEEKLY=44, TODAY=0, YDAY=11
2026-01-30 06:16:14 | INFO     | [SUCCESS] Day 01FEB
2026-01-30 06:16:14 | INFO     | [DAY_START] Processing 31JAN
[LF] Processing CAI-YNB for 31JAN
2026-01-30 06:16:14 | INFO     | [lf.day.start] Processing CAI-YNB for 31JAN
[LF] Sending SN command: SN31JANCAIYNB/ASM
[LF] 31JAN: found 1 direct flights
2026-01-30 06:16:15 | INFO     | [lf.day.flights_found] Found 1 flights on 31JAN
2026-01-30 06:16:17 | INFO     | [lf.flight.extracted] SM441 on 31JAN: BKG=98, LF=54.8%
[LF] SM441 31JAN: BKG=98, GRP=23, CAP=179, LF%=54.8%, Brd-Off=CAI-YNB, Classes: P:23, O:2, X:1, W:11, S:28, G:16, L:6, V:4, K:4, Q:3
[LF] Getting WEEKLY/LASTSOLD data for 1 flights
[LF] SM441 31JAN: LASTSOLD=2026-01-29 00:00:00, WEEKLY=43, TODAY=0, YDAY=6
2026-01-30 06:16:22 | INFO     | [SUCCESS] Day 31JAN
[LF] Skipping 30JAN (Today) - will be processed by supplement scan
[LF] Results summary:
  2026-02-08: 4 flights
  2026-02-07: 1 flights
  2026-02-06: 1 flights
  2026-02-05: 1 flights
  2026-02-04: 1 flights
  2026-02-03: 1 flights
  2026-02-02: 1 flights
  2026-02-01: 1 flights
  2026-01-31: 1 flights
2026-01-30 06:16:22 | INFO     | [SUCCESS] LF Search Complete

============================================================
[Worker_9233] ✓ COMPLETED: CAI-YNB
  Results: 9 dates
  Errors: 0 dates
  Total Processed: 77 groups
============================================================

2026-01-30 06:16:22 | INFO     | [Worker_9233] Completed: CAI-YNB - 9 results, 0 errors
[Worker_9233] Waiting for tasks...

============================================================
[Worker_9233] Shutdown signal received
Exiting...
============================================================
2026-01-30 06:21:42 | INFO     | [Worker_9233] Shutdown signal received, exiting...

============================================================
[Worker_9233] FINISHED
  Total Groups Processed: 77
============================================================

2026-01-30 06:21:42 | INFO     | [Worker_9233] Finished. Processed 77 groups.
